owner_name,normalized_owner_name,acres,parcel_count,counties,mailing_addresses,discovery_method,relationship_evidence,classification,confidence,notes
PARADISE VALLEY RANCH LLC,PARADISE VALLEY RANCH LLC,9525.114,47,Park,PO BOX 318 EMIGRANT MT 59027-0318,broad_owner_fragment:PARADISE; exact_normalized_confirmed_address; exact_normalized_seed; specific_owner_keyword:PARADISE VALLEY RANCH,Official AMB West page says Arthur Blank purchased PVR in 2019; cadastral owner uses AMB West's shared PO Box 318 Emigrant address.,Confirmed,high,"Current owner-name, address and authoritative AMB/agency evidence agree."
MOUNTAIN SKY GUEST RANCH LLC,MOUNTAIN SKY GUEST RANCH LLC,7660.564,51,Park,MAIL TO YANCEY ARTEBURN PO BOX 1219 EMIGRANT MT 59027-1219 | MAIL TO YANCY ARTERBURN GENERAL MANAGER PO BOX 1219 EMIGRANT MT 59027-1219 | MAIL TO: Dylan King PO BOX 1219 EMIGRANT MT 59027-1219 | MAIL TO: YANCEY ARTEBURN PO BOX 1219 EMIGRANT MT 59027-1219 | PO BOX 1219 EMIGRANT MT 59027-1219,broad_owner_fragment:MOUNTAIN SKY; exact_normalized_confirmed_address; exact_normalized_seed; specific_owner_keyword:MOUNTAIN SKY,Official AMB West page says Arthur Blank purchased Mountain Sky in 2001; current Montana Water Court records also jointly identify Arthur M. Blank and Mountain Sky Guest Ranch LLC.,Confirmed,high,"Current owner-name, address and authoritative AMB/agency evidence agree."
WEST CREEK RANCH LLC,WEST CREEK RANCH LLC,6647.842,20,Park,PO BOX 318 EMIGRANT MT 59027-0318,broad_owner_fragment:WEST CREEK; exact_normalized_confirmed_address; exact_normalized_seed; specific_owner_keyword:WEST CREEK,Official AMB West page says Arthur Blank purchased West Creek in 2017; cadastral owner uses AMB West's shared PO Box 318 Emigrant address.,Confirmed,high,"Current owner-name, address and authoritative AMB/agency evidence agree."
RANCH AT DOME MOUNTAIN LLC,RANCH AT DOME MOUNTAIN LLC,5319.822,22,Park,3223 HOWELL MILL RD NW ATLANTA GA 30327-4105,broad_owner_fragment:DOME; exact_normalized_confirmed_address; exact_normalized_seed; specific_owner_keyword:DOME MOUNTAIN,Official AMB West pages identify Auster/Ranch at Dome Mountain as Blank's fourth property; cadastral owner uses the Blank organization Atlanta address.,Confirmed,high,"Current owner-name, address and authoritative AMB/agency evidence agree."
MOUNTAIN SKY GUEST RANCH,MOUNTAIN SKY GUEST RANCH,200.21,2,Park,MAIL TO YANCEY ARTEBURN PO BOX 1219 EMIGRANT MT 59027-1219,broad_owner_fragment:MOUNTAIN SKY; exact_normalized_confirmed_address; exact_normalized_seed; specific_owner_keyword:MOUNTAIN SKY,Punctuation/suffix variant of Mountain Sky Guest Ranch at the identical PO Box 1219 Emigrant ranch-management address.,Confirmed,high,"Current owner-name, address and authoritative AMB/agency evidence agree."
BLANK ARTHUR M,BLANK ARTHUR M,8.475,1,Park,3223 HOWELL MILL RD NW ATLANTA GA 30327-4105,broad_owner_fragment:BLANK; exact_normalized_confirmed_address; exact_normalized_seed,Direct Arthur M. Blank cadastral ownership at the same 3223 Howell Mill Road Atlanta address as Ranch at Dome Mountain LLC.,Confirmed,high,"Current owner-name, address and authoritative AMB/agency evidence agree."
USDA FOREST SERVICE,USDA FOREST SERVICE,8773925.163,16655,Beaverhead | Broadwater | Carbon | Carter | Cascade | Chouteau | Deer Lodge | Fergus | Glacier | Golden Valley | Granite | Jefferson | Judith Basin | Lewis and Clark | Madison | Meagher | Mineral | Park | Pondera | Powder River | Powell | Rosebud | Sanders | Teton | Wheatland,"1255 22ND ST NW STE 501 WASHINGTON DC 20037-1269 | 1310 MAIN ST BILLINGS MT 59105-1786 | 1569 MT HIGHWAY 200 E LINCOLN MT 59639-9549 | 1820 MEADOWLARK LN BUTTE MT 59701-6816 | 200 E BROADWAY ST MISSOULA MT 59802-4530 | 200 E BROADWAY ST MISSOULA MT 59802-4568 | 24 FORT MISSOULA RD MISSOULA MT 59801-7203 | 26 FORT MISSOULA RD MISSOULA MT 59804-7203 | 2705 SPURGIN RD MISSOULA MT 59804-3111 | 2880 SKYWAY DR HELENA MT 59602-1230 | 415 S FRONT ST TOWNSEND MT 59644-2813 | 420 BARRETT ST DILLON MT 59725-3588 | ATT LANDS PO BOX 130 BOZEMAN MT 59771-0130 | ATTN OFF OF REGIONAL FORESTER PO BOX 7669 MISSOULA MT 59807-7669 | BLDG 24 FORT MISSOULA RD MISSOULA MT 59804 | GENERAL DELIVERY ENNIS MT 59729-9999 | GENERAL DELIVERY HELENA MT 59601-9999 | GENERAL DELIVERY MISSOULA MT 59801-9999 | LOCAL BOX VIRGINIA CITY MT 59755 | MAIL TO : OFF OF REG FORESTER PO BOX 7669 MISSOULA MT 59807-7669 | MAIL TO REGIONAL FORESTER PO BOX 7669 MISSOULA MT 59807-7669 | MAIL TO: OFF OF REG FOREST PO BOX 7669 MISSOULA MT 59807-7669 | MAIL TO: OFF OF REG FORESTER MISSOULA MT 59807-7669 | MAIL TO: OFF OF REG FORESTER PO BOX 7669 MISSOULA MT 59807 | MAIL TO: OFF OF REG FORESTER PO BOX 7669 MISSOULA MT 59807-7669 | MAIL TO: OFF OF REGIONAL FORESTER MISSOULA MT 59807-7669 | MAIL TO: OFF of REG FORESTER PO BOX 7669 MISSOULA MT 59807-7669 | MAIL TO: OFF. OF REG. FORESTER PO BOX 7669 MISSOULA MT 59807-7669 | MAIL TO: OFFICE OF FORESTERS PO BOX 7669 MISSOULA MT 59807-7669 | MAIL TO: REGIONAL FORESTER PO BOX 7669 MISSOULA MT 59807-7669 | NORTHER REG. HQTRS. MISSOULA MT 59801 | NORTHERN REG HQTR MISSOULA MT 59801 | NORTHERN REG HQTRS GENERAL DELIVERY MISSOULA MT 59801-9999 | NORTHERN REG HQTRS MISSOULA MT 59801 | NORTHERN REGION HEADQUARTERS GENERAL DELIVERY MISSOULA MT 59801-9999 | NORTHERN REGION HEADQUARTERS MISSOULA MT 59801 | NORTHERN REGION PO BOX 7669 MISSOULA MT 59807-7669 | NORTHERN REGIONAL HEADQUARTERS MISSOULA MT 59801 | NOTTHERN REGIONAL HEADQUARTERS MISSOULA MT 59801 | OFFIC OF NORTHERN REG FORESTER NORTHERN REG HQTRS MISSOULA MT 59801 | OFFIC OF REGIONAL FORESTER NORTHERN REGIONAL HEADQUARTERS MISSOULA MT 59801-0000 | OFFICE OF FORESTERS PO BOX 7669 MISSOULA MT 59807-7669 | OFFICE OF NORTH REG FORESTER NORTHERN REG HQTRS MISSOULA MT 59801 | OFFICE OF REGIIONAL FORESTER NORTHERN REG HQTRS MISSOULA MT 59801 | OFFICE OF REGINAL FORESTER NORTHERN REG HQTRS MISSOULA MT 59801 | OFFICE OF REGIOAL FORESTER NORTHERN REGIONAL HEADQUARTERS MISSOULA MT 59801 | OFFICE OF REGIONAL FORESTE NORTHERN REG HQTRS MISSOULA MT 59801 | OFFICE OF REGIONAL FORESTER - NORTHERN REGIONAL HEADQUARTERS MISSOULA MT 59801 | OFFICE OF REGIONAL FORESTER MISSOULA MT 59801 | OFFICE OF REGIONAL FORESTER MORTHERN REG. HQTRS MISSOULA MT 59801 | OFFICE OF REGIONAL FORESTER NARTHERN REG HQTRS MISSOULA MT 59801 | OFFICE OF REGIONAL FORESTER NOETHERN REGIONAL HEADQUARTERS MISSOULA MT 59801 | OFFICE OF REGIONAL FORESTER NORHTERN REG HQTRS MISSOULA MT 59801 | OFFICE OF REGIONAL FORESTER NORHTERN REGIONAL HEADQUARTERS MISSOULA MT 59801 | OFFICE OF REGIONAL FORESTER NORTERN REG HQTRS MISSOULA MT 59801-0000 | OFFICE OF REGIONAL FORESTER NORTERN REGIONAL HEADQUARTERS MISSOULA MT 59801-0000 | OFFICE OF REGIONAL FORESTER NORTHEN REG HQTRS MISSOULA MT 59801 | OFFICE OF REGIONAL FORESTER NORTHER REG HQTRS MISSOULA MT 59801 | OFFICE OF REGIONAL FORESTER NORTHER REGINAL HQTRS MISSOULA MT 59801 | OFFICE OF REGIONAL FORESTER NORTHERN HEADQUARTERS MISSOULA MT 59801-0000 | OFFICE OF REGIONAL FORESTER NORTHERN REG HDQTRS MISSOUL MT 59801 | OFFICE OF REGIONAL FORESTER NORTHERN REG HDQTRS MISSOULA MT 59801 | OFFICE OF REGIONAL FORESTER NORTHERN REG HEADQUARTERS MISSOULA MT 59801 | OFFICE OF REGIONAL FORESTER NORTHERN REG HGTRS MISSOULA MT 59801 | OFFICE OF REGIONAL FORESTER NORTHERN REG HQTERS MISSOULA MT 59801 | OFFICE OF REGIONAL FORESTER NORTHERN REG HQTRS GENERAL DELIVERY MISSOULA MT 59801-9999 | OFFICE OF REGIONAL FORESTER NORTHERN REG HQTRS MISSOULA MT 59601 | OFFICE OF REGIONAL FORESTER NORTHERN REG HQTRS MISSOULA MT 59801 | OFFICE OF REGIONAL FORESTER NORTHERN REG HQTRS MISSOULA MT 59801-0000 | OFFICE OF REGIONAL FORESTER NORTHERN REG HQTRS PO BOX 7669 MISSOULA MT 59807-7669 | OFFICE OF REGIONAL FORESTER NORTHERN REG HTQRS MISSOULA MT 59801 | OFFICE OF REGIONAL FORESTER NORTHERN REG. HQTRS MISSOULA MT 59801 | OFFICE OF REGIONAL FORESTER NORTHERN REG. HQTRS. MISSOULA MT 59801 | OFFICE OF REGIONAL FORESTER NORTHERN REGION HEADQUARTERS MISSOULA MT 59801 | OFFICE OF REGIONAL FORESTER NORTHERN REGION HQTRS MISSOULA MT 59801 | OFFICE OF REGIONAL FORESTER NORTHERN REGIONA HQTRS MISSOULA MT 59801 | OFFICE OF REGIONAL FORESTER NORTHERN REGIONAL HEADQARTERS MISSOULA MT 59801-0000 | OFFICE OF REGIONAL FORESTER NORTHERN REGIONAL HEADQUARERS MISSOULA MT 59801 | OFFICE OF REGIONAL FORESTER NORTHERN REGIONAL HEADQUARTERS BILLINGS MT 59101 | OFFICE OF REGIONAL FORESTER NORTHERN REGIONAL HEADQUARTERS HELENA MT 59801 | OFFICE OF REGIONAL FORESTER NORTHERN REGIONAL HEADQUARTERS MISSOUILA MT 59801 | OFFICE OF REGIONAL FORESTER NORTHERN REGIONAL HEADQUARTERS MISSOULA MT 58010 | OFFICE OF REGIONAL FORESTER NORTHERN REGIONAL HEADQUARTERS MISSOULA MT 59401-0000 | OFFICE OF REGIONAL FORESTER NORTHERN REGIONAL HEADQUARTERS MISSOULA MT 59410-0000 | OFFICE OF REGIONAL FORESTER NORTHERN REGIONAL HEADQUARTERS MISSOULA MT 59601 | OFFICE OF REGIONAL FORESTER NORTHERN REGIONAL HEADQUARTERS MISSOULA MT 59801 | OFFICE OF REGIONAL FORESTER NORTHERN REGIONAL HEADQUARTERS MISSOULA MT 59801-0000 | OFFICE OF REGIONAL FORESTER NORTHERN REGIONAL HEADQUARTERS MISSOULA MT 59801-0001 | OFFICE OF REGIONAL FORESTER NORTHERN REGIONAL HEADQUARTERS MISSOULA MT 59810 | OFFICE OF REGIONAL FORESTER NORTHERN REGIONAL HEADQUARTERS MISSOULA MT 59810-0000 | OFFICE OF REGIONAL FORESTER NORTHERN REGIONAL HEADQUARTETS MISSOULA MT 59801 | OFFICE OF REGIONAL FORESTER NORTHERN REGIONAL HEADQUATERS MISSOULA MT 59801 | OFFICE OF REGIONAL FORESTER NORTHERN REGIONAL HEAQUARTERS MISSOULA MT 59801 | OFFICE OF REGIONAL FORESTER NORTHERN REGIONAL HQTRS MISSOULA MT 59801 | OFFICE OF REGIONAL FORESTER NORTHERN REGIONAL HWADQUARTERS MISSOULA MT 59801-0000 | OFFICE OF REGIONAL FORESTER NORTHERN REGIONALHEADQUARTERS MISSOULA MT 59801 | OFFICE OF REGIONAL FORESTER NORTHRN REGIONAL HEADQUARTERS MISSOULA MT 59801-0000 | OFFICE OF REGIONAL FORESTER NOTHERN REG HQTRS MISSOULA MT 59801 | OFFICE OF REGIONAL FORESTR NORTHERN REG HQTRS MISSOULA MT 59801 | OFFICE OF REGIONAL FORRESTER NORTHERN REGIONAL HEADQUARTERS MISSOULA MT 59801-0000 | OFFICE OF REGIONAL FORSESTER NORTHERN REGIONAL HEADQUARTERS MISSOULA MT 59801-0000 | OFFICE OF REGIONAL FPRESTER NORTHERN REGIONAL HEADQUARTERS MISSOULA MT 59801 | OFFICE OF REGIONALFORESTER NORTHERN REGIONAL HEADQUARTERS MISSOULA MT 59801-0000 | OFFICE OF RGIONAL FORESTER NORTHERN REG. HQTRS. MISSOULA MT 59801 | OFFICE OF THE REGIONAL FORESTER NORTHERN HEADQUARTERS MISSOULA MT 59801 | OFFICE OR REGIONAL FORESTER NORTHERN REGIONAL HEADQUARTERS MISSOULA MT 59801-0000 | OFFICE REGIONAL FORESTER NORTHERN REG HQTRS MISSOULA MT 59801 | OFFICE REGIONAL FORESTER NORTHERN REG, HQTRS. MISSOULA MT 59801 | OFFICE REGIONAL FORESTER NORTHERN REG. HQTRS MISSOULA MT 59801 | OFFICE REGIONAL FORESTER NORTHERN REGIONAL HEADQUARTERS MISSOULA MT 59801 | OFFICE RGIONAL FORESTER NORTHERN REG. HQTRS MISSOULA MT 59801 | OFICE OF REGIONAL FORESTER NORTHERN REGIONAL HEADQUARTERS MISSOULA MT 59801-0000 | PO BOX 10014 HELENA MT 59626-0014 | PO BOX 130 BOZEMAN MT 59771-0130 | PO BOX 3 MISSOULA MT 59806-0003 | PO BOX 37 CAMP CROOK SD 57724-0037 | PO BOX 400 BUTTE MT 59703-0400 | PO BOX 623 SUPERIOR MT 59872-0623 | PO BOX 669 SUPERIOR MT 59872-0669 | PO BOX 7669 MISSOULA MT 59807-7669 | PO BOX 7699 MISSOULA MT 59807-7699 | PO BOX 869 GREAT FALLS MT 59403-0869 | REGIONAL FORESTER NORTHERN REGIONAL HEADQUARTERS MISSOULA MT 59801 | USDA FOREST SERVICE GENERAL DELIVERY MISSOULA MT 59801-9999 | USDA FOREST SERVICE OFFICE OF REGIONAL FORESTER NORTHERN REGIONAL HEADQUARTERS MISSOULA MT 59801",geographic_adjoining_or_within_10m; geographic_within_one_mile; geography_stats:near=33;adjoining=16;min_m=0.0,"Cadastral geometry adjoins a confirmed ranch, but no name/address/corporate evidence links it to AMB West.",Rejected / unrelated,rejected,Neighboring ownership is not beneficial ownership; distinct owner remains excluded.
USDI BUREAU OF LAND MANAGEMENT,USDI BUREAU OF LAND MANAGEMENT,5579613.86,18045,Beaverhead | Big Horn | Blaine | Carter | Custer | Dawson | Deer Lodge | Garfield | Golden Valley | Jefferson | Judith Basin | Lewis and Clark | Madison | McCone | Park | Petroleum | Phillips | Prairie | Richland | Roosevelt | Sheridan | Treasure | Valley | Wheatland | Wibaux,1005 SELWAY DR DILLON MT 59725-8449 | 111 GARRYOWEN RD MILES CITY MT 59301-7000 | 5001 SOUTHGATE DR BILLINGS MT 59101-4669 | 5001 SOUTHGATE DR OFC MONTANA BILLINGS MT 59101-4669 | MAIL TO MONTANA STATE OFFICE 5001 SOUTHGATE DR BILLINGS MT 59101-4669 | MAIL TO MT STATE OFFICE 5001 SOUTHGATE DR BILLINGS MT 59101-4669 | MAIL TO: BLM MONTANA ST OFFICE 5001 SOUTHGATE DR BILLINGS MT 59101-4669 | MONTANA OFFICE 5001 SOUTHGATE DR BILLINGS MT 59101-4669 | MONTANA STATE OFFFICE 5001 SOUTHGATE DR BILLINGS MT 59101-4669 | MONTANA STATE OFFICE - 5001 SOUTHGATE DR BILINGS MT 59101 | MONTANA STATE OFFICE - 5001 SOUTHGATE DR BILLINGS MT 59101-4669 | MONTANA STATE OFFICE - 5001 SOUTHGATE DRIVE BILLINGS MT 59101 | MONTANA STATE OFFICE 5001 SOUTHGATE DR BILINGS MT 59101 | MONTANA STATE OFFICE 5001 SOUTHGATE DR BILLINGS MT 59101 | MONTANA STATE OFFICE 5001 SOUTHGATE DR BILLINGS MT 59101-4669 | MONTANA STATE OFFICE 5001 SOUTHGATE DR. MISSOULA MT 59801 | MONTANA STATE OFFICE 500L SOUTHGATE DR BILLINGS MT 59101-4667 | MONTANA STATE OFFICE BILLINGS MT 59101 | MONTANA STATE OFFICE- 5001 SOUTHGATE DRIVE BILLINGS MT 59101 | MONTANA STATE OFFIE 5001 SOUTHGATE DR BILLINGS MT 59101-4669 | MT STATE OFFICE 5001 SOUTHGATE DR BILLINGS MT 59101-4669 | PO BOX 1 POPLAR MT 59255-0001 | PO BOX H BOULDER MT 59632-0249 | STATE LANDS 1625 11TH AVE HELENA MT 59601-4600 | USDI BUREAU OF LAND MANAGEMENT 5001 SOUTHGATE DR BILLINGS MT 59101-4669 | USDI BUREAU OF LAND MANAGEMENT MONTANA STATE OFFICE 5001 SOUTHGATE DR BILLINGS MT 59101-4669 | USDI BUREAU OF LAND MANAGEMENT MONTANA STATE OFFICE BILLINGS MT 59101-4669 | USDI OF LAND MANAGEMENT 5001 SOUTHGATE DR BILLINGS MT 59101-4669,geographic_adjoining_or_within_10m; geographic_within_one_mile; geography_stats:near=10;adjoining=9;min_m=0.0,"Cadastral geometry adjoins a confirmed ranch, but no name/address/corporate evidence links it to AMB West.",Rejected / unrelated,rejected,Neighboring ownership is not beneficial ownership; distinct owner remains excluded.
STATE OF MONTANA,STATE OF MONTANA,4263283.628,12218,Beaverhead | Big Horn | Blaine | Broadwater | Carbon | Carter | Cascade | Chouteau | Custer | Daniels | Dawson | Deer Lodge | Fallon | Fergus | Flathead | Gallatin | Garfield | Glacier | Golden Valley | Granite | Hill | Jefferson | Judith Basin | Lake | Lewis and Clark | Liberty | Lincoln | Madison | McCone | Meagher | Mineral | Missoula | Musselshell | Park | Petroleum | Phillips | Pondera | Powder River | Powell | Prairie | Ravalli | Richland | Roosevelt | Rosebud | Sanders | Sheridan | Silver Bow | Stillwater | Sweet Grass | Teton | Toole | Treasure | Valley | Wheatland | Wibaux | Yellowstone,"% ACE STORAGE LLC 1300 STONEGATE DR BOZEMAN MT 59715-2106 | % CHASE-SKOGEN CONSTRUCTION CO 2246 BOOT HILL CT STE 1 BOZEMAN MT 59715-7248 | % RAINBOW INVESTMENTS INC 2000 INTERNATIONAL WAY IDAHO FALLS ID 83402-4917 | % SUMMIT STORAGE II LLC 3730 MEADOW LN LAFAYETTE CA 94549-3036 | %BLACKRIDGE COMPANIES LLC 1450 TWIN LAKES AVE STE 201 BOZEMAN MT 59718-5427 | %BOZEMAN LAND INVESTORS LLC 1450 TWIN LAKES AVE STE 201 BOZEMAN MT 59718-5427 | %BOZEMAN TRAX PARTNERS LLC 5148 US HIGHWAY 89 S LIVINGSTON MT 59047-9134 | %CHOICE AVIATION LLC 35 RUNWAY RD ENNIS MT 59729-8978 | %ENERGY WEST MONTANA 1 1ST AVE S GREAT FALLS MT 59401-3633 | %GC PROPERTIES LLC 1276 N 15TH AVE STE 103 BOZEMAN MT 59715-3289 | %MC MOTEL INC 1276 N 15TH AVE STE 103 BOZEMAN MT 59715-3289 | %SPACE BANK LTD 3202 E FOOTHILL BLVD PASADENA CA 91107-3109 | 1 HELENA MT 59601 | 1018 7TH ST S GREAT FALLS MT 59405-4307 | 1100 N LAST CHANCE GULCH ST HELENA MT 59601-2904 | 1300 MAGUIRE RD ANACONDA MT 59711-9627 | 1420 E 6TH AVE HELENA MT 59601-3871 | 1420 E 6TH AVE HELENA MT 59601-4556 | 1420 E 6TH AVE HELENA MT 59620-0701 | 1500 N 30TH ST BILLINGS MT 59101-0245 | 1539 11TH AVE HELENA MT 59601-4566 | 1625 11 AVE PO BOX 201601 HELENA MT 59620-1601 | 1625 111 AVE HELENA MT 59620-1601 | 1625 111 AVE PO BOX 201601 HELENA MT 59601 | 1625 111 AVE PO BOX 201601 HELENA MT 59620-1601 | 1625 11TH AVE HELENA MT 59601-4600 | 1625 11TH AVE HELENA MT 59601-4640 | 1625 11TH AVE PO BOX 201601 HELENA MT 59620-1601 | 1625 11TH AVE STATE LANDS HELENA MT 59601-4600 | 1625 ELEVENTH AVE STATE LANDS HELENA MT 59601 | 201 W MAIN ST SIDNEY MT 59270-4035 | 201 W MAIN ST SIDNEY MT 59270-4053 | 2260 SIERRA RD E HELENA MT 59602-8836 | 2535 SAINT JOHNS AVE BILLINGS MT 59102-4652 | 2701 N MONTANA AVE HELENA MT 59601-0546 | 2701 PROSPECT AVE DEPT OF HELENA MT 59601-9726 | 2701 PROSPECT AVE DEPT OF HWYS HELENA MT 59601 | 2701 PROSPECT AVE HELENA MT 59601-9726 | 2701 PROSPECT AVE HELENA MT 59601-9746 | 2701 PROSPECT AVE PO BOX 2010 HELENA MT 59620 | 2701 PROSPECT AVE PO BOX 201001 HELENA MT 59601-1001 | 2701 PROSPECT AVE PO BOX 201001 HELENA MT 59620-1001 | 2701 PROSPECT AVE STATE HWY COMMISSION HELENA MT 59601 | 2701 PROSPECT PO BOX 201001 HELENA MT 59620-1001 | 2701 PROSPECT RD PO BOX 20101 HELENA MT 59620 | 2705 SPURGIN RD MISSOULA MT 59804-3111 | 2801 PROSPECT AVE HELENA MT 59601-9726 | 32 CAMPUS DR MISSOULA MT 59812-0001 | 420 E 6TH AVE HELENA MT 59601-4390 | 50 AIRPORT RD LEWISTOWN MT 59457-8013 | 655 TIMBERWOLF PKWY STE 1 KALISPELL MT 59901-1215 | 800 CASINO CREEK DR LEWISTOWN MT 59457-3359 | 821 17TH ST N GREAT FALLS MT 59403-1397 | 8214 OREILLY DR HELENA MT 59602 | 930 W CUSTER AVE HELENA MT 59602-0227 | AD% DEPT OF FORESTRY 2705 SPURGIN RD MISSOULA MT 59804-3111 | AD% DEPT OF HIGHWAYS 2701 PROSPECT AVE HELENA MT 59601-9726 | AD% DEPT OF HWYS 2701 PROSPECT AVE HELENA MT 59601-9726 | AD% DEPT OF HWYS PO BOX 201001 HELENA MT 59620-1001 | AD% DNRC PO BOX 201601 HELENA MT 59620-1601 | AD% EMPLOYMENT SECURITY 427 1ST AVE E KALISPELL MT 59901-4937 | AD% FISH & GAME DEPT 1420 E 6TH AVE HELENA MT 59601-4556 | AD% FISH,WILDLIFE & PARKS 1420 E 6TH AVE PO BOX 200701 HELENA MT 59620-0701 | AD% LAND UNIT PO BOX 200701 HELENA MT 59620-0701 | AD% MT DEPT HWYS 2701 PROSPECT AVE HELENA MT 59601-9726 | AD% MT VETERANS HOME PO BOX 250 COLUMBIA FLS MT 59912-0250 | AD% RIGHT OF WAY BUREAU 2701 PROSPECT AVE HELENA MT 59601-9726 | ATTN DEPARTMENT OF TRANSPORTATION PO BOX 201001 HELENA MT 59601 | ATTN DNRC 1625 11TH AVE HELENA MT 59601-4600 | ATTN KEVIN CHAPPELL PO BOX 201601 HELENA MT 59620-1601 | ATTN: DEPT OF TRANSPORTATION PO BOX 201001 HELENA MT 59620-1001 | ATTN: LANDS UNIT PO BOX 200701 HELENA MT 59620-0701 | BUREAU OF LANDS HELENA MT 59601 | C/O AMERICAN TOWERS 10 PRESIDENTIAL WAY WOBURN MA 01801-1053 | C/O CHASE SKOGEN CONSTRUCTION INC 2246 BOOTHILL CT STE 1 BOZEMAN MT 59715-7248 | C/O DEPARTMENT OF TRANSPORTATION PO BOX 201001 HELENA MT 59620-1001 | C/O DEPT OF NATURAL RESOURSES PO BOX 201601 HELENA MT 59620 | C/O MT DNRC PO BOX 201601 HELENA MT 59620-1601 | C/O MT FISH WILDLIFE & PARKS PO BOX 200701 HELENA MT 59620-0701 | CAPITAL BLDG HELENA MT 59601 | CAPITAL BLDG HELENA MT 59620 | CAPITAL BUILDING HELENA MT 59601 | CAPITAL STATION HELENA MT 59601 | CAPITOL BUILDING 1301 E 6TH AVE HELENA MT 59601 | CAPITOL BUILDING HELENA MT 59601 | CAPITOL STATION HELENA MT 59601 | CAPITOL STATION HELENA MT 59620 | DEPARTMENT OF LANDS HELENA MT 59620 | DEPARTMENT OF NATURAL RESOURCES AND CONSERVATION ATTN REAL ESTATE BUREAU PO BOX 201601 HELENA MT 59620-1601 | DEPARTMENT OF STATE LANDS 1625 11TH AVE HELENA MT 59601-4600 | DEPARTMENT OF STATE LANDS 2701 PROSPECT AVE HELENA MT 59601-9746 | DEPARTMENT OF TRANSPORTATION - FC PO BOX 201001 HELENA MT 59620-1001 | DEPARTMENT OF TRANSPORTATION HELENA MT 59601 | DEPARTMENT OF TRANSPORTATION PO BOX 201001 HELENA MT 59620-1001 | DEPT FISH, WILDLIFE & PKS 1420 E 6TH AVE HELENA MT 59601-3871 | DEPT HWY HELENA MT 59601 | DEPT HWYS HELENA MT 59601 | DEPT HYS 2701 PROSPECT AVE HELENA MT 59601-9746 | DEPT OF FISH & GAME HELENA MT 59601 | DEPT OF HIGHWAY 2701 PROSPECT AVE HELENA MT 59601-9726 | DEPT OF HIGHWAYS HELENA MT 59601 | DEPT OF HWY 2701 PROSPECT AVE HELENA MT 59601-9726 | DEPT OF HWY 2701 PROSPECT AVE HELENA MT 59601-9746 | DEPT OF HWY HELENA MT 59601 | DEPT OF HWYS 2701 PROSPECT AVE HELENA MT 59601-9726 | DEPT OF HWYS 2701 PROSPECT AVE HELENA MT 59601-9746 | DEPT OF HWYS HELENA MT 59601 | DEPT OF MILITARY AFFAIRS PO BOX 4789 FORT HARRISON MT 59636-4789 | DEPT OF NATURAL RESOURCES GENERAL DELIVERY HELENA MT 59601 | DEPT OF STATE LANDS 2701 PROSPECT AVE HELENA MT 59601-9746 | DEPT OF STATE LANDS PO BOX 201601 HELENA MT 59620-1601 | DEPT OF TRANSPORTATION GENERAL DELIVERY HELENA MT 59624 | DEPT. OF STATE LANDS 2701 PROSPECT AVE HELENA MT 59601-9746 | DNRC HEADQUARTERS 1625 11TH AVE HELENA MT 59601-4600 | DNRC KALISPELL UNIT 655 TIMBERWOLF PKWY STE 2 KALISPELL MT 59901-1215 | DNRC PO BOX 200701 HELENA MT 59620-0701 | DOT R/W BUREAU PO BOX 201001 HELENA MT 59620-1001 | FACILITIES SERVICES DEPT CAMPUS BLDG 32 MISSOULA MT 59812-0001 | GENERAL DELIVERY BOZEMAN MT 59715 | GENERAL DELIVERY BOZEMAN MT 59718-9999 | GENERAL DELIVERY BUTTE MT 59701-9999 | GENERAL DELIVERY HELENA MT 59601 | GENERAL DELIVERY HELENA MT 59601-9999 | GENERAL DELIVERY HELENA MT 59602 | GENERAL DELIVERY HELENA MT 59620 | GENERAL DELIVERY HELENA MT 59624 | GENERAL DELIVERY LAME DEER MT 59043-9999 | GENERAL DELIVIERY HELENA MT 59601 | HELENA MT 59601 | HELENA MT 59626 | HWY COMMISSION HELENA MT 59601 | HWY DEPT 2701 PROSPECT AVE HELENA MT 59601-9726 | HWY DEPT 2701 PROSPECT AVE HELENA MT 59601-9746 | HWY DEPT HELENA MT 59601 | MAIL TO CITY OF GLENDIVE 300 S MERRILL AVE GLENDIVE MT 59330-1610 | MAIL TO CITY OF LEWISTOWN 305 W WATSON ST LEWISTOWN MT 59457-2961 | MAIL TO CITY OF MALTA PO BOX 1300 MALTA MT 59538-1300 | MAIL TO DEP OF FISH W & PARKS 1420 E 6TH AVE HELENA MT 59601-3871 | MAIL TO DEPT OF HIGHWAYS HELENA MT 59601 | MAIL TO DEPT OF TRANSPORTATION PO BOX 201001 HELENA MT 59620-1001 | MAIL TO DNRC PO BOX 201601 HELENA MT 59620-1601 | MAIL TO FISH WILDLIFE & PARKS PO BOX 200701 HELENA MT 59620 | MAIL TO MSU BOZEMAN ATTN FACILITIES BOZEMAN MT 59715 | MAIL TO MT EXPERIMENT STATION SCHOOL OF FORESTRY U OF M MISSOULA MT 59812-0001 | MAIL TO MT EXPERIMENT STATION SCHOOL OF FORESTY U OF M MISSOULA MT 59812-0001 | MAIL TO STATE LANDS 1625 11TH AVE HELENA MT 59601-4600 | MAIL TO TRUST MANAGEMENT DIVISION PO BOX 201601 HELENA MT 59620-1601 | MAIL TO: DECKER COAL CO 10980 S JORDON GTWY SOUTH JORDON UT 84095 | MAIL TO: DEPT OF HIGHWAYS 1100 N LAST CHANCE GULCH ST HELENA MT 59601-2904 | MAIL TO: DEPT OF HIGHWAYS 2701 PROSPECT AVE HELENA MT 59601-9726 | MAIL TO: DEPT OF MILITARY AFFAIRS PO BOX 4789 FORT HARRISON MT 59636-4789 | MAIL TO: DNRC PO BOX 201601 HELENA MT 59620-1601 | MAIL TO: FWP LANDS PO BOX 200701 HELENA MT 59620-0701 | MAIL TO: MSU - NORTHERN PO BOX 7751 HAVRE MT 59501-7751 | MAIL TO: MT FWP 1420 E 6TH AVE HELENA MT 59601-3871 | MAIL TO: MT VETERANS HOME PO BOX 250 COLUMBIA FLS MT 59912-0250 | MAIL TO: SCHOOL DISTRICT 16R 1100 N LAST CHANCE GULCH ST HELENA MT 59601-2904 | MAIL TO: SCHOOL DISTRICT A-57 1100 N LAST CHANCE GULCH ST HELENA MT 59601-2904 | MAIL TO: SCHOOL DISTRICT G-13 1100 N LAST CHANCE GULCH ST HELENA MT 59601-2904 | MAIL TO: SCHOOL DISTRICT H-88 1100 N LAST CHANCE GULCH ST HELENA MT 59601-2904 | MAIL TO: STATE LANDS 1625 11TH AVE HELENA MT 59601-4600 | MAIL TO:FISH WILDLIFE & PARKS 1420 E 6TH AVE HELENA MT 59601-3871 | MAILT TO DEPARTMENT OF TRANSPORTATION PO BOX 201001 HELENA MT 59601 | MAILT TO DEPARTMENT OF TRANSPORTATION PO BOX 201001 HELENA MT 59620-1001 | MDT PO BOX 201001 HELENA MT 59620-1001 | MITCHELL BLDG PO BOX 202701 HELENA MT 59620-2701 | MITCHELL BUILDING HELENA MT 59601 | MITCHELL BUILDING PO BOX 202701 HELENA MT 59620-2701 | MITCHELL BUILDING ROOM 485 HELENA MT 59620-5805 | MONTANA DEPT OF TRANSPORTATION PO BOX 201001 HELENA MT 59620 | MONTANA FISH, WILDLIFE & PARKS 1420 E 6TH AVE HELENA MT 59620 | MONTANA STATE OFFICE 5001 SOUTHGATE DR BILLINGS MT 59101-4669 | MSU FACILITIES SERVICES PO BOX 172760 BOZEMAN MT 59717-2760 | MT DEPT OF TRANSFPORTATION PO BOX 201001 HELENA MT 59620-1001 | MT DEPT OF TRANSPORTATION PO BOX 201001 HELENA MT 59620-1001 | MT STATE OFFICE PO BOX 36800 BILLINGS MT 59107-6800 | PO BOX 0 TOWNSEND MT 59644 | PO BOX 1 HELENA MT 59624-0001 | PO BOX 1128 TOWNSEND MT 59644-1128 | PO BOX 1412 GREAT FALLS MT 59403-1412 | PO BOX 1413 CONRAD MT 59425-1413 | PO BOX 1712 HELENA MT 59624-1712 | PO BOX 1786 MILES CITY MT 59301-1786 | PO BOX 200101 HELENA MT 59620-0101 | PO BOX 200103 HELENA MT 59620-0103 | PO BOX 200110 HELENA MT 59620-0110 | PO BOX 200701 ATTENTION: LANDS UNIT HELENA MT 59620-1001 | PO BOX 200701 ATTN: LANDS UNIT HELENA MT 59601-3871 | PO BOX 200701 ATTN: LANDS UNIT HELENA MT 59601-9746 | PO BOX 200701 ATTN: LANDS UNIT HELENA MT 59620-0701 | PO BOX 200701 HELENA MT 59620-0701 | PO BOX 200701 PO BOX 200701 HELENA MT 59620-0701 | PO BOX 200801 HELENA MT 59620-0801 | PO BOX 200901 HELENA MT 59620-0901 | PO BOX 201001 2701 PROSPECT AVE HELENA MT 59601-9746 | PO BOX 201001 HELENA MT 59620-1001 | PO BOX 201001 HELENA MT 59623-0001 | PO BOX 201011 HELENA MT 59601 | PO BOX 201425 HELENA MT 59620-1425 | PO BOX 201601 HELENA MT 59620 | PO BOX 201601 HELENA MT 59620-1601 | PO BOX 210601 HELENA MT 59620-9998 | PO BOX 3068 BUTTE MT 59702-3068 | PO BOX 351 EKALAKA MT 59324-0351 | PO BOX 4789 FORT HARRISON MT 59636-4789 | PO BOX 4789 HELENA MT 59604-4789 | PO BOX 580 HAVRE MT 59501-0580 | PO BOX 669 SUPERIOR MT 59872-0669 | PO BOX 87 BOULDER MT 59632-0087 | PO BOX 88 BOULDER MT 59632-0088 | PO BOX 890 GLENDIVE MT 59330-0890 | PO BOX 99 COLSTRIP MT 59323-0099 | STATE LAND 1625 11TH AVE HELENA MT 59601-4600 | STATE LANDS - 1625 11TH AVE HELENA MT 59601 | STATE LANDS - 1625 11TH AVE HELENA MT 59601-4600 | STATE LANDS 1325 11TH AVE HELENA MT 59601-3919 | STATE LANDS 1625 11 TH AVE HELENA MT 59601 | STATE LANDS 1625 11TH AVE HELENA MT 59601-4600 | STATE LANDS 1625 11TH AVE HELENA MT 59601-4640 | STATE LANDS 1625 1ST AVE HELENA MT 59601-3042 | STATE LANDS PO BOX 200701 HELENA MT 59620-0701 | STATE LANDS PO BOX 201301 HELENA MT 59620-1301 | STATE LANDS PO BOX 201601 HELENA MT 59620-1601 | STATE OF MONTANA 1625 11TH AVE HELENA MT 59601-4600 | STATE OF MONTANA DEPARTMENT OF STATE LANDS 1625 11TH AVE HELENA MT 59601-4600 | TRUST LANDS DIVISION PO BOX 201601 HELENA MT 59620-1601 | UNKNOWN HELENA MT 59601 | XXX HELENA MT 59601",geographic_adjoining_or_within_10m; geographic_within_one_mile; geography_stats:near=9;adjoining=4;min_m=0.0,"Cadastral geometry adjoins a confirmed ranch, but no name/address/corporate evidence links it to AMB West.",Rejected / unrelated,rejected,Neighboring ownership is not beneficial ownership; distinct owner remains excluded.
UNITED STATES OF AMERICA,UNITED STATES OF AMERICA,1883691.092,5593,Beaverhead | Big Horn | Blaine | Broadwater | Carbon | Carter | Cascade | Chouteau | Custer | Daniels | Deer Lodge | Fergus | Flathead | Gallatin | Glacier | Granite | Hill | Jefferson | Judith Basin | Lake | Lewis and Clark | Liberty | Lincoln | Madison | Meagher | Mineral | Missoula | Musselshell | Park | Phillips | Pondera | Powell | Ravalli | Richland | Sanders | Sheridan | Silver Bow | Stillwater | Teton | Toole | Valley | Wheatland | Yellowstone,"% U S DEPT OF INTERIOR PO BOX 25287 DENVER CO 80225-0287 | , WASHINGTON DC 20013 | 0 UNKNOWN HELENA MT 59601 | 0 UNKNOWN WASHINGTON DC 20013 | 000 WASHINGTON DC 20013 | 0000 WASHINGTON DC 20013 | 1 DENVER FEDERAL CTR BLDG 50 DENVER CO 80225-0001 | 10 E BABCOCK ST BOZEMAN MT 59715-6202 | 1000 5TH AVE S WASHINGTON DC 20002-3534 | 1000 PENNSYLVANIA AVE NW WASHINGTON DC 20004-2512 | 1000 PENNSYLVANIA AVE SE WASHINGTON DC 20003-2142 | 1000 PENNSYLVANIA AVE SE WASHINGTON DC 20013 | 1005 SELWAY DR DILLON MT 59725-8449 | 10455 E 25TH AVE AURORA CO 80010-1207 | 106 N PARKMONT BLM BUTTE FIELD OFFICE BUTTE MT 59702 | 106 N PARKMONT BUTTE MT 59701 | 106 N PARKMONT BUTTE MT 59701-7222 | 106 PARKMONT BUTTE MT 59701 | 1101 15TH ST N GREAT FALLS MT 59401-1203 | 1101 15TH ST N GREAT FALLS MT 59401-1240 | 111 GARRYOWEN RD MILES CITY MT 59301-7000 | 1255 22ND ST NW STE 501 WASHINGTON DC 20037-1269 | 1600 PENNSYLVANIA AVE NW WASHINGTON DC 20500-0003 | 1600 PENNSYLVANIA AVE NW WASHINGTON DC 20500-0005 | 1600 PENNSYLVANIA AVE WASHINGTON DC 20500-0006 | 1616 CAPITOL AVE OMAHA NE 68102-4909 | 1717 H ST NW STE 800 WASHINGTON DC 20006-3900 | 18 C ST SE WASHINGTON DC 20240-0001 | 1801 N 1ST ST HAMILTON MT 59840-3114 | 1820 MEADOWLARK LN BUTTE MT 59701-6816 | 1849 C ST NW WASHINGTON DC 20240-0001 | 18TH & ""C"" STREETS WASHINGTON DC 20240 | 18TH & C ST NW WASHINGTON DC 20013 | 18TH & C STREET WASHINGTON DC 20000 | 18TH & C STREETS WASHINGTON DC 20000 | 18TH & C STS WASHINGTON DC 20240 | 18TH C ST SE WASHINGTON DC 20240-0001 | 18TH C ST WASHINGTON DC 20240-0001 | 18TH C STREET WASHINGTON DC 20240-0001 | 200 18TH ST NW WASHINGTON DC 20006-5601 | 200 E BROADWAY ST MISSOULA MT 59802-4530 | 200 E BROADWAY ST MISSOULA MT 59802-4568 | 200 E BROADWAY ST MISSOULA MT 59807-4500 | 2000 BOULEVARD WASHINGTON DC 20410-0001 | 222 N 32ND ST BILLINGS MT 59101-1911 | 228 75TH ST N GREAT FALLS MT 59402-7501 | 228 75TH ST N GREAT FALLS MT 59405-7608 | 228 75TH ST N MALMSTROM AFB MT 59402-7501 | 24 FORT MISSOULA RD ATTN: LANDS PATRICK BIDEGAN MISSOULA MT 59804 | 24 FORT MISSOULA RD ATTN: LANDS PATRICK BRIDEGAM MISSOULA MT 59804 | 24 FORT MISSOULA RD ATTN: LANDS PATRICK BRIDEGAM MISSOULA MT 59804-7203 | 24 FORT MISSOULA RD MISSOULA MT 59804 | 24 FORT MISSOULA RD MISSOULA MT 59804-7203 | 24 FORT MISSOULA ROAD ATTN: LANDS PATRICK BRIDEGAM MISSOULA MT 59804 | 24 FORT MISSOULA ROAD ATTN: LANDS PATRIK BRIDEGAM MISSOULA MT 59804 | 24 FORT MISSOULA ROAD ATTN: LANDS pATRICK BRIDEGAM MISSOULA MT 59804 | 24 FORT MISSOULA ROAD ATTN: PATRICK BRIDEGAM MISSOULA MT 59804 | 24 FORT MISSOULA ROAD LANDS: PATRICK BRIDEGAM MISSOULA MT 59804 | 24 OLD FORT MISSOULA ROAD ATTN: LANDS PATRICK BRIDEGAM MISSOULA MT 59804 | 25 FORT MISSOULA RD MISSOULA MT 59804-7203 | 26 FORT MISSOULA RD MISSOULA MT 59804-7203 | 2880 SKY WAY DRIVE C/O US FOREST SERVICE HELENA MT 59601 | 2880 SKYWAY DR HELENA MT 59602-1230 | 290 N MAIN ST KALISPELL MT 59901-3946 | 2900 4TH AVE N STE 301 BILLINGS MT 59101-1266 | 301 S PARK AVE HELENA MT 59601-6289 | 31374 US HIGHWAY 2 LIBBY MT 59923-3022 | 3225 FORT MISSOULA RD MISSOULA MT 59804-7204 | 3255 FORT MISSOULA RD MISSOULA MT 59804-7204 | 415 S FRONT ST TOWNSEND MT 59644-2813 | 420 BARRETT ST DILLON MT 59725-3588 | 4234 US HIGHWAY 89 NEIHART MT 59465-9700 | 441 G ST NW WASHINGTON DC 20548-0002 | 4735 E MARGINAL WAY S STE 1117 SEATTLE WA 98134-2329 | 5 FOREST SERVICE RD DEPT OFAGRICULTURE ENNIS MT 59729-9102 | 5001 SOUTHGATE DR BILLINGS MT 59101-4669 | 5001 SOUTHGATE DR BILLINGS MT 59101-4698 | 53775 MT HIGHWAY 212 CHARLO MT 59824-1001 | 901 FRONT ST STE 2300 HELENA MT 59626-9713 | 920 NE MAIN ST LEWISTOWN MT 59457-4079 | 922 BOOTLEGGER TRL GREAT FALLS MT 59404-6133 | AD% B P A PO BOX 3621 PORTLAND OR 97208-3621 | AD% BONNEVILLE POWER PO BOX 3621 PORTLAND OR 97208-3621 | AD% BORDER PATROL 10710 N NEWPORT HWY SPOKANE WA 99218-1642 | AD% FISH & WILDLIFE 132 BISON RANGE RD CHARLO MT 59824-9425 | AD% FLATHEAD NAT'L FOREST PO BOX 147 KALISPELL MT 59903-0147 | AD% FLATHEAD NATL FOREST PO BOX 147 KALISPELL MT 59903-0147 | AD% FLTD NAT'L FOREST PO BOX 147 KALISPELL MT 59903-0147 | AD% FLTD NAT'L FORREST PO BOX 147 KALISPELL MT 59903-0147 | AD% FLTD NATL FOREST PO BOX 147 KALISPELL MT 59903-0147 | AD% FLTHD NAT'L FOREST PO BOX 147 KALISPELL MT 59903-0147 | AD% FTHD NATL FOREST PO BOX 147 KALISPELL MT 59903-0147 | AD% GLACIER NATL PARK PO BOX 128 WEST GLACIER MT 59936-0128 | AD% LAND RESOURCE CENTER PO BOX 728 SANTA FE NM 87504-0728 | AD% NAT'L PARK SERVICE PO BOX 25287 DENVER CO 80225-0287 | AD% NAT'L PARK SERVICE PO BOX 728 SANTA FE NM 87504-0728 | AD% NATIONAL PARK SERVICE PO BOX 25287 DENVER CO 80225-0287 | AD% NATL PARK SERVICE 12795 W ALAMEDA PKY PO BOX 25287 DENVER CO 80225-0287 | AD% US DEPT OF INTERIOR 1709 JACKSON ST OMAHA NE 68102-2513 | AD% US FISH & WILDLIFE 12 BISON RANGE RD CHARLO MT 59824-9425 | AD% US FISH & WILDLIFE 132 BISON RANGE RD CHARLO MT 59824-9425 | AD% US PARK DEPT 12795 W ALAMEDA PKWY PO BOX 25287 DENVER CO 80225-0287 | AD% USA WASHINGTON DC 20013-0000 | AD%GALLATIN NATIONAL FOREST PO BOX 130 BOZEMAN MT 59771-0130 | ATTN GINA BIERE 1820 MEADOWLARK LANE BUTTE MT 59701 | ATTN GUY ADAMS REGION 1 200 E BROADWAY ST MISSOULA MT 59802-4530 | ATTN GUY H ADAMS 200 E BROADWAY ST MISSOULA MT 59802-4530 | ATTN GUY H ADAMS REGION 1 200 E BROADWAY ST MISSOULA MT 59802-4530 | ATTN LANDS PO BOX 130 BOZEMAN MT 59771-0130 | ATTN: ACE USDA FOREST SERVICE 24 FORT MISSOULA RD MISSOULA MT 59804-7203 | ATTN: BITTERROOT NATIONAL FOREST 1801 N 1ST ST HAMILTON MT 59840-3114 | ATTN: LAND RESOURCE PROGRAM CENTER REGIONS 6-8 12795 W ALAMEDA PKWY LAKEWOOD CO 80228 | ATTN: LANDS 1801 N 1ST ST HAMILTON MT 59840-3114 | ATTN: LANDS 26 FORT MISSOULA RD MISSOULA MT 59804-7203 | ATTN: LANDS 5 FOREST SERVICE RD ENNIS MT 59729-9102 | ATTN: UTILITIES 88TH RSC 60 S O ST FORT MCCOY WI 54656-5137 | BILLINGS FIELD OFFICE 5001 SOUTHGATE DR BILLINGS MT 59101-4669 | BITTERROOT NATIONAL FOREST- ADD ONLY 1801 N 1ST ST HAMILTON MT 59840-3114 | BLDG 24 FORT MISSOULA RD MISSOULA MT 59804-4507 | BLDG 41 ROOM 200 DENVER FEDERAL CENTER DENVER CO 80225 | BLM DILLON FIELD OFFICE 1001 SELWAY DR DILLON MT 59725 | BLM OFFICE PO BOX 36800 BILLINGS MT 59107-6800 | BUREAU OF LAND MANAGEMENT 3225 FORT MISSOULA RD MISSOULA MT 59804 | BUREAU OF LAND MANAGEMENT 3225 FORT MISSOULA, MT 59804 MISSOULA MT 59804 | BUREAU OF LAND MANAGEMENT FIELD OFFICE 3255 FORT MISSOULA RD MISSOULA MT 59804 | BUREAU OF LAND MANAGEMENT MONTANA STATE OFFICE 5001 SOUTHGATE DR BILLINGS MT 59101-4669 | BUREAU OF RECLAMATION GENERAL DELIVERY HAVRE MT 59501-9999 | C WASHINGTON DC 20240 | C/O BUREAU OF LAND MANAGEMENT 3255 FORT MISSOULA RD MISSOULA MT 59804 | C/O FLATHEAD NAT FOREST 650 WOLFPACK WAY KALISPELL MT 59901-1209 | C/O FLATHEAD NAT'L FOREST 650 WOLFPACK WAY KALISPELL MT 59901-1209 | C/O FLATHEAD NAT'L FOREST 800 S MAIN ST KALISPELL MT 59901-1209 | C/O FLATHEAD NATIONAL FOREST 650 WOLFPACK WAY KALISPELL MT 59901 | C/O FLATHEAD NATIONAL FOREST 650 WOLFPACK WAY KALISPELL MT 59901-1209 | C/O FLATHEAD NATIONAL FOREST 650 WOLFPACK WAY KALISPELL MT 59901-5797 | C/O FLATHEAD NATL FS 650 WOLFPACK WAY KALISPELL MT 59901-1209 | C/O FOREST SERVICE WEST SIDE LANDS ZONE 24 FORT MISSOULA RD MISSOULA MT 59804 | C/O GALLATIN NATIONAL FOREST PO BOX 130 BOZEMAN MT 59771-0130 | C/O GLACIER NATIONAL PARK PO BOX 128 WEST GLACIER MT 59936-9999 | C/O GLACIER NATL PARK PO BOX 128 WEST GLACIER MT 59936 | C/O HELENA LEWIS & CLARK NATIONAL FOREST 2880 SKYWAY DR HELENA MT 59602-1230 | C/O KARENE MANUS PO BOX 128 WEST GLACIER MT 59936 | C/O KARENE MANUS PO BOX 128 WEST GLACIER MT 59936-9998 | C/O NATIONAL PARK SERVIC PO BOX 128 WEST GLACIER MT 59936 | C/O OF KARENE MANUS PO BOX 128 WEST GLACIER MT 59936 | C/O USDA FOREST SERVICE -ADD ONLY- 24 FORT MISSOULA RD MISSOULA MT 59804 | DENVER FEDERAL CENTER DENVER CO 80226 | DENVER FEDERAL CENTER PO BOX 25486 - MS 60189 DENVER CO 80225-5486 | DENVER FEDERAL CENTER PO BOX 25486 DENVER CO 80225-0486 | DEPARTMENT OF AGRICULTRUE,FOREST SERIVCE 5 FOREST SERVICE RD ATTN: LANDS ENNIS MT 59729 | DEPARTMENT OF INTERIOR WASHINGTON DC 20240-0001 | DEPARTMENT OF THE INTERIOR 1600 PENNSYLVANIA AVE NW WASHINGTON DC 20500-0003 | DEPARTMENT OF VETERANS AFFAIRS REAL PROPERTY SERVICES (003C1E) 425 EYE STREET NW WASHINGTON DC 20001 | DEPARTMENT OF VETERANS AFFAIRS WASHINGTON DC 20240 | DEPT OF INTERIOR WASHINGTON DC 20244-0001 | DEPTARTMENT OF AIR FORCE MALSTROM AFB MT 59402 | DIVISION OF REALTY, US FISH & WILDLIFE SERVICE PO BOX 25486 DENVER CO 80225-0486 | FED BLDG WASHINGTON DC 20013-6971 | FED BLDG WASHINGTON DC 20544 | FED BLDG WASHINGTON DC 20544-0001 | FEDERAL BLDG WASHINGTON DC 20544-0001 | FEDERAL BUILDING WASHINGTON DC 20013 | FEDERAL BUILDING WASHINGTON DC 20544 | FEDERAL BUILDING WASHINGTON DC 20544-0001 | FISH AND WILDLIFE SERVICE PO BOX 25486 DENVER CO 80225-0486 | FLATHEAD NATIONAL FOREST Attn:HEIDI PFOSCH, LANDS 650 WOLFPACK WAY KALISPELL MT 59901 | FLTH NAT'L FOREST PO BOX 147 KALISPELL MT 59903-0147 | FOREST SERVICE - DOA WASHINGTON DC 20013-0000 | FOREST SERVICE DEPT OF AG BOZEMAN MT 59715 | FOREST SERVICE DEPT OF AG WASHINGTON DC 20250-0001 | FOREST SERVICE DEPT OF AGRICUL WASHINGTON DC 20013 | FOREST SERVICE WASHINGTON DC 20544-0001 | FOREST SERVICE-DOA WASHINGTON DC 20013 | GALLATIN NATIONAL FOREST PO BOX 130 BOZEMAN MT 59771-0130 | GALLATIN NATIONAL SERVICE PO BOX 130 BOZEMAN MT 59771-0130 | GEN DEL WASHINGTON DC 20013 | GEN DEL WASHINGTON DC 20066-0001 | GEN DEL WASHINGTON DC 20410-0001 | GEN DELIVERY WASHINGTON DC 00000 | GEN DELIVERY WASHINGTON DC 20013 | GEN DELIVERY WASHINGTON DC 20410-0001 | GEN WASHINGTON DC 20410-0001 | GENB DEL WASHINGTON DC 20410-0001 | GENERAL DELIVERY BOZEMAN MT 59715 | GENERAL DELIVERY BOZEMAN MT 59718-9999 | GENERAL DELIVERY CUT BANK MT 59427-9999 | GENERAL DELIVERY GLASGOW MT 59230-9999 | GENERAL DELIVERY HELENA MT 59601-9999 | GENERAL DELIVERY VIRGINIA CITY MT 59755-9999 | GENERAL DELIVERY WASHINGTON DC 09152 | GENERAL DELIVERY WASHINGTON DC 20013 | GENERAL DELIVERY WASHINGTON DC 20013-0000 | GENERAL DELIVERY WASHINGTON DC 20013-0220 | GENERAL DELIVERY WASHINGTON DC 20013-2109 | GENERAL DELIVERY WASHINGTON DC 20013-3637 | GENERAL DELIVERY WASHINGTON DC 20013-4942 | GENERAL DELIVERY WASHINGTON DC 20027 | GENERAL DELIVERY WASHINGTON DC 20042 | GENERAL DELIVERY WASHINGTON DC 20044-0001 | GENERAL DELIVERY WASHINGTON DC 20066 | GENERAL DELIVERY WASHINGTON DC 20090-9999 | GENERAL DELIVERY WASHINGTON DC 20240-0001 | GENERAL DELIVERY WASHINGTON DC 20244-0001 | GENERAL DELIVERY WASHINGTON DC 20390-0001 | GENERAL DELIVERY WASHINGTON DC 20405-0001 | GENERAL DELIVERY WASHINGTON DC 20407-0001 | GENERAL DELIVERY WASHINGTON DC 20410-0001 | GENERAL DELIVERY WASHINGTON DC 21003 | GENERAL DELIVERY WASHINGTON DC 84003 | GENERAL DELIVERY WASHINGTON DC 99999-9999 | GENERAL DELIVERY WASHINGTON DC DC | GENERAL DELIVERY WASHINGTON DE 20013 | GENERAL DELIVERY WHITEHALL MT 59759-9999 | GENERAL SERVICES ADMINISTRATION BUILDING 41 SUITE 200 DENVER FEDERAL CENTER DENVER CO 80225 | GLAC PARK SUPERINTENDENT PO BOX 128 WEST GLACIER MT 59936-0128 | GREAT FALLS MT 59403-0660 | HELENA HELENA MT 59601 | HELENA HELENA MT 59601-3625 | HELENA NATIONAL FOREST ATTN GINA BIERE 1820 MEADOWLARK LN BUTTE MT 59701-6816 | L WASHINGTON DC 20410-0001 | LAND RESOURCES DIVISION ATTN: NATIONAL PARK SERVICE - INTERIOR REGIONS 6, 7 & 8 1 DENVER FEDERAL CTR BLDG 50 DENVER CO 80225-0001 | LOLO NATIONAL FOREST 24 FORT MISSOULA RD MISSOULA MT 59715 | LOLO NATIONAL FOREST 24 FORT MISSOULA RD MISSOULA MT 59804 | LOLO NATIONAL FOREST 24 FORT MISSOULA ROAD MISSOULA MT 59804 | M TO: DURYEE BILL PO BOX 869 GREAT FALLS MT 59403-0869 | MAIL TO BUREAU OF LAND MANAGEMENT PO BOX 25047 DENVER CO 80225-0047 | MAIL TO BUREAU OF LAND MGMT MISSOULA FIELD OFFICE 3255 FORT MISSOULA RD MISSOULA MT 59804-7204 | MAIL TO CITY OF LEWISTOWN 305 W WATSON ST LEWISTOWN MT 59457-2961 | MAIL TO CMR NATIONAL WILDLIFE REFUGE ATTN DANIELLE KEPFORD PO BOX 110 LEWISTOWN MT 59457 | MAIL TO DENVER FEDERAL CENTER PO BOX 25486 DENVER CO 80225-0486 | MAIL TO F N F PO BOX 147 KALISPELL MT 59903-0147 | MAIL TO FED AVIATION ADM 10455 E 25TH AVE AURORA CO 80010 | MAIL TO FLATHEAD NATIONAL FOREST 650 WOLFPACK WAY KALISPELL MT 59901 | MAIL TO FLATHEAD NATIONAL FOREST 650 WOLFPACK WAY KALISPELL MT 59901-1209 | MAIL TO FLATHEAD NATIONAL FOREST ATTN: LEN NEWTON 650 WOLFPACK WAY KALISPELL MT 59901-1209 | MAIL TO FOR SUP LOLO N FOR BLDG 24 FORT MISSOULA MISSOULA MT 59801 | MAIL TO FOREST SERVICE 1820 MEADOWLARK LN BUTTE MT 59701 | MAIL TO GALLATIN NATIONAL FOR PO BOX 130 BOZEMAN MT 59771-0130 | MAIL TO GALLATIN NATIONAL FOREST PO BOX 130 BOZEMAN MT 59771 | MAIL TO GALLATIN NATIONAL FOREST PO BOX 130 BOZEMAN MT 59771-0130 | MAIL TO GALLATIN NATIONAL FRT PO BOX 130 BOZEMAN MT 59771-0130 | MAIL TO GALLATIN NATL FOREST WASHINGTON DC 20013 | MAIL TO LOLO NATIONAL FOREST T-24 FORT MISSOULA MISSOULA MT 59801 | MAIL TO MALTA IRRIGATION DISTRICT PO BOX 1340 MALTA MT 59538-0100 | MAIL TO MISSOULA FIELD OFFICE 3255 FORT MISSOULA RD MISSOULA MT 59804-7204 | MAIL TO NATION BISON RANGE PO BOX 6 CHARLO MT 59824-0006 | MAIL TO NATIONAL PARK SERVICE 1709 JACKSON ST OMAHA NE 68102-2513 | MAIL TO NATIONAL PARK SERVICE PO BOX 25287 DENVER CO 80225-0287 | MAIL TO NATIONAL PARK SERVICE PO BOX 25287 DENVER CO 80255 | MAIL TO REALTY SPECIALIST 920 NE MAIN ST LEWISTOWN MT 59457-4079 | MAIL TO THE CITY OF HAVRE PO BOX 231 HAVRE MT 59501-0231 | MAIL TO UNITED STATES OF AMER. PO BOX 36800 BILLINGS MT 59107-6800 | MAIL TO UNITED STATES OF AMERICA BILLINGS MT 59107 | MAIL TO US DEPT OF INTERIOR 1709 JACKSON ST OMAHA NE 68102-2513 | MAIL TO US FISH & GAME 132 BISON RANGE RD MOIESE MT 59824-9425 | MAIL TO US FISH & WILDLIFE PO BOX 25486 DENVER CO 80225-0486 | MAIL TO US FISH & WILDLIFE SERVICE ATTN DIVISION OF REALTY 922 BOOTLEGGER TRL GREAT FALLS MT 59404-6133 | MAIL TO US MARSHALS SERVICE 920 W RIVERSIDE AVE STE 200 SPOKANE WA 99201-2207 | MAIL TO USDI BUREAU OF LAND MGMT 5001 SOUTHGATE DR BILLINGS MT 59101-4669 | MAIL TO: BLM MSLA FIELD OFFICE 3255 FORT MISSOULA RD MISSOULA MT 59804-7204 | MAIL TO: DEPT FISH & WILDLIFE PO BOX 25486 DENVER CO 80225-0486 | MAIL TO: DEPT OF ENERGY PO BOX 35800 BILLINGS MT 59107-5800 | MAIL TO: GALLATIN COUNTY TREASURER 311 W MAIN ST BOZEMAN MT 59715-4594 | MAIL TO: GALLATIN NAT'L FOREST PO BOX 130 BOZEMAN MT 59771-0130 | MAIL TO: GALLATIN NATIONAL FOR PO BOX 130 BOZEMAN MT 59771-0130 | MAIL TO: GALLATIN NATIONAL FOREST PO BOX 130 BOZEMAN MT 59771-0130 | MAIL TO: GALLATIN NATIONAL FOREST SERVICE PO BOX 130 BOZEMAN MT 59771-0130 | MAIL TO: GALLATIN NATL FOREST PO BOX 130 BOZEMAN MT 59771-0130 | MAIL TO: GLACIER NATIONAL PARK PO BOX 128 WEST GLACIER MT 59936-0128 | MAIL TO: GLACIER NATL PARK PO BOX 128 WEST GLACIER MT 59936 | MAIL TO: KARENE FOREMAN PO BOX 128 WEST GLACIER MT 59936 | MAIL TO: KARENE MANUS PO BOX 128 WEST GLACIER MT 59936 | MAIL TO: LOLO NATIONAL FOREST 24 FORT MISSOULA RD MISSOULA MT 59804 | MAIL TO: LOLO NATIONAL FOREST FT MISSOULA MISSOULA MT 59801 | MAIL TO: NATIONAL FOREST SERVICE PO BOX 130 BOZEMAN MT 59771-0130 | MAIL TO: NATIONAL PARK SERVICE LANDS PROGRAM CENTER PO BOX 25287 DENVER CO 80225-0287 | MAIL TO: NATL PARK SERVICE LAND RESOURCE PROGRAM CENTER PO BOX 728 SANTA FE NM 87504-0728 | MAIL TO: RED ROCK LAKE REFUGE 27650 B SOUTH VALLEY RD LIMA MT 59739 | MAIL TO: REGIONAL FORESTER PO BOX 7669 MISSOULA MT 59807-7669 | MAIL TO:GALLATIN NATIONAL FORE PO BOX 130 BOZEMAN MT 59771-0130 | MAIL TO:GALLATIN NATL FOREST PO BOX 130 BOZEMAN MT 59771-0130 | MAIL TO:GALLATIN NATL FOREST PO BOX 310 BOZEMAN MT 59771-0310 | MAIL TO:US FISH & WILDLIFE SER PO BOX 25486 DENVER CO 80225-0486 | MAIL TO; US DEPT OF INTERIOR 12795 W ALAMEDA PKWY PO BOX 25287 DENVER CO 80225-0287 | MAILT TO:GALLATIN NATL FOREST PO BOX 130 BOZEMAN MT 59771-0130 | MONIDA STAR RTE LIMA MT 59739 | MONTANA STATE OFFICE 5001 SOUTHGATE DR BILLINGS MT 59101-4669 | NATIONAL CAPITOL WASHINGTON DC 20013 | NATIONAL INSTITUTE OF HEALTH - ADD ONLY 9000 ROCKVILLE PIKE BLDG 13 RM 2847 MSC 5738 BETHESDA MD 20892-0001 | NATIONAL PARK SERVICE 12795 W ALAMEDA PARKWAY PO BOX 25287 DENVER CO 80225-0287 | NATIONAL PARK SERVICE LAND RESOURCES PROGRAM CENTER PO BOX 728 SANTA FE NM 87504-0728 | NATURAL RESOURCE DAMAGE PROGRAM PO BOX 201425 HELENA MT 59620-1425 | NO ADRESS WASHINGTON DC 20090 | NO ADRESSS WASHINGTON DC 20090 | OFFICE OF FORESTERS NORTHERN REGION HDQTRS MISSOULA MT 59801 | OFFICE OF REGIONAL FORESTER NORTHERN REG HQTRS MISSOULA MT 59801 | OFFICE OF REGIONAL FORESTER NORTHERN REGION HEADQUARTERS MISSOULA MT 59801 | OFFICE REGIONAL FORESTER NORTHERN REGION PO BOX 7669 MISSOULA MT 59807-7669 | P O BOX C 3755 SEATTLE WA 98124 | PO BOX 0 WASHINGTON DC 20013 | PO BOX 0 WASHINGTON DC 20018 | PO BOX 110 LEWISTOWN MT 59457-0110 | PO BOX 1128 TOWNSEND MT 59644-1128 | PO BOX 1160 LEWISTOWN MT 59457-1160 | PO BOX 1269 POLSON MT 59860-1269 | PO BOX 130 BOISE ID 83701-0130 | PO BOX 130 BOZEMAN MT 59771-0130 | PO BOX 147 KALISPELL MT 59903-0147 | PO BOX 154 FORT SHAW MT 59443-0154 | PO BOX 1621 OROFINO ID 83544-1621 | PO BOX 25287 DENVER CO 80225-0287 | PO BOX 25486 DENVER CO 80225-0486 | PO BOX 25486 MSC 60189 DENVER CO 80225-0486 | PO BOX 25546 DENVER CO 80225-0546 | PO BOX 278 PABLO MT 59855-0278 | PO BOX 2889 GREAT FALLS MT 59403-2889 | PO BOX 288P GREAT FALLS MT 59403-0288 | PO BOX 30137 BILLINGS MT 59107-0137 | PO BOX 30157 BILLINGS MT 59107-0157 | PO BOX 301800 BILLINGS MT 59107 | PO BOX 307 BOZEMAN MT 59771-0307 | PO BOX 307 VIRGINIA CITY MT 59755-0307 | PO BOX 3388 BUTTE MT 59702-3388 | PO BOX 3621 PORTLAND OR 97208-3621 | PO BOX 36800 BILLINGS MT 59107-6800 | PO BOX 3755 SEATTLE WA 98124-3755 | PO BOX 3765 SEATTLE WA 98124-3765 | PO BOX 690 CHESTER MT 59522-0690 | PO BOX 7669 MISSOULA MT 59807-7669 | PO BOX 869 GREAT FALLS MT 59403-0869 | PO BOX WASHINGTON DC 20013 | PO BOX WASHINGTON DC 20013-0290 | PO BOX WASHINGTON DC 22203 | PO BOX Y WASHINGTON DC 20013-4024 | PO DELIVERY WASHINGTON DC 20013 | POST DELIVERY WASHINGTON DC 20013 | REGIONAL OFFICE REGION 1 200 E BROADWAY ST MISSOULA MT 59802-4530 | ROCKY MTN REG OFC NATL PK PO BOX 25287 DENVER CO 80225-0287 | SECRETARY OF THE INTERIOR Attn:FISH & WILDLIFE SERVICES PO BOX 25486 DENVER CO 80225 | THE UNITED STATES OF AMERICA WASHINGTON DC 20013 | U S DEPT OF INTERIOR NPS 1709 JACKSON ST OMAHA NE 68102-2513 | UNKNOWN HELENA MT 59601 | UNKNOWN WASHINGTON DC 20013 | UNKNOWN WASHINGTON DC 20250-0001 | UNKNOWN WASHINGTON DC 20544-0001 | US DEPT AG, US FOREST SRV NORTHERN REGION PO BOX 7669 MISSOULA MT 59807-7669 | US DEPT OF AG US FOREST SRV NORTHERN REGION PO BOX 7669 MISSOULA MT 59807-7669 | US DEPT OF AG, US FOREST SRV NORTHERN REGION PO BOX 7669 MISSOULA MT 59807-7669 | US DEPT OF INTERIOR 1709 JACKSON ST OMAHA NE 68102-2513 | US DEPT OF INTERIOR PO BOX 128 WEST GLACIER MT 59936-0128 | US DEPT OF INTERIOR WASHINGTON DC 20013 | US FISH & WILDLIFE 132 BISON RANGE RD CHARLO MT 59824-9425 | US FISH & WILDLIFE SERVICE 585 SHEPHARD WAY STE 1 HELENA MT 59601-9796 | US FISH & WILDLIFE SERVICE PO BOX 25486 DENVER CO 80225-0486 | US FISH AND WILDLIFE SERVICE 585 SHEPHARD WAY STE 1 HELENA MT 59601-9796 | USA WASHINGTON DC 20013 | USA WASHINGTON DC 20544-0001 | USDA FOREST SERVICE ATTEN LANDS PO BOX 130 BOZEMAN MT 59771 | USDA FOREST SERVICE ATTN LANDS PO BOX 130 BOZEMAN MT 59771 | USDA FOREST SERVICE HELENA- LEWIS & CLARK 2880 SKYWAY DR HELENA MT 59602-1230 | USDA FOREST SERVICE PO BOX 130 BOZEMAN MT 59771-0130 | USDA FOREST SERVICE WASHINGTON DC 20013 | USFA EAST SIDE LANDS ZONE ATTN KIM LANGE 1820 MEADOWLARK LANE BUTTE MT 59701 | WAHSINGTON DC 20410 | WASHINGTON DC 10002 | WASHINGTON DC 20013 | WASHINGTON DC 20401 | WASHINGTON DC 20410 | WASHINGTON DC USDA-FOREST SERVICE WASHINGTON DC MD 20013 | WASHINGTON DC WASHINGTON DC 20410-0001 | WASHINGTON WASHINGTON DC 20410-0001 | X WASHINGTON DC 20410-0001 | XXX WASHINGTON DC 20410-0001",geographic_adjoining_or_within_10m; geographic_within_one_mile; geography_stats:near=6;adjoining=2;min_m=0.0,"Cadastral geometry adjoins a confirmed ranch, but no name/address/corporate evidence links it to AMB West.",Rejected / unrelated,rejected,Neighboring ownership is not beneficial ownership; distinct owner remains excluded.
US FOREST SERVICE,US FOREST SERVICE,461348.596,858,Broadwater | Cascade | Flathead | Gallatin | Lake | Lewis and Clark | Sweet Grass,1400 INDEPENDENCE AVE SW WASHINGTON DC 20250-0002 | 650 WOLFPACK WAY KALISPELL MT 59901-1209 | GENERAL DELIVERY BOZEMAN MT 59718-9999 | OFFICE OF REGIONAL FORESTER NORTHERN REGIONAL HEADQUARTERS MISSOULA MT 59801 | PO BOX 1128 TOWNSEND MT 59644-1128 | PO BOX 130 BOZEMAN MT 59771-0130 | PO BOX 196 BIG TIMBER MT 59011-0196 | PO BOX 869 GREAT FALLS MT 59403-0869,geographic_adjoining_or_within_10m; geographic_within_one_mile; geography_stats:near=1;adjoining=1;min_m=0.0,"Cadastral geometry adjoins a confirmed ranch, but no name/address/corporate evidence links it to AMB West.",Rejected / unrelated,rejected,Neighboring ownership is not beneficial ownership; distinct owner remains excluded.
MONTANA DEPT OF FISH WILDLIFE & PARKS,MONTANA DEPT OF FISH WILDLIFE AND PARKS,68235.753,342,Beaverhead | Broadwater | Cascade | Custer | Deer Lodge | Fergus | Flathead | Gallatin | Granite | Lake | Lewis and Clark | Lincoln | Madison | Missoula | Park | Powell | Ravalli | Teton | Valley | Wheatland,1420 6TH AVE PO BOX 200701 HELENA MT 59620-0701 | 1420 E 6TH AVE # 200701 HELENA MT 59601-3871 | 1420 E 6TH AVE HELENA MT 59601-3871 | 1420 E 6TH AVE HELENA MT 59620-0701 | 1420 EAST SIXTH AVE PO BOX 200701 HELENA MT 59620-0701 | 1420 SIXTH AVE PO BOX 200701 HELENA MT 59620-0701 | ATTN: HEATHER PO BOX 200701 HELENA MT 59620-0701 | ATTN: LANDS UNIT PO BOX 200701 HELENA MT 59620-0701 | BLACKLEAF RANCH PO BOX 200701 HELENA MT 59620-0701 | PO BOX 200701 HELENA MT 59620-0701 | PO BOX 200701 LAND & WATER UNIT HELENA MT 59620 | PO BOX 200701 LAND & WATER UNIT HELENA MT 59620-0701,geographic_adjoining_or_within_10m; geographic_within_one_mile; geography_stats:near=9;adjoining=8;min_m=0.0,"Cadastral geometry adjoins a confirmed ranch, but no name/address/corporate evidence links it to AMB West.",Rejected / unrelated,rejected,Neighboring ownership is not beneficial ownership; distinct owner remains excluded.
MONTANA STATE OF,MONTANA STATE OF,65618.684,223,Big Horn | Daniels | Dawson | Glacier | Park | Powder River | Ravalli | Teton | Toole,1420 E 6TH AVE HELENA MT 59601-3871 | 1420 E 6TH AVE HELENA MT 59601-4541 | 1420 E 6TH AVE HELENA MT 59601-4556 | 1625 11TH AVE HELENA MT 59601-4600 | 2000 MONTANA AVE GLENDIVE MT 59330-3700 | 2701 PROSPECT AVE HELENA MT 59601-9746 | 2705 SPURGIN RD MISSOULA MT 59804-3111 | 5001 SOUTHGATE DR BILLINGS MT 59101-4669 | 700 LITTLE ST GLENDIVE MT 59330-2911 | BOARD OF LAND COMMISSIONERS PO BOX 201601 HELENA MT 59620-1601 | C/O DNRC -ADD ONLY- 1424 9TH AVE HELENA MT 59601-3871 | HELENA MT 59620 | LAND SECTION PO BOX 200701 HELENA MT 59620-0701 | MAIL TO: DEPT OF STATE LANDS 1625 11TH AVE HELENA MT 59601-4600 | MAIL TO: MONTANA STATE OFFICE 5001 SOUTHGATE DR BILLINGS MT 59101-4669 | MAIL TO: STATE LANDS 1625 11TH AVE HELENA MT 59601-4600 | MAIL TO: STATE LANDS PO BOX 201001 HELENA MT 59620-1001 | PO BOX 1000 HELENA MT 59624-1000 | PO BOX 1456 BROWNING MT 59417-1456 | PO BOX 1456 CONRAD MT 59425-1456 | PO BOX 200701 HELENA MT 59620-0701 | PO BOX 201001 HELENA MT 59620-1001 | PO BOX 201601 HELENA MT 59620-1601,geographic_adjoining_or_within_10m; geographic_within_one_mile; geography_stats:near=1;adjoining=1;min_m=0.0,"Cadastral geometry adjoins a confirmed ranch, but no name/address/corporate evidence links it to AMB West.",Rejected / unrelated,rejected,Neighboring ownership is not beneficial ownership; distinct owner remains excluded.
EIGHTMILE CREEK PV RANCH LLC,EIGHTMILE CREEK PV RANCH LLC,20811.949,44,Park,8111 WESTCHESTER DR STE 900 DALLAS TX 75225-6146 | MAIL TO KE ANDREWS 2424 RIDGE RD ROCKWALL TX 75087-5116,geographic_adjoining_or_within_10m; geographic_within_one_mile; geography_stats:near=12;adjoining=4;min_m=0.0,No current Arthur Blank / AMB West ownership evidence.,Rejected / unrelated,rejected,independent adjoining Park County ranch with Dallas/Rockwall tax address
B BAR RANCH LLC,B BAR RANCH LLC,15855.647,33,Gallatin | Park | Sweet Grass,1273 OTTER CREEK RD BIG TIMBER MT 59011-7759 | 818 TOM MINER CREEK RD EMIGRANT MT 59027-6013,geographic_within_one_mile; geography_stats:near=2;adjoining=0;min_m=658.2,"Keyword/fragment, identity-field, or proximity-only discovery signal.",Rejected / unrelated,rejected,No authoritative current relationship to Arthur Blank / AMB West; excluded.
O'HAIR RANCH COMPANY,O HAIR RANCH COMPANY,13980.797,32,Park,PO BOX 955 LIVINGSTON MT 59047-0955,geographic_adjoining_or_within_10m; geographic_within_one_mile; geography_stats:near=17;adjoining=6;min_m=0.0,No current Arthur Blank / AMB West ownership evidence.,Rejected / unrelated,rejected,independent adjoining Park County ranch with separate Livingston address
POINT OF ROCKS RANCH LLC,POINT OF ROCKS RANCH LLC,10177.554,26,Park,PO BOX 79 EMIGRANT MT 59027-0079,geographic_adjoining_or_within_10m; geographic_within_one_mile; geography_stats:near=19;adjoining=8;min_m=0.0,No current Arthur Blank / AMB West ownership evidence.,Rejected / unrelated,rejected,"independent adjoining Park County ranch; PO Box 79 Emigrant, no AMB evidence"
STORY RANCH CO,STORY RANCH CO,9620.688,24,Park,PO BOX 116 EMIGRANT MT 59027-0116,geographic_adjoining_or_within_10m; geographic_within_one_mile; geography_stats:near=5;adjoining=1;min_m=0.0,"Cadastral geometry adjoins a confirmed ranch, but no name/address/corporate evidence links it to AMB West.",Rejected / unrelated,rejected,Neighboring ownership is not beneficial ownership; distinct owner remains excluded.
DEPARTMENT OF NATURAL RESOURCES,DEPARTMENT OF NATURAL RESOURCES,5796.6,14,Park,MAIL TO: STATE LANDS 1625 11TH AVE HELENA MT 59601-4600,geographic_adjoining_or_within_10m; geographic_within_one_mile; geography_stats:near=4;adjoining=3;min_m=0.0,"Cadastral geometry adjoins a confirmed ranch, but no name/address/corporate evidence links it to AMB West.",Rejected / unrelated,rejected,Neighboring ownership is not beneficial ownership; distinct owner remains excluded.
AMBER RANCH LLC,AMBER RANCH LLC,5554.909,17,Gallatin | Park,5826 SAMET DR STE 105 HIGH POINT NC 27265-3661 | 5826 SAMET DR SUITE 105 HIGH POINT NC 27265-3660,broad_owner_fragment:AMB,No current Arthur Blank / AMB West ownership evidence.,Rejected / unrelated,rejected,AMB substring false positive; separate North Carolina address and unrelated Park/Gallatin ranch
RAMBERG RAY & LORI,RAMBERG RAY AND LORI,5390.67,15,Hill | Liberty,PO BOX 164 JOPLIN MT 59531-0164,broad_owner_fragment:AMB,"Keyword/fragment, identity-field, or proximity-only discovery signal.",Rejected / unrelated,rejected,No authoritative current relationship to Arthur Blank / AMB West; excluded.
UNITED STATES OF AMERICA DEPT OF AG,UNITED STATES OF AMERICA DEPT OF AG,5246.53,13,Park,PO BOX 130 BOZEMAN MT 59771-0130,geographic_adjoining_or_within_10m; geographic_within_one_mile; geography_stats:near=2;adjoining=1;min_m=0.0,"Cadastral geometry adjoins a confirmed ranch, but no name/address/corporate evidence links it to AMB West.",Rejected / unrelated,rejected,Neighboring ownership is not beneficial ownership; distinct owner remains excluded.
BLANKENSHIP JAY L & NICOLE J,BLANKENSHIP JAY L AND NICOLE J,4803.53,10,Custer | Rosebud,1648 SWEENEY CREEK RD ROSEBUD MT 59347-9555,broad_owner_fragment:BLANK,"Keyword/fragment, identity-field, or proximity-only discovery signal.",Rejected / unrelated,rejected,No authoritative current relationship to Arthur Blank / AMB West; excluded.
GAGE DOME LLC,GAGE DOME LLC,4686.53,15,Musselshell,PO BOX 787 ROUNDUP MT 59072-0787,broad_owner_fragment:DOME,"Keyword/fragment, identity-field, or proximity-only discovery signal.",Rejected / unrelated,rejected,No authoritative current relationship to Arthur Blank / AMB West; excluded.
PARADISE COULEE LLC,PARADISE COULEE LLC,4446.543,19,Fergus,5969 S 3RD RD BOZEMAN MT 59715-8908,broad_owner_fragment:PARADISE,"Keyword/fragment, identity-field, or proximity-only discovery signal.",Rejected / unrelated,rejected,No authoritative current relationship to Arthur Blank / AMB West; excluded.
STEAMBOAT RANCH LLC,STEAMBOAT RANCH LLC,4240.0,8,Sanders,PO BOX 908 GILLETTE WY 82717-0908,broad_owner_fragment:AMB,"Keyword/fragment, identity-field, or proximity-only discovery signal.",Rejected / unrelated,rejected,No authoritative current relationship to Arthur Blank / AMB West; excluded.
LAMBERT WILLIAM R,LAMBERT WILLIAM R,4048.98,12,Carter,2343 HAMMOND RD HAMMOND MT 59332,broad_owner_fragment:AMB,"Keyword/fragment, identity-field, or proximity-only discovery signal.",Rejected / unrelated,rejected,No authoritative current relationship to Arthur Blank / AMB West; excluded.
RAMBO GRAIN & CATTLE,RAMBO GRAIN AND CATTLE,4041.37,16,Hill,PO BOX 112 GILDFORD MT 59525-0112,broad_owner_fragment:AMB,"Keyword/fragment, identity-field, or proximity-only discovery signal.",Rejected / unrelated,rejected,No authoritative current relationship to Arthur Blank / AMB West; excluded.
AMBER HEIGHTS FARM LLLP,AMBER HEIGHTS FARM LLLP,3987.978,22,Cascade | Chouteau,21230 HIGHWOOD RD HIGHWOOD MT 59450-8739,broad_owner_fragment:AMB,"Keyword/fragment, identity-field, or proximity-only discovery signal.",Rejected / unrelated,rejected,No authoritative current relationship to Arthur Blank / AMB West; excluded.
LAMBERT JOHNELLA J,LAMBERT JOHNELLA J,3436.89,8,Carter,1781 MILES CITY CUTOFF EKALAKA MT 59324-8503,broad_owner_fragment:AMB,"Keyword/fragment, identity-field, or proximity-only discovery signal.",Rejected / unrelated,rejected,No authoritative current relationship to Arthur Blank / AMB West; excluded.
EMIGRANT PEAK RANCH LLC,EMIGRANT PEAK RANCH LLC,3419.702,11,Park,769 E RIVER RD PRAY MT 59065-7110,geographic_within_one_mile; geography_stats:near=1;adjoining=0;min_m=1549.3,"Keyword/fragment, identity-field, or proximity-only discovery signal.",Rejected / unrelated,rejected,No authoritative current relationship to Arthur Blank / AMB West; excluded.
RAMBO CHAD E,RAMBO CHAD E,3395.5,19,Pondera,PO BOX 66 VALIER MT 59486-0066,broad_owner_fragment:AMB,"Keyword/fragment, identity-field, or proximity-only discovery signal.",Rejected / unrelated,rejected,No authoritative current relationship to Arthur Blank / AMB West; excluded.
LAMBERT KELLY,LAMBERT KELLY,3077.5,6,Wheatland,PO BOX 46 SHAWMUT MT 59078-0046,broad_owner_fragment:AMB,"Keyword/fragment, identity-field, or proximity-only discovery signal.",Rejected / unrelated,rejected,No authoritative current relationship to Arthur Blank / AMB West; excluded.
ERICKSON JASON L & AMBER L,ERICKSON JASON L AND AMBER L,3000.0,11,Phillips,10795 FRENCHMAN RD SACO MT 59261-9502,broad_owner_fragment:AMB,"Keyword/fragment, identity-field, or proximity-only discovery signal.",Rejected / unrelated,rejected,No authoritative current relationship to Arthur Blank / AMB West; excluded.
CHAMBERLIN CURTIS D & EVELYN F CO-TRUSTEES OF THE CHAMBERLIN FAMILY TRUST,CHAMBERLIN CURTIS D AND EVELYN F CO TRUSTEES OF THE CHAMBERLIN FAMILY TRUST,2710.44,15,Garfield,81 RIM RD BRUSETT MT 59318-9617,broad_owner_fragment:AMB,"Keyword/fragment, identity-field, or proximity-only discovery signal.",Rejected / unrelated,rejected,No authoritative current relationship to Arthur Blank / AMB West; excluded.
RAMBERG LOIS S,RAMBERG LOIS S,2582.7,11,Blaine,985 HIDDEN VALLEY RD CHINOOK MT 59523-9061,broad_owner_fragment:AMB,"Keyword/fragment, identity-field, or proximity-only discovery signal.",Rejected / unrelated,rejected,No authoritative current relationship to Arthur Blank / AMB West; excluded.
GALLATIN NATIONAL FOREST,GALLATIN NATIONAL FOREST,2531.526,26,Park,PO BOX 130 BOZEMAN MT 59771-0130,geographic_adjoining_or_within_10m; geographic_within_one_mile; geography_stats:near=1;adjoining=1;min_m=0.0,"Cadastral geometry adjoins a confirmed ranch, but no name/address/corporate evidence links it to AMB West.",Rejected / unrelated,rejected,Neighboring ownership is not beneficial ownership; distinct owner remains excluded.
BMI DOMESTIC NONGRANTOR TRUST,BMI DOMESTIC NONGRANTOR TRUST,2498.0,4,Broadwater,2442 WINNE AVE HELENA MT 59601-4921 | 330 N FORK RAY CREEK RD TOWNSEND MT 59644-9540,broad_owner_fragment:DOME,"Keyword/fragment, identity-field, or proximity-only discovery signal.",Rejected / unrelated,rejected,No authoritative current relationship to Arthur Blank / AMB West; excluded.
DEL POGGIO INC,DEL POGGIO INC,2285.091,7,Park,PO BOX 487 LIVINGSTON MT 59047-0487,geographic_adjoining_or_within_10m; geographic_within_one_mile; geography_stats:near=4;adjoining=4;min_m=0.0,"Cadastral geometry adjoins a confirmed ranch, but no name/address/corporate evidence links it to AMB West.",Rejected / unrelated,rejected,Neighboring ownership is not beneficial ownership; distinct owner remains excluded.
MONTANA DEPARTMENT OF TRANSPORTATION,MONTANA DEPARTMENT OF TRANSPORTATION,2171.315,213,Beaverhead | Big Horn | Blaine | Broadwater | Carbon | Cascade | Chouteau | Custer | Deer Lodge | Fallon | Fergus | Flathead | Gallatin | Glacier | Granite | Hill | Judith Basin | Lake | Lewis and Clark | Liberty | Madison | Mineral | Missoula | Musselshell | Park | Phillips | Pondera | Ravalli | Richland | Roosevelt | Rosebud | Sanders | Sheridan | Silver Bow | Stillwater | Teton | Toole | Valley | Wheatland | Yellowstone,1625 11TH AVE HELENA MT 59601-4600 | 2701 PROSPECT AVE HELENA MT 59601-9726 | 2701 PROSPECT AVE HELENA MT 59601-9746 | 2701 PROSPECT AVE PO BOX 201001 HELENA MT 59601-9746 | 2701 PROSPECT AVE PO BOX 201001 HELENA MT 59620-1001 | 2701 PROSPECT AVE PO BOX 201002 HELENA MT 59601-9746 | ATTN: AERONAUTICS DIVISION PO BOX 201001 HELENA MT 59620-1001 | ATTN: RIGHT OF WAY BUREAU PO BOX 201001 HELENA MT 59620-1001 | PO BOX 1359 GREAT FALLS MT 59403-1359 | PO BOX 201001 HELENA MT 59620-1001 | PO BOX 201001 RIGH-OF-WAY BUREAU HELENA MT 59620-1001 | PO BOX 201002 2701 PROSPECT AVE HELENA MT 59620 | PO BOX 201002 HELENA MT 59620-1001 | PO BOX 3068 BUTTE MT 59702-3068 | PO BOX 7039 MISSOULA MT 59807-7039 | PO BOX 7338 KALISPELL MT 59904-0338 | RIGHT OF WAY BUREAU - ADD ONLY- PO BOX 201001 HELENA MT 59620-1001,geographic_within_one_mile; geography_stats:near=1;adjoining=0;min_m=55.9,"Keyword/fragment, identity-field, or proximity-only discovery signal.",Rejected / unrelated,rejected,No authoritative current relationship to Arthur Blank / AMB West; excluded.
LEHFELDT RAMBOUILLETS,LEHFELDT RAMBOUILLETS,2074.82,4,Golden Valley,PO BOX 175 LAVINA MT 59046-0175,broad_owner_fragment:AMB,"Keyword/fragment, identity-field, or proximity-only discovery signal.",Rejected / unrelated,rejected,No authoritative current relationship to Arthur Blank / AMB West; excluded.
RAMBO GRAIN & CATTLE CO,RAMBO GRAIN AND CATTLE CO,1915.8,4,Hill,PO BOX 112 GILDFORD MT 59525-0112,broad_owner_fragment:AMB,"Keyword/fragment, identity-field, or proximity-only discovery signal.",Rejected / unrelated,rejected,No authoritative current relationship to Arthur Blank / AMB West; excluded.
BVR MT LLC,BVR MT LLC,1909.142,10,Park,1106 W PARK ST STE 20-201 LIVINGSTON MT 59047-2955,geographic_within_one_mile; geography_stats:near=5;adjoining=0;min_m=412.0,"Keyword/fragment, identity-field, or proximity-only discovery signal.",Rejected / unrelated,rejected,No authoritative current relationship to Arthur Blank / AMB West; excluded.
RANCH LANDSCAPE HERITAGE CORP,RANCH LANDSCAPE HERITAGE CORP,1723.22,8,Park,66 WHITE STREET 5TH FLOOR NEW YORK NY 10013,geographic_within_one_mile; geography_stats:near=2;adjoining=0;min_m=803.6,"Keyword/fragment, identity-field, or proximity-only discovery signal.",Rejected / unrelated,rejected,No authoritative current relationship to Arthur Blank / AMB West; excluded.
DOMEK DUANE & JILL,DOMEK DUANE AND JILL,1633.42,3,Wibaux,PO BOX 225 WIBAUX MT 59353-0225,broad_owner_fragment:DOME,"Keyword/fragment, identity-field, or proximity-only discovery signal.",Rejected / unrelated,rejected,No authoritative current relationship to Arthur Blank / AMB West; excluded.
STEPHENS AMBERLY,STEPHENS AMBERLY,1609.294,8,Cascade | Lewis and Clark | Teton,PO BOX 274 AUGUSTA MT 59410-0274,broad_owner_fragment:AMB,"Keyword/fragment, identity-field, or proximity-only discovery signal.",Rejected / unrelated,rejected,No authoritative current relationship to Arthur Blank / AMB West; excluded.
WILKS RANCH MONTANA LTD A TEXAS DOMESTIC LIMITED PARTNERSHIP,WILKS RANCH MONTANA LTD A TEXAS DOMESTIC LIMITED PARTNERSHIP,1545.52,3,Dawson,PO BOX 111 CISCO TX 76437-0111,broad_owner_fragment:DOME,"Keyword/fragment, identity-field, or proximity-only discovery signal.",Rejected / unrelated,rejected,No authoritative current relationship to Arthur Blank / AMB West; excluded.
DEPT OF NATURAL RESOURCES,DEPT OF NATURAL RESOURCES,1512.58,3,Park,1625 11TH AVE HELENA MT 59601-4600 | PO BOX 201601 HELENA MT 59620-1601,geographic_adjoining_or_within_10m; geographic_within_one_mile; geography_stats:near=1;adjoining=1;min_m=0.0,"Cadastral geometry adjoins a confirmed ranch, but no name/address/corporate evidence links it to AMB West.",Rejected / unrelated,rejected,Neighboring ownership is not beneficial ownership; distinct owner remains excluded.
WEST RAZOR CREEK RANCH LLC,WEST RAZOR CREEK RANCH LLC,1494.715,7,Musselshell,705 SPANISH PEAKS DR MISSOULA MT 59803-2438,fuzzy_name:WEST CREEK RANCH LLC:0.870,Fuzzy name similarity only.,Rejected / unrelated,rejected,"Candidate discovery signal lacks address, geography and ownership corroboration."
RAMBUR CHAROLAIS LTD,RAMBUR CHAROLAIS LTD,1469.75,5,Richland,34790 COUNTY ROAD 118 SIDNEY MT 59270-6360,broad_owner_fragment:AMB,"Keyword/fragment, identity-field, or proximity-only discovery signal.",Rejected / unrelated,rejected,No authoritative current relationship to Arthur Blank / AMB West; excluded.
INFINITY RANCH LLC,INFINITY RANCH LLC,1416.984,7,Park,944 4TH ST N STE 600 SAINT PETERSBURG FL 33701-1735,geographic_within_one_mile; geography_stats:near=2;adjoining=0;min_m=856.4,"Keyword/fragment, identity-field, or proximity-only discovery signal.",Rejected / unrelated,rejected,No authoritative current relationship to Arthur Blank / AMB West; excluded.
PARADISE POINT LLC,PARADISE POINT LLC,1368.62,5,Fergus,1360 N LOUISIANA ST STE A-BOX190 KENNEWICK WA 99336-7171,broad_owner_fragment:PARADISE,"Keyword/fragment, identity-field, or proximity-only discovery signal.",Rejected / unrelated,rejected,No authoritative current relationship to Arthur Blank / AMB West; excluded.
LOST CREEK RANCH LLC,LOST CREEK RANCH LLC,1327.0,6,Sweet Grass,1900 PORT BRISTOL CIR NEWPORT BEACH CA 92660-5411,fuzzy_name:WEST CREEK RANCH LLC:0.900,Fuzzy name similarity only.,Rejected / unrelated,rejected,"Candidate discovery signal lacks address, geography and ownership corroboration."
RAMBERG RAY,RAMBERG RAY,1286.454,7,Hill | Liberty | Missoula,PO BOX 164 JOPLIN MT 59531-0164,broad_owner_fragment:AMB,"Keyword/fragment, identity-field, or proximity-only discovery signal.",Rejected / unrelated,rejected,No authoritative current relationship to Arthur Blank / AMB West; excluded.
ASH CREEK RANCH LLC,ASH CREEK RANCH LLC,1280.0,3,Custer,735 ROAD 664 MILES CITY MT 59301-8844,fuzzy_name:WEST CREEK RANCH LLC:0.872,Fuzzy name similarity only.,Rejected / unrelated,rejected,"Candidate discovery signal lacks address, geography and ownership corroboration."
DAVIS JACK & LORENE LLC,DAVIS JACK AND LORENE LLC,1267.77,4,Park,11 BARNEY CREEK RD LIVINGSTON MT 59047-9178,geographic_adjoining_or_within_10m; geographic_within_one_mile; geography_stats:near=1;adjoining=1;min_m=0.0,"Cadastral geometry adjoins a confirmed ranch, but no name/address/corporate evidence links it to AMB West.",Rejected / unrelated,rejected,Neighboring ownership is not beneficial ownership; distinct owner remains excluded.
DOMEK DUANE,DOMEK DUANE,1259.09,4,Dawson,PO BOX 225 WIBAUX MT 59353-0225,broad_owner_fragment:DOME,"Keyword/fragment, identity-field, or proximity-only discovery signal.",Rejected / unrelated,rejected,No authoritative current relationship to Arthur Blank / AMB West; excluded.
SKORPIL AMBER M,SKORPIL AMBER M,1251.66,5,Roosevelt,3452 152ND AVE NW CARTWRIGHT ND 58838-9656,broad_owner_fragment:AMB,"Keyword/fragment, identity-field, or proximity-only discovery signal.",Rejected / unrelated,rejected,No authoritative current relationship to Arthur Blank / AMB West; excluded.
RAMBERG LORI,RAMBERG LORI,1234.44,4,Liberty,PO BOX 164 JOPLIN MT 59531-0164,broad_owner_fragment:AMB,"Keyword/fragment, identity-field, or proximity-only discovery signal.",Rejected / unrelated,rejected,No authoritative current relationship to Arthur Blank / AMB West; excluded.
BLANKSMA DARYL RAY &,BLANKSMA DARYL RAY AND,1195.05,7,Gallatin,12299 CHURCHILL RD MANHATTAN MT 59741,broad_owner_fragment:BLANK,"Keyword/fragment, identity-field, or proximity-only discovery signal.",Rejected / unrelated,rejected,No authoritative current relationship to Arthur Blank / AMB West; excluded.
PHILIPPS JOSHUA JAMES & AMBER RENEE,PHILIPPS JOSHUA JAMES AND AMBER RENEE,1143.1,10,Pondera,881 FORT CONRAD TRL CONRAD MT 59425-9071,broad_owner_fragment:AMB,"Keyword/fragment, identity-field, or proximity-only discovery signal.",Rejected / unrelated,rejected,No authoritative current relationship to Arthur Blank / AMB West; excluded.
DIVIDE KAMBICH CO,DIVIDE KAMBICH CO,1117.646,9,Silver Bow,PO BOX 34 DIVIDE MT 59727-0034,broad_owner_fragment:AMB,"Keyword/fragment, identity-field, or proximity-only discovery signal.",Rejected / unrelated,rejected,No authoritative current relationship to Arthur Blank / AMB West; excluded.
ERICKSON AMBER JEAN ETAL,ERICKSON AMBER JEAN ETAL,1116.07,4,Chouteau,221 40TH AVE NE GREAT FALLS MT 59404-4267,broad_owner_fragment:AMB,"Keyword/fragment, identity-field, or proximity-only discovery signal.",Rejected / unrelated,rejected,No authoritative current relationship to Arthur Blank / AMB West; excluded.
NENTWIG LYNTON JR & AMBER,NENTWIG LYNTON JR AND AMBER,1099.98,2,Dawson,145 ROAD 243 GLENDIVE MT 59330-9423,broad_owner_fragment:AMB,"Keyword/fragment, identity-field, or proximity-only discovery signal.",Rejected / unrelated,rejected,No authoritative current relationship to Arthur Blank / AMB West; excluded.
RAMBO CHAD & TARA,RAMBO CHAD AND TARA,985.92,8,Pondera,PO BOX 66 VALIER MT 59486-0066,broad_owner_fragment:AMB,"Keyword/fragment, identity-field, or proximity-only discovery signal.",Rejected / unrelated,rejected,No authoritative current relationship to Arthur Blank / AMB West; excluded.
RAMBERG RAY R & LORI L,RAMBERG RAY R AND LORI L,959.51,4,Flathead | Hill,PO BOX 164 JOPLIN MT 59531-0164,broad_owner_fragment:AMB,"Keyword/fragment, identity-field, or proximity-only discovery signal.",Rejected / unrelated,rejected,No authoritative current relationship to Arthur Blank / AMB West; excluded.
AMB-ROGER MT DISCRETIONARY TRUST,AMB ROGER MT DISCRETIONARY TRUST,959.0,6,Chouteau,10100 HILLVIEW DR APT 109 PENSACOLA FL 32514-5454,broad_owner_fragment:AMB,No current Arthur Blank / AMB West ownership evidence.,Rejected / unrelated,rejected,initials/substring false positive in Chouteau County with Pensacola address
PARADISE RANCH INC,PARADISE RANCH INC,889.8,7,Fergus,749 WARM SPRING LN LEWISTOWN MT 59457-8101,broad_owner_fragment:PARADISE,"Keyword/fragment, identity-field, or proximity-only discovery signal.",Rejected / unrelated,rejected,No authoritative current relationship to Arthur Blank / AMB West; excluded.
ANDERSON ROBERT PAUL & VALERIE PAULETTE,ANDERSON ROBERT PAUL AND VALERIE PAULETTE,884.423,4,Park,529 TRAIL CREEK RD LIVINGSTON MT 59047-8819,geographic_adjoining_or_within_10m; geographic_within_one_mile; geography_stats:near=3;adjoining=2;min_m=0.0,"Cadastral geometry adjoins a confirmed ranch, but no name/address/corporate evidence links it to AMB West.",Rejected / unrelated,rejected,Neighboring ownership is not beneficial ownership; distinct owner remains excluded.
BRIDGERS PARADISE LLC,BRIDGERS PARADISE LLC,876.46,6,Sanders,PO BOX 861 PLAINS MT 59859-0861,broad_owner_fragment:PARADISE,"Keyword/fragment, identity-field, or proximity-only discovery signal.",Rejected / unrelated,rejected,No authoritative current relationship to Arthur Blank / AMB West; excluded.
RIGLER GORDON R & RONALD & ROSE &,RIGLER GORDON R AND RONALD AND ROSE AND,868.73,2,Park,404 MILL CREEK RD LIVINGSTON MT 59047-8737,geographic_within_one_mile; geography_stats:near=2;adjoining=0;min_m=615.8,"Keyword/fragment, identity-field, or proximity-only discovery signal.",Rejected / unrelated,rejected,No authoritative current relationship to Arthur Blank / AMB West; excluded.
ANTELOPE BASIN LLC,ANTELOPE BASIN LLC,855.405,3,Park,2319 US HIGHWAY 89 S EMIGRANT MT 59027-6023 | PO BOX 1641 EMIGRANT MT 59027-1641,geographic_adjoining_or_within_10m; geographic_within_one_mile; geography_stats:near=3;adjoining=3;min_m=0.0,"Cadastral geometry adjoins a confirmed ranch, but no name/address/corporate evidence links it to AMB West.",Rejected / unrelated,rejected,Neighboring ownership is not beneficial ownership; distinct owner remains excluded.
LAMBOTT LEONARD & PAMELA K,LAMBOTT LEONARD AND PAMELA K,849.45,3,Broadwater,8715 US HIGHWAY 287 TOSTON MT 59643-9603,broad_owner_fragment:AMB,"Keyword/fragment, identity-field, or proximity-only discovery signal.",Rejected / unrelated,rejected,No authoritative current relationship to Arthur Blank / AMB West; excluded.
O'HAIR RANCH CO,O HAIR RANCH CO,839.2,3,Park,PO BOX 955 LIVINGSTON MT 59047-0955,geographic_within_one_mile; geography_stats:near=1;adjoining=0;min_m=808.9,"Keyword/fragment, identity-field, or proximity-only discovery signal.",Rejected / unrelated,rejected,No authoritative current relationship to Arthur Blank / AMB West; excluded.
HARGROVE AMBER T TRUSTEE,HARGROVE AMBER T TRUSTEE,800.0,2,Gallatin,54 ZUELKE RD THREE FORKS MT 59752,broad_owner_fragment:AMB,"Keyword/fragment, identity-field, or proximity-only discovery signal.",Rejected / unrelated,rejected,No authoritative current relationship to Arthur Blank / AMB West; excluded.
VASSEUR HERBERT F & LOIS S RAMBERG-,VASSEUR HERBERT F AND LOIS S RAMBERG,800.0,3,Blaine,985 HIDDEN VALLEY RD CHINOOK MT 59523-9061,broad_owner_fragment:AMB,"Keyword/fragment, identity-field, or proximity-only discovery signal.",Rejected / unrelated,rejected,No authoritative current relationship to Arthur Blank / AMB West; excluded.
VASSEUR HERBERT & LOIS RAMBERG-VASSEUR,VASSEUR HERBERT AND LOIS RAMBERG VASSEUR,767.29,5,Blaine,1745 SHEPHERD RD N HAVRE MT 59501-6316,broad_owner_fragment:AMB,"Keyword/fragment, identity-field, or proximity-only discovery signal.",Rejected / unrelated,rejected,No authoritative current relationship to Arthur Blank / AMB West; excluded.
HICKLE RANDALL J & SUSAN J,HICKLE RANDALL J AND SUSAN J,764.991,4,Dawson | Deer Lodge | Park,15728 CARNIE RD HINCKLEY MN 55037-3717,geographic_within_one_mile; geography_stats:near=1;adjoining=0;min_m=465.9,"Keyword/fragment, identity-field, or proximity-only discovery signal.",Rejected / unrelated,rejected,No authoritative current relationship to Arthur Blank / AMB West; excluded.
PARADISE RANCH LLC,PARADISE RANCH LLC,760.0,4,Sanders,3054 CRAMDEN DR LEHI UT 84043,broad_owner_fragment:PARADISE,"Keyword/fragment, identity-field, or proximity-only discovery signal.",Rejected / unrelated,rejected,No authoritative current relationship to Arthur Blank / AMB West; excluded.
REY CREEK RANCH LLC,REY CREEK RANCH LLC,667.911,5,Gallatin,PO BOX 1147 BOZEMAN MT 59771-1147,fuzzy_name:WEST CREEK RANCH LLC:0.872,Fuzzy name similarity only.,Rejected / unrelated,rejected,"Candidate discovery signal lacks address, geography and ownership corroboration."
LAMBRIGHT ANDY & SUSAN,LAMBRIGHT ANDY AND SUSAN,667.83,2,Golden Valley,35 GREEN MOUNTAIN DR RYEGATE MT 59074-8501,broad_owner_fragment:AMB,"Keyword/fragment, identity-field, or proximity-only discovery signal.",Rejected / unrelated,rejected,No authoritative current relationship to Arthur Blank / AMB West; excluded.
RAMBO TYSON ALLAN,RAMBO TYSON ALLAN,665.86,6,Pondera,2434 BELGIAN CHURCH RD VALIER MT 59486,broad_owner_fragment:AMB,"Keyword/fragment, identity-field, or proximity-only discovery signal.",Rejected / unrelated,rejected,No authoritative current relationship to Arthur Blank / AMB West; excluded.
ARCHAMBEAULT GERALD T TRUSTEE,ARCHAMBEAULT GERALD T TRUSTEE,665.653,5,Valley,39 KAMPFER DR GLASGOW MT 59230-1551,broad_owner_fragment:AMB,"Keyword/fragment, identity-field, or proximity-only discovery signal.",Rejected / unrelated,rejected,No authoritative current relationship to Arthur Blank / AMB West; excluded.
LANCE REAL ESTATE LLC,LANCE REAL ESTATE LLC,626.148,17,Park,2603 DOMINECO LN KATY TX 77450-5373,geographic_within_one_mile; geography_stats:near=4;adjoining=0;min_m=1374.5,"Keyword/fragment, identity-field, or proximity-only discovery signal.",Rejected / unrelated,rejected,No authoritative current relationship to Arthur Blank / AMB West; excluded.
HARGROVE DAVID G & AMBER T,HARGROVE DAVID G AND AMBER T,606.349,8,Broadwater | Gallatin | Madison,54 ZUELKE RD THREE FORKS MT 59752 | 54 ZUELKE SAC RD THREE FORKS MT 59752-9334,broad_owner_fragment:AMB,"Keyword/fragment, identity-field, or proximity-only discovery signal.",Rejected / unrelated,rejected,No authoritative current relationship to Arthur Blank / AMB West; excluded.
LEGACY RANCH LLC,LEGACY RANCH LLC,597.15,8,Park,PO BOX 1418 CODY WY 82414-1418,geographic_within_one_mile; geography_stats:near=7;adjoining=0;min_m=376.4,"Keyword/fragment, identity-field, or proximity-only discovery signal.",Rejected / unrelated,rejected,No authoritative current relationship to Arthur Blank / AMB West; excluded.
RAMBOUILLET CO THE,RAMBOUILLET CO THE,552.81,2,Gallatin,C/O DOROTHY DENCKE 19663 N COBBLESTONE CT SURPRISE AZ 85374-4771,broad_owner_fragment:AMB,"Keyword/fragment, identity-field, or proximity-only discovery signal.",Rejected / unrelated,rejected,No authoritative current relationship to Arthur Blank / AMB West; excluded.
BIG CREEK RANCH CO LLC,BIG CREEK RANCH CO LLC,509.871,1,Park,PO BOX 940 OCALA FL 34478-0940,geographic_adjoining_or_within_10m; geographic_within_one_mile; geography_stats:near=1;adjoining=1;min_m=0.0,No current Arthur Blank / AMB West ownership evidence.,Rejected / unrelated,rejected,adjoining ranch with separate Florida address; proximity alone is not ownership evidence
RYFFEL FAMILY BIG TIMBER LTD PARTNERSHIP,RYFFEL FAMILY BIG TIMBER LTD PARTNERSHIP,507.666,8,Park,3113 S UNIVERSITY DR STE 600 FORT WORTH TX 76109-5622,geographic_adjoining_or_within_10m; geographic_within_one_mile; geography_stats:near=2;adjoining=2;min_m=0.0,"Cadastral geometry adjoins a confirmed ranch, but no name/address/corporate evidence links it to AMB West.",Rejected / unrelated,rejected,Neighboring ownership is not beneficial ownership; distinct owner remains excluded.
AMBER WAVES AG INC,AMBER WAVES AG INC,503.0,4,Toole,PO BOX 151 SHELBY MT 59474-0151,broad_owner_fragment:AMB,"Keyword/fragment, identity-field, or proximity-only discovery signal.",Rejected / unrelated,rejected,No authoritative current relationship to Arthur Blank / AMB West; excluded.
SAMBOLINE LLC,SAMBOLINE LLC,480.0,3,Fergus,93009 US HIGHWAY 87 LEWISTOWN MT 59457-4052,broad_owner_fragment:AMB,"Keyword/fragment, identity-field, or proximity-only discovery signal.",Rejected / unrelated,rejected,No authoritative current relationship to Arthur Blank / AMB West; excluded.
RAMBO TIMOTHY J,RAMBO TIMOTHY J,478.16,3,Pondera,3424 BELGIAN CHURCH RD VALIER MT 59486-5154,broad_owner_fragment:AMB,"Keyword/fragment, identity-field, or proximity-only discovery signal.",Rejected / unrelated,rejected,No authoritative current relationship to Arthur Blank / AMB West; excluded.
LAMBRECHT CRAIG & JEWEL,LAMBRECHT CRAIG AND JEWEL,433.973,8,Flathead | Powder River,513 REMINGTON RD BIGFORK MT 59911-6453,broad_owner_fragment:AMB,"Keyword/fragment, identity-field, or proximity-only discovery signal.",Rejected / unrelated,rejected,No authoritative current relationship to Arthur Blank / AMB West; excluded.
BURLINGTON NORTHERN INC,BURLINGTON NORTHERN INC,423.484,52,Big Horn | Chouteau | Daniels | Golden Valley | Hill | Jefferson | Lincoln | Park | Pondera | Richland | Stillwater | Teton | Wibaux | Yellowstone,176 5TH ST E SAINT PAUL MN 55101-1606 | 406 N CHEYENNE AVE HARDIN MT 59034-1811 | 777 MAIN ST 2600 CONTINENTAL PLAZA FORTH WORTH TX 76102 | MAIL TO PROPERTY TAX DEPT PO BOX 961089 FORT WORTH TX 76161-0089 | MAIL TO: CORPORATE TAX DEPT BUSCH AGRICULTURAL RESOURCES 1 BUSCH PL SAINT LOUIS MO 63118-1849 | MAILTO PROPERTY TAX DEPT PO BOX 961089 FORT WORTH TX 76161-0089 | PO BOX 5011 GREAT FALLS MT 59403-5011 | PO BOX 961089 FORT WORTH TX 76161-0089 | PROPERTY TAX DEPARTMENT 1700 E GOLF RD SCHAUMBURG IL 60173-5804 | PROPERTY TAX DEPARTMENT PO BOX 961089 FORT WORTH TX 76161-0089 | PROPERTY TAX DEPT 1206 CONTINENTAL PLAZA 777 MAIN ST FORT WORTH TX 76102-5304 | PROPERTY TAX DEPT PO BOX 961089 FORT WORTH TX 76161-0089,geographic_within_one_mile; geography_stats:near=3;adjoining=0;min_m=230.0,"Keyword/fragment, identity-field, or proximity-only discovery signal.",Rejected / unrelated,rejected,No authoritative current relationship to Arthur Blank / AMB West; excluded.
RAMBUR HOWARD,RAMBUR HOWARD,422.09,1,Richland,34790 COUNTY ROAD 118 SIDNEY MT 59270-6360,broad_owner_fragment:AMB,"Keyword/fragment, identity-field, or proximity-only discovery signal.",Rejected / unrelated,rejected,No authoritative current relationship to Arthur Blank / AMB West; excluded.
HOPE THOMAS A & AMBER L,HOPE THOMAS A AND AMBER L,420.0,4,Treasure,1279 TULLOCK CREEK RD BIGHORN MT 59010-9500,broad_owner_fragment:AMB,"Keyword/fragment, identity-field, or proximity-only discovery signal.",Rejected / unrelated,rejected,No authoritative current relationship to Arthur Blank / AMB West; excluded.
WEST DRY CREEK RANCH LLC,WEST DRY CREEK RANCH LLC,419.13,5,Park,MAIL TO ENGLEWOOD DEVELOPMENT CO. 860 E 86TH ST STE 5 INDIANAPOLIS IN 46240-6860,fuzzy_name:WEST CREEK RANCH LLC:0.909; geographic_within_one_mile; geography_stats:near=5;adjoining=0;min_m=306.1,Fuzzy name similarity only.,Rejected / unrelated,rejected,"Candidate discovery signal lacks address, geography and ownership corroboration."
KAMPS STEVEN B & AMBER DAWN,KAMPS STEVEN B AND AMBER DAWN,408.98,2,Powell,PO BOX 74 OVANDO MT 59854-0074,broad_owner_fragment:AMB,"Keyword/fragment, identity-field, or proximity-only discovery signal.",Rejected / unrelated,rejected,No authoritative current relationship to Arthur Blank / AMB West; excluded.
BLANKENSHIP BERT E AND DUKE J,BLANKENSHIP BERT E AND DUKE J,397.514,5,Powder River,44 UPPER OTTER CREEK RD OTTER MT 59062-9418,broad_owner_fragment:BLANK,"Keyword/fragment, identity-field, or proximity-only discovery signal.",Rejected / unrelated,rejected,No authoritative current relationship to Arthur Blank / AMB West; excluded.
RAMBERG KORD & KELSEY,RAMBERG KORD AND KELSEY,397.42,3,Liberty,1796 HAUL RD JOPLIN MT 59531-7753,broad_owner_fragment:AMB,"Keyword/fragment, identity-field, or proximity-only discovery signal.",Rejected / unrelated,rejected,No authoritative current relationship to Arthur Blank / AMB West; excluded.
RAMBERG CODY,RAMBERG CODY,390.6,2,Liberty,PO BOX 602 CHESTER MT 59522-0602,broad_owner_fragment:AMB,"Keyword/fragment, identity-field, or proximity-only discovery signal.",Rejected / unrelated,rejected,No authoritative current relationship to Arthur Blank / AMB West; excluded.
PARADISE LLC,PARADISE LLC,388.06,4,Flathead,892 W 10TH ST AZUSA CA 91702-1935,broad_owner_fragment:PARADISE,"Keyword/fragment, identity-field, or proximity-only discovery signal.",Rejected / unrelated,rejected,No authoritative current relationship to Arthur Blank / AMB West; excluded.
PARADISE VACATIONS LLC,PARADISE VACATIONS LLC,378.932,3,Sweet Grass,MAIL TO: BRIAN TRISLER PO BOX 1174 EMIGRANT MT 59027,broad_owner_fragment:PARADISE,"Keyword/fragment, identity-field, or proximity-only discovery signal.",Rejected / unrelated,rejected,No authoritative current relationship to Arthur Blank / AMB West; excluded.
MITCHELLS MILE HIGH RANCH INC,MITCHELLS MILE HIGH RANCH INC,375.65,2,Park,142 PINE CREEK RD LIVINGSTON MT 59047-9119,geographic_within_one_mile; geography_stats:near=1;adjoining=0;min_m=1026.0,"Keyword/fragment, identity-field, or proximity-only discovery signal.",Rejected / unrelated,rejected,No authoritative current relationship to Arthur Blank / AMB West; excluded.
STORY RANCH,STORY RANCH,371.49,2,Park,PO BOX 116 EMIGRANT MT 59027-0116,geographic_within_one_mile; geography_stats:near=1;adjoining=0;min_m=807.0,"Keyword/fragment, identity-field, or proximity-only discovery signal.",Rejected / unrelated,rejected,No authoritative current relationship to Arthur Blank / AMB West; excluded.
DE PARADISE LLC,DE PARADISE LLC,357.0,2,Sanders,2731 MOCKINGBIRD LN MIDLOTHIAN TX 76065,broad_owner_fragment:PARADISE,"Keyword/fragment, identity-field, or proximity-only discovery signal.",Rejected / unrelated,rejected,No authoritative current relationship to Arthur Blank / AMB West; excluded.
TOUCH OF PARADISE,TOUCH OF PARADISE,346.74,8,Park,PO BOX 1184 LIVINGSTON MT 59047-1184,broad_owner_fragment:PARADISE,"Keyword/fragment, identity-field, or proximity-only discovery signal.",Rejected / unrelated,rejected,No authoritative current relationship to Arthur Blank / AMB West; excluded.
ERIK'S RANCH INC,ERIK S RANCH INC,334.076,9,Park,3420 HERITAGE DR EDINA MN 55435-2289,geographic_adjoining_or_within_10m; geographic_within_one_mile; geography_stats:near=9;adjoining=2;min_m=0.0,"Cadastral geometry adjoins a confirmed ranch, but no name/address/corporate evidence links it to AMB West.",Rejected / unrelated,rejected,Neighboring ownership is not beneficial ownership; distinct owner remains excluded.
BLANKENSHIP JAY L & NICOLE N,BLANKENSHIP JAY L AND NICOLE N,333.88,1,Custer,1648 SWEENEY CREEK RD ROSEBUD MT 59347-9555,broad_owner_fragment:BLANK,"Keyword/fragment, identity-field, or proximity-only discovery signal.",Rejected / unrelated,rejected,No authoritative current relationship to Arthur Blank / AMB West; excluded.
HOFSTAD AMBER M ETAL,HOFSTAD AMBER M ETAL,333.7,2,Pondera,PO BOX 546 CONRAD MT 59425-0546,broad_owner_fragment:AMB,"Keyword/fragment, identity-field, or proximity-only discovery signal.",Rejected / unrelated,rejected,No authoritative current relationship to Arthur Blank / AMB West; excluded.
HOLDSAMBECK SHANNON E & REX L,HOLDSAMBECK SHANNON E AND REX L,320.65,2,Pondera,445 DEARBORN AVE MISSOULA MT 59801-8032,broad_owner_fragment:AMB,"Keyword/fragment, identity-field, or proximity-only discovery signal.",Rejected / unrelated,rejected,No authoritative current relationship to Arthur Blank / AMB West; excluded.
320 AMBER WAVES OF GRAIN LLC,320 AMBER WAVES OF GRAIN LLC,320.0,2,Valley,MAIL TO: DALE BRETZKE 1948 LEISURE WORLD MESA AZ 85206-5322,broad_owner_fragment:AMB,"Keyword/fragment, identity-field, or proximity-only discovery signal.",Rejected / unrelated,rejected,No authoritative current relationship to Arthur Blank / AMB West; excluded.
ARGABRIGHT JEREMY E & AMBER D,ARGABRIGHT JEREMY E AND AMBER D,320.0,1,Dawson,482 COUNTY ROAD 521 BLOOMFIELD MT 59315-9501,broad_owner_fragment:AMB,"Keyword/fragment, identity-field, or proximity-only discovery signal.",Rejected / unrelated,rejected,No authoritative current relationship to Arthur Blank / AMB West; excluded.
BLANKSMA DAVID LEE & ETAL,BLANKSMA DAVID LEE AND ETAL,320.0,1,Golden Valley,25760 NORRIS RD BOZEMAN MT 59718-7512,broad_owner_fragment:BLANK,"Keyword/fragment, identity-field, or proximity-only discovery signal.",Rejected / unrelated,rejected,No authoritative current relationship to Arthur Blank / AMB West; excluded.
DOMEK AUSTIN J & JENNY E,DOMEK AUSTIN J AND JENNY E,320.0,1,Wibaux,PO BOX 443 WIBAUX MT 59353-0443,broad_owner_fragment:DOME,"Keyword/fragment, identity-field, or proximity-only discovery signal.",Rejected / unrelated,rejected,No authoritative current relationship to Arthur Blank / AMB West; excluded.
NENTWIG LYNTON J JR & AMBER,NENTWIG LYNTON J JR AND AMBER,320.0,1,Dawson,145 ROAD 243 GLENDIVE MT 59330-9423,broad_owner_fragment:AMB,"Keyword/fragment, identity-field, or proximity-only discovery signal.",Rejected / unrelated,rejected,No authoritative current relationship to Arthur Blank / AMB West; excluded.
RAMBERG RAY R & LORI,RAMBERG RAY R AND LORI,320.0,1,Hill,PO BOX 164 JOPLIN MT 59531-0164,broad_owner_fragment:AMB,"Keyword/fragment, identity-field, or proximity-only discovery signal.",Rejected / unrelated,rejected,No authoritative current relationship to Arthur Blank / AMB West; excluded.
SIMONDI DOMENIC J,SIMONDI DOMENIC J,320.0,1,Petroleum,248 GOFFENA RD ROUNDUP MT 59072-6105,broad_owner_fragment:DOME,"Keyword/fragment, identity-field, or proximity-only discovery signal.",Rejected / unrelated,rejected,No authoritative current relationship to Arthur Blank / AMB West; excluded.
PARADISE VALLEY PROPERTIES LLC,PARADISE VALLEY PROPERTIES LLC,317.25,2,Park,18296 S BOGYNSKI RD OREGON CITY OR 97045-9303,broad_owner_fragment:PARADISE,No current Arthur Blank / AMB West ownership evidence.,Rejected / unrelated,rejected,generic geographic-name owner with unrelated Oregon address
WEBER ROBERT L,WEBER ROBERT L,316.0,1,Park,4417 OLD YELLOWSTONE TRL N LIVINGSTON MT 59047-8805,geographic_adjoining_or_within_10m; geographic_within_one_mile; geography_stats:near=1;adjoining=1;min_m=0.0,"Cadastral geometry adjoins a confirmed ranch, but no name/address/corporate evidence links it to AMB West.",Rejected / unrelated,rejected,Neighboring ownership is not beneficial ownership; distinct owner remains excluded.
LAMBROS WENDY,LAMBROS WENDY,315.0,2,Hill,PO BOX 151 HINGHAM MT 59528-0151,broad_owner_fragment:AMB,"Keyword/fragment, identity-field, or proximity-only discovery signal.",Rejected / unrelated,rejected,No authoritative current relationship to Arthur Blank / AMB West; excluded.
PIDGEON SAMBOLT NANCY J TRUSTEE,PIDGEON SAMBOLT NANCY J TRUSTEE,314.92,1,Richland,493 APPLE PINE CIR HUDSON WI 54016-8184,broad_owner_fragment:AMB,"Keyword/fragment, identity-field, or proximity-only discovery signal.",Rejected / unrelated,rejected,No authoritative current relationship to Arthur Blank / AMB West; excluded.
LAMBOTT  LEONARD,LAMBOTT LEONARD,309.68,6,Broadwater,8715 US HIGHWAY 287 TOSTON MT 59643-9603,broad_owner_fragment:AMB,"Keyword/fragment, identity-field, or proximity-only discovery signal.",Rejected / unrelated,rejected,No authoritative current relationship to Arthur Blank / AMB West; excluded.
KEMPISKY BRIAN,KEMPISKY BRIAN,308.42,15,Park,430 S TRACY AVE BOZEMAN MT 59715-5276,geographic_within_one_mile; geography_stats:near=14;adjoining=0;min_m=791.4,"Keyword/fragment, identity-field, or proximity-only discovery signal.",Rejected / unrelated,rejected,No authoritative current relationship to Arthur Blank / AMB West; excluded.
AMBROSE FAMILY TRUST,AMBROSE FAMILY TRUST,297.723,10,Flathead,3678 FOOTHILL RD KALISPELL MT 59901-8313 | 5730 MT HIGHWAY 35 KALISPELL MT 59901-8215,broad_owner_fragment:AMB,"Keyword/fragment, identity-field, or proximity-only discovery signal.",Rejected / unrelated,rejected,No authoritative current relationship to Arthur Blank / AMB West; excluded.
WESTERN SHAMBALLA INC,WESTERN SHAMBALLA INC,293.821,9,Gallatin | Park,63 SUMMIT WAY GARDINER MT 59030-9314,broad_owner_fragment:AMB,"Keyword/fragment, identity-field, or proximity-only discovery signal.",Rejected / unrelated,rejected,No authoritative current relationship to Arthur Blank / AMB West; excluded.
AMBROSE FARM TRUST,AMBROSE FARM TRUST,291.99,6,Flathead,5730 MT HIGHWAY 35 KALISPELL MT 59901-8215,broad_owner_fragment:AMB,"Keyword/fragment, identity-field, or proximity-only discovery signal.",Rejected / unrelated,rejected,No authoritative current relationship to Arthur Blank / AMB West; excluded.
PIRTZ NATHAN M & AMBER R,PIRTZ NATHAN M AND AMBER R,278.99,3,Carbon,PO BOX 1943 RED LODGE MT 59068-1943,broad_owner_fragment:AMB,"Keyword/fragment, identity-field, or proximity-only discovery signal.",Rejected / unrelated,rejected,No authoritative current relationship to Arthur Blank / AMB West; excluded.
MURPHY SETH JACK & CHANTEL AMBER,MURPHY SETH JACK AND CHANTEL AMBER,270.21,1,Prairie,MAIL TO: MATHIASON DUSTIN PO BOX 157 FALLON MT 59326-0157,broad_owner_fragment:AMB,"Keyword/fragment, identity-field, or proximity-only discovery signal.",Rejected / unrelated,rejected,No authoritative current relationship to Arthur Blank / AMB West; excluded.
LAMBOTT LEONARD,LAMBOTT LEONARD,268.449,5,Broadwater,8715 US HIGHWAY 287 TOSTON MT 59643-9603 | MAIL TO: NOYES JASON K & KAREN 166 TOSTON DAM RD TOSTON MT 59643-9614,broad_owner_fragment:AMB,"Keyword/fragment, identity-field, or proximity-only discovery signal.",Rejected / unrelated,rejected,No authoritative current relationship to Arthur Blank / AMB West; excluded.
AMBIENT SOLUTIONS LLC,AMBIENT SOLUTIONS LLC,256.93,1,Richland,309 28TH ST NW MINOT ND 58703-2885,broad_owner_fragment:AMB,"Keyword/fragment, identity-field, or proximity-only discovery signal.",Rejected / unrelated,rejected,No authoritative current relationship to Arthur Blank / AMB West; excluded.
HERITAGE RANCH LLC,HERITAGE RANCH LLC,246.2,6,Park,30 PINE CREEK RD LIVINGSTON MT 59047-9118,geographic_within_one_mile; geography_stats:near=4;adjoining=0;min_m=221.9,"Keyword/fragment, identity-field, or proximity-only discovery signal.",Rejected / unrelated,rejected,No authoritative current relationship to Arthur Blank / AMB West; excluded.
POST CREEK RANCH LLC,POST CREEK RANCH LLC,243.912,3,Lake,5000 BIRCH ST STE 8500 NEWPORT BEACH CA 92660-8137,fuzzy_name:WEST CREEK RANCH LLC:0.900,Fuzzy name similarity only.,Rejected / unrelated,rejected,"Candidate discovery signal lacks address, geography and ownership corroboration."
RAMBERG FARMS INC,RAMBERG FARMS INC,240.0,1,Liberty,PO BOX 164 JOPLIN MT 59531-0164,broad_owner_fragment:AMB,"Keyword/fragment, identity-field, or proximity-only discovery signal.",Rejected / unrelated,rejected,No authoritative current relationship to Arthur Blank / AMB West; excluded.
RAMBO TYSON,RAMBO TYSON,237.93,2,Pondera,3424 BELGIAN CHURCH RD VALIER MT 59486-5154,broad_owner_fragment:AMB,"Keyword/fragment, identity-field, or proximity-only discovery signal.",Rejected / unrelated,rejected,No authoritative current relationship to Arthur Blank / AMB West; excluded.
AMBER BEAR FARM LLC,AMBER BEAR FARM LLC,235.81,1,Sanders,PO BOX 73 HERON MT 59844-0073,broad_owner_fragment:AMB,"Keyword/fragment, identity-field, or proximity-only discovery signal.",Rejected / unrelated,rejected,No authoritative current relationship to Arthur Blank / AMB West; excluded.
BLANKERS RICHARD L,BLANKERS RICHARD L,232.497,6,Lincoln,721 TETRAULT LAKE RD EUREKA MT 59917-9371,broad_owner_fragment:BLANK,"Keyword/fragment, identity-field, or proximity-only discovery signal.",Rejected / unrelated,rejected,No authoritative current relationship to Arthur Blank / AMB West; excluded.
WEST FORK RANCH LLC,WEST FORK RANCH LLC,227.89,2,Ravalli,5637 N INDIANOLA AVE CLOVIS CA 93619-9425,fuzzy_name:WEST CREEK RANCH LLC:0.872,Fuzzy name similarity only.,Rejected / unrelated,rejected,"Candidate discovery signal lacks address, geography and ownership corroboration."
GLASTONBURY LANDOWNERS ASSOCIATION INC,GLASTONBURY LANDOWNERS ASSOCIATION INC,227.16,3,Park,PO BOX 312 EMIGRANT MT 59027-0312,geographic_within_one_mile; geography_stats:near=2;adjoining=0;min_m=475.0,"Keyword/fragment, identity-field, or proximity-only discovery signal.",Rejected / unrelated,rejected,No authoritative current relationship to Arthur Blank / AMB West; excluded.
MONTANA LAND & CATTLE CO,MONTANA LAND AND CATTLE CO,225.863,3,Park,89 CLARK LN LIVINGSTON MT 59047-8706,geographic_within_one_mile; geography_stats:near=1;adjoining=0;min_m=510.6,"Keyword/fragment, identity-field, or proximity-only discovery signal.",Rejected / unrelated,rejected,No authoritative current relationship to Arthur Blank / AMB West; excluded.
LAMBOTT LEONARD & PAMELA,LAMBOTT LEONARD AND PAMELA,221.046,5,Broadwater,8715 US HIGHWAY 287 TOSTON MT 59643-9603,broad_owner_fragment:AMB,"Keyword/fragment, identity-field, or proximity-only discovery signal.",Rejected / unrelated,rejected,No authoritative current relationship to Arthur Blank / AMB West; excluded.
DURGAN JAMES R,DURGAN JAMES R,213.0,3,Park,4507 OLD YELLOWSTONE TRL N LIVINGSTON MT 59047-8804,geographic_adjoining_or_within_10m; geographic_within_one_mile; geography_stats:near=3;adjoining=2;min_m=0.0,"Cadastral geometry adjoins a confirmed ranch, but no name/address/corporate evidence links it to AMB West.",Rejected / unrelated,rejected,Neighboring ownership is not beneficial ownership; distinct owner remains excluded.
BOESE JEFF & AMBER,BOESE JEFF AND AMBER,206.47,1,Dawson,301 ROAD 250 GLENDIVE MT 59330-9540,broad_owner_fragment:AMB,"Keyword/fragment, identity-field, or proximity-only discovery signal.",Rejected / unrelated,rejected,No authoritative current relationship to Arthur Blank / AMB West; excluded.
KAMPS STEVEN B & AMBER D,KAMPS STEVEN B AND AMBER D,202.47,1,Powell,PO BOX 74 OVANDO MT 59854-0074,broad_owner_fragment:AMB,"Keyword/fragment, identity-field, or proximity-only discovery signal.",Rejected / unrelated,rejected,No authoritative current relationship to Arthur Blank / AMB West; excluded.
KAMPS AMBER DAWN,KAMPS AMBER DAWN,200.0,1,Powell,PO BOX 74 OVANDO MT 59854-0074,broad_owner_fragment:AMB,"Keyword/fragment, identity-field, or proximity-only discovery signal.",Rejected / unrelated,rejected,No authoritative current relationship to Arthur Blank / AMB West; excluded.
"WAMBEKE, RONALD",WAMBEKE RONALD,200.0,1,Yellowstone,3737 IROQUOIS TRL BILLINGS MT 59106-9626,broad_owner_fragment:AMB,"Keyword/fragment, identity-field, or proximity-only discovery signal.",Rejected / unrelated,rejected,No authoritative current relationship to Arthur Blank / AMB West; excluded.
WIEGELE SHARON A TRUST,WIEGELE SHARON A TRUST,181.977,2,Park,1835 460TH ST HARRIS MN 55032-3855,geographic_within_one_mile; geography_stats:near=1;adjoining=0;min_m=412.5,"Keyword/fragment, identity-field, or proximity-only discovery signal.",Rejected / unrelated,rejected,No authoritative current relationship to Arthur Blank / AMB West; excluded.
LINK MATHEW B & AMBER,LINK MATHEW B AND AMBER,181.79,3,Big Horn,706 N CRAWFORD AVE HARDIN MT 59034-1419,broad_owner_fragment:AMB,"Keyword/fragment, identity-field, or proximity-only discovery signal.",Rejected / unrelated,rejected,No authoritative current relationship to Arthur Blank / AMB West; excluded.
FLADAGER SHAWN & AMBER,FLADAGER SHAWN AND AMBER,181.72,3,Daniels,3304 KINGWOOD DR GREAT FALLS MT 59404-5138,broad_owner_fragment:AMB,"Keyword/fragment, identity-field, or proximity-only discovery signal.",Rejected / unrelated,rejected,No authoritative current relationship to Arthur Blank / AMB West; excluded.
HOBACK MEADOWS HOMEOWNERS' ASSOCIATION LLC,HOBACK MEADOWS HOMEOWNERS ASSOCIATION LLC,176.026,2,Park,29 HORSESHOE LN LIVINGSTON MT 59047-8830,geographic_within_one_mile; geography_stats:near=2;adjoining=0;min_m=311.8,"Keyword/fragment, identity-field, or proximity-only discovery signal.",Rejected / unrelated,rejected,No authoritative current relationship to Arthur Blank / AMB West; excluded.
LAMBRIGHT ORVAL & LEONA,LAMBRIGHT ORVAL AND LEONA,160.02,1,Golden Valley,1487 RED MOUNTAIN TRL COTOPAXI CO 81223-8807,broad_owner_fragment:AMB,"Keyword/fragment, identity-field, or proximity-only discovery signal.",Rejected / unrelated,rejected,No authoritative current relationship to Arthur Blank / AMB West; excluded.
BLANKENSHIP WILLIAM R & KATHRYN ANN,BLANKENSHIP WILLIAM R AND KATHRYN ANN,160.0,1,Dawson,440 FAS 335 GLENDIVE MT 59330-9576,broad_owner_fragment:BLANK,"Keyword/fragment, identity-field, or proximity-only discovery signal.",Rejected / unrelated,rejected,No authoritative current relationship to Arthur Blank / AMB West; excluded.
DOMEK SETH &,DOMEK SETH AND,160.0,1,Dawson,390A LONE TREE RD WIBAUX MT 59353-8506,broad_owner_fragment:DOME,"Keyword/fragment, identity-field, or proximity-only discovery signal.",Rejected / unrelated,rejected,No authoritative current relationship to Arthur Blank / AMB West; excluded.
HOLDER AMBER A &,HOLDER AMBER A AND,160.0,1,Lincoln,195 LIMEKILN RD RIDGEFIELD CT 06877-3418,broad_owner_fragment:AMB,"Keyword/fragment, identity-field, or proximity-only discovery signal.",Rejected / unrelated,rejected,No authoritative current relationship to Arthur Blank / AMB West; excluded.
LAMBERT PETER,LAMBERT PETER,160.0,1,Blaine,PO BOX 98 HARLEM MT 59526-0098,broad_owner_fragment:AMB,"Keyword/fragment, identity-field, or proximity-only discovery signal.",Rejected / unrelated,rejected,No authoritative current relationship to Arthur Blank / AMB West; excluded.
PARADISE VALLEY HUNTING LODGE,PARADISE VALLEY HUNTING LODGE,159.31,1,Silver Bow,3829 E BENCH RD DILLON MT 59725-7203,broad_owner_fragment:PARADISE,"Keyword/fragment, identity-field, or proximity-only discovery signal.",Rejected / unrelated,rejected,No authoritative current relationship to Arthur Blank / AMB West; excluded.
KOKOT VERONICA,KOKOT VERONICA,159.0,1,Park,104 TANA LN LIVINGSTON MT 59047-9214,geographic_adjoining_or_within_10m; geographic_within_one_mile; geography_stats:near=1;adjoining=1;min_m=0.0,"Cadastral geometry adjoins a confirmed ranch, but no name/address/corporate evidence links it to AMB West.",Rejected / unrelated,rejected,Neighboring ownership is not beneficial ownership; distinct owner remains excluded.
ARDUINI WEST CREEK RANCH LLC,ARDUINI WEST CREEK RANCH LLC,158.21,2,Ravalli,9625 W FORK RD DARBY MT 59829-8654,broad_owner_fragment:WEST CREEK; specific_owner_keyword:WEST CREEK,"Keyword/fragment, identity-field, or proximity-only discovery signal.",Rejected / unrelated,rejected,No authoritative current relationship to Arthur Blank / AMB West; excluded.
WEBB PAUL HARTLEY & AMBER,WEBB PAUL HARTLEY AND AMBER,157.65,1,Silver Bow,PO BOX 287 AVON MT 59713-0287,broad_owner_fragment:AMB,"Keyword/fragment, identity-field, or proximity-only discovery signal.",Rejected / unrelated,rejected,No authoritative current relationship to Arthur Blank / AMB West; excluded.
GALLAGHER KEVIN C & ROSELYN S,GALLAGHER KEVIN C AND ROSELYN S,155.5,1,Park,1821 OLD YELLOWSTONE TRL S EMIGRANT MT 59027-6006,geographic_within_one_mile; geography_stats:near=1;adjoining=0;min_m=170.0,"Keyword/fragment, identity-field, or proximity-only discovery signal.",Rejected / unrelated,rejected,No authoritative current relationship to Arthur Blank / AMB West; excluded.
CHAMBERS PAMELA L ETAL,CHAMBERS PAMELA L ETAL,153.495,1,Cascade,C/O MARILYN KIND 581 GOOD HILL ROAD GREAT FALLS MT 59405,broad_owner_fragment:AMB,"Keyword/fragment, identity-field, or proximity-only discovery signal.",Rejected / unrelated,rejected,No authoritative current relationship to Arthur Blank / AMB West; excluded.
WAGGONER FAMILY PROPERTIES INC,WAGGONER FAMILY PROPERTIES INC,153.136,11,Park | Toole | Yellowstone,5220 MIDLAND RD BILLINGS MT 59101-6324 | PO BOX 1516 BILLINGS MT 59103-1516 | PO BOX 31357 BILLINGS MT 59107-1357,geographic_adjoining_or_within_10m; geographic_within_one_mile; geography_stats:near=3;adjoining=2;min_m=0.0,"Cadastral geometry adjoins a confirmed ranch, but no name/address/corporate evidence links it to AMB West.",Rejected / unrelated,rejected,Neighboring ownership is not beneficial ownership; distinct owner remains excluded.
LAMBROU MARIELLE ELENI,LAMBROU MARIELLE ELENI,150.9,2,Flathead,DEMETRIOS P LAMBROU 472 UPPER NINETEEN RD WHITEFISH MT 59937-8995,broad_owner_fragment:AMB,"Keyword/fragment, identity-field, or proximity-only discovery signal.",Rejected / unrelated,rejected,No authoritative current relationship to Arthur Blank / AMB West; excluded.
TARTER DAVID CODY & AMBER LYNN,TARTER DAVID CODY AND AMBER LYNN,142.84,1,Beaverhead,PO BOX 150 DILLON MT 59725-0150,broad_owner_fragment:AMB,"Keyword/fragment, identity-field, or proximity-only discovery signal.",Rejected / unrelated,rejected,No authoritative current relationship to Arthur Blank / AMB West; excluded.
WOLFE MATTHEW J &,WOLFE MATTHEW J AND,141.55,2,Park,49 COW TRL LIVINGSTON MT 59047-8828,geographic_adjoining_or_within_10m; geographic_within_one_mile; geography_stats:near=2;adjoining=1;min_m=0.0,"Cadastral geometry adjoins a confirmed ranch, but no name/address/corporate evidence links it to AMB West.",Rejected / unrelated,rejected,Neighboring ownership is not beneficial ownership; distinct owner remains excluded.
BLANK PROPERTIES LLLP,BLANK PROPERTIES LLLP,140.74,7,Missoula,7971 RIVIERA BLVD STE 401 MIRAMAR FL 33023-6449,broad_owner_fragment:BLANK,"Keyword/fragment, identity-field, or proximity-only discovery signal.",Rejected / unrelated,rejected,No authoritative current relationship to Arthur Blank / AMB West; excluded.
AMBERSTONE RANCH LLC,AMBERSTONE RANCH LLC,137.738,1,Lincoln,246 LOON CONNECTOR RD LIBBY MT 59923-7757,broad_owner_fragment:AMB,"Keyword/fragment, identity-field, or proximity-only discovery signal.",Rejected / unrelated,rejected,No authoritative current relationship to Arthur Blank / AMB West; excluded.
LAMBOTT LEONARD H & PAMELA K,LAMBOTT LEONARD H AND PAMELA K,136.05,5,Broadwater,8715 US HIGHWAY 287 TOSTON MT 59643-9603,broad_owner_fragment:AMB,"Keyword/fragment, identity-field, or proximity-only discovery signal.",Rejected / unrelated,rejected,No authoritative current relationship to Arthur Blank / AMB West; excluded.
BRAMBLE GARY AKA BRAMBLE GARY W &,BRAMBLE GARY AKA BRAMBLE GARY W AND,132.011,4,Carbon,147 MUSGRAVE RD BELFRY MT 59008-9551,broad_owner_fragment:AMB,"Keyword/fragment, identity-field, or proximity-only discovery signal.",Rejected / unrelated,rejected,No authoritative current relationship to Arthur Blank / AMB West; excluded.
MOONEY AMBER & JOSIAH,MOONEY AMBER AND JOSIAH,131.32,1,Madison,175 ANTLER PEAK LN KALISPELL MT 59901-8581,broad_owner_fragment:AMB,"Keyword/fragment, identity-field, or proximity-only discovery signal.",Rejected / unrelated,rejected,No authoritative current relationship to Arthur Blank / AMB West; excluded.
REEDFLY MOUNTAIN LLC,REEDFLY MOUNTAIN LLC,127.71,2,Park,PO BOX 239 EMIGRANT MT 59027-0239,geographic_within_one_mile; geography_stats:near=2;adjoining=0;min_m=864.7,"Keyword/fragment, identity-field, or proximity-only discovery signal.",Rejected / unrelated,rejected,No authoritative current relationship to Arthur Blank / AMB West; excluded.
GAMBLE DONNA L,GAMBLE DONNA L,123.71,9,Granite | Missoula,25 ARLENE DR CLINTON MT 59825-9666,broad_owner_fragment:AMB,"Keyword/fragment, identity-field, or proximity-only discovery signal.",Rejected / unrelated,rejected,No authoritative current relationship to Arthur Blank / AMB West; excluded.
PAPPERT ROBERT S,PAPPERT ROBERT S,122.52,6,Park,7201 PIPER POINT LN CHARLOTTE NC 28277-0379,geographic_within_one_mile; geography_stats:near=2;adjoining=0;min_m=370.4,"Keyword/fragment, identity-field, or proximity-only discovery signal.",Rejected / unrelated,rejected,No authoritative current relationship to Arthur Blank / AMB West; excluded.
BLANKSMA PETER LOREN ETAL,BLANKSMA PETER LOREN ETAL,122.38,1,Teton,22874 NORRIS RD BOZEMAN MT 59718-6086,broad_owner_fragment:BLANK,"Keyword/fragment, identity-field, or proximity-only discovery signal.",Rejected / unrelated,rejected,No authoritative current relationship to Arthur Blank / AMB West; excluded.
LAMBERT SCHOOL DISTRICTS NO 4 & 86,LAMBERT SCHOOL DISTRICTS NO 4 AND 86,121.89,25,Richland,PO BOX 260 LAMBERT MT 59243-0260,broad_owner_fragment:AMB,"Keyword/fragment, identity-field, or proximity-only discovery signal.",Rejected / unrelated,rejected,No authoritative current relationship to Arthur Blank / AMB West; excluded.
MALCOLM CONNIE M,MALCOLM CONNIE M,120.48,2,Park,776 US HIGHWAY 10 W LIVINGSTON MT 59047-8914,geographic_within_one_mile; geography_stats:near=1;adjoining=0;min_m=359.0,"Keyword/fragment, identity-field, or proximity-only discovery signal.",Rejected / unrelated,rejected,No authoritative current relationship to Arthur Blank / AMB West; excluded.
LAKE JOHN L JR,LAKE JOHN L JR,120.01,5,Park,PO BOX 5375 SALTON CITY CA 92275-5375,geographic_within_one_mile; geography_stats:near=5;adjoining=0;min_m=34.9,"Keyword/fragment, identity-field, or proximity-only discovery signal.",Rejected / unrelated,rejected,No authoritative current relationship to Arthur Blank / AMB West; excluded.
RAMBO TIM,RAMBO TIM,120.0,2,Pondera,3424 BELGIAN CHURCH RD VALIER MT 59486-5154,broad_owner_fragment:AMB,"Keyword/fragment, identity-field, or proximity-only discovery signal.",Rejected / unrelated,rejected,No authoritative current relationship to Arthur Blank / AMB West; excluded.
KEIL AMBER R,KEIL AMBER R,118.27,2,Pondera,881 FORT CONRAD TRL CONRAD MT 59425-9071,broad_owner_fragment:AMB,"Keyword/fragment, identity-field, or proximity-only discovery signal.",Rejected / unrelated,rejected,No authoritative current relationship to Arthur Blank / AMB West; excluded.
RAMBO CHAD,RAMBO CHAD,114.151,3,Pondera,232 SHOWDOWN LN VALIER MT 59486-5298 | PO BOX 66 VALIER MT 59486-0066,broad_owner_fragment:AMB,"Keyword/fragment, identity-field, or proximity-only discovery signal.",Rejected / unrelated,rejected,No authoritative current relationship to Arthur Blank / AMB West; excluded.
PHILIPPS JOSH & AMBER,PHILIPPS JOSH AND AMBER,113.97,1,Pondera,881 FORT CONRAD TRL CONRAD MT 59425-9071,broad_owner_fragment:AMB,"Keyword/fragment, identity-field, or proximity-only discovery signal.",Rejected / unrelated,rejected,No authoritative current relationship to Arthur Blank / AMB West; excluded.
CURRY ZANE &,CURRY ZANE AND,110.25,2,Park,PO BOX 416 EMIGRANT MT 59027-0416,geographic_within_one_mile; geography_stats:near=2;adjoining=0;min_m=430.1,"Keyword/fragment, identity-field, or proximity-only discovery signal.",Rejected / unrelated,rejected,No authoritative current relationship to Arthur Blank / AMB West; excluded.
CHAMBERLAIN GREGORY D ESTATE,CHAMBERLAIN GREGORY D ESTATE,109.575,2,Cascade,C/O LAUBACH RONALD & DEBBIE 1199 WILSON RD POWER MT 59468 | MAIL TO: LAUBACH RONALD & DEBBIE 1199 WILSON RD POWER MT 59468,broad_owner_fragment:AMB,"Keyword/fragment, identity-field, or proximity-only discovery signal.",Rejected / unrelated,rejected,No authoritative current relationship to Arthur Blank / AMB West; excluded.
PHELPS FAMILY MARITAL TRUST,PHELPS FAMILY MARITAL TRUST,109.47,1,Park,3930 US HIGHWAY 89 S LIVINGSTON MT 59047-9160,geographic_adjoining_or_within_10m; geographic_within_one_mile; geography_stats:near=1;adjoining=1;min_m=0.0,"Cadastral geometry adjoins a confirmed ranch, but no name/address/corporate evidence links it to AMB West.",Rejected / unrelated,rejected,Neighboring ownership is not beneficial ownership; distinct owner remains excluded.
AMBROZE FAMILY MONTANA PROPERTY TRUST,AMBROZE FAMILY MONTANA PROPERTY TRUST,108.26,5,Flathead,1250 HEARDS FERRY RD NW ATLANTA GA 30328 | WAYNE L AMBROZE JR & DEBORAH M AMBROZE 1250 HEARDS FERRY RD ATLANTA GA 30328-4734,broad_owner_fragment:AMB,"Keyword/fragment, identity-field, or proximity-only discovery signal.",Rejected / unrelated,rejected,No authoritative current relationship to Arthur Blank / AMB West; excluded.
ARTHUR JAMES M & LEE ANN TRUSTEES,ARTHUR JAMES M AND LEE ANN TRUSTEES,107.172,5,Park,3454 SUNSHINE RD ROYAL AR 71968-9730,geographic_adjoining_or_within_10m; geographic_within_one_mile; geography_stats:near=4;adjoining=1;min_m=0.0,"Cadastral geometry adjoins a confirmed ranch, but no name/address/corporate evidence links it to AMB West.",Rejected / unrelated,rejected,Neighboring ownership is not beneficial ownership; distinct owner remains excluded.
PARADISE ACRES,PARADISE ACRES,102.96,2,Park,MAIL TO LYNDA GOODSELL TREASURER PO BOX 1147 COOKE CITY MT 59020,broad_owner_fragment:PARADISE,"Keyword/fragment, identity-field, or proximity-only discovery signal.",Rejected / unrelated,rejected,No authoritative current relationship to Arthur Blank / AMB West; excluded.
ASHLING RANCH LLC,ASHLING RANCH LLC,101.315,4,Park,4987 TYNE RIDGE CT NASHVILLE TN 37220-1531,geographic_within_one_mile; geography_stats:near=3;adjoining=0;min_m=281.1,"Keyword/fragment, identity-field, or proximity-only discovery signal.",Rejected / unrelated,rejected,No authoritative current relationship to Arthur Blank / AMB West; excluded.
MCILHATTAN L D SKIP & NANCY,MCILHATTAN L D SKIP AND NANCY,100.758,3,Park,PO BOX 324 CLYDE PARK MT 59018-0324,geographic_within_one_mile; geography_stats:near=2;adjoining=0;min_m=404.2,"Keyword/fragment, identity-field, or proximity-only discovery signal.",Rejected / unrelated,rejected,No authoritative current relationship to Arthur Blank / AMB West; excluded.
LAMBRIGHT LEROY,LAMBRIGHT LEROY,100.0,1,Sanders,365 UPPER LYNCH CREEK RD PLAINS MT 59859-9558,broad_owner_fragment:AMB,"Keyword/fragment, identity-field, or proximity-only discovery signal.",Rejected / unrelated,rejected,No authoritative current relationship to Arthur Blank / AMB West; excluded.
ELK RUN RANCH PROPERTIES LLC,ELK RUN RANCH PROPERTIES LLC,99.668,4,Park,9611 APOLLO RD BLOOMINGTON IL 61705-6981,geographic_within_one_mile; geography_stats:near=4;adjoining=0;min_m=907.7,"Keyword/fragment, identity-field, or proximity-only discovery signal.",Rejected / unrelated,rejected,No authoritative current relationship to Arthur Blank / AMB West; excluded.
LARSON AMBER,LARSON AMBER,97.56,4,Sanders | Teton,337 COTTONWOOD CREEK RD PLAINS MT 59859-9476 | 590 8TH LN NE FAIRFIELD MT 59436-9110,broad_owner_fragment:AMB,"Keyword/fragment, identity-field, or proximity-only discovery signal.",Rejected / unrelated,rejected,No authoritative current relationship to Arthur Blank / AMB West; excluded.
ERICKSON PETER H &,ERICKSON PETER H AND,95.442,3,Park,1355 N MOWHAWK ST 2N CHICAGO IL 60610,geographic_within_one_mile; geography_stats:near=2;adjoining=0;min_m=1421.0,"Keyword/fragment, identity-field, or proximity-only discovery signal.",Rejected / unrelated,rejected,No authoritative current relationship to Arthur Blank / AMB West; excluded.
TOLLERS IN PARADISE LLC,TOLLERS IN PARADISE LLC,88.96,1,Carbon,PO BOX 461 ABSAROKEE MT 59001-0461,broad_owner_fragment:PARADISE,"Keyword/fragment, identity-field, or proximity-only discovery signal.",Rejected / unrelated,rejected,No authoritative current relationship to Arthur Blank / AMB West; excluded.
KEMPISTY BRIAN,KEMPISTY BRIAN,88.229,6,Park,41 DEEP CREEK BENCH RD LIVINGSTON MT 59047-9112 | 430 S TRACY AVE BOZEMAN MT 59715-5276,geographic_adjoining_or_within_10m; geographic_within_one_mile; geography_stats:near=1;adjoining=1;min_m=0.0,"Cadastral geometry adjoins a confirmed ranch, but no name/address/corporate evidence links it to AMB West.",Rejected / unrelated,rejected,Neighboring ownership is not beneficial ownership; distinct owner remains excluded.
BLANKENSHIP BOBBI (RLE),BLANKENSHIP BOBBI RLE,88.13,2,Carbon,47 TAYLOR LN ROBERTS MT 59070-9423,broad_owner_fragment:BLANK,"Keyword/fragment, identity-field, or proximity-only discovery signal.",Rejected / unrelated,rejected,No authoritative current relationship to Arthur Blank / AMB West; excluded.
BLANK STEVEN & SUSAN E,BLANK STEVEN AND SUSAN E,87.69,1,Carbon,194 MAKI JOHNSON RD ROBERTS MT 59070-7700,broad_owner_fragment:BLANK,"Keyword/fragment, identity-field, or proximity-only discovery signal.",Rejected / unrelated,rejected,No authoritative current relationship to Arthur Blank / AMB West; excluded.
FORSHEE LARRY ALLEN II & AMBER LYNN,FORSHEE LARRY ALLEN II AND AMBER LYNN,87.57,1,Rosebud,6726 AUTUMNWOOD CT KEYSTONE HEIGHTS FL 32656-7619,broad_owner_fragment:AMB,"Keyword/fragment, identity-field, or proximity-only discovery signal.",Rejected / unrelated,rejected,No authoritative current relationship to Arthur Blank / AMB West; excluded.
MORNINGSTAR RANCH LLC,MORNINGSTAR RANCH LLC,86.61,5,Park,PO BOX 221 EMIGRANT MT 59027-0221,geographic_within_one_mile; geography_stats:near=3;adjoining=0;min_m=1515.0,"Keyword/fragment, identity-field, or proximity-only discovery signal.",Rejected / unrelated,rejected,No authoritative current relationship to Arthur Blank / AMB West; excluded.
BLANKSMA PETER LOREN &,BLANKSMA PETER LOREN AND,86.42,3,Gallatin,22874 NORRIS RD BOZEMAN MT 59718-6086,broad_owner_fragment:BLANK,"Keyword/fragment, identity-field, or proximity-only discovery signal.",Rejected / unrelated,rejected,No authoritative current relationship to Arthur Blank / AMB West; excluded.
HALAT MICHAEL J & BARBARA G REV LVING TR,HALAT MICHAEL J AND BARBARA G REV LVING TR,81.029,4,Park,3300 E GRAF ST UNIT 15 BOZEMAN MT 59715-7173,geographic_adjoining_or_within_10m; geographic_within_one_mile; geography_stats:near=1;adjoining=1;min_m=0.0,"Cadastral geometry adjoins a confirmed ranch, but no name/address/corporate evidence links it to AMB West.",Rejected / unrelated,rejected,Neighboring ownership is not beneficial ownership; distinct owner remains excluded.
AMBER BEAR RANCH LLC,AMBER BEAR RANCH LLC,80.0,1,Sanders,PO BOX 73 HERON MT 59844-0073,broad_owner_fragment:AMB,"Keyword/fragment, identity-field, or proximity-only discovery signal.",Rejected / unrelated,rejected,No authoritative current relationship to Arthur Blank / AMB West; excluded.
ANDERSON BEAU & AMBER,ANDERSON BEAU AND AMBER,80.0,1,Roosevelt,5045 153RD AVE NW WILLISTON ND 58801-8699,broad_owner_fragment:AMB,"Keyword/fragment, identity-field, or proximity-only discovery signal.",Rejected / unrelated,rejected,No authoritative current relationship to Arthur Blank / AMB West; excluded.
HENDRICKSON AMBER,HENDRICKSON AMBER,80.0,1,Sheridan,510 BOX ELDER ST PLENTYWOOD MT 59254-1701,broad_owner_fragment:AMB,"Keyword/fragment, identity-field, or proximity-only discovery signal.",Rejected / unrelated,rejected,No authoritative current relationship to Arthur Blank / AMB West; excluded.
LAMBERT SARAH ANNE LIVING TRUST THE,LAMBERT SARAH ANNE LIVING TRUST THE,80.0,1,Carter,PO BOX 498 EKALAKA MT 59324-0498,broad_owner_fragment:AMB,"Keyword/fragment, identity-field, or proximity-only discovery signal.",Rejected / unrelated,rejected,No authoritative current relationship to Arthur Blank / AMB West; excluded.
NUMMERDOR STEVEN & AMBER,NUMMERDOR STEVEN AND AMBER,80.0,1,Stillwater,PO BOX 175 ABSAROKEE MT 59001-0175,broad_owner_fragment:AMB,"Keyword/fragment, identity-field, or proximity-only discovery signal.",Rejected / unrelated,rejected,No authoritative current relationship to Arthur Blank / AMB West; excluded.
STEPHENS AMBERLY A,STEPHENS AMBERLY A,80.0,1,Cascade,PO BOX 274 AUGUSTA MT 59410-0274,broad_owner_fragment:AMB,"Keyword/fragment, identity-field, or proximity-only discovery signal.",Rejected / unrelated,rejected,No authoritative current relationship to Arthur Blank / AMB West; excluded.
WETZEL ROBERT M & DAROL TRUSTEES,WETZEL ROBERT M AND DAROL TRUSTEES,80.0,2,Park,PO BOX 471 MANHATTAN MT 59741-0471,geographic_adjoining_or_within_10m; geographic_within_one_mile; geography_stats:near=2;adjoining=2;min_m=0.0,"Cadastral geometry adjoins a confirmed ranch, but no name/address/corporate evidence links it to AMB West.",Rejected / unrelated,rejected,Neighboring ownership is not beneficial ownership; distinct owner remains excluded.
GOODMAN FAMILY ENTERPRISES LP,GOODMAN FAMILY ENTERPRISES LP,78.739,3,Park,997 FM 2288 SAN ANGELO TX 76901-5345,geographic_within_one_mile; geography_stats:near=3;adjoining=0;min_m=680.3,"Keyword/fragment, identity-field, or proximity-only discovery signal.",Rejected / unrelated,rejected,No authoritative current relationship to Arthur Blank / AMB West; excluded.
FRANCIS THOMAS J & BONNIE A,FRANCIS THOMAS J AND BONNIE A,78.27,1,Park,4284 US HIGHWAY 89 S LIVINGSTON MT 59047-9164,geographic_within_one_mile; geography_stats:near=1;adjoining=0;min_m=806.7,"Keyword/fragment, identity-field, or proximity-only discovery signal.",Rejected / unrelated,rejected,No authoritative current relationship to Arthur Blank / AMB West; excluded.
POST AMBER HENNINGSEN &,POST AMBER HENNINGSEN AND,76.82,5,Jefferson,301 VALLEY VIEW MEDFORD OR 97504,broad_owner_fragment:AMB,"Keyword/fragment, identity-field, or proximity-only discovery signal.",Rejected / unrelated,rejected,No authoritative current relationship to Arthur Blank / AMB West; excluded.
SMITH FRANCIS V,SMITH FRANCIS V,74.514,2,Park,4664 OLD YELLOWSTONE TRL N LIVINGSTON MT 59047-8809,geographic_adjoining_or_within_10m; geographic_within_one_mile; geography_stats:near=2;adjoining=2;min_m=0.0,"Cadastral geometry adjoins a confirmed ranch, but no name/address/corporate evidence links it to AMB West.",Rejected / unrelated,rejected,Neighboring ownership is not beneficial ownership; distinct owner remains excluded.
BLANKENSHIP WILLIAM R &,BLANKENSHIP WILLIAM R AND,74.44,1,Dawson,440 FAS 335 GLENDIVE MT 59330-9576,broad_owner_fragment:BLANK,"Keyword/fragment, identity-field, or proximity-only discovery signal.",Rejected / unrelated,rejected,No authoritative current relationship to Arthur Blank / AMB West; excluded.
D'EWART RICHARD TRUSTEE,D EWART RICHARD TRUSTEE,72.28,1,Park,PO BOX 229 DURKEE OR 97905-0229,geographic_adjoining_or_within_10m; geographic_within_one_mile; geography_stats:near=1;adjoining=1;min_m=0.0,"Cadastral geometry adjoins a confirmed ranch, but no name/address/corporate evidence links it to AMB West.",Rejected / unrelated,rejected,Neighboring ownership is not beneficial ownership; distinct owner remains excluded.
HERAMB BRENT R & LORA D TRUSTEES &,HERAMB BRENT R AND LORA D TRUSTEES AND,71.459,1,Gallatin,455 N LOW BENCH RD GALLATIN GATEWAY MT 59730-8547,broad_owner_fragment:AMB,"Keyword/fragment, identity-field, or proximity-only discovery signal.",Rejected / unrelated,rejected,No authoritative current relationship to Arthur Blank / AMB West; excluded.
BRETTSCHNEIDER JOHN R & PATRICIA L,BRETTSCHNEIDER JOHN R AND PATRICIA L,70.42,1,Park,PO BOX 447 EMIGRANT MT 59027-0447,geographic_within_one_mile; geography_stats:near=1;adjoining=0;min_m=1245.2,"Keyword/fragment, identity-field, or proximity-only discovery signal.",Rejected / unrelated,rejected,No authoritative current relationship to Arthur Blank / AMB West; excluded.
ROGERS JAMES DOUGLAS & MARTY SUZANNE AMBER,ROGERS JAMES DOUGLAS AND MARTY SUZANNE AMBER,69.81,2,Jefferson,990 MT HIGHWAY 55 WHITEHALL MT 59759-9743,broad_owner_fragment:AMB,"Keyword/fragment, identity-field, or proximity-only discovery signal.",Rejected / unrelated,rejected,No authoritative current relationship to Arthur Blank / AMB West; excluded.
TEPEE RIDGE OUTFITTERS LLC,TEPEE RIDGE OUTFITTERS LLC,69.153,1,Park,MAIL TO KE ANDREWS 2424 RIDGE RD ROCKWALL TX 75087-5116,geographic_adjoining_or_within_10m; geographic_within_one_mile; geography_stats:near=1;adjoining=1;min_m=0.0,"Cadastral geometry adjoins a confirmed ranch, but no name/address/corporate evidence links it to AMB West.",Rejected / unrelated,rejected,Neighboring ownership is not beneficial ownership; distinct owner remains excluded.
BLANKENSHIP JESSE,BLANKENSHIP JESSE,65.64,3,Custer,178 N SATURDAY DR MILES CITY MT 59301-8777,broad_owner_fragment:BLANK,"Keyword/fragment, identity-field, or proximity-only discovery signal.",Rejected / unrelated,rejected,No authoritative current relationship to Arthur Blank / AMB West; excluded.
WASCOM DEBORAH B TRUSTEE,WASCOM DEBORAH B TRUSTEE,63.2,1,Park,281 TOM MINER CREEK RD EMIGRANT MT 59027-6010,geographic_within_one_mile; geography_stats:near=1;adjoining=0;min_m=1429.1,"Keyword/fragment, identity-field, or proximity-only discovery signal.",Rejected / unrelated,rejected,No authoritative current relationship to Arthur Blank / AMB West; excluded.
SOUKKALA ARTHUR M & LAMBSON ROBIN M,SOUKKALA ARTHUR M AND LAMBSON ROBIN M,62.59,1,Lake,54501 GALLAGHER RD CHARLO MT 59824-9320,broad_owner_fragment:AMB,"Keyword/fragment, identity-field, or proximity-only discovery signal.",Rejected / unrelated,rejected,No authoritative current relationship to Arthur Blank / AMB West; excluded.
MEEHL CYNTHIA H,MEEHL CYNTHIA H,62.385,3,Park,331 REDDING ROAD REDDING CT 06896,geographic_within_one_mile; geography_stats:near=3;adjoining=0;min_m=699.6,"Keyword/fragment, identity-field, or proximity-only discovery signal.",Rejected / unrelated,rejected,No authoritative current relationship to Arthur Blank / AMB West; excluded.
CODY NANCY E TRUSTEE,CODY NANCY E TRUSTEE,61.67,2,Park,237 E DELAWARE PL APT 4A CHICAGO IL 60611-1713,geographic_within_one_mile; geography_stats:near=1;adjoining=0;min_m=372.0,"Keyword/fragment, identity-field, or proximity-only discovery signal.",Rejected / unrelated,rejected,No authoritative current relationship to Arthur Blank / AMB West; excluded.
AMBROSE DARRELL,AMBROSE DARRELL,60.0,1,Lincoln,520 VALLEY HWY ACME WA 98220-9721,broad_owner_fragment:AMB,"Keyword/fragment, identity-field, or proximity-only discovery signal.",Rejected / unrelated,rejected,No authoritative current relationship to Arthur Blank / AMB West; excluded.
GAMBRELL BENJAMIN J & REBEKAH M,GAMBRELL BENJAMIN J AND REBEKAH M,60.0,1,Lake,32178 ASHLEY LAKE RD SAINT IGNATIUS MT 59865-9371,broad_owner_fragment:AMB,"Keyword/fragment, identity-field, or proximity-only discovery signal.",Rejected / unrelated,rejected,No authoritative current relationship to Arthur Blank / AMB West; excluded.
CHREST JORY & AMBER,CHREST JORY AND AMBER,59.3,1,Musselshell,52 GIBBTOWN AVE ROUNDUP MT 59072-6906,broad_owner_fragment:AMB,"Keyword/fragment, identity-field, or proximity-only discovery signal.",Rejected / unrelated,rejected,No authoritative current relationship to Arthur Blank / AMB West; excluded.
DIVIDE-KAMBICH CO,DIVIDE KAMBICH CO,59.16,3,Silver Bow,HIGHWAY 91 SOUTH 8441 PO BOX 34 DIVIDE MT 59727-0034,broad_owner_fragment:AMB,"Keyword/fragment, identity-field, or proximity-only discovery signal.",Rejected / unrelated,rejected,No authoritative current relationship to Arthur Blank / AMB West; excluded.
CAMBRIDGE WARREN D & LINDA M,CAMBRIDGE WARREN D AND LINDA M,58.18,3,Missoula,PO BOX 1014 BONNER MT 59823-1014,broad_owner_fragment:AMB,"Keyword/fragment, identity-field, or proximity-only discovery signal.",Rejected / unrelated,rejected,No authoritative current relationship to Arthur Blank / AMB West; excluded.
COLL AUDREY,COLL AUDREY,52.069,2,Park,12140 SW 101ST AVE MIAMI FL 33176-4869,geographic_within_one_mile; geography_stats:near=2;adjoining=0;min_m=1153.0,"Keyword/fragment, identity-field, or proximity-only discovery signal.",Rejected / unrelated,rejected,No authoritative current relationship to Arthur Blank / AMB West; excluded.
WHITE STANLEY WARREN & AMBER LEE,WHITE STANLEY WARREN AND AMBER LEE,51.6,2,Glacier | Lake,38040 VALLEY HILLS LN POLSON MT 59860-9783,broad_owner_fragment:AMB,"Keyword/fragment, identity-field, or proximity-only discovery signal.",Rejected / unrelated,rejected,No authoritative current relationship to Arthur Blank / AMB West; excluded.
"ERLENBUSCH, STEPHEN K & AMBER L",ERLENBUSCH STEPHEN K AND AMBER L,50.75,1,Yellowstone,2631 LOUISE LN BILLINGS MT 59102-1427,broad_owner_fragment:AMB,"Keyword/fragment, identity-field, or proximity-only discovery signal.",Rejected / unrelated,rejected,No authoritative current relationship to Arthur Blank / AMB West; excluded.
BEARDEN MARY ANN &,BEARDEN MARY ANN AND,50.459,3,Park,PO BOX 5 EMIGRANT MT 59027-0005,geographic_within_one_mile; geography_stats:near=3;adjoining=0;min_m=1218.6,"Keyword/fragment, identity-field, or proximity-only discovery signal.",Rejected / unrelated,rejected,No authoritative current relationship to Arthur Blank / AMB West; excluded.
ROHE THERESA &,ROHE THERESA AND,50.429,2,Park,2142 CHIPSET ST BOZEMAN MT 59718-4721,geographic_within_one_mile; geography_stats:near=2;adjoining=0;min_m=1220.2,"Keyword/fragment, identity-field, or proximity-only discovery signal.",Rejected / unrelated,rejected,No authoritative current relationship to Arthur Blank / AMB West; excluded.
KISTENMACHER ANDREW & AMBER,KISTENMACHER ANDREW AND AMBER,50.385,5,Musselshell,85 STEEP RD ROUNDUP MT 59072-6840,broad_owner_fragment:AMB,"Keyword/fragment, identity-field, or proximity-only discovery signal.",Rejected / unrelated,rejected,No authoritative current relationship to Arthur Blank / AMB West; excluded.
NOEL PHILLIP J & AMBER N,NOEL PHILLIP J AND AMBER N,49.07,1,Madison,PO BOX 225 TWIN BRIDGES MT 59754-0225,broad_owner_fragment:AMB,"Keyword/fragment, identity-field, or proximity-only discovery signal.",Rejected / unrelated,rejected,No authoritative current relationship to Arthur Blank / AMB West; excluded.
BRILEY DIANA &,BRILEY DIANA AND,47.707,1,Park,1608 NORTH POWERS LAKE RD PO BOX 11 POWERS LAKE WI 53159-0011,geographic_within_one_mile; geography_stats:near=1;adjoining=0;min_m=216.7,"Keyword/fragment, identity-field, or proximity-only discovery signal.",Rejected / unrelated,rejected,No authoritative current relationship to Arthur Blank / AMB West; excluded.
BLANKENSHIP HOLDINGS LLC,BLANKENSHIP HOLDINGS LLC,47.337,2,Flathead,201 RIVER VIEW DR KALISPELL MT 59901-2768,broad_owner_fragment:BLANK,"Keyword/fragment, identity-field, or proximity-only discovery signal.",Rejected / unrelated,rejected,No authoritative current relationship to Arthur Blank / AMB West; excluded.
CHAMBERS KAMI C TRUSTEE AND,CHAMBERS KAMI C TRUSTEE AND,47.323,2,Ravalli,574 SWEATHOUSE CREEK RD VICTOR MT 59875-9425,broad_owner_fragment:AMB,"Keyword/fragment, identity-field, or proximity-only discovery signal.",Rejected / unrelated,rejected,No authoritative current relationship to Arthur Blank / AMB West; excluded.
WOLF POINT CHAMBER OF COMMERCE,WOLF POINT CHAMBER OF COMMERCE,47.09,2,Roosevelt,200 US HIGHWAY 2 # 2F WOLF POINT MT 59201-1932,broad_owner_fragment:AMB,"Keyword/fragment, identity-field, or proximity-only discovery signal.",Rejected / unrelated,rejected,No authoritative current relationship to Arthur Blank / AMB West; excluded.
BURNS ROBERT,BURNS ROBERT,46.315,3,Big Horn | Park,11 B&B LANE ALDERSON WV 24910 | PO BOX 902 EMIGRANT MT 59027-0902,geographic_adjoining_or_within_10m; geographic_within_one_mile; geography_stats:near=2;adjoining=2;min_m=0.0,"Cadastral geometry adjoins a confirmed ranch, but no name/address/corporate evidence links it to AMB West.",Rejected / unrelated,rejected,Neighboring ownership is not beneficial ownership; distinct owner remains excluded.
LAMBERT DAVID & SIERRA,LAMBERT DAVID AND SIERRA,46.27,2,Lincoln,28151 YAAK RIVER RD TROY MT 59935,broad_owner_fragment:AMB,"Keyword/fragment, identity-field, or proximity-only discovery signal.",Rejected / unrelated,rejected,No authoritative current relationship to Arthur Blank / AMB West; excluded.
PETER ROBERT J JR  & BONNIE TRUSTEE OF PETER FAMILY TRUST,PETER ROBERT J JR AND BONNIE TRUSTEE OF PETER FAMILY TRUST,45.801,2,Park,1412 PARKHILL DR BILLINGS MT 59102-3143,geographic_within_one_mile; geography_stats:near=2;adjoining=0;min_m=133.5,"Keyword/fragment, identity-field, or proximity-only discovery signal.",Rejected / unrelated,rejected,No authoritative current relationship to Arthur Blank / AMB West; excluded.
LAMBERT LAURA,LAMBERT LAURA,45.407,3,Flathead | Powder River,PO BOX 433 BROADUS MT 59317-0433,broad_owner_fragment:AMB,"Keyword/fragment, identity-field, or proximity-only discovery signal.",Rejected / unrelated,rejected,No authoritative current relationship to Arthur Blank / AMB West; excluded.
"LAMB, STERLING & JONNA E",LAMB STERLING AND JONNA E,45.27,1,Yellowstone,11400 CABIN CREEK RANCH RD SHEPHERD MT 59079-3512,broad_owner_fragment:AMB,"Keyword/fragment, identity-field, or proximity-only discovery signal.",Rejected / unrelated,rejected,No authoritative current relationship to Arthur Blank / AMB West; excluded.
GREGORY D CHAMBERLAIN TESTAMENTARY TRUST FBO SHAUN G CHAMBERLAIN,GREGORY D CHAMBERLAIN TESTAMENTARY TRUST FBO SHAUN G CHAMBERLAIN,45.25,1,Cascade,104 2ND ST S STE 402 GREAT FALLS MT 59401-3600,broad_owner_fragment:AMB,"Keyword/fragment, identity-field, or proximity-only discovery signal.",Rejected / unrelated,rejected,No authoritative current relationship to Arthur Blank / AMB West; excluded.
MEULI AMBER,MEULI AMBER,45.154,2,Flathead,PO BOX 5192 KALISPELL MT 59903-5192 | PO BOX 5315 KALISPELL MT 59903-5315,broad_owner_fragment:AMB,"Keyword/fragment, identity-field, or proximity-only discovery signal.",Rejected / unrelated,rejected,No authoritative current relationship to Arthur Blank / AMB West; excluded.
STROMMEN JUSTIN J & AMBER E,STROMMEN JUSTIN J AND AMBER E,44.65,2,Valley,118 MONTFORD RD VANDALIA MT 59273-9703,broad_owner_fragment:AMB,"Keyword/fragment, identity-field, or proximity-only discovery signal.",Rejected / unrelated,rejected,No authoritative current relationship to Arthur Blank / AMB West; excluded.
GAMBLIN/SLOAN FAMILY TRUST,GAMBLIN SLOAN FAMILY TRUST,44.62,2,Lincoln,PO BOX 485 TREGO MT 59934-0485,broad_owner_fragment:AMB,"Keyword/fragment, identity-field, or proximity-only discovery signal.",Rejected / unrelated,rejected,No authoritative current relationship to Arthur Blank / AMB West; excluded.
HOLDER AMBER,HOLDER AMBER,43.909,1,Lincoln,195 LIMEKILN RD RIDGEFIELD CT 06877-3418,broad_owner_fragment:AMB,"Keyword/fragment, identity-field, or proximity-only discovery signal.",Rejected / unrelated,rejected,No authoritative current relationship to Arthur Blank / AMB West; excluded.
MCCABE RICHARD W,MCCABE RICHARD W,42.386,2,Park,12 SUNFLOWER LN LIVINGSTON MT 59047-9010 | 30787 FOXCHASE DR SALISBURY MD 21804-2542,geographic_within_one_mile; geography_stats:near=1;adjoining=0;min_m=112.1,"Keyword/fragment, identity-field, or proximity-only discovery signal.",Rejected / unrelated,rejected,No authoritative current relationship to Arthur Blank / AMB West; excluded.
DAMBY WILLIAM SCOTT TRUSTEE,DAMBY WILLIAM SCOTT TRUSTEE,42.04,1,Fergus,999 HORSESHOE BND LEWISTOWN MT 59457-9425,broad_owner_fragment:AMB,"Keyword/fragment, identity-field, or proximity-only discovery signal.",Rejected / unrelated,rejected,No authoritative current relationship to Arthur Blank / AMB West; excluded.
CAMBRON RICHARD L & CHARLENE,CAMBRON RICHARD L AND CHARLENE,41.95,3,Cascade,114 ADDINGTON LN WALESKA GA 30183-2662,broad_owner_fragment:AMB,"Keyword/fragment, identity-field, or proximity-only discovery signal.",Rejected / unrelated,rejected,No authoritative current relationship to Arthur Blank / AMB West; excluded.
SAYLOR ROGER D & AMBER,SAYLOR ROGER D AND AMBER,41.74,2,Garfield,PO BOX 503 JORDAN MT 59337-0503,broad_owner_fragment:AMB,"Keyword/fragment, identity-field, or proximity-only discovery signal.",Rejected / unrelated,rejected,No authoritative current relationship to Arthur Blank / AMB West; excluded.
PARADISE VALLEY YELLOWSTONE PROPERTIES LLC,PARADISE VALLEY YELLOWSTONE PROPERTIES LLC,41.639,4,Park,20088 FERRET ST NW ELK RIVER MN 55330-0138 | 20088 FERRET ST NW NOWTHEN MN 55330-0138,broad_owner_fragment:PARADISE,"Keyword/fragment, identity-field, or proximity-only discovery signal.",Rejected / unrelated,rejected,No authoritative current relationship to Arthur Blank / AMB West; excluded.
ANSOTEGUI AMBER JEAN & RAYMOND,ANSOTEGUI AMBER JEAN AND RAYMOND,41.212,1,Park,1106 W PARK ST # 268 LIVINGSTON MT 59047-2955,broad_owner_fragment:AMB,"Keyword/fragment, identity-field, or proximity-only discovery signal.",Rejected / unrelated,rejected,No authoritative current relationship to Arthur Blank / AMB West; excluded.
MURNANE JOHN B & SUSAN BUCKLEY,MURNANE JOHN B AND SUSAN BUCKLEY,41.087,2,Park | Teton,60 FOSTER RD CHOTEAU MT 59422-9242 | PO BOX 1428 CHOTEAU MT 59422-1428,geographic_within_one_mile; geography_stats:near=1;adjoining=0;min_m=458.4,"Keyword/fragment, identity-field, or proximity-only discovery signal.",Rejected / unrelated,rejected,No authoritative current relationship to Arthur Blank / AMB West; excluded.
KOSTOFF LAUREN,KOSTOFF LAUREN,41.037,2,Park,PO BOX 531 LIVINGSTON MT 59047-0531,geographic_adjoining_or_within_10m; geographic_within_one_mile; geography_stats:near=2;adjoining=1;min_m=0.0,"Cadastral geometry adjoins a confirmed ranch, but no name/address/corporate evidence links it to AMB West.",Rejected / unrelated,rejected,Neighboring ownership is not beneficial ownership; distinct owner remains excluded.
CROMLICH MARK A & AMBER LEE DAWN,CROMLICH MARK A AND AMBER LEE DAWN,40.86,1,Powell,PO BOX 752 DEER LODGE MT 59722-0752,broad_owner_fragment:AMB,"Keyword/fragment, identity-field, or proximity-only discovery signal.",Rejected / unrelated,rejected,No authoritative current relationship to Arthur Blank / AMB West; excluded.
LAMBORN LYNDON CLAUDIUS,LAMBORN LYNDON CLAUDIUS,40.71,2,Ravalli,2109 LEANING PINE TRL HAMILTON MT 59840-8986,broad_owner_fragment:AMB,"Keyword/fragment, identity-field, or proximity-only discovery signal.",Rejected / unrelated,rejected,No authoritative current relationship to Arthur Blank / AMB West; excluded.
MICHELS KIRK,MICHELS KIRK,40.592,4,Park,204 S 3RD ST LIVINGSTON MT 59047-3004,geographic_within_one_mile; geography_stats:near=1;adjoining=0;min_m=866.9,"Keyword/fragment, identity-field, or proximity-only discovery signal.",Rejected / unrelated,rejected,No authoritative current relationship to Arthur Blank / AMB West; excluded.
RAMBLIN RANCHES LLC,RAMBLIN RANCHES LLC,40.55,2,Missoula,9000 COPPER PINE RD LOLO MT 59847-8006,broad_owner_fragment:AMB,"Keyword/fragment, identity-field, or proximity-only discovery signal.",Rejected / unrelated,rejected,No authoritative current relationship to Arthur Blank / AMB West; excluded.
SURAK MICHAEL &,SURAK MICHAEL AND,40.497,2,Park,PO BOX 40518 INDIANAPOLIS IN 46240-0518,geographic_within_one_mile; geography_stats:near=1;adjoining=0;min_m=1463.3,"Keyword/fragment, identity-field, or proximity-only discovery signal.",Rejected / unrelated,rejected,No authoritative current relationship to Arthur Blank / AMB West; excluded.
BULLINGER BROOKE,BULLINGER BROOKE,40.351,1,Park,15455 N GREENWAY HAYDEN LOOP STE C1 SCOTTSDALE AZ 85260-1611,geographic_adjoining_or_within_10m; geographic_within_one_mile; geography_stats:near=1;adjoining=1;min_m=0.0,"Cadastral geometry adjoins a confirmed ranch, but no name/address/corporate evidence links it to AMB West.",Rejected / unrelated,rejected,Neighboring ownership is not beneficial ownership; distinct owner remains excluded.
BRAMBLETT JUSTIN & SARA JEANNE AND,BRAMBLETT JUSTIN AND SARA JEANNE AND,40.3,1,Ravalli,PO BOX 1028 DARBY MT 59829-1028,broad_owner_fragment:AMB,"Keyword/fragment, identity-field, or proximity-only discovery signal.",Rejected / unrelated,rejected,No authoritative current relationship to Arthur Blank / AMB West; excluded.
S+N RANCH PROPERTIES LLC,S N RANCH PROPERTIES LLC,40.287,1,Park,PO BOX 40518 INDIANAPOLIS IN 46240-0518,geographic_adjoining_or_within_10m; geographic_within_one_mile; geography_stats:near=1;adjoining=1;min_m=0.0,"Cadastral geometry adjoins a confirmed ranch, but no name/address/corporate evidence links it to AMB West.",Rejected / unrelated,rejected,Neighboring ownership is not beneficial ownership; distinct owner remains excluded.
CHAMBERLIN MARNIE R,CHAMBERLIN MARNIE R,40.249,2,Fergus | Wheatland,22 SILVER FOX RD JUDITH GAP MT 59453-8214 | PO BOX 217 JUDITH GAP MT 59453-0217,broad_owner_fragment:AMB,"Keyword/fragment, identity-field, or proximity-only discovery signal.",Rejected / unrelated,rejected,No authoritative current relationship to Arthur Blank / AMB West; excluded.
COFFER MARGO,COFFER MARGO,40.126,3,Park,116 S YELLOWSTONE ST LIVINGSTON MT 59047-2634,geographic_within_one_mile; geography_stats:near=2;adjoining=0;min_m=756.4,"Keyword/fragment, identity-field, or proximity-only discovery signal.",Rejected / unrelated,rejected,No authoritative current relationship to Arthur Blank / AMB West; excluded.
SIMPSON DEVELOPMENT COMPANY INC,SIMPSON DEVELOPMENT COMPANY INC,40.125,2,Park,2331 MILL RD STE 150 ALEXANDRIA VA 22314-6835,geographic_within_one_mile; geography_stats:near=2;adjoining=0;min_m=127.9,"Keyword/fragment, identity-field, or proximity-only discovery signal.",Rejected / unrelated,rejected,No authoritative current relationship to Arthur Blank / AMB West; excluded.
HUTCHINS DEBORAH A,HUTCHINS DEBORAH A,40.04,2,Park,72 COW TRL LIVINGSTON MT 59047-8828,geographic_within_one_mile; geography_stats:near=2;adjoining=0;min_m=752.5,"Keyword/fragment, identity-field, or proximity-only discovery signal.",Rejected / unrelated,rejected,No authoritative current relationship to Arthur Blank / AMB West; excluded.
AMBER BEAR INVESTMENTS LLC,AMBER BEAR INVESTMENTS LLC,40.0,1,Sanders,PO BOX 73 HERON MT 59844-0073,broad_owner_fragment:AMB,"Keyword/fragment, identity-field, or proximity-only discovery signal.",Rejected / unrelated,rejected,No authoritative current relationship to Arthur Blank / AMB West; excluded.
AMBER BEAR RESORT LLC,AMBER BEAR RESORT LLC,40.0,1,Sanders,PO BOX 73 HERON MT 59844-0073,broad_owner_fragment:AMB,"Keyword/fragment, identity-field, or proximity-only discovery signal.",Rejected / unrelated,rejected,No authoritative current relationship to Arthur Blank / AMB West; excluded.
AMBJOR JON & NINA,AMBJOR JON AND NINA,40.0,1,Flathead,370 WILDLIFE TRL KALISPELL MT 59901,broad_owner_fragment:AMB,"Keyword/fragment, identity-field, or proximity-only discovery signal.",Rejected / unrelated,rejected,No authoritative current relationship to Arthur Blank / AMB West; excluded.
ARCHAMBAULT GASTON N & MARJORIE E TR,ARCHAMBAULT GASTON N AND MARJORIE E TR,40.0,1,Ravalli,C/O CHRIS ARCHAMBAULT 12615 SILVER FOX CT ROSWELL GA 30075-1273,broad_owner_fragment:AMB,"Keyword/fragment, identity-field, or proximity-only discovery signal.",Rejected / unrelated,rejected,No authoritative current relationship to Arthur Blank / AMB West; excluded.
BLANK AUSTIN & SAMANTHA,BLANK AUSTIN AND SAMANTHA,40.0,1,Broadwater,8 WALL ST TOWNSEND MT 59644-2426,broad_owner_fragment:BLANK,"Keyword/fragment, identity-field, or proximity-only discovery signal.",Rejected / unrelated,rejected,No authoritative current relationship to Arthur Blank / AMB West; excluded.
DAILEY BO R & AMBER,DAILEY BO R AND AMBER,40.0,1,Lake,40540 S TERRACE CIR POLSON MT 59860-7631,broad_owner_fragment:AMB,"Keyword/fragment, identity-field, or proximity-only discovery signal.",Rejected / unrelated,rejected,No authoritative current relationship to Arthur Blank / AMB West; excluded.
DAMBY WILLAM SCOTT TRUSTEE,DAMBY WILLAM SCOTT TRUSTEE,40.0,1,Fergus,999 HORSESHOE BND LEWISTOWN MT 59457-9425,broad_owner_fragment:AMB,"Keyword/fragment, identity-field, or proximity-only discovery signal.",Rejected / unrelated,rejected,No authoritative current relationship to Arthur Blank / AMB West; excluded.
LAFRAMBOIS V,LAFRAMBOIS V,40.0,1,Blaine,PO BOX 98 HARLEM MT 59526-0098,broad_owner_fragment:AMB,"Keyword/fragment, identity-field, or proximity-only discovery signal.",Rejected / unrelated,rejected,No authoritative current relationship to Arthur Blank / AMB West; excluded.
LAMBRECHT ROBERT E & CHERI,LAMBRECHT ROBERT E AND CHERI,40.0,1,Sanders,70 BEAR TRACKS LN TROUT CREEK MT 59874-9620,broad_owner_fragment:AMB,"Keyword/fragment, identity-field, or proximity-only discovery signal.",Rejected / unrelated,rejected,No authoritative current relationship to Arthur Blank / AMB West; excluded.
ZAMBARANO MICHAEL & KATHERINE,ZAMBARANO MICHAEL AND KATHERINE,40.0,1,Gallatin,3841 PASS CREEK ROAD BELGRADE MT 59714,broad_owner_fragment:AMB,"Keyword/fragment, identity-field, or proximity-only discovery signal.",Rejected / unrelated,rejected,No authoritative current relationship to Arthur Blank / AMB West; excluded.
WIEGELE SHARON A TRUSTEE,WIEGELE SHARON A TRUSTEE,39.79,1,Park,1835 460TH ST HARRIS MN 55032-3855,geographic_adjoining_or_within_10m; geographic_within_one_mile; geography_stats:near=1;adjoining=1;min_m=0.0,"Cadastral geometry adjoins a confirmed ranch, but no name/address/corporate evidence links it to AMB West.",Rejected / unrelated,rejected,Neighboring ownership is not beneficial ownership; distinct owner remains excluded.
LAMB KAMI R &,LAMB KAMI R AND,39.746,3,Musselshell,1115 1ST ST E ROUNDUP MT 59072-1903,broad_owner_fragment:AMB,"Keyword/fragment, identity-field, or proximity-only discovery signal.",Rejected / unrelated,rejected,No authoritative current relationship to Arthur Blank / AMB West; excluded.
FRANCK JAMES T & BRENDA R,FRANCK JAMES T AND BRENDA R,39.71,1,Park,91 FRELICH LN LIVINGSTON MT 59047-9130,geographic_within_one_mile; geography_stats:near=1;adjoining=0;min_m=1227.6,"Keyword/fragment, identity-field, or proximity-only discovery signal.",Rejected / unrelated,rejected,No authoritative current relationship to Arthur Blank / AMB West; excluded.
SIDERIUS CORY D & AMBER L,SIDERIUS CORY D AND AMBER L,39.5,1,Flathead,323 EGAN RD KALISPELL MT 59901-8471,broad_owner_fragment:AMB,"Keyword/fragment, identity-field, or proximity-only discovery signal.",Rejected / unrelated,rejected,No authoritative current relationship to Arthur Blank / AMB West; excluded.
LAMBERT ARON CHRISTOPHER & KELLE ANJANETTE,LAMBERT ARON CHRISTOPHER AND KELLE ANJANETTE,39.393,3,Madison,10306 SHADY RIVER DR HOUSTON TX 77042-1240,broad_owner_fragment:AMB,"Keyword/fragment, identity-field, or proximity-only discovery signal.",Rejected / unrelated,rejected,No authoritative current relationship to Arthur Blank / AMB West; excluded.
STROHSCHEIN SHAWN M & SHANTANE,STROHSCHEIN SHAWN M AND SHANTANE,39.18,1,Park,PO BOX 830 WRIGHT WY 82732-0830,geographic_within_one_mile; geography_stats:near=1;adjoining=0;min_m=404.5,"Keyword/fragment, identity-field, or proximity-only discovery signal.",Rejected / unrelated,rejected,No authoritative current relationship to Arthur Blank / AMB West; excluded.
"DALKE, LENNY W & BAMBI L",DALKE LENNY W AND BAMBI L,39.03,1,Yellowstone,2553 N 14TH RD WORDEN MT 59088-2116,broad_owner_fragment:AMB,"Keyword/fragment, identity-field, or proximity-only discovery signal.",Rejected / unrelated,rejected,No authoritative current relationship to Arthur Blank / AMB West; excluded.
HANSON JANICE S,HANSON JANICE S,38.98,1,Park,270 E 650 N VALPARAISO IN 46383-9712,geographic_within_one_mile; geography_stats:near=1;adjoining=0;min_m=574.6,"Keyword/fragment, identity-field, or proximity-only discovery signal.",Rejected / unrelated,rejected,No authoritative current relationship to Arthur Blank / AMB West; excluded.
ZALESKY JOHN,ZALESKY JOHN,38.78,1,Park,PO BOX 1427 LIVINGSTON MT 59047-1427,geographic_within_one_mile; geography_stats:near=1;adjoining=0;min_m=907.5,"Keyword/fragment, identity-field, or proximity-only discovery signal.",Rejected / unrelated,rejected,No authoritative current relationship to Arthur Blank / AMB West; excluded.
STORY ROBERT M & COLLEEN,STORY ROBERT M AND COLLEEN,38.7,1,Park,PO BOX 35 EMIGRANT MT 59027-0035,geographic_within_one_mile; geography_stats:near=1;adjoining=0;min_m=1224.4,"Keyword/fragment, identity-field, or proximity-only discovery signal.",Rejected / unrelated,rejected,No authoritative current relationship to Arthur Blank / AMB West; excluded.
BONIEK SUSAN D,BONIEK SUSAN D,38.58,1,Park,PO BOX 62 EMIGRANT MT 59027-0062,geographic_within_one_mile; geography_stats:near=1;adjoining=0;min_m=1281.7,"Keyword/fragment, identity-field, or proximity-only discovery signal.",Rejected / unrelated,rejected,No authoritative current relationship to Arthur Blank / AMB West; excluded.
CHAMBERS JAMES D,CHAMBERS JAMES D,37.555,3,Lake | Silver Bow,994 HUMMINGBIRD LN BUTTE MT 59701-9732,broad_owner_fragment:AMB,"Keyword/fragment, identity-field, or proximity-only discovery signal.",Rejected / unrelated,rejected,No authoritative current relationship to Arthur Blank / AMB West; excluded.
BLANTON PATRICIA H SURVIORS TRUST,BLANTON PATRICIA H SURVIORS TRUST,37.525,3,Park,PO BOX 317 WOODACRE CA 94973-0317,geographic_within_one_mile; geography_stats:near=3;adjoining=0;min_m=364.5,"Keyword/fragment, identity-field, or proximity-only discovery signal.",Rejected / unrelated,rejected,No authoritative current relationship to Arthur Blank / AMB West; excluded.
DAVIS NOAH W & AMBER,DAVIS NOAH W AND AMBER,36.936,4,Fergus,107 SKYBROOK LN N LEWISTOWN MT 59457-8631,broad_owner_fragment:AMB,"Keyword/fragment, identity-field, or proximity-only discovery signal.",Rejected / unrelated,rejected,No authoritative current relationship to Arthur Blank / AMB West; excluded.
CAMBPELL BRUCE D TRUSTEE &,CAMBPELL BRUCE D TRUSTEE AND,36.683,1,Gallatin,1118 37TH AVE E SEATTLE WA 98112-4432,broad_owner_fragment:AMB,"Keyword/fragment, identity-field, or proximity-only discovery signal.",Rejected / unrelated,rejected,No authoritative current relationship to Arthur Blank / AMB West; excluded.
RAMBO DANIEL H,RAMBO DANIEL H,36.68,1,Lincoln,14 VALEWOOD CRESCENT OTTAWA ON,broad_owner_fragment:AMB,"Keyword/fragment, identity-field, or proximity-only discovery signal.",Rejected / unrelated,rejected,No authoritative current relationship to Arthur Blank / AMB West; excluded.
BURNS JANICE M & JOHN &,BURNS JANICE M AND JOHN AND,36.304,1,Park,PO BOX 72 EMIGRANT MT 59027-0072,geographic_adjoining_or_within_10m; geographic_within_one_mile; geography_stats:near=1;adjoining=1;min_m=0.0,"Cadastral geometry adjoins a confirmed ranch, but no name/address/corporate evidence links it to AMB West.",Rejected / unrelated,rejected,Neighboring ownership is not beneficial ownership; distinct owner remains excluded.
DURGAN JAMES R & DEEANN D,DURGAN JAMES R AND DEEANN D,36.0,1,Park,4507 OLD YELLOWSTONE TRL N LIVINGSTON MT 59047-8804,geographic_adjoining_or_within_10m; geographic_within_one_mile; geography_stats:near=1;adjoining=1;min_m=0.0,"Cadastral geometry adjoins a confirmed ranch, but no name/address/corporate evidence links it to AMB West.",Rejected / unrelated,rejected,Neighboring ownership is not beneficial ownership; distinct owner remains excluded.
RAMP KATHLEEN SUE REVOCABLE TRUST,RAMP KATHLEEN SUE REVOCABLE TRUST,35.59,3,Park,PO BOX 31752 BILLINGS MT 59107-1752,geographic_within_one_mile; geography_stats:near=3;adjoining=0;min_m=175.9,"Keyword/fragment, identity-field, or proximity-only discovery signal.",Rejected / unrelated,rejected,No authoritative current relationship to Arthur Blank / AMB West; excluded.
RIGLER JOSHUA R & MINDY J,RIGLER JOSHUA R AND MINDY J,35.427,1,Park,PO BOX 77 PRAY MT 59065-0077,geographic_adjoining_or_within_10m; geographic_within_one_mile; geography_stats:near=1;adjoining=1;min_m=0.0,"Cadastral geometry adjoins a confirmed ranch, but no name/address/corporate evidence links it to AMB West.",Rejected / unrelated,rejected,Neighboring ownership is not beneficial ownership; distinct owner remains excluded.
DOME MOUNTAIN RANCH LLC,DOME MOUNTAIN RANCH LLC,35.3,2,Park,SINCLAIR BUIDLING - 5TH FLOOR 10706 BEAVER DAM RD COCKEYSVILLE MD 21030-2207,broad_owner_fragment:DOME; geographic_adjoining_or_within_10m; geographic_within_one_mile; geography_stats:near=2;adjoining=1;min_m=0.0; specific_owner_keyword:DOME MOUNTAIN,No current Arthur Blank / AMB West ownership evidence.,Rejected / unrelated,rejected,residual/predecessor-name owner at Sinclair-related Maryland address; not the current AMB cadastral entity
CHAMBERS GARY W,CHAMBERS GARY W,35.14,3,Mineral,5775 SOUTHSIDE RD SUPERIOR MT 59872-9309,broad_owner_fragment:AMB,"Keyword/fragment, identity-field, or proximity-only discovery signal.",Rejected / unrelated,rejected,No authoritative current relationship to Arthur Blank / AMB West; excluded.
WAGNER TAMBERLY & MORIEAU KODY,WAGNER TAMBERLY AND MORIEAU KODY,35.062,1,Lake,48833 CROW DAM RD RONAN MT 59864-9223,broad_owner_fragment:AMB,"Keyword/fragment, identity-field, or proximity-only discovery signal.",Rejected / unrelated,rejected,No authoritative current relationship to Arthur Blank / AMB West; excluded.
MCKELVEY ALEXANDER & HANNAH A,MCKELVEY ALEXANDER AND HANNAH A,35.0,1,Park,80 ANTELOPE BUTTE RD LIVINGSTON MT 59047,geographic_within_one_mile; geography_stats:near=1;adjoining=0;min_m=261.2,"Keyword/fragment, identity-field, or proximity-only discovery signal.",Rejected / unrelated,rejected,No authoritative current relationship to Arthur Blank / AMB West; excluded.
MERICLI ALEXANDER & LINDSAY,MERICLI ALEXANDER AND LINDSAY,35.0,1,Park,5208 PINE ST BELLAIRE TX 77401-4821,geographic_within_one_mile; geography_stats:near=1;adjoining=0;min_m=502.3,"Keyword/fragment, identity-field, or proximity-only discovery signal.",Rejected / unrelated,rejected,No authoritative current relationship to Arthur Blank / AMB West; excluded.
HERR JOHN,HERR JOHN,34.946,3,Park,1106 W PARK ST # 152 LIVINGSTON MT 59047-2955,geographic_adjoining_or_within_10m; geographic_within_one_mile; geography_stats:near=3;adjoining=2;min_m=0.0,"Cadastral geometry adjoins a confirmed ranch, but no name/address/corporate evidence links it to AMB West.",Rejected / unrelated,rejected,Neighboring ownership is not beneficial ownership; distinct owner remains excluded.
WILLSON DECKER & RYLEIGH,WILLSON DECKER AND RYLEIGH,34.427,1,Park,PO BOX 2185 LIVINGSTON MT 59047-4709,geographic_within_one_mile; geography_stats:near=1;adjoining=0;min_m=652.5,"Keyword/fragment, identity-field, or proximity-only discovery signal.",Rejected / unrelated,rejected,No authoritative current relationship to Arthur Blank / AMB West; excluded.
ON TARGET LLC,ON TARGET LLC,34.06,1,Park,2110 PRESIDENT PL COSTA MESA CA 92627-4019,geographic_within_one_mile; geography_stats:near=1;adjoining=0;min_m=1441.6,"Keyword/fragment, identity-field, or proximity-only discovery signal.",Rejected / unrelated,rejected,No authoritative current relationship to Arthur Blank / AMB West; excluded.
LARSEN KARYN S & AMBER,LARSEN KARYN S AND AMBER,33.631,1,Lincoln,PO BOX 745 TROY MT 59935-0745,broad_owner_fragment:AMB,"Keyword/fragment, identity-field, or proximity-only discovery signal.",Rejected / unrelated,rejected,No authoritative current relationship to Arthur Blank / AMB West; excluded.
LINK MATTHEW & AMBER,LINK MATTHEW AND AMBER,33.55,1,Big Horn,706 N CRAWFORD AVE HARDIN MT 59034-1419,broad_owner_fragment:AMB,"Keyword/fragment, identity-field, or proximity-only discovery signal.",Rejected / unrelated,rejected,No authoritative current relationship to Arthur Blank / AMB West; excluded.
KINGSTON AMBER,KINGSTON AMBER,33.44,1,Cascade,610 S MARVIN AVE TUCSON AZ 85710-4918,broad_owner_fragment:AMB,"Keyword/fragment, identity-field, or proximity-only discovery signal.",Rejected / unrelated,rejected,No authoritative current relationship to Arthur Blank / AMB West; excluded.
CPT KIRK LLC,CPT KIRK LLC,33.403,2,Park,921 LAUDER DR SPICEWOOD TX 78669-2493 | MAIL TO KIRK L COVINGTON 921 LAUDER SPICEWOOD TX 78669,geographic_within_one_mile; geography_stats:near=1;adjoining=0;min_m=1168.3,"Keyword/fragment, identity-field, or proximity-only discovery signal.",Rejected / unrelated,rejected,No authoritative current relationship to Arthur Blank / AMB West; excluded.
ARTHUR AARON J & AMBER C,ARTHUR AARON J AND AMBER C,33.1,1,Custer,258 FRANKL LN MILES CITY MT 59301-8839,broad_owner_fragment:AMB,"Keyword/fragment, identity-field, or proximity-only discovery signal.",Rejected / unrelated,rejected,No authoritative current relationship to Arthur Blank / AMB West; excluded.
SHERWOOD ROBERT L & EARLYN M,SHERWOOD ROBERT L AND EARLYN M,32.902,1,Park,MAIL TO: SHERWOOD PURITY PO BOX 1657 EMIGRANT MT 59027-1657,geographic_within_one_mile; geography_stats:near=1;adjoining=0;min_m=661.0,"Keyword/fragment, identity-field, or proximity-only discovery signal.",Rejected / unrelated,rejected,No authoritative current relationship to Arthur Blank / AMB West; excluded.
HEDRICK JOHN WILLIAM,HEDRICK JOHN WILLIAM,32.662,1,Park,732 S 315 E IVINS UT 84738-5095,geographic_within_one_mile; geography_stats:near=1;adjoining=0;min_m=563.0,"Keyword/fragment, identity-field, or proximity-only discovery signal.",Rejected / unrelated,rejected,No authoritative current relationship to Arthur Blank / AMB West; excluded.
BOWERS TIMOTHY P & CINDY M,BOWERS TIMOTHY P AND CINDY M,32.522,3,Park,136 DEEP CREEK RD LIVINGSTON MT 59047-9110,geographic_within_one_mile; geography_stats:near=1;adjoining=0;min_m=607.0,"Keyword/fragment, identity-field, or proximity-only discovery signal.",Rejected / unrelated,rejected,No authoritative current relationship to Arthur Blank / AMB West; excluded.
WOLKE HOWIE &,WOLKE HOWIE AND,32.406,1,Park,222 TOM MINER RD EMIGRANT MT 59027-9999,geographic_within_one_mile; geography_stats:near=1;adjoining=0;min_m=1520.4,"Keyword/fragment, identity-field, or proximity-only discovery signal.",Rejected / unrelated,rejected,No authoritative current relationship to Arthur Blank / AMB West; excluded.
LINK CHRISTOPHER W TRUSTEE,LINK CHRISTOPHER W TRUSTEE,31.39,1,Park,16120 W KATHRYN AVE MANHATTAN IL 60442-9783,geographic_within_one_mile; geography_stats:near=1;adjoining=0;min_m=1372.2,"Keyword/fragment, identity-field, or proximity-only discovery signal.",Rejected / unrelated,rejected,No authoritative current relationship to Arthur Blank / AMB West; excluded.
MILLER RONALD J & AMBER L,MILLER RONALD J AND AMBER L,31.341,2,Carbon | Hill,PO BOX 221 BRIDGER MT 59014-0221,broad_owner_fragment:AMB,"Keyword/fragment, identity-field, or proximity-only discovery signal.",Rejected / unrelated,rejected,No authoritative current relationship to Arthur Blank / AMB West; excluded.
WAMBACH MATTHEW T & KAREN S,WAMBACH MATTHEW T AND KAREN S,31.177,3,Cascade,1162 COUNTY LINE RD FORT SHAW MT 59443-9532,broad_owner_fragment:AMB,"Keyword/fragment, identity-field, or proximity-only discovery signal.",Rejected / unrelated,rejected,No authoritative current relationship to Arthur Blank / AMB West; excluded.
MENAGH FAY P FAMILY TRUST,MENAGH FAY P FAMILY TRUST,31.137,2,Park,233 W 12TH ST HOLLAND MI 49423-3218,geographic_within_one_mile; geography_stats:near=1;adjoining=0;min_m=1523.5,"Keyword/fragment, identity-field, or proximity-only discovery signal.",Rejected / unrelated,rejected,No authoritative current relationship to Arthur Blank / AMB West; excluded.
ALLEN RICHARD D &,ALLEN RICHARD D AND,30.6,1,Park,PO BOX 333 EMIGRANT MT 59027-0333,geographic_within_one_mile; geography_stats:near=1;adjoining=0;min_m=1115.6,"Keyword/fragment, identity-field, or proximity-only discovery signal.",Rejected / unrelated,rejected,No authoritative current relationship to Arthur Blank / AMB West; excluded.
LAMB JEFF & MARCIA,LAMB JEFF AND MARCIA,30.355,2,Jefferson | Lewis and Clark,1388 MT HIGHWAY 69 CARDWELL MT 59721-9613,broad_owner_fragment:AMB,"Keyword/fragment, identity-field, or proximity-only discovery signal.",Rejected / unrelated,rejected,No authoritative current relationship to Arthur Blank / AMB West; excluded.
WUNSCH WALTER & REGINA M TRUSTEES,WUNSCH WALTER AND REGINA M TRUSTEES,30.26,1,Park,PO BOX 36 EMIGRANT MT 59027-0036,geographic_within_one_mile; geography_stats:near=1;adjoining=0;min_m=736.9,"Keyword/fragment, identity-field, or proximity-only discovery signal.",Rejected / unrelated,rejected,No authoritative current relationship to Arthur Blank / AMB West; excluded.
MELIN JESS & KELLI,MELIN JESS AND KELLI,30.25,1,Park,3936 US HIGHWAY 89 S LIVINGSTON MT 59047-9160,geographic_within_one_mile; geography_stats:near=1;adjoining=0;min_m=1402.1,"Keyword/fragment, identity-field, or proximity-only discovery signal.",Rejected / unrelated,rejected,No authoritative current relationship to Arthur Blank / AMB West; excluded.
BOSLEY CATHERINE L,BOSLEY CATHERINE L,30.14,2,Park,90 FRELICH LN LIVINGSTON MT 59047-9130,geographic_within_one_mile; geography_stats:near=1;adjoining=0;min_m=1389.4,"Keyword/fragment, identity-field, or proximity-only discovery signal.",Rejected / unrelated,rejected,No authoritative current relationship to Arthur Blank / AMB West; excluded.
BURCH IVAN L & AMBER,BURCH IVAN L AND AMBER,30.1,1,Beaverhead,4215 BLACKTAIL RD DILLON MT 59725-8533,broad_owner_fragment:AMB,"Keyword/fragment, identity-field, or proximity-only discovery signal.",Rejected / unrelated,rejected,No authoritative current relationship to Arthur Blank / AMB West; excluded.
PETERSON VICTORINA S TRUSTEE,PETERSON VICTORINA S TRUSTEE,30.046,2,Park,910 N LAKE SHORE DR APT 1920 CHICAGO IL 60611-1556,geographic_within_one_mile; geography_stats:near=2;adjoining=0;min_m=285.8,"Keyword/fragment, identity-field, or proximity-only discovery signal.",Rejected / unrelated,rejected,No authoritative current relationship to Arthur Blank / AMB West; excluded.
CARGILL RICHARD A,CARGILL RICHARD A,30.01,1,Park,2420 HUMBOLDT AVE S MINNEAPOLIS MN 55405-2539,geographic_adjoining_or_within_10m; geographic_within_one_mile; geography_stats:near=1;adjoining=1;min_m=0.0,"Cadastral geometry adjoins a confirmed ranch, but no name/address/corporate evidence links it to AMB West.",Rejected / unrelated,rejected,Neighboring ownership is not beneficial ownership; distinct owner remains excluded.
HUTTINGER JOSHUA & AMBERLY,HUTTINGER JOSHUA AND AMBERLY,30.0,1,Park,81 RESERVOIR RD WILSALL MT 59086-9302,broad_owner_fragment:AMB,"Keyword/fragment, identity-field, or proximity-only discovery signal.",Rejected / unrelated,rejected,No authoritative current relationship to Arthur Blank / AMB West; excluded.
LAMB BRUCE D,LAMB BRUCE D,30.0,1,Sanders,847 MT HIGHWAY 135 SAINT REGIS MT 59866-9660,broad_owner_fragment:AMB,"Keyword/fragment, identity-field, or proximity-only discovery signal.",Rejected / unrelated,rejected,No authoritative current relationship to Arthur Blank / AMB West; excluded.
SIX IN THE VALLEY LLC,SIX IN THE VALLEY LLC,30.0,1,Park,1026 N SHAKERVILLE RD OCONOMOWOC WI 53066-9228,geographic_within_one_mile; geography_stats:near=1;adjoining=0;min_m=796.6,"Keyword/fragment, identity-field, or proximity-only discovery signal.",Rejected / unrelated,rejected,No authoritative current relationship to Arthur Blank / AMB West; excluded.
SPRUANCE THOMAS,SPRUANCE THOMAS,30.0,1,Park,27 SELBORNE DR WILMINGTON DE 19807-1215,geographic_within_one_mile; geography_stats:near=1;adjoining=0;min_m=674.8,"Keyword/fragment, identity-field, or proximity-only discovery signal.",Rejected / unrelated,rejected,No authoritative current relationship to Arthur Blank / AMB West; excluded.
WEST MICHAEL G & KATHRYN L,WEST MICHAEL G AND KATHRYN L,29.88,1,Park,4013 US HIGHWAY 89 S LIVINGSTON MT 59047-9163,geographic_within_one_mile; geography_stats:near=1;adjoining=0;min_m=243.7,"Keyword/fragment, identity-field, or proximity-only discovery signal.",Rejected / unrelated,rejected,No authoritative current relationship to Arthur Blank / AMB West; excluded.
BALTZ DAVID LIVING TRUST,BALTZ DAVID LIVING TRUST,29.86,2,Park,216 MASON ST UKIAH CA 95482-4407,geographic_within_one_mile; geography_stats:near=2;adjoining=0;min_m=221.7,"Keyword/fragment, identity-field, or proximity-only discovery signal.",Rejected / unrelated,rejected,No authoritative current relationship to Arthur Blank / AMB West; excluded.
BELANGER CARL PIERRE &,BELANGER CARL PIERRE AND,29.833,1,Park,76 ROCK CREEK RD S EMIGRANT MT 59027-6005,geographic_within_one_mile; geography_stats:near=1;adjoining=0;min_m=1050.2,"Keyword/fragment, identity-field, or proximity-only discovery signal.",Rejected / unrelated,rejected,No authoritative current relationship to Arthur Blank / AMB West; excluded.
EMIGRANT FRONT LLC,EMIGRANT FRONT LLC,29.83,1,Park,1220 LAY RD SAINT LOUIS MO 63124-1872,geographic_within_one_mile; geography_stats:near=1;adjoining=0;min_m=505.6,"Keyword/fragment, identity-field, or proximity-only discovery signal.",Rejected / unrelated,rejected,No authoritative current relationship to Arthur Blank / AMB West; excluded.
VARNER JULIA AMBER AND TANNER JACOB,VARNER JULIA AMBER AND TANNER JACOB,29.72,5,Fallon,PO BOX 724 BAKER MT 59313-0724,broad_owner_fragment:AMB,"Keyword/fragment, identity-field, or proximity-only discovery signal.",Rejected / unrelated,rejected,No authoritative current relationship to Arthur Blank / AMB West; excluded.
RICHARDSON LANS & AMBER,RICHARDSON LANS AND AMBER,29.604,1,Ravalli,PO BOX 102 HAMILTON MT 59840-0102,broad_owner_fragment:AMB,"Keyword/fragment, identity-field, or proximity-only discovery signal.",Rejected / unrelated,rejected,No authoritative current relationship to Arthur Blank / AMB West; excluded.
MAY PAMELA,MAY PAMELA,28.89,1,Park,PO BOX 532 EMIGRANT MT 59027-0532,geographic_within_one_mile; geography_stats:near=1;adjoining=0;min_m=985.1,"Keyword/fragment, identity-field, or proximity-only discovery signal.",Rejected / unrelated,rejected,No authoritative current relationship to Arthur Blank / AMB West; excluded.
BASS AMBER,BASS AMBER,28.639,1,Gallatin,31427 ANACAPA VIEW DR MALIBU CA 90265-2601,broad_owner_fragment:AMB,"Keyword/fragment, identity-field, or proximity-only discovery signal.",Rejected / unrelated,rejected,No authoritative current relationship to Arthur Blank / AMB West; excluded.
NO FENCES LLC,NO FENCES LLC,28.24,1,Park,PO BOX 357 EMIGRANT MT 59027-0357,geographic_within_one_mile; geography_stats:near=1;adjoining=0;min_m=373.6,"Keyword/fragment, identity-field, or proximity-only discovery signal.",Rejected / unrelated,rejected,No authoritative current relationship to Arthur Blank / AMB West; excluded.
WHISTLE CREEK RANCH LLC,WHISTLE CREEK RANCH LLC,28.07,1,Sweet Grass,MAILTO: RY GROSHENS 592 OLD BOULDER RD BIG TIMBER MT 59011,fuzzy_name:WEST CREEK RANCH LLC:0.884,Fuzzy name similarity only.,Rejected / unrelated,rejected,"Candidate discovery signal lacks address, geography and ownership corroboration."
LINDSTROM JOHAN B D & PAMELA MARIE,LINDSTROM JOHAN B D AND PAMELA MARIE,28.04,1,Park,4932 153RD PL SE EVERETT WA 98208-8814,geographic_within_one_mile; geography_stats:near=1;adjoining=0;min_m=1179.8,"Keyword/fragment, identity-field, or proximity-only discovery signal.",Rejected / unrelated,rejected,No authoritative current relationship to Arthur Blank / AMB West; excluded.
BUCK TRAVIS & AMBER,BUCK TRAVIS AND AMBER,27.763,3,Gallatin,214 SHEPHERD TRL UNIT A BOZEMAN MT 59718-5993 | PO BOX 10624 BOZEMAN MT 59719-0624,broad_owner_fragment:AMB,"Keyword/fragment, identity-field, or proximity-only discovery signal.",Rejected / unrelated,rejected,No authoritative current relationship to Arthur Blank / AMB West; excluded.
DIEHL LESLEY K &,DIEHL LESLEY K AND,27.42,1,Park,1903 VIRGINIA DALE ST HELENA MT 59601-5886,geographic_within_one_mile; geography_stats:near=1;adjoining=0;min_m=609.7,"Keyword/fragment, identity-field, or proximity-only discovery signal.",Rejected / unrelated,rejected,No authoritative current relationship to Arthur Blank / AMB West; excluded.
NIEHAUS JOHN H J,NIEHAUS JOHN H J,27.191,1,Park,1409 SANDPIPER SPIT RICHMOND CA 94801-4100,geographic_within_one_mile; geography_stats:near=1;adjoining=0;min_m=1231.8,"Keyword/fragment, identity-field, or proximity-only discovery signal.",Rejected / unrelated,rejected,No authoritative current relationship to Arthur Blank / AMB West; excluded.
BATES DANIEL V & AMBER M,BATES DANIEL V AND AMBER M,27.151,1,Gallatin,20323 NORRIS RD MANHATTAN MT 59741-8629,broad_owner_fragment:AMB,"Keyword/fragment, identity-field, or proximity-only discovery signal.",Rejected / unrelated,rejected,No authoritative current relationship to Arthur Blank / AMB West; excluded.
KELLY NICOLE SOWINSKA &,KELLY NICOLE SOWINSKA AND,27.0,1,Park,658 E RIVER RD EMIGRANT MT 59027-6101,geographic_within_one_mile; geography_stats:near=1;adjoining=0;min_m=843.6,"Keyword/fragment, identity-field, or proximity-only discovery signal.",Rejected / unrelated,rejected,No authoritative current relationship to Arthur Blank / AMB West; excluded.
CROMLICH MARK A & AMBER LEE DAWN TRUSTEES,CROMLICH MARK A AND AMBER LEE DAWN TRUSTEES,26.82,1,Powell,PO BOX 752 DEER LODGE MT 59722-0752,broad_owner_fragment:AMB,"Keyword/fragment, identity-field, or proximity-only discovery signal.",Rejected / unrelated,rejected,No authoritative current relationship to Arthur Blank / AMB West; excluded.
PARADISE GROUP MT LLC,PARADISE GROUP MT LLC,26.773,2,Park,1000 ALLGOOD RD ATHENS GA 30606-5367,broad_owner_fragment:PARADISE,"Keyword/fragment, identity-field, or proximity-only discovery signal.",Rejected / unrelated,rejected,No authoritative current relationship to Arthur Blank / AMB West; excluded.
WAINRIGHT AMBER NOELLE & SCOTT FRANKLIN,WAINRIGHT AMBER NOELLE AND SCOTT FRANKLIN,26.7,1,Jefferson,175 SHEEP CAMP RD WHITEHALL MT 59759-9647,broad_owner_fragment:AMB,"Keyword/fragment, identity-field, or proximity-only discovery signal.",Rejected / unrelated,rejected,No authoritative current relationship to Arthur Blank / AMB West; excluded.
POSTERITY HOLDINGS LLC,POSTERITY HOLDINGS LLC,26.534,6,Park,2007 SABRINA TER CORONA DEL MAR CA 92625-1821,geographic_within_one_mile; geography_stats:near=6;adjoining=0;min_m=614.6,"Keyword/fragment, identity-field, or proximity-only discovery signal.",Rejected / unrelated,rejected,No authoritative current relationship to Arthur Blank / AMB West; excluded.
CUTBOW LLC,CUTBOW LLC,26.517,1,Park,PO BOX 961689 BOSTON MA 02196-1689,geographic_within_one_mile; geography_stats:near=1;adjoining=0;min_m=269.8,"Keyword/fragment, identity-field, or proximity-only discovery signal.",Rejected / unrelated,rejected,No authoritative current relationship to Arthur Blank / AMB West; excluded.
GOLLIDAY STEPHEN W & AMBER L,GOLLIDAY STEPHEN W AND AMBER L,26.47,1,Flathead,PO BOX 316 KILA MT 59920-0316,broad_owner_fragment:AMB,"Keyword/fragment, identity-field, or proximity-only discovery signal.",Rejected / unrelated,rejected,No authoritative current relationship to Arthur Blank / AMB West; excluded.
LAMBETH KENNETH R & VIVIEN L,LAMBETH KENNETH R AND VIVIEN L,26.41,3,Lake,31201 WALKING HORSE LN BIG ARM MT 59910 | 31201 WALKING HORSE LN BIG ARM MT 59910-9195,broad_owner_fragment:AMB,"Keyword/fragment, identity-field, or proximity-only discovery signal.",Rejected / unrelated,rejected,No authoritative current relationship to Arthur Blank / AMB West; excluded.
KHOE KARI,KHOE KARI,26.4,1,Park,3709 HARRY COOPER PL BILLINGS MT 59106-1008,geographic_within_one_mile; geography_stats:near=1;adjoining=0;min_m=1449.7,"Keyword/fragment, identity-field, or proximity-only discovery signal.",Rejected / unrelated,rejected,No authoritative current relationship to Arthur Blank / AMB West; excluded.
MILBURN JEREMY T & AMBER A,MILBURN JEREMY T AND AMBER A,25.825,3,Judith Basin,PO BOX 81 GEYSER MT 59447-0081,broad_owner_fragment:AMB,"Keyword/fragment, identity-field, or proximity-only discovery signal.",Rejected / unrelated,rejected,No authoritative current relationship to Arthur Blank / AMB West; excluded.
LINK MATHEW B & AMBER J JTROS,LINK MATHEW B AND AMBER J JTROS,25.706,2,Big Horn,706 N CRAWFORD AVE HARDIN MT 59034-1419 | 706 NORTH CRAWFORD HARDIN MT 59034,broad_owner_fragment:AMB,"Keyword/fragment, identity-field, or proximity-only discovery signal.",Rejected / unrelated,rejected,No authoritative current relationship to Arthur Blank / AMB West; excluded.
ROLF GARY WALTER & AMBER DAWN,ROLF GARY WALTER AND AMBER DAWN,25.62,1,Custer,179 ROAD 506 MILES CITY MT 59301-6451,broad_owner_fragment:AMB,"Keyword/fragment, identity-field, or proximity-only discovery signal.",Rejected / unrelated,rejected,No authoritative current relationship to Arthur Blank / AMB West; excluded.
CUNNINGHAM THOMAS ROBERT,CUNNINGHAM THOMAS ROBERT,25.556,1,Park,1694 US HIGHWAY 89 S EMIGRANT MT 59027-6002,geographic_adjoining_or_within_10m; geographic_within_one_mile; geography_stats:near=1;adjoining=1;min_m=0.0,"Cadastral geometry adjoins a confirmed ranch, but no name/address/corporate evidence links it to AMB West.",Rejected / unrelated,rejected,Neighboring ownership is not beneficial ownership; distinct owner remains excluded.
LAMBSON ROGER SCOTT,LAMBSON ROGER SCOTT,25.42,2,Lake,33977 REPASS TRL SAINT IGNATIUS MT 59865-9743 | 345 N CANAL ST APT 1301 CHICAGO IL 60606-1365,broad_owner_fragment:AMB,"Keyword/fragment, identity-field, or proximity-only discovery signal.",Rejected / unrelated,rejected,No authoritative current relationship to Arthur Blank / AMB West; excluded.
SIEDLACZEK MARK J & ROCHELLE L,SIEDLACZEK MARK J AND ROCHELLE L,25.363,1,Park,PO BOX 119 EMIGRANT MT 59027-0119,geographic_within_one_mile; geography_stats:near=1;adjoining=0;min_m=1041.5,"Keyword/fragment, identity-field, or proximity-only discovery signal.",Rejected / unrelated,rejected,No authoritative current relationship to Arthur Blank / AMB West; excluded.
RAMBERG ZACHARY & RACHEL,RAMBERG ZACHARY AND RACHEL,25.241,2,Liberty,2822 2000 RD E JOPLIN MT 59531-7727,broad_owner_fragment:AMB,"Keyword/fragment, identity-field, or proximity-only discovery signal.",Rejected / unrelated,rejected,No authoritative current relationship to Arthur Blank / AMB West; excluded.
ROY BROCK E & KIMBERLIE,ROY BROCK E AND KIMBERLIE,25.174,1,Park,148 TRAIL CREEK RD LIVINGSTON MT 59047-8818,geographic_adjoining_or_within_10m; geographic_within_one_mile; geography_stats:near=1;adjoining=1;min_m=0.0,"Cadastral geometry adjoins a confirmed ranch, but no name/address/corporate evidence links it to AMB West.",Rejected / unrelated,rejected,Neighboring ownership is not beneficial ownership; distinct owner remains excluded.
RAMBOW ERIC DOUGLAS & LOLA HUFF,RAMBOW ERIC DOUGLAS AND LOLA HUFF,25.17,3,Lake,3497 GENERAL HOOD TRL NASHVILLE TN 37204-3838,broad_owner_fragment:AMB,"Keyword/fragment, identity-field, or proximity-only discovery signal.",Rejected / unrelated,rejected,No authoritative current relationship to Arthur Blank / AMB West; excluded.
NILES LILA LEE,NILES LILA LEE,25.045,1,Park,4701 ETHEL AVE SHERMAN OAKS CA 91423-3314,geographic_within_one_mile; geography_stats:near=1;adjoining=0;min_m=451.1,"Keyword/fragment, identity-field, or proximity-only discovery signal.",Rejected / unrelated,rejected,No authoritative current relationship to Arthur Blank / AMB West; excluded.
J & M KELLY TRUST &,J AND M KELLY TRUST AND,24.64,1,Park,7559 CHAROLAIS ST BILLINGS MT 59106-9663,geographic_within_one_mile; geography_stats:near=1;adjoining=0;min_m=1179.8,"Keyword/fragment, identity-field, or proximity-only discovery signal.",Rejected / unrelated,rejected,No authoritative current relationship to Arthur Blank / AMB West; excluded.
NICKERSON ROSS E &,NICKERSON ROSS E AND,24.545,1,Park,337 E RIVER RD EMIGRANT MT 59027-6102,geographic_within_one_mile; geography_stats:near=1;adjoining=0;min_m=211.4,"Keyword/fragment, identity-field, or proximity-only discovery signal.",Rejected / unrelated,rejected,No authoritative current relationship to Arthur Blank / AMB West; excluded.
FRELICH DUANE M &,FRELICH DUANE M AND,24.469,1,Park,PO BOX 1485 LIVINGSTON MT 59047-1485,geographic_adjoining_or_within_10m; geographic_within_one_mile; geography_stats:near=1;adjoining=1;min_m=0.0,"Cadastral geometry adjoins a confirmed ranch, but no name/address/corporate evidence links it to AMB West.",Rejected / unrelated,rejected,Neighboring ownership is not beneficial ownership; distinct owner remains excluded.
ROCKY POINT HOMEOWNERS ASSOCIATION,ROCKY POINT HOMEOWNERS ASSOCIATION,24.381,1,Park,MAIL TO POINT OF ROCKS RANCH 66 DEEP CREEK RD LIVINGSTON MT 59047-9111,geographic_within_one_mile; geography_stats:near=1;adjoining=0;min_m=373.2,"Keyword/fragment, identity-field, or proximity-only discovery signal.",Rejected / unrelated,rejected,No authoritative current relationship to Arthur Blank / AMB West; excluded.
MITCHEM MARK WORTHY,MITCHEM MARK WORTHY,24.294,1,Park,302 S CLEAR CREEK DR FRIENDSWOOD TX 77546-5112,geographic_within_one_mile; geography_stats:near=1;adjoining=0;min_m=393.4,"Keyword/fragment, identity-field, or proximity-only discovery signal.",Rejected / unrelated,rejected,No authoritative current relationship to Arthur Blank / AMB West; excluded.
PARADISE VALLEY DREAMIN LLC,PARADISE VALLEY DREAMIN LLC,24.27,1,Park,PO BOX 205 EMIGRANT MT 59027-0205,broad_owner_fragment:PARADISE; fuzzy_name:PARADISE VALLEY RANCH LLC:0.885,Fuzzy name similarity only.,Rejected / unrelated,rejected,"Candidate discovery signal lacks address, geography and ownership corroboration."
PARKS GREGORY C & THERESA L,PARKS GREGORY C AND THERESA L,24.17,2,Park,47 W PINE CREEK RD LIVINGSTON MT 59047-8817,geographic_adjoining_or_within_10m; geographic_within_one_mile; geography_stats:near=2;adjoining=1;min_m=0.0,"Cadastral geometry adjoins a confirmed ranch, but no name/address/corporate evidence links it to AMB West.",Rejected / unrelated,rejected,Neighboring ownership is not beneficial ownership; distinct owner remains excluded.
HARLOW KINDRA MESSMER &,HARLOW KINDRA MESSMER AND,23.83,2,Park,3709 HARRY COOPER PL BILLINGS MT 59106-1008,geographic_within_one_mile; geography_stats:near=1;adjoining=0;min_m=1490.1,"Keyword/fragment, identity-field, or proximity-only discovery signal.",Rejected / unrelated,rejected,No authoritative current relationship to Arthur Blank / AMB West; excluded.
FOX HEATHER &,FOX HEATHER AND,23.77,1,Park,18 LIBRA DR EMIGRANT MT 59027-6058,geographic_within_one_mile; geography_stats:near=1;adjoining=0;min_m=267.5,"Keyword/fragment, identity-field, or proximity-only discovery signal.",Rejected / unrelated,rejected,No authoritative current relationship to Arthur Blank / AMB West; excluded.
AMAT LUIS R & SUSAN W,AMAT LUIS R AND SUSAN W,23.75,1,Park,15325 SW 77TH CT PALMETTO BAY FL 33157-2362,geographic_adjoining_or_within_10m; geographic_within_one_mile; geography_stats:near=1;adjoining=1;min_m=0.0,"Cadastral geometry adjoins a confirmed ranch, but no name/address/corporate evidence links it to AMB West.",Rejected / unrelated,rejected,Neighboring ownership is not beneficial ownership; distinct owner remains excluded.
HARRIS CRAIG T & MARGARET A,HARRIS CRAIG T AND MARGARET A,23.65,1,Park,PO BOX 1065 LIVINGSTON MT 59047-1065,geographic_adjoining_or_within_10m; geographic_within_one_mile; geography_stats:near=1;adjoining=1;min_m=0.0,"Cadastral geometry adjoins a confirmed ranch, but no name/address/corporate evidence links it to AMB West.",Rejected / unrelated,rejected,Neighboring ownership is not beneficial ownership; distinct owner remains excluded.
HELMBRECHT DONALD J,HELMBRECHT DONALD J,23.62,1,Park,PO BOX 577 EMIGRANT MT 59027-0577,geographic_within_one_mile; geography_stats:near=1;adjoining=0;min_m=977.3,"Keyword/fragment, identity-field, or proximity-only discovery signal.",Rejected / unrelated,rejected,No authoritative current relationship to Arthur Blank / AMB West; excluded.
GAMBA ANTHONY,GAMBA ANTHONY,23.54,2,Mineral | Sanders,PO BOX 193 FLINTSTONE GA 30725-0193,broad_owner_fragment:AMB,"Keyword/fragment, identity-field, or proximity-only discovery signal.",Rejected / unrelated,rejected,No authoritative current relationship to Arthur Blank / AMB West; excluded.
BLANK EDWARD J,BLANK EDWARD J,23.53,1,Flathead,16309 NE 72ND CIR VANCOUVER WA 98682-1920,broad_owner_fragment:BLANK,"Keyword/fragment, identity-field, or proximity-only discovery signal.",Rejected / unrelated,rejected,No authoritative current relationship to Arthur Blank / AMB West; excluded.
KELLY BRENDAN & HOLLY,KELLY BRENDAN AND HOLLY,23.233,1,Park,1720 PLEASANT PLAINS RD ANNAPOLIS MD 21409-5931,geographic_within_one_mile; geography_stats:near=1;adjoining=0;min_m=215.1,"Keyword/fragment, identity-field, or proximity-only discovery signal.",Rejected / unrelated,rejected,No authoritative current relationship to Arthur Blank / AMB West; excluded.
GAMBREL LOYD T & JUANITA,GAMBREL LOYD T AND JUANITA,23.23,1,Sanders,%BEITO GILMAN CHANTRY SHANE & GLASE NICOLE LYNN 5 RIVER WALK LANE THOMPSON FALLS MT 59873,broad_owner_fragment:AMB,"Keyword/fragment, identity-field, or proximity-only discovery signal.",Rejected / unrelated,rejected,No authoritative current relationship to Arthur Blank / AMB West; excluded.
SOLOMON ZANE & AMBER ANN,SOLOMON ZANE AND AMBER ANN,23.23,1,Custer,PO BOX 124 MILES CITY MT 59301-0124,broad_owner_fragment:AMB,"Keyword/fragment, identity-field, or proximity-only discovery signal.",Rejected / unrelated,rejected,No authoritative current relationship to Arthur Blank / AMB West; excluded.
CARASIA FAMILY TRUST,CARASIA FAMILY TRUST,23.15,2,Park,513 E RIVER RD EMIGRANT MT 59027-6106,geographic_within_one_mile; geography_stats:near=2;adjoining=0;min_m=190.1,"Keyword/fragment, identity-field, or proximity-only discovery signal.",Rejected / unrelated,rejected,No authoritative current relationship to Arthur Blank / AMB West; excluded.
CHAMBERLAIN RICHARD W & JOANNE M,CHAMBERLAIN RICHARD W AND JOANNE M,23.108,2,Gallatin,13017 BEECH ST ODESSA FL 33556-5605,broad_owner_fragment:AMB,"Keyword/fragment, identity-field, or proximity-only discovery signal.",Rejected / unrelated,rejected,No authoritative current relationship to Arthur Blank / AMB West; excluded.
GOODHART JOHN & SHARON TRUSTEES,GOODHART JOHN AND SHARON TRUSTEES,23.042,1,Park,130 TRAIL CREEK RD LIVINGSTON MT 59047-8818,geographic_adjoining_or_within_10m; geographic_within_one_mile; geography_stats:near=1;adjoining=1;min_m=0.0,"Cadastral geometry adjoins a confirmed ranch, but no name/address/corporate evidence links it to AMB West.",Rejected / unrelated,rejected,Neighboring ownership is not beneficial ownership; distinct owner remains excluded.
FREDERICH WILLIAM & KAYE,FREDERICH WILLIAM AND KAYE,23.03,1,Park,198 E RIVER RD EMIGRANT MT 59027-6103,geographic_within_one_mile; geography_stats:near=1;adjoining=0;min_m=165.4,"Keyword/fragment, identity-field, or proximity-only discovery signal.",Rejected / unrelated,rejected,No authoritative current relationship to Arthur Blank / AMB West; excluded.
CHURCH UNIVERSAL & TRIMPHNT TEACHING CTR,CHURCH UNIVERSAL AND TRIMPHNT TEACHING CTR,23.009,1,Park,PO BOX 465 EMIGRANT MT 59027-0465,geographic_adjoining_or_within_10m; geographic_within_one_mile; geography_stats:near=1;adjoining=1;min_m=0.0,"Cadastral geometry adjoins a confirmed ranch, but no name/address/corporate evidence links it to AMB West.",Rejected / unrelated,rejected,Neighboring ownership is not beneficial ownership; distinct owner remains excluded.
BAKER ROBERT & LAURA,BAKER ROBERT AND LAURA,22.99,1,Park,PO BOX 1607 EMIGRANT MT 59027-1607,geographic_within_one_mile; geography_stats:near=1;adjoining=0;min_m=605.7,"Keyword/fragment, identity-field, or proximity-only discovery signal.",Rejected / unrelated,rejected,No authoritative current relationship to Arthur Blank / AMB West; excluded.
ART ANDREA,ART ANDREA,22.975,3,Park,PO BOX 124 PRAY MT 59065-0124,geographic_within_one_mile; geography_stats:near=2;adjoining=0;min_m=1521.6,"Keyword/fragment, identity-field, or proximity-only discovery signal.",Rejected / unrelated,rejected,No authoritative current relationship to Arthur Blank / AMB West; excluded.
SCHANKOWITZ PETER TRUST &,SCHANKOWITZ PETER TRUST AND,22.917,1,Park,1845 N VALLEY RD MALVERN PA 19355-9765,geographic_within_one_mile; geography_stats:near=1;adjoining=0;min_m=812.3,"Keyword/fragment, identity-field, or proximity-only discovery signal.",Rejected / unrelated,rejected,No authoritative current relationship to Arthur Blank / AMB West; excluded.
HACKER BEVERLY J,HACKER BEVERLY J,22.869,1,Park,54 W PINE CREEK RD LIVINGSTON MT 59047-8817,geographic_adjoining_or_within_10m; geographic_within_one_mile; geography_stats:near=1;adjoining=1;min_m=0.0,"Cadastral geometry adjoins a confirmed ranch, but no name/address/corporate evidence links it to AMB West.",Rejected / unrelated,rejected,Neighboring ownership is not beneficial ownership; distinct owner remains excluded.
GIAMBRONE LINDA REVOCABLE LIVING TRUST,GIAMBRONE LINDA REVOCABLE LIVING TRUST,22.47,1,Lincoln,PO BOX 263 REXFORD MT 59930-0263,broad_owner_fragment:AMB,"Keyword/fragment, identity-field, or proximity-only discovery signal.",Rejected / unrelated,rejected,No authoritative current relationship to Arthur Blank / AMB West; excluded.
FIELD ANDREW S & VICTORIA L,FIELD ANDREW S AND VICTORIA L,22.45,1,Park,PO BOX 500 EMIGRANT MT 59027-0500,geographic_adjoining_or_within_10m; geographic_within_one_mile; geography_stats:near=1;adjoining=1;min_m=0.0,"Cadastral geometry adjoins a confirmed ranch, but no name/address/corporate evidence links it to AMB West.",Rejected / unrelated,rejected,Neighboring ownership is not beneficial ownership; distinct owner remains excluded.
DOUBLE MM RANCH LLC,DOUBLE MM RANCH LLC,22.41,1,Park,80195 HIGHWAY 21 BUSH LA 70431-4407,geographic_within_one_mile; geography_stats:near=1;adjoining=0;min_m=1417.9,"Keyword/fragment, identity-field, or proximity-only discovery signal.",Rejected / unrelated,rejected,No authoritative current relationship to Arthur Blank / AMB West; excluded.
ERICKSON HYLAND & BRENDA CO-TRUSTEE MONTANA TRUST,ERICKSON HYLAND AND BRENDA CO TRUSTEE MONTANA TRUST,22.312,1,Park,668 RUBY TRUST DR CASTLE ROCK CO 80108-8466,geographic_within_one_mile; geography_stats:near=1;adjoining=0;min_m=491.1,"Keyword/fragment, identity-field, or proximity-only discovery signal.",Rejected / unrelated,rejected,No authoritative current relationship to Arthur Blank / AMB West; excluded.
RAMBOLDT KAREN L & JEFF,RAMBOLDT KAREN L AND JEFF,22.25,1,Silver Bow,1500 GREGSON LN ANACONDA MT 59711-9427,broad_owner_fragment:AMB,"Keyword/fragment, identity-field, or proximity-only discovery signal.",Rejected / unrelated,rejected,No authoritative current relationship to Arthur Blank / AMB West; excluded.
IHRMAN LYNDELL K &,IHRMAN LYNDELL K AND,22.244,1,Park,154 TRAIL CREEK RD LIVINGSTON MT 59047-8818,geographic_adjoining_or_within_10m; geographic_within_one_mile; geography_stats:near=1;adjoining=1;min_m=0.0,"Cadastral geometry adjoins a confirmed ranch, but no name/address/corporate evidence links it to AMB West.",Rejected / unrelated,rejected,Neighboring ownership is not beneficial ownership; distinct owner remains excluded.
CAMPBELL MICHAEL C & JEANNE PAIGE,CAMPBELL MICHAEL C AND JEANNE PAIGE,22.21,1,Park,PO BOX 498 EMIGRANT MT 59027-0498,geographic_within_one_mile; geography_stats:near=1;adjoining=0;min_m=805.0,"Keyword/fragment, identity-field, or proximity-only discovery signal.",Rejected / unrelated,rejected,No authoritative current relationship to Arthur Blank / AMB West; excluded.
MESSMER KINDRA,MESSMER KINDRA,22.15,1,Park,29 PINTO RANCH LN LIVINGSTON MT 59047-8605,geographic_within_one_mile; geography_stats:near=1;adjoining=0;min_m=1277.0,"Keyword/fragment, identity-field, or proximity-only discovery signal.",Rejected / unrelated,rejected,No authoritative current relationship to Arthur Blank / AMB West; excluded.
ANDERSON SCOTT B & JULIA M,ANDERSON SCOTT B AND JULIA M,22.0,1,Park,612 SWINGLEY RD LIVINGSTON MT 59047-9294,geographic_within_one_mile; geography_stats:near=1;adjoining=0;min_m=1605.7,"Keyword/fragment, identity-field, or proximity-only discovery signal.",Rejected / unrelated,rejected,No authoritative current relationship to Arthur Blank / AMB West; excluded.
THOMPSON MICHAEL & ERIN,THOMPSON MICHAEL AND ERIN,21.934,1,Park,172 E RIVER RD EMIGRANT MT 59027-6103,geographic_within_one_mile; geography_stats:near=1;adjoining=0;min_m=167.4,"Keyword/fragment, identity-field, or proximity-only discovery signal.",Rejected / unrelated,rejected,No authoritative current relationship to Arthur Blank / AMB West; excluded.
PARADISE RIDGE REVOCABLE TRUST,PARADISE RIDGE REVOCABLE TRUST,21.93,1,Park,106 MULE DEER RD PRAY MT 59065,broad_owner_fragment:PARADISE; geographic_within_one_mile; geography_stats:near=1;adjoining=0;min_m=1605.9,"Keyword/fragment, identity-field, or proximity-only discovery signal.",Rejected / unrelated,rejected,No authoritative current relationship to Arthur Blank / AMB West; excluded.
GEE KELVIN  & KAY LIVING TRUST,GEE KELVIN AND KAY LIVING TRUST,21.896,1,Park,1653 N CYPRESS ST LA HABRA HEIGHTS CA 90631-8235,geographic_within_one_mile; geography_stats:near=1;adjoining=0;min_m=284.7,"Keyword/fragment, identity-field, or proximity-only discovery signal.",Rejected / unrelated,rejected,No authoritative current relationship to Arthur Blank / AMB West; excluded.
BUCHKO WILLIAM S TRUSTEE,BUCHKO WILLIAM S TRUSTEE,21.809,1,Park,3640 HILLVIEW DR RIVERSIDE CA 92503-4727,geographic_within_one_mile; geography_stats:near=1;adjoining=0;min_m=358.1,"Keyword/fragment, identity-field, or proximity-only discovery signal.",Rejected / unrelated,rejected,No authoritative current relationship to Arthur Blank / AMB West; excluded.
KENYON MARK & KYLIE,KENYON MARK AND KYLIE,21.792,1,Park,76 W PINE CREEK RD LIVINGSTON MT 59047-8817,geographic_adjoining_or_within_10m; geographic_within_one_mile; geography_stats:near=1;adjoining=1;min_m=0.0,"Cadastral geometry adjoins a confirmed ranch, but no name/address/corporate evidence links it to AMB West.",Rejected / unrelated,rejected,Neighboring ownership is not beneficial ownership; distinct owner remains excluded.
RUSTAD PAMELA M,RUSTAD PAMELA M,21.719,1,Park,120 TRAIL CREEK RD LIVINGSTON MT 59047-8818,geographic_adjoining_or_within_10m; geographic_within_one_mile; geography_stats:near=1;adjoining=1;min_m=0.0,"Cadastral geometry adjoins a confirmed ranch, but no name/address/corporate evidence links it to AMB West.",Rejected / unrelated,rejected,Neighboring ownership is not beneficial ownership; distinct owner remains excluded.
BRINK DUSTIN L & AMBER N,BRINK DUSTIN L AND AMBER N,21.7,1,Carbon,27 TAKOTA LN BELFRY MT 59008-9523,broad_owner_fragment:AMB,"Keyword/fragment, identity-field, or proximity-only discovery signal.",Rejected / unrelated,rejected,No authoritative current relationship to Arthur Blank / AMB West; excluded.
RAETZMAN BOYS LLC,RAETZMAN BOYS LLC,21.681,1,Park,5465 W SWEETWATER DR TUCSON AZ 85745-8936,geographic_adjoining_or_within_10m; geographic_within_one_mile; geography_stats:near=1;adjoining=1;min_m=0.0,"Cadastral geometry adjoins a confirmed ranch, but no name/address/corporate evidence links it to AMB West.",Rejected / unrelated,rejected,Neighboring ownership is not beneficial ownership; distinct owner remains excluded.
BERNDT FAMILY TRUST,BERNDT FAMILY TRUST,21.667,1,Park,MAIL TO: ERIC & KATHLEEN BERNDT 6835 LAMAR AVE OVERLAND PARK KS 66204-1426,geographic_within_one_mile; geography_stats:near=1;adjoining=0;min_m=1190.0,"Keyword/fragment, identity-field, or proximity-only discovery signal.",Rejected / unrelated,rejected,No authoritative current relationship to Arthur Blank / AMB West; excluded.
O'CONNELL CHRISTOPHER JAMES &,O CONNELL CHRISTOPHER JAMES AND,21.651,1,Park,325 NORTH LARCHMORE BLVD STE 213 LOS ANGELES CA 90004-1301,geographic_within_one_mile; geography_stats:near=1;adjoining=0;min_m=951.1,"Keyword/fragment, identity-field, or proximity-only discovery signal.",Rejected / unrelated,rejected,No authoritative current relationship to Arthur Blank / AMB West; excluded.
BELLINGHAM MARY ANNE,BELLINGHAM MARY ANNE,21.532,1,Park,PO BOX 1198 EMIGRANT MT 59027-1198,geographic_adjoining_or_within_10m; geographic_within_one_mile; geography_stats:near=1;adjoining=1;min_m=0.0,"Cadastral geometry adjoins a confirmed ranch, but no name/address/corporate evidence links it to AMB West.",Rejected / unrelated,rejected,Neighboring ownership is not beneficial ownership; distinct owner remains excluded.
RAGSDALE FRANCES &,RAGSDALE FRANCES AND,21.53,1,Park,PO BOX 1167 EMIGRANT MT 59027-1167,geographic_within_one_mile; geography_stats:near=1;adjoining=0;min_m=719.9,"Keyword/fragment, identity-field, or proximity-only discovery signal.",Rejected / unrelated,rejected,No authoritative current relationship to Arthur Blank / AMB West; excluded.
BOISE ABRAM,BOISE ABRAM,21.52,1,Park,1000 S CATALINA AVE APT 212 REDONDO BEACH CA 90277-4724,geographic_within_one_mile; geography_stats:near=1;adjoining=0;min_m=142.9,"Keyword/fragment, identity-field, or proximity-only discovery signal.",Rejected / unrelated,rejected,No authoritative current relationship to Arthur Blank / AMB West; excluded.
ARCHAMBEAULT STEVEN,ARCHAMBEAULT STEVEN,21.5,1,Wheatland,1069 HANNON RD UNIT B BILLINGS MT 59101-5624,broad_owner_fragment:AMB,"Keyword/fragment, identity-field, or proximity-only discovery signal.",Rejected / unrelated,rejected,No authoritative current relationship to Arthur Blank / AMB West; excluded.
GAMBA ANTHONY ETAL,GAMBA ANTHONY ETAL,21.5,1,Mineral,PO BOX 193 FLINTSTONE GA 30725-0193,broad_owner_fragment:AMB,"Keyword/fragment, identity-field, or proximity-only discovery signal.",Rejected / unrelated,rejected,No authoritative current relationship to Arthur Blank / AMB West; excluded.
MAMB REVOCABLE TRUST,MAMB REVOCABLE TRUST,21.34,1,Flathead,2645 SWAN HWY BIGFORK MT 59911-6412,broad_owner_fragment:AMB,"Keyword/fragment, identity-field, or proximity-only discovery signal.",Rejected / unrelated,rejected,No authoritative current relationship to Arthur Blank / AMB West; excluded.
POMMEE JUDY A,POMMEE JUDY A,21.339,1,Park,PO BOX 191 LIVINGSTON MT 59047-0191,geographic_within_one_mile; geography_stats:near=1;adjoining=0;min_m=407.0,"Keyword/fragment, identity-field, or proximity-only discovery signal.",Rejected / unrelated,rejected,No authoritative current relationship to Arthur Blank / AMB West; excluded.
GAMBLE LIVING TRUST,GAMBLE LIVING TRUST,21.12,2,Gallatin | Madison,13 HITCHING POST RD BOZEMAN MT 59715-9241,broad_owner_fragment:AMB,"Keyword/fragment, identity-field, or proximity-only discovery signal.",Rejected / unrelated,rejected,No authoritative current relationship to Arthur Blank / AMB West; excluded.
NEWCOMB FAMILY TRUST,NEWCOMB FAMILY TRUST,21.115,1,Park,PO BOX 479 EMIGRANT MT 59027-0479,geographic_within_one_mile; geography_stats:near=1;adjoining=0;min_m=710.7,"Keyword/fragment, identity-field, or proximity-only discovery signal.",Rejected / unrelated,rejected,No authoritative current relationship to Arthur Blank / AMB West; excluded.
"BLANKENSHIP, AMY LORRAINE & STEPHEN L",BLANKENSHIP AMY LORRAINE AND STEPHEN L,21.086,3,Yellowstone,5730 RETRIEVER RD BILLINGS MT 59105-5095,broad_owner_fragment:BLANK,"Keyword/fragment, identity-field, or proximity-only discovery signal.",Rejected / unrelated,rejected,No authoritative current relationship to Arthur Blank / AMB West; excluded.
HEWITT AMBER JO & JOEL D,HEWITT AMBER JO AND JOEL D,21.06,2,Flathead,835 4TH AVE E COLUMBIA FALLS MT 59912-3500,broad_owner_fragment:AMB,"Keyword/fragment, identity-field, or proximity-only discovery signal.",Rejected / unrelated,rejected,No authoritative current relationship to Arthur Blank / AMB West; excluded.
RAMBO PATRICK C,RAMBO PATRICK C,21.04,1,Cascade,11 GUNSIGHT LN CASCADE MT 59421-8451,broad_owner_fragment:AMB,"Keyword/fragment, identity-field, or proximity-only discovery signal.",Rejected / unrelated,rejected,No authoritative current relationship to Arthur Blank / AMB West; excluded.
LAMBERT LUKE A & KIMBERLY A,LAMBERT LUKE A AND KIMBERLY A,21.023,1,Lincoln,1022 VINAL LAKE RD TROY MT 59935-9839,broad_owner_fragment:AMB,"Keyword/fragment, identity-field, or proximity-only discovery signal.",Rejected / unrelated,rejected,No authoritative current relationship to Arthur Blank / AMB West; excluded.
MCQUILLAN JOSH & AMBER,MCQUILLAN JOSH AND AMBER,21.003,1,Carbon,PO BOX 355 JOLIET MT 59041-0355,broad_owner_fragment:AMB,"Keyword/fragment, identity-field, or proximity-only discovery signal.",Rejected / unrelated,rejected,No authoritative current relationship to Arthur Blank / AMB West; excluded.
LOCHNER BONI &,LOCHNER BONI AND,21.002,1,Park,23 SPANISH BAY DAKOTA DUNES SD 57049-5446,geographic_within_one_mile; geography_stats:near=1;adjoining=0;min_m=156.5,"Keyword/fragment, identity-field, or proximity-only discovery signal.",Rejected / unrelated,rejected,No authoritative current relationship to Arthur Blank / AMB West; excluded.
MORRISON-FOGEL BAILEE M &,MORRISON FOGEL BAILEE M AND,21.002,1,Park,510 E RIVER RD EMIGRANT MT 59027-6106,geographic_within_one_mile; geography_stats:near=1;adjoining=0;min_m=546.3,"Keyword/fragment, identity-field, or proximity-only discovery signal.",Rejected / unrelated,rejected,No authoritative current relationship to Arthur Blank / AMB West; excluded.
WEEKES JOSHUA & AMBER,WEEKES JOSHUA AND AMBER,21.0,1,Lewis and Clark,PO BOX 7295 HELENA MT 59604-7295,broad_owner_fragment:AMB,"Keyword/fragment, identity-field, or proximity-only discovery signal.",Rejected / unrelated,rejected,No authoritative current relationship to Arthur Blank / AMB West; excluded.
GARDINER CHAMBER OF COMMERCE,GARDINER CHAMBER OF COMMERCE,20.989,2,Park,PO BOX 81 GARDINER MT 59030-0081,broad_owner_fragment:AMB,"Keyword/fragment, identity-field, or proximity-only discovery signal.",Rejected / unrelated,rejected,No authoritative current relationship to Arthur Blank / AMB West; excluded.
GASPARRO RONALD J & JOAN M,GASPARRO RONALD J AND JOAN M,20.97,1,Park,682 E RIVER RD PRAY MT 59065-7111,geographic_within_one_mile; geography_stats:near=1;adjoining=0;min_m=1418.9,"Keyword/fragment, identity-field, or proximity-only discovery signal.",Rejected / unrelated,rejected,No authoritative current relationship to Arthur Blank / AMB West; excluded.
ZELLAR ROBERT P & PATRICIA A,ZELLAR ROBERT P AND PATRICIA A,20.97,1,Park,644 ARONSON AVE BILLINGS MT 59105-2808,geographic_within_one_mile; geography_stats:near=1;adjoining=0;min_m=1588.3,"Keyword/fragment, identity-field, or proximity-only discovery signal.",Rejected / unrelated,rejected,No authoritative current relationship to Arthur Blank / AMB West; excluded.
BRACK TERRY & PEGGY,BRACK TERRY AND PEGGY,20.896,1,Park,40 W PINE CREEK RD LIVINGSTON MT 59047-8817,geographic_adjoining_or_within_10m; geographic_within_one_mile; geography_stats:near=1;adjoining=1;min_m=0.0,"Cadastral geometry adjoins a confirmed ranch, but no name/address/corporate evidence links it to AMB West.",Rejected / unrelated,rejected,Neighboring ownership is not beneficial ownership; distinct owner remains excluded.
BIERSCHWALE DANIEL L,BIERSCHWALE DANIEL L,20.891,1,Park,PO BOX 161151 BIG SKY MT 59716-1151,geographic_within_one_mile; geography_stats:near=1;adjoining=0;min_m=1015.0,"Keyword/fragment, identity-field, or proximity-only discovery signal.",Rejected / unrelated,rejected,No authoritative current relationship to Arthur Blank / AMB West; excluded.
GAMBILL JULIE &,GAMBILL JULIE AND,20.78,1,Lewis and Clark,4350 DEAL LN HELENA MT 59602-8937,broad_owner_fragment:AMB,"Keyword/fragment, identity-field, or proximity-only discovery signal.",Rejected / unrelated,rejected,No authoritative current relationship to Arthur Blank / AMB West; excluded.
CUNNINGHAM TAMARA J,CUNNINGHAM TAMARA J,20.778,1,Park,185 TOM MINER CREEK RD EMIGRANT MT 59027-6009,geographic_within_one_mile; geography_stats:near=1;adjoining=0;min_m=1144.2,"Keyword/fragment, identity-field, or proximity-only discovery signal.",Rejected / unrelated,rejected,No authoritative current relationship to Arthur Blank / AMB West; excluded.
ONGARO SHANNON,ONGARO SHANNON,20.769,2,Park,108 CALEDONIA RD LIVINGSTON MT 59047-8826 | 145 SPRING CREEK HILLS RD LIVINGSTON MT 59047-8832,geographic_adjoining_or_within_10m; geographic_within_one_mile; geography_stats:near=1;adjoining=1;min_m=0.0,"Cadastral geometry adjoins a confirmed ranch, but no name/address/corporate evidence links it to AMB West.",Rejected / unrelated,rejected,Neighboring ownership is not beneficial ownership; distinct owner remains excluded.
EDWARDS JOHN & AMBER,EDWARDS JOHN AND AMBER,20.72,1,Silver Bow,PO BOX 182 RAMSAY MT 59748-0182,broad_owner_fragment:AMB,"Keyword/fragment, identity-field, or proximity-only discovery signal.",Rejected / unrelated,rejected,No authoritative current relationship to Arthur Blank / AMB West; excluded.
CHAMBERS DARLENE WHIPPLE & DENNIS,CHAMBERS DARLENE WHIPPLE AND DENNIS,20.717,1,Carbon,PO BOX 2354 RED LODGE MT 59068-2354,broad_owner_fragment:AMB,"Keyword/fragment, identity-field, or proximity-only discovery signal.",Rejected / unrelated,rejected,No authoritative current relationship to Arthur Blank / AMB West; excluded.
LINDBERG BROCK D & AMBER J,LINDBERG BROCK D AND AMBER J,20.7,1,Gallatin,84 PENNY LN GALLATIN GTWY MT 59730-9778,broad_owner_fragment:AMB,"Keyword/fragment, identity-field, or proximity-only discovery signal.",Rejected / unrelated,rejected,No authoritative current relationship to Arthur Blank / AMB West; excluded.
ANDERSON ROBERT BRET TRUSTEE,ANDERSON ROBERT BRET TRUSTEE,20.67,1,Park,703 WHITEHALL PLAINS RD ANNAPOLIS MD 21409-6141,geographic_within_one_mile; geography_stats:near=1;adjoining=0;min_m=372.5,"Keyword/fragment, identity-field, or proximity-only discovery signal.",Rejected / unrelated,rejected,No authoritative current relationship to Arthur Blank / AMB West; excluded.
DAISY MAE RENTALS LLC,DAISY MAE RENTALS LLC,20.66,1,Park,71 RIDGE RD WAYNESVILLE NC 28786-5563,geographic_adjoining_or_within_10m; geographic_within_one_mile; geography_stats:near=1;adjoining=1;min_m=0.0,"Cadastral geometry adjoins a confirmed ranch, but no name/address/corporate evidence links it to AMB West.",Rejected / unrelated,rejected,Neighboring ownership is not beneficial ownership; distinct owner remains excluded.
LINCOLN MARGARET K LIVING TRUST,LINCOLN MARGARET K LIVING TRUST,20.64,1,Park,3180 TOUCHMARK BLVD UNIT 207 PRESCOTT AZ 86301-6079,geographic_within_one_mile; geography_stats:near=1;adjoining=0;min_m=999.4,"Keyword/fragment, identity-field, or proximity-only discovery signal.",Rejected / unrelated,rejected,No authoritative current relationship to Arthur Blank / AMB West; excluded.
LIBRALAND LLC,LIBRALAND LLC,20.62,1,Park,2110 PRESIDENT PL COSTA MESA CA 92627-4019,geographic_within_one_mile; geography_stats:near=1;adjoining=0;min_m=747.9,"Keyword/fragment, identity-field, or proximity-only discovery signal.",Rejected / unrelated,rejected,No authoritative current relationship to Arthur Blank / AMB West; excluded.
COLLINS JEFFREY & VERONICA,COLLINS JEFFREY AND VERONICA,20.608,1,Park,803 TIMBERLAKE WAY BELLINGHAM WA 98229-8913,geographic_within_one_mile; geography_stats:near=1;adjoining=0;min_m=308.6,"Keyword/fragment, identity-field, or proximity-only discovery signal.",Rejected / unrelated,rejected,No authoritative current relationship to Arthur Blank / AMB West; excluded.
MOUNTAIN PARADISE RENTALS LLC,MOUNTAIN PARADISE RENTALS LLC,20.6,1,Carbon,651 CHATEAU WOODS PARKWAY DR CONROE TX 77385-9764,broad_owner_fragment:PARADISE,"Keyword/fragment, identity-field, or proximity-only discovery signal.",Rejected / unrelated,rejected,No authoritative current relationship to Arthur Blank / AMB West; excluded.
CHAMBLEY PHILLIP W JR & MICHELE A,CHAMBLEY PHILLIP W JR AND MICHELE A,20.59,1,Lewis and Clark,6289 TIMBER TRAIL DR HELENA MT 59602-8930,broad_owner_fragment:AMB,"Keyword/fragment, identity-field, or proximity-only discovery signal.",Rejected / unrelated,rejected,No authoritative current relationship to Arthur Blank / AMB West; excluded.
RBYRNE RD LLC,RBYRNE RD LLC,20.59,1,Park,1188 ARDEN DR ENCINITAS CA 92024-5104,geographic_within_one_mile; geography_stats:near=1;adjoining=0;min_m=1566.3,"Keyword/fragment, identity-field, or proximity-only discovery signal.",Rejected / unrelated,rejected,No authoritative current relationship to Arthur Blank / AMB West; excluded.
RAMBERG RAY M,RAMBERG RAY M,20.57,1,Missoula,13255 HARPERS BRIDGE RD MISSOULA MT 59808-9723,broad_owner_fragment:AMB,"Keyword/fragment, identity-field, or proximity-only discovery signal.",Rejected / unrelated,rejected,No authoritative current relationship to Arthur Blank / AMB West; excluded.
METTES JONATHAN & RENEE CATHERINE,METTES JONATHAN AND RENEE CATHERINE,20.569,1,Park,41 GLENGARRY RD LIVINGSTON MT 59047-8836,geographic_within_one_mile; geography_stats:near=1;adjoining=0;min_m=609.8,"Keyword/fragment, identity-field, or proximity-only discovery signal.",Rejected / unrelated,rejected,No authoritative current relationship to Arthur Blank / AMB West; excluded.
AUSTIN DIANA L,AUSTIN DIANA L,20.566,1,Park,5 INVERNESS RD LIVINGSTON MT 59047-8827,geographic_adjoining_or_within_10m; geographic_within_one_mile; geography_stats:near=1;adjoining=1;min_m=0.0,"Cadastral geometry adjoins a confirmed ranch, but no name/address/corporate evidence links it to AMB West.",Rejected / unrelated,rejected,Neighboring ownership is not beneficial ownership; distinct owner remains excluded.
KOSTOFF LAUREN W & JESSICA,KOSTOFF LAUREN W AND JESSICA,20.562,1,Park,25 GLENNGARY RD LIVINGSTON MT 59047-8836,geographic_within_one_mile; geography_stats:near=1;adjoining=0;min_m=406.6,"Keyword/fragment, identity-field, or proximity-only discovery signal.",Rejected / unrelated,rejected,No authoritative current relationship to Arthur Blank / AMB West; excluded.
CONWAY EDWARD JOHN & SONYA MAE,CONWAY EDWARD JOHN AND SONYA MAE,20.555,1,Park,19 GLENGARRY RD LIVINGSTON MT 59047-8836,geographic_within_one_mile; geography_stats:near=1;adjoining=0;min_m=203.3,"Keyword/fragment, identity-field, or proximity-only discovery signal.",Rejected / unrelated,rejected,No authoritative current relationship to Arthur Blank / AMB West; excluded.
ALDERMAN TRAVIS & REBECCA,ALDERMAN TRAVIS AND REBECCA,20.537,1,Park,91 CALEDONIA RD LIVINGSTON MT 59047-8823,geographic_within_one_mile; geography_stats:near=1;adjoining=0;min_m=203.7,"Keyword/fragment, identity-field, or proximity-only discovery signal.",Rejected / unrelated,rejected,No authoritative current relationship to Arthur Blank / AMB West; excluded.
TRAUCHT RANDALL LEE,TRAUCHT RANDALL LEE,20.53,1,Park,PO BOX 1104 EMIGRANT MT 59027-1104,geographic_adjoining_or_within_10m; geographic_within_one_mile; geography_stats:near=1;adjoining=1;min_m=0.0,"Cadastral geometry adjoins a confirmed ranch, but no name/address/corporate evidence links it to AMB West.",Rejected / unrelated,rejected,Neighboring ownership is not beneficial ownership; distinct owner remains excluded.
JONES GRIZZLY MEADOWS TRUST,JONES GRIZZLY MEADOWS TRUST,20.522,1,Park,PO BOX 437 EMIGRANT MT 59027-0437,geographic_within_one_mile; geography_stats:near=1;adjoining=0;min_m=1393.9,"Keyword/fragment, identity-field, or proximity-only discovery signal.",Rejected / unrelated,rejected,No authoritative current relationship to Arthur Blank / AMB West; excluded.
INDIANA LAND TRUST 94 WHITE ELEPHANTS,INDIANA LAND TRUST 94 WHITE ELEPHANTS,20.521,1,Park,94 CALEDONIA RD LIVINGSTON MT 59047-8823,geographic_adjoining_or_within_10m; geographic_within_one_mile; geography_stats:near=1;adjoining=1;min_m=0.0,"Cadastral geometry adjoins a confirmed ranch, but no name/address/corporate evidence links it to AMB West.",Rejected / unrelated,rejected,Neighboring ownership is not beneficial ownership; distinct owner remains excluded.
HENDERSON RICHARD ANDREW & PEGGY LYNN,HENDERSON RICHARD ANDREW AND PEGGY LYNN,20.507,1,Park,85 CALEDONIA RD LIVINGSTON MT 59047-8823,geographic_within_one_mile; geography_stats:near=1;adjoining=0;min_m=404.3,"Keyword/fragment, identity-field, or proximity-only discovery signal.",Rejected / unrelated,rejected,No authoritative current relationship to Arthur Blank / AMB West; excluded.
STOMIEROWSKI SCOTT,STOMIEROWSKI SCOTT,20.5,1,Park,31918 CHURCHHILL FIELD LN FULSHEAR TX 77441-4188,geographic_within_one_mile; geography_stats:near=1;adjoining=0;min_m=500.7,"Keyword/fragment, identity-field, or proximity-only discovery signal.",Rejected / unrelated,rejected,No authoritative current relationship to Arthur Blank / AMB West; excluded.
KEGEL MONTE G & DIANNA L,KEGEL MONTE G AND DIANNA L,20.492,1,Park,88 CALEDONIA RD LIVINGSTON MT 59047-8823,geographic_adjoining_or_within_10m; geographic_within_one_mile; geography_stats:near=1;adjoining=1;min_m=0.0,"Cadastral geometry adjoins a confirmed ranch, but no name/address/corporate evidence links it to AMB West.",Rejected / unrelated,rejected,Neighboring ownership is not beneficial ownership; distinct owner remains excluded.
AXTELL JAN D & VICKI,AXTELL JAN D AND VICKI,20.482,1,Park,PO BOX 1521 LIVINGSTON MT 59047-5521,geographic_within_one_mile; geography_stats:near=1;adjoining=0;min_m=201.7,"Keyword/fragment, identity-field, or proximity-only discovery signal.",Rejected / unrelated,rejected,No authoritative current relationship to Arthur Blank / AMB West; excluded.
HEPBURN JAMES R & CAROL B,HEPBURN JAMES R AND CAROL B,20.478,1,Park,75 CALEDONIA RD LIVINGSTON MT 59047-8823,geographic_within_one_mile; geography_stats:near=1;adjoining=0;min_m=404.1,"Keyword/fragment, identity-field, or proximity-only discovery signal.",Rejected / unrelated,rejected,No authoritative current relationship to Arthur Blank / AMB West; excluded.
KANT BRADLEY R & CRYSTAL M,KANT BRADLEY R AND CRYSTAL M,20.475,1,Park,75 INVERNESS RD LIVINGSTON MT 59047-8827,geographic_adjoining_or_within_10m; geographic_within_one_mile; geography_stats:near=1;adjoining=1;min_m=0.0,"Cadastral geometry adjoins a confirmed ranch, but no name/address/corporate evidence links it to AMB West.",Rejected / unrelated,rejected,Neighboring ownership is not beneficial ownership; distinct owner remains excluded.
BERGEVIN JEFFREY & TAMBRA,BERGEVIN JEFFREY AND TAMBRA,20.472,1,Stillwater,52 JOHNSON RIDGE RD COLUMBUS MT 59019-7620,broad_owner_fragment:AMB,"Keyword/fragment, identity-field, or proximity-only discovery signal.",Rejected / unrelated,rejected,No authoritative current relationship to Arthur Blank / AMB West; excluded.
RANSOM M SHANE,RANSOM M SHANE,20.463,1,Park,76 CALEDONIA RD LIVINGSTON MT 59047-8823,geographic_adjoining_or_within_10m; geographic_within_one_mile; geography_stats:near=1;adjoining=1;min_m=0.0,"Cadastral geometry adjoins a confirmed ranch, but no name/address/corporate evidence links it to AMB West.",Rejected / unrelated,rejected,Neighboring ownership is not beneficial ownership; distinct owner remains excluded.
PANIS DENAE & MICHAEL,PANIS DENAE AND MICHAEL,20.45,1,Park,207 S IRENA AVE B REDONDO BEACH CA 90277-3429,geographic_within_one_mile; geography_stats:near=1;adjoining=0;min_m=808.2,"Keyword/fragment, identity-field, or proximity-only discovery signal.",Rejected / unrelated,rejected,No authoritative current relationship to Arthur Blank / AMB West; excluded.
KAUFMAN CHARLENE F,KAUFMAN CHARLENE F,20.44,1,Park,PO BOX 1777 LAGUNA BEACH CA 92652-1777,geographic_adjoining_or_within_10m; geographic_within_one_mile; geography_stats:near=1;adjoining=1;min_m=0.0,"Cadastral geometry adjoins a confirmed ranch, but no name/address/corporate evidence links it to AMB West.",Rejected / unrelated,rejected,Neighboring ownership is not beneficial ownership; distinct owner remains excluded.
HAMBLIN DARREN E & MELANIE,HAMBLIN DARREN E AND MELANIE,20.438,1,Madison,34 MUSTANG RD ENNIS MT 59729,broad_owner_fragment:AMB,"Keyword/fragment, identity-field, or proximity-only discovery signal.",Rejected / unrelated,rejected,No authoritative current relationship to Arthur Blank / AMB West; excluded.
GRANGE VERLYN O,GRANGE VERLYN O,20.421,1,Park,66 CALEDONIA RD LIVINGSTON MT 59047-8823,geographic_adjoining_or_within_10m; geographic_within_one_mile; geography_stats:near=1;adjoining=1;min_m=0.0,"Cadastral geometry adjoins a confirmed ranch, but no name/address/corporate evidence links it to AMB West.",Rejected / unrelated,rejected,Neighboring ownership is not beneficial ownership; distinct owner remains excluded.
CAMPBELL LANCE A,CAMPBELL LANCE A,20.42,2,Park,172 TRAIL CREEK RD LIVINGSTON MT 59047-8818,geographic_adjoining_or_within_10m; geographic_within_one_mile; geography_stats:near=2;adjoining=1;min_m=0.0,"Cadastral geometry adjoins a confirmed ranch, but no name/address/corporate evidence links it to AMB West.",Rejected / unrelated,rejected,Neighboring ownership is not beneficial ownership; distinct owner remains excluded.
ROBINSON JOSEPH ROBERT &,ROBINSON JOSEPH ROBERT AND,20.413,1,Park,36 CALEDONIA RD LIVINGSTON MT 59047-8823,geographic_within_one_mile; geography_stats:near=1;adjoining=0;min_m=203.6,"Keyword/fragment, identity-field, or proximity-only discovery signal.",Rejected / unrelated,rejected,No authoritative current relationship to Arthur Blank / AMB West; excluded.
WEAMER EDGAR PAUL III &,WEAMER EDGAR PAUL III AND,20.41,1,Park,28 BONNIE LN LIVINGSTON MT 59047-8835,geographic_within_one_mile; geography_stats:near=1;adjoining=0;min_m=834.7,"Keyword/fragment, identity-field, or proximity-only discovery signal.",Rejected / unrelated,rejected,No authoritative current relationship to Arthur Blank / AMB West; excluded.
AMBERSON KEVIN D,AMBERSON KEVIN D,20.408,1,Madison,PO BOX 318 MC ALLISTER MT 59740-0318,broad_owner_fragment:AMB,"Keyword/fragment, identity-field, or proximity-only discovery signal.",Rejected / unrelated,rejected,No authoritative current relationship to Arthur Blank / AMB West; excluded.
HURT MITCH,HURT MITCH,20.404,1,Park,18 CALEDONIA RD LIVINGSTON MT 59047-8823,geographic_within_one_mile; geography_stats:near=1;adjoining=0;min_m=403.9,"Keyword/fragment, identity-field, or proximity-only discovery signal.",Rejected / unrelated,rejected,No authoritative current relationship to Arthur Blank / AMB West; excluded.
CRAIG ANNIE R &,CRAIG ANNIE R AND,20.395,1,Park,18 CALEDONIA RD LIVINGSTON MT 59047-8823,geographic_within_one_mile; geography_stats:near=1;adjoining=0;min_m=404.0,"Keyword/fragment, identity-field, or proximity-only discovery signal.",Rejected / unrelated,rejected,No authoritative current relationship to Arthur Blank / AMB West; excluded.
KERSBERGEN SHELLY M & THOMAS J,KERSBERGEN SHELLY M AND THOMAS J,20.393,1,Park,54 GLENNGARY RD LIVINGSTON MT 59047,geographic_within_one_mile; geography_stats:near=1;adjoining=0;min_m=809.6,"Keyword/fragment, identity-field, or proximity-only discovery signal.",Rejected / unrelated,rejected,No authoritative current relationship to Arthur Blank / AMB West; excluded.
GONZALEZ CELIA,GONZALEZ CELIA,20.378,1,Park,3140 ROSEMEAD PL ROSEMEAD CA 91770-2846,geographic_within_one_mile; geography_stats:near=1;adjoining=0;min_m=404.1,"Keyword/fragment, identity-field, or proximity-only discovery signal.",Rejected / unrelated,rejected,No authoritative current relationship to Arthur Blank / AMB West; excluded.
OLSON JACOB D,OLSON JACOB D,20.37,1,Park,43 BONNIE LN LIVINGSTON MT 59047-8835,geographic_within_one_mile; geography_stats:near=1;adjoining=0;min_m=906.5,"Keyword/fragment, identity-field, or proximity-only discovery signal.",Rejected / unrelated,rejected,No authoritative current relationship to Arthur Blank / AMB West; excluded.
PARADISE LAND COMPANY II LLC,PARADISE LAND COMPANY II LLC,20.369,1,Park,PO BOX 1462 LIVINGSTON MT 59047-1462,broad_owner_fragment:PARADISE; geographic_within_one_mile; geography_stats:near=1;adjoining=0;min_m=453.6,"Keyword/fragment, identity-field, or proximity-only discovery signal.",Rejected / unrelated,rejected,No authoritative current relationship to Arthur Blank / AMB West; excluded.
HAMMER LISA J & AVIS & RANDY,HAMMER LISA J AND AVIS AND RANDY,20.361,1,Park,17 BONNIE LN LIVINGSTON MT 59047-8835,geographic_within_one_mile; geography_stats:near=1;adjoining=0;min_m=575.1,"Keyword/fragment, identity-field, or proximity-only discovery signal.",Rejected / unrelated,rejected,No authoritative current relationship to Arthur Blank / AMB West; excluded.
PANASUK VICKY,PANASUK VICKY,20.353,1,Park,66 GLENNGARY RD LIVINGSTON MT 59047-8836,geographic_within_one_mile; geography_stats:near=1;adjoining=0;min_m=1012.0,"Keyword/fragment, identity-field, or proximity-only discovery signal.",Rejected / unrelated,rejected,No authoritative current relationship to Arthur Blank / AMB West; excluded.
BRYANT WESLEY SHAWN TRUSTEE,BRYANT WESLEY SHAWN TRUSTEE,20.352,1,Park,2318 STURNELLA LN BELGRADE MT 59714-7725,geographic_within_one_mile; geography_stats:near=1;adjoining=0;min_m=734.1,"Keyword/fragment, identity-field, or proximity-only discovery signal.",Rejected / unrelated,rejected,No authoritative current relationship to Arthur Blank / AMB West; excluded.
HUTCHISON NATHAN RAYMOND & AMBER LYNN,HUTCHISON NATHAN RAYMOND AND AMBER LYNN,20.333,2,Lincoln,95 N MAIN ST # 393 KEENESBURG CO 80643-5000,broad_owner_fragment:AMB,"Keyword/fragment, identity-field, or proximity-only discovery signal.",Rejected / unrelated,rejected,No authoritative current relationship to Arthur Blank / AMB West; excluded.
BENING JONI &,BENING JONI AND,20.33,1,Park,85 GLENGARRY RD LIVINGSTON MT 59047-8836,geographic_within_one_mile; geography_stats:near=1;adjoining=0;min_m=1016.0,"Keyword/fragment, identity-field, or proximity-only discovery signal.",Rejected / unrelated,rejected,No authoritative current relationship to Arthur Blank / AMB West; excluded.
CROSSEN TRENT JAMES & KRISTIN AMBER,CROSSEN TRENT JAMES AND KRISTIN AMBER,20.33,1,Lewis and Clark,4681 S LAKE DR BOYNTON BEACH FL 33436-5906,broad_owner_fragment:AMB,"Keyword/fragment, identity-field, or proximity-only discovery signal.",Rejected / unrelated,rejected,No authoritative current relationship to Arthur Blank / AMB West; excluded.
HARTMAN AMBER &,HARTMAN AMBER AND,20.33,1,Granite,1914 PORTER AVE BUTTE MT 59701-5748,broad_owner_fragment:AMB,"Keyword/fragment, identity-field, or proximity-only discovery signal.",Rejected / unrelated,rejected,No authoritative current relationship to Arthur Blank / AMB West; excluded.
O NEIL JOHN P,O NEIL JOHN P,20.32,1,Park,11 CHANNEL LNDG TIBURON CA 94920-2229,geographic_within_one_mile; geography_stats:near=1;adjoining=0;min_m=202.3,"Keyword/fragment, identity-field, or proximity-only discovery signal.",Rejected / unrelated,rejected,No authoritative current relationship to Arthur Blank / AMB West; excluded.
LOVOLD ERIK R &,LOVOLD ERIK R AND,20.313,1,Park,122 S H ST LIVINGSTON MT 59047-2737,geographic_within_one_mile; geography_stats:near=1;adjoining=0;min_m=1214.4,"Keyword/fragment, identity-field, or proximity-only discovery signal.",Rejected / unrelated,rejected,No authoritative current relationship to Arthur Blank / AMB West; excluded.
BROCK KENNETH & AMBER E,BROCK KENNETH AND AMBER E,20.3,1,Mineral,2280 DEEP CREEK RD SUPERIOR MT 59872-9535,broad_owner_fragment:AMB,"Keyword/fragment, identity-field, or proximity-only discovery signal.",Rejected / unrelated,rejected,No authoritative current relationship to Arthur Blank / AMB West; excluded.
YABLONSKI BRIAN S & KIMBERLEY K,YABLONSKI BRIAN S AND KIMBERLEY K,20.3,1,Park,1015 BLACK BULL TRL BOZEMAN MT 59718-9688,geographic_adjoining_or_within_10m; geographic_within_one_mile; geography_stats:near=1;adjoining=1;min_m=0.0,"Cadastral geometry adjoins a confirmed ranch, but no name/address/corporate evidence links it to AMB West.",Rejected / unrelated,rejected,Neighboring ownership is not beneficial ownership; distinct owner remains excluded.
LAMBIASE MICHAEL J & JANESS S,LAMBIASE MICHAEL J AND JANESS S,20.29,1,Ravalli,1321 FIVE RD VIRGINIA BCH VA 23455-4125,broad_owner_fragment:AMB,"Keyword/fragment, identity-field, or proximity-only discovery signal.",Rejected / unrelated,rejected,No authoritative current relationship to Arthur Blank / AMB West; excluded.
LAMBRECHT MARK J & SHELLY L DYER,LAMBRECHT MARK J AND SHELLY L DYER,20.28,1,Madison,13914 SE RICHEY RD BORING OR 97009-9109,broad_owner_fragment:AMB,"Keyword/fragment, identity-field, or proximity-only discovery signal.",Rejected / unrelated,rejected,No authoritative current relationship to Arthur Blank / AMB West; excluded.
ROBERTS JOHN E & MELANIE C,ROBERTS JOHN E AND MELANIE C,20.273,1,Park,92 GLENNGARY RD LIVINGSTON MT 59047-8836,geographic_within_one_mile; geography_stats:near=1;adjoining=0;min_m=1362.7,"Keyword/fragment, identity-field, or proximity-only discovery signal.",Rejected / unrelated,rejected,No authoritative current relationship to Arthur Blank / AMB West; excluded.
BUCHHOLZ KYLE P & NICOLE K TRUSTEES,BUCHHOLZ KYLE P AND NICOLE K TRUSTEES,20.27,1,Park,4370 ELKTON RD GAGETOWN MI 48735-9500,geographic_within_one_mile; geography_stats:near=1;adjoining=0;min_m=1094.7,"Keyword/fragment, identity-field, or proximity-only discovery signal.",Rejected / unrelated,rejected,No authoritative current relationship to Arthur Blank / AMB West; excluded.
BAILEY AMBER ROSE & WILLIAM LUCAN,BAILEY AMBER ROSE AND WILLIAM LUCAN,20.268,1,Broadwater,40 GOOSE BAY LN TOWNSEND MT 59644-9661,broad_owner_fragment:AMB,"Keyword/fragment, identity-field, or proximity-only discovery signal.",Rejected / unrelated,rejected,No authoritative current relationship to Arthur Blank / AMB West; excluded.
ANDERSON CASEY R &,ANDERSON CASEY R AND,20.261,1,Park,106 TRAIL CREEK RD LIVINGSTON MT 59047-8818,geographic_adjoining_or_within_10m; geographic_within_one_mile; geography_stats:near=1;adjoining=1;min_m=0.0,"Cadastral geometry adjoins a confirmed ranch, but no name/address/corporate evidence links it to AMB West.",Rejected / unrelated,rejected,Neighboring ownership is not beneficial ownership; distinct owner remains excluded.
GAMBREL ROBERT DEE & CAROL ANN,GAMBREL ROBERT DEE AND CAROL ANN,20.257,2,Sanders,13910 N FRIENDSHIP LN NINE MILE FALLS WA 99026-8730,broad_owner_fragment:AMB,"Keyword/fragment, identity-field, or proximity-only discovery signal.",Rejected / unrelated,rejected,No authoritative current relationship to Arthur Blank / AMB West; excluded.
MCALISTER JOHN P & MARTHA R,MCALISTER JOHN P AND MARTHA R,20.24,1,Park,PO BOX 219 EMIGRANT MT 59027-0219,geographic_within_one_mile; geography_stats:near=1;adjoining=0;min_m=103.7,"Keyword/fragment, identity-field, or proximity-only discovery signal.",Rejected / unrelated,rejected,No authoritative current relationship to Arthur Blank / AMB West; excluded.
MCQUISTON ROY & AMBER,MCQUISTON ROY AND AMBER,20.24,1,Beaverhead,850 ADAMS LN DILLON MT 59725-9750,broad_owner_fragment:AMB,"Keyword/fragment, identity-field, or proximity-only discovery signal.",Rejected / unrelated,rejected,No authoritative current relationship to Arthur Blank / AMB West; excluded.
AMBERSON MARK W & DEBRA M,AMBERSON MARK W AND DEBRA M,20.238,1,Madison,383 AAJKA CREEK RD BOZEMAN MT 59715,broad_owner_fragment:AMB,"Keyword/fragment, identity-field, or proximity-only discovery signal.",Rejected / unrelated,rejected,No authoritative current relationship to Arthur Blank / AMB West; excluded.
TAYLOR ERIN S & REBECCA L,TAYLOR ERIN S AND REBECCA L,20.231,1,Park,519 E FRIDLEY ST BOZEMAN MT 59715-3717,geographic_within_one_mile; geography_stats:near=1;adjoining=0;min_m=1608.0,"Keyword/fragment, identity-field, or proximity-only discovery signal.",Rejected / unrelated,rejected,No authoritative current relationship to Arthur Blank / AMB West; excluded.
BAMBERSBLISS REVOCABLE LIVING TRUST,BAMBERSBLISS REVOCABLE LIVING TRUST,20.23,1,Flathead,PO BOX 1408 BIGFORK MT 59911-1408,broad_owner_fragment:AMB,"Keyword/fragment, identity-field, or proximity-only discovery signal.",Rejected / unrelated,rejected,No authoritative current relationship to Arthur Blank / AMB West; excluded.
BLANKSMA DAVID LEE,BLANKSMA DAVID LEE,20.211,1,Gallatin,25760 NORRIS RD BOZEMAN MT 59718-7512,broad_owner_fragment:BLANK,"Keyword/fragment, identity-field, or proximity-only discovery signal.",Rejected / unrelated,rejected,No authoritative current relationship to Arthur Blank / AMB West; excluded.
BLANK NICK,BLANK NICK,20.19,1,Missoula,17011 THORNBURG WAY MISSOULA MT 59808-8714,broad_owner_fragment:BLANK,"Keyword/fragment, identity-field, or proximity-only discovery signal.",Rejected / unrelated,rejected,No authoritative current relationship to Arthur Blank / AMB West; excluded.
LAMB REVOCABLE INTER-VIVOS TRUST STEVEN R,LAMB REVOCABLE INTER VIVOS TRUST STEVEN R,20.18,1,Flathead,207 MENNONITE CHURCH RD KALISPELL MT 59901-1316,broad_owner_fragment:AMB,"Keyword/fragment, identity-field, or proximity-only discovery signal.",Rejected / unrelated,rejected,No authoritative current relationship to Arthur Blank / AMB West; excluded.
OSWALD JONES PROPERTIES LLC,OSWALD JONES PROPERTIES LLC,20.174,2,Park,6075 HORNER ST LOS ANGELES CA 90035-3811,geographic_within_one_mile; geography_stats:near=1;adjoining=0;min_m=1088.6,"Keyword/fragment, identity-field, or proximity-only discovery signal.",Rejected / unrelated,rejected,No authoritative current relationship to Arthur Blank / AMB West; excluded.
ZIGO GARY R & LINDA S,ZIGO GARY R AND LINDA S,20.171,1,Park,514 E RIVER RD EMIGRANT MT 59027-6106,geographic_within_one_mile; geography_stats:near=1;adjoining=0;min_m=571.3,"Keyword/fragment, identity-field, or proximity-only discovery signal.",Rejected / unrelated,rejected,No authoritative current relationship to Arthur Blank / AMB West; excluded.
LANCE PARADISE VALLEY LLC,LANCE PARADISE VALLEY LLC,20.154,1,Park,2603 DOMINECO LN KATY TX 77450-5373,broad_owner_fragment:PARADISE; geographic_within_one_mile; geography_stats:near=1;adjoining=0;min_m=831.0,"Keyword/fragment, identity-field, or proximity-only discovery signal.",Rejected / unrelated,rejected,No authoritative current relationship to Arthur Blank / AMB West; excluded.
DRAKE CHRIS G,DRAKE CHRIS G,20.139,1,Park,30 GRIZZLY MEADOW RD EMIGRANT MT 59027-6008,geographic_within_one_mile; geography_stats:near=1;adjoining=0;min_m=1084.8,"Keyword/fragment, identity-field, or proximity-only discovery signal.",Rejected / unrelated,rejected,No authoritative current relationship to Arthur Blank / AMB West; excluded.
CHRISTIAN DANA CHARLES,CHRISTIAN DANA CHARLES,20.122,2,Park,421 S YELLOWSTONE ST LIVINGSTON MT 59047-3422,geographic_within_one_mile; geography_stats:near=1;adjoining=0;min_m=373.6,"Keyword/fragment, identity-field, or proximity-only discovery signal.",Rejected / unrelated,rejected,No authoritative current relationship to Arthur Blank / AMB West; excluded.
STEWART DANA LYNN &,STEWART DANA LYNN AND,20.11,1,Park,4875 ELM CREEK DR BULVERDE TX 78163-3047,geographic_within_one_mile; geography_stats:near=1;adjoining=0;min_m=65.4,"Keyword/fragment, identity-field, or proximity-only discovery signal.",Rejected / unrelated,rejected,No authoritative current relationship to Arthur Blank / AMB West; excluded.
HILLSIDE PROPERTIES LLC,HILLSIDE PROPERTIES LLC,20.101,1,Park,2380 COUNTY ROAD 224 FLORENCE TX 76527-3845,geographic_within_one_mile; geography_stats:near=1;adjoining=0;min_m=848.3,"Keyword/fragment, identity-field, or proximity-only discovery signal.",Rejected / unrelated,rejected,No authoritative current relationship to Arthur Blank / AMB West; excluded.
CHAMBERLAIN TONY,CHAMBERLAIN TONY,20.1,1,Richland,PO BOX 211 SAVAGE MT 59262-0211,broad_owner_fragment:AMB,"Keyword/fragment, identity-field, or proximity-only discovery signal.",Rejected / unrelated,rejected,No authoritative current relationship to Arthur Blank / AMB West; excluded.
CHAMBERS RUTH & GARY,CHAMBERS RUTH AND GARY,20.1,1,Deer Lodge,500 CLEAR CREEK TRL ANACONDA MT 59711-9459,broad_owner_fragment:AMB,"Keyword/fragment, identity-field, or proximity-only discovery signal.",Rejected / unrelated,rejected,No authoritative current relationship to Arthur Blank / AMB West; excluded.
IVERSON SARAH & CHRISTOPHER,IVERSON SARAH AND CHRISTOPHER,20.1,1,Park,306 MILL CREEK RD LIVINGSTON MT 59047-8711,geographic_within_one_mile; geography_stats:near=1;adjoining=0;min_m=1516.2,"Keyword/fragment, identity-field, or proximity-only discovery signal.",Rejected / unrelated,rejected,No authoritative current relationship to Arthur Blank / AMB West; excluded.
REMER BRENT J & CHRISTINE A TRUSTEES &,REMER BRENT J AND CHRISTINE A TRUSTEES AND,20.1,1,Park,133 MCGEE DR BOZEMAN MT 59715-8094,geographic_within_one_mile; geography_stats:near=1;adjoining=0;min_m=1605.8,"Keyword/fragment, identity-field, or proximity-only discovery signal.",Rejected / unrelated,rejected,No authoritative current relationship to Arthur Blank / AMB West; excluded.
SHERMAN AMBER N,SHERMAN AMBER N,20.089,1,Broadwater,31 FURMAN LN EAST HELENA MT 59635-9504,broad_owner_fragment:AMB,"Keyword/fragment, identity-field, or proximity-only discovery signal.",Rejected / unrelated,rejected,No authoritative current relationship to Arthur Blank / AMB West; excluded.
DANKO KURT A &,DANKO KURT A AND,20.076,1,Park,518 E RIVER RD EMIGRANT MT 59027-6106,geographic_within_one_mile; geography_stats:near=1;adjoining=0;min_m=596.1,"Keyword/fragment, identity-field, or proximity-only discovery signal.",Rejected / unrelated,rejected,No authoritative current relationship to Arthur Blank / AMB West; excluded.
KREMER LINDA,KREMER LINDA,20.071,1,Park,227 DRY CREEK RD S EMIGRANT MT 59027-6068,geographic_adjoining_or_within_10m; geographic_within_one_mile; geography_stats:near=1;adjoining=1;min_m=0.0,"Cadastral geometry adjoins a confirmed ranch, but no name/address/corporate evidence links it to AMB West.",Rejected / unrelated,rejected,Neighboring ownership is not beneficial ownership; distinct owner remains excluded.
LAMBERSON LUKE & LABOURR JENNA,LAMBERSON LUKE AND LABOURR JENNA,20.07,1,Sanders,3001 N PROCTOR ST TACOMA WA 98407-5433,broad_owner_fragment:AMB,"Keyword/fragment, identity-field, or proximity-only discovery signal.",Rejected / unrelated,rejected,No authoritative current relationship to Arthur Blank / AMB West; excluded.
MOORE JOHN W & MARCY E,MOORE JOHN W AND MARCY E,20.067,1,Park,30 WEBSTER CT AMHERST MA 01002-2834,geographic_within_one_mile; geography_stats:near=1;adjoining=0;min_m=363.1,"Keyword/fragment, identity-field, or proximity-only discovery signal.",Rejected / unrelated,rejected,No authoritative current relationship to Arthur Blank / AMB West; excluded.
HART G KIMBALL,HART G KIMBALL,20.063,1,Park,PO BOX 1258 MIDDLEBURG VA 20118-1258,geographic_within_one_mile; geography_stats:near=1;adjoining=0;min_m=528.8,"Keyword/fragment, identity-field, or proximity-only discovery signal.",Rejected / unrelated,rejected,No authoritative current relationship to Arthur Blank / AMB West; excluded.
LAMBERT DORIS,LAMBERT DORIS,20.06,1,Missoula,PO BOX 83 FRENCHTOWN MT 59834-0083,broad_owner_fragment:AMB,"Keyword/fragment, identity-field, or proximity-only discovery signal.",Rejected / unrelated,rejected,No authoritative current relationship to Arthur Blank / AMB West; excluded.
STERN PAUL HAROLD & KATHERINE J,STERN PAUL HAROLD AND KATHERINE J,20.05,1,Park,1116 W GEYSER ST LIVINGSTON MT 59047-3336,geographic_within_one_mile; geography_stats:near=1;adjoining=0;min_m=900.7,"Keyword/fragment, identity-field, or proximity-only discovery signal.",Rejected / unrelated,rejected,No authoritative current relationship to Arthur Blank / AMB West; excluded.
SARTAIN WESLEY EUGENE II & AMBER,SARTAIN WESLEY EUGENE II AND AMBER,20.043,1,Gallatin,486 DAN RD MANHATTAN MT 59741-8678,broad_owner_fragment:AMB,"Keyword/fragment, identity-field, or proximity-only discovery signal.",Rejected / unrelated,rejected,No authoritative current relationship to Arthur Blank / AMB West; excluded.
OLSON DIRK J & SHAREN B,OLSON DIRK J AND SHAREN B,20.041,1,Park,254 TRAIL CREEK RD LIVINGSTON MT 59047-8816,geographic_within_one_mile; geography_stats:near=1;adjoining=0;min_m=255.0,"Keyword/fragment, identity-field, or proximity-only discovery signal.",Rejected / unrelated,rejected,No authoritative current relationship to Arthur Blank / AMB West; excluded.
HOFSTAD AMBER ET AL,HOFSTAD AMBER ET AL,20.04,1,Pondera,PO BOX 592 CONRAD MT 59425-0592,broad_owner_fragment:AMB,"Keyword/fragment, identity-field, or proximity-only discovery signal.",Rejected / unrelated,rejected,No authoritative current relationship to Arthur Blank / AMB West; excluded.
LOVALVO DAVID & REBECCA,LOVALVO DAVID AND REBECCA,20.035,1,Park,PO BOX 16 WEST REDDING CT 06896-0016,geographic_within_one_mile; geography_stats:near=1;adjoining=0;min_m=126.4,"Keyword/fragment, identity-field, or proximity-only discovery signal.",Rejected / unrelated,rejected,No authoritative current relationship to Arthur Blank / AMB West; excluded.
PARADISE GATEWAY LLC,PARADISE GATEWAY LLC,20.033,1,Park,PO BOX 84 EMIGRANT MT 59027-0084,broad_owner_fragment:PARADISE; geographic_within_one_mile; geography_stats:near=1;adjoining=0;min_m=144.9,"Keyword/fragment, identity-field, or proximity-only discovery signal.",Rejected / unrelated,rejected,No authoritative current relationship to Arthur Blank / AMB West; excluded.
CHAMBERLIN RANDALL R TRUSTEE,CHAMBERLIN RANDALL R TRUSTEE,20.032,1,Gallatin,1715 TRAILCREST DR BOZEMAN MT 59718-7540,broad_owner_fragment:AMB,"Keyword/fragment, identity-field, or proximity-only discovery signal.",Rejected / unrelated,rejected,No authoritative current relationship to Arthur Blank / AMB West; excluded.
DOMENGHINI TRINA TRUSTEE ETAL,DOMENGHINI TRINA TRUSTEE ETAL,20.03,1,Lewis and Clark,6500 FAVORITE GULCH RD HELENA MT 59602-9606,broad_owner_fragment:DOME,"Keyword/fragment, identity-field, or proximity-only discovery signal.",Rejected / unrelated,rejected,No authoritative current relationship to Arthur Blank / AMB West; excluded.
TARTER DAVID CODY & AMBER LYNN JTROS,TARTER DAVID CODY AND AMBER LYNN JTROS,20.03,1,Beaverhead,PO BOX 150 DILLON MT 59725-0150,broad_owner_fragment:AMB,"Keyword/fragment, identity-field, or proximity-only discovery signal.",Rejected / unrelated,rejected,No authoritative current relationship to Arthur Blank / AMB West; excluded.
LAYE MICHAEL R,LAYE MICHAEL R,20.021,1,Park,PO BOX 1171 EMIGRANT MT 59027-1171,geographic_within_one_mile; geography_stats:near=1;adjoining=0;min_m=666.3,"Keyword/fragment, identity-field, or proximity-only discovery signal.",Rejected / unrelated,rejected,No authoritative current relationship to Arthur Blank / AMB West; excluded.
BRADY SCOTT W,BRADY SCOTT W,20.02,1,Park,PO BOX 313 EMIGRANT MT 59027-0313,geographic_within_one_mile; geography_stats:near=1;adjoining=0;min_m=27.2,"Keyword/fragment, identity-field, or proximity-only discovery signal.",Rejected / unrelated,rejected,No authoritative current relationship to Arthur Blank / AMB West; excluded.
BROCKETT TIMOTHY K,BROCKETT TIMOTHY K,20.02,1,Park,PO BOX 1711 EMIGRANT MT 59027-1711,geographic_within_one_mile; geography_stats:near=1;adjoining=0;min_m=1507.8,"Keyword/fragment, identity-field, or proximity-only discovery signal.",Rejected / unrelated,rejected,No authoritative current relationship to Arthur Blank / AMB West; excluded.
CHAMBERLIN DEVIN & BRILYN,CHAMBERLIN DEVIN AND BRILYN,20.02,1,Custer,1173 HIGHWAY 59 N MILES CITY MT 59301-6301,broad_owner_fragment:AMB,"Keyword/fragment, identity-field, or proximity-only discovery signal.",Rejected / unrelated,rejected,No authoritative current relationship to Arthur Blank / AMB West; excluded.
FARRAR CHRISTINE TRUSTEE,FARRAR CHRISTINE TRUSTEE,20.02,1,Park,PO BOX 542 SUNBURST MT 59482-0542,geographic_within_one_mile; geography_stats:near=1;adjoining=0;min_m=1586.5,"Keyword/fragment, identity-field, or proximity-only discovery signal.",Rejected / unrelated,rejected,No authoritative current relationship to Arthur Blank / AMB West; excluded.
HAMBY GARY & JENNIFER,HAMBY GARY AND JENNIFER,20.02,1,Flathead,6806 CEDAR POINT DR PASADENA TX 77505-4328,broad_owner_fragment:AMB,"Keyword/fragment, identity-field, or proximity-only discovery signal.",Rejected / unrelated,rejected,No authoritative current relationship to Arthur Blank / AMB West; excluded.
KOLTONOW MICHAEL E,KOLTONOW MICHAEL E,20.02,1,Park,PO BOX 597 EMIGRANT MT 59027-0597,geographic_within_one_mile; geography_stats:near=1;adjoining=0;min_m=437.9,"Keyword/fragment, identity-field, or proximity-only discovery signal.",Rejected / unrelated,rejected,No authoritative current relationship to Arthur Blank / AMB West; excluded.
RADER JEFFREY L,RADER JEFFREY L,20.018,1,Park,PO BOX 1004 EMIGRANT MT 59027-1004,geographic_within_one_mile; geography_stats:near=1;adjoining=0;min_m=136.0,"Keyword/fragment, identity-field, or proximity-only discovery signal.",Rejected / unrelated,rejected,No authoritative current relationship to Arthur Blank / AMB West; excluded.
HENRY ROBERTA P TRUSTEE,HENRY ROBERTA P TRUSTEE,20.016,1,Park,605 E RIVER RD EMIGRANT MT 59027-6101,geographic_within_one_mile; geography_stats:near=1;adjoining=0;min_m=479.6,"Keyword/fragment, identity-field, or proximity-only discovery signal.",Rejected / unrelated,rejected,No authoritative current relationship to Arthur Blank / AMB West; excluded.
573 E RIVER LLC,573 E RIVER LLC,20.012,1,Park,10 CHURCH CIR ANNAPOLIS MD 21401-1927,geographic_within_one_mile; geography_stats:near=1;adjoining=0;min_m=214.6,"Keyword/fragment, identity-field, or proximity-only discovery signal.",Rejected / unrelated,rejected,No authoritative current relationship to Arthur Blank / AMB West; excluded.
AMBROSE COLLEEN E,AMBROSE COLLEEN E,20.01,1,Powell,659 CROW RD GARRISON MT 59733,broad_owner_fragment:AMB,"Keyword/fragment, identity-field, or proximity-only discovery signal.",Rejected / unrelated,rejected,No authoritative current relationship to Arthur Blank / AMB West; excluded.
ANDERSON JOHN H & MARY P,ANDERSON JOHN H AND MARY P,20.01,1,Park,37853 CANYON VIEW CT MAGNOLIA TX 77355-3057,geographic_within_one_mile; geography_stats:near=1;adjoining=0;min_m=573.9,"Keyword/fragment, identity-field, or proximity-only discovery signal.",Rejected / unrelated,rejected,No authoritative current relationship to Arthur Blank / AMB West; excluded.
AYERS AMBER J,AYERS AMBER J,20.01,1,Sanders,1251 RIVER RD W PLAINS MT 59859-9340,broad_owner_fragment:AMB,"Keyword/fragment, identity-field, or proximity-only discovery signal.",Rejected / unrelated,rejected,No authoritative current relationship to Arthur Blank / AMB West; excluded.
BALAVAGE ALAN & SADIE,BALAVAGE ALAN AND SADIE,20.01,1,Park,680 E RIVER RD PRAY MT 59065-7111,geographic_within_one_mile; geography_stats:near=1;adjoining=0;min_m=1336.7,"Keyword/fragment, identity-field, or proximity-only discovery signal.",Rejected / unrelated,rejected,No authoritative current relationship to Arthur Blank / AMB West; excluded.
BLANKENSHIP ADAM C & JOANNA E,BLANKENSHIP ADAM C AND JOANNA E,20.01,1,Lewis and Clark,6836 BLACK SANDY LOOP HELENA MT 59602-8877,broad_owner_fragment:BLANK,"Keyword/fragment, identity-field, or proximity-only discovery signal.",Rejected / unrelated,rejected,No authoritative current relationship to Arthur Blank / AMB West; excluded.
CARNEY DEBRA,CARNEY DEBRA,20.01,1,Park,PO BOX 242 EMIGRANT MT 59027-0242,geographic_within_one_mile; geography_stats:near=1;adjoining=0;min_m=1338.8,"Keyword/fragment, identity-field, or proximity-only discovery signal.",Rejected / unrelated,rejected,No authoritative current relationship to Arthur Blank / AMB West; excluded.
CASBURN CONSTANCE BEAKLEY (80% INT) &,CASBURN CONSTANCE BEAKLEY 80 INT AND,20.01,1,Park,1580 HIDER LN LAUREL SPGS NJ 08021-4819,geographic_adjoining_or_within_10m; geographic_within_one_mile; geography_stats:near=1;adjoining=1;min_m=0.0,"Cadastral geometry adjoins a confirmed ranch, but no name/address/corporate evidence links it to AMB West.",Rejected / unrelated,rejected,Neighboring ownership is not beneficial ownership; distinct owner remains excluded.
CHAMBERS CHRISTOPHER R & JENNIFER J,CHAMBERS CHRISTOPHER R AND JENNIFER J,20.01,1,Lake,43478 TOWER RD POLSON MT 59860-7478,broad_owner_fragment:AMB,"Keyword/fragment, identity-field, or proximity-only discovery signal.",Rejected / unrelated,rejected,No authoritative current relationship to Arthur Blank / AMB West; excluded.
CHAMBERS PAUL W & BONNIE B,CHAMBERS PAUL W AND BONNIE B,20.01,1,Sanders,93 RIDGE LOOP RD TROUT CREEK MT 59874-8003,broad_owner_fragment:AMB,"Keyword/fragment, identity-field, or proximity-only discovery signal.",Rejected / unrelated,rejected,No authoritative current relationship to Arthur Blank / AMB West; excluded.
CHESNUT TANNER R & AMBER,CHESNUT TANNER R AND AMBER,20.01,1,Gallatin,11563 GRAVEL PIT RD MANHATTAN MT 59741-8176,broad_owner_fragment:AMB,"Keyword/fragment, identity-field, or proximity-only discovery signal.",Rejected / unrelated,rejected,No authoritative current relationship to Arthur Blank / AMB West; excluded.
DEPASO ROBERT JOHN & SANDRA REYERS,DEPASO ROBERT JOHN AND SANDRA REYERS,20.01,1,Park,678 E RIVER RD PRAY MT 59065-7111,geographic_within_one_mile; geography_stats:near=1;adjoining=0;min_m=1252.8,"Keyword/fragment, identity-field, or proximity-only discovery signal.",Rejected / unrelated,rejected,No authoritative current relationship to Arthur Blank / AMB West; excluded.
DOMEK TIMOTHY M ETAL,DOMEK TIMOTHY M ETAL,20.01,1,Cascade,76 SUNFLOWER LN GREAT FALLS MT 59404-6468,broad_owner_fragment:DOME,"Keyword/fragment, identity-field, or proximity-only discovery signal.",Rejected / unrelated,rejected,No authoritative current relationship to Arthur Blank / AMB West; excluded.
GAMBLE JAMIE DEWANE & RIDDLE DEREK BRENT,GAMBLE JAMIE DEWANE AND RIDDLE DEREK BRENT,20.01,1,Stillwater,131 BRICKYARD LN STE 8 & 9 BILLINGS MT 59101-7338,broad_owner_fragment:AMB,"Keyword/fragment, identity-field, or proximity-only discovery signal.",Rejected / unrelated,rejected,No authoritative current relationship to Arthur Blank / AMB West; excluded.
GOODRUM HAROLD COLE JR &,GOODRUM HAROLD COLE JR AND,20.01,1,Park,2 GOLDSTONE CT NASHVILLE TN 37215-5508,geographic_within_one_mile; geography_stats:near=1;adjoining=0;min_m=1285.9,"Keyword/fragment, identity-field, or proximity-only discovery signal.",Rejected / unrelated,rejected,No authoritative current relationship to Arthur Blank / AMB West; excluded.
HENDRIX WESLEY & RAMBO AMANDA,HENDRIX WESLEY AND RAMBO AMANDA,20.01,1,Lewis and Clark,PO BOX 1207 HELENA MT 59624-1207,broad_owner_fragment:AMB,"Keyword/fragment, identity-field, or proximity-only discovery signal.",Rejected / unrelated,rejected,No authoritative current relationship to Arthur Blank / AMB West; excluded.
JARRETT CHRISTINE,JARRETT CHRISTINE,20.01,1,Park,670 E RIVER RD PRAY MT 59065-7111,geographic_within_one_mile; geography_stats:near=1;adjoining=0;min_m=1086.7,"Keyword/fragment, identity-field, or proximity-only discovery signal.",Rejected / unrelated,rejected,No authoritative current relationship to Arthur Blank / AMB West; excluded.
KELLY CHRISTOPHER RYAN & AMBER MARIE,KELLY CHRISTOPHER RYAN AND AMBER MARIE,20.01,1,Powell,133 S OAK ST TOWNSEND MT 59644-2605,broad_owner_fragment:AMB,"Keyword/fragment, identity-field, or proximity-only discovery signal.",Rejected / unrelated,rejected,No authoritative current relationship to Arthur Blank / AMB West; excluded.
O'HAIR TODD ALLYN,O HAIR TODD ALLYN,20.01,1,Park,PO BOX 759 HELENA MT 59624-0759,geographic_within_one_mile; geography_stats:near=1;adjoining=0;min_m=749.4,"Keyword/fragment, identity-field, or proximity-only discovery signal.",Rejected / unrelated,rejected,No authoritative current relationship to Arthur Blank / AMB West; excluded.
WUNSCH WALTER G & REGINA M TRUSTEES,WUNSCH WALTER G AND REGINA M TRUSTEES,20.01,1,Park,PO BOX 36 EMIGRANT MT 59027-0036,geographic_within_one_mile; geography_stats:near=1;adjoining=0;min_m=547.8,"Keyword/fragment, identity-field, or proximity-only discovery signal.",Rejected / unrelated,rejected,No authoritative current relationship to Arthur Blank / AMB West; excluded.
BRENNER MARY SUE,BRENNER MARY SUE,20.008,2,Park,184 TRAIL CREEK RD LIVINGSTON MT 59047-8818,geographic_within_one_mile; geography_stats:near=2;adjoining=0;min_m=641.0,"Keyword/fragment, identity-field, or proximity-only discovery signal.",Rejected / unrelated,rejected,No authoritative current relationship to Arthur Blank / AMB West; excluded.
THATE DREW S &,THATE DREW S AND,20.006,1,Park,706 E LAMME ST BOZEMAN MT 59715-3819,geographic_within_one_mile; geography_stats:near=1;adjoining=0;min_m=919.4,"Keyword/fragment, identity-field, or proximity-only discovery signal.",Rejected / unrelated,rejected,No authoritative current relationship to Arthur Blank / AMB West; excluded.
POGGE ANDREW & MICHELLE,POGGE ANDREW AND MICHELLE,20.005,1,Park,502 MOUNTAIN VIEW DR BOZEMAN MT 59718-8785,geographic_adjoining_or_within_10m; geographic_within_one_mile; geography_stats:near=1;adjoining=1;min_m=0.0,"Cadastral geometry adjoins a confirmed ranch, but no name/address/corporate evidence links it to AMB West.",Rejected / unrelated,rejected,Neighboring ownership is not beneficial ownership; distinct owner remains excluded.
ARMSTRONG JOHN S,ARMSTRONG JOHN S,20.003,1,Park,903 N 18TH ST BILLINGS MT 59101-0332,geographic_within_one_mile; geography_stats:near=1;adjoining=0;min_m=1234.6,"Keyword/fragment, identity-field, or proximity-only discovery signal.",Rejected / unrelated,rejected,No authoritative current relationship to Arthur Blank / AMB West; excluded.
PAYNE WILLIAM H &,PAYNE WILLIAM H AND,20.003,1,Park,PO BOX 107 EMIGRANT MT 59027-0107,geographic_within_one_mile; geography_stats:near=1;adjoining=0;min_m=121.1,"Keyword/fragment, identity-field, or proximity-only discovery signal.",Rejected / unrelated,rejected,No authoritative current relationship to Arthur Blank / AMB West; excluded.
SMITH VERNON T III,SMITH VERNON T III,20.003,1,Park,1828 OLD YELLOWSTONE TRL S EMIGRANT MT 59027-6006,geographic_within_one_mile; geography_stats:near=1;adjoining=0;min_m=143.3,"Keyword/fragment, identity-field, or proximity-only discovery signal.",Rejected / unrelated,rejected,No authoritative current relationship to Arthur Blank / AMB West; excluded.
"YOCHUM, CHARLES J & AMBER",YOCHUM CHARLES J AND AMBER,20.003,1,Yellowstone,8100 BUFFALO CREEK RD CUSTER MT 59024-9748,broad_owner_fragment:AMB,"Keyword/fragment, identity-field, or proximity-only discovery signal.",Rejected / unrelated,rejected,No authoritative current relationship to Arthur Blank / AMB West; excluded.
BRADLEY ERIC & ESTRELLA,BRADLEY ERIC AND ESTRELLA,20.002,1,Park,276 TRAIL CREEK RD LIVINGSTON MT 59047-8816,geographic_adjoining_or_within_10m; geographic_within_one_mile; geography_stats:near=1;adjoining=1;min_m=8.3,"Cadastral geometry adjoins a confirmed ranch, but no name/address/corporate evidence links it to AMB West.",Rejected / unrelated,rejected,Neighboring ownership is not beneficial ownership; distinct owner remains excluded.
MOTT WARSH REVOCABLE TRUST,MOTT WARSH REVOCABLE TRUST,20.002,1,Park,MAIL TO TIMOTHY C SANFORD 111 E COURT ST STE 3D FLINT MI 48502-1649,geographic_within_one_mile; geography_stats:near=1;adjoining=0;min_m=596.3,"Keyword/fragment, identity-field, or proximity-only discovery signal.",Rejected / unrelated,rejected,No authoritative current relationship to Arthur Blank / AMB West; excluded.
RYAN CAROLINE DOLLY,RYAN CAROLINE DOLLY,20.002,1,Park,PO BOX 6 EMIGRANT MT 59027-0006,geographic_within_one_mile; geography_stats:near=1;adjoining=0;min_m=589.2,"Keyword/fragment, identity-field, or proximity-only discovery signal.",Rejected / unrelated,rejected,No authoritative current relationship to Arthur Blank / AMB West; excluded.
HANDLEY AMBER LEE & CHRISTOPHER J,HANDLEY AMBER LEE AND CHRISTOPHER J,20.001,1,Flathead,PO BOX 769 MANHATTAN MT 59741-0769,broad_owner_fragment:AMB,"Keyword/fragment, identity-field, or proximity-only discovery signal.",Rejected / unrelated,rejected,No authoritative current relationship to Arthur Blank / AMB West; excluded.
HATFIELD TERESA LYNN &,HATFIELD TERESA LYNN AND,20.001,1,Park,11420 FAIRWAY RD SW PINE CITY MN 55063-4641,geographic_within_one_mile; geography_stats:near=1;adjoining=0;min_m=584.5,"Keyword/fragment, identity-field, or proximity-only discovery signal.",Rejected / unrelated,rejected,No authoritative current relationship to Arthur Blank / AMB West; excluded.
LAMBERTSEN KEITH PAUL JR & RACHEL,LAMBERTSEN KEITH PAUL JR AND RACHEL,20.001,1,Lincoln,28 OUTLANDER LN EUREKA MT 59917-9438,broad_owner_fragment:AMB,"Keyword/fragment, identity-field, or proximity-only discovery signal.",Rejected / unrelated,rejected,No authoritative current relationship to Arthur Blank / AMB West; excluded.
SAMBOLICH REVOC TRUST MICHAEL & MICHELLE NINA,SAMBOLICH REVOC TRUST MICHAEL AND MICHELLE NINA,20.001,1,Flathead,103 SOLER RUN KALISPELL MT 59901-9452,broad_owner_fragment:AMB,"Keyword/fragment, identity-field, or proximity-only discovery signal.",Rejected / unrelated,rejected,No authoritative current relationship to Arthur Blank / AMB West; excluded.
WELLS BETTY J E TR U/D/T DTD 8/23/95 FBO,WELLS BETTY J E TR U D T DTD 8 23 95 FBO,20.001,1,Park,5959 LA GOLETA RD GOLETA CA 93117-1844,geographic_within_one_mile; geography_stats:near=1;adjoining=0;min_m=319.7,"Keyword/fragment, identity-field, or proximity-only discovery signal.",Rejected / unrelated,rejected,No authoritative current relationship to Arthur Blank / AMB West; excluded.
54 ROCK CREEK LLC,54 ROCK CREEK LLC,20.0,1,Park,PO BOX 3463 GREENSBORO NC 27402-3463,geographic_within_one_mile; geography_stats:near=1;adjoining=0;min_m=965.2,"Keyword/fragment, identity-field, or proximity-only discovery signal.",Rejected / unrelated,rejected,No authoritative current relationship to Arthur Blank / AMB West; excluded.
ALLEN RICHARD &,ALLEN RICHARD AND,20.0,1,Park,PO BOX 333 EMIGRANT MT 59027-0333,geographic_within_one_mile; geography_stats:near=1;adjoining=0;min_m=920.6,"Keyword/fragment, identity-field, or proximity-only discovery signal.",Rejected / unrelated,rejected,No authoritative current relationship to Arthur Blank / AMB West; excluded.
ARMINTROUT AMBER,ARMINTROUT AMBER,20.0,1,Missoula,1800 BANCROFT ST MISSOULA MT 59801-5748,broad_owner_fragment:AMB,"Keyword/fragment, identity-field, or proximity-only discovery signal.",Rejected / unrelated,rejected,No authoritative current relationship to Arthur Blank / AMB West; excluded.
BLACKHAWK PARADISE LLC,BLACKHAWK PARADISE LLC,20.0,1,Park,329 MILESTONE DR BELGRADE MT 59714-7231,broad_owner_fragment:PARADISE; geographic_within_one_mile; geography_stats:near=1;adjoining=0;min_m=810.5,"Keyword/fragment, identity-field, or proximity-only discovery signal.",Rejected / unrelated,rejected,No authoritative current relationship to Arthur Blank / AMB West; excluded.
BLANK DAVID C &,BLANK DAVID C AND,20.0,1,Madison,632 MILL GULCH RD SHERIDAN MT 59749-9625,broad_owner_fragment:BLANK,"Keyword/fragment, identity-field, or proximity-only discovery signal.",Rejected / unrelated,rejected,No authoritative current relationship to Arthur Blank / AMB West; excluded.
BLANKENHORN DEVON C,BLANKENHORN DEVON C,20.0,1,Lake,4319 HIGHWAY 12 N ASHLAND CITY TN 37015-7113,broad_owner_fragment:BLANK,"Keyword/fragment, identity-field, or proximity-only discovery signal.",Rejected / unrelated,rejected,No authoritative current relationship to Arthur Blank / AMB West; excluded.
BRADLEY RICHARD &,BRADLEY RICHARD AND,20.0,1,Park,5010 CHEYENNE TRL BILLINGS MT 59106-9617,geographic_within_one_mile; geography_stats:near=1;adjoining=0;min_m=811.5,"Keyword/fragment, identity-field, or proximity-only discovery signal.",Rejected / unrelated,rejected,No authoritative current relationship to Arthur Blank / AMB West; excluded.
BROGDEN NICHOLAS DP,BROGDEN NICHOLAS DP,20.0,1,Park,"MAIL TO JOSEPH T. SWINDLEHURST, ESQ. PO BOX 523 LIVINGSTON MT 59047-0523",geographic_within_one_mile; geography_stats:near=1;adjoining=0;min_m=237.7,"Keyword/fragment, identity-field, or proximity-only discovery signal.",Rejected / unrelated,rejected,No authoritative current relationship to Arthur Blank / AMB West; excluded.
BURCH JOSHUA & AMBER,BURCH JOSHUA AND AMBER,20.0,1,Granite,45 LOWER SUNNY MEADOW LN PHILIPSBURG MT 59858-9704,broad_owner_fragment:AMB,"Keyword/fragment, identity-field, or proximity-only discovery signal.",Rejected / unrelated,rejected,No authoritative current relationship to Arthur Blank / AMB West; excluded.
CANTEY CATHERINE  TRUSTEE &,CANTEY CATHERINE TRUSTEE AND,20.0,1,Park,3028 HUNTERS RIDGE LOOP BILLINGS MT 59102-6841,geographic_adjoining_or_within_10m; geographic_within_one_mile; geography_stats:near=1;adjoining=1;min_m=0.0,"Cadastral geometry adjoins a confirmed ranch, but no name/address/corporate evidence links it to AMB West.",Rejected / unrelated,rejected,Neighboring ownership is not beneficial ownership; distinct owner remains excluded.
CARLSON CLAUDE & KIMERLY SUE,CARLSON CLAUDE AND KIMERLY SUE,20.0,1,Park,PO BOX 374 MC ALLISTER MT 59740-0374,geographic_within_one_mile; geography_stats:near=1;adjoining=0;min_m=499.1,"Keyword/fragment, identity-field, or proximity-only discovery signal.",Rejected / unrelated,rejected,No authoritative current relationship to Arthur Blank / AMB West; excluded.
CARNELL DANIEL & GRACE,CARNELL DANIEL AND GRACE,20.0,1,Park,138 INVERNESS RD LIVINGSTON MT 59047-8833,geographic_within_one_mile; geography_stats:near=1;adjoining=0;min_m=812.3,"Keyword/fragment, identity-field, or proximity-only discovery signal.",Rejected / unrelated,rejected,No authoritative current relationship to Arthur Blank / AMB West; excluded.
CHAMBERLAIN BRUCE W,CHAMBERLAIN BRUCE W,20.0,1,Musselshell,1017 MARSHALL AVE LEHIGH ACRES FL 33974,broad_owner_fragment:AMB,"Keyword/fragment, identity-field, or proximity-only discovery signal.",Rejected / unrelated,rejected,No authoritative current relationship to Arthur Blank / AMB West; excluded.
CHAMBERLIN FAMILY TRUT,CHAMBERLIN FAMILY TRUT,20.0,1,Sanders,30 GENESIS LN TROUT CREEK MT 59874-8500,broad_owner_fragment:AMB,"Keyword/fragment, identity-field, or proximity-only discovery signal.",Rejected / unrelated,rejected,No authoritative current relationship to Arthur Blank / AMB West; excluded.
CHAMBERS GUS,CHAMBERS GUS,20.0,2,Pondera,507 CHRISTENSON SCHOOL RD S CONRAD MT 59425-9261,broad_owner_fragment:AMB,"Keyword/fragment, identity-field, or proximity-only discovery signal.",Rejected / unrelated,rejected,No authoritative current relationship to Arthur Blank / AMB West; excluded.
COOPER BILLY DEE & AMBER N,COOPER BILLY DEE AND AMBER N,20.0,1,Lincoln,324 SIERRA ST RICHLAND WA 99354-2046,broad_owner_fragment:AMB,"Keyword/fragment, identity-field, or proximity-only discovery signal.",Rejected / unrelated,rejected,No authoritative current relationship to Arthur Blank / AMB West; excluded.
COX THERON F & AMBER,COX THERON F AND AMBER,20.0,1,Musselshell,510 S 10TH ST THERMOPOLIS WY 82443-3011,broad_owner_fragment:AMB,"Keyword/fragment, identity-field, or proximity-only discovery signal.",Rejected / unrelated,rejected,No authoritative current relationship to Arthur Blank / AMB West; excluded.
CRAMBLIT BETTY M TRUSTEE,CRAMBLIT BETTY M TRUSTEE,20.0,1,Lewis and Clark,5 PANORAMIC PL MONTANA CITY MT 59634-9795,broad_owner_fragment:AMB,"Keyword/fragment, identity-field, or proximity-only discovery signal.",Rejected / unrelated,rejected,No authoritative current relationship to Arthur Blank / AMB West; excluded.
EUBANKS JON & AMBER,EUBANKS JON AND AMBER,20.0,1,Ravalli,336 MILL CREEK RD HAMILTON MT 59840-9694,broad_owner_fragment:AMB,"Keyword/fragment, identity-field, or proximity-only discovery signal.",Rejected / unrelated,rejected,No authoritative current relationship to Arthur Blank / AMB West; excluded.
FRELICH DUANE M,FRELICH DUANE M,20.0,1,Park,PO BOX 1485 LIVINGSTON MT 59047-1485,geographic_within_one_mile; geography_stats:near=1;adjoining=0;min_m=122.1,"Keyword/fragment, identity-field, or proximity-only discovery signal.",Rejected / unrelated,rejected,No authoritative current relationship to Arthur Blank / AMB West; excluded.
GILMAN DARLENE M,GILMAN DARLENE M,20.0,1,Park,4339 US HIGHWAY 89 S LIVINGSTON MT 59047-9167,geographic_within_one_mile; geography_stats:near=1;adjoining=0;min_m=259.8,"Keyword/fragment, identity-field, or proximity-only discovery signal.",Rejected / unrelated,rejected,No authoritative current relationship to Arthur Blank / AMB West; excluded.
GUIDONE MATTHEW,GUIDONE MATTHEW,20.0,1,Park,45 LOCH LOMOND RD LIVINGSTON MT 59047-8837,geographic_within_one_mile; geography_stats:near=1;adjoining=0;min_m=405.2,"Keyword/fragment, identity-field, or proximity-only discovery signal.",Rejected / unrelated,rejected,No authoritative current relationship to Arthur Blank / AMB West; excluded.
HELLMAN JAMES L,HELLMAN JAMES L,20.0,1,Park,80 INVERNESS RD LIVINGSTON MT 59047-8827,geographic_adjoining_or_within_10m; geographic_within_one_mile; geography_stats:near=1;adjoining=1;min_m=0.0,"Cadastral geometry adjoins a confirmed ranch, but no name/address/corporate evidence links it to AMB West.",Rejected / unrelated,rejected,Neighboring ownership is not beneficial ownership; distinct owner remains excluded.
HUBBART WESLEY D & CONNIE R,HUBBART WESLEY D AND CONNIE R,20.0,1,Park,PO BOX 216 SHERIDAN CA 95681-0216,geographic_adjoining_or_within_10m; geographic_within_one_mile; geography_stats:near=1;adjoining=1;min_m=0.0,"Cadastral geometry adjoins a confirmed ranch, but no name/address/corporate evidence links it to AMB West.",Rejected / unrelated,rejected,Neighboring ownership is not beneficial ownership; distinct owner remains excluded.
JOSLIN BARBARA TRUSTEE,JOSLIN BARBARA TRUSTEE,20.0,1,Park,1745 COLBERT HOLLOW RD LEWISBURG TN 37091-5261,geographic_within_one_mile; geography_stats:near=1;adjoining=0;min_m=454.1,"Keyword/fragment, identity-field, or proximity-only discovery signal.",Rejected / unrelated,rejected,No authoritative current relationship to Arthur Blank / AMB West; excluded.
KIMBLE HELENE S,KIMBLE HELENE S,20.0,1,Park,68 BLACKHAWK DR LIVINGSTON MT 59047-8829,geographic_within_one_mile; geography_stats:near=1;adjoining=0;min_m=835.9,"Keyword/fragment, identity-field, or proximity-only discovery signal.",Rejected / unrelated,rejected,No authoritative current relationship to Arthur Blank / AMB West; excluded.
KUHNS KEITH A & DANIELLE D,KUHNS KEITH A AND DANIELLE D,20.0,1,Park,21 LOCH LOMOND RD LIVINGSTON MT 59047-8837,geographic_within_one_mile; geography_stats:near=1;adjoining=0;min_m=405.9,"Keyword/fragment, identity-field, or proximity-only discovery signal.",Rejected / unrelated,rejected,No authoritative current relationship to Arthur Blank / AMB West; excluded.
LAMBERT STEPHANIE,LAMBERT STEPHANIE,20.0,1,Missoula,1290 S 3RD ST W STE A MISSOULA MT 59801-2397,broad_owner_fragment:AMB,"Keyword/fragment, identity-field, or proximity-only discovery signal.",Rejected / unrelated,rejected,No authoritative current relationship to Arthur Blank / AMB West; excluded.
LAMBRECHT DAVID M & KIMBERLY,LAMBRECHT DAVID M AND KIMBERLY,20.0,1,Gallatin,PO BOX 690 KAPAAU HI 96755-0690,broad_owner_fragment:AMB,"Keyword/fragment, identity-field, or proximity-only discovery signal.",Rejected / unrelated,rejected,No authoritative current relationship to Arthur Blank / AMB West; excluded.
MUELLER KENNETH C JR &,MUELLER KENNETH C JR AND,20.0,1,Park,112 LORILANE DR CARRBORO NC 27510-2493,geographic_within_one_mile; geography_stats:near=1;adjoining=0;min_m=653.3,"Keyword/fragment, identity-field, or proximity-only discovery signal.",Rejected / unrelated,rejected,No authoritative current relationship to Arthur Blank / AMB West; excluded.
OOLEY JOHN H,OOLEY JOHN H,20.0,1,Park,17 BLACKHAWK DR LIVINGSTON MT 59047-8829,geographic_within_one_mile; geography_stats:near=1;adjoining=0;min_m=1215.9,"Keyword/fragment, identity-field, or proximity-only discovery signal.",Rejected / unrelated,rejected,No authoritative current relationship to Arthur Blank / AMB West; excluded.
"PARDIS, RANDY F & BAMBI L",PARDIS RANDY F AND BAMBI L,20.0,1,Yellowstone,3816 MCGIRL RD BILLINGS MT 59105-5110,broad_owner_fragment:AMB,"Keyword/fragment, identity-field, or proximity-only discovery signal.",Rejected / unrelated,rejected,No authoritative current relationship to Arthur Blank / AMB West; excluded.
"PHIPPS AND GAMBILL CATTLE COMPANY, LLC",PHIPPS AND GAMBILL CATTLE COMPANY LLC,20.0,1,Garfield,1748 OLD MILL RD MOUTH OF WILSON VA 24363-3018,broad_owner_fragment:AMB,"Keyword/fragment, identity-field, or proximity-only discovery signal.",Rejected / unrelated,rejected,No authoritative current relationship to Arthur Blank / AMB West; excluded.
PVMT LLC,PVMT LLC,20.0,1,Park,4611 SANDWICH CT DUBLIN OH 43016-8292,geographic_within_one_mile; geography_stats:near=1;adjoining=0;min_m=405.5,"Keyword/fragment, identity-field, or proximity-only discovery signal.",Rejected / unrelated,rejected,No authoritative current relationship to Arthur Blank / AMB West; excluded.
RAMP KATHLEEN SUE TRUSTEE,RAMP KATHLEEN SUE TRUSTEE,20.0,2,Park,PO BOX 31752 BILLINGS MT 59107-1752,geographic_within_one_mile; geography_stats:near=2;adjoining=0;min_m=359.5,"Keyword/fragment, identity-field, or proximity-only discovery signal.",Rejected / unrelated,rejected,No authoritative current relationship to Arthur Blank / AMB West; excluded.
RILEY DENNIS R & WENDY L CO TRUSTEES &,RILEY DENNIS R AND WENDY L CO TRUSTEES AND,20.0,1,Park,PO BOX 566 EMIGRANT MT 59027-0566,geographic_adjoining_or_within_10m; geographic_within_one_mile; geography_stats:near=1;adjoining=1;min_m=0.0,"Cadastral geometry adjoins a confirmed ranch, but no name/address/corporate evidence links it to AMB West.",Rejected / unrelated,rejected,Neighboring ownership is not beneficial ownership; distinct owner remains excluded.
ROBINSON SCOTT E & NOAH M,ROBINSON SCOTT E AND NOAH M,20.0,1,Park,236 SW 128TH TER NEWBERRY FL 32669-2780,geographic_within_one_mile; geography_stats:near=1;adjoining=0;min_m=809.7,"Keyword/fragment, identity-field, or proximity-only discovery signal.",Rejected / unrelated,rejected,No authoritative current relationship to Arthur Blank / AMB West; excluded.
SALLEE SCOTT & SANDRA,SALLEE SCOTT AND SANDRA,20.0,1,Park,PO BOX 117 EMIGRANT MT 59027-0117,geographic_within_one_mile; geography_stats:near=1;adjoining=0;min_m=1214.7,"Keyword/fragment, identity-field, or proximity-only discovery signal.",Rejected / unrelated,rejected,No authoritative current relationship to Arthur Blank / AMB West; excluded.
SCHAD MATTHEW ALOIS & CASSANDRA KAE,SCHAD MATTHEW ALOIS AND CASSANDRA KAE,20.0,1,Park,63 BLACKHAWK DR LIVINGSTON MT 59047-8829,geographic_within_one_mile; geography_stats:near=1;adjoining=0;min_m=1231.6,"Keyword/fragment, identity-field, or proximity-only discovery signal.",Rejected / unrelated,rejected,No authoritative current relationship to Arthur Blank / AMB West; excluded.
SCHELL JAMES M ESTATE,SCHELL JAMES M ESTATE,20.0,1,Park,1106 W PARK ST # 144 LIVINGSTON MT 59047-2955,geographic_within_one_mile; geography_stats:near=1;adjoining=0;min_m=1213.3,"Keyword/fragment, identity-field, or proximity-only discovery signal.",Rejected / unrelated,rejected,No authoritative current relationship to Arthur Blank / AMB West; excluded.
SCHUERMAN VINCENT,SCHUERMAN VINCENT,20.0,1,Park,55 BLACKHAWK DR LIVINGSTON MT 59047-8829,geographic_within_one_mile; geography_stats:near=1;adjoining=0;min_m=1213.3,"Keyword/fragment, identity-field, or proximity-only discovery signal.",Rejected / unrelated,rejected,No authoritative current relationship to Arthur Blank / AMB West; excluded.
SHATZEL CHRISTOPHER & ELIZABETH TRUSTEES,SHATZEL CHRISTOPHER AND ELIZABETH TRUSTEES,20.0,1,Park,11881 SAINT MARK ST GARDEN GROVE CA 92845-1107,geographic_within_one_mile; geography_stats:near=1;adjoining=0;min_m=406.2,"Keyword/fragment, identity-field, or proximity-only discovery signal.",Rejected / unrelated,rejected,No authoritative current relationship to Arthur Blank / AMB West; excluded.
STAMBAUGH TERRY,STAMBAUGH TERRY,20.0,1,Powell,157 SW MORRIS STEEN RD GREENVILLE FL 32331-3895,broad_owner_fragment:AMB,"Keyword/fragment, identity-field, or proximity-only discovery signal.",Rejected / unrelated,rejected,No authoritative current relationship to Arthur Blank / AMB West; excluded.
STATE LLC,STATE LLC,20.0,1,Park,8 THE GRN STE B DOVER DE 19901-3618,geographic_within_one_mile; geography_stats:near=1;adjoining=0;min_m=809.7,"Keyword/fragment, identity-field, or proximity-only discovery signal.",Rejected / unrelated,rejected,No authoritative current relationship to Arthur Blank / AMB West; excluded.
STULL ANNA C,STULL ANNA C,20.0,1,Park,5397 W FREMONT PL LITTLETON CO 80128-4979,geographic_within_one_mile; geography_stats:near=1;adjoining=0;min_m=308.9,"Keyword/fragment, identity-field, or proximity-only discovery signal.",Rejected / unrelated,rejected,No authoritative current relationship to Arthur Blank / AMB West; excluded.
SWANKE PETER JAY & MAGALIE ORDONEZ,SWANKE PETER JAY AND MAGALIE ORDONEZ,20.0,1,Park,57 LOCH LOMOND RD LIVINGSTON MT 59047-8837,geographic_within_one_mile; geography_stats:near=1;adjoining=0;min_m=405.2,"Keyword/fragment, identity-field, or proximity-only discovery signal.",Rejected / unrelated,rejected,No authoritative current relationship to Arthur Blank / AMB West; excluded.
WAMBEKE CHRISTOPHER M & TRESS E,WAMBEKE CHRISTOPHER M AND TRESS E,20.0,2,Flathead,PO BOX 2039 WHITEFISH MT 59937-2039,broad_owner_fragment:AMB,"Keyword/fragment, identity-field, or proximity-only discovery signal.",Rejected / unrelated,rejected,No authoritative current relationship to Arthur Blank / AMB West; excluded.
WOOD EILEEN,WOOD EILEEN,20.0,1,Park,PO BOX 17 CUMBERLAND VA 23040-0017,geographic_adjoining_or_within_10m; geographic_within_one_mile; geography_stats:near=1;adjoining=1;min_m=0.0,"Cadastral geometry adjoins a confirmed ranch, but no name/address/corporate evidence links it to AMB West.",Rejected / unrelated,rejected,Neighboring ownership is not beneficial ownership; distinct owner remains excluded.
WOOD EILEEN MCDONOUGH,WOOD EILEEN MCDONOUGH,20.0,1,Park,PO BOX 17 CUMBERLAND VA 23040-0017,geographic_adjoining_or_within_10m; geographic_within_one_mile; geography_stats:near=1;adjoining=1;min_m=0.0,"Cadastral geometry adjoins a confirmed ranch, but no name/address/corporate evidence links it to AMB West.",Rejected / unrelated,rejected,Neighboring ownership is not beneficial ownership; distinct owner remains excluded.
WOOD JOHN CHRISTOPHER &,WOOD JOHN CHRISTOPHER AND,20.0,1,Park,PO BOX 17 CUMBERLAND VA 23040-0017,geographic_adjoining_or_within_10m; geographic_within_one_mile; geography_stats:near=1;adjoining=1;min_m=0.0,"Cadastral geometry adjoins a confirmed ranch, but no name/address/corporate evidence links it to AMB West.",Rejected / unrelated,rejected,Neighboring ownership is not beneficial ownership; distinct owner remains excluded.
ZIEMKOWSKI RAYMOND & TERRI REV LIV TRUST,ZIEMKOWSKI RAYMOND AND TERRI REV LIV TRUST,20.0,1,Park,PO BOX 1606 EMIGRANT MT 59027-1606,geographic_adjoining_or_within_10m; geographic_within_one_mile; geography_stats:near=1;adjoining=1;min_m=0.0,"Cadastral geometry adjoins a confirmed ranch, but no name/address/corporate evidence links it to AMB West.",Rejected / unrelated,rejected,Neighboring ownership is not beneficial ownership; distinct owner remains excluded.
LAMB KARIN B &,LAMB KARIN B AND,19.953,1,Lincoln,778 SHERMAN CREEK RD EUREKA MT 59917-9083,broad_owner_fragment:AMB,"Keyword/fragment, identity-field, or proximity-only discovery signal.",Rejected / unrelated,rejected,No authoritative current relationship to Arthur Blank / AMB West; excluded.
LANE AMBER R,LANE AMBER R,19.858,1,Lincoln,712 BEAR TRAP RD REXFORD MT 59930-9601,broad_owner_fragment:AMB,"Keyword/fragment, identity-field, or proximity-only discovery signal.",Rejected / unrelated,rejected,No authoritative current relationship to Arthur Blank / AMB West; excluded.
BURNS DUSTIN &,BURNS DUSTIN AND,19.25,1,Park,5 RIVER DR LIVINGSTON MT 59047-8705,geographic_adjoining_or_within_10m; geographic_within_one_mile; geography_stats:near=1;adjoining=1;min_m=0.0,"Cadastral geometry adjoins a confirmed ranch, but no name/address/corporate evidence links it to AMB West.",Rejected / unrelated,rejected,Neighboring ownership is not beneficial ownership; distinct owner remains excluded.
LAMB TRUST A LIVING TRUST,LAMB TRUST A LIVING TRUST,19.01,1,Lewis and Clark,1910 RIEDEL CT SAN MARTIN CA 95046-9617,broad_owner_fragment:AMB,"Keyword/fragment, identity-field, or proximity-only discovery signal.",Rejected / unrelated,rejected,No authoritative current relationship to Arthur Blank / AMB West; excluded.
SMITH FRANK J & TERRI K,SMITH FRANK J AND TERRI K,19.0,1,Park,160 INVERNESS RD LIVINGSTON MT 59047-8833,geographic_within_one_mile; geography_stats:near=1;adjoining=0;min_m=1217.3,"Keyword/fragment, identity-field, or proximity-only discovery signal.",Rejected / unrelated,rejected,No authoritative current relationship to Arthur Blank / AMB West; excluded.
BLANKENSHIP JOHNSRUD JOYCE B,BLANKENSHIP JOHNSRUD JOYCE B,18.79,1,Musselshell,PO BOX 315 WORDEN MT 59088-0315,broad_owner_fragment:BLANK,"Keyword/fragment, identity-field, or proximity-only discovery signal.",Rejected / unrelated,rejected,No authoritative current relationship to Arthur Blank / AMB West; excluded.
PARADISE LAND COMPANY LLC,PARADISE LAND COMPANY LLC,18.66,2,Granite,624 W ARTEMOS DR MISSOULA MT 59803-1504,broad_owner_fragment:PARADISE,"Keyword/fragment, identity-field, or proximity-only discovery signal.",Rejected / unrelated,rejected,No authoritative current relationship to Arthur Blank / AMB West; excluded.
LAMB JONATHAN,LAMB JONATHAN,18.503,2,Madison,PO BOX 2825 NORRIS MT 59745-2825,broad_owner_fragment:AMB,"Keyword/fragment, identity-field, or proximity-only discovery signal.",Rejected / unrelated,rejected,No authoritative current relationship to Arthur Blank / AMB West; excluded.
DAHL JASON & AMBER R,DAHL JASON AND AMBER R,18.3,1,Teton,PO BOX 304 FAIRFIELD MT 59436-0304,broad_owner_fragment:AMB,"Keyword/fragment, identity-field, or proximity-only discovery signal.",Rejected / unrelated,rejected,No authoritative current relationship to Arthur Blank / AMB West; excluded.
WINDORSKI DARRYL & LAURA,WINDORSKI DARRYL AND LAURA,18.16,2,Park,PO BOX 53 EMIGRANT MT 59027-0053,geographic_within_one_mile; geography_stats:near=2;adjoining=0;min_m=830.6,"Keyword/fragment, identity-field, or proximity-only discovery signal.",Rejected / unrelated,rejected,No authoritative current relationship to Arthur Blank / AMB West; excluded.
MARKS KEVIN,MARKS KEVIN,18.093,2,Park,4246 US HIGHWAY 89 S LIVINGSTON MT 59047-9164,geographic_within_one_mile; geography_stats:near=2;adjoining=0;min_m=990.2,"Keyword/fragment, identity-field, or proximity-only discovery signal.",Rejected / unrelated,rejected,No authoritative current relationship to Arthur Blank / AMB West; excluded.
JORDAN-GUESS GERTILYN ELINOR (95% INT),JORDAN GUESS GERTILYN ELINOR 95 INT,18.0,1,Park,23420 BUTTERFLY PALM CT BOCA RATON FL 33433-6152,geographic_within_one_mile; geography_stats:near=1;adjoining=0;min_m=204.1,"Keyword/fragment, identity-field, or proximity-only discovery signal.",Rejected / unrelated,rejected,No authoritative current relationship to Arthur Blank / AMB West; excluded.
WELLBORN KEVIN E & AMBER L,WELLBORN KEVIN E AND AMBER L,17.82,1,Ravalli,315 MARIN LN FLORENCE MT 59833-6806,broad_owner_fragment:AMB,"Keyword/fragment, identity-field, or proximity-only discovery signal.",Rejected / unrelated,rejected,No authoritative current relationship to Arthur Blank / AMB West; excluded.
COMMUNITY RESTORATION INC (43.5% INT),COMMUNITY RESTORATION INC 43 5 INT,17.487,1,Park,PO BOX 414 EMIGRANT MT 59027-0414,geographic_within_one_mile; geography_stats:near=1;adjoining=0;min_m=570.0,"Keyword/fragment, identity-field, or proximity-only discovery signal.",Rejected / unrelated,rejected,No authoritative current relationship to Arthur Blank / AMB West; excluded.
WATTERS ROBERT W,WATTERS ROBERT W,17.25,1,Park,PO BOX 1703 EMIGRANT MT 59027-1703,geographic_adjoining_or_within_10m; geographic_within_one_mile; geography_stats:near=1;adjoining=1;min_m=0.0,"Cadastral geometry adjoins a confirmed ranch, but no name/address/corporate evidence links it to AMB West.",Rejected / unrelated,rejected,Neighboring ownership is not beneficial ownership; distinct owner remains excluded.
CHAMBERS MATTHEW ALLAN,CHAMBERS MATTHEW ALLAN,16.725,1,Gallatin,14943 HORSE CREEK RD BOZEMAN MT 59715,broad_owner_fragment:AMB,"Keyword/fragment, identity-field, or proximity-only discovery signal.",Rejected / unrelated,rejected,No authoritative current relationship to Arthur Blank / AMB West; excluded.
LAMBERT JUSTIN C,LAMBERT JUSTIN C,16.7,1,Lincoln,PO BOX 2368 EUREKA MT 59917-2368,broad_owner_fragment:AMB,"Keyword/fragment, identity-field, or proximity-only discovery signal.",Rejected / unrelated,rejected,No authoritative current relationship to Arthur Blank / AMB West; excluded.
PLAMBECK TREVOR & RACHEL,PLAMBECK TREVOR AND RACHEL,16.0,1,Lake,34307 ST MARYS LN SAINT IGNATIUS MT 59865-9394,broad_owner_fragment:AMB,"Keyword/fragment, identity-field, or proximity-only discovery signal.",Rejected / unrelated,rejected,No authoritative current relationship to Arthur Blank / AMB West; excluded.
UTTER TREVOR K & AMBER R,UTTER TREVOR K AND AMBER R,15.706,1,Lincoln,979 COSTICH LAKE DR EUREKA MT 59917-8512,broad_owner_fragment:AMB,"Keyword/fragment, identity-field, or proximity-only discovery signal.",Rejected / unrelated,rejected,No authoritative current relationship to Arthur Blank / AMB West; excluded.
GV LIVINGSTON LLC,GV LIVINGSTON LLC,15.645,2,Park,MAIL TO GROVE VENTURES LLC 2027 HARPER AVE HERMOSA BEACH CA 90254-3330,geographic_within_one_mile; geography_stats:near=1;adjoining=0;min_m=867.8,"Keyword/fragment, identity-field, or proximity-only discovery signal.",Rejected / unrelated,rejected,No authoritative current relationship to Arthur Blank / AMB West; excluded.
CHAMBERS JOANN G,CHAMBERS JOANN G,15.016,1,Missoula,139 S QUARRY RD MONTANA CITY MT 59634-9778,broad_owner_fragment:AMB,"Keyword/fragment, identity-field, or proximity-only discovery signal.",Rejected / unrelated,rejected,No authoritative current relationship to Arthur Blank / AMB West; excluded.
"CHAMBERS, RANDY L",CHAMBERS RANDY L,15.0,1,Yellowstone,12900 HIDDEN VALLEY TRL MOLT MT 59057-2165,broad_owner_fragment:AMB,"Keyword/fragment, identity-field, or proximity-only discovery signal.",Rejected / unrelated,rejected,No authoritative current relationship to Arthur Blank / AMB West; excluded.
FISHERMAN'S PARADISE ASSOC INC,FISHERMAN S PARADISE ASSOC INC,15.0,1,Ravalli,LARSON MARY ANN -ADD ONLY- 471 COOPER LN HAMILTON MT 59840-3300,broad_owner_fragment:PARADISE,"Keyword/fragment, identity-field, or proximity-only discovery signal.",Rejected / unrelated,rejected,No authoritative current relationship to Arthur Blank / AMB West; excluded.
MASON AMBYR,MASON AMBYR,15.0,1,Silver Bow,679 COYOTE LN BUTTE MT 59701-9666,broad_owner_fragment:AMB,"Keyword/fragment, identity-field, or proximity-only discovery signal.",Rejected / unrelated,rejected,No authoritative current relationship to Arthur Blank / AMB West; excluded.
WILBANKS AMBER D TRUSTEE 1/2,WILBANKS AMBER D TRUSTEE 1 2,15.0,1,Sanders,3632 WAPIPI SPOKANE VALLEY WA 99206,broad_owner_fragment:AMB,"Keyword/fragment, identity-field, or proximity-only discovery signal.",Rejected / unrelated,rejected,No authoritative current relationship to Arthur Blank / AMB West; excluded.
PARTNEY DANIEL ALLEN & AMBER J,PARTNEY DANIEL ALLEN AND AMBER J,14.893,1,Ravalli,422 HAYES CREEK RD HAMILTON MT 59840-9745,broad_owner_fragment:AMB,"Keyword/fragment, identity-field, or proximity-only discovery signal.",Rejected / unrelated,rejected,No authoritative current relationship to Arthur Blank / AMB West; excluded.
PARADISE VALLEY COMM CHURCH,PARADISE VALLEY COMM CHURCH,14.65,1,Park,1755 E RIVER RD LIVINGSTON MT 59047-8715,broad_owner_fragment:PARADISE,"Keyword/fragment, identity-field, or proximity-only discovery signal.",Rejected / unrelated,rejected,No authoritative current relationship to Arthur Blank / AMB West; excluded.
PHILLIPS ROBERT A  & WARD JOY C TRUST,PHILLIPS ROBERT A AND WARD JOY C TRUST,14.57,1,Park,216 MASON ST UKIAH CA 95482-4407,geographic_within_one_mile; geography_stats:near=1;adjoining=0;min_m=131.7,"Keyword/fragment, identity-field, or proximity-only discovery signal.",Rejected / unrelated,rejected,No authoritative current relationship to Arthur Blank / AMB West; excluded.
SMITH VERNON T & LAURA P,SMITH VERNON T AND LAURA P,14.491,1,Park,1828 OLD YELLOWSTONE TRL S EMIGRANT MT 59027-6006,geographic_within_one_mile; geography_stats:near=1;adjoining=0;min_m=217.3,"Keyword/fragment, identity-field, or proximity-only discovery signal.",Rejected / unrelated,rejected,No authoritative current relationship to Arthur Blank / AMB West; excluded.
LAMB EDWARD J &,LAMB EDWARD J AND,14.383,1,Park,334 US HIGHWAY 89 N LIVINGSTON MT 59047-9302,broad_owner_fragment:AMB,"Keyword/fragment, identity-field, or proximity-only discovery signal.",Rejected / unrelated,rejected,No authoritative current relationship to Arthur Blank / AMB West; excluded.
GREY AMBER &,GREY AMBER AND,13.75,1,Jefferson,132 MT HIGHWAY 2 W WHITEHALL MT 59759-9716,broad_owner_fragment:AMB,"Keyword/fragment, identity-field, or proximity-only discovery signal.",Rejected / unrelated,rejected,No authoritative current relationship to Arthur Blank / AMB West; excluded.
MURDOCH MERRIE A,MURDOCH MERRIE A,13.706,1,Park,14 CALEDONIA RD LIVINGSTON MT 59047-8823,geographic_within_one_mile; geography_stats:near=1;adjoining=0;min_m=404.1,"Keyword/fragment, identity-field, or proximity-only discovery signal.",Rejected / unrelated,rejected,No authoritative current relationship to Arthur Blank / AMB West; excluded.
LAMB PRESTON & KENDAL,LAMB PRESTON AND KENDAL,13.566,2,Flathead | Lincoln,158 LAWRENCE LN KALISPELL MT 59901-4634 | 379 DOBLE DR EUREKA MT 59917-9256,broad_owner_fragment:AMB,"Keyword/fragment, identity-field, or proximity-only discovery signal.",Rejected / unrelated,rejected,No authoritative current relationship to Arthur Blank / AMB West; excluded.
GAMBEE CARDEN,GAMBEE CARDEN,13.36,1,Lewis and Clark,6107 W 65TH S IDAHO FALLS ID 83402-6004,broad_owner_fragment:AMB,"Keyword/fragment, identity-field, or proximity-only discovery signal.",Rejected / unrelated,rejected,No authoritative current relationship to Arthur Blank / AMB West; excluded.
EUBANKS JON D & AMBER M,EUBANKS JON D AND AMBER M,13.35,2,Ravalli,148 SYLVAN WAY HAMILTON MT 59840-3057,broad_owner_fragment:AMB,"Keyword/fragment, identity-field, or proximity-only discovery signal.",Rejected / unrelated,rejected,No authoritative current relationship to Arthur Blank / AMB West; excluded.
MOLNAR PETER P & AMBER L,MOLNAR PETER P AND AMBER L,13.18,1,Cascade,5510 FOX FARM RD GREAT FALLS MT 59404-6412,broad_owner_fragment:AMB,"Keyword/fragment, identity-field, or proximity-only discovery signal.",Rejected / unrelated,rejected,No authoritative current relationship to Arthur Blank / AMB West; excluded.
OLSON SUSAN C,OLSON SUSAN C,13.16,1,Park,10 SUNDANCE DR LIVINGSTON MT 59047-8608,geographic_within_one_mile; geography_stats:near=1;adjoining=0;min_m=833.1,"Keyword/fragment, identity-field, or proximity-only discovery signal.",Rejected / unrelated,rejected,No authoritative current relationship to Arthur Blank / AMB West; excluded.
AMBERSON MARK & DEBBIE,AMBERSON MARK AND DEBBIE,13.11,1,Gallatin,383 AAJKER CREEK RD BOZEMAN MT 59718-8282,broad_owner_fragment:AMB,"Keyword/fragment, identity-field, or proximity-only discovery signal.",Rejected / unrelated,rejected,No authoritative current relationship to Arthur Blank / AMB West; excluded.
TAMBURELLI LLC,TAMBURELLI LLC,13.108,3,Flathead,PO BOX 2238 COLUMBIA FALLS MT 59912-2238,broad_owner_fragment:AMB,"Keyword/fragment, identity-field, or proximity-only discovery signal.",Rejected / unrelated,rejected,No authoritative current relationship to Arthur Blank / AMB West; excluded.
LAMBERT BERT OTTO,LAMBERT BERT OTTO,13.07,1,Lewis and Clark,64 SASSAFRAS DR MAGNOLIA AR 71753-4508,broad_owner_fragment:AMB,"Keyword/fragment, identity-field, or proximity-only discovery signal.",Rejected / unrelated,rejected,No authoritative current relationship to Arthur Blank / AMB West; excluded.
PARK ELECTRIC COOPERATIVE INC,PARK ELECTRIC COOPERATIVE INC,12.92,2,Park,PO BOX 1119 LIVINGSTON MT 59047-1119,geographic_adjoining_or_within_10m; geographic_within_one_mile; geography_stats:near=1;adjoining=1;min_m=0.0,"Cadastral geometry adjoins a confirmed ranch, but no name/address/corporate evidence links it to AMB West.",Rejected / unrelated,rejected,Neighboring ownership is not beneficial ownership; distinct owner remains excluded.
"BLANKENSHIP, MARK J & AIMEE",BLANKENSHIP MARK J AND AIMEE,12.865,1,Yellowstone,4410 LONE EAGLE DR BILLINGS MT 59106-9680,broad_owner_fragment:BLANK,"Keyword/fragment, identity-field, or proximity-only discovery signal.",Rejected / unrelated,rejected,No authoritative current relationship to Arthur Blank / AMB West; excluded.
LORENZ AMBER,LORENZ AMBER,12.83,1,Missoula,2515 SUNRIDGE CT MISSOULA MT 59803-2646,broad_owner_fragment:AMB,"Keyword/fragment, identity-field, or proximity-only discovery signal.",Rejected / unrelated,rejected,No authoritative current relationship to Arthur Blank / AMB West; excluded.
KAMBOJ LLC,KAMBOJ LLC,12.76,1,Fergus,1896 W 11225 S SOUTH JORDAN UT 84095-7975,broad_owner_fragment:AMB,"Keyword/fragment, identity-field, or proximity-only discovery signal.",Rejected / unrelated,rejected,No authoritative current relationship to Arthur Blank / AMB West; excluded.
"AMBROSE, CRAIG & CONNIE JO",AMBROSE CRAIG AND CONNIE JO,12.47,1,Flathead,160 LOOKING EAST DR SOMERS MT 59932-9707,broad_owner_fragment:AMB,"Keyword/fragment, identity-field, or proximity-only discovery signal.",Rejected / unrelated,rejected,No authoritative current relationship to Arthur Blank / AMB West; excluded.
LAMBERT CHERIE A TTE,LAMBERT CHERIE A TTE,12.352,1,Madison,252 SHINING MOUNTAINS LOOP RD ENNIS MT 59729-9156,broad_owner_fragment:AMB,"Keyword/fragment, identity-field, or proximity-only discovery signal.",Rejected / unrelated,rejected,No authoritative current relationship to Arthur Blank / AMB West; excluded.
AMBROSE LIVING TRUST MARK & SUSAN,AMBROSE LIVING TRUST MARK AND SUSAN,12.313,2,Flathead | Lincoln,1624 VIA TULIPAN SAN CLEMENTE CA 92673-3721 | 380 STINGRAY DR EUREKA MT 59917-9601,broad_owner_fragment:AMB,"Keyword/fragment, identity-field, or proximity-only discovery signal.",Rejected / unrelated,rejected,No authoritative current relationship to Arthur Blank / AMB West; excluded.
SETTE DOMENIC R JR,SETTE DOMENIC R JR,12.224,1,Missoula,5605 LAVOIE LN MISSOULA MT 59808-8904,broad_owner_fragment:DOME,"Keyword/fragment, identity-field, or proximity-only discovery signal.",Rejected / unrelated,rejected,No authoritative current relationship to Arthur Blank / AMB West; excluded.
BUSBY AARON M,BUSBY AARON M,12.221,1,Park,57 SUNDANCE DR LIVINGSTON MT 59047-8607,geographic_within_one_mile; geography_stats:near=1;adjoining=0;min_m=1465.9,"Keyword/fragment, identity-field, or proximity-only discovery signal.",Rejected / unrelated,rejected,No authoritative current relationship to Arthur Blank / AMB West; excluded.
CHAMBERS KIMBERLY R & LEON E,CHAMBERS KIMBERLY R AND LEON E,12.153,2,Lake,7130 RATTLESNAKE DR MISSOULA MT 59802-5315,broad_owner_fragment:AMB,"Keyword/fragment, identity-field, or proximity-only discovery signal.",Rejected / unrelated,rejected,No authoritative current relationship to Arthur Blank / AMB West; excluded.
BLANKSMA RICHARD PETER,BLANKSMA RICHARD PETER,12.053,1,Gallatin,833 LEWIS AVE BILLINGS MT 59101-5843,broad_owner_fragment:BLANK,"Keyword/fragment, identity-field, or proximity-only discovery signal.",Rejected / unrelated,rejected,No authoritative current relationship to Arthur Blank / AMB West; excluded.
LAMB GATLIN & ALEXANDRA,LAMB GATLIN AND ALEXANDRA,11.992,1,Fergus,57 SKYBROOK LN LEWISTOWN MT 59457-8950,broad_owner_fragment:AMB,"Keyword/fragment, identity-field, or proximity-only discovery signal.",Rejected / unrelated,rejected,No authoritative current relationship to Arthur Blank / AMB West; excluded.
RACCOON PARADISE LLC,RACCOON PARADISE LLC,11.9,1,Granite,6211 RAELENE CT MISSOULA MT 59803-2811,broad_owner_fragment:PARADISE,"Keyword/fragment, identity-field, or proximity-only discovery signal.",Rejected / unrelated,rejected,No authoritative current relationship to Arthur Blank / AMB West; excluded.
CHAMBERLAIN MICHELLE K AKA MICHELLE,CHAMBERLAIN MICHELLE K AKA MICHELLE,11.82,1,Flathead,505 SADDLEWOOD DR KALISPELL MT 59901-7184,broad_owner_fragment:AMB,"Keyword/fragment, identity-field, or proximity-only discovery signal.",Rejected / unrelated,rejected,No authoritative current relationship to Arthur Blank / AMB West; excluded.
KNUTSON JEFFREY & AMBER,KNUTSON JEFFREY AND AMBER,11.72,1,Lake,39503 KERR DAM RD POLSON MT 59860-8381,broad_owner_fragment:AMB,"Keyword/fragment, identity-field, or proximity-only discovery signal.",Rejected / unrelated,rejected,No authoritative current relationship to Arthur Blank / AMB West; excluded.
JONES MARVIN & BAMBI,JONES MARVIN AND BAMBI,11.69,1,Carbon,7541 US HIGHWAY 212 ROBERTS MT 59070-9665,broad_owner_fragment:AMB,"Keyword/fragment, identity-field, or proximity-only discovery signal.",Rejected / unrelated,rejected,No authoritative current relationship to Arthur Blank / AMB West; excluded.
WPP AMBER TOWNHOMES LLC 67.1937%,WPP AMBER TOWNHOMES LLC 67 1937,11.677,1,Yellowstone,595 S 80 E STE 400 LOGAN UT 84321-6845,broad_owner_fragment:AMB,"Keyword/fragment, identity-field, or proximity-only discovery signal.",Rejected / unrelated,rejected,No authoritative current relationship to Arthur Blank / AMB West; excluded.
GRESS TIMOTHY ROBERT & BAMBI L,GRESS TIMOTHY ROBERT AND BAMBI L,11.62,1,Madison,PO BOX 939 ENNIS MT 59729-0939,broad_owner_fragment:AMB,"Keyword/fragment, identity-field, or proximity-only discovery signal.",Rejected / unrelated,rejected,No authoritative current relationship to Arthur Blank / AMB West; excluded.
BENES AMBER LYNNE & ANTHONY ROBERT,BENES AMBER LYNNE AND ANTHONY ROBERT,11.58,1,Deer Lodge,160 STUCKY RIDGE RD ANACONDA MT 59711-9237,broad_owner_fragment:AMB,"Keyword/fragment, identity-field, or proximity-only discovery signal.",Rejected / unrelated,rejected,No authoritative current relationship to Arthur Blank / AMB West; excluded.
GAMBIT ROBERT,GAMBIT ROBERT,11.51,1,Missoula,2408 STURROCK DR HENDERSON NV 89044-8759,broad_owner_fragment:AMB,"Keyword/fragment, identity-field, or proximity-only discovery signal.",Rejected / unrelated,rejected,No authoritative current relationship to Arthur Blank / AMB West; excluded.
SCHMITT ANNA LOUISE,SCHMITT ANNA LOUISE,11.448,3,Gallatin | Park,400 HALE BOPP AVE BELGRADE MT 59714-7559,geographic_within_one_mile; geography_stats:near=1;adjoining=0;min_m=543.3,"Keyword/fragment, identity-field, or proximity-only discovery signal.",Rejected / unrelated,rejected,No authoritative current relationship to Arthur Blank / AMB West; excluded.
SEAVER MARK EDWARD TRUSTEE (1/2),SEAVER MARK EDWARD TRUSTEE 1 2,11.44,3,Park,11693 BINARY CT MONROVIA MD 21770-9414,geographic_within_one_mile; geography_stats:near=3;adjoining=0;min_m=581.0,"Keyword/fragment, identity-field, or proximity-only discovery signal.",Rejected / unrelated,rejected,No authoritative current relationship to Arthur Blank / AMB West; excluded.
HAMBURG SCOTT R DEC OF TRUST,HAMBURG SCOTT R DEC OF TRUST,11.401,1,Gallatin,1627 W MAIN ST # 426 BOZEMAN MT 59715-4011,broad_owner_fragment:AMB,"Keyword/fragment, identity-field, or proximity-only discovery signal.",Rejected / unrelated,rejected,No authoritative current relationship to Arthur Blank / AMB West; excluded.
HAMBLIN HEIGHTS COMMUNITY LLC,HAMBLIN HEIGHTS COMMUNITY LLC,11.33,1,Silver Bow,585 BETHEL AVE STE 202 PORT ORCHARD WA 98366-4544,broad_owner_fragment:AMB,"Keyword/fragment, identity-field, or proximity-only discovery signal.",Rejected / unrelated,rejected,No authoritative current relationship to Arthur Blank / AMB West; excluded.
BURNS ERIC,BURNS ERIC,11.267,1,Park,PO BOX 2404 LIVINGSTON MT 59047-4714,geographic_adjoining_or_within_10m; geographic_within_one_mile; geography_stats:near=1;adjoining=1;min_m=0.0,"Cadastral geometry adjoins a confirmed ranch, but no name/address/corporate evidence links it to AMB West.",Rejected / unrelated,rejected,Neighboring ownership is not beneficial ownership; distinct owner remains excluded.
BLANKENSHIP MATTHEW ERIC,BLANKENSHIP MATTHEW ERIC,11.24,2,Lewis and Clark,PO BOX 543 AUGUSTA MT 59410-0543,broad_owner_fragment:BLANK,"Keyword/fragment, identity-field, or proximity-only discovery signal.",Rejected / unrelated,rejected,No authoritative current relationship to Arthur Blank / AMB West; excluded.
PEDERSEN TORLIEF & PATRICIA A,PEDERSEN TORLIEF AND PATRICIA A,11.232,1,Park,4294 US HIGHWAY 89 S LIVINGSTON MT 59047-9164,geographic_within_one_mile; geography_stats:near=1;adjoining=0;min_m=705.7,"Keyword/fragment, identity-field, or proximity-only discovery signal.",Rejected / unrelated,rejected,No authoritative current relationship to Arthur Blank / AMB West; excluded.
BYRD DANIEL H & AMBER P,BYRD DANIEL H AND AMBER P,11.19,1,Lewis and Clark,PO BOX 305 HELENA MT 59624-0305,broad_owner_fragment:AMB,"Keyword/fragment, identity-field, or proximity-only discovery signal.",Rejected / unrelated,rejected,No authoritative current relationship to Arthur Blank / AMB West; excluded.
DOWELL JAMES F & JODY LEE,DOWELL JAMES F AND JODY LEE,11.079,1,Park,4318 US HIGHWAY 89 S LIVINGSTON MT 59047-9166,geographic_within_one_mile; geography_stats:near=1;adjoining=0;min_m=593.7,"Keyword/fragment, identity-field, or proximity-only discovery signal.",Rejected / unrelated,rejected,No authoritative current relationship to Arthur Blank / AMB West; excluded.
OTT STEVEN F,OTT STEVEN F,11.05,2,Park | Yellowstone,6505 COLD STONE LN BILLINGS MT 59106-1605,geographic_within_one_mile; geography_stats:near=1;adjoining=0;min_m=1587.5,"Keyword/fragment, identity-field, or proximity-only discovery signal.",Rejected / unrelated,rejected,No authoritative current relationship to Arthur Blank / AMB West; excluded.
SCHWARTZ KEVIN & AMBER,SCHWARTZ KEVIN AND AMBER,11.036,2,Gallatin | Lewis and Clark,1511 POWERS BLVD BELGRADE MT 59714-7723 | 4225 MYSTIC COURT EAST HELENA MT 59635,broad_owner_fragment:AMB,"Keyword/fragment, identity-field, or proximity-only discovery signal.",Rejected / unrelated,rejected,No authoritative current relationship to Arthur Blank / AMB West; excluded.
BANOVICH JOHN,BANOVICH JOHN,11.02,1,Park,2 PINE CREEK RD LIVINGSTON MT 59047-9118,geographic_within_one_mile; geography_stats:near=1;adjoining=0;min_m=46.2,"Keyword/fragment, identity-field, or proximity-only discovery signal.",Rejected / unrelated,rejected,No authoritative current relationship to Arthur Blank / AMB West; excluded.
TFF HIGHWAY 89 LLC,TFF HIGHWAY 89 LLC,11.002,1,Park,12600 HILL COUNTRY BLVD STE R-270 AUSTIN TX 78738-6727,geographic_within_one_mile; geography_stats:near=1;adjoining=0;min_m=341.5,"Keyword/fragment, identity-field, or proximity-only discovery signal.",Rejected / unrelated,rejected,No authoritative current relationship to Arthur Blank / AMB West; excluded.
GAMBREL LOYD T & JAUNITA,GAMBREL LOYD T AND JAUNITA,11.0,1,Sanders,%BEITO GILMAN CHANTRY SHANE & GLASE NICOLE LYNN 5 RIVER WALK LANE THOMPSON FALLS MT 59873,broad_owner_fragment:AMB,"Keyword/fragment, identity-field, or proximity-only discovery signal.",Rejected / unrelated,rejected,No authoritative current relationship to Arthur Blank / AMB West; excluded.
TRAUCHT SCOTT E,TRAUCHT SCOTT E,10.962,1,Park,201 TOM MINER CREEK RD EMIGRANT MT 59027-6010,geographic_within_one_mile; geography_stats:near=1;adjoining=0;min_m=1397.0,"Keyword/fragment, identity-field, or proximity-only discovery signal.",Rejected / unrelated,rejected,No authoritative current relationship to Arthur Blank / AMB West; excluded.
JOHNSON ISAAC L,JOHNSON ISAAC L,10.938,1,Park,4312 US HIGHWAY 89 S LIVINGSTON MT 59047-9166,geographic_within_one_mile; geography_stats:near=1;adjoining=0;min_m=182.0,"Keyword/fragment, identity-field, or proximity-only discovery signal.",Rejected / unrelated,rejected,No authoritative current relationship to Arthur Blank / AMB West; excluded.
SHELDON ROBERT W JR,SHELDON ROBERT W JR,10.927,1,Park,1485 RUCKER CIR WOODSTOCK GA 30188-2133,geographic_within_one_mile; geography_stats:near=1;adjoining=0;min_m=494.2,"Keyword/fragment, identity-field, or proximity-only discovery signal.",Rejected / unrelated,rejected,No authoritative current relationship to Arthur Blank / AMB West; excluded.
PETERSON LIVING TRUST KENT & DOMENICA,PETERSON LIVING TRUST KENT AND DOMENICA,10.8,1,Flathead,196 RIVERBEND RD BIGFORK MT 59911-6341,broad_owner_fragment:DOME,"Keyword/fragment, identity-field, or proximity-only discovery signal.",Rejected / unrelated,rejected,No authoritative current relationship to Arthur Blank / AMB West; excluded.
DAMBERGER JOHN J &,DAMBERGER JOHN J AND,10.76,1,Glacier,PO BOX 774 CUT BANK MT 59427-0774,broad_owner_fragment:AMB,"Keyword/fragment, identity-field, or proximity-only discovery signal.",Rejected / unrelated,rejected,No authoritative current relationship to Arthur Blank / AMB West; excluded.
BLANK DEBORAH LINNELL,BLANK DEBORAH LINNELL,10.756,2,Flathead,PO BOX 953 WHITEFISH MT 59937-0953,broad_owner_fragment:BLANK,"Keyword/fragment, identity-field, or proximity-only discovery signal.",Rejected / unrelated,rejected,No authoritative current relationship to Arthur Blank / AMB West; excluded.
BLANK DUSTIN E &,BLANK DUSTIN E AND,10.691,1,Ravalli,910 COONEY RIDGE RD FLORENCE MT 59833-6690,broad_owner_fragment:BLANK,"Keyword/fragment, identity-field, or proximity-only discovery signal.",Rejected / unrelated,rejected,No authoritative current relationship to Arthur Blank / AMB West; excluded.
BLANKENSHIP PROPERTIES LLC,BLANKENSHIP PROPERTIES LLC,10.58,1,Flathead,PO BOX 408 WEST GLACIER MT 59936-0408,broad_owner_fragment:BLANK,"Keyword/fragment, identity-field, or proximity-only discovery signal.",Rejected / unrelated,rejected,No authoritative current relationship to Arthur Blank / AMB West; excluded.
LAMBRECHT MARK & AMY,LAMBRECHT MARK AND AMY,10.51,1,Lewis and Clark,6260 HEAD LN HELENA MT 59602-9480,broad_owner_fragment:AMB,"Keyword/fragment, identity-field, or proximity-only discovery signal.",Rejected / unrelated,rejected,No authoritative current relationship to Arthur Blank / AMB West; excluded.
RAMBO CURT & MARY KAY,RAMBO CURT AND MARY KAY,10.509,1,Hill,PO BOX 112 GILDFORD MT 59525-0112,broad_owner_fragment:AMB,"Keyword/fragment, identity-field, or proximity-only discovery signal.",Rejected / unrelated,rejected,No authoritative current relationship to Arthur Blank / AMB West; excluded.
LAMBETH ABBY G,LAMBETH ABBY G,10.494,1,Lake,46289 LAKE MARY RONAN RD PROCTOR MT 59929-9705,broad_owner_fragment:AMB,"Keyword/fragment, identity-field, or proximity-only discovery signal.",Rejected / unrelated,rejected,No authoritative current relationship to Arthur Blank / AMB West; excluded.
BENNETT TYLER J & SARAH LYNN,BENNETT TYLER J AND SARAH LYNN,10.438,1,Park,389 TRAIL CREEK RD LIVINGSTON MT 59047,geographic_adjoining_or_within_10m; geographic_within_one_mile; geography_stats:near=1;adjoining=1;min_m=0.0,"Cadastral geometry adjoins a confirmed ranch, but no name/address/corporate evidence links it to AMB West.",Rejected / unrelated,rejected,Neighboring ownership is not beneficial ownership; distinct owner remains excluded.
LAMBSON WENDY R,LAMBSON WENDY R,10.4,2,Missoula,20350 OLD US HIGHWAY 93 N FLORENCE MT 59833,broad_owner_fragment:AMB,"Keyword/fragment, identity-field, or proximity-only discovery signal.",Rejected / unrelated,rejected,No authoritative current relationship to Arthur Blank / AMB West; excluded.
HAWKWOOD V LLC,HAWKWOOD V LLC,10.386,1,Park,2280 W BEVERLY CIR ORACLE AZ 85623-6173,geographic_adjoining_or_within_10m; geographic_within_one_mile; geography_stats:near=1;adjoining=1;min_m=0.0,"Cadastral geometry adjoins a confirmed ranch, but no name/address/corporate evidence links it to AMB West.",Rejected / unrelated,rejected,Neighboring ownership is not beneficial ownership; distinct owner remains excluded.
HERRING GEOFFREY AMBROSE &,HERRING GEOFFREY AMBROSE AND,10.38,1,Beaverhead,1250 THATCHER RD DILLON MT 59725-7214,broad_owner_fragment:AMB,"Keyword/fragment, identity-field, or proximity-only discovery signal.",Rejected / unrelated,rejected,No authoritative current relationship to Arthur Blank / AMB West; excluded.
LAMB CRAIG M & JEAN E,LAMB CRAIG M AND JEAN E,10.38,2,Lewis and Clark,3130 ARABIAN RD HELENA MT 59602-6004,broad_owner_fragment:AMB,"Keyword/fragment, identity-field, or proximity-only discovery signal.",Rejected / unrelated,rejected,No authoritative current relationship to Arthur Blank / AMB West; excluded.
LAMBERT GLENN,LAMBERT GLENN,10.29,1,Lake,PO BOX 176 RAYNESFORD MT 59469-0176,broad_owner_fragment:AMB,"Keyword/fragment, identity-field, or proximity-only discovery signal.",Rejected / unrelated,rejected,No authoritative current relationship to Arthur Blank / AMB West; excluded.
BIERMAN STEVE M & DIANE H,BIERMAN STEVE M AND DIANE H,10.271,1,Park,6541 WILLOW BROOKE DR LIBERTY TWP OH 45011-9069,geographic_adjoining_or_within_10m; geographic_within_one_mile; geography_stats:near=1;adjoining=1;min_m=0.0,"Cadastral geometry adjoins a confirmed ranch, but no name/address/corporate evidence links it to AMB West.",Rejected / unrelated,rejected,Neighboring ownership is not beneficial ownership; distinct owner remains excluded.
STAMSTA DAVID T & AMBER K TRUSTEES,STAMSTA DAVID T AND AMBER K TRUSTEES,10.263,1,Madison,24 BELANCA LN ENNIS MT 59729-9247,broad_owner_fragment:AMB,"Keyword/fragment, identity-field, or proximity-only discovery signal.",Rejected / unrelated,rejected,No authoritative current relationship to Arthur Blank / AMB West; excluded.
CHAMBERLAIN KEVIN G & GAIL A,CHAMBERLAIN KEVIN G AND GAIL A,10.252,1,Mineral,236 CHAMBER LANE SUPERIOR MT 59872,broad_owner_fragment:AMB,"Keyword/fragment, identity-field, or proximity-only discovery signal.",Rejected / unrelated,rejected,No authoritative current relationship to Arthur Blank / AMB West; excluded.
CHAMBERLAIN KEVIN G & GAIL ANN,CHAMBERLAIN KEVIN G AND GAIL ANN,10.252,1,Mineral,236 CHAMBER LANE SUPERIOR MT 59872,broad_owner_fragment:AMB,"Keyword/fragment, identity-field, or proximity-only discovery signal.",Rejected / unrelated,rejected,No authoritative current relationship to Arthur Blank / AMB West; excluded.
LAMB ADRIANNA &,LAMB ADRIANNA AND,10.234,1,Gallatin,507 E 5TH ST LAUREL MT 59044-2709,broad_owner_fragment:AMB,"Keyword/fragment, identity-field, or proximity-only discovery signal.",Rejected / unrelated,rejected,No authoritative current relationship to Arthur Blank / AMB West; excluded.
WINDORSKI CODY,WINDORSKI CODY,10.21,1,Park,PO BOX 263 EMIGRANT MT 59027-0263,geographic_within_one_mile; geography_stats:near=1;adjoining=0;min_m=1199.2,"Keyword/fragment, identity-field, or proximity-only discovery signal.",Rejected / unrelated,rejected,No authoritative current relationship to Arthur Blank / AMB West; excluded.
LAMB SHAUN & CRISTI,LAMB SHAUN AND CRISTI,10.19,1,Ravalli,1961 NIGHT HAWK TRL VICTOR MT 59875-9318,broad_owner_fragment:AMB,"Keyword/fragment, identity-field, or proximity-only discovery signal.",Rejected / unrelated,rejected,No authoritative current relationship to Arthur Blank / AMB West; excluded.
LAMB SHANE &,LAMB SHANE AND,10.17,1,Silver Bow,315 ROOSEVELT DR BUTTE MT 59701-9702,broad_owner_fragment:AMB,"Keyword/fragment, identity-field, or proximity-only discovery signal.",Rejected / unrelated,rejected,No authoritative current relationship to Arthur Blank / AMB West; excluded.
CHAMBERLIN JOSHUA R & KATHRYN D,CHAMBERLIN JOSHUA R AND KATHRYN D,10.144,1,Gallatin,9295 THORPE RD BOZEMAN MT 59718-7933,broad_owner_fragment:AMB,"Keyword/fragment, identity-field, or proximity-only discovery signal.",Rejected / unrelated,rejected,No authoritative current relationship to Arthur Blank / AMB West; excluded.
AMBROZE DRAKE MORROW,AMBROZE DRAKE MORROW,10.13,1,Flathead,290 LARCH RDG COLUMBIA FALLS MT 59912-8717,broad_owner_fragment:AMB,"Keyword/fragment, identity-field, or proximity-only discovery signal.",Rejected / unrelated,rejected,No authoritative current relationship to Arthur Blank / AMB West; excluded.
COULTER CAMBRYN,COULTER CAMBRYN,10.11,1,Lewis and Clark,5805 SHARPTAIL DR HELENA MT 59602-9469,broad_owner_fragment:AMB,"Keyword/fragment, identity-field, or proximity-only discovery signal.",Rejected / unrelated,rejected,No authoritative current relationship to Arthur Blank / AMB West; excluded.
LEGACY LOOKOUT LLC,LEGACY LOOKOUT LLC,10.106,1,Park,4012 US HIGHWAY 89 S LIVINGSTON MT 59047-9162,geographic_within_one_mile; geography_stats:near=1;adjoining=0;min_m=876.2,"Keyword/fragment, identity-field, or proximity-only discovery signal.",Rejected / unrelated,rejected,No authoritative current relationship to Arthur Blank / AMB West; excluded.
BLANKSMA RICK,BLANKSMA RICK,10.1,1,Richland,833 LEWIS AVE BILLINGS MT 59101-5843,broad_owner_fragment:BLANK,"Keyword/fragment, identity-field, or proximity-only discovery signal.",Rejected / unrelated,rejected,No authoritative current relationship to Arthur Blank / AMB West; excluded.
MATZKA AMBER & LAURA,MATZKA AMBER AND LAURA,10.1,1,Ravalli,5711 OLD US HIGHWAY 93 FLORENCE MT 59833-6542,broad_owner_fragment:AMB,"Keyword/fragment, identity-field, or proximity-only discovery signal.",Rejected / unrelated,rejected,No authoritative current relationship to Arthur Blank / AMB West; excluded.
WHITFIELD JOHN G & AMBER H,WHITFIELD JOHN G AND AMBER H,10.091,1,Gallatin,9280 PONDEROSA RD THREE FORKS MT 59752-9712,broad_owner_fragment:AMB,"Keyword/fragment, identity-field, or proximity-only discovery signal.",Rejected / unrelated,rejected,No authoritative current relationship to Arthur Blank / AMB West; excluded.
GAMBILL FAMILY REVOCABLE TRUST,GAMBILL FAMILY REVOCABLE TRUST,10.09,1,Yellowstone,320 THREE WOLF RD HUNTLEY MT 59037-9359,broad_owner_fragment:AMB,"Keyword/fragment, identity-field, or proximity-only discovery signal.",Rejected / unrelated,rejected,No authoritative current relationship to Arthur Blank / AMB West; excluded.
BRAMBLETT TIM L & JANET M TRUSTEES,BRAMBLETT TIM L AND JANET M TRUSTEES,10.086,2,Carbon | Lewis and Clark,2261 E LINCOLN RD HELENA MT 59602-8851 | 2261 LINCOLN RD E HELENA MT 59602-8851,broad_owner_fragment:AMB,"Keyword/fragment, identity-field, or proximity-only discovery signal.",Rejected / unrelated,rejected,No authoritative current relationship to Arthur Blank / AMB West; excluded.
BAUMGART JOSEPH KENNETH & AMBER LYNN,BAUMGART JOSEPH KENNETH AND AMBER LYNN,10.078,1,Lewis and Clark,6453 GREEN MEADOW DR HELENA MT 59602-8117,broad_owner_fragment:AMB,"Keyword/fragment, identity-field, or proximity-only discovery signal.",Rejected / unrelated,rejected,No authoritative current relationship to Arthur Blank / AMB West; excluded.
GOETZ JODEE K & CHAMBERS STEVEN REED,GOETZ JODEE K AND CHAMBERS STEVEN REED,10.07,1,Sanders,127 CRIMSON CACTUS AVE HENDERSON NV 89011-4519,broad_owner_fragment:AMB,"Keyword/fragment, identity-field, or proximity-only discovery signal.",Rejected / unrelated,rejected,No authoritative current relationship to Arthur Blank / AMB West; excluded.
PARADISE MOUNTAIN TIME LLC,PARADISE MOUNTAIN TIME LLC,10.07,1,Park,5165 DOVETAIL AVE BILLINGS MT 59106-4424,broad_owner_fragment:PARADISE,"Keyword/fragment, identity-field, or proximity-only discovery signal.",Rejected / unrelated,rejected,No authoritative current relationship to Arthur Blank / AMB West; excluded.
ARCHAMBAULT MATTHEW R & DEBRA A,ARCHAMBAULT MATTHEW R AND DEBRA A,10.064,1,Gallatin,13722 CLARKSTON RD THREE FORKS MT 59752-8744,broad_owner_fragment:AMB,"Keyword/fragment, identity-field, or proximity-only discovery signal.",Rejected / unrelated,rejected,No authoritative current relationship to Arthur Blank / AMB West; excluded.
TANNER CHARLES BICK II,TANNER CHARLES BICK II,10.064,1,Park,PO BOX 174 EMIGRANT MT 59027-0174,geographic_within_one_mile; geography_stats:near=1;adjoining=0;min_m=1165.7,"Keyword/fragment, identity-field, or proximity-only discovery signal.",Rejected / unrelated,rejected,No authoritative current relationship to Arthur Blank / AMB West; excluded.
SUBLETT FAMILY TRUST,SUBLETT FAMILY TRUST,10.062,1,Park,647 SPAZIER AVE PACIFIC GROVE CA 93950-4825,geographic_within_one_mile; geography_stats:near=1;adjoining=0;min_m=963.8,"Keyword/fragment, identity-field, or proximity-only discovery signal.",Rejected / unrelated,rejected,No authoritative current relationship to Arthur Blank / AMB West; excluded.
GARNER ANDREA CLARE,GARNER ANDREA CLARE,10.047,1,Park,5868 KINGSWOOD CT NW NORCROSS GA 30093,geographic_within_one_mile; geography_stats:near=1;adjoining=0;min_m=1305.0,"Keyword/fragment, identity-field, or proximity-only discovery signal.",Rejected / unrelated,rejected,No authoritative current relationship to Arthur Blank / AMB West; excluded.
LAMBERT JASON R,LAMBERT JASON R,10.04,2,Lincoln,89 BIG ROCK BLF REXFORD MT 59930-9502,broad_owner_fragment:AMB,"Keyword/fragment, identity-field, or proximity-only discovery signal.",Rejected / unrelated,rejected,No authoritative current relationship to Arthur Blank / AMB West; excluded.
PARADISE DRIFT LLC,PARADISE DRIFT LLC,10.035,1,Park,2 EMERGER TRL BOZEMAN MT 59718-1146,broad_owner_fragment:PARADISE,"Keyword/fragment, identity-field, or proximity-only discovery signal.",Rejected / unrelated,rejected,No authoritative current relationship to Arthur Blank / AMB West; excluded.
HAMBY TYLER LANE & DAVENPORT KATELYLNN MARIE,HAMBY TYLER LANE AND DAVENPORT KATELYLNN MARIE,10.03,1,Sanders,117 RICE DRAW RD HERON MT 59844-9503,broad_owner_fragment:AMB,"Keyword/fragment, identity-field, or proximity-only discovery signal.",Rejected / unrelated,rejected,No authoritative current relationship to Arthur Blank / AMB West; excluded.
RAMBO JAIME ALLISON TRUSTEE,RAMBO JAIME ALLISON TRUSTEE,10.03,1,Park,PO BOX 1648 EMIGRANT MT 59027-1648,broad_owner_fragment:AMB,"Keyword/fragment, identity-field, or proximity-only discovery signal.",Rejected / unrelated,rejected,No authoritative current relationship to Arthur Blank / AMB West; excluded.
PAINTER STACEY,PAINTER STACEY,10.022,1,Park,312 OLD FARM RD GLEN GARDNER NJ 08826-3243,geographic_within_one_mile; geography_stats:near=1;adjoining=0;min_m=1284.0,"Keyword/fragment, identity-field, or proximity-only discovery signal.",Rejected / unrelated,rejected,No authoritative current relationship to Arthur Blank / AMB West; excluded.
SACHS RICHARD,SACHS RICHARD,10.022,1,Park,PO BOX 5H SCARSDALE NY 10583-8505,geographic_within_one_mile; geography_stats:near=1;adjoining=0;min_m=1130.6,"Keyword/fragment, identity-field, or proximity-only discovery signal.",Rejected / unrelated,rejected,No authoritative current relationship to Arthur Blank / AMB West; excluded.
KNERR DAVID BRUCE JR & GAIL L,KNERR DAVID BRUCE JR AND GAIL L,10.017,1,Park,1106 W PARK ST # 420 LIVINGSTON MT 59047-2955,geographic_within_one_mile; geography_stats:near=1;adjoining=0;min_m=1002.5,"Keyword/fragment, identity-field, or proximity-only discovery signal.",Rejected / unrelated,rejected,No authoritative current relationship to Arthur Blank / AMB West; excluded.
SMITH GEORGE L & MARY C,SMITH GEORGE L AND MARY C,10.017,1,Park,35 BITTERROOT TRL LIVINGSTON MT 59047-8734,geographic_within_one_mile; geography_stats:near=1;adjoining=0;min_m=1172.9,"Keyword/fragment, identity-field, or proximity-only discovery signal.",Rejected / unrelated,rejected,No authoritative current relationship to Arthur Blank / AMB West; excluded.
AMBERSON JON HOWARD TRUSTEE,AMBERSON JON HOWARD TRUSTEE,10.012,1,Madison,25 HAYFIELD LOOP TRL ENNIS MT 59729-9154,broad_owner_fragment:AMB,"Keyword/fragment, identity-field, or proximity-only discovery signal.",Rejected / unrelated,rejected,No authoritative current relationship to Arthur Blank / AMB West; excluded.
JANIS JULIE A & MARK D,JANIS JULIE A AND MARK D,10.012,1,Park,PO BOX 1671 EMIGRANT MT 59027-1671,geographic_within_one_mile; geography_stats:near=1;adjoining=0;min_m=1352.2,"Keyword/fragment, identity-field, or proximity-only discovery signal.",Rejected / unrelated,rejected,No authoritative current relationship to Arthur Blank / AMB West; excluded.
MADDOX GARY & JANELLE,MADDOX GARY AND JANELLE,10.012,1,Park,26 COLTER RD EMIGRANT MT 59027,geographic_within_one_mile; geography_stats:near=1;adjoining=0;min_m=1537.2,"Keyword/fragment, identity-field, or proximity-only discovery signal.",Rejected / unrelated,rejected,No authoritative current relationship to Arthur Blank / AMB West; excluded.
LAMBRECHT AMY & MARK,LAMBRECHT AMY AND MARK,10.01,1,Lewis and Clark,6260 HEAD LN HELENA MT 59602-9480,broad_owner_fragment:AMB,"Keyword/fragment, identity-field, or proximity-only discovery signal.",Rejected / unrelated,rejected,No authoritative current relationship to Arthur Blank / AMB West; excluded.
TWO RIVERS PARADISE LLC,TWO RIVERS PARADISE LLC,10.005,2,Sanders,8682 MT HIGHWAY 200 PLAINS MT 59859-9431,broad_owner_fragment:PARADISE,"Keyword/fragment, identity-field, or proximity-only discovery signal.",Rejected / unrelated,rejected,No authoritative current relationship to Arthur Blank / AMB West; excluded.
SUBLETT MARTIN R & LORENE G TRUSTEES,SUBLETT MARTIN R AND LORENE G TRUSTEES,10.001,1,Park,647 SPAZIER AVE PACIFIC GROVE CA 93950-4825,geographic_within_one_mile; geography_stats:near=1;adjoining=0;min_m=1126.4,"Keyword/fragment, identity-field, or proximity-only discovery signal.",Rejected / unrelated,rejected,No authoritative current relationship to Arthur Blank / AMB West; excluded.
AMBROSE EDNA M,AMBROSE EDNA M,10.0,1,Cascade,3719 53RD AVE SW GREAT FALLS MT 59404-4718,broad_owner_fragment:AMB,"Keyword/fragment, identity-field, or proximity-only discovery signal.",Rejected / unrelated,rejected,No authoritative current relationship to Arthur Blank / AMB West; excluded.
"BLANK, EDWARD J & ALVINA J",BLANK EDWARD J AND ALVINA J,10.0,1,Flathead,C/O: CHERYL CURRY 16309 NE 72ND CIR VANCOUVER WA 98682-1920,broad_owner_fragment:BLANK,"Keyword/fragment, identity-field, or proximity-only discovery signal.",Rejected / unrelated,rejected,No authoritative current relationship to Arthur Blank / AMB West; excluded.
BLANKENSHIP REBECCA K,BLANKENSHIP REBECCA K,10.0,1,Sanders,1730 W RAIN LN SPOKANE WA 99208-5091,broad_owner_fragment:BLANK,"Keyword/fragment, identity-field, or proximity-only discovery signal.",Rejected / unrelated,rejected,No authoritative current relationship to Arthur Blank / AMB West; excluded.
BUDDYS PARADISE LLC,BUDDYS PARADISE LLC,10.0,1,Flathead,11450 ROYALSHIRE DR DALLAS TX 75230-2990,broad_owner_fragment:PARADISE,"Keyword/fragment, identity-field, or proximity-only discovery signal.",Rejected / unrelated,rejected,No authoritative current relationship to Arthur Blank / AMB West; excluded.
DOMENGHINI ANGELO,DOMENGHINI ANGELO,10.0,1,Lewis and Clark,6500 FAVORITE GULCH RD HELENA MT 59602-9606,broad_owner_fragment:DOME,"Keyword/fragment, identity-field, or proximity-only discovery signal.",Rejected / unrelated,rejected,No authoritative current relationship to Arthur Blank / AMB West; excluded.
HARDESTY FRANK B & KRISTEN A,HARDESTY FRANK B AND KRISTEN A,10.0,1,Park,PO BOX 1041 EMIGRANT MT 59027-1041,geographic_adjoining_or_within_10m; geographic_within_one_mile; geography_stats:near=1;adjoining=1;min_m=0.0,"Cadastral geometry adjoins a confirmed ranch, but no name/address/corporate evidence links it to AMB West.",Rejected / unrelated,rejected,Neighboring ownership is not beneficial ownership; distinct owner remains excluded.
INVEST WEST LLC,INVEST WEST LLC,10.0,1,Park,975 LIVE OAK TER NE SAINT PETERSBURG FL 33703-3165,geographic_within_one_mile; geography_stats:near=1;adjoining=0;min_m=1323.4,"Keyword/fragment, identity-field, or proximity-only discovery signal.",Rejected / unrelated,rejected,No authoritative current relationship to Arthur Blank / AMB West; excluded.
JACOBSON CAMBRA WARD,JACOBSON CAMBRA WARD,10.0,1,Park,PO BOX 1000 EMIGRANT MT 59027-1000,broad_owner_fragment:AMB; geographic_within_one_mile; geography_stats:near=1;adjoining=0;min_m=1422.3,"Keyword/fragment, identity-field, or proximity-only discovery signal.",Rejected / unrelated,rejected,No authoritative current relationship to Arthur Blank / AMB West; excluded.
LAMBERT SUSAN A,LAMBERT SUSAN A,10.0,1,Missoula,18200 HOULE CREEK RD FRENCHTOWN MT 59834-9703,broad_owner_fragment:AMB,"Keyword/fragment, identity-field, or proximity-only discovery signal.",Rejected / unrelated,rejected,No authoritative current relationship to Arthur Blank / AMB West; excluded.
LAMBLIN EUGENE &,LAMBLIN EUGENE AND,10.0,1,Musselshell,237 BUCKSKIN RD ROUNDUP MT 59072-6506,broad_owner_fragment:AMB,"Keyword/fragment, identity-field, or proximity-only discovery signal.",Rejected / unrelated,rejected,No authoritative current relationship to Arthur Blank / AMB West; excluded.
"LAMBORN, BRIAN W & SARAH M",LAMBORN BRIAN W AND SARAH M,10.0,1,Yellowstone,5859 CREEKVIEW DR SHEPHERD MT 59079-3842,broad_owner_fragment:AMB,"Keyword/fragment, identity-field, or proximity-only discovery signal.",Rejected / unrelated,rejected,No authoritative current relationship to Arthur Blank / AMB West; excluded.
"LARSON, AMBER E & BRENT B",LARSON AMBER E AND BRENT B,10.0,1,Yellowstone,4730 SHARON RD JOLIET MT 59041-9619,broad_owner_fragment:AMB,"Keyword/fragment, identity-field, or proximity-only discovery signal.",Rejected / unrelated,rejected,No authoritative current relationship to Arthur Blank / AMB West; excluded.
LAVIN LUKE A & AMBER L TRUSTEES,LAVIN LUKE A AND AMBER L TRUSTEES,10.0,2,Ravalli,408 S 5TH ST HAMILTON MT 59840-2751,broad_owner_fragment:AMB,"Keyword/fragment, identity-field, or proximity-only discovery signal.",Rejected / unrelated,rejected,No authoritative current relationship to Arthur Blank / AMB West; excluded.
MAKRIS GEORGE & KAREN,MAKRIS GEORGE AND KAREN,10.0,1,Park,PO BOX 377 EMIGRANT MT 59027-0377,geographic_within_one_mile; geography_stats:near=1;adjoining=0;min_m=71.8,"Keyword/fragment, identity-field, or proximity-only discovery signal.",Rejected / unrelated,rejected,No authoritative current relationship to Arthur Blank / AMB West; excluded.
MARTIN AMBER J,MARTIN AMBER J,10.0,1,Ravalli,1011 JUST ANOTHER RD STEVENSVILLE MT 59870-7033,broad_owner_fragment:AMB,"Keyword/fragment, identity-field, or proximity-only discovery signal.",Rejected / unrelated,rejected,No authoritative current relationship to Arthur Blank / AMB West; excluded.
PIERCE FLOYD LYNN & AMBERLINE KATHLEEN,PIERCE FLOYD LYNN AND AMBERLINE KATHLEEN,10.0,1,Lewis and Clark,697 JOHN G MINE RD HELENA MT 59602-9322,broad_owner_fragment:AMB,"Keyword/fragment, identity-field, or proximity-only discovery signal.",Rejected / unrelated,rejected,No authoritative current relationship to Arthur Blank / AMB West; excluded.
RAMBKE NICK D & KARA,RAMBKE NICK D AND KARA,10.0,1,Flathead,5201 ELENOR AVE GROVE IL 60516,broad_owner_fragment:AMB,"Keyword/fragment, identity-field, or proximity-only discovery signal.",Rejected / unrelated,rejected,No authoritative current relationship to Arthur Blank / AMB West; excluded.
THOMAS AMBER L,THOMAS AMBER L,10.0,1,Toole,1908 S 21ST ST TACOMA WA 98405-3147,broad_owner_fragment:AMB,"Keyword/fragment, identity-field, or proximity-only discovery signal.",Rejected / unrelated,rejected,No authoritative current relationship to Arthur Blank / AMB West; excluded.
HAMMOND AMBERLEIGH,HAMMOND AMBERLEIGH,9.98,1,Missoula,235 1/2 STRAND AVE MISSOULA MT 59801-5716,broad_owner_fragment:AMB,"Keyword/fragment, identity-field, or proximity-only discovery signal.",Rejected / unrelated,rejected,No authoritative current relationship to Arthur Blank / AMB West; excluded.
LAMBERT ALEX J & NATALIE B,LAMBERT ALEX J AND NATALIE B,9.98,1,Gallatin,28 SECORA LN THREE FORKS MT 59752-9536,broad_owner_fragment:AMB,"Keyword/fragment, identity-field, or proximity-only discovery signal.",Rejected / unrelated,rejected,No authoritative current relationship to Arthur Blank / AMB West; excluded.
HARGROVE AMBER T,HARGROVE AMBER T,9.95,1,Lewis and Clark,54 ZUELKE SAC RD THREE FORKS MT 59752,broad_owner_fragment:AMB,"Keyword/fragment, identity-field, or proximity-only discovery signal.",Rejected / unrelated,rejected,No authoritative current relationship to Arthur Blank / AMB West; excluded.
JENSEN CODY & AMBER,JENSEN CODY AND AMBER,9.86,3,Flathead,170 KOHLER LAKE LN KALISPELL MT 59901-8835,broad_owner_fragment:AMB,"Keyword/fragment, identity-field, or proximity-only discovery signal.",Rejected / unrelated,rejected,No authoritative current relationship to Arthur Blank / AMB West; excluded.
JESSOP JESSI I & AMBER AND,JESSOP JESSI I AND AMBER AND,9.8,1,Ravalli,PO BOX 410164 PINESDALE MT 59841-0164,broad_owner_fragment:AMB,"Keyword/fragment, identity-field, or proximity-only discovery signal.",Rejected / unrelated,rejected,No authoritative current relationship to Arthur Blank / AMB West; excluded.
KAMBIC ROBERT J & ANITA,KAMBIC ROBERT J AND ANITA,9.776,1,Lewis and Clark,80 PRAIRIE RD HELENA MT 59602-9631,broad_owner_fragment:AMB,"Keyword/fragment, identity-field, or proximity-only discovery signal.",Rejected / unrelated,rejected,No authoritative current relationship to Arthur Blank / AMB West; excluded.
BLACK JOSHUA & AMBER,BLACK JOSHUA AND AMBER,9.73,1,Sanders,179 UPPER LYNCH CREEK RD PLAINS MT 59859-9581,broad_owner_fragment:AMB,"Keyword/fragment, identity-field, or proximity-only discovery signal.",Rejected / unrelated,rejected,No authoritative current relationship to Arthur Blank / AMB West; excluded.
LAMBERT ROD A & DEBRA M,LAMBERT ROD A AND DEBRA M,9.701,3,Valley,PO BOX 167 NASHUA MT 59248-0167,broad_owner_fragment:AMB,"Keyword/fragment, identity-field, or proximity-only discovery signal.",Rejected / unrelated,rejected,No authoritative current relationship to Arthur Blank / AMB West; excluded.
LAMB FRED E & JANAE L,LAMB FRED E AND JANAE L,9.68,1,Ravalli,593 WILLOW CREEK CROSS RD CORVALLIS MT 59828-9716,broad_owner_fragment:AMB,"Keyword/fragment, identity-field, or proximity-only discovery signal.",Rejected / unrelated,rejected,No authoritative current relationship to Arthur Blank / AMB West; excluded.
LAMBRECHT MICHAEL J & SHARON M,LAMBRECHT MICHAEL J AND SHARON M,9.663,2,Lake,PO BOX 156 ELMO MT 59915-0156,broad_owner_fragment:AMB,"Keyword/fragment, identity-field, or proximity-only discovery signal.",Rejected / unrelated,rejected,No authoritative current relationship to Arthur Blank / AMB West; excluded.
HENRY DAVID D & AMBER V,HENRY DAVID D AND AMBER V,9.61,1,Broadwater,4 ASPEN GROVE RD EAST HELENA MT 59635-3481,broad_owner_fragment:AMB,"Keyword/fragment, identity-field, or proximity-only discovery signal.",Rejected / unrelated,rejected,No authoritative current relationship to Arthur Blank / AMB West; excluded.
AMBROSE JOHN & VICKY,AMBROSE JOHN AND VICKY,9.58,2,Lincoln,1324 HYDE PARK BLVD HOUSTON TX 77006-2550,broad_owner_fragment:AMB,"Keyword/fragment, identity-field, or proximity-only discovery signal.",Rejected / unrelated,rejected,No authoritative current relationship to Arthur Blank / AMB West; excluded.
PINO CHARLTON & HEATHER,PINO CHARLTON AND HEATHER,9.576,1,Park,33 SUNDANCE DR LIVINGSTON MT 59047-8607,geographic_within_one_mile; geography_stats:near=1;adjoining=0;min_m=1236.8,"Keyword/fragment, identity-field, or proximity-only discovery signal.",Rejected / unrelated,rejected,No authoritative current relationship to Arthur Blank / AMB West; excluded.
VAN SAMBEEK ANDREW I,VAN SAMBEEK ANDREW I,9.51,1,Ravalli,391 ASPEN WAY FLORENCE MT 59833-6916,broad_owner_fragment:AMB,"Keyword/fragment, identity-field, or proximity-only discovery signal.",Rejected / unrelated,rejected,No authoritative current relationship to Arthur Blank / AMB West; excluded.
85 AMBER LILY LLC,85 AMBER LILY LLC,9.45,2,Gallatin,4 SMITHDALE ESTATES DR HOUSTON TX 77024-6600,broad_owner_fragment:AMB,"Keyword/fragment, identity-field, or proximity-only discovery signal.",Rejected / unrelated,rejected,No authoritative current relationship to Arthur Blank / AMB West; excluded.
BLANKENSHIP KEVIN J & MARY T,BLANKENSHIP KEVIN J AND MARY T,9.44,1,Stillwater,PO BOX 682 COLUMBUS MT 59019-0682,broad_owner_fragment:BLANK,"Keyword/fragment, identity-field, or proximity-only discovery signal.",Rejected / unrelated,rejected,No authoritative current relationship to Arthur Blank / AMB West; excluded.
MUSHRUSH DAN,MUSHRUSH DAN,9.4,1,Park,26 SUNDANCE DR LIVINGSTON MT 59047-8608,geographic_within_one_mile; geography_stats:near=1;adjoining=0;min_m=1199.8,"Keyword/fragment, identity-field, or proximity-only discovery signal.",Rejected / unrelated,rejected,No authoritative current relationship to Arthur Blank / AMB West; excluded.
DOMEK AUSTIN & JENNY,DOMEK AUSTIN AND JENNY,9.38,1,Wibaux,PO BOX 443 WIBAUX MT 59353-0443,broad_owner_fragment:DOME,"Keyword/fragment, identity-field, or proximity-only discovery signal.",Rejected / unrelated,rejected,No authoritative current relationship to Arthur Blank / AMB West; excluded.
LAMBETH RANDY,LAMBETH RANDY,9.32,1,Granite,3 CREWS RD SALMON ID 83467-5077,broad_owner_fragment:AMB,"Keyword/fragment, identity-field, or proximity-only discovery signal.",Rejected / unrelated,rejected,No authoritative current relationship to Arthur Blank / AMB West; excluded.
HUTCHINSON WILL S & AMBER L,HUTCHINSON WILL S AND AMBER L,9.31,1,Lincoln,154 N 3RD ST LARAMIE WY 82072-3033,broad_owner_fragment:AMB,"Keyword/fragment, identity-field, or proximity-only discovery signal.",Rejected / unrelated,rejected,No authoritative current relationship to Arthur Blank / AMB West; excluded.
JOHNSON TYLER & KAMBER,JOHNSON TYLER AND KAMBER,9.25,1,Sanders,175 SHREAVEPORT WAY CASTLE ROCK WA 98611-8109,broad_owner_fragment:AMB,"Keyword/fragment, identity-field, or proximity-only discovery signal.",Rejected / unrelated,rejected,No authoritative current relationship to Arthur Blank / AMB West; excluded.
HARRELL RONALD & AMBER,HARRELL RONALD AND AMBER,9.16,2,Ravalli,124 WILDWOOD LN STEVENSVILLE MT 59870-6528,broad_owner_fragment:AMB,"Keyword/fragment, identity-field, or proximity-only discovery signal.",Rejected / unrelated,rejected,No authoritative current relationship to Arthur Blank / AMB West; excluded.
LAMB REVOCABLE TRUST STEPHEN P,LAMB REVOCABLE TRUST STEPHEN P,9.13,2,Flathead,4703 OAK HOLLOW LN FORT SMITH AR 72903-6712,broad_owner_fragment:AMB,"Keyword/fragment, identity-field, or proximity-only discovery signal.",Rejected / unrelated,rejected,No authoritative current relationship to Arthur Blank / AMB West; excluded.
BLANKENSHIP LEVI,BLANKENSHIP LEVI,9.03,1,Missoula,20234 ANGEL WAY FRENCHTOWN MT 59834-9808,broad_owner_fragment:BLANK,"Keyword/fragment, identity-field, or proximity-only discovery signal.",Rejected / unrelated,rejected,No authoritative current relationship to Arthur Blank / AMB West; excluded.
LAMBERT MARILYNNE,LAMBERT MARILYNNE,9.008,1,Park,BOX 6309 BONNYVILLE ALBERTA,broad_owner_fragment:AMB,"Keyword/fragment, identity-field, or proximity-only discovery signal.",Rejected / unrelated,rejected,No authoritative current relationship to Arthur Blank / AMB West; excluded.
GREGORY D CHAMBERLAIN TESTAMENTARY TRUST,GREGORY D CHAMBERLAIN TESTAMENTARY TRUST,9.0,1,Cascade,104 2ND ST S STE 402 GREAT FALLS MT 59401-3600,broad_owner_fragment:AMB,"Keyword/fragment, identity-field, or proximity-only discovery signal.",Rejected / unrelated,rejected,No authoritative current relationship to Arthur Blank / AMB West; excluded.
KREMER NEIL A,KREMER NEIL A,8.942,1,Park,PO BOX 241 EMIGRANT MT 59027-0241,geographic_adjoining_or_within_10m; geographic_within_one_mile; geography_stats:near=1;adjoining=1;min_m=0.0,"Cadastral geometry adjoins a confirmed ranch, but no name/address/corporate evidence links it to AMB West.",Rejected / unrelated,rejected,Neighboring ownership is not beneficial ownership; distinct owner remains excluded.
BEYER NIALL & AMBER,BEYER NIALL AND AMBER,8.9,1,Richland,35302 COUNTY ROAD 130 SIDNEY MT 59270-4239,broad_owner_fragment:AMB,"Keyword/fragment, identity-field, or proximity-only discovery signal.",Rejected / unrelated,rejected,No authoritative current relationship to Arthur Blank / AMB West; excluded.
BLANKENSHIP ROBERT L & WENDY A,BLANKENSHIP ROBERT L AND WENDY A,8.82,1,Flathead,35 CW MITCHEL CT MARION MT 59925-9620,broad_owner_fragment:BLANK,"Keyword/fragment, identity-field, or proximity-only discovery signal.",Rejected / unrelated,rejected,No authoritative current relationship to Arthur Blank / AMB West; excluded.
GAMBLE PAUL & MARTHA,GAMBLE PAUL AND MARTHA,8.64,1,Flathead,288 S MANY LAKES DR KALISPELL MT 59901-8335,broad_owner_fragment:AMB,"Keyword/fragment, identity-field, or proximity-only discovery signal.",Rejected / unrelated,rejected,No authoritative current relationship to Arthur Blank / AMB West; excluded.
ST LAURENT MARIE ANGE,ST LAURENT MARIE ANGE,8.558,1,Park,73 LEO DR EMIGRANT MT 59027-6045,geographic_within_one_mile; geography_stats:near=1;adjoining=0;min_m=1441.2,"Keyword/fragment, identity-field, or proximity-only discovery signal.",Rejected / unrelated,rejected,No authoritative current relationship to Arthur Blank / AMB West; excluded.
LAMBOTT LEONARD H,LAMBOTT LEONARD H,8.529,2,Broadwater,8715 US HIGHWAY 287 TOSTON MT 59643-9603,broad_owner_fragment:AMB,"Keyword/fragment, identity-field, or proximity-only discovery signal.",Rejected / unrelated,rejected,No authoritative current relationship to Arthur Blank / AMB West; excluded.
TAMBLYN NATHAN,TAMBLYN NATHAN,8.518,3,Lake | Missoula,5205 LUPINE RD MISSOULA MT 59803-1720,broad_owner_fragment:AMB,"Keyword/fragment, identity-field, or proximity-only discovery signal.",Rejected / unrelated,rejected,No authoritative current relationship to Arthur Blank / AMB West; excluded.
WINDORSKI ERIC,WINDORSKI ERIC,8.46,1,Park,PO BOX 273 EMIGRANT MT 59027-0273,geographic_within_one_mile; geography_stats:near=1;adjoining=0;min_m=1247.0,"Keyword/fragment, identity-field, or proximity-only discovery signal.",Rejected / unrelated,rejected,No authoritative current relationship to Arthur Blank / AMB West; excluded.
WARREN KENT LIVING TRUST &,WARREN KENT LIVING TRUST AND,8.4,1,Park,MAIL TO: LARRY SHILLOK 563 EAST KING ST CHAMBERSBURG PA 17201,geographic_within_one_mile; geography_stats:near=1;adjoining=0;min_m=1157.6,"Keyword/fragment, identity-field, or proximity-only discovery signal.",Rejected / unrelated,rejected,No authoritative current relationship to Arthur Blank / AMB West; excluded.
LAMB RICHARD L,LAMB RICHARD L,8.382,3,Missoula,10263 VALLEY GROVE DR LOLO MT 59847-8602,broad_owner_fragment:AMB,"Keyword/fragment, identity-field, or proximity-only discovery signal.",Rejected / unrelated,rejected,No authoritative current relationship to Arthur Blank / AMB West; excluded.
CHAMBERS C ALLEN & KATHY M,CHAMBERS C ALLEN AND KATHY M,8.38,3,Broadwater | Lewis and Clark,352 OBSIDIAN AVE HELENA MT 59602-8667,broad_owner_fragment:AMB,"Keyword/fragment, identity-field, or proximity-only discovery signal.",Rejected / unrelated,rejected,No authoritative current relationship to Arthur Blank / AMB West; excluded.
"MARSICANO, AMBER L & RONNIE L",MARSICANO AMBER L AND RONNIE L,8.36,1,Yellowstone,2053 S 10TH RD WORDEN MT 59088-2031,broad_owner_fragment:AMB,"Keyword/fragment, identity-field, or proximity-only discovery signal.",Rejected / unrelated,rejected,No authoritative current relationship to Arthur Blank / AMB West; excluded.
BLANKENSHIP CLIFFORD B ETAL,BLANKENSHIP CLIFFORD B ETAL,8.315,3,Cascade,22 17TH AVE S GREAT FALLS MT 59405-4111 | 51 PARADISE LN GREAT FALLS MT 59404-6459,broad_owner_fragment:BLANK,"Keyword/fragment, identity-field, or proximity-only discovery signal.",Rejected / unrelated,rejected,No authoritative current relationship to Arthur Blank / AMB West; excluded.
BURNS ROBERT &,BURNS ROBERT AND,8.295,1,Park,PO BOX 902 EMIGRANT MT 59027-0902,geographic_adjoining_or_within_10m; geographic_within_one_mile; geography_stats:near=1;adjoining=1;min_m=0.0,"Cadastral geometry adjoins a confirmed ranch, but no name/address/corporate evidence links it to AMB West.",Rejected / unrelated,rejected,Neighboring ownership is not beneficial ownership; distinct owner remains excluded.
GIGONE DANIEL M,GIGONE DANIEL M,8.28,1,Park,311 S WILLSON AVE BOZEMAN MT 59715-4632,geographic_within_one_mile; geography_stats:near=1;adjoining=0;min_m=92.3,"Keyword/fragment, identity-field, or proximity-only discovery signal.",Rejected / unrelated,rejected,No authoritative current relationship to Arthur Blank / AMB West; excluded.
KAISER KERRY P,KAISER KERRY P,8.271,1,Park,16 HAWTHORNE PL NATCHEZ MS 39120-4430,geographic_within_one_mile; geography_stats:near=1;adjoining=0;min_m=110.8,"Keyword/fragment, identity-field, or proximity-only discovery signal.",Rejected / unrelated,rejected,No authoritative current relationship to Arthur Blank / AMB West; excluded.
CRISAFULLI FRANK D & AMBER L,CRISAFULLI FRANK D AND AMBER L,8.26,2,Dawson,PO BOX 233 GLENDIVE MT 59330-0233,broad_owner_fragment:AMB,"Keyword/fragment, identity-field, or proximity-only discovery signal.",Rejected / unrelated,rejected,No authoritative current relationship to Arthur Blank / AMB West; excluded.
JAMBOR JAMES,JAMBOR JAMES,8.25,1,Lake,32686 SNYDER HILL LN RONAN MT 59864-9034,broad_owner_fragment:AMB,"Keyword/fragment, identity-field, or proximity-only discovery signal.",Rejected / unrelated,rejected,No authoritative current relationship to Arthur Blank / AMB West; excluded.
LAMBRECHT BRIAN J,LAMBRECHT BRIAN J,8.148,3,Flathead | Missoula,4640 EDWARD AVE MISSOULA MT 59804-5002,broad_owner_fragment:AMB,"Keyword/fragment, identity-field, or proximity-only discovery signal.",Rejected / unrelated,rejected,No authoritative current relationship to Arthur Blank / AMB West; excluded.
REILLY KYLE M & AMBER L,REILLY KYLE M AND AMBER L,8.0,1,Flathead,125 MONT PAC LN WHITEFISH MT 59937-8482,broad_owner_fragment:AMB,"Keyword/fragment, identity-field, or proximity-only discovery signal.",Rejected / unrelated,rejected,No authoritative current relationship to Arthur Blank / AMB West; excluded.
SEAGO LESTER W III,SEAGO LESTER W III,8.0,2,Park,PO BOX 341 EMIGRANT MT 59027-0341,geographic_within_one_mile; geography_stats:near=2;adjoining=0;min_m=634.2,"Keyword/fragment, identity-field, or proximity-only discovery signal.",Rejected / unrelated,rejected,No authoritative current relationship to Arthur Blank / AMB West; excluded.
KWIECIEN NORMAN J &,KWIECIEN NORMAN J AND,7.998,2,Park,PO BOX 1616 EMIGRANT MT 59027-1616,geographic_adjoining_or_within_10m; geographic_within_one_mile; geography_stats:near=2;adjoining=2;min_m=0.0,"Cadastral geometry adjoins a confirmed ranch, but no name/address/corporate evidence links it to AMB West.",Rejected / unrelated,rejected,Neighboring ownership is not beneficial ownership; distinct owner remains excluded.
LEE JOHN W &,LEE JOHN W AND,7.919,1,Park,6203 N LUNDY AVE CHICAGO IL 60646-4009,geographic_within_one_mile; geography_stats:near=1;adjoining=0;min_m=144.4,"Keyword/fragment, identity-field, or proximity-only discovery signal.",Rejected / unrelated,rejected,No authoritative current relationship to Arthur Blank / AMB West; excluded.
SCHMITT JOSEPH TAYLOR,SCHMITT JOSEPH TAYLOR,7.908,3,Park,27 LEO LN EMIGRANT MT 59027-6118 | PO BOX 1631 EMIGRANT MT 59027-1631,geographic_within_one_mile; geography_stats:near=2;adjoining=0;min_m=432.2,"Keyword/fragment, identity-field, or proximity-only discovery signal.",Rejected / unrelated,rejected,No authoritative current relationship to Arthur Blank / AMB West; excluded.
HOWELL ROBERT WILLIS & AMBER,HOWELL ROBERT WILLIS AND AMBER,7.88,1,Deer Lodge,136 WILD ROSE DR ANACONDA MT 59711-9074,broad_owner_fragment:AMB,"Keyword/fragment, identity-field, or proximity-only discovery signal.",Rejected / unrelated,rejected,No authoritative current relationship to Arthur Blank / AMB West; excluded.
LAMBSON CHARLES O,LAMBSON CHARLES O,7.85,1,Ravalli,5585 KLEMENTS LN FLORENCE MT 59833-6642,broad_owner_fragment:AMB,"Keyword/fragment, identity-field, or proximity-only discovery signal.",Rejected / unrelated,rejected,No authoritative current relationship to Arthur Blank / AMB West; excluded.
PRADHUMAN SATYA & MARY,PRADHUMAN SATYA AND MARY,7.816,1,Park,PO BOX 193 52 NORTH STREET HATFIELD MA 01038-0193,geographic_within_one_mile; geography_stats:near=1;adjoining=0;min_m=312.2,"Keyword/fragment, identity-field, or proximity-only discovery signal.",Rejected / unrelated,rejected,No authoritative current relationship to Arthur Blank / AMB West; excluded.
ARAMBARRI RONALD R,ARAMBARRI RONALD R,7.798,1,Lewis and Clark,PO BOX 157 LINCOLN MT 59639-0157,broad_owner_fragment:AMB,"Keyword/fragment, identity-field, or proximity-only discovery signal.",Rejected / unrelated,rejected,No authoritative current relationship to Arthur Blank / AMB West; excluded.
BURNS JOHN & JANICE M,BURNS JOHN AND JANICE M,7.782,1,Park,PO BOX 72 EMIGRANT MT 59027-0072,geographic_adjoining_or_within_10m; geographic_within_one_mile; geography_stats:near=1;adjoining=1;min_m=0.0,"Cadastral geometry adjoins a confirmed ranch, but no name/address/corporate evidence links it to AMB West.",Rejected / unrelated,rejected,Neighboring ownership is not beneficial ownership; distinct owner remains excluded.
ALPHA PROPERTIES 270 LLC,ALPHA PROPERTIES 270 LLC,7.78,1,Park,PO BOX 1004 EMIGRANT MT 59027-1004,geographic_adjoining_or_within_10m; geographic_within_one_mile; geography_stats:near=1;adjoining=1;min_m=0.0,"Cadastral geometry adjoins a confirmed ranch, but no name/address/corporate evidence links it to AMB West.",Rejected / unrelated,rejected,Neighboring ownership is not beneficial ownership; distinct owner remains excluded.
DIMOND AMBER & ERIC,DIMOND AMBER AND ERIC,7.72,1,Sanders,189 CLARK CREEK LOOP PLAINS MT 59859-9241,broad_owner_fragment:AMB,"Keyword/fragment, identity-field, or proximity-only discovery signal.",Rejected / unrelated,rejected,No authoritative current relationship to Arthur Blank / AMB West; excluded.
LAMB DAVID M & DEBORA A,LAMB DAVID M AND DEBORA A,7.714,1,Flathead,2075 US HIGHWAY 206 COLUMBIA FALLS MT 59912,broad_owner_fragment:AMB,"Keyword/fragment, identity-field, or proximity-only discovery signal.",Rejected / unrelated,rejected,No authoritative current relationship to Arthur Blank / AMB West; excluded.
EATON ELLEN SMITH,EATON ELLEN SMITH,7.71,3,Park,PO BOX 1662 EMIGRANT MT 59027-1662,geographic_within_one_mile; geography_stats:near=2;adjoining=0;min_m=62.9,"Keyword/fragment, identity-field, or proximity-only discovery signal.",Rejected / unrelated,rejected,No authoritative current relationship to Arthur Blank / AMB West; excluded.
UC RIVER RANCH LLC,UC RIVER RANCH LLC,7.64,1,Park,1240 BERINGER WAY BILLINGS MT 59106-2313,geographic_within_one_mile; geography_stats:near=1;adjoining=0;min_m=844.6,"Keyword/fragment, identity-field, or proximity-only discovery signal.",Rejected / unrelated,rejected,No authoritative current relationship to Arthur Blank / AMB West; excluded.
WARNICK VICTOR R & FRANCES M TRUSTEES,WARNICK VICTOR R AND FRANCES M TRUSTEES,7.63,1,Park,PO BOX 3 EMIGRANT MT 59027-0003,geographic_within_one_mile; geography_stats:near=1;adjoining=0;min_m=773.2,"Keyword/fragment, identity-field, or proximity-only discovery signal.",Rejected / unrelated,rejected,No authoritative current relationship to Arthur Blank / AMB West; excluded.
DIDOMENICO TARIK G TRUSTEE,DIDOMENICO TARIK G TRUSTEE,7.61,1,Missoula,508 DALY AVE MISSOULA MT 59801-4413,broad_owner_fragment:DOME,"Keyword/fragment, identity-field, or proximity-only discovery signal.",Rejected / unrelated,rejected,No authoritative current relationship to Arthur Blank / AMB West; excluded.
BRAMBLE GARY W,BRAMBLE GARY W,7.571,1,Carbon,147 MUSGRAVE RD BELFRY MT 59008-9551,broad_owner_fragment:AMB,"Keyword/fragment, identity-field, or proximity-only discovery signal.",Rejected / unrelated,rejected,No authoritative current relationship to Arthur Blank / AMB West; excluded.
DELLIPRISCOLI DOMENIC,DELLIPRISCOLI DOMENIC,7.57,1,Flathead,PO BOX 990 LAKESIDE MT 59922-0990,broad_owner_fragment:DOME,"Keyword/fragment, identity-field, or proximity-only discovery signal.",Rejected / unrelated,rejected,No authoritative current relationship to Arthur Blank / AMB West; excluded.
WILSON COREY D & AMBER L,WILSON COREY D AND AMBER L,7.516,1,Lincoln,PO BOX 1001 NAPAVINE WA 98565-1001,broad_owner_fragment:AMB,"Keyword/fragment, identity-field, or proximity-only discovery signal.",Rejected / unrelated,rejected,No authoritative current relationship to Arthur Blank / AMB West; excluded.
BLUMBERG ROBIN M & AMBER,BLUMBERG ROBIN M AND AMBER,7.5,1,Lincoln,PO BOX 822 TROY MT 59935-0822,broad_owner_fragment:AMB,"Keyword/fragment, identity-field, or proximity-only discovery signal.",Rejected / unrelated,rejected,No authoritative current relationship to Arthur Blank / AMB West; excluded.
VANAMBURG NEIL W & VALERIE A,VANAMBURG NEIL W AND VALERIE A,7.375,1,Gallatin,120 CHURN RD BOZEMAN MT 59715-7756,broad_owner_fragment:AMB,"Keyword/fragment, identity-field, or proximity-only discovery signal.",Rejected / unrelated,rejected,No authoritative current relationship to Arthur Blank / AMB West; excluded.
MCDONALD AMBER LEE,MCDONALD AMBER LEE,7.36,1,Flathead,512 S SHORELINE DR LIBERTY LAKE WA 99019-9773,broad_owner_fragment:AMB,"Keyword/fragment, identity-field, or proximity-only discovery signal.",Rejected / unrelated,rejected,No authoritative current relationship to Arthur Blank / AMB West; excluded.
PA'S PLACE LLC,PA S PLACE LLC,7.348,1,Park,PO BOX 1687 EMIGRANT MT 59027-1687,geographic_adjoining_or_within_10m; geographic_within_one_mile; geography_stats:near=1;adjoining=1;min_m=0.0,"Cadastral geometry adjoins a confirmed ranch, but no name/address/corporate evidence links it to AMB West.",Rejected / unrelated,rejected,Neighboring ownership is not beneficial ownership; distinct owner remains excluded.
LR RAMBO LLC,LR RAMBO LLC,7.08,1,Missoula,7310 OLD GRANT CREEK RD MISSOULA MT 59808-9039,broad_owner_fragment:AMB,"Keyword/fragment, identity-field, or proximity-only discovery signal.",Rejected / unrelated,rejected,No authoritative current relationship to Arthur Blank / AMB West; excluded.
BEDROSIAN GEOFFREY & ASHLEY ELIZABETH,BEDROSIAN GEOFFREY AND ASHLEY ELIZABETH,7.058,1,Park,2757 UTICA ST DENVER CO 80212-3045,geographic_within_one_mile; geography_stats:near=1;adjoining=0;min_m=452.7,"Keyword/fragment, identity-field, or proximity-only discovery signal.",Rejected / unrelated,rejected,No authoritative current relationship to Arthur Blank / AMB West; excluded.
BROHN KARL W & AMBERLYN BETH,BROHN KARL W AND AMBERLYN BETH,7.02,1,Flathead,185 COLLIER LN KALISPELL MT 59901-4621,broad_owner_fragment:AMB,"Keyword/fragment, identity-field, or proximity-only discovery signal.",Rejected / unrelated,rejected,No authoritative current relationship to Arthur Blank / AMB West; excluded.
CAMBERO-KAUTZ ANA M TRUSTEE,CAMBERO KAUTZ ANA M TRUSTEE,7.0,1,Missoula,20592 BROKEN PINE LN FRENCHTOWN MT 59834-8800,broad_owner_fragment:AMB,"Keyword/fragment, identity-field, or proximity-only discovery signal.",Rejected / unrelated,rejected,No authoritative current relationship to Arthur Blank / AMB West; excluded.
MILLER AMBER MARIE GREINKE,MILLER AMBER MARIE GREINKE,7.0,1,Missoula,1660 VISTA LN BONNER MT 59823-9679,broad_owner_fragment:AMB,"Keyword/fragment, identity-field, or proximity-only discovery signal.",Rejected / unrelated,rejected,No authoritative current relationship to Arthur Blank / AMB West; excluded.
RAMBEAU JODI & CAMPBELL AMY,RAMBEAU JODI AND CAMPBELL AMY,7.0,1,Lake,31703 S FERNDALE DR BIGFORK MT 59911-5897,broad_owner_fragment:AMB,"Keyword/fragment, identity-field, or proximity-only discovery signal.",Rejected / unrelated,rejected,No authoritative current relationship to Arthur Blank / AMB West; excluded.
BLIXT SHAWN & AMBREE,BLIXT SHAWN AND AMBREE,6.94,1,Lake,40144 PAPER TRL POLSON MT 59860-7193,broad_owner_fragment:AMB,"Keyword/fragment, identity-field, or proximity-only discovery signal.",Rejected / unrelated,rejected,No authoritative current relationship to Arthur Blank / AMB West; excluded.
THOMPSON MATTHEW & AMBERST,THOMPSON MATTHEW AND AMBERST,6.94,1,Ravalli,480 BLODGETT VIEW DR HAMILTON MT 59840-9353,broad_owner_fragment:AMB,"Keyword/fragment, identity-field, or proximity-only discovery signal.",Rejected / unrelated,rejected,No authoritative current relationship to Arthur Blank / AMB West; excluded.
CHAMBERS JASON AND AMY,CHAMBERS JASON AND AMY,6.93,1,Pondera,405 S MICHIGAN ST CONRAD MT 59425-2232,broad_owner_fragment:AMB,"Keyword/fragment, identity-field, or proximity-only discovery signal.",Rejected / unrelated,rejected,No authoritative current relationship to Arthur Blank / AMB West; excluded.
BLANKENSHIP DANIEL J & KAY E,BLANKENSHIP DANIEL J AND KAY E,6.869,2,Glacier,590 COUNTY ROAD 1625 E CONGERVILLE IL 61729-9520,broad_owner_fragment:BLANK,"Keyword/fragment, identity-field, or proximity-only discovery signal.",Rejected / unrelated,rejected,No authoritative current relationship to Arthur Blank / AMB West; excluded.
BLANKSMA CRAIG A,BLANKSMA CRAIG A,6.82,1,Broadwater,31 COLD CREEK RANCH RD WINSTON MT 59647-8503,broad_owner_fragment:BLANK,"Keyword/fragment, identity-field, or proximity-only discovery signal.",Rejected / unrelated,rejected,No authoritative current relationship to Arthur Blank / AMB West; excluded.
TAMBURELLI JOSEPH A & TAMMY L,TAMBURELLI JOSEPH A AND TAMMY L,6.78,4,Flathead,PO BOX 2339 COLUMBIA FLS MT 59912-2339,broad_owner_fragment:AMB,"Keyword/fragment, identity-field, or proximity-only discovery signal.",Rejected / unrelated,rejected,No authoritative current relationship to Arthur Blank / AMB West; excluded.
AMBROSINO DOMINIC & RONNIE SUE,AMBROSINO DOMINIC AND RONNIE SUE,6.771,1,Jefferson,6 MURRAY LN CARDWELL MT 59721-9629,broad_owner_fragment:AMB,"Keyword/fragment, identity-field, or proximity-only discovery signal.",Rejected / unrelated,rejected,No authoritative current relationship to Arthur Blank / AMB West; excluded.
SHAMBLIN JULIE ANN,SHAMBLIN JULIE ANN,6.77,1,Missoula,5975 KEIL LOOP MISSOULA MT 59808-9072,broad_owner_fragment:AMB,"Keyword/fragment, identity-field, or proximity-only discovery signal.",Rejected / unrelated,rejected,No authoritative current relationship to Arthur Blank / AMB West; excluded.
BARTA JOSEPH & AMBER,BARTA JOSEPH AND AMBER,6.713,1,Fergus,237 BOOT JACK LN LEWISTOWN MT 59457-8888,broad_owner_fragment:AMB,"Keyword/fragment, identity-field, or proximity-only discovery signal.",Rejected / unrelated,rejected,No authoritative current relationship to Arthur Blank / AMB West; excluded.
ZSILAVETZ LINDA J TRUSTEE,ZSILAVETZ LINDA J TRUSTEE,6.673,2,Park,2815 FOREST AVE BERKELEY CA 94705-1308,geographic_within_one_mile; geography_stats:near=1;adjoining=0;min_m=659.8,"Keyword/fragment, identity-field, or proximity-only discovery signal.",Rejected / unrelated,rejected,No authoritative current relationship to Arthur Blank / AMB West; excluded.
QUESENBERRY MICHELLE M,QUESENBERRY MICHELLE M,6.667,1,Park,PO BOX 163 EMIGRANT MT 59027-0163,geographic_within_one_mile; geography_stats:near=1;adjoining=0;min_m=1000.4,"Keyword/fragment, identity-field, or proximity-only discovery signal.",Rejected / unrelated,rejected,No authoritative current relationship to Arthur Blank / AMB West; excluded.
HAMBRICK TRAVIS B & DAWN K,HAMBRICK TRAVIS B AND DAWN K,6.61,1,Ravalli,4487 HOOVER LN STEVENSVILLE MT 59870-6215,broad_owner_fragment:AMB,"Keyword/fragment, identity-field, or proximity-only discovery signal.",Rejected / unrelated,rejected,No authoritative current relationship to Arthur Blank / AMB West; excluded.
QUIMBY JUSTIN ROY & AMBER CATHERINE,QUIMBY JUSTIN ROY AND AMBER CATHERINE,6.5,1,Flathead,684 SNOW CAMP RD KALISPELL MT 59901-6993,broad_owner_fragment:AMB,"Keyword/fragment, identity-field, or proximity-only discovery signal.",Rejected / unrelated,rejected,No authoritative current relationship to Arthur Blank / AMB West; excluded.
BLACKFOOT CAMBRIDGE LLC,BLACKFOOT CAMBRIDGE LLC,6.43,1,Missoula,4905 34TH ST S STE 330 SAINT PETERSBURG FL 33711-4511,broad_owner_fragment:AMB,"Keyword/fragment, identity-field, or proximity-only discovery signal.",Rejected / unrelated,rejected,No authoritative current relationship to Arthur Blank / AMB West; excluded.
KAISER KIM K,KAISER KIM K,6.42,1,Park,PO BOX 742 YELLOWSTONE NATIONAL PARK WY 82190-0742,geographic_adjoining_or_within_10m; geographic_within_one_mile; geography_stats:near=1;adjoining=1;min_m=0.0,"Cadastral geometry adjoins a confirmed ranch, but no name/address/corporate evidence links it to AMB West.",Rejected / unrelated,rejected,Neighboring ownership is not beneficial ownership; distinct owner remains excluded.
THOMPSON MARGARET LOUISE,THOMPSON MARGARET LOUISE,6.418,1,Park,PO BOX 446 EMIGRANT MT 59027-0446,geographic_within_one_mile; geography_stats:near=1;adjoining=0;min_m=1227.3,"Keyword/fragment, identity-field, or proximity-only discovery signal.",Rejected / unrelated,rejected,No authoritative current relationship to Arthur Blank / AMB West; excluded.
BLANKENSHIP JAMES & RHEA,BLANKENSHIP JAMES AND RHEA,6.4,1,Ravalli,1930 HAYWIRE LN CORVALLIS MT 59828-9638,broad_owner_fragment:BLANK,"Keyword/fragment, identity-field, or proximity-only discovery signal.",Rejected / unrelated,rejected,No authoritative current relationship to Arthur Blank / AMB West; excluded.
SUBBARAO SHAMBAVI &,SUBBARAO SHAMBAVI AND,6.385,1,Carbon,3832 FOXFORD DR DORAVILLE GA 30340-4426,broad_owner_fragment:AMB,"Keyword/fragment, identity-field, or proximity-only discovery signal.",Rejected / unrelated,rejected,No authoritative current relationship to Arthur Blank / AMB West; excluded.
LEE MITCHELL G & AMBER M,LEE MITCHELL G AND AMBER M,6.35,1,Flathead,160 TRONSTAD RD KALISPELL MT 59901-9241,broad_owner_fragment:AMB,"Keyword/fragment, identity-field, or proximity-only discovery signal.",Rejected / unrelated,rejected,No authoritative current relationship to Arthur Blank / AMB West; excluded.
PACIFIC GAMBLE ROBINSON CO,PACIFIC GAMBLE ROBINSON CO,6.341,2,Yellowstone,PO BOX 30308 CHARLOTTE NC 28230-0308,broad_owner_fragment:AMB,"Keyword/fragment, identity-field, or proximity-only discovery signal.",Rejected / unrelated,rejected,No authoritative current relationship to Arthur Blank / AMB West; excluded.
COMMON PROPERTIES LLC,COMMON PROPERTIES LLC,6.303,4,Gallatin | Park | Silver Bow,514 N BLACK AVE BOZEMAN MT 59715-3613,geographic_adjoining_or_within_10m; geographic_within_one_mile; geography_stats:near=1;adjoining=1;min_m=0.0,"Cadastral geometry adjoins a confirmed ranch, but no name/address/corporate evidence links it to AMB West.",Rejected / unrelated,rejected,Neighboring ownership is not beneficial ownership; distinct owner remains excluded.
WYMAN CHARLES T,WYMAN CHARLES T,6.286,1,Park,PO BOX 1638 EMIGRANT MT 59027-1638,geographic_adjoining_or_within_10m; geographic_within_one_mile; geography_stats:near=1;adjoining=1;min_m=0.0,"Cadastral geometry adjoins a confirmed ranch, but no name/address/corporate evidence links it to AMB West.",Rejected / unrelated,rejected,Neighboring ownership is not beneficial ownership; distinct owner remains excluded.
ANDERSON STEWART TRUSTEE,ANDERSON STEWART TRUSTEE,6.283,2,Park,PO BOX 1125 EMIGRANT MT 59027-1125,geographic_adjoining_or_within_10m; geographic_within_one_mile; geography_stats:near=2;adjoining=2;min_m=0.0,"Cadastral geometry adjoins a confirmed ranch, but no name/address/corporate evidence links it to AMB West.",Rejected / unrelated,rejected,Neighboring ownership is not beneficial ownership; distinct owner remains excluded.
COUNTRYMAN AMBER & SCOTT,COUNTRYMAN AMBER AND SCOTT,6.267,1,Flathead,660 PATRICK CREEK RD KALISPELL MT 59901,broad_owner_fragment:AMB,"Keyword/fragment, identity-field, or proximity-only discovery signal.",Rejected / unrelated,rejected,No authoritative current relationship to Arthur Blank / AMB West; excluded.
HAMBLEN KENNETH R,HAMBLEN KENNETH R,6.206,2,Fergus | Ravalli,400 PARK AVE LEWISTOWN MT 59457-3237,broad_owner_fragment:AMB,"Keyword/fragment, identity-field, or proximity-only discovery signal.",Rejected / unrelated,rejected,No authoritative current relationship to Arthur Blank / AMB West; excluded.
LAMBERT KARA LOUISE & HOLLER ADAM FRANK JTRS,LAMBERT KARA LOUISE AND HOLLER ADAM FRANK JTRS,6.15,1,Powder River,PO BOX 313 BIDDLE MT 59314-0313,broad_owner_fragment:AMB,"Keyword/fragment, identity-field, or proximity-only discovery signal.",Rejected / unrelated,rejected,No authoritative current relationship to Arthur Blank / AMB West; excluded.
KAMBIC JOSEPH M,KAMBIC JOSEPH M,6.11,1,Powell,250 BENCH LN DEER LODGE MT 59722-9752,broad_owner_fragment:AMB,"Keyword/fragment, identity-field, or proximity-only discovery signal.",Rejected / unrelated,rejected,No authoritative current relationship to Arthur Blank / AMB West; excluded.
PINKSTON CATHY AMBER,PINKSTON CATHY AMBER,6.08,1,Jefferson,PO BOX 840 EAST HELENA MT 59635-0840,broad_owner_fragment:AMB,"Keyword/fragment, identity-field, or proximity-only discovery signal.",Rejected / unrelated,rejected,No authoritative current relationship to Arthur Blank / AMB West; excluded.
ROPER REID STERLING & AMBER LEE,ROPER REID STERLING AND AMBER LEE,6.01,1,Flathead,2954 RUFENACH LN KALISPELL MT 59901-6776,broad_owner_fragment:AMB,"Keyword/fragment, identity-field, or proximity-only discovery signal.",Rejected / unrelated,rejected,No authoritative current relationship to Arthur Blank / AMB West; excluded.
VANUDEN KEVIN & CASEY,VANUDEN KEVIN AND CASEY,6.0,1,Park,PO BOX 334 EMIGRANT MT 59027-0334,geographic_within_one_mile; geography_stats:near=1;adjoining=0;min_m=780.4,"Keyword/fragment, identity-field, or proximity-only discovery signal.",Rejected / unrelated,rejected,No authoritative current relationship to Arthur Blank / AMB West; excluded.
ANDERSON STEVEN J,ANDERSON STEVEN J,5.999,1,Park,PO BOX 371 EMIGRANT MT 59027-0371,geographic_adjoining_or_within_10m; geographic_within_one_mile; geography_stats:near=1;adjoining=1;min_m=0.0,"Cadastral geometry adjoins a confirmed ranch, but no name/address/corporate evidence links it to AMB West.",Rejected / unrelated,rejected,Neighboring ownership is not beneficial ownership; distinct owner remains excluded.
ROLFE IRENE M,ROLFE IRENE M,5.984,1,Park,PO BOX 356 EMIGRANT MT 59027-0356,geographic_adjoining_or_within_10m; geographic_within_one_mile; geography_stats:near=1;adjoining=1;min_m=0.0,"Cadastral geometry adjoins a confirmed ranch, but no name/address/corporate evidence links it to AMB West.",Rejected / unrelated,rejected,Neighboring ownership is not beneficial ownership; distinct owner remains excluded.
MASTERS NICOLE RAEL,MASTERS NICOLE RAEL,5.95,1,Park,11 PINE CREEK RD LIVINGSTON MT 59047-9118,geographic_within_one_mile; geography_stats:near=1;adjoining=0;min_m=104.4,"Keyword/fragment, identity-field, or proximity-only discovery signal.",Rejected / unrelated,rejected,No authoritative current relationship to Arthur Blank / AMB West; excluded.
MEIER JEFFREY,MEIER JEFFREY,5.947,1,Park,5033 WOODVINE CIR BILLINGS MT 59106-2802,geographic_within_one_mile; geography_stats:near=1;adjoining=0;min_m=116.1,"Keyword/fragment, identity-field, or proximity-only discovery signal.",Rejected / unrelated,rejected,No authoritative current relationship to Arthur Blank / AMB West; excluded.
BEDDOME DAVID W,BEDDOME DAVID W,5.941,1,Lincoln,17 WANDERING RILL IRVINE CA 92603-3430,broad_owner_fragment:DOME,"Keyword/fragment, identity-field, or proximity-only discovery signal.",Rejected / unrelated,rejected,No authoritative current relationship to Arthur Blank / AMB West; excluded.
ARCHAMBEAU DAVID JUSTIN,ARCHAMBEAU DAVID JUSTIN,5.91,1,Sanders,20907 HAWTHORNE ST HARPER WOODS MI 48225-1133,broad_owner_fragment:AMB,"Keyword/fragment, identity-field, or proximity-only discovery signal.",Rejected / unrelated,rejected,No authoritative current relationship to Arthur Blank / AMB West; excluded.
CHAMBERLAIN NICHOLAS & SHANNON,CHAMBERLAIN NICHOLAS AND SHANNON,5.89,1,Flathead,90 MOUNTAIN MEADOW CT KALISPELL MT 59901-6597,broad_owner_fragment:AMB,"Keyword/fragment, identity-field, or proximity-only discovery signal.",Rejected / unrelated,rejected,No authoritative current relationship to Arthur Blank / AMB West; excluded.
NORTH LAMB LANE SUBDIVISION HOA,NORTH LAMB LANE SUBDIVISION HOA,5.876,1,Flathead,PO BOX 4147 WHITEFISH MT 59937-4147,broad_owner_fragment:AMB,"Keyword/fragment, identity-field, or proximity-only discovery signal.",Rejected / unrelated,rejected,No authoritative current relationship to Arthur Blank / AMB West; excluded.
GAMBEE MAX ANDERS & BRIANNA SARA,GAMBEE MAX ANDERS AND BRIANNA SARA,5.85,1,Ravalli,405 N 3RD ST HAMILTON MT 59840-2407,broad_owner_fragment:AMB,"Keyword/fragment, identity-field, or proximity-only discovery signal.",Rejected / unrelated,rejected,No authoritative current relationship to Arthur Blank / AMB West; excluded.
ALFRESCA TRUST,ALFRESCA TRUST,5.845,1,Park,40 SPANISH PEAK DR # 101-30 BOZEMAN MT 59718-6940,geographic_adjoining_or_within_10m; geographic_within_one_mile; geography_stats:near=1;adjoining=1;min_m=0.0,"Cadastral geometry adjoins a confirmed ranch, but no name/address/corporate evidence links it to AMB West.",Rejected / unrelated,rejected,Neighboring ownership is not beneficial ownership; distinct owner remains excluded.
LAMB PAUL A & YVONNE M,LAMB PAUL A AND YVONNE M,5.831,2,Flathead,1341 PRAIRIE VIEW RD WHITEFISH MT 59937 | 245 BENCH RUN COLUMBIA FALLS MT 59912-3979,broad_owner_fragment:AMB,"Keyword/fragment, identity-field, or proximity-only discovery signal.",Rejected / unrelated,rejected,No authoritative current relationship to Arthur Blank / AMB West; excluded.
PIKE CHRISTIAN D & AMBER R,PIKE CHRISTIAN D AND AMBER R,5.824,1,Ravalli,425 N KOOTENAI CREEK RD STEVENSVILLE MT 59870-6450,broad_owner_fragment:AMB,"Keyword/fragment, identity-field, or proximity-only discovery signal.",Rejected / unrelated,rejected,No authoritative current relationship to Arthur Blank / AMB West; excluded.
CAMBRIDGE VENTURES LLC,CAMBRIDGE VENTURES LLC,5.78,2,Ravalli,460 BLODGETT CAMP RD HAMILTON MT 59840-9315,broad_owner_fragment:AMB,"Keyword/fragment, identity-field, or proximity-only discovery signal.",Rejected / unrelated,rejected,No authoritative current relationship to Arthur Blank / AMB West; excluded.
DRISLANE DANIEL J,DRISLANE DANIEL J,5.776,1,Park,PO BOX 1028 EMIGRANT MT 59027-1028,geographic_within_one_mile; geography_stats:near=1;adjoining=0;min_m=671.4,"Keyword/fragment, identity-field, or proximity-only discovery signal.",Rejected / unrelated,rejected,No authoritative current relationship to Arthur Blank / AMB West; excluded.
LAMB STEVEN & LOLA JEAN,LAMB STEVEN AND LOLA JEAN,5.747,1,Lincoln,4737 W 3300 S WEST HAVEN UT 84401-9660,broad_owner_fragment:AMB,"Keyword/fragment, identity-field, or proximity-only discovery signal.",Rejected / unrelated,rejected,No authoritative current relationship to Arthur Blank / AMB West; excluded.
CHAMBERLAIN ERIN M & DOROTHY L,CHAMBERLAIN ERIN M AND DOROTHY L,5.7,1,Missoula,16321 TWINKLE LN FRENCHTOWN MT 59834-9660,broad_owner_fragment:AMB,"Keyword/fragment, identity-field, or proximity-only discovery signal.",Rejected / unrelated,rejected,No authoritative current relationship to Arthur Blank / AMB West; excluded.
CHAMBERLAIN JAMIE A & TERESA,CHAMBERLAIN JAMIE A AND TERESA,5.661,2,Dawson,76 DRY CREEK RD GLENDIVE MT 59330 | 76 DRY CREEK ROAD GLENDIVE MT 59330,broad_owner_fragment:AMB,"Keyword/fragment, identity-field, or proximity-only discovery signal.",Rejected / unrelated,rejected,No authoritative current relationship to Arthur Blank / AMB West; excluded.
CHAMBERLAIN NICK & SHANNON,CHAMBERLAIN NICK AND SHANNON,5.609,1,Lincoln,90 MOUNTAIN MEADOW CT KALISPELL MT 59901-6597,broad_owner_fragment:AMB,"Keyword/fragment, identity-field, or proximity-only discovery signal.",Rejected / unrelated,rejected,No authoritative current relationship to Arthur Blank / AMB West; excluded.
CHAMBERS DAVID L & MARSHA L TRUSTEE AND,CHAMBERS DAVID L AND MARSHA L TRUSTEE AND,5.58,1,Ravalli,1715 E FORK RD SULA MT 59871-9724,broad_owner_fragment:AMB,"Keyword/fragment, identity-field, or proximity-only discovery signal.",Rejected / unrelated,rejected,No authoritative current relationship to Arthur Blank / AMB West; excluded.
LUNDBERG AMBER LEE,LUNDBERG AMBER LEE,5.58,1,Missoula,21015 TIGER LN FLORENCE MT 59833-6058,broad_owner_fragment:AMB,"Keyword/fragment, identity-field, or proximity-only discovery signal.",Rejected / unrelated,rejected,No authoritative current relationship to Arthur Blank / AMB West; excluded.
CHAMBERS GEORGE B JR & DENISE A,CHAMBERS GEORGE B JR AND DENISE A,5.577,1,Stillwater,PO BOX 3 FISHTAIL MT 59028-0003,broad_owner_fragment:AMB,"Keyword/fragment, identity-field, or proximity-only discovery signal.",Rejected / unrelated,rejected,No authoritative current relationship to Arthur Blank / AMB West; excluded.
PARADISE VALLEY MEMORIAL GARDENS LTD,PARADISE VALLEY MEMORIAL GARDENS LTD,5.543,1,Park,861 S DESERT CANYON WAY KINGMAN AZ 86401-4385,broad_owner_fragment:PARADISE,"Keyword/fragment, identity-field, or proximity-only discovery signal.",Rejected / unrelated,rejected,No authoritative current relationship to Arthur Blank / AMB West; excluded.
MEAMBER GEORGE B & TAMMY M,MEAMBER GEORGE B AND TAMMY M,5.54,1,Ravalli,PO BOX 1741 HAMILTON MT 59840-1741,broad_owner_fragment:AMB,"Keyword/fragment, identity-field, or proximity-only discovery signal.",Rejected / unrelated,rejected,No authoritative current relationship to Arthur Blank / AMB West; excluded.
MOONEY JOSIAH & AMBER J,MOONEY JOSIAH AND AMBER J,5.54,2,Flathead,175 HUTTON RANCH RD STE 103 KALISPELL MT 59901-2142,broad_owner_fragment:AMB,"Keyword/fragment, identity-field, or proximity-only discovery signal.",Rejected / unrelated,rejected,No authoritative current relationship to Arthur Blank / AMB West; excluded.
CHAMBERS LEON,CHAMBERS LEON,5.505,5,Missoula,PO BOX 576 MISSOULA MT 59806-0576,broad_owner_fragment:AMB,"Keyword/fragment, identity-field, or proximity-only discovery signal.",Rejected / unrelated,rejected,No authoritative current relationship to Arthur Blank / AMB West; excluded.
"LAMBRECHT, PAXTON V & SARA",LAMBRECHT PAXTON V AND SARA,5.5,1,Yellowstone,4859 CHICAGO RD BILLINGS MT 59105-5043,broad_owner_fragment:AMB,"Keyword/fragment, identity-field, or proximity-only discovery signal.",Rejected / unrelated,rejected,No authoritative current relationship to Arthur Blank / AMB West; excluded.
CHAMBERS JENNY R,CHAMBERS JENNY R,5.496,1,Lewis and Clark,6053 SHADY PINES RD HELENA MT 59601-6688,broad_owner_fragment:AMB,"Keyword/fragment, identity-field, or proximity-only discovery signal.",Rejected / unrelated,rejected,No authoritative current relationship to Arthur Blank / AMB West; excluded.
LAMBERT DANIEL THOMAS &,LAMBERT DANIEL THOMAS AND,5.49,1,Granite,1135 CALEDONIA ST BUTTE MT 59701-9079,broad_owner_fragment:AMB,"Keyword/fragment, identity-field, or proximity-only discovery signal.",Rejected / unrelated,rejected,No authoritative current relationship to Arthur Blank / AMB West; excluded.
AMBRAMAVAGE AJ,AMBRAMAVAGE AJ,5.46,1,Missoula,1018 MEADOW LN ALBERTON MT 59820-9408,broad_owner_fragment:AMB,"Keyword/fragment, identity-field, or proximity-only discovery signal.",Rejected / unrelated,rejected,No authoritative current relationship to Arthur Blank / AMB West; excluded.
MAKI TERRENCE WAYNE JR & AMBER DELAINE,MAKI TERRENCE WAYNE JR AND AMBER DELAINE,5.43,1,Ravalli,5591 BRIDLEPATH LN FLORENCE MT 59833-6663,broad_owner_fragment:AMB,"Keyword/fragment, identity-field, or proximity-only discovery signal.",Rejected / unrelated,rejected,No authoritative current relationship to Arthur Blank / AMB West; excluded.
STEPHENSON REVOCABLE FAMILY LIVING TRUST,STEPHENSON REVOCABLE FAMILY LIVING TRUST,5.425,1,Park,26 SAPPHIRE FLAT TRL LIVINGSTON MT 59047-8848,geographic_within_one_mile; geography_stats:near=1;adjoining=0;min_m=1569.3,"Keyword/fragment, identity-field, or proximity-only discovery signal.",Rejected / unrelated,rejected,No authoritative current relationship to Arthur Blank / AMB West; excluded.
CHURCH OF GOD OF PARADISE,CHURCH OF GOD OF PARADISE,5.418,2,Sanders,PO BOX 7 PARADISE MT 59856-0007,broad_owner_fragment:PARADISE,"Keyword/fragment, identity-field, or proximity-only discovery signal.",Rejected / unrelated,rejected,No authoritative current relationship to Arthur Blank / AMB West; excluded.
HENRY JEFFREY C & HENRY ROBERTA P,HENRY JEFFREY C AND HENRY ROBERTA P,5.411,1,Park,171 E RIVER RD EMIGRANT MT 59027-6103,geographic_within_one_mile; geography_stats:near=1;adjoining=0;min_m=90.6,"Keyword/fragment, identity-field, or proximity-only discovery signal.",Rejected / unrelated,rejected,No authoritative current relationship to Arthur Blank / AMB West; excluded.
BLANK RAYMOND M,BLANK RAYMOND M,5.408,3,Cascade | Judith Basin,PO BOX 273 STANFORD MT 59479-0273,broad_owner_fragment:BLANK,"Keyword/fragment, identity-field, or proximity-only discovery signal.",Rejected / unrelated,rejected,No authoritative current relationship to Arthur Blank / AMB West; excluded.
KAMBICH CARL &,KAMBICH CARL AND,5.38,1,Silver Bow,10 EDWARDS ADDITION WHITEHALL MT 59759-8626,broad_owner_fragment:AMB,"Keyword/fragment, identity-field, or proximity-only discovery signal.",Rejected / unrelated,rejected,No authoritative current relationship to Arthur Blank / AMB West; excluded.
HORNTVEDT AMBER & BRYSON,HORNTVEDT AMBER AND BRYSON,5.378,1,Fergus,134 LONE PINE LN LEWISTOWN MT 59457-4928,broad_owner_fragment:AMB,"Keyword/fragment, identity-field, or proximity-only discovery signal.",Rejected / unrelated,rejected,No authoritative current relationship to Arthur Blank / AMB West; excluded.
KAISER KIM K & KERRY P,KAISER KIM K AND KERRY P,5.369,1,Park,PO BOX 742 YELLOWSTONE NATIONAL PARK WY 82190-0742,geographic_adjoining_or_within_10m; geographic_within_one_mile; geography_stats:near=1;adjoining=1;min_m=0.0,"Cadastral geometry adjoins a confirmed ranch, but no name/address/corporate evidence links it to AMB West.",Rejected / unrelated,rejected,Neighboring ownership is not beneficial ownership; distinct owner remains excluded.
LAMBERT MONTY W,LAMBERT MONTY W,5.33,1,Missoula,17960 BEARGRASS MOUNTAIN RD MISSOULA MT 59808-9464,broad_owner_fragment:AMB,"Keyword/fragment, identity-field, or proximity-only discovery signal.",Rejected / unrelated,rejected,No authoritative current relationship to Arthur Blank / AMB West; excluded.
YELLOW RIVER LLC,YELLOW RIVER LLC,5.33,1,Park,PO BOX 3131 KALISPELL MT 59903-3131,geographic_within_one_mile; geography_stats:near=1;adjoining=0;min_m=74.3,"Keyword/fragment, identity-field, or proximity-only discovery signal.",Rejected / unrelated,rejected,No authoritative current relationship to Arthur Blank / AMB West; excluded.
CAMERON JOHN &,CAMERON JOHN AND,5.239,1,Park,PO BOX 278 EMIGRANT MT 59027-0278,geographic_within_one_mile; geography_stats:near=1;adjoining=0;min_m=174.2,"Keyword/fragment, identity-field, or proximity-only discovery signal.",Rejected / unrelated,rejected,No authoritative current relationship to Arthur Blank / AMB West; excluded.
RAMBO PATRICIA ANN,RAMBO PATRICIA ANN,5.217,1,Lincoln,PO BOX 201 LIBBY MT 59923-0201,broad_owner_fragment:AMB,"Keyword/fragment, identity-field, or proximity-only discovery signal.",Rejected / unrelated,rejected,No authoritative current relationship to Arthur Blank / AMB West; excluded.
COTTRELL  PRESTON H JR & JAMI J,COTTRELL PRESTON H JR AND JAMI J,5.205,1,Park,19 AQUILA LN EMIGRANT MT 59027-6091,geographic_adjoining_or_within_10m; geographic_within_one_mile; geography_stats:near=1;adjoining=1;min_m=0.0,"Cadastral geometry adjoins a confirmed ranch, but no name/address/corporate evidence links it to AMB West.",Rejected / unrelated,rejected,Neighboring ownership is not beneficial ownership; distinct owner remains excluded.
DOWNING MATTHEW L & AMBER J,DOWNING MATTHEW L AND AMBER J,5.2,1,Flathead,100 CANOLA RD KALISPELL MT 59901-9142,broad_owner_fragment:AMB,"Keyword/fragment, identity-field, or proximity-only discovery signal.",Rejected / unrelated,rejected,No authoritative current relationship to Arthur Blank / AMB West; excluded.
CHAMBERS DAVID L & MARSHA L TRUSTEE,CHAMBERS DAVID L AND MARSHA L TRUSTEE,5.18,1,Ravalli,1715 E FORK RD SULA MT 59871-9724,broad_owner_fragment:AMB,"Keyword/fragment, identity-field, or proximity-only discovery signal.",Rejected / unrelated,rejected,No authoritative current relationship to Arthur Blank / AMB West; excluded.
KLINEFELTER ERIC J & AMBER K,KLINEFELTER ERIC J AND AMBER K,5.172,2,Cascade,35 HIGHWOOD DR GREAT FALLS MT 59404-6444,broad_owner_fragment:AMB,"Keyword/fragment, identity-field, or proximity-only discovery signal.",Rejected / unrelated,rejected,No authoritative current relationship to Arthur Blank / AMB West; excluded.
LAMB NICHOLAS R,LAMB NICHOLAS R,5.1,1,Flathead,2957 RUFENACH LN KALISPELL MT 59901-6776,broad_owner_fragment:AMB,"Keyword/fragment, identity-field, or proximity-only discovery signal.",Rejected / unrelated,rejected,No authoritative current relationship to Arthur Blank / AMB West; excluded.
RAMBOW DOUGLAS L & CHRISTINE E,RAMBOW DOUGLAS L AND CHRISTINE E,5.09,1,Lake,7778 TWIN LAKES DR MORROW OH 45152-8393,broad_owner_fragment:AMB,"Keyword/fragment, identity-field, or proximity-only discovery signal.",Rejected / unrelated,rejected,No authoritative current relationship to Arthur Blank / AMB West; excluded.
ROBERTS CLAIR A,ROBERTS CLAIR A,5.089,1,Park,189 E RIVER RD EMIGRANT MT 59027-6103,geographic_within_one_mile; geography_stats:near=1;adjoining=0;min_m=59.0,"Keyword/fragment, identity-field, or proximity-only discovery signal.",Rejected / unrelated,rejected,No authoritative current relationship to Arthur Blank / AMB West; excluded.
"LAMBERT, STANLEY A & JANET I",LAMBERT STANLEY A AND JANET I,5.083,4,Yellowstone,504 PICKENS RD HUNTLEY MT 59037-9016,broad_owner_fragment:AMB,"Keyword/fragment, identity-field, or proximity-only discovery signal.",Rejected / unrelated,rejected,No authoritative current relationship to Arthur Blank / AMB West; excluded.
COULTER PATRICK M & AMBER L,COULTER PATRICK M AND AMBER L,5.07,1,Ravalli,5578 BRIDLEPATH LN FLORENCE MT 59833-6663,broad_owner_fragment:AMB,"Keyword/fragment, identity-field, or proximity-only discovery signal.",Rejected / unrelated,rejected,No authoritative current relationship to Arthur Blank / AMB West; excluded.
LARSEN GEORGE A & CAMILLE J,LARSEN GEORGE A AND CAMILLE J,5.067,1,Park,PO BOX 1182 EMIGRANT MT 59027-1182,geographic_within_one_mile; geography_stats:near=1;adjoining=0;min_m=848.1,"Keyword/fragment, identity-field, or proximity-only discovery signal.",Rejected / unrelated,rejected,No authoritative current relationship to Arthur Blank / AMB West; excluded.
LAMBERT ALYSHA,LAMBERT ALYSHA,5.066,1,Missoula,11250 FRED LN MISSOULA MT 59808-9112,broad_owner_fragment:AMB,"Keyword/fragment, identity-field, or proximity-only discovery signal.",Rejected / unrelated,rejected,No authoritative current relationship to Arthur Blank / AMB West; excluded.
BLANKENSHIP DWANE,BLANKENSHIP DWANE,5.056,2,Lewis and Clark,629 RIVERVIEW DR E GREAT FALLS MT 59404-1636,broad_owner_fragment:BLANK,"Keyword/fragment, identity-field, or proximity-only discovery signal.",Rejected / unrelated,rejected,No authoritative current relationship to Arthur Blank / AMB West; excluded.
COOPER TJ & AMBER,COOPER TJ AND AMBER,5.04,1,Flathead,285 FIELDSTONE DR KALISPELL MT 59901-4846,broad_owner_fragment:AMB,"Keyword/fragment, identity-field, or proximity-only discovery signal.",Rejected / unrelated,rejected,No authoritative current relationship to Arthur Blank / AMB West; excluded.
GAMBOA DAVENN PAUL,GAMBOA DAVENN PAUL,5.036,1,Lake,1706 PEACOCK LN FULLERTON CA 92833-2244,broad_owner_fragment:AMB,"Keyword/fragment, identity-field, or proximity-only discovery signal.",Rejected / unrelated,rejected,No authoritative current relationship to Arthur Blank / AMB West; excluded.
HEIDEGGER ANDREW ALBERT & CAMBRIE MAE,HEIDEGGER ANDREW ALBERT AND CAMBRIE MAE,5.036,1,Lake,PO BOX 130 ELMO MT 59915-0130,broad_owner_fragment:AMB,"Keyword/fragment, identity-field, or proximity-only discovery signal.",Rejected / unrelated,rejected,No authoritative current relationship to Arthur Blank / AMB West; excluded.
BARONE AMBER A,BARONE AMBER A,5.03,1,Lincoln,35 AMBER LN DILLON MT 59725-9400,broad_owner_fragment:AMB,"Keyword/fragment, identity-field, or proximity-only discovery signal.",Rejected / unrelated,rejected,No authoritative current relationship to Arthur Blank / AMB West; excluded.
CONNISTON AMBER ANN,CONNISTON AMBER ANN,5.03,1,Missoula,17500 BRASS LN FRENCHTOWN MT 59834-9802,broad_owner_fragment:AMB,"Keyword/fragment, identity-field, or proximity-only discovery signal.",Rejected / unrelated,rejected,No authoritative current relationship to Arthur Blank / AMB West; excluded.
LAMB ROBERT C III & AMY K,LAMB ROBERT C III AND AMY K,5.03,1,Broadwater,915 SARATOGA DR ALLEN TX 75013-4816,broad_owner_fragment:AMB,"Keyword/fragment, identity-field, or proximity-only discovery signal.",Rejected / unrelated,rejected,No authoritative current relationship to Arthur Blank / AMB West; excluded.
SLOAN AMBER,SLOAN AMBER,5.03,1,Flathead,148 LOBO TRL KALISPELL MT 59901-8619,broad_owner_fragment:AMB,"Keyword/fragment, identity-field, or proximity-only discovery signal.",Rejected / unrelated,rejected,No authoritative current relationship to Arthur Blank / AMB West; excluded.
SLOAN AMBER L & BRIAN L,SLOAN AMBER L AND BRIAN L,5.03,1,Flathead,148 LOBO TRL KALISPELL MT 59901-8619,broad_owner_fragment:AMB,"Keyword/fragment, identity-field, or proximity-only discovery signal.",Rejected / unrelated,rejected,No authoritative current relationship to Arthur Blank / AMB West; excluded.
GUAY GREGORY L & PAULA T,GUAY GREGORY L AND PAULA T,5.028,1,Park,27 SAPPHIRE FLAT TRL LIVINGSTON MT 59047-8848,geographic_within_one_mile; geography_stats:near=1;adjoining=0;min_m=1406.6,"Keyword/fragment, identity-field, or proximity-only discovery signal.",Rejected / unrelated,rejected,No authoritative current relationship to Arthur Blank / AMB West; excluded.
AMBROSE FAMILY TRUST DECENDENTS TRUST B,AMBROSE FAMILY TRUST DECENDENTS TRUST B,5.02,1,Flathead,445 SIRUCEK LN KALISPELL MT 59901-6828,broad_owner_fragment:AMB,"Keyword/fragment, identity-field, or proximity-only discovery signal.",Rejected / unrelated,rejected,No authoritative current relationship to Arthur Blank / AMB West; excluded.
KNUTSON JEFFERY J & AMBER B,KNUTSON JEFFERY J AND AMBER B,5.02,1,Flathead,PO BOX 1073 KALISPELL MT 59903-1073,broad_owner_fragment:AMB,"Keyword/fragment, identity-field, or proximity-only discovery signal.",Rejected / unrelated,rejected,No authoritative current relationship to Arthur Blank / AMB West; excluded.
ROBBINS MICHAEL & AMBER M,ROBBINS MICHAEL AND AMBER M,5.02,1,Lewis and Clark,1872 WOOTEN RD HELENA MT 59602-9296,broad_owner_fragment:AMB,"Keyword/fragment, identity-field, or proximity-only discovery signal.",Rejected / unrelated,rejected,No authoritative current relationship to Arthur Blank / AMB West; excluded.
JOHNSON AMBER,JOHNSON AMBER,5.01,1,Sanders,PO BOX 71 DIXON MT 59831-0071,broad_owner_fragment:AMB,"Keyword/fragment, identity-field, or proximity-only discovery signal.",Rejected / unrelated,rejected,No authoritative current relationship to Arthur Blank / AMB West; excluded.
LANDIS AMBER DAWN,LANDIS AMBER DAWN,5.01,1,Flathead,620 HIDDEN VALLEY DR WHITEFISH MT 59937-8496,broad_owner_fragment:AMB,"Keyword/fragment, identity-field, or proximity-only discovery signal.",Rejected / unrelated,rejected,No authoritative current relationship to Arthur Blank / AMB West; excluded.
MORTON ANDREW C & AMBER R,MORTON ANDREW C AND AMBER R,5.007,1,Gallatin,PO BOX 160298 BIG SKY MT 59716-0298,broad_owner_fragment:AMB,"Keyword/fragment, identity-field, or proximity-only discovery signal.",Rejected / unrelated,rejected,No authoritative current relationship to Arthur Blank / AMB West; excluded.
LIN MEI &,LIN MEI AND,5.004,1,Park,747 N. SEDWICK ST # 2N CHICAGO IL 60654,geographic_within_one_mile; geography_stats:near=1;adjoining=0;min_m=731.6,"Keyword/fragment, identity-field, or proximity-only discovery signal.",Rejected / unrelated,rejected,No authoritative current relationship to Arthur Blank / AMB West; excluded.
BLANK BRANDON E &,BLANK BRANDON E AND,5.001,1,Lewis and Clark,6150 ROSENDALE RD EAST HELENA MT 59635-9774,broad_owner_fragment:BLANK,"Keyword/fragment, identity-field, or proximity-only discovery signal.",Rejected / unrelated,rejected,No authoritative current relationship to Arthur Blank / AMB West; excluded.
AMBROSE JERRY D & GAIL F,AMBROSE JERRY D AND GAIL F,5.0,1,Lincoln,PO BOX 846 EUREKA MT 59917-0846,broad_owner_fragment:AMB,"Keyword/fragment, identity-field, or proximity-only discovery signal.",Rejected / unrelated,rejected,No authoritative current relationship to Arthur Blank / AMB West; excluded.
BASSETT MARK J,BASSETT MARK J,5.0,1,Park,PO BOX 1975 LIVINGSTON MT 59047-4705,geographic_within_one_mile; geography_stats:near=1;adjoining=0;min_m=1155.4,"Keyword/fragment, identity-field, or proximity-only discovery signal.",Rejected / unrelated,rejected,No authoritative current relationship to Arthur Blank / AMB West; excluded.
BLANK HOLLY MATZ-,BLANK HOLLY MATZ,5.0,1,Lewis and Clark,6150 ROSENDALE RD EAST HELENA MT 59635-9774,broad_owner_fragment:BLANK,"Keyword/fragment, identity-field, or proximity-only discovery signal.",Rejected / unrelated,rejected,No authoritative current relationship to Arthur Blank / AMB West; excluded.
BLANKENSHIP JAMIE,BLANKENSHIP JAMIE,5.0,1,Ravalli,1953 NORTH BURR RD VICTOR MT 59875-9202,broad_owner_fragment:BLANK,"Keyword/fragment, identity-field, or proximity-only discovery signal.",Rejected / unrelated,rejected,No authoritative current relationship to Arthur Blank / AMB West; excluded.
BLODGETT RICHARD M & AMBER L,BLODGETT RICHARD M AND AMBER L,5.0,1,Cascade,201 SUN LOOP LN GREAT FALLS MT 59404-6232,broad_owner_fragment:AMB,"Keyword/fragment, identity-field, or proximity-only discovery signal.",Rejected / unrelated,rejected,No authoritative current relationship to Arthur Blank / AMB West; excluded.
CARLSON AMBER G &,CARLSON AMBER G AND,5.0,1,Lewis and Clark,2915 FANTASY RD HELENA MT 59602-9159,broad_owner_fragment:AMB,"Keyword/fragment, identity-field, or proximity-only discovery signal.",Rejected / unrelated,rejected,No authoritative current relationship to Arthur Blank / AMB West; excluded.
CHAMBERLAIN MARK B & LINDA K,CHAMBERLAIN MARK B AND LINDA K,5.0,1,Broadwater,3181 MT HIGHWAY 284 TOWNSEND MT 59644-9623,broad_owner_fragment:AMB,"Keyword/fragment, identity-field, or proximity-only discovery signal.",Rejected / unrelated,rejected,No authoritative current relationship to Arthur Blank / AMB West; excluded.
CHAMBERS MATTHEW & JENNY,CHAMBERS MATTHEW AND JENNY,5.0,1,Lewis and Clark,6053 SHADY PINES RD HELENA MT 59601-6688,broad_owner_fragment:AMB,"Keyword/fragment, identity-field, or proximity-only discovery signal.",Rejected / unrelated,rejected,No authoritative current relationship to Arthur Blank / AMB West; excluded.
EVERETT JAMES W JR & LESLIE,EVERETT JAMES W JR AND LESLIE,5.0,1,Park,PO BOX 662 GARDINER MT 59030-0662,geographic_within_one_mile; geography_stats:near=1;adjoining=0;min_m=136.5,"Keyword/fragment, identity-field, or proximity-only discovery signal.",Rejected / unrelated,rejected,No authoritative current relationship to Arthur Blank / AMB West; excluded.
FONTEYNE STEVEN LORNE & AMBER LYN,FONTEYNE STEVEN LORNE AND AMBER LYN,5.0,1,Lake,60200 WATSON RD SAINT IGNATIUS MT 59865-9186,broad_owner_fragment:AMB,"Keyword/fragment, identity-field, or proximity-only discovery signal.",Rejected / unrelated,rejected,No authoritative current relationship to Arthur Blank / AMB West; excluded.
HEBGEN PARADISE LODGE LLC,HEBGEN PARADISE LODGE LLC,5.0,1,Gallatin,8717 OKUBO DR WEST JORDAN UT 84088,broad_owner_fragment:PARADISE,"Keyword/fragment, identity-field, or proximity-only discovery signal.",Rejected / unrelated,rejected,No authoritative current relationship to Arthur Blank / AMB West; excluded.
LAMB BENJAMIN & DANA MICHELLE,LAMB BENJAMIN AND DANA MICHELLE,5.0,1,Cascade,3108 68TH AVE SW OLYMPIA WA 98512-7906,broad_owner_fragment:AMB,"Keyword/fragment, identity-field, or proximity-only discovery signal.",Rejected / unrelated,rejected,No authoritative current relationship to Arthur Blank / AMB West; excluded.
LAMB LIVING TRUST EUGENE R,LAMB LIVING TRUST EUGENE R,5.0,1,Flathead,1535 KARROW AVE WHITEFISH MT 59937-8246,broad_owner_fragment:AMB,"Keyword/fragment, identity-field, or proximity-only discovery signal.",Rejected / unrelated,rejected,No authoritative current relationship to Arthur Blank / AMB West; excluded.
LAMBERSON REVOCABLE TRUST LEAH & JESSE,LAMBERSON REVOCABLE TRUST LEAH AND JESSE,5.0,1,Flathead,LEAH & JESSE LAMBERSON PO BOX 1616 COLUMBIA FALLS MT 59912-1616,broad_owner_fragment:AMB,"Keyword/fragment, identity-field, or proximity-only discovery signal.",Rejected / unrelated,rejected,No authoritative current relationship to Arthur Blank / AMB West; excluded.
LAMBERT CO SEWER & WATER DIST,LAMBERT CO SEWER AND WATER DIST,5.0,1,Richland,PO BOX 3 LAMBERT MT 59243-0003,broad_owner_fragment:AMB,"Keyword/fragment, identity-field, or proximity-only discovery signal.",Rejected / unrelated,rejected,No authoritative current relationship to Arthur Blank / AMB West; excluded.
LAMBERT STEVEN J ETAL,LAMBERT STEVEN J ETAL,5.0,1,Lewis and Clark,409 HIOLANI ST MAKAWAO HI 96768-8424,broad_owner_fragment:AMB,"Keyword/fragment, identity-field, or proximity-only discovery signal.",Rejected / unrelated,rejected,No authoritative current relationship to Arthur Blank / AMB West; excluded.
LAMBIASE CHRISTOPHER A & DONNA M TRUSTEES,LAMBIASE CHRISTOPHER A AND DONNA M TRUSTEES,5.0,1,Ravalli,564 DOUBLETREE LN FLORENCE MT 59833-6901,broad_owner_fragment:AMB,"Keyword/fragment, identity-field, or proximity-only discovery signal.",Rejected / unrelated,rejected,No authoritative current relationship to Arthur Blank / AMB West; excluded.
LICHT RYAN D & AMBER R,LICHT RYAN D AND AMBER R,5.0,1,Cascade,143 SUN PRAIRIE RD GREAT FALLS MT 59404-6234,broad_owner_fragment:AMB,"Keyword/fragment, identity-field, or proximity-only discovery signal.",Rejected / unrelated,rejected,No authoritative current relationship to Arthur Blank / AMB West; excluded.
"PIERCE, AMBER L",PIERCE AMBER L,5.0,1,Flathead,PO BOX 5315 KALISPELL MT 59903-5315,broad_owner_fragment:AMB,"Keyword/fragment, identity-field, or proximity-only discovery signal.",Rejected / unrelated,rejected,No authoritative current relationship to Arthur Blank / AMB West; excluded.
RAMBERG PETER R,RAMBERG PETER R,5.0,1,Ravalli,S8338 ORIOLE DR EAU CLAIRE WI 54701-8547,broad_owner_fragment:AMB,"Keyword/fragment, identity-field, or proximity-only discovery signal.",Rejected / unrelated,rejected,No authoritative current relationship to Arthur Blank / AMB West; excluded.
RAMBUR DAVID J & BEKKI T,RAMBUR DAVID J AND BEKKI T,5.0,1,Fallon,PO BOX 802 BAKER MT 59313-0802,broad_owner_fragment:AMB,"Keyword/fragment, identity-field, or proximity-only discovery signal.",Rejected / unrelated,rejected,No authoritative current relationship to Arthur Blank / AMB West; excluded.
RED CREEK RANCH LLC,RED CREEK RANCH LLC,5.0,1,Gallatin,8791 S REDWOOD RD STE 150 WEST JORDAN UT 84088-5725,fuzzy_name:WEST CREEK RANCH LLC:0.872,Fuzzy name similarity only.,Rejected / unrelated,rejected,"Candidate discovery signal lacks address, geography and ownership corroboration."
TAMBURELLI JOE,TAMBURELLI JOE,5.0,1,Flathead,900 WOODLAND RD COLUMBIA FALLS MT 59912-8886,broad_owner_fragment:AMB,"Keyword/fragment, identity-field, or proximity-only discovery signal.",Rejected / unrelated,rejected,No authoritative current relationship to Arthur Blank / AMB West; excluded.
TARVER JOHN G & AMBER D,TARVER JOHN G AND AMBER D,5.0,1,Cascade,6600 58TH ST SW GREAT FALLS MT 59404-5004,broad_owner_fragment:AMB,"Keyword/fragment, identity-field, or proximity-only discovery signal.",Rejected / unrelated,rejected,No authoritative current relationship to Arthur Blank / AMB West; excluded.
ULRICH THOMAS C & CAMBRIA,ULRICH THOMAS C AND CAMBRIA,5.0,1,Lake,PO BOX 366 BIGFORK MT 59911-0366,broad_owner_fragment:AMB,"Keyword/fragment, identity-field, or proximity-only discovery signal.",Rejected / unrelated,rejected,No authoritative current relationship to Arthur Blank / AMB West; excluded.
"WAMBEKE, CHRISTOPHER & BRANDEE",WAMBEKE CHRISTOPHER AND BRANDEE,5.0,1,Yellowstone,6738 SHEPHERD RD SHEPHERD MT 59079-4429,broad_owner_fragment:AMB,"Keyword/fragment, identity-field, or proximity-only discovery signal.",Rejected / unrelated,rejected,No authoritative current relationship to Arthur Blank / AMB West; excluded.
WENDT TRAVIS & AMBER,WENDT TRAVIS AND AMBER,5.0,1,Flathead,651 VAN SANT RD KALISPELL MT 59901-7623,broad_owner_fragment:AMB,"Keyword/fragment, identity-field, or proximity-only discovery signal.",Rejected / unrelated,rejected,No authoritative current relationship to Arthur Blank / AMB West; excluded.
SCHMIDT JARED & AMBER,SCHMIDT JARED AND AMBER,4.99,1,Lake,PO BOX 491 RONAN MT 59864-0491,broad_owner_fragment:AMB,"Keyword/fragment, identity-field, or proximity-only discovery signal.",Rejected / unrelated,rejected,No authoritative current relationship to Arthur Blank / AMB West; excluded.
RIVER ROCK RANCH OF MONTANA LLC,RIVER ROCK RANCH OF MONTANA LLC,4.985,1,Park,94 CALEDONIA RD LIVINGSTON MT 59047-8823,geographic_within_one_mile; geography_stats:near=1;adjoining=0;min_m=915.4,"Keyword/fragment, identity-field, or proximity-only discovery signal.",Rejected / unrelated,rejected,No authoritative current relationship to Arthur Blank / AMB West; excluded.
MATRE DANIEL & AMBER,MATRE DANIEL AND AMBER,4.97,1,Jefferson,PO BOX 1042 BELGRADE MT 59714-1042,broad_owner_fragment:AMB,"Keyword/fragment, identity-field, or proximity-only discovery signal.",Rejected / unrelated,rejected,No authoritative current relationship to Arthur Blank / AMB West; excluded.
LAMB DALE,LAMB DALE,4.95,1,Beaverhead,PO BOX 1437 DILLON MT 59725-1437,broad_owner_fragment:AMB,"Keyword/fragment, identity-field, or proximity-only discovery signal.",Rejected / unrelated,rejected,No authoritative current relationship to Arthur Blank / AMB West; excluded.
LAMBERTUS JAY AND,LAMBERTUS JAY AND,4.95,1,Ravalli,546 PIONEER WAY STEVENSVILLE MT 59870-6167,broad_owner_fragment:AMB,"Keyword/fragment, identity-field, or proximity-only discovery signal.",Rejected / unrelated,rejected,No authoritative current relationship to Arthur Blank / AMB West; excluded.
LAMBETH KENNETH P & JANUARY M,LAMBETH KENNETH P AND JANUARY M,4.95,1,Gallatin,131 HEIDI LN BELGRADE MT 59714-8261,broad_owner_fragment:AMB,"Keyword/fragment, identity-field, or proximity-only discovery signal.",Rejected / unrelated,rejected,No authoritative current relationship to Arthur Blank / AMB West; excluded.
GILGE KODY L & AMBER I,GILGE KODY L AND AMBER I,4.893,2,Hill,PO BOX 2370 HAVRE MT 59501-2370,broad_owner_fragment:AMB,"Keyword/fragment, identity-field, or proximity-only discovery signal.",Rejected / unrelated,rejected,No authoritative current relationship to Arthur Blank / AMB West; excluded.
CLOSE ANNA M,CLOSE ANNA M,4.88,1,Park,PO BOX 1 EMIGRANT MT 59027-0001,geographic_within_one_mile; geography_stats:near=1;adjoining=0;min_m=1550.0,"Keyword/fragment, identity-field, or proximity-only discovery signal.",Rejected / unrelated,rejected,No authoritative current relationship to Arthur Blank / AMB West; excluded.
RAMBO BRENDA L,RAMBO BRENDA L,4.864,3,Flathead | Lake,181 SYLVAN DR BIGFORK MT 59911-6608,broad_owner_fragment:AMB,"Keyword/fragment, identity-field, or proximity-only discovery signal.",Rejected / unrelated,rejected,No authoritative current relationship to Arthur Blank / AMB West; excluded.
BUNK LLC,BUNK LLC,4.863,1,Park,4353 TILLY MILL RD STE 225 ATLANTA GA 30360-2605,geographic_within_one_mile; geography_stats:near=1;adjoining=0;min_m=413.4,"Keyword/fragment, identity-field, or proximity-only discovery signal.",Rejected / unrelated,rejected,No authoritative current relationship to Arthur Blank / AMB West; excluded.
MATSON PHILLIP L & AMBER M,MATSON PHILLIP L AND AMBER M,4.77,1,Flathead,1137 RAVEN LN COLUMBIA FALLS MT 59912-9129,broad_owner_fragment:AMB,"Keyword/fragment, identity-field, or proximity-only discovery signal.",Rejected / unrelated,rejected,No authoritative current relationship to Arthur Blank / AMB West; excluded.
CHAMBERS JO ANN G,CHAMBERS JO ANN G,4.758,1,Jefferson,139 S QUARRY RD MONTANA CITY MT 59634-9778,broad_owner_fragment:AMB,"Keyword/fragment, identity-field, or proximity-only discovery signal.",Rejected / unrelated,rejected,No authoritative current relationship to Arthur Blank / AMB West; excluded.
HAZEN CHILDREN TRUST,HAZEN CHILDREN TRUST,4.757,1,Park,MAIL TO: PEDERSON DIEHL DENISE PO BOX 321 EMIGRANT MT 59027-0321,geographic_within_one_mile; geography_stats:near=1;adjoining=0;min_m=112.1,"Keyword/fragment, identity-field, or proximity-only discovery signal.",Rejected / unrelated,rejected,No authoritative current relationship to Arthur Blank / AMB West; excluded.
DRYSDALE DOUGLAS & AMBER,DRYSDALE DOUGLAS AND AMBER,4.72,1,Flathead,59 WENDT WAY KALISPELL MT 59901-6911,broad_owner_fragment:AMB,"Keyword/fragment, identity-field, or proximity-only discovery signal.",Rejected / unrelated,rejected,No authoritative current relationship to Arthur Blank / AMB West; excluded.
CHAMBERS REVOCABLE TRUST JAMES FRANKLIN,CHAMBERS REVOCABLE TRUST JAMES FRANKLIN,4.69,1,Flathead,141 TRONSTAD RD KALISPELL MT 59901-6810,broad_owner_fragment:AMB,"Keyword/fragment, identity-field, or proximity-only discovery signal.",Rejected / unrelated,rejected,No authoritative current relationship to Arthur Blank / AMB West; excluded.
MATTHEWS RAYMOND S & LYDA L,MATTHEWS RAYMOND S AND LYDA L,4.662,1,Park,PO BOX 116 PRAY MT 59065-0116,geographic_within_one_mile; geography_stats:near=1;adjoining=0;min_m=340.3,"Keyword/fragment, identity-field, or proximity-only discovery signal.",Rejected / unrelated,rejected,No authoritative current relationship to Arthur Blank / AMB West; excluded.
NELSON STUART K & MARIA H &,NELSON STUART K AND MARIA H AND,4.576,1,Park,PO BOX 323 EMIGRANT MT 59027-0323,geographic_adjoining_or_within_10m; geographic_within_one_mile; geography_stats:near=1;adjoining=1;min_m=0.0,"Cadastral geometry adjoins a confirmed ranch, but no name/address/corporate evidence links it to AMB West.",Rejected / unrelated,rejected,Neighboring ownership is not beneficial ownership; distinct owner remains excluded.
STEFANIAK JOSEPH & JENE,STEFANIAK JOSEPH AND JENE,4.564,1,Park,951 ISHA LN MCMINNVILLE TN 37110-8627,geographic_within_one_mile; geography_stats:near=1;adjoining=0;min_m=1183.5,"Keyword/fragment, identity-field, or proximity-only discovery signal.",Rejected / unrelated,rejected,No authoritative current relationship to Arthur Blank / AMB West; excluded.
CLAWSON JOHN R,CLAWSON JOHN R,4.561,1,Park,PO BOX 193 EMIGRANT MT 59027-0193,geographic_within_one_mile; geography_stats:near=1;adjoining=0;min_m=125.2,"Keyword/fragment, identity-field, or proximity-only discovery signal.",Rejected / unrelated,rejected,No authoritative current relationship to Arthur Blank / AMB West; excluded.
ARAMBARRI LORI J,ARAMBARRI LORI J,4.558,2,Lewis and Clark,PO BOX 1033 LINCOLN MT 59639-1033,broad_owner_fragment:AMB,"Keyword/fragment, identity-field, or proximity-only discovery signal.",Rejected / unrelated,rejected,No authoritative current relationship to Arthur Blank / AMB West; excluded.
BARKER CHARLES M & MIRIAM J,BARKER CHARLES M AND MIRIAM J,4.554,1,Park,PO BOX 155 EMIGRANT MT 59027-0155,geographic_within_one_mile; geography_stats:near=1;adjoining=0;min_m=1287.3,"Keyword/fragment, identity-field, or proximity-only discovery signal.",Rejected / unrelated,rejected,No authoritative current relationship to Arthur Blank / AMB West; excluded.
MCALISTER III JOHN P & MARTHA R,MCALISTER III JOHN P AND MARTHA R,4.554,1,Park,PO BOX 219 EMIGRANT MT 59027-0219,geographic_within_one_mile; geography_stats:near=1;adjoining=0;min_m=362.6,"Keyword/fragment, identity-field, or proximity-only discovery signal.",Rejected / unrelated,rejected,No authoritative current relationship to Arthur Blank / AMB West; excluded.
BARTHLEN GABRIELE,BARTHLEN GABRIELE,4.539,1,Park,77-6493 KALI IKI ST KAILUA KONA HI 96740-9705,geographic_within_one_mile; geography_stats:near=1;adjoining=0;min_m=242.4,"Keyword/fragment, identity-field, or proximity-only discovery signal.",Rejected / unrelated,rejected,No authoritative current relationship to Arthur Blank / AMB West; excluded.
THOMPSON DANIELLE M,THOMPSON DANIELLE M,4.513,1,Park,348 STAFFORD AVE BOZEMAN MT 59718-6911,geographic_within_one_mile; geography_stats:near=1;adjoining=0;min_m=448.6,"Keyword/fragment, identity-field, or proximity-only discovery signal.",Rejected / unrelated,rejected,No authoritative current relationship to Arthur Blank / AMB West; excluded.
STEPHENS SAMANTHA NORMA BAMBI AND,STEPHENS SAMANTHA NORMA BAMBI AND,4.51,1,Ravalli,PO BOX 561 SUBLIMITY OR 97385-0561,broad_owner_fragment:AMB,"Keyword/fragment, identity-field, or proximity-only discovery signal.",Rejected / unrelated,rejected,No authoritative current relationship to Arthur Blank / AMB West; excluded.
OHLEN MATTHEW DAVID & MOLLY MCKELLAR,OHLEN MATTHEW DAVID AND MOLLY MCKELLAR,4.506,1,Park,PO BOX 182 EMIGRANT MT 59027-0182,geographic_adjoining_or_within_10m; geographic_within_one_mile; geography_stats:near=1;adjoining=1;min_m=0.0,"Cadastral geometry adjoins a confirmed ranch, but no name/address/corporate evidence links it to AMB West.",Rejected / unrelated,rejected,Neighboring ownership is not beneficial ownership; distinct owner remains excluded.
"LAMBRECHT, RAY & JACQUELINE J",LAMBRECHT RAY AND JACQUELINE J,4.5,1,Yellowstone,PO BOX 50697 BILLINGS MT 59105-0697,broad_owner_fragment:AMB,"Keyword/fragment, identity-field, or proximity-only discovery signal.",Rejected / unrelated,rejected,No authoritative current relationship to Arthur Blank / AMB West; excluded.
GAMBEE FAMILY TRUST,GAMBEE FAMILY TRUST,4.495,1,Flathead,20637 S POLEHN DR OREGON CITY OR 97045-7625,broad_owner_fragment:AMB,"Keyword/fragment, identity-field, or proximity-only discovery signal.",Rejected / unrelated,rejected,No authoritative current relationship to Arthur Blank / AMB West; excluded.
NORTHEAST GEORGIA DREAMBUILDERS INC,NORTHEAST GEORGIA DREAMBUILDERS INC,4.488,2,Jefferson | Madison,3636 MULBERRY RD OTTO NC 28763-9402 | PO BOX 12 DILLARD GA 30537-0012,broad_owner_fragment:AMB,"Keyword/fragment, identity-field, or proximity-only discovery signal.",Rejected / unrelated,rejected,No authoritative current relationship to Arthur Blank / AMB West; excluded.
HAMBURG SHERYL,HAMBURG SHERYL,4.457,1,Big Horn,PO BOX 373 HARDIN MT 59034-0373,broad_owner_fragment:AMB,"Keyword/fragment, identity-field, or proximity-only discovery signal.",Rejected / unrelated,rejected,No authoritative current relationship to Arthur Blank / AMB West; excluded.
PARKER CLARE ELIZABETH,PARKER CLARE ELIZABETH,4.448,1,Park,PO BOX 1152 EMIGRANT MT 59027-1152,geographic_within_one_mile; geography_stats:near=1;adjoining=0;min_m=160.4,"Keyword/fragment, identity-field, or proximity-only discovery signal.",Rejected / unrelated,rejected,No authoritative current relationship to Arthur Blank / AMB West; excluded.
TILZEY MICHAEL ERIC & AMBER MICHELE OTT,TILZEY MICHAEL ERIC AND AMBER MICHELE OTT,4.443,1,Stillwater,PO BOX 146 PARK CITY MT 59063-0146,broad_owner_fragment:AMB,"Keyword/fragment, identity-field, or proximity-only discovery signal.",Rejected / unrelated,rejected,No authoritative current relationship to Arthur Blank / AMB West; excluded.
GOLDEN WHITNEY,GOLDEN WHITNEY,4.422,1,Park,PO BOX 214 EMIGRANT MT 59027-0214,geographic_within_one_mile; geography_stats:near=1;adjoining=0;min_m=34.1,"Keyword/fragment, identity-field, or proximity-only discovery signal.",Rejected / unrelated,rejected,No authoritative current relationship to Arthur Blank / AMB West; excluded.
ZAMBERGS EDGARS ETAL,ZAMBERGS EDGARS ETAL,4.42,1,Cascade,564 E EVERGREEN DR KALISPELL MT 59901,broad_owner_fragment:AMB,"Keyword/fragment, identity-field, or proximity-only discovery signal.",Rejected / unrelated,rejected,No authoritative current relationship to Arthur Blank / AMB West; excluded.
GRIFFIN FAMBRO JULIE,GRIFFIN FAMBRO JULIE,4.397,1,Broadwater,PO BOX 112 WILLOW CREEK MT 59760-0112,broad_owner_fragment:AMB,"Keyword/fragment, identity-field, or proximity-only discovery signal.",Rejected / unrelated,rejected,No authoritative current relationship to Arthur Blank / AMB West; excluded.
FRAZIER KENNETH E & BONITA J,FRAZIER KENNETH E AND BONITA J,4.395,1,Park,1615 BONIFANT RD SILVER SPRING MD 20906-1943,geographic_within_one_mile; geography_stats:near=1;adjoining=0;min_m=142.5,"Keyword/fragment, identity-field, or proximity-only discovery signal.",Rejected / unrelated,rejected,No authoritative current relationship to Arthur Blank / AMB West; excluded.
BLANKENSHIP THOMAS P & KAILEE R,BLANKENSHIP THOMAS P AND KAILEE R,4.37,1,Lake,3351 MCDONALD RD TOUCHET WA 99360-8607,broad_owner_fragment:BLANK,"Keyword/fragment, identity-field, or proximity-only discovery signal.",Rejected / unrelated,rejected,No authoritative current relationship to Arthur Blank / AMB West; excluded.
STALLARD AARON D & JESSICA K,STALLARD AARON D AND JESSICA K,4.358,1,Park,PO BOX 946 EMIGRANT MT 59027-0946,geographic_within_one_mile; geography_stats:near=1;adjoining=0;min_m=289.2,"Keyword/fragment, identity-field, or proximity-only discovery signal.",Rejected / unrelated,rejected,No authoritative current relationship to Arthur Blank / AMB West; excluded.
LISOTA MARTIN & JULENE,LISOTA MARTIN AND JULENE,4.293,1,Park,PO BOX 461 EMIGRANT MT 59027-0461,geographic_within_one_mile; geography_stats:near=1;adjoining=0;min_m=1003.0,"Keyword/fragment, identity-field, or proximity-only discovery signal.",Rejected / unrelated,rejected,No authoritative current relationship to Arthur Blank / AMB West; excluded.
LAMBERT KENNETH M & CHERYL L,LAMBERT KENNETH M AND CHERYL L,4.28,1,Jefferson,20 PAINTED SKY RD CLANCY MT 59634-9718,broad_owner_fragment:AMB,"Keyword/fragment, identity-field, or proximity-only discovery signal.",Rejected / unrelated,rejected,No authoritative current relationship to Arthur Blank / AMB West; excluded.
BLANK BRYAN & LINDA M,BLANK BRYAN AND LINDA M,4.26,1,Lewis and Clark,4618 LINCOLN RD W HELENA MT 59602-4600,broad_owner_fragment:BLANK,"Keyword/fragment, identity-field, or proximity-only discovery signal.",Rejected / unrelated,rejected,No authoritative current relationship to Arthur Blank / AMB West; excluded.
CHAMBERLAIN DAVID E,CHAMBERLAIN DAVID E,4.223,1,Missoula,6860 SLIDEROCK DR CLINTON MT 59825-8511,broad_owner_fragment:AMB,"Keyword/fragment, identity-field, or proximity-only discovery signal.",Rejected / unrelated,rejected,No authoritative current relationship to Arthur Blank / AMB West; excluded.
MITCHEM BENJAMIN C & DIANA C,MITCHEM BENJAMIN C AND DIANA C,4.218,1,Park,PO BOX 1127 EMIGRANT MT 59027-1127,geographic_adjoining_or_within_10m; geographic_within_one_mile; geography_stats:near=1;adjoining=1;min_m=0.0,"Cadastral geometry adjoins a confirmed ranch, but no name/address/corporate evidence links it to AMB West.",Rejected / unrelated,rejected,Neighboring ownership is not beneficial ownership; distinct owner remains excluded.
MARINO JOSEPH S &,MARINO JOSEPH S AND,4.215,1,Park,MAIL TO GUARDIAN TITLE 504 E CALLENDER ST LIVINGSTON MT 59047-2717,geographic_within_one_mile; geography_stats:near=1;adjoining=0;min_m=1403.8,"Keyword/fragment, identity-field, or proximity-only discovery signal.",Rejected / unrelated,rejected,No authoritative current relationship to Arthur Blank / AMB West; excluded.
THOMAS KALEY AMBER & TAYLOR JORDAN,THOMAS KALEY AMBER AND TAYLOR JORDAN,4.2,1,Park,23 RATTLESNAKE RD LIVINGSTON MT 59047-9323,broad_owner_fragment:AMB,"Keyword/fragment, identity-field, or proximity-only discovery signal.",Rejected / unrelated,rejected,No authoritative current relationship to Arthur Blank / AMB West; excluded.
SHOWALTER-HERRON AMBER JANE TRUSTEE,SHOWALTER HERRON AMBER JANE TRUSTEE,4.172,1,Yellowstone,1920 SPRING CREEK RD LAUREL MT 59044-8857,broad_owner_fragment:AMB,"Keyword/fragment, identity-field, or proximity-only discovery signal.",Rejected / unrelated,rejected,No authoritative current relationship to Arthur Blank / AMB West; excluded.
BLANKENSHIP JOHN D & ALANA M,BLANKENSHIP JOHN D AND ALANA M,4.166,3,Blaine,155 MCKINNIE RD CHINOOK MT 59523-9277,broad_owner_fragment:BLANK,"Keyword/fragment, identity-field, or proximity-only discovery signal.",Rejected / unrelated,rejected,No authoritative current relationship to Arthur Blank / AMB West; excluded.
WHITE AMBER & STANLEY,WHITE AMBER AND STANLEY,4.153,1,Glacier,38040 VALLEY HILLS LN POLSON MT 59860-9783,broad_owner_fragment:AMB,"Keyword/fragment, identity-field, or proximity-only discovery signal.",Rejected / unrelated,rejected,No authoritative current relationship to Arthur Blank / AMB West; excluded.
BRAMBLETT JUSTIN & SARA JEANNE,BRAMBLETT JUSTIN AND SARA JEANNE,4.13,1,Ravalli,3587 W LOXTON LOOP COEUR D ALENE ID 83815-9311,broad_owner_fragment:AMB,"Keyword/fragment, identity-field, or proximity-only discovery signal.",Rejected / unrelated,rejected,No authoritative current relationship to Arthur Blank / AMB West; excluded.
PACK STEVEN JOHN,PACK STEVEN JOHN,4.118,1,Park,MAIL TO COLE PRPERTY MGMT LLC 118 S 5TH ST LIVINGSTON MT 59047-2504,geographic_within_one_mile; geography_stats:near=1;adjoining=0;min_m=236.9,"Keyword/fragment, identity-field, or proximity-only discovery signal.",Rejected / unrelated,rejected,No authoritative current relationship to Arthur Blank / AMB West; excluded.
BERMAN PAULA D TRUSTEE,BERMAN PAULA D TRUSTEE,4.081,1,Park,PO BOX 2587 APTOS CA 95001-2587,geographic_within_one_mile; geography_stats:near=1;adjoining=0;min_m=1459.0,"Keyword/fragment, identity-field, or proximity-only discovery signal.",Rejected / unrelated,rejected,No authoritative current relationship to Arthur Blank / AMB West; excluded.
TEAL PROPERTY LLC,TEAL PROPERTY LLC,4.081,1,Park,22 BOCAGE RD HATTIESBURG MS 39402-8745,geographic_within_one_mile; geography_stats:near=1;adjoining=0;min_m=1332.7,"Keyword/fragment, identity-field, or proximity-only discovery signal.",Rejected / unrelated,rejected,No authoritative current relationship to Arthur Blank / AMB West; excluded.
OLSON TODD & AMBER,OLSON TODD AND AMBER,4.06,2,Gallatin,12423 BANYAN RD NORTH PALM BEACH FL 33408-2518,broad_owner_fragment:AMB,"Keyword/fragment, identity-field, or proximity-only discovery signal.",Rejected / unrelated,rejected,No authoritative current relationship to Arthur Blank / AMB West; excluded.
LAMBERT MARK,LAMBERT MARK,4.054,1,Park,1451 SANTA FE DR ENCINITAS CA 92024-4059,broad_owner_fragment:AMB,"Keyword/fragment, identity-field, or proximity-only discovery signal.",Rejected / unrelated,rejected,No authoritative current relationship to Arthur Blank / AMB West; excluded.
THOMPSON AMBER JEAN & MARK A,THOMPSON AMBER JEAN AND MARK A,4.018,1,Flathead,126 JOSHUA LN MARION MT 59925-9648,broad_owner_fragment:AMB,"Keyword/fragment, identity-field, or proximity-only discovery signal.",Rejected / unrelated,rejected,No authoritative current relationship to Arthur Blank / AMB West; excluded.
RAMBERG JUDY A TRUSTEE,RAMBERG JUDY A TRUSTEE,4.01,1,Missoula,5500 GOODAN LN MISSOULA MT 59808-9078,broad_owner_fragment:AMB,"Keyword/fragment, identity-field, or proximity-only discovery signal.",Rejected / unrelated,rejected,No authoritative current relationship to Arthur Blank / AMB West; excluded.
ACKLEY ERIC &,ACKLEY ERIC AND,4.0,1,Park,PO BOX 976 EMIGRANT MT 59027-0976,geographic_within_one_mile; geography_stats:near=1;adjoining=0;min_m=515.0,"Keyword/fragment, identity-field, or proximity-only discovery signal.",Rejected / unrelated,rejected,No authoritative current relationship to Arthur Blank / AMB West; excluded.
BLAIS DEBORAH D TRUST,BLAIS DEBORAH D TRUST,4.0,1,Park,PO BOX 568 EMIGRANT MT 59027-0568,geographic_within_one_mile; geography_stats:near=1;adjoining=0;min_m=466.8,"Keyword/fragment, identity-field, or proximity-only discovery signal.",Rejected / unrelated,rejected,No authoritative current relationship to Arthur Blank / AMB West; excluded.
BROKEN ROCK AT YELLOWSTONE LLC,BROKEN ROCK AT YELLOWSTONE LLC,4.0,1,Park,17706 NE 161ST CT BRUSH PRAIRIE WA 98606-6303,geographic_within_one_mile; geography_stats:near=1;adjoining=0;min_m=468.4,"Keyword/fragment, identity-field, or proximity-only discovery signal.",Rejected / unrelated,rejected,No authoritative current relationship to Arthur Blank / AMB West; excluded.
BUCHHOLZ REVOCABLE TRUST DATED 3/16/2020,BUCHHOLZ REVOCABLE TRUST DATED 3 16 2020,4.0,1,Park,4370 ELKTON RD GAGETOWN MI 48735-9500,geographic_within_one_mile; geography_stats:near=1;adjoining=0;min_m=1171.5,"Keyword/fragment, identity-field, or proximity-only discovery signal.",Rejected / unrelated,rejected,No authoritative current relationship to Arthur Blank / AMB West; excluded.
BURGIN AMBER D,BURGIN AMBER D,4.0,1,Lewis and Clark,3785 WYLIE DR HELENA MT 59602-9567,broad_owner_fragment:AMB,"Keyword/fragment, identity-field, or proximity-only discovery signal.",Rejected / unrelated,rejected,No authoritative current relationship to Arthur Blank / AMB West; excluded.
CHAMBERLAIN FAMILY 1988 REVOCABLE TRUST DM & PL,CHAMBERLAIN FAMILY 1988 REVOCABLE TRUST DM AND PL,4.0,2,Flathead,6400 PUERTO DR RANCHO MURIETA CA 95683-9360,broad_owner_fragment:AMB,"Keyword/fragment, identity-field, or proximity-only discovery signal.",Rejected / unrelated,rejected,No authoritative current relationship to Arthur Blank / AMB West; excluded.
FLYNN DIRK R & AMBER G,FLYNN DIRK R AND AMBER G,4.0,1,Lake,41102 PINE TREE LN POLSON MT 59860-7138,broad_owner_fragment:AMB,"Keyword/fragment, identity-field, or proximity-only discovery signal.",Rejected / unrelated,rejected,No authoritative current relationship to Arthur Blank / AMB West; excluded.
GOLDEN KORREN T &,GOLDEN KORREN T AND,4.0,1,Park,6 ROCKVIEW LN EMIGRANT MT 59027,geographic_within_one_mile; geography_stats:near=1;adjoining=0;min_m=328.5,"Keyword/fragment, identity-field, or proximity-only discovery signal.",Rejected / unrelated,rejected,No authoritative current relationship to Arthur Blank / AMB West; excluded.
HALL DWIGHT CURREY & HAYLEE ADELE,HALL DWIGHT CURREY AND HAYLEE ADELE,4.0,1,Park,5250 VICKERY BLVD DALLAS TX 75206-6227,geographic_adjoining_or_within_10m; geographic_within_one_mile; geography_stats:near=1;adjoining=1;min_m=0.0,"Cadastral geometry adjoins a confirmed ranch, but no name/address/corporate evidence links it to AMB West.",Rejected / unrelated,rejected,Neighboring ownership is not beneficial ownership; distinct owner remains excluded.
HAYWARD- HALEY JENNIE,HAYWARD HALEY JENNIE,4.0,1,Park,PO BOX 1014 EMIGRANT MT 59027-1014,geographic_adjoining_or_within_10m; geographic_within_one_mile; geography_stats:near=1;adjoining=1;min_m=0.0,"Cadastral geometry adjoins a confirmed ranch, but no name/address/corporate evidence links it to AMB West.",Rejected / unrelated,rejected,Neighboring ownership is not beneficial ownership; distinct owner remains excluded.
KOLPIN GREGG RAYMOND,KOLPIN GREGG RAYMOND,4.0,1,Park,PO BOX 48 EMIGRANT MT 59027-0048,geographic_within_one_mile; geography_stats:near=1;adjoining=0;min_m=246.0,"Keyword/fragment, identity-field, or proximity-only discovery signal.",Rejected / unrelated,rejected,No authoritative current relationship to Arthur Blank / AMB West; excluded.
KULP SUSAN E,KULP SUSAN E,4.0,1,Park,PO BOX 159 EMIGRANT MT 59027-0159,geographic_within_one_mile; geography_stats:near=1;adjoining=0;min_m=377.5,"Keyword/fragment, identity-field, or proximity-only discovery signal.",Rejected / unrelated,rejected,No authoritative current relationship to Arthur Blank / AMB West; excluded.
LAMBERTON ROBERT T,LAMBERTON ROBERT T,4.0,1,Missoula,5350 KEIL LOOP MISSOULA MT 59808-9024,broad_owner_fragment:AMB,"Keyword/fragment, identity-field, or proximity-only discovery signal.",Rejected / unrelated,rejected,No authoritative current relationship to Arthur Blank / AMB West; excluded.
LAWSON LEVI J & AMBER CHRISTINE,LAWSON LEVI J AND AMBER CHRISTINE,4.0,1,Lincoln,PO BOX 1022 TROY MT 59935-1022,broad_owner_fragment:AMB,"Keyword/fragment, identity-field, or proximity-only discovery signal.",Rejected / unrelated,rejected,No authoritative current relationship to Arthur Blank / AMB West; excluded.
PRIFITERA TANYA &,PRIFITERA TANYA AND,4.0,1,Park,4850 OLLIE CHUNN RD SPRING HILL TN 37174-2244,geographic_within_one_mile; geography_stats:near=1;adjoining=0;min_m=554.3,"Keyword/fragment, identity-field, or proximity-only discovery signal.",Rejected / unrelated,rejected,No authoritative current relationship to Arthur Blank / AMB West; excluded.
RAMELLA LEE & TATYANA,RAMELLA LEE AND TATYANA,4.0,1,Park,PO BOX 8017 JACKSON WY 83002-8017,geographic_within_one_mile; geography_stats:near=1;adjoining=0;min_m=654.9,"Keyword/fragment, identity-field, or proximity-only discovery signal.",Rejected / unrelated,rejected,No authoritative current relationship to Arthur Blank / AMB West; excluded.
RAMIREZ RYAN & KAMEKO,RAMIREZ RYAN AND KAMEKO,4.0,1,Park,95 BUFFALO TRL LIVINGSTON MT 59047-8936,geographic_within_one_mile; geography_stats:near=1;adjoining=0;min_m=553.6,"Keyword/fragment, identity-field, or proximity-only discovery signal.",Rejected / unrelated,rejected,No authoritative current relationship to Arthur Blank / AMB West; excluded.
MALKOVICH DANIEL THOMAS & AMBER JH,MALKOVICH DANIEL THOMAS AND AMBER JH,3.98,1,Granite,19937 E GARDEN DR CENTENNIAL CO 80015-5830,broad_owner_fragment:AMB,"Keyword/fragment, identity-field, or proximity-only discovery signal.",Rejected / unrelated,rejected,No authoritative current relationship to Arthur Blank / AMB West; excluded.
STUFFENSON MIKE & AMBER,STUFFENSON MIKE AND AMBER,3.97,1,Sanders,15365 TYSON WAY FRENCHTOWN MT 59834-8535,broad_owner_fragment:AMB,"Keyword/fragment, identity-field, or proximity-only discovery signal.",Rejected / unrelated,rejected,No authoritative current relationship to Arthur Blank / AMB West; excluded.
BORGERDING GREGORY & CHRISTY,BORGERDING GREGORY AND CHRISTY,3.948,1,Park,3 CALEDONIA RD LIVINGSTON MT 59047-8823,geographic_within_one_mile; geography_stats:near=1;adjoining=0;min_m=815.3,"Keyword/fragment, identity-field, or proximity-only discovery signal.",Rejected / unrelated,rejected,No authoritative current relationship to Arthur Blank / AMB West; excluded.
CHAMBERLIN FRANCES,CHAMBERLIN FRANCES,3.948,2,Silver Bow,921 STANDBY CREEK RD BUTTE MT 59701-9719,broad_owner_fragment:AMB,"Keyword/fragment, identity-field, or proximity-only discovery signal.",Rejected / unrelated,rejected,No authoritative current relationship to Arthur Blank / AMB West; excluded.
KEELER LEO JAMES & DOROTHY A,KEELER LEO JAMES AND DOROTHY A,3.933,1,Park,PO BOX 433 EMIGRANT MT 59027-0433,geographic_adjoining_or_within_10m; geographic_within_one_mile; geography_stats:near=1;adjoining=1;min_m=0.0,"Cadastral geometry adjoins a confirmed ranch, but no name/address/corporate evidence links it to AMB West.",Rejected / unrelated,rejected,Neighboring ownership is not beneficial ownership; distinct owner remains excluded.
ARAMBEL JUDICE LLC,ARAMBEL JUDICE LLC,3.93,1,Lewis and Clark,PO BOX 80564 BILLINGS MT 59108-0564,broad_owner_fragment:AMB,"Keyword/fragment, identity-field, or proximity-only discovery signal.",Rejected / unrelated,rejected,No authoritative current relationship to Arthur Blank / AMB West; excluded.
CHAMBERS PAMELA J,CHAMBERS PAMELA J,3.922,2,Cascade,1604 4TH AVE S GREAT FALLS MT 59405-2451,broad_owner_fragment:AMB,"Keyword/fragment, identity-field, or proximity-only discovery signal.",Rejected / unrelated,rejected,No authoritative current relationship to Arthur Blank / AMB West; excluded.
BOYLE REBECCA D & JAMES F,BOYLE REBECCA D AND JAMES F,3.92,1,Park,648 S 61ST ST MILWAUKEE WI 53214-1851,geographic_within_one_mile; geography_stats:near=1;adjoining=0;min_m=1330.8,"Keyword/fragment, identity-field, or proximity-only discovery signal.",Rejected / unrelated,rejected,No authoritative current relationship to Arthur Blank / AMB West; excluded.
NOSTRANT BRIAN D &,NOSTRANT BRIAN D AND,3.89,1,Park,4244 US HIGHWAY 89 S LIVINGSTON MT 59047-9164,geographic_within_one_mile; geography_stats:near=1;adjoining=0;min_m=936.7,"Keyword/fragment, identity-field, or proximity-only discovery signal.",Rejected / unrelated,rejected,No authoritative current relationship to Arthur Blank / AMB West; excluded.
FEDDES JUSTIN & AMBER,FEDDES JUSTIN AND AMBER,3.87,1,Custer,3360 KINSEY RD KINSEY MT 59338-9706,broad_owner_fragment:AMB,"Keyword/fragment, identity-field, or proximity-only discovery signal.",Rejected / unrelated,rejected,No authoritative current relationship to Arthur Blank / AMB West; excluded.
LAMBERT KEITH A & NICHOLE R,LAMBERT KEITH A AND NICHOLE R,3.86,1,Ravalli,PO BOX 152 STEVENSVILLE MT 59870-0152,broad_owner_fragment:AMB,"Keyword/fragment, identity-field, or proximity-only discovery signal.",Rejected / unrelated,rejected,No authoritative current relationship to Arthur Blank / AMB West; excluded.
PARADISE 120 LLC,PARADISE 120 LLC,3.85,1,Park,120 PARADISE DR LIVINGSTON MT 59047-4114,broad_owner_fragment:PARADISE,"Keyword/fragment, identity-field, or proximity-only discovery signal.",Rejected / unrelated,rejected,No authoritative current relationship to Arthur Blank / AMB West; excluded.
CAHILL STACY,CAHILL STACY,3.795,1,Park,1121 SAMANTHA LN APT B BOZEMAN MT 59718-1210,geographic_within_one_mile; geography_stats:near=1;adjoining=0;min_m=230.4,"Keyword/fragment, identity-field, or proximity-only discovery signal.",Rejected / unrelated,rejected,No authoritative current relationship to Arthur Blank / AMB West; excluded.
UHL AMBERLY E,UHL AMBERLY E,3.79,1,Cascade,340 WILSON BUTTE RD GREAT FALLS MT 59405-8404,broad_owner_fragment:AMB,"Keyword/fragment, identity-field, or proximity-only discovery signal.",Rejected / unrelated,rejected,No authoritative current relationship to Arthur Blank / AMB West; excluded.
WATKINS TIFANNI AMBER ELAINE,WATKINS TIFANNI AMBER ELAINE,3.78,1,Lake,46915 TIMBER MEADOW RD RONAN MT 59864-8506,broad_owner_fragment:AMB,"Keyword/fragment, identity-field, or proximity-only discovery signal.",Rejected / unrelated,rejected,No authoritative current relationship to Arthur Blank / AMB West; excluded.
SLONAKER JOSEPH & AMBER,SLONAKER JOSEPH AND AMBER,3.75,1,Lake,44142 BUFFALO RD DAYTON MT 59914-7710,broad_owner_fragment:AMB,"Keyword/fragment, identity-field, or proximity-only discovery signal.",Rejected / unrelated,rejected,No authoritative current relationship to Arthur Blank / AMB West; excluded.
BULL HOLLI,BULL HOLLI,3.741,1,Park,PO BOX 1708 EMIGRANT MT 59027-1708,geographic_within_one_mile; geography_stats:near=1;adjoining=0;min_m=719.7,"Keyword/fragment, identity-field, or proximity-only discovery signal.",Rejected / unrelated,rejected,No authoritative current relationship to Arthur Blank / AMB West; excluded.
LAMBETH GEORGE,LAMBETH GEORGE,3.7,1,Madison,3990 PENINSULA DR PETOSKEY MI 49770-8006,broad_owner_fragment:AMB,"Keyword/fragment, identity-field, or proximity-only discovery signal.",Rejected / unrelated,rejected,No authoritative current relationship to Arthur Blank / AMB West; excluded.
MADISON TRUST COMPANY CUSTODIAN FBO DEBORAH D BLAIS,MADISON TRUST COMPANY CUSTODIAN FBO DEBORAH D BLAIS,3.7,1,Park,1 PARAGON DR STE 275 MONTVALE NJ 07645-1751,geographic_within_one_mile; geography_stats:near=1;adjoining=0;min_m=511.0,"Keyword/fragment, identity-field, or proximity-only discovery signal.",Rejected / unrelated,rejected,No authoritative current relationship to Arthur Blank / AMB West; excluded.
PARADISE HOLDING LLC,PARADISE HOLDING LLC,3.68,1,Park,PO BOX 995 LIVINGSTON MT 59047-0995,broad_owner_fragment:PARADISE,"Keyword/fragment, identity-field, or proximity-only discovery signal.",Rejected / unrelated,rejected,No authoritative current relationship to Arthur Blank / AMB West; excluded.
LAMBERT DENNIS ROBERT ETAL,LAMBERT DENNIS ROBERT ETAL,3.62,1,Sanders,PO BOX 1187 PLAINS MT 59859-1187,broad_owner_fragment:AMB,"Keyword/fragment, identity-field, or proximity-only discovery signal.",Rejected / unrelated,rejected,No authoritative current relationship to Arthur Blank / AMB West; excluded.
MCDONALD WILLIAM R JR,MCDONALD WILLIAM R JR,3.62,1,Park,47 SUNDANCE DR LIVINGSTON MT 59047-8607,geographic_within_one_mile; geography_stats:near=1;adjoining=0;min_m=1465.9,"Keyword/fragment, identity-field, or proximity-only discovery signal.",Rejected / unrelated,rejected,No authoritative current relationship to Arthur Blank / AMB West; excluded.
LAMB MYRNA GAIL,LAMB MYRNA GAIL,3.604,1,Flathead,945 TAMARACK LN COLUMBIA FALLS MT 59912-4602,broad_owner_fragment:AMB,"Keyword/fragment, identity-field, or proximity-only discovery signal.",Rejected / unrelated,rejected,No authoritative current relationship to Arthur Blank / AMB West; excluded.
LAMBERT BRIAN J & STEPHENSEN MEGAN,LAMBERT BRIAN J AND STEPHENSEN MEGAN,3.6,1,Sanders,504 CHERRY CREEK RD THOMPSON FALLS MT 59873-9538,broad_owner_fragment:AMB,"Keyword/fragment, identity-field, or proximity-only discovery signal.",Rejected / unrelated,rejected,No authoritative current relationship to Arthur Blank / AMB West; excluded.
LAMBRECHT DAVID CHARLES & MARK JONATHAN &,LAMBRECHT DAVID CHARLES AND MARK JONATHAN AND,3.579,2,Jefferson,PO BOX 877 WHITEHALL MT 59759-0877,broad_owner_fragment:AMB,"Keyword/fragment, identity-field, or proximity-only discovery signal.",Rejected / unrelated,rejected,No authoritative current relationship to Arthur Blank / AMB West; excluded.
LAMB MICHAEL F,LAMB MICHAEL F,3.56,1,Missoula,870 RHODE ISLAND ST HELENA MT 59601-5312,broad_owner_fragment:AMB,"Keyword/fragment, identity-field, or proximity-only discovery signal.",Rejected / unrelated,rejected,No authoritative current relationship to Arthur Blank / AMB West; excluded.
SZAFRYK AMBER,SZAFRYK AMBER,3.541,2,Sanders,PO BOX 1029 PLAINS MT 59859-1029,broad_owner_fragment:AMB,"Keyword/fragment, identity-field, or proximity-only discovery signal.",Rejected / unrelated,rejected,No authoritative current relationship to Arthur Blank / AMB West; excluded.
BOISE STEVEN C & LAURA A,BOISE STEVEN C AND LAURA A,3.521,1,Park,PO BOX 453 EMIGRANT MT 59027-0453,geographic_within_one_mile; geography_stats:near=1;adjoining=0;min_m=371.0,"Keyword/fragment, identity-field, or proximity-only discovery signal.",Rejected / unrelated,rejected,No authoritative current relationship to Arthur Blank / AMB West; excluded.
DRISLANE DANIEL,DRISLANE DANIEL,3.495,1,Park,PO BOX 1028 EMIGRANT MT 59027-1028,geographic_within_one_mile; geography_stats:near=1;adjoining=0;min_m=606.9,"Keyword/fragment, identity-field, or proximity-only discovery signal.",Rejected / unrelated,rejected,No authoritative current relationship to Arthur Blank / AMB West; excluded.
LAMBERT SANDRA L TRUSTEE &,LAMBERT SANDRA L TRUSTEE AND,3.484,1,Park,82 WINEGLASS RD LIVINGSTON MT 59047-8985,broad_owner_fragment:AMB,"Keyword/fragment, identity-field, or proximity-only discovery signal.",Rejected / unrelated,rejected,No authoritative current relationship to Arthur Blank / AMB West; excluded.
PLAINS-PARADISE RURAL FIRE DIST,PLAINS PARADISE RURAL FIRE DIST,3.47,2,Sanders,PO BOX 1115 PLAINS MT 59859-1115,broad_owner_fragment:PARADISE,"Keyword/fragment, identity-field, or proximity-only discovery signal.",Rejected / unrelated,rejected,No authoritative current relationship to Arthur Blank / AMB West; excluded.
DESTEFANO DANIEL & ANDREA L,DESTEFANO DANIEL AND ANDREA L,3.448,1,Park,5889 LUDLUM RD MORROW OH 45152-8364,geographic_within_one_mile; geography_stats:near=1;adjoining=0;min_m=250.0,"Keyword/fragment, identity-field, or proximity-only discovery signal.",Rejected / unrelated,rejected,No authoritative current relationship to Arthur Blank / AMB West; excluded.
BODE RAYMOND,BODE RAYMOND,3.446,1,Park,1226 WHISPERING PINES DR BILLINGS MT 59101-7133,geographic_within_one_mile; geography_stats:near=1;adjoining=0;min_m=227.7,"Keyword/fragment, identity-field, or proximity-only discovery signal.",Rejected / unrelated,rejected,No authoritative current relationship to Arthur Blank / AMB West; excluded.
ELLIS AMBER,ELLIS AMBER,3.425,1,Lewis and Clark,1 CLINK CT HELENA MT 59602-8150,broad_owner_fragment:AMB,"Keyword/fragment, identity-field, or proximity-only discovery signal.",Rejected / unrelated,rejected,No authoritative current relationship to Arthur Blank / AMB West; excluded.
UGURLU BRIAN &,UGURLU BRIAN AND,3.382,1,Park,6718 187TH ST SE SNOHOMISH WA 98296-8338,geographic_within_one_mile; geography_stats:near=1;adjoining=0;min_m=524.4,"Keyword/fragment, identity-field, or proximity-only discovery signal.",Rejected / unrelated,rejected,No authoritative current relationship to Arthur Blank / AMB West; excluded.
LOFING AMBER MAE,LOFING AMBER MAE,3.365,1,Stillwater,63A STILLWATER ESTATES RD COLUMBUS MT 59019-7596,broad_owner_fragment:AMB,"Keyword/fragment, identity-field, or proximity-only discovery signal.",Rejected / unrelated,rejected,No authoritative current relationship to Arthur Blank / AMB West; excluded.
HESS DENVER & AMBRYN,HESS DENVER AND AMBRYN,3.35,1,Lake,36115 LITTLE MARTEN RD RONAN MT 59864-9205,broad_owner_fragment:AMB,"Keyword/fragment, identity-field, or proximity-only discovery signal.",Rejected / unrelated,rejected,No authoritative current relationship to Arthur Blank / AMB West; excluded.
CHAMBERLIN DAVID A & JODY,CHAMBERLIN DAVID A AND JODY,3.348,1,Silver Bow,8600 CONTINENTAL DR BUTTE MT 59701-7617,broad_owner_fragment:AMB,"Keyword/fragment, identity-field, or proximity-only discovery signal.",Rejected / unrelated,rejected,No authoritative current relationship to Arthur Blank / AMB West; excluded.
SCHWARTZENBERGER JUSTIN J &,SCHWARTZENBERGER JUSTIN J AND,3.344,2,Gallatin | Park,1244 BOYLAN RD BOZEMAN MT 59715-2134,geographic_adjoining_or_within_10m; geographic_within_one_mile; geography_stats:near=1;adjoining=1;min_m=0.0,"Cadastral geometry adjoins a confirmed ranch, but no name/address/corporate evidence links it to AMB West.",Rejected / unrelated,rejected,Neighboring ownership is not beneficial ownership; distinct owner remains excluded.
BUCHANAN ROBERT EUGENE,BUCHANAN ROBERT EUGENE,3.337,1,Park,PO BOX 68 EMIGRANT MT 59027-0068,geographic_within_one_mile; geography_stats:near=1;adjoining=0;min_m=597.3,"Keyword/fragment, identity-field, or proximity-only discovery signal.",Rejected / unrelated,rejected,No authoritative current relationship to Arthur Blank / AMB West; excluded.
LAMBERT BARNELL E,LAMBERT BARNELL E,3.31,1,Ravalli,2600 CHANUTE TRL MAITLAND FL 32751-4013,broad_owner_fragment:AMB,"Keyword/fragment, identity-field, or proximity-only discovery signal.",Rejected / unrelated,rejected,No authoritative current relationship to Arthur Blank / AMB West; excluded.
GAMBLE GEOFFREY TRUSTEE &,GAMBLE GEOFFREY TRUSTEE AND,3.289,1,Gallatin,3280 WILDBUNCH DR BELGRADE MT 59714-8737,broad_owner_fragment:AMB,"Keyword/fragment, identity-field, or proximity-only discovery signal.",Rejected / unrelated,rejected,No authoritative current relationship to Arthur Blank / AMB West; excluded.
GILES CACHE & CAMBRIA,GILES CACHE AND CAMBRIA,3.289,1,Teton,323 9TH LN SW FAIRFIELD MT 59436-9406,broad_owner_fragment:AMB,"Keyword/fragment, identity-field, or proximity-only discovery signal.",Rejected / unrelated,rejected,No authoritative current relationship to Arthur Blank / AMB West; excluded.
KLINEFELTER ERIC & AMBER,KLINEFELTER ERIC AND AMBER,3.28,1,Cascade,35 HIGHWOOD DR GREAT FALLS MT 59404-6444,broad_owner_fragment:AMB,"Keyword/fragment, identity-field, or proximity-only discovery signal.",Rejected / unrelated,rejected,No authoritative current relationship to Arthur Blank / AMB West; excluded.
HANSON JON S B C,HANSON JON S B C,3.278,1,Park,PO BOX 96 WOLFEBORO FALLS NH 03896-0096,geographic_within_one_mile; geography_stats:near=1;adjoining=0;min_m=280.3,"Keyword/fragment, identity-field, or proximity-only discovery signal.",Rejected / unrelated,rejected,No authoritative current relationship to Arthur Blank / AMB West; excluded.
GAMBLE JOHN HR III & DEZERAE S,GAMBLE JOHN HR III AND DEZERAE S,3.26,1,Sanders,5110 N DRURY RD OTIS ORCHARDS WA 99027-9337,broad_owner_fragment:AMB,"Keyword/fragment, identity-field, or proximity-only discovery signal.",Rejected / unrelated,rejected,No authoritative current relationship to Arthur Blank / AMB West; excluded.
YOUNG GERALD L JR & RUTHANN,YOUNG GERALD L JR AND RUTHANN,3.258,1,Park,PO BOX 1163 EMIGRANT MT 59027-1163,geographic_adjoining_or_within_10m; geographic_within_one_mile; geography_stats:near=1;adjoining=1;min_m=0.0,"Cadastral geometry adjoins a confirmed ranch, but no name/address/corporate evidence links it to AMB West.",Rejected / unrelated,rejected,Neighboring ownership is not beneficial ownership; distinct owner remains excluded.
BRAMBILA JUAN F,BRAMBILA JUAN F,3.2,1,Missoula,MAIL TO: TRACY BUCKINGHAM 1433 CAMAS RD BONNER MT 59823,broad_owner_fragment:AMB,"Keyword/fragment, identity-field, or proximity-only discovery signal.",Rejected / unrelated,rejected,No authoritative current relationship to Arthur Blank / AMB West; excluded.
NEWTON DONALD R & AMBER J,NEWTON DONALD R AND AMBER J,3.194,2,Lincoln,10326 N CEDAR CT HAYDEN ID 83835-9266,broad_owner_fragment:AMB,"Keyword/fragment, identity-field, or proximity-only discovery signal.",Rejected / unrelated,rejected,No authoritative current relationship to Arthur Blank / AMB West; excluded.
PAPPERT ROBERT S &,PAPPERT ROBERT S AND,3.19,1,Park,7201 PIPER POINT LN CHARLOTTE NC 28277-0379,geographic_within_one_mile; geography_stats:near=1;adjoining=0;min_m=249.0,"Keyword/fragment, identity-field, or proximity-only discovery signal.",Rejected / unrelated,rejected,No authoritative current relationship to Arthur Blank / AMB West; excluded.
"YOUNG, AMBROSIA J",YOUNG AMBROSIA J,3.187,2,Yellowstone,4568 BOX CANYON SPRINGS RD BILLINGS MT 59101-7112,broad_owner_fragment:AMB,"Keyword/fragment, identity-field, or proximity-only discovery signal.",Rejected / unrelated,rejected,No authoritative current relationship to Arthur Blank / AMB West; excluded.
BONNER JOEL EDWARD III TRUST,BONNER JOEL EDWARD III TRUST,3.187,1,Park,PO BOX 1107 EMIGRANT MT 59027-1107,geographic_within_one_mile; geography_stats:near=1;adjoining=0;min_m=542.3,"Keyword/fragment, identity-field, or proximity-only discovery signal.",Rejected / unrelated,rejected,No authoritative current relationship to Arthur Blank / AMB West; excluded.
DAILEY BO R & AMBER P,DAILEY BO R AND AMBER P,3.18,1,Lake,40540 S TERRACE CIR POLSON MT 59860-7631,broad_owner_fragment:AMB,"Keyword/fragment, identity-field, or proximity-only discovery signal.",Rejected / unrelated,rejected,No authoritative current relationship to Arthur Blank / AMB West; excluded.
KAISER KIM KAIGLER &,KAISER KIM KAIGLER AND,3.179,1,Park,PO BOX 614 NATCHEZ MS 39121-0614,geographic_within_one_mile; geography_stats:near=1;adjoining=0;min_m=166.0,"Keyword/fragment, identity-field, or proximity-only discovery signal.",Rejected / unrelated,rejected,No authoritative current relationship to Arthur Blank / AMB West; excluded.
PARADISE PROPERTIES LLC,PARADISE PROPERTIES LLC,3.172,3,Park,1415 W PARK ST LIVINGSTON MT 59047-3343,broad_owner_fragment:PARADISE,"Keyword/fragment, identity-field, or proximity-only discovery signal.",Rejected / unrelated,rejected,No authoritative current relationship to Arthur Blank / AMB West; excluded.
CHAMBERLIN JEKIN KAYLIE JEAN,CHAMBERLIN JEKIN KAYLIE JEAN,3.151,1,Silver Bow,8600 CONTINENTAL DR BUTTE MT 59701-7617,broad_owner_fragment:AMB,"Keyword/fragment, identity-field, or proximity-only discovery signal.",Rejected / unrelated,rejected,No authoritative current relationship to Arthur Blank / AMB West; excluded.
CHAMBERLIN FRANCES M,CHAMBERLIN FRANCES M,3.15,2,Silver Bow,921 STANDBY CREEK RD BUTTE MT 59701-9719,broad_owner_fragment:AMB,"Keyword/fragment, identity-field, or proximity-only discovery signal.",Rejected / unrelated,rejected,No authoritative current relationship to Arthur Blank / AMB West; excluded.
LAMB LANCE J & SHAWNA L,LAMB LANCE J AND SHAWNA L,3.132,1,Gallatin,115 BRIDGER PEAK DRIVE BELGRADE MT 59714,broad_owner_fragment:AMB,"Keyword/fragment, identity-field, or proximity-only discovery signal.",Rejected / unrelated,rejected,No authoritative current relationship to Arthur Blank / AMB West; excluded.
CHAMBERLAIN JAMES L,CHAMBERLAIN JAMES L,3.131,1,Jefferson,9 S HILLS RD CLANCY MT 59634-9807,broad_owner_fragment:AMB,"Keyword/fragment, identity-field, or proximity-only discovery signal.",Rejected / unrelated,rejected,No authoritative current relationship to Arthur Blank / AMB West; excluded.
MUSHRUSH TERRY & SANDRA,MUSHRUSH TERRY AND SANDRA,3.115,1,Park,18 SUNDANCE DR LIVINGSTON MT 59047-8608,geographic_within_one_mile; geography_stats:near=1;adjoining=0;min_m=1217.8,"Keyword/fragment, identity-field, or proximity-only discovery signal.",Rejected / unrelated,rejected,No authoritative current relationship to Arthur Blank / AMB West; excluded.
KUCHARSKI NICHOLAS & CAMBRA,KUCHARSKI NICHOLAS AND CAMBRA,3.1,1,Flathead,1752 FAIRVIEW CEMETERY RD COLUMBIA FALLS MT 59912-9333,broad_owner_fragment:AMB,"Keyword/fragment, identity-field, or proximity-only discovery signal.",Rejected / unrelated,rejected,No authoritative current relationship to Arthur Blank / AMB West; excluded.
OLSSON JEFFREY K & AMBER A,OLSSON JEFFREY K AND AMBER A,3.095,1,Lewis and Clark,1950 LODGEPOLE RD HELENA MT 59601-5806,broad_owner_fragment:AMB,"Keyword/fragment, identity-field, or proximity-only discovery signal.",Rejected / unrelated,rejected,No authoritative current relationship to Arthur Blank / AMB West; excluded.
PAGE JESSICA J,PAGE JESSICA J,3.086,1,Park,PO BOX 1078 EMIGRANT MT 59027-1078,geographic_within_one_mile; geography_stats:near=1;adjoining=0;min_m=275.4,"Keyword/fragment, identity-field, or proximity-only discovery signal.",Rejected / unrelated,rejected,No authoritative current relationship to Arthur Blank / AMB West; excluded.
BENNETT ROBERT & MARY,BENNETT ROBERT AND MARY,3.056,1,Park,273 GLASS RD REIDSVILLE NC 27320-8799,geographic_adjoining_or_within_10m; geographic_within_one_mile; geography_stats:near=1;adjoining=1;min_m=0.0,"Cadastral geometry adjoins a confirmed ranch, but no name/address/corporate evidence links it to AMB West.",Rejected / unrelated,rejected,Neighboring ownership is not beneficial ownership; distinct owner remains excluded.
HAMPTON BRIAN &,HAMPTON BRIAN AND,3.054,1,Park,423 TERRACINA WAY NAPLES FL 34119-1816,geographic_within_one_mile; geography_stats:near=1;adjoining=0;min_m=375.9,"Keyword/fragment, identity-field, or proximity-only discovery signal.",Rejected / unrelated,rejected,No authoritative current relationship to Arthur Blank / AMB West; excluded.
CHAMBERLIN PAMELA J,CHAMBERLIN PAMELA J,3.04,1,Silver Bow,2430 ZELLA DR BUTTE MT 59701-7103,broad_owner_fragment:AMB,"Keyword/fragment, identity-field, or proximity-only discovery signal.",Rejected / unrelated,rejected,No authoritative current relationship to Arthur Blank / AMB West; excluded.
PARADISE FENCING AND CONSTRUCTION COMPANY INC,PARADISE FENCING AND CONSTRUCTION COMPANY INC,3.038,1,Cascade,6121 2ND AVE N GREAT FALLS MT 59405-1523,broad_owner_fragment:PARADISE,"Keyword/fragment, identity-field, or proximity-only discovery signal.",Rejected / unrelated,rejected,No authoritative current relationship to Arthur Blank / AMB West; excluded.
BARNASEVITCH MICHAEL & JILL,BARNASEVITCH MICHAEL AND JILL,3.01,1,Park,PO BOX 988 EMIGRANT MT 59027-0988,geographic_within_one_mile; geography_stats:near=1;adjoining=0;min_m=501.5,"Keyword/fragment, identity-field, or proximity-only discovery signal.",Rejected / unrelated,rejected,No authoritative current relationship to Arthur Blank / AMB West; excluded.
BLANKENSHIP DAWN,BLANKENSHIP DAWN,3.01,1,Broadwater,406 N 19TH AVE BOZEMAN MT 59718-3122,broad_owner_fragment:BLANK,"Keyword/fragment, identity-field, or proximity-only discovery signal.",Rejected / unrelated,rejected,No authoritative current relationship to Arthur Blank / AMB West; excluded.
CROPPER CRYSTAL LYNN,CROPPER CRYSTAL LYNN,3.0,1,Park,135 ARTURUS DR #344 EMIGRANT MT 59027,geographic_within_one_mile; geography_stats:near=1;adjoining=0;min_m=384.9,"Keyword/fragment, identity-field, or proximity-only discovery signal.",Rejected / unrelated,rejected,No authoritative current relationship to Arthur Blank / AMB West; excluded.
KEHOE DANIEL J JR & PAULA J,KEHOE DANIEL J JR AND PAULA J,3.0,1,Park,PO BOX 499 EMIGRANT MT 59027-0499,geographic_within_one_mile; geography_stats:near=1;adjoining=0;min_m=238.0,"Keyword/fragment, identity-field, or proximity-only discovery signal.",Rejected / unrelated,rejected,No authoritative current relationship to Arthur Blank / AMB West; excluded.
PARK COUNTY RURAL FIRE DISTRICT # 1,PARK COUNTY RURAL FIRE DISTRICT 1,3.0,1,Park,PO BOX 1134 LIVINGSTON MT 59047-1134,geographic_within_one_mile; geography_stats:near=1;adjoining=0;min_m=46.0,"Keyword/fragment, identity-field, or proximity-only discovery signal.",Rejected / unrelated,rejected,No authoritative current relationship to Arthur Blank / AMB West; excluded.
RAVEN CATHERINE L,RAVEN CATHERINE L,3.0,1,Park,PO BOX 87 EMIGRANT MT 59027-0087,geographic_within_one_mile; geography_stats:near=1;adjoining=0;min_m=311.3,"Keyword/fragment, identity-field, or proximity-only discovery signal.",Rejected / unrelated,rejected,No authoritative current relationship to Arthur Blank / AMB West; excluded.
BOLEN H RICHARD & ELLEN L,BOLEN H RICHARD AND ELLEN L,2.994,1,Park,PO BOX 1608 EMIGRANT MT 59027-1608,geographic_within_one_mile; geography_stats:near=1;adjoining=0;min_m=628.7,"Keyword/fragment, identity-field, or proximity-only discovery signal.",Rejected / unrelated,rejected,No authoritative current relationship to Arthur Blank / AMB West; excluded.
LANG MARK A & AMBER G,LANG MARK A AND AMBER G,2.99,1,Flathead,59 DIXIE LN KALISPELL MT 59901-7961,broad_owner_fragment:AMB,"Keyword/fragment, identity-field, or proximity-only discovery signal.",Rejected / unrelated,rejected,No authoritative current relationship to Arthur Blank / AMB West; excluded.
ACRIGAROFALO DOMENICO,ACRIGAROFALO DOMENICO,2.93,1,Gallatin,42 EVERGREEN ROW ARMONK NY 10504-2210,broad_owner_fragment:DOME,"Keyword/fragment, identity-field, or proximity-only discovery signal.",Rejected / unrelated,rejected,No authoritative current relationship to Arthur Blank / AMB West; excluded.
BLANK ARYE AND,BLANK ARYE AND,2.91,1,Ravalli,1678 PLEASANT VIEW DR VICTOR MT 59875-9419,broad_owner_fragment:BLANK,"Keyword/fragment, identity-field, or proximity-only discovery signal.",Rejected / unrelated,rejected,No authoritative current relationship to Arthur Blank / AMB West; excluded.
MILLER CHRISTOPHER M & AMBER K,MILLER CHRISTOPHER M AND AMBER K,2.905,1,Deer Lodge,115 PRIEBE GULCH DR ANACONDA MT 59711-6113,broad_owner_fragment:AMB,"Keyword/fragment, identity-field, or proximity-only discovery signal.",Rejected / unrelated,rejected,No authoritative current relationship to Arthur Blank / AMB West; excluded.
AJSPUR THOMAS & HENRIETTE,AJSPUR THOMAS AND HENRIETTE,2.879,1,Park,947 EDEN ISLE DR NE SAINT PETERSBURG FL 33704-1703,geographic_within_one_mile; geography_stats:near=1;adjoining=0;min_m=477.8,"Keyword/fragment, identity-field, or proximity-only discovery signal.",Rejected / unrelated,rejected,No authoritative current relationship to Arthur Blank / AMB West; excluded.
LAMB JOHN,LAMB JOHN,2.86,1,Sanders,25 ANDREWS RD HOT SPRINGS MT 59845-9317,broad_owner_fragment:AMB,"Keyword/fragment, identity-field, or proximity-only discovery signal.",Rejected / unrelated,rejected,No authoritative current relationship to Arthur Blank / AMB West; excluded.
"WOODARD, WILLIAM D & AMBER S",WOODARD WILLIAM D AND AMBER S,2.85,1,Flathead,1250 MARTIN CREEK LN WHITEFISH MT 59937-8748,broad_owner_fragment:AMB,"Keyword/fragment, identity-field, or proximity-only discovery signal.",Rejected / unrelated,rejected,No authoritative current relationship to Arthur Blank / AMB West; excluded.
RAMBO RALPH E & LAURIE J,RAMBO RALPH E AND LAURIE J,2.837,1,Granite,7310 OLD GRANT CREEK RD MISSOULA MT 59808-9039,broad_owner_fragment:AMB,"Keyword/fragment, identity-field, or proximity-only discovery signal.",Rejected / unrelated,rejected,No authoritative current relationship to Arthur Blank / AMB West; excluded.
CHAMBERS & CO LLC,CHAMBERS AND CO LLC,2.8,1,Gallatin,1539 POWERS BLVD BELGRADE MT 59714-7723,broad_owner_fragment:AMB,"Keyword/fragment, identity-field, or proximity-only discovery signal.",Rejected / unrelated,rejected,No authoritative current relationship to Arthur Blank / AMB West; excluded.
HARSTINE HEATH RYAN & AMBER LYNN,HARSTINE HEATH RYAN AND AMBER LYNN,2.8,1,Beaverhead,230 TENDERFOOT TRL DILLON MT 59725-8596,broad_owner_fragment:AMB,"Keyword/fragment, identity-field, or proximity-only discovery signal.",Rejected / unrelated,rejected,No authoritative current relationship to Arthur Blank / AMB West; excluded.
ADAMSON KALEN & AMBRIA S,ADAMSON KALEN AND AMBRIA S,2.78,1,Beaverhead,8120 MEDICINE LODGE RD DILLON MT 59725-9616,broad_owner_fragment:AMB,"Keyword/fragment, identity-field, or proximity-only discovery signal.",Rejected / unrelated,rejected,No authoritative current relationship to Arthur Blank / AMB West; excluded.
FLUCKIGER DORAN & TAMBI JTROS,FLUCKIGER DORAN AND TAMBI JTROS,2.78,1,Beaverhead,359 GOSHAWK LN DILLON MT 59725-7421,broad_owner_fragment:AMB,"Keyword/fragment, identity-field, or proximity-only discovery signal.",Rejected / unrelated,rejected,No authoritative current relationship to Arthur Blank / AMB West; excluded.
HELMBRECHT DONALD JAMES &,HELMBRECHT DONALD JAMES AND,2.778,1,Park,PO BOX 577 EMIGRANT MT 59027-0577,geographic_within_one_mile; geography_stats:near=1;adjoining=0;min_m=848.8,"Keyword/fragment, identity-field, or proximity-only discovery signal.",Rejected / unrelated,rejected,No authoritative current relationship to Arthur Blank / AMB West; excluded.
HUMMEL ROBERT BRYCE & STASIA ALEEN,HUMMEL ROBERT BRYCE AND STASIA ALEEN,2.775,1,Park,PO BOX 1151 EMIGRANT MT 59027-1151,geographic_within_one_mile; geography_stats:near=1;adjoining=0;min_m=446.7,"Keyword/fragment, identity-field, or proximity-only discovery signal.",Rejected / unrelated,rejected,No authoritative current relationship to Arthur Blank / AMB West; excluded.
GAMBOA TARA,GAMBOA TARA,2.76,2,Carter | Rosebud,2 YUCCA CIR MILES CITY MT 59301-5851,broad_owner_fragment:AMB,"Keyword/fragment, identity-field, or proximity-only discovery signal.",Rejected / unrelated,rejected,No authoritative current relationship to Arthur Blank / AMB West; excluded.
AMBAGIS LUKE R & CRYSTAL,AMBAGIS LUKE R AND CRYSTAL,2.753,2,Ravalli,PO BOX 276 CONNER MT 59827-0276,broad_owner_fragment:AMB,"Keyword/fragment, identity-field, or proximity-only discovery signal.",Rejected / unrelated,rejected,No authoritative current relationship to Arthur Blank / AMB West; excluded.
CHAMBERS WILLIAM P,CHAMBERS WILLIAM P,2.73,1,Park,14 CEDAR BLUFFS RD LIVINGSTON MT 59047-8909,broad_owner_fragment:AMB,"Keyword/fragment, identity-field, or proximity-only discovery signal.",Rejected / unrelated,rejected,No authoritative current relationship to Arthur Blank / AMB West; excluded.
CHAMBERLIN BUFFY J & THOMAS P,CHAMBERLIN BUFFY J AND THOMAS P,2.722,1,Stillwater,PO BOX 69 COLUMBUS MT 59019-0069,broad_owner_fragment:AMB,"Keyword/fragment, identity-field, or proximity-only discovery signal.",Rejected / unrelated,rejected,No authoritative current relationship to Arthur Blank / AMB West; excluded.
APPERSON MATTHEW & AMBER,APPERSON MATTHEW AND AMBER,2.7,1,Ravalli,4189 ILLINOIS BENCH RD STEVENSVILLE MT 59870-6315,broad_owner_fragment:AMB,"Keyword/fragment, identity-field, or proximity-only discovery signal.",Rejected / unrelated,rejected,No authoritative current relationship to Arthur Blank / AMB West; excluded.
CHAMBERLAIN DAVID E & ROY C,CHAMBERLAIN DAVID E AND ROY C,2.69,1,Missoula,6860 SLIDEROCK DR CLINTON MT 59825-8511,broad_owner_fragment:AMB,"Keyword/fragment, identity-field, or proximity-only discovery signal.",Rejected / unrelated,rejected,No authoritative current relationship to Arthur Blank / AMB West; excluded.
CHAMBERLIN EDWARD R & JENNIFER L,CHAMBERLIN EDWARD R AND JENNIFER L,2.69,1,Broadwater,PO BOX 1082 TOWNSEND MT 59644-1082,broad_owner_fragment:AMB,"Keyword/fragment, identity-field, or proximity-only discovery signal.",Rejected / unrelated,rejected,No authoritative current relationship to Arthur Blank / AMB West; excluded.
CHAMBERS LARRY A & MARGARET J,CHAMBERS LARRY A AND MARGARET J,2.67,1,Lincoln,PO BOX 2373 EUREKA MT 59917-2373,broad_owner_fragment:AMB,"Keyword/fragment, identity-field, or proximity-only discovery signal.",Rejected / unrelated,rejected,No authoritative current relationship to Arthur Blank / AMB West; excluded.
BLANK ROBERT G JR & STARLA,BLANK ROBERT G JR AND STARLA,2.66,1,Jefferson,3 HIGH COUNTRY LANE CLANCY MT 59634,broad_owner_fragment:BLANK,"Keyword/fragment, identity-field, or proximity-only discovery signal.",Rejected / unrelated,rejected,No authoritative current relationship to Arthur Blank / AMB West; excluded.
KING FRANK ANTHONY III & AMBER LOUISE TRUSTEES,KING FRANK ANTHONY III AND AMBER LOUISE TRUSTEES,2.658,2,Gallatin,2 EMERGER TRL BOZEMAN MT 59718-1146,broad_owner_fragment:AMB,"Keyword/fragment, identity-field, or proximity-only discovery signal.",Rejected / unrelated,rejected,No authoritative current relationship to Arthur Blank / AMB West; excluded.
PURDON EMILY LIVING TRUST,PURDON EMILY LIVING TRUST,2.658,1,Park,106 ARROW PEAK CT BOZEMAN MT 59718-1105,geographic_within_one_mile; geography_stats:near=1;adjoining=0;min_m=638.7,"Keyword/fragment, identity-field, or proximity-only discovery signal.",Rejected / unrelated,rejected,No authoritative current relationship to Arthur Blank / AMB West; excluded.
HOOFMAN JOHN & AMBER,HOOFMAN JOHN AND AMBER,2.65,1,Jefferson,4 ELK DR CLANCY MT 59634-9225,broad_owner_fragment:AMB,"Keyword/fragment, identity-field, or proximity-only discovery signal.",Rejected / unrelated,rejected,No authoritative current relationship to Arthur Blank / AMB West; excluded.
WARWICK LEVI & AMBER,WARWICK LEVI AND AMBER,2.636,1,Jefferson,23 PIKA RD CLANCY MT 59634-9820,broad_owner_fragment:AMB,"Keyword/fragment, identity-field, or proximity-only discovery signal.",Rejected / unrelated,rejected,No authoritative current relationship to Arthur Blank / AMB West; excluded.
BLANKENSHIP SABRINA,BLANKENSHIP SABRINA,2.63,1,Lewis and Clark,1204 ATLANTIC AVE LONGPORT NJ 08403-1010,broad_owner_fragment:BLANK,"Keyword/fragment, identity-field, or proximity-only discovery signal.",Rejected / unrelated,rejected,No authoritative current relationship to Arthur Blank / AMB West; excluded.
PARADISE BUILDIERS INC,PARADISE BUILDIERS INC,2.63,2,Park,PO BOX 1322 LIVINGSTON MT 59047-1322,broad_owner_fragment:PARADISE,"Keyword/fragment, identity-field, or proximity-only discovery signal.",Rejected / unrelated,rejected,No authoritative current relationship to Arthur Blank / AMB West; excluded.
POLKOWSKI AMBER L,POLKOWSKI AMBER L,2.63,1,Ravalli,702 RABBIT RUN STEVENSVILLE MT 59870-6961,broad_owner_fragment:AMB,"Keyword/fragment, identity-field, or proximity-only discovery signal.",Rejected / unrelated,rejected,No authoritative current relationship to Arthur Blank / AMB West; excluded.
CHAMBERLAIN TYLER G & CHERYL R,CHAMBERLAIN TYLER G AND CHERYL R,2.61,1,Dawson,191 HIGHWAY 200 S GLENDIVE MT 59330-9434,broad_owner_fragment:AMB,"Keyword/fragment, identity-field, or proximity-only discovery signal.",Rejected / unrelated,rejected,No authoritative current relationship to Arthur Blank / AMB West; excluded.
STEPHENSON REVOCABLE LIVING TRUST,STEPHENSON REVOCABLE LIVING TRUST,2.61,1,Park,26 SAPPHIRE FLAT TRL LIVINGSTON MT 59047-8848,geographic_within_one_mile; geography_stats:near=1;adjoining=0;min_m=1493.7,"Keyword/fragment, identity-field, or proximity-only discovery signal.",Rejected / unrelated,rejected,No authoritative current relationship to Arthur Blank / AMB West; excluded.
LAMB JOHN C & MARY A,LAMB JOHN C AND MARY A,2.609,1,Lewis and Clark,245 OHANA CT HELENA MT 59602-7117,broad_owner_fragment:AMB,"Keyword/fragment, identity-field, or proximity-only discovery signal.",Rejected / unrelated,rejected,No authoritative current relationship to Arthur Blank / AMB West; excluded.
GAMBALA RICKIE L,GAMBALA RICKIE L,2.599,1,Lake,30290 S FERNDALE DR BIGFORK MT 59911-5842,broad_owner_fragment:AMB,"Keyword/fragment, identity-field, or proximity-only discovery signal.",Rejected / unrelated,rejected,No authoritative current relationship to Arthur Blank / AMB West; excluded.
LAMBERT TANNER & HANNAH,LAMBERT TANNER AND HANNAH,2.582,2,Madison,PO BOX 158 HARRISON MT 59735-0158,broad_owner_fragment:AMB,"Keyword/fragment, identity-field, or proximity-only discovery signal.",Rejected / unrelated,rejected,No authoritative current relationship to Arthur Blank / AMB West; excluded.
WAMBACH MICHAEL J BENF,WAMBACH MICHAEL J BENF,2.567,1,Cascade,17 DEAR LANE LOOP VAUGHN MT 59487-9541,broad_owner_fragment:AMB,"Keyword/fragment, identity-field, or proximity-only discovery signal.",Rejected / unrelated,rejected,No authoritative current relationship to Arthur Blank / AMB West; excluded.
TAMBLYN PATRICIA C,TAMBLYN PATRICIA C,2.56,1,Flathead,111 VISTA DR BIGFORK MT 59911-6161,broad_owner_fragment:AMB,"Keyword/fragment, identity-field, or proximity-only discovery signal.",Rejected / unrelated,rejected,No authoritative current relationship to Arthur Blank / AMB West; excluded.
RAMBO BONNIE & WILL ETAL,RAMBO BONNIE AND WILL ETAL,2.545,2,Cascade,26 S MANCHESTER RD GREAT FALLS MT 59404-6209,broad_owner_fragment:AMB,"Keyword/fragment, identity-field, or proximity-only discovery signal.",Rejected / unrelated,rejected,No authoritative current relationship to Arthur Blank / AMB West; excluded.
"NOY, BLAKE RAYMOND & AMBER",NOY BLAKE RAYMOND AND AMBER,2.54,1,Yellowstone,1616 HARNESS LN BILLINGS MT 59105-5627,broad_owner_fragment:AMB,"Keyword/fragment, identity-field, or proximity-only discovery signal.",Rejected / unrelated,rejected,No authoritative current relationship to Arthur Blank / AMB West; excluded.
LAMBOTT LARRY L & PAMELA J JT,LAMBOTT LARRY L AND PAMELA J JT,2.538,6,Chouteau,PO BOX 681 FORT BENTON MT 59442-0681,broad_owner_fragment:AMB,"Keyword/fragment, identity-field, or proximity-only discovery signal.",Rejected / unrelated,rejected,No authoritative current relationship to Arthur Blank / AMB West; excluded.
HURLEY STEVEN M AND AMBER E,HURLEY STEVEN M AND AMBER E,2.53,1,Fallon,PO BOX 1277 BAKER MT 59313-1277,broad_owner_fragment:AMB,"Keyword/fragment, identity-field, or proximity-only discovery signal.",Rejected / unrelated,rejected,No authoritative current relationship to Arthur Blank / AMB West; excluded.
SHAMBLES FRANKLIN & CARA,SHAMBLES FRANKLIN AND CARA,2.53,1,Ravalli,1102 US HIGHWAY 93 N VICTOR MT 59875-9710,broad_owner_fragment:AMB,"Keyword/fragment, identity-field, or proximity-only discovery signal.",Rejected / unrelated,rejected,No authoritative current relationship to Arthur Blank / AMB West; excluded.
GALLIGAN SEAN,GALLIGAN SEAN,2.526,1,Park,4841 SOUTHERN TRL MYRTLE BEACH SC 29579-7270,geographic_adjoining_or_within_10m; geographic_within_one_mile; geography_stats:near=1;adjoining=1;min_m=0.0,"Cadastral geometry adjoins a confirmed ranch, but no name/address/corporate evidence links it to AMB West.",Rejected / unrelated,rejected,Neighboring ownership is not beneficial ownership; distinct owner remains excluded.
LAMBRIGHT BIG SKY LLC,LAMBRIGHT BIG SKY LLC,2.509,2,Deer Lodge,MAIL TO US TRUST/THAYER 800 MARKET ST 13TH FLOOR ST LOUIS MO 63101 | PO BOX 30983 SEA ISLAND GA 31561-0983,broad_owner_fragment:AMB,"Keyword/fragment, identity-field, or proximity-only discovery signal.",Rejected / unrelated,rejected,No authoritative current relationship to Arthur Blank / AMB West; excluded.
MITCHEM RICHARD C & NANCY A,MITCHEM RICHARD C AND NANCY A,2.506,1,Park,PO BOX 554 EMIGRANT MT 59027-0554,geographic_within_one_mile; geography_stats:near=1;adjoining=0;min_m=547.4,"Keyword/fragment, identity-field, or proximity-only discovery signal.",Rejected / unrelated,rejected,No authoritative current relationship to Arthur Blank / AMB West; excluded.
"MARTIN, SCOTT & AMBER LYNN",MARTIN SCOTT AND AMBER LYNN,2.504,1,Yellowstone,5325 STATON DR BILLINGS MT 59106-3713,broad_owner_fragment:AMB,"Keyword/fragment, identity-field, or proximity-only discovery signal.",Rejected / unrelated,rejected,No authoritative current relationship to Arthur Blank / AMB West; excluded.
ALLEN AMBER TRUSTEE,ALLEN AMBER TRUSTEE,2.5,1,Missoula,MAIL TO: JIMMIE & LINDSAY MCKAY PO BOX 436 FRENCHTOWN MT 59834-0436,broad_owner_fragment:AMB,"Keyword/fragment, identity-field, or proximity-only discovery signal.",Rejected / unrelated,rejected,No authoritative current relationship to Arthur Blank / AMB West; excluded.
CHAMBERLAIN JEFFREY,CHAMBERLAIN JEFFREY,2.5,1,Richland,307 9TH AVE NW SIDNEY MT 59270-3757,broad_owner_fragment:AMB,"Keyword/fragment, identity-field, or proximity-only discovery signal.",Rejected / unrelated,rejected,No authoritative current relationship to Arthur Blank / AMB West; excluded.
DOMENECH ELIZABETH A & CHEMA,DOMENECH ELIZABETH A AND CHEMA,2.5,1,Gallatin,8965 SANDY CREEK LN BOZEMAN MT 59715-7726,broad_owner_fragment:DOME,"Keyword/fragment, identity-field, or proximity-only discovery signal.",Rejected / unrelated,rejected,No authoritative current relationship to Arthur Blank / AMB West; excluded.
HOLIHAN MICHELLE ANNE,HOLIHAN MICHELLE ANNE,2.5,1,Park,PO BOX 394 GARDINER MT 59030-0394,geographic_within_one_mile; geography_stats:near=1;adjoining=0;min_m=288.1,"Keyword/fragment, identity-field, or proximity-only discovery signal.",Rejected / unrelated,rejected,No authoritative current relationship to Arthur Blank / AMB West; excluded.
MAY PAMELA W,MAY PAMELA W,2.5,1,Park,PO BOX 532 EMIGRANT MT 59027-0532,geographic_within_one_mile; geography_stats:near=1;adjoining=0;min_m=321.4,"Keyword/fragment, identity-field, or proximity-only discovery signal.",Rejected / unrelated,rejected,No authoritative current relationship to Arthur Blank / AMB West; excluded.
PARADISE ADVENTURE COMPANY,PARADISE ADVENTURE COMPANY,2.5,1,Park,PO BOX 480 GARDINER MT 59030-0480,broad_owner_fragment:PARADISE,"Keyword/fragment, identity-field, or proximity-only discovery signal.",Rejected / unrelated,rejected,No authoritative current relationship to Arthur Blank / AMB West; excluded.
CHAMBRY MAUREEN P,CHAMBRY MAUREEN P,2.49,1,Beaverhead,PO BOX 526 DILLON MT 59725-0526,broad_owner_fragment:AMB,"Keyword/fragment, identity-field, or proximity-only discovery signal.",Rejected / unrelated,rejected,No authoritative current relationship to Arthur Blank / AMB West; excluded.
SKRANAK MATTHEW F & AMBER M,SKRANAK MATTHEW F AND AMBER M,2.486,2,Lincoln,494 RAWLINGS RD LIBBY MT 59923-8961,broad_owner_fragment:AMB,"Keyword/fragment, identity-field, or proximity-only discovery signal.",Rejected / unrelated,rejected,No authoritative current relationship to Arthur Blank / AMB West; excluded.
EARLY DIANE M,EARLY DIANE M,2.482,1,Park,311 S WILLSON AVE BOZEMAN MT 59715-4632,geographic_within_one_mile; geography_stats:near=1;adjoining=0;min_m=127.9,"Keyword/fragment, identity-field, or proximity-only discovery signal.",Rejected / unrelated,rejected,No authoritative current relationship to Arthur Blank / AMB West; excluded.
DAVIS THOMAS WILLIAM,DAVIS THOMAS WILLIAM,2.477,1,Park,PO BOX 1050 GARDINER MT 59030-1050,geographic_within_one_mile; geography_stats:near=1;adjoining=0;min_m=1023.8,"Keyword/fragment, identity-field, or proximity-only discovery signal.",Rejected / unrelated,rejected,No authoritative current relationship to Arthur Blank / AMB West; excluded.
GRAY JONATHAN J & AMBER B,GRAY JONATHAN J AND AMBER B,2.47,1,Flathead,5600 US HIGHWAY 93 S SOMERS MT 59932-9790,broad_owner_fragment:AMB,"Keyword/fragment, identity-field, or proximity-only discovery signal.",Rejected / unrelated,rejected,No authoritative current relationship to Arthur Blank / AMB West; excluded.
PEACE OF PARADISE LLC,PEACE OF PARADISE LLC,2.46,1,Ravalli,773 KINDNESS WAY HAMILTON MT 59840-9635,broad_owner_fragment:PARADISE,"Keyword/fragment, identity-field, or proximity-only discovery signal.",Rejected / unrelated,rejected,No authoritative current relationship to Arthur Blank / AMB West; excluded.
FOLEY AMBER J & JONATHON R,FOLEY AMBER J AND JONATHON R,2.454,1,Lewis and Clark,2541 KAIN QUARRY DR HELENA MT 59601-6631,broad_owner_fragment:AMB,"Keyword/fragment, identity-field, or proximity-only discovery signal.",Rejected / unrelated,rejected,No authoritative current relationship to Arthur Blank / AMB West; excluded.
GAMBLE JAMES W ET AL,GAMBLE JAMES W ET AL,2.452,1,Fergus,PO BOX 724 LEWISTOWN MT 59457-0724,broad_owner_fragment:AMB,"Keyword/fragment, identity-field, or proximity-only discovery signal.",Rejected / unrelated,rejected,No authoritative current relationship to Arthur Blank / AMB West; excluded.
BRUMFIELD THOMAS,BRUMFIELD THOMAS,2.447,1,Park,1572 COVE LANDING DR JACKSONVILLE FL 32233-2060,geographic_within_one_mile; geography_stats:near=1;adjoining=0;min_m=88.2,"Keyword/fragment, identity-field, or proximity-only discovery signal.",Rejected / unrelated,rejected,No authoritative current relationship to Arthur Blank / AMB West; excluded.
GAMBILL BRUCE DAVID & CYNTHIA CLAIRE TTES,GAMBILL BRUCE DAVID AND CYNTHIA CLAIRE TTES,2.44,3,Lincoln,988 WEST TAMARCK LN TROY MT 59935,broad_owner_fragment:AMB,"Keyword/fragment, identity-field, or proximity-only discovery signal.",Rejected / unrelated,rejected,No authoritative current relationship to Arthur Blank / AMB West; excluded.
STACY AMBER,STACY AMBER,2.439,1,Gallatin,381 BRIAR PL BELGRADE MT 59714-7580,broad_owner_fragment:AMB,"Keyword/fragment, identity-field, or proximity-only discovery signal.",Rejected / unrelated,rejected,No authoritative current relationship to Arthur Blank / AMB West; excluded.
SCHMIDT JESSE & CAMBRE,SCHMIDT JESSE AND CAMBRE,2.435,1,Ravalli,232 SUNSET ALLEY DR VICTOR MT 59875-9411,broad_owner_fragment:AMB,"Keyword/fragment, identity-field, or proximity-only discovery signal.",Rejected / unrelated,rejected,No authoritative current relationship to Arthur Blank / AMB West; excluded.
CHAMBERS JASON DANIEL & XUAN THU THI,CHAMBERS JASON DANIEL AND XUAN THU THI,2.43,1,Flathead,539 W COMMERCE ST # 4229 DALLAS TX 75208-1953,broad_owner_fragment:AMB,"Keyword/fragment, identity-field, or proximity-only discovery signal.",Rejected / unrelated,rejected,No authoritative current relationship to Arthur Blank / AMB West; excluded.
KRENZLER DAN L & BILLIE I,KRENZLER DAN L AND BILLIE I,2.426,1,Park,207 E RIVER RD EMIGRANT MT 59027-6105,geographic_within_one_mile; geography_stats:near=1;adjoining=0;min_m=66.4,"Keyword/fragment, identity-field, or proximity-only discovery signal.",Rejected / unrelated,rejected,No authoritative current relationship to Arthur Blank / AMB West; excluded.
LARSON JAY &,LARSON JAY AND,2.426,1,Park,4 TIMBER LN CLANCY MT 59634-9787,geographic_within_one_mile; geography_stats:near=1;adjoining=0;min_m=57.4,"Keyword/fragment, identity-field, or proximity-only discovery signal.",Rejected / unrelated,rejected,No authoritative current relationship to Arthur Blank / AMB West; excluded.
PLANT EDWARD L & AMBER,PLANT EDWARD L AND AMBER,2.42,1,Cascade,54 WOODLAND ESTATES RD GREAT FALLS MT 59404-6404,broad_owner_fragment:AMB,"Keyword/fragment, identity-field, or proximity-only discovery signal.",Rejected / unrelated,rejected,No authoritative current relationship to Arthur Blank / AMB West; excluded.
JENSEN KIM EDWARD &,JENSEN KIM EDWARD AND,2.418,1,Park,8856 FIELD RD CLAY MI 48001-3800,geographic_within_one_mile; geography_stats:near=1;adjoining=0;min_m=1101.2,"Keyword/fragment, identity-field, or proximity-only discovery signal.",Rejected / unrelated,rejected,No authoritative current relationship to Arthur Blank / AMB West; excluded.
LAMBERTON TUCKER & DANI,LAMBERTON TUCKER AND DANI,2.41,1,Lake,5350 KEIL LOOP MISSOULA MT 59808-9024,broad_owner_fragment:AMB,"Keyword/fragment, identity-field, or proximity-only discovery signal.",Rejected / unrelated,rejected,No authoritative current relationship to Arthur Blank / AMB West; excluded.
PARTHASARATHY RANGANATH & ANJU,PARTHASARATHY RANGANATH AND ANJU,2.4,1,Park,23 HERCULES RD EMIGRANT MT 59027,geographic_within_one_mile; geography_stats:near=1;adjoining=0;min_m=116.3,"Keyword/fragment, identity-field, or proximity-only discovery signal.",Rejected / unrelated,rejected,No authoritative current relationship to Arthur Blank / AMB West; excluded.
WILLIAMS AMBER JOY & GABRIEL Q,WILLIAMS AMBER JOY AND GABRIEL Q,2.387,3,Park,207 S M ST LIVINGSTON MT 59047-3219,broad_owner_fragment:AMB,"Keyword/fragment, identity-field, or proximity-only discovery signal.",Rejected / unrelated,rejected,No authoritative current relationship to Arthur Blank / AMB West; excluded.
ALBERT ANNASTASIA & AMBER JOYE,ALBERT ANNASTASIA AND AMBER JOYE,2.37,1,Lake,9463 MUIRKIRK RD APT 102 LAUREL MD 20708-2793,broad_owner_fragment:AMB,"Keyword/fragment, identity-field, or proximity-only discovery signal.",Rejected / unrelated,rejected,No authoritative current relationship to Arthur Blank / AMB West; excluded.
TAMBLYN JEFFREY & ALISHA,TAMBLYN JEFFREY AND ALISHA,2.37,1,Silver Bow,282 AMERICAN DRIVE BUTTE MT 59701,broad_owner_fragment:AMB,"Keyword/fragment, identity-field, or proximity-only discovery signal.",Rejected / unrelated,rejected,No authoritative current relationship to Arthur Blank / AMB West; excluded.
AMBURGEY GUY & JOE TRUSTEES,AMBURGEY GUY AND JOE TRUSTEES,2.363,1,Madison,PO BOX 155 MCALLISTER MT 59740,broad_owner_fragment:AMB,"Keyword/fragment, identity-field, or proximity-only discovery signal.",Rejected / unrelated,rejected,No authoritative current relationship to Arthur Blank / AMB West; excluded.
CHAMBERS TAMMY JEAN,CHAMBERS TAMMY JEAN,2.359,2,Broadwater | Gallatin,10626 COTTONWOOD RD BOZEMAN MT 59718-8936,broad_owner_fragment:AMB,"Keyword/fragment, identity-field, or proximity-only discovery signal.",Rejected / unrelated,rejected,No authoritative current relationship to Arthur Blank / AMB West; excluded.
HOERNER BRIAN & AMBER,HOERNER BRIAN AND AMBER,2.353,1,Cascade,21 FLORIDA RD GREAT FALLS MT 59404-6436,broad_owner_fragment:AMB,"Keyword/fragment, identity-field, or proximity-only discovery signal.",Rejected / unrelated,rejected,No authoritative current relationship to Arthur Blank / AMB West; excluded.
AMBURGEY FAMILY TRUST,AMBURGEY FAMILY TRUST,2.352,2,Madison,2736 CIBOLA AVE COSTA MESA CA 92626-5602,broad_owner_fragment:AMB,"Keyword/fragment, identity-field, or proximity-only discovery signal.",Rejected / unrelated,rejected,No authoritative current relationship to Arthur Blank / AMB West; excluded.
BACKER JEREMY R &,BACKER JEREMY R AND,2.345,1,Park,PO BOX 187 GARDINER MT 59030-0187,geographic_within_one_mile; geography_stats:near=1;adjoining=0;min_m=420.9,"Keyword/fragment, identity-field, or proximity-only discovery signal.",Rejected / unrelated,rejected,No authoritative current relationship to Arthur Blank / AMB West; excluded.
LENTZ KODIE & LOGAN,LENTZ KODIE AND LOGAN,2.343,1,Park,838 FLOWERY BRANCH RD KINGSTON GA 30145-1253,geographic_within_one_mile; geography_stats:near=1;adjoining=0;min_m=226.1,"Keyword/fragment, identity-field, or proximity-only discovery signal.",Rejected / unrelated,rejected,No authoritative current relationship to Arthur Blank / AMB West; excluded.
COOPER T J & AMBER,COOPER T J AND AMBER,2.316,1,Flathead,285 FIELDSTONE DR KALISPELL MT 59901-4846,broad_owner_fragment:AMB,"Keyword/fragment, identity-field, or proximity-only discovery signal.",Rejected / unrelated,rejected,No authoritative current relationship to Arthur Blank / AMB West; excluded.
LAMBERT MARIE & ANDRE FRANCOIS,LAMBERT MARIE AND ANDRE FRANCOIS,2.31,1,Ravalli,5322 SIMMENTAL TRL FLORENCE MT 59833-6960,broad_owner_fragment:AMB,"Keyword/fragment, identity-field, or proximity-only discovery signal.",Rejected / unrelated,rejected,No authoritative current relationship to Arthur Blank / AMB West; excluded.
FREER AMBER & DOUGLAS,FREER AMBER AND DOUGLAS,2.308,1,Ravalli,5170 LONE MEADOW CT FLORENCE MT 59833-6802,broad_owner_fragment:AMB,"Keyword/fragment, identity-field, or proximity-only discovery signal.",Rejected / unrelated,rejected,No authoritative current relationship to Arthur Blank / AMB West; excluded.
ELK PARADISE LLC,ELK PARADISE LLC,2.3,1,Beaverhead,C/O JOE OBRESLY 2515 GARLAND DR MISSOULA MT 59803,broad_owner_fragment:PARADISE,"Keyword/fragment, identity-field, or proximity-only discovery signal.",Rejected / unrelated,rejected,No authoritative current relationship to Arthur Blank / AMB West; excluded.
LAMBETH VANESSA D,LAMBETH VANESSA D,2.29,1,Ravalli,2416 LOYD DR CORVALLIS MT 59828-9582,broad_owner_fragment:AMB,"Keyword/fragment, identity-field, or proximity-only discovery signal.",Rejected / unrelated,rejected,No authoritative current relationship to Arthur Blank / AMB West; excluded.
WALLACE AMBER,WALLACE AMBER,2.285,4,Sanders,7220 LA CIENEGA ST LAS VEGAS NV 89119-4213 | 7220 LA CIENGA AVE LAS VEGAS NV 89119,broad_owner_fragment:AMB,"Keyword/fragment, identity-field, or proximity-only discovery signal.",Rejected / unrelated,rejected,No authoritative current relationship to Arthur Blank / AMB West; excluded.
DEVINE SEAN M,DEVINE SEAN M,2.28,1,Park,4632 OLD YELLOWSTONE TRL N LIVINGSTON MT 59047-8809,geographic_adjoining_or_within_10m; geographic_within_one_mile; geography_stats:near=1;adjoining=1;min_m=0.0,"Cadastral geometry adjoins a confirmed ranch, but no name/address/corporate evidence links it to AMB West.",Rejected / unrelated,rejected,Neighboring ownership is not beneficial ownership; distinct owner remains excluded.
LAMB LISA MARIE,LAMB LISA MARIE,2.25,1,Lewis and Clark,1910 RIEDEL CT SAN MARTIN CA 95046-9617,broad_owner_fragment:AMB,"Keyword/fragment, identity-field, or proximity-only discovery signal.",Rejected / unrelated,rejected,No authoritative current relationship to Arthur Blank / AMB West; excluded.
LAMBERT SCHOOL DISTRICT HOMEOWNERS ASSOCIATION INC,LAMBERT SCHOOL DISTRICT HOMEOWNERS ASSOCIATION INC,2.24,1,Richland,PO BOX 260 LAMBERT MT 59243-0260,broad_owner_fragment:AMB,"Keyword/fragment, identity-field, or proximity-only discovery signal.",Rejected / unrelated,rejected,No authoritative current relationship to Arthur Blank / AMB West; excluded.
BLANKENSHIP RICHARD F & RITA M,BLANKENSHIP RICHARD F AND RITA M,2.215,1,Deer Lodge,1398 SUNNYSIDE RD ANACONDA MT 59711-1767,broad_owner_fragment:BLANK,"Keyword/fragment, identity-field, or proximity-only discovery signal.",Rejected / unrelated,rejected,No authoritative current relationship to Arthur Blank / AMB West; excluded.
D'AMBROSIA SCOTT & STACEY,D AMBROSIA SCOTT AND STACEY,2.214,3,Carbon | Stillwater,3115 PLACER DR BILLINGS MT 59102-0842,broad_owner_fragment:AMB,"Keyword/fragment, identity-field, or proximity-only discovery signal.",Rejected / unrelated,rejected,No authoritative current relationship to Arthur Blank / AMB West; excluded.
MARTIN DAVID A & AMBER L,MARTIN DAVID A AND AMBER L,2.2,1,Mineral,2310 STRAND AVE MISSOULA MT 59801-5214,broad_owner_fragment:AMB,"Keyword/fragment, identity-field, or proximity-only discovery signal.",Rejected / unrelated,rejected,No authoritative current relationship to Arthur Blank / AMB West; excluded.
PETERSEN AMBER ISHLER,PETERSEN AMBER ISHLER,2.2,1,Missoula,12798 ORO CT MISSOULA MT 59808-8771,broad_owner_fragment:AMB,"Keyword/fragment, identity-field, or proximity-only discovery signal.",Rejected / unrelated,rejected,No authoritative current relationship to Arthur Blank / AMB West; excluded.
HOLDSAMBECK REX L & SHANNON E,HOLDSAMBECK REX L AND SHANNON E,2.19,4,Sanders,445 DEARBORN AVE MISSOULA MT 59801-8032 | 455 DEARBORN AVE MISSOULA MT 59801-8032,broad_owner_fragment:AMB,"Keyword/fragment, identity-field, or proximity-only discovery signal.",Rejected / unrelated,rejected,No authoritative current relationship to Arthur Blank / AMB West; excluded.
LAMB SEAN DAVISON,LAMB SEAN DAVISON,2.17,1,Lewis and Clark,22285 GUNSIGHT RD COLFAX CA 95713-9752,broad_owner_fragment:AMB,"Keyword/fragment, identity-field, or proximity-only discovery signal.",Rejected / unrelated,rejected,No authoritative current relationship to Arthur Blank / AMB West; excluded.
STAMBAUGH JEFFREY SCOTT,STAMBAUGH JEFFREY SCOTT,2.17,1,Richland,12480 COUNTY ROAD 352 SIDNEY MT 59270-6323,broad_owner_fragment:AMB,"Keyword/fragment, identity-field, or proximity-only discovery signal.",Rejected / unrelated,rejected,No authoritative current relationship to Arthur Blank / AMB West; excluded.
BAHMANN AMBER & JEFFREY,BAHMANN AMBER AND JEFFREY,2.167,1,Gallatin,1566 STEWART LOOP BOZEMAN MT 59718-5545,broad_owner_fragment:AMB,"Keyword/fragment, identity-field, or proximity-only discovery signal.",Rejected / unrelated,rejected,No authoritative current relationship to Arthur Blank / AMB West; excluded.
CHAMBERS PROPERTIES MT LLC,CHAMBERS PROPERTIES MT LLC,2.15,1,Park,786 DUBOIS DR BATON ROUGE LA 70808-5026,broad_owner_fragment:AMB,"Keyword/fragment, identity-field, or proximity-only discovery signal.",Rejected / unrelated,rejected,No authoritative current relationship to Arthur Blank / AMB West; excluded.
AMBAGIS LUKE & CRYSTAL,AMBAGIS LUKE AND CRYSTAL,2.11,2,Ravalli,PO BOX 276 CONNER MT 59827-0276,broad_owner_fragment:AMB,"Keyword/fragment, identity-field, or proximity-only discovery signal.",Rejected / unrelated,rejected,No authoritative current relationship to Arthur Blank / AMB West; excluded.
LAMBERT EMELY,LAMBERT EMELY,2.1,1,Gallatin,5430 FOSTER LN BELGRADE MT 59714-8652,broad_owner_fragment:AMB,"Keyword/fragment, identity-field, or proximity-only discovery signal.",Rejected / unrelated,rejected,No authoritative current relationship to Arthur Blank / AMB West; excluded.
DAMBERGER JOHN JEFFREY,DAMBERGER JOHN JEFFREY,2.093,1,Glacier,PO BOX 774 CUT BANK MT 59427-0774,broad_owner_fragment:AMB,"Keyword/fragment, identity-field, or proximity-only discovery signal.",Rejected / unrelated,rejected,No authoritative current relationship to Arthur Blank / AMB West; excluded.
LAMB CHESTER L & KATRINA,LAMB CHESTER L AND KATRINA,2.092,1,Flathead,2081 MT HIGHWAY 206 COLUMBIA FALLS MT 59912-9328,broad_owner_fragment:AMB,"Keyword/fragment, identity-field, or proximity-only discovery signal.",Rejected / unrelated,rejected,No authoritative current relationship to Arthur Blank / AMB West; excluded.
LADWIG JARED & AMBER,LADWIG JARED AND AMBER,2.088,2,Lincoln,127 AIRBASE RD TROY MT 59935-9492,broad_owner_fragment:AMB,"Keyword/fragment, identity-field, or proximity-only discovery signal.",Rejected / unrelated,rejected,No authoritative current relationship to Arthur Blank / AMB West; excluded.
SWIFT JOSEPH A & LORRAINE M,SWIFT JOSEPH A AND LORRAINE M,2.08,2,Park,405 S 2ND ST LIVINGSTON MT 59047-3403,geographic_within_one_mile; geography_stats:near=1;adjoining=0;min_m=165.5,"Keyword/fragment, identity-field, or proximity-only discovery signal.",Rejected / unrelated,rejected,No authoritative current relationship to Arthur Blank / AMB West; excluded.
HAMBLEY ROGER L,HAMBLEY ROGER L,2.076,1,Missoula,2940 S 7TH ST W MISSOULA MT 59804-2022,broad_owner_fragment:AMB,"Keyword/fragment, identity-field, or proximity-only discovery signal.",Rejected / unrelated,rejected,No authoritative current relationship to Arthur Blank / AMB West; excluded.
CLARK BENJAMIN F & AMBER R,CLARK BENJAMIN F AND AMBER R,2.07,1,Silver Bow,154 LIBERTY LN BUTTE MT 59701-8510,broad_owner_fragment:AMB,"Keyword/fragment, identity-field, or proximity-only discovery signal.",Rejected / unrelated,rejected,No authoritative current relationship to Arthur Blank / AMB West; excluded.
LAMBERT JEFFREY B & DAWN R,LAMBERT JEFFREY B AND DAWN R,2.07,1,Lewis and Clark,5792 BARBARO CT HELENA MT 59602-9686,broad_owner_fragment:AMB,"Keyword/fragment, identity-field, or proximity-only discovery signal.",Rejected / unrelated,rejected,No authoritative current relationship to Arthur Blank / AMB West; excluded.
BLANK MATTHEW R & MEGAN M,BLANK MATTHEW R AND MEGAN M,2.05,1,Silver Bow,93 TELEMARK LN BUTTE MT 59701-7775,broad_owner_fragment:BLANK,"Keyword/fragment, identity-field, or proximity-only discovery signal.",Rejected / unrelated,rejected,No authoritative current relationship to Arthur Blank / AMB West; excluded.
BLANKENHORN DEVON,BLANKENHORN DEVON,2.05,1,Missoula,13360 US HIGHWAY 93 N MISSOULA MT 59808-9212,broad_owner_fragment:BLANK,"Keyword/fragment, identity-field, or proximity-only discovery signal.",Rejected / unrelated,rejected,No authoritative current relationship to Arthur Blank / AMB West; excluded.
CHAMBLISS HERBERT E &,CHAMBLISS HERBERT E AND,2.035,1,Sanders,99 E FORK BULL RIVER RD NOXON MT 59853-9709,broad_owner_fragment:AMB,"Keyword/fragment, identity-field, or proximity-only discovery signal.",Rejected / unrelated,rejected,No authoritative current relationship to Arthur Blank / AMB West; excluded.
BLANKSMA ERIC & MOLLY,BLANKSMA ERIC AND MOLLY,2.03,1,Jefferson,9 LANA LN CLANCY MT 59634-9217,broad_owner_fragment:BLANK,"Keyword/fragment, identity-field, or proximity-only discovery signal.",Rejected / unrelated,rejected,No authoritative current relationship to Arthur Blank / AMB West; excluded.
KELSEY C B KIM & KELLY AMBROSE,KELSEY C B KIM AND KELLY AMBROSE,2.03,1,Gallatin,5000 TAYLOR FORK RD GALLATIN GTWY MT 59730-9625,broad_owner_fragment:AMB,"Keyword/fragment, identity-field, or proximity-only discovery signal.",Rejected / unrelated,rejected,No authoritative current relationship to Arthur Blank / AMB West; excluded.
LAMBERT JOHN A & SUSAN K,LAMBERT JOHN A AND SUSAN K,2.03,1,Gallatin,659 TRIPLE TREE RD BOZEMAN MT 59715-7851,broad_owner_fragment:AMB,"Keyword/fragment, identity-field, or proximity-only discovery signal.",Rejected / unrelated,rejected,No authoritative current relationship to Arthur Blank / AMB West; excluded.
AMBER TOWNHOMES APARTMENTS II LLC,AMBER TOWNHOMES APARTMENTS II LLC,2.023,1,Yellowstone,595 S 80 E # 400 LOGAN UT 84321-6837,broad_owner_fragment:AMB,"Keyword/fragment, identity-field, or proximity-only discovery signal.",Rejected / unrelated,rejected,No authoritative current relationship to Arthur Blank / AMB West; excluded.
MCNAUGHT BRADLEY JOHN & KAREN GAMBLE TRUSTEE &,MCNAUGHT BRADLEY JOHN AND KAREN GAMBLE TRUSTEE AND,2.02,1,Gallatin,183 WINTERGREEN LN BOZEMAN MT 59715-7836,broad_owner_fragment:AMB,"Keyword/fragment, identity-field, or proximity-only discovery signal.",Rejected / unrelated,rejected,No authoritative current relationship to Arthur Blank / AMB West; excluded.
LATOCHA DEMITRIUS H & AMBER L,LATOCHA DEMITRIUS H AND AMBER L,2.01,1,Jefferson,8 FAITH LN CLANCY MT 59634-9802,broad_owner_fragment:AMB,"Keyword/fragment, identity-field, or proximity-only discovery signal.",Rejected / unrelated,rejected,No authoritative current relationship to Arthur Blank / AMB West; excluded.
REICH BOBBY J & AMBER N,REICH BOBBY J AND AMBER N,2.01,1,Ravalli,PO BOX 816 VICTOR MT 59875-0816,broad_owner_fragment:AMB,"Keyword/fragment, identity-field, or proximity-only discovery signal.",Rejected / unrelated,rejected,No authoritative current relationship to Arthur Blank / AMB West; excluded.
FONSECA AMANDA,FONSECA AMANDA,2.003,1,Park,PO BOX 127 EMIGRANT MT 59027-0127,geographic_within_one_mile; geography_stats:near=1;adjoining=0;min_m=135.3,"Keyword/fragment, identity-field, or proximity-only discovery signal.",Rejected / unrelated,rejected,No authoritative current relationship to Arthur Blank / AMB West; excluded.
AMBELANG LINDA JO,AMBELANG LINDA JO,2.0,1,Ravalli,137 WESTBRIDGE RD HAMILTON MT 59840-9512,broad_owner_fragment:AMB,"Keyword/fragment, identity-field, or proximity-only discovery signal.",Rejected / unrelated,rejected,No authoritative current relationship to Arthur Blank / AMB West; excluded.
AMBLER ERIC & SIGNE,AMBLER ERIC AND SIGNE,2.0,1,Hill,9452 US HIGHWAY 2 W HAVRE MT 59501-5644,broad_owner_fragment:AMB,"Keyword/fragment, identity-field, or proximity-only discovery signal.",Rejected / unrelated,rejected,No authoritative current relationship to Arthur Blank / AMB West; excluded.
BARCEMAS ALBA ROSA GUTIERREZ,BARCEMAS ALBA ROSA GUTIERREZ,2.0,1,Park,PO BOX 515 EMIGRANT MT 59027-0515,geographic_within_one_mile; geography_stats:near=1;adjoining=0;min_m=88.2,"Keyword/fragment, identity-field, or proximity-only discovery signal.",Rejected / unrelated,rejected,No authoritative current relationship to Arthur Blank / AMB West; excluded.
BLANKENSHIP JAMES F & BERNICE E TRUST,BLANKENSHIP JAMES F AND BERNICE E TRUST,2.0,1,Silver Bow,3620 SADDLE ROCK RD BUTTE MT 59701-6629,broad_owner_fragment:BLANK,"Keyword/fragment, identity-field, or proximity-only discovery signal.",Rejected / unrelated,rejected,No authoritative current relationship to Arthur Blank / AMB West; excluded.
BLANKSMA DARYL R,BLANKSMA DARYL R,2.0,1,Gallatin,12299 CHURCHILL RD MANHATTAN MT 59741,broad_owner_fragment:BLANK,"Keyword/fragment, identity-field, or proximity-only discovery signal.",Rejected / unrelated,rejected,No authoritative current relationship to Arthur Blank / AMB West; excluded.
BLANKSMA ERIC L & MOLLY J,BLANKSMA ERIC L AND MOLLY J,2.0,1,Jefferson,9 LANA LN CLANCY MT 59634-9217,broad_owner_fragment:BLANK,"Keyword/fragment, identity-field, or proximity-only discovery signal.",Rejected / unrelated,rejected,No authoritative current relationship to Arthur Blank / AMB West; excluded.
BROCH AMBER & ERIC,BROCH AMBER AND ERIC,2.0,1,Ravalli,734 BAILEY LN CORVALLIS MT 59828-9637,broad_owner_fragment:AMB,"Keyword/fragment, identity-field, or proximity-only discovery signal.",Rejected / unrelated,rejected,No authoritative current relationship to Arthur Blank / AMB West; excluded.
BURKE LEEANN AMBERSON,BURKE LEEANN AMBERSON,2.0,1,Gallatin,221 COMFORT LN BOZEMAN MT 59718-9135,broad_owner_fragment:AMB,"Keyword/fragment, identity-field, or proximity-only discovery signal.",Rejected / unrelated,rejected,No authoritative current relationship to Arthur Blank / AMB West; excluded.
BURNS JANICE M & JOHN,BURNS JANICE M AND JOHN,2.0,1,Park,PO BOX 72 EMIGRANT MT 59027-0072,geographic_within_one_mile; geography_stats:near=1;adjoining=0;min_m=125.4,"Keyword/fragment, identity-field, or proximity-only discovery signal.",Rejected / unrelated,rejected,No authoritative current relationship to Arthur Blank / AMB West; excluded.
CAMBRON JAMES R & LYNDA M,CAMBRON JAMES R AND LYNDA M,2.0,2,Lewis and Clark,8480 W GOLSE DR BOISE ID 83704-4459,broad_owner_fragment:AMB,"Keyword/fragment, identity-field, or proximity-only discovery signal.",Rejected / unrelated,rejected,No authoritative current relationship to Arthur Blank / AMB West; excluded.
DOME ARMOT RECVOCABLE LIVING TRUST,DOME ARMOT RECVOCABLE LIVING TRUST,2.0,1,Sanders,PO BOX 676 HOT SPRINGS MT 59845-0676,broad_owner_fragment:DOME,"Keyword/fragment, identity-field, or proximity-only discovery signal.",Rejected / unrelated,rejected,No authoritative current relationship to Arthur Blank / AMB West; excluded.
"GAMBINO, PATRICK S & LAURA A",GAMBINO PATRICK S AND LAURA A,2.0,1,Flathead,505 CRESTON RD KALISPELL MT 59901-8227,broad_owner_fragment:AMB,"Keyword/fragment, identity-field, or proximity-only discovery signal.",Rejected / unrelated,rejected,No authoritative current relationship to Arthur Blank / AMB West; excluded.
GAMBOA KYMBERLYRENEE,GAMBOA KYMBERLYRENEE,2.0,1,Beaverhead,7437 AMY AVE FAIR OAKS CA 95628-6823,broad_owner_fragment:AMB,"Keyword/fragment, identity-field, or proximity-only discovery signal.",Rejected / unrelated,rejected,No authoritative current relationship to Arthur Blank / AMB West; excluded.
GENTRY RAYMOND S & AMANDA J,GENTRY RAYMOND S AND AMANDA J,2.0,1,Park,16827 SUN COUNTRY DR BEND OR 97707-2253,geographic_within_one_mile; geography_stats:near=1;adjoining=0;min_m=1516.5,"Keyword/fragment, identity-field, or proximity-only discovery signal.",Rejected / unrelated,rejected,No authoritative current relationship to Arthur Blank / AMB West; excluded.
HAMBRICK STEVE & SUSIE,HAMBRICK STEVE AND SUSIE,2.0,1,Teton,630 18TH RD NW CHOTEAU MT 59422-9100,broad_owner_fragment:AMB,"Keyword/fragment, identity-field, or proximity-only discovery signal.",Rejected / unrelated,rejected,No authoritative current relationship to Arthur Blank / AMB West; excluded.
HOLLAND KURT E & AMBER,HOLLAND KURT E AND AMBER,2.0,1,Lake,17608 S BLUEBIRD RD CHENEY WA 99004-9769,broad_owner_fragment:AMB,"Keyword/fragment, identity-field, or proximity-only discovery signal.",Rejected / unrelated,rejected,No authoritative current relationship to Arthur Blank / AMB West; excluded.
KELSEY C B & KELLY AMBROSE,KELSEY C B AND KELLY AMBROSE,2.0,1,Gallatin,5000 TAYLOR FORK RD GALLATIN GTWY MT 59730-9625,broad_owner_fragment:AMB,"Keyword/fragment, identity-field, or proximity-only discovery signal.",Rejected / unrelated,rejected,No authoritative current relationship to Arthur Blank / AMB West; excluded.
LAMB C ADAM & STACEY MARIE,LAMB C ADAM AND STACEY MARIE,2.0,1,Gallatin,186 COMFORT LN BOZEMAN MT 59718-9131,broad_owner_fragment:AMB,"Keyword/fragment, identity-field, or proximity-only discovery signal.",Rejected / unrelated,rejected,No authoritative current relationship to Arthur Blank / AMB West; excluded.
LAMBERT CEMETERY ASSOCIATION,LAMBERT CEMETERY ASSOCIATION,2.0,1,Richland,GENERAL DELIVERY LAMBERT MT 59243-9999,broad_owner_fragment:AMB,"Keyword/fragment, identity-field, or proximity-only discovery signal.",Rejected / unrelated,rejected,No authoritative current relationship to Arthur Blank / AMB West; excluded.
LAMBERT ERIC N & M JANE,LAMBERT ERIC N AND M JANE,2.0,1,Ravalli,3560 DIETZ DR STEVENSVILLE MT 59870-7135,broad_owner_fragment:AMB,"Keyword/fragment, identity-field, or proximity-only discovery signal.",Rejected / unrelated,rejected,No authoritative current relationship to Arthur Blank / AMB West; excluded.
LAMBRECHT JASON,LAMBRECHT JASON,2.0,1,Gallatin,93 KIRKLAND AVE BOZEMAN MT 59718-7219,broad_owner_fragment:AMB,"Keyword/fragment, identity-field, or proximity-only discovery signal.",Rejected / unrelated,rejected,No authoritative current relationship to Arthur Blank / AMB West; excluded.
NIENHUIS ANDREW & AMBER,NIENHUIS ANDREW AND AMBER,2.0,1,Ravalli,418 POPLAR LN FLORENCE MT 59833-6864,broad_owner_fragment:AMB,"Keyword/fragment, identity-field, or proximity-only discovery signal.",Rejected / unrelated,rejected,No authoritative current relationship to Arthur Blank / AMB West; excluded.
SOUTH GLASTONBURY COMMUNITY TEACHING CTR,SOUTH GLASTONBURY COMMUNITY TEACHING CTR,2.0,1,Park,PO BOX 465 EMIGRANT MT 59027-0465,geographic_within_one_mile; geography_stats:near=1;adjoining=0;min_m=115.3,"Keyword/fragment, identity-field, or proximity-only discovery signal.",Rejected / unrelated,rejected,No authoritative current relationship to Arthur Blank / AMB West; excluded.
AMBORN III FREDERICK W & MARY K,AMBORN III FREDERICK W AND MARY K,1.993,1,Park,3 SHAMROCK LN LIVINGSTON MT 59047-4106,broad_owner_fragment:AMB,"Keyword/fragment, identity-field, or proximity-only discovery signal.",Rejected / unrelated,rejected,No authoritative current relationship to Arthur Blank / AMB West; excluded.
BLANKENSHIP JAKE & KATIE,BLANKENSHIP JAKE AND KATIE,1.993,1,Deer Lodge,1812 US-93 B VICTOR MT 59875,broad_owner_fragment:BLANK,"Keyword/fragment, identity-field, or proximity-only discovery signal.",Rejected / unrelated,rejected,No authoritative current relationship to Arthur Blank / AMB West; excluded.
PARADISE-HUGHES REVOCABLE TR CUSTODIAN FOR,PARADISE HUGHES REVOCABLE TR CUSTODIAN FOR,1.986,1,Flathead,656 KELLEY RD COLUMBIA FALLS MT 59912-9144,broad_owner_fragment:PARADISE,"Keyword/fragment, identity-field, or proximity-only discovery signal.",Rejected / unrelated,rejected,No authoritative current relationship to Arthur Blank / AMB West; excluded.
CHAMBERLIN PATRICIA L TRUSTEE,CHAMBERLIN PATRICIA L TRUSTEE,1.978,1,Missoula,11150 HIDDEN GLEN CIRCLE #229 SAN DIEGO CA 92131,broad_owner_fragment:AMB,"Keyword/fragment, identity-field, or proximity-only discovery signal.",Rejected / unrelated,rejected,No authoritative current relationship to Arthur Blank / AMB West; excluded.
CHAMBERS DONALD C & JANICE J & TRAUTNER GINA L,CHAMBERS DONALD C AND JANICE J AND TRAUTNER GINA L,1.95,1,Sanders,PO BOX 285 HOPE ID 83836-0285,broad_owner_fragment:AMB,"Keyword/fragment, identity-field, or proximity-only discovery signal.",Rejected / unrelated,rejected,No authoritative current relationship to Arthur Blank / AMB West; excluded.
LAMB EJAY M & SHANNA,LAMB EJAY M AND SHANNA,1.95,1,Beaverhead,PO BOX 240047 DELL MT 59724-0047,broad_owner_fragment:AMB,"Keyword/fragment, identity-field, or proximity-only discovery signal.",Rejected / unrelated,rejected,No authoritative current relationship to Arthur Blank / AMB West; excluded.
SUTTON JACK LEROY JR,SUTTON JACK LEROY JR,1.949,1,Park,65 WINDING RD MADISON CT 06443-1732,geographic_within_one_mile; geography_stats:near=1;adjoining=0;min_m=397.0,"Keyword/fragment, identity-field, or proximity-only discovery signal.",Rejected / unrelated,rejected,No authoritative current relationship to Arthur Blank / AMB West; excluded.
COVINGTON CHALICE &,COVINGTON CHALICE AND,1.947,1,Park,14 VICTORIA LN EMIGRANT MT 59027-6077,geographic_within_one_mile; geography_stats:near=1;adjoining=0;min_m=63.7,"Keyword/fragment, identity-field, or proximity-only discovery signal.",Rejected / unrelated,rejected,No authoritative current relationship to Arthur Blank / AMB West; excluded.
LAMBROS FARRAN APARTMENTS LLC,LAMBROS FARRAN APARTMENTS LLC,1.938,1,Missoula,101 E FRONT ST STE 304 MISSOULA MT 59802-4474,broad_owner_fragment:AMB,"Keyword/fragment, identity-field, or proximity-only discovery signal.",Rejected / unrelated,rejected,No authoritative current relationship to Arthur Blank / AMB West; excluded.
WEAVER JODELLE,WEAVER JODELLE,1.936,1,Park,PO BOX 152 EMIGRANT MT 59027-0152,geographic_within_one_mile; geography_stats:near=1;adjoining=0;min_m=275.8,"Keyword/fragment, identity-field, or proximity-only discovery signal.",Rejected / unrelated,rejected,No authoritative current relationship to Arthur Blank / AMB West; excluded.
STEINMETZ AMBER JO,STEINMETZ AMBER JO,1.915,1,Jefferson,11 BULL ELK BLVD CLANCY MT 59634-9670,broad_owner_fragment:AMB,"Keyword/fragment, identity-field, or proximity-only discovery signal.",Rejected / unrelated,rejected,No authoritative current relationship to Arthur Blank / AMB West; excluded.
ANDERSON BEN PATRICK & AMBER,ANDERSON BEN PATRICK AND AMBER,1.9,1,Lewis and Clark,4440 HELBERG DR HELENA MT 59602-8883,broad_owner_fragment:AMB,"Keyword/fragment, identity-field, or proximity-only discovery signal.",Rejected / unrelated,rejected,No authoritative current relationship to Arthur Blank / AMB West; excluded.
PLAINS-PARADISE RURAL FIRE DEPARTMENT,PLAINS PARADISE RURAL FIRE DEPARTMENT,1.87,1,Sanders,PO BOX 1115 PLAINS MT 59859-1115,broad_owner_fragment:PARADISE,"Keyword/fragment, identity-field, or proximity-only discovery signal.",Rejected / unrelated,rejected,No authoritative current relationship to Arthur Blank / AMB West; excluded.
WAMBEKE THOMAS L & SUZANNE R,WAMBEKE THOMAS L AND SUZANNE R,1.87,1,Flathead,1300 E EDGEWOOD DR WHITEFISH MT 59937-8147,broad_owner_fragment:AMB,"Keyword/fragment, identity-field, or proximity-only discovery signal.",Rejected / unrelated,rejected,No authoritative current relationship to Arthur Blank / AMB West; excluded.
"ACHTEN, DANIEL J & AMBER M",ACHTEN DANIEL J AND AMBER M,1.861,1,Yellowstone,108 24TH AVE W LAUREL MT 59044-9750,broad_owner_fragment:AMB,"Keyword/fragment, identity-field, or proximity-only discovery signal.",Rejected / unrelated,rejected,No authoritative current relationship to Arthur Blank / AMB West; excluded.
BARCENAS ALBA ROSA GUTEIRREZ,BARCENAS ALBA ROSA GUTEIRREZ,1.852,1,Park,PO BOX 515 EMIGRANT MT 59027-0515,geographic_within_one_mile; geography_stats:near=1;adjoining=0;min_m=198.9,"Keyword/fragment, identity-field, or proximity-only discovery signal.",Rejected / unrelated,rejected,No authoritative current relationship to Arthur Blank / AMB West; excluded.
BELLAWEST LLC,BELLAWEST LLC,1.84,1,Park,PO BOX 1426 LIVINGSTON MT 59047-1426,geographic_within_one_mile; geography_stats:near=1;adjoining=0;min_m=45.3,"Keyword/fragment, identity-field, or proximity-only discovery signal.",Rejected / unrelated,rejected,No authoritative current relationship to Arthur Blank / AMB West; excluded.
FRAKER BRIAN K,FRAKER BRIAN K,1.84,1,Park,PO BOX 175 LIVINGSTON MT 59047-0175,geographic_within_one_mile; geography_stats:near=1;adjoining=0;min_m=47.3,"Keyword/fragment, identity-field, or proximity-only discovery signal.",Rejected / unrelated,rejected,No authoritative current relationship to Arthur Blank / AMB West; excluded.
JACOBSEN SHERRI L,JACOBSEN SHERRI L,1.84,1,Park,14 PINE MEADOW RD LIVINGSTON MT 59047-9152,geographic_within_one_mile; geography_stats:near=1;adjoining=0;min_m=44.5,"Keyword/fragment, identity-field, or proximity-only discovery signal.",Rejected / unrelated,rejected,No authoritative current relationship to Arthur Blank / AMB West; excluded.
LAMB MELINDA A,LAMB MELINDA A,1.84,1,Flathead,445 WINDSOR DR BIGFORK MT 59911-3567,broad_owner_fragment:AMB,"Keyword/fragment, identity-field, or proximity-only discovery signal.",Rejected / unrelated,rejected,No authoritative current relationship to Arthur Blank / AMB West; excluded.
MOUNTAIN BIBLE CHURCH OF LIVINGSTON,MOUNTAIN BIBLE CHURCH OF LIVINGSTON,1.84,1,Park,18 PINE MEADOW RD LIVINGSTON MT 59047-9152,geographic_within_one_mile; geography_stats:near=1;adjoining=0;min_m=45.1,"Keyword/fragment, identity-field, or proximity-only discovery signal.",Rejected / unrelated,rejected,No authoritative current relationship to Arthur Blank / AMB West; excluded.
QUINN CLINTON JAMES & AMBER TALYNE,QUINN CLINTON JAMES AND AMBER TALYNE,1.84,1,Ravalli,PO BOX 732 DARBY MT 59829-0732,broad_owner_fragment:AMB,"Keyword/fragment, identity-field, or proximity-only discovery signal.",Rejected / unrelated,rejected,No authoritative current relationship to Arthur Blank / AMB West; excluded.
CHAMBERLIN TODD A & HEATHER J,CHAMBERLIN TODD A AND HEATHER J,1.81,2,Cascade,PO BOX 6147 GREAT FALLS MT 59406-6147,broad_owner_fragment:AMB,"Keyword/fragment, identity-field, or proximity-only discovery signal.",Rejected / unrelated,rejected,No authoritative current relationship to Arthur Blank / AMB West; excluded.
RAMBERG ELIZABETH ET AL,RAMBERG ELIZABETH ET AL,1.795,2,Hill,1345 4TH ST N HAVRE MT 59501-3141,broad_owner_fragment:AMB,"Keyword/fragment, identity-field, or proximity-only discovery signal.",Rejected / unrelated,rejected,No authoritative current relationship to Arthur Blank / AMB West; excluded.
BERGLUND DEREK DOUGLAS & BROOKE AMBER,BERGLUND DEREK DOUGLAS AND BROOKE AMBER,1.79,1,Flathead,176 ROSEWATER LOOP KALISPELL MT 59901-4658,broad_owner_fragment:AMB,"Keyword/fragment, identity-field, or proximity-only discovery signal.",Rejected / unrelated,rejected,No authoritative current relationship to Arthur Blank / AMB West; excluded.
LANNES LINDSEY DAWN &,LANNES LINDSEY DAWN AND,1.778,1,Park,PO BOX 236 EMIGRANT MT 59027-0236,geographic_within_one_mile; geography_stats:near=1;adjoining=0;min_m=402.5,"Keyword/fragment, identity-field, or proximity-only discovery signal.",Rejected / unrelated,rejected,No authoritative current relationship to Arthur Blank / AMB West; excluded.
WOLFENDEN COLBY FORD & AMBER KAY,WOLFENDEN COLBY FORD AND AMBER KAY,1.767,1,Lake,35051 KYLIE DR POLSON MT 59860-7268,broad_owner_fragment:AMB,"Keyword/fragment, identity-field, or proximity-only discovery signal.",Rejected / unrelated,rejected,No authoritative current relationship to Arthur Blank / AMB West; excluded.
STACY AMBER A,STACY AMBER A,1.738,4,Broadwater | Deer Lodge | Madison,381 BRIAR PL BELGRADE MT 59714-7580,broad_owner_fragment:AMB,"Keyword/fragment, identity-field, or proximity-only discovery signal.",Rejected / unrelated,rejected,No authoritative current relationship to Arthur Blank / AMB West; excluded.
JACOBIK KEITH MICHAEL & CARREN LEANN,JACOBIK KEITH MICHAEL AND CARREN LEANN,1.734,1,Park,13 CALEDONIA RD LIVINGSTON MT 59047-8823,geographic_within_one_mile; geography_stats:near=1;adjoining=0;min_m=1003.1,"Keyword/fragment, identity-field, or proximity-only discovery signal.",Rejected / unrelated,rejected,No authoritative current relationship to Arthur Blank / AMB West; excluded.
LAMBERT CHAMBER OF COMMERCE,LAMBERT CHAMBER OF COMMERCE,1.721,1,Richland,GENERAL DELIVERY LAMBERT MT 59243-9999,broad_owner_fragment:AMB,"Keyword/fragment, identity-field, or proximity-only discovery signal.",Rejected / unrelated,rejected,No authoritative current relationship to Arthur Blank / AMB West; excluded.
LASATER AMBER J,LASATER AMBER J,1.7,1,Flathead,348 S MANY LAKES DR KALISPELL MT 59901-8393,broad_owner_fragment:AMB,"Keyword/fragment, identity-field, or proximity-only discovery signal.",Rejected / unrelated,rejected,No authoritative current relationship to Arthur Blank / AMB West; excluded.
VELTKAMP ERIC S & AMBER A,VELTKAMP ERIC S AND AMBER A,1.7,1,Broadwater,7 AVA WAY THREE FORKS MT 59752-9336,broad_owner_fragment:AMB,"Keyword/fragment, identity-field, or proximity-only discovery signal.",Rejected / unrelated,rejected,No authoritative current relationship to Arthur Blank / AMB West; excluded.
CLANIN JESSE W & BAMBI,CLANIN JESSE W AND BAMBI,1.69,1,Lewis and Clark,3370 LONESOME LOOP HELENA MT 59602-3003,broad_owner_fragment:AMB,"Keyword/fragment, identity-field, or proximity-only discovery signal.",Rejected / unrelated,rejected,No authoritative current relationship to Arthur Blank / AMB West; excluded.
AMBER ROCK HOLDINGS LP,AMBER ROCK HOLDINGS LP,1.68,1,Ravalli,881 SAWYER LN HAMILTON MT 59840-9118,broad_owner_fragment:AMB,"Keyword/fragment, identity-field, or proximity-only discovery signal.",Rejected / unrelated,rejected,No authoritative current relationship to Arthur Blank / AMB West; excluded.
"ARCHAMBEAU, JOSH &",ARCHAMBEAU JOSH AND,1.68,1,Yellowstone,1220 TAPPADERO TRL BILLINGS MT 59101-7130,broad_owner_fragment:AMB,"Keyword/fragment, identity-field, or proximity-only discovery signal.",Rejected / unrelated,rejected,No authoritative current relationship to Arthur Blank / AMB West; excluded.
LAMB FAMILY LIVING TRUST,LAMB FAMILY LIVING TRUST,1.68,1,Lake,31141 S RIM DR POLSON MT 59860-8085,broad_owner_fragment:AMB,"Keyword/fragment, identity-field, or proximity-only discovery signal.",Rejected / unrelated,rejected,No authoritative current relationship to Arthur Blank / AMB West; excluded.
TP INC,TP INC,1.678,1,Park,MAIL TO CLARE PARKER PO BOX 1152 EMIGRANT MT 59027-1152,geographic_within_one_mile; geography_stats:near=1;adjoining=0;min_m=329.5,"Keyword/fragment, identity-field, or proximity-only discovery signal.",Rejected / unrelated,rejected,No authoritative current relationship to Arthur Blank / AMB West; excluded.
HERAMB BRENT R & LORA D TRUSTEE,HERAMB BRENT R AND LORA D TRUSTEE,1.663,1,Gallatin,455 N LOW BENCH RD GALLATIN GATEWAY MT 59730-8547,broad_owner_fragment:AMB,"Keyword/fragment, identity-field, or proximity-only discovery signal.",Rejected / unrelated,rejected,No authoritative current relationship to Arthur Blank / AMB West; excluded.
CHAMBERS PHILLIP CHARLES,CHAMBERS PHILLIP CHARLES,1.66,1,Carbon,1920 CHURCH CIR CELINA TX 75009-2973,broad_owner_fragment:AMB,"Keyword/fragment, identity-field, or proximity-only discovery signal.",Rejected / unrelated,rejected,No authoritative current relationship to Arthur Blank / AMB West; excluded.
BIGBY AMBER,BIGBY AMBER,1.652,1,Blaine,PO BOX 1333 HARLEM MT 59526-1333,broad_owner_fragment:AMB,"Keyword/fragment, identity-field, or proximity-only discovery signal.",Rejected / unrelated,rejected,No authoritative current relationship to Arthur Blank / AMB West; excluded.
BUCHOLZ AMBER,BUCHOLZ AMBER,1.649,1,Ravalli,1138 HONEY HOUSE LN CORVALLIS MT 59828,broad_owner_fragment:AMB,"Keyword/fragment, identity-field, or proximity-only discovery signal.",Rejected / unrelated,rejected,No authoritative current relationship to Arthur Blank / AMB West; excluded.
MCDOWELL DANIEL R & AMBER L JTRS,MCDOWELL DANIEL R AND AMBER L JTRS,1.64,1,Powder River,PO BOX 373 BROADUS MT 59317-0373,broad_owner_fragment:AMB,"Keyword/fragment, identity-field, or proximity-only discovery signal.",Rejected / unrelated,rejected,No authoritative current relationship to Arthur Blank / AMB West; excluded.
COVINGTON ANN MARIE G,COVINGTON ANN MARIE G,1.638,1,Park,PO BOX 484 EMIGRANT MT 59027-0484,geographic_within_one_mile; geography_stats:near=1;adjoining=0;min_m=63.7,"Keyword/fragment, identity-field, or proximity-only discovery signal.",Rejected / unrelated,rejected,No authoritative current relationship to Arthur Blank / AMB West; excluded.
GUILD JAMES & BRIDGETTE,GUILD JAMES AND BRIDGETTE,1.637,1,Park,PO BOX 31 EMIGRANT MT 59027-0031,geographic_within_one_mile; geography_stats:near=1;adjoining=0;min_m=459.6,"Keyword/fragment, identity-field, or proximity-only discovery signal.",Rejected / unrelated,rejected,No authoritative current relationship to Arthur Blank / AMB West; excluded.
MURPHY AMBER L,MURPHY AMBER L,1.637,2,Jefferson,1022 MT HIGHWAY 55 WHITEHALL MT 59759-9744,broad_owner_fragment:AMB,"Keyword/fragment, identity-field, or proximity-only discovery signal.",Rejected / unrelated,rejected,No authoritative current relationship to Arthur Blank / AMB West; excluded.
SHAMBLES FRANKLIN L & CARA L,SHAMBLES FRANKLIN L AND CARA L,1.61,1,Ravalli,815 VINCENT LN HAMILTON MT 59840-9130,broad_owner_fragment:AMB,"Keyword/fragment, identity-field, or proximity-only discovery signal.",Rejected / unrelated,rejected,No authoritative current relationship to Arthur Blank / AMB West; excluded.
TAMBURELLI ANGELA MARIE,TAMBURELLI ANGELA MARIE,1.61,1,Flathead,834 WOODLAND RD COLUMBIA FALLS MT 59912-8806,broad_owner_fragment:AMB,"Keyword/fragment, identity-field, or proximity-only discovery signal.",Rejected / unrelated,rejected,No authoritative current relationship to Arthur Blank / AMB West; excluded.
LAMBERT RUSSELL JON,LAMBERT RUSSELL JON,1.609,1,Valley,820 E 50TH ST S GREAT FALLS MT 59405-5700,broad_owner_fragment:AMB,"Keyword/fragment, identity-field, or proximity-only discovery signal.",Rejected / unrelated,rejected,No authoritative current relationship to Arthur Blank / AMB West; excluded.
BMI DOMESTIC NON GRANTOR TRUST DAVID CLAYTON TRUSTEE OF,BMI DOMESTIC NON GRANTOR TRUST DAVID CLAYTON TRUSTEE OF,1.59,1,Broadwater,2442 WINNE AVE HELENA MT 59601-4915,broad_owner_fragment:DOME,"Keyword/fragment, identity-field, or proximity-only discovery signal.",Rejected / unrelated,rejected,No authoritative current relationship to Arthur Blank / AMB West; excluded.
GARDNER JEFFREY LAMAR & AMBER,GARDNER JEFFREY LAMAR AND AMBER,1.59,1,Beaverhead,35 SOUTHWIND LN DILLON MT 59725-9753,broad_owner_fragment:AMB,"Keyword/fragment, identity-field, or proximity-only discovery signal.",Rejected / unrelated,rejected,No authoritative current relationship to Arthur Blank / AMB West; excluded.
SEITZ AMBROSE J III & WENDY L,SEITZ AMBROSE J III AND WENDY L,1.59,1,Ravalli,2120 S RESERVE ST PMB 140 MISSOULA MT 59801-6451,broad_owner_fragment:AMB,"Keyword/fragment, identity-field, or proximity-only discovery signal.",Rejected / unrelated,rejected,No authoritative current relationship to Arthur Blank / AMB West; excluded.
SKILLMAN JAYMES S & AMBER L,SKILLMAN JAYMES S AND AMBER L,1.59,1,Lewis and Clark,6222 BIG BLOCK BLVD HELENA MT 59602-8209,broad_owner_fragment:AMB,"Keyword/fragment, identity-field, or proximity-only discovery signal.",Rejected / unrelated,rejected,No authoritative current relationship to Arthur Blank / AMB West; excluded.
LAMBERT MARTIN D & KATHRYN LW,LAMBERT MARTIN D AND KATHRYN LW,1.58,1,Gallatin,1611 WILLOW WAY BOZEMAN MT 59715-7301,broad_owner_fragment:AMB,"Keyword/fragment, identity-field, or proximity-only discovery signal.",Rejected / unrelated,rejected,No authoritative current relationship to Arthur Blank / AMB West; excluded.
TAMBURELLI REVOCABLE LIVING TRUST MICHAEL C,TAMBURELLI REVOCABLE LIVING TRUST MICHAEL C,1.58,1,Flathead,PO BOX 2238 COLUMBIA FALLS MT 59912-2238,broad_owner_fragment:AMB,"Keyword/fragment, identity-field, or proximity-only discovery signal.",Rejected / unrelated,rejected,No authoritative current relationship to Arthur Blank / AMB West; excluded.
LAMBERT PUBLIC SCHOOLS SYSTEM,LAMBERT PUBLIC SCHOOLS SYSTEM,1.579,5,Richland,PO BOX 260 LAMBERT MT 59243-0260,broad_owner_fragment:AMB,"Keyword/fragment, identity-field, or proximity-only discovery signal.",Rejected / unrelated,rejected,No authoritative current relationship to Arthur Blank / AMB West; excluded.
CHAMBERS PATRICIA GAIL,CHAMBERS PATRICIA GAIL,1.57,1,Lake,33452 WESTVIEW DR BIGFORK MT 59911-8506,broad_owner_fragment:AMB,"Keyword/fragment, identity-field, or proximity-only discovery signal.",Rejected / unrelated,rejected,No authoritative current relationship to Arthur Blank / AMB West; excluded.
COULTER PATRICK M & AMBER M ETAL,COULTER PATRICK M AND AMBER M ETAL,1.57,1,Sanders,5578 BRIDLEPATH LN FLORENCE MT 59833-6663,broad_owner_fragment:AMB,"Keyword/fragment, identity-field, or proximity-only discovery signal.",Rejected / unrelated,rejected,No authoritative current relationship to Arthur Blank / AMB West; excluded.
ARAMBARRI LORI,ARAMBARRI LORI,1.568,4,Teton,PO BOX 157 LINCOLN MT 59639-0157,broad_owner_fragment:AMB,"Keyword/fragment, identity-field, or proximity-only discovery signal.",Rejected / unrelated,rejected,No authoritative current relationship to Arthur Blank / AMB West; excluded.
LAMBERT LORELEI ANNE & TYRO FRANK,LAMBERT LORELEI ANNE AND TYRO FRANK,1.56,1,Lake,PO BOX 387 PABLO MT 59855-0387,broad_owner_fragment:AMB,"Keyword/fragment, identity-field, or proximity-only discovery signal.",Rejected / unrelated,rejected,No authoritative current relationship to Arthur Blank / AMB West; excluded.
RAMBLE INN INC,RAMBLE INN INC,1.55,1,Cascade,923 US HIGHWAY 89 SUN RIVER MT 59483-9726,broad_owner_fragment:AMB,"Keyword/fragment, identity-field, or proximity-only discovery signal.",Rejected / unrelated,rejected,No authoritative current relationship to Arthur Blank / AMB West; excluded.
EATON PETER B,EATON PETER B,1.549,1,Park,1246 HIGHWAY 550 DURANGO CO 81303-7310,geographic_within_one_mile; geography_stats:near=1;adjoining=0;min_m=96.7,"Keyword/fragment, identity-field, or proximity-only discovery signal.",Rejected / unrelated,rejected,No authoritative current relationship to Arthur Blank / AMB West; excluded.
LAMBOTT LEONARD & WANDA L,LAMBOTT LEONARD AND WANDA L,1.534,1,Broadwater,8715 US HIGHWAY 287 TOSTON MT 59643-9603,broad_owner_fragment:AMB,"Keyword/fragment, identity-field, or proximity-only discovery signal.",Rejected / unrelated,rejected,No authoritative current relationship to Arthur Blank / AMB West; excluded.
"LAMBRECHT, JOHN & PAULA",LAMBRECHT JOHN AND PAULA,1.529,1,Yellowstone,3729 MALLARD DR BILLINGS MT 59101-6181,broad_owner_fragment:AMB,"Keyword/fragment, identity-field, or proximity-only discovery signal.",Rejected / unrelated,rejected,No authoritative current relationship to Arthur Blank / AMB West; excluded.
PARKER BRODY &,PARKER BRODY AND,1.523,1,Park,62 LEO DR EMIGRANT MT 59027-6045,geographic_within_one_mile; geography_stats:near=1;adjoining=0;min_m=1104.3,"Keyword/fragment, identity-field, or proximity-only discovery signal.",Rejected / unrelated,rejected,No authoritative current relationship to Arthur Blank / AMB West; excluded.
EATON PETER B JR,EATON PETER B JR,1.518,1,Park,1246 S HIGHWAY 550 DURANGO CO 81303,geographic_within_one_mile; geography_stats:near=1;adjoining=0;min_m=108.3,"Keyword/fragment, identity-field, or proximity-only discovery signal.",Rejected / unrelated,rejected,No authoritative current relationship to Arthur Blank / AMB West; excluded.
CHAMBERLAIN ROY & TAMERA,CHAMBERLAIN ROY AND TAMERA,1.51,1,Ravalli,50 KAYCEE WAY STEVENSVILLE MT 59870-6581,broad_owner_fragment:AMB,"Keyword/fragment, identity-field, or proximity-only discovery signal.",Rejected / unrelated,rejected,No authoritative current relationship to Arthur Blank / AMB West; excluded.
CHAMBERS RANDLE T,CHAMBERS RANDLE T,1.508,1,Missoula,9410 KEEGAN TRL MISSOULA MT 59808-9382,broad_owner_fragment:AMB,"Keyword/fragment, identity-field, or proximity-only discovery signal.",Rejected / unrelated,rejected,No authoritative current relationship to Arthur Blank / AMB West; excluded.
SIMPSON STAMBAUGH LILA G &,SIMPSON STAMBAUGH LILA G AND,1.504,1,Lincoln,295 LIBBY CREEK RD LIBBY MT 59923-7994,broad_owner_fragment:AMB,"Keyword/fragment, identity-field, or proximity-only discovery signal.",Rejected / unrelated,rejected,No authoritative current relationship to Arthur Blank / AMB West; excluded.
WENGER ERIK & AMBER,WENGER ERIK AND AMBER,1.504,1,Lewis and Clark,4449 CRIMSON CT HELENA MT 59602-6052,broad_owner_fragment:AMB,"Keyword/fragment, identity-field, or proximity-only discovery signal.",Rejected / unrelated,rejected,No authoritative current relationship to Arthur Blank / AMB West; excluded.
TREVOR DYLAN C & AMBER J,TREVOR DYLAN C AND AMBER J,1.502,1,Jefferson,9 BULL ELK BLVD CLANCY MT 59634-9670,broad_owner_fragment:AMB,"Keyword/fragment, identity-field, or proximity-only discovery signal.",Rejected / unrelated,rejected,No authoritative current relationship to Arthur Blank / AMB West; excluded.
NEIBAUER KYLE B & TAYLOR M,NEIBAUER KYLE B AND TAYLOR M,1.501,1,Park,9 CALEDONIA RD LIVINGSTON MT 59047-8823,geographic_within_one_mile; geography_stats:near=1;adjoining=0;min_m=810.4,"Keyword/fragment, identity-field, or proximity-only discovery signal.",Rejected / unrelated,rejected,No authoritative current relationship to Arthur Blank / AMB West; excluded.
FULLER AMBER & VALIA L,FULLER AMBER AND VALIA L,1.5,1,Gallatin,610 COULEE DR BOZEMAN MT 59718-8761,broad_owner_fragment:AMB,"Keyword/fragment, identity-field, or proximity-only discovery signal.",Rejected / unrelated,rejected,No authoritative current relationship to Arthur Blank / AMB West; excluded.
LOCKER AMBROS J & MARIA L,LOCKER AMBROS J AND MARIA L,1.499,1,Gallatin,PO BOX 160303 BIG SKY MT 59716-0303,broad_owner_fragment:AMB,"Keyword/fragment, identity-field, or proximity-only discovery signal.",Rejected / unrelated,rejected,No authoritative current relationship to Arthur Blank / AMB West; excluded.
"CAMBLIN, LEE A & MARY BETH",CAMBLIN LEE A AND MARY BETH,1.494,1,Yellowstone,4615 BOX CANYON SPRINGS RD BILLINGS MT 59101-7120,broad_owner_fragment:AMB,"Keyword/fragment, identity-field, or proximity-only discovery signal.",Rejected / unrelated,rejected,No authoritative current relationship to Arthur Blank / AMB West; excluded.
LAMBRECHT MICHELLE A,LAMBRECHT MICHELLE A,1.49,1,Jefferson,PO BOX 877 WHITEHALL MT 59759-0877,broad_owner_fragment:AMB,"Keyword/fragment, identity-field, or proximity-only discovery signal.",Rejected / unrelated,rejected,No authoritative current relationship to Arthur Blank / AMB West; excluded.
DOMENICO BRANDON,DOMENICO BRANDON,1.487,1,Broadwater,23 MIDWAY DR TOWNSEND MT 59644-9562,broad_owner_fragment:DOME,"Keyword/fragment, identity-field, or proximity-only discovery signal.",Rejected / unrelated,rejected,No authoritative current relationship to Arthur Blank / AMB West; excluded.
MUIR AMBER PHILLIPS,MUIR AMBER PHILLIPS,1.48,1,Missoula,3460 RODEO RD MISSOULA MT 59803-9666,broad_owner_fragment:AMB,"Keyword/fragment, identity-field, or proximity-only discovery signal.",Rejected / unrelated,rejected,No authoritative current relationship to Arthur Blank / AMB West; excluded.
AMBROSE ROBERT & RACHEL,AMBROSE ROBERT AND RACHEL,1.469,1,Flathead,102 HIDDEN HILLS LN WHITEFISH MT 59937-8063,broad_owner_fragment:AMB,"Keyword/fragment, identity-field, or proximity-only discovery signal.",Rejected / unrelated,rejected,No authoritative current relationship to Arthur Blank / AMB West; excluded.
MCCAMBRIDGE CARLETON & ELIZABETH,MCCAMBRIDGE CARLETON AND ELIZABETH,1.46,1,Madison,2300 33RD AVE S MINNEAPOLIS MN 55406-1464,broad_owner_fragment:AMB,"Keyword/fragment, identity-field, or proximity-only discovery signal.",Rejected / unrelated,rejected,No authoritative current relationship to Arthur Blank / AMB West; excluded.
JESKE BILLIE &,JESKE BILLIE AND,1.455,1,Park,PO BOX 272 EMIGRANT MT 59027-0272,geographic_within_one_mile; geography_stats:near=1;adjoining=0;min_m=207.4,"Keyword/fragment, identity-field, or proximity-only discovery signal.",Rejected / unrelated,rejected,No authoritative current relationship to Arthur Blank / AMB West; excluded.
GRAVAGE DUGAN & VALERIE &,GRAVAGE DUGAN AND VALERIE AND,1.447,1,Park,3396 MONIDA ST BOZEMAN MT 59718-8648,geographic_within_one_mile; geography_stats:near=1;adjoining=0;min_m=907.3,"Keyword/fragment, identity-field, or proximity-only discovery signal.",Rejected / unrelated,rejected,No authoritative current relationship to Arthur Blank / AMB West; excluded.
CLEM LAURA,CLEM LAURA,1.443,1,Park,PO BOX 557 GARDINER MT 59030-0557,geographic_within_one_mile; geography_stats:near=1;adjoining=0;min_m=1008.8,"Keyword/fragment, identity-field, or proximity-only discovery signal.",Rejected / unrelated,rejected,No authoritative current relationship to Arthur Blank / AMB West; excluded.
LAMBERT LAWRENCE & TANA,LAMBERT LAWRENCE AND TANA,1.44,1,Mineral,4965 JAIDEN LN MISSOULA MT 59803-2778,broad_owner_fragment:AMB,"Keyword/fragment, identity-field, or proximity-only discovery signal.",Rejected / unrelated,rejected,No authoritative current relationship to Arthur Blank / AMB West; excluded.
FOSTER KELLI A,FOSTER KELLI A,1.43,1,Park,19 SUNDANCE DR LIVINGSTON MT 59047-8607,geographic_within_one_mile; geography_stats:near=1;adjoining=0;min_m=1159.1,"Keyword/fragment, identity-field, or proximity-only discovery signal.",Rejected / unrelated,rejected,No authoritative current relationship to Arthur Blank / AMB West; excluded.
BLANKENSHIP RUSSELL T,BLANKENSHIP RUSSELL T,1.423,1,Sweet Grass,PO BOX 797 BIG TIMBER MT 59011-0797,broad_owner_fragment:BLANK,"Keyword/fragment, identity-field, or proximity-only discovery signal.",Rejected / unrelated,rejected,No authoritative current relationship to Arthur Blank / AMB West; excluded.
TAMBURELLI JOE & TAMMY,TAMBURELLI JOE AND TAMMY,1.41,1,Flathead,PO BOX 2339 COLUMBIA FALLS MT 59912-2339,broad_owner_fragment:AMB,"Keyword/fragment, identity-field, or proximity-only discovery signal.",Rejected / unrelated,rejected,No authoritative current relationship to Arthur Blank / AMB West; excluded.
AMBERG GARY & TERRI,AMBERG GARY AND TERRI,1.4,1,Silver Bow,3601 CALIFORNIA AVE BUTTE MT 59701-6734,broad_owner_fragment:AMB,"Keyword/fragment, identity-field, or proximity-only discovery signal.",Rejected / unrelated,rejected,No authoritative current relationship to Arthur Blank / AMB West; excluded.
CHAMBERLIN MATTHEW K & NICHOLE A,CHAMBERLIN MATTHEW K AND NICHOLE A,1.389,2,Gallatin,119 CLANCY WAY BOZEMAN MT 59718-9355 | 632 STEWART LOOP BOZEMAN MT 59718-5505,broad_owner_fragment:AMB,"Keyword/fragment, identity-field, or proximity-only discovery signal.",Rejected / unrelated,rejected,No authoritative current relationship to Arthur Blank / AMB West; excluded.
TAMBURELLI JOSEPH & TAMMY,TAMBURELLI JOSEPH AND TAMMY,1.387,1,Flathead,PO BOX 2339 COLUMBIA FALLS MT 59912-2339,broad_owner_fragment:AMB,"Keyword/fragment, identity-field, or proximity-only discovery signal.",Rejected / unrelated,rejected,No authoritative current relationship to Arthur Blank / AMB West; excluded.
"AMBUEHL, MARTY L & BRENDA L",AMBUEHL MARTY L AND BRENDA L,1.375,3,Yellowstone,4408 SUMMER LN BILLINGS MT 59106-3955,broad_owner_fragment:AMB,"Keyword/fragment, identity-field, or proximity-only discovery signal.",Rejected / unrelated,rejected,No authoritative current relationship to Arthur Blank / AMB West; excluded.
TANGEN LLOYD & AMBER,TANGEN LLOYD AND AMBER,1.37,1,Lewis and Clark,1085 VIEW RD HELENA MT 59602,broad_owner_fragment:AMB,"Keyword/fragment, identity-field, or proximity-only discovery signal.",Rejected / unrelated,rejected,No authoritative current relationship to Arthur Blank / AMB West; excluded.
HAMBRO RICHARD MOURICE,HAMBRO RICHARD MOURICE,1.364,1,Richland,12197 COUNTY ROAD 348 SIDNEY MT 59270-6354,broad_owner_fragment:AMB,"Keyword/fragment, identity-field, or proximity-only discovery signal.",Rejected / unrelated,rejected,No authoritative current relationship to Arthur Blank / AMB West; excluded.
TAMBLYN BROTHERS LLC,TAMBLYN BROTHERS LLC,1.36,2,Silver Bow,PO BOX 1326 FLORENCE MT 59833-1326,broad_owner_fragment:AMB,"Keyword/fragment, identity-field, or proximity-only discovery signal.",Rejected / unrelated,rejected,No authoritative current relationship to Arthur Blank / AMB West; excluded.
CAJUNE JASON S,CAJUNE JASON S,1.35,1,Park,26 PINE MEADOW RD LIVINGSTON MT 59047-9152,geographic_within_one_mile; geography_stats:near=1;adjoining=0;min_m=47.2,"Keyword/fragment, identity-field, or proximity-only discovery signal.",Rejected / unrelated,rejected,No authoritative current relationship to Arthur Blank / AMB West; excluded.
HAMBURG BRANDON & KRISTEN,HAMBURG BRANDON AND KRISTEN,1.344,1,Flathead,182 DOUBLE LAKE LN KALISPELL MT 59901-8337,broad_owner_fragment:AMB,"Keyword/fragment, identity-field, or proximity-only discovery signal.",Rejected / unrelated,rejected,No authoritative current relationship to Arthur Blank / AMB West; excluded.
FOX WESLEY & AMBER,FOX WESLEY AND AMBER,1.344,3,Roosevelt,PO BOX 771 CULBERTSON MT 59218-0771,broad_owner_fragment:AMB,"Keyword/fragment, identity-field, or proximity-only discovery signal.",Rejected / unrelated,rejected,No authoritative current relationship to Arthur Blank / AMB West; excluded.
HYALITE PARADISE LLC,HYALITE PARADISE LLC,1.34,1,Gallatin,415 CLANCY WAY BOZEMAN MT 59718-9742,broad_owner_fragment:PARADISE,"Keyword/fragment, identity-field, or proximity-only discovery signal.",Rejected / unrelated,rejected,No authoritative current relationship to Arthur Blank / AMB West; excluded.
AMBROSE CALEB,AMBROSE CALEB,1.338,2,Flathead,430 1ST ST E KALISPELL MT 59901-4506,broad_owner_fragment:AMB,"Keyword/fragment, identity-field, or proximity-only discovery signal.",Rejected / unrelated,rejected,No authoritative current relationship to Arthur Blank / AMB West; excluded.
LAMB LARRY STEVEN & ANN E,LAMB LARRY STEVEN AND ANN E,1.335,1,Gallatin,9780 QUAIL LN BOZEMAN MT 59715-9282,broad_owner_fragment:AMB,"Keyword/fragment, identity-field, or proximity-only discovery signal.",Rejected / unrelated,rejected,No authoritative current relationship to Arthur Blank / AMB West; excluded.
DAYTON AMBER,DAYTON AMBER,1.32,1,Lewis and Clark,3520 GREY ROCK RD HELENA MT 59602-6098,broad_owner_fragment:AMB,"Keyword/fragment, identity-field, or proximity-only discovery signal.",Rejected / unrelated,rejected,No authoritative current relationship to Arthur Blank / AMB West; excluded.
HAMBURG MARCY K,HAMBURG MARCY K,1.32,1,Richland,PO BOX 84 SAVAGE MT 59262-0084,broad_owner_fragment:AMB,"Keyword/fragment, identity-field, or proximity-only discovery signal.",Rejected / unrelated,rejected,No authoritative current relationship to Arthur Blank / AMB West; excluded.
"PRICE, SHAD & AMBER",PRICE SHAD AND AMBER,1.317,1,Yellowstone,1745 LOBO DR LAUREL MT 59044-9473,broad_owner_fragment:AMB,"Keyword/fragment, identity-field, or proximity-only discovery signal.",Rejected / unrelated,rejected,No authoritative current relationship to Arthur Blank / AMB West; excluded.
SWEET GRASS COUNTY CHAMBER OF COMMERCE,SWEET GRASS COUNTY CHAMBER OF COMMERCE,1.303,1,Sweet Grass,PO BOX 1012 BIG TIMBER MT 59011-1012,broad_owner_fragment:AMB,"Keyword/fragment, identity-field, or proximity-only discovery signal.",Rejected / unrelated,rejected,No authoritative current relationship to Arthur Blank / AMB West; excluded.
WAGSTAFF TYLER B & AMBER J,WAGSTAFF TYLER B AND AMBER J,1.3,1,Flathead,42 VALLEY VIEW PL KALISPELL MT 59901-7711,broad_owner_fragment:AMB,"Keyword/fragment, identity-field, or proximity-only discovery signal.",Rejected / unrelated,rejected,No authoritative current relationship to Arthur Blank / AMB West; excluded.
"AMBROSE, CARL D",AMBROSE CARL D,1.293,1,Flathead,141 HOLT RIDGE RD BIGFORK MT 59911-6373,broad_owner_fragment:AMB,"Keyword/fragment, identity-field, or proximity-only discovery signal.",Rejected / unrelated,rejected,No authoritative current relationship to Arthur Blank / AMB West; excluded.
BITTERROOT PARADISE TRUST,BITTERROOT PARADISE TRUST,1.29,1,Ravalli,691 COLLETTE LN HAMILTON MT 59840-9011,broad_owner_fragment:PARADISE,"Keyword/fragment, identity-field, or proximity-only discovery signal.",Rejected / unrelated,rejected,No authoritative current relationship to Arthur Blank / AMB West; excluded.
NORWOOD RYAN P & AMBER MICHELLE,NORWOOD RYAN P AND AMBER MICHELLE,1.29,1,Lewis and Clark,3273 DUSTY MAIDEN DR HELENA MT 59602-3043,broad_owner_fragment:AMB,"Keyword/fragment, identity-field, or proximity-only discovery signal.",Rejected / unrelated,rejected,No authoritative current relationship to Arthur Blank / AMB West; excluded.
LAMBERT TYLER SCOTT & CHRISSIE ANN,LAMBERT TYLER SCOTT AND CHRISSIE ANN,1.285,1,Sweet Grass,PO BOX 1774 BIG TIMBER MT 59011-1774,broad_owner_fragment:AMB,"Keyword/fragment, identity-field, or proximity-only discovery signal.",Rejected / unrelated,rejected,No authoritative current relationship to Arthur Blank / AMB West; excluded.
LAMB CHERYL A,LAMB CHERYL A,1.273,2,Lewis and Clark,870 RHODE ISLAND ST HELENA MT 59601-5312,broad_owner_fragment:AMB,"Keyword/fragment, identity-field, or proximity-only discovery signal.",Rejected / unrelated,rejected,No authoritative current relationship to Arthur Blank / AMB West; excluded.
BRONKEN DEREK & AMBER,BRONKEN DEREK AND AMBER,1.272,1,Gallatin,PO BOX 3210 BOZEMAN MT 59772-3210,broad_owner_fragment:AMB,"Keyword/fragment, identity-field, or proximity-only discovery signal.",Rejected / unrelated,rejected,No authoritative current relationship to Arthur Blank / AMB West; excluded.
"LAMBERT, PAUL W III",LAMBERT PAUL W III,1.263,1,Yellowstone,8615 SAIL FISH DR BILLINGS MT 59106-4053,broad_owner_fragment:AMB,"Keyword/fragment, identity-field, or proximity-only discovery signal.",Rejected / unrelated,rejected,No authoritative current relationship to Arthur Blank / AMB West; excluded.
CHAMBERLIN EDWARD R,CHAMBERLIN EDWARD R,1.262,5,Broadwater,PO BOX 1082 TOWNSEND MT 59644-1082,broad_owner_fragment:AMB,"Keyword/fragment, identity-field, or proximity-only discovery signal.",Rejected / unrelated,rejected,No authoritative current relationship to Arthur Blank / AMB West; excluded.
LAMB RICK H & CORI L TRUSTEES,LAMB RICK H AND CORI L TRUSTEES,1.262,1,Phillips,493 S 9TH ST W MALTA MT 59538,broad_owner_fragment:AMB,"Keyword/fragment, identity-field, or proximity-only discovery signal.",Rejected / unrelated,rejected,No authoritative current relationship to Arthur Blank / AMB West; excluded.
LAWLAR MARK AND AMBER L,LAWLAR MARK AND AMBER L,1.26,1,Fallon,2272 TOP SHELF AVE SPEARFISH SD 57783-3328,broad_owner_fragment:AMB,"Keyword/fragment, identity-field, or proximity-only discovery signal.",Rejected / unrelated,rejected,No authoritative current relationship to Arthur Blank / AMB West; excluded.
RECTOR RANDY DEAN & AMBER DAWN,RECTOR RANDY DEAN AND AMBER DAWN,1.26,1,Silver Bow,185 GLACIER LILY LN BUTTE MT 59701-1201,broad_owner_fragment:AMB,"Keyword/fragment, identity-field, or proximity-only discovery signal.",Rejected / unrelated,rejected,No authoritative current relationship to Arthur Blank / AMB West; excluded.
LAMBERT BILL R & KARA LEE,LAMBERT BILL R AND KARA LEE,1.241,2,Powder River,2324 HAMMOND RD HAMMOND MT 59332-9709 | 2343 HAMMOND RD HAMMOND MT 59332-9709,broad_owner_fragment:AMB,"Keyword/fragment, identity-field, or proximity-only discovery signal.",Rejected / unrelated,rejected,No authoritative current relationship to Arthur Blank / AMB West; excluded.
CHAMBERLIN JOHN MICHAEL &,CHAMBERLIN JOHN MICHAEL AND,1.24,1,Lewis and Clark,4057 VENTURA WAY EAST HELENA MT 59635,broad_owner_fragment:AMB,"Keyword/fragment, identity-field, or proximity-only discovery signal.",Rejected / unrelated,rejected,No authoritative current relationship to Arthur Blank / AMB West; excluded.
BOZEMAN AREA CHAMBER OF COMMERCE,BOZEMAN AREA CHAMBER OF COMMERCE,1.23,1,Gallatin,2000 COMMERCE WAY BOZEMAN MT 59715-7500,broad_owner_fragment:AMB,"Keyword/fragment, identity-field, or proximity-only discovery signal.",Rejected / unrelated,rejected,No authoritative current relationship to Arthur Blank / AMB West; excluded.
LAMBRIGHT CHRIS,LAMBRIGHT CHRIS,1.22,1,Missoula,14075 HAMPTON DR CLINTON MT 59825-9736,broad_owner_fragment:AMB,"Keyword/fragment, identity-field, or proximity-only discovery signal.",Rejected / unrelated,rejected,No authoritative current relationship to Arthur Blank / AMB West; excluded.
"RAMBUR, DALE S & SUSAN E",RAMBUR DALE S AND SUSAN E,1.195,1,Yellowstone,5437 HENNESSEY RD BILLINGS MT 59106-3733,broad_owner_fragment:AMB,"Keyword/fragment, identity-field, or proximity-only discovery signal.",Rejected / unrelated,rejected,No authoritative current relationship to Arthur Blank / AMB West; excluded.
GAMBLE EVAN A & JENNASEN A,GAMBLE EVAN A AND JENNASEN A,1.193,2,Gallatin,409 N WESTERN DR BOZEMAN MT 59718-2663,broad_owner_fragment:AMB,"Keyword/fragment, identity-field, or proximity-only discovery signal.",Rejected / unrelated,rejected,No authoritative current relationship to Arthur Blank / AMB West; excluded.
"KNUTHS, RUSTY & AMBER",KNUTHS RUSTY AND AMBER,1.18,1,Yellowstone,824 ISMAY RD ISMAY MT 59336-9413,broad_owner_fragment:AMB,"Keyword/fragment, identity-field, or proximity-only discovery signal.",Rejected / unrelated,rejected,No authoritative current relationship to Arthur Blank / AMB West; excluded.
"MARTINEZ, MICHAEL G & AMBER M",MARTINEZ MICHAEL G AND AMBER M,1.179,2,Yellowstone,1100 BACK BAY DR BILLINGS MT 59106-4603,broad_owner_fragment:AMB,"Keyword/fragment, identity-field, or proximity-only discovery signal.",Rejected / unrelated,rejected,No authoritative current relationship to Arthur Blank / AMB West; excluded.
LAMBERT HISTORICAL SOCIETY,LAMBERT HISTORICAL SOCIETY,1.175,4,Richland,PO BOX 155 LAMBERT MT 59243-0155,broad_owner_fragment:AMB,"Keyword/fragment, identity-field, or proximity-only discovery signal.",Rejected / unrelated,rejected,No authoritative current relationship to Arthur Blank / AMB West; excluded.
BLANK RODNEY,BLANK RODNEY,1.17,1,Missoula,300 RED FOX RD LOLO MT 59847-9703,broad_owner_fragment:BLANK,"Keyword/fragment, identity-field, or proximity-only discovery signal.",Rejected / unrelated,rejected,No authoritative current relationship to Arthur Blank / AMB West; excluded.
BLANKEN CORY M,BLANKEN CORY M,1.17,1,Ravalli,329 STAGECOACH TRL FLORENCE MT 59833-6981,broad_owner_fragment:BLANK,"Keyword/fragment, identity-field, or proximity-only discovery signal.",Rejected / unrelated,rejected,No authoritative current relationship to Arthur Blank / AMB West; excluded.
COPELIN KEVIN & AMBER,COPELIN KEVIN AND AMBER,1.17,1,Flathead,114 STELLAR WAY COLUMBIA FALLS MT 59912-8503,broad_owner_fragment:AMB,"Keyword/fragment, identity-field, or proximity-only discovery signal.",Rejected / unrelated,rejected,No authoritative current relationship to Arthur Blank / AMB West; excluded.
KOESTER EARL W & AMBER L,KOESTER EARL W AND AMBER L,1.17,1,Lewis and Clark,349 LINCOLN RD W HELENA MT 59602-8706,broad_owner_fragment:AMB,"Keyword/fragment, identity-field, or proximity-only discovery signal.",Rejected / unrelated,rejected,No authoritative current relationship to Arthur Blank / AMB West; excluded.
LAMB PAUL & BECKY,LAMB PAUL AND BECKY,1.161,1,Gallatin,100 CENTRAL PARK RD BELGRADE MT 59714-8206,broad_owner_fragment:AMB,"Keyword/fragment, identity-field, or proximity-only discovery signal.",Rejected / unrelated,rejected,No authoritative current relationship to Arthur Blank / AMB West; excluded.
GAMBEE LUKE W & MEGHANN C,GAMBEE LUKE W AND MEGHANN C,1.155,7,Dawson,PO BOX 1329 GLENDIVE MT 59330-1329,broad_owner_fragment:AMB,"Keyword/fragment, identity-field, or proximity-only discovery signal.",Rejected / unrelated,rejected,No authoritative current relationship to Arthur Blank / AMB West; excluded.
JAMBOR STANLEY D & DANA L,JAMBOR STANLEY D AND DANA L,1.149,1,Gallatin,7545 SPAULDING BRIDGE RD BELGRADE MT 59714-7119,broad_owner_fragment:AMB,"Keyword/fragment, identity-field, or proximity-only discovery signal.",Rejected / unrelated,rejected,No authoritative current relationship to Arthur Blank / AMB West; excluded.
BLANKENSHIP HUNTER,BLANKENSHIP HUNTER,1.148,1,Stillwater,9 JEEP TRL FISHTAIL MT 59028-8082,broad_owner_fragment:BLANK,"Keyword/fragment, identity-field, or proximity-only discovery signal.",Rejected / unrelated,rejected,No authoritative current relationship to Arthur Blank / AMB West; excluded.
CHAMBERLAIN SANDRA,CHAMBERLAIN SANDRA,1.148,1,Lewis and Clark,3830 BOSSELL DR HELENA MT 59602-0235,broad_owner_fragment:AMB,"Keyword/fragment, identity-field, or proximity-only discovery signal.",Rejected / unrelated,rejected,No authoritative current relationship to Arthur Blank / AMB West; excluded.
"MANTEI, ADRIAN B & AMBER",MANTEI ADRIAN B AND AMBER,1.14,1,Yellowstone,6311 BEAR PAW DR N BILLINGS MT 59106,broad_owner_fragment:AMB,"Keyword/fragment, identity-field, or proximity-only discovery signal.",Rejected / unrelated,rejected,No authoritative current relationship to Arthur Blank / AMB West; excluded.
WINKLER JASON N & AMBER L,WINKLER JASON N AND AMBER L,1.14,1,Flathead,108 DOUBLE EAGLE CT KALISPELL MT 59901-9017,broad_owner_fragment:AMB,"Keyword/fragment, identity-field, or proximity-only discovery signal.",Rejected / unrelated,rejected,No authoritative current relationship to Arthur Blank / AMB West; excluded.
LAMB JAMES W,LAMB JAMES W,1.133,1,Missoula,MAIL TO: CLARICE E LAMB 11550 MELODY LN MISSOULA MT 59804-9248,broad_owner_fragment:AMB,"Keyword/fragment, identity-field, or proximity-only discovery signal.",Rejected / unrelated,rejected,No authoritative current relationship to Arthur Blank / AMB West; excluded.
RAMBUR GORDON M & MARGENE R,RAMBUR GORDON M AND MARGENE R,1.13,1,Richland,C/O WANG PIPELINE SERVICES INC PO BOX 902 SIDNEY MT 59270,broad_owner_fragment:AMB,"Keyword/fragment, identity-field, or proximity-only discovery signal.",Rejected / unrelated,rejected,No authoritative current relationship to Arthur Blank / AMB West; excluded.
"AMBUEHL, BRENDA L & MARTY L",AMBUEHL BRENDA L AND MARTY L,1.125,1,Yellowstone,4408 SUMMER LN BILLINGS MT 59106-3955,broad_owner_fragment:AMB,"Keyword/fragment, identity-field, or proximity-only discovery signal.",Rejected / unrelated,rejected,No authoritative current relationship to Arthur Blank / AMB West; excluded.
BLANKENSHIP VOLUNTEER FIRE DEPARTMENT,BLANKENSHIP VOLUNTEER FIRE DEPARTMENT,1.12,1,Flathead,PO BOX 2377 COLUMBIA FLS MT 59912-2377,broad_owner_fragment:BLANK,"Keyword/fragment, identity-field, or proximity-only discovery signal.",Rejected / unrelated,rejected,No authoritative current relationship to Arthur Blank / AMB West; excluded.
COX ALAN & AMBER,COX ALAN AND AMBER,1.12,1,Flathead,250 LAKE BLAINE DR KALISPELL MT 59901-7629,broad_owner_fragment:AMB,"Keyword/fragment, identity-field, or proximity-only discovery signal.",Rejected / unrelated,rejected,No authoritative current relationship to Arthur Blank / AMB West; excluded.
AMBO DONNA THOMPSON,AMBO DONNA THOMPSON,1.117,1,Missoula,3157 LAMOREUX LN MISSOULA MT 59803-9739,broad_owner_fragment:AMB,"Keyword/fragment, identity-field, or proximity-only discovery signal.",Rejected / unrelated,rejected,No authoritative current relationship to Arthur Blank / AMB West; excluded.
PATTERSON TIMOTHY K & AMBER R,PATTERSON TIMOTHY K AND AMBER R,1.117,1,Gallatin,3441 PRAIRIE SMOKE RD BOZEMAN MT 59715-8788,broad_owner_fragment:AMB,"Keyword/fragment, identity-field, or proximity-only discovery signal.",Rejected / unrelated,rejected,No authoritative current relationship to Arthur Blank / AMB West; excluded.
RAMSEY GARY & AMBER,RAMSEY GARY AND AMBER,1.117,1,Rosebud,PO BOX 2371 COLSTRIP MT 59323-2371,broad_owner_fragment:AMB,"Keyword/fragment, identity-field, or proximity-only discovery signal.",Rejected / unrelated,rejected,No authoritative current relationship to Arthur Blank / AMB West; excluded.
STEPHENS JERICO & AMBER G,STEPHENS JERICO AND AMBER G,1.111,1,Broadwater,137 CAMERON WAY TOWNSEND MT 59644-9551,broad_owner_fragment:AMB,"Keyword/fragment, identity-field, or proximity-only discovery signal.",Rejected / unrelated,rejected,No authoritative current relationship to Arthur Blank / AMB West; excluded.
DULLUM DWANE & AMBER,DULLUM DWANE AND AMBER,1.11,1,Lewis and Clark,7180 ROSEMARY DR HELENA MT 59602-9434,broad_owner_fragment:AMB,"Keyword/fragment, identity-field, or proximity-only discovery signal.",Rejected / unrelated,rejected,No authoritative current relationship to Arthur Blank / AMB West; excluded.
KAMBICH JAMES,KAMBICH JAMES,1.11,1,Granite,2835 WHITE BLVD BUTTE MT 59701-3811,broad_owner_fragment:AMB,"Keyword/fragment, identity-field, or proximity-only discovery signal.",Rejected / unrelated,rejected,No authoritative current relationship to Arthur Blank / AMB West; excluded.
"MARSICH, STEVEN & AMBER",MARSICH STEVEN AND AMBER,1.11,1,Yellowstone,6707 RAIN LILY DR BILLINGS MT 59106-3078,broad_owner_fragment:AMB,"Keyword/fragment, identity-field, or proximity-only discovery signal.",Rejected / unrelated,rejected,No authoritative current relationship to Arthur Blank / AMB West; excluded.
"LAMB, JAMES C & SUSAN R",LAMB JAMES C AND SUSAN R,1.109,1,Yellowstone,1005 TRACY WAY PARK CITY MT 59063-9606,broad_owner_fragment:AMB,"Keyword/fragment, identity-field, or proximity-only discovery signal.",Rejected / unrelated,rejected,No authoritative current relationship to Arthur Blank / AMB West; excluded.
KILLOY BRIAN M & AMBER M,KILLOY BRIAN M AND AMBER M,1.101,1,Silver Bow,5940 PORTER AVE BUTTE MT 59701-7440,broad_owner_fragment:AMB,"Keyword/fragment, identity-field, or proximity-only discovery signal.",Rejected / unrelated,rejected,No authoritative current relationship to Arthur Blank / AMB West; excluded.
CHAMBERLIN ROY &,CHAMBERLIN ROY AND,1.1,1,Ravalli,246 HILLTOP DR HAMILTON MT 59840,broad_owner_fragment:AMB,"Keyword/fragment, identity-field, or proximity-only discovery signal.",Rejected / unrelated,rejected,No authoritative current relationship to Arthur Blank / AMB West; excluded.
CHAMBERLIN ROY AND,CHAMBERLIN ROY AND,1.1,1,Ravalli,246 HILLTOP DR HAMILTON MT 59840-9545,broad_owner_fragment:AMB,"Keyword/fragment, identity-field, or proximity-only discovery signal.",Rejected / unrelated,rejected,No authoritative current relationship to Arthur Blank / AMB West; excluded.
CHAMBERS PENNY J,CHAMBERS PENNY J,1.1,1,Lake,39471 LAKEVIEW DR POLSON MT 59860-8124,broad_owner_fragment:AMB,"Keyword/fragment, identity-field, or proximity-only discovery signal.",Rejected / unrelated,rejected,No authoritative current relationship to Arthur Blank / AMB West; excluded.
GIBSON SETH & AMBER,GIBSON SETH AND AMBER,1.1,1,Broadwater,16 SHARPTAIL PL THREE FORKS MT 59752-9564,broad_owner_fragment:AMB,"Keyword/fragment, identity-field, or proximity-only discovery signal.",Rejected / unrelated,rejected,No authoritative current relationship to Arthur Blank / AMB West; excluded.
"LAMBRECHT, DAVID CHARLES",LAMBRECHT DAVID CHARLES,1.1,1,Yellowstone,"LAMBRECHT FULLER, MICHELLE PO BOX 877 WHITEHALL MT 59759-0877",broad_owner_fragment:AMB,"Keyword/fragment, identity-field, or proximity-only discovery signal.",Rejected / unrelated,rejected,No authoritative current relationship to Arthur Blank / AMB West; excluded.
RULE JOHN & AMBER,RULE JOHN AND AMBER,1.098,1,Lewis and Clark,740 MIDDLEMAS RD HELENA MT 59602-7578,broad_owner_fragment:AMB,"Keyword/fragment, identity-field, or proximity-only discovery signal.",Rejected / unrelated,rejected,No authoritative current relationship to Arthur Blank / AMB West; excluded.
GEER AMBER MILDRED &,GEER AMBER MILDRED AND,1.093,1,Gallatin,6210 WEST DRY CREEK MANHATTAN MT 59741,broad_owner_fragment:AMB,"Keyword/fragment, identity-field, or proximity-only discovery signal.",Rejected / unrelated,rejected,No authoritative current relationship to Arthur Blank / AMB West; excluded.
PARADISE CROSSING LLC,PARADISE CROSSING LLC,1.092,8,Park,33 SUNDANCE DR LIVINGSTON MT 59047-8607,broad_owner_fragment:PARADISE,"Keyword/fragment, identity-field, or proximity-only discovery signal.",Rejected / unrelated,rejected,No authoritative current relationship to Arthur Blank / AMB West; excluded.
"BOERNER, WADE W & AMBER L",BOERNER WADE W AND AMBER L,1.085,1,Yellowstone,1645 NATALIE ST BILLINGS MT 59105-4339,broad_owner_fragment:AMB,"Keyword/fragment, identity-field, or proximity-only discovery signal.",Rejected / unrelated,rejected,No authoritative current relationship to Arthur Blank / AMB West; excluded.
BLANK DANIEL R & HELEN A,BLANK DANIEL R AND HELEN A,1.08,1,Deer Lodge,218 ERICKSON ST ANACONDA MT 59711-9349,broad_owner_fragment:BLANK,"Keyword/fragment, identity-field, or proximity-only discovery signal.",Rejected / unrelated,rejected,No authoritative current relationship to Arthur Blank / AMB West; excluded.
DECAMP MICHAEL BRIANDT & AMBER PAULETTE,DECAMP MICHAEL BRIANDT AND AMBER PAULETTE,1.08,1,Gallatin,45 BARNES RD BELGRADE MT 59714-8462,broad_owner_fragment:AMB,"Keyword/fragment, identity-field, or proximity-only discovery signal.",Rejected / unrelated,rejected,No authoritative current relationship to Arthur Blank / AMB West; excluded.
GAMBLE PAUL A & MARTHA J HOWELL,GAMBLE PAUL A AND MARTHA J HOWELL,1.08,1,Flathead,288 S MANY LAKES DR KALISPELL MT 59901-8335,broad_owner_fragment:AMB,"Keyword/fragment, identity-field, or proximity-only discovery signal.",Rejected / unrelated,rejected,No authoritative current relationship to Arthur Blank / AMB West; excluded.
LAMBERT DAWN D TRUSTEE,LAMBERT DAWN D TRUSTEE,1.08,1,Ravalli,PO BOX 219 CORVALLIS MT 59828-0219,broad_owner_fragment:AMB,"Keyword/fragment, identity-field, or proximity-only discovery signal.",Rejected / unrelated,rejected,No authoritative current relationship to Arthur Blank / AMB West; excluded.
AMBLER JOHN & STACEY,AMBLER JOHN AND STACEY,1.07,1,Flathead,1375 LORING ST SAN DIEGO CA 92109-1908,broad_owner_fragment:AMB,"Keyword/fragment, identity-field, or proximity-only discovery signal.",Rejected / unrelated,rejected,No authoritative current relationship to Arthur Blank / AMB West; excluded.
CHAMBERS JAMES C,CHAMBERS JAMES C,1.07,1,Lewis and Clark,3174 STILLWELL DR HELENA MT 59602-3007,broad_owner_fragment:AMB,"Keyword/fragment, identity-field, or proximity-only discovery signal.",Rejected / unrelated,rejected,No authoritative current relationship to Arthur Blank / AMB West; excluded.
PETERSEN TOD M & AMBER L,PETERSEN TOD M AND AMBER L,1.07,1,Gallatin,281 CLANCY WAY BOZEMAN MT 59718-9469,broad_owner_fragment:AMB,"Keyword/fragment, identity-field, or proximity-only discovery signal.",Rejected / unrelated,rejected,No authoritative current relationship to Arthur Blank / AMB West; excluded.
BLAZINA TIMOTHY T & AMBER R,BLAZINA TIMOTHY T AND AMBER R,1.066,1,Gallatin,112 SKIPPER ST BELGRADE MT 59714-9222,broad_owner_fragment:AMB,"Keyword/fragment, identity-field, or proximity-only discovery signal.",Rejected / unrelated,rejected,No authoritative current relationship to Arthur Blank / AMB West; excluded.
KUCHTYN KURT M & AMBER A,KUCHTYN KURT M AND AMBER A,1.06,1,Silver Bow,222 RABBIT DR BUTTE MT 59701-7441,broad_owner_fragment:AMB,"Keyword/fragment, identity-field, or proximity-only discovery signal.",Rejected / unrelated,rejected,No authoritative current relationship to Arthur Blank / AMB West; excluded.
"BECK, BRYANT & AMBER",BECK BRYANT AND AMBER,1.054,1,Yellowstone,1760 WILD LUPINE LN LAUREL MT 59044-9333,broad_owner_fragment:AMB,"Keyword/fragment, identity-field, or proximity-only discovery signal.",Rejected / unrelated,rejected,No authoritative current relationship to Arthur Blank / AMB West; excluded.
WOOD KENNETH B & AMBER V,WOOD KENNETH B AND AMBER V,1.05,1,Ravalli,341 CARTWRIGHT WAY HAMILTON MT 59840-9126,broad_owner_fragment:AMB,"Keyword/fragment, identity-field, or proximity-only discovery signal.",Rejected / unrelated,rejected,No authoritative current relationship to Arthur Blank / AMB West; excluded.
LAMBERT MARSHAL BRICE,LAMBERT MARSHAL BRICE,1.04,4,Carter,PO BOX 444 EKALAKA MT 59324-0444,broad_owner_fragment:AMB,"Keyword/fragment, identity-field, or proximity-only discovery signal.",Rejected / unrelated,rejected,No authoritative current relationship to Arthur Blank / AMB West; excluded.
LITTLE PHILIP & AMBER,LITTLE PHILIP AND AMBER,1.04,1,Flathead,3195 MT HIGHWAY 206 COLUMBIA FALLS MT 59912-9251,broad_owner_fragment:AMB,"Keyword/fragment, identity-field, or proximity-only discovery signal.",Rejected / unrelated,rejected,No authoritative current relationship to Arthur Blank / AMB West; excluded.
DOMENICO PHILLIP,DOMENICO PHILLIP,1.035,1,Broadwater,360 STAGECOACH LN TOWNSEND MT 59644-9685,broad_owner_fragment:DOME,"Keyword/fragment, identity-field, or proximity-only discovery signal.",Rejected / unrelated,rejected,No authoritative current relationship to Arthur Blank / AMB West; excluded.
BLANKENSHIP LARRY D &,BLANKENSHIP LARRY D AND,1.033,1,Lewis and Clark,3425 EICHHOFF RD HELENA MT 59602-9535,broad_owner_fragment:BLANK,"Keyword/fragment, identity-field, or proximity-only discovery signal.",Rejected / unrelated,rejected,No authoritative current relationship to Arthur Blank / AMB West; excluded.
"FLETCHER, TREVOR & AMBER",FLETCHER TREVOR AND AMBER,1.033,2,Yellowstone,4024 SANCTUARY CANYON RD BILLINGS MT 59101-7082,broad_owner_fragment:AMB,"Keyword/fragment, identity-field, or proximity-only discovery signal.",Rejected / unrelated,rejected,No authoritative current relationship to Arthur Blank / AMB West; excluded.
"HELLEKSON, AMBER L TRUSTEE",HELLEKSON AMBER L TRUSTEE,1.03,1,Yellowstone,440 BENCH BLVD BILLINGS MT 59105-3211,broad_owner_fragment:AMB,"Keyword/fragment, identity-field, or proximity-only discovery signal.",Rejected / unrelated,rejected,No authoritative current relationship to Arthur Blank / AMB West; excluded.
KONEN NOLAN A & AMBER J,KONEN NOLAN A AND AMBER J,1.03,1,Madison,4 TURQUOISE LN SHERIDAN MT 59749,broad_owner_fragment:AMB,"Keyword/fragment, identity-field, or proximity-only discovery signal.",Rejected / unrelated,rejected,No authoritative current relationship to Arthur Blank / AMB West; excluded.
BLANK CHERYL R,BLANK CHERYL R,1.029,1,Gallatin,PO BOX 11466 BOZEMAN MT 59719-1466,broad_owner_fragment:BLANK,"Keyword/fragment, identity-field, or proximity-only discovery signal.",Rejected / unrelated,rejected,No authoritative current relationship to Arthur Blank / AMB West; excluded.
"ZITO, NATHAN N & AMBER D",ZITO NATHAN N AND AMBER D,1.028,1,Yellowstone,1944 STILLMEADOW DR BILLINGS MT 59106-3779,broad_owner_fragment:AMB,"Keyword/fragment, identity-field, or proximity-only discovery signal.",Rejected / unrelated,rejected,No authoritative current relationship to Arthur Blank / AMB West; excluded.
CHAMBERLAIN MICHAEL W,CHAMBERLAIN MICHAEL W,1.025,1,Valley,2 PIKE PL GLASGOW MT 59230-8877,broad_owner_fragment:AMB,"Keyword/fragment, identity-field, or proximity-only discovery signal.",Rejected / unrelated,rejected,No authoritative current relationship to Arthur Blank / AMB West; excluded.
BONNY AMBER &,BONNY AMBER AND,1.02,1,Ravalli,5859 CANYON VISTA DR FLORENCE MT 59833-6560,broad_owner_fragment:AMB,"Keyword/fragment, identity-field, or proximity-only discovery signal.",Rejected / unrelated,rejected,No authoritative current relationship to Arthur Blank / AMB West; excluded.
GREGORY D CHAMBERLAIN TRUST,GREGORY D CHAMBERLAIN TRUST,1.02,1,Cascade,435 24TH ST SW GREAT FALLS MT 59404-2642,broad_owner_fragment:AMB,"Keyword/fragment, identity-field, or proximity-only discovery signal.",Rejected / unrelated,rejected,No authoritative current relationship to Arthur Blank / AMB West; excluded.
BLANKSMA PETER LOREN & DEBORAH L,BLANKSMA PETER LOREN AND DEBORAH L,1.01,1,Gallatin,22874 NORRIS RD BOZEMAN MT 59718-6086,broad_owner_fragment:BLANK,"Keyword/fragment, identity-field, or proximity-only discovery signal.",Rejected / unrelated,rejected,No authoritative current relationship to Arthur Blank / AMB West; excluded.
BRADT GARRISON DEAN & AMBER NICOLE,BRADT GARRISON DEAN AND AMBER NICOLE,1.01,1,Ravalli,857 PINEVIEW DR STEVENSVILLE MT 59870-6008,broad_owner_fragment:AMB,"Keyword/fragment, identity-field, or proximity-only discovery signal.",Rejected / unrelated,rejected,No authoritative current relationship to Arthur Blank / AMB West; excluded.
MOORE CORMAC JAMESON & AMBER LYNETTE,MOORE CORMAC JAMESON AND AMBER LYNETTE,1.01,1,Flathead,31 SAWTOOTH CT COLUMBIA FALLS MT 59912-3712,broad_owner_fragment:AMB,"Keyword/fragment, identity-field, or proximity-only discovery signal.",Rejected / unrelated,rejected,No authoritative current relationship to Arthur Blank / AMB West; excluded.
CHAMBERS DAVID & CAROL-ANNE,CHAMBERS DAVID AND CAROL ANNE,1.007,1,Lincoln,76 SUNSET WAY PRIDDIS GREENS AB,broad_owner_fragment:AMB,"Keyword/fragment, identity-field, or proximity-only discovery signal.",Rejected / unrelated,rejected,No authoritative current relationship to Arthur Blank / AMB West; excluded.
FARNWORTH SCOTT K & AMBER L,FARNWORTH SCOTT K AND AMBER L,1.006,2,Wibaux,PO BOX 473 WIBAUX MT 59353-0473,broad_owner_fragment:AMB,"Keyword/fragment, identity-field, or proximity-only discovery signal.",Rejected / unrelated,rejected,No authoritative current relationship to Arthur Blank / AMB West; excluded.
HAMBRIC ROSCOE O JR TRUSTEE &,HAMBRIC ROSCOE O JR TRUSTEE AND,1.004,1,Park,169 HAMPSHIRE RD WELLESLEY HILLS MA 02481-1217,broad_owner_fragment:AMB,"Keyword/fragment, identity-field, or proximity-only discovery signal.",Rejected / unrelated,rejected,No authoritative current relationship to Arthur Blank / AMB West; excluded.
MCCUE DONALD SCOTT,MCCUE DONALD SCOTT,1.003,1,Park,PO BOX 98 EMIGRANT MT 59027-0098,geographic_within_one_mile; geography_stats:near=1;adjoining=0;min_m=241.9,"Keyword/fragment, identity-field, or proximity-only discovery signal.",Rejected / unrelated,rejected,No authoritative current relationship to Arthur Blank / AMB West; excluded.
"PHILLIPS, WILLIAM G & AMBERLEE V",PHILLIPS WILLIAM G AND AMBERLEE V,1.003,1,Yellowstone,1667 OLD SORREL TRL BILLINGS MT 59105-5542,broad_owner_fragment:AMB,"Keyword/fragment, identity-field, or proximity-only discovery signal.",Rejected / unrelated,rejected,No authoritative current relationship to Arthur Blank / AMB West; excluded.
"ARCHAMBEAULT, STEVE",ARCHAMBEAULT STEVE,1.0,1,Yellowstone,V & R ENTERPRISES 1069 HANNON RD UNIT B BILLINGS MT 59101-5608,broad_owner_fragment:AMB,"Keyword/fragment, identity-field, or proximity-only discovery signal.",Rejected / unrelated,rejected,No authoritative current relationship to Arthur Blank / AMB West; excluded.
BAMBER GISELE ETAL,BAMBER GISELE ETAL,1.0,1,Mineral,73 ROBINS NEST LN SUPERIOR MT 59872-9702,broad_owner_fragment:AMB,"Keyword/fragment, identity-field, or proximity-only discovery signal.",Rejected / unrelated,rejected,No authoritative current relationship to Arthur Blank / AMB West; excluded.
BARKSDALE AMBER D,BARKSDALE AMBER D,1.0,1,Missoula,2063 BELLEAUWOOD RD MISSOULA MT 59808-8574,broad_owner_fragment:AMB,"Keyword/fragment, identity-field, or proximity-only discovery signal.",Rejected / unrelated,rejected,No authoritative current relationship to Arthur Blank / AMB West; excluded.
BEAUDETTE AMBER,BEAUDETTE AMBER,1.0,1,Missoula,1848 FREY LN MISSOULA MT 59808-1250,broad_owner_fragment:AMB,"Keyword/fragment, identity-field, or proximity-only discovery signal.",Rejected / unrelated,rejected,No authoritative current relationship to Arthur Blank / AMB West; excluded.
BLANKERS ROSS A & KRISTEN N,BLANKERS ROSS A AND KRISTEN N,1.0,1,Ravalli,5558 CIRCLE DR FLORENCE MT 59833-6636,broad_owner_fragment:BLANK,"Keyword/fragment, identity-field, or proximity-only discovery signal.",Rejected / unrelated,rejected,No authoritative current relationship to Arthur Blank / AMB West; excluded.
CARPENTER AMBER,CARPENTER AMBER,1.0,1,Park,203 ARBOR LANE LIVINGSTON MT 59047,broad_owner_fragment:AMB,"Keyword/fragment, identity-field, or proximity-only discovery signal.",Rejected / unrelated,rejected,No authoritative current relationship to Arthur Blank / AMB West; excluded.
CHAMBERLAIN GANNON H & GREGG L & LORI M,CHAMBERLAIN GANNON H AND GREGG L AND LORI M,1.0,1,Gallatin,9440 HAGGERTY LN BOZEMAN MT 59715-9263,broad_owner_fragment:AMB,"Keyword/fragment, identity-field, or proximity-only discovery signal.",Rejected / unrelated,rejected,No authoritative current relationship to Arthur Blank / AMB West; excluded.
CHAMBERLIN CARL & SIEGLINDE,CHAMBERLIN CARL AND SIEGLINDE,1.0,1,Flathead,4084 WHITEFISH STAGE KALISPELL MT 59901-6734,broad_owner_fragment:AMB,"Keyword/fragment, identity-field, or proximity-only discovery signal.",Rejected / unrelated,rejected,No authoritative current relationship to Arthur Blank / AMB West; excluded.
CHAMBERS DEBRA K,CHAMBERS DEBRA K,1.0,1,Ravalli,203 NICOL LN HAMILTON MT 59840-3048,broad_owner_fragment:AMB,"Keyword/fragment, identity-field, or proximity-only discovery signal.",Rejected / unrelated,rejected,No authoritative current relationship to Arthur Blank / AMB West; excluded.
CHAMBERS MICHAEL DWAYNE & JUDITH MARROU-,CHAMBERS MICHAEL DWAYNE AND JUDITH MARROU,1.0,1,Lewis and Clark,3196 BROW TINE DR HELENA MT 59602-3021,broad_owner_fragment:AMB,"Keyword/fragment, identity-field, or proximity-only discovery signal.",Rejected / unrelated,rejected,No authoritative current relationship to Arthur Blank / AMB West; excluded.
CHAMBERS ROBERT W JR & LORETTA,CHAMBERS ROBERT W JR AND LORETTA,1.0,1,Lake,32293 SUNRISE DR POLSON MT 59860-8001,broad_owner_fragment:AMB,"Keyword/fragment, identity-field, or proximity-only discovery signal.",Rejected / unrelated,rejected,No authoritative current relationship to Arthur Blank / AMB West; excluded.
"ERICKSON AMBER LEIGH, THERESA MARIE & BRADLEY JOHN",ERICKSON AMBER LEIGH THERESA MARIE AND BRADLEY JOHN,1.0,1,Ravalli,490 SWEETGRASS LN CORVALLIS MT 59828-9333,broad_owner_fragment:AMB,"Keyword/fragment, identity-field, or proximity-only discovery signal.",Rejected / unrelated,rejected,No authoritative current relationship to Arthur Blank / AMB West; excluded.
GALLEGOS AMBER L,GALLEGOS AMBER L,1.0,1,Broadwater,18 ELKHORN RD TOWNSEND MT 59644-9688,broad_owner_fragment:AMB,"Keyword/fragment, identity-field, or proximity-only discovery signal.",Rejected / unrelated,rejected,No authoritative current relationship to Arthur Blank / AMB West; excluded.
HAMBLIN PAULA & ELVIS,HAMBLIN PAULA AND ELVIS,1.0,1,Flathead,81 DOUGLAS DR KALISPELL MT 59901-7978,broad_owner_fragment:AMB,"Keyword/fragment, identity-field, or proximity-only discovery signal.",Rejected / unrelated,rejected,No authoritative current relationship to Arthur Blank / AMB West; excluded.
HAMBRIGHT AURORA DAE,HAMBRIGHT AURORA DAE,1.0,1,Missoula,1950 BLAINE RD BONNER MT 59823-9732,broad_owner_fragment:AMB,"Keyword/fragment, identity-field, or proximity-only discovery signal.",Rejected / unrelated,rejected,No authoritative current relationship to Arthur Blank / AMB West; excluded.
JAMES JOHN W & AMBER D,JAMES JOHN W AND AMBER D,1.0,1,Lewis and Clark,851 STAR RD HELENA MT 59602-8137,broad_owner_fragment:AMB,"Keyword/fragment, identity-field, or proximity-only discovery signal.",Rejected / unrelated,rejected,No authoritative current relationship to Arthur Blank / AMB West; excluded.
JUNGERS MICHAEL & AMBER,JUNGERS MICHAEL AND AMBER,1.0,1,Lewis and Clark,3891 BISON DR HELENA MT 59602-8401,broad_owner_fragment:AMB,"Keyword/fragment, identity-field, or proximity-only discovery signal.",Rejected / unrelated,rejected,No authoritative current relationship to Arthur Blank / AMB West; excluded.
KAMBICH DANIEL JOHN,KAMBICH DANIEL JOHN,1.0,1,Silver Bow,PO BOX 34 DIVIDE MT 59727-0034,broad_owner_fragment:AMB,"Keyword/fragment, identity-field, or proximity-only discovery signal.",Rejected / unrelated,rejected,No authoritative current relationship to Arthur Blank / AMB West; excluded.
KING JASON W & AMBER L,KING JASON W AND AMBER L,1.0,1,Ravalli,537 HARVEY LN CORVALLIS MT 59828-9735,broad_owner_fragment:AMB,"Keyword/fragment, identity-field, or proximity-only discovery signal.",Rejected / unrelated,rejected,No authoritative current relationship to Arthur Blank / AMB West; excluded.
KREMER SARA ELIZABETH,KREMER SARA ELIZABETH,1.0,1,Park,PO BOX 241 EMIGRANT MT 59027-0241,geographic_within_one_mile; geography_stats:near=1;adjoining=0;min_m=150.4,"Keyword/fragment, identity-field, or proximity-only discovery signal.",Rejected / unrelated,rejected,No authoritative current relationship to Arthur Blank / AMB West; excluded.
LAMBETH KENNETH PAUL & JANUARY MICHELLE,LAMBETH KENNETH PAUL AND JANUARY MICHELLE,1.0,1,Gallatin,131 HEIDI LN BELGRADE MT 59714-8261,broad_owner_fragment:AMB,"Keyword/fragment, identity-field, or proximity-only discovery signal.",Rejected / unrelated,rejected,No authoritative current relationship to Arthur Blank / AMB West; excluded.
PARADISE VALLEY FIRE SERVICE AREA,PARADISE VALLEY FIRE SERVICE AREA,1.0,1,Park,PO BOX 1638 EMIGRANT MT 59027-1638,broad_owner_fragment:PARADISE,"Keyword/fragment, identity-field, or proximity-only discovery signal.",Rejected / unrelated,rejected,No authoritative current relationship to Arthur Blank / AMB West; excluded.
PERUSICH JOSH & AMBER,PERUSICH JOSH AND AMBER,1.0,1,Silver Bow,28 YELLOW ROSE LN BUTTE MT 59701-7426,broad_owner_fragment:AMB,"Keyword/fragment, identity-field, or proximity-only discovery signal.",Rejected / unrelated,rejected,No authoritative current relationship to Arthur Blank / AMB West; excluded.
RANCH TRAVIS & AMBER,RANCH TRAVIS AND AMBER,1.0,1,Flathead,150 RAVEN HILL RD KALISPELL MT 59901-8462,broad_owner_fragment:AMB,"Keyword/fragment, identity-field, or proximity-only discovery signal.",Rejected / unrelated,rejected,No authoritative current relationship to Arthur Blank / AMB West; excluded.
REYNOLDS MISTYAMBER ALISA & ASA FLYNT,REYNOLDS MISTYAMBER ALISA AND ASA FLYNT,1.0,1,Beaverhead,1161 LAKNAR LN DILLON MT 59725-8490,broad_owner_fragment:AMB,"Keyword/fragment, identity-field, or proximity-only discovery signal.",Rejected / unrelated,rejected,No authoritative current relationship to Arthur Blank / AMB West; excluded.
RICHARDSON LANS M & AMBER M,RICHARDSON LANS M AND AMBER M,1.0,1,Ravalli,PO BOX 102 HAMILTON MT 59840-0102,broad_owner_fragment:AMB,"Keyword/fragment, identity-field, or proximity-only discovery signal.",Rejected / unrelated,rejected,No authoritative current relationship to Arthur Blank / AMB West; excluded.
ROBINSON NICHOLAS J & AMBER M,ROBINSON NICHOLAS J AND AMBER M,1.0,1,Ravalli,760 TALONS WAY HAMILTON MT 59840-3025,broad_owner_fragment:AMB,"Keyword/fragment, identity-field, or proximity-only discovery signal.",Rejected / unrelated,rejected,No authoritative current relationship to Arthur Blank / AMB West; excluded.
SHIELDS DERICK & AMBER,SHIELDS DERICK AND AMBER,1.0,1,Silver Bow,130 CRYING GEORGE RD BUTTE MT 59701-7409,broad_owner_fragment:AMB,"Keyword/fragment, identity-field, or proximity-only discovery signal.",Rejected / unrelated,rejected,No authoritative current relationship to Arthur Blank / AMB West; excluded.
SIKKINK AMBER & REED,SIKKINK AMBER AND REED,1.0,1,Park,322 N 7TH ST LIVINGSTON MT 59047-1824,broad_owner_fragment:AMB,"Keyword/fragment, identity-field, or proximity-only discovery signal.",Rejected / unrelated,rejected,No authoritative current relationship to Arthur Blank / AMB West; excluded.
WALKER ROBERT II & AMBERLEE,WALKER ROBERT II AND AMBERLEE,1.0,1,Cascade,274 CHESTNUT VALLEY RD CASCADE MT 59421-8204,broad_owner_fragment:AMB,"Keyword/fragment, identity-field, or proximity-only discovery signal.",Rejected / unrelated,rejected,No authoritative current relationship to Arthur Blank / AMB West; excluded.
ZAMBRANO JOSEPH R & LYNN,ZAMBRANO JOSEPH R AND LYNN,1.0,1,Lake,PO BOX 2381 BIGFORK MT 59911-2381,broad_owner_fragment:AMB,"Keyword/fragment, identity-field, or proximity-only discovery signal.",Rejected / unrelated,rejected,No authoritative current relationship to Arthur Blank / AMB West; excluded.
GAMBLE MICHAEL W,GAMBLE MICHAEL W,0.993,1,Lewis and Clark,4114 US HIGHWAY 12 W HELENA MT 59601-9688,broad_owner_fragment:AMB,"Keyword/fragment, identity-field, or proximity-only discovery signal.",Rejected / unrelated,rejected,No authoritative current relationship to Arthur Blank / AMB West; excluded.
WISZ KENNY LEE & KATHERINE ANN AMBROSE TRUSTEES OF THE KENNY LEE WISZ & KATHERIN,WISZ KENNY LEE AND KATHERINE ANN AMBROSE TRUSTEES OF THE KENNY LEE WISZ AND KATHERIN,0.993,1,Granite,5 WILLIAMS GULCH LOOP PHILIPSBURG MT 59858-9785,broad_owner_fragment:AMB,"Keyword/fragment, identity-field, or proximity-only discovery signal.",Rejected / unrelated,rejected,No authoritative current relationship to Arthur Blank / AMB West; excluded.
BLANK STEVEN L & CAROL L,BLANK STEVEN L AND CAROL L,0.991,2,Stillwater,2213 S 45TH ST W BILLINGS MT 59106-3877,broad_owner_fragment:BLANK,"Keyword/fragment, identity-field, or proximity-only discovery signal.",Rejected / unrelated,rejected,No authoritative current relationship to Arthur Blank / AMB West; excluded.
CHAMBERS LEON E & KIMBERLY R,CHAMBERS LEON E AND KIMBERLY R,0.98,1,Missoula,7130 RATTLESNAKE DR MISSOULA MT 59802-5315,broad_owner_fragment:AMB,"Keyword/fragment, identity-field, or proximity-only discovery signal.",Rejected / unrelated,rejected,No authoritative current relationship to Arthur Blank / AMB West; excluded.
HAMBLIN MOLINA D & ANDREW M,HAMBLIN MOLINA D AND ANDREW M,0.979,3,Silver Bow,4031 PAXSON AVE BUTTE MT 59701-6988,broad_owner_fragment:AMB,"Keyword/fragment, identity-field, or proximity-only discovery signal.",Rejected / unrelated,rejected,No authoritative current relationship to Arthur Blank / AMB West; excluded.
CHAMBERLAIN DORAN AND,CHAMBERLAIN DORAN AND,0.978,3,Fergus,304 E CORCORAN ST LEWISTOWN MT 59457-1744,broad_owner_fragment:AMB,"Keyword/fragment, identity-field, or proximity-only discovery signal.",Rejected / unrelated,rejected,No authoritative current relationship to Arthur Blank / AMB West; excluded.
BROWN AMBER & JASON,BROWN AMBER AND JASON,0.97,1,Flathead,415 SOLBERG DR KALISPELL MT 59901-2446,broad_owner_fragment:AMB,"Keyword/fragment, identity-field, or proximity-only discovery signal.",Rejected / unrelated,rejected,No authoritative current relationship to Arthur Blank / AMB West; excluded.
KLAUSTERMEIER ANDREW & SARAH,KLAUSTERMEIER ANDREW AND SARAH,0.97,1,Gallatin,3091 MAGENTA RD BOZEMAN MT 59718-7544,broad_owner_fragment:AUSTER; specific_owner_keyword:AUSTER,"Keyword/fragment, identity-field, or proximity-only discovery signal.",Rejected / unrelated,rejected,No authoritative current relationship to Arthur Blank / AMB West; excluded.
LAMBROS RENTALS LLC,LAMBROS RENTALS LLC,0.965,3,Missoula,3011 AMERICAN WAY MISSOULA MT 59808-1921 | PLUM PROPERTY MGMT PO BOX 17312 MISSOULA MT 59808-7312,broad_owner_fragment:AMB,"Keyword/fragment, identity-field, or proximity-only discovery signal.",Rejected / unrelated,rejected,No authoritative current relationship to Arthur Blank / AMB West; excluded.
AMBORD CHRISTINE VA,AMBORD CHRISTINE VA,0.965,1,Missoula,4210 NORTH AVE W MISSOULA MT 59804-5038,broad_owner_fragment:AMB,"Keyword/fragment, identity-field, or proximity-only discovery signal.",Rejected / unrelated,rejected,No authoritative current relationship to Arthur Blank / AMB West; excluded.
BORSBERRY AMBER D,BORSBERRY AMBER D,0.95,1,Lewis and Clark,3418 CANYON FERRY RD EAST HELENA MT 59635-3130,broad_owner_fragment:AMB,"Keyword/fragment, identity-field, or proximity-only discovery signal.",Rejected / unrelated,rejected,No authoritative current relationship to Arthur Blank / AMB West; excluded.
REAP ROBERT & AMBER,REAP ROBERT AND AMBER,0.95,1,Beaverhead,1459 LAKNAR LN DILLON MT 59725-8493,broad_owner_fragment:AMB,"Keyword/fragment, identity-field, or proximity-only discovery signal.",Rejected / unrelated,rejected,No authoritative current relationship to Arthur Blank / AMB West; excluded.
"WAMBEKE, RONALD T & MAUREEN D",WAMBEKE RONALD T AND MAUREEN D,0.948,1,Yellowstone,3737 IROQUOIS TRL BILLINGS MT 59106-9626,broad_owner_fragment:AMB,"Keyword/fragment, identity-field, or proximity-only discovery signal.",Rejected / unrelated,rejected,No authoritative current relationship to Arthur Blank / AMB West; excluded.
HAMBRICK FAMILY TRUST PETER CALVIN HAMBRICK & JUDY MAE,HAMBRICK FAMILY TRUST PETER CALVIN HAMBRICK AND JUDY MAE,0.94,1,Flathead,38728 WISTERIA DR PALM DESERT CA 92211-7468,broad_owner_fragment:AMB,"Keyword/fragment, identity-field, or proximity-only discovery signal.",Rejected / unrelated,rejected,No authoritative current relationship to Arthur Blank / AMB West; excluded.
CHAMBERS LUKE E,CHAMBERS LUKE E,0.938,1,Missoula,5425 PRIMROSE LN MISSOULA MT 59808-8512,broad_owner_fragment:AMB,"Keyword/fragment, identity-field, or proximity-only discovery signal.",Rejected / unrelated,rejected,No authoritative current relationship to Arthur Blank / AMB West; excluded.
VAN UDEN PETER LAMBERT & CONNIE DIANE,VAN UDEN PETER LAMBERT AND CONNIE DIANE,0.936,1,Flathead,22-3376 28TH ST S LETHBRIDGE AB,broad_owner_fragment:AMB,"Keyword/fragment, identity-field, or proximity-only discovery signal.",Rejected / unrelated,rejected,No authoritative current relationship to Arthur Blank / AMB West; excluded.
"HAMBLIN, RICHARD A & COURTNEY L",HAMBLIN RICHARD A AND COURTNEY L,0.931,1,Yellowstone,3427 SAN MARINO DR BILLINGS MT 59101-6895,broad_owner_fragment:AMB,"Keyword/fragment, identity-field, or proximity-only discovery signal.",Rejected / unrelated,rejected,No authoritative current relationship to Arthur Blank / AMB West; excluded.
CHAMBERLAIN CURTIS & JENNIFER,CHAMBERLAIN CURTIS AND JENNIFER,0.928,1,Madison,PO BOX 583 ENNIS MT 59729-0583,broad_owner_fragment:AMB,"Keyword/fragment, identity-field, or proximity-only discovery signal.",Rejected / unrelated,rejected,No authoritative current relationship to Arthur Blank / AMB West; excluded.
BRANNON DANIEL T III & AMBER M,BRANNON DANIEL T III AND AMBER M,0.92,2,Cascade,1108 24TH AVE SW GREAT FALLS MT 59404-3441,broad_owner_fragment:AMB,"Keyword/fragment, identity-field, or proximity-only discovery signal.",Rejected / unrelated,rejected,No authoritative current relationship to Arthur Blank / AMB West; excluded.
CHAMBERS F W SHARKEY,CHAMBERS F W SHARKEY,0.909,1,Lewis and Clark,4285 COUGAR DR HELENA MT 59602-7527,broad_owner_fragment:AMB,"Keyword/fragment, identity-field, or proximity-only discovery signal.",Rejected / unrelated,rejected,No authoritative current relationship to Arthur Blank / AMB West; excluded.
LAMB ROBERTA R,LAMB ROBERTA R,0.906,1,Cascade,17 PARK GARDEN EST GREAT FALLS MT 59404-3541,broad_owner_fragment:AMB,"Keyword/fragment, identity-field, or proximity-only discovery signal.",Rejected / unrelated,rejected,No authoritative current relationship to Arthur Blank / AMB West; excluded.
WENGERD JONAS & AMBER,WENGERD JONAS AND AMBER,0.9,1,Lincoln,40 MORAINE DR EUREKA MT 59917,broad_owner_fragment:AMB,"Keyword/fragment, identity-field, or proximity-only discovery signal.",Rejected / unrelated,rejected,No authoritative current relationship to Arthur Blank / AMB West; excluded.
CARPENTER JOSHUA L & AMBER,CARPENTER JOSHUA L AND AMBER,0.89,1,Flathead,197 ASPEN LOOP KALISPELL MT 59901-3311,broad_owner_fragment:AMB,"Keyword/fragment, identity-field, or proximity-only discovery signal.",Rejected / unrelated,rejected,No authoritative current relationship to Arthur Blank / AMB West; excluded.
CHAMBERLAIN LEWIS,CHAMBERLAIN LEWIS,0.89,1,Flathead,23 FRONTIER LOOP MARION MT 59925-9628,broad_owner_fragment:AMB,"Keyword/fragment, identity-field, or proximity-only discovery signal.",Rejected / unrelated,rejected,No authoritative current relationship to Arthur Blank / AMB West; excluded.
SCHREINER JACOB ADAM & AMBER NICOLE,SCHREINER JACOB ADAM AND AMBER NICOLE,0.89,1,Carbon,36 BUS LN LAUREL MT 59044-9214,broad_owner_fragment:AMB,"Keyword/fragment, identity-field, or proximity-only discovery signal.",Rejected / unrelated,rejected,No authoritative current relationship to Arthur Blank / AMB West; excluded.
LAMB DOUGLAS LLOYD & LOLITA M,LAMB DOUGLAS LLOYD AND LOLITA M,0.883,1,Lewis and Clark,916 HIAWATHA ST HELENA MT 59601-1440,broad_owner_fragment:AMB,"Keyword/fragment, identity-field, or proximity-only discovery signal.",Rejected / unrelated,rejected,No authoritative current relationship to Arthur Blank / AMB West; excluded.
LAMBERT KYLEE JO ETAL,LAMBERT KYLEE JO ETAL,0.864,1,Richland,12119 HIGHWAY 16 SIDNEY MT 59270-6333,broad_owner_fragment:AMB,"Keyword/fragment, identity-field, or proximity-only discovery signal.",Rejected / unrelated,rejected,No authoritative current relationship to Arthur Blank / AMB West; excluded.
LAMBERT MARK J,LAMBERT MARK J,0.86,1,Lake,33501 CHERRY LN BIGFORK MT 59911-8411,broad_owner_fragment:AMB,"Keyword/fragment, identity-field, or proximity-only discovery signal.",Rejected / unrelated,rejected,No authoritative current relationship to Arthur Blank / AMB West; excluded.
THUNDERDOME LLC,THUNDERDOME LLC,0.86,1,Missoula,MAIL TO CHRISTOPHER CHITTY 1719 S10TH ST W MISSOULA MT 59801-3419,broad_owner_fragment:DOME,"Keyword/fragment, identity-field, or proximity-only discovery signal.",Rejected / unrelated,rejected,No authoritative current relationship to Arthur Blank / AMB West; excluded.
"CATALANELLO, JESSE A & AMBER D",CATALANELLO JESSE A AND AMBER D,0.859,1,Yellowstone,506 CALHOUN LN BILLINGS MT 59101-4816,broad_owner_fragment:AMB,"Keyword/fragment, identity-field, or proximity-only discovery signal.",Rejected / unrelated,rejected,No authoritative current relationship to Arthur Blank / AMB West; excluded.
LAMBERT FIRE DEPT,LAMBERT FIRE DEPT,0.855,3,Richland,P O BOX 000 LAMBERT MT 59243,broad_owner_fragment:AMB,"Keyword/fragment, identity-field, or proximity-only discovery signal.",Rejected / unrelated,rejected,No authoritative current relationship to Arthur Blank / AMB West; excluded.
LAMB ALAN,LAMB ALAN,0.852,1,Sanders,PO BOX 147 HOT SPRINGS MT 59845-0147,broad_owner_fragment:AMB,"Keyword/fragment, identity-field, or proximity-only discovery signal.",Rejected / unrelated,rejected,No authoritative current relationship to Arthur Blank / AMB West; excluded.
LAMB JOHN E & ARMSTRONG MARY K TRUSTEES,LAMB JOHN E AND ARMSTRONG MARY K TRUSTEES,0.85,2,Valley,2720 2ND ST SE EAST WENATCHEE WA 98802-9253,broad_owner_fragment:AMB,"Keyword/fragment, identity-field, or proximity-only discovery signal.",Rejected / unrelated,rejected,No authoritative current relationship to Arthur Blank / AMB West; excluded.
ARAMBULA GERRY &,ARAMBULA GERRY AND,0.846,1,Madison,1443 ROMANESCA DR HENDERSON NV 89052-5518,broad_owner_fragment:AMB,"Keyword/fragment, identity-field, or proximity-only discovery signal.",Rejected / unrelated,rejected,No authoritative current relationship to Arthur Blank / AMB West; excluded.
VAN NYHUIS RILEY & AMBER CECILIA,VAN NYHUIS RILEY AND AMBER CECILIA,0.845,1,Flathead,412 GEDDES AVE WHITEFISH MT 59937-3048,broad_owner_fragment:AMB,"Keyword/fragment, identity-field, or proximity-only discovery signal.",Rejected / unrelated,rejected,No authoritative current relationship to Arthur Blank / AMB West; excluded.
CAMBRIDGE TOWNHOME CONDOMINIUM,CAMBRIDGE TOWNHOME CONDOMINIUM,0.843,1,Yellowstone,3589 CAMBRIDGE DR BILLINGS MT 59101-5372,broad_owner_fragment:AMB,"Keyword/fragment, identity-field, or proximity-only discovery signal.",Rejected / unrelated,rejected,No authoritative current relationship to Arthur Blank / AMB West; excluded.
BETLACH-CHAMBERLAIN LYNETTE C,BETLACH CHAMBERLAIN LYNETTE C,0.84,1,Jefferson,16 VIGILANTE TRL CLANCY MT 59634-9515,broad_owner_fragment:AMB,"Keyword/fragment, identity-field, or proximity-only discovery signal.",Rejected / unrelated,rejected,No authoritative current relationship to Arthur Blank / AMB West; excluded.
LAMBERSON FAMILY TRUST,LAMBERSON FAMILY TRUST,0.836,1,Flathead,RALPH L & SUSAN P LAMBERSON 525 W 5TH ST WHITEFISH MT 59937,broad_owner_fragment:AMB,"Keyword/fragment, identity-field, or proximity-only discovery signal.",Rejected / unrelated,rejected,No authoritative current relationship to Arthur Blank / AMB West; excluded.
LAMBERSON JOHN & JESSICA,LAMBERSON JOHN AND JESSICA,0.836,1,Flathead,540 7TH ST W WHITEFISH MT 59937-3217,broad_owner_fragment:AMB,"Keyword/fragment, identity-field, or proximity-only discovery signal.",Rejected / unrelated,rejected,No authoritative current relationship to Arthur Blank / AMB West; excluded.
BLANK NICHOLAS H,BLANK NICHOLAS H,0.827,3,Missoula,PO BOX 941 SEELEY LAKE MT 59868-0941,broad_owner_fragment:BLANK,"Keyword/fragment, identity-field, or proximity-only discovery signal.",Rejected / unrelated,rejected,No authoritative current relationship to Arthur Blank / AMB West; excluded.
CHAMBERS LINDA J,CHAMBERS LINDA J,0.82,1,Gallatin,78 HITCHING POST RD BOZEMAN MT 59715-9241,broad_owner_fragment:AMB,"Keyword/fragment, identity-field, or proximity-only discovery signal.",Rejected / unrelated,rejected,No authoritative current relationship to Arthur Blank / AMB West; excluded.
TRODICK JUSTIN A & AMBER C,TRODICK JUSTIN A AND AMBER C,0.82,1,Lake,29248 WAPITI LN BIGFORK MT 59911-5974,broad_owner_fragment:AMB,"Keyword/fragment, identity-field, or proximity-only discovery signal.",Rejected / unrelated,rejected,No authoritative current relationship to Arthur Blank / AMB West; excluded.
DENSON CHARLES C III & AMBER LEE,DENSON CHARLES C III AND AMBER LEE,0.818,3,Sanders,116 HILL ST #251 THOMPSON FALLS MT 59873-3020 | 116 HILL ST THOMPSON FALLS MT 59873-3020,broad_owner_fragment:AMB,"Keyword/fragment, identity-field, or proximity-only discovery signal.",Rejected / unrelated,rejected,No authoritative current relationship to Arthur Blank / AMB West; excluded.
LAMBERT PATRICIA J,LAMBERT PATRICIA J,0.81,1,Flathead,2557 MISSION TRL KALISPELL MT 59901-2251,broad_owner_fragment:AMB,"Keyword/fragment, identity-field, or proximity-only discovery signal.",Rejected / unrelated,rejected,No authoritative current relationship to Arthur Blank / AMB West; excluded.
BILLINGS CHAMBER OF COMMERCE,BILLINGS CHAMBER OF COMMERCE,0.803,1,Yellowstone,815 S 27TH ST BILLINGS MT 59101-4513,broad_owner_fragment:AMB,"Keyword/fragment, identity-field, or proximity-only discovery signal.",Rejected / unrelated,rejected,No authoritative current relationship to Arthur Blank / AMB West; excluded.
PHILLIPS AMBER,PHILLIPS AMBER,0.803,1,Wheatland,2115 GEORGE ST BILLINGS MT 59102-6312,broad_owner_fragment:AMB,"Keyword/fragment, identity-field, or proximity-only discovery signal.",Rejected / unrelated,rejected,No authoritative current relationship to Arthur Blank / AMB West; excluded.
AMBROSE CASEY,AMBROSE CASEY,0.803,2,Missoula,19 SEPTEMBER DR MISSOULA MT 59802-3321,broad_owner_fragment:AMB,"Keyword/fragment, identity-field, or proximity-only discovery signal.",Rejected / unrelated,rejected,No authoritative current relationship to Arthur Blank / AMB West; excluded.
GAMBLE TRAVIS W,GAMBLE TRAVIS W,0.803,3,Treasure,PO BOX 485 HYSHAM MT 59038-0485,broad_owner_fragment:AMB,"Keyword/fragment, identity-field, or proximity-only discovery signal.",Rejected / unrelated,rejected,No authoritative current relationship to Arthur Blank / AMB West; excluded.
AMBURGEY RONALD J & KATHRYN I TRUSTEES,AMBURGEY RONALD J AND KATHRYN I TRUSTEES,0.794,2,Madison,2736 CIBOLA AVE COSTA MESA CA 92626-5602,broad_owner_fragment:AMB,"Keyword/fragment, identity-field, or proximity-only discovery signal.",Rejected / unrelated,rejected,No authoritative current relationship to Arthur Blank / AMB West; excluded.
DUSHIN AMBER N,DUSHIN AMBER N,0.79,1,Lewis and Clark,867 KAMERA CT HELENA MT 59601-6712,broad_owner_fragment:AMB,"Keyword/fragment, identity-field, or proximity-only discovery signal.",Rejected / unrelated,rejected,No authoritative current relationship to Arthur Blank / AMB West; excluded.
KONKOL BRAYDEN LAMBEAU & BAYLEE ANN,KONKOL BRAYDEN LAMBEAU AND BAYLEE ANN,0.785,1,Gallatin,471 HEREFORD DR BELGRADE MT 59714-9565,broad_owner_fragment:AMB,"Keyword/fragment, identity-field, or proximity-only discovery signal.",Rejected / unrelated,rejected,No authoritative current relationship to Arthur Blank / AMB West; excluded.
ARAMBULA GERRY,ARAMBULA GERRY,0.78,1,Madison,1443 ROMANESCA DR HENDERSON NV 89052,broad_owner_fragment:AMB,"Keyword/fragment, identity-field, or proximity-only discovery signal.",Rejected / unrelated,rejected,No authoritative current relationship to Arthur Blank / AMB West; excluded.
JERMAN JAMES & AMBER,JERMAN JAMES AND AMBER,0.78,1,Flathead,60 VILLAGE LOOP RD KALISPELL MT 59901-2793,broad_owner_fragment:AMB,"Keyword/fragment, identity-field, or proximity-only discovery signal.",Rejected / unrelated,rejected,No authoritative current relationship to Arthur Blank / AMB West; excluded.
LAHREN RODNEY HAROLD & JENNIFER &,LAHREN RODNEY HAROLD AND JENNIFER AND,0.768,2,Park,118 S K ST LIVINGSTON MT 59047-2816 | 18 CALEDONIA RD APT 1 LIVINGSTON MT 59047-8823,geographic_within_one_mile; geography_stats:near=1;adjoining=0;min_m=809.7,"Keyword/fragment, identity-field, or proximity-only discovery signal.",Rejected / unrelated,rejected,No authoritative current relationship to Arthur Blank / AMB West; excluded.
WYCKOFF TREVOR & AMBER,WYCKOFF TREVOR AND AMBER,0.765,1,Flathead,3609 NW 138TH ST VANCOUVER WA 98685-1118,broad_owner_fragment:AMB,"Keyword/fragment, identity-field, or proximity-only discovery signal.",Rejected / unrelated,rejected,No authoritative current relationship to Arthur Blank / AMB West; excluded.
LAMB WILL & EMILY,LAMB WILL AND EMILY,0.75,1,Flathead,263 RIVERSIDE DR KALISPELL MT 59901-2717,broad_owner_fragment:AMB,"Keyword/fragment, identity-field, or proximity-only discovery signal.",Rejected / unrelated,rejected,No authoritative current relationship to Arthur Blank / AMB West; excluded.
ROGERS AMBER L,ROGERS AMBER L,0.75,1,Missoula,4415 SPURGIN RANCH CT MISSOULA MT 59804-2921,broad_owner_fragment:AMB,"Keyword/fragment, identity-field, or proximity-only discovery signal.",Rejected / unrelated,rejected,No authoritative current relationship to Arthur Blank / AMB West; excluded.
IYA MALUA TAMBI,IYA MALUA TAMBI,0.743,1,Richland,1809 14TH ST SW SIDNEY MT 59270-6202,broad_owner_fragment:AMB,"Keyword/fragment, identity-field, or proximity-only discovery signal.",Rejected / unrelated,rejected,No authoritative current relationship to Arthur Blank / AMB West; excluded.
AMBURGEY GUY & JOSEPHINE TRUSTEES,AMBURGEY GUY AND JOSEPHINE TRUSTEES,0.74,1,Madison,PO BOX 155 MC ALLISTER MT 59740-0155,broad_owner_fragment:AMB,"Keyword/fragment, identity-field, or proximity-only discovery signal.",Rejected / unrelated,rejected,No authoritative current relationship to Arthur Blank / AMB West; excluded.
BELL AMBER ETAL,BELL AMBER ETAL,0.74,1,Lake,14458 CHERRY DR BIGFORK MT 59911-8542,broad_owner_fragment:AMB,"Keyword/fragment, identity-field, or proximity-only discovery signal.",Rejected / unrelated,rejected,No authoritative current relationship to Arthur Blank / AMB West; excluded.
LONE PARADISE LLC,LONE PARADISE LLC,0.74,1,Madison,415 CLANCY WAY BOZEMAN MT 59718-9742,broad_owner_fragment:PARADISE,"Keyword/fragment, identity-field, or proximity-only discovery signal.",Rejected / unrelated,rejected,No authoritative current relationship to Arthur Blank / AMB West; excluded.
THORN JOHN H & AMBURE L,THORN JOHN H AND AMBURE L,0.739,1,Gallatin,511 DULOHERY LN BOZEMAN MT 59715-1204,broad_owner_fragment:AMB,"Keyword/fragment, identity-field, or proximity-only discovery signal.",Rejected / unrelated,rejected,No authoritative current relationship to Arthur Blank / AMB West; excluded.
AMBROSE GARY G,AMBROSE GARY G,0.73,1,Flathead,12 SPRINGCREEK CT KALISPELL MT 59901-2381,broad_owner_fragment:AMB,"Keyword/fragment, identity-field, or proximity-only discovery signal.",Rejected / unrelated,rejected,No authoritative current relationship to Arthur Blank / AMB West; excluded.
PHILLIP & DAYNA LAMBERT TRUST &,PHILLIP AND DAYNA LAMBERT TRUST AND,0.722,1,Carbon,PO BOX 14 BRIDGER MT 59014-0014,broad_owner_fragment:AMB,"Keyword/fragment, identity-field, or proximity-only discovery signal.",Rejected / unrelated,rejected,No authoritative current relationship to Arthur Blank / AMB West; excluded.
CHAMBERLIN FAMILY LIVING TR DANIEL & LORI LEA,CHAMBERLIN FAMILY LIVING TR DANIEL AND LORI LEA,0.713,2,Flathead,1065 MEADOWLARK LN WHITEFISH MT 59937-1669,broad_owner_fragment:AMB,"Keyword/fragment, identity-field, or proximity-only discovery signal.",Rejected / unrelated,rejected,No authoritative current relationship to Arthur Blank / AMB West; excluded.
BLANK BRANDON E ETAL,BLANK BRANDON E ETAL,0.71,1,Lewis and Clark,6150 ROSENDALE RD EAST HELENA MT 59635-9774,broad_owner_fragment:BLANK,"Keyword/fragment, identity-field, or proximity-only discovery signal.",Rejected / unrelated,rejected,No authoritative current relationship to Arthur Blank / AMB West; excluded.
"BLANKENSHIP, KYLE J & LAURA A",BLANKENSHIP KYLE J AND LAURA A,0.71,1,Yellowstone,1280 PUMORI CIR BILLINGS MT 59101,broad_owner_fragment:BLANK,"Keyword/fragment, identity-field, or proximity-only discovery signal.",Rejected / unrelated,rejected,No authoritative current relationship to Arthur Blank / AMB West; excluded.
"LAMBRECHT, MIKE & ELAINE B",LAMBRECHT MIKE AND ELAINE B,0.708,1,Yellowstone,PO BOX 51053 BILLINGS MT 59105-0902,broad_owner_fragment:AMB,"Keyword/fragment, identity-field, or proximity-only discovery signal.",Rejected / unrelated,rejected,No authoritative current relationship to Arthur Blank / AMB West; excluded.
MCDERMOTT JARED & AMBER,MCDERMOTT JARED AND AMBER,0.7,1,Carbon,2130 NORTH PL BILLINGS MT 59102-2519,broad_owner_fragment:AMB,"Keyword/fragment, identity-field, or proximity-only discovery signal.",Rejected / unrelated,rejected,No authoritative current relationship to Arthur Blank / AMB West; excluded.
PARADISE COVE CONDO OWNERS ASSN INC,PARADISE COVE CONDO OWNERS ASSN INC,0.699,6,Lake,MAIL TO JANIS STINGER 200 WINTERCREST DR KALISPELL MT 59901-6775,broad_owner_fragment:PARADISE,"Keyword/fragment, identity-field, or proximity-only discovery signal.",Rejected / unrelated,rejected,No authoritative current relationship to Arthur Blank / AMB West; excluded.
DOME-ARNOT JOINT REVOCABLE TRUST,DOME ARNOT JOINT REVOCABLE TRUST,0.696,1,Sanders,PO BOX 676 HOT SPRINGS MT 59845-0676,broad_owner_fragment:DOME,"Keyword/fragment, identity-field, or proximity-only discovery signal.",Rejected / unrelated,rejected,No authoritative current relationship to Arthur Blank / AMB West; excluded.
HATCHER AMBER,HATCHER AMBER,0.69,1,Deer Lodge,203 ERICKSON ST ANACONDA MT 59711-9349,broad_owner_fragment:AMB,"Keyword/fragment, identity-field, or proximity-only discovery signal.",Rejected / unrelated,rejected,No authoritative current relationship to Arthur Blank / AMB West; excluded.
LAMBERT LUTHERN CHURCH,LAMBERT LUTHERN CHURCH,0.689,1,Richland,LAMBERT MT 59270,broad_owner_fragment:AMB,"Keyword/fragment, identity-field, or proximity-only discovery signal.",Rejected / unrelated,rejected,No authoritative current relationship to Arthur Blank / AMB West; excluded.
MATTHEIS AILEEN LAMBERT  &,MATTHEIS AILEEN LAMBERT AND,0.688,1,Golden Valley,PO BOX 235 RYEGATE MT 59074-0235,broad_owner_fragment:AMB,"Keyword/fragment, identity-field, or proximity-only discovery signal.",Rejected / unrelated,rejected,No authoritative current relationship to Arthur Blank / AMB West; excluded.
ARCHAMBEAU JUDY E,ARCHAMBEAU JUDY E,0.683,3,Cascade,1619 18TH AVE S GREAT FALLS MT 59405-6118,broad_owner_fragment:AMB,"Keyword/fragment, identity-field, or proximity-only discovery signal.",Rejected / unrelated,rejected,No authoritative current relationship to Arthur Blank / AMB West; excluded.
LAMB RICKY & VALERIE,LAMB RICKY AND VALERIE,0.673,2,Gallatin,PO BOX 1176 THREE FORKS MT 59752-1176,broad_owner_fragment:AMB,"Keyword/fragment, identity-field, or proximity-only discovery signal.",Rejected / unrelated,rejected,No authoritative current relationship to Arthur Blank / AMB West; excluded.
JAMBOR MATHIAS & CAROLINE,JAMBOR MATHIAS AND CAROLINE,0.672,3,Gallatin,636 W 1860 N WASHINGTON UT 84780-8569 | PO BOX 2087 WEST YELLOWSTONE MT 59758-2087,broad_owner_fragment:AMB,"Keyword/fragment, identity-field, or proximity-only discovery signal.",Rejected / unrelated,rejected,No authoritative current relationship to Arthur Blank / AMB West; excluded.
CHAMBERS SCOTT,CHAMBERS SCOTT,0.67,1,Flathead,60 SANCTUARY RD KALISPELL MT 59901-7970,broad_owner_fragment:AMB,"Keyword/fragment, identity-field, or proximity-only discovery signal.",Rejected / unrelated,rejected,No authoritative current relationship to Arthur Blank / AMB West; excluded.
CHAMBERLIN STEVEN WAYNE,CHAMBERLIN STEVEN WAYNE,0.669,1,Lewis and Clark,1708 GOLD RUSH AVE HELENA MT 59601-5809,broad_owner_fragment:AMB,"Keyword/fragment, identity-field, or proximity-only discovery signal.",Rejected / unrelated,rejected,No authoritative current relationship to Arthur Blank / AMB West; excluded.
LAMB REVOCABLE INTER VIVOS TRUST STEVEN R,LAMB REVOCABLE INTER VIVOS TRUST STEVEN R,0.666,1,Flathead,STEVEN R & LUCINDA M LAMB 207 MENNONITE CHURCH RD KALISPELL MT 59901-1316,broad_owner_fragment:AMB,"Keyword/fragment, identity-field, or proximity-only discovery signal.",Rejected / unrelated,rejected,No authoritative current relationship to Arthur Blank / AMB West; excluded.
POMMERVILLE AMBER,POMMERVILLE AMBER,0.661,3,Gallatin,16 HARVESTER LN BELGRADE MT 59714-9294,broad_owner_fragment:AMB,"Keyword/fragment, identity-field, or proximity-only discovery signal.",Rejected / unrelated,rejected,No authoritative current relationship to Arthur Blank / AMB West; excluded.
CHAMBERLIN ROBERT R & SHIRLEY K,CHAMBERLIN ROBERT R AND SHIRLEY K,0.652,1,Broadwater,5621 RAINBOW DR HELENA MT 59602-9574,broad_owner_fragment:AMB,"Keyword/fragment, identity-field, or proximity-only discovery signal.",Rejected / unrelated,rejected,No authoritative current relationship to Arthur Blank / AMB West; excluded.
CHAMBERS JERRY A & STEPHANIE H,CHAMBERS JERRY A AND STEPHANIE H,0.651,1,Lewis and Clark,3174 STILLWELL DR HELENA MT 59602-3007,broad_owner_fragment:AMB,"Keyword/fragment, identity-field, or proximity-only discovery signal.",Rejected / unrelated,rejected,No authoritative current relationship to Arthur Blank / AMB West; excluded.
LAMB LOREN LOSSON,LAMB LOREN LOSSON,0.643,1,Sanders,4436 S 168TH ST SEATAC WA 98188-3236,broad_owner_fragment:AMB,"Keyword/fragment, identity-field, or proximity-only discovery signal.",Rejected / unrelated,rejected,No authoritative current relationship to Arthur Blank / AMB West; excluded.
WRIGHT AMBERLE HEATHER JEANNE,WRIGHT AMBERLE HEATHER JEANNE,0.642,2,Sanders,1800 SHADETREE CIR ANCHORAGE AK 99502-4685,broad_owner_fragment:AMB,"Keyword/fragment, identity-field, or proximity-only discovery signal.",Rejected / unrelated,rejected,No authoritative current relationship to Arthur Blank / AMB West; excluded.
"GOULET, CHRISTOPHER C & AMBER L",GOULET CHRISTOPHER C AND AMBER L,0.641,1,Yellowstone,4234 BRANDYWOOD DR BILLINGS MT 59106-9705,broad_owner_fragment:AMB,"Keyword/fragment, identity-field, or proximity-only discovery signal.",Rejected / unrelated,rejected,No authoritative current relationship to Arthur Blank / AMB West; excluded.
GAMBILL-GODFREY NICOLE &,GAMBILL GODFREY NICOLE AND,0.64,1,Yellowstone,505 EL MOLINO ST BILLINGS MT 59101-6884,broad_owner_fragment:AMB,"Keyword/fragment, identity-field, or proximity-only discovery signal.",Rejected / unrelated,rejected,No authoritative current relationship to Arthur Blank / AMB West; excluded.
PINSKI GREGORY G & AMBER M,PINSKI GREGORY G AND AMBER M,0.638,1,Cascade,3405 11TH ST NE GREAT FALLS MT 59404-1268,broad_owner_fragment:AMB,"Keyword/fragment, identity-field, or proximity-only discovery signal.",Rejected / unrelated,rejected,No authoritative current relationship to Arthur Blank / AMB West; excluded.
RAMBUR GORDON & MARGENE,RAMBUR GORDON AND MARGENE,0.635,1,Richland,1201 CEDAR AVE SIDNEY MT 59270-5239,broad_owner_fragment:AMB,"Keyword/fragment, identity-field, or proximity-only discovery signal.",Rejected / unrelated,rejected,No authoritative current relationship to Arthur Blank / AMB West; excluded.
AMBROSE ANDREA,AMBROSE ANDREA,0.634,2,Lewis and Clark,628 MOUND ST HELENA MT 59601-6110,broad_owner_fragment:AMB,"Keyword/fragment, identity-field, or proximity-only discovery signal.",Rejected / unrelated,rejected,No authoritative current relationship to Arthur Blank / AMB West; excluded.
THORVILSON AMBER MARIE,THORVILSON AMBER MARIE,0.632,1,Lewis and Clark,3256 HOLMBERG DR HELENA MT 59602-8560,broad_owner_fragment:AMB,"Keyword/fragment, identity-field, or proximity-only discovery signal.",Rejected / unrelated,rejected,No authoritative current relationship to Arthur Blank / AMB West; excluded.
CHAMBERLAIN SAMANTHA,CHAMBERLAIN SAMANTHA,0.63,1,Carbon,MT: SCOTT GARY 3828 MELODY COURT STOCKTON CA 95219,broad_owner_fragment:AMB,"Keyword/fragment, identity-field, or proximity-only discovery signal.",Rejected / unrelated,rejected,No authoritative current relationship to Arthur Blank / AMB West; excluded.
LAMB ADAM & SARAH,LAMB ADAM AND SARAH,0.63,1,Lincoln,5215 BARRON DRIVE NW CALGARY AB,broad_owner_fragment:AMB,"Keyword/fragment, identity-field, or proximity-only discovery signal.",Rejected / unrelated,rejected,No authoritative current relationship to Arthur Blank / AMB West; excluded.
LAMB JACK &,LAMB JACK AND,0.63,1,Yellowstone,97 SKYVIEW LN TOWNSEND MT 59644-9717,broad_owner_fragment:AMB,"Keyword/fragment, identity-field, or proximity-only discovery signal.",Rejected / unrelated,rejected,No authoritative current relationship to Arthur Blank / AMB West; excluded.
PORTER JOSEPH & AMBRIA,PORTER JOSEPH AND AMBRIA,0.63,1,Sheridan,133 N WASHINGTON ST PLENTYWOOD MT 59254-1826,broad_owner_fragment:AMB,"Keyword/fragment, identity-field, or proximity-only discovery signal.",Rejected / unrelated,rejected,No authoritative current relationship to Arthur Blank / AMB West; excluded.
CHAMBERLIN BOB G JR & MARY E,CHAMBERLIN BOB G JR AND MARY E,0.62,1,Stillwater,192 JOLIET RD COLUMBUS MT 59019-7497,broad_owner_fragment:AMB,"Keyword/fragment, identity-field, or proximity-only discovery signal.",Rejected / unrelated,rejected,No authoritative current relationship to Arthur Blank / AMB West; excluded.
CHAMBERLIN ROBERT R & SHIRLEY,CHAMBERLIN ROBERT R AND SHIRLEY,0.62,1,Lewis and Clark,5621 RAINBOW DR HELENA MT 59602-9574,broad_owner_fragment:AMB,"Keyword/fragment, identity-field, or proximity-only discovery signal.",Rejected / unrelated,rejected,No authoritative current relationship to Arthur Blank / AMB West; excluded.
GARNER JOHN PATRICK & AMBER LYNN,GARNER JOHN PATRICK AND AMBER LYNN,0.62,3,Garfield,PO BOX 176 JORDAN MT 59337-0176,broad_owner_fragment:AMB,"Keyword/fragment, identity-field, or proximity-only discovery signal.",Rejected / unrelated,rejected,No authoritative current relationship to Arthur Blank / AMB West; excluded.
SEE CORBIN M & AMBER,SEE CORBIN M AND AMBER,0.62,1,Valley,170 RUFFCORN RD GLASGOW MT 59230-2881,broad_owner_fragment:AMB,"Keyword/fragment, identity-field, or proximity-only discovery signal.",Rejected / unrelated,rejected,No authoritative current relationship to Arthur Blank / AMB West; excluded.
CHAMBERS WILLIAM & ALISSA,CHAMBERS WILLIAM AND ALISSA,0.613,1,Lewis and Clark,2119 GOLD RUSH AVE HELENA MT 59601-5863,broad_owner_fragment:AMB,"Keyword/fragment, identity-field, or proximity-only discovery signal.",Rejected / unrelated,rejected,No authoritative current relationship to Arthur Blank / AMB West; excluded.
AMBELANG ANDREW J,AMBELANG ANDREW J,0.6,2,Missoula | Park,1745 S 4TH ST W MISSOULA MT 59801-2231,broad_owner_fragment:AMB; geographic_within_one_mile; geography_stats:near=1;adjoining=0;min_m=112.0,"Keyword/fragment, identity-field, or proximity-only discovery signal.",Rejected / unrelated,rejected,No authoritative current relationship to Arthur Blank / AMB West; excluded.
CHAMBERS LARRY ALLEN & LANA MARIE,CHAMBERS LARRY ALLEN AND LANA MARIE,0.6,1,Lewis and Clark,3311 CATTAIL DR HELENA MT 59602-6072,broad_owner_fragment:AMB,"Keyword/fragment, identity-field, or proximity-only discovery signal.",Rejected / unrelated,rejected,No authoritative current relationship to Arthur Blank / AMB West; excluded.
SPENCER SAMUEL BEALE & AMBER JUSTINE,SPENCER SAMUEL BEALE AND AMBER JUSTINE,0.596,1,Gallatin,83 HEIGHTS CIR BOZEMAN MT 59718-4581,broad_owner_fragment:AMB,"Keyword/fragment, identity-field, or proximity-only discovery signal.",Rejected / unrelated,rejected,No authoritative current relationship to Arthur Blank / AMB West; excluded.
STRUBLE AMBIKA & CLINT,STRUBLE AMBIKA AND CLINT,0.585,1,Gallatin,205 GODFREY WAY MANHATTAN MT 59741-9408,broad_owner_fragment:AMB,"Keyword/fragment, identity-field, or proximity-only discovery signal.",Rejected / unrelated,rejected,No authoritative current relationship to Arthur Blank / AMB West; excluded.
BAUER AMBER & LUKE,BAUER AMBER AND LUKE,0.58,1,Lake,10887 FIRE BUCKET LOOP MISSOULA MT 59808-9660,broad_owner_fragment:AMB,"Keyword/fragment, identity-field, or proximity-only discovery signal.",Rejected / unrelated,rejected,No authoritative current relationship to Arthur Blank / AMB West; excluded.
LAMB THOMAS B & LISA A,LAMB THOMAS B AND LISA A,0.58,1,Gallatin,9750 SW 140TH AVE DUNNELLON FL 34432-3946,broad_owner_fragment:AMB,"Keyword/fragment, identity-field, or proximity-only discovery signal.",Rejected / unrelated,rejected,No authoritative current relationship to Arthur Blank / AMB West; excluded.
MEASURE LIFE ESTATE AMBROSE G & LAURA J,MEASURE LIFE ESTATE AMBROSE G AND LAURA J,0.58,1,Flathead,MAIL TO O'CONNOR SUSANNE 709 S 15TH AVE BOZEMAN MT 59715,broad_owner_fragment:AMB,"Keyword/fragment, identity-field, or proximity-only discovery signal.",Rejected / unrelated,rejected,No authoritative current relationship to Arthur Blank / AMB West; excluded.
WHITE JOSHUA & AMBROSIA,WHITE JOSHUA AND AMBROSIA,0.576,2,Silver Bow,31 PALMER ST RAMSAY MT 59748-7513,broad_owner_fragment:AMB,"Keyword/fragment, identity-field, or proximity-only discovery signal.",Rejected / unrelated,rejected,No authoritative current relationship to Arthur Blank / AMB West; excluded.
CHAMBERS SUZY TRUSTEE,CHAMBERS SUZY TRUSTEE,0.574,1,Madison,1962 VAQUERO PKWY BOZEMAN MT 59718-7754,broad_owner_fragment:AMB,"Keyword/fragment, identity-field, or proximity-only discovery signal.",Rejected / unrelated,rejected,No authoritative current relationship to Arthur Blank / AMB West; excluded.
BLANK NICHOLAS & BEHTANY,BLANK NICHOLAS AND BEHTANY,0.57,1,Carbon,459 CAPE DORY DR LOVELAND CO 80537-7938,broad_owner_fragment:BLANK,"Keyword/fragment, identity-field, or proximity-only discovery signal.",Rejected / unrelated,rejected,No authoritative current relationship to Arthur Blank / AMB West; excluded.
RAMBERG KYLE W,RAMBERG KYLE W,0.57,1,Gallatin,476 LANDMARK DR BELGRADE MT 59714-7201,broad_owner_fragment:AMB,"Keyword/fragment, identity-field, or proximity-only discovery signal.",Rejected / unrelated,rejected,No authoritative current relationship to Arthur Blank / AMB West; excluded.
"SEE, AMBER M",SEE AMBER M,0.567,1,Yellowstone,1026 EVERGREEN DR BILLINGS MT 59105-1906,broad_owner_fragment:AMB,"Keyword/fragment, identity-field, or proximity-only discovery signal.",Rejected / unrelated,rejected,No authoritative current relationship to Arthur Blank / AMB West; excluded.
LAMBERT RONALD G,LAMBERT RONALD G,0.562,3,Chouteau,PO BOX 89 GERALDINE MT 59446-0089,broad_owner_fragment:AMB,"Keyword/fragment, identity-field, or proximity-only discovery signal.",Rejected / unrelated,rejected,No authoritative current relationship to Arthur Blank / AMB West; excluded.
"LAMBERT, BENJAMIN D & LINDSAY A P",LAMBERT BENJAMIN D AND LINDSAY A P,0.562,1,Yellowstone,2465 KENS CIR WORDEN MT 59088-2233,broad_owner_fragment:AMB,"Keyword/fragment, identity-field, or proximity-only discovery signal.",Rejected / unrelated,rejected,No authoritative current relationship to Arthur Blank / AMB West; excluded.
AMBRIZ SEBASTIAN L,AMBRIZ SEBASTIAN L,0.56,1,Stillwater,PO BOX 114 RAPELJE MT 59067-0114,broad_owner_fragment:AMB,"Keyword/fragment, identity-field, or proximity-only discovery signal.",Rejected / unrelated,rejected,No authoritative current relationship to Arthur Blank / AMB West; excluded.
CHAMBLIN JOHN S & CHERYL L,CHAMBLIN JOHN S AND CHERYL L,0.56,1,Sanders,PO BOX 1523 THOMPSON FLS MT 59873-1523,broad_owner_fragment:AMB,"Keyword/fragment, identity-field, or proximity-only discovery signal.",Rejected / unrelated,rejected,No authoritative current relationship to Arthur Blank / AMB West; excluded.
CHAMBERLIN DAVID W & PENNY N,CHAMBERLIN DAVID W AND PENNY N,0.557,2,Gallatin,1102 E GALLATIN AVE BELGRADE MT 59714-4067,broad_owner_fragment:AMB,"Keyword/fragment, identity-field, or proximity-only discovery signal.",Rejected / unrelated,rejected,No authoritative current relationship to Arthur Blank / AMB West; excluded.
CHAMBERLAIN JERRY E & MELODY A,CHAMBERLAIN JERRY E AND MELODY A,0.556,2,Valley,PO BOX 332 FORT PECK MT 59223-0332,broad_owner_fragment:AMB,"Keyword/fragment, identity-field, or proximity-only discovery signal.",Rejected / unrelated,rejected,No authoritative current relationship to Arthur Blank / AMB West; excluded.
"COLLINS, CHRISTOPHER R & AMBER R",COLLINS CHRISTOPHER R AND AMBER R,0.554,1,Yellowstone,1327 BARRETT RD BILLINGS MT 59105-4827,broad_owner_fragment:AMB,"Keyword/fragment, identity-field, or proximity-only discovery signal.",Rejected / unrelated,rejected,No authoritative current relationship to Arthur Blank / AMB West; excluded.
CHAMBERLAIN AARON J,CHAMBERLAIN AARON J,0.553,1,Lewis and Clark,1057 POLLUX RD HELENA MT 59602,broad_owner_fragment:AMB,"Keyword/fragment, identity-field, or proximity-only discovery signal.",Rejected / unrelated,rejected,No authoritative current relationship to Arthur Blank / AMB West; excluded.
LAMBRIGHT BRANDON,LAMBRIGHT BRANDON,0.552,3,Lincoln,PO BOX 178 LIBBY MT 59923-0178,broad_owner_fragment:AMB,"Keyword/fragment, identity-field, or proximity-only discovery signal.",Rejected / unrelated,rejected,No authoritative current relationship to Arthur Blank / AMB West; excluded.
LAMBERT GLENN A,LAMBERT GLENN A,0.551,1,Judith Basin,PO BOX 176 RAYNESFORD MT 59469-0176,broad_owner_fragment:AMB,"Keyword/fragment, identity-field, or proximity-only discovery signal.",Rejected / unrelated,rejected,No authoritative current relationship to Arthur Blank / AMB West; excluded.
"DETIENNE, AMBER & HELEN",DETIENNE AMBER AND HELEN,0.55,1,Yellowstone,1637 ELM ST HUNTLEY MT 59037-9117,broad_owner_fragment:AMB,"Keyword/fragment, identity-field, or proximity-only discovery signal.",Rejected / unrelated,rejected,No authoritative current relationship to Arthur Blank / AMB West; excluded.
HELLER PARKER G & JULIE ANN LAMB -,HELLER PARKER G AND JULIE ANN LAMB,0.542,1,Lewis and Clark,4200 FOX DEN DR HELENA MT 59602-9165,broad_owner_fragment:AMB,"Keyword/fragment, identity-field, or proximity-only discovery signal.",Rejected / unrelated,rejected,No authoritative current relationship to Arthur Blank / AMB West; excluded.
ARCHAMBEAULT RODNEY & ARLEEN,ARCHAMBEAULT RODNEY AND ARLEEN,0.54,1,Valley,849 6TH ST N GLASGOW MT 59230-1743,broad_owner_fragment:AMB,"Keyword/fragment, identity-field, or proximity-only discovery signal.",Rejected / unrelated,rejected,No authoritative current relationship to Arthur Blank / AMB West; excluded.
"BLANKSMA, RICHARD P",BLANKSMA RICHARD P,0.536,3,Yellowstone,833 LEWIS AVE BILLINGS MT 59101-5843,broad_owner_fragment:BLANK,"Keyword/fragment, identity-field, or proximity-only discovery signal.",Rejected / unrelated,rejected,No authoritative current relationship to Arthur Blank / AMB West; excluded.
CLIFFORD COURTENEY AMBER,CLIFFORD COURTENEY AMBER,0.53,1,Missoula,1125 TOWER ST MISSOULA MT 59804-3045,broad_owner_fragment:AMB,"Keyword/fragment, identity-field, or proximity-only discovery signal.",Rejected / unrelated,rejected,No authoritative current relationship to Arthur Blank / AMB West; excluded.
ARCHAMBAULT MARY JO & JOHN,ARCHAMBAULT MARY JO AND JOHN,0.529,1,Ravalli,383 COOPER LN HAMILTON MT 59840-3327,broad_owner_fragment:AMB,"Keyword/fragment, identity-field, or proximity-only discovery signal.",Rejected / unrelated,rejected,No authoritative current relationship to Arthur Blank / AMB West; excluded.
"LAMBRECHT, JACOB C & TERRIE L",LAMBRECHT JACOB C AND TERRIE L,0.518,2,Yellowstone,403 GRANDVIEW BLVD LAUREL MT 59044-9616,broad_owner_fragment:AMB,"Keyword/fragment, identity-field, or proximity-only discovery signal.",Rejected / unrelated,rejected,No authoritative current relationship to Arthur Blank / AMB West; excluded.
LAMBERT MIKE,LAMBERT MIKE,0.517,1,Daniels,PO BOX 86 FLAXVILLE MT 59222-0086,broad_owner_fragment:AMB,"Keyword/fragment, identity-field, or proximity-only discovery signal.",Rejected / unrelated,rejected,No authoritative current relationship to Arthur Blank / AMB West; excluded.
RADABAH AMBER R,RADABAH AMBER R,0.517,1,Flathead,542 WILLOW GLEN DR KALISPELL MT 59901-5166,broad_owner_fragment:AMB,"Keyword/fragment, identity-field, or proximity-only discovery signal.",Rejected / unrelated,rejected,No authoritative current relationship to Arthur Blank / AMB West; excluded.
SPARKS AMBER,SPARKS AMBER,0.517,1,Ravalli,2528 BURLINGTON AVE BILLINGS MT 59102-3825,broad_owner_fragment:AMB,"Keyword/fragment, identity-field, or proximity-only discovery signal.",Rejected / unrelated,rejected,No authoritative current relationship to Arthur Blank / AMB West; excluded.
GIULIO AMBER,GIULIO AMBER,0.514,1,Lewis and Clark,PO BOX 732 EAST HELENA MT 59635-0732,broad_owner_fragment:AMB,"Keyword/fragment, identity-field, or proximity-only discovery signal.",Rejected / unrelated,rejected,No authoritative current relationship to Arthur Blank / AMB West; excluded.
GAMBARDELLA THOMAS J & PHYLLIS A,GAMBARDELLA THOMAS J AND PHYLLIS A,0.512,1,Ravalli,295 N SAPPHIRE ST HAMILTON MT 59840-3223,broad_owner_fragment:AMB,"Keyword/fragment, identity-field, or proximity-only discovery signal.",Rejected / unrelated,rejected,No authoritative current relationship to Arthur Blank / AMB West; excluded.
BROCKETT COTTON RILEY & AMBER,BROCKETT COTTON RILEY AND AMBER,0.51,1,Lewis and Clark,1029 SEAGULL RD HELENA MT 59602-9337,broad_owner_fragment:AMB,"Keyword/fragment, identity-field, or proximity-only discovery signal.",Rejected / unrelated,rejected,No authoritative current relationship to Arthur Blank / AMB West; excluded.
"GAREFINA, SHELLEY & DOMENIC",GAREFINA SHELLEY AND DOMENIC,0.51,1,Flathead,32 KNAPP LN KALISPELL MT 59901-7518,broad_owner_fragment:DOME,"Keyword/fragment, identity-field, or proximity-only discovery signal.",Rejected / unrelated,rejected,No authoritative current relationship to Arthur Blank / AMB West; excluded.
MC GREGOR PARADISE LLC,MC GREGOR PARADISE LLC,0.51,1,Flathead,690 N MERIDIAN RD STE 201 KALISPELL MT 59901-3508,broad_owner_fragment:PARADISE,"Keyword/fragment, identity-field, or proximity-only discovery signal.",Rejected / unrelated,rejected,No authoritative current relationship to Arthur Blank / AMB West; excluded.
OLSON WAVERLY & AMBER,OLSON WAVERLY AND AMBER,0.509,1,Gallatin,315 COULEE DR BOZEMAN MT 59718-8759,broad_owner_fragment:AMB,"Keyword/fragment, identity-field, or proximity-only discovery signal.",Rejected / unrelated,rejected,No authoritative current relationship to Arthur Blank / AMB West; excluded.
BLANKSMA LAURA,BLANKSMA LAURA,0.507,1,Gallatin,12999 CHURCHILL RD MANHATTAN MT 59741-8607,broad_owner_fragment:BLANK,"Keyword/fragment, identity-field, or proximity-only discovery signal.",Rejected / unrelated,rejected,No authoritative current relationship to Arthur Blank / AMB West; excluded.
LAMB ROBERT E & PATTY A,LAMB ROBERT E AND PATTY A,0.504,1,Flathead,2283 N MISSION DR KALISPELL MT 59901-2216,broad_owner_fragment:AMB,"Keyword/fragment, identity-field, or proximity-only discovery signal.",Rejected / unrelated,rejected,No authoritative current relationship to Arthur Blank / AMB West; excluded.
HULBERT AMBER & SCOTT,HULBERT AMBER AND SCOTT,0.503,1,Gallatin,68 HEREFORD DR BELGRADE MT 59714-8873,broad_owner_fragment:AMB,"Keyword/fragment, identity-field, or proximity-only discovery signal.",Rejected / unrelated,rejected,No authoritative current relationship to Arthur Blank / AMB West; excluded.
LAMBRECHT HOULD REVO LIVING TRUST PATRICIA A,LAMBRECHT HOULD REVO LIVING TRUST PATRICIA A,0.503,1,Flathead,101 LEVI CT BIGFORK MT 59911-6262,broad_owner_fragment:AMB,"Keyword/fragment, identity-field, or proximity-only discovery signal.",Rejected / unrelated,rejected,No authoritative current relationship to Arthur Blank / AMB West; excluded.
LAMBROS GEORGE P TRUSTEE,LAMBROS GEORGE P TRUSTEE,0.503,2,Missoula,717 SPANISH PEAKS DR MISSOULA MT 59803-2438,broad_owner_fragment:AMB,"Keyword/fragment, identity-field, or proximity-only discovery signal.",Rejected / unrelated,rejected,No authoritative current relationship to Arthur Blank / AMB West; excluded.
"DAVEY, CARLOS & AMBER",DAVEY CARLOS AND AMBER,0.501,1,Yellowstone,3123 BEN HOGAN PL BILLINGS MT 59106-1108,broad_owner_fragment:AMB,"Keyword/fragment, identity-field, or proximity-only discovery signal.",Rejected / unrelated,rejected,No authoritative current relationship to Arthur Blank / AMB West; excluded.
CHAMBERLAIN DEBRA &,CHAMBERLAIN DEBRA AND,0.5,1,Lincoln,77 ROSE ST LIBBY MT 59923-9117,broad_owner_fragment:AMB,"Keyword/fragment, identity-field, or proximity-only discovery signal.",Rejected / unrelated,rejected,No authoritative current relationship to Arthur Blank / AMB West; excluded.
CHAMBERS LAURA J (RLE),CHAMBERS LAURA J RLE,0.5,1,Carbon,PO BOX 97 BRIDGER MT 59014-0097,broad_owner_fragment:AMB,"Keyword/fragment, identity-field, or proximity-only discovery signal.",Rejected / unrelated,rejected,No authoritative current relationship to Arthur Blank / AMB West; excluded.
GAMBREL CRAIG &,GAMBREL CRAIG AND,0.5,1,Gallatin,145 HEREFORD DR BELGRADE MT 59714-8875,broad_owner_fragment:AMB,"Keyword/fragment, identity-field, or proximity-only discovery signal.",Rejected / unrelated,rejected,No authoritative current relationship to Arthur Blank / AMB West; excluded.
NEEDLES MATTHEW IVAN & AMBER LYNN,NEEDLES MATTHEW IVAN AND AMBER LYNN,0.5,1,Ravalli,331 COOPER LN HAMILTON MT 59840-3327,broad_owner_fragment:AMB,"Keyword/fragment, identity-field, or proximity-only discovery signal.",Rejected / unrelated,rejected,No authoritative current relationship to Arthur Blank / AMB West; excluded.
CONGDON BRIAN & AMBER,CONGDON BRIAN AND AMBER,0.499,1,Gallatin,2008 E SILVER CIR BELGRADE MT 59714-7734,broad_owner_fragment:AMB,"Keyword/fragment, identity-field, or proximity-only discovery signal.",Rejected / unrelated,rejected,No authoritative current relationship to Arthur Blank / AMB West; excluded.
VIRGINIA AUSTERMAN FREEDMAN TRUST ETAL,VIRGINIA AUSTERMAN FREEDMAN TRUST ETAL,0.499,1,Lewis and Clark,1020 CAP RD HELENA MT 59602-7257,broad_owner_fragment:AUSTER; specific_owner_keyword:AUSTER,"Keyword/fragment, identity-field, or proximity-only discovery signal.",Rejected / unrelated,rejected,No authoritative current relationship to Arthur Blank / AMB West; excluded.
"SHAW-KINSLEY, AMBER MARIE &",SHAW KINSLEY AMBER MARIE AND,0.498,1,Yellowstone,6840 LAKESHORE DR BILLINGS MT 59106-4226,broad_owner_fragment:AMB,"Keyword/fragment, identity-field, or proximity-only discovery signal.",Rejected / unrelated,rejected,No authoritative current relationship to Arthur Blank / AMB West; excluded.
DEBORAH A WAMBACH REVOCABLE LIVING TRUST,DEBORAH A WAMBACH REVOCABLE LIVING TRUST,0.497,1,Lewis and Clark,1958 BELT VIEW DR HELENA MT 59601-5829,broad_owner_fragment:AMB,"Keyword/fragment, identity-field, or proximity-only discovery signal.",Rejected / unrelated,rejected,No authoritative current relationship to Arthur Blank / AMB West; excluded.
KAMBIC KARL L,KAMBIC KARL L,0.497,1,Flathead,212 BENCH RUN COLUMBIA FALLS MT 59912-3979,broad_owner_fragment:AMB,"Keyword/fragment, identity-field, or proximity-only discovery signal.",Rejected / unrelated,rejected,No authoritative current relationship to Arthur Blank / AMB West; excluded.
"HAMBURG, RUSSELL C",HAMBURG RUSSELL C,0.496,1,Yellowstone,PO BOX 80491 BILLINGS MT 59108-0491,broad_owner_fragment:AMB,"Keyword/fragment, identity-field, or proximity-only discovery signal.",Rejected / unrelated,rejected,No authoritative current relationship to Arthur Blank / AMB West; excluded.
LUCE NATHAN & AMBER,LUCE NATHAN AND AMBER,0.496,1,Silver Bow,1100 A ST BUTTE MT 59701-5800,broad_owner_fragment:AMB,"Keyword/fragment, identity-field, or proximity-only discovery signal.",Rejected / unrelated,rejected,No authoritative current relationship to Arthur Blank / AMB West; excluded.
"MERKEL, AMBER DEE",MERKEL AMBER DEE,0.495,1,Yellowstone,1330 BIG CEDAR WAY BILLINGS MT 59105-4672,broad_owner_fragment:AMB,"Keyword/fragment, identity-field, or proximity-only discovery signal.",Rejected / unrelated,rejected,No authoritative current relationship to Arthur Blank / AMB West; excluded.
BLANK DON S,BLANK DON S,0.494,1,Missoula,3341 ELDORA LN MISSOULA MT 59803-2721,broad_owner_fragment:BLANK,"Keyword/fragment, identity-field, or proximity-only discovery signal.",Rejected / unrelated,rejected,No authoritative current relationship to Arthur Blank / AMB West; excluded.
LAMB REED & CONNIE,LAMB REED AND CONNIE,0.494,1,Flathead,682 LEISURE DR KALISPELL MT 59901-7564,broad_owner_fragment:AMB,"Keyword/fragment, identity-field, or proximity-only discovery signal.",Rejected / unrelated,rejected,No authoritative current relationship to Arthur Blank / AMB West; excluded.
AMBRIZ MAIRA LARA,AMBRIZ MAIRA LARA,0.49,1,Stillwater,17505 SAINT ANDREWS PL FRENCHTOWN MT 59834-9648,broad_owner_fragment:AMB,"Keyword/fragment, identity-field, or proximity-only discovery signal.",Rejected / unrelated,rejected,No authoritative current relationship to Arthur Blank / AMB West; excluded.
HAMBERGER PATRICK J & TERI,HAMBERGER PATRICK J AND TERI,0.49,1,Gallatin,299 MACTAVISH LN BELGRADE MT 59714-9254,broad_owner_fragment:AMB,"Keyword/fragment, identity-field, or proximity-only discovery signal.",Rejected / unrelated,rejected,No authoritative current relationship to Arthur Blank / AMB West; excluded.
OLSEN JONATHAN F & AMBER A,OLSEN JONATHAN F AND AMBER A,0.49,1,Flathead,100 ROSEWATER LOOP KALISPELL MT 59901-4658,broad_owner_fragment:AMB,"Keyword/fragment, identity-field, or proximity-only discovery signal.",Rejected / unrelated,rejected,No authoritative current relationship to Arthur Blank / AMB West; excluded.
"GAMBLE, AUSTIN & JENNIFER",GAMBLE AUSTIN AND JENNIFER,0.487,1,Yellowstone,330 GLENHAVEN DR BILLINGS MT 59105-3502,broad_owner_fragment:AMB,"Keyword/fragment, identity-field, or proximity-only discovery signal.",Rejected / unrelated,rejected,No authoritative current relationship to Arthur Blank / AMB West; excluded.
"LAMBRECHT, JOHN J & PAULA S",LAMBRECHT JOHN J AND PAULA S,0.486,3,Yellowstone,"3729 MALLARD DR BILLINGS MT 59101-6181 | C/O LAMBRECHT, PAULA 3729 MALLARD DR BILLINGS MT 59101-6181",broad_owner_fragment:AMB,"Keyword/fragment, identity-field, or proximity-only discovery signal.",Rejected / unrelated,rejected,No authoritative current relationship to Arthur Blank / AMB West; excluded.
AMBRIS MAIRA LARA,AMBRIS MAIRA LARA,0.482,1,Stillwater,PO BOX 114 RAPELJE MT 59067-0114,broad_owner_fragment:AMB,"Keyword/fragment, identity-field, or proximity-only discovery signal.",Rejected / unrelated,rejected,No authoritative current relationship to Arthur Blank / AMB West; excluded.
ARCHAMBAULT STEVE,ARCHAMBAULT STEVE,0.482,1,Glacier,PO BOX 1213 HARLEM MT 59526-1213,broad_owner_fragment:AMB,"Keyword/fragment, identity-field, or proximity-only discovery signal.",Rejected / unrelated,rejected,No authoritative current relationship to Arthur Blank / AMB West; excluded.
BLANK TAMARA R,BLANK TAMARA R,0.482,2,Lewis and Clark,110 S BENTON AVE HELENA MT 59601-6221,broad_owner_fragment:BLANK,"Keyword/fragment, identity-field, or proximity-only discovery signal.",Rejected / unrelated,rejected,No authoritative current relationship to Arthur Blank / AMB West; excluded.
CHAMBERLIN PAULINE,CHAMBERLIN PAULINE,0.482,1,Rosebud,PO BOX 592 FORSYTH MT 59327-0592,broad_owner_fragment:AMB,"Keyword/fragment, identity-field, or proximity-only discovery signal.",Rejected / unrelated,rejected,No authoritative current relationship to Arthur Blank / AMB West; excluded.
CHAMBERS CHARLES C,CHAMBERS CHARLES C,0.482,1,Gallatin,130 LIBERTY DR BOZEMAN MT 59718-7289,broad_owner_fragment:AMB,"Keyword/fragment, identity-field, or proximity-only discovery signal.",Rejected / unrelated,rejected,No authoritative current relationship to Arthur Blank / AMB West; excluded.
CHAMBERS LESLIE H,CHAMBERS LESLIE H,0.482,1,Park,PO BOX 68 WILSALL MT 59086-0068,broad_owner_fragment:AMB,"Keyword/fragment, identity-field, or proximity-only discovery signal.",Rejected / unrelated,rejected,No authoritative current relationship to Arthur Blank / AMB West; excluded.
CHAMBERSDALE PROPERTIES REVOCABLE TRUST,CHAMBERSDALE PROPERTIES REVOCABLE TRUST,0.482,2,Yellowstone,4351 S ANDES WAY AURORA CO 80015-4564,broad_owner_fragment:AMB,"Keyword/fragment, identity-field, or proximity-only discovery signal.",Rejected / unrelated,rejected,No authoritative current relationship to Arthur Blank / AMB West; excluded.
DRUMMOND COMMUNITY CHAMBER OF COMMERCE,DRUMMOND COMMUNITY CHAMBER OF COMMERCE,0.482,1,Granite,PO BOX 364 DRUMMOND MT 59832-0364,broad_owner_fragment:AMB,"Keyword/fragment, identity-field, or proximity-only discovery signal.",Rejected / unrelated,rejected,No authoritative current relationship to Arthur Blank / AMB West; excluded.
ERICKSON RYAN AND AMBER,ERICKSON RYAN AND AMBER,0.482,1,Fallon,PO BOX 93 PLEVNA MT 59344-0093,broad_owner_fragment:AMB,"Keyword/fragment, identity-field, or proximity-only discovery signal.",Rejected / unrelated,rejected,No authoritative current relationship to Arthur Blank / AMB West; excluded.
JOHNSON JEREMIE & AMBER,JOHNSON JEREMIE AND AMBER,0.482,1,Richland,1801 BITTEROOT DR SIDNEY MT 59270-5632,broad_owner_fragment:AMB,"Keyword/fragment, identity-field, or proximity-only discovery signal.",Rejected / unrelated,rejected,No authoritative current relationship to Arthur Blank / AMB West; excluded.
MURR AMBER,MURR AMBER,0.482,1,Prairie,PO BOX 246 TERRY MT 59349-0246,broad_owner_fragment:AMB,"Keyword/fragment, identity-field, or proximity-only discovery signal.",Rejected / unrelated,rejected,No authoritative current relationship to Arthur Blank / AMB West; excluded.
SHERIDAN COUNTY CHAMBER OF COMMERCE & AGRICULTURE,SHERIDAN COUNTY CHAMBER OF COMMERCE AND AGRICULTURE,0.482,1,Sheridan,PO BOX 104 PLENTYWOOD MT 59254-0104,broad_owner_fragment:AMB,"Keyword/fragment, identity-field, or proximity-only discovery signal.",Rejected / unrelated,rejected,No authoritative current relationship to Arthur Blank / AMB West; excluded.
THREE FORKS AREA AMBULANCE SERVICE,THREE FORKS AREA AMBULANCE SERVICE,0.482,1,Gallatin,PO BOX 911 THREE FORKS MT 59752-0911,broad_owner_fragment:AMB,"Keyword/fragment, identity-field, or proximity-only discovery signal.",Rejected / unrelated,rejected,No authoritative current relationship to Arthur Blank / AMB West; excluded.
WILLIAMSON AMBER L,WILLIAMSON AMBER L,0.482,1,Glacier,PO BOX 2308 BROWNING MT 59417-2308,broad_owner_fragment:AMB,"Keyword/fragment, identity-field, or proximity-only discovery signal.",Rejected / unrelated,rejected,No authoritative current relationship to Arthur Blank / AMB West; excluded.
"LOWRY, CHAD Q & AMBER D",LOWRY CHAD Q AND AMBER D,0.48,1,Yellowstone,4616 GROS VENTRE TRL BILLINGS MT 59106,broad_owner_fragment:AMB,"Keyword/fragment, identity-field, or proximity-only discovery signal.",Rejected / unrelated,rejected,No authoritative current relationship to Arthur Blank / AMB West; excluded.
"LAMBERT, DALE A & BONNIE J",LAMBERT DALE A AND BONNIE J,0.476,1,Yellowstone,1181 LYNCH CIR BILLINGS MT 59105-4151,broad_owner_fragment:AMB,"Keyword/fragment, identity-field, or proximity-only discovery signal.",Rejected / unrelated,rejected,No authoritative current relationship to Arthur Blank / AMB West; excluded.
GAMBLE WILLIAM,GAMBLE WILLIAM,0.471,1,Lewis and Clark,7675 KINGPOST LOOP HELENA MT 59602-8278,broad_owner_fragment:AMB,"Keyword/fragment, identity-field, or proximity-only discovery signal.",Rejected / unrelated,rejected,No authoritative current relationship to Arthur Blank / AMB West; excluded.
LAMB JOSHUA FRANKLIN & AMBER DAWN,LAMB JOSHUA FRANKLIN AND AMBER DAWN,0.471,1,Lincoln,PO BOX 1116 EUREKA MT 59917-1116,broad_owner_fragment:AMB,"Keyword/fragment, identity-field, or proximity-only discovery signal.",Rejected / unrelated,rejected,No authoritative current relationship to Arthur Blank / AMB West; excluded.
BARONE CHARLES & AMBER,BARONE CHARLES AND AMBER,0.47,1,Beaverhead,35 AMBER LN DILLON MT 59725-9400,broad_owner_fragment:AMB,"Keyword/fragment, identity-field, or proximity-only discovery signal.",Rejected / unrelated,rejected,No authoritative current relationship to Arthur Blank / AMB West; excluded.
"BLANK, STEVEN L & CAROL L",BLANK STEVEN L AND CAROL L,0.47,1,Yellowstone,2213 S 45TH ST W BILLINGS MT 59106-3877,broad_owner_fragment:BLANK,"Keyword/fragment, identity-field, or proximity-only discovery signal.",Rejected / unrelated,rejected,No authoritative current relationship to Arthur Blank / AMB West; excluded.
DAMBERGER FRANK M & KATHLEEN G,DAMBERGER FRANK M AND KATHLEEN G,0.47,1,Gallatin,358 MILKY WAY DR BOZEMAN MT 59718-5953,broad_owner_fragment:AMB,"Keyword/fragment, identity-field, or proximity-only discovery signal.",Rejected / unrelated,rejected,No authoritative current relationship to Arthur Blank / AMB West; excluded.
SARK AMBER L,SARK AMBER L,0.47,1,Lewis and Clark,1119 SADDLE BILL RD HELENA MT 59602-8303,broad_owner_fragment:AMB,"Keyword/fragment, identity-field, or proximity-only discovery signal.",Rejected / unrelated,rejected,No authoritative current relationship to Arthur Blank / AMB West; excluded.
TREDIK SPENCER & AMBER,TREDIK SPENCER AND AMBER,0.47,1,Lewis and Clark,1139 DARTER RD HELENA MT 59602-9396,broad_owner_fragment:AMB,"Keyword/fragment, identity-field, or proximity-only discovery signal.",Rejected / unrelated,rejected,No authoritative current relationship to Arthur Blank / AMB West; excluded.
CHAMBERS AARON B &,CHAMBERS AARON B AND,0.465,1,Lincoln,1202 LOUISIANA AVE LIBBY MT 59923-2416,broad_owner_fragment:AMB,"Keyword/fragment, identity-field, or proximity-only discovery signal.",Rejected / unrelated,rejected,No authoritative current relationship to Arthur Blank / AMB West; excluded.
BRAMBLETT TIMOTHY,BRAMBLETT TIMOTHY,0.464,1,Missoula,12953 KIMWOOD DR LOLO MT 59847-9519,broad_owner_fragment:AMB,"Keyword/fragment, identity-field, or proximity-only discovery signal.",Rejected / unrelated,rejected,No authoritative current relationship to Arthur Blank / AMB West; excluded.
GUNDERSON JOHN RICHARD JR & AMBER N,GUNDERSON JOHN RICHARD JR AND AMBER N,0.464,1,Cascade,2014 1ST AVE SW GREAT FALLS MT 59404-2503,broad_owner_fragment:AMB,"Keyword/fragment, identity-field, or proximity-only discovery signal.",Rejected / unrelated,rejected,No authoritative current relationship to Arthur Blank / AMB West; excluded.
SARTAIN WESLEY E & AMBER S,SARTAIN WESLEY E AND AMBER S,0.464,1,Gallatin,486 DAN RD MANHATTAN MT 59741-8678,broad_owner_fragment:AMB,"Keyword/fragment, identity-field, or proximity-only discovery signal.",Rejected / unrelated,rejected,No authoritative current relationship to Arthur Blank / AMB West; excluded.
CORBETT AMBER M,CORBETT AMBER M,0.463,1,Lewis and Clark,5376 BONANZA CT HELENA MT 59602-9226,broad_owner_fragment:AMB,"Keyword/fragment, identity-field, or proximity-only discovery signal.",Rejected / unrelated,rejected,No authoritative current relationship to Arthur Blank / AMB West; excluded.
"LEAVITT, AJ & AMBER",LEAVITT AJ AND AMBER,0.461,1,Yellowstone,1118 SKYCREST CIR BILLINGS MT 59106-3135,broad_owner_fragment:AMB,"Keyword/fragment, identity-field, or proximity-only discovery signal.",Rejected / unrelated,rejected,No authoritative current relationship to Arthur Blank / AMB West; excluded.
MAJOR SETH & AMBER,MAJOR SETH AND AMBER,0.461,1,Flathead,307 PHEASANT DR KALISPELL MT 59901-2442,broad_owner_fragment:AMB,"Keyword/fragment, identity-field, or proximity-only discovery signal.",Rejected / unrelated,rejected,No authoritative current relationship to Arthur Blank / AMB West; excluded.
"RAMBUR, MICHAEL G & AMANDA C",RAMBUR MICHAEL G AND AMANDA C,0.461,1,Yellowstone,5222 BLACK STONE CIR BILLINGS MT 59106-2303,broad_owner_fragment:AMB,"Keyword/fragment, identity-field, or proximity-only discovery signal.",Rejected / unrelated,rejected,No authoritative current relationship to Arthur Blank / AMB West; excluded.
"TABBERT, TRAVIS & AMBER R",TABBERT TRAVIS AND AMBER R,0.461,1,Yellowstone,5215 MILLSTONE CIR BILLINGS MT 59106-4431,broad_owner_fragment:AMB,"Keyword/fragment, identity-field, or proximity-only discovery signal.",Rejected / unrelated,rejected,No authoritative current relationship to Arthur Blank / AMB West; excluded.
"AULT, GREGORY & AMBER",AULT GREGORY AND AMBER,0.46,1,Yellowstone,5221 BELL AVE BILLINGS MT 59106,broad_owner_fragment:AMB,"Keyword/fragment, identity-field, or proximity-only discovery signal.",Rejected / unrelated,rejected,No authoritative current relationship to Arthur Blank / AMB West; excluded.
BANUELOS BALDOMERO JR,BANUELOS BALDOMERO JR,0.46,1,Cascade,125 W MAIN ST FORT SHAW MT 59443-9314,broad_owner_fragment:DOME,"Keyword/fragment, identity-field, or proximity-only discovery signal.",Rejected / unrelated,rejected,No authoritative current relationship to Arthur Blank / AMB West; excluded.
BLANKENSHIP MICHAEL & LESA R,BLANKENSHIP MICHAEL AND LESA R,0.46,1,Ravalli,231 MERGANSER LN HAMILTON MT 59840-3417,broad_owner_fragment:BLANK,"Keyword/fragment, identity-field, or proximity-only discovery signal.",Rejected / unrelated,rejected,No authoritative current relationship to Arthur Blank / AMB West; excluded.
HAMBY CHARLES J,HAMBY CHARLES J,0.46,1,Beaverhead,140 FERN LN DILLON MT 59725-9436,broad_owner_fragment:AMB,"Keyword/fragment, identity-field, or proximity-only discovery signal.",Rejected / unrelated,rejected,No authoritative current relationship to Arthur Blank / AMB West; excluded.
HOLLAND BAMBI,HOLLAND BAMBI,0.46,1,Cascade,44 FOX ISLAND LN GREAT FALLS MT 59405-8215,broad_owner_fragment:AMB,"Keyword/fragment, identity-field, or proximity-only discovery signal.",Rejected / unrelated,rejected,No authoritative current relationship to Arthur Blank / AMB West; excluded.
"JOHNSON, AMBER M & COLLIN M",JOHNSON AMBER M AND COLLIN M,0.46,1,Yellowstone,5042 COUNTRY VIEW DR BILLINGS MT 59105-5329,broad_owner_fragment:AMB,"Keyword/fragment, identity-field, or proximity-only discovery signal.",Rejected / unrelated,rejected,No authoritative current relationship to Arthur Blank / AMB West; excluded.
ANDERSON JASON G & AMBER,ANDERSON JASON G AND AMBER,0.459,1,Gallatin,86 PAINTED PONY DR BELGRADE MT 59714-8466,broad_owner_fragment:AMB,"Keyword/fragment, identity-field, or proximity-only discovery signal.",Rejected / unrelated,rejected,No authoritative current relationship to Arthur Blank / AMB West; excluded.
BRAMBO RUSSELL S & MARY,BRAMBO RUSSELL S AND MARY,0.459,1,Missoula,2203 APPLEWOOD LN MISSOULA MT 59801-1263,broad_owner_fragment:AMB,"Keyword/fragment, identity-field, or proximity-only discovery signal.",Rejected / unrelated,rejected,No authoritative current relationship to Arthur Blank / AMB West; excluded.
CHAMBERLIN BILL HAROLD &,CHAMBERLIN BILL HAROLD AND,0.459,1,Gallatin,95 WALKING HORSE WAY BELGRADE MT 59714-9744,broad_owner_fragment:AMB,"Keyword/fragment, identity-field, or proximity-only discovery signal.",Rejected / unrelated,rejected,No authoritative current relationship to Arthur Blank / AMB West; excluded.
"GAMBILL,TANNER & STEPHANIE",GAMBILL TANNER AND STEPHANIE,0.459,1,Yellowstone,500 EL MOLINO ST BILLINGS MT 59101-6884,broad_owner_fragment:AMB,"Keyword/fragment, identity-field, or proximity-only discovery signal.",Rejected / unrelated,rejected,No authoritative current relationship to Arthur Blank / AMB West; excluded.
"POYNTER, MARK & AMBER L",POYNTER MARK AND AMBER L,0.459,1,Yellowstone,2009 MCKAY LN BILLINGS MT 59102-1646,broad_owner_fragment:AMB,"Keyword/fragment, identity-field, or proximity-only discovery signal.",Rejected / unrelated,rejected,No authoritative current relationship to Arthur Blank / AMB West; excluded.
RAMBO LAURIE J,RAMBO LAURIE J,0.459,1,Missoula,7310 OLD GRANT CREEK RD MISSOULA MT 59808-9039,broad_owner_fragment:AMB,"Keyword/fragment, identity-field, or proximity-only discovery signal.",Rejected / unrelated,rejected,No authoritative current relationship to Arthur Blank / AMB West; excluded.
"REINHARDT, AMBER",REINHARDT AMBER,0.459,1,Yellowstone,3011 BROOKWAY DR LAUREL MT 59044-8365,broad_owner_fragment:AMB,"Keyword/fragment, identity-field, or proximity-only discovery signal.",Rejected / unrelated,rejected,No authoritative current relationship to Arthur Blank / AMB West; excluded.
AMBUEHL-FRASZ LESLIE,AMBUEHL FRASZ LESLIE,0.455,2,Cascade,756 32ND AVE NE GREAT FALLS MT 59404-1252,broad_owner_fragment:AMB,"Keyword/fragment, identity-field, or proximity-only discovery signal.",Rejected / unrelated,rejected,No authoritative current relationship to Arthur Blank / AMB West; excluded.
"UHREN, B JEFFREY & AMBER L",UHREN B JEFFREY AND AMBER L,0.453,1,Yellowstone,2604 OXFORD DR BILLINGS MT 59102-1617,broad_owner_fragment:AMB,"Keyword/fragment, identity-field, or proximity-only discovery signal.",Rejected / unrelated,rejected,No authoritative current relationship to Arthur Blank / AMB West; excluded.
BRAMBO NICOLE O,BRAMBO NICOLE O,0.45,1,Missoula,3520 SOUTHPOINTE DR MISSOULA MT 59803-2954,broad_owner_fragment:AMB,"Keyword/fragment, identity-field, or proximity-only discovery signal.",Rejected / unrelated,rejected,No authoritative current relationship to Arthur Blank / AMB West; excluded.
DE DIOS CAMBEROS JOSE & SHELBY M,DE DIOS CAMBEROS JOSE AND SHELBY M,0.449,1,Park,212 GRANDVIEW BLVD LIVINGSTON MT 59047-9263,broad_owner_fragment:AMB,"Keyword/fragment, identity-field, or proximity-only discovery signal.",Rejected / unrelated,rejected,No authoritative current relationship to Arthur Blank / AMB West; excluded.
CHAMBERLAIN JOSEPH L ETAL,CHAMBERLAIN JOSEPH L ETAL,0.443,1,Hill,1330 6TH ST HAVRE MT 59501-4212,broad_owner_fragment:AMB,"Keyword/fragment, identity-field, or proximity-only discovery signal.",Rejected / unrelated,rejected,No authoritative current relationship to Arthur Blank / AMB West; excluded.
KELLEY JOHN & TAMBRELY,KELLEY JOHN AND TAMBRELY,0.441,1,Lake,38994 DUSTY LN POLSON MT 59860-8773,broad_owner_fragment:AMB,"Keyword/fragment, identity-field, or proximity-only discovery signal.",Rejected / unrelated,rejected,No authoritative current relationship to Arthur Blank / AMB West; excluded.
OLSEN JOEL & AMBER,OLSEN JOEL AND AMBER,0.441,1,Phillips,PO BOX 999 MALTA MT 59538-0999,broad_owner_fragment:AMB,"Keyword/fragment, identity-field, or proximity-only discovery signal.",Rejected / unrelated,rejected,No authoritative current relationship to Arthur Blank / AMB West; excluded.
PARADISE ALPINE HOLDINGS LLC &,PARADISE ALPINE HOLDINGS LLC AND,0.44,1,Park,114 MOLLY DR LIVINGSTON MT 59047-1569,broad_owner_fragment:PARADISE,"Keyword/fragment, identity-field, or proximity-only discovery signal.",Rejected / unrelated,rejected,No authoritative current relationship to Arthur Blank / AMB West; excluded.
LIBBY VOLUNTEER AMBULANCE SERVICE INC,LIBBY VOLUNTEER AMBULANCE SERVICE INC,0.437,1,Lincoln,PO BOX 777 LIBBY MT 59923-0777,broad_owner_fragment:AMB,"Keyword/fragment, identity-field, or proximity-only discovery signal.",Rejected / unrelated,rejected,No authoritative current relationship to Arthur Blank / AMB West; excluded.
GAMBER NORA ANN,GAMBER NORA ANN,0.435,2,Custer,614 N PRAIRIE AVE MILES CITY MT 59301-2642,broad_owner_fragment:AMB,"Keyword/fragment, identity-field, or proximity-only discovery signal.",Rejected / unrelated,rejected,No authoritative current relationship to Arthur Blank / AMB West; excluded.
"LAMBERT, STANLEY A",LAMBERT STANLEY A,0.434,2,Yellowstone,504 PICKENS RD HUNTLEY MT 59037-9016,broad_owner_fragment:AMB,"Keyword/fragment, identity-field, or proximity-only discovery signal.",Rejected / unrelated,rejected,No authoritative current relationship to Arthur Blank / AMB West; excluded.
GAMBLE GENE,GAMBLE GENE,0.43,1,Treasure,PO BOX 52 HYSHAM MT 59038-0052,broad_owner_fragment:AMB,"Keyword/fragment, identity-field, or proximity-only discovery signal.",Rejected / unrelated,rejected,No authoritative current relationship to Arthur Blank / AMB West; excluded.
LAMB JESSE LEE,LAMB JESSE LEE,0.425,1,Toole,565 6TH AVE S SHELBY MT 59474-2335,broad_owner_fragment:AMB,"Keyword/fragment, identity-field, or proximity-only discovery signal.",Rejected / unrelated,rejected,No authoritative current relationship to Arthur Blank / AMB West; excluded.
LEISER TERRY N & AMBER L,LEISER TERRY N AND AMBER L,0.425,1,Flathead,202 WILD PINE CT KALISPELL MT 59901-6876,broad_owner_fragment:AMB,"Keyword/fragment, identity-field, or proximity-only discovery signal.",Rejected / unrelated,rejected,No authoritative current relationship to Arthur Blank / AMB West; excluded.
CHAMBERS RANDY G & LINDA D,CHAMBERS RANDY G AND LINDA D,0.424,1,Lewis and Clark,6116 N MONTANA AVE HELENA MT 59602-6617,broad_owner_fragment:AMB,"Keyword/fragment, identity-field, or proximity-only discovery signal.",Rejected / unrelated,rejected,No authoritative current relationship to Arthur Blank / AMB West; excluded.
CHAMBERLAIN J W WAYNE,CHAMBERLAIN J W WAYNE,0.421,1,Missoula,4140 TIMBERLANE ST MISSOULA MT 59802-3059,broad_owner_fragment:AMB,"Keyword/fragment, identity-field, or proximity-only discovery signal.",Rejected / unrelated,rejected,No authoritative current relationship to Arthur Blank / AMB West; excluded.
"CHAMBERLAIN, SHANNON MARK & JANEL RENAE",CHAMBERLAIN SHANNON MARK AND JANEL RENAE,0.421,1,Yellowstone,21 LAKEVIEW DR BILLINGS MT 59105-3638,broad_owner_fragment:AMB,"Keyword/fragment, identity-field, or proximity-only discovery signal.",Rejected / unrelated,rejected,No authoritative current relationship to Arthur Blank / AMB West; excluded.
ALLEN AMBER &,ALLEN AMBER AND,0.42,1,Granite,PO BOX 436 FRENCHTOWN MT 59834-0436,broad_owner_fragment:AMB,"Keyword/fragment, identity-field, or proximity-only discovery signal.",Rejected / unrelated,rejected,No authoritative current relationship to Arthur Blank / AMB West; excluded.
GOLDEN DOME LLC,GOLDEN DOME LLC,0.42,1,Gallatin,2330 ORRINGTON AVE EVANSTON IL 60201-2820,broad_owner_fragment:DOME,"Keyword/fragment, identity-field, or proximity-only discovery signal.",Rejected / unrelated,rejected,No authoritative current relationship to Arthur Blank / AMB West; excluded.
MEMORIAL AMBULANCE OF FORT BENTON MONTANA,MEMORIAL AMBULANCE OF FORT BENTON MONTANA,0.414,1,Chouteau,PO BOX 653 FORT BENTON MT 59442-0653,broad_owner_fragment:AMB,"Keyword/fragment, identity-field, or proximity-only discovery signal.",Rejected / unrelated,rejected,No authoritative current relationship to Arthur Blank / AMB West; excluded.
ANSWINE AMBER,ANSWINE AMBER,0.413,1,Missoula,112 MICHELLE CT MISSOULA MT 59803-2324,broad_owner_fragment:AMB,"Keyword/fragment, identity-field, or proximity-only discovery signal.",Rejected / unrelated,rejected,No authoritative current relationship to Arthur Blank / AMB West; excluded.
SCHREIBER SHAWN & FLANAGAN AMBER,SCHREIBER SHAWN AND FLANAGAN AMBER,0.413,1,Jefferson,PO BOX 234 BOULDER MT 59632-0234,broad_owner_fragment:AMB,"Keyword/fragment, identity-field, or proximity-only discovery signal.",Rejected / unrelated,rejected,No authoritative current relationship to Arthur Blank / AMB West; excluded.
TAYLOR AMBER COREEN,TAYLOR AMBER COREEN,0.413,1,Lewis and Clark,PO BOX 1797 EAST HELENA MT 59635-1797,broad_owner_fragment:AMB,"Keyword/fragment, identity-field, or proximity-only discovery signal.",Rejected / unrelated,rejected,No authoritative current relationship to Arthur Blank / AMB West; excluded.
HAMBLEN LEVI COURT TRUST,HAMBLEN LEVI COURT TRUST,0.41,1,Flathead,PO BOX 1604 BIGFORK MT 59911-1604,broad_owner_fragment:AMB,"Keyword/fragment, identity-field, or proximity-only discovery signal.",Rejected / unrelated,rejected,No authoritative current relationship to Arthur Blank / AMB West; excluded.
GATES AMBER E,GATES AMBER E,0.406,2,Powell,502 PHEASANT LN KALISPELL MT 59901-6190,broad_owner_fragment:AMB,"Keyword/fragment, identity-field, or proximity-only discovery signal.",Rejected / unrelated,rejected,No authoritative current relationship to Arthur Blank / AMB West; excluded.
BROWN ADAM & AMBER,BROWN ADAM AND AMBER,0.405,2,Pondera,110 S DELAWARE ST CONRAD MT 59425-2011,broad_owner_fragment:AMB,"Keyword/fragment, identity-field, or proximity-only discovery signal.",Rejected / unrelated,rejected,No authoritative current relationship to Arthur Blank / AMB West; excluded.
BLANKENSHIP BOBBI RLE,BLANKENSHIP BOBBI RLE,0.403,1,Cascade,47 TAYLOR LN ROBERTS MT 59070-9423,broad_owner_fragment:BLANK,"Keyword/fragment, identity-field, or proximity-only discovery signal.",Rejected / unrelated,rejected,No authoritative current relationship to Arthur Blank / AMB West; excluded.
MATHEWS LANCE CLAYTON & AMBER,MATHEWS LANCE CLAYTON AND AMBER,0.402,2,Roosevelt,1025 STANTON PL CLOVIS NM 88101-5480,broad_owner_fragment:AMB,"Keyword/fragment, identity-field, or proximity-only discovery signal.",Rejected / unrelated,rejected,No authoritative current relationship to Arthur Blank / AMB West; excluded.
RAMBERG CODY & BRENNA,RAMBERG CODY AND BRENNA,0.402,1,Liberty,PO BOX 602 CHESTER MT 59522-0602,broad_owner_fragment:AMB,"Keyword/fragment, identity-field, or proximity-only discovery signal.",Rejected / unrelated,rejected,No authoritative current relationship to Arthur Blank / AMB West; excluded.
LAMB MICHAEL D II & KRISTAN TRUSTEES,LAMB MICHAEL D II AND KRISTAN TRUSTEES,0.401,1,Madison,425 1/2 MILL ST SHERIDAN MT 59749-9647,broad_owner_fragment:AMB,"Keyword/fragment, identity-field, or proximity-only discovery signal.",Rejected / unrelated,rejected,No authoritative current relationship to Arthur Blank / AMB West; excluded.
LAMBERT CITY OF,LAMBERT CITY OF,0.401,2,Richland,MAIL TO EVERETT WILLIAMS LAMBERT MT 59243,broad_owner_fragment:AMB,"Keyword/fragment, identity-field, or proximity-only discovery signal.",Rejected / unrelated,rejected,No authoritative current relationship to Arthur Blank / AMB West; excluded.
TAMBURELLI MICHAEL P & MARIA A,TAMBURELLI MICHAEL P AND MARIA A,0.401,2,Flathead,PO BOX 2238 COLUMBIA FALLS MT 59912-2238,broad_owner_fragment:AMB,"Keyword/fragment, identity-field, or proximity-only discovery signal.",Rejected / unrelated,rejected,No authoritative current relationship to Arthur Blank / AMB West; excluded.
"JACKMAN, JUSTIN D & AMBER M",JACKMAN JUSTIN D AND AMBER M,0.391,1,Yellowstone,6089 SANDALWOOD DR BILLINGS MT 59106-9544,broad_owner_fragment:AMB,"Keyword/fragment, identity-field, or proximity-only discovery signal.",Rejected / unrelated,rejected,No authoritative current relationship to Arthur Blank / AMB West; excluded.
CARVER MEL & AMBER,CARVER MEL AND AMBER,0.39,1,Cascade,1812 WHISPERING RIDGE DR GREAT FALLS MT 59405-7809,broad_owner_fragment:AMB,"Keyword/fragment, identity-field, or proximity-only discovery signal.",Rejected / unrelated,rejected,No authoritative current relationship to Arthur Blank / AMB West; excluded.
LAVIN REVOCABLE TRUST LUKE & AMBER,LAVIN REVOCABLE TRUST LUKE AND AMBER,0.39,1,Flathead,408 S 5TH ST HAMILTON MT 59840-2751,broad_owner_fragment:AMB,"Keyword/fragment, identity-field, or proximity-only discovery signal.",Rejected / unrelated,rejected,No authoritative current relationship to Arthur Blank / AMB West; excluded.
MEAGHER AMBER,MEAGHER AMBER,0.39,1,Broadwater,610 S CEDAR ST TOWNSEND MT 59644-3202,broad_owner_fragment:AMB,"Keyword/fragment, identity-field, or proximity-only discovery signal.",Rejected / unrelated,rejected,No authoritative current relationship to Arthur Blank / AMB West; excluded.
LAMB CHRISTOPHER RANDEL & SAMANTHA LYN,LAMB CHRISTOPHER RANDEL AND SAMANTHA LYN,0.388,1,Carbon,PO BOX 245 BRIDGER MT 59014-0245,broad_owner_fragment:AMB,"Keyword/fragment, identity-field, or proximity-only discovery signal.",Rejected / unrelated,rejected,No authoritative current relationship to Arthur Blank / AMB West; excluded.
PHILLIPS HARLEY DAVID & RUMMEL NAOMI CHAMBLIN,PHILLIPS HARLEY DAVID AND RUMMEL NAOMI CHAMBLIN,0.387,1,Sanders,PO BOX 2027 THOMPSON FALLS MT 59873-2027,broad_owner_fragment:AMB,"Keyword/fragment, identity-field, or proximity-only discovery signal.",Rejected / unrelated,rejected,No authoritative current relationship to Arthur Blank / AMB West; excluded.
THORN JOHN & AMBURE,THORN JOHN AND AMBURE,0.387,1,Lake,511 DULOHERY LN BOZEMAN MT 59715-1204,broad_owner_fragment:AMB,"Keyword/fragment, identity-field, or proximity-only discovery signal.",Rejected / unrelated,rejected,No authoritative current relationship to Arthur Blank / AMB West; excluded.
CHAMBERS AARON & JENNA,CHAMBERS AARON AND JENNA,0.386,1,Park,PO BOX 257 CLYDE PARK MT 59018-0257,broad_owner_fragment:AMB,"Keyword/fragment, identity-field, or proximity-only discovery signal.",Rejected / unrelated,rejected,No authoritative current relationship to Arthur Blank / AMB West; excluded.
GAMBER CAROL K & ROBERT G,GAMBER CAROL K AND ROBERT G,0.386,1,Prairie,MAIL TO: BENMANIN EILEEN PO BOX 623 TERRY MT 59349-0623,broad_owner_fragment:AMB,"Keyword/fragment, identity-field, or proximity-only discovery signal.",Rejected / unrelated,rejected,No authoritative current relationship to Arthur Blank / AMB West; excluded.
LAMBERT STEPHEN J & RYAN,LAMBERT STEPHEN J AND RYAN,0.386,1,Valley,PO BOX 406 NASHUA MT 59248-0406,broad_owner_fragment:AMB,"Keyword/fragment, identity-field, or proximity-only discovery signal.",Rejected / unrelated,rejected,No authoritative current relationship to Arthur Blank / AMB West; excluded.
"MATHES, RICK D & AMBER L",MATHES RICK D AND AMBER L,0.384,1,Yellowstone,5541 WALTER HAGEN DR BILLINGS MT 59106-1004,broad_owner_fragment:AMB,"Keyword/fragment, identity-field, or proximity-only discovery signal.",Rejected / unrelated,rejected,No authoritative current relationship to Arthur Blank / AMB West; excluded.
TAMBOER MICHAEL J & NAYIBE,TAMBOER MICHAEL J AND NAYIBE,0.383,2,Flathead,PO BOX 58 OLNEY MT 59927-0058,broad_owner_fragment:AMB,"Keyword/fragment, identity-field, or proximity-only discovery signal.",Rejected / unrelated,rejected,No authoritative current relationship to Arthur Blank / AMB West; excluded.
LAMBOTT JAMES LEROY,LAMBOTT JAMES LEROY,0.382,1,Chouteau,PO BOX 962 FORT BENTON MT 59442-0962,broad_owner_fragment:AMB,"Keyword/fragment, identity-field, or proximity-only discovery signal.",Rejected / unrelated,rejected,No authoritative current relationship to Arthur Blank / AMB West; excluded.
FAIRFAX AMBER,FAIRFAX AMBER,0.38,1,Missoula,23660 MULLAN RD HUSON MT 59846-8501,broad_owner_fragment:AMB,"Keyword/fragment, identity-field, or proximity-only discovery signal.",Rejected / unrelated,rejected,No authoritative current relationship to Arthur Blank / AMB West; excluded.
RITTAL AMBER &,RITTAL AMBER AND,0.38,2,Dawson,502 JEFFERSON SCHOOL RD GLENDIVE MT 59330-3457,broad_owner_fragment:AMB,"Keyword/fragment, identity-field, or proximity-only discovery signal.",Rejected / unrelated,rejected,No authoritative current relationship to Arthur Blank / AMB West; excluded.
"CHAMBERLAIN, DARLENE I",CHAMBERLAIN DARLENE I,0.379,1,Yellowstone,PO BOX 50456 BILLINGS MT 59105-0456,broad_owner_fragment:AMB,"Keyword/fragment, identity-field, or proximity-only discovery signal.",Rejected / unrelated,rejected,No authoritative current relationship to Arthur Blank / AMB West; excluded.
CHAMBERLAIN EMILY,CHAMBERLAIN EMILY,0.378,1,Lincoln,809 E MISSOULA AVE TROY MT 59935-9629,broad_owner_fragment:AMB,"Keyword/fragment, identity-field, or proximity-only discovery signal.",Rejected / unrelated,rejected,No authoritative current relationship to Arthur Blank / AMB West; excluded.
CHAMBERS PROPERTIES LLC,CHAMBERS PROPERTIES LLC,0.376,2,Carbon,PO BOX 76 BRIDGER MT 59014-0076,broad_owner_fragment:AMB,"Keyword/fragment, identity-field, or proximity-only discovery signal.",Rejected / unrelated,rejected,No authoritative current relationship to Arthur Blank / AMB West; excluded.
"WILLIAMS CHAMBERLAIN MONTANA, LLC",WILLIAMS CHAMBERLAIN MONTANA LLC,0.376,1,Lake,4121 BANBRIDGE LOOP SE OLYMPIA WA 98501-6209,broad_owner_fragment:AMB,"Keyword/fragment, identity-field, or proximity-only discovery signal.",Rejected / unrelated,rejected,No authoritative current relationship to Arthur Blank / AMB West; excluded.
MCAVOY MICHAEL H & AMBER R,MCAVOY MICHAEL H AND AMBER R,0.375,1,Cascade,2800 6TH ST NW GREAT FALLS MT 59404-1382,broad_owner_fragment:AMB,"Keyword/fragment, identity-field, or proximity-only discovery signal.",Rejected / unrelated,rejected,No authoritative current relationship to Arthur Blank / AMB West; excluded.
CAMBRIDGE CONDO MASTER,CAMBRIDGE CONDO MASTER,0.374,1,Gallatin,GENERAL DELIVERY BOZEMAN MT 59715,broad_owner_fragment:AMB,"Keyword/fragment, identity-field, or proximity-only discovery signal.",Rejected / unrelated,rejected,No authoritative current relationship to Arthur Blank / AMB West; excluded.
REICHERT JORDAN & AMBER,REICHERT JORDAN AND AMBER,0.374,1,Yellowstone,621 BAZAAR EXCHANGE BILLINGS MT 59105-2905,broad_owner_fragment:AMB,"Keyword/fragment, identity-field, or proximity-only discovery signal.",Rejected / unrelated,rejected,No authoritative current relationship to Arthur Blank / AMB West; excluded.
BLANKENSHIP JESSE J,BLANKENSHIP JESSE J,0.372,3,Custer,178 N SATURDAY DR MILES CITY MT 59301-8777,broad_owner_fragment:BLANK,"Keyword/fragment, identity-field, or proximity-only discovery signal.",Rejected / unrelated,rejected,No authoritative current relationship to Arthur Blank / AMB West; excluded.
"MARTIN, JASON M &  AMBER L WEST",MARTIN JASON M AND AMBER L WEST,0.371,1,Yellowstone,2708 VIGILANTE TRL BILLINGS MT 59102-1657,broad_owner_fragment:AMB,"Keyword/fragment, identity-field, or proximity-only discovery signal.",Rejected / unrelated,rejected,No authoritative current relationship to Arthur Blank / AMB West; excluded.
"WINK, JARED E & AMBER L",WINK JARED E AND AMBER L,0.371,1,Flathead,668 WILLOW GLEN DR KALISPELL MT 59901-5168,broad_owner_fragment:AMB,"Keyword/fragment, identity-field, or proximity-only discovery signal.",Rejected / unrelated,rejected,No authoritative current relationship to Arthur Blank / AMB West; excluded.
LAMBRECHT JARED &,LAMBRECHT JARED AND,0.37,1,Yellowstone,1711 CLUBHOUSE WAY BILLINGS MT 59105-3407,broad_owner_fragment:AMB,"Keyword/fragment, identity-field, or proximity-only discovery signal.",Rejected / unrelated,rejected,No authoritative current relationship to Arthur Blank / AMB West; excluded.
RICHARDSON LEE J & AMBER RENEE DIXSON,RICHARDSON LEE J AND AMBER RENEE DIXSON,0.37,2,Custer,305 PONDEROSA DR MILES CITY MT 59301-5816,broad_owner_fragment:AMB,"Keyword/fragment, identity-field, or proximity-only discovery signal.",Rejected / unrelated,rejected,No authoritative current relationship to Arthur Blank / AMB West; excluded.
LAMB CHRISTINE H,LAMB CHRISTINE H,0.367,1,Gallatin,1415 S BLACK AVE BOZEMAN MT 59715-5637,broad_owner_fragment:AMB,"Keyword/fragment, identity-field, or proximity-only discovery signal.",Rejected / unrelated,rejected,No authoritative current relationship to Arthur Blank / AMB West; excluded.
BRAMBLETT BRIAN C ETAL,BRAMBLETT BRIAN C ETAL,0.364,1,Lewis and Clark,1050 MENDOCINO DR HELENA MT 59601-8626,broad_owner_fragment:AMB,"Keyword/fragment, identity-field, or proximity-only discovery signal.",Rejected / unrelated,rejected,No authoritative current relationship to Arthur Blank / AMB West; excluded.
"JANKE, COLLIN DEROSIER & AMBERLY",JANKE COLLIN DEROSIER AND AMBERLY,0.363,1,Yellowstone,2988 RIDGEFIELD DR BILLINGS MT 59106-1638,broad_owner_fragment:AMB,"Keyword/fragment, identity-field, or proximity-only discovery signal.",Rejected / unrelated,rejected,No authoritative current relationship to Arthur Blank / AMB West; excluded.
LAMB DALE ROBERT,LAMB DALE ROBERT,0.363,2,Beaverhead,109 SUNRISE ST DILLON MT 59725-3419 | PO BOX 1437 DILLON MT 59725-1437,broad_owner_fragment:AMB,"Keyword/fragment, identity-field, or proximity-only discovery signal.",Rejected / unrelated,rejected,No authoritative current relationship to Arthur Blank / AMB West; excluded.
GAMBER NORA,GAMBER NORA,0.362,4,Custer,MAIL TO: BEELER SANDRA 2402 PALMER ST MILES CITY MT 59301-3823,broad_owner_fragment:AMB,"Keyword/fragment, identity-field, or proximity-only discovery signal.",Rejected / unrelated,rejected,No authoritative current relationship to Arthur Blank / AMB West; excluded.
SARTAIN WESLEY II & AMBER,SARTAIN WESLEY II AND AMBER,0.362,1,Gallatin,486 DAN RD MANHATTAN MT 59741-8678,broad_owner_fragment:AMB,"Keyword/fragment, identity-field, or proximity-only discovery signal.",Rejected / unrelated,rejected,No authoritative current relationship to Arthur Blank / AMB West; excluded.
GAMBOA TERESA C,GAMBOA TERESA C,0.36,1,Ravalli,241 S TUDOR ST VICTOR MT 59875-9608,broad_owner_fragment:AMB,"Keyword/fragment, identity-field, or proximity-only discovery signal.",Rejected / unrelated,rejected,No authoritative current relationship to Arthur Blank / AMB West; excluded.
LAMBERT DAVID B & EDIE,LAMBERT DAVID B AND EDIE,0.359,1,Cascade,1926 23RD AVE S GREAT FALLS MT 59405-6428,broad_owner_fragment:AMB,"Keyword/fragment, identity-field, or proximity-only discovery signal.",Rejected / unrelated,rejected,No authoritative current relationship to Arthur Blank / AMB West; excluded.
TROY VOLUNTEER AMBULANCE,TROY VOLUNTEER AMBULANCE,0.359,1,Lincoln,PO BOX 641 TROY MT 59935-0641,broad_owner_fragment:AMB,"Keyword/fragment, identity-field, or proximity-only discovery signal.",Rejected / unrelated,rejected,No authoritative current relationship to Arthur Blank / AMB West; excluded.
CEANE BROOK AMBER & FRANK KEVIN,CEANE BROOK AMBER AND FRANK KEVIN,0.358,2,Dawson,729 WINDHAM SQ GLENDIVE MT 59330-2663,broad_owner_fragment:AMB,"Keyword/fragment, identity-field, or proximity-only discovery signal.",Rejected / unrelated,rejected,No authoritative current relationship to Arthur Blank / AMB West; excluded.
CHAMBERLIN RANCELLOR J,CHAMBERLIN RANCELLOR J,0.354,1,Richland,409 3RD ST SE SIDNEY MT 59270-4611,broad_owner_fragment:AMB,"Keyword/fragment, identity-field, or proximity-only discovery signal.",Rejected / unrelated,rejected,No authoritative current relationship to Arthur Blank / AMB West; excluded.
ELENBERGER KODY WAYNE & AMBER LEANE,ELENBERGER KODY WAYNE AND AMBER LEANE,0.354,1,Richland,1205 9TH AVE SW SIDNEY MT 59270-5205,broad_owner_fragment:AMB,"Keyword/fragment, identity-field, or proximity-only discovery signal.",Rejected / unrelated,rejected,No authoritative current relationship to Arthur Blank / AMB West; excluded.
HANDLEY CHRISTOPHER J & AMBER L,HANDLEY CHRISTOPHER J AND AMBER L,0.353,1,Gallatin,PO BOX 769 MANHATTAN MT 59741-0769,broad_owner_fragment:AMB,"Keyword/fragment, identity-field, or proximity-only discovery signal.",Rejected / unrelated,rejected,No authoritative current relationship to Arthur Blank / AMB West; excluded.
USRY AMBER J,USRY AMBER J,0.353,1,Flathead,159 GREENBRIAR DR KALISPELL MT 59901-3378,broad_owner_fragment:AMB,"Keyword/fragment, identity-field, or proximity-only discovery signal.",Rejected / unrelated,rejected,No authoritative current relationship to Arthur Blank / AMB West; excluded.
STEAMBOAT 1 CONDO MASTER,STEAMBOAT 1 CONDO MASTER,0.352,1,Gallatin,GENERAL DELIVERY BOZEMAN MT 59718-9999,broad_owner_fragment:AMB,"Keyword/fragment, identity-field, or proximity-only discovery signal.",Rejected / unrelated,rejected,No authoritative current relationship to Arthur Blank / AMB West; excluded.
"BROCKLEBANK, DANIEL G & AMBER",BROCKLEBANK DANIEL G AND AMBER,0.351,1,Yellowstone,5993 SANDALWOOD DR BILLINGS MT 59106-9537,broad_owner_fragment:AMB,"Keyword/fragment, identity-field, or proximity-only discovery signal.",Rejected / unrelated,rejected,No authoritative current relationship to Arthur Blank / AMB West; excluded.
OSIECKI AMBER JEAN,OSIECKI AMBER JEAN,0.351,1,Gallatin,725 WHITE HORSE LOOP BOZEMAN MT 59718-1216,broad_owner_fragment:AMB,"Keyword/fragment, identity-field, or proximity-only discovery signal.",Rejected / unrelated,rejected,No authoritative current relationship to Arthur Blank / AMB West; excluded.
"LAMBRECHT, JARED",LAMBRECHT JARED,0.35,1,Yellowstone,1326 BABCOCK CIR BILLINGS MT 59105-1616,broad_owner_fragment:AMB,"Keyword/fragment, identity-field, or proximity-only discovery signal.",Rejected / unrelated,rejected,No authoritative current relationship to Arthur Blank / AMB West; excluded.
TAMBLYN GROUP LIMITED LIABILITY COMPANY,TAMBLYN GROUP LLC,0.35,1,Flathead,PO BOX 1326 FLORENCE MT 59833-1326,broad_owner_fragment:AMB,"Keyword/fragment, identity-field, or proximity-only discovery signal.",Rejected / unrelated,rejected,No authoritative current relationship to Arthur Blank / AMB West; excluded.
"YOUNG, AMBER",YOUNG AMBER,0.35,1,Yellowstone,1160 THRUSH ST BILLINGS MT 59101-6948,broad_owner_fragment:AMB,"Keyword/fragment, identity-field, or proximity-only discovery signal.",Rejected / unrelated,rejected,No authoritative current relationship to Arthur Blank / AMB West; excluded.
LAMBERT LAWRENCE,LAMBERT LAWRENCE,0.349,1,Missoula,4965 JAIDEN LN MISSOULA MT 59803-2778,broad_owner_fragment:AMB,"Keyword/fragment, identity-field, or proximity-only discovery signal.",Rejected / unrelated,rejected,No authoritative current relationship to Arthur Blank / AMB West; excluded.
"ELLIS, WILLIAM GAMBOA &",ELLIS WILLIAM GAMBOA AND,0.347,1,Yellowstone,4647 LIAHONA LN BILLINGS MT 59106-2965,broad_owner_fragment:AMB,"Keyword/fragment, identity-field, or proximity-only discovery signal.",Rejected / unrelated,rejected,No authoritative current relationship to Arthur Blank / AMB West; excluded.
WILLIAMS AMBER & GABRIEL,WILLIAMS AMBER AND GABRIEL,0.346,2,Park,207 S M ST LIVINGSTON MT 59047-3219,broad_owner_fragment:AMB,"Keyword/fragment, identity-field, or proximity-only discovery signal.",Rejected / unrelated,rejected,No authoritative current relationship to Arthur Blank / AMB West; excluded.
"LOUDAN, TIMOTHY L & AMBER N",LOUDAN TIMOTHY L AND AMBER N,0.346,1,Yellowstone,5825 AUTUMNWOOD DR BILLINGS MT 59106-9707,broad_owner_fragment:AMB,"Keyword/fragment, identity-field, or proximity-only discovery signal.",Rejected / unrelated,rejected,No authoritative current relationship to Arthur Blank / AMB West; excluded.
SHAMBLIN MICHAEL SHANE &,SHAMBLIN MICHAEL SHANE AND,0.345,1,Gallatin,207 SWEETGRASS AVE BOZEMAN MT 59718-2698,broad_owner_fragment:AMB,"Keyword/fragment, identity-field, or proximity-only discovery signal.",Rejected / unrelated,rejected,No authoritative current relationship to Arthur Blank / AMB West; excluded.
AMBUEHL JONNIE & ANN,AMBUEHL JONNIE AND ANN,0.344,1,Cascade,3913 17TH AVE S GREAT FALLS MT 59405-5578,broad_owner_fragment:AMB,"Keyword/fragment, identity-field, or proximity-only discovery signal.",Rejected / unrelated,rejected,No authoritative current relationship to Arthur Blank / AMB West; excluded.
ARCHAMBAULT F E,ARCHAMBAULT F E,0.344,1,Blaine,PO BOX 1141 HARLEM MT 59526-1141,broad_owner_fragment:AMB,"Keyword/fragment, identity-field, or proximity-only discovery signal.",Rejected / unrelated,rejected,No authoritative current relationship to Arthur Blank / AMB West; excluded.
ARCHAMBAULT FRANK E & SANDRA YOUNG,ARCHAMBAULT FRANK E AND SANDRA YOUNG,0.344,1,Blaine,PO BOX 1141 HARLEM MT 59526-1141,broad_owner_fragment:AMB,"Keyword/fragment, identity-field, or proximity-only discovery signal.",Rejected / unrelated,rejected,No authoritative current relationship to Arthur Blank / AMB West; excluded.
ARCHAMBAULT WILLIAM DOUGLAS,ARCHAMBAULT WILLIAM DOUGLAS,0.344,1,Blaine,PO BOX 726 HARLEM MT 59526-0726,broad_owner_fragment:AMB,"Keyword/fragment, identity-field, or proximity-only discovery signal.",Rejected / unrelated,rejected,No authoritative current relationship to Arthur Blank / AMB West; excluded.
"CHAMBERS, KEVIN L & LESLIE K",CHAMBERS KEVIN L AND LESLIE K,0.344,1,Yellowstone,4625 LIAHONA LN BILLINGS MT 59106-2965,broad_owner_fragment:AMB,"Keyword/fragment, identity-field, or proximity-only discovery signal.",Rejected / unrelated,rejected,No authoritative current relationship to Arthur Blank / AMB West; excluded.
GAMBLE WESLEY B,GAMBLE WESLEY B,0.344,1,Treasure,PO BOX 493 HYSHAM MT 59038-0493,broad_owner_fragment:AMB,"Keyword/fragment, identity-field, or proximity-only discovery signal.",Rejected / unrelated,rejected,No authoritative current relationship to Arthur Blank / AMB West; excluded.
JAMBOR CALLEN G & KELLI,JAMBOR CALLEN G AND KELLI,0.344,1,Gallatin,5150 HIGH ST BELGRADE MT 59714-8210,broad_owner_fragment:AMB,"Keyword/fragment, identity-field, or proximity-only discovery signal.",Rejected / unrelated,rejected,No authoritative current relationship to Arthur Blank / AMB West; excluded.
"MASOOD, AMBRIN",MASOOD AMBRIN,0.344,1,Yellowstone,2514 LAKE HEIGHTS DR BILLINGS MT 59105-3509,broad_owner_fragment:AMB,"Keyword/fragment, identity-field, or proximity-only discovery signal.",Rejected / unrelated,rejected,No authoritative current relationship to Arthur Blank / AMB West; excluded.
WIVHOLM BRANT D & AMBER E,WIVHOLM BRANT D AND AMBER E,0.344,1,Gallatin,154 NELLIE CT MANHATTAN MT 59741-2358,broad_owner_fragment:AMB,"Keyword/fragment, identity-field, or proximity-only discovery signal.",Rejected / unrelated,rejected,No authoritative current relationship to Arthur Blank / AMB West; excluded.
GAMBLE MICHAEL G,GAMBLE MICHAEL G,0.342,2,Silver Bow,1700 GAYLORD ST BUTTE MT 59701-5308,broad_owner_fragment:AMB,"Keyword/fragment, identity-field, or proximity-only discovery signal.",Rejected / unrelated,rejected,No authoritative current relationship to Arthur Blank / AMB West; excluded.
ZAMBON ANTHONY,ZAMBON ANTHONY,0.342,1,Deer Lodge,10 ZACKARY PEAK TR THREE FORKS MT 59752-9020,broad_owner_fragment:AMB,"Keyword/fragment, identity-field, or proximity-only discovery signal.",Rejected / unrelated,rejected,No authoritative current relationship to Arthur Blank / AMB West; excluded.
KOEHLER AMBER R,KOEHLER AMBER R,0.34,1,Missoula,6125 WESTRIDGE BLVD EDINA MN 55436-2565,broad_owner_fragment:AMB,"Keyword/fragment, identity-field, or proximity-only discovery signal.",Rejected / unrelated,rejected,No authoritative current relationship to Arthur Blank / AMB West; excluded.
"ROANE, JOSHUA J & AMBER K",ROANE JOSHUA J AND AMBER K,0.34,1,Yellowstone,907 DIXON ST BILLINGS MT 59105-2311,broad_owner_fragment:AMB,"Keyword/fragment, identity-field, or proximity-only discovery signal.",Rejected / unrelated,rejected,No authoritative current relationship to Arthur Blank / AMB West; excluded.
WEBB PAUL HARTLEY & WEBB AMBER,WEBB PAUL HARTLEY AND WEBB AMBER,0.34,1,Silver Bow,PO BOX 287 AVON MT 59713-0287,broad_owner_fragment:AMB,"Keyword/fragment, identity-field, or proximity-only discovery signal.",Rejected / unrelated,rejected,No authoritative current relationship to Arthur Blank / AMB West; excluded.
"LAMB, GWENDOLYN J",LAMB GWENDOLYN J,0.338,1,Yellowstone,2114 NORTHRIDGE CIR BILLINGS MT 59102-2826,broad_owner_fragment:AMB,"Keyword/fragment, identity-field, or proximity-only discovery signal.",Rejected / unrelated,rejected,No authoritative current relationship to Arthur Blank / AMB West; excluded.
LAMBERT RYAN J,LAMBERT RYAN J,0.335,1,Valley,PO BOX 416 NASHUA MT 59248-0416,broad_owner_fragment:AMB,"Keyword/fragment, identity-field, or proximity-only discovery signal.",Rejected / unrelated,rejected,No authoritative current relationship to Arthur Blank / AMB West; excluded.
SHIRLEY GOFFENA LAMBERT REV TRUST,SHIRLEY GOFFENA LAMBERT REV TRUST,0.333,1,Yellowstone,4149 IRON HORSE TRL BILLINGS MT 59106-9645,broad_owner_fragment:AMB,"Keyword/fragment, identity-field, or proximity-only discovery signal.",Rejected / unrelated,rejected,No authoritative current relationship to Arthur Blank / AMB West; excluded.
CHAMBERS DAVID W & LLOYD E,CHAMBERS DAVID W AND LLOYD E,0.331,1,Lincoln,145 PEARL ST LIBBY MT 59923-9116,broad_owner_fragment:AMB,"Keyword/fragment, identity-field, or proximity-only discovery signal.",Rejected / unrelated,rejected,No authoritative current relationship to Arthur Blank / AMB West; excluded.
THIELTGES JOHN ELLIOTT & AMBER JEAN,THIELTGES JOHN ELLIOTT AND AMBER JEAN,0.331,1,Gallatin,520 E GRANITE AVE BOZEMAN MT 59718-6425,broad_owner_fragment:AMB,"Keyword/fragment, identity-field, or proximity-only discovery signal.",Rejected / unrelated,rejected,No authoritative current relationship to Arthur Blank / AMB West; excluded.
"CHAMBLESS, CRULL TRUSTEE",CHAMBLESS CRULL TRUSTEE,0.33,1,Yellowstone,3226 VIOLA LN BILLINGS MT 59102-1279,broad_owner_fragment:AMB,"Keyword/fragment, identity-field, or proximity-only discovery signal.",Rejected / unrelated,rejected,No authoritative current relationship to Arthur Blank / AMB West; excluded.
LAMB JEFF L & MARCIA G & KAITLYN G,LAMB JEFF L AND MARCIA G AND KAITLYN G,0.33,1,Silver Bow,1388 MT HIGHWAY 69 CARDWELL MT 59721-9613,broad_owner_fragment:AMB,"Keyword/fragment, identity-field, or proximity-only discovery signal.",Rejected / unrelated,rejected,No authoritative current relationship to Arthur Blank / AMB West; excluded.
CHAMBERLIN KANYON D & JENNIFER L,CHAMBERLIN KANYON D AND JENNIFER L,0.329,2,Custer,325 ARROWHEAD DR MILES CITY MT 59301-5808,broad_owner_fragment:AMB,"Keyword/fragment, identity-field, or proximity-only discovery signal.",Rejected / unrelated,rejected,No authoritative current relationship to Arthur Blank / AMB West; excluded.
LAMB ALAN E,LAMB ALAN E,0.329,4,Sanders,PO BOX 147 HOT SPRINGS MT 59845-0147,broad_owner_fragment:AMB,"Keyword/fragment, identity-field, or proximity-only discovery signal.",Rejected / unrelated,rejected,No authoritative current relationship to Arthur Blank / AMB West; excluded.
CHENOWETH CORY & AMBER,CHENOWETH CORY AND AMBER,0.327,1,Lewis and Clark,2630 KNIGHT STREET HELENA MT 59601,broad_owner_fragment:AMB,"Keyword/fragment, identity-field, or proximity-only discovery signal.",Rejected / unrelated,rejected,No authoritative current relationship to Arthur Blank / AMB West; excluded.
KEITH CHASE & AMBER D,KEITH CHASE AND AMBER D,0.327,1,Gallatin,368 NW PASSAGE LN MANHATTAN MT 59741-8719,broad_owner_fragment:AMB,"Keyword/fragment, identity-field, or proximity-only discovery signal.",Rejected / unrelated,rejected,No authoritative current relationship to Arthur Blank / AMB West; excluded.
HURLEY STEVEN AND AMBER,HURLEY STEVEN AND AMBER,0.326,1,Fallon,PO BOX 1277 BAKER MT 59313-1277,broad_owner_fragment:AMB,"Keyword/fragment, identity-field, or proximity-only discovery signal.",Rejected / unrelated,rejected,No authoritative current relationship to Arthur Blank / AMB West; excluded.
LAMBERT FAMILY TRUST,LAMBERT FAMILY TRUST,0.326,1,Flathead,234 BRIDGER DR BIGFORK MT 59911-6255,broad_owner_fragment:AMB,"Keyword/fragment, identity-field, or proximity-only discovery signal.",Rejected / unrelated,rejected,No authoritative current relationship to Arthur Blank / AMB West; excluded.
VANLUCHENE CHAD A & AMBER JO L,VANLUCHENE CHAD A AND AMBER JO L,0.325,1,Gallatin,1531 POWERS BLVD BELGRADE MT 59714-7723,broad_owner_fragment:AMB,"Keyword/fragment, identity-field, or proximity-only discovery signal.",Rejected / unrelated,rejected,No authoritative current relationship to Arthur Blank / AMB West; excluded.
BALDRY RANDALL F & KEVIN J & LAMB CYNTHIA M,BALDRY RANDALL F AND KEVIN J AND LAMB CYNTHIA M,0.322,2,Daniels,PO BOX 254 SCOBEY MT 59263-0254,broad_owner_fragment:AMB,"Keyword/fragment, identity-field, or proximity-only discovery signal.",Rejected / unrelated,rejected,No authoritative current relationship to Arthur Blank / AMB West; excluded.
CAMERON JACE & AMBER,CAMERON JACE AND AMBER,0.322,2,Petroleum,PO BOX 66 WINNETT MT 59087-0066,broad_owner_fragment:AMB,"Keyword/fragment, identity-field, or proximity-only discovery signal.",Rejected / unrelated,rejected,No authoritative current relationship to Arthur Blank / AMB West; excluded.
FLADLAND SHELDON L & AMBER E,FLADLAND SHELDON L AND AMBER E,0.322,1,Cascade,224 WASHINGTON BLVD GREAT FALLS MT 59404-6211,broad_owner_fragment:AMB,"Keyword/fragment, identity-field, or proximity-only discovery signal.",Rejected / unrelated,rejected,No authoritative current relationship to Arthur Blank / AMB West; excluded.
FRENCH ALAN J & AMBER L,FRENCH ALAN J AND AMBER L,0.322,2,Daniels,PO BOX 628 SCOBEY MT 59263-0628,broad_owner_fragment:AMB,"Keyword/fragment, identity-field, or proximity-only discovery signal.",Rejected / unrelated,rejected,No authoritative current relationship to Arthur Blank / AMB West; excluded.
LAMBERT WILLIAM R & KARA LEE,LAMBERT WILLIAM R AND KARA LEE,0.322,2,Powder River,2343 HAMMOND RD HAMMOND MT 59332-9709,broad_owner_fragment:AMB,"Keyword/fragment, identity-field, or proximity-only discovery signal.",Rejected / unrelated,rejected,No authoritative current relationship to Arthur Blank / AMB West; excluded.
LAMBETH ROBERT H JR & KATHRYN L,LAMBETH ROBERT H JR AND KATHRYN L,0.322,3,Lake,15321 N COLUMBUS ST SPOKANE WA 99208-8534,broad_owner_fragment:AMB,"Keyword/fragment, identity-field, or proximity-only discovery signal.",Rejected / unrelated,rejected,No authoritative current relationship to Arthur Blank / AMB West; excluded.
AMBK BILLINGS I LLC,AMBK BILLINGS I LLC,0.321,1,Yellowstone,3829 FIELDING AVE BELLINGHAM WA 98229-2923,broad_owner_fragment:AMB,"Keyword/fragment, identity-field, or proximity-only discovery signal.",Rejected / unrelated,rejected,No authoritative current relationship to Arthur Blank / AMB West; excluded.
CHAMBERLIN ELEANOR,CHAMBERLIN ELEANOR,0.321,1,Prairie,PO BOX 30 TERRY MT 59349-0030,broad_owner_fragment:AMB,"Keyword/fragment, identity-field, or proximity-only discovery signal.",Rejected / unrelated,rejected,No authoritative current relationship to Arthur Blank / AMB West; excluded.
CHAMBERLIN THOMAS M,CHAMBERLIN THOMAS M,0.321,1,Prairie,PO BOX 30 TERRY MT 59349-0030,broad_owner_fragment:AMB,"Keyword/fragment, identity-field, or proximity-only discovery signal.",Rejected / unrelated,rejected,No authoritative current relationship to Arthur Blank / AMB West; excluded.
CLEGG ANDREW CHARLES & AMBER LYNN,CLEGG ANDREW CHARLES AND AMBER LYNN,0.321,1,Flathead,137 STILLWATER LN KALISPELL MT 59901-2777,broad_owner_fragment:AMB,"Keyword/fragment, identity-field, or proximity-only discovery signal.",Rejected / unrelated,rejected,No authoritative current relationship to Arthur Blank / AMB West; excluded.
"DAMBROSIA FOOD, LLP",DAMBROSIA FOOD LLP,0.321,1,Yellowstone,3115 PLACER DR BILLINGS MT 59102-0842,broad_owner_fragment:AMB,"Keyword/fragment, identity-field, or proximity-only discovery signal.",Rejected / unrelated,rejected,No authoritative current relationship to Arthur Blank / AMB West; excluded.
GAMBLE WESLEY B & KARI S,GAMBLE WESLEY B AND KARI S,0.321,1,Treasure,PO BOX 494 HYSHAM MT 59038-0494,broad_owner_fragment:AMB,"Keyword/fragment, identity-field, or proximity-only discovery signal.",Rejected / unrelated,rejected,No authoritative current relationship to Arthur Blank / AMB West; excluded.
GARRISON AMBER N &,GARRISON AMBER N AND,0.321,1,Big Horn,4260 E BENNINGTON AVE CASTLE ROCK CO 80104-8580,broad_owner_fragment:AMB,"Keyword/fragment, identity-field, or proximity-only discovery signal.",Rejected / unrelated,rejected,No authoritative current relationship to Arthur Blank / AMB West; excluded.
GIAMBRONE VINCENT J,GIAMBRONE VINCENT J,0.321,1,Musselshell,602 3RD ST E ROUNDUP MT 59072-2518,broad_owner_fragment:AMB,"Keyword/fragment, identity-field, or proximity-only discovery signal.",Rejected / unrelated,rejected,No authoritative current relationship to Arthur Blank / AMB West; excluded.
KENNEDY NICHOLAS & AMBER,KENNEDY NICHOLAS AND AMBER,0.321,2,Valley,31 MEADOW CT GLASGOW MT 59230-1531,broad_owner_fragment:AMB,"Keyword/fragment, identity-field, or proximity-only discovery signal.",Rejected / unrelated,rejected,No authoritative current relationship to Arthur Blank / AMB West; excluded.
LAMBERT LEONA,LAMBERT LEONA,0.321,1,Roosevelt,PO BOX 66 BAINVILLE MT 59212-0066,broad_owner_fragment:AMB,"Keyword/fragment, identity-field, or proximity-only discovery signal.",Rejected / unrelated,rejected,No authoritative current relationship to Arthur Blank / AMB West; excluded.
LAMBERT MARY L,LAMBERT MARY L,0.321,1,Roosevelt,PO BOX 66 BAINVILLE MT 59212-0066,broad_owner_fragment:AMB,"Keyword/fragment, identity-field, or proximity-only discovery signal.",Rejected / unrelated,rejected,No authoritative current relationship to Arthur Blank / AMB West; excluded.
LAMBERT SYBIL B HELD IN TRUST,LAMBERT SYBIL B HELD IN TRUST,0.321,1,Roosevelt,GENERAL DELIVERY BROCKTON MT 59213-9999,broad_owner_fragment:AMB,"Keyword/fragment, identity-field, or proximity-only discovery signal.",Rejected / unrelated,rejected,No authoritative current relationship to Arthur Blank / AMB West; excluded.
STAMBAUGH RANDY & SHERRY,STAMBAUGH RANDY AND SHERRY,0.321,1,Richland,204 3RD ST SE SIDNEY MT 59270-4336,broad_owner_fragment:AMB,"Keyword/fragment, identity-field, or proximity-only discovery signal.",Rejected / unrelated,rejected,No authoritative current relationship to Arthur Blank / AMB West; excluded.
WILLIAMS AMBER BAUER,WILLIAMS AMBER BAUER,0.321,1,Park,207 S M ST LIVINGSTON MT 59047-3219,broad_owner_fragment:AMB,"Keyword/fragment, identity-field, or proximity-only discovery signal.",Rejected / unrelated,rejected,No authoritative current relationship to Arthur Blank / AMB West; excluded.
ZACHMANN BRADY & AMBRE,ZACHMANN BRADY AND AMBRE,0.321,1,Park,PO BOX 88 CLYDE PARK MT 59018-0088,broad_owner_fragment:AMB,"Keyword/fragment, identity-field, or proximity-only discovery signal.",Rejected / unrelated,rejected,No authoritative current relationship to Arthur Blank / AMB West; excluded.
ZAMBITO REBECCA,ZAMBITO REBECCA,0.321,1,Rosebud,PO BOX 984 FORSYTH MT 59327-0984,broad_owner_fragment:AMB,"Keyword/fragment, identity-field, or proximity-only discovery signal.",Rejected / unrelated,rejected,No authoritative current relationship to Arthur Blank / AMB West; excluded.
CHAMBERS RICHARD D,CHAMBERS RICHARD D,0.319,1,Missoula,2303 39TH ST MISSOULA MT 59803-1168,broad_owner_fragment:AMB,"Keyword/fragment, identity-field, or proximity-only discovery signal.",Rejected / unrelated,rejected,No authoritative current relationship to Arthur Blank / AMB West; excluded.
LAMB TABBATHA & SHAUN & CRISTI,LAMB TABBATHA AND SHAUN AND CRISTI,0.319,1,Ravalli,119 MAIN ST E VICTOR MT 59875-9453,broad_owner_fragment:AMB,"Keyword/fragment, identity-field, or proximity-only discovery signal.",Rejected / unrelated,rejected,No authoritative current relationship to Arthur Blank / AMB West; excluded.
"MORTON, BAMBI L & RODGER, C",MORTON BAMBI L AND RODGER C,0.317,1,Yellowstone,2170 SKYVIEW DR BILLINGS MT 59105-3621,broad_owner_fragment:AMB,"Keyword/fragment, identity-field, or proximity-only discovery signal.",Rejected / unrelated,rejected,No authoritative current relationship to Arthur Blank / AMB West; excluded.
BAKER ANTHONY THOMAS & AMBER LYNN TRUSTEES &,BAKER ANTHONY THOMAS AND AMBER LYNN TRUSTEES AND,0.314,1,Gallatin,PO BOX 232 MANHATTAN MT 59741-0232,broad_owner_fragment:AMB,"Keyword/fragment, identity-field, or proximity-only discovery signal.",Rejected / unrelated,rejected,No authoritative current relationship to Arthur Blank / AMB West; excluded.
BLANKENSHIP KATHLEEN A & JONATHAN M,BLANKENSHIP KATHLEEN A AND JONATHAN M,0.314,1,Flathead,PO BOX 1155 COLUMBIA FALLS MT 59912-1155,broad_owner_fragment:BLANK,"Keyword/fragment, identity-field, or proximity-only discovery signal.",Rejected / unrelated,rejected,No authoritative current relationship to Arthur Blank / AMB West; excluded.
BUSHNELL AMBER M,BUSHNELL AMBER M,0.314,1,Missoula,1000 EATON ST MISSOULA MT 59801-3233,broad_owner_fragment:AMB,"Keyword/fragment, identity-field, or proximity-only discovery signal.",Rejected / unrelated,rejected,No authoritative current relationship to Arthur Blank / AMB West; excluded.
HAMBLIN JESSE & HOLLY,HAMBLIN JESSE AND HOLLY,0.31,1,Gallatin,PO BOX 1058 LEHI UT 84043-7058,broad_owner_fragment:AMB,"Keyword/fragment, identity-field, or proximity-only discovery signal.",Rejected / unrelated,rejected,No authoritative current relationship to Arthur Blank / AMB West; excluded.
MATTILA BAMBI,MATTILA BAMBI,0.31,1,Powell,815 COLLEGE AVE DEER LODGE MT 59722-1710,broad_owner_fragment:AMB,"Keyword/fragment, identity-field, or proximity-only discovery signal.",Rejected / unrelated,rejected,No authoritative current relationship to Arthur Blank / AMB West; excluded.
RAMBUR THERESA L,RAMBUR THERESA L,0.31,1,Sanders,15613 N TIMBERWOOD CT SPOKANE WA 99208-9741,broad_owner_fragment:AMB,"Keyword/fragment, identity-field, or proximity-only discovery signal.",Rejected / unrelated,rejected,No authoritative current relationship to Arthur Blank / AMB West; excluded.
SZAMBELAN FAMILY TRUST,SZAMBELAN FAMILY TRUST,0.31,1,Sanders,13715 N RIVERBLUFF LN SPOKANE WA 99208-9247,broad_owner_fragment:AMB,"Keyword/fragment, identity-field, or proximity-only discovery signal.",Rejected / unrelated,rejected,No authoritative current relationship to Arthur Blank / AMB West; excluded.
BLANK FAMILY CABIN TRUST,BLANK FAMILY CABIN TRUST,0.309,1,Gallatin,263 MARINA LOOP WEST YELLOWSTONE MT 59758-9774,broad_owner_fragment:BLANK,"Keyword/fragment, identity-field, or proximity-only discovery signal.",Rejected / unrelated,rejected,No authoritative current relationship to Arthur Blank / AMB West; excluded.
HOWE CELESTE AMBERLY,HOWE CELESTE AMBERLY,0.308,1,Big Horn,905 AGATE CT HARDIN MT 59034-2023,broad_owner_fragment:AMB,"Keyword/fragment, identity-field, or proximity-only discovery signal.",Rejected / unrelated,rejected,No authoritative current relationship to Arthur Blank / AMB West; excluded.
GOULET CHRISTOPHER C & AMBER,GOULET CHRISTOPHER C AND AMBER,0.306,1,Gallatin,4234 BRANDYWOOD DR BILLINGS MT 59106-9705,broad_owner_fragment:AMB,"Keyword/fragment, identity-field, or proximity-only discovery signal.",Rejected / unrelated,rejected,No authoritative current relationship to Arthur Blank / AMB West; excluded.
"STUTTERHEIM, ZACHARY T & AMBERLEE G",STUTTERHEIM ZACHARY T AND AMBERLEE G,0.306,1,Yellowstone,1336 PENNSYLVANIA AVE LAUREL MT 59044-9386,broad_owner_fragment:AMB,"Keyword/fragment, identity-field, or proximity-only discovery signal.",Rejected / unrelated,rejected,No authoritative current relationship to Arthur Blank / AMB West; excluded.
GAMBLE DAVID RUSSELL & MARY BRIDGET,GAMBLE DAVID RUSSELL AND MARY BRIDGET,0.305,1,Rosebud,PO BOX 1398 FORSYTH MT 59327-1398,broad_owner_fragment:AMB,"Keyword/fragment, identity-field, or proximity-only discovery signal.",Rejected / unrelated,rejected,No authoritative current relationship to Arthur Blank / AMB West; excluded.
BLANKENBURG FAMILY REVOCABLE TRUST,BLANKENBURG FAMILY REVOCABLE TRUST,0.303,1,Yellowstone,6227 WESTERN BLUFFS BLVD BILLINGS MT 59106-2228,broad_owner_fragment:BLANK,"Keyword/fragment, identity-field, or proximity-only discovery signal.",Rejected / unrelated,rejected,No authoritative current relationship to Arthur Blank / AMB West; excluded.
"CHAMBERLIN, TIM",CHAMBERLIN TIM,0.303,1,Yellowstone,1123 IRISTAN LN BILLINGS MT 59105-1839,broad_owner_fragment:AMB,"Keyword/fragment, identity-field, or proximity-only discovery signal.",Rejected / unrelated,rejected,No authoritative current relationship to Arthur Blank / AMB West; excluded.
IYA MALUA TAMBI ETAL,IYA MALUA TAMBI ETAL,0.303,1,Richland,1809 14TH ST SE SIDNEY MT 59270,broad_owner_fragment:AMB,"Keyword/fragment, identity-field, or proximity-only discovery signal.",Rejected / unrelated,rejected,No authoritative current relationship to Arthur Blank / AMB West; excluded.
"PLAMBECK, DALE B & KAREN M",PLAMBECK DALE B AND KAREN M,0.302,1,Yellowstone,2530 BUFFALO RIDGE TRL BILLINGS MT 59106-1631,broad_owner_fragment:AMB,"Keyword/fragment, identity-field, or proximity-only discovery signal.",Rejected / unrelated,rejected,No authoritative current relationship to Arthur Blank / AMB West; excluded.
VACURA AMBER D & BETH,VACURA AMBER D AND BETH,0.302,1,Sanders,PO BOX 1128 PLAINS MT 59859-1128,broad_owner_fragment:AMB,"Keyword/fragment, identity-field, or proximity-only discovery signal.",Rejected / unrelated,rejected,No authoritative current relationship to Arthur Blank / AMB West; excluded.
CHAMBERLIN KANYON & JENNIFER,CHAMBERLIN KANYON AND JENNIFER,0.3,1,Garfield,325 ARROWHEAD DR MILES CITY MT 59301-5808,broad_owner_fragment:AMB,"Keyword/fragment, identity-field, or proximity-only discovery signal.",Rejected / unrelated,rejected,No authoritative current relationship to Arthur Blank / AMB West; excluded.
DOCKEN JEREMY M & AMBER L,DOCKEN JEREMY M AND AMBER L,0.3,1,Gallatin,10 MINT TRL BOZEMAN MT 59718-9152,broad_owner_fragment:AMB,"Keyword/fragment, identity-field, or proximity-only discovery signal.",Rejected / unrelated,rejected,No authoritative current relationship to Arthur Blank / AMB West; excluded.
HAMBLOCK PHILIP JOSEPH,HAMBLOCK PHILIP JOSEPH,0.3,1,Hill,1360 WASHINGTON AVE HAVRE MT 59501-5104,broad_owner_fragment:AMB,"Keyword/fragment, identity-field, or proximity-only discovery signal.",Rejected / unrelated,rejected,No authoritative current relationship to Arthur Blank / AMB West; excluded.
MODERIE AMBER L,MODERIE AMBER L,0.3,1,Missoula,1718 SHINDIG DR MISSOULA MT 59808-5244,broad_owner_fragment:AMB,"Keyword/fragment, identity-field, or proximity-only discovery signal.",Rejected / unrelated,rejected,No authoritative current relationship to Arthur Blank / AMB West; excluded.
OSTERMAN DENNIS & AMBER R,OSTERMAN DENNIS AND AMBER R,0.3,1,Silver Bow,7 BITTERSWEET DR BUTTE MT 59701-4333,broad_owner_fragment:AMB,"Keyword/fragment, identity-field, or proximity-only discovery signal.",Rejected / unrelated,rejected,No authoritative current relationship to Arthur Blank / AMB West; excluded.
SAMBORSKY TANYA,SAMBORSKY TANYA,0.3,1,Gallatin,PO BOX 841 BOZEMAN MT 59771-0841,broad_owner_fragment:AMB,"Keyword/fragment, identity-field, or proximity-only discovery signal.",Rejected / unrelated,rejected,No authoritative current relationship to Arthur Blank / AMB West; excluded.
UTTER TREVOR & AMBER,UTTER TREVOR AND AMBER,0.299,1,Lincoln,979 COSTICH LAKE RD EUREKA MT 59917,broad_owner_fragment:AMB,"Keyword/fragment, identity-field, or proximity-only discovery signal.",Rejected / unrelated,rejected,No authoritative current relationship to Arthur Blank / AMB West; excluded.
BLANKENBAKER MARY M,BLANKENBAKER MARY M,0.298,1,Ravalli,809 W MAIN ST HAMILTON MT 59840-2329,broad_owner_fragment:BLANK,"Keyword/fragment, identity-field, or proximity-only discovery signal.",Rejected / unrelated,rejected,No authoritative current relationship to Arthur Blank / AMB West; excluded.
MC DANIEL TIMOTHY JACOB & AMBER LEE,MC DANIEL TIMOTHY JACOB AND AMBER LEE,0.297,1,Flathead,17 MEADOWLARK DR KALISPELL MT 59901-2862,broad_owner_fragment:AMB,"Keyword/fragment, identity-field, or proximity-only discovery signal.",Rejected / unrelated,rejected,No authoritative current relationship to Arthur Blank / AMB West; excluded.
LAMBOURNE KEVIN CHAD TRUSTEE,LAMBOURNE KEVIN CHAD TRUSTEE,0.296,1,Yellowstone,4467 RIDGEWOOD LN S BILLINGS MT 59106-4739,broad_owner_fragment:AMB,"Keyword/fragment, identity-field, or proximity-only discovery signal.",Rejected / unrelated,rejected,No authoritative current relationship to Arthur Blank / AMB West; excluded.
OPHUS GARRIT & AMBER,OPHUS GARRIT AND AMBER,0.295,1,Hill,1220 11TH ST HAVRE MT 59501-4657,broad_owner_fragment:AMB,"Keyword/fragment, identity-field, or proximity-only discovery signal.",Rejected / unrelated,rejected,No authoritative current relationship to Arthur Blank / AMB West; excluded.
DAVIES AMBER,DAVIES AMBER,0.294,1,Lewis and Clark,601 GARFIELD ST HELENA MT 59601-6029,broad_owner_fragment:AMB,"Keyword/fragment, identity-field, or proximity-only discovery signal.",Rejected / unrelated,rejected,No authoritative current relationship to Arthur Blank / AMB West; excluded.
"STAMBAUGH, BENJAMIN F & TESSA C",STAMBAUGH BENJAMIN F AND TESSA C,0.294,1,Yellowstone,1720 W THUNDER MOUNTAIN RD BILLINGS MT 59106-4508,broad_owner_fragment:AMB,"Keyword/fragment, identity-field, or proximity-only discovery signal.",Rejected / unrelated,rejected,No authoritative current relationship to Arthur Blank / AMB West; excluded.
ZAMBON MICHAEL J & LYNETTE M TRUSTEES,ZAMBON MICHAEL J AND LYNETTE M TRUSTEES,0.294,1,Gallatin,3506 FIELDSTONE DR W BOZEMAN MT 59715-7115,broad_owner_fragment:AMB,"Keyword/fragment, identity-field, or proximity-only discovery signal.",Rejected / unrelated,rejected,No authoritative current relationship to Arthur Blank / AMB West; excluded.
GORDON AMBER DESIREE,GORDON AMBER DESIREE,0.29,2,Flathead,PO BOX 260371 MARTIN CITY MT 59926-0371,broad_owner_fragment:AMB,"Keyword/fragment, identity-field, or proximity-only discovery signal.",Rejected / unrelated,rejected,No authoritative current relationship to Arthur Blank / AMB West; excluded.
CHAMBERLAIN SHAIN D,CHAMBERLAIN SHAIN D,0.29,1,Missoula,2375 PARTRIDGE CT MISSOULA MT 59808-1013,broad_owner_fragment:AMB,"Keyword/fragment, identity-field, or proximity-only discovery signal.",Rejected / unrelated,rejected,No authoritative current relationship to Arthur Blank / AMB West; excluded.
THIBEAULT TYSON & AMBER,THIBEAULT TYSON AND AMBER,0.29,1,Gallatin,7450 CHURCHILL RD MANHATTAN MT 59741-8475,broad_owner_fragment:AMB,"Keyword/fragment, identity-field, or proximity-only discovery signal.",Rejected / unrelated,rejected,No authoritative current relationship to Arthur Blank / AMB West; excluded.
ANTHON NEIL & AMBER,ANTHON NEIL AND AMBER,0.289,1,Cascade,3449 5TH AVE S GREAT FALLS MT 59405-3543,broad_owner_fragment:AMB,"Keyword/fragment, identity-field, or proximity-only discovery signal.",Rejected / unrelated,rejected,No authoritative current relationship to Arthur Blank / AMB West; excluded.
CAMBRIDGE ANTHONY & AMY,CAMBRIDGE ANTHONY AND AMY,0.289,1,Roosevelt,742 JOHNSON ST WOLF POINT MT 59201-1819,broad_owner_fragment:AMB,"Keyword/fragment, identity-field, or proximity-only discovery signal.",Rejected / unrelated,rejected,No authoritative current relationship to Arthur Blank / AMB West; excluded.
LAMBERT KENDRA,LAMBERT KENDRA,0.289,1,Lewis and Clark,517 CHAUCER ST HELENA MT 59601-5319,broad_owner_fragment:AMB,"Keyword/fragment, identity-field, or proximity-only discovery signal.",Rejected / unrelated,rejected,No authoritative current relationship to Arthur Blank / AMB West; excluded.
"RUFF, BRADLEY D & AMBER L",RUFF BRADLEY D AND AMBER L,0.289,1,Yellowstone,2362 CRIMSON LN BILLINGS MT 59106-4713,broad_owner_fragment:AMB,"Keyword/fragment, identity-field, or proximity-only discovery signal.",Rejected / unrelated,rejected,No authoritative current relationship to Arthur Blank / AMB West; excluded.
VANOVERBECK AMBER ETAL,VANOVERBECK AMBER ETAL,0.289,1,Chouteau,PO BOX 1266 FORT BENTON MT 59442-1266,broad_owner_fragment:AMB,"Keyword/fragment, identity-field, or proximity-only discovery signal.",Rejected / unrelated,rejected,No authoritative current relationship to Arthur Blank / AMB West; excluded.
HERNANDEZ ALYSHA AMBER,HERNANDEZ ALYSHA AMBER,0.288,1,Cascade,279 WASHINGTON BLVD GREAT FALLS MT 59404-6211,broad_owner_fragment:AMB,"Keyword/fragment, identity-field, or proximity-only discovery signal.",Rejected / unrelated,rejected,No authoritative current relationship to Arthur Blank / AMB West; excluded.
CLOSE AMBER L  ET AL,CLOSE AMBER L ET AL,0.287,1,Fergus,114 E LAKE AVE LEWISTOWN MT 59457-1923,broad_owner_fragment:AMB,"Keyword/fragment, identity-field, or proximity-only discovery signal.",Rejected / unrelated,rejected,No authoritative current relationship to Arthur Blank / AMB West; excluded.
COLUMBIA FALLS VOLUNTEER AMBULANCE ASSOC,COLUMBIA FALLS VOLUNTEER AMBULANCE ASSOC,0.287,1,Flathead,PO BOX 1411 COLUMBIA FLS MT 59912-1411,broad_owner_fragment:AMB,"Keyword/fragment, identity-field, or proximity-only discovery signal.",Rejected / unrelated,rejected,No authoritative current relationship to Arthur Blank / AMB West; excluded.
GLENDIVE AREA CHAMBER OF COMMERCE & AGRICULTURE INC,GLENDIVE AREA CHAMBER OF COMMERCE AND AGRICULTURE INC,0.287,1,Dawson,808 N MERRILL AVE GLENDIVE MT 59330-1835,broad_owner_fragment:AMB,"Keyword/fragment, identity-field, or proximity-only discovery signal.",Rejected / unrelated,rejected,No authoritative current relationship to Arthur Blank / AMB West; excluded.
HAMBLEY ROBERT W,HAMBLEY ROBERT W,0.287,1,Toole,825 6TH ST S SHELBY MT 59474-2413,broad_owner_fragment:AMB,"Keyword/fragment, identity-field, or proximity-only discovery signal.",Rejected / unrelated,rejected,No authoritative current relationship to Arthur Blank / AMB West; excluded.
MGB WEST LLC,MGB WEST LLC,0.287,1,Cascade,8218 SE 36TH ST MERCER ISLAND WA 98040-3031,fuzzy_name:AMB WEST LLC:0.917,Fuzzy name similarity only.,Rejected / unrelated,rejected,"Candidate discovery signal lacks address, geography and ownership corroboration."
"LAMBRECHT, JACOB & TERRIE",LAMBRECHT JACOB AND TERRIE,0.285,2,Yellowstone,403 GRANDVIEW BLVD LAUREL MT 59044-9616,broad_owner_fragment:AMB,"Keyword/fragment, identity-field, or proximity-only discovery signal.",Rejected / unrelated,rejected,No authoritative current relationship to Arthur Blank / AMB West; excluded.
"LAMBRECHT, GAIL A",LAMBRECHT GAIL A,0.285,2,Yellowstone,2519 HANCOCK DR BILLINGS MT 59102-1601,broad_owner_fragment:AMB,"Keyword/fragment, identity-field, or proximity-only discovery signal.",Rejected / unrelated,rejected,No authoritative current relationship to Arthur Blank / AMB West; excluded.
AMBLE J TERRY,AMBLE J TERRY,0.282,1,Missoula,145 CRESTVIEW LN MISSOULA MT 59803-1437,broad_owner_fragment:AMB,"Keyword/fragment, identity-field, or proximity-only discovery signal.",Rejected / unrelated,rejected,No authoritative current relationship to Arthur Blank / AMB West; excluded.
FRYDENLUND TRAVIS A & AMBER M,FRYDENLUND TRAVIS A AND AMBER M,0.281,1,Lewis and Clark,3736 YUHAS AVE HELENA MT 59602-7404,broad_owner_fragment:AMB,"Keyword/fragment, identity-field, or proximity-only discovery signal.",Rejected / unrelated,rejected,No authoritative current relationship to Arthur Blank / AMB West; excluded.
OLD CHAMBER DEVELOPMENT COMPANY LLC,OLD CHAMBER DEVELOPMENT COMPANY LLC,0.281,1,Yellowstone,2722 3RD AVE N STE 400 BILLINGS MT 59101-1931,broad_owner_fragment:AMB,"Keyword/fragment, identity-field, or proximity-only discovery signal.",Rejected / unrelated,rejected,No authoritative current relationship to Arthur Blank / AMB West; excluded.
RAMBUR FREDERICK S & LOTTY R,RAMBUR FREDERICK S AND LOTTY R,0.281,1,Prairie,PO BOX 646 TERRY MT 59349-0646,broad_owner_fragment:AMB,"Keyword/fragment, identity-field, or proximity-only discovery signal.",Rejected / unrelated,rejected,No authoritative current relationship to Arthur Blank / AMB West; excluded.
COLBY CHAD G & AMBER I,COLBY CHAD G AND AMBER I,0.28,1,Lewis and Clark,837 INSULATOR AVE HELENA MT 59602-7831,broad_owner_fragment:AMB,"Keyword/fragment, identity-field, or proximity-only discovery signal.",Rejected / unrelated,rejected,No authoritative current relationship to Arthur Blank / AMB West; excluded.
LAMB DANIEL J & JENNIFER M,LAMB DANIEL J AND JENNIFER M,0.28,1,Lewis and Clark,4810 INDEPENDENCE DR HELENA MT 59602-7326,broad_owner_fragment:AMB,"Keyword/fragment, identity-field, or proximity-only discovery signal.",Rejected / unrelated,rejected,No authoritative current relationship to Arthur Blank / AMB West; excluded.
TERRELL JEFFREY H & AMBER M,TERRELL JEFFREY H AND AMBER M,0.279,1,Flathead,42 WILLOW DR KALISPELL MT 59901-2834,broad_owner_fragment:AMB,"Keyword/fragment, identity-field, or proximity-only discovery signal.",Rejected / unrelated,rejected,No authoritative current relationship to Arthur Blank / AMB West; excluded.
KAMBEL DEBRA S,KAMBEL DEBRA S,0.276,1,Lincoln,PO BOX 539 LIBBY MT 59923-0539,broad_owner_fragment:AMB,"Keyword/fragment, identity-field, or proximity-only discovery signal.",Rejected / unrelated,rejected,No authoritative current relationship to Arthur Blank / AMB West; excluded.
"BERTRAND, CHRISTOPHER J & AMBER D",BERTRAND CHRISTOPHER J AND AMBER D,0.275,1,Yellowstone,5210 SACAGAWEA DR BILLINGS MT 59101-8912,broad_owner_fragment:AMB,"Keyword/fragment, identity-field, or proximity-only discovery signal.",Rejected / unrelated,rejected,No authoritative current relationship to Arthur Blank / AMB West; excluded.
JOHNSTON AMBER,JOHNSTON AMBER,0.275,1,Wheatland,PO BOX 710 HARLOWTON MT 59036-0710,broad_owner_fragment:AMB,"Keyword/fragment, identity-field, or proximity-only discovery signal.",Rejected / unrelated,rejected,No authoritative current relationship to Arthur Blank / AMB West; excluded.
LAMB KELLY,LAMB KELLY,0.275,2,Teton,319 2ND AVE NW CHOTEAU MT 59422,broad_owner_fragment:AMB,"Keyword/fragment, identity-field, or proximity-only discovery signal.",Rejected / unrelated,rejected,No authoritative current relationship to Arthur Blank / AMB West; excluded.
LAMBERT GEORGE SCOTT TRUSTEE,LAMBERT GEORGE SCOTT TRUSTEE,0.275,1,Madison,PO BOX 242 HARRISON MT 59735-0242,broad_owner_fragment:AMB,"Keyword/fragment, identity-field, or proximity-only discovery signal.",Rejected / unrelated,rejected,No authoritative current relationship to Arthur Blank / AMB West; excluded.
LAMBERTSON DAVID ALAN & BOBBI LYNN SCHMIT,LAMBERTSON DAVID ALAN AND BOBBI LYNN SCHMIT,0.275,1,Lewis and Clark,1623 CHESTNUT ST HELENA MT 59601-1113,broad_owner_fragment:AMB,"Keyword/fragment, identity-field, or proximity-only discovery signal.",Rejected / unrelated,rejected,No authoritative current relationship to Arthur Blank / AMB West; excluded.
PARAMBI VARGHESE ETAL,PARAMBI VARGHESE ETAL,0.275,1,Cascade,2725 HUCKLEBERRY DR GREAT FALLS MT 59404-3641,broad_owner_fragment:AMB,"Keyword/fragment, identity-field, or proximity-only discovery signal.",Rejected / unrelated,rejected,No authoritative current relationship to Arthur Blank / AMB West; excluded.
TAMBLYN COLLEEN A,TAMBLYN COLLEEN A,0.275,1,Lewis and Clark,C/O JEFF TAMBLYN 282 AMERICAN DR BUTTE MT 59701,broad_owner_fragment:AMB,"Keyword/fragment, identity-field, or proximity-only discovery signal.",Rejected / unrelated,rejected,No authoritative current relationship to Arthur Blank / AMB West; excluded.
WINK JARED & AMBER,WINK JARED AND AMBER,0.275,1,Lincoln,668 WILLOW GLEN DR KALISPELL MT 59901-5168,broad_owner_fragment:AMB,"Keyword/fragment, identity-field, or proximity-only discovery signal.",Rejected / unrelated,rejected,No authoritative current relationship to Arthur Blank / AMB West; excluded.
LAMB GEROME D,LAMB GEROME D,0.274,1,Phillips,PO BOX 1575 MALTA MT 59538-1575,broad_owner_fragment:AMB,"Keyword/fragment, identity-field, or proximity-only discovery signal.",Rejected / unrelated,rejected,No authoritative current relationship to Arthur Blank / AMB West; excluded.
CHAMBERS DAVID M &,CHAMBERS DAVID M AND,0.273,1,Gallatin,224 N CHURCH AVE BOZEMAN MT 59715-3706,broad_owner_fragment:AMB,"Keyword/fragment, identity-field, or proximity-only discovery signal.",Rejected / unrelated,rejected,No authoritative current relationship to Arthur Blank / AMB West; excluded.
LAMB CORY & ANGELA,LAMB CORY AND ANGELA,0.273,1,Toole,625 BEECH AVE SHELBY MT 59474-2506,broad_owner_fragment:AMB,"Keyword/fragment, identity-field, or proximity-only discovery signal.",Rejected / unrelated,rejected,No authoritative current relationship to Arthur Blank / AMB West; excluded.
"MCDERMOTT, JARED R & AMBER N",MCDERMOTT JARED R AND AMBER N,0.273,1,Yellowstone,2130 NORTH PL BILLINGS MT 59102-2519,broad_owner_fragment:AMB,"Keyword/fragment, identity-field, or proximity-only discovery signal.",Rejected / unrelated,rejected,No authoritative current relationship to Arthur Blank / AMB West; excluded.
"DUNCAN, ANTHONY S & AMBER K",DUNCAN ANTHONY S AND AMBER K,0.272,1,Yellowstone,4110 IRON HORSE TRL BILLINGS MT 59106-9645,broad_owner_fragment:AMB,"Keyword/fragment, identity-field, or proximity-only discovery signal.",Rejected / unrelated,rejected,No authoritative current relationship to Arthur Blank / AMB West; excluded.
"MIMS, DOMENIQUE R.C.",MIMS DOMENIQUE R C,0.272,2,Yellowstone,208 MONROE ST BILLINGS MT 59101-5347,broad_owner_fragment:DOME,"Keyword/fragment, identity-field, or proximity-only discovery signal.",Rejected / unrelated,rejected,No authoritative current relationship to Arthur Blank / AMB West; excluded.
MONFORT SCOTT & CAMBRIE,MONFORT SCOTT AND CAMBRIE,0.272,2,Gallatin,5378 DEBOUR LN BOZEMAN MT 59718-5555 | 703 COTTONWOOD RD BOZEMAN MT 59718-6366,broad_owner_fragment:AMB,"Keyword/fragment, identity-field, or proximity-only discovery signal.",Rejected / unrelated,rejected,No authoritative current relationship to Arthur Blank / AMB West; excluded.
LAMB LAWRENCE C,LAMB LAWRENCE C,0.271,1,Flathead,PO BOX 1444 MARION MT 59925-1444,broad_owner_fragment:AMB,"Keyword/fragment, identity-field, or proximity-only discovery signal.",Rejected / unrelated,rejected,No authoritative current relationship to Arthur Blank / AMB West; excluded.
LAMB LEE,LAMB LEE,0.271,1,Missoula,112 MEADOWLARK CT MISSOULA MT 59803-2626,broad_owner_fragment:AMB,"Keyword/fragment, identity-field, or proximity-only discovery signal.",Rejected / unrelated,rejected,No authoritative current relationship to Arthur Blank / AMB West; excluded.
D'AMBROSIO SUSAN,D AMBROSIO SUSAN,0.27,1,Ravalli,103 KAREN CT DARBY MT 59829-9403,broad_owner_fragment:AMB,"Keyword/fragment, identity-field, or proximity-only discovery signal.",Rejected / unrelated,rejected,No authoritative current relationship to Arthur Blank / AMB West; excluded.
"DURGAN, LANCE T & AMBER",DURGAN LANCE T AND AMBER,0.27,1,Yellowstone,2647 COLTON BLVD BILLINGS MT 59102-2161,broad_owner_fragment:AMB,"Keyword/fragment, identity-field, or proximity-only discovery signal.",Rejected / unrelated,rejected,No authoritative current relationship to Arthur Blank / AMB West; excluded.
GREEN AMBER,GREEN AMBER,0.27,1,Sanders,890 HURON CT SE SALEM OR 97302-1714,broad_owner_fragment:AMB,"Keyword/fragment, identity-field, or proximity-only discovery signal.",Rejected / unrelated,rejected,No authoritative current relationship to Arthur Blank / AMB West; excluded.
"MILLER, GREGORY Z & TAMBRA J",MILLER GREGORY Z AND TAMBRA J,0.27,2,Yellowstone,5646 PHANTOM CREEK AVE BILLINGS MT 59106-2012 | PO BOX 80443 BILLINGS MT 59108-0443,broad_owner_fragment:AMB,"Keyword/fragment, identity-field, or proximity-only discovery signal.",Rejected / unrelated,rejected,No authoritative current relationship to Arthur Blank / AMB West; excluded.
"ARCHAMBEAULT, DIANA S TRUSTEE",ARCHAMBEAULT DIANA S TRUSTEE,0.269,1,Yellowstone,2519 ASPEN CREEK TRL BILLINGS MT 59106-1630,broad_owner_fragment:AMB,"Keyword/fragment, identity-field, or proximity-only discovery signal.",Rejected / unrelated,rejected,No authoritative current relationship to Arthur Blank / AMB West; excluded.
JAMBA THEODORE F III & CLAUDINE M,JAMBA THEODORE F III AND CLAUDINE M,0.269,1,Valley,601 2ND AVE N GLASGOW MT 59230-1816,broad_owner_fragment:AMB,"Keyword/fragment, identity-field, or proximity-only discovery signal.",Rejected / unrelated,rejected,No authoritative current relationship to Arthur Blank / AMB West; excluded.
JOHNSON AMBER & ADAM,JOHNSON AMBER AND ADAM,0.269,1,Valley,611 4TH AVE N GLASGOW MT 59230-1729,broad_owner_fragment:AMB,"Keyword/fragment, identity-field, or proximity-only discovery signal.",Rejected / unrelated,rejected,No authoritative current relationship to Arthur Blank / AMB West; excluded.
LAMB JOHN ROSS,LAMB JOHN ROSS,0.269,1,Valley,404 6TH ST N BLDG B GLASGOW MT 59230-1737,broad_owner_fragment:AMB,"Keyword/fragment, identity-field, or proximity-only discovery signal.",Rejected / unrelated,rejected,No authoritative current relationship to Arthur Blank / AMB West; excluded.
LAMBERT PROPERTIES LLC,LAMBERT PROPERTIES LLC,0.269,1,Missoula,4965 JAIDEN LN MISSOULA MT 59803-2778,broad_owner_fragment:AMB,"Keyword/fragment, identity-field, or proximity-only discovery signal.",Rejected / unrelated,rejected,No authoritative current relationship to Arthur Blank / AMB West; excluded.
LLEWELLYN JESSE & AMBER DAWN,LLEWELLYN JESSE AND AMBER DAWN,0.269,1,Valley,530 5TH AVE N GLASGOW MT 59230-1713,broad_owner_fragment:AMB,"Keyword/fragment, identity-field, or proximity-only discovery signal.",Rejected / unrelated,rejected,No authoritative current relationship to Arthur Blank / AMB West; excluded.
"WILSON, RICHARD E & AMBER L",WILSON RICHARD E AND AMBER L,0.268,1,Yellowstone,527 S LAKEVIEW DR BILLINGS MT 59105-3925,broad_owner_fragment:AMB,"Keyword/fragment, identity-field, or proximity-only discovery signal.",Rejected / unrelated,rejected,No authoritative current relationship to Arthur Blank / AMB West; excluded.
IC CATHOLIC HAMBURGER COMPANY,IC CATHOLIC HAMBURGER COMPANY,0.267,3,Roosevelt,PO BOX 212 FORT PECK MT 59223-0212,broad_owner_fragment:AMB,"Keyword/fragment, identity-field, or proximity-only discovery signal.",Rejected / unrelated,rejected,No authoritative current relationship to Arthur Blank / AMB West; excluded.
"CHAMBERLAIN, JEFFREY J & JANELLE N",CHAMBERLAIN JEFFREY J AND JANELLE N,0.264,1,Yellowstone,307 9TH AVE NW SIDNEY MT 59270-3757,broad_owner_fragment:AMB,"Keyword/fragment, identity-field, or proximity-only discovery signal.",Rejected / unrelated,rejected,No authoritative current relationship to Arthur Blank / AMB West; excluded.
"D'AMBROSIA, SCOTT",D AMBROSIA SCOTT,0.264,1,Yellowstone,3115 PLACER DR BILLINGS MT 59102-0842,broad_owner_fragment:AMB,"Keyword/fragment, identity-field, or proximity-only discovery signal.",Rejected / unrelated,rejected,No authoritative current relationship to Arthur Blank / AMB West; excluded.
PARADISE POST 129 AMERICAN LEGION,PARADISE POST 129 AMERICAN LEGION,0.264,2,Sanders,PO BOX 14 PARADISE MT 59856-0014,broad_owner_fragment:PARADISE,"Keyword/fragment, identity-field, or proximity-only discovery signal.",Rejected / unrelated,rejected,No authoritative current relationship to Arthur Blank / AMB West; excluded.
GAMBLE RICHARD & JACQUELINE,GAMBLE RICHARD AND JACQUELINE,0.263,1,Gallatin,7505 CEDAR ELM DR IRVING TX 75063-8421,broad_owner_fragment:AMB,"Keyword/fragment, identity-field, or proximity-only discovery signal.",Rejected / unrelated,rejected,No authoritative current relationship to Arthur Blank / AMB West; excluded.
"HAMBLEN, JUSTIN",HAMBLEN JUSTIN,0.263,1,Yellowstone,5242 SACAGAWEA DR BILLINGS MT 59101-8912,broad_owner_fragment:AMB,"Keyword/fragment, identity-field, or proximity-only discovery signal.",Rejected / unrelated,rejected,No authoritative current relationship to Arthur Blank / AMB West; excluded.
EDWARDS AMBER,EDWARDS AMBER,0.262,1,Missoula,1831 MCDONALD AVE MISSOULA MT 59801-8403,broad_owner_fragment:AMB,"Keyword/fragment, identity-field, or proximity-only discovery signal.",Rejected / unrelated,rejected,No authoritative current relationship to Arthur Blank / AMB West; excluded.
LAMBERT TERRY W,LAMBERT TERRY W,0.262,2,Granite,PO BOX 594 PHILIPSBURG MT 59858-0594,broad_owner_fragment:AMB,"Keyword/fragment, identity-field, or proximity-only discovery signal.",Rejected / unrelated,rejected,No authoritative current relationship to Arthur Blank / AMB West; excluded.
LAMBRECHT DAVID C & DEBRA L,LAMBRECHT DAVID C AND DEBRA L,0.262,1,Silver Bow,2815 HANNIBAL ST BUTTE MT 59701-4021,broad_owner_fragment:AMB,"Keyword/fragment, identity-field, or proximity-only discovery signal.",Rejected / unrelated,rejected,No authoritative current relationship to Arthur Blank / AMB West; excluded.
GUCKENBERG MATTHEW S & AMBER J,GUCKENBERG MATTHEW S AND AMBER J,0.261,1,Flathead,1525 6TH AVE W KALISPELL MT 59901-5533,broad_owner_fragment:AMB,"Keyword/fragment, identity-field, or proximity-only discovery signal.",Rejected / unrelated,rejected,No authoritative current relationship to Arthur Blank / AMB West; excluded.
LAMBRECHT TOWNHOMES,LAMBRECHT TOWNHOMES,0.261,1,Yellowstone,1112 AVENUE F BILLINGS MT 59102-3212,broad_owner_fragment:AMB,"Keyword/fragment, identity-field, or proximity-only discovery signal.",Rejected / unrelated,rejected,No authoritative current relationship to Arthur Blank / AMB West; excluded.
LAMB GERALD L,LAMB GERALD L,0.26,1,Toole,1193 OILMONT RD S OILMONT MT 59466-9733,broad_owner_fragment:AMB,"Keyword/fragment, identity-field, or proximity-only discovery signal.",Rejected / unrelated,rejected,No authoritative current relationship to Arthur Blank / AMB West; excluded.
"LAMB, JOHN K II &",LAMB JOHN K II AND,0.26,1,Yellowstone,3865 FAIRMEADOW DR BILLINGS MT 59102-7523,broad_owner_fragment:AMB,"Keyword/fragment, identity-field, or proximity-only discovery signal.",Rejected / unrelated,rejected,No authoritative current relationship to Arthur Blank / AMB West; excluded.
"BLANKENSHIP, THOMAS J & JANET",BLANKENSHIP THOMAS J AND JANET,0.259,1,Yellowstone,2621 DOWNER LN BILLINGS MT 59102-1518,broad_owner_fragment:BLANK,"Keyword/fragment, identity-field, or proximity-only discovery signal.",Rejected / unrelated,rejected,No authoritative current relationship to Arthur Blank / AMB West; excluded.
ERICKSON CHAD A & AMBER,ERICKSON CHAD A AND AMBER,0.259,1,Cascade,221 40TH AVE NE GREAT FALLS MT 59404-4267,broad_owner_fragment:AMB,"Keyword/fragment, identity-field, or proximity-only discovery signal.",Rejected / unrelated,rejected,No authoritative current relationship to Arthur Blank / AMB West; excluded.
POWER TREVOR & AMBERLI,POWER TREVOR AND AMBERLI,0.259,2,Custer,21 REMOUNT RD MILES CITY MT 59301-4146,broad_owner_fragment:AMB,"Keyword/fragment, identity-field, or proximity-only discovery signal.",Rejected / unrelated,rejected,No authoritative current relationship to Arthur Blank / AMB West; excluded.
WAMBACH STEPHEN TODD & FE PANAMOGAN,WAMBACH STEPHEN TODD AND FE PANAMOGAN,0.259,1,Wheatland,PO BOX 519 HARLOWTON MT 59036-0519,broad_owner_fragment:AMB,"Keyword/fragment, identity-field, or proximity-only discovery signal.",Rejected / unrelated,rejected,No authoritative current relationship to Arthur Blank / AMB West; excluded.
BLANK JASON & LISA,BLANK JASON AND LISA,0.258,1,Gallatin,302 BRIDGER VIEW DR BELGRADE MT 59714-3809,broad_owner_fragment:BLANK,"Keyword/fragment, identity-field, or proximity-only discovery signal.",Rejected / unrelated,rejected,No authoritative current relationship to Arthur Blank / AMB West; excluded.
CHAMBERS ROGER & PATRICIA ETAL,CHAMBERS ROGER AND PATRICIA ETAL,0.258,1,Cascade,1438 CLEVELAND DR GREAT FALLS MT 59404-6226,broad_owner_fragment:AMB,"Keyword/fragment, identity-field, or proximity-only discovery signal.",Rejected / unrelated,rejected,No authoritative current relationship to Arthur Blank / AMB West; excluded.
GAMBLE GENE & CAROL,GAMBLE GENE AND CAROL,0.258,1,Treasure,PO BOX 486 HYSHAM MT 59038-0486,broad_owner_fragment:AMB,"Keyword/fragment, identity-field, or proximity-only discovery signal.",Rejected / unrelated,rejected,No authoritative current relationship to Arthur Blank / AMB West; excluded.
HAMBLEY PHILIP R & CAROL I,HAMBLEY PHILIP R AND CAROL I,0.258,1,Flathead,89 RIVERVIEW CLOSE SE CALGARY AB,broad_owner_fragment:AMB,"Keyword/fragment, identity-field, or proximity-only discovery signal.",Rejected / unrelated,rejected,No authoritative current relationship to Arthur Blank / AMB West; excluded.
LABELLE GREGORY L & AMBER,LABELLE GREGORY L AND AMBER,0.258,1,Wibaux,417 2ND AVE SW WIBAUX MT 59353-9049,broad_owner_fragment:AMB,"Keyword/fragment, identity-field, or proximity-only discovery signal.",Rejected / unrelated,rejected,No authoritative current relationship to Arthur Blank / AMB West; excluded.
"LOWE, STEVEN M & AMBER M",LOWE STEVEN M AND AMBER M,0.258,1,Yellowstone,3127 SNOWCREST DR BILLINGS MT 59102-0344,broad_owner_fragment:AMB,"Keyword/fragment, identity-field, or proximity-only discovery signal.",Rejected / unrelated,rejected,No authoritative current relationship to Arthur Blank / AMB West; excluded.
MCPHERSON SHANE M & AMBER,MCPHERSON SHANE M AND AMBER,0.258,1,Dawson,132 GLENWOOD AVE GLENDIVE MT 59330-2810,broad_owner_fragment:AMB,"Keyword/fragment, identity-field, or proximity-only discovery signal.",Rejected / unrelated,rejected,No authoritative current relationship to Arthur Blank / AMB West; excluded.
PEMBLINGTON CHRIS & AMBER,PEMBLINGTON CHRIS AND AMBER,0.258,1,Wibaux,614 1ST AVE SW WIBAUX MT 59353-9050,broad_owner_fragment:AMB,"Keyword/fragment, identity-field, or proximity-only discovery signal.",Rejected / unrelated,rejected,No authoritative current relationship to Arthur Blank / AMB West; excluded.
POLSON AMBULANCE INC,POLSON AMBULANCE INC,0.258,1,Lake,PO BOX 838 POLSON MT 59860-0838,broad_owner_fragment:AMB,"Keyword/fragment, identity-field, or proximity-only discovery signal.",Rejected / unrelated,rejected,No authoritative current relationship to Arthur Blank / AMB West; excluded.
"STAMBAUGH, ERNEST C & REBECCA",STAMBAUGH ERNEST C AND REBECCA,0.258,1,Yellowstone,2930 ARNOLD PALMER DR BILLINGS MT 59106-1231,broad_owner_fragment:AMB,"Keyword/fragment, identity-field, or proximity-only discovery signal.",Rejected / unrelated,rejected,No authoritative current relationship to Arthur Blank / AMB West; excluded.
TRAXINGER AARON & AMBER,TRAXINGER AARON AND AMBER,0.258,1,Gallatin,1070 SAXON WAY BOZEMAN MT 59718-6671,broad_owner_fragment:AMB,"Keyword/fragment, identity-field, or proximity-only discovery signal.",Rejected / unrelated,rejected,No authoritative current relationship to Arthur Blank / AMB West; excluded.
CHAMBERLAIN VAUGHN K & CLARA &,CHAMBERLAIN VAUGHN K AND CLARA AND,0.257,1,Wheatland,PO BOX 674 HARLOWTON MT 59036-0674,broad_owner_fragment:AMB,"Keyword/fragment, identity-field, or proximity-only discovery signal.",Rejected / unrelated,rejected,No authoritative current relationship to Arthur Blank / AMB West; excluded.
CHAMBERS FLINT L,CHAMBERS FLINT L,0.257,1,Broadwater,10626 COTTONWOOD RD BOZEMAN MT 59718-8936,broad_owner_fragment:AMB,"Keyword/fragment, identity-field, or proximity-only discovery signal.",Rejected / unrelated,rejected,No authoritative current relationship to Arthur Blank / AMB West; excluded.
FIVE CHAMBS LLC,FIVE CHAMBS LLC,0.257,1,Stillwater,PO BOX 69 COLUMBUS MT 59019-0069,broad_owner_fragment:AMB,"Keyword/fragment, identity-field, or proximity-only discovery signal.",Rejected / unrelated,rejected,No authoritative current relationship to Arthur Blank / AMB West; excluded.
LAMBERT CECILIA,LAMBERT CECILIA,0.257,1,Roosevelt,1000 6TH AVE N WOLF POINT MT 59201-1828,broad_owner_fragment:AMB,"Keyword/fragment, identity-field, or proximity-only discovery signal.",Rejected / unrelated,rejected,No authoritative current relationship to Arthur Blank / AMB West; excluded.
LAMBETH WILLIE D & PHYLLIS F,LAMBETH WILLIE D AND PHYLLIS F,0.257,1,Ravalli,3 CREWS RD SALMON ID 83467-5077,broad_owner_fragment:AMB,"Keyword/fragment, identity-field, or proximity-only discovery signal.",Rejected / unrelated,rejected,No authoritative current relationship to Arthur Blank / AMB West; excluded.
MOONEY JOSIAH & AMBER,MOONEY JOSIAH AND AMBER,0.257,1,Flathead,175 HUTTON RANCH RD STE 103 KALISPELL MT 59901-2142,broad_owner_fragment:AMB,"Keyword/fragment, identity-field, or proximity-only discovery signal.",Rejected / unrelated,rejected,No authoritative current relationship to Arthur Blank / AMB West; excluded.
NAULT AMBER M,NAULT AMBER M,0.257,1,Chouteau,140 4TH AVE BIG SANDY MT 59520-8412,broad_owner_fragment:AMB,"Keyword/fragment, identity-field, or proximity-only discovery signal.",Rejected / unrelated,rejected,No authoritative current relationship to Arthur Blank / AMB West; excluded.
CHAMBERLAIN HELEN,CHAMBERLAIN HELEN,0.255,1,Powell,709 W COLLEGE AVE DEER LODGE MT 59722-1335,broad_owner_fragment:AMB,"Keyword/fragment, identity-field, or proximity-only discovery signal.",Rejected / unrelated,rejected,No authoritative current relationship to Arthur Blank / AMB West; excluded.
RAMERT AMBER M,RAMERT AMBER M,0.255,1,Missoula,4154 CHRISTIAN DR MISSOULA MT 59803-3588,broad_owner_fragment:AMB,"Keyword/fragment, identity-field, or proximity-only discovery signal.",Rejected / unrelated,rejected,No authoritative current relationship to Arthur Blank / AMB West; excluded.
ARCHAMBAULT SAMUEL L,ARCHAMBAULT SAMUEL L,0.254,1,Yellowstone,3221 TURNBERRY CIR BILLINGS MT 59101-9477,broad_owner_fragment:AMB,"Keyword/fragment, identity-field, or proximity-only discovery signal.",Rejected / unrelated,rejected,No authoritative current relationship to Arthur Blank / AMB West; excluded.
CAMBRA DAVID,CAMBRA DAVID,0.254,1,Missoula,9080 SHARPTAIL DR MISSOULA MT 59808-1045,broad_owner_fragment:AMB,"Keyword/fragment, identity-field, or proximity-only discovery signal.",Rejected / unrelated,rejected,No authoritative current relationship to Arthur Blank / AMB West; excluded.
BAMBENEK SCOTT & ANNIE,BAMBENEK SCOTT AND ANNIE,0.253,1,Cascade,209 41ST AVE NE GREAT FALLS MT 59404-6809,broad_owner_fragment:AMB,"Keyword/fragment, identity-field, or proximity-only discovery signal.",Rejected / unrelated,rejected,No authoritative current relationship to Arthur Blank / AMB West; excluded.
CARVER MEL L & AMBER,CARVER MEL L AND AMBER,0.253,1,Cascade,1812 WHISPERING RIDGE DR GREAT FALLS MT 59405-7809,broad_owner_fragment:AMB,"Keyword/fragment, identity-field, or proximity-only discovery signal.",Rejected / unrelated,rejected,No authoritative current relationship to Arthur Blank / AMB West; excluded.
"GAMBA, RICHARD J JR",GAMBA RICHARD J JR,0.253,1,Yellowstone,375 TABRIZ DR BILLINGS MT 59105-2874,broad_owner_fragment:AMB,"Keyword/fragment, identity-field, or proximity-only discovery signal.",Rejected / unrelated,rejected,No authoritative current relationship to Arthur Blank / AMB West; excluded.
KENNER MATTHEW & AMBER,KENNER MATTHEW AND AMBER,0.253,1,Cascade,201 41ST AVE NE GREAT FALLS MT 59404-6809,broad_owner_fragment:AMB,"Keyword/fragment, identity-field, or proximity-only discovery signal.",Rejected / unrelated,rejected,No authoritative current relationship to Arthur Blank / AMB West; excluded.
"LAMB, RANDEL SPENCER",LAMB RANDEL SPENCER,0.253,1,Yellowstone,816 WESTGATE DR BILLINGS MT 59101-7023,broad_owner_fragment:AMB,"Keyword/fragment, identity-field, or proximity-only discovery signal.",Rejected / unrelated,rejected,No authoritative current relationship to Arthur Blank / AMB West; excluded.
ROCHE AMBER E,ROCHE AMBER E,0.253,1,Gallatin,3748 BUNGALOW LN BOZEMAN MT 59715-0699,broad_owner_fragment:AMB,"Keyword/fragment, identity-field, or proximity-only discovery signal.",Rejected / unrelated,rejected,No authoritative current relationship to Arthur Blank / AMB West; excluded.
CHILES GREGORY & AMBER,CHILES GREGORY AND AMBER,0.252,1,Lewis and Clark,703 E GROSCHELL ST EAST HELENA MT 59635-8902,broad_owner_fragment:AMB,"Keyword/fragment, identity-field, or proximity-only discovery signal.",Rejected / unrelated,rejected,No authoritative current relationship to Arthur Blank / AMB West; excluded.
THUNDERDOME LAND INC,THUNDERDOME LAND INC,0.252,1,Missoula,PO BOX 85 LOLO MT 59847-0085,broad_owner_fragment:DOME,"Keyword/fragment, identity-field, or proximity-only discovery signal.",Rejected / unrelated,rejected,No authoritative current relationship to Arthur Blank / AMB West; excluded.
CHAMBERS ROGER & JULIE,CHAMBERS ROGER AND JULIE,0.251,1,Roosevelt,PO BOX 774 CULBERTSON MT 59218-0774,broad_owner_fragment:AMB,"Keyword/fragment, identity-field, or proximity-only discovery signal.",Rejected / unrelated,rejected,No authoritative current relationship to Arthur Blank / AMB West; excluded.
LAMBETH KENNETH RODNEY & VIVIAN L,LAMBETH KENNETH RODNEY AND VIVIAN L,0.251,2,Lake,31201 WALKING HORSE LN BIG ARM MT 59910,broad_owner_fragment:AMB,"Keyword/fragment, identity-field, or proximity-only discovery signal.",Rejected / unrelated,rejected,No authoritative current relationship to Arthur Blank / AMB West; excluded.
GERBER BRADLEY C & AMBER D,GERBER BRADLEY C AND AMBER D,0.25,1,Cascade,209 37TH AVE NW GREAT FALLS MT 59404-6814,broad_owner_fragment:AMB,"Keyword/fragment, identity-field, or proximity-only discovery signal.",Rejected / unrelated,rejected,No authoritative current relationship to Arthur Blank / AMB West; excluded.
HAMBY SURVIVORS MARITAL TRUST DAVE M,HAMBY SURVIVORS MARITAL TRUST DAVE M,0.25,1,Flathead,18514 NE 65TH ST VANCOUVER WA 98682-9086,broad_owner_fragment:AMB,"Keyword/fragment, identity-field, or proximity-only discovery signal.",Rejected / unrelated,rejected,No authoritative current relationship to Arthur Blank / AMB West; excluded.
RAILE ERIC & AMBER,RAILE ERIC AND AMBER,0.25,1,Gallatin,240 PATTEE TRL BOZEMAN MT 59718-9298,broad_owner_fragment:AMB,"Keyword/fragment, identity-field, or proximity-only discovery signal.",Rejected / unrelated,rejected,No authoritative current relationship to Arthur Blank / AMB West; excluded.
RAMBO MICHELLE E,RAMBO MICHELLE E,0.249,1,Missoula,6 ROSEBUD LN MISSOULA MT 59801-8414,broad_owner_fragment:AMB,"Keyword/fragment, identity-field, or proximity-only discovery signal.",Rejected / unrelated,rejected,No authoritative current relationship to Arthur Blank / AMB West; excluded.
"DELEON, DAIMON V & AMBER J",DELEON DAIMON V AND AMBER J,0.248,1,Yellowstone,3015 WESTERN BLUFFS BLVD BILLINGS MT 59106-2209,broad_owner_fragment:AMB,"Keyword/fragment, identity-field, or proximity-only discovery signal.",Rejected / unrelated,rejected,No authoritative current relationship to Arthur Blank / AMB West; excluded.
HAMMOND AMBERLEIGH LESLIE,HAMMOND AMBERLEIGH LESLIE,0.248,1,Missoula,235 1/2 STRAND AVE MISSOULA MT 59801-5716,broad_owner_fragment:AMB,"Keyword/fragment, identity-field, or proximity-only discovery signal.",Rejected / unrelated,rejected,No authoritative current relationship to Arthur Blank / AMB West; excluded.
RICHLAND COUNTY COALITION AGAINST DOMESTIC VIOLENCE INC,RICHLAND COUNTY COALITION AGAINST DOMESTIC VIOLENCE INC,0.248,1,Richland,PO BOX 822 SIDNEY MT 59270-0822,broad_owner_fragment:DOME,"Keyword/fragment, identity-field, or proximity-only discovery signal.",Rejected / unrelated,rejected,No authoritative current relationship to Arthur Blank / AMB West; excluded.
SHERRILL AMBER R,SHERRILL AMBER R,0.248,1,Missoula,530 E CENTRAL AVE MISSOULA MT 59801-7023,broad_owner_fragment:AMB,"Keyword/fragment, identity-field, or proximity-only discovery signal.",Rejected / unrelated,rejected,No authoritative current relationship to Arthur Blank / AMB West; excluded.
TAMBLYN JOSHUA & BOBBI,TAMBLYN JOSHUA AND BOBBI,0.248,1,Yellowstone,2021 GAYLE DR BILLINGS MT 59105-3888,broad_owner_fragment:AMB,"Keyword/fragment, identity-field, or proximity-only discovery signal.",Rejected / unrelated,rejected,No authoritative current relationship to Arthur Blank / AMB West; excluded.
CLARKE RANDALL C & AMBER M,CLARKE RANDALL C AND AMBER M,0.247,1,Gallatin,2311 STUNELLA LANE BELGRADE MT 59714,broad_owner_fragment:AMB,"Keyword/fragment, identity-field, or proximity-only discovery signal.",Rejected / unrelated,rejected,No authoritative current relationship to Arthur Blank / AMB West; excluded.
"LAMBRECHT, DONA",LAMBRECHT DONA,0.247,1,Yellowstone,2335 COHAGEN DR BILLINGS MT 59102-2853,broad_owner_fragment:AMB,"Keyword/fragment, identity-field, or proximity-only discovery signal.",Rejected / unrelated,rejected,No authoritative current relationship to Arthur Blank / AMB West; excluded.
MCCAMBRIDGE CHAD & JILLIAN,MCCAMBRIDGE CHAD AND JILLIAN,0.247,1,Cascade,204 38TH AVE NE GREAT FALLS MT 59404-4236,broad_owner_fragment:AMB,"Keyword/fragment, identity-field, or proximity-only discovery signal.",Rejected / unrelated,rejected,No authoritative current relationship to Arthur Blank / AMB West; excluded.
TRENKA JAMES M & AMBY V,TRENKA JAMES M AND AMBY V,0.247,1,Custer,2317 BRIDGE ST MILES CITY MT 59301-3806,broad_owner_fragment:AMB,"Keyword/fragment, identity-field, or proximity-only discovery signal.",Rejected / unrelated,rejected,No authoritative current relationship to Arthur Blank / AMB West; excluded.
LAMBERT DALE L & SANDRA J ET AL,LAMBERT DALE L AND SANDRA J ET AL,0.246,1,Cascade,112 37TH AVE NE GREAT FALLS MT 59404-4714,broad_owner_fragment:AMB,"Keyword/fragment, identity-field, or proximity-only discovery signal.",Rejected / unrelated,rejected,No authoritative current relationship to Arthur Blank / AMB West; excluded.
MISSOULA CHAMBER OF COMMERCE,MISSOULA CHAMBER OF COMMERCE,0.246,1,Missoula,PO BOX 7577 MISSOULA MT 59807-7577,broad_owner_fragment:AMB,"Keyword/fragment, identity-field, or proximity-only discovery signal.",Rejected / unrelated,rejected,No authoritative current relationship to Arthur Blank / AMB West; excluded.
AMBER RIDGE HOMEOWNERS ASSOC,AMBER RIDGE HOMEOWNERS ASSOC,0.245,1,Missoula,MAIL TO PETERSON DONALD 3070 S 7TH ST W MISSOULA MT 59804-2020,broad_owner_fragment:AMB,"Keyword/fragment, identity-field, or proximity-only discovery signal.",Rejected / unrelated,rejected,No authoritative current relationship to Arthur Blank / AMB West; excluded.
"BLACKBURN, JAKE & AMBER VIRGINIA",BLACKBURN JAKE AND AMBER VIRGINIA,0.245,1,Yellowstone,1310 HARDROCK LN BILLINGS MT 59105-1602,broad_owner_fragment:AMB,"Keyword/fragment, identity-field, or proximity-only discovery signal.",Rejected / unrelated,rejected,No authoritative current relationship to Arthur Blank / AMB West; excluded.
BOYER MARCUS ROBERT STEVEN & AMBER NICOLE,BOYER MARCUS ROBERT STEVEN AND AMBER NICOLE,0.244,1,Carbon,517 CARBON AVE FROMBERG MT 59029-7719,broad_owner_fragment:AMB,"Keyword/fragment, identity-field, or proximity-only discovery signal.",Rejected / unrelated,rejected,No authoritative current relationship to Arthur Blank / AMB West; excluded.
HARRNESS AMBER,HARRNESS AMBER,0.244,1,Lake,1301 7TH ST E POLSON MT 59860-4240,broad_owner_fragment:AMB,"Keyword/fragment, identity-field, or proximity-only discovery signal.",Rejected / unrelated,rejected,No authoritative current relationship to Arthur Blank / AMB West; excluded.
LAMB FAMILY LLC,LAMB FAMILY LLC,0.244,1,Lewis and Clark,870 RHODE ISLAND ST HELENA MT 59601-5312,broad_owner_fragment:AMB,"Keyword/fragment, identity-field, or proximity-only discovery signal.",Rejected / unrelated,rejected,No authoritative current relationship to Arthur Blank / AMB West; excluded.
"LAMBRECHT, JARED D",LAMBRECHT JARED D,0.244,1,Yellowstone,1326 BABCOCK CIR BILLINGS MT 59105-1616,broad_owner_fragment:AMB,"Keyword/fragment, identity-field, or proximity-only discovery signal.",Rejected / unrelated,rejected,No authoritative current relationship to Arthur Blank / AMB West; excluded.
FINNEMAN KATIE AMBER,FINNEMAN KATIE AMBER,0.243,1,Missoula,2213 42ND ST MISSOULA MT 59803-1120,broad_owner_fragment:AMB,"Keyword/fragment, identity-field, or proximity-only discovery signal.",Rejected / unrelated,rejected,No authoritative current relationship to Arthur Blank / AMB West; excluded.
"SMITH, AMBER L & MONTY N",SMITH AMBER L AND MONTY N,0.243,1,Yellowstone,1243 GALWAY DR BILLINGS MT 59105-2605,broad_owner_fragment:AMB,"Keyword/fragment, identity-field, or proximity-only discovery signal.",Rejected / unrelated,rejected,No authoritative current relationship to Arthur Blank / AMB West; excluded.
"GRABOW, LUCAS LEE & AMBER DAWN",GRABOW LUCAS LEE AND AMBER DAWN,0.242,1,Yellowstone,605 FAIRVIEW LN LAUREL MT 59044-9660,broad_owner_fragment:AMB,"Keyword/fragment, identity-field, or proximity-only discovery signal.",Rejected / unrelated,rejected,No authoritative current relationship to Arthur Blank / AMB West; excluded.
"HAMBY, CHARLES G & THELMA L",HAMBY CHARLES G AND THELMA L,0.242,1,Yellowstone,1025 TOOLE CIR BILLINGS MT 59105-2246,broad_owner_fragment:AMB,"Keyword/fragment, identity-field, or proximity-only discovery signal.",Rejected / unrelated,rejected,No authoritative current relationship to Arthur Blank / AMB West; excluded.
"WAMBAUGH, JAMES R & JUDY A",WAMBAUGH JAMES R AND JUDY A,0.242,1,Yellowstone,2611 CONSTELLATION TRL BILLINGS MT 59105-5801,broad_owner_fragment:AMB,"Keyword/fragment, identity-field, or proximity-only discovery signal.",Rejected / unrelated,rejected,No authoritative current relationship to Arthur Blank / AMB West; excluded.
ARCHAMBEAULT FAMILY TRUST,ARCHAMBEAULT FAMILY TRUST,0.241,1,Yellowstone,3960 PINE COVE RD BILLINGS MT 59102-0138,broad_owner_fragment:AMB,"Keyword/fragment, identity-field, or proximity-only discovery signal.",Rejected / unrelated,rejected,No authoritative current relationship to Arthur Blank / AMB West; excluded.
BLANKENSHIP DAVID,BLANKENSHIP DAVID,0.241,1,Lewis and Clark,1001 N HANNAFORD ST HELENA MT 59601-3113,broad_owner_fragment:BLANK,"Keyword/fragment, identity-field, or proximity-only discovery signal.",Rejected / unrelated,rejected,No authoritative current relationship to Arthur Blank / AMB West; excluded.
"BLANKSMA, RICHARD",BLANKSMA RICHARD,0.241,1,Yellowstone,833 LEWIS AVE BILLINGS MT 59101-5843,broad_owner_fragment:BLANK,"Keyword/fragment, identity-field, or proximity-only discovery signal.",Rejected / unrelated,rejected,No authoritative current relationship to Arthur Blank / AMB West; excluded.
"BRAMBLE, CHARLENE",BRAMBLE CHARLENE,0.241,1,Yellowstone,1625 CUSTER AVE BILLINGS MT 59102-5029,broad_owner_fragment:AMB,"Keyword/fragment, identity-field, or proximity-only discovery signal.",Rejected / unrelated,rejected,No authoritative current relationship to Arthur Blank / AMB West; excluded.
CHALOUPEK NICHOLAS & AMBER,CHALOUPEK NICHOLAS AND AMBER,0.241,1,Sweet Grass,PO BOX 248 BIG TIMBER MT 59011-0248,broad_owner_fragment:AMB,"Keyword/fragment, identity-field, or proximity-only discovery signal.",Rejected / unrelated,rejected,No authoritative current relationship to Arthur Blank / AMB West; excluded.
CHAMBERLAIN JOSEPH C &,CHAMBERLAIN JOSEPH C AND,0.241,1,Dawson,305 GEORGETOWN DR GLENDIVE MT 59330-2964,broad_owner_fragment:AMB,"Keyword/fragment, identity-field, or proximity-only discovery signal.",Rejected / unrelated,rejected,No authoritative current relationship to Arthur Blank / AMB West; excluded.
CHAMBERLIN ROBERT R,CHAMBERLIN ROBERT R,0.241,1,Park,5621 RAINBOW DR HELENA MT 59602-9574,broad_owner_fragment:AMB,"Keyword/fragment, identity-field, or proximity-only discovery signal.",Rejected / unrelated,rejected,No authoritative current relationship to Arthur Blank / AMB West; excluded.
GOUGH AMBER L,GOUGH AMBER L,0.241,1,Rosebud,PO BOX 936 COLSTRIP MT 59323-0936,broad_owner_fragment:AMB,"Keyword/fragment, identity-field, or proximity-only discovery signal.",Rejected / unrelated,rejected,No authoritative current relationship to Arthur Blank / AMB West; excluded.
LAMBERT CORY,LAMBERT CORY,0.241,1,Roosevelt,PO BOX 333 CULBERTSON MT 59218-0333,broad_owner_fragment:AMB,"Keyword/fragment, identity-field, or proximity-only discovery signal.",Rejected / unrelated,rejected,No authoritative current relationship to Arthur Blank / AMB West; excluded.
LAMBERT DANIEL K,LAMBERT DANIEL K,0.241,1,Roosevelt,PO BOX 107 BAINVILLE MT 59212-0107,broad_owner_fragment:AMB,"Keyword/fragment, identity-field, or proximity-only discovery signal.",Rejected / unrelated,rejected,No authoritative current relationship to Arthur Blank / AMB West; excluded.
"LAMBERT, BOB L & ELIZABETH A",LAMBERT BOB L AND ELIZABETH A,0.241,1,Yellowstone,807 7TH AVE LAUREL MT 59044-1923,broad_owner_fragment:AMB,"Keyword/fragment, identity-field, or proximity-only discovery signal.",Rejected / unrelated,rejected,No authoritative current relationship to Arthur Blank / AMB West; excluded.
MCDONALD DONALD A & AMBER,MCDONALD DONALD A AND AMBER,0.241,1,Garfield,430 OLD FLAT CREEK RD JORDAN MT 59337-9652,broad_owner_fragment:AMB,"Keyword/fragment, identity-field, or proximity-only discovery signal.",Rejected / unrelated,rejected,No authoritative current relationship to Arthur Blank / AMB West; excluded.
PATRICIA A LAMBRECHT-HOULD REV TRUST (THE),PATRICIA A LAMBRECHT HOULD REV TRUST THE,0.241,1,Pondera,PO BOX 526 VALIER MT 59486-0526,broad_owner_fragment:AMB,"Keyword/fragment, identity-field, or proximity-only discovery signal.",Rejected / unrelated,rejected,No authoritative current relationship to Arthur Blank / AMB West; excluded.
"REFUGE, A MONTANA DOMESTIC NON-PROFIT CO",REFUGE A MONTANA DOMESTIC NON PROFIT CO,0.241,2,Carbon,PO BOX 320 JOLIET MT 59041-0320,broad_owner_fragment:DOME,"Keyword/fragment, identity-field, or proximity-only discovery signal.",Rejected / unrelated,rejected,No authoritative current relationship to Arthur Blank / AMB West; excluded.
SGAMBELLURI GIOVANNI,SGAMBELLURI GIOVANNI,0.241,1,Cascade,4025 5TH AVE N GREAT FALLS MT 59405-1232,broad_owner_fragment:AMB,"Keyword/fragment, identity-field, or proximity-only discovery signal.",Rejected / unrelated,rejected,No authoritative current relationship to Arthur Blank / AMB West; excluded.
STAMBAUGH CHARLES B &,STAMBAUGH CHARLES B AND,0.241,1,Lewis and Clark,821 N RODNEY ST HELENA MT 59601-3546,broad_owner_fragment:AMB,"Keyword/fragment, identity-field, or proximity-only discovery signal.",Rejected / unrelated,rejected,No authoritative current relationship to Arthur Blank / AMB West; excluded.
TABER AMBER LYNN,TABER AMBER LYNN,0.241,1,Lake,PO BOX 21 CHARLO MT 59824-0021,broad_owner_fragment:AMB,"Keyword/fragment, identity-field, or proximity-only discovery signal.",Rejected / unrelated,rejected,No authoritative current relationship to Arthur Blank / AMB West; excluded.
TERRY AMBER MARY,TERRY AMBER MARY,0.241,1,Chouteau,PO BOX 395 BIG SANDY MT 59520-0395,broad_owner_fragment:AMB,"Keyword/fragment, identity-field, or proximity-only discovery signal.",Rejected / unrelated,rejected,No authoritative current relationship to Arthur Blank / AMB West; excluded.
WAMBEKE GARY L & JULIE L,WAMBEKE GARY L AND JULIE L,0.241,1,Gallatin,PO BOX 1325 THREE FORKS MT 59752-1325,broad_owner_fragment:AMB,"Keyword/fragment, identity-field, or proximity-only discovery signal.",Rejected / unrelated,rejected,No authoritative current relationship to Arthur Blank / AMB West; excluded.
AMBER PROPERTY LLC,AMBER PROPERTY LLC,0.24,1,Missoula,PO BOX 1147 FLORENCE MT 59833-1147,broad_owner_fragment:AMB,"Keyword/fragment, identity-field, or proximity-only discovery signal.",Rejected / unrelated,rejected,No authoritative current relationship to Arthur Blank / AMB West; excluded.
BRAMBRINK THOMAS,BRAMBRINK THOMAS,0.24,1,Flathead,223 BUTTERCUP LOOP KALISPELL MT 59901-8965,broad_owner_fragment:AMB,"Keyword/fragment, identity-field, or proximity-only discovery signal.",Rejected / unrelated,rejected,No authoritative current relationship to Arthur Blank / AMB West; excluded.
GRAMBOW JEFFREY K & JUDY,GRAMBOW JEFFREY K AND JUDY,0.24,1,Flathead,841 S CAMAS LN KALISPELL MT 59901-9137,broad_owner_fragment:AMB,"Keyword/fragment, identity-field, or proximity-only discovery signal.",Rejected / unrelated,rejected,No authoritative current relationship to Arthur Blank / AMB West; excluded.
HAMBLOCK ERVIN L & CHERYL A,HAMBLOCK ERVIN L AND CHERYL A,0.24,1,Hill,1139 WILSON AVE HAVRE MT 59501-4741,broad_owner_fragment:AMB,"Keyword/fragment, identity-field, or proximity-only discovery signal.",Rejected / unrelated,rejected,No authoritative current relationship to Arthur Blank / AMB West; excluded.
HAMBURGH HARVEY E & ROBERTA H,HAMBURGH HARVEY E AND ROBERTA H,0.24,1,Gallatin,3905 W BROADWATER ST BOZEMAN MT 59718-6387,broad_owner_fragment:AMB,"Keyword/fragment, identity-field, or proximity-only discovery signal.",Rejected / unrelated,rejected,No authoritative current relationship to Arthur Blank / AMB West; excluded.
LAMBERTY WILLIAM R & LYNN M,LAMBERTY WILLIAM R AND LYNN M,0.24,1,Gallatin,1332 CHERRY DR BOZEMAN MT 59715-5923,broad_owner_fragment:AMB,"Keyword/fragment, identity-field, or proximity-only discovery signal.",Rejected / unrelated,rejected,No authoritative current relationship to Arthur Blank / AMB West; excluded.
MILLER AMBER S & JOANN E,MILLER AMBER S AND JOANN E,0.24,1,Powell,442 GARRISON FRONTAGE RD GARRISON MT 59731-9546,broad_owner_fragment:AMB,"Keyword/fragment, identity-field, or proximity-only discovery signal.",Rejected / unrelated,rejected,No authoritative current relationship to Arthur Blank / AMB West; excluded.
OLSON AMBRIA,OLSON AMBRIA,0.24,1,Missoula,11558 NINEBARK WAY MISSOULA MT 59802-8744,broad_owner_fragment:AMB,"Keyword/fragment, identity-field, or proximity-only discovery signal.",Rejected / unrelated,rejected,No authoritative current relationship to Arthur Blank / AMB West; excluded.
GAMBEE LUKE  & MEGHANN,GAMBEE LUKE AND MEGHANN,0.239,1,Dawson,832 DOVE ST GLENDIVE MT 59330-2446,broad_owner_fragment:AMB,"Keyword/fragment, identity-field, or proximity-only discovery signal.",Rejected / unrelated,rejected,No authoritative current relationship to Arthur Blank / AMB West; excluded.
HELLER JULIE LAMB- & PARKER G,HELLER JULIE LAMB AND PARKER G,0.239,1,Lewis and Clark,4200 FOX DEN DR HELENA MT 59602-9165,broad_owner_fragment:AMB,"Keyword/fragment, identity-field, or proximity-only discovery signal.",Rejected / unrelated,rejected,No authoritative current relationship to Arthur Blank / AMB West; excluded.
MCCORD AMBER L,MCCORD AMBER L,0.239,1,Missoula,14690 PECOS ST WESTMINSTER CO 80023-8409,broad_owner_fragment:AMB,"Keyword/fragment, identity-field, or proximity-only discovery signal.",Rejected / unrelated,rejected,No authoritative current relationship to Arthur Blank / AMB West; excluded.
"QUIGLEY, JOHN M & CAMBRA L",QUIGLEY JOHN M AND CAMBRA L,0.239,1,Yellowstone,331 WESTGATE DR BILLINGS MT 59101-7026,broad_owner_fragment:AMB,"Keyword/fragment, identity-field, or proximity-only discovery signal.",Rejected / unrelated,rejected,No authoritative current relationship to Arthur Blank / AMB West; excluded.
WHITE JASON M & AMBER E,WHITE JASON M AND AMBER E,0.239,1,Cascade,640 34TH AVE NE GREAT FALLS MT 59404-1117,broad_owner_fragment:AMB,"Keyword/fragment, identity-field, or proximity-only discovery signal.",Rejected / unrelated,rejected,No authoritative current relationship to Arthur Blank / AMB West; excluded.
CHAMBERLAIN BRUCE R & NATALIE,CHAMBERLAIN BRUCE R AND NATALIE,0.238,1,Lewis and Clark,230 MEADOW DR HELENA MT 59601-0148,broad_owner_fragment:AMB,"Keyword/fragment, identity-field, or proximity-only discovery signal.",Rejected / unrelated,rejected,No authoritative current relationship to Arthur Blank / AMB West; excluded.
SMITH CAMERON & AMBER,SMITH CAMERON AND AMBER,0.238,1,Cascade,1113 CHOTEAU AVE NE GREAT FALLS MT 59404,broad_owner_fragment:AMB,"Keyword/fragment, identity-field, or proximity-only discovery signal.",Rejected / unrelated,rejected,No authoritative current relationship to Arthur Blank / AMB West; excluded.
LAMBRECHT JARED,LAMBRECHT JARED,0.237,1,Yellowstone,1326 BABCOCK CIR BILLINGS MT 59105-1616,broad_owner_fragment:AMB,"Keyword/fragment, identity-field, or proximity-only discovery signal.",Rejected / unrelated,rejected,No authoritative current relationship to Arthur Blank / AMB West; excluded.
"AULT, GREGORY T & AMBER A",AULT GREGORY T AND AMBER A,0.236,1,Yellowstone,5221 BELL AVE BILLINGS MT 59102,broad_owner_fragment:AMB,"Keyword/fragment, identity-field, or proximity-only discovery signal.",Rejected / unrelated,rejected,No authoritative current relationship to Arthur Blank / AMB West; excluded.
GAMBLE III WILLIAM R,GAMBLE III WILLIAM R,0.236,1,Flathead,418 SUMMIT CIR KALISPELL MT 59901-2585,broad_owner_fragment:AMB,"Keyword/fragment, identity-field, or proximity-only discovery signal.",Rejected / unrelated,rejected,No authoritative current relationship to Arthur Blank / AMB West; excluded.
LAMBERT RANDLE & ARLENE,LAMBERT RANDLE AND ARLENE,0.235,1,Cascade,124 29TH AVE NE GREAT FALLS MT 59404-1002,broad_owner_fragment:AMB,"Keyword/fragment, identity-field, or proximity-only discovery signal.",Rejected / unrelated,rejected,No authoritative current relationship to Arthur Blank / AMB West; excluded.
"WARDELL, JESSICA AMBER & MACK CURTIS",WARDELL JESSICA AMBER AND MACK CURTIS,0.235,1,Yellowstone,1039 CRIST DR BILLINGS MT 59105-4188,broad_owner_fragment:AMB,"Keyword/fragment, identity-field, or proximity-only discovery signal.",Rejected / unrelated,rejected,No authoritative current relationship to Arthur Blank / AMB West; excluded.
"CHAMBERLAIN, LENNICE H &",CHAMBERLAIN LENNICE H AND,0.234,1,Yellowstone,1309 NAPLES ST BILLINGS MT 59105-2537,broad_owner_fragment:AMB,"Keyword/fragment, identity-field, or proximity-only discovery signal.",Rejected / unrelated,rejected,No authoritative current relationship to Arthur Blank / AMB West; excluded.
HAMBLEY CHARLOTTE A,HAMBLEY CHARLOTTE A,0.234,1,Powell,PO BOX 71 OVANDO MT 59854-0071,broad_owner_fragment:AMB,"Keyword/fragment, identity-field, or proximity-only discovery signal.",Rejected / unrelated,rejected,No authoritative current relationship to Arthur Blank / AMB West; excluded.
"HERMANCE, CURTIS W & AMBER",HERMANCE CURTIS W AND AMBER,0.234,1,Yellowstone,903 NUTTER BLVD BILLINGS MT 59105-2325,broad_owner_fragment:AMB,"Keyword/fragment, identity-field, or proximity-only discovery signal.",Rejected / unrelated,rejected,No authoritative current relationship to Arthur Blank / AMB West; excluded.
"JAMBRETZ, JEFFREY & JACQUELYN",JAMBRETZ JEFFREY AND JACQUELYN,0.234,1,Yellowstone,914 NUTTER BLVD BILLINGS MT 59105-2326,broad_owner_fragment:AMB,"Keyword/fragment, identity-field, or proximity-only discovery signal.",Rejected / unrelated,rejected,No authoritative current relationship to Arthur Blank / AMB West; excluded.
"LAMBRECHT, RICKARD K & CHRISTINE K",LAMBRECHT RICKARD K AND CHRISTINE K,0.234,1,Yellowstone,1113 TOOLE CT BILLINGS MT 59105-2255,broad_owner_fragment:AMB,"Keyword/fragment, identity-field, or proximity-only discovery signal.",Rejected / unrelated,rejected,No authoritative current relationship to Arthur Blank / AMB West; excluded.
"NEWMAN, LEVI B & AMBER LEE",NEWMAN LEVI B AND AMBER LEE,0.234,1,Yellowstone,814 NUTTER BLVD BILLINGS MT 59105-2328,broad_owner_fragment:AMB,"Keyword/fragment, identity-field, or proximity-only discovery signal.",Rejected / unrelated,rejected,No authoritative current relationship to Arthur Blank / AMB West; excluded.
HOLDSAMBECK JACQUELINE A,HOLDSAMBECK JACQUELINE A,0.233,1,Missoula,2634 GARLAND DR MISSOULA MT 59803-2010,broad_owner_fragment:AMB,"Keyword/fragment, identity-field, or proximity-only discovery signal.",Rejected / unrelated,rejected,No authoritative current relationship to Arthur Blank / AMB West; excluded.
"LAMBERT, WILLIAM ALAN &",LAMBERT WILLIAM ALAN AND,0.233,1,Yellowstone,1176 PATRIOT ST BILLINGS MT 59105-2240,broad_owner_fragment:AMB,"Keyword/fragment, identity-field, or proximity-only discovery signal.",Rejected / unrelated,rejected,No authoritative current relationship to Arthur Blank / AMB West; excluded.
"PLAINS COMMUNITY AMBULANCE, INC",PLAINS COMMUNITY AMBULANCE INC,0.233,1,Sanders,PO BOX 268 PLAINS MT 59859-0268,broad_owner_fragment:AMB,"Keyword/fragment, identity-field, or proximity-only discovery signal.",Rejected / unrelated,rejected,No authoritative current relationship to Arthur Blank / AMB West; excluded.
"RAMBERG, CHRISTOPHER G",RAMBERG CHRISTOPHER G,0.232,1,Yellowstone,3621 CUSTER AVE BILLINGS MT 59102-4329,broad_owner_fragment:AMB,"Keyword/fragment, identity-field, or proximity-only discovery signal.",Rejected / unrelated,rejected,No authoritative current relationship to Arthur Blank / AMB West; excluded.
"RAMBUR, TODD A",RAMBUR TODD A,0.232,1,Yellowstone,124 WHITE CIR BILLINGS MT 59105-2320,broad_owner_fragment:AMB,"Keyword/fragment, identity-field, or proximity-only discovery signal.",Rejected / unrelated,rejected,No authoritative current relationship to Arthur Blank / AMB West; excluded.
CHAMBERS FRANKLIN W,CHAMBERS FRANKLIN W,0.231,1,Lewis and Clark,4285 COUGAR DR HELENA MT 59602-7527,broad_owner_fragment:AMB,"Keyword/fragment, identity-field, or proximity-only discovery signal.",Rejected / unrelated,rejected,No authoritative current relationship to Arthur Blank / AMB West; excluded.
FRANKOVICH AMBER & JOHN,FRANKOVICH AMBER AND JOHN,0.231,1,Silver Bow,3231 BUSCH ST BUTTE MT 59701-3502,broad_owner_fragment:AMB,"Keyword/fragment, identity-field, or proximity-only discovery signal.",Rejected / unrelated,rejected,No authoritative current relationship to Arthur Blank / AMB West; excluded.
KAMBO BERNARD L & LORA G,KAMBO BERNARD L AND LORA G,0.231,1,Cascade,709 36TH AVE NE GREAT FALLS MT 59404-1123,broad_owner_fragment:AMB,"Keyword/fragment, identity-field, or proximity-only discovery signal.",Rejected / unrelated,rejected,No authoritative current relationship to Arthur Blank / AMB West; excluded.
LAMB KUHNHENN DIANNA,LAMB KUHNHENN DIANNA,0.231,1,Missoula,2408 HIGHWOOD DR MISSOULA MT 59803-2128,broad_owner_fragment:AMB,"Keyword/fragment, identity-field, or proximity-only discovery signal.",Rejected / unrelated,rejected,No authoritative current relationship to Arthur Blank / AMB West; excluded.
STEARNS AMBER L & SCOTT E,STEARNS AMBER L AND SCOTT E,0.231,1,Silver Bow,800 S WESTERN AVE BUTTE MT 59701-2161,broad_owner_fragment:AMB,"Keyword/fragment, identity-field, or proximity-only discovery signal.",Rejected / unrelated,rejected,No authoritative current relationship to Arthur Blank / AMB West; excluded.
AMBROSE WILLIAM E JR,AMBROSE WILLIAM E JR,0.23,1,Missoula,638 W CRESTLINE DR MISSOULA MT 59803-2202,broad_owner_fragment:AMB,"Keyword/fragment, identity-field, or proximity-only discovery signal.",Rejected / unrelated,rejected,No authoritative current relationship to Arthur Blank / AMB West; excluded.
BALLARD AMBROSE D,BALLARD AMBROSE D,0.23,1,Lewis and Clark,3761 KING ST EAST HELENA MT 59635,broad_owner_fragment:AMB,"Keyword/fragment, identity-field, or proximity-only discovery signal.",Rejected / unrelated,rejected,No authoritative current relationship to Arthur Blank / AMB West; excluded.
CHAMBERS RONALD T & ROSE A,CHAMBERS RONALD T AND ROSE A,0.23,1,Flathead,PO BOX 190775 HUNGRY HORSE MT 59919-0775,broad_owner_fragment:AMB,"Keyword/fragment, identity-field, or proximity-only discovery signal.",Rejected / unrelated,rejected,No authoritative current relationship to Arthur Blank / AMB West; excluded.
"EMMONS, RILEY T & AMBER LYNN",EMMONS RILEY T AND AMBER LYNN,0.23,1,Yellowstone,1721 WICKS LN BILLINGS MT 59105-4325,broad_owner_fragment:AMB,"Keyword/fragment, identity-field, or proximity-only discovery signal.",Rejected / unrelated,rejected,No authoritative current relationship to Arthur Blank / AMB West; excluded.
"FISCHER, AMBER MARIE &",FISCHER AMBER MARIE AND,0.23,1,Yellowstone,425 ZANZIBAR PL BILLINGS MT 59105-2835,broad_owner_fragment:AMB,"Keyword/fragment, identity-field, or proximity-only discovery signal.",Rejected / unrelated,rejected,No authoritative current relationship to Arthur Blank / AMB West; excluded.
GAMBA DARIN R,GAMBA DARIN R,0.23,1,Missoula,2843 S UINTA ST DENVER CO 80231-4173,broad_owner_fragment:AMB,"Keyword/fragment, identity-field, or proximity-only discovery signal.",Rejected / unrelated,rejected,No authoritative current relationship to Arthur Blank / AMB West; excluded.
GAMBLE BRIAN,GAMBLE BRIAN,0.23,1,Missoula,10613 COULTER PINE ST LOLO MT 59847-9219,broad_owner_fragment:AMB,"Keyword/fragment, identity-field, or proximity-only discovery signal.",Rejected / unrelated,rejected,No authoritative current relationship to Arthur Blank / AMB West; excluded.
HUESTIS AMBER & CORY,HUESTIS AMBER AND CORY,0.23,1,Hill,1320 WASHINGTON AVE HAVRE MT 59501-5104,broad_owner_fragment:AMB,"Keyword/fragment, identity-field, or proximity-only discovery signal.",Rejected / unrelated,rejected,No authoritative current relationship to Arthur Blank / AMB West; excluded.
"JOHNSON, RANDOLPH & AMBER",JOHNSON RANDOLPH AND AMBER,0.23,1,Yellowstone,4536 VAUGHN LN BILLINGS MT 59101-4948,broad_owner_fragment:AMB,"Keyword/fragment, identity-field, or proximity-only discovery signal.",Rejected / unrelated,rejected,No authoritative current relationship to Arthur Blank / AMB West; excluded.
LAMB SHELLY R,LAMB SHELLY R,0.23,2,Cascade,122 13TH ST BLACK EAGLE MT 59414-1032,broad_owner_fragment:AMB,"Keyword/fragment, identity-field, or proximity-only discovery signal.",Rejected / unrelated,rejected,No authoritative current relationship to Arthur Blank / AMB West; excluded.
"LAMB, JOANNE M",LAMB JOANNE M,0.23,1,Yellowstone,624 ARONSON AVE BILLINGS MT 59105-2808,broad_owner_fragment:AMB,"Keyword/fragment, identity-field, or proximity-only discovery signal.",Rejected / unrelated,rejected,No authoritative current relationship to Arthur Blank / AMB West; excluded.
LAMBERT GREGORY,LAMBERT GREGORY,0.23,1,Missoula,614 HIGHVIEW WAY MISSOULA MT 59803-2235,broad_owner_fragment:AMB,"Keyword/fragment, identity-field, or proximity-only discovery signal.",Rejected / unrelated,rejected,No authoritative current relationship to Arthur Blank / AMB West; excluded.
RASSI ERIK M & AMBER G,RASSI ERIK M AND AMBER G,0.23,1,Gallatin,503 CLIFDEN DR BOZEMAN MT 59718-6749,broad_owner_fragment:AMB,"Keyword/fragment, identity-field, or proximity-only discovery signal.",Rejected / unrelated,rejected,No authoritative current relationship to Arthur Blank / AMB West; excluded.
"WOODARD, AMBER M &",WOODARD AMBER M AND,0.23,1,Yellowstone,807 BETSY DR BILLINGS MT 59105-4122,broad_owner_fragment:AMB,"Keyword/fragment, identity-field, or proximity-only discovery signal.",Rejected / unrelated,rejected,No authoritative current relationship to Arthur Blank / AMB West; excluded.
"CHAMBERLIN, BRANDY",CHAMBERLIN BRANDY,0.229,1,Yellowstone,1251 BENJAMIN BLVD BILLINGS MT 59105-5457,broad_owner_fragment:AMB,"Keyword/fragment, identity-field, or proximity-only discovery signal.",Rejected / unrelated,rejected,No authoritative current relationship to Arthur Blank / AMB West; excluded.
"FERNANDEZ, GILBERT M & AMBER C",FERNANDEZ GILBERT M AND AMBER C,0.229,1,Yellowstone,716 ARONSON AVE BILLINGS MT 59105-2806,broad_owner_fragment:AMB,"Keyword/fragment, identity-field, or proximity-only discovery signal.",Rejected / unrelated,rejected,No authoritative current relationship to Arthur Blank / AMB West; excluded.
HELLAND ALEX J & AMBER J,HELLAND ALEX J AND AMBER J,0.229,1,Custer,2505 STOWER ST MILES CITY MT 59301-4786,broad_owner_fragment:AMB,"Keyword/fragment, identity-field, or proximity-only discovery signal.",Rejected / unrelated,rejected,No authoritative current relationship to Arthur Blank / AMB West; excluded.
LAMBERT CLAUDIA,LAMBERT CLAUDIA,0.229,1,Missoula,2304 W VISTA DR MISSOULA MT 59803-2618,broad_owner_fragment:AMB,"Keyword/fragment, identity-field, or proximity-only discovery signal.",Rejected / unrelated,rejected,No authoritative current relationship to Arthur Blank / AMB West; excluded.
CHAMBERS DAVID,CHAMBERS DAVID,0.228,1,Hill,34 BEAVER CREEK BLVD HAVRE MT 59501-5237,broad_owner_fragment:AMB,"Keyword/fragment, identity-field, or proximity-only discovery signal.",Rejected / unrelated,rejected,No authoritative current relationship to Arthur Blank / AMB West; excluded.
KELLY AMBER M & CHRISTOPHER R,KELLY AMBER M AND CHRISTOPHER R,0.228,1,Broadwater,133 S OAK ST TOWNSEND MT 59644-2605,broad_owner_fragment:AMB,"Keyword/fragment, identity-field, or proximity-only discovery signal.",Rejected / unrelated,rejected,No authoritative current relationship to Arthur Blank / AMB West; excluded.
BOLTON JEFFREY ROBERT & AMBER BENDER,BOLTON JEFFREY ROBERT AND AMBER BENDER,0.227,1,Gallatin,92 CONNOR DR BOZEMAN MT 59718-8790,broad_owner_fragment:AMB,"Keyword/fragment, identity-field, or proximity-only discovery signal.",Rejected / unrelated,rejected,No authoritative current relationship to Arthur Blank / AMB West; excluded.
BURSELL JOHN S & AMBER,BURSELL JOHN S AND AMBER,0.227,1,Lincoln,148 RUSTIC AVE LIBBY MT 59923-3201,broad_owner_fragment:AMB,"Keyword/fragment, identity-field, or proximity-only discovery signal.",Rejected / unrelated,rejected,No authoritative current relationship to Arthur Blank / AMB West; excluded.
GAMBOA FRANCENA M,GAMBOA FRANCENA M,0.227,1,Missoula,207 ESSEX ST LOLO MT 59847-9615,broad_owner_fragment:AMB,"Keyword/fragment, identity-field, or proximity-only discovery signal.",Rejected / unrelated,rejected,No authoritative current relationship to Arthur Blank / AMB West; excluded.
GOOD GARY L & AMBER L,GOOD GARY L AND AMBER L,0.227,1,Lincoln,76 FOREST AVE LIBBY MT 59923-2970,broad_owner_fragment:AMB,"Keyword/fragment, identity-field, or proximity-only discovery signal.",Rejected / unrelated,rejected,No authoritative current relationship to Arthur Blank / AMB West; excluded.
"HATTON, JAY & AMBER",HATTON JAY AND AMBER,0.227,1,Yellowstone,1328 BLACK BERRY WAY BILLINGS MT 59106-2260,broad_owner_fragment:AMB,"Keyword/fragment, identity-field, or proximity-only discovery signal.",Rejected / unrelated,rejected,No authoritative current relationship to Arthur Blank / AMB West; excluded.
HUTTINGER JOSHUA A & AMBERLY,HUTTINGER JOSHUA A AND AMBERLY,0.227,1,Park,81 RESERVOIR RD WILSALL MT 59086-9302,broad_owner_fragment:AMB,"Keyword/fragment, identity-field, or proximity-only discovery signal.",Rejected / unrelated,rejected,No authoritative current relationship to Arthur Blank / AMB West; excluded.
KELLY THOMAS L & AMBER E,KELLY THOMAS L AND AMBER E,0.227,1,Cascade,1120 21ST AVE SW GREAT FALLS MT 59404-3461,broad_owner_fragment:AMB,"Keyword/fragment, identity-field, or proximity-only discovery signal.",Rejected / unrelated,rejected,No authoritative current relationship to Arthur Blank / AMB West; excluded.
CHAMBERLAIN MARK A & HEIDI L,CHAMBERLAIN MARK A AND HEIDI L,0.226,1,Custer,2002 STOWER ST MILES CITY MT 59301-4831,broad_owner_fragment:AMB,"Keyword/fragment, identity-field, or proximity-only discovery signal.",Rejected / unrelated,rejected,No authoritative current relationship to Arthur Blank / AMB West; excluded.
DAVIDSON STEVEN M & AMBER L,DAVIDSON STEVEN M AND AMBER L,0.226,1,Custer,1017 CALE AVE MILES CITY MT 59301-5009,broad_owner_fragment:AMB,"Keyword/fragment, identity-field, or proximity-only discovery signal.",Rejected / unrelated,rejected,No authoritative current relationship to Arthur Blank / AMB West; excluded.
"HOFFERBER, AMBER S",HOFFERBER AMBER S,0.226,1,Yellowstone,2723 SUNNYVIEW LN BILLINGS MT 59102-1548,broad_owner_fragment:AMB,"Keyword/fragment, identity-field, or proximity-only discovery signal.",Rejected / unrelated,rejected,No authoritative current relationship to Arthur Blank / AMB West; excluded.
CORDEIRO AMBER ETAL,CORDEIRO AMBER ETAL,0.225,1,Cascade,2905 2ND AVE S GREAT FALLS MT 59405-3105,broad_owner_fragment:AMB,"Keyword/fragment, identity-field, or proximity-only discovery signal.",Rejected / unrelated,rejected,No authoritative current relationship to Arthur Blank / AMB West; excluded.
HOFSTAD AMBER M,HOFSTAD AMBER M,0.225,1,Pondera,PO BOX 692 CONRAD MT 59425-0692,broad_owner_fragment:AMB,"Keyword/fragment, identity-field, or proximity-only discovery signal.",Rejected / unrelated,rejected,No authoritative current relationship to Arthur Blank / AMB West; excluded.
LAMB JALEN,LAMB JALEN,0.225,1,Phillips,PO BOX 1375 MALTA MT 59538-1375,broad_owner_fragment:AMB,"Keyword/fragment, identity-field, or proximity-only discovery signal.",Rejected / unrelated,rejected,No authoritative current relationship to Arthur Blank / AMB West; excluded.
LAMBERT JENNIFER A,LAMBERT JENNIFER A,0.225,1,Richland,PO BOX 333 CULBERTSON MT 59218-0333,broad_owner_fragment:AMB,"Keyword/fragment, identity-field, or proximity-only discovery signal.",Rejected / unrelated,rejected,No authoritative current relationship to Arthur Blank / AMB West; excluded.
"LAMBETH, BRUCE & JEANNE",LAMBETH BRUCE AND JEANNE,0.225,1,Yellowstone,1001 DELPHINIUM DR BILLINGS MT 59102-3213,broad_owner_fragment:AMB,"Keyword/fragment, identity-field, or proximity-only discovery signal.",Rejected / unrelated,rejected,No authoritative current relationship to Arthur Blank / AMB West; excluded.
LAMBRECHT RON T,LAMBRECHT RON T,0.225,1,Flathead,PO BOX 397 SOMERS MT 59932-0397,broad_owner_fragment:AMB,"Keyword/fragment, identity-field, or proximity-only discovery signal.",Rejected / unrelated,rejected,No authoritative current relationship to Arthur Blank / AMB West; excluded.
PARADISE RIDGE CONDO MASTER,PARADISE RIDGE CONDO MASTER,0.225,1,Park,GENERAL DELIVERY LIVINGSTON MT 59047-9999,broad_owner_fragment:PARADISE,"Keyword/fragment, identity-field, or proximity-only discovery signal.",Rejected / unrelated,rejected,No authoritative current relationship to Arthur Blank / AMB West; excluded.
HARLOWTON CHAMBER OF COMMERCE AND AGRICULTURE,HARLOWTON CHAMBER OF COMMERCE AND AGRICULTURE,0.224,1,Wheatland,PO BOX 694 HARLOWTON MT 59036-0694,broad_owner_fragment:AMB,"Keyword/fragment, identity-field, or proximity-only discovery signal.",Rejected / unrelated,rejected,No authoritative current relationship to Arthur Blank / AMB West; excluded.
LAMB BRADLEY & MARIA I TANDE,LAMB BRADLEY AND MARIA I TANDE,0.224,1,Daniels,PO BOX 982 SCOBEY MT 59263-0982,broad_owner_fragment:AMB,"Keyword/fragment, identity-field, or proximity-only discovery signal.",Rejected / unrelated,rejected,No authoritative current relationship to Arthur Blank / AMB West; excluded.
LAMB PATRICIA L,LAMB PATRICIA L,0.224,1,Missoula,107 COHOSSET DR MISSOULA MT 59803-1201,broad_owner_fragment:AMB,"Keyword/fragment, identity-field, or proximity-only discovery signal.",Rejected / unrelated,rejected,No authoritative current relationship to Arthur Blank / AMB West; excluded.
QUIROZ TRAVIS J & AMBER B,QUIROZ TRAVIS J AND AMBER B,0.224,1,Rosebud,PO BOX 973 COLSTRIP MT 59323-0973,broad_owner_fragment:AMB,"Keyword/fragment, identity-field, or proximity-only discovery signal.",Rejected / unrelated,rejected,No authoritative current relationship to Arthur Blank / AMB West; excluded.
REICH BOBBY J & AMBER,REICH BOBBY J AND AMBER,0.224,1,Ravalli,PO BOX 816 VICTOR MT 59875-0816,broad_owner_fragment:AMB,"Keyword/fragment, identity-field, or proximity-only discovery signal.",Rejected / unrelated,rejected,No authoritative current relationship to Arthur Blank / AMB West; excluded.
GAMBILL CAYCE &,GAMBILL CAYCE AND,0.223,2,Silver Bow,1034 ANTIMONY ST BUTTE MT 59701-8704,broad_owner_fragment:AMB,"Keyword/fragment, identity-field, or proximity-only discovery signal.",Rejected / unrelated,rejected,No authoritative current relationship to Arthur Blank / AMB West; excluded.
CHAMBLISS CLAYTON J & SHANNON M,CHAMBLISS CLAYTON J AND SHANNON M,0.223,1,Hill,9 CYPRESS DR HAVRE MT 59501-5426,broad_owner_fragment:AMB,"Keyword/fragment, identity-field, or proximity-only discovery signal.",Rejected / unrelated,rejected,No authoritative current relationship to Arthur Blank / AMB West; excluded.
LAMBERT ANNETTE B TRUSTEE,LAMBERT ANNETTE B TRUSTEE,0.222,1,Missoula,2804 QUEEN ST MISSOULA MT 59801-8655,broad_owner_fragment:AMB,"Keyword/fragment, identity-field, or proximity-only discovery signal.",Rejected / unrelated,rejected,No authoritative current relationship to Arthur Blank / AMB West; excluded.
"WESTFALL, AMBER E &",WESTFALL AMBER E AND,0.222,1,Yellowstone,2944 ROCKRIM LN BILLINGS MT 59102-0852,broad_owner_fragment:AMB,"Keyword/fragment, identity-field, or proximity-only discovery signal.",Rejected / unrelated,rejected,No authoritative current relationship to Arthur Blank / AMB West; excluded.
"ASTLE, KOLTON & AMBER ELIZABETH",ASTLE KOLTON AND AMBER ELIZABETH,0.221,1,Yellowstone,2204 GLENEAGLES BLVD BILLINGS MT 59105-2016,broad_owner_fragment:AMB,"Keyword/fragment, identity-field, or proximity-only discovery signal.",Rejected / unrelated,rejected,No authoritative current relationship to Arthur Blank / AMB West; excluded.
CHAMBERLAIN QUINN,CHAMBERLAIN QUINN,0.221,1,Missoula,4433 CHRISTIAN DR MISSOULA MT 59803-3595,broad_owner_fragment:AMB,"Keyword/fragment, identity-field, or proximity-only discovery signal.",Rejected / unrelated,rejected,No authoritative current relationship to Arthur Blank / AMB West; excluded.
KACKLEY AMBER SHANE,KACKLEY AMBER SHANE,0.221,1,Lewis and Clark,222 GLENFINNAN CT EAST HELENA MT 59635,broad_owner_fragment:AMB,"Keyword/fragment, identity-field, or proximity-only discovery signal.",Rejected / unrelated,rejected,No authoritative current relationship to Arthur Blank / AMB West; excluded.
LAMBERT LADONNA &,LAMBERT LADONNA AND,0.221,1,Gallatin,800 OAKWOOD DR BELGRADE MT 59714-8364,broad_owner_fragment:AMB,"Keyword/fragment, identity-field, or proximity-only discovery signal.",Rejected / unrelated,rejected,No authoritative current relationship to Arthur Blank / AMB West; excluded.
RUSSI AMBER,RUSSI AMBER,0.221,1,Ravalli,424 RIVERSIDE AVE STEVENSVILLE MT 59870-2413,broad_owner_fragment:AMB,"Keyword/fragment, identity-field, or proximity-only discovery signal.",Rejected / unrelated,rejected,No authoritative current relationship to Arthur Blank / AMB West; excluded.
ZIPFEL ZACHARY C & BRAMBLE DARBY P,ZIPFEL ZACHARY C AND BRAMBLE DARBY P,0.221,1,Lewis and Clark,330 S HARRIS ST HELENA MT 59601-5201,broad_owner_fragment:AMB,"Keyword/fragment, identity-field, or proximity-only discovery signal.",Rejected / unrelated,rejected,No authoritative current relationship to Arthur Blank / AMB West; excluded.
AMBLE NONA R,AMBLE NONA R,0.22,1,Lake,PO BOX 214 POLSON MT 59860-0214,broad_owner_fragment:AMB,"Keyword/fragment, identity-field, or proximity-only discovery signal.",Rejected / unrelated,rejected,No authoritative current relationship to Arthur Blank / AMB West; excluded.
CHAMBERLAIN WENDI,CHAMBERLAIN WENDI,0.22,1,Richland,1364 14TH ST SW SIDNEY MT 59270-5412,broad_owner_fragment:AMB,"Keyword/fragment, identity-field, or proximity-only discovery signal.",Rejected / unrelated,rejected,No authoritative current relationship to Arthur Blank / AMB West; excluded.
EUREKA VOLUNTEER AMBULANCE SERVICE CORP,EUREKA VOLUNTEER AMBULANCE SERVICE CORP,0.22,1,Lincoln,PO BOX 736 EUREKA MT 59917-0736,broad_owner_fragment:AMB,"Keyword/fragment, identity-field, or proximity-only discovery signal.",Rejected / unrelated,rejected,No authoritative current relationship to Arthur Blank / AMB West; excluded.
HAFNER BRODEN & AMBER C,HAFNER BRODEN AND AMBER C,0.22,1,Cascade,1101 BUENA DR GREAT FALLS MT 59404-3747,broad_owner_fragment:AMB,"Keyword/fragment, identity-field, or proximity-only discovery signal.",Rejected / unrelated,rejected,No authoritative current relationship to Arthur Blank / AMB West; excluded.
KARLS SARAH PHIZIAY GAMBLE &,KARLS SARAH PHIZIAY GAMBLE AND,0.22,1,Park,117 SUNRISE DR LIVINGSTON MT 59047-1512,broad_owner_fragment:AMB,"Keyword/fragment, identity-field, or proximity-only discovery signal.",Rejected / unrelated,rejected,No authoritative current relationship to Arthur Blank / AMB West; excluded.
LAMBERT RICHARD G,LAMBERT RICHARD G,0.22,1,Richland,PO BOX 697 FAIRVIEW MT 59221-0681,broad_owner_fragment:AMB,"Keyword/fragment, identity-field, or proximity-only discovery signal.",Rejected / unrelated,rejected,No authoritative current relationship to Arthur Blank / AMB West; excluded.
"LAMBRECHT, SHAUN M &",LAMBRECHT SHAUN M AND,0.22,1,Yellowstone,1060 STRAWBERRY AVE BILLINGS MT 59105-1962,broad_owner_fragment:AMB,"Keyword/fragment, identity-field, or proximity-only discovery signal.",Rejected / unrelated,rejected,No authoritative current relationship to Arthur Blank / AMB West; excluded.
OYHAMBURU THERESA M,OYHAMBURU THERESA M,0.22,1,Cascade,1926 CHERRY DR GREAT FALLS MT 59404-3513,broad_owner_fragment:AMB,"Keyword/fragment, identity-field, or proximity-only discovery signal.",Rejected / unrelated,rejected,No authoritative current relationship to Arthur Blank / AMB West; excluded.
PEDERSEN GORM B III & AMBER L,PEDERSEN GORM B III AND AMBER L,0.22,1,Richland,609 11TH ST SE SIDNEY MT 59270-5368,broad_owner_fragment:AMB,"Keyword/fragment, identity-field, or proximity-only discovery signal.",Rejected / unrelated,rejected,No authoritative current relationship to Arthur Blank / AMB West; excluded.
"REINHARDT, JOSHUA & AMBER M",REINHARDT JOSHUA AND AMBER M,0.219,1,Yellowstone,331 LAURIE LN BILLINGS MT 59105-3748,broad_owner_fragment:AMB,"Keyword/fragment, identity-field, or proximity-only discovery signal.",Rejected / unrelated,rejected,No authoritative current relationship to Arthur Blank / AMB West; excluded.
BELT VOLUNTEER AMBULANCE SERVICE,BELT VOLUNTEER AMBULANCE SERVICE,0.218,1,Cascade,PO BOX 74 BELT MT 59412-0074,broad_owner_fragment:AMB,"Keyword/fragment, identity-field, or proximity-only discovery signal.",Rejected / unrelated,rejected,No authoritative current relationship to Arthur Blank / AMB West; excluded.
BROWN BAMBI C ETAL,BROWN BAMBI C ETAL,0.217,1,Cascade,3200 KINGWOOD DR GREAT FALLS MT 59404-5136,broad_owner_fragment:AMB,"Keyword/fragment, identity-field, or proximity-only discovery signal.",Rejected / unrelated,rejected,No authoritative current relationship to Arthur Blank / AMB West; excluded.
FISHER ANDREW BECKETT & ELDA LAMBERT,FISHER ANDREW BECKETT AND ELDA LAMBERT,0.217,1,Flathead,111 SPRING GARDEN DR DURHAM NC 27713-8777,broad_owner_fragment:AMB,"Keyword/fragment, identity-field, or proximity-only discovery signal.",Rejected / unrelated,rejected,No authoritative current relationship to Arthur Blank / AMB West; excluded.
FLADAGER SHAWN D & AMBER L,FLADAGER SHAWN D AND AMBER L,0.217,1,Cascade,3304 KINGWOOD DR GREAT FALLS MT 59404-5138,broad_owner_fragment:AMB,"Keyword/fragment, identity-field, or proximity-only discovery signal.",Rejected / unrelated,rejected,No authoritative current relationship to Arthur Blank / AMB West; excluded.
HAMBURG GARY LEE & TERESA ADELE TRUSTEES,HAMBURG GARY LEE AND TERESA ADELE TRUSTEES,0.217,1,Gallatin,204 TETON AVE BOZEMAN MT 59718-6239,broad_owner_fragment:AMB,"Keyword/fragment, identity-field, or proximity-only discovery signal.",Rejected / unrelated,rejected,No authoritative current relationship to Arthur Blank / AMB West; excluded.
HANLEY AMBER THERESA & JAMES PAUL,HANLEY AMBER THERESA AND JAMES PAUL,0.217,1,Silver Bow,3041 HARVARD AVE BUTTE MT 59701-4661,broad_owner_fragment:AMB,"Keyword/fragment, identity-field, or proximity-only discovery signal.",Rejected / unrelated,rejected,No authoritative current relationship to Arthur Blank / AMB West; excluded.
HARTMAN TRAVIS & AMBER,HARTMAN TRAVIS AND AMBER,0.217,1,Gallatin,806 HALFPIPE ST BELGRADE MT 59714-3686,broad_owner_fragment:AMB,"Keyword/fragment, identity-field, or proximity-only discovery signal.",Rejected / unrelated,rejected,No authoritative current relationship to Arthur Blank / AMB West; excluded.
"BRAMBLE, REACE",BRAMBLE REACE,0.216,1,Yellowstone,5403 CORNER STONE AVE BILLINGS MT 59106-1217,broad_owner_fragment:AMB,"Keyword/fragment, identity-field, or proximity-only discovery signal.",Rejected / unrelated,rejected,No authoritative current relationship to Arthur Blank / AMB West; excluded.
BROCKMAN CHRISTOPHER D & AMBER F,BROCKMAN CHRISTOPHER D AND AMBER F,0.216,1,Lincoln,115 WESTMOUNT HILL OKOTOKS AB,broad_owner_fragment:AMB,"Keyword/fragment, identity-field, or proximity-only discovery signal.",Rejected / unrelated,rejected,No authoritative current relationship to Arthur Blank / AMB West; excluded.
LAMBERT KODY G & JENNIFER L,LAMBERT KODY G AND JENNIFER L,0.216,1,Cascade,4015 6TH AVE S GREAT FALLS MT 59405-3747,broad_owner_fragment:AMB,"Keyword/fragment, identity-field, or proximity-only discovery signal.",Rejected / unrelated,rejected,No authoritative current relationship to Arthur Blank / AMB West; excluded.
BARNES ROSS B & AMBER F,BARNES ROSS B AND AMBER F,0.215,1,Lewis and Clark,3748 BEECHNUT ST EAST HELENA MT 59635-3303,broad_owner_fragment:AMB,"Keyword/fragment, identity-field, or proximity-only discovery signal.",Rejected / unrelated,rejected,No authoritative current relationship to Arthur Blank / AMB West; excluded.
CHAMBERLAIN TIMOTHY W,CHAMBERLAIN TIMOTHY W,0.215,1,Missoula,1 COLUMBINE RD MISSOULA MT 59802-3332,broad_owner_fragment:AMB,"Keyword/fragment, identity-field, or proximity-only discovery signal.",Rejected / unrelated,rejected,No authoritative current relationship to Arthur Blank / AMB West; excluded.
CHAMBERS CHARLES W & MARY L,CHAMBERS CHARLES W AND MARY L,0.215,1,Lewis and Clark,PO BOX 245 EAST HELENA MT 59635-0245,broad_owner_fragment:AMB,"Keyword/fragment, identity-field, or proximity-only discovery signal.",Rejected / unrelated,rejected,No authoritative current relationship to Arthur Blank / AMB West; excluded.
DAMBRA JONATHAN,DAMBRA JONATHAN,0.215,1,Jefferson,PO BOX 1390 BOULDER MT 59632-1390,broad_owner_fragment:AMB,"Keyword/fragment, identity-field, or proximity-only discovery signal.",Rejected / unrelated,rejected,No authoritative current relationship to Arthur Blank / AMB West; excluded.
HAMBLOCK MICHAEL H & PATRICIA L,HAMBLOCK MICHAEL H AND PATRICIA L,0.215,1,Lewis and Clark,1028 KNIGHT ST HELENA MT 59601-2417,broad_owner_fragment:AMB,"Keyword/fragment, identity-field, or proximity-only discovery signal.",Rejected / unrelated,rejected,No authoritative current relationship to Arthur Blank / AMB West; excluded.
HERT AMBER,HERT AMBER,0.215,1,Rosebud,PO BOX 1116 COLSTRIP MT 59323-1116,broad_owner_fragment:AMB,"Keyword/fragment, identity-field, or proximity-only discovery signal.",Rejected / unrelated,rejected,No authoritative current relationship to Arthur Blank / AMB West; excluded.
LAMB JON-ANTHONY L & THERESE M,LAMB JON ANTHONY L AND THERESE M,0.215,1,Custer,2309 DICKINSON ST MILES CITY MT 59301-4715,broad_owner_fragment:AMB,"Keyword/fragment, identity-field, or proximity-only discovery signal.",Rejected / unrelated,rejected,No authoritative current relationship to Arthur Blank / AMB West; excluded.
LAMB RACHAEL ETAL,LAMB RACHAEL ETAL,0.215,1,Cascade,709 5TH AVE SW GREAT FALLS MT 59404-3247,broad_owner_fragment:AMB,"Keyword/fragment, identity-field, or proximity-only discovery signal.",Rejected / unrelated,rejected,No authoritative current relationship to Arthur Blank / AMB West; excluded.
MITCHELL CHRIS S & AMBER A,MITCHELL CHRIS S AND AMBER A,0.215,1,Gallatin,510 WESTWOOD CIR BELGRADE MT 59714-8396,broad_owner_fragment:AMB,"Keyword/fragment, identity-field, or proximity-only discovery signal.",Rejected / unrelated,rejected,No authoritative current relationship to Arthur Blank / AMB West; excluded.
VARLEY SCOTT DOUGLAS & ELIZABETH AMBER,VARLEY SCOTT DOUGLAS AND ELIZABETH AMBER,0.215,1,Toole,777 TETON AVE SHELBY MT 59474-1522,broad_owner_fragment:AMB,"Keyword/fragment, identity-field, or proximity-only discovery signal.",Rejected / unrelated,rejected,No authoritative current relationship to Arthur Blank / AMB West; excluded.
"BRAMBLE, ALLEN T",BRAMBLE ALLEN T,0.214,1,Yellowstone,1009 W 12TH ST LAUREL MT 59044-1630,broad_owner_fragment:AMB,"Keyword/fragment, identity-field, or proximity-only discovery signal.",Rejected / unrelated,rejected,No authoritative current relationship to Arthur Blank / AMB West; excluded.
BUCHANAN MICHAEL & AMBER,BUCHANAN MICHAEL AND AMBER,0.214,1,Jefferson,1 N MAIN ST CLANCY MT 59634-9547,broad_owner_fragment:AMB,"Keyword/fragment, identity-field, or proximity-only discovery signal.",Rejected / unrelated,rejected,No authoritative current relationship to Arthur Blank / AMB West; excluded.
CAMPBELL DOUGLAS C & AMBER L,CAMPBELL DOUGLAS C AND AMBER L,0.214,1,Cascade,1449 PARK GARDEN RD GREAT FALLS MT 59404-3648,broad_owner_fragment:AMB,"Keyword/fragment, identity-field, or proximity-only discovery signal.",Rejected / unrelated,rejected,No authoritative current relationship to Arthur Blank / AMB West; excluded.
CHAMBERS CHIZZICK TRUST,CHAMBERS CHIZZICK TRUST,0.214,1,Flathead,1520 WAZEE ST DENVER CO 80202-1312,broad_owner_fragment:AMB,"Keyword/fragment, identity-field, or proximity-only discovery signal.",Rejected / unrelated,rejected,No authoritative current relationship to Arthur Blank / AMB West; excluded.
BLANK LOGAN M,BLANK LOGAN M,0.213,1,Missoula,5544 CHARTER OAKS DR BETTENDORF IA 52722-5874,broad_owner_fragment:BLANK,"Keyword/fragment, identity-field, or proximity-only discovery signal.",Rejected / unrelated,rejected,No authoritative current relationship to Arthur Blank / AMB West; excluded.
LAMBERT GARY WADE,LAMBERT GARY WADE,0.213,1,Granite,PO BOX 561 PHILIPSBURG MT 59858-0561,broad_owner_fragment:AMB,"Keyword/fragment, identity-field, or proximity-only discovery signal.",Rejected / unrelated,rejected,No authoritative current relationship to Arthur Blank / AMB West; excluded.
AMBROSE WALTER E & ELIZABETH S,AMBROSE WALTER E AND ELIZABETH S,0.212,1,Cascade,2726 DAWN DR GREAT FALLS MT 59404-3634,broad_owner_fragment:AMB,"Keyword/fragment, identity-field, or proximity-only discovery signal.",Rejected / unrelated,rejected,No authoritative current relationship to Arthur Blank / AMB West; excluded.
LAMBERT JAMES M & CAROLYN A,LAMBERT JAMES M AND CAROLYN A,0.211,1,Gallatin,414 SHELTER GROVE CIRCLE BOZEMAN MT 59718,broad_owner_fragment:AMB,"Keyword/fragment, identity-field, or proximity-only discovery signal.",Rejected / unrelated,rejected,No authoritative current relationship to Arthur Blank / AMB West; excluded.
DICKEY TABATHA AMBER & EDWARD JEFFERSON,DICKEY TABATHA AMBER AND EDWARD JEFFERSON,0.21,1,Lewis and Clark,2884 ASHLEY AVE EAST HELENA MT 59635-3368,broad_owner_fragment:AMB,"Keyword/fragment, identity-field, or proximity-only discovery signal.",Rejected / unrelated,rejected,No authoritative current relationship to Arthur Blank / AMB West; excluded.
AMBUEHL LESLIE,AMBUEHL LESLIE,0.209,1,Cascade,756 32ND AVE NE GREAT FALLS MT 59404-1252,broad_owner_fragment:AMB,"Keyword/fragment, identity-field, or proximity-only discovery signal.",Rejected / unrelated,rejected,No authoritative current relationship to Arthur Blank / AMB West; excluded.
BRANDT AMBER C,BRANDT AMBER C,0.209,1,Cascade,825 29TH AVE NE GREAT FALLS MT 59404-1217,broad_owner_fragment:AMB,"Keyword/fragment, identity-field, or proximity-only discovery signal.",Rejected / unrelated,rejected,No authoritative current relationship to Arthur Blank / AMB West; excluded.
DENHAM AMBER M AND KENDALL,DENHAM AMBER M AND KENDALL,0.209,1,Fergus,115 13TH AVE S LEWISTOWN MT 59457-2808,broad_owner_fragment:AMB,"Keyword/fragment, identity-field, or proximity-only discovery signal.",Rejected / unrelated,rejected,No authoritative current relationship to Arthur Blank / AMB West; excluded.
RAMBUR DEBRA & PHILIP,RAMBUR DEBRA AND PHILIP,0.209,1,Custer,1023 COTTONWOOD LN MILES CITY MT 59301-4433,broad_owner_fragment:AMB,"Keyword/fragment, identity-field, or proximity-only discovery signal.",Rejected / unrelated,rejected,No authoritative current relationship to Arthur Blank / AMB West; excluded.
COSSI DOMENIC ANTHONY,COSSI DOMENIC ANTHONY,0.208,1,Gallatin,702 N MONTANA AVE BOZEMAN MT 59715-2921,broad_owner_fragment:DOME,"Keyword/fragment, identity-field, or proximity-only discovery signal.",Rejected / unrelated,rejected,No authoritative current relationship to Arthur Blank / AMB West; excluded.
RAUCH JEREMY P & AMBER D,RAUCH JEREMY P AND AMBER D,0.208,1,Lake,407 22ND AVE W POLSON MT 59860-4056,broad_owner_fragment:AMB,"Keyword/fragment, identity-field, or proximity-only discovery signal.",Rejected / unrelated,rejected,No authoritative current relationship to Arthur Blank / AMB West; excluded.
BLANKENSHIP KAYLA,BLANKENSHIP KAYLA,0.207,1,Rosebud,PO BOX 1068 COLSTRIP MT 59323-1068,broad_owner_fragment:BLANK,"Keyword/fragment, identity-field, or proximity-only discovery signal.",Rejected / unrelated,rejected,No authoritative current relationship to Arthur Blank / AMB West; excluded.
BURNS AMBER L,BURNS AMBER L,0.207,1,Flathead,200 SHORT PINE DR KALISPELL MT 59901-1424,broad_owner_fragment:AMB,"Keyword/fragment, identity-field, or proximity-only discovery signal.",Rejected / unrelated,rejected,No authoritative current relationship to Arthur Blank / AMB West; excluded.
CHAMBERLIN ADAM L & RUTH,CHAMBERLIN ADAM L AND RUTH,0.207,1,Mineral,6915 SILVER SPRINGS DR NW GIG HARBOR WA 98335-6599,broad_owner_fragment:AMB,"Keyword/fragment, identity-field, or proximity-only discovery signal.",Rejected / unrelated,rejected,No authoritative current relationship to Arthur Blank / AMB West; excluded.
CHAMBERS JENNIFER & DUSTIN,CHAMBERS JENNIFER AND DUSTIN,0.207,1,Cascade,2333 6TH AVE S GREAT FALLS MT 59405-2918,broad_owner_fragment:AMB,"Keyword/fragment, identity-field, or proximity-only discovery signal.",Rejected / unrelated,rejected,No authoritative current relationship to Arthur Blank / AMB West; excluded.
EWING ERIK W & AMBER R,EWING ERIK W AND AMBER R,0.207,1,Lewis and Clark,2585 CASPER DR EAST HELENA MT 59635-3451,broad_owner_fragment:AMB,"Keyword/fragment, identity-field, or proximity-only discovery signal.",Rejected / unrelated,rejected,No authoritative current relationship to Arthur Blank / AMB West; excluded.
FUHRINGER AMBER R,FUHRINGER AMBER R,0.207,1,Cascade,3720 8TH AVE N GREAT FALLS MT 59401-2229,broad_owner_fragment:AMB,"Keyword/fragment, identity-field, or proximity-only discovery signal.",Rejected / unrelated,rejected,No authoritative current relationship to Arthur Blank / AMB West; excluded.
GAMBILL DAVID & COLLEEN,GAMBILL DAVID AND COLLEEN,0.207,1,Lewis and Clark,2595 CODY DR EAST HELENA MT 59635-3444,broad_owner_fragment:AMB,"Keyword/fragment, identity-field, or proximity-only discovery signal.",Rejected / unrelated,rejected,No authoritative current relationship to Arthur Blank / AMB West; excluded.
HARWOOD CAMBERIA L & LOGAN H,HARWOOD CAMBERIA L AND LOGAN H,0.207,1,Flathead,PO BOX 2705 COLUMBIA FALLS MT 59912-2705,broad_owner_fragment:AMB,"Keyword/fragment, identity-field, or proximity-only discovery signal.",Rejected / unrelated,rejected,No authoritative current relationship to Arthur Blank / AMB West; excluded.
HORNBECK BAMBII & BRADLEY,HORNBECK BAMBII AND BRADLEY,0.207,1,Lewis and Clark,2625 PINKERTON DR EAST HELENA MT 59635-3437,broad_owner_fragment:AMB,"Keyword/fragment, identity-field, or proximity-only discovery signal.",Rejected / unrelated,rejected,No authoritative current relationship to Arthur Blank / AMB West; excluded.
KAMBIC ANNABELLE NOEL (ETAL),KAMBIC ANNABELLE NOEL ETAL,0.207,1,Cascade,1008 E FIESTA GREAT FALLS MT 59404-3766,broad_owner_fragment:AMB,"Keyword/fragment, identity-field, or proximity-only discovery signal.",Rejected / unrelated,rejected,No authoritative current relationship to Arthur Blank / AMB West; excluded.
LAMB GEORGE E,LAMB GEORGE E,0.207,1,Missoula,228 CAPDEVILLA LOLO MT 59847-9612,broad_owner_fragment:AMB,"Keyword/fragment, identity-field, or proximity-only discovery signal.",Rejected / unrelated,rejected,No authoritative current relationship to Arthur Blank / AMB West; excluded.
LAMB JAMUS P & TORI L,LAMB JAMUS P AND TORI L,0.207,1,Lewis and Clark,2635 PIKE DR EAST HELENA MT 59635-3439,broad_owner_fragment:AMB,"Keyword/fragment, identity-field, or proximity-only discovery signal.",Rejected / unrelated,rejected,No authoritative current relationship to Arthur Blank / AMB West; excluded.
LAMB JASON LYNN & JANELLE R,LAMB JASON LYNN AND JANELLE R,0.207,1,Richland,207 6TH ST SE SIDNEY MT 59270-5028,broad_owner_fragment:AMB,"Keyword/fragment, identity-field, or proximity-only discovery signal.",Rejected / unrelated,rejected,No authoritative current relationship to Arthur Blank / AMB West; excluded.
MILLAY THOMAS & AMBER,MILLAY THOMAS AND AMBER,0.207,1,Silver Bow,3325 BURLINGTON ST BUTTE MT 59701-4415,broad_owner_fragment:AMB,"Keyword/fragment, identity-field, or proximity-only discovery signal.",Rejected / unrelated,rejected,No authoritative current relationship to Arthur Blank / AMB West; excluded.
RAMBO-ORR DAWN M ETAL,RAMBO ORR DAWN M ETAL,0.207,1,Cascade,3229 4TH AVE S GREAT FALLS MT 59405-3333,broad_owner_fragment:AMB,"Keyword/fragment, identity-field, or proximity-only discovery signal.",Rejected / unrelated,rejected,No authoritative current relationship to Arthur Blank / AMB West; excluded.
SCHNEIDER AMBER DEE,SCHNEIDER AMBER DEE,0.207,1,Silver Bow,2219 LOCUST ST BUTTE MT 59701-4924,broad_owner_fragment:AMB,"Keyword/fragment, identity-field, or proximity-only discovery signal.",Rejected / unrelated,rejected,No authoritative current relationship to Arthur Blank / AMB West; excluded.
VAN SETTEN JOSHUA H & AMBER M,VAN SETTEN JOSHUA H AND AMBER M,0.207,1,Teton,PO BOX 398 CHOTEAU MT 59422-0398,broad_owner_fragment:AMB,"Keyword/fragment, identity-field, or proximity-only discovery signal.",Rejected / unrelated,rejected,No authoritative current relationship to Arthur Blank / AMB West; excluded.
WAMBOLT CARL L & LOIS,WAMBOLT CARL L AND LOIS,0.207,1,Gallatin,3300 E GRAF ST UNIT 86 BOZEMAN MT 59715-7196,broad_owner_fragment:AMB,"Keyword/fragment, identity-field, or proximity-only discovery signal.",Rejected / unrelated,rejected,No authoritative current relationship to Arthur Blank / AMB West; excluded.
108 SOUTH ARIZONA DOMESTIC NON PROFIT CORPORATION,108 SOUTH ARIZONA DOMESTIC NON PROFIT CORP,0.206,2,Silver Bow,1809 HOWARD ST BUTTE MT 59701-5633,broad_owner_fragment:DOME,"Keyword/fragment, identity-field, or proximity-only discovery signal.",Rejected / unrelated,rejected,No authoritative current relationship to Arthur Blank / AMB West; excluded.
GERHART AMBER,GERHART AMBER,0.206,1,Missoula,6002 MAINVIEW DR MISSOULA MT 59803-3331,broad_owner_fragment:AMB,"Keyword/fragment, identity-field, or proximity-only discovery signal.",Rejected / unrelated,rejected,No authoritative current relationship to Arthur Blank / AMB West; excluded.
"LAMB, LLOYD E & VERNA S",LAMB LLOYD E AND VERNA S,0.206,1,Yellowstone,2131 MOROCCO DR BILLINGS MT 59105-5480,broad_owner_fragment:AMB,"Keyword/fragment, identity-field, or proximity-only discovery signal.",Rejected / unrelated,rejected,No authoritative current relationship to Arthur Blank / AMB West; excluded.
LAMBERS APRIL,LAMBERS APRIL,0.206,1,Cascade,1109 39TH AVE NE GREAT FALLS MT 59404-6801,broad_owner_fragment:AMB,"Keyword/fragment, identity-field, or proximity-only discovery signal.",Rejected / unrelated,rejected,No authoritative current relationship to Arthur Blank / AMB West; excluded.
"BLANKENSHIP, RHONDA",BLANKENSHIP RHONDA,0.205,1,Yellowstone,1533 PING CIR BILLINGS MT 59105,broad_owner_fragment:BLANK,"Keyword/fragment, identity-field, or proximity-only discovery signal.",Rejected / unrelated,rejected,No authoritative current relationship to Arthur Blank / AMB West; excluded.
LAMBSON JAMES P,LAMBSON JAMES P,0.205,1,Missoula,4312 21ST AVE MISSOULA MT 59803-1225,broad_owner_fragment:AMB,"Keyword/fragment, identity-field, or proximity-only discovery signal.",Rejected / unrelated,rejected,No authoritative current relationship to Arthur Blank / AMB West; excluded.
HACKENBERG AMBER,HACKENBERG AMBER,0.204,1,Madison,203 BLYLER LN MILLMONT PA 17845-9070,broad_owner_fragment:AMB,"Keyword/fragment, identity-field, or proximity-only discovery signal.",Rejected / unrelated,rejected,No authoritative current relationship to Arthur Blank / AMB West; excluded.
LAMB TRAVIS & LIZETTE,LAMB TRAVIS AND LIZETTE,0.204,1,Valley,23 JET DR N GLASGOW MT 59230-1552,broad_owner_fragment:AMB,"Keyword/fragment, identity-field, or proximity-only discovery signal.",Rejected / unrelated,rejected,No authoritative current relationship to Arthur Blank / AMB West; excluded.
O'CAMB ROBERT & TIFFANY,O CAMB ROBERT AND TIFFANY,0.204,1,Cascade,2730 FERN DR GREAT FALLS MT 59404-3638,broad_owner_fragment:AMB,"Keyword/fragment, identity-field, or proximity-only discovery signal.",Rejected / unrelated,rejected,No authoritative current relationship to Arthur Blank / AMB West; excluded.
"BEAR, AMBER",BEAR AMBER,0.203,1,Yellowstone,428 KUHLMAN DR BILLINGS MT 59105-2451,broad_owner_fragment:AMB,"Keyword/fragment, identity-field, or proximity-only discovery signal.",Rejected / unrelated,rejected,No authoritative current relationship to Arthur Blank / AMB West; excluded.
GAMBOA MICHAEL E,GAMBOA MICHAEL E,0.203,1,Ravalli,1301 WESTWOOD CT HAMILTON MT 59840-2347,broad_owner_fragment:AMB,"Keyword/fragment, identity-field, or proximity-only discovery signal.",Rejected / unrelated,rejected,No authoritative current relationship to Arthur Blank / AMB West; excluded.
LAMBERT SHERYL L,LAMBERT SHERYL L,0.203,1,Flathead,2607 PIRINEOS WAY CARLSBAD CA 92009-7332,broad_owner_fragment:AMB,"Keyword/fragment, identity-field, or proximity-only discovery signal.",Rejected / unrelated,rejected,No authoritative current relationship to Arthur Blank / AMB West; excluded.
"WALDO, KYLE S & AMBER",WALDO KYLE S AND AMBER,0.203,1,Yellowstone,1012 WILOMA DR BILLINGS MT 59105-4408,broad_owner_fragment:AMB,"Keyword/fragment, identity-field, or proximity-only discovery signal.",Rejected / unrelated,rejected,No authoritative current relationship to Arthur Blank / AMB West; excluded.
CHAMBERS JASON & AMY,CHAMBERS JASON AND AMY,0.202,1,Pondera,405 S MICHIGAN ST CONRAD MT 59425-2232,broad_owner_fragment:AMB,"Keyword/fragment, identity-field, or proximity-only discovery signal.",Rejected / unrelated,rejected,No authoritative current relationship to Arthur Blank / AMB West; excluded.
"GANZEVELD, KLINTON & AMBER M",GANZEVELD KLINTON AND AMBER M,0.202,1,Yellowstone,4545 AUDUBON WAY BILLINGS MT 59106-1462,broad_owner_fragment:AMB,"Keyword/fragment, identity-field, or proximity-only discovery signal.",Rejected / unrelated,rejected,No authoritative current relationship to Arthur Blank / AMB West; excluded.
HAMBRICK MARGARET,HAMBRICK MARGARET,0.202,1,Gallatin,3701 TRAKKER TRL UNIT 1B-328 BOZEMAN MT 59718-8877,broad_owner_fragment:AMB,"Keyword/fragment, identity-field, or proximity-only discovery signal.",Rejected / unrelated,rejected,No authoritative current relationship to Arthur Blank / AMB West; excluded.
KICKING WOMAN JONI LAMB & KEVIN D,KICKING WOMAN JONI LAMB AND KEVIN D,0.202,1,Missoula,2323 W SUMMIT DR MISSOULA MT 59803-2621,broad_owner_fragment:AMB,"Keyword/fragment, identity-field, or proximity-only discovery signal.",Rejected / unrelated,rejected,No authoritative current relationship to Arthur Blank / AMB West; excluded.
"SPARKS, AMBER",SPARKS AMBER,0.202,1,Yellowstone,2528 BURLINGTON AVE BILLINGS MT 59102-3825,broad_owner_fragment:AMB,"Keyword/fragment, identity-field, or proximity-only discovery signal.",Rejected / unrelated,rejected,No authoritative current relationship to Arthur Blank / AMB West; excluded.
BLIXT KADEN A & AMBREE T,BLIXT KADEN A AND AMBREE T,0.201,1,Lake,305 2ND AVE SE RONAN MT 59864-3016,broad_owner_fragment:AMB,"Keyword/fragment, identity-field, or proximity-only discovery signal.",Rejected / unrelated,rejected,No authoritative current relationship to Arthur Blank / AMB West; excluded.
"WAMBOLT, EDWARD A & PAULINE L",WAMBOLT EDWARD A AND PAULINE L,0.201,1,Yellowstone,516 AVENUE C BILLINGS MT 59102-3608,broad_owner_fragment:AMB,"Keyword/fragment, identity-field, or proximity-only discovery signal.",Rejected / unrelated,rejected,No authoritative current relationship to Arthur Blank / AMB West; excluded.
"BLANKSMA, RICK &",BLANKSMA RICK AND,0.2,1,Yellowstone,833 LEWIS AVE BILLINGS MT 59101-5843,broad_owner_fragment:BLANK,"Keyword/fragment, identity-field, or proximity-only discovery signal.",Rejected / unrelated,rejected,No authoritative current relationship to Arthur Blank / AMB West; excluded.
CAMBRIDGE WARREN D,CAMBRIDGE WARREN D,0.2,1,Missoula,PO BOX 1014 BONNER MT 59823-1014,broad_owner_fragment:AMB,"Keyword/fragment, identity-field, or proximity-only discovery signal.",Rejected / unrelated,rejected,No authoritative current relationship to Arthur Blank / AMB West; excluded.
LAMBERT CONNOR & JACI,LAMBERT CONNOR AND JACI,0.2,2,Madison,PO BOX 251 HARRISON MT 59735-0251,broad_owner_fragment:AMB,"Keyword/fragment, identity-field, or proximity-only discovery signal.",Rejected / unrelated,rejected,No authoritative current relationship to Arthur Blank / AMB West; excluded.
LAMBRECHT CHASE,LAMBRECHT CHASE,0.2,1,Flathead,91 WILD ROSE LN WHITEFISH MT 59937-8913,broad_owner_fragment:AMB,"Keyword/fragment, identity-field, or proximity-only discovery signal.",Rejected / unrelated,rejected,No authoritative current relationship to Arthur Blank / AMB West; excluded.
LAMBRECHT ERIC & KAYLA,LAMBRECHT ERIC AND KAYLA,0.2,1,Silver Bow,3005 NETTIE ST BUTTE MT 59701-6527,broad_owner_fragment:AMB,"Keyword/fragment, identity-field, or proximity-only discovery signal.",Rejected / unrelated,rejected,No authoritative current relationship to Arthur Blank / AMB West; excluded.
MCGEE PATRICK & AMBER,MCGEE PATRICK AND AMBER,0.2,1,Cascade,3012 DELMAR DR GREAT FALLS MT 59404-3762,broad_owner_fragment:AMB,"Keyword/fragment, identity-field, or proximity-only discovery signal.",Rejected / unrelated,rejected,No authoritative current relationship to Arthur Blank / AMB West; excluded.
AMBERSON KEVIN D & DOUGLAS H &,AMBERSON KEVIN D AND DOUGLAS H AND,0.199,1,Gallatin,PO BOX 318 MC ALLISTER MT 59740-0318,broad_owner_fragment:AMB,"Keyword/fragment, identity-field, or proximity-only discovery signal.",Rejected / unrelated,rejected,No authoritative current relationship to Arthur Blank / AMB West; excluded.
"HAMBY, STEPHANIE E & JASON W",HAMBY STEPHANIE E AND JASON W,0.199,1,Yellowstone,1457 RANCHO VISTA AVE BILLINGS MT 59105-5531,broad_owner_fragment:AMB,"Keyword/fragment, identity-field, or proximity-only discovery signal.",Rejected / unrelated,rejected,No authoritative current relationship to Arthur Blank / AMB West; excluded.
HECK AMBER RIVERA,HECK AMBER RIVERA,0.199,1,Cascade,3721 FAIRWAY DR GREAT FALLS MT 59401-2286,broad_owner_fragment:AMB,"Keyword/fragment, identity-field, or proximity-only discovery signal.",Rejected / unrelated,rejected,No authoritative current relationship to Arthur Blank / AMB West; excluded.
"ROLFSON, KAMERON R & AMBER E",ROLFSON KAMERON R AND AMBER E,0.199,1,Yellowstone,3681 JASPER PARK DR BILLINGS MT 59102-7745,broad_owner_fragment:AMB,"Keyword/fragment, identity-field, or proximity-only discovery signal.",Rejected / unrelated,rejected,No authoritative current relationship to Arthur Blank / AMB West; excluded.
FERRIN DEBRA A & AMBER D,FERRIN DEBRA A AND AMBER D,0.198,1,Custer,218 S MERRIAM AVE MILES CITY MT 59301-4618,broad_owner_fragment:AMB,"Keyword/fragment, identity-field, or proximity-only discovery signal.",Rejected / unrelated,rejected,No authoritative current relationship to Arthur Blank / AMB West; excluded.
WILKINSON SEAN CHAMBERLIN,WILKINSON SEAN CHAMBERLIN,0.198,1,Silver Bow,222 E MERCURY ST BUTTE MT 59701-1812,broad_owner_fragment:AMB,"Keyword/fragment, identity-field, or proximity-only discovery signal.",Rejected / unrelated,rejected,No authoritative current relationship to Arthur Blank / AMB West; excluded.
"ZECH, TRAVIS & AMBER",ZECH TRAVIS AND AMBER,0.198,1,Yellowstone,5207 KING AVE E BILLINGS MT 59101-4606,broad_owner_fragment:AMB,"Keyword/fragment, identity-field, or proximity-only discovery signal.",Rejected / unrelated,rejected,No authoritative current relationship to Arthur Blank / AMB West; excluded.
"BLANKENSHIP, BECKY E",BLANKENSHIP BECKY E,0.197,1,Yellowstone,3740 MAMMOTH CAVE DR BILLINGS MT 59102-7750,broad_owner_fragment:BLANK,"Keyword/fragment, identity-field, or proximity-only discovery signal.",Rejected / unrelated,rejected,No authoritative current relationship to Arthur Blank / AMB West; excluded.
DAMBERGER RYAN,DAMBERGER RYAN,0.197,1,Gallatin,1008 FALCON RIDGE BLVD BELGRADE MT 59714,broad_owner_fragment:AMB,"Keyword/fragment, identity-field, or proximity-only discovery signal.",Rejected / unrelated,rejected,No authoritative current relationship to Arthur Blank / AMB West; excluded.
GAMBLE JOHN L & KATHERINE M,GAMBLE JOHN L AND KATHERINE M,0.197,1,Custer,1402 N 6TH ST MILES CITY MT 59301-5309,broad_owner_fragment:AMB,"Keyword/fragment, identity-field, or proximity-only discovery signal.",Rejected / unrelated,rejected,No authoritative current relationship to Arthur Blank / AMB West; excluded.
GILGE KODY LEE & AMBER IRENE,GILGE KODY LEE AND AMBER IRENE,0.197,2,Hill,PO BOX 2370 HAVRE MT 59501-2370,broad_owner_fragment:AMB,"Keyword/fragment, identity-field, or proximity-only discovery signal.",Rejected / unrelated,rejected,No authoritative current relationship to Arthur Blank / AMB West; excluded.
ORIZOTTI AMBER D &,ORIZOTTI AMBER D AND,0.197,1,Jefferson,PO BOX 487 BOULDER MT 59632-0487,broad_owner_fragment:AMB,"Keyword/fragment, identity-field, or proximity-only discovery signal.",Rejected / unrelated,rejected,No authoritative current relationship to Arthur Blank / AMB West; excluded.
LAMBERT RUSSELL J & CHERI L,LAMBERT RUSSELL J AND CHERI L,0.196,1,Cascade,820 E 50TH ST S GREAT FALLS MT 59405-5700,broad_owner_fragment:AMB,"Keyword/fragment, identity-field, or proximity-only discovery signal.",Rejected / unrelated,rejected,No authoritative current relationship to Arthur Blank / AMB West; excluded.
JOHNSON DEVIN & AMBER,JOHNSON DEVIN AND AMBER,0.195,1,Gallatin,2304 STURNELLA LN BELGRADE MT 59714-7725,broad_owner_fragment:AMB,"Keyword/fragment, identity-field, or proximity-only discovery signal.",Rejected / unrelated,rejected,No authoritative current relationship to Arthur Blank / AMB West; excluded.
"BRANNAN, AMBERLY DE WITT",BRANNAN AMBERLY DE WITT,0.194,1,Flathead,381 BATTLE RIDGE DR KALISPELL MT 59901-1409,broad_owner_fragment:AMB,"Keyword/fragment, identity-field, or proximity-only discovery signal.",Rejected / unrelated,rejected,No authoritative current relationship to Arthur Blank / AMB West; excluded.
LAMB BRUCE K & CINDY K,LAMB BRUCE K AND CINDY K,0.194,1,Hill,315 14TH ST W HAVRE MT 59501-5117,broad_owner_fragment:AMB,"Keyword/fragment, identity-field, or proximity-only discovery signal.",Rejected / unrelated,rejected,No authoritative current relationship to Arthur Blank / AMB West; excluded.
AMBUEHL MARVIN O & BETTIE L,AMBUEHL MARVIN O AND BETTIE L,0.193,1,Cascade,774 33RD B AVE NE GREAT FALLS MT 59404-1238,broad_owner_fragment:AMB,"Keyword/fragment, identity-field, or proximity-only discovery signal.",Rejected / unrelated,rejected,No authoritative current relationship to Arthur Blank / AMB West; excluded.
"BLANKENSHIP, CLAYTON L & ANNA L",BLANKENSHIP CLAYTON L AND ANNA L,0.193,1,Yellowstone,710 5TH AVE LAUREL MT 59044-1904,broad_owner_fragment:BLANK,"Keyword/fragment, identity-field, or proximity-only discovery signal.",Rejected / unrelated,rejected,No authoritative current relationship to Arthur Blank / AMB West; excluded.
BRANNON TYLER & AMBER,BRANNON TYLER AND AMBER,0.193,1,Cascade,337 RIVERVIEW 6 W GREAT FALLS MT 59404-1313,broad_owner_fragment:AMB,"Keyword/fragment, identity-field, or proximity-only discovery signal.",Rejected / unrelated,rejected,No authoritative current relationship to Arthur Blank / AMB West; excluded.
"COULTER, RANDALL G & AMBER M",COULTER RANDALL G AND AMBER M,0.193,1,Yellowstone,1840 CLARK AVE BILLINGS MT 59102-4043,broad_owner_fragment:AMB,"Keyword/fragment, identity-field, or proximity-only discovery signal.",Rejected / unrelated,rejected,No authoritative current relationship to Arthur Blank / AMB West; excluded.
GAMBLE DAVID P ETAL,GAMBLE DAVID P ETAL,0.193,1,Lewis and Clark,233 MEADOW VIEW LOOP EAST HELENA MT 59635-3158,broad_owner_fragment:AMB,"Keyword/fragment, identity-field, or proximity-only discovery signal.",Rejected / unrelated,rejected,No authoritative current relationship to Arthur Blank / AMB West; excluded.
GIBBS DANIEL S & AMBER K,GIBBS DANIEL S AND AMBER K,0.193,1,Sanders,1850 MT HIGHWAY 135 PLAINS MT 59859-9461,broad_owner_fragment:AMB,"Keyword/fragment, identity-field, or proximity-only discovery signal.",Rejected / unrelated,rejected,No authoritative current relationship to Arthur Blank / AMB West; excluded.
GRENFELL AMBER MICHELLE,GRENFELL AMBER MICHELLE,0.193,1,Cascade,221 17TH AVE NW GREAT FALLS MT 59404-1806,broad_owner_fragment:AMB,"Keyword/fragment, identity-field, or proximity-only discovery signal.",Rejected / unrelated,rejected,No authoritative current relationship to Arthur Blank / AMB West; excluded.
HAMBLEY RICHARD,HAMBLEY RICHARD,0.193,1,Hill,1218 3RD ST HAVRE MT 59501-3839,broad_owner_fragment:AMB,"Keyword/fragment, identity-field, or proximity-only discovery signal.",Rejected / unrelated,rejected,No authoritative current relationship to Arthur Blank / AMB West; excluded.
"HAMBLIN, BRENDA S & STEPHEN M",HAMBLIN BRENDA S AND STEPHEN M,0.193,1,Flathead,614 W ARIZONA ST KALISPELL MT 59901-3548,broad_owner_fragment:AMB,"Keyword/fragment, identity-field, or proximity-only discovery signal.",Rejected / unrelated,rejected,No authoritative current relationship to Arthur Blank / AMB West; excluded.
LAMBERT KENDLE J &,LAMBERT KENDLE J AND,0.193,1,Dawson,224 LYNDALE AVE GLENDIVE MT 59330-2862,broad_owner_fragment:AMB,"Keyword/fragment, identity-field, or proximity-only discovery signal.",Rejected / unrelated,rejected,No authoritative current relationship to Arthur Blank / AMB West; excluded.
"LAMBERT, JIM",LAMBERT JIM,0.193,1,Yellowstone,316 5TH AVE LAUREL MT 59044-2615,broad_owner_fragment:AMB,"Keyword/fragment, identity-field, or proximity-only discovery signal.",Rejected / unrelated,rejected,No authoritative current relationship to Arthur Blank / AMB West; excluded.
LAMBOTT LARRY LEE & PAM J JT,LAMBOTT LARRY LEE AND PAM J JT,0.193,1,Chouteau,PO BOX 681 FORT BENTON MT 59442-0681,broad_owner_fragment:AMB,"Keyword/fragment, identity-field, or proximity-only discovery signal.",Rejected / unrelated,rejected,No authoritative current relationship to Arthur Blank / AMB West; excluded.
LONG PRESTON & AMBRIA,LONG PRESTON AND AMBRIA,0.193,1,Richland,1526 11TH AVE SW SIDNEY MT 59270-5426,broad_owner_fragment:AMB,"Keyword/fragment, identity-field, or proximity-only discovery signal.",Rejected / unrelated,rejected,No authoritative current relationship to Arthur Blank / AMB West; excluded.
"MARTINEZ, AMBER",MARTINEZ AMBER,0.193,1,Yellowstone,2416 AVENUE B BILLINGS MT 59102-2611,broad_owner_fragment:AMB,"Keyword/fragment, identity-field, or proximity-only discovery signal.",Rejected / unrelated,rejected,No authoritative current relationship to Arthur Blank / AMB West; excluded.
MC COLLUM AMBER & SHAUN,MC COLLUM AMBER AND SHAUN,0.193,1,Flathead,907 10TH ST WHITEFISH MT 59937-2821,broad_owner_fragment:AMB,"Keyword/fragment, identity-field, or proximity-only discovery signal.",Rejected / unrelated,rejected,No authoritative current relationship to Arthur Blank / AMB West; excluded.
MILLER AMBER L & ERIC E,MILLER AMBER L AND ERIC E,0.193,1,Blaine,PO BOX 688 CHINOOK MT 59523-0688,broad_owner_fragment:AMB,"Keyword/fragment, identity-field, or proximity-only discovery signal.",Rejected / unrelated,rejected,No authoritative current relationship to Arthur Blank / AMB West; excluded.
PANKRATZ LUCAS & GAMBOA-SUAREZ LISETH,PANKRATZ LUCAS AND GAMBOA SUAREZ LISETH,0.193,1,Cascade,216 RIVERVIEW BLVD GREAT FALLS MT 59404-1432,broad_owner_fragment:AMB,"Keyword/fragment, identity-field, or proximity-only discovery signal.",Rejected / unrelated,rejected,No authoritative current relationship to Arthur Blank / AMB West; excluded.
RAMBERG GARY G & DEBRA L,RAMBERG GARY G AND DEBRA L,0.193,1,Blaine,PO BOX 1415 CHINOOK MT 59523-1415,broad_owner_fragment:AMB,"Keyword/fragment, identity-field, or proximity-only discovery signal.",Rejected / unrelated,rejected,No authoritative current relationship to Arthur Blank / AMB West; excluded.
RAMBERG RACHEL,RAMBERG RACHEL,0.193,1,Liberty,2822 2000 RD E JOPLIN MT 59531-7727,broad_owner_fragment:AMB,"Keyword/fragment, identity-field, or proximity-only discovery signal.",Rejected / unrelated,rejected,No authoritative current relationship to Arthur Blank / AMB West; excluded.
"SMITH, LANCE E & AMBER",SMITH LANCE E AND AMBER,0.193,1,Yellowstone,20 OHIO AVE LAUREL MT 59044-3129,broad_owner_fragment:AMB,"Keyword/fragment, identity-field, or proximity-only discovery signal.",Rejected / unrelated,rejected,No authoritative current relationship to Arthur Blank / AMB West; excluded.
WALKER WILLIAM T & AMBER J,WALKER WILLIAM T AND AMBER J,0.193,1,Ravalli,612 FRANKLIN AVE HAMILTON MT 59840-2240,broad_owner_fragment:AMB,"Keyword/fragment, identity-field, or proximity-only discovery signal.",Rejected / unrelated,rejected,No authoritative current relationship to Arthur Blank / AMB West; excluded.
BLANK KATHLEEN,BLANK KATHLEEN,0.192,1,Custer,MAIL TO: CHREST COLEEN 821 DOEDEN AVE MILES CITY MT 59301-5713,broad_owner_fragment:BLANK,"Keyword/fragment, identity-field, or proximity-only discovery signal.",Rejected / unrelated,rejected,No authoritative current relationship to Arthur Blank / AMB West; excluded.
GODBOUT AMBER L,GODBOUT AMBER L,0.192,1,Missoula,2319 43RD ST MISSOULA MT 59803-1116,broad_owner_fragment:AMB,"Keyword/fragment, identity-field, or proximity-only discovery signal.",Rejected / unrelated,rejected,No authoritative current relationship to Arthur Blank / AMB West; excluded.
LAMBERTS MATTHEW ADAM LUKE & ELINA,LAMBERTS MATTHEW ADAM LUKE AND ELINA,0.192,1,Flathead,1236 4TH AVE W KALISPELL MT 59901-5658,broad_owner_fragment:AMB,"Keyword/fragment, identity-field, or proximity-only discovery signal.",Rejected / unrelated,rejected,No authoritative current relationship to Arthur Blank / AMB West; excluded.
WAMBSGANS SHERYL L &,WAMBSGANS SHERYL L AND,0.192,1,Gallatin,PO BOX 10183 BOZEMAN MT 59719-0183,broad_owner_fragment:AMB,"Keyword/fragment, identity-field, or proximity-only discovery signal.",Rejected / unrelated,rejected,No authoritative current relationship to Arthur Blank / AMB West; excluded.
SCOTT AMBER,SCOTT AMBER,0.191,1,Missoula,9519 CHANSON PL MATTHEWS NC 28105-7661,broad_owner_fragment:AMB,"Keyword/fragment, identity-field, or proximity-only discovery signal.",Rejected / unrelated,rejected,No authoritative current relationship to Arthur Blank / AMB West; excluded.
BRANCH JOSEY & AMBER,BRANCH JOSEY AND AMBER,0.19,1,Stillwater,421 N HUNTERS WAY BOZEMAN MT 59718-1814,broad_owner_fragment:AMB,"Keyword/fragment, identity-field, or proximity-only discovery signal.",Rejected / unrelated,rejected,No authoritative current relationship to Arthur Blank / AMB West; excluded.
CANDACE & CAMBON REVOCABLE TRUST,CANDACE AND CAMBON REVOCABLE TRUST,0.19,1,Flathead,NANCY L EWING 836 BEARHAT MOUNTAIN RD KALISPELL MT 59901,broad_owner_fragment:AMB,"Keyword/fragment, identity-field, or proximity-only discovery signal.",Rejected / unrelated,rejected,No authoritative current relationship to Arthur Blank / AMB West; excluded.
"ANDERSEN, STEVEN & AMBER",ANDERSEN STEVEN AND AMBER,0.189,1,Yellowstone,1817 PATRICIA LN BILLINGS MT 59102-2645,broad_owner_fragment:AMB,"Keyword/fragment, identity-field, or proximity-only discovery signal.",Rejected / unrelated,rejected,No authoritative current relationship to Arthur Blank / AMB West; excluded.
"BLAINE, AMBERLE",BLAINE AMBERLE,0.189,1,Yellowstone,1119 MEGAN CIR BILLINGS MT 59105-8501,broad_owner_fragment:AMB,"Keyword/fragment, identity-field, or proximity-only discovery signal.",Rejected / unrelated,rejected,No authoritative current relationship to Arthur Blank / AMB West; excluded.
CHAMBERS DENNISE A,CHAMBERS DENNISE A,0.189,1,Flathead,1974 BLUESTONE DR KALISPELL MT 59901-7571,broad_owner_fragment:AMB,"Keyword/fragment, identity-field, or proximity-only discovery signal.",Rejected / unrelated,rejected,No authoritative current relationship to Arthur Blank / AMB West; excluded.
HAMBLIN GEORGE A TRUSTEE,HAMBLIN GEORGE A TRUSTEE,0.189,1,Powell,4031 PAXSON AVE BUTTE MT 59701-6988,broad_owner_fragment:AMB,"Keyword/fragment, identity-field, or proximity-only discovery signal.",Rejected / unrelated,rejected,No authoritative current relationship to Arthur Blank / AMB West; excluded.
GILLESPIE AMBER L,GILLESPIE AMBER L,0.188,1,Missoula,2423 NORTH AVE W MISSOULA MT 59801-5350,broad_owner_fragment:AMB,"Keyword/fragment, identity-field, or proximity-only discovery signal.",Rejected / unrelated,rejected,No authoritative current relationship to Arthur Blank / AMB West; excluded.
ANDERSON AMBER MICHELLE,ANDERSON AMBER MICHELLE,0.187,1,Custer,1700 BUTLER ST MILES CITY MT 59301-4546,broad_owner_fragment:AMB,"Keyword/fragment, identity-field, or proximity-only discovery signal.",Rejected / unrelated,rejected,No authoritative current relationship to Arthur Blank / AMB West; excluded.
"BRENNAN, AMBER L &",BRENNAN AMBER L AND,0.187,1,Yellowstone,4609 STONE ST BILLINGS MT 59101-4832,broad_owner_fragment:AMB,"Keyword/fragment, identity-field, or proximity-only discovery signal.",Rejected / unrelated,rejected,No authoritative current relationship to Arthur Blank / AMB West; excluded.
DHOOGE AMBER R,DHOOGE AMBER R,0.187,1,Missoula,1907 34TH ST MISSOULA MT 59801-8930,broad_owner_fragment:AMB,"Keyword/fragment, identity-field, or proximity-only discovery signal.",Rejected / unrelated,rejected,No authoritative current relationship to Arthur Blank / AMB West; excluded.
"CHAMBERS, BLAIN L",CHAMBERS BLAIN L,0.186,1,Yellowstone,67 MOUNTAIN VIEW BLVD BILLINGS MT 59101-0236,broad_owner_fragment:AMB,"Keyword/fragment, identity-field, or proximity-only discovery signal.",Rejected / unrelated,rejected,No authoritative current relationship to Arthur Blank / AMB West; excluded.
"HOPE, DAVID B & AMBER A",HOPE DAVID B AND AMBER A,0.186,1,Yellowstone,650 WINTER GREEN DR BILLINGS MT 59105-2944,broad_owner_fragment:AMB,"Keyword/fragment, identity-field, or proximity-only discovery signal.",Rejected / unrelated,rejected,No authoritative current relationship to Arthur Blank / AMB West; excluded.
"BLANKENBAKER, CHARLES W & BARBARA",BLANKENBAKER CHARLES W AND BARBARA,0.185,1,Yellowstone,504 GLEN DR BILLINGS MT 59102-4837,broad_owner_fragment:BLANK,"Keyword/fragment, identity-field, or proximity-only discovery signal.",Rejected / unrelated,rejected,No authoritative current relationship to Arthur Blank / AMB West; excluded.
"MILLER, CHRIS & AMBER",MILLER CHRIS AND AMBER,0.185,1,Yellowstone,2003 GEORGE ST BILLINGS MT 59102-6310,broad_owner_fragment:AMB,"Keyword/fragment, identity-field, or proximity-only discovery signal.",Rejected / unrelated,rejected,No authoritative current relationship to Arthur Blank / AMB West; excluded.
DIMASI-JANTZEN AMBER,DIMASI JANTZEN AMBER,0.184,1,Silver Bow,3040 NETTIE ST BUTTE MT 59701-6528,broad_owner_fragment:AMB,"Keyword/fragment, identity-field, or proximity-only discovery signal.",Rejected / unrelated,rejected,No authoritative current relationship to Arthur Blank / AMB West; excluded.
GALVEZ-ESPINOZA AMBER MONIQUE,GALVEZ ESPINOZA AMBER MONIQUE,0.184,1,Sanders,MAIL TO: LAURA BLACK-MORALEZ 11130 MONTE VISTA AVE MONTCLAIR CA 91763,broad_owner_fragment:AMB,"Keyword/fragment, identity-field, or proximity-only discovery signal.",Rejected / unrelated,rejected,No authoritative current relationship to Arthur Blank / AMB West; excluded.
GAMBITSKY PETER J,GAMBITSKY PETER J,0.184,1,Gallatin,589 VETERANS MEMORIAL HWY SMITHTOWN NY 11787-4309,broad_owner_fragment:AMB,"Keyword/fragment, identity-field, or proximity-only discovery signal.",Rejected / unrelated,rejected,No authoritative current relationship to Arthur Blank / AMB West; excluded.
"PFEIFER, AMBER",PFEIFER AMBER,0.184,1,Yellowstone,1011 10TH AVE LAUREL MT 59044-1620,broad_owner_fragment:AMB,"Keyword/fragment, identity-field, or proximity-only discovery signal.",Rejected / unrelated,rejected,No authoritative current relationship to Arthur Blank / AMB West; excluded.
"TABBERT, TRAVIS & AMBER",TABBERT TRAVIS AND AMBER,0.184,1,Yellowstone,5215 MILL STONE CIR BILLINGS MT 59106-4431,broad_owner_fragment:AMB,"Keyword/fragment, identity-field, or proximity-only discovery signal.",Rejected / unrelated,rejected,No authoritative current relationship to Arthur Blank / AMB West; excluded.
CAMPBELL BAMBY,CAMPBELL BAMBY,0.183,1,Lewis and Clark,1735 GOLDEN ST HELENA MT 59601-4648,broad_owner_fragment:AMB,"Keyword/fragment, identity-field, or proximity-only discovery signal.",Rejected / unrelated,rejected,No authoritative current relationship to Arthur Blank / AMB West; excluded.
"LAMBRECHT, EDWIN A",LAMBRECHT EDWIN A,0.183,1,Yellowstone,409 S PLATT AVE RED LODGE MT 59068-9224,broad_owner_fragment:AMB,"Keyword/fragment, identity-field, or proximity-only discovery signal.",Rejected / unrelated,rejected,No authoritative current relationship to Arthur Blank / AMB West; excluded.
PEDERSEN AMBER,PEDERSEN AMBER,0.183,1,Cascade,1609 5TH AVE N GREAT FALLS MT 59401-1711,broad_owner_fragment:AMB,"Keyword/fragment, identity-field, or proximity-only discovery signal.",Rejected / unrelated,rejected,No authoritative current relationship to Arthur Blank / AMB West; excluded.
BLANK LISA M,BLANK LISA M,0.182,1,Flathead,270 FARVIEW DR KALISPELL MT 59901-2611,broad_owner_fragment:BLANK,"Keyword/fragment, identity-field, or proximity-only discovery signal.",Rejected / unrelated,rejected,No authoritative current relationship to Arthur Blank / AMB West; excluded.
HOLDSAMBECK REX L,HOLDSAMBECK REX L,0.182,1,Missoula,445 DEARBORN AVE MISSOULA MT 59801-8032,broad_owner_fragment:AMB,"Keyword/fragment, identity-field, or proximity-only discovery signal.",Rejected / unrelated,rejected,No authoritative current relationship to Arthur Blank / AMB West; excluded.
ROBEDEAU AMBER M,ROBEDEAU AMBER M,0.182,1,Cascade,1505 29TH AVE S GREAT FALLS MT 59405,broad_owner_fragment:AMB,"Keyword/fragment, identity-field, or proximity-only discovery signal.",Rejected / unrelated,rejected,No authoritative current relationship to Arthur Blank / AMB West; excluded.
"BINGHAM, BRADLEY WAYNE & AMBER WESTOVER",BINGHAM BRADLEY WAYNE AND AMBER WESTOVER,0.181,1,Yellowstone,1252 CAROLINE ST BILLINGS MT 59105-5217,broad_owner_fragment:AMB,"Keyword/fragment, identity-field, or proximity-only discovery signal.",Rejected / unrelated,rejected,No authoritative current relationship to Arthur Blank / AMB West; excluded.
LAMB CHRISTOPHER & KIMBERLY,LAMB CHRISTOPHER AND KIMBERLY,0.181,1,Lewis and Clark,231 STIRLING LOOP EAST HELENA MT 59635-3162,broad_owner_fragment:AMB,"Keyword/fragment, identity-field, or proximity-only discovery signal.",Rejected / unrelated,rejected,No authoritative current relationship to Arthur Blank / AMB West; excluded.
BLANKENSHIP DENISE L,BLANKENSHIP DENISE L,0.18,1,Lewis and Clark,1220 LESLIE AVE HELENA MT 59601-1821,broad_owner_fragment:BLANK,"Keyword/fragment, identity-field, or proximity-only discovery signal.",Rejected / unrelated,rejected,No authoritative current relationship to Arthur Blank / AMB West; excluded.
BLISS AMBER & SEAN,BLISS AMBER AND SEAN,0.18,1,Gallatin,45 POTTER LN BELGRADE MT 59714-9595,broad_owner_fragment:AMB,"Keyword/fragment, identity-field, or proximity-only discovery signal.",Rejected / unrelated,rejected,No authoritative current relationship to Arthur Blank / AMB West; excluded.
ELLIOTT AMBER & KEVIN,ELLIOTT AMBER AND KEVIN,0.18,1,Flathead,2199 GOLDEN EYE CT KALISPELL MT 59901-8940,broad_owner_fragment:AMB,"Keyword/fragment, identity-field, or proximity-only discovery signal.",Rejected / unrelated,rejected,No authoritative current relationship to Arthur Blank / AMB West; excluded.
GAMBLE TRIXY BIEM,GAMBLE TRIXY BIEM,0.18,1,Hill,904 6TH ST N HAVRE MT 59501-3026,broad_owner_fragment:AMB,"Keyword/fragment, identity-field, or proximity-only discovery signal.",Rejected / unrelated,rejected,No authoritative current relationship to Arthur Blank / AMB West; excluded.
LAMBERT TIM & ANDREA,LAMBERT TIM AND ANDREA,0.18,1,Gallatin,610 TALON WAY BOZEMAN MT 59718-9808,broad_owner_fragment:AMB,"Keyword/fragment, identity-field, or proximity-only discovery signal.",Rejected / unrelated,rejected,No authoritative current relationship to Arthur Blank / AMB West; excluded.
RISING STAR ACADEMY A DOMESTIC NON PROFIT CORP,RISING STAR ACADEMY A DOMESTIC NON PROFIT CORP,0.18,1,Powell,400 MISSOURI AVE DEER LODGE MT 59722-1007,broad_owner_fragment:DOME,"Keyword/fragment, identity-field, or proximity-only discovery signal.",Rejected / unrelated,rejected,No authoritative current relationship to Arthur Blank / AMB West; excluded.
SHOWALTER HERRON AMBER J TRUSTEE,SHOWALTER HERRON AMBER J TRUSTEE,0.18,1,Stillwater,1920 SPRING CREEK RD LAUREL MT 59044-8857,broad_owner_fragment:AMB,"Keyword/fragment, identity-field, or proximity-only discovery signal.",Rejected / unrelated,rejected,No authoritative current relationship to Arthur Blank / AMB West; excluded.
WILKINSON MICHAEL E & AMBER C,WILKINSON MICHAEL E AND AMBER C,0.18,1,Gallatin,517 DOVE CT BOZEMAN MT 59718-1820,broad_owner_fragment:AMB,"Keyword/fragment, identity-field, or proximity-only discovery signal.",Rejected / unrelated,rejected,No authoritative current relationship to Arthur Blank / AMB West; excluded.
AMBERSON JEREMY T,AMBERSON JEREMY T,0.179,1,Missoula,603 HOWELL ST MISSOULA MT 59802-2534,broad_owner_fragment:AMB,"Keyword/fragment, identity-field, or proximity-only discovery signal.",Rejected / unrelated,rejected,No authoritative current relationship to Arthur Blank / AMB West; excluded.
ARCHAMBEAULT LORRAINE,ARCHAMBEAULT LORRAINE,0.179,1,Valley,MAIL TO: JOANN ROGERS 4420 S ANDES WAY AURORA CO 80015-4561,broad_owner_fragment:AMB,"Keyword/fragment, identity-field, or proximity-only discovery signal.",Rejected / unrelated,rejected,No authoritative current relationship to Arthur Blank / AMB West; excluded.
BLANKENSHIP KEITH R & DIANE H TRUSTEES,BLANKENSHIP KEITH R AND DIANE H TRUSTEES,0.179,1,Lewis and Clark,1220 HOLLINS AVE HELENA MT 59601-1815,broad_owner_fragment:BLANK,"Keyword/fragment, identity-field, or proximity-only discovery signal.",Rejected / unrelated,rejected,No authoritative current relationship to Arthur Blank / AMB West; excluded.
CHAMBERS KRISTEN & BRIDGER,CHAMBERS KRISTEN AND BRIDGER,0.179,1,Silver Bow,2 CLAY AVE BUTTE MT 59701-3174,broad_owner_fragment:AMB,"Keyword/fragment, identity-field, or proximity-only discovery signal.",Rejected / unrelated,rejected,No authoritative current relationship to Arthur Blank / AMB West; excluded.
DEMING AMBER,DEMING AMBER,0.179,2,Silver Bow,128 E MAIN ST APT 2 BOZEMAN MT 59715-4788,broad_owner_fragment:AMB,"Keyword/fragment, identity-field, or proximity-only discovery signal.",Rejected / unrelated,rejected,No authoritative current relationship to Arthur Blank / AMB West; excluded.
GAMBILL TANNER C,GAMBILL TANNER C,0.179,1,Rosebud,ATTN: BOURASSA GARY L & PEGGY R PO BOX 567 FORSYTH MT 59327-0567,broad_owner_fragment:AMB,"Keyword/fragment, identity-field, or proximity-only discovery signal.",Rejected / unrelated,rejected,No authoritative current relationship to Arthur Blank / AMB West; excluded.
GATES CASEY & AMBER TRUST,GATES CASEY AND AMBER TRUST,0.179,1,Powell,502 PHEASANT LN KALISPELL MT 59901-6190,broad_owner_fragment:AMB,"Keyword/fragment, identity-field, or proximity-only discovery signal.",Rejected / unrelated,rejected,No authoritative current relationship to Arthur Blank / AMB West; excluded.
HAMBLETON ERIC & JENNIFER,HAMBLETON ERIC AND JENNIFER,0.179,1,Cascade,1305 AVENUE C NW GREAT FALLS MT 59404-1735,broad_owner_fragment:AMB,"Keyword/fragment, identity-field, or proximity-only discovery signal.",Rejected / unrelated,rejected,No authoritative current relationship to Arthur Blank / AMB West; excluded.
JOHNSON ADAM & AMBER,JOHNSON ADAM AND AMBER,0.179,1,Valley,611 4TH AVE N GLASGOW MT 59230-1729,broad_owner_fragment:AMB,"Keyword/fragment, identity-field, or proximity-only discovery signal.",Rejected / unrelated,rejected,No authoritative current relationship to Arthur Blank / AMB West; excluded.
"LAMB, ADRIANNA",LAMB ADRIANNA,0.179,1,Yellowstone,507 E 5TH ST LAUREL MT 59044-2709,broad_owner_fragment:AMB,"Keyword/fragment, identity-field, or proximity-only discovery signal.",Rejected / unrelated,rejected,No authoritative current relationship to Arthur Blank / AMB West; excluded.
MALAVE AMBER K ET AL,MALAVE AMBER K ET AL,0.179,1,Cascade,1132 AVENUE D NW GREAT FALLS MT 59404-1740,broad_owner_fragment:AMB,"Keyword/fragment, identity-field, or proximity-only discovery signal.",Rejected / unrelated,rejected,No authoritative current relationship to Arthur Blank / AMB West; excluded.
PEARSON AMBER,PEARSON AMBER,0.179,1,Cascade,1308 AVENUE C NW GREAT FALLS MT 59404-1736,broad_owner_fragment:AMB,"Keyword/fragment, identity-field, or proximity-only discovery signal.",Rejected / unrelated,rejected,No authoritative current relationship to Arthur Blank / AMB West; excluded.
RAMBERG STEVEN R & KRISTINE M,RAMBERG STEVEN R AND KRISTINE M,0.179,2,Gallatin | Lake,126 TIMBERVIEW CIR BOZEMAN MT 59718-8295 | PO BOX 97 BIG ARM MT 59910-0097,broad_owner_fragment:AMB,"Keyword/fragment, identity-field, or proximity-only discovery signal.",Rejected / unrelated,rejected,No authoritative current relationship to Arthur Blank / AMB West; excluded.
SWINDLER AMBER L,SWINDLER AMBER L,0.179,1,Valley,94 LOMOND AVE GLASGOW MT 59230-2117,broad_owner_fragment:AMB,"Keyword/fragment, identity-field, or proximity-only discovery signal.",Rejected / unrelated,rejected,No authoritative current relationship to Arthur Blank / AMB West; excluded.
ZAMBRANO STEVE & JESSICA,ZAMBRANO STEVE AND JESSICA,0.179,1,Flathead,451 MOUNTAIN VISTA WAY KALISPELL MT 59901-7156,broad_owner_fragment:AMB,"Keyword/fragment, identity-field, or proximity-only discovery signal.",Rejected / unrelated,rejected,No authoritative current relationship to Arthur Blank / AMB West; excluded.
"CHAMBERS, KENNEDY C &",CHAMBERS KENNEDY C AND,0.178,1,Yellowstone,967 ANACAPA LN BILLINGS MT 59105-5488,broad_owner_fragment:AMB,"Keyword/fragment, identity-field, or proximity-only discovery signal.",Rejected / unrelated,rejected,No authoritative current relationship to Arthur Blank / AMB West; excluded.
"GAMBILL, TERRI M",GAMBILL TERRI M,0.178,1,Yellowstone,35 LEXINGTON DR BILLINGS MT 59102-5735,broad_owner_fragment:AMB,"Keyword/fragment, identity-field, or proximity-only discovery signal.",Rejected / unrelated,rejected,No authoritative current relationship to Arthur Blank / AMB West; excluded.
"D'AMBROSIA, SY S &",D AMBROSIA SY S AND,0.177,1,Yellowstone,711 AVENUE C BILLINGS MT 59102-3531,broad_owner_fragment:AMB,"Keyword/fragment, identity-field, or proximity-only discovery signal.",Rejected / unrelated,rejected,No authoritative current relationship to Arthur Blank / AMB West; excluded.
DOMENICO PETER ALEXANDER & ANN MARIE,DOMENICO PETER ALEXANDER AND ANN MARIE,0.177,1,Gallatin,414 SANDERS AVE BOZEMAN MT 59718-6201,broad_owner_fragment:DOME,"Keyword/fragment, identity-field, or proximity-only discovery signal.",Rejected / unrelated,rejected,No authoritative current relationship to Arthur Blank / AMB West; excluded.
"KELLY, KAMBER A",KELLY KAMBER A,0.177,1,Yellowstone,2924 TARTAN RD BILLINGS MT 59101-9486,broad_owner_fragment:AMB,"Keyword/fragment, identity-field, or proximity-only discovery signal.",Rejected / unrelated,rejected,No authoritative current relationship to Arthur Blank / AMB West; excluded.
"WELTON, ZACHARY R & AMBER N",WELTON ZACHARY R AND AMBER N,0.177,1,Yellowstone,1277 TWIN LAKES DR BILLINGS MT 59105-2369,broad_owner_fragment:AMB,"Keyword/fragment, identity-field, or proximity-only discovery signal.",Rejected / unrelated,rejected,No authoritative current relationship to Arthur Blank / AMB West; excluded.
ARCHAMBEAULT RODNEY & ARLEEN R,ARCHAMBEAULT RODNEY AND ARLEEN R,0.176,1,Valley,849 6TH ST N GLASGOW MT 59230-1743,broad_owner_fragment:AMB,"Keyword/fragment, identity-field, or proximity-only discovery signal.",Rejected / unrelated,rejected,No authoritative current relationship to Arthur Blank / AMB West; excluded.
"CHAMBERS, TODD",CHAMBERS TODD,0.176,1,Yellowstone,5408 CORNER STONE AVE BILLINGS MT 59106-1217,broad_owner_fragment:AMB,"Keyword/fragment, identity-field, or proximity-only discovery signal.",Rejected / unrelated,rejected,No authoritative current relationship to Arthur Blank / AMB West; excluded.
"DAVID, DONALD V & AMBER",DAVID DONALD V AND AMBER,0.176,1,Yellowstone,250 UINTA PARK DR BILLINGS MT 59105-4467,broad_owner_fragment:AMB,"Keyword/fragment, identity-field, or proximity-only discovery signal.",Rejected / unrelated,rejected,No authoritative current relationship to Arthur Blank / AMB West; excluded.
BLANK BRANDON & HOLLY MATZ,BLANK BRANDON AND HOLLY MATZ,0.175,1,Lewis and Clark,6150 ROSENDALE RD EAST HELENA MT 59635-9774,broad_owner_fragment:BLANK,"Keyword/fragment, identity-field, or proximity-only discovery signal.",Rejected / unrelated,rejected,No authoritative current relationship to Arthur Blank / AMB West; excluded.
CAMBRIDGE JARED PAUL & EMILY MEGAN,CAMBRIDGE JARED PAUL AND EMILY MEGAN,0.175,1,Lewis and Clark,338 MEADOW VIEW LOOP EAST HELENA MT 59635-3145,broad_owner_fragment:AMB,"Keyword/fragment, identity-field, or proximity-only discovery signal.",Rejected / unrelated,rejected,No authoritative current relationship to Arthur Blank / AMB West; excluded.
CHAMBERS CLARENCE L & LINDA J,CHAMBERS CLARENCE L AND LINDA J,0.175,1,Lewis and Clark,234 GREENWOOD DR HELENA MT 59601-0343,broad_owner_fragment:AMB,"Keyword/fragment, identity-field, or proximity-only discovery signal.",Rejected / unrelated,rejected,No authoritative current relationship to Arthur Blank / AMB West; excluded.
"GRIFFITH, AMBER L",GRIFFITH AMBER L,0.174,1,Yellowstone,5423 CASTLE STONE AVE BILLINGS MT 59106-1247,broad_owner_fragment:AMB,"Keyword/fragment, identity-field, or proximity-only discovery signal.",Rejected / unrelated,rejected,No authoritative current relationship to Arthur Blank / AMB West; excluded.
HENNING AMBER   ETAL,HENNING AMBER ETAL,0.174,1,Cascade,3332 17TH AVE S GREAT FALLS MT 59405-6504,broad_owner_fragment:AMB,"Keyword/fragment, identity-field, or proximity-only discovery signal.",Rejected / unrelated,rejected,No authoritative current relationship to Arthur Blank / AMB West; excluded.
JILLARD DAVID J & AMBER D,JILLARD DAVID J AND AMBER D,0.174,1,Gallatin,215 LOWER RAINBOW RD BOZEMAN MT 59718-8121,broad_owner_fragment:AMB,"Keyword/fragment, identity-field, or proximity-only discovery signal.",Rejected / unrelated,rejected,No authoritative current relationship to Arthur Blank / AMB West; excluded.
O'CONNOR AMBER,O CONNOR AMBER,0.174,1,Yellowstone,3538 GRANGER AVE W BILLINGS MT 59102-6099,broad_owner_fragment:AMB,"Keyword/fragment, identity-field, or proximity-only discovery signal.",Rejected / unrelated,rejected,No authoritative current relationship to Arthur Blank / AMB West; excluded.
"RAMBO, MELISSA D & JASON",RAMBO MELISSA D AND JASON,0.174,1,Yellowstone,2210 14TH ST W BILLINGS MT 59102-2430,broad_owner_fragment:AMB,"Keyword/fragment, identity-field, or proximity-only discovery signal.",Rejected / unrelated,rejected,No authoritative current relationship to Arthur Blank / AMB West; excluded.
LAMBERT KRISTEN M & SHAUN D,LAMBERT KRISTEN M AND SHAUN D,0.173,1,Gallatin,1216 CARDINAL DR BELGRADE MT 59714-9728,broad_owner_fragment:AMB,"Keyword/fragment, identity-field, or proximity-only discovery signal.",Rejected / unrelated,rejected,No authoritative current relationship to Arthur Blank / AMB West; excluded.
RAGEN  WHITE & LAMBOTT,RAGEN WHITE AND LAMBOTT,0.173,2,Broadwater,PO BOX 502 TOWNSEND MT 59644-0502,broad_owner_fragment:AMB,"Keyword/fragment, identity-field, or proximity-only discovery signal.",Rejected / unrelated,rejected,No authoritative current relationship to Arthur Blank / AMB West; excluded.
ALHAMBRA MOISES & ZAIRES,ALHAMBRA MOISES AND ZAIRES,0.172,1,Cascade,1201 19TH ST S GREAT FALLS MT 59405-4840,broad_owner_fragment:AMB,"Keyword/fragment, identity-field, or proximity-only discovery signal.",Rejected / unrelated,rejected,No authoritative current relationship to Arthur Blank / AMB West; excluded.
AUGUSTIN BAMBI & CRAIG,AUGUSTIN BAMBI AND CRAIG,0.172,1,Gallatin,7215 SCAMP CT FORT COLLINS CO 80526-9688,broad_owner_fragment:AMB,"Keyword/fragment, identity-field, or proximity-only discovery signal.",Rejected / unrelated,rejected,No authoritative current relationship to Arthur Blank / AMB West; excluded.
BATEEN AMBER D,BATEEN AMBER D,0.172,1,Cascade,2716 3RD AVE S GREAT FALLS MT 59405-3108,broad_owner_fragment:AMB,"Keyword/fragment, identity-field, or proximity-only discovery signal.",Rejected / unrelated,rejected,No authoritative current relationship to Arthur Blank / AMB West; excluded.
BLANK JOHN M & DEBRA L,BLANK JOHN M AND DEBRA L,0.172,1,Cascade,2220 2ND AVE N GREAT FALLS MT 59401-3312,broad_owner_fragment:BLANK,"Keyword/fragment, identity-field, or proximity-only discovery signal.",Rejected / unrelated,rejected,No authoritative current relationship to Arthur Blank / AMB West; excluded.
"BLANK, ZACHARY & BRYANNA",BLANK ZACHARY AND BRYANNA,0.172,1,Yellowstone,1233 NASTURTIUM DR BILLINGS MT 59105-6003,broad_owner_fragment:BLANK,"Keyword/fragment, identity-field, or proximity-only discovery signal.",Rejected / unrelated,rejected,No authoritative current relationship to Arthur Blank / AMB West; excluded.
BLANKENSHIP REBECCA,BLANKENSHIP REBECCA,0.172,1,Dawson,521 S TAYLOR AVE GLENDIVE MT 59330-2339,broad_owner_fragment:BLANK,"Keyword/fragment, identity-field, or proximity-only discovery signal.",Rejected / unrelated,rejected,No authoritative current relationship to Arthur Blank / AMB West; excluded.
BRAMBLETT PAUL & RENEE,BRAMBLETT PAUL AND RENEE,0.172,1,Cascade,3400 3RD AVE N GREAT FALLS MT 59401-3028,broad_owner_fragment:AMB,"Keyword/fragment, identity-field, or proximity-only discovery signal.",Rejected / unrelated,rejected,No authoritative current relationship to Arthur Blank / AMB West; excluded.
BRAMBLETT SHARON KAYE,BRAMBLETT SHARON KAYE,0.172,1,Flathead,2050 MAHOGANY AVE KALISPELL MT 59901-5938,broad_owner_fragment:AMB,"Keyword/fragment, identity-field, or proximity-only discovery signal.",Rejected / unrelated,rejected,No authoritative current relationship to Arthur Blank / AMB West; excluded.
BROMLIE AMBER,BROMLIE AMBER,0.172,1,Cascade,2115 5TH AVE N GREAT FALLS MT 59401-1811,broad_owner_fragment:AMB,"Keyword/fragment, identity-field, or proximity-only discovery signal.",Rejected / unrelated,rejected,No authoritative current relationship to Arthur Blank / AMB West; excluded.
CAMBELL KATHRYN L,CAMBELL KATHRYN L,0.172,1,Cascade,1810 2ND AVE N GREAT FALLS MT 59401-3228,broad_owner_fragment:AMB,"Keyword/fragment, identity-field, or proximity-only discovery signal.",Rejected / unrelated,rejected,No authoritative current relationship to Arthur Blank / AMB West; excluded.
CARROCCE DOMENIC & MARY,CARROCCE DOMENIC AND MARY,0.172,1,Jefferson,207 N WHITEHALL ST WHITEHALL MT 59759-7751,broad_owner_fragment:DOME,"Keyword/fragment, identity-field, or proximity-only discovery signal.",Rejected / unrelated,rejected,No authoritative current relationship to Arthur Blank / AMB West; excluded.
CHAMBERLAIN JANIS,CHAMBERLAIN JANIS,0.172,1,Cascade,1201 4TH AVE S GREAT FALLS MT 59405-2317,broad_owner_fragment:AMB,"Keyword/fragment, identity-field, or proximity-only discovery signal.",Rejected / unrelated,rejected,No authoritative current relationship to Arthur Blank / AMB West; excluded.
CHAMBERLAIN JOEY J,CHAMBERLAIN JOEY J,0.172,1,Cascade,3115 7TH AVE N GREAT FALLS MT 59401-2120,broad_owner_fragment:AMB,"Keyword/fragment, identity-field, or proximity-only discovery signal.",Rejected / unrelated,rejected,No authoritative current relationship to Arthur Blank / AMB West; excluded.
CHAMBERLAIN PATRICIA L SURVIVORS TRUST,CHAMBERLAIN PATRICIA L SURVIVORS TRUST,0.172,1,Cascade,1301 4TH AVE N GREAT FALLS MT 59401-1415,broad_owner_fragment:AMB,"Keyword/fragment, identity-field, or proximity-only discovery signal.",Rejected / unrelated,rejected,No authoritative current relationship to Arthur Blank / AMB West; excluded.
CHAMBERLIN KATELYNN R,CHAMBERLIN KATELYNN R,0.172,1,Gallatin,1715 TRAILCREST DR BOZEMAN MT 59718-7540,broad_owner_fragment:AMB,"Keyword/fragment, identity-field, or proximity-only discovery signal.",Rejected / unrelated,rejected,No authoritative current relationship to Arthur Blank / AMB West; excluded.
CHAMBERS PAMELA JEAN ETAL,CHAMBERS PAMELA JEAN ETAL,0.172,1,Cascade,1604 4TH AVE S GREAT FALLS MT 59405-2451,broad_owner_fragment:AMB,"Keyword/fragment, identity-field, or proximity-only discovery signal.",Rejected / unrelated,rejected,No authoritative current relationship to Arthur Blank / AMB West; excluded.
CHAMBERS TERRY L & MISCHELLE A,CHAMBERS TERRY L AND MISCHELLE A,0.172,1,Cascade,2721 7TH AVE N GREAT FALLS MT 59401-2020,broad_owner_fragment:AMB,"Keyword/fragment, identity-field, or proximity-only discovery signal.",Rejected / unrelated,rejected,No authoritative current relationship to Arthur Blank / AMB West; excluded.
DEVOE JONATHAN C AND AMBER L,DEVOE JONATHAN C AND AMBER L,0.172,1,Mineral,162 RAILROAD AVE ALBERTON MT 59820-9538,broad_owner_fragment:AMB,"Keyword/fragment, identity-field, or proximity-only discovery signal.",Rejected / unrelated,rejected,No authoritative current relationship to Arthur Blank / AMB West; excluded.
GAMBLE JACK M & MARY ANN,GAMBLE JACK M AND MARY ANN,0.172,1,Cascade,636 26TH AVE NE GREAT FALLS MT 59404-1624,broad_owner_fragment:AMB,"Keyword/fragment, identity-field, or proximity-only discovery signal.",Rejected / unrelated,rejected,No authoritative current relationship to Arthur Blank / AMB West; excluded.
GILLESPIE CODY & AMBER,GILLESPIE CODY AND AMBER,0.172,1,Cascade,3120 1ST AVE S GREAT FALLS MT 59401-3449,broad_owner_fragment:AMB,"Keyword/fragment, identity-field, or proximity-only discovery signal.",Rejected / unrelated,rejected,No authoritative current relationship to Arthur Blank / AMB West; excluded.
GRANZOW AMBER R,GRANZOW AMBER R,0.172,1,Cascade,1217 3RD AVE S GREAT FALLS MT 59405-2305,broad_owner_fragment:AMB,"Keyword/fragment, identity-field, or proximity-only discovery signal.",Rejected / unrelated,rejected,No authoritative current relationship to Arthur Blank / AMB West; excluded.
"HAMBLEN, KEITH L & ASHLEY",HAMBLEN KEITH L AND ASHLEY,0.172,1,Yellowstone,1221 NASTURTIUM DR BILLINGS MT 59105-6003,broad_owner_fragment:AMB,"Keyword/fragment, identity-field, or proximity-only discovery signal.",Rejected / unrelated,rejected,No authoritative current relationship to Arthur Blank / AMB West; excluded.
HENZLIK AMBER,HENZLIK AMBER,0.172,1,Cascade,213 8TH ST S GREAT FALLS MT 59405-1926,broad_owner_fragment:AMB,"Keyword/fragment, identity-field, or proximity-only discovery signal.",Rejected / unrelated,rejected,No authoritative current relationship to Arthur Blank / AMB West; excluded.
HERIGON AMBER,HERIGON AMBER,0.172,1,Cascade,3526 4TH AVE N GREAT FALLS MT 59401-3016,broad_owner_fragment:AMB,"Keyword/fragment, identity-field, or proximity-only discovery signal.",Rejected / unrelated,rejected,No authoritative current relationship to Arthur Blank / AMB West; excluded.
JAMBRETZ MICHAEL L & GERALDINE D,JAMBRETZ MICHAEL L AND GERALDINE D,0.172,1,Cascade,3509 CENTRAL AVE GREAT FALLS MT 59401-3513,broad_owner_fragment:AMB,"Keyword/fragment, identity-field, or proximity-only discovery signal.",Rejected / unrelated,rejected,No authoritative current relationship to Arthur Blank / AMB West; excluded.
"KAMBACK, JEFFREY ALAN",KAMBACK JEFFREY ALAN,0.172,1,Yellowstone,4739 STONE ST BILLINGS MT 59101-4746,broad_owner_fragment:AMB,"Keyword/fragment, identity-field, or proximity-only discovery signal.",Rejected / unrelated,rejected,No authoritative current relationship to Arthur Blank / AMB West; excluded.
KAMBIC JUSTIN R & MEGAN,KAMBIC JUSTIN R AND MEGAN,0.172,1,Cascade,1615 3RD AVE N GREAT FALLS MT 59401-2712,broad_owner_fragment:AMB,"Keyword/fragment, identity-field, or proximity-only discovery signal.",Rejected / unrelated,rejected,No authoritative current relationship to Arthur Blank / AMB West; excluded.
LAMB ROBERT R &,LAMB ROBERT R AND,0.172,1,Gallatin,1128 S CEDAR VIEW BOZEMAN MT 59715,broad_owner_fragment:AMB,"Keyword/fragment, identity-field, or proximity-only discovery signal.",Rejected / unrelated,rejected,No authoritative current relationship to Arthur Blank / AMB West; excluded.
"LAMB, ARTHUR",LAMB ARTHUR,0.172,1,Yellowstone,PO BOX 1194 BILLINGS MT 59103-1194,broad_owner_fragment:AMB,"Keyword/fragment, identity-field, or proximity-only discovery signal.",Rejected / unrelated,rejected,No authoritative current relationship to Arthur Blank / AMB West; excluded.
LAMBERT CHERILYN A,LAMBERT CHERILYN A,0.172,1,Silver Bow,1724 THOMAS AVE BUTTE MT 59701-5718,broad_owner_fragment:AMB,"Keyword/fragment, identity-field, or proximity-only discovery signal.",Rejected / unrelated,rejected,No authoritative current relationship to Arthur Blank / AMB West; excluded.
LAMBERT JEROME C & BRIDGETTE C,LAMBERT JEROME C AND BRIDGETTE C,0.172,1,Cascade,1616 2ND AVE N GREAT FALLS MT 59401-3224,broad_owner_fragment:AMB,"Keyword/fragment, identity-field, or proximity-only discovery signal.",Rejected / unrelated,rejected,No authoritative current relationship to Arthur Blank / AMB West; excluded.
LAMBERT MERISSA L & MARTIN M,LAMBERT MERISSA L AND MARTIN M,0.172,1,Gallatin,703 BUTLER CREEK AVE BELGRADE MT 59714-7639,broad_owner_fragment:AMB,"Keyword/fragment, identity-field, or proximity-only discovery signal.",Rejected / unrelated,rejected,No authoritative current relationship to Arthur Blank / AMB West; excluded.
LLOYD AMBER L & JOSEPH W,LLOYD AMBER L AND JOSEPH W,0.172,1,Cascade,2701 CENTRAL AVE GREAT FALLS MT 59401-3920,broad_owner_fragment:AMB,"Keyword/fragment, identity-field, or proximity-only discovery signal.",Rejected / unrelated,rejected,No authoritative current relationship to Arthur Blank / AMB West; excluded.
MORT AMBER F,MORT AMBER F,0.172,1,Cascade,1310 6TH AVE N GREAT FALLS MT 59401-1604,broad_owner_fragment:AMB,"Keyword/fragment, identity-field, or proximity-only discovery signal.",Rejected / unrelated,rejected,No authoritative current relationship to Arthur Blank / AMB West; excluded.
PAMBRUN ROBIN,PAMBRUN ROBIN,0.172,1,Glacier,320 8TH AVE SE CUT BANK MT 59427-3525,broad_owner_fragment:AMB,"Keyword/fragment, identity-field, or proximity-only discovery signal.",Rejected / unrelated,rejected,No authoritative current relationship to Arthur Blank / AMB West; excluded.
PAYNE AMBER M &,PAYNE AMBER M AND,0.172,1,Dawson,117 S TAYLOR AVE GLENDIVE MT 59330-2533,broad_owner_fragment:AMB,"Keyword/fragment, identity-field, or proximity-only discovery signal.",Rejected / unrelated,rejected,No authoritative current relationship to Arthur Blank / AMB West; excluded.
RAMBO ANN PEPLINSKI & ROSS W,RAMBO ANN PEPLINSKI AND ROSS W,0.172,1,Cascade,1916 32ND ST S GREAT FALLS MT 59405-6516,broad_owner_fragment:AMB,"Keyword/fragment, identity-field, or proximity-only discovery signal.",Rejected / unrelated,rejected,No authoritative current relationship to Arthur Blank / AMB West; excluded.
RAUSCH MICHAEL & AMBER J,RAUSCH MICHAEL AND AMBER J,0.172,1,Cascade,1706 3RD AVE N GREAT FALLS MT 59401-2715,broad_owner_fragment:AMB,"Keyword/fragment, identity-field, or proximity-only discovery signal.",Rejected / unrelated,rejected,No authoritative current relationship to Arthur Blank / AMB West; excluded.
ROBERTSON AMBER AND,ROBERTSON AMBER AND,0.172,1,Ravalli,711 N 2ND ST HAMILTON MT 59840-2109,broad_owner_fragment:AMB,"Keyword/fragment, identity-field, or proximity-only discovery signal.",Rejected / unrelated,rejected,No authoritative current relationship to Arthur Blank / AMB West; excluded.
"SEVERSON, MICHAEL & AMBER",SEVERSON MICHAEL AND AMBER,0.172,1,Yellowstone,1138 PUMPKIN CV BILLINGS MT 59105-4875,broad_owner_fragment:AMB,"Keyword/fragment, identity-field, or proximity-only discovery signal.",Rejected / unrelated,rejected,No authoritative current relationship to Arthur Blank / AMB West; excluded.
STAMBAUGH MICHAEL J & ELIZABETH G,STAMBAUGH MICHAEL J AND ELIZABETH G,0.172,1,Cascade,1325 1ST AVE N GREAT FALLS MT 59401-3202,broad_owner_fragment:AMB,"Keyword/fragment, identity-field, or proximity-only discovery signal.",Rejected / unrelated,rejected,No authoritative current relationship to Arthur Blank / AMB West; excluded.
STEWART LYNN GAMBLE,STEWART LYNN GAMBLE,0.172,1,Missoula,445 BURLINGTON AVE MISSOULA MT 59801-5739,broad_owner_fragment:AMB,"Keyword/fragment, identity-field, or proximity-only discovery signal.",Rejected / unrelated,rejected,No authoritative current relationship to Arthur Blank / AMB West; excluded.
STILWELL JOSHUA J & ROWE-AMBROSINI CATHLEEN,STILWELL JOSHUA J AND ROWE AMBROSINI CATHLEEN,0.172,1,Lake,6525 SUNRISE BLVD SPC 27 CITRUS HEIGHTS CA 95610-5145,broad_owner_fragment:AMB,"Keyword/fragment, identity-field, or proximity-only discovery signal.",Rejected / unrelated,rejected,No authoritative current relationship to Arthur Blank / AMB West; excluded.
TAYLOR NATHAN R & CHARLES AMBER,TAYLOR NATHAN R AND CHARLES AMBER,0.172,1,Cascade,1615 3RD AVE S GREAT FALLS MT 59405-2440,broad_owner_fragment:AMB,"Keyword/fragment, identity-field, or proximity-only discovery signal.",Rejected / unrelated,rejected,No authoritative current relationship to Arthur Blank / AMB West; excluded.
THOMPSON AMBER,THOMPSON AMBER,0.172,1,Cascade,2415 7TH AVE N GREAT FALLS MT 59401-1921,broad_owner_fragment:AMB,"Keyword/fragment, identity-field, or proximity-only discovery signal.",Rejected / unrelated,rejected,No authoritative current relationship to Arthur Blank / AMB West; excluded.
WESTIE KEVIN J & AMBER L,WESTIE KEVIN J AND AMBER L,0.172,1,Cascade,602 35TH ST N GREAT FALLS MT 59401-2249,broad_owner_fragment:AMB,"Keyword/fragment, identity-field, or proximity-only discovery signal.",Rejected / unrelated,rejected,No authoritative current relationship to Arthur Blank / AMB West; excluded.
CHAMBERS MICHAEL T,CHAMBERS MICHAEL T,0.171,1,Lewis and Clark,3704 ZIRCON WAY HELENA MT 59602-7410,broad_owner_fragment:AMB,"Keyword/fragment, identity-field, or proximity-only discovery signal.",Rejected / unrelated,rejected,No authoritative current relationship to Arthur Blank / AMB West; excluded.
"RIPPEON, JASON & AMBER R",RIPPEON JASON AND AMBER R,0.171,1,Yellowstone,1144 EL RANCHO DR BILLINGS MT 59105-5431,broad_owner_fragment:AMB,"Keyword/fragment, identity-field, or proximity-only discovery signal.",Rejected / unrelated,rejected,No authoritative current relationship to Arthur Blank / AMB West; excluded.
CHAMBERS JUSTIN TRAVIS,CHAMBERS JUSTIN TRAVIS,0.17,1,Cascade,809 51ST ST S GREAT FALLS MT 59405-5742,broad_owner_fragment:AMB,"Keyword/fragment, identity-field, or proximity-only discovery signal.",Rejected / unrelated,rejected,No authoritative current relationship to Arthur Blank / AMB West; excluded.
DANDLIKER AMBER L,DANDLIKER AMBER L,0.17,1,Gallatin,1110 WYOMING ST BELGRADE MT 59714-8582,broad_owner_fragment:AMB,"Keyword/fragment, identity-field, or proximity-only discovery signal.",Rejected / unrelated,rejected,No authoritative current relationship to Arthur Blank / AMB West; excluded.
SCHERWINSKI CHAD L & AMBER L,SCHERWINSKI CHAD L AND AMBER L,0.17,1,Flathead,6816 WHITTIER LN COLLEYVILLE TX 76034-8223,broad_owner_fragment:AMB,"Keyword/fragment, identity-field, or proximity-only discovery signal.",Rejected / unrelated,rejected,No authoritative current relationship to Arthur Blank / AMB West; excluded.
"AMBER, DORENE S &",AMBER DORENE S AND,0.169,1,Yellowstone,2119 PUEBLO DR BILLINGS MT 59102-6322,broad_owner_fragment:AMB,"Keyword/fragment, identity-field, or proximity-only discovery signal.",Rejected / unrelated,rejected,No authoritative current relationship to Arthur Blank / AMB West; excluded.
CAMERON AMBER ROSE,CAMERON AMBER ROSE,0.169,1,Cascade,5200 7TH AVE S GREAT FALLS MT 59405-3830,broad_owner_fragment:AMB,"Keyword/fragment, identity-field, or proximity-only discovery signal.",Rejected / unrelated,rejected,No authoritative current relationship to Arthur Blank / AMB West; excluded.
CHAMBLISS CALEB,CHAMBLISS CALEB,0.169,1,Hill,426 1ST AVE HAVRE MT 59501-3902,broad_owner_fragment:AMB,"Keyword/fragment, identity-field, or proximity-only discovery signal.",Rejected / unrelated,rejected,No authoritative current relationship to Arthur Blank / AMB West; excluded.
"HIRSCHI, SHAUN & AMBER",HIRSCHI SHAUN AND AMBER,0.169,1,Yellowstone,1525 11TH ST W BILLINGS MT 59102-3329,broad_owner_fragment:AMB,"Keyword/fragment, identity-field, or proximity-only discovery signal.",Rejected / unrelated,rejected,No authoritative current relationship to Arthur Blank / AMB West; excluded.
"LOYDA, JOSHUA & AMBER",LOYDA JOSHUA AND AMBER,0.169,1,Yellowstone,1817 BROADWATER AVE BILLINGS MT 59102-4806,broad_owner_fragment:AMB,"Keyword/fragment, identity-field, or proximity-only discovery signal.",Rejected / unrelated,rejected,No authoritative current relationship to Arthur Blank / AMB West; excluded.
"MARTINEZ, RODNEY D & AMBER M",MARTINEZ RODNEY D AND AMBER M,0.169,1,Yellowstone,710 CONWAY ST BILLINGS MT 59105-3302,broad_owner_fragment:AMB,"Keyword/fragment, identity-field, or proximity-only discovery signal.",Rejected / unrelated,rejected,No authoritative current relationship to Arthur Blank / AMB West; excluded.
"SCHULER, DEREK J & AMBER L",SCHULER DEREK J AND AMBER L,0.169,1,Yellowstone,41 RIVER BANK DR ROEBLING NJ 08554-1521,broad_owner_fragment:AMB,"Keyword/fragment, identity-field, or proximity-only discovery signal.",Rejected / unrelated,rejected,No authoritative current relationship to Arthur Blank / AMB West; excluded.
WAMBOLT FRED IV,WAMBOLT FRED IV,0.169,1,Custer,15 RIVER RUN DR MILES CITY MT 59301-8527,broad_owner_fragment:AMB,"Keyword/fragment, identity-field, or proximity-only discovery signal.",Rejected / unrelated,rejected,No authoritative current relationship to Arthur Blank / AMB West; excluded.
"BLANKENSHIP, DONNA L TRUSTEE",BLANKENSHIP DONNA L TRUSTEE,0.168,1,Yellowstone,2307 MONAD RD #2 BILLINGS MT 59102-6366,broad_owner_fragment:BLANK,"Keyword/fragment, identity-field, or proximity-only discovery signal.",Rejected / unrelated,rejected,No authoritative current relationship to Arthur Blank / AMB West; excluded.
BUNKE AMBER MARIE,BUNKE AMBER MARIE,0.168,1,Rosebud,PO BOX 1375 FORSYTH MT 59327-1375,broad_owner_fragment:AMB,"Keyword/fragment, identity-field, or proximity-only discovery signal.",Rejected / unrelated,rejected,No authoritative current relationship to Arthur Blank / AMB West; excluded.
"EATON, JOSHUA & AMBER",EATON JOSHUA AND AMBER,0.168,1,Yellowstone,4201 MITCHELL AVE BILLINGS MT 59101-5041,broad_owner_fragment:AMB,"Keyword/fragment, identity-field, or proximity-only discovery signal.",Rejected / unrelated,rejected,No authoritative current relationship to Arthur Blank / AMB West; excluded.
KAMBICH JAMES J,KAMBICH JAMES J,0.168,1,Silver Bow,2835 WHITE BLVD BUTTE MT 59701-3811,broad_owner_fragment:AMB,"Keyword/fragment, identity-field, or proximity-only discovery signal.",Rejected / unrelated,rejected,No authoritative current relationship to Arthur Blank / AMB West; excluded.
OLSEN  JONATHAN & AMBER,OLSEN JONATHAN AND AMBER,0.168,1,Flathead,100 ROSEWATER LOOP KALISPELL MT 59901-4658,broad_owner_fragment:AMB,"Keyword/fragment, identity-field, or proximity-only discovery signal.",Rejected / unrelated,rejected,No authoritative current relationship to Arthur Blank / AMB West; excluded.
RAMBUR DALE,RAMBUR DALE,0.168,1,Yellowstone,4218 CARLTON AVE SW BILLINGS MT 59101-5128,broad_owner_fragment:AMB,"Keyword/fragment, identity-field, or proximity-only discovery signal.",Rejected / unrelated,rejected,No authoritative current relationship to Arthur Blank / AMB West; excluded.
TATSEY AMBER C,TATSEY AMBER C,0.168,1,Glacier,PO BOX 936 BROWNING MT 59417-0936,broad_owner_fragment:AMB,"Keyword/fragment, identity-field, or proximity-only discovery signal.",Rejected / unrelated,rejected,No authoritative current relationship to Arthur Blank / AMB West; excluded.
"WELBORN, AMBER DANIELLE",WELBORN AMBER DANIELLE,0.168,1,Yellowstone,3362 WINDMILL CIR BILLINGS MT 59102-6005,broad_owner_fragment:AMB,"Keyword/fragment, identity-field, or proximity-only discovery signal.",Rejected / unrelated,rejected,No authoritative current relationship to Arthur Blank / AMB West; excluded.
ANGLERS PARADISE II LLC,ANGLERS PARADISE II LLC,0.167,1,Missoula,1142 HUNTRIDGE RD SANTA ANA CA 92705-2940,broad_owner_fragment:PARADISE,"Keyword/fragment, identity-field, or proximity-only discovery signal.",Rejected / unrelated,rejected,No authoritative current relationship to Arthur Blank / AMB West; excluded.
ARCHAMBEAULT TODD & BRITTANY,ARCHAMBEAULT TODD AND BRITTANY,0.167,1,Daniels,PO BOX 835 SCOBEY MT 59263-0835,broad_owner_fragment:AMB,"Keyword/fragment, identity-field, or proximity-only discovery signal.",Rejected / unrelated,rejected,No authoritative current relationship to Arthur Blank / AMB West; excluded.
BIGBY ALAN & AMBER,BIGBY ALAN AND AMBER,0.167,1,Blaine,PO BOX 1126 HARLEM MT 59526-1126,broad_owner_fragment:AMB,"Keyword/fragment, identity-field, or proximity-only discovery signal.",Rejected / unrelated,rejected,No authoritative current relationship to Arthur Blank / AMB West; excluded.
"MEDINA, ADRIAN N & AMBER L",MEDINA ADRIAN N AND AMBER L,0.167,1,Yellowstone,4222 MITCHELL AVE BILLINGS MT 59101-5040,broad_owner_fragment:AMB,"Keyword/fragment, identity-field, or proximity-only discovery signal.",Rejected / unrelated,rejected,No authoritative current relationship to Arthur Blank / AMB West; excluded.
NICHOLSON AMBER,NICHOLSON AMBER,0.167,1,Silver Bow,3110 EDWARDS ST BUTTE MT 59701-4617,broad_owner_fragment:AMB,"Keyword/fragment, identity-field, or proximity-only discovery signal.",Rejected / unrelated,rejected,No authoritative current relationship to Arthur Blank / AMB West; excluded.
SPURLIN JOHSUA P & AMBER L,SPURLIN JOHSUA P AND AMBER L,0.167,1,Dawson,109 1ST ST GLENDIVE MT 59330-3501,broad_owner_fragment:AMB,"Keyword/fragment, identity-field, or proximity-only discovery signal.",Rejected / unrelated,rejected,No authoritative current relationship to Arthur Blank / AMB West; excluded.
LAMBING JOHN H,LAMBING JOHN H,0.166,1,Lewis and Clark,2000 WESTRIDGE CT HELENA MT 59601-1508,broad_owner_fragment:AMB,"Keyword/fragment, identity-field, or proximity-only discovery signal.",Rejected / unrelated,rejected,No authoritative current relationship to Arthur Blank / AMB West; excluded.
"PISK, SHAUN B & AMBER S",PISK SHAUN B AND AMBER S,0.166,1,Yellowstone,1341 CORTEZ AVE BILLINGS MT 59105-5446,broad_owner_fragment:AMB,"Keyword/fragment, identity-field, or proximity-only discovery signal.",Rejected / unrelated,rejected,No authoritative current relationship to Arthur Blank / AMB West; excluded.
VOGL DAVID J & AMBER N,VOGL DAVID J AND AMBER N,0.166,1,Gallatin,802 BUTLER CREEK AVE BELGRADE MT 59714-9671,broad_owner_fragment:AMB,"Keyword/fragment, identity-field, or proximity-only discovery signal.",Rejected / unrelated,rejected,No authoritative current relationship to Arthur Blank / AMB West; excluded.
BLANK AUSTIN JAMES,BLANK AUSTIN JAMES,0.165,1,Mineral,1620 MULLAN TRL MISSOULA MT 59808-5689,broad_owner_fragment:BLANK,"Keyword/fragment, identity-field, or proximity-only discovery signal.",Rejected / unrelated,rejected,No authoritative current relationship to Arthur Blank / AMB West; excluded.
BLANKENSHIP MADELEINE W TRUSTEE,BLANKENSHIP MADELEINE W TRUSTEE,0.165,1,Missoula,PO BOX 1629 MISSOULA MT 59806-1629,broad_owner_fragment:BLANK,"Keyword/fragment, identity-field, or proximity-only discovery signal.",Rejected / unrelated,rejected,No authoritative current relationship to Arthur Blank / AMB West; excluded.
BONITATIBUS AMBER,BONITATIBUS AMBER,0.165,1,Cascade,137 14TH AVE S GREAT FALLS MT 59405-4213,broad_owner_fragment:AMB,"Keyword/fragment, identity-field, or proximity-only discovery signal.",Rejected / unrelated,rejected,No authoritative current relationship to Arthur Blank / AMB West; excluded.
KAMBICH LINDSEY M,KAMBICH LINDSEY M,0.165,1,Silver Bow,2023 GARFIELD ST BUTTE MT 59701-6303,broad_owner_fragment:AMB,"Keyword/fragment, identity-field, or proximity-only discovery signal.",Rejected / unrelated,rejected,No authoritative current relationship to Arthur Blank / AMB West; excluded.
"LAMB, DANIEL & JANET",LAMB DANIEL AND JANET,0.165,1,Yellowstone,2153 BELOIT DR BILLINGS MT 59102-5760,broad_owner_fragment:AMB,"Keyword/fragment, identity-field, or proximity-only discovery signal.",Rejected / unrelated,rejected,No authoritative current relationship to Arthur Blank / AMB West; excluded.
"LAMBERT, LEROY KYLE",LAMBERT LEROY KYLE,0.165,1,Yellowstone,2041 AVENUE C BILLINGS MT 59102-2741,broad_owner_fragment:AMB,"Keyword/fragment, identity-field, or proximity-only discovery signal.",Rejected / unrelated,rejected,No authoritative current relationship to Arthur Blank / AMB West; excluded.
LITTLELAMB CAFE LLC,LITTLELAMB CAFE LLC,0.165,1,Missoula,259 MINISTER BROOK RD WORCESTER VT 05682-9736,broad_owner_fragment:AMB,"Keyword/fragment, identity-field, or proximity-only discovery signal.",Rejected / unrelated,rejected,No authoritative current relationship to Arthur Blank / AMB West; excluded.
OSBORNE CURTIS W & AMBER M,OSBORNE CURTIS W AND AMBER M,0.165,1,Cascade,521 26TH AVE NE GREAT FALLS MT 59404-1621,broad_owner_fragment:AMB,"Keyword/fragment, identity-field, or proximity-only discovery signal.",Rejected / unrelated,rejected,No authoritative current relationship to Arthur Blank / AMB West; excluded.
TAMBLYN RICHARD L &,TAMBLYN RICHARD L AND,0.165,1,Silver Bow,282 AMERICAN DR BUTTE MT 59701-7177,broad_owner_fragment:AMB,"Keyword/fragment, identity-field, or proximity-only discovery signal.",Rejected / unrelated,rejected,No authoritative current relationship to Arthur Blank / AMB West; excluded.
TAMBLYN RICHARD L & COLLEEN A,TAMBLYN RICHARD L AND COLLEEN A,0.165,1,Silver Bow,225 ASPEN LOOP BUTTE MT 59701-3968,broad_owner_fragment:AMB,"Keyword/fragment, identity-field, or proximity-only discovery signal.",Rejected / unrelated,rejected,No authoritative current relationship to Arthur Blank / AMB West; excluded.
WILLIAMS CHAMBERLAIN MONTANA LLC,WILLIAMS CHAMBERLAIN MONTANA LLC,0.165,1,Missoula,4121 BANBRIDGE LOOP SE OLYMPIA WA 98501-6209,broad_owner_fragment:AMB,"Keyword/fragment, identity-field, or proximity-only discovery signal.",Rejected / unrelated,rejected,No authoritative current relationship to Arthur Blank / AMB West; excluded.
"BLANKENSHIP, JOHN S",BLANKENSHIP JOHN S,0.164,1,Yellowstone,2457 4TH ST WORDEN MT 59088-2220,broad_owner_fragment:BLANK,"Keyword/fragment, identity-field, or proximity-only discovery signal.",Rejected / unrelated,rejected,No authoritative current relationship to Arthur Blank / AMB West; excluded.
"BURGESS, AMBER M & COLTIN L",BURGESS AMBER M AND COLTIN L,0.164,1,Yellowstone,4116 STONE ST BILLINGS MT 59101-5438,broad_owner_fragment:AMB,"Keyword/fragment, identity-field, or proximity-only discovery signal.",Rejected / unrelated,rejected,No authoritative current relationship to Arthur Blank / AMB West; excluded.
FOECHTERLE GARY & AMBER,FOECHTERLE GARY AND AMBER,0.164,1,Carbon,PO BOX 446 JOLIET MT 59041-0446,broad_owner_fragment:AMB,"Keyword/fragment, identity-field, or proximity-only discovery signal.",Rejected / unrelated,rejected,No authoritative current relationship to Arthur Blank / AMB West; excluded.
HAMBLEN TRAVIS W & CHRISTEN J TRUSTEES,HAMBLEN TRAVIS W AND CHRISTEN J TRUSTEES,0.164,1,Lewis and Clark,13185 W BROOKHART WAY PEORIA AZ 85383-2275,broad_owner_fragment:AMB,"Keyword/fragment, identity-field, or proximity-only discovery signal.",Rejected / unrelated,rejected,No authoritative current relationship to Arthur Blank / AMB West; excluded.
HAMBURG KEITH & KRISTIN,HAMBURG KEITH AND KRISTIN,0.164,1,Gallatin,2353 LASSO AVE BOZEMAN MT 59718-8038,broad_owner_fragment:AMB,"Keyword/fragment, identity-field, or proximity-only discovery signal.",Rejected / unrelated,rejected,No authoritative current relationship to Arthur Blank / AMB West; excluded.
"HOOD, JACOB LYNN & AMBER LEIGH",HOOD JACOB LYNN AND AMBER LEIGH,0.164,1,Yellowstone,1210 CORTEZ AVE BILLINGS MT 59105-5442,broad_owner_fragment:AMB,"Keyword/fragment, identity-field, or proximity-only discovery signal.",Rejected / unrelated,rejected,No authoritative current relationship to Arthur Blank / AMB West; excluded.
KREMPEL AMBER L & KARL,KREMPEL AMBER L AND KARL,0.164,1,Lewis and Clark,5300 GLACIER POINT LOOP HELENA MT 59602-7118,broad_owner_fragment:AMB,"Keyword/fragment, identity-field, or proximity-only discovery signal.",Rejected / unrelated,rejected,No authoritative current relationship to Arthur Blank / AMB West; excluded.
LAPIERRE CHRISTOPHER & AMBER,LAPIERRE CHRISTOPHER AND AMBER,0.164,1,Dawson,108 2ND ST GLENDIVE MT 59330-3506,broad_owner_fragment:AMB,"Keyword/fragment, identity-field, or proximity-only discovery signal.",Rejected / unrelated,rejected,No authoritative current relationship to Arthur Blank / AMB West; excluded.
CHAMBERS WILLIAM D & MEGAN M,CHAMBERS WILLIAM D AND MEGAN M,0.163,1,Flathead,642 6TH AVE W KALISPELL MT 59901-4760,broad_owner_fragment:AMB,"Keyword/fragment, identity-field, or proximity-only discovery signal.",Rejected / unrelated,rejected,No authoritative current relationship to Arthur Blank / AMB West; excluded.
CHAMBLIN NATHANIEL,CHAMBLIN NATHANIEL,0.163,1,Flathead,611 9TH AVE W KALISPELL MT 59901-4719,broad_owner_fragment:AMB,"Keyword/fragment, identity-field, or proximity-only discovery signal.",Rejected / unrelated,rejected,No authoritative current relationship to Arthur Blank / AMB West; excluded.
DIGIAMBATTISTA  MICHELE E,DIGIAMBATTISTA MICHELE E,0.163,1,Flathead,2269 ROLLING RIDGE RD CHULA VISTA CA 91914-2007,broad_owner_fragment:AMB,"Keyword/fragment, identity-field, or proximity-only discovery signal.",Rejected / unrelated,rejected,No authoritative current relationship to Arthur Blank / AMB West; excluded.
DOMENECH ROBERT,DOMENECH ROBERT,0.163,1,Missoula,1816 TRAIL ST MISSOULA MT 59801-1542,broad_owner_fragment:DOME,"Keyword/fragment, identity-field, or proximity-only discovery signal.",Rejected / unrelated,rejected,No authoritative current relationship to Arthur Blank / AMB West; excluded.
"GUSCOTT, AMBER M",GUSCOTT AMBER M,0.163,1,Yellowstone,1135 JORDAN CIR BILLINGS MT 59105-4217,broad_owner_fragment:AMB,"Keyword/fragment, identity-field, or proximity-only discovery signal.",Rejected / unrelated,rejected,No authoritative current relationship to Arthur Blank / AMB West; excluded.
ICOPINI BART & AMBER,ICOPINI BART AND AMBER,0.163,1,Rosebud,135 ICOPINI RD HYSHAM MT 59038-9406,broad_owner_fragment:AMB,"Keyword/fragment, identity-field, or proximity-only discovery signal.",Rejected / unrelated,rejected,No authoritative current relationship to Arthur Blank / AMB West; excluded.
LAMB DAVID & SARAH,LAMB DAVID AND SARAH,0.163,1,Flathead,303 PARLIAMENT DR KALISPELL MT 59901-2438,broad_owner_fragment:AMB,"Keyword/fragment, identity-field, or proximity-only discovery signal.",Rejected / unrelated,rejected,No authoritative current relationship to Arthur Blank / AMB West; excluded.
LAMBOTT WANDA L,LAMBOTT WANDA L,0.163,1,Broadwater,17 RIVER RD TOWNSEND MT 59644-9743,broad_owner_fragment:AMB,"Keyword/fragment, identity-field, or proximity-only discovery signal.",Rejected / unrelated,rejected,No authoritative current relationship to Arthur Blank / AMB West; excluded.
PIRIE AMBER,PIRIE AMBER,0.163,1,Flathead,711 8TH AVE W KALISPELL MT 59901-5266,broad_owner_fragment:AMB,"Keyword/fragment, identity-field, or proximity-only discovery signal.",Rejected / unrelated,rejected,No authoritative current relationship to Arthur Blank / AMB West; excluded.
SIENKNECHT AMBER MARIE & TRAVIS BRIAN,SIENKNECHT AMBER MARIE AND TRAVIS BRIAN,0.163,1,Flathead,518 6TH AVE W KALISPELL MT 59901-4758,broad_owner_fragment:AMB,"Keyword/fragment, identity-field, or proximity-only discovery signal.",Rejected / unrelated,rejected,No authoritative current relationship to Arthur Blank / AMB West; excluded.
SOLTIS TORY S & AMBER RAY,SOLTIS TORY S AND AMBER RAY,0.163,1,Broadwater,313 N WALNUT ST TOWNSEND MT 59644-2317,broad_owner_fragment:AMB,"Keyword/fragment, identity-field, or proximity-only discovery signal.",Rejected / unrelated,rejected,No authoritative current relationship to Arthur Blank / AMB West; excluded.
STEED AMBER C,STEED AMBER C,0.163,1,Flathead,828 7TH AVE E KALISPELL MT 59901-5019,broad_owner_fragment:AMB,"Keyword/fragment, identity-field, or proximity-only discovery signal.",Rejected / unrelated,rejected,No authoritative current relationship to Arthur Blank / AMB West; excluded.
WINTER AARON D & AMBER M,WINTER AARON D AND AMBER M,0.163,1,Mineral,PO BOX 401 SUPERIOR MT 59872-0401,broad_owner_fragment:AMB,"Keyword/fragment, identity-field, or proximity-only discovery signal.",Rejected / unrelated,rejected,No authoritative current relationship to Arthur Blank / AMB West; excluded.
YODER AMBER & MITCHELL,YODER AMBER AND MITCHELL,0.163,1,Flathead,1228 6TH AVE E KALISPELL MT 59901-5829,broad_owner_fragment:AMB,"Keyword/fragment, identity-field, or proximity-only discovery signal.",Rejected / unrelated,rejected,No authoritative current relationship to Arthur Blank / AMB West; excluded.
CHAMBERS TERRI,CHAMBERS TERRI,0.162,1,Park,130 S H ST LIVINGSTON MT 59047-2737,broad_owner_fragment:AMB,"Keyword/fragment, identity-field, or proximity-only discovery signal.",Rejected / unrelated,rejected,No authoritative current relationship to Arthur Blank / AMB West; excluded.
GAMBREL ROBERT D JR,GAMBREL ROBERT D JR,0.162,1,Silver Bow,2107 OTTAWA ST BUTTE MT 59701-6115,broad_owner_fragment:AMB,"Keyword/fragment, identity-field, or proximity-only discovery signal.",Rejected / unrelated,rejected,No authoritative current relationship to Arthur Blank / AMB West; excluded.
LAMBERT SUZANNA M,LAMBERT SUZANNA M,0.162,1,Lewis and Clark,5264 GLACIER POINT LOOP HELENA MT 59602-7082,broad_owner_fragment:AMB,"Keyword/fragment, identity-field, or proximity-only discovery signal.",Rejected / unrelated,rejected,No authoritative current relationship to Arthur Blank / AMB West; excluded.
"REAVES, AMBER R",REAVES AMBER R,0.162,1,Yellowstone,229 MONARCH ST BILLINGS MT 59101-5074,broad_owner_fragment:AMB,"Keyword/fragment, identity-field, or proximity-only discovery signal.",Rejected / unrelated,rejected,No authoritative current relationship to Arthur Blank / AMB West; excluded.
AMBERG EDWARD A,AMBERG EDWARD A,0.161,1,Deer Lodge,PO BOX 557 ANACONDA MT 59711-0557,broad_owner_fragment:AMB,"Keyword/fragment, identity-field, or proximity-only discovery signal.",Rejected / unrelated,rejected,No authoritative current relationship to Arthur Blank / AMB West; excluded.
AMBERG HELEN MAE,AMBERG HELEN MAE,0.161,1,Deer Lodge,709 HICKORY ST ANACONDA MT 59711-2922,broad_owner_fragment:AMB,"Keyword/fragment, identity-field, or proximity-only discovery signal.",Rejected / unrelated,rejected,No authoritative current relationship to Arthur Blank / AMB West; excluded.
AMBK 12TH & 24TH BILLINGS LLC,AMBK 12TH AND 24TH BILLINGS LLC,0.161,1,Yellowstone,PO BOX 21536 BILLINGS MT 59104-1536,broad_owner_fragment:AMB,"Keyword/fragment, identity-field, or proximity-only discovery signal.",Rejected / unrelated,rejected,No authoritative current relationship to Arthur Blank / AMB West; excluded.
ARAMBARRI RONALD R & LORI J,ARAMBARRI RONALD R AND LORI J,0.161,1,Teton,PO BOX 157 LINCOLN MT 59639-0157,broad_owner_fragment:AMB,"Keyword/fragment, identity-field, or proximity-only discovery signal.",Rejected / unrelated,rejected,No authoritative current relationship to Arthur Blank / AMB West; excluded.
ARCHAMBAULT STEVEN C,ARCHAMBAULT STEVEN C,0.161,1,Blaine,PO BOX 1213 HARLEM MT 59526-1213,broad_owner_fragment:AMB,"Keyword/fragment, identity-field, or proximity-only discovery signal.",Rejected / unrelated,rejected,No authoritative current relationship to Arthur Blank / AMB West; excluded.
BARNES AMBER LM & ZACHARIAH T,BARNES AMBER LM AND ZACHARIAH T,0.161,1,Chouteau,PO BOX 523 BIG SANDY MT 59520-0523,broad_owner_fragment:AMB,"Keyword/fragment, identity-field, or proximity-only discovery signal.",Rejected / unrelated,rejected,No authoritative current relationship to Arthur Blank / AMB West; excluded.
BLANK JEANETTE,BLANK JEANETTE,0.161,1,Park,418 S 9TH ST LIVINGSTON MT 59047-3305,broad_owner_fragment:BLANK,"Keyword/fragment, identity-field, or proximity-only discovery signal.",Rejected / unrelated,rejected,No authoritative current relationship to Arthur Blank / AMB West; excluded.
BLANKENSHIP NATE W AND WHITE KIMBERLY C,BLANKENSHIP NATE W AND WHITE KIMBERLY C,0.161,1,Big Horn,710 CHOTEAU HARDIN MT 59034,broad_owner_fragment:BLANK,"Keyword/fragment, identity-field, or proximity-only discovery signal.",Rejected / unrelated,rejected,No authoritative current relationship to Arthur Blank / AMB West; excluded.
"BLANKENSHIP, DONALD WILLIAM & CONNIE J",BLANKENSHIP DONALD WILLIAM AND CONNIE J,0.161,1,Yellowstone,728 AVENUE D BILLINGS MT 59102-3536,broad_owner_fragment:BLANK,"Keyword/fragment, identity-field, or proximity-only discovery signal.",Rejected / unrelated,rejected,No authoritative current relationship to Arthur Blank / AMB West; excluded.
"BLANKENSHIP, JOCELYN L",BLANKENSHIP JOCELYN L,0.161,1,Yellowstone,3392 BARLEY CIR BILLINGS MT 59102-6087,broad_owner_fragment:BLANK,"Keyword/fragment, identity-field, or proximity-only discovery signal.",Rejected / unrelated,rejected,No authoritative current relationship to Arthur Blank / AMB West; excluded.
BRENDEN BRYCE JAMES & AMBER NICOLE,BRENDEN BRYCE JAMES AND AMBER NICOLE,0.161,1,Flathead,228 4TH ST W WHITEFISH MT 59937-3025,broad_owner_fragment:AMB,"Keyword/fragment, identity-field, or proximity-only discovery signal.",Rejected / unrelated,rejected,No authoritative current relationship to Arthur Blank / AMB West; excluded.
CAIN IAN CHARLES & AMBER LYNN,CAIN IAN CHARLES AND AMBER LYNN,0.161,1,Flathead,495 5TH AVENUE EAST N COLUMBIA FALLS MT 59912-3207,broad_owner_fragment:AMB,"Keyword/fragment, identity-field, or proximity-only discovery signal.",Rejected / unrelated,rejected,No authoritative current relationship to Arthur Blank / AMB West; excluded.
"CHAMBERLAIN, JANEL R",CHAMBERLAIN JANEL R,0.161,1,Yellowstone,21 LAKEVIEW DR BILLINGS MT 59105-3638,broad_owner_fragment:AMB,"Keyword/fragment, identity-field, or proximity-only discovery signal.",Rejected / unrelated,rejected,No authoritative current relationship to Arthur Blank / AMB West; excluded.
CHAMBERLIN KATELYNN R &,CHAMBERLIN KATELYNN R AND,0.161,1,Gallatin,4645 CASCADE ST BOZEMAN MT 59718-9521,broad_owner_fragment:AMB,"Keyword/fragment, identity-field, or proximity-only discovery signal.",Rejected / unrelated,rejected,No authoritative current relationship to Arthur Blank / AMB West; excluded.
CHAMBERS BILL D & CARLA J,CHAMBERS BILL D AND CARLA J,0.161,1,Blaine,PO BOX 715 HARLEM MT 59526-0715,broad_owner_fragment:AMB,"Keyword/fragment, identity-field, or proximity-only discovery signal.",Rejected / unrelated,rejected,No authoritative current relationship to Arthur Blank / AMB West; excluded.
CHAMBERS CHARLES W,CHAMBERS CHARLES W,0.161,1,Glacier,218 4TH AVE SW CUT BANK MT 59427-3432,broad_owner_fragment:AMB,"Keyword/fragment, identity-field, or proximity-only discovery signal.",Rejected / unrelated,rejected,No authoritative current relationship to Arthur Blank / AMB West; excluded.
CHAMBERS CHRISTOPHER,CHAMBERS CHRISTOPHER,0.161,1,Gallatin,504 SILVERBOW AVE BELGRADE MT 59714-4213,broad_owner_fragment:AMB,"Keyword/fragment, identity-field, or proximity-only discovery signal.",Rejected / unrelated,rejected,No authoritative current relationship to Arthur Blank / AMB West; excluded.
CHAMBERS GWEN,CHAMBERS GWEN,0.161,1,Lake,206 1ST AVE E POLSON MT 59860-2337,broad_owner_fragment:AMB,"Keyword/fragment, identity-field, or proximity-only discovery signal.",Rejected / unrelated,rejected,No authoritative current relationship to Arthur Blank / AMB West; excluded.
CHAMBERS MARY JANE ETAL,CHAMBERS MARY JANE ETAL,0.161,1,Toole,520 JOHN G MINE RD HELENA MT 59602-8208,broad_owner_fragment:AMB,"Keyword/fragment, identity-field, or proximity-only discovery signal.",Rejected / unrelated,rejected,No authoritative current relationship to Arthur Blank / AMB West; excluded.
CHAMBERS MARY V,CHAMBERS MARY V,0.161,1,Glacier,17 4TH AVE SW CUT BANK MT 59427-2813,broad_owner_fragment:AMB,"Keyword/fragment, identity-field, or proximity-only discovery signal.",Rejected / unrelated,rejected,No authoritative current relationship to Arthur Blank / AMB West; excluded.
DALEY AMBER CHARLOTTE,DALEY AMBER CHARLOTTE,0.161,1,Lewis and Clark,1777 SHORELINE DR APT 201 ALAMEDA CA 94501-6046,broad_owner_fragment:AMB,"Keyword/fragment, identity-field, or proximity-only discovery signal.",Rejected / unrelated,rejected,No authoritative current relationship to Arthur Blank / AMB West; excluded.
DOMENICO TRINA,DOMENICO TRINA,0.161,1,Gallatin,PO BOX 1190 THREE FORKS MT 59752-1190,broad_owner_fragment:DOME,"Keyword/fragment, identity-field, or proximity-only discovery signal.",Rejected / unrelated,rejected,No authoritative current relationship to Arthur Blank / AMB West; excluded.
FREEDENBURG RONALD & AMBER,FREEDENBURG RONALD AND AMBER,0.161,1,Glacier,130 1ST AVE NE CUT BANK MT 59427-2707,broad_owner_fragment:AMB,"Keyword/fragment, identity-field, or proximity-only discovery signal.",Rejected / unrelated,rejected,No authoritative current relationship to Arthur Blank / AMB West; excluded.
GAMBHIR TARUN &,GAMBHIR TARUN AND,0.161,1,Dawson,2491 IRMA WAY CASTRO VALLEY CA 94546-2745,broad_owner_fragment:AMB,"Keyword/fragment, identity-field, or proximity-only discovery signal.",Rejected / unrelated,rejected,No authoritative current relationship to Arthur Blank / AMB West; excluded.
GAMBILL RACHEL L,GAMBILL RACHEL L,0.161,1,Rosebud,MT: RACHEL L HOTTER PO BOX 779 FORSYTH MT 59327-0779,broad_owner_fragment:AMB,"Keyword/fragment, identity-field, or proximity-only discovery signal.",Rejected / unrelated,rejected,No authoritative current relationship to Arthur Blank / AMB West; excluded.
HALE TYLER T & AMBER N,HALE TYLER T AND AMBER N,0.161,1,Gallatin,104 8TH ST BELGRADE MT 59714-3307,broad_owner_fragment:AMB,"Keyword/fragment, identity-field, or proximity-only discovery signal.",Rejected / unrelated,rejected,No authoritative current relationship to Arthur Blank / AMB West; excluded.
HAMBRO RICHARD DALE,HAMBRO RICHARD DALE,0.161,1,Richland,603 5TH ST SW SIDNEY MT 59270-3916,broad_owner_fragment:AMB,"Keyword/fragment, identity-field, or proximity-only discovery signal.",Rejected / unrelated,rejected,No authoritative current relationship to Arthur Blank / AMB West; excluded.
HAMBY EARL JAMES JR & JESSECA LEONA,HAMBY EARL JAMES JR AND JESSECA LEONA,0.161,1,Glacier,14 2ND AVE SW CUT BANK MT 59427-2911,broad_owner_fragment:AMB,"Keyword/fragment, identity-field, or proximity-only discovery signal.",Rejected / unrelated,rejected,No authoritative current relationship to Arthur Blank / AMB West; excluded.
"HERRON, AMBER",HERRON AMBER,0.161,1,Yellowstone,1920 SPRING CREEK RD LAUREL MT 59044-8857,broad_owner_fragment:AMB,"Keyword/fragment, identity-field, or proximity-only discovery signal.",Rejected / unrelated,rejected,No authoritative current relationship to Arthur Blank / AMB West; excluded.
"HIMER, AMBER M",HIMER AMBER M,0.161,1,Yellowstone,420 MILES AVE BILLINGS MT 59101-3050,broad_owner_fragment:AMB,"Keyword/fragment, identity-field, or proximity-only discovery signal.",Rejected / unrelated,rejected,No authoritative current relationship to Arthur Blank / AMB West; excluded.
HOLUM COLE & AMBER,HOLUM COLE AND AMBER,0.161,1,Daniels,PO BOX 811 SCOBEY MT 59263-0811,broad_owner_fragment:AMB,"Keyword/fragment, identity-field, or proximity-only discovery signal.",Rejected / unrelated,rejected,No authoritative current relationship to Arthur Blank / AMB West; excluded.
ICOPINI DALE & AMBER A,ICOPINI DALE AND AMBER A,0.161,1,Treasure,PO BOX 93 HYSHAM MT 59038-0093,broad_owner_fragment:AMB,"Keyword/fragment, identity-field, or proximity-only discovery signal.",Rejected / unrelated,rejected,No authoritative current relationship to Arthur Blank / AMB West; excluded.
"JAY, HUBERT KENT & LIBBY AMBER",JAY HUBERT KENT AND LIBBY AMBER,0.161,1,Yellowstone,1140 TERRY AVE BILLINGS MT 59102-5442,broad_owner_fragment:AMB,"Keyword/fragment, identity-field, or proximity-only discovery signal.",Rejected / unrelated,rejected,No authoritative current relationship to Arthur Blank / AMB West; excluded.
LAMB CINDY K,LAMB CINDY K,0.161,1,Musselshell,315 14TH ST W HAVRE MT 59501-5117,broad_owner_fragment:AMB,"Keyword/fragment, identity-field, or proximity-only discovery signal.",Rejected / unrelated,rejected,No authoritative current relationship to Arthur Blank / AMB West; excluded.
LAMB GUY E &,LAMB GUY E AND,0.161,1,Park,2203 CONSTELLATION DR LIVINGSTON MT 59047-1549,broad_owner_fragment:AMB,"Keyword/fragment, identity-field, or proximity-only discovery signal.",Rejected / unrelated,rejected,No authoritative current relationship to Arthur Blank / AMB West; excluded.
LAMB JANE M,LAMB JANE M,0.161,1,Rosebud,132 SHAW CIR BILLINGS MT 59105-2665,broad_owner_fragment:AMB,"Keyword/fragment, identity-field, or proximity-only discovery signal.",Rejected / unrelated,rejected,No authoritative current relationship to Arthur Blank / AMB West; excluded.
LAMB JANET,LAMB JANET,0.161,1,Daniels,PO BOX 417 SCOBEY MT 59263-0417,broad_owner_fragment:AMB,"Keyword/fragment, identity-field, or proximity-only discovery signal.",Rejected / unrelated,rejected,No authoritative current relationship to Arthur Blank / AMB West; excluded.
LAMB ROBERT,LAMB ROBERT,0.161,1,Rosebud,PO BOX 242 FORSYTH MT 59327-0242,broad_owner_fragment:AMB,"Keyword/fragment, identity-field, or proximity-only discovery signal.",Rejected / unrelated,rejected,No authoritative current relationship to Arthur Blank / AMB West; excluded.
"LAMB, ALAN &",LAMB ALAN AND,0.161,1,Yellowstone,415 YELLOWSTONE AVE BILLINGS MT 59101-1730,broad_owner_fragment:AMB,"Keyword/fragment, identity-field, or proximity-only discovery signal.",Rejected / unrelated,rejected,No authoritative current relationship to Arthur Blank / AMB West; excluded.
LAMBERT BARNEY,LAMBERT BARNEY,0.161,1,Roosevelt,MAIL TO: KRISTINA MIKKELSEN PO BOX 253 BROCKTON MT 59213-0253,broad_owner_fragment:AMB,"Keyword/fragment, identity-field, or proximity-only discovery signal.",Rejected / unrelated,rejected,No authoritative current relationship to Arthur Blank / AMB West; excluded.
LAMBERT CHANTZ W,LAMBERT CHANTZ W,0.161,1,Powder River,2343 HAMMOND RD HAMMOND MT 59332-9709,broad_owner_fragment:AMB,"Keyword/fragment, identity-field, or proximity-only discovery signal.",Rejected / unrelated,rejected,No authoritative current relationship to Arthur Blank / AMB West; excluded.
LAMBERT LARAINE E,LAMBERT LARAINE E,0.161,1,Park,120 S G ST LIVINGSTON MT 59047-2733,broad_owner_fragment:AMB,"Keyword/fragment, identity-field, or proximity-only discovery signal.",Rejected / unrelated,rejected,No authoritative current relationship to Arthur Blank / AMB West; excluded.
LAMBERT SHELLEY,LAMBERT SHELLEY,0.161,1,Flathead,550 2ND AVE EN KALISPELL MT 59901,broad_owner_fragment:AMB,"Keyword/fragment, identity-field, or proximity-only discovery signal.",Rejected / unrelated,rejected,No authoritative current relationship to Arthur Blank / AMB West; excluded.
"LAMBERT, ADAM D &",LAMBERT ADAM D AND,0.161,1,Yellowstone,1525 SULLIVAN LN BILLINGS MT 59106-3020,broad_owner_fragment:AMB,"Keyword/fragment, identity-field, or proximity-only discovery signal.",Rejected / unrelated,rejected,No authoritative current relationship to Arthur Blank / AMB West; excluded.
"LAMBRECHT, JOE E",LAMBRECHT JOE E,0.161,1,Yellowstone,632 YELLOWSTONE AVE BILLINGS MT 59101-1623,broad_owner_fragment:AMB,"Keyword/fragment, identity-field, or proximity-only discovery signal.",Rejected / unrelated,rejected,No authoritative current relationship to Arthur Blank / AMB West; excluded.
LAMBRECHT-MUTCHIE AARON,LAMBRECHT MUTCHIE AARON,0.161,1,Silver Bow,1706 PHILLIPS AVE BUTTE MT 59701-5433,broad_owner_fragment:AMB,"Keyword/fragment, identity-field, or proximity-only discovery signal.",Rejected / unrelated,rejected,No authoritative current relationship to Arthur Blank / AMB West; excluded.
LAMBSON AMNOUYPORN,LAMBSON AMNOUYPORN,0.161,1,Lake,608 3RD AVE E POLSON MT 59860-2413,broad_owner_fragment:AMB,"Keyword/fragment, identity-field, or proximity-only discovery signal.",Rejected / unrelated,rejected,No authoritative current relationship to Arthur Blank / AMB West; excluded.
LAMBSON WILLIAM O & ROBIN MICHELLE,LAMBSON WILLIAM O AND ROBIN MICHELLE,0.161,1,Lake,5565 E EVERGREEN BLVD APT 3408 VANCOUVER WA 98661-6672,broad_owner_fragment:AMB,"Keyword/fragment, identity-field, or proximity-only discovery signal.",Rejected / unrelated,rejected,No authoritative current relationship to Arthur Blank / AMB West; excluded.
LAUSTER ROBYN KC,LAUSTER ROBYN KC,0.161,1,Gallatin,410 W STORY ST BOZEMAN MT 59715-4554,broad_owner_fragment:AUSTER; specific_owner_keyword:AUSTER,"Keyword/fragment, identity-field, or proximity-only discovery signal.",Rejected / unrelated,rejected,No authoritative current relationship to Arthur Blank / AMB West; excluded.
MALINAK LEO & AMBER JTROS,MALINAK LEO AND AMBER JTROS,0.161,1,Pondera,PO BOX 483 VALIER MT 59486-0483,broad_owner_fragment:AMB,"Keyword/fragment, identity-field, or proximity-only discovery signal.",Rejected / unrelated,rejected,No authoritative current relationship to Arthur Blank / AMB West; excluded.
MALINAK LEO R & AMBER L,MALINAK LEO R AND AMBER L,0.161,1,Pondera,PO BOX 483 VALIER MT 59486-0483,broad_owner_fragment:AMB,"Keyword/fragment, identity-field, or proximity-only discovery signal.",Rejected / unrelated,rejected,No authoritative current relationship to Arthur Blank / AMB West; excluded.
"MARTINEZ, AMBER & MICHAEL &",MARTINEZ AMBER AND MICHAEL AND,0.161,1,Yellowstone,1436 AVENUE C BILLINGS MT 59102-3121,broad_owner_fragment:AMB,"Keyword/fragment, identity-field, or proximity-only discovery signal.",Rejected / unrelated,rejected,No authoritative current relationship to Arthur Blank / AMB West; excluded.
"MENDENHALL, AMBER A & TIMOTHY J",MENDENHALL AMBER A AND TIMOTHY J,0.161,1,Yellowstone,538 BROADWATER AVE BILLINGS MT 59101-2814,broad_owner_fragment:AMB,"Keyword/fragment, identity-field, or proximity-only discovery signal.",Rejected / unrelated,rejected,No authoritative current relationship to Arthur Blank / AMB West; excluded.
MICHELS AMBER,MICHELS AMBER,0.161,1,Sheridan,510 BOX ELDER ST PLENTYWOOD MT 59254-1701,broad_owner_fragment:AMB,"Keyword/fragment, identity-field, or proximity-only discovery signal.",Rejected / unrelated,rejected,No authoritative current relationship to Arthur Blank / AMB West; excluded.
MOSER DOME ENTERPRISES LLC,MOSER DOME ENTERPRISES LLC,0.161,1,Yellowstone,PO BOX 456 LAUREL MT 59044-0456,broad_owner_fragment:DOME,"Keyword/fragment, identity-field, or proximity-only discovery signal.",Rejected / unrelated,rejected,No authoritative current relationship to Arthur Blank / AMB West; excluded.
MYHRE JD & AMBERLY,MYHRE JD AND AMBERLY,0.161,1,Richland,405 W MAIN ST SIDNEY MT 59270-3941,broad_owner_fragment:AMB,"Keyword/fragment, identity-field, or proximity-only discovery signal.",Rejected / unrelated,rejected,No authoritative current relationship to Arthur Blank / AMB West; excluded.
"RAMBIN, JOSEPH",RAMBIN JOSEPH,0.161,1,Yellowstone,471 FAWN PL BILLINGS MT 59102-6003,broad_owner_fragment:AMB,"Keyword/fragment, identity-field, or proximity-only discovery signal.",Rejected / unrelated,rejected,No authoritative current relationship to Arthur Blank / AMB West; excluded.
ROBERT J TAMBO IRREVOCABLE GRANTOR TRUST,ROBERT J TAMBO IRREVOCABLE GRANTOR TRUST,0.161,1,Yellowstone,MAIL TO: DAWN LARIMER TRUSTEE PO BOX 81596 BILLINGS MT 59108-1596,broad_owner_fragment:AMB,"Keyword/fragment, identity-field, or proximity-only discovery signal.",Rejected / unrelated,rejected,No authoritative current relationship to Arthur Blank / AMB West; excluded.
SIBBITTS FRANCIS D & AMBER M,SIBBITTS FRANCIS D AND AMBER M,0.161,1,Roosevelt,PO BOX 652 WOLF POINT MT 59201-0652,broad_owner_fragment:AMB,"Keyword/fragment, identity-field, or proximity-only discovery signal.",Rejected / unrelated,rejected,No authoritative current relationship to Arthur Blank / AMB West; excluded.
STENERSON AMBER J,STENERSON AMBER J,0.161,1,Big Horn,706 N CRAWFORD AVE HARDIN MT 59034-1419,broad_owner_fragment:AMB,"Keyword/fragment, identity-field, or proximity-only discovery signal.",Rejected / unrelated,rejected,No authoritative current relationship to Arthur Blank / AMB West; excluded.
TUCKER AMBER,TUCKER AMBER,0.161,1,Musselshell,405 3RD ST W ROUNDUP MT 59072-2713,broad_owner_fragment:AMB,"Keyword/fragment, identity-field, or proximity-only discovery signal.",Rejected / unrelated,rejected,No authoritative current relationship to Arthur Blank / AMB West; excluded.
WAMBACH CHAD T & AMY M,WAMBACH CHAD T AND AMY M,0.161,1,Flathead,394 1ST AVENUE WEST N KALISPELL MT 59901-3907,broad_owner_fragment:AMB,"Keyword/fragment, identity-field, or proximity-only discovery signal.",Rejected / unrelated,rejected,No authoritative current relationship to Arthur Blank / AMB West; excluded.
WAMBEKE CHARLES T & TINA C,WAMBEKE CHARLES T AND TINA C,0.161,1,Gallatin,PO BOX 581 BUTTE MT 59703-0581,broad_owner_fragment:AMB,"Keyword/fragment, identity-field, or proximity-only discovery signal.",Rejected / unrelated,rejected,No authoritative current relationship to Arthur Blank / AMB West; excluded.
"WESTER, THOMAS J & AMBER DAWN",WESTER THOMAS J AND AMBER DAWN,0.161,1,Yellowstone,1227 N 25TH ST BILLINGS MT 59101-0227,broad_owner_fragment:AMB,"Keyword/fragment, identity-field, or proximity-only discovery signal.",Rejected / unrelated,rejected,No authoritative current relationship to Arthur Blank / AMB West; excluded.
WRIGHT TAMBRA R,WRIGHT TAMBRA R,0.161,1,Lake,606 4TH ST W POLSON MT 59860-2613,broad_owner_fragment:AMB,"Keyword/fragment, identity-field, or proximity-only discovery signal.",Rejected / unrelated,rejected,No authoritative current relationship to Arthur Blank / AMB West; excluded.
AUCH JOSHUA & AMBER,AUCH JOSHUA AND AMBER,0.16,1,Chouteau,PO BOX 323 FORT BENTON MT 59442-0323,broad_owner_fragment:AMB,"Keyword/fragment, identity-field, or proximity-only discovery signal.",Rejected / unrelated,rejected,No authoritative current relationship to Arthur Blank / AMB West; excluded.
GATES TRUST CASEY & AMBER,GATES TRUST CASEY AND AMBER,0.159,1,Flathead,AMBER GATES 502 PHEASANT LN KALISPELL MT 59901-6190,broad_owner_fragment:AMB,"Keyword/fragment, identity-field, or proximity-only discovery signal.",Rejected / unrelated,rejected,No authoritative current relationship to Arthur Blank / AMB West; excluded.
DRESEN JOSEPH & AMBER L,DRESEN JOSEPH AND AMBER L,0.158,1,Cascade,927 2ND AVE NW GREAT FALLS MT 59404-2353,broad_owner_fragment:AMB,"Keyword/fragment, identity-field, or proximity-only discovery signal.",Rejected / unrelated,rejected,No authoritative current relationship to Arthur Blank / AMB West; excluded.
BLANK RICHARD J TRUSTEE,BLANK RICHARD J TRUSTEE,0.157,1,Missoula,629 E BECKWITH AVE MISSOULA MT 59801-4422,broad_owner_fragment:BLANK,"Keyword/fragment, identity-field, or proximity-only discovery signal.",Rejected / unrelated,rejected,No authoritative current relationship to Arthur Blank / AMB West; excluded.
"BLANKENSHIP, JOHN S III & JOYCE B",BLANKENSHIP JOHN S III AND JOYCE B,0.157,1,Yellowstone,2455 4TH ST WORDEN MT 59088-2220,broad_owner_fragment:BLANK,"Keyword/fragment, identity-field, or proximity-only discovery signal.",Rejected / unrelated,rejected,No authoritative current relationship to Arthur Blank / AMB West; excluded.
CHAMBERLAND DALE M,CHAMBERLAND DALE M,0.157,1,Missoula,2536 1/2 OLOFSON DR MISSOULA MT 59804-2126,broad_owner_fragment:AMB,"Keyword/fragment, identity-field, or proximity-only discovery signal.",Rejected / unrelated,rejected,No authoritative current relationship to Arthur Blank / AMB West; excluded.
NIXON SUSAN CHAMBERS TRUSTEE,NIXON SUSAN CHAMBERS TRUSTEE,0.157,1,Gallatin,1962 VAQUERO PKWY BOZEMAN MT 59718-7754,broad_owner_fragment:AMB,"Keyword/fragment, identity-field, or proximity-only discovery signal.",Rejected / unrelated,rejected,No authoritative current relationship to Arthur Blank / AMB West; excluded.
RAMBERG NICHOLAS S & KIMBERLY S,RAMBERG NICHOLAS S AND KIMBERLY S,0.157,1,Blaine,PO BOX 897 CHINOOK MT 59523-0897,broad_owner_fragment:AMB,"Keyword/fragment, identity-field, or proximity-only discovery signal.",Rejected / unrelated,rejected,No authoritative current relationship to Arthur Blank / AMB West; excluded.
SOLTIS CARL & AMBER,SOLTIS CARL AND AMBER,0.157,1,Lewis and Clark,2818 TRAVIS AVE HELENA MT 59601-6533,broad_owner_fragment:AMB,"Keyword/fragment, identity-field, or proximity-only discovery signal.",Rejected / unrelated,rejected,No authoritative current relationship to Arthur Blank / AMB West; excluded.
BLANKSMA KATHY A,BLANKSMA KATHY A,0.156,1,Gallatin,231 S CHIPPEWA PL CHANDLER AZ 85224-5252,broad_owner_fragment:BLANK,"Keyword/fragment, identity-field, or proximity-only discovery signal.",Rejected / unrelated,rejected,No authoritative current relationship to Arthur Blank / AMB West; excluded.
CHAMBERS FAYE A & BOBBY J,CHAMBERS FAYE A AND BOBBY J,0.156,1,Silver Bow,2709 MARCIA ST BUTTE MT 59701-5707,broad_owner_fragment:AMB,"Keyword/fragment, identity-field, or proximity-only discovery signal.",Rejected / unrelated,rejected,No authoritative current relationship to Arthur Blank / AMB West; excluded.
SCHWAGLER AMBER KATLYN & BLAKE ROBERT,SCHWAGLER AMBER KATLYN AND BLAKE ROBERT,0.156,1,Rosebud,PO BOX 511 FORSYTH MT 59327-0511,broad_owner_fragment:AMB,"Keyword/fragment, identity-field, or proximity-only discovery signal.",Rejected / unrelated,rejected,No authoritative current relationship to Arthur Blank / AMB West; excluded.
CHAMBERS DARRELL E,CHAMBERS DARRELL E,0.155,1,Missoula,3915 PAXSON ST MISSOULA MT 59801-8941,broad_owner_fragment:AMB,"Keyword/fragment, identity-field, or proximity-only discovery signal.",Rejected / unrelated,rejected,No authoritative current relationship to Arthur Blank / AMB West; excluded.
JOHANNECK AMBER N,JOHANNECK AMBER N,0.155,1,Cascade,1109 3RD AVE S GREAT FALLS MT 59405-2260,broad_owner_fragment:AMB,"Keyword/fragment, identity-field, or proximity-only discovery signal.",Rejected / unrelated,rejected,No authoritative current relationship to Arthur Blank / AMB West; excluded.
AMB COLLECTIVE LLC,AMB COLLECTIVE LLC,0.154,1,Gallatin,534 CANYON GATE DR MISSOULA MT 59803-1602,broad_owner_fragment:AMB,"Keyword/fragment, identity-field, or proximity-only discovery signal.",Rejected / unrelated,rejected,No authoritative current relationship to Arthur Blank / AMB West; excluded.
BLANK KENNETH,BLANK KENNETH,0.154,1,Silver Bow,3326 KENNEDY AVE BUTTE MT 59701-3519,broad_owner_fragment:BLANK,"Keyword/fragment, identity-field, or proximity-only discovery signal.",Rejected / unrelated,rejected,No authoritative current relationship to Arthur Blank / AMB West; excluded.
BURGESS JAMES S & AMBER N,BURGESS JAMES S AND AMBER N,0.154,1,Broadwater,31 FURMAN LN EAST HELENA MT 59635-9504,broad_owner_fragment:AMB,"Keyword/fragment, identity-field, or proximity-only discovery signal.",Rejected / unrelated,rejected,No authoritative current relationship to Arthur Blank / AMB West; excluded.
LAMB PATRICIA S,LAMB PATRICIA S,0.154,1,Missoula,254 RIDGEWAY DR LOLO MT 59847-9608,broad_owner_fragment:AMB,"Keyword/fragment, identity-field, or proximity-only discovery signal.",Rejected / unrelated,rejected,No authoritative current relationship to Arthur Blank / AMB West; excluded.
BLANK MICHAEL JOHN & KRISTI,BLANK MICHAEL JOHN AND KRISTI,0.152,1,Rosebud,PO BOX 966 FORSYTH MT 59327-0966,broad_owner_fragment:BLANK,"Keyword/fragment, identity-field, or proximity-only discovery signal.",Rejected / unrelated,rejected,No authoritative current relationship to Arthur Blank / AMB West; excluded.
BLANKENSHIP RHONDA MAE,BLANKENSHIP RHONDA MAE,0.152,1,Yellowstone,1533 PING CIR BILLINGS MT 59105-2067,broad_owner_fragment:BLANK,"Keyword/fragment, identity-field, or proximity-only discovery signal.",Rejected / unrelated,rejected,No authoritative current relationship to Arthur Blank / AMB West; excluded.
JAMBOR WADE M & SARAH J,JAMBOR WADE M AND SARAH J,0.152,1,Gallatin,4612 GLENWOOD DR BOZEMAN MT 59718-6549,broad_owner_fragment:AMB,"Keyword/fragment, identity-field, or proximity-only discovery signal.",Rejected / unrelated,rejected,No authoritative current relationship to Arthur Blank / AMB West; excluded.
LAMB KARLA K,LAMB KARLA K,0.152,1,Custer,1703 BRISBIN ST MILES CITY MT 59301-4510,broad_owner_fragment:AMB,"Keyword/fragment, identity-field, or proximity-only discovery signal.",Rejected / unrelated,rejected,No authoritative current relationship to Arthur Blank / AMB West; excluded.
SHIFFLETT AMBER &,SHIFFLETT AMBER AND,0.152,1,Silver Bow,2924 HECLA ST BUTTE MT 59701-6318,broad_owner_fragment:AMB,"Keyword/fragment, identity-field, or proximity-only discovery signal.",Rejected / unrelated,rejected,No authoritative current relationship to Arthur Blank / AMB West; excluded.
TEMPEL AMBER M,TEMPEL AMBER M,0.152,1,Missoula,5771 REMUDA LN MISSOULA MT 59808-5577,broad_owner_fragment:AMB,"Keyword/fragment, identity-field, or proximity-only discovery signal.",Rejected / unrelated,rejected,No authoritative current relationship to Arthur Blank / AMB West; excluded.
BLANKERS LUCAS,BLANKERS LUCAS,0.15,1,Lincoln,PO BOX 816 EUREKA MT 59917-0816,broad_owner_fragment:BLANK,"Keyword/fragment, identity-field, or proximity-only discovery signal.",Rejected / unrelated,rejected,No authoritative current relationship to Arthur Blank / AMB West; excluded.
GAMBREL FLOYD C & AUDREY L,GAMBREL FLOYD C AND AUDREY L,0.15,1,Flathead,181 W NICKLAUS AVE KALISPELL MT 59901-2773,broad_owner_fragment:AMB,"Keyword/fragment, identity-field, or proximity-only discovery signal.",Rejected / unrelated,rejected,No authoritative current relationship to Arthur Blank / AMB West; excluded.
ALMON AMBER & DAVID,ALMON AMBER AND DAVID,0.149,1,Lake,108 5TH AVE W POLSON MT 59860-2633,broad_owner_fragment:AMB,"Keyword/fragment, identity-field, or proximity-only discovery signal.",Rejected / unrelated,rejected,No authoritative current relationship to Arthur Blank / AMB West; excluded.
AMBELANG ANDREW,AMBELANG ANDREW,0.149,1,Missoula,1745 S 4TH ST W MISSOULA MT 59801-2231,broad_owner_fragment:AMB,"Keyword/fragment, identity-field, or proximity-only discovery signal.",Rejected / unrelated,rejected,No authoritative current relationship to Arthur Blank / AMB West; excluded.
BAKER AMBER R,BAKER AMBER R,0.149,1,Gallatin,27 W VELA RD BELGRADE MT 59714-9539,broad_owner_fragment:AMB,"Keyword/fragment, identity-field, or proximity-only discovery signal.",Rejected / unrelated,rejected,No authoritative current relationship to Arthur Blank / AMB West; excluded.
BEACH AMBRIA A & ELIJAH R,BEACH AMBRIA A AND ELIJAH R,0.149,1,Silver Bow,1811 PORTER AVE BUTTE MT 59701-5745,broad_owner_fragment:AMB,"Keyword/fragment, identity-field, or proximity-only discovery signal.",Rejected / unrelated,rejected,No authoritative current relationship to Arthur Blank / AMB West; excluded.
BLANKENSHIP JAMES W,BLANKENSHIP JAMES W,0.149,1,Flathead,200 IOWA AVE WHITEFISH MT 59937-2329,broad_owner_fragment:BLANK,"Keyword/fragment, identity-field, or proximity-only discovery signal.",Rejected / unrelated,rejected,No authoritative current relationship to Arthur Blank / AMB West; excluded.
CHAMBERS LEON E & KIMBERLY RAE,CHAMBERS LEON E AND KIMBERLY RAE,0.149,1,Missoula,7130 RATTLESNAKE DR MISSOULA MT 59802-5315,broad_owner_fragment:AMB,"Keyword/fragment, identity-field, or proximity-only discovery signal.",Rejected / unrelated,rejected,No authoritative current relationship to Arthur Blank / AMB West; excluded.
HIDALGO NATHAN & CAMBRIA,HIDALGO NATHAN AND CAMBRIA,0.149,1,Flathead,736 COLUMBIA AVE WHITEFISH MT 59937-2824,broad_owner_fragment:AMB,"Keyword/fragment, identity-field, or proximity-only discovery signal.",Rejected / unrelated,rejected,No authoritative current relationship to Arthur Blank / AMB West; excluded.
KAMBICH STEVEN JOSEPH & DOREEN A,KAMBICH STEVEN JOSEPH AND DOREEN A,0.149,1,Silver Bow,3470 PARKWAY ST BUTTE MT 59701-6406,broad_owner_fragment:AMB,"Keyword/fragment, identity-field, or proximity-only discovery signal.",Rejected / unrelated,rejected,No authoritative current relationship to Arthur Blank / AMB West; excluded.
LAMB C DAVID & CAROL A,LAMB C DAVID AND CAROL A,0.149,1,Cascade,1238 8TH AVE NW GREAT FALLS MT 59404-2234,broad_owner_fragment:AMB,"Keyword/fragment, identity-field, or proximity-only discovery signal.",Rejected / unrelated,rejected,No authoritative current relationship to Arthur Blank / AMB West; excluded.
LAMBIE MARGARET ANN,LAMBIE MARGARET ANN,0.149,1,Lincoln,PO BOX 1404 EUREKA MT 59917-1404,broad_owner_fragment:AMB,"Keyword/fragment, identity-field, or proximity-only discovery signal.",Rejected / unrelated,rejected,No authoritative current relationship to Arthur Blank / AMB West; excluded.
RAMBERG SHELLEY TERESA,RAMBERG SHELLEY TERESA,0.149,1,Missoula,1643 S 12TH ST W MISSOULA MT 59801-4823,broad_owner_fragment:AMB,"Keyword/fragment, identity-field, or proximity-only discovery signal.",Rejected / unrelated,rejected,No authoritative current relationship to Arthur Blank / AMB West; excluded.
CHAMBERS KELSI L,CHAMBERS KELSI L,0.148,1,Lincoln,1212 LOUISIANA AVE LIBBY MT 59923-2416,broad_owner_fragment:AMB,"Keyword/fragment, identity-field, or proximity-only discovery signal.",Rejected / unrelated,rejected,No authoritative current relationship to Arthur Blank / AMB West; excluded.
KEMP ANDREW & AMBER,KEMP ANDREW AND AMBER,0.147,1,Gallatin,915 W DICKERSON ST BOZEMAN MT 59715-4330,broad_owner_fragment:AMB,"Keyword/fragment, identity-field, or proximity-only discovery signal.",Rejected / unrelated,rejected,No authoritative current relationship to Arthur Blank / AMB West; excluded.
ARTHERTON AMBER,ARTHERTON AMBER,0.146,1,Chouteau,1814 WASHINGTON ST FORT BENTON MT 59442-8953,broad_owner_fragment:AMB,"Keyword/fragment, identity-field, or proximity-only discovery signal.",Rejected / unrelated,rejected,No authoritative current relationship to Arthur Blank / AMB West; excluded.
BLANKENSHIP BRANDI A,BLANKENSHIP BRANDI A,0.146,1,Missoula,3005 S CLARK ST MISSOULA MT 59801-7625,broad_owner_fragment:BLANK,"Keyword/fragment, identity-field, or proximity-only discovery signal.",Rejected / unrelated,rejected,No authoritative current relationship to Arthur Blank / AMB West; excluded.
KAMPS AMBER,KAMPS AMBER,0.146,1,Missoula,PO BOX 74 OVANDO MT 59854-0074,broad_owner_fragment:AMB,"Keyword/fragment, identity-field, or proximity-only discovery signal.",Rejected / unrelated,rejected,No authoritative current relationship to Arthur Blank / AMB West; excluded.
"LAMB, JANE M &",LAMB JANE M AND,0.146,1,Yellowstone,132 SHAW CIR BILLINGS MT 59105-2665,broad_owner_fragment:AMB,"Keyword/fragment, identity-field, or proximity-only discovery signal.",Rejected / unrelated,rejected,No authoritative current relationship to Arthur Blank / AMB West; excluded.
"REIFSCHNEIDER, ERIC & AMBER",REIFSCHNEIDER ERIC AND AMBER,0.146,1,Yellowstone,1020 COMPETITION AVE BILLINGS MT 59105-1858,broad_owner_fragment:AMB,"Keyword/fragment, identity-field, or proximity-only discovery signal.",Rejected / unrelated,rejected,No authoritative current relationship to Arthur Blank / AMB West; excluded.
"BLANKENSHIP, HILARY &",BLANKENSHIP HILARY AND,0.145,1,Yellowstone,1437 SAINT JOHNS AVE BILLINGS MT 59102-5129,broad_owner_fragment:BLANK,"Keyword/fragment, identity-field, or proximity-only discovery signal.",Rejected / unrelated,rejected,No authoritative current relationship to Arthur Blank / AMB West; excluded.
CHAMBERLIN FAMILY TRUST DANIEL & LORI LEA,CHAMBERLIN FAMILY TRUST DANIEL AND LORI LEA,0.145,1,Flathead,DAN CHAMBERLIN & LORI HAMPA CHAMBERLIN 1065 MEADOWLARK LN WHITEFISH MT 59937,broad_owner_fragment:AMB,"Keyword/fragment, identity-field, or proximity-only discovery signal.",Rejected / unrelated,rejected,No authoritative current relationship to Arthur Blank / AMB West; excluded.
HENSON AMBER ANNE,HENSON AMBER ANNE,0.145,1,Silver Bow,2820 YALE AVE BUTTE MT 59701-4208,broad_owner_fragment:AMB,"Keyword/fragment, identity-field, or proximity-only discovery signal.",Rejected / unrelated,rejected,No authoritative current relationship to Arthur Blank / AMB West; excluded.
MOORE JACOB & AMBER,MOORE JACOB AND AMBER,0.145,1,Silver Bow,1800 HANCOCK AVE BUTTE MT 59701-5147,broad_owner_fragment:AMB,"Keyword/fragment, identity-field, or proximity-only discovery signal.",Rejected / unrelated,rejected,No authoritative current relationship to Arthur Blank / AMB West; excluded.
RAMBERG GARY G,RAMBERG GARY G,0.145,1,Blaine,PO BOX 1415 CHINOOK MT 59523-1415,broad_owner_fragment:AMB,"Keyword/fragment, identity-field, or proximity-only discovery signal.",Rejected / unrelated,rejected,No authoritative current relationship to Arthur Blank / AMB West; excluded.
"UZELAC, AMBER N & BREEZE J",UZELAC AMBER N AND BREEZE J,0.145,1,Yellowstone,1955 ANNAS GARDEN LN BILLINGS MT 59101-6492,broad_owner_fragment:AMB,"Keyword/fragment, identity-field, or proximity-only discovery signal.",Rejected / unrelated,rejected,No authoritative current relationship to Arthur Blank / AMB West; excluded.
ARRAMBIDE REGINALDO,ARRAMBIDE REGINALDO,0.144,1,Yellowstone,4107 ROOSEVELT AVE BILLINGS MT 59101-5225,broad_owner_fragment:AMB,"Keyword/fragment, identity-field, or proximity-only discovery signal.",Rejected / unrelated,rejected,No authoritative current relationship to Arthur Blank / AMB West; excluded.
EMMART JEREMY & AMBER,EMMART JEREMY AND AMBER,0.144,1,Flathead,327 MOUNTAIN VISTA WAY KALISPELL MT 59901-8006,broad_owner_fragment:AMB,"Keyword/fragment, identity-field, or proximity-only discovery signal.",Rejected / unrelated,rejected,No authoritative current relationship to Arthur Blank / AMB West; excluded.
LAMBERT BRIANNA &,LAMBERT BRIANNA AND,0.144,1,Powell,909 MAIN ST DEER LODGE MT 59722-1422,broad_owner_fragment:AMB,"Keyword/fragment, identity-field, or proximity-only discovery signal.",Rejected / unrelated,rejected,No authoritative current relationship to Arthur Blank / AMB West; excluded.
BELL MATTHEW & AMBER,BELL MATTHEW AND AMBER,0.143,1,Lewis and Clark,1306 KNIGHT ST HELENA MT 59601-2348,broad_owner_fragment:AMB,"Keyword/fragment, identity-field, or proximity-only discovery signal.",Rejected / unrelated,rejected,No authoritative current relationship to Arthur Blank / AMB West; excluded.
BLANKENSHIP BETTY,BLANKENSHIP BETTY,0.143,1,Lewis and Clark,600 HOLLINS AVE HELENA MT 59601-2513,broad_owner_fragment:BLANK,"Keyword/fragment, identity-field, or proximity-only discovery signal.",Rejected / unrelated,rejected,No authoritative current relationship to Arthur Blank / AMB West; excluded.
CHAMBERLAIN DONALD GENE & JOYCE PHYLLIS,CHAMBERLAIN DONALD GENE AND JOYCE PHYLLIS,0.143,1,Gallatin,105 N HENRY ST KNOXVILLE IA 50138-2829,broad_owner_fragment:AMB,"Keyword/fragment, identity-field, or proximity-only discovery signal.",Rejected / unrelated,rejected,No authoritative current relationship to Arthur Blank / AMB West; excluded.
CHAMBERLAIN JAMES D & PEGGY WO,CHAMBERLAIN JAMES D AND PEGGY WO,0.143,1,Lewis and Clark,1414 HOLLINS AVE HELENA MT 59601-1705,broad_owner_fragment:AMB,"Keyword/fragment, identity-field, or proximity-only discovery signal.",Rejected / unrelated,rejected,No authoritative current relationship to Arthur Blank / AMB West; excluded.
CHAMBERLIN MATTHEW K & NICHOLE ANN,CHAMBERLIN MATTHEW K AND NICHOLE ANN,0.143,1,Gallatin,1715 TRAILCREST DR BOZEMAN MT 59718-7540,broad_owner_fragment:AMB,"Keyword/fragment, identity-field, or proximity-only discovery signal.",Rejected / unrelated,rejected,No authoritative current relationship to Arthur Blank / AMB West; excluded.
CHAMBERS PHILIP A & MEI CHU,CHAMBERS PHILIP A AND MEI CHU,0.143,1,Cascade,1405 19TH AVE S GREAT FALLS MT 59405-6026,broad_owner_fragment:AMB,"Keyword/fragment, identity-field, or proximity-only discovery signal.",Rejected / unrelated,rejected,No authoritative current relationship to Arthur Blank / AMB West; excluded.
"CHILD, AMBER &",CHILD AMBER AND,0.143,1,Yellowstone,40 JEFFERSON ST BILLINGS MT 59101-5231,broad_owner_fragment:AMB,"Keyword/fragment, identity-field, or proximity-only discovery signal.",Rejected / unrelated,rejected,No authoritative current relationship to Arthur Blank / AMB West; excluded.
COFFMAN CHAD L & AMBER MARIE,COFFMAN CHAD L AND AMBER MARIE,0.143,1,Teton,103 E MAIN ST DUTTON MT 59433-9673,broad_owner_fragment:AMB,"Keyword/fragment, identity-field, or proximity-only discovery signal.",Rejected / unrelated,rejected,No authoritative current relationship to Arthur Blank / AMB West; excluded.
"D'AMBROSIA, SAGE S & MICAYLA K",D AMBROSIA SAGE S AND MICAYLA K,0.143,1,Yellowstone,426 NELSON DR BILLINGS MT 59102-4850,broad_owner_fragment:AMB,"Keyword/fragment, identity-field, or proximity-only discovery signal.",Rejected / unrelated,rejected,No authoritative current relationship to Arthur Blank / AMB West; excluded.
DELANOY SETH & AMBER,DELANOY SETH AND AMBER,0.143,1,Cascade,3758 84TH ST APT 23 JACKSON HEIGHTS NY 11372-7225,broad_owner_fragment:AMB,"Keyword/fragment, identity-field, or proximity-only discovery signal.",Rejected / unrelated,rejected,No authoritative current relationship to Arthur Blank / AMB West; excluded.
ELLIOTT MARCUS & AMBER,ELLIOTT MARCUS AND AMBER,0.143,1,Cascade,1220 4TH AVE NW GREAT FALLS MT 59404-2218,broad_owner_fragment:AMB,"Keyword/fragment, identity-field, or proximity-only discovery signal.",Rejected / unrelated,rejected,No authoritative current relationship to Arthur Blank / AMB West; excluded.
GEER DEBRA A & AMBER MILDRED,GEER DEBRA A AND AMBER MILDRED,0.143,1,Gallatin,1006 CARDINAL DR APT 107 BELGRADE MT 59714-8375,broad_owner_fragment:AMB,"Keyword/fragment, identity-field, or proximity-only discovery signal.",Rejected / unrelated,rejected,No authoritative current relationship to Arthur Blank / AMB West; excluded.
GONSER AMBER L,GONSER AMBER L,0.143,1,Cascade,1508 17TH AVE S GREAT FALLS MT 59405-4737,broad_owner_fragment:AMB,"Keyword/fragment, identity-field, or proximity-only discovery signal.",Rejected / unrelated,rejected,No authoritative current relationship to Arthur Blank / AMB West; excluded.
GRAYSON CHRISTOPHER & AMBER,GRAYSON CHRISTOPHER AND AMBER,0.143,1,Gallatin,1516 DEADWOOD LOOP BELGRADE MT 59714-7736,broad_owner_fragment:AMB,"Keyword/fragment, identity-field, or proximity-only discovery signal.",Rejected / unrelated,rejected,No authoritative current relationship to Arthur Blank / AMB West; excluded.
HOFELDT AMBER J,HOFELDT AMBER J,0.143,1,Toole,916 TURNER AVE SHELBY MT 59474-1527,broad_owner_fragment:AMB,"Keyword/fragment, identity-field, or proximity-only discovery signal.",Rejected / unrelated,rejected,No authoritative current relationship to Arthur Blank / AMB West; excluded.
JAMBRETZ MATTHEW,JAMBRETZ MATTHEW,0.143,1,Cascade,1420 5TH AVE NW GREAT FALLS MT 59404-2119,broad_owner_fragment:AMB,"Keyword/fragment, identity-field, or proximity-only discovery signal.",Rejected / unrelated,rejected,No authoritative current relationship to Arthur Blank / AMB West; excluded.
LAMB CYNTHIA M,LAMB CYNTHIA M,0.143,1,Toole,1022 CEDAR AVE SHELBY MT 59474-2619,broad_owner_fragment:AMB,"Keyword/fragment, identity-field, or proximity-only discovery signal.",Rejected / unrelated,rejected,No authoritative current relationship to Arthur Blank / AMB West; excluded.
LAMB KARI S,LAMB KARI S,0.143,1,Cascade,1414 4TH AVE NW GREAT FALLS MT 59404-2115,broad_owner_fragment:AMB,"Keyword/fragment, identity-field, or proximity-only discovery signal.",Rejected / unrelated,rejected,No authoritative current relationship to Arthur Blank / AMB West; excluded.
LAMBERTSEN ROBERT LEVI & MADISON,LAMBERTSEN ROBERT LEVI AND MADISON,0.143,1,Flathead,216 PARK DR KALISPELL MT 59901-2922,broad_owner_fragment:AMB,"Keyword/fragment, identity-field, or proximity-only discovery signal.",Rejected / unrelated,rejected,No authoritative current relationship to Arthur Blank / AMB West; excluded.
LAMBIOTTE CHARLES,LAMBIOTTE CHARLES,0.143,1,Carbon,PO BOX 2630 RED LODGE MT 59068-2100,broad_owner_fragment:AMB,"Keyword/fragment, identity-field, or proximity-only discovery signal.",Rejected / unrelated,rejected,No authoritative current relationship to Arthur Blank / AMB West; excluded.
LAMBRECHT EDWIN A,LAMBRECHT EDWIN A,0.143,1,Carbon,PO BOX 457 RED LODGE MT 59068-0457,broad_owner_fragment:AMB,"Keyword/fragment, identity-field, or proximity-only discovery signal.",Rejected / unrelated,rejected,No authoritative current relationship to Arthur Blank / AMB West; excluded.
LAMBRECHT KURT THOMAS & SHELLY JO,LAMBRECHT KURT THOMAS AND SHELLY JO,0.143,1,Flathead,PO BOX 1601 COLUMBIA FALLS MT 59912-1601,broad_owner_fragment:AMB,"Keyword/fragment, identity-field, or proximity-only discovery signal.",Rejected / unrelated,rejected,No authoritative current relationship to Arthur Blank / AMB West; excluded.
PARADISE ANDREW,PARADISE ANDREW,0.143,1,Cascade,1401 2ND AVE NW GREAT FALLS MT 59404-3974,broad_owner_fragment:PARADISE,"Keyword/fragment, identity-field, or proximity-only discovery signal.",Rejected / unrelated,rejected,No authoritative current relationship to Arthur Blank / AMB West; excluded.
PARADISE IRREVOCABLE TRUST,PARADISE IRREVOCABLE TRUST,0.143,1,Carbon,5306 TRAVERTINE BLVD BILLINGS MT 59106-2334,broad_owner_fragment:PARADISE,"Keyword/fragment, identity-field, or proximity-only discovery signal.",Rejected / unrelated,rejected,No authoritative current relationship to Arthur Blank / AMB West; excluded.
PARKER BRETT & KAMBRIE,PARKER BRETT AND KAMBRIE,0.143,1,Cascade,701 4TH AVE SW GREAT FALLS MT 59404-2935,broad_owner_fragment:AMB,"Keyword/fragment, identity-field, or proximity-only discovery signal.",Rejected / unrelated,rejected,No authoritative current relationship to Arthur Blank / AMB West; excluded.
SANCHEZ CHRISTOPHER R & AMBER D,SANCHEZ CHRISTOPHER R AND AMBER D,0.143,1,Toole,854 PRAIRIE ST SHELBY MT 59474-1531,broad_owner_fragment:AMB,"Keyword/fragment, identity-field, or proximity-only discovery signal.",Rejected / unrelated,rejected,No authoritative current relationship to Arthur Blank / AMB West; excluded.
WILSON JOSEPH & AMBER,WILSON JOSEPH AND AMBER,0.143,1,Cascade,809 4TH AVE SW GREAT FALLS MT 59404-2937,broad_owner_fragment:AMB,"Keyword/fragment, identity-field, or proximity-only discovery signal.",Rejected / unrelated,rejected,No authoritative current relationship to Arthur Blank / AMB West; excluded.
BLANKENSHIP MERLE & JESSICA,BLANKENSHIP MERLE AND JESSICA,0.141,1,Custer,206 N EARLING AVE MILES CITY MT 59301-3813,broad_owner_fragment:BLANK,"Keyword/fragment, identity-field, or proximity-only discovery signal.",Rejected / unrelated,rejected,No authoritative current relationship to Arthur Blank / AMB West; excluded.
BARKER JEFFERY J & AMBER N,BARKER JEFFERY J AND AMBER N,0.14,1,Flathead,7 VANDERBILT DR KALISPELL MT 59901-2580,broad_owner_fragment:AMB,"Keyword/fragment, identity-field, or proximity-only discovery signal.",Rejected / unrelated,rejected,No authoritative current relationship to Arthur Blank / AMB West; excluded.
BRAMBLETT SHEA B,BRAMBLETT SHEA B,0.14,1,Gallatin,220 S 9TH AVE BOZEMAN MT 59715-4306,broad_owner_fragment:AMB,"Keyword/fragment, identity-field, or proximity-only discovery signal.",Rejected / unrelated,rejected,No authoritative current relationship to Arthur Blank / AMB West; excluded.
BROADBENT RANDALL T & AMBER L,BROADBENT RANDALL T AND AMBER L,0.14,1,Gallatin,20965 ROYAL OAK CIR BEND OR 97701-8743,broad_owner_fragment:AMB,"Keyword/fragment, identity-field, or proximity-only discovery signal.",Rejected / unrelated,rejected,No authoritative current relationship to Arthur Blank / AMB West; excluded.
FLANAGAN DOLORES KAE & AMBER DAWN,FLANAGAN DOLORES KAE AND AMBER DAWN,0.14,1,Silver Bow,1900 SHERMAN AVE BUTTE MT 59701-5752,broad_owner_fragment:AMB,"Keyword/fragment, identity-field, or proximity-only discovery signal.",Rejected / unrelated,rejected,No authoritative current relationship to Arthur Blank / AMB West; excluded.
HAMBLIN ALLEN MICHAEL,HAMBLIN ALLEN MICHAEL,0.139,1,Silver Bow,1409 5TH ST BUTTE MT 59701-8204,broad_owner_fragment:AMB,"Keyword/fragment, identity-field, or proximity-only discovery signal.",Rejected / unrelated,rejected,No authoritative current relationship to Arthur Blank / AMB West; excluded.
ZAMBRANO ORLANDO,ZAMBRANO ORLANDO,0.139,1,Gallatin,2329 ARABIAN AVE BOZEMAN MT 59718-8089,broad_owner_fragment:AMB,"Keyword/fragment, identity-field, or proximity-only discovery signal.",Rejected / unrelated,rejected,No authoritative current relationship to Arthur Blank / AMB West; excluded.
BALLENSKY AMBER LYNN,BALLENSKY AMBER LYNN,0.138,1,Custer,218 N PRAIRIE AVE MILES CITY MT 59301-3622,broad_owner_fragment:AMB,"Keyword/fragment, identity-field, or proximity-only discovery signal.",Rejected / unrelated,rejected,No authoritative current relationship to Arthur Blank / AMB West; excluded.
BARROWS DEAMBRA,BARROWS DEAMBRA,0.138,1,Custer,614 S COTTAGE GRV MILES CITY MT 59301-4516,broad_owner_fragment:AMB,"Keyword/fragment, identity-field, or proximity-only discovery signal.",Rejected / unrelated,rejected,No authoritative current relationship to Arthur Blank / AMB West; excluded.
BRAMBLE TERRY & CAROL,BRAMBLE TERRY AND CAROL,0.138,1,Yellowstone,1142 SAINT JOHNS AVE BILLINGS MT 59102-5517,broad_owner_fragment:AMB,"Keyword/fragment, identity-field, or proximity-only discovery signal.",Rejected / unrelated,rejected,No authoritative current relationship to Arthur Blank / AMB West; excluded.
"BRAMBLETT, TIM L TRUSTEE",BRAMBLETT TIM L TRUSTEE,0.138,1,Yellowstone,2261 LINCOLN RD E HELENA MT 59602-8851,broad_owner_fragment:AMB,"Keyword/fragment, identity-field, or proximity-only discovery signal.",Rejected / unrelated,rejected,No authoritative current relationship to Arthur Blank / AMB West; excluded.
CHAMBERLAIN DAVID,CHAMBERLAIN DAVID,0.138,1,Silver Bow,1149 W SILVER ST BUTTE MT 59701-1429,broad_owner_fragment:AMB,"Keyword/fragment, identity-field, or proximity-only discovery signal.",Rejected / unrelated,rejected,No authoritative current relationship to Arthur Blank / AMB West; excluded.
CHAMBERS KELLY B & KYLIE L,CHAMBERS KELLY B AND KYLIE L,0.138,1,Silver Bow,849 W COPPER ST BUTTE MT 59701-9045,broad_owner_fragment:AMB,"Keyword/fragment, identity-field, or proximity-only discovery signal.",Rejected / unrelated,rejected,No authoritative current relationship to Arthur Blank / AMB West; excluded.
"D'AMBROSIO, DAVID",D AMBROSIO DAVID,0.138,1,Yellowstone,1114 SAINT JOHNS AVE BILLINGS MT 59102-5517,broad_owner_fragment:AMB,"Keyword/fragment, identity-field, or proximity-only discovery signal.",Rejected / unrelated,rejected,No authoritative current relationship to Arthur Blank / AMB West; excluded.
"DIMICH, BRANDON P & AMBER K &",DIMICH BRANDON P AND AMBER K AND,0.138,1,Yellowstone,1131 LYNN AVE BILLINGS MT 59102-5510,broad_owner_fragment:AMB,"Keyword/fragment, identity-field, or proximity-only discovery signal.",Rejected / unrelated,rejected,No authoritative current relationship to Arthur Blank / AMB West; excluded.
DOMENECH CHEMA & ELIZABETH A,DOMENECH CHEMA AND ELIZABETH A,0.138,1,Gallatin,518 E COTTONWOOD ST BOZEMAN MT 59715-3060,broad_owner_fragment:DOME,"Keyword/fragment, identity-field, or proximity-only discovery signal.",Rejected / unrelated,rejected,No authoritative current relationship to Arthur Blank / AMB West; excluded.
FORTIER NATHAN & AMBER,FORTIER NATHAN AND AMBER,0.138,1,Gallatin,311 BUTLER CREEK AVE BELGRADE MT 59714-9660,broad_owner_fragment:AMB,"Keyword/fragment, identity-field, or proximity-only discovery signal.",Rejected / unrelated,rejected,No authoritative current relationship to Arthur Blank / AMB West; excluded.
"FOSTER, KEVIN O & AMBER J",FOSTER KEVIN O AND AMBER J,0.138,1,Yellowstone,1205 WILDERNESS DR BILLINGS MT 59106-2264,broad_owner_fragment:AMB,"Keyword/fragment, identity-field, or proximity-only discovery signal.",Rejected / unrelated,rejected,No authoritative current relationship to Arthur Blank / AMB West; excluded.
JAMES AMBER & JESSICA,JAMES AMBER AND JESSICA,0.138,1,Flathead,139 GETTY DR KALISPELL MT 59901-1202,broad_owner_fragment:AMB,"Keyword/fragment, identity-field, or proximity-only discovery signal.",Rejected / unrelated,rejected,No authoritative current relationship to Arthur Blank / AMB West; excluded.
KETELSEN AMBER,KETELSEN AMBER,0.138,1,Silver Bow,3006 HECLA ST BUTTE MT 59701-6320,broad_owner_fragment:AMB,"Keyword/fragment, identity-field, or proximity-only discovery signal.",Rejected / unrelated,rejected,No authoritative current relationship to Arthur Blank / AMB West; excluded.
LAMB JONATHAN & REBEKAH,LAMB JONATHAN AND REBEKAH,0.138,1,Madison,PO BOX 2825 NORRIS MT 59745-2825,broad_owner_fragment:AMB,"Keyword/fragment, identity-field, or proximity-only discovery signal.",Rejected / unrelated,rejected,No authoritative current relationship to Arthur Blank / AMB West; excluded.
LAMB KETURAH,LAMB KETURAH,0.138,1,Madison,PO BOX 2821 NORRIS MT 59745-2821,broad_owner_fragment:AMB,"Keyword/fragment, identity-field, or proximity-only discovery signal.",Rejected / unrelated,rejected,No authoritative current relationship to Arthur Blank / AMB West; excluded.
OSBORNE KAREN & KEVIN CHAMBERLIAN,OSBORNE KAREN AND KEVIN CHAMBERLIAN,0.138,1,Wheatland,PO BOX 540 HARLOWTON MT 59036-0540,broad_owner_fragment:AMB,"Keyword/fragment, identity-field, or proximity-only discovery signal.",Rejected / unrelated,rejected,No authoritative current relationship to Arthur Blank / AMB West; excluded.
PIERCE AMBER,PIERCE AMBER,0.138,1,Silver Bow,314 W DALY ST WALKERVILLE MT 59701-8225,broad_owner_fragment:AMB,"Keyword/fragment, identity-field, or proximity-only discovery signal.",Rejected / unrelated,rejected,No authoritative current relationship to Arthur Blank / AMB West; excluded.
RAMBO STEVEN B & MARGARET,RAMBO STEVEN B AND MARGARET,0.138,1,Hill,1107 BOULEVARD AVE HAVRE MT 59501-4813,broad_owner_fragment:AMB,"Keyword/fragment, identity-field, or proximity-only discovery signal.",Rejected / unrelated,rejected,No authoritative current relationship to Arthur Blank / AMB West; excluded.
REID ROBB AMBER &,REID ROBB AMBER AND,0.138,1,Silver Bow,2420 WALNUT ST BUTTE MT 59701-4952,broad_owner_fragment:AMB,"Keyword/fragment, identity-field, or proximity-only discovery signal.",Rejected / unrelated,rejected,No authoritative current relationship to Arthur Blank / AMB West; excluded.
SARTAIN SARTAIN E & AMBER S,SARTAIN SARTAIN E AND AMBER S,0.138,1,Gallatin,306 RUGGED CREEK AVE BELGRADE MT 59714-9661,broad_owner_fragment:AMB,"Keyword/fragment, identity-field, or proximity-only discovery signal.",Rejected / unrelated,rejected,No authoritative current relationship to Arthur Blank / AMB West; excluded.
STEARNS AMBER L & SCOTT,STEARNS AMBER L AND SCOTT,0.138,1,Silver Bow,800 S WESTERN AVE BUTTE MT 59701-2161,broad_owner_fragment:AMB,"Keyword/fragment, identity-field, or proximity-only discovery signal.",Rejected / unrelated,rejected,No authoritative current relationship to Arthur Blank / AMB West; excluded.
WALKER JEREMY D & AMBER L,WALKER JEREMY D AND AMBER L,0.138,1,Silver Bow,1561 BROWNING ST BUTTE MT 59701-3305,broad_owner_fragment:AMB,"Keyword/fragment, identity-field, or proximity-only discovery signal.",Rejected / unrelated,rejected,No authoritative current relationship to Arthur Blank / AMB West; excluded.
BLANK MICHAEL JOHN,BLANK MICHAEL JOHN,0.137,1,Treasure,24 MYERS STORE RD HYSHAM MT 59038-9414,broad_owner_fragment:BLANK,"Keyword/fragment, identity-field, or proximity-only discovery signal.",Rejected / unrelated,rejected,No authoritative current relationship to Arthur Blank / AMB West; excluded.
GAMBOA BRANDON ESQUIVEL ETAL,GAMBOA BRANDON ESQUIVEL ETAL,0.137,1,Lewis and Clark,2847 ALEXIS AVE HELENA MT 59601-8655,broad_owner_fragment:AMB,"Keyword/fragment, identity-field, or proximity-only discovery signal.",Rejected / unrelated,rejected,No authoritative current relationship to Arthur Blank / AMB West; excluded.
RAMBERG ZACH & KORD,RAMBERG ZACH AND KORD,0.137,1,Liberty,1796 HAUL RD JOPLIN MT 59531-7753,broad_owner_fragment:AMB,"Keyword/fragment, identity-field, or proximity-only discovery signal.",Rejected / unrelated,rejected,No authoritative current relationship to Arthur Blank / AMB West; excluded.
VANCLEAVE AMBER,VANCLEAVE AMBER,0.137,1,Gallatin,569 GREEN TREE DR BELGRADE MT 59714-9258,broad_owner_fragment:AMB,"Keyword/fragment, identity-field, or proximity-only discovery signal.",Rejected / unrelated,rejected,No authoritative current relationship to Arthur Blank / AMB West; excluded.
WEHR AMBER TRUSTEE,WEHR AMBER TRUSTEE,0.136,1,Missoula,3911 MELROSE PL MISSOULA MT 59808-5636,broad_owner_fragment:AMB,"Keyword/fragment, identity-field, or proximity-only discovery signal.",Rejected / unrelated,rejected,No authoritative current relationship to Arthur Blank / AMB West; excluded.
STRAUSBAUCH AMBER,STRAUSBAUCH AMBER,0.135,1,Pondera,13 N DELAWARE ST CONRAD MT 59425-1812,broad_owner_fragment:AMB,"Keyword/fragment, identity-field, or proximity-only discovery signal.",Rejected / unrelated,rejected,No authoritative current relationship to Arthur Blank / AMB West; excluded.
BOYCE AMBER,BOYCE AMBER,0.134,1,Missoula,624 PHILLIPS ST MISSOULA MT 59802-2525,broad_owner_fragment:AMB,"Keyword/fragment, identity-field, or proximity-only discovery signal.",Rejected / unrelated,rejected,No authoritative current relationship to Arthur Blank / AMB West; excluded.
GATES AMBER,GATES AMBER,0.134,1,Powell,502 PHEASANT LN KALISPELL MT 59901-6190,broad_owner_fragment:AMB,"Keyword/fragment, identity-field, or proximity-only discovery signal.",Rejected / unrelated,rejected,No authoritative current relationship to Arthur Blank / AMB West; excluded.
LAMB PATRICIA SCOTT,LAMB PATRICIA SCOTT,0.134,1,Missoula,401 EDITH ST MISSOULA MT 59801-3913,broad_owner_fragment:AMB,"Keyword/fragment, identity-field, or proximity-only discovery signal.",Rejected / unrelated,rejected,No authoritative current relationship to Arthur Blank / AMB West; excluded.
Y LAMBDA REAL ESTATE LLC,Y LAMBDA REAL ESTATE LLC,0.134,1,Silver Bow,40 BLUE WING ST BUTTE MT 59701-8213,broad_owner_fragment:AMB,"Keyword/fragment, identity-field, or proximity-only discovery signal.",Rejected / unrelated,rejected,No authoritative current relationship to Arthur Blank / AMB West; excluded.
KAMBIC KYLE ETAL,KAMBIC KYLE ETAL,0.133,1,Lewis and Clark,2873 ADAM RUN AVE HELENA MT 59601-6534,broad_owner_fragment:AMB,"Keyword/fragment, identity-field, or proximity-only discovery signal.",Rejected / unrelated,rejected,No authoritative current relationship to Arthur Blank / AMB West; excluded.
COOPER RONALD K SR & AMBER D,COOPER RONALD K SR AND AMBER D,0.132,1,Cascade,1510 16TH ST S GREAT FALLS MT 59405-4717,broad_owner_fragment:AMB,"Keyword/fragment, identity-field, or proximity-only discovery signal.",Rejected / unrelated,rejected,No authoritative current relationship to Arthur Blank / AMB West; excluded.
LONEY AMBER,LONEY AMBER,0.132,1,Cascade,1420 14TH ST S GREAT FALLS MT 59405-4519,broad_owner_fragment:AMB,"Keyword/fragment, identity-field, or proximity-only discovery signal.",Rejected / unrelated,rejected,No authoritative current relationship to Arthur Blank / AMB West; excluded.
BINGISSER AMBER & JOSH,BINGISSER AMBER AND JOSH,0.131,1,Silver Bow,1522 HAM HILL RD CENTRALIA WA 98531-5236,broad_owner_fragment:AMB,"Keyword/fragment, identity-field, or proximity-only discovery signal.",Rejected / unrelated,rejected,No authoritative current relationship to Arthur Blank / AMB West; excluded.
CHAMBERS WILLIAM R & ALICE B,CHAMBERS WILLIAM R AND ALICE B,0.131,1,Hill,905 5TH AVE HAVRE MT 59501-4511,broad_owner_fragment:AMB,"Keyword/fragment, identity-field, or proximity-only discovery signal.",Rejected / unrelated,rejected,No authoritative current relationship to Arthur Blank / AMB West; excluded.
"LAMB, ANTHONY",LAMB ANTHONY,0.131,1,Yellowstone,1219 GLENCOE DR BILLINGS MT 59101-3322,broad_owner_fragment:AMB,"Keyword/fragment, identity-field, or proximity-only discovery signal.",Rejected / unrelated,rejected,No authoritative current relationship to Arthur Blank / AMB West; excluded.
LAMB POINT LLC,LAMB POINT LLC,0.13,1,Missoula,2703 SYCAMORE ST MISSOULA MT 59802-3101,broad_owner_fragment:AMB,"Keyword/fragment, identity-field, or proximity-only discovery signal.",Rejected / unrelated,rejected,No authoritative current relationship to Arthur Blank / AMB West; excluded.
MORGNER BENJAMIN & AMBER LYNN,MORGNER BENJAMIN AND AMBER LYNN,0.13,1,Gallatin,738 THRICE LOOP BELGRADE MT 59714-9820,broad_owner_fragment:AMB,"Keyword/fragment, identity-field, or proximity-only discovery signal.",Rejected / unrelated,rejected,No authoritative current relationship to Arthur Blank / AMB West; excluded.
CHAMBERLAIN SCOTT C & TANYA S,CHAMBERLAIN SCOTT C AND TANYA S,0.129,1,Lewis and Clark,PO BOX 2192 EAST HELENA MT 59635-2192,broad_owner_fragment:AMB,"Keyword/fragment, identity-field, or proximity-only discovery signal.",Rejected / unrelated,rejected,No authoritative current relationship to Arthur Blank / AMB West; excluded.
"CREECH, AMBRIELLE &",CREECH AMBRIELLE AND,0.129,1,Yellowstone,702 CLARK AVE BILLINGS MT 59101-1615,broad_owner_fragment:AMB,"Keyword/fragment, identity-field, or proximity-only discovery signal.",Rejected / unrelated,rejected,No authoritative current relationship to Arthur Blank / AMB West; excluded.
DOMES KEVIN DOUGLAS,DOMES KEVIN DOUGLAS,0.129,1,Missoula,520 LIVINGSTON AVE MISSOULA MT 59801-8004,broad_owner_fragment:DOME,"Keyword/fragment, identity-field, or proximity-only discovery signal.",Rejected / unrelated,rejected,No authoritative current relationship to Arthur Blank / AMB West; excluded.
GILGE AMBER,GILGE AMBER,0.129,1,Hill,PO BOX 2370 HAVRE MT 59501-2370,broad_owner_fragment:AMB,"Keyword/fragment, identity-field, or proximity-only discovery signal.",Rejected / unrelated,rejected,No authoritative current relationship to Arthur Blank / AMB West; excluded.
RUDD ROGER & AMBER,RUDD ROGER AND AMBER,0.129,1,Flathead,702 ASPEN GROVE ST WHITEFISH MT 59937-3481,broad_owner_fragment:AMB,"Keyword/fragment, identity-field, or proximity-only discovery signal.",Rejected / unrelated,rejected,No authoritative current relationship to Arthur Blank / AMB West; excluded.
CRAYNE LINDA L & AMBER,CRAYNE LINDA L AND AMBER,0.128,1,Flathead,839 RAILWAY ST WHITEFISH MT 59937-2537,broad_owner_fragment:AMB,"Keyword/fragment, identity-field, or proximity-only discovery signal.",Rejected / unrelated,rejected,No authoritative current relationship to Arthur Blank / AMB West; excluded.
LAMBERT DEIRDRE,LAMBERT DEIRDRE,0.127,1,Gallatin,1395 CRABAPPLE DR BOZEMAN MT 59715-4266,broad_owner_fragment:AMB,"Keyword/fragment, identity-field, or proximity-only discovery signal.",Rejected / unrelated,rejected,No authoritative current relationship to Arthur Blank / AMB West; excluded.
BLANKENSHIP JACK &,BLANKENSHIP JACK AND,0.126,1,Silver Bow,103 S EXCELSIOR AVE BUTTE MT 59701-1532,broad_owner_fragment:BLANK,"Keyword/fragment, identity-field, or proximity-only discovery signal.",Rejected / unrelated,rejected,No authoritative current relationship to Arthur Blank / AMB West; excluded.
HRUBES ALLEN D & AMBER,HRUBES ALLEN D AND AMBER,0.126,1,Dawson,320 COOKE ST GLENDIVE MT 59330-2021,broad_owner_fragment:AMB,"Keyword/fragment, identity-field, or proximity-only discovery signal.",Rejected / unrelated,rejected,No authoritative current relationship to Arthur Blank / AMB West; excluded.
LAMBROS DANIEL P TRUSTEE,LAMBROS DANIEL P TRUSTEE,0.125,1,Missoula,21 BROOKSIDE WAY MISSOULA MT 59802-3278,broad_owner_fragment:AMB,"Keyword/fragment, identity-field, or proximity-only discovery signal.",Rejected / unrelated,rejected,No authoritative current relationship to Arthur Blank / AMB West; excluded.
LIPPINCOTT RUSTAD AMBER ELLEN &,LIPPINCOTT RUSTAD AMBER ELLEN AND,0.125,1,Gallatin,123 WALLY D LN BELGRADE MT 59714-9125,broad_owner_fragment:AMB,"Keyword/fragment, identity-field, or proximity-only discovery signal.",Rejected / unrelated,rejected,No authoritative current relationship to Arthur Blank / AMB West; excluded.
DONLEA JACK K II & AMBER L,DONLEA JACK K II AND AMBER L,0.124,1,Ravalli,118 DANIEL CT HAMILTON MT 59840-3159,broad_owner_fragment:AMB,"Keyword/fragment, identity-field, or proximity-only discovery signal.",Rejected / unrelated,rejected,No authoritative current relationship to Arthur Blank / AMB West; excluded.
GILGE KODY & AMBER,GILGE KODY AND AMBER,0.124,1,Hill,PO BOX 2370 HAVRE MT 59501-2370,broad_owner_fragment:AMB,"Keyword/fragment, identity-field, or proximity-only discovery signal.",Rejected / unrelated,rejected,No authoritative current relationship to Arthur Blank / AMB West; excluded.
BRADEN AMBER & EVAN,BRADEN AMBER AND EVAN,0.123,1,Toole,705 5TH ST NE RIO RANCHO NM 87124-4098,broad_owner_fragment:AMB,"Keyword/fragment, identity-field, or proximity-only discovery signal.",Rejected / unrelated,rejected,No authoritative current relationship to Arthur Blank / AMB West; excluded.
HIGGINBOTHAM AMBER,HIGGINBOTHAM AMBER,0.123,1,Missoula,401 WOODWORTH AVE MISSOULA MT 59801-6046,broad_owner_fragment:AMB,"Keyword/fragment, identity-field, or proximity-only discovery signal.",Rejected / unrelated,rejected,No authoritative current relationship to Arthur Blank / AMB West; excluded.
CHAMBERLAIN PARTNERS LLC,CHAMBERLAIN PARTNERS LLC,0.122,1,Gallatin,116 N BOZEMAN AVE UNIT 501 BOZEMAN MT 59715-3697,broad_owner_fragment:AMB,"Keyword/fragment, identity-field, or proximity-only discovery signal.",Rejected / unrelated,rejected,No authoritative current relationship to Arthur Blank / AMB West; excluded.
DENT AMBER J & GARY ROBERT JR,DENT AMBER J AND GARY ROBERT JR,0.122,1,Custer,1819 FORT ST MILES CITY MT 59301-4610,broad_owner_fragment:AMB,"Keyword/fragment, identity-field, or proximity-only discovery signal.",Rejected / unrelated,rejected,No authoritative current relationship to Arthur Blank / AMB West; excluded.
SHANKS RONALD LLOYD JR & AMBER MICHELLE,SHANKS RONALD LLOYD JR AND AMBER MICHELLE,0.122,1,Roosevelt,PO BOX 875 CULBERTSON MT 59218-0875,broad_owner_fragment:AMB,"Keyword/fragment, identity-field, or proximity-only discovery signal.",Rejected / unrelated,rejected,No authoritative current relationship to Arthur Blank / AMB West; excluded.
DOME-A-STYLE HOMES LLC,DOME A STYLE HOMES LLC,0.121,1,Yellowstone,40 CENTER ST UNIT B HIGHLANDS NJ 07732-1748,broad_owner_fragment:DOME,"Keyword/fragment, identity-field, or proximity-only discovery signal.",Rejected / unrelated,rejected,No authoritative current relationship to Arthur Blank / AMB West; excluded.
DUBAY CHRISTIAAN J & AMBER C,DUBAY CHRISTIAAN J AND AMBER C,0.121,1,Gallatin,466 N COTTONWOOD RD BOZEMAN MT 59718-6748,broad_owner_fragment:AMB,"Keyword/fragment, identity-field, or proximity-only discovery signal.",Rejected / unrelated,rejected,No authoritative current relationship to Arthur Blank / AMB West; excluded.
"REINKE, CHRIS & AMBER",REINKE CHRIS AND AMBER,0.121,1,Yellowstone,140 YELLOWSTONE AVE BILLINGS MT 59101-1814,broad_owner_fragment:AMB,"Keyword/fragment, identity-field, or proximity-only discovery signal.",Rejected / unrelated,rejected,No authoritative current relationship to Arthur Blank / AMB West; excluded.
"GAMBLE 1984 FAMILY TRUST, DAVID B",GAMBLE 1984 FAMILY TRUST DAVID B,0.12,1,Flathead,1000 KUHNS RD WHITEFISH MT 59937-8756,broad_owner_fragment:AMB,"Keyword/fragment, identity-field, or proximity-only discovery signal.",Rejected / unrelated,rejected,No authoritative current relationship to Arthur Blank / AMB West; excluded.
HODGE AMBER,HODGE AMBER,0.12,1,Flathead,5375 US HIGHWAY 93 W WHITEFISH MT 59937-8061,broad_owner_fragment:AMB,"Keyword/fragment, identity-field, or proximity-only discovery signal.",Rejected / unrelated,rejected,No authoritative current relationship to Arthur Blank / AMB West; excluded.
VANDOMELEN JEFFREY A,VANDOMELEN JEFFREY A,0.12,1,Richland,2123 NW JETTY AVE LINCOLN CITY OR 97367-4017,broad_owner_fragment:DOME,"Keyword/fragment, identity-field, or proximity-only discovery signal.",Rejected / unrelated,rejected,No authoritative current relationship to Arthur Blank / AMB West; excluded.
FERRIS JOSEPH & AMBER,FERRIS JOSEPH AND AMBER,0.119,1,Custer,2912 BOX ELDER ST MILES CITY MT 59301-2888,broad_owner_fragment:AMB,"Keyword/fragment, identity-field, or proximity-only discovery signal.",Rejected / unrelated,rejected,No authoritative current relationship to Arthur Blank / AMB West; excluded.
LAMB FRANK C,LAMB FRANK C,0.119,1,Flathead,415 COLUMBIA AVE WHITEFISH MT 59937-2735,broad_owner_fragment:AMB,"Keyword/fragment, identity-field, or proximity-only discovery signal.",Rejected / unrelated,rejected,No authoritative current relationship to Arthur Blank / AMB West; excluded.
BAMBERG ALGERIC & JESSICA,BAMBERG ALGERIC AND JESSICA,0.118,1,Flathead,68 MACKIN CT KALISPELL MT 59901-6220,broad_owner_fragment:AMB,"Keyword/fragment, identity-field, or proximity-only discovery signal.",Rejected / unrelated,rejected,No authoritative current relationship to Arthur Blank / AMB West; excluded.
MAYER MARSHALL & LAMBERT BONNI,MAYER MARSHALL AND LAMBERT BONNI,0.117,1,Lewis and Clark,524 CLARKE ST HELENA MT 59601-6228,broad_owner_fragment:AMB,"Keyword/fragment, identity-field, or proximity-only discovery signal.",Rejected / unrelated,rejected,No authoritative current relationship to Arthur Blank / AMB West; excluded.
CHAMBERLIN JOSHUA & KATHRYN,CHAMBERLIN JOSHUA AND KATHRYN,0.116,1,Gallatin,1715 TRAILCREST DR BOZEMAN MT 59718-7540,broad_owner_fragment:AMB,"Keyword/fragment, identity-field, or proximity-only discovery signal.",Rejected / unrelated,rejected,No authoritative current relationship to Arthur Blank / AMB West; excluded.
LAMBERT JACI & CONNOR,LAMBERT JACI AND CONNOR,0.116,1,Madison,PO BOX 251 HARRISON MT 59735-0251,broad_owner_fragment:AMB,"Keyword/fragment, identity-field, or proximity-only discovery signal.",Rejected / unrelated,rejected,No authoritative current relationship to Arthur Blank / AMB West; excluded.
AMBERSON DENIE,AMBERSON DENIE,0.115,1,Madison,PO BOX 420 ENNIS MT 59729-0420,broad_owner_fragment:AMB,"Keyword/fragment, identity-field, or proximity-only discovery signal.",Rejected / unrelated,rejected,No authoritative current relationship to Arthur Blank / AMB West; excluded.
BRAMBLETT JUSTIN R & SARA J,BRAMBLETT JUSTIN R AND SARA J,0.115,1,Ravalli,3587 W LOXTON LOOP COEUR D ALENE ID 83815-9311,broad_owner_fragment:AMB,"Keyword/fragment, identity-field, or proximity-only discovery signal.",Rejected / unrelated,rejected,No authoritative current relationship to Arthur Blank / AMB West; excluded.
LAMBSON DANIEL,LAMBSON DANIEL,0.115,1,Lewis and Clark,838 5TH AVE HELENA MT 59601-4440,broad_owner_fragment:AMB,"Keyword/fragment, identity-field, or proximity-only discovery signal.",Rejected / unrelated,rejected,No authoritative current relationship to Arthur Blank / AMB West; excluded.
LOWE AMBER,LOWE AMBER,0.115,1,Missoula,PO BOX 173 MILLTOWN MT 59851-0173,broad_owner_fragment:AMB,"Keyword/fragment, identity-field, or proximity-only discovery signal.",Rejected / unrelated,rejected,No authoritative current relationship to Arthur Blank / AMB West; excluded.
SKORUPA AMBER,SKORUPA AMBER,0.115,1,Gallatin,4052 MOONSTONE DR BOZEMAN MT 59718-6183,broad_owner_fragment:AMB,"Keyword/fragment, identity-field, or proximity-only discovery signal.",Rejected / unrelated,rejected,No authoritative current relationship to Arthur Blank / AMB West; excluded.
VANAMBURG VALERIE A & NEIL W,VANAMBURG VALERIE A AND NEIL W,0.115,1,Gallatin,120 CHURN RD BOZEMAN MT 59715-7756,broad_owner_fragment:AMB,"Keyword/fragment, identity-field, or proximity-only discovery signal.",Rejected / unrelated,rejected,No authoritative current relationship to Arthur Blank / AMB West; excluded.
HORSTMAN AMBER & JUSTIN,HORSTMAN AMBER AND JUSTIN,0.114,1,Flathead,116 JACKSON PEAK DR KALISPELL MT 59901-7157,broad_owner_fragment:AMB,"Keyword/fragment, identity-field, or proximity-only discovery signal.",Rejected / unrelated,rejected,No authoritative current relationship to Arthur Blank / AMB West; excluded.
JAMBOR IRREVOCABLE TRUST ANNE A,JAMBOR IRREVOCABLE TRUST ANNE A,0.114,1,Flathead,1117 BROADWAY E SEATTLE WA 98102-4325,broad_owner_fragment:AMB,"Keyword/fragment, identity-field, or proximity-only discovery signal.",Rejected / unrelated,rejected,No authoritative current relationship to Arthur Blank / AMB West; excluded.
ANGLERS PARADISE LLC,ANGLERS PARADISE LLC,0.11,1,Missoula,1142 HUNTRIDGE RD SANTA ANA CA 92705-2940,broad_owner_fragment:PARADISE,"Keyword/fragment, identity-field, or proximity-only discovery signal.",Rejected / unrelated,rejected,No authoritative current relationship to Arthur Blank / AMB West; excluded.
EUREKA VOLUNTEER AMBULANCE SERVICE,EUREKA VOLUNTEER AMBULANCE SERVICE,0.11,1,Lincoln,PO BOX 736 EUREKA MT 59917-0736,broad_owner_fragment:AMB,"Keyword/fragment, identity-field, or proximity-only discovery signal.",Rejected / unrelated,rejected,No authoritative current relationship to Arthur Blank / AMB West; excluded.
HIGGINBOTHAM JEFFREY & AMBER,HIGGINBOTHAM JEFFREY AND AMBER,0.11,1,Flathead,3306 WINDSOR RD AUSTIN TX 78703-2246,broad_owner_fragment:AMB,"Keyword/fragment, identity-field, or proximity-only discovery signal.",Rejected / unrelated,rejected,No authoritative current relationship to Arthur Blank / AMB West; excluded.
LAMBROS THEODORE,LAMBROS THEODORE,0.11,1,Gallatin,14 ELIZA DR UNIT B MANHATTAN MT 59741-8250,broad_owner_fragment:AMB,"Keyword/fragment, identity-field, or proximity-only discovery signal.",Rejected / unrelated,rejected,No authoritative current relationship to Arthur Blank / AMB West; excluded.
"WILSON, BRIAN & AMBER",WILSON BRIAN AND AMBER,0.11,1,Yellowstone,6194 JOHANNS MEADOW LN BILLINGS MT 59101-7168,broad_owner_fragment:AMB,"Keyword/fragment, identity-field, or proximity-only discovery signal.",Rejected / unrelated,rejected,No authoritative current relationship to Arthur Blank / AMB West; excluded.
ARCHAMBAULT BRENDA R,ARCHAMBAULT BRENDA R,0.109,1,Cascade,2500 7TH AVE S GREAT FALLS MT 59405-3016,broad_owner_fragment:AMB,"Keyword/fragment, identity-field, or proximity-only discovery signal.",Rejected / unrelated,rejected,No authoritative current relationship to Arthur Blank / AMB West; excluded.
BALDRY AMBER A & BRYAN,BALDRY AMBER A AND BRYAN,0.108,1,Silver Bow,2408 PRINCETON ST BUTTE MT 59701-6130,broad_owner_fragment:AMB,"Keyword/fragment, identity-field, or proximity-only discovery signal.",Rejected / unrelated,rejected,No authoritative current relationship to Arthur Blank / AMB West; excluded.
BLANK DIANE J,BLANK DIANE J,0.108,1,Gallatin,2260 RUSHMORE DR MARIETTA GA 30062-6540,broad_owner_fragment:BLANK,"Keyword/fragment, identity-field, or proximity-only discovery signal.",Rejected / unrelated,rejected,No authoritative current relationship to Arthur Blank / AMB West; excluded.
CHAMBERS FLINT L TRUSTEE,CHAMBERS FLINT L TRUSTEE,0.108,1,Silver Bow,10626 COTTONWOOD RD BOZEMAN MT 59718-8936,broad_owner_fragment:AMB,"Keyword/fragment, identity-field, or proximity-only discovery signal.",Rejected / unrelated,rejected,No authoritative current relationship to Arthur Blank / AMB West; excluded.
LAMBERT TYLER SCOTT & SAGE EVANGELINE,LAMBERT TYLER SCOTT AND SAGE EVANGELINE,0.107,1,Gallatin,1105 W PARK AVE APT A BELGRADE MT 59714-3641,broad_owner_fragment:AMB,"Keyword/fragment, identity-field, or proximity-only discovery signal.",Rejected / unrelated,rejected,No authoritative current relationship to Arthur Blank / AMB West; excluded.
LAMB ROY A &,LAMB ROY A AND,0.106,1,Deer Lodge,506 CHERRY ST ANACONDA MT 59711-3042,broad_owner_fragment:AMB,"Keyword/fragment, identity-field, or proximity-only discovery signal.",Rejected / unrelated,rejected,No authoritative current relationship to Arthur Blank / AMB West; excluded.
LAMB WILLIAM S,LAMB WILLIAM S,0.106,1,Silver Bow,727 W DALY ST BUTTE MT 59701-8232,broad_owner_fragment:AMB,"Keyword/fragment, identity-field, or proximity-only discovery signal.",Rejected / unrelated,rejected,No authoritative current relationship to Arthur Blank / AMB West; excluded.
PAXTON AMBER FREITAS,PAXTON AMBER FREITAS,0.106,1,Missoula,PO BOX 118 LOLO MT 59847-0118,broad_owner_fragment:AMB,"Keyword/fragment, identity-field, or proximity-only discovery signal.",Rejected / unrelated,rejected,No authoritative current relationship to Arthur Blank / AMB West; excluded.
GAMBINO ALICE M,GAMBINO ALICE M,0.105,1,Dawson,415 COOKE ST GLENDIVE MT 59330-2022,broad_owner_fragment:AMB,"Keyword/fragment, identity-field, or proximity-only discovery signal.",Rejected / unrelated,rejected,No authoritative current relationship to Arthur Blank / AMB West; excluded.
CHAMBERLAIN RYAN ROBERT &,CHAMBERLAIN RYAN ROBERT AND,0.103,1,Fergus,824 W EVELYN ST LEWISTOWN MT 59457-2432,broad_owner_fragment:AMB,"Keyword/fragment, identity-field, or proximity-only discovery signal.",Rejected / unrelated,rejected,No authoritative current relationship to Arthur Blank / AMB West; excluded.
CHAMBERS MELISSA,CHAMBERS MELISSA,0.103,1,Missoula,7503 GAINES MILL LN AUSTIN TX 78745-6019,broad_owner_fragment:AMB,"Keyword/fragment, identity-field, or proximity-only discovery signal.",Rejected / unrelated,rejected,No authoritative current relationship to Arthur Blank / AMB West; excluded.
FELLMAN AMBER,FELLMAN AMBER,0.103,1,Cascade,416 12TH ST N GREAT FALLS MT 59401-1422,broad_owner_fragment:AMB,"Keyword/fragment, identity-field, or proximity-only discovery signal.",Rejected / unrelated,rejected,No authoritative current relationship to Arthur Blank / AMB West; excluded.
GILLIS AMBER L,GILLIS AMBER L,0.103,1,Fergus,416 W IDAHO ST LEWISTOWN MT 59457-1434,broad_owner_fragment:AMB,"Keyword/fragment, identity-field, or proximity-only discovery signal.",Rejected / unrelated,rejected,No authoritative current relationship to Arthur Blank / AMB West; excluded.
HAMBLIN RUPPERT,HAMBLIN RUPPERT,0.103,1,Silver Bow,647 TRAVONIA ST BUTTE MT 59701-2354,broad_owner_fragment:AMB,"Keyword/fragment, identity-field, or proximity-only discovery signal.",Rejected / unrelated,rejected,No authoritative current relationship to Arthur Blank / AMB West; excluded.
LAMB SCOTT,LAMB SCOTT,0.103,1,Silver Bow,3517 GAYLORD ST BUTTE MT 59701-3309,broad_owner_fragment:AMB,"Keyword/fragment, identity-field, or proximity-only discovery signal.",Rejected / unrelated,rejected,No authoritative current relationship to Arthur Blank / AMB West; excluded.
LAMBORN TAYLER,LAMBORN TAYLER,0.103,1,Fergus,605 E MONTANA ST LEWISTOWN MT 59457-1822,broad_owner_fragment:AMB,"Keyword/fragment, identity-field, or proximity-only discovery signal.",Rejected / unrelated,rejected,No authoritative current relationship to Arthur Blank / AMB West; excluded.
PREBLE NICHOLAS W & AMBER L,PREBLE NICHOLAS W AND AMBER L,0.103,1,Fergus,620 FAREWELL ST LEWISTOWN MT 59457-3340,broad_owner_fragment:AMB,"Keyword/fragment, identity-field, or proximity-only discovery signal.",Rejected / unrelated,rejected,No authoritative current relationship to Arthur Blank / AMB West; excluded.
RAINEY AMBER,RAINEY AMBER,0.103,1,Custer,404 S STACY AVE MILES CITY MT 59301-4730,broad_owner_fragment:AMB,"Keyword/fragment, identity-field, or proximity-only discovery signal.",Rejected / unrelated,rejected,No authoritative current relationship to Arthur Blank / AMB West; excluded.
VOGL AMBER JO,VOGL AMBER JO,0.103,1,Fergus,815 5TH AVE N LEWISTOWN MT 59457-1413,broad_owner_fragment:AMB,"Keyword/fragment, identity-field, or proximity-only discovery signal.",Rejected / unrelated,rejected,No authoritative current relationship to Arthur Blank / AMB West; excluded.
CHAMBERLAIN WONG PEGGY,CHAMBERLAIN WONG PEGGY,0.102,1,Lewis and Clark,1414 HOLLINS AVE HELENA MT 59601-1705,broad_owner_fragment:AMB,"Keyword/fragment, identity-field, or proximity-only discovery signal.",Rejected / unrelated,rejected,No authoritative current relationship to Arthur Blank / AMB West; excluded.
"LAMBOTT, MARK R",LAMBOTT MARK R,0.102,1,Yellowstone,1725 SAVONA ST BILLINGS MT 59105-4167,broad_owner_fragment:AMB,"Keyword/fragment, identity-field, or proximity-only discovery signal.",Rejected / unrelated,rejected,No authoritative current relationship to Arthur Blank / AMB West; excluded.
BLANKENBAKER RICHARD S & SUE P,BLANKENBAKER RICHARD S AND SUE P,0.101,1,Gallatin,114 GALLATIN DR APT B BOZEMAN MT 59718-9330,broad_owner_fragment:BLANK,"Keyword/fragment, identity-field, or proximity-only discovery signal.",Rejected / unrelated,rejected,No authoritative current relationship to Arthur Blank / AMB West; excluded.
CHAMBERLAIN GANNON & GREGG L & LORI M &,CHAMBERLAIN GANNON AND GREGG L AND LORI M AND,0.101,1,Gallatin,9440 HAGGERTY LN BOZEMAN MT 59715-9263,broad_owner_fragment:AMB,"Keyword/fragment, identity-field, or proximity-only discovery signal.",Rejected / unrelated,rejected,No authoritative current relationship to Arthur Blank / AMB West; excluded.
DAMBRISI JAMES J & KAREN BEUTLER TRUSTEES &,DAMBRISI JAMES J AND KAREN BEUTLER TRUSTEES AND,0.101,1,Gallatin,3605 CHESTERWOOD DR BROOKFIELD WI 53005-2380,broad_owner_fragment:AMB,"Keyword/fragment, identity-field, or proximity-only discovery signal.",Rejected / unrelated,rejected,No authoritative current relationship to Arthur Blank / AMB West; excluded.
GAMBLE JAMES,GAMBLE JAMES,0.1,1,Gallatin,4263 COVER ST BOZEMAN MT 59718-1980,broad_owner_fragment:AMB,"Keyword/fragment, identity-field, or proximity-only discovery signal.",Rejected / unrelated,rejected,No authoritative current relationship to Arthur Blank / AMB West; excluded.
STENSON AMBER & MARY,STENSON AMBER AND MARY,0.1,1,Gallatin,331 MERIWETHER AVE BOZEMAN MT 59718-3725,broad_owner_fragment:AMB,"Keyword/fragment, identity-field, or proximity-only discovery signal.",Rejected / unrelated,rejected,No authoritative current relationship to Arthur Blank / AMB West; excluded.
"GAMBLE, JESIEE R",GAMBLE JESIEE R,0.098,1,Yellowstone,4151 MORGAN AVE BILLINGS MT 59101-5424,broad_owner_fragment:AMB,"Keyword/fragment, identity-field, or proximity-only discovery signal.",Rejected / unrelated,rejected,No authoritative current relationship to Arthur Blank / AMB West; excluded.
"PARISH, ANTHONY S & AMBER D",PARISH ANTHONY S AND AMBER D,0.098,1,Yellowstone,1902 STONY MEADOW LN BILLINGS MT 59101-7903,broad_owner_fragment:AMB,"Keyword/fragment, identity-field, or proximity-only discovery signal.",Rejected / unrelated,rejected,No authoritative current relationship to Arthur Blank / AMB West; excluded.
SCRIBNER NICHOLAS & AMBER,SCRIBNER NICHOLAS AND AMBER,0.098,1,Cascade,5105 OAKWOOD CT GREAT FALLS MT 59405-1308,broad_owner_fragment:AMB,"Keyword/fragment, identity-field, or proximity-only discovery signal.",Rejected / unrelated,rejected,No authoritative current relationship to Arthur Blank / AMB West; excluded.
ARCHAMBAULT LOUIS C JR & BETTE JO,ARCHAMBAULT LOUIS C JR AND BETTE JO,0.096,1,Lewis and Clark,331 W LAWRENCE ST HELENA MT 59601-6165,broad_owner_fragment:AMB,"Keyword/fragment, identity-field, or proximity-only discovery signal.",Rejected / unrelated,rejected,No authoritative current relationship to Arthur Blank / AMB West; excluded.
CAMBRIDGE TRUST KATHLEEN D,CAMBRIDGE TRUST KATHLEEN D,0.096,1,Flathead,624 CORPORATE DR KALISPELL MT 59901-1612,broad_owner_fragment:AMB,"Keyword/fragment, identity-field, or proximity-only discovery signal.",Rejected / unrelated,rejected,No authoritative current relationship to Arthur Blank / AMB West; excluded.
CHAMBERS MOLLY,CHAMBERS MOLLY,0.096,1,Deer Lodge,617 ALDER ST ANACONDA MT 59711-2529,broad_owner_fragment:AMB,"Keyword/fragment, identity-field, or proximity-only discovery signal.",Rejected / unrelated,rejected,No authoritative current relationship to Arthur Blank / AMB West; excluded.
COOK KELLY AMBER,COOK KELLY AMBER,0.096,1,Deer Lodge,717 E 3RD ST ANACONDA MT 59711-2501,broad_owner_fragment:AMB,"Keyword/fragment, identity-field, or proximity-only discovery signal.",Rejected / unrelated,rejected,No authoritative current relationship to Arthur Blank / AMB West; excluded.
GILGE AMBER & KODY,GILGE AMBER AND KODY,0.096,1,Hill,PO BOX 2370 HAVRE MT 59501-2370,broad_owner_fragment:AMB,"Keyword/fragment, identity-field, or proximity-only discovery signal.",Rejected / unrelated,rejected,No authoritative current relationship to Arthur Blank / AMB West; excluded.
HAMBY TIARA N,HAMBY TIARA N,0.096,1,Sanders,PO BOX 182 PLAINS MT 59859-0182,broad_owner_fragment:AMB,"Keyword/fragment, identity-field, or proximity-only discovery signal.",Rejected / unrelated,rejected,No authoritative current relationship to Arthur Blank / AMB West; excluded.
RAMBERG RENTALS LLC,RAMBERG RENTALS LLC,0.096,1,Liberty,2822 2000 RD E JOPLIN MT 59531-7727,broad_owner_fragment:AMB,"Keyword/fragment, identity-field, or proximity-only discovery signal.",Rejected / unrelated,rejected,No authoritative current relationship to Arthur Blank / AMB West; excluded.
WRIGHT AUSTIN & BAMBI,WRIGHT AUSTIN AND BAMBI,0.096,1,Sanders,PO BOX 1007 PLAINS MT 59859-1007,broad_owner_fragment:AMB,"Keyword/fragment, identity-field, or proximity-only discovery signal.",Rejected / unrelated,rejected,No authoritative current relationship to Arthur Blank / AMB West; excluded.
BAILEY AMBER D,BAILEY AMBER D,0.095,1,Richland,426 SW 5TH PL PRINEVILLE OR 97754-2100,broad_owner_fragment:AMB,"Keyword/fragment, identity-field, or proximity-only discovery signal.",Rejected / unrelated,rejected,No authoritative current relationship to Arthur Blank / AMB West; excluded.
FREMIN JOSHUA R & AMBER M,FREMIN JOSHUA R AND AMBER M,0.095,1,Carbon,283 N SHORTHORN PL PALMER AK 99645-9532,broad_owner_fragment:AMB,"Keyword/fragment, identity-field, or proximity-only discovery signal.",Rejected / unrelated,rejected,No authoritative current relationship to Arthur Blank / AMB West; excluded.
JUPKA JONATHAN & AMBER,JUPKA JONATHAN AND AMBER,0.095,1,Gallatin,333 FERGUSON AVE BOZEMAN MT 59715,broad_owner_fragment:AMB,"Keyword/fragment, identity-field, or proximity-only discovery signal.",Rejected / unrelated,rejected,No authoritative current relationship to Arthur Blank / AMB West; excluded.
BALDWIN AMBER,BALDWIN AMBER,0.094,1,Missoula,4839 MONTICELLO PL MISSOULA MT 59808-8677,broad_owner_fragment:AMB,"Keyword/fragment, identity-field, or proximity-only discovery signal.",Rejected / unrelated,rejected,No authoritative current relationship to Arthur Blank / AMB West; excluded.
MC KINZIE AMBER,MC KINZIE AMBER,0.094,1,Flathead,242 4TH AVE W KALISPELL MT 59901-4436,broad_owner_fragment:AMB,"Keyword/fragment, identity-field, or proximity-only discovery signal.",Rejected / unrelated,rejected,No authoritative current relationship to Arthur Blank / AMB West; excluded.
NOLT MICHAEL C & AMBER,NOLT MICHAEL C AND AMBER,0.093,1,Gallatin,390 STONE FLY DR BOZEMAN MT 59718-7091,broad_owner_fragment:AMB,"Keyword/fragment, identity-field, or proximity-only discovery signal.",Rejected / unrelated,rejected,No authoritative current relationship to Arthur Blank / AMB West; excluded.
FRIEDL AMBER,FRIEDL AMBER,0.092,1,Park,1224 W CAMBRIDGE ST LIVINGSTON MT 59047-3735,broad_owner_fragment:AMB,"Keyword/fragment, identity-field, or proximity-only discovery signal.",Rejected / unrelated,rejected,No authoritative current relationship to Arthur Blank / AMB West; excluded.
BRADY AMBER H,BRADY AMBER H,0.091,1,Cascade,417 CLEARWATER CT GREAT FALLS MT 59405-1301,broad_owner_fragment:AMB,"Keyword/fragment, identity-field, or proximity-only discovery signal.",Rejected / unrelated,rejected,No authoritative current relationship to Arthur Blank / AMB West; excluded.
CHAMBERLAIN JEFFREY & JANELLE,CHAMBERLAIN JEFFREY AND JANELLE,0.09,1,Richland,307 9TH AVE NW SIDNEY MT 59270-3757,broad_owner_fragment:AMB,"Keyword/fragment, identity-field, or proximity-only discovery signal.",Rejected / unrelated,rejected,No authoritative current relationship to Arthur Blank / AMB West; excluded.
COLVIN AMBER,COLVIN AMBER,0.09,1,Missoula,621 N 5TH ST W MISSOULA MT 59802-2905,broad_owner_fragment:AMB,"Keyword/fragment, identity-field, or proximity-only discovery signal.",Rejected / unrelated,rejected,No authoritative current relationship to Arthur Blank / AMB West; excluded.
CONLAN KEVIN MATTEW & AMBER ELIZABETH,CONLAN KEVIN MATTEW AND AMBER ELIZABETH,0.088,1,Silver Bow,7800 FEENSTRA RD PASO ROBLES CA 93446-9430,broad_owner_fragment:AMB,"Keyword/fragment, identity-field, or proximity-only discovery signal.",Rejected / unrelated,rejected,No authoritative current relationship to Arthur Blank / AMB West; excluded.
KING AMBER,KING AMBER,0.088,1,Gallatin,1884 LEEWARD CT BOZEMAN MT 59718-6143,broad_owner_fragment:AMB,"Keyword/fragment, identity-field, or proximity-only discovery signal.",Rejected / unrelated,rejected,No authoritative current relationship to Arthur Blank / AMB West; excluded.
GRANSINGER AMBER ETAL,GRANSINGER AMBER ETAL,0.087,1,Lewis and Clark,2876 TWILIGHT AVE HELENA MT 59601-6446,broad_owner_fragment:AMB,"Keyword/fragment, identity-field, or proximity-only discovery signal.",Rejected / unrelated,rejected,No authoritative current relationship to Arthur Blank / AMB West; excluded.
WHITTEN JUSTIN M & AMBER V &,WHITTEN JUSTIN M AND AMBER V AND,0.087,1,Gallatin,603 WINSTON LN UNIT B BELGRADE MT 59714-4258,broad_owner_fragment:AMB,"Keyword/fragment, identity-field, or proximity-only discovery signal.",Rejected / unrelated,rejected,No authoritative current relationship to Arthur Blank / AMB West; excluded.
YOUNG JUSTIN & AMBER,YOUNG JUSTIN AND AMBER,0.087,1,Lincoln,PO BOX 189 TROY MT 59935-0189,broad_owner_fragment:AMB,"Keyword/fragment, identity-field, or proximity-only discovery signal.",Rejected / unrelated,rejected,No authoritative current relationship to Arthur Blank / AMB West; excluded.
"LAMBERT, ROBERT D & ERIN L",LAMBERT ROBERT D AND ERIN L,0.086,1,Yellowstone,1809 STONY MEADOW LN BILLINGS MT 59101-8990,broad_owner_fragment:AMB,"Keyword/fragment, identity-field, or proximity-only discovery signal.",Rejected / unrelated,rejected,No authoritative current relationship to Arthur Blank / AMB West; excluded.
GILL AMBER,GILL AMBER,0.083,1,Gallatin,1508 RUGGED CREEK AVE UNIT B BELGRADE MT 59714-9693,broad_owner_fragment:AMB,"Keyword/fragment, identity-field, or proximity-only discovery signal.",Rejected / unrelated,rejected,No authoritative current relationship to Arthur Blank / AMB West; excluded.
GRAMBOW JEFF & JUDY,GRAMBOW JEFF AND JUDY,0.083,1,Flathead,841 S CAMAS LN KALISPELL MT 59901-9137,broad_owner_fragment:AMB,"Keyword/fragment, identity-field, or proximity-only discovery signal.",Rejected / unrelated,rejected,No authoritative current relationship to Arthur Blank / AMB West; excluded.
HAMBLIN A MARK SUCCESSOR TRUSTEE,HAMBLIN A MARK SUCCESSOR TRUSTEE,0.083,1,Silver Bow,4031 PAXSON AVE BUTTE MT 59701-6988,broad_owner_fragment:AMB,"Keyword/fragment, identity-field, or proximity-only discovery signal.",Rejected / unrelated,rejected,No authoritative current relationship to Arthur Blank / AMB West; excluded.
BAMBRICK VINCENT T & DONNA M,BAMBRICK VINCENT T AND DONNA M,0.082,1,Gallatin,3610 W BROADWATER ST UNIT 113 BOZEMAN MT 59718-1909,broad_owner_fragment:AMB,"Keyword/fragment, identity-field, or proximity-only discovery signal.",Rejected / unrelated,rejected,No authoritative current relationship to Arthur Blank / AMB West; excluded.
HOT SPRINGS COMM AMBULANCE,HOT SPRINGS COMM AMBULANCE,0.082,1,Sanders,PO BOX 830 HOT SPRINGS MT 59845-0830,broad_owner_fragment:AMB,"Keyword/fragment, identity-field, or proximity-only discovery signal.",Rejected / unrelated,rejected,No authoritative current relationship to Arthur Blank / AMB West; excluded.
NANCE JAMES SCOTT & AMBER,NANCE JAMES SCOTT AND AMBER,0.082,1,Carbon,PO BOX 961 RED LODGE MT 59068-0961,broad_owner_fragment:AMB,"Keyword/fragment, identity-field, or proximity-only discovery signal.",Rejected / unrelated,rejected,No authoritative current relationship to Arthur Blank / AMB West; excluded.
AMBROSE NANCY L,AMBROSE NANCY L,0.08,1,Park,232 S 5TH ST LIVINGSTON MT 59047-3021,broad_owner_fragment:AMB,"Keyword/fragment, identity-field, or proximity-only discovery signal.",Rejected / unrelated,rejected,No authoritative current relationship to Arthur Blank / AMB West; excluded.
"ARCHAMBEAU, JOSHUA LAWRENCE",ARCHAMBEAU JOSHUA LAWRENCE,0.08,1,Yellowstone,2304 10TH AVE N BILLINGS MT 59101-0826,broad_owner_fragment:AMB,"Keyword/fragment, identity-field, or proximity-only discovery signal.",Rejected / unrelated,rejected,No authoritative current relationship to Arthur Blank / AMB West; excluded.
CHAMBERLAIN STANLEY JR,CHAMBERLAIN STANLEY JR,0.08,1,Hill,1423 7TH AVE HAVRE MT 59501-5323,broad_owner_fragment:AMB,"Keyword/fragment, identity-field, or proximity-only discovery signal.",Rejected / unrelated,rejected,No authoritative current relationship to Arthur Blank / AMB West; excluded.
CHAMBERLIN DIANA,CHAMBERLIN DIANA,0.08,1,Flathead,14590 MOUNTAIN VIEW LOOP SISTERS OR 97759-9878,broad_owner_fragment:AMB,"Keyword/fragment, identity-field, or proximity-only discovery signal.",Rejected / unrelated,rejected,No authoritative current relationship to Arthur Blank / AMB West; excluded.
FORSYTH AREA CHAMBER OF COMMERCE & AGRI,FORSYTH AREA CHAMBER OF COMMERCE AND AGRI,0.08,1,Rosebud,PO BOX 448 FORSYTH MT 59327-0448,broad_owner_fragment:AMB,"Keyword/fragment, identity-field, or proximity-only discovery signal.",Rejected / unrelated,rejected,No authoritative current relationship to Arthur Blank / AMB West; excluded.
JESSE AMBULANCE SERVICE LLC,JESSE AMBULANCE SERVICE LLC,0.08,1,Powder River,PO BOX 41 BROADUS MT 59317-0041,broad_owner_fragment:AMB,"Keyword/fragment, identity-field, or proximity-only discovery signal.",Rejected / unrelated,rejected,No authoritative current relationship to Arthur Blank / AMB West; excluded.
LAMB CHARLES W & PATRICIA A,LAMB CHARLES W AND PATRICIA A,0.08,1,Gallatin,1117 IDAHO ST UNIT A BELGRADE MT 59714-9154,broad_owner_fragment:AMB,"Keyword/fragment, identity-field, or proximity-only discovery signal.",Rejected / unrelated,rejected,No authoritative current relationship to Arthur Blank / AMB West; excluded.
MCDOWELL DANIEL & AMBER,MCDOWELL DANIEL AND AMBER,0.08,1,Powder River,PO BOX 373 BROADUS MT 59317-0373,broad_owner_fragment:AMB,"Keyword/fragment, identity-field, or proximity-only discovery signal.",Rejected / unrelated,rejected,No authoritative current relationship to Arthur Blank / AMB West; excluded.
TAYLOR AMBER,TAYLOR AMBER,0.08,1,Roosevelt,308 EUREKA ST WOLF POINT MT 59201-1331,broad_owner_fragment:AMB,"Keyword/fragment, identity-field, or proximity-only discovery signal.",Rejected / unrelated,rejected,No authoritative current relationship to Arthur Blank / AMB West; excluded.
LAMBRECHT HEATHER C (RLE),LAMBRECHT HEATHER C RLE,0.079,1,Yellowstone,305 PROSPECTORS LN BILLINGS MT 59105-1664,broad_owner_fragment:AMB,"Keyword/fragment, identity-field, or proximity-only discovery signal.",Rejected / unrelated,rejected,No authoritative current relationship to Arthur Blank / AMB West; excluded.
CHAMBERS FLINT LEE,CHAMBERS FLINT LEE,0.077,1,Silver Bow,10626 COTTONWOOD RD BOZEMAN MT 59718-8936,broad_owner_fragment:AMB,"Keyword/fragment, identity-field, or proximity-only discovery signal.",Rejected / unrelated,rejected,No authoritative current relationship to Arthur Blank / AMB West; excluded.
WILLIAMSON RODNEY & AMBER BULLSHOE,WILLIAMSON RODNEY AND AMBER BULLSHOE,0.076,1,Gallatin,12 SKYSCAPE DR BELGRADE MT 59714-4224,broad_owner_fragment:AMB,"Keyword/fragment, identity-field, or proximity-only discovery signal.",Rejected / unrelated,rejected,No authoritative current relationship to Arthur Blank / AMB West; excluded.
FLESCH AMBER,FLESCH AMBER,0.075,1,Cascade,618 1ST AVE SW GREAT FALLS MT 59404-2808,broad_owner_fragment:AMB,"Keyword/fragment, identity-field, or proximity-only discovery signal.",Rejected / unrelated,rejected,No authoritative current relationship to Arthur Blank / AMB West; excluded.
SAMPSON AMBER R & ALAN K,SAMPSON AMBER R AND ALAN K,0.075,1,Gallatin,1303 SCOOTER LN UNIT A BELGRADE MT 59714-9489,broad_owner_fragment:AMB,"Keyword/fragment, identity-field, or proximity-only discovery signal.",Rejected / unrelated,rejected,No authoritative current relationship to Arthur Blank / AMB West; excluded.
TAMBLYN COLLEEN,TAMBLYN COLLEEN,0.074,1,Silver Bow,225 ASPEN LOOP BUTTE MT 59701-3968,broad_owner_fragment:AMB,"Keyword/fragment, identity-field, or proximity-only discovery signal.",Rejected / unrelated,rejected,No authoritative current relationship to Arthur Blank / AMB West; excluded.
BITTERROOT VALLEY CHAMBER OF COMMERCE,BITTERROOT VALLEY CHAMBER OF COMMERCE,0.072,1,Ravalli,MONTANA RAIL LINK INC -ADD ONLY- ATTN: REAL ESTATE DEPARTMENT PO BOX 16624 MISSOULA MT 59808-6624,broad_owner_fragment:AMB,"Keyword/fragment, identity-field, or proximity-only discovery signal.",Rejected / unrelated,rejected,No authoritative current relationship to Arthur Blank / AMB West; excluded.
BLANKENSHIP PAUL JR,BLANKENSHIP PAUL JR,0.072,1,Custer,9 N COTTAGE GRV MILES CITY MT 59301-3627,broad_owner_fragment:BLANK,"Keyword/fragment, identity-field, or proximity-only discovery signal.",Rejected / unrelated,rejected,No authoritative current relationship to Arthur Blank / AMB West; excluded.
CHAMBERLIN CATHY,CHAMBERLIN CATHY,0.072,1,Silver Bow,3253 FLORAL BLVD BUTTE MT 59701-4564,broad_owner_fragment:AMB,"Keyword/fragment, identity-field, or proximity-only discovery signal.",Rejected / unrelated,rejected,No authoritative current relationship to Arthur Blank / AMB West; excluded.
LUSE AMBER M,LUSE AMBER M,0.072,1,Cascade,721 2ND AVE SW GREAT FALLS MT 59404-2909,broad_owner_fragment:AMB,"Keyword/fragment, identity-field, or proximity-only discovery signal.",Rejected / unrelated,rejected,No authoritative current relationship to Arthur Blank / AMB West; excluded.
PAVICH KAMBRIA MARIE TRUSTEE,PAVICH KAMBRIA MARIE TRUSTEE,0.072,1,Gallatin,5425 VERMEER LN BOZEMAN MT 59718-5509,broad_owner_fragment:AMB,"Keyword/fragment, identity-field, or proximity-only discovery signal.",Rejected / unrelated,rejected,No authoritative current relationship to Arthur Blank / AMB West; excluded.
ZARSKE AMBER I,ZARSKE AMBER I,0.072,1,Lewis and Clark,904 PEOSTA AVE HELENA MT 59601-2551,broad_owner_fragment:AMB,"Keyword/fragment, identity-field, or proximity-only discovery signal.",Rejected / unrelated,rejected,No authoritative current relationship to Arthur Blank / AMB West; excluded.
CHAMBERS SIERRA SAGE & KYLE,CHAMBERS SIERRA SAGE AND KYLE,0.071,1,Silver Bow,4 GLADSTONE TER BUTTE MT 59701-8122,broad_owner_fragment:AMB,"Keyword/fragment, identity-field, or proximity-only discovery signal.",Rejected / unrelated,rejected,No authoritative current relationship to Arthur Blank / AMB West; excluded.
HAMBLIN JOANN,HAMBLIN JOANN,0.071,1,Missoula,6448 PINYON WAY APT 1 LOLO MT 59847-8575,broad_owner_fragment:AMB,"Keyword/fragment, identity-field, or proximity-only discovery signal.",Rejected / unrelated,rejected,No authoritative current relationship to Arthur Blank / AMB West; excluded.
LAMBERT LORRAINE,LAMBERT LORRAINE,0.071,1,Silver Bow,1046 W PARK ST BUTTE MT 59701-9074,broad_owner_fragment:AMB,"Keyword/fragment, identity-field, or proximity-only discovery signal.",Rejected / unrelated,rejected,No authoritative current relationship to Arthur Blank / AMB West; excluded.
MCDOWELL DANIEL RYAN & AMBER LYNN,MCDOWELL DANIEL RYAN AND AMBER LYNN,0.071,1,Powder River,PO BOX 373 BROADUS MT 59317-0373,broad_owner_fragment:AMB,"Keyword/fragment, identity-field, or proximity-only discovery signal.",Rejected / unrelated,rejected,No authoritative current relationship to Arthur Blank / AMB West; excluded.
BEACH AMBRIA  & BEACH AMBRIA,BEACH AMBRIA AND BEACH AMBRIA,0.069,1,Silver Bow,1811 PORTER AVE BUTTE MT 59701-5745,broad_owner_fragment:AMB,"Keyword/fragment, identity-field, or proximity-only discovery signal.",Rejected / unrelated,rejected,No authoritative current relationship to Arthur Blank / AMB West; excluded.
FISCHER ROGER & AMBER,FISCHER ROGER AND AMBER,0.069,1,Gallatin,4386 BROOKSIDE LN BOZEMAN MT 59718-6371,broad_owner_fragment:AMB,"Keyword/fragment, identity-field, or proximity-only discovery signal.",Rejected / unrelated,rejected,No authoritative current relationship to Arthur Blank / AMB West; excluded.
GRUEL AMBER L &,GRUEL AMBER L AND,0.069,1,Silver Bow,814 W MERCURY ST BUTTE MT 59701-1544,broad_owner_fragment:AMB,"Keyword/fragment, identity-field, or proximity-only discovery signal.",Rejected / unrelated,rejected,No authoritative current relationship to Arthur Blank / AMB West; excluded.
LAMB SUSAN M & JOHN W,LAMB SUSAN M AND JOHN W,0.069,1,Deer Lodge,1101 E 5TH ST ANACONDA MT 59711-2709,broad_owner_fragment:AMB,"Keyword/fragment, identity-field, or proximity-only discovery signal.",Rejected / unrelated,rejected,No authoritative current relationship to Arthur Blank / AMB West; excluded.
RAMBLE ON PROPERTIES LLC,RAMBLE ON PROPERTIES LLC,0.069,1,Silver Bow,1105 W GRANITE ST APT A BUTTE MT 59701-8945,broad_owner_fragment:AMB,"Keyword/fragment, identity-field, or proximity-only discovery signal.",Rejected / unrelated,rejected,No authoritative current relationship to Arthur Blank / AMB West; excluded.
SMITH AMBER J,SMITH AMBER J,0.069,1,Silver Bow,633 S WASHINGTON ST BUTTE MT 59701-2437,broad_owner_fragment:AMB,"Keyword/fragment, identity-field, or proximity-only discovery signal.",Rejected / unrelated,rejected,No authoritative current relationship to Arthur Blank / AMB West; excluded.
BLANKESLATE LLC,BLANKESLATE LLC,0.067,1,Silver Bow,4265 OAK FLAT RD PASO ROBLES CA 93446-9597,broad_owner_fragment:BLANK,"Keyword/fragment, identity-field, or proximity-only discovery signal.",Rejected / unrelated,rejected,No authoritative current relationship to Arthur Blank / AMB West; excluded.
BLANKSLATE LLC,BLANKSLATE LLC,0.067,1,Silver Bow,4265 OAK FLAT RD PASO ROBLES CA 93446-9597,broad_owner_fragment:BLANK,"Keyword/fragment, identity-field, or proximity-only discovery signal.",Rejected / unrelated,rejected,No authoritative current relationship to Arthur Blank / AMB West; excluded.
HEMPHILL AMBER DENISE,HEMPHILL AMBER DENISE,0.067,1,Gallatin,1120 W BABCOCK ST APT 21 BOZEMAN MT 59715-4288,broad_owner_fragment:AMB,"Keyword/fragment, identity-field, or proximity-only discovery signal.",Rejected / unrelated,rejected,No authoritative current relationship to Arthur Blank / AMB West; excluded.
BRAMBLETT ROBERT G,BRAMBLETT ROBERT G,0.064,1,Park,304 N 3RD ST LIVINGSTON MT 59047-1911,broad_owner_fragment:AMB,"Keyword/fragment, identity-field, or proximity-only discovery signal.",Rejected / unrelated,rejected,No authoritative current relationship to Arthur Blank / AMB West; excluded.
"HAMBY, JOHN L & SHIRLEY M",HAMBY JOHN L AND SHIRLEY M,0.064,1,Yellowstone,830 WICKS LN UNIT 830-2 BILLINGS MT 59105-4420,broad_owner_fragment:AMB,"Keyword/fragment, identity-field, or proximity-only discovery signal.",Rejected / unrelated,rejected,No authoritative current relationship to Arthur Blank / AMB West; excluded.
LAMBRECHT JOHN,LAMBRECHT JOHN,0.064,1,Lewis and Clark,2828 BERWIN ST HELENA MT 59601-8500,broad_owner_fragment:AMB,"Keyword/fragment, identity-field, or proximity-only discovery signal.",Rejected / unrelated,rejected,No authoritative current relationship to Arthur Blank / AMB West; excluded.
GAMBARDELLA THOMAS JR,GAMBARDELLA THOMAS JR,0.063,1,Missoula,2140 CHUCK WAGON DR UNIT A MISSOULA MT 59808-1097,broad_owner_fragment:AMB,"Keyword/fragment, identity-field, or proximity-only discovery signal.",Rejected / unrelated,rejected,No authoritative current relationship to Arthur Blank / AMB West; excluded.
GAMBLE CHRISTIAN M & MICHELLE E,GAMBLE CHRISTIAN M AND MICHELLE E,0.062,1,Carbon,416 S OAKES AVE RED LODGE MT 59068-9223,broad_owner_fragment:AMB,"Keyword/fragment, identity-field, or proximity-only discovery signal.",Rejected / unrelated,rejected,No authoritative current relationship to Arthur Blank / AMB West; excluded.
RAMBO ZACKARY,RAMBO ZACKARY,0.06,2,Missoula,4100 MULLAN RD UNIT 404 MISSOULA MT 59808-5190,broad_owner_fragment:AMB,"Keyword/fragment, identity-field, or proximity-only discovery signal.",Rejected / unrelated,rejected,No authoritative current relationship to Arthur Blank / AMB West; excluded.
"CHAMBERS, LARRY W",CHAMBERS LARRY W,0.059,1,Yellowstone,258 PROSPECTORS LN BILLINGS MT 59105-1417,broad_owner_fragment:AMB,"Keyword/fragment, identity-field, or proximity-only discovery signal.",Rejected / unrelated,rejected,No authoritative current relationship to Arthur Blank / AMB West; excluded.
CONRAD AREA CHAMBER OF COMMERCE,CONRAD AREA CHAMBER OF COMMERCE,0.058,1,Pondera,12 5TH AVE SE CONRAD MT 59425-2540,broad_owner_fragment:AMB,"Keyword/fragment, identity-field, or proximity-only discovery signal.",Rejected / unrelated,rejected,No authoritative current relationship to Arthur Blank / AMB West; excluded.
CUT BANK AREA CHAMBER OF COMMERCE,CUT BANK AREA CHAMBER OF COMMERCE,0.057,1,Glacier,PO BOX 1243 CUT BANK MT 59427-1243,broad_owner_fragment:AMB,"Keyword/fragment, identity-field, or proximity-only discovery signal.",Rejected / unrelated,rejected,No authoritative current relationship to Arthur Blank / AMB West; excluded.
BLANKENSHIP LISA,BLANKENSHIP LISA,0.056,1,Gallatin,1405 WESTWOOD CIR UNIT B BELGRADE MT 59714-9685,broad_owner_fragment:BLANK,"Keyword/fragment, identity-field, or proximity-only discovery signal.",Rejected / unrelated,rejected,No authoritative current relationship to Arthur Blank / AMB West; excluded.
LAMB TRUST AMANDA,LAMB TRUST AMANDA,0.056,1,Flathead,130 KARROW AVE UNIT B WHITEFISH MT 59937-3190,broad_owner_fragment:AMB,"Keyword/fragment, identity-field, or proximity-only discovery signal.",Rejected / unrelated,rejected,No authoritative current relationship to Arthur Blank / AMB West; excluded.
"LAMBERT, SCOTT & NICHOLE",LAMBERT SCOTT AND NICHOLE,0.055,1,Yellowstone,1868 ST PETER LN BILLINGS MT 59101-1089,broad_owner_fragment:AMB,"Keyword/fragment, identity-field, or proximity-only discovery signal.",Rejected / unrelated,rejected,No authoritative current relationship to Arthur Blank / AMB West; excluded.
WAMBEKE CHARLES & TINA C,WAMBEKE CHARLES AND TINA C,0.055,2,Silver Bow,PO BOX 581 BUTTE MT 59703-0581,broad_owner_fragment:AMB,"Keyword/fragment, identity-field, or proximity-only discovery signal.",Rejected / unrelated,rejected,No authoritative current relationship to Arthur Blank / AMB West; excluded.
AMBLER JOHN & STACY,AMBLER JOHN AND STACY,0.053,2,Flathead,1375 LORING ST SAN DIEGO CA 92109-1908 | 644 WILD RIVER DR WEST GLACIER MT 59936-7732,broad_owner_fragment:AMB,"Keyword/fragment, identity-field, or proximity-only discovery signal.",Rejected / unrelated,rejected,No authoritative current relationship to Arthur Blank / AMB West; excluded.
BLANKENSHIP JACK & RENEE,BLANKENSHIP JACK AND RENEE,0.05,1,Deer Lodge,103 S EXCELSIOR AVE BUTTE MT 59701-1532,broad_owner_fragment:BLANK,"Keyword/fragment, identity-field, or proximity-only discovery signal.",Rejected / unrelated,rejected,No authoritative current relationship to Arthur Blank / AMB West; excluded.
GAMBRELL JOHN &,GAMBRELL JOHN AND,0.048,1,Deer Lodge,200 FRANK RD TRLR 60 BELGRADE MT 59714-9041,broad_owner_fragment:AMB,"Keyword/fragment, identity-field, or proximity-only discovery signal.",Rejected / unrelated,rejected,No authoritative current relationship to Arthur Blank / AMB West; excluded.
O'DONNELL AMBER,O DONNELL AMBER,0.047,1,Missoula,2121 W KENT AVE # B MISSOULA MT 59801-5315,broad_owner_fragment:AMB,"Keyword/fragment, identity-field, or proximity-only discovery signal.",Rejected / unrelated,rejected,No authoritative current relationship to Arthur Blank / AMB West; excluded.
BITTERROOT VALLEY CHAMBER OF COMMERCE LESSEE,BITTERROOT VALLEY CHAMBER OF COMMERCE LESSEE,0.046,1,Ravalli,MONTANA RAIL LINK INC -ADD ONLY- ATTN: REAL ESTATE DEPARTMENT PO BOX 16624 MISSOULA MT 59808-6624,broad_owner_fragment:AMB,"Keyword/fragment, identity-field, or proximity-only discovery signal.",Rejected / unrelated,rejected,No authoritative current relationship to Arthur Blank / AMB West; excluded.
LAMB LOREN L,LAMB LOREN L,0.045,1,Sanders,4436 S 168TH ST SEATAC WA 98188-3236,broad_owner_fragment:AMB,"Keyword/fragment, identity-field, or proximity-only discovery signal.",Rejected / unrelated,rejected,No authoritative current relationship to Arthur Blank / AMB West; excluded.
LAMBETH SYDNEY PATRICIA,LAMBETH SYDNEY PATRICIA,0.044,1,Gallatin,1401 IDAHO ST UNIT B BELGRADE MT 59714-8515,broad_owner_fragment:AMB,"Keyword/fragment, identity-field, or proximity-only discovery signal.",Rejected / unrelated,rejected,No authoritative current relationship to Arthur Blank / AMB West; excluded.
MASTROIANNI JAMES J & DOMENICA M,MASTROIANNI JAMES J AND DOMENICA M,0.043,1,Madison,5022 WALDO AVE BRONX NY 10471-3019,broad_owner_fragment:DOME,"Keyword/fragment, identity-field, or proximity-only discovery signal.",Rejected / unrelated,rejected,No authoritative current relationship to Arthur Blank / AMB West; excluded.
KEEL KRISS AMBER,KEEL KRISS AMBER,0.04,1,Cascade,1200 32ND ST S APT 35 GREAT FALLS MT 59405-5336,broad_owner_fragment:AMB,"Keyword/fragment, identity-field, or proximity-only discovery signal.",Rejected / unrelated,rejected,No authoritative current relationship to Arthur Blank / AMB West; excluded.
"ORGAMBIDE, JESSIE & SUZANNE",ORGAMBIDE JESSIE AND SUZANNE,0.04,1,Yellowstone,5253 GOLDEN HOLLOW RD BILLINGS MT 59101-8958,broad_owner_fragment:AMB,"Keyword/fragment, identity-field, or proximity-only discovery signal.",Rejected / unrelated,rejected,No authoritative current relationship to Arthur Blank / AMB West; excluded.
GAMBLER INVESTMENTS LLC,GAMBLER INVESTMENTS LLC,0.028,1,Yellowstone,1511 SHILOH RD BILLINGS MT 59106-1714,broad_owner_fragment:AMB,"Keyword/fragment, identity-field, or proximity-only discovery signal.",Rejected / unrelated,rejected,No authoritative current relationship to Arthur Blank / AMB West; excluded.
"HENSLEY, AMBERLEIGH",HENSLEY AMBERLEIGH,0.02,1,Yellowstone,760 MOCCASIN TRL UNIT 760 BILLINGS MT 59105-2745,broad_owner_fragment:AMB,"Keyword/fragment, identity-field, or proximity-only discovery signal.",Rejected / unrelated,rejected,No authoritative current relationship to Arthur Blank / AMB West; excluded.
"BRUBAKER, AMBER",BRUBAKER AMBER,0.019,1,Yellowstone,1906 SONGBIRD DR BILLINGS MT 59101-7614,broad_owner_fragment:AMB,"Keyword/fragment, identity-field, or proximity-only discovery signal.",Rejected / unrelated,rejected,No authoritative current relationship to Arthur Blank / AMB West; excluded.
AMBROSE BUNNIE L,AMBROSE BUNNIE L,0.0,1,Flathead,3707 MEADOWBROOK AVE NASHVILLE TN 37205-2351,broad_owner_fragment:AMB,"Keyword/fragment, identity-field, or proximity-only discovery signal.",Rejected / unrelated,rejected,No authoritative current relationship to Arthur Blank / AMB West; excluded.
"BLANK, KEVIN M",BLANK KEVIN M,0.0,1,Yellowstone,706 FIR AVE LAUREL MT 59044-2529,broad_owner_fragment:BLANK,"Keyword/fragment, identity-field, or proximity-only discovery signal.",Rejected / unrelated,rejected,No authoritative current relationship to Arthur Blank / AMB West; excluded.
BLANKENSHIP MADELEINE W TRUSTEE &,BLANKENSHIP MADELEINE W TRUSTEE AND,0.0,1,Lake,PO BOX 1629 MISSOULA MT 59806-1629,broad_owner_fragment:BLANK,"Keyword/fragment, identity-field, or proximity-only discovery signal.",Rejected / unrelated,rejected,No authoritative current relationship to Arthur Blank / AMB West; excluded.
"BLANKENSHIP, JEFFERY S & YONG U",BLANKENSHIP JEFFERY S AND YONG U,0.0,1,Yellowstone,1525 BENCH BLVD UNIT 26 BILLINGS MT 59105-4478,broad_owner_fragment:BLANK,"Keyword/fragment, identity-field, or proximity-only discovery signal.",Rejected / unrelated,rejected,No authoritative current relationship to Arthur Blank / AMB West; excluded.
"BRAKKE, NICHOLE AMBER &",BRAKKE NICHOLE AMBER AND,0.0,1,Yellowstone,47 BIG SKY COUNTRY DR BILLINGS MT 59102-7604,broad_owner_fragment:AMB,"Keyword/fragment, identity-field, or proximity-only discovery signal.",Rejected / unrelated,rejected,No authoritative current relationship to Arthur Blank / AMB West; excluded.
"BROADHEAD, AMBROSIA T B",BROADHEAD AMBROSIA T B,0.0,1,Yellowstone,3285 CANYON DR UNIT 40 BILLINGS MT 59102-6095,broad_owner_fragment:AMB,"Keyword/fragment, identity-field, or proximity-only discovery signal.",Rejected / unrelated,rejected,No authoritative current relationship to Arthur Blank / AMB West; excluded.
"CALLOWAY, AMBER MICHELLE & RAHIM LEE",CALLOWAY AMBER MICHELLE AND RAHIM LEE,0.0,1,Yellowstone,302 JACKSON ST TRLR 31 BILLINGS MT 59101-5350,broad_owner_fragment:AMB,"Keyword/fragment, identity-field, or proximity-only discovery signal.",Rejected / unrelated,rejected,No authoritative current relationship to Arthur Blank / AMB West; excluded.
CANTRELL AMBERLY BRIANNA &,CANTRELL AMBERLY BRIANNA AND,0.0,1,Yellowstone,5 WALNUT GROVE DR BILLINGS MT 59102-6770,broad_owner_fragment:AMB,"Keyword/fragment, identity-field, or proximity-only discovery signal.",Rejected / unrelated,rejected,No authoritative current relationship to Arthur Blank / AMB West; excluded.
"CATALANELLO, JESSE & AMBER",CATALANELLO JESSE AND AMBER,0.0,1,Yellowstone,506 CALHOUN LN BILLINGS MT 59101-4816,broad_owner_fragment:AMB,"Keyword/fragment, identity-field, or proximity-only discovery signal.",Rejected / unrelated,rejected,No authoritative current relationship to Arthur Blank / AMB West; excluded.
CHAMBERLAIN JEFF J,CHAMBERLAIN JEFF J,0.0,1,Yellowstone,307 9TH AVE NW SIDNEY MT 59270-3757,broad_owner_fragment:AMB,"Keyword/fragment, identity-field, or proximity-only discovery signal.",Rejected / unrelated,rejected,No authoritative current relationship to Arthur Blank / AMB West; excluded.
CHAMBERLAIN LIVING TRUST,CHAMBERLAIN LIVING TRUST,0.0,2,Flathead,2706 MORGANFAIR LN KATY TX 77450-7511,broad_owner_fragment:AMB,"Keyword/fragment, identity-field, or proximity-only discovery signal.",Rejected / unrelated,rejected,No authoritative current relationship to Arthur Blank / AMB West; excluded.
"CHAMBERLAIN, LARRY E & GLORIA J",CHAMBERLAIN LARRY E AND GLORIA J,0.0,1,Yellowstone,1707 BREWINGTON DR BILLINGS MT 59105-4116,broad_owner_fragment:AMB,"Keyword/fragment, identity-field, or proximity-only discovery signal.",Rejected / unrelated,rejected,No authoritative current relationship to Arthur Blank / AMB West; excluded.
"CHAMBERLIN, BRENDAN P",CHAMBERLIN BRENDAN P,0.0,1,Yellowstone,5014 DANFORD DR TRLR 4 BILLINGS MT 59106-3872,broad_owner_fragment:AMB,"Keyword/fragment, identity-field, or proximity-only discovery signal.",Rejected / unrelated,rejected,No authoritative current relationship to Arthur Blank / AMB West; excluded.
CHAMBERS JOHN G,CHAMBERS JOHN G,0.0,1,Missoula,2025 MULLAN RD APT 302 MISSOULA MT 59808-2111,broad_owner_fragment:AMB,"Keyword/fragment, identity-field, or proximity-only discovery signal.",Rejected / unrelated,rejected,No authoritative current relationship to Arthur Blank / AMB West; excluded.
"CHAMBERS, BRANDI LEE & BLAIR LEE",CHAMBERS BRANDI LEE AND BLAIR LEE,0.0,1,Yellowstone,18 GATEWOOD DR BILLINGS MT 59102-6704,broad_owner_fragment:AMB,"Keyword/fragment, identity-field, or proximity-only discovery signal.",Rejected / unrelated,rejected,No authoritative current relationship to Arthur Blank / AMB West; excluded.
"CHAMBERS, KODY",CHAMBERS KODY,0.0,1,Yellowstone,3254 GRANGER AVE E APT L6 BILLINGS MT 59102-7016,broad_owner_fragment:AMB,"Keyword/fragment, identity-field, or proximity-only discovery signal.",Rejected / unrelated,rejected,No authoritative current relationship to Arthur Blank / AMB West; excluded.
"CHAMBERS, THEODORE R",CHAMBERS THEODORE R,0.0,1,Yellowstone,4 BONANZA DR BILLINGS MT 59102-6205,broad_owner_fragment:AMB,"Keyword/fragment, identity-field, or proximity-only discovery signal.",Rejected / unrelated,rejected,No authoritative current relationship to Arthur Blank / AMB West; excluded.
"CHAMBLISS, ROBERT JEFFRERY",CHAMBLISS ROBERT JEFFRERY,0.0,1,Yellowstone,"MAIL TO: DEAN, ELIZABETH 88 RICHLAND TRL POWELL WY 82435-8144",broad_owner_fragment:AMB,"Keyword/fragment, identity-field, or proximity-only discovery signal.",Rejected / unrelated,rejected,No authoritative current relationship to Arthur Blank / AMB West; excluded.
"CHURCH, NATHANIEL LEE & AMBER ELIZABETH",CHURCH NATHANIEL LEE AND AMBER ELIZABETH,0.0,1,Yellowstone,540 JEMSTONE DR BILLINGS MT 59101-6854,broad_owner_fragment:AMB,"Keyword/fragment, identity-field, or proximity-only discovery signal.",Rejected / unrelated,rejected,No authoritative current relationship to Arthur Blank / AMB West; excluded.
"CLEMMER, AMBER JEAN",CLEMMER AMBER JEAN,0.0,1,Yellowstone,27 VISTA DR BILLINGS MT 59102-6277,broad_owner_fragment:AMB,"Keyword/fragment, identity-field, or proximity-only discovery signal.",Rejected / unrelated,rejected,No authoritative current relationship to Arthur Blank / AMB West; excluded.
"D'AMBROSIA, DONALD P & SHARON L",D AMBROSIA DONALD P AND SHARON L,0.0,1,Yellowstone,1845 GOLDEN BLVD BILLINGS MT 59102-6591,broad_owner_fragment:AMB,"Keyword/fragment, identity-field, or proximity-only discovery signal.",Rejected / unrelated,rejected,No authoritative current relationship to Arthur Blank / AMB West; excluded.
DAILEY AMBER D ETAL,DAILEY AMBER D ETAL,0.0,1,Lake,40540 S TERRACE CIR POLSON MT 59860-7631,broad_owner_fragment:AMB,"Keyword/fragment, identity-field, or proximity-only discovery signal.",Rejected / unrelated,rejected,No authoritative current relationship to Arthur Blank / AMB West; excluded.
DANIEL P & SOPHIA C LAMBROS REVOCABLE TRUST,DANIEL P AND SOPHIA C LAMBROS REVOCABLE TRUST,0.0,1,Missoula,21 BROOKSIDE WAY MISSOULA MT 59802-3278,broad_owner_fragment:AMB,"Keyword/fragment, identity-field, or proximity-only discovery signal.",Rejected / unrelated,rejected,No authoritative current relationship to Arthur Blank / AMB West; excluded.
ERICKSON AMBER J,ERICKSON AMBER J,0.0,1,Cascade,221 40TH AVE NE GREAT FALLS MT 59404-4267,broad_owner_fragment:AMB,"Keyword/fragment, identity-field, or proximity-only discovery signal.",Rejected / unrelated,rejected,No authoritative current relationship to Arthur Blank / AMB West; excluded.
"FRANK, TIMOTHY GLEN & AMBER LYNN",FRANK TIMOTHY GLEN AND AMBER LYNN,0.0,1,Yellowstone,324 DANI ST BILLINGS MT 59101-9210,broad_owner_fragment:AMB,"Keyword/fragment, identity-field, or proximity-only discovery signal.",Rejected / unrelated,rejected,No authoritative current relationship to Arthur Blank / AMB West; excluded.
"GAMBA, OXANA",GAMBA OXANA,0.0,1,Yellowstone,1029 PICADOR WAY BILLINGS MT 59105-5438,broad_owner_fragment:AMB,"Keyword/fragment, identity-field, or proximity-only discovery signal.",Rejected / unrelated,rejected,No authoritative current relationship to Arthur Blank / AMB West; excluded.
GAMBILL ROBERT WESLEY TTEE,GAMBILL ROBERT WESLEY TTEE,0.0,1,Lincoln,MAIL TO SUSAN FONTANA 276 HALO DR TROY MT 59935,broad_owner_fragment:AMB,"Keyword/fragment, identity-field, or proximity-only discovery signal.",Rejected / unrelated,rejected,No authoritative current relationship to Arthur Blank / AMB West; excluded.
"GAMBILL, KELSI K",GAMBILL KELSI K,0.0,1,Yellowstone,5804 KIT LN S BILLINGS MT 59106-2213,broad_owner_fragment:AMB,"Keyword/fragment, identity-field, or proximity-only discovery signal.",Rejected / unrelated,rejected,No authoritative current relationship to Arthur Blank / AMB West; excluded.
"GAMBOA, VICKI SANDERS",GAMBOA VICKI SANDERS,0.0,1,Yellowstone,5823 TWELVE MILE RD BILLINGS MT 59105-4934,broad_owner_fragment:AMB,"Keyword/fragment, identity-field, or proximity-only discovery signal.",Rejected / unrelated,rejected,No authoritative current relationship to Arthur Blank / AMB West; excluded.
"GILBERT, AMBER",GILBERT AMBER,0.0,1,Yellowstone,3131 IRON HORSE TRL UNIT 15 BILLINGS MT 59106-9721,broad_owner_fragment:AMB,"Keyword/fragment, identity-field, or proximity-only discovery signal.",Rejected / unrelated,rejected,No authoritative current relationship to Arthur Blank / AMB West; excluded.
GUNDERSON AMBER,GUNDERSON AMBER,0.0,1,Flathead,111 MEADOW CT KALISPELL MT 59901-4226,broad_owner_fragment:AMB,"Keyword/fragment, identity-field, or proximity-only discovery signal.",Rejected / unrelated,rejected,No authoritative current relationship to Arthur Blank / AMB West; excluded.
GUNTER AMBER GAIL,GUNTER AMBER GAIL,0.0,1,Yellowstone,704 PINE AVE LAUREL MT 59044-2548,broad_owner_fragment:AMB,"Keyword/fragment, identity-field, or proximity-only discovery signal.",Rejected / unrelated,rejected,No authoritative current relationship to Arthur Blank / AMB West; excluded.
"HAFF, AMBER M",HAFF AMBER M,0.0,1,Yellowstone,1226 COTTONWOOD BLVD UNIT 15 BILLINGS MT 59105-2661,broad_owner_fragment:AMB,"Keyword/fragment, identity-field, or proximity-only discovery signal.",Rejected / unrelated,rejected,No authoritative current relationship to Arthur Blank / AMB West; excluded.
"HALL, AMBER NICOLE",HALL AMBER NICOLE,0.0,1,Yellowstone,74 VISTA DR BILLINGS MT 59102-6281,broad_owner_fragment:AMB,"Keyword/fragment, identity-field, or proximity-only discovery signal.",Rejected / unrelated,rejected,No authoritative current relationship to Arthur Blank / AMB West; excluded.
"HAMBERG, AUDREY",HAMBERG AUDREY,0.0,1,Yellowstone,49 ROUNDUP DR BILLINGS MT 59102-6289,broad_owner_fragment:AMB,"Keyword/fragment, identity-field, or proximity-only discovery signal.",Rejected / unrelated,rejected,No authoritative current relationship to Arthur Blank / AMB West; excluded.
HAMBLEY JESSE P,HAMBLEY JESSE P,0.0,1,Missoula,PO BOX 8005 MISSOULA MT 59807-8005,broad_owner_fragment:AMB,"Keyword/fragment, identity-field, or proximity-only discovery signal.",Rejected / unrelated,rejected,No authoritative current relationship to Arthur Blank / AMB West; excluded.
HAMBLEY PHILLIP,HAMBLEY PHILLIP,0.0,1,Flathead,89 RIVERVIEW CLOSE SE CALGARY AB,broad_owner_fragment:AMB,"Keyword/fragment, identity-field, or proximity-only discovery signal.",Rejected / unrelated,rejected,No authoritative current relationship to Arthur Blank / AMB West; excluded.
"HERNANDEZ, AMBER MYREE",HERNANDEZ AMBER MYREE,0.0,1,Yellowstone,922 YELLOWSTONE RIVER RD TRLR F1 BILLINGS MT 59105-3339,broad_owner_fragment:AMB,"Keyword/fragment, identity-field, or proximity-only discovery signal.",Rejected / unrelated,rejected,No authoritative current relationship to Arthur Blank / AMB West; excluded.
"KRAAL, AMBER MARY",KRAAL AMBER MARY,0.0,1,Yellowstone,5 TARTARIAN ST BILLINGS MT 59105-1864,broad_owner_fragment:AMB,"Keyword/fragment, identity-field, or proximity-only discovery signal.",Rejected / unrelated,rejected,No authoritative current relationship to Arthur Blank / AMB West; excluded.
KURZENBAUM AMBER,KURZENBAUM AMBER,0.0,1,Missoula,3035 SCHILLING ST UNIT A MISSOULA MT 59801-2137,broad_owner_fragment:AMB,"Keyword/fragment, identity-field, or proximity-only discovery signal.",Rejected / unrelated,rejected,No authoritative current relationship to Arthur Blank / AMB West; excluded.
LAMB LARRY,LAMB LARRY,0.0,1,Missoula,5107 VILLAGE VIEW WAY APT 2 MISSOULA MT 59803-3316,broad_owner_fragment:AMB,"Keyword/fragment, identity-field, or proximity-only discovery signal.",Rejected / unrelated,rejected,No authoritative current relationship to Arthur Blank / AMB West; excluded.
"LAMB, GWENDOLYN ARMSTRONG &",LAMB GWENDOLYN ARMSTRONG AND,0.0,1,Yellowstone,2114 NORTHRIDGE CIR BILLINGS MT 59102-2826,broad_owner_fragment:AMB,"Keyword/fragment, identity-field, or proximity-only discovery signal.",Rejected / unrelated,rejected,No authoritative current relationship to Arthur Blank / AMB West; excluded.
"LAMBERT, ELDON W",LAMBERT ELDON W,0.0,1,Yellowstone,737 S BILLINGS BLVD TRLR 13 BILLINGS MT 59101-4712,broad_owner_fragment:AMB,"Keyword/fragment, identity-field, or proximity-only discovery signal.",Rejected / unrelated,rejected,No authoritative current relationship to Arthur Blank / AMB West; excluded.
"LAMBERT, JUDITH J",LAMBERT JUDITH J,0.0,1,Yellowstone,1267 YELLOWSTONE AVE BILLINGS MT 59102-5335,broad_owner_fragment:AMB,"Keyword/fragment, identity-field, or proximity-only discovery signal.",Rejected / unrelated,rejected,No authoritative current relationship to Arthur Blank / AMB West; excluded.
"LAMBERT, KIMBERLY D",LAMBERT KIMBERLY D,0.0,1,Yellowstone,37 GATEWOOD DR BILLINGS MT 59102-6773,broad_owner_fragment:AMB,"Keyword/fragment, identity-field, or proximity-only discovery signal.",Rejected / unrelated,rejected,No authoritative current relationship to Arthur Blank / AMB West; excluded.
LAMBRECHT TOM,LAMBRECHT TOM,0.0,1,Flathead,1840 FOUR WHEEL DR WHITEFISH MT 59937-8021,broad_owner_fragment:AMB,"Keyword/fragment, identity-field, or proximity-only discovery signal.",Rejected / unrelated,rejected,No authoritative current relationship to Arthur Blank / AMB West; excluded.
"LAMBRECHT, JOHN THOMAS",LAMBRECHT JOHN THOMAS,0.0,1,Yellowstone,10 WALNUT GROVE DR BILLINGS MT 59102-6769,broad_owner_fragment:AMB,"Keyword/fragment, identity-field, or proximity-only discovery signal.",Rejected / unrelated,rejected,No authoritative current relationship to Arthur Blank / AMB West; excluded.
"LAMBRECHT, THOMAS",LAMBRECHT THOMAS,0.0,1,Yellowstone,9026 KAUTZMAN RD TRLR 26 BILLINGS MT 59101-6102,broad_owner_fragment:AMB,"Keyword/fragment, identity-field, or proximity-only discovery signal.",Rejected / unrelated,rejected,No authoritative current relationship to Arthur Blank / AMB West; excluded.
"LOUDAN, AMBER NICOLE",LOUDAN AMBER NICOLE,0.0,1,Yellowstone,5825 AUTUMNWOOD DR BILLINGS MT 59106-9707,broad_owner_fragment:AMB,"Keyword/fragment, identity-field, or proximity-only discovery signal.",Rejected / unrelated,rejected,No authoritative current relationship to Arthur Blank / AMB West; excluded.
"MILLER, AMBER R",MILLER AMBER R,0.0,1,Yellowstone,1024 PICADOR WAY BILLINGS MT 59105-5438,broad_owner_fragment:AMB,"Keyword/fragment, identity-field, or proximity-only discovery signal.",Rejected / unrelated,rejected,No authoritative current relationship to Arthur Blank / AMB West; excluded.
MOYER TIMOTHY PATRICK & HARLINE GRACE AMBOS,MOYER TIMOTHY PATRICK AND HARLINE GRACE AMBOS,0.0,2,Flathead,6479 US HIGHWAY 93 S # 495 WHITEFISH MT 59937-8238,broad_owner_fragment:AMB,"Keyword/fragment, identity-field, or proximity-only discovery signal.",Rejected / unrelated,rejected,No authoritative current relationship to Arthur Blank / AMB West; excluded.
"NADER, AMBER",NADER AMBER,0.0,1,Yellowstone,3903 SWALLOW LN BILLINGS MT 59102-7718,broad_owner_fragment:AMB,"Keyword/fragment, identity-field, or proximity-only discovery signal.",Rejected / unrelated,rejected,No authoritative current relationship to Arthur Blank / AMB West; excluded.
"OLSON, LORNA & AMBERLEE GRACE",OLSON LORNA AND AMBERLEE GRACE,0.0,1,Yellowstone,1006 SUNHAVEN DR LAUREL MT 59044-2516,broad_owner_fragment:AMB,"Keyword/fragment, identity-field, or proximity-only discovery signal.",Rejected / unrelated,rejected,No authoritative current relationship to Arthur Blank / AMB West; excluded.
PARADISE RETREAT LLC,PARADISE RETREAT LLC,0.0,1,Missoula,PO BOX 904 CONDON MT 59826-0904,broad_owner_fragment:PARADISE,"Keyword/fragment, identity-field, or proximity-only discovery signal.",Rejected / unrelated,rejected,No authoritative current relationship to Arthur Blank / AMB West; excluded.
"PETRO, AMBER",PETRO AMBER,0.0,1,Yellowstone,568 KILLARNEY ST BILLINGS MT 59105-3054,broad_owner_fragment:AMB,"Keyword/fragment, identity-field, or proximity-only discovery signal.",Rejected / unrelated,rejected,No authoritative current relationship to Arthur Blank / AMB West; excluded.
"RAMBIN, JOSEPH A",RAMBIN JOSEPH A,0.0,1,Yellowstone,3937 TEAL ST BILLINGS MT 59102-7714,broad_owner_fragment:AMB,"Keyword/fragment, identity-field, or proximity-only discovery signal.",Rejected / unrelated,rejected,No authoritative current relationship to Arthur Blank / AMB West; excluded.
RAMBUR REVOCABLE TRUST LEAH,RAMBUR REVOCABLE TRUST LEAH,0.0,1,Flathead,6005 SAINT MORITZ DR UNIT I WHITEFISH MT 59937,broad_owner_fragment:AMB,"Keyword/fragment, identity-field, or proximity-only discovery signal.",Rejected / unrelated,rejected,No authoritative current relationship to Arthur Blank / AMB West; excluded.
"RATHIE, TINA AMBROGINI",RATHIE TINA AMBROGINI,0.0,1,Yellowstone,2307 LAKE ELMO DR TRLR 4 BILLINGS MT 59105-3977,broad_owner_fragment:AMB,"Keyword/fragment, identity-field, or proximity-only discovery signal.",Rejected / unrelated,rejected,No authoritative current relationship to Arthur Blank / AMB West; excluded.
"RUIZ, MICHAEL & AMBER",RUIZ MICHAEL AND AMBER,0.0,1,Yellowstone,1057 S 29TH ST W STE A BILLINGS MT 59102-7454,broad_owner_fragment:AMB,"Keyword/fragment, identity-field, or proximity-only discovery signal.",Rejected / unrelated,rejected,No authoritative current relationship to Arthur Blank / AMB West; excluded.
SAMBA STORAGE LLC,SAMBA STORAGE LLC,0.0,1,Yellowstone,2040 PRYOR LN BILLINGS MT 59102-1656,broad_owner_fragment:AMB,"Keyword/fragment, identity-field, or proximity-only discovery signal.",Rejected / unrelated,rejected,No authoritative current relationship to Arthur Blank / AMB West; excluded.
TAMBLE GEOFF,TAMBLE GEOFF,0.0,4,Flathead,PO BOX 1663 WHITEFISH MT 59937-1663,broad_owner_fragment:AMB,"Keyword/fragment, identity-field, or proximity-only discovery signal.",Rejected / unrelated,rejected,No authoritative current relationship to Arthur Blank / AMB West; excluded.
"TAMBLYN, SHANNON HEDSTROM",TAMBLYN SHANNON HEDSTROM,0.0,1,Yellowstone,41 KING ARTHUR DR BILLINGS MT 59105-3131,broad_owner_fragment:AMB,"Keyword/fragment, identity-field, or proximity-only discovery signal.",Rejected / unrelated,rejected,No authoritative current relationship to Arthur Blank / AMB West; excluded.
TAMBORNINI LIV TR HUBERT R FERNANDE & GLYNIS G,TAMBORNINI LIV TR HUBERT R FERNANDE AND GLYNIS G,0.0,1,Flathead,PO BOX 8535 KALISPELL MT 59904-1535,broad_owner_fragment:AMB,"Keyword/fragment, identity-field, or proximity-only discovery signal.",Rejected / unrelated,rejected,No authoritative current relationship to Arthur Blank / AMB West; excluded.
"VANDAELE, AMBER KAY &",VANDAELE AMBER KAY AND,0.0,1,Yellowstone,5 JUBILEE ST BILLINGS MT 59105-1870,broad_owner_fragment:AMB,"Keyword/fragment, identity-field, or proximity-only discovery signal.",Rejected / unrelated,rejected,No authoritative current relationship to Arthur Blank / AMB West; excluded.
"VERMETTE, AMBERLEE THERESA &",VERMETTE AMBERLEE THERESA AND,0.0,1,Yellowstone,2916 ROCKRIM LN BILLINGS MT 59102-0852,broad_owner_fragment:AMB,"Keyword/fragment, identity-field, or proximity-only discovery signal.",Rejected / unrelated,rejected,No authoritative current relationship to Arthur Blank / AMB West; excluded.
"VETSCH, AMBER LAUREL",VETSCH AMBER LAUREL,0.0,1,Yellowstone,3909 TOWHEE LN BILLINGS MT 59102-7721,broad_owner_fragment:AMB,"Keyword/fragment, identity-field, or proximity-only discovery signal.",Rejected / unrelated,rejected,No authoritative current relationship to Arthur Blank / AMB West; excluded.
"WALTON, NERISSA GAMBOA & PATRICK EARL",WALTON NERISSA GAMBOA AND PATRICK EARL,0.0,1,Yellowstone,32 ROUNDUP DR BILLINGS MT 59102-6287,broad_owner_fragment:AMB,"Keyword/fragment, identity-field, or proximity-only discovery signal.",Rejected / unrelated,rejected,No authoritative current relationship to Arthur Blank / AMB West; excluded.
WAMBEKE CHRISTOPHER & TRESS,WAMBEKE CHRISTOPHER AND TRESS,0.0,1,Flathead,PO BOX 2039 WHITEFISH MT 59937-2039,broad_owner_fragment:AMB,"Keyword/fragment, identity-field, or proximity-only discovery signal.",Rejected / unrelated,rejected,No authoritative current relationship to Arthur Blank / AMB West; excluded.
