{
"type": "FeatureCollection",
"name": "blank-confirmed-parcels",
"crs": { "type": "name", "properties": { "name": "urn:ogc:def:crs:OGC:1.3:CRS84" } },
"features": [
{ "type": "Feature", "properties": { "PARCELID": "49060706301010000", "CountyName": "Park", "PropertyID": 661741, "Township": "04 S", "Range": "09 E", "Section": "06", "LegalDescr": "S06, T04 S, R09 E, C.O.S. 1252, PARCEL 4, & LOTS 5,6,7 SW4NE4, SE4NW4, E2SW4, NW4SE4", "TotalAcres": 381.316, "OwnerName": "PARADISE VALLEY RANCH LLC", "OwnerAddre": "PO BOX 318", "OwnerAdd_1": null, "OwnerAdd_2": null, "OwnerCity": "EMIGRANT", "OwnerState": "MT", "OwnerZipCo": "59027-0318", "DbaName": null, "CareOfTaxp": null, "normalized_owner_name": "PARADISE VALLEY RANCH LLC", "ranch_component": "Paradise Valley Ranch", "matched_grouped_entity": "ARTHUR BLANK / AMB WEST", "match_reason": "Official AMB West page says Arthur Blank purchased PVR in 2019; cadastral owner uses AMB West's shared PO Box 318 Emigrant address." }, "geometry": { "type": "Polygon", "coordinates": [ [ [ -110.656490190207592, 45.515091624557158 ], [ -110.656461082734921, 45.51375913682336 ], [ -110.651203315512149, 45.51383481874857 ], [ -110.651203108090641, 45.511643354324754 ], [ -110.656411566431743, 45.511492203660936 ], [ -110.661620112021268, 45.51134108281245 ], [ -110.666788066938082, 45.511227466583584 ], [ -110.671856944711976, 45.511116713036309 ], [ -110.671911639806495, 45.514726690119787 ], [ -110.671966226150261, 45.518336518035333 ], [ -110.672003137525124, 45.521955352815873 ], [ -110.667127389906554, 45.522060972792417 ], [ -110.661873797587745, 45.522071396970155 ], [ -110.656545483448326, 45.522082643422117 ], [ -110.656515433487627, 45.518585748617596 ], [ -110.656490190207592, 45.515091624557158 ] ] ] } },
{ "type": "Feature", "properties": { "PARCELID": "49060704201010000", "CountyName": "Park", "PropertyID": 661257, "Township": "04 S", "Range": "09 E", "Section": "04", "LegalDescr": "S04, T04 S, R09 E, C.O.S. 1252, PARCEL 9", "TotalAcres": 38.921, "OwnerName": "PARADISE VALLEY RANCH LLC", "OwnerAddre": "PO BOX 318", "OwnerAdd_1": null, "OwnerAdd_2": null, "OwnerCity": "EMIGRANT", "OwnerState": "MT", "OwnerZipCo": "59027-0318", "DbaName": null, "CareOfTaxp": null, "normalized_owner_name": "PARADISE VALLEY RANCH LLC", "ranch_component": "Paradise Valley Ranch", "matched_grouped_entity": "ARTHUR BLANK / AMB WEST", "match_reason": "Official AMB West page says Arthur Blank purchased PVR in 2019; cadastral owner uses AMB West's shared PO Box 318 Emigrant address." }, "geometry": { "type": "Polygon", "coordinates": [ [ [ -110.625524751632213, 45.51857207307804 ], [ -110.630663645552232, 45.518545522654769 ], [ -110.630734538065042, 45.522089341369025 ], [ -110.626401288041123, 45.522097017986034 ], [ -110.626266154626919, 45.522100702584432 ], [ -110.626131758175347, 45.522111272902357 ], [ -110.625998807771481, 45.522128673170187 ], [ -110.625868004872501, 45.522152811583005 ], [ -110.625740039607592, 45.522183560784853 ], [ -110.625615587137389, 45.522220758540577 ], [ -110.625614296504395, 45.522168904855498 ], [ -110.625524751632213, 45.51857207307804 ] ] ] } },
{ "type": "Feature", "properties": { "PARCELID": "49060704301010000", "CountyName": "Park", "PropertyID": 661724, "Township": "04 S", "Range": "09 E", "Section": "04", "LegalDescr": "S04, T04 S, R09 E, ACRES 370.66, S2NE4, SW4, SE4 (ALL W OF RLY) & STRIP 30'X660' IN SE4NW4", "TotalAcres": 370.66, "OwnerName": "PARADISE VALLEY RANCH LLC", "OwnerAddre": "PO BOX 318", "OwnerAdd_1": null, "OwnerAdd_2": null, "OwnerCity": "EMIGRANT", "OwnerState": "MT", "OwnerZipCo": "59027-0318", "DbaName": null, "CareOfTaxp": null, "normalized_owner_name": "PARADISE VALLEY RANCH LLC", "ranch_component": "Paradise Valley Ranch", "matched_grouped_entity": "ARTHUR BLANK / AMB WEST", "match_reason": "Official AMB West page says Arthur Blank purchased PVR in 2019; cadastral owner uses AMB West's shared PO Box 318 Emigrant address." }, "geometry": { "type": "Polygon", "coordinates": [ [ [ -110.610148634432321, 45.519025350420229 ], [ -110.613221988813237, 45.511380478879161 ], [ -110.614404393448979, 45.511383891163497 ], [ -110.614406707599727, 45.511383869812796 ], [ -110.615049611414321, 45.51138495561672 ], [ -110.615387969275261, 45.511386148728839 ], [ -110.620221794802177, 45.511398501737993 ], [ -110.625390877121262, 45.511392995775893 ], [ -110.630559981570016, 45.511387942800972 ], [ -110.630611811546444, 45.514966734579659 ], [ -110.630663645552232, 45.518545522654769 ], [ -110.625524751632213, 45.51857207307804 ], [ -110.622972314829497, 45.518584625737859 ], [ -110.622974471837054, 45.518666842301037 ], [ -110.62041275347876, 45.518679381224487 ], [ -110.62050496679899, 45.522199189878926 ], [ -110.615390857642112, 45.522229538631194 ], [ -110.610262914156479, 45.522251464662112 ], [ -110.610148634432321, 45.519025350420229 ] ] ] } },
{ "type": "Feature", "properties": { "PARCELID": "49043130101010000", "CountyName": "Park", "PropertyID": 669464, "Township": "06 S", "Range": "07 E", "Section": "30", "LegalDescr": "S30, T06 S, R07 E, C.O.S. 1330, SW4NE4, NW4SE4", "TotalAcres": 79.36, "OwnerName": "WEST CREEK RANCH LLC", "OwnerAddre": "PO BOX 318", "OwnerAdd_1": null, "OwnerAdd_2": null, "OwnerCity": "EMIGRANT", "OwnerState": "MT", "OwnerZipCo": "59027-0318", "DbaName": null, "CareOfTaxp": "BRIANNE DOWNEY", "normalized_owner_name": "WEST CREEK RANCH LLC", "ranch_component": "West Creek Ranch", "matched_grouped_entity": "ARTHUR BLANK / AMB WEST", "match_reason": "Official AMB West page says Arthur Blank purchased West Creek in 2017; cadastral owner uses AMB West's shared PO Box 318 Emigrant address." }, "geometry": { "type": "Polygon", "coordinates": [ [ [ -110.907200157423233, 45.290149161220498 ], [ -110.902068003740382, 45.290077620100931 ], [ -110.902071029941894, 45.286496105894784 ], [ -110.902077243088797, 45.282938825372895 ], [ -110.907194824849455, 45.283032533881553 ], [ -110.907192725336131, 45.286565219010747 ], [ -110.907200157423233, 45.290149161220498 ] ] ] } },
{ "type": "Feature", "properties": { "PARCELID": "49034215301010000", "CountyName": "Park", "PropertyID": 664974, "Township": "07 S", "Range": "07 E", "Section": "15", "LegalDescr": "S15, T07 S, R07 E, SW4", "TotalAcres": 160.0, "OwnerName": "RANCH AT DOME MOUNTAIN LLC", "OwnerAddre": "3223 HOWELL MILL RD NW", "OwnerAdd_1": null, "OwnerAdd_2": null, "OwnerCity": "ATLANTA", "OwnerState": "GA", "OwnerZipCo": "30327-4105", "DbaName": null, "CareOfTaxp": null, "normalized_owner_name": "RANCH AT DOME MOUNTAIN LLC", "ranch_component": "Auster / Ranch at Dome Mountain", "matched_grouped_entity": "ARTHUR BLANK / AMB WEST", "match_reason": "Official AMB West pages identify Auster/Ranch at Dome Mountain as Blank's fourth property; cadastral owner uses the Blank organization Atlanta address." }, "geometry": { "type": "Polygon", "coordinates": [ [ [ -110.863106370380095, 45.218528805607875 ], [ -110.86316597856937, 45.222129159036676 ], [ -110.863179898673096, 45.22575640917654 ], [ -110.858103814567912, 45.225742670581404 ], [ -110.85293527940614, 45.225765649138566 ], [ -110.852913162192507, 45.222149626957396 ], [ -110.852844352586928, 45.218543431102432 ], [ -110.857975358919973, 45.218536130969127 ], [ -110.863106370380095, 45.218528805607875 ] ] ] } },
{ "type": "Feature", "properties": { "PARCELID": "49034209401010000", "CountyName": "Park", "PropertyID": 664637, "Township": "07 S", "Range": "07 E", "Section": "09", "LegalDescr": "S09, T07 S, R07 E, ACRES 269.55, LOT 5 LESS COS 1122, LOTS 6,7,8, SW4SE4 LESS COS  747, E2E2 LESS RD", "TotalAcres": 269.55, "OwnerName": "RANCH AT DOME MOUNTAIN LLC", "OwnerAddre": "3223 HOWELL MILL RD NW", "OwnerAdd_1": null, "OwnerAdd_2": null, "OwnerCity": "ATLANTA", "OwnerState": "GA", "OwnerZipCo": "30327-4105", "DbaName": null, "CareOfTaxp": null, "normalized_owner_name": "RANCH AT DOME MOUNTAIN LLC", "ranch_component": "Auster / Ranch at Dome Mountain", "matched_grouped_entity": "ARTHUR BLANK / AMB WEST", "match_reason": "Official AMB West pages identify Auster/Ranch at Dome Mountain as Blank's fourth property; cadastral owner uses the Blank organization Atlanta address." }, "geometry": { "type": "MultiPolygon", "coordinates": [ [ [ [ -110.869710214499449, 45.245248361269873 ], [ -110.86982157316352, 45.244482844284278 ], [ -110.869988484670245, 45.243334479119753 ], [ -110.870184471332067, 45.241985931706388 ], [ -110.870225814141335, 45.241727701915003 ], [ -110.870276421860595, 45.241470296760909 ], [ -110.870336261747198, 45.241213882125862 ], [ -110.870405295110459, 45.240958623251011 ], [ -110.87048347733689, 45.240704684630344 ], [ -110.870570757919324, 45.240452229904719 ], [ -110.870667080489682, 45.240201421756531 ], [ -110.870772382855691, 45.239952421804823 ], [ -110.870886597041221, 45.239705390501264 ], [ -110.871009649330389, 45.239460487026761 ], [ -110.871141460315286, 45.23921786918897 ], [ -110.871281944947512, 45.238977693320592 ], [ -110.871431012593192, 45.238740114178867 ], [ -110.871496698983833, 45.238638412628703 ], [ -110.871570700836941, 45.238523838184506 ], [ -110.871485258382762, 45.238523979976208 ], [ -110.87245883655369, 45.237016576835003 ], [ -110.872561709426989, 45.236989443633696 ], [ -110.872722876010258, 45.236739900683759 ], [ -110.872684469966757, 45.236667220813835 ], [ -110.875032383415828, 45.233031499217788 ], [ -110.875117178297472, 45.233032343679149 ], [ -110.87828618444648, 45.233063918039718 ], [ -110.879101186631658, 45.233071604422278 ], [ -110.877828971716852, 45.233797488575476 ], [ -110.87698671399535, 45.2344836372204 ], [ -110.874287654150137, 45.235850153207139 ], [ -110.87384015484318, 45.236268343641072 ], [ -110.87377139957421, 45.236630060710539 ], [ -110.87361011036046, 45.237473081777289 ], [ -110.873242219336845, 45.23907028178418 ], [ -110.872788144725234, 45.240212139586063 ], [ -110.872776456281969, 45.240241525316726 ], [ -110.872533779561167, 45.24085774313275 ], [ -110.871902325907158, 45.242310488347073 ], [ -110.871660467823176, 45.24310314484633 ], [ -110.871574892413989, 45.243906993971549 ], [ -110.871513030118649, 45.244477546046696 ], [ -110.871491784451393, 45.244689800892715 ], [ -110.871395706467425, 45.24491789898272 ], [ -110.869845838538467, 45.244608218346428 ], [ -110.869710214499449, 45.245248361269873 ] ] ], [ [ [ -110.863192124743733, 45.243932801743583 ], [ -110.863180580860501, 45.240306118090594 ], [ -110.863162353742155, 45.236675691574611 ], [ -110.863160786532092, 45.233039212744224 ], [ -110.868295634976079, 45.233026452860564 ], [ -110.873434530703918, 45.233015567770629 ], [ -110.874269228591672, 45.233023906959971 ], [ -110.874354023494817, 45.233024753804614 ], [ -110.872119365411379, 45.236485026938368 ], [ -110.87201649200756, 45.236512160639904 ], [ -110.871855324198123, 45.236761703426758 ], [ -110.871893728011614, 45.236834386301439 ], [ -110.870801732431275, 45.238525099169074 ], [ -110.870716261910516, 45.238525238915038 ], [ -110.870561283686627, 45.238772993022216 ], [ -110.870415180237671, 45.239023424571116 ], [ -110.870278044251023, 45.239276374897329 ], [ -110.870149962736235, 45.239531683738377 ], [ -110.870031016969577, 45.239789189335248 ], [ -110.869921282442277, 45.240048728534774 ], [ -110.869820828812394, 45.240310136893015 ], [ -110.869729719860402, 45.240573248779278 ], [ -110.869648013448398, 45.240837897481143 ], [ -110.86957576148319, 45.241103915309942 ], [ -110.869513009882979, 45.241371133707055 ], [ -110.86945979854805, 45.241639383350616 ], [ -110.869305924132661, 45.241624499876167 ], [ -110.869280297331869, 45.241771512489123 ], [ -110.869257505048765, 45.241918757899555 ], [ -110.869061505804353, 45.243267235117351 ], [ -110.86921600339177, 45.243278442673535 ], [ -110.869049048784746, 45.244426787187528 ], [ -110.869031957306404, 45.244511992729286 ], [ -110.869005679973071, 45.244596023521048 ], [ -110.868970371055084, 45.24467838609781 ], [ -110.868926237862752, 45.244758596788749 ], [ -110.868873539529687, 45.244836184557855 ], [ -110.866846225391967, 45.247571126005951 ], [ -110.86320619856717, 45.247560803628694 ], [ -110.863192124743733, 45.243932801743583 ] ], [ [ -110.869511745407166, 45.233485635167582 ], [ -110.86903238008432, 45.233419578878767 ], [ -110.868914257084597, 45.233513663034245 ], [ -110.868702063140276, 45.233618017235045 ], [ -110.868452479683384, 45.233733994183041 ], [ -110.8683092814952, 45.233839694610495 ], [ -110.86823276941638, 45.234112471020524 ], [ -110.871558295528601, 45.234385732761289 ], [ -110.872314844509546, 45.23382702418882 ], [ -110.870142175367477, 45.233558690377038 ], [ -110.869982658867741, 45.233540168787258 ], [ -110.869511745407166, 45.233485635167582 ] ] ] ] } },
{ "type": "Feature", "properties": { "PARCELID": "49034210301010000", "CountyName": "Park", "PropertyID": 664638, "Township": "07 S", "Range": "07 E", "Section": "10", "LegalDescr": "S10, T07 S, R07 E, W2, W2E2", "TotalAcres": 480.0, "OwnerName": "RANCH AT DOME MOUNTAIN LLC", "OwnerAddre": "3223 HOWELL MILL RD NW", "OwnerAdd_1": null, "OwnerAdd_2": null, "OwnerCity": "ATLANTA", "OwnerState": "GA", "OwnerZipCo": "30327-4105", "DbaName": null, "CareOfTaxp": null, "normalized_owner_name": "RANCH AT DOME MOUNTAIN LLC", "ranch_component": "Auster / Ranch at Dome Mountain", "matched_grouped_entity": "ARTHUR BLANK / AMB WEST", "match_reason": "Official AMB West pages identify Auster/Ranch at Dome Mountain as Blank's fourth property; cadastral owner uses the Blank organization Atlanta address." }, "geometry": { "type": "Polygon", "coordinates": [ [ [ -110.847752340423398, 45.24756436695403 ], [ -110.847799571369123, 45.243922622665139 ], [ -110.847793361395148, 45.240295098264077 ], [ -110.847786198266022, 45.236667481211072 ], [ -110.84773915695942, 45.233059642652663 ], [ -110.852879830600017, 45.233052849876003 ], [ -110.858019989770867, 45.233046032904745 ], [ -110.863160786532092, 45.233039212744224 ], [ -110.863162353742155, 45.236675691574611 ], [ -110.863180580860501, 45.240306118090594 ], [ -110.863192124743733, 45.243932801743583 ], [ -110.86320619856717, 45.247560803628694 ], [ -110.85805477890456, 45.247562003446859 ], [ -110.852903765360139, 45.247563166889321 ], [ -110.847752340423398, 45.24756436695403 ] ] ] } },
{ "type": "Feature", "properties": { "PARCELID": "49034229301010000", "CountyName": "Park", "PropertyID": 664647, "Township": "07 S", "Range": "07 E", "Section": "29", "LegalDescr": "S29, T07 S, R07 E, ALL E OF RIVER LESS C/S 1070 & 45.18 AC", "TotalAcres": 401.49, "OwnerName": "RANCH AT DOME MOUNTAIN LLC", "OwnerAddre": "3223 HOWELL MILL RD NW", "OwnerAdd_1": null, "OwnerAdd_2": null, "OwnerCity": "ATLANTA", "OwnerState": "GA", "OwnerZipCo": "30327-4105", "DbaName": null, "CareOfTaxp": null, "normalized_owner_name": "RANCH AT DOME MOUNTAIN LLC", "ranch_component": "Auster / Ranch at Dome Mountain", "matched_grouped_entity": "ARTHUR BLANK / AMB WEST", "match_reason": "Official AMB West pages identify Auster/Ranch at Dome Mountain as Blank's fourth property; cadastral owner uses the Blank organization Atlanta address." }, "geometry": { "type": "Polygon", "coordinates": [ [ [ -110.890415818993802, 45.204031130068273 ], [ -110.888716684814469, 45.204034586338636 ], [ -110.883589336893237, 45.204039416991961 ], [ -110.883543497932152, 45.200421801014443 ], [ -110.883500126965316, 45.196806178747742 ], [ -110.88346156044183, 45.193195195036139 ], [ -110.883427858409263, 45.189584056401571 ], [ -110.888620932983912, 45.189588768139807 ], [ -110.893810813645601, 45.189591618738326 ], [ -110.897405651547146, 45.189593626266586 ], [ -110.898443739924147, 45.19163376823672 ], [ -110.898553573025794, 45.191883807428525 ], [ -110.898655239960462, 45.192135567631624 ], [ -110.898748686772009, 45.192388915510293 ], [ -110.898833863855728, 45.192643716886074 ], [ -110.898910725984805, 45.192899836808799 ], [ -110.898979232334568, 45.193157139628056 ], [ -110.899039346504253, 45.193415489064975 ], [ -110.899091036536575, 45.193674748284437 ], [ -110.897988147248526, 45.193725643111236 ], [ -110.893842604890722, 45.202564150426468 ], [ -110.893840729150241, 45.204027794963892 ], [ -110.890415818993802, 45.204031130068273 ] ] ] } },
{ "type": "Feature", "properties": { "PARCELID": "49060718403010000", "CountyName": "Park", "PropertyID": 661750, "Township": "04 S", "Range": "09 E", "Section": "18", "LegalDescr": "S18, T04 S, R09 E, C.O.S. 1212, PARCEL 2", "TotalAcres": 20.477, "OwnerName": "PARADISE VALLEY RANCH LLC", "OwnerAddre": "PO BOX 318", "OwnerAdd_1": null, "OwnerAdd_2": null, "OwnerCity": "EMIGRANT", "OwnerState": "MT", "OwnerZipCo": "59027-0318", "DbaName": null, "CareOfTaxp": null, "normalized_owner_name": "PARADISE VALLEY RANCH LLC", "ranch_component": "Paradise Valley Ranch", "matched_grouped_entity": "ARTHUR BLANK / AMB WEST", "match_reason": "Official AMB West page says Arthur Blank purchased PVR in 2019; cadastral owner uses AMB West's shared PO Box 318 Emigrant address." }, "geometry": { "type": "Polygon", "coordinates": [ [ [ -110.656488620045579, 45.484196726216034 ], [ -110.657243343243991, 45.482907530257933 ], [ -110.657299378672249, 45.482818611342417 ], [ -110.657362102476739, 45.482731930802196 ], [ -110.657431334638815, 45.482647737369 ], [ -110.657506876466684, 45.482566272636625 ], [ -110.657681739880587, 45.482394078475586 ], [ -110.657835326642626, 45.48225174967169 ], [ -110.657994238511336, 45.482112343942902 ], [ -110.658158363085349, 45.481975959858069 ], [ -110.65832758428013, 45.481842693848897 ], [ -110.658501782410127, 45.481712640141659 ], [ -110.65876897283438, 45.481519871568665 ], [ -110.658851998638553, 45.481578387778683 ], [ -110.661189794448489, 45.482839580745484 ], [ -110.658942445730162, 45.485301418732156 ], [ -110.656596527927135, 45.484228572733258 ], [ -110.656488620045579, 45.484196726216034 ] ] ] } },
{ "type": "Feature", "properties": { "PARCELID": "49060730101010000", "CountyName": "Park", "PropertyID": 661732, "Township": "04 S", "Range": "09 E", "Section": "30", "LegalDescr": "S30, T04 S, R09 E, N2, SE4", "TotalAcres": 479.4, "OwnerName": "PARADISE VALLEY RANCH LLC", "OwnerAddre": "PO BOX 318", "OwnerAdd_1": null, "OwnerAdd_2": null, "OwnerCity": "EMIGRANT", "OwnerState": "MT", "OwnerZipCo": "59027-0318", "DbaName": null, "CareOfTaxp": null, "normalized_owner_name": "PARADISE VALLEY RANCH LLC", "ranch_component": "Paradise Valley Ranch", "matched_grouped_entity": "ARTHUR BLANK / AMB WEST", "match_reason": "Official AMB West page says Arthur Blank purchased PVR in 2019; cadastral owner uses AMB West's shared PO Box 318 Emigrant address." }, "geometry": { "type": "Polygon", "coordinates": [ [ [ -110.666588440102757, 45.467618535051344 ], [ -110.661442949484425, 45.467645102847385 ], [ -110.656294881599408, 45.467678814976118 ], [ -110.651145969450383, 45.46771087466125 ], [ -110.65113175202481, 45.464080153225233 ], [ -110.651117218162327, 45.460449259758192 ], [ -110.651046352552086, 45.456784658055355 ], [ -110.650974609280865, 45.453120081077635 ], [ -110.65358024698412, 45.453105846973735 ], [ -110.656169727339019, 45.453093059935718 ], [ -110.65877034148636, 45.45307906070537 ], [ -110.661364228539611, 45.453065774757029 ], [ -110.661385812217702, 45.456720091793791 ], [ -110.661401361403918, 45.460380099397646 ], [ -110.666561311702196, 45.460345105886113 ], [ -110.671664494326293, 45.460310252920223 ], [ -110.671689059205249, 45.463951133002737 ], [ -110.67171332290232, 45.467592559250015 ], [ -110.666588440102757, 45.467618535051344 ] ] ] } },
{ "type": "Feature", "properties": { "PARCELID": "49043129401010000", "CountyName": "Park", "PropertyID": 669756, "Township": "06 S", "Range": "07 E", "Section": "29", "LegalDescr": "S29, T06 S, R07 E, E2", "TotalAcres": 320.0, "OwnerName": "WEST CREEK RANCH LLC", "OwnerAddre": "PO BOX 318", "OwnerAdd_1": null, "OwnerAdd_2": null, "OwnerCity": "EMIGRANT", "OwnerState": "MT", "OwnerZipCo": "59027-0318", "DbaName": null, "CareOfTaxp": "BRIANNE DOWNEY", "normalized_owner_name": "WEST CREEK RANCH LLC", "ranch_component": "West Creek Ranch", "matched_grouped_entity": "ARTHUR BLANK / AMB WEST", "match_reason": "Official AMB West page says Arthur Blank purchased West Creek in 2017; cadastral owner uses AMB West's shared PO Box 318 Emigrant address." }, "geometry": { "type": "Polygon", "coordinates": [ [ [ -110.876339160394892, 45.293589880247666 ], [ -110.876319433280301, 45.293172270000575 ], [ -110.87631866724756, 45.28953752565598 ], [ -110.876317872444588, 45.285902752849196 ], [ -110.876317100063147, 45.282268010364085 ], [ -110.87631634292741, 45.278635570974544 ], [ -110.876316325635273, 45.278633237313485 ], [ -110.876320593997576, 45.278633394971656 ], [ -110.881477111682855, 45.278797072972935 ], [ -110.886638252313219, 45.27896093094261 ], [ -110.886650604393282, 45.282560911730648 ], [ -110.88666228542867, 45.286160818041104 ], [ -110.886647914403028, 45.289775058611973 ], [ -110.886633662537832, 45.293389299399131 ], [ -110.886227943994854, 45.293596387793706 ], [ -110.878732890578604, 45.293588831919465 ], [ -110.876339160394892, 45.293589880247666 ] ] ] } },
{ "type": "Feature", "properties": { "PARCELID": "49034223301010000", "CountyName": "Park", "PropertyID": 664646, "Township": "07 S", "Range": "07 E", "Section": "23", "LegalDescr": "S23, T07 S, R07 E, ALL", "TotalAcres": 640.0, "OwnerName": "RANCH AT DOME MOUNTAIN LLC", "OwnerAddre": "3223 HOWELL MILL RD NW", "OwnerAdd_1": null, "OwnerAdd_2": null, "OwnerCity": "ATLANTA", "OwnerState": "GA", "OwnerZipCo": "30327-4105", "DbaName": null, "CareOfTaxp": null, "normalized_owner_name": "RANCH AT DOME MOUNTAIN LLC", "ranch_component": "Auster / Ranch at Dome Mountain", "matched_grouped_entity": "ARTHUR BLANK / AMB WEST", "match_reason": "Official AMB West pages identify Auster/Ranch at Dome Mountain as Blank's fourth property; cadastral owner uses the Blank organization Atlanta address." }, "geometry": { "type": "Polygon", "coordinates": [ [ [ -110.822054246463779, 45.207646644328342 ], [ -110.822057093069162, 45.204015094417457 ], [ -110.827146597377521, 45.204027133617508 ], [ -110.832236139023266, 45.204039235614999 ], [ -110.83732549937325, 45.204051202336444 ], [ -110.842414714099036, 45.20406329798557 ], [ -110.842426777069022, 45.20769849104834 ], [ -110.842438357616174, 45.211333735277343 ], [ -110.842461147104899, 45.214956184036701 ], [ -110.842483837022328, 45.218578662174828 ], [ -110.837366768163761, 45.218581030210174 ], [ -110.832256862482438, 45.218571693045654 ], [ -110.827151149038329, 45.218556362938067 ], [ -110.822045093255284, 45.218541060937277 ], [ -110.822048321290026, 45.21490947685497 ], [ -110.822051269956305, 45.211278106973154 ], [ -110.822054246463779, 45.207646644328342 ] ] ] } },
{ "type": "Feature", "properties": { "PARCELID": "49043120401100000", "CountyName": "Park", "PropertyID": 669754, "Township": "06 S", "Range": "07 E", "Section": "20", "LegalDescr": "S20, T06 S, R07 E, C.O.S. 2131, PARCEL CW", "TotalAcres": 16.61, "OwnerName": "WEST CREEK RANCH LLC", "OwnerAddre": "PO BOX 318", "OwnerAdd_1": null, "OwnerAdd_2": null, "OwnerCity": "EMIGRANT", "OwnerState": "MT", "OwnerZipCo": "59027-0318", "DbaName": null, "CareOfTaxp": "BRIANNE DOWNEY", "normalized_owner_name": "WEST CREEK RANCH LLC", "ranch_component": "West Creek Ranch", "matched_grouped_entity": "ARTHUR BLANK / AMB WEST", "match_reason": "Official AMB West page says Arthur Blank purchased West Creek in 2017; cadastral owner uses AMB West's shared PO Box 318 Emigrant address." }, "geometry": { "type": "Polygon", "coordinates": [ [ [ -110.876183147263077, 45.293589947660799 ], [ -110.876339160394892, 45.293589880247666 ], [ -110.878732890578604, 45.293588831919465 ], [ -110.886227943994854, 45.293596387793706 ], [ -110.896947870221595, 45.293606314717444 ], [ -110.886223441927456, 45.293994483929787 ], [ -110.876372403905663, 45.294293632354012 ], [ -110.87618664221938, 45.294299261264364 ], [ -110.876183147263077, 45.293589947660799 ] ] ] } },
{ "type": "Feature", "properties": { "PARCELID": "49060705301010000", "CountyName": "Park", "PropertyID": 661725, "Township": "04 S", "Range": "09 E", "Section": "05", "LegalDescr": "S05, T04 S, R09 E, S2", "TotalAcres": 320.0, "OwnerName": "PARADISE VALLEY RANCH LLC", "OwnerAddre": "PO BOX 318", "OwnerAdd_1": null, "OwnerAdd_2": null, "OwnerCity": "EMIGRANT", "OwnerState": "MT", "OwnerZipCo": "59027-0318", "DbaName": null, "CareOfTaxp": null, "normalized_owner_name": "PARADISE VALLEY RANCH LLC", "ranch_component": "Paradise Valley Ranch", "matched_grouped_entity": "ARTHUR BLANK / AMB WEST", "match_reason": "Official AMB West page says Arthur Blank purchased PVR in 2019; cadastral owner uses AMB West's shared PO Box 318 Emigrant address." }, "geometry": { "type": "Polygon", "coordinates": [ [ [ -110.630611811546444, 45.514966734579659 ], [ -110.630559981570016, 45.511387942800972 ], [ -110.635720495733295, 45.511451773397646 ], [ -110.64088150358215, 45.511515630937794 ], [ -110.646042298584319, 45.511579582028759 ], [ -110.651203108090641, 45.511643354324754 ], [ -110.651203315512149, 45.51383481874857 ], [ -110.651203375185261, 45.51511971647524 ], [ -110.651203766989653, 45.518596166142345 ], [ -110.646103190017641, 45.518626457943192 ], [ -110.641002340166267, 45.518656778208332 ], [ -110.6358332586166, 45.51860118612948 ], [ -110.630663645552232, 45.518545522654769 ], [ -110.630611811546444, 45.514966734579659 ] ] ] } },
{ "type": "Feature", "properties": { "PARCELID": "49060719301010000", "CountyName": "Park", "PropertyID": 661758, "Township": "04 S", "Range": "09 E", "Section": "19", "LegalDescr": "S19, T04 S, R09 E, C.O.S. 1212, PARCEL C", "TotalAcres": 39.36, "OwnerName": "PARADISE VALLEY RANCH LLC", "OwnerAddre": "PO BOX 318", "OwnerAdd_1": null, "OwnerAdd_2": null, "OwnerCity": "EMIGRANT", "OwnerState": "MT", "OwnerZipCo": "59027-0318", "DbaName": null, "CareOfTaxp": null, "normalized_owner_name": "PARADISE VALLEY RANCH LLC", "ranch_component": "Paradise Valley Ranch", "matched_grouped_entity": "ARTHUR BLANK / AMB WEST", "match_reason": "Official AMB West page says Arthur Blank purchased PVR in 2019; cadastral owner uses AMB West's shared PO Box 318 Emigrant address." }, "geometry": { "type": "Polygon", "coordinates": [ [ [ -110.666599977600811, 45.471334242233837 ], [ -110.666588440102757, 45.467618535051344 ], [ -110.67171332290232, 45.467592559250015 ], [ -110.671722549424658, 45.470830414089015 ], [ -110.671697609977542, 45.470853565737663 ], [ -110.671276185373515, 45.471246101715629 ], [ -110.666599977600811, 45.471334242233837 ] ] ] } },
{ "type": "Feature", "properties": { "PARCELID": "49060626101500000", "CountyName": "Park", "PropertyID": 1424241, "Township": "04 S", "Range": "08 E", "Section": "26", "LegalDescr": "S26, T04 S, R08 E, C.O.S. 2801RB, PARCEL B-2-A, ACRES 67.158", "TotalAcres": 67.158, "OwnerName": "PARADISE VALLEY RANCH LLC", "OwnerAddre": "PO BOX 318", "OwnerAdd_1": null, "OwnerAdd_2": null, "OwnerCity": "EMIGRANT", "OwnerState": "MT", "OwnerZipCo": "59027-0318", "DbaName": null, "CareOfTaxp": null, "normalized_owner_name": "PARADISE VALLEY RANCH LLC", "ranch_component": "Paradise Valley Ranch", "matched_grouped_entity": "ARTHUR BLANK / AMB WEST", "match_reason": "Official AMB West page says Arthur Blank purchased PVR in 2019; cadastral owner uses AMB West's shared PO Box 318 Emigrant address." }, "geometry": { "type": "Polygon", "coordinates": [ [ [ -110.686220214487975, 45.463410400177402 ], [ -110.687374311091176, 45.462433375218588 ], [ -110.687489267234255, 45.462340623474809 ], [ -110.687610220062396, 45.462251728481512 ], [ -110.68773690857094, 45.462166882044428 ], [ -110.687869059383317, 45.462086267233076 ], [ -110.68798899691906, 45.462019311388836 ], [ -110.688112703227631, 45.461955842086702 ], [ -110.688239973769939, 45.4618959642617 ], [ -110.689597246238804, 45.461285769456993 ], [ -110.690049401510493, 45.461082485849246 ], [ -110.690182305797862, 45.461026203088437 ], [ -110.690319157498294, 45.460974818259253 ], [ -110.690459592443432, 45.460928468094806 ], [ -110.690603236932901, 45.460887275930837 ], [ -110.690749708728617, 45.460851351377599 ], [ -110.691317556875447, 45.460723434480791 ], [ -110.692343735095093, 45.462259247607932 ], [ -110.693183093202066, 45.463214919718538 ], [ -110.694264854195467, 45.464207002259997 ], [ -110.694733701128627, 45.464802394595253 ], [ -110.695809062595814, 45.466391161638576 ], [ -110.694285700739186, 45.467134526555853 ], [ -110.69400185341604, 45.466850263219769 ], [ -110.69239586975641, 45.467260926964919 ], [ -110.686220214487975, 45.463410400177402 ] ] ] } },
{ "type": "Feature", "properties": { "PARCELID": "49060625101010000", "CountyName": "Park", "PropertyID": 661722, "Township": "04 S", "Range": "08 E", "Section": "25", "LegalDescr": "S25, T04 S, R08 E, C.O.S. 1221, PARCEL B-1, & COS 244 TRACT A", "TotalAcres": 216.634, "OwnerName": "PARADISE VALLEY RANCH LLC", "OwnerAddre": "PO BOX 318", "OwnerAdd_1": null, "OwnerAdd_2": null, "OwnerCity": "EMIGRANT", "OwnerState": "MT", "OwnerZipCo": "59027-0318", "DbaName": null, "CareOfTaxp": null, "normalized_owner_name": "PARADISE VALLEY RANCH LLC", "ranch_component": "Paradise Valley Ranch", "matched_grouped_entity": "ARTHUR BLANK / AMB WEST", "match_reason": "Official AMB West page says Arthur Blank purchased PVR in 2019; cadastral owner uses AMB West's shared PO Box 318 Emigrant address." }, "geometry": { "type": "Polygon", "coordinates": [ [ [ -110.67171332290232, 45.467592559250015 ], [ -110.671689059205249, 45.463951133002737 ], [ -110.671664494326293, 45.460310252920223 ], [ -110.671656018948809, 45.459052924583013 ], [ -110.6733797426038, 45.45860825795382 ], [ -110.675229572891425, 45.458439371353087 ], [ -110.677962297753297, 45.458555678338115 ], [ -110.681287894537547, 45.459729679165534 ], [ -110.681208735978601, 45.459816532146476 ], [ -110.681190913885416, 45.45983537281365 ], [ -110.682943385181702, 45.461917857656275 ], [ -110.686220214487975, 45.463410400177402 ], [ -110.685570494458119, 45.46396041588163 ], [ -110.685461562580485, 45.464046868733085 ], [ -110.685345201591716, 45.464128387684418 ], [ -110.685221861852725, 45.464204657203837 ], [ -110.685092020742729, 45.46427538207702 ], [ -110.684956180811611, 45.464340288549948 ], [ -110.684814867834419, 45.464399125388994 ], [ -110.684668628776222, 45.464451664853421 ], [ -110.684012199265013, 45.464669287568498 ], [ -110.683845715126779, 45.464728122225651 ], [ -110.683683613624098, 45.464792733423032 ], [ -110.683526299213725, 45.464862959957031 ], [ -110.683374164413081, 45.464938626613289 ], [ -110.68322758882104, 45.465019544603585 ], [ -110.682969707244879, 45.465169706087558 ], [ -110.682847697511733, 45.46523746791236 ], [ -110.682721611165633, 45.46530142802235 ], [ -110.682591687262232, 45.465361465143985 ], [ -110.682458172135981, 45.465417465441718 ], [ -110.682321318932964, 45.465469322733732 ], [ -110.678092991531443, 45.466988513103487 ], [ -110.677859422486051, 45.467075716270493 ], [ -110.67762979479572, 45.467167957104955 ], [ -110.677404327843078, 45.467265147490004 ], [ -110.677183237039401, 45.467367194580028 ], [ -110.676966733618883, 45.467474000889297 ], [ -110.676755024436886, 45.467585464384982 ], [ -110.676616422723853, 45.467663374706454 ], [ -110.676480143633739, 45.467743288045369 ], [ -110.676098694114003, 45.467968422054923 ], [ -110.673899560052348, 45.469266209123262 ], [ -110.673742415101927, 45.469361649939273 ], [ -110.673589166956958, 45.46946017813076 ], [ -110.673439938106782, 45.469561714959276 ], [ -110.672561392337371, 45.470176751930111 ], [ -110.67234246525129, 45.470334206188404 ], [ -110.672129582195637, 45.470495711653619 ], [ -110.67192289458292, 45.470661153496735 ], [ -110.671722549424658, 45.470830414089015 ], [ -110.67171332290232, 45.467592559250015 ] ] ] } },
{ "type": "Feature", "properties": { "PARCELID": "49060613101010000", "CountyName": "Park", "PropertyID": 661713, "Township": "04 S", "Range": "08 E", "Section": "13", "LegalDescr": "S13, T04 S, R08 E, ALL", "TotalAcres": 640.0, "OwnerName": "PARADISE VALLEY RANCH LLC", "OwnerAddre": "PO BOX 318", "OwnerAdd_1": null, "OwnerAdd_2": null, "OwnerCity": "EMIGRANT", "OwnerState": "MT", "OwnerZipCo": "59027-0318", "DbaName": null, "CareOfTaxp": null, "normalized_owner_name": "PARADISE VALLEY RANCH LLC", "ranch_component": "Paradise Valley Ranch", "matched_grouped_entity": "ARTHUR BLANK / AMB WEST", "match_reason": "Official AMB West page says Arthur Blank purchased PVR in 2019; cadastral owner uses AMB West's shared PO Box 318 Emigrant address." }, "geometry": { "type": "Polygon", "coordinates": [ [ [ -110.687310301489333, 45.482174601987701 ], [ -110.692488805489916, 45.481979644913046 ], [ -110.692484832908448, 45.485681273775327 ], [ -110.692480525720796, 45.489367355578842 ], [ -110.692492508889799, 45.492980460010116 ], [ -110.692811360386429, 45.49648381858966 ], [ -110.688379865687068, 45.496517309748981 ], [ -110.676972799045259, 45.496634930449503 ], [ -110.671795255317733, 45.496641081086082 ], [ -110.671783392256543, 45.493008523937753 ], [ -110.671770876882746, 45.48939083241585 ], [ -110.671772871482602, 45.486075279127974 ], [ -110.671774844363668, 45.482759380824966 ], [ -110.67695333767945, 45.482564534569264 ], [ -110.682131918307661, 45.482369559578153 ], [ -110.687310301489333, 45.482174601987701 ] ] ] } },
{ "type": "Feature", "properties": { "PARCELID": "49060719230010000", "CountyName": "Park", "PropertyID": 661752, "Township": "04 S", "Range": "09 E", "Section": "19", "LegalDescr": "S19, T04 S, R09 E, C.O.S. 1212, PARCEL 4", "TotalAcres": 20.28, "OwnerName": "PARADISE VALLEY RANCH LLC", "OwnerAddre": "PO BOX 318", "OwnerAdd_1": null, "OwnerAdd_2": null, "OwnerCity": "EMIGRANT", "OwnerState": "MT", "OwnerZipCo": "59027-0318", "DbaName": null, "CareOfTaxp": null, "normalized_owner_name": "PARADISE VALLEY RANCH LLC", "ranch_component": "Paradise Valley Ranch", "matched_grouped_entity": "ARTHUR BLANK / AMB WEST", "match_reason": "Official AMB West page says Arthur Blank purchased PVR in 2019; cadastral owner uses AMB West's shared PO Box 318 Emigrant address." }, "geometry": { "type": "Polygon", "coordinates": [ [ [ -110.663084832102157, 45.478568681625781 ], [ -110.663336061998876, 45.478393379011315 ], [ -110.663580813624819, 45.478213598539362 ], [ -110.6638189258138, 45.478029458641089 ], [ -110.664050241778185, 45.477841080618305 ], [ -110.664274609211901, 45.477648588563298 ], [ -110.66661798599992, 45.475585013466073 ], [ -110.667266029214858, 45.474981438459658 ], [ -110.668893371025788, 45.476023519605398 ], [ -110.668373404902653, 45.476353251467266 ], [ -110.667660187305245, 45.477091093795252 ], [ -110.666907960381337, 45.478076748517061 ], [ -110.666632393726019, 45.478169644156701 ], [ -110.665823401721056, 45.478431806767453 ], [ -110.66485786239349, 45.47914464659322 ], [ -110.66450957794909, 45.479668547275509 ], [ -110.663165839537172, 45.478632064412317 ], [ -110.663084832102157, 45.478568681625781 ] ] ] } },
{ "type": "Feature", "properties": { "PARCELID": "49043108401010000", "CountyName": "Park", "PropertyID": 670492, "Township": "06 S", "Range": "07 E", "Section": "08", "LegalDescr": "S08, T06 S, R07 E, C.O.S. 1696, N2, E2SW4, SE4", "TotalAcres": 567.978, "OwnerName": "MOUNTAIN SKY GUEST RANCH LLC", "OwnerAddre": "MAIL TO:  YANCEY ARTEBURN", "OwnerAdd_1": "PO BOX 1219", "OwnerAdd_2": null, "OwnerCity": "EMIGRANT", "OwnerState": "MT", "OwnerZipCo": "59027-1219", "DbaName": null, "CareOfTaxp": null, "normalized_owner_name": "MOUNTAIN SKY GUEST RANCH LLC", "ranch_component": "Mountain Sky Guest Ranch", "matched_grouped_entity": "ARTHUR BLANK / AMB WEST", "match_reason": "Official AMB West page says Arthur Blank purchased Mountain Sky in 2001; current Montana Water Court records also jointly identify Arthur M. Blank and Mountain Sky Guest Ranch LLC." }, "geometry": { "type": "Polygon", "coordinates": [ [ [ -110.891849646427218, 45.336810979045069 ], [ -110.886715634371214, 45.336795660787246 ], [ -110.88160856699227, 45.336777847403567 ], [ -110.876501170850062, 45.336760607958468 ], [ -110.876495238931255, 45.333039403763514 ], [ -110.876488997676574, 45.329319277232393 ], [ -110.876433974929654, 45.325581789898507 ], [ -110.876378923194935, 45.321845303069409 ], [ -110.881483141622468, 45.321917398957716 ], [ -110.886587379019915, 45.321989994589657 ], [ -110.891707289539951, 45.322094454269859 ], [ -110.891742927539639, 45.325772960889537 ], [ -110.891672597762977, 45.329466387070163 ], [ -110.896897514528646, 45.329524365218077 ], [ -110.896940601744646, 45.333175314624519 ], [ -110.896983692718834, 45.336826292692059 ], [ -110.891849646427218, 45.336810979045069 ] ] ] } },
{ "type": "Feature", "properties": { "PARCELID": "49043117101010000", "CountyName": "Park", "PropertyID": 668986, "Township": "06 S", "Range": "07 E", "Section": "17", "LegalDescr": "S17, T06 S, R07 E, POR N OF BIG CR (REFERENCE COS 1696)", "TotalAcres": 560.286, "OwnerName": "MOUNTAIN SKY GUEST RANCH LLC", "OwnerAddre": "MAIL TO:  YANCEY ARTEBURN", "OwnerAdd_1": "PO BOX 1219", "OwnerAdd_2": null, "OwnerCity": "EMIGRANT", "OwnerState": "MT", "OwnerZipCo": "59027-1219", "DbaName": null, "CareOfTaxp": null, "normalized_owner_name": "MOUNTAIN SKY GUEST RANCH LLC", "ranch_component": "Mountain Sky Guest Ranch", "matched_grouped_entity": "ARTHUR BLANK / AMB WEST", "match_reason": "Official AMB West page says Arthur Blank purchased Mountain Sky in 2001; current Montana Water Court records also jointly identify Arthur M. Blank and Mountain Sky Guest Ranch LLC." }, "geometry": { "type": "Polygon", "coordinates": [ [ [ -110.891707289539951, 45.322094454269859 ], [ -110.886587379019915, 45.321989994589657 ], [ -110.881483141622468, 45.321917398957716 ], [ -110.876378923194935, 45.321845303069409 ], [ -110.876534410910367, 45.318282022041743 ], [ -110.876689875154753, 45.3147192733853 ], [ -110.876845342174974, 45.311156523039948 ], [ -110.877000768615417, 45.307593771556895 ], [ -110.882147227116093, 45.307719472733282 ], [ -110.883276581460038, 45.30774707658756 ], [ -110.883279084604681, 45.307860637035638 ], [ -110.883126827391763, 45.308017185966015 ], [ -110.882680828490095, 45.30822674844071 ], [ -110.882415907762507, 45.308409974954678 ], [ -110.882387504516799, 45.308537798676461 ], [ -110.882630957076614, 45.308656347829903 ], [ -110.883149084383703, 45.308851378278248 ], [ -110.883847954491017, 45.309221867186096 ], [ -110.884460651635465, 45.309540215917153 ], [ -110.884777357534006, 45.309621966014987 ], [ -110.885021242440672, 45.309606560352286 ], [ -110.885253146061018, 45.309420646923179 ], [ -110.885594120549683, 45.309268628420334 ], [ -110.885859351900251, 45.309266553700816 ], [ -110.88621879445212, 45.309506820834613 ], [ -110.886659393660523, 45.309693423736398 ], [ -110.886939027608065, 45.309954134611104 ], [ -110.887092322229051, 45.310016033694602 ], [ -110.887683648859266, 45.310177051587409 ], [ -110.887945865828243, 45.310165095244898 ], [ -110.888130224009515, 45.310139939396151 ], [ -110.888482982038909, 45.310279144691826 ], [ -110.888833704363549, 45.310427979120455 ], [ -110.889181483238886, 45.31047314479089 ], [ -110.889391853824279, 45.310453456893143 ], [ -110.889766277844359, 45.310253312394934 ], [ -110.889924501158561, 45.310304895797614 ], [ -110.890169317012365, 45.31033555038703 ], [ -110.890445332418452, 45.310516087398071 ], [ -110.890850372111075, 45.310681999977433 ], [ -110.891150569589243, 45.310702414884759 ], [ -110.891405410480345, 45.31053807009976 ], [ -110.892175011520038, 45.310301258308797 ], [ -110.892633231810706, 45.310216633167386 ], [ -110.89282850547184, 45.310255474982498 ], [ -110.893201593743441, 45.310390458068952 ], [ -110.893415398152129, 45.310386307922897 ], [ -110.893878803414822, 45.310297917697426 ], [ -110.894153813562482, 45.310147491280581 ], [ -110.894241082790259, 45.31003889840877 ], [ -110.894259074052002, 45.309911144445245 ], [ -110.894269318772317, 45.309811610821143 ], [ -110.894312969409015, 45.309775404873534 ], [ -110.894559458237325, 45.30979338532336 ], [ -110.895158048789497, 45.310064376582936 ], [ -110.895249021412482, 45.310262352586797 ], [ -110.895315505831348, 45.310507121983605 ], [ -110.895458361417312, 45.31074444433721 ], [ -110.895558372919396, 45.310841353384603 ], [ -110.896256753747664, 45.310961982163477 ], [ -110.896549464758905, 45.310956506636195 ], [ -110.89668556101357, 45.310983519368619 ], [ -110.897187493160516, 45.311185909581447 ], [ -110.897415295689143, 45.311200534882623 ], [ -110.897394979446346, 45.311631012745295 ], [ -110.897196484781205, 45.315161724359911 ], [ -110.896977118363381, 45.318539803018233 ], [ -110.896902337235247, 45.32023505817066 ], [ -110.896814495460873, 45.322226148329953 ], [ -110.891707289539951, 45.322094454269859 ] ] ] } },
{ "type": "Feature", "properties": { "PARCELID": "49060719350010000", "CountyName": "Park", "PropertyID": 661757, "Township": "04 S", "Range": "09 E", "Section": "19", "LegalDescr": "S19, T04 S, R09 E, C.O.S. 1212, PARCEL B", "TotalAcres": 20.279, "OwnerName": "PARADISE VALLEY RANCH LLC", "OwnerAddre": "PO BOX 318", "OwnerAdd_1": null, "OwnerAdd_2": null, "OwnerCity": "EMIGRANT", "OwnerState": "MT", "OwnerZipCo": "59027-0318", "DbaName": null, "CareOfTaxp": null, "normalized_owner_name": "PARADISE VALLEY RANCH LLC", "ranch_component": "Paradise Valley Ranch", "matched_grouped_entity": "ARTHUR BLANK / AMB WEST", "match_reason": "Official AMB West page says Arthur Blank purchased PVR in 2019; cadastral owner uses AMB West's shared PO Box 318 Emigrant address." }, "geometry": { "type": "Polygon", "coordinates": [ [ [ -110.666599977600811, 45.471334242233837 ], [ -110.671276185373515, 45.471246101715629 ], [ -110.667266029214858, 45.474981438459658 ], [ -110.66661798599992, 45.475585013466073 ], [ -110.666615459166124, 45.475131567668058 ], [ -110.666599977600811, 45.471334242233837 ] ] ] } },
{ "type": "Feature", "properties": { "PARCELID": "49043108301010000", "CountyName": "Park", "PropertyID": 669480, "Township": "06 S", "Range": "07 E", "Section": "08", "LegalDescr": "S08, T06 S, R07 E, C.O.S. 2218, PARCEL SW4SW4", "TotalAcres": 40.21, "OwnerName": "MOUNTAIN SKY GUEST RANCH", "OwnerAddre": "MAIL TO YANCEY ARTEBURN", "OwnerAdd_1": "PO BOX 1219", "OwnerAdd_2": null, "OwnerCity": "EMIGRANT", "OwnerState": "MT", "OwnerZipCo": "59027-1219", "DbaName": null, "CareOfTaxp": null, "normalized_owner_name": "MOUNTAIN SKY GUEST RANCH", "ranch_component": "Mountain Sky Guest Ranch", "matched_grouped_entity": "ARTHUR BLANK / AMB WEST", "match_reason": "Punctuation/suffix variant of Mountain Sky Guest Ranch at the identical PO Box 1219 Emigrant ranch-management address." }, "geometry": { "type": "Polygon", "coordinates": [ [ [ -110.896854323417671, 45.325874334226484 ], [ -110.891742927539639, 45.325772960889537 ], [ -110.891707289539951, 45.322094454269859 ], [ -110.896814495460873, 45.322226148329953 ], [ -110.896854323417671, 45.325874334226484 ] ] ] } },
{ "type": "Feature", "properties": { "PARCELID": "49043131301010000", "CountyName": "Park", "PropertyID": 669465, "Township": "06 S", "Range": "07 E", "Section": "31", "LegalDescr": "S31, T06 S, R07 E, ALL", "TotalAcres": 614.51, "OwnerName": "WEST CREEK RANCH LLC", "OwnerAddre": "PO BOX 318", "OwnerAdd_1": null, "OwnerAdd_2": null, "OwnerCity": "EMIGRANT", "OwnerState": "MT", "OwnerZipCo": "59027-0318", "DbaName": null, "CareOfTaxp": "BRIANNE DOWNEY", "normalized_owner_name": "WEST CREEK RANCH LLC", "ranch_component": "West Creek Ranch", "matched_grouped_entity": "ARTHUR BLANK / AMB WEST", "match_reason": "Official AMB West page says Arthur Blank purchased West Creek in 2017; cadastral owner uses AMB West's shared PO Box 318 Emigrant address." }, "geometry": { "type": "Polygon", "coordinates": [ [ [ -110.899413227637439, 45.268873566909754 ], [ -110.900231211169555, 45.265402358792812 ], [ -110.90446894657822, 45.265413069435787 ], [ -110.908706580955382, 45.265424241421492 ], [ -110.91294310559887, 45.265438144992537 ], [ -110.916518227453381, 45.265426059953015 ], [ -110.916537934114075, 45.266545995614415 ], [ -110.916537446520266, 45.268987149948231 ], [ -110.916541433287179, 45.270152138430028 ], [ -110.916548842591922, 45.272507047060714 ], [ -110.916552660318246, 45.273741655378572 ], [ -110.91655996177056, 45.276027230115403 ], [ -110.916564164038348, 45.277331171442455 ], [ -110.91657823761237, 45.279575751359936 ], [ -110.912315958624973, 45.279548622192159 ], [ -110.907202954880177, 45.279505032942083 ], [ -110.902083071988912, 45.279381410003211 ], [ -110.896959918299032, 45.279288507050438 ], [ -110.897777913352257, 45.275816921283521 ], [ -110.89859552012625, 45.272345231016168 ], [ -110.899413227637439, 45.268873566909754 ] ] ] } },
{ "type": "Feature", "properties": { "PARCELID": "49043036101010000", "CountyName": "Park", "PropertyID": 670541, "Township": "06 S", "Range": "06 E", "Section": "36", "LegalDescr": "S36, T06 S, R06 E, ALL", "TotalAcres": 638.24, "OwnerName": "WEST CREEK RANCH LLC", "OwnerAddre": "PO BOX 318", "OwnerAdd_1": null, "OwnerAdd_2": null, "OwnerCity": "EMIGRANT", "OwnerState": "MT", "OwnerZipCo": "59027-0318", "DbaName": null, "CareOfTaxp": "BRIANNE DOWNEY", "normalized_owner_name": "WEST CREEK RANCH LLC", "ranch_component": "West Creek Ranch", "matched_grouped_entity": "ARTHUR BLANK / AMB WEST", "match_reason": "Official AMB West page says Arthur Blank purchased West Creek in 2017; cadastral owner uses AMB West's shared PO Box 318 Emigrant address." }, "geometry": { "type": "Polygon", "coordinates": [ [ [ -110.916518227453381, 45.265426059953015 ], [ -110.916540085673461, 45.262929220992106 ], [ -110.921544211487571, 45.262940292975003 ], [ -110.92166618450787, 45.262939949911022 ], [ -110.926556856429443, 45.262924881593449 ], [ -110.926800498441864, 45.262924409634053 ], [ -110.931648674102419, 45.262909622991607 ], [ -110.931935084550247, 45.262908574122662 ], [ -110.936802481590959, 45.262923755417347 ], [ -110.937126273840647, 45.262928971984735 ], [ -110.937099706383179, 45.266429607203925 ], [ -110.937080944029134, 45.270084651905037 ], [ -110.93708110779275, 45.273701616663821 ], [ -110.937081244510907, 45.277318672680401 ], [ -110.931896226784289, 45.277268860811034 ], [ -110.926771066227971, 45.277269345775231 ], [ -110.921645935391211, 45.27726986000895 ], [ -110.916564164038348, 45.277331171442455 ], [ -110.91655996177056, 45.276027230115403 ], [ -110.916552660318246, 45.273741655378572 ], [ -110.916548842591922, 45.272507047060714 ], [ -110.916541433287179, 45.270152138430028 ], [ -110.916537446520266, 45.268987149948231 ], [ -110.916537934114075, 45.266545995614415 ], [ -110.916518227453381, 45.265426059953015 ] ] ] } },
{ "type": "Feature", "properties": { "PARCELID": "49043130201010000", "CountyName": "Park", "PropertyID": 670542, "Township": "06 S", "Range": "07 E", "Section": "30", "LegalDescr": "S30, T06 S, R07 E, C.O.S. COS 2131, LOTS 1-4,E2E2,NW4NE4,E2W2,SW4SE4 OESS PARCEL MS-1 OF COS 2131", "TotalAcres": 529.23, "OwnerName": "WEST CREEK RANCH LLC", "OwnerAddre": "PO BOX 318", "OwnerAdd_1": null, "OwnerAdd_2": null, "OwnerCity": "EMIGRANT", "OwnerState": "MT", "OwnerZipCo": "59027-0318", "DbaName": null, "CareOfTaxp": "BRIANNE DOWNEY", "normalized_owner_name": "WEST CREEK RANCH LLC", "ranch_component": "West Creek Ranch", "matched_grouped_entity": "ARTHUR BLANK / AMB WEST", "match_reason": "Official AMB West page says Arthur Blank purchased West Creek in 2017; cadastral owner uses AMB West's shared PO Box 318 Emigrant address." }, "geometry": { "type": "Polygon", "coordinates": [ [ [ -110.905928699331255, 45.293716718636759 ], [ -110.90364463082588, 45.293266810431817 ], [ -110.901935135862075, 45.293296934602154 ], [ -110.90146863769813, 45.293317140716162 ], [ -110.900951571321897, 45.293225018248854 ], [ -110.899588295489437, 45.29331690807345 ], [ -110.898768054821772, 45.293628566305017 ], [ -110.896947870221595, 45.293606314717444 ], [ -110.896951143536057, 45.290026891915431 ], [ -110.896953877045235, 45.286447472149241 ], [ -110.896957028416281, 45.282868108179855 ], [ -110.896959918299032, 45.279288507050438 ], [ -110.902083071988912, 45.279381410003211 ], [ -110.907202954880177, 45.279505032942083 ], [ -110.912315958624973, 45.279548622192159 ], [ -110.91657823761237, 45.279575751359936 ], [ -110.916586661655941, 45.280970152081103 ], [ -110.916599935035336, 45.283144369780494 ], [ -110.916608538141062, 45.284609163211904 ], [ -110.916621565146841, 45.286713042941003 ], [ -110.916630725565014, 45.288248507046191 ], [ -110.916643139610443, 45.290281629366774 ], [ -110.916652766600635, 45.291887850980459 ], [ -110.916664682597798, 45.293850425761931 ], [ -110.912340906512853, 45.293799279432434 ], [ -110.907207081165723, 45.29373298823338 ], [ -110.905928699331255, 45.293716718636759 ] ], [ [ -110.907194824849455, 45.283032533881553 ], [ -110.902077243088797, 45.282938825372895 ], [ -110.902071029941894, 45.286496105894784 ], [ -110.902068003740382, 45.290077620100931 ], [ -110.907200157423233, 45.290149161220498 ], [ -110.907192725336131, 45.286565219010747 ], [ -110.907194824849455, 45.283032533881553 ] ] ] } },
{ "type": "Feature", "properties": { "PARCELID": "49043129301010000", "CountyName": "Park", "PropertyID": 669287, "Township": "06 S", "Range": "07 E", "Section": "29", "LegalDescr": "S29, T06 S, R07 E, W2", "TotalAcres": 320.0, "OwnerName": "WEST CREEK RANCH LLC", "OwnerAddre": "PO BOX 318", "OwnerAdd_1": null, "OwnerAdd_2": null, "OwnerCity": "EMIGRANT", "OwnerState": "MT", "OwnerZipCo": "59027-0318", "DbaName": null, "CareOfTaxp": "BRIANNE DOWNEY", "normalized_owner_name": "WEST CREEK RANCH LLC", "ranch_component": "West Creek Ranch", "matched_grouped_entity": "ARTHUR BLANK / AMB WEST", "match_reason": "Official AMB West page says Arthur Blank purchased West Creek in 2017; cadastral owner uses AMB West's shared PO Box 318 Emigrant address." }, "geometry": { "type": "Polygon", "coordinates": [ [ [ -110.886650604393282, 45.282560911730648 ], [ -110.886638252313219, 45.27896093094261 ], [ -110.891799137964142, 45.279124853926191 ], [ -110.896959918299032, 45.279288507050438 ], [ -110.896957028416281, 45.282868108179855 ], [ -110.896953877045235, 45.286447472149241 ], [ -110.896951143536057, 45.290026891915431 ], [ -110.896947870221595, 45.293606314717444 ], [ -110.886227943994854, 45.293596387793706 ], [ -110.886633662537832, 45.293389299399131 ], [ -110.886647914403028, 45.289775058611973 ], [ -110.88666228542867, 45.286160818041104 ], [ -110.886650604393282, 45.282560911730648 ] ] ] } },
{ "type": "Feature", "properties": { "PARCELID": "49034209160010000", "CountyName": "Park", "PropertyID": 664648, "Township": "07 S", "Range": "07 E", "Section": "09", "LegalDescr": "S09, T07 S, R07 E, C.O.S. 1122, IN GOVT LT 5 (CONTIGUOUS)", "TotalAcres": 11.69, "OwnerName": "RANCH AT DOME MOUNTAIN LLC", "OwnerAddre": "3223 HOWELL MILL RD NW", "OwnerAdd_1": null, "OwnerAdd_2": null, "OwnerCity": "ATLANTA", "OwnerState": "GA", "OwnerZipCo": "30327-4105", "DbaName": null, "CareOfTaxp": null, "normalized_owner_name": "RANCH AT DOME MOUNTAIN LLC", "ranch_component": "Auster / Ranch at Dome Mountain", "matched_grouped_entity": "ARTHUR BLANK / AMB WEST", "match_reason": "Official AMB West pages identify Auster/Ranch at Dome Mountain as Blank's fourth property; cadastral owner uses the Blank organization Atlanta address." }, "geometry": { "type": "Polygon", "coordinates": [ [ [ -110.869387683563573, 45.247577728242547 ], [ -110.86929381206312, 45.247572234421675 ], [ -110.86963295832831, 45.245242753415297 ], [ -110.869710214499449, 45.245248361269873 ], [ -110.869845838538467, 45.244608218346428 ], [ -110.871395706467425, 45.24491789898272 ], [ -110.871026705362098, 45.245797800931285 ], [ -110.872011137655633, 45.246834149992992 ], [ -110.872220032215836, 45.247060949620057 ], [ -110.872716937487482, 45.247585216433549 ], [ -110.869387683563573, 45.247577728242547 ] ] ] } },
{ "type": "Feature", "properties": { "PARCELID": "49043109301010000", "CountyName": "Park", "PropertyID": 670493, "Township": "06 S", "Range": "07 E", "Section": "09", "LegalDescr": "S09, T06 S, R07 E, C.O.S. 1696, ALL", "TotalAcres": 647.723, "OwnerName": "MOUNTAIN SKY GUEST RANCH LLC", "OwnerAddre": "MAIL TO:  YANCEY ARTEBURN", "OwnerAdd_1": "PO BOX 1219", "OwnerAdd_2": null, "OwnerCity": "EMIGRANT", "OwnerState": "MT", "OwnerZipCo": "59027-1219", "DbaName": null, "CareOfTaxp": null, "normalized_owner_name": "MOUNTAIN SKY GUEST RANCH LLC", "ranch_component": "Mountain Sky Guest Ranch", "matched_grouped_entity": "ARTHUR BLANK / AMB WEST", "match_reason": "Official AMB West page says Arthur Blank purchased Mountain Sky in 2001; current Montana Water Court records also jointly identify Arthur M. Blank and Mountain Sky Guest Ranch LLC." }, "geometry": { "type": "Polygon", "coordinates": [ [ [ -110.856084176927084, 45.321847140644465 ], [ -110.861157860803942, 45.321846540101312 ], [ -110.866231542881664, 45.321845949844388 ], [ -110.871305246142981, 45.321845369590385 ], [ -110.876378923194935, 45.321845303069409 ], [ -110.876433974929654, 45.325581789898507 ], [ -110.876488997676574, 45.329319277232393 ], [ -110.876495238931255, 45.333039403763514 ], [ -110.876501170850062, 45.336760607958468 ], [ -110.871495319704934, 45.336755991976112 ], [ -110.871424645647622, 45.336755935045851 ], [ -110.866348091838546, 45.33675190172292 ], [ -110.861309109818706, 45.33674870410541 ], [ -110.856270126928905, 45.336745477689767 ], [ -110.85625149758522, 45.335245891333138 ], [ -110.856224222932966, 45.333050103882165 ], [ -110.856223868487163, 45.333021425359611 ], [ -110.856223866509012, 45.333020617111863 ], [ -110.856200717139103, 45.331168721956523 ], [ -110.856177318629392, 45.329296272276181 ], [ -110.856130749840545, 45.32557170817725 ], [ -110.856084176927084, 45.321847140644465 ] ] ] } },
{ "type": "Feature", "properties": { "PARCELID": "49060623225020000", "CountyName": "Park", "PropertyID": 661768, "Township": "04 S", "Range": "08 E", "Section": "23", "LegalDescr": "S23, T04 S, R08 E, NE4 LESS COS 167", "TotalAcres": 8.453, "OwnerName": "PARADISE VALLEY RANCH LLC", "OwnerAddre": "PO BOX 318", "OwnerAdd_1": null, "OwnerAdd_2": null, "OwnerCity": "EMIGRANT", "OwnerState": "MT", "OwnerZipCo": "59027-0318", "DbaName": null, "CareOfTaxp": null, "normalized_owner_name": "PARADISE VALLEY RANCH LLC", "ranch_component": "Paradise Valley Ranch", "matched_grouped_entity": "ARTHUR BLANK / AMB WEST", "match_reason": "Official AMB West page says Arthur Blank purchased PVR in 2019; cadastral owner uses AMB West's shared PO Box 318 Emigrant address." }, "geometry": { "type": "Polygon", "coordinates": [ [ [ -110.692459328585954, 45.474986878159804 ], [ -110.692673310440696, 45.474948079130982 ], [ -110.692664657483405, 45.475829276698171 ], [ -110.692671015784569, 45.477000052313826 ], [ -110.692669315043702, 45.477472001653446 ], [ -110.692666356062517, 45.478329067757244 ], [ -110.692628741412449, 45.479693696846162 ], [ -110.692618214834553, 45.480830236075384 ], [ -110.69260883100479, 45.481917504181965 ], [ -110.703022154911437, 45.481917308648548 ], [ -110.702924601872851, 45.481954198069516 ], [ -110.697695484338709, 45.482005019594808 ], [ -110.692488805489916, 45.481979644913046 ], [ -110.692473908562803, 45.478360319184205 ], [ -110.692459328585954, 45.474986878159804 ] ] ] } },
{ "type": "Feature", "properties": { "PARCELID": "49070331301010000", "CountyName": "Park", "PropertyID": 661261, "Township": "03 S", "Range": "09 E", "Section": "31", "LegalDescr": "S31, T03 S, R09 E, C.O.S. 1252, PARCEL 1", "TotalAcres": 20.726, "OwnerName": "PARADISE VALLEY RANCH LLC", "OwnerAddre": "PO BOX 318", "OwnerAdd_1": null, "OwnerAdd_2": null, "OwnerCity": "EMIGRANT", "OwnerState": "MT", "OwnerZipCo": "59027-0318", "DbaName": null, "CareOfTaxp": null, "normalized_owner_name": "PARADISE VALLEY RANCH LLC", "ranch_component": "Paradise Valley Ranch", "matched_grouped_entity": "ARTHUR BLANK / AMB WEST", "match_reason": "Official AMB West page says Arthur Blank purchased PVR in 2019; cadastral owner uses AMB West's shared PO Box 318 Emigrant address." }, "geometry": { "type": "Polygon", "coordinates": [ [ [ -110.667189436776454, 45.527114463646988 ], [ -110.667184731831199, 45.525553226416612 ], [ -110.672040183574481, 45.525574214066523 ], [ -110.672046839648459, 45.527961946155926 ], [ -110.671859251820052, 45.527955326453622 ], [ -110.671672318706541, 45.527942482986113 ], [ -110.671486458059888, 45.527923444455674 ], [ -110.671311113295516, 45.527901394789197 ], [ -110.671136482993603, 45.52787670255465 ], [ -110.669951885792472, 45.527700294511746 ], [ -110.669631153993421, 45.527650012493893 ], [ -110.669312239689063, 45.527594312082286 ], [ -110.668995328158687, 45.527533225638358 ], [ -110.668680603516179, 45.527466788652731 ], [ -110.668368248603002, 45.527395039724396 ], [ -110.667189436776454, 45.527114463646988 ] ] ] } },
{ "type": "Feature", "properties": { "PARCELID": "49034204401050000", "CountyName": "Park", "PropertyID": 664636, "Township": "07 S", "Range": "07 E", "Section": "04", "LegalDescr": "S04, T07 S, R07 E, C.O.S. 2747 RB, PARCEL 3, ACRES 71.34", "TotalAcres": 71.34, "OwnerName": "RANCH AT DOME MOUNTAIN LLC", "OwnerAddre": "3223 HOWELL MILL RD NW", "OwnerAdd_1": null, "OwnerAdd_2": null, "OwnerCity": "ATLANTA", "OwnerState": "GA", "OwnerZipCo": "30327-4105", "DbaName": null, "CareOfTaxp": null, "normalized_owner_name": "RANCH AT DOME MOUNTAIN LLC", "ranch_component": "Auster / Ranch at Dome Mountain", "matched_grouped_entity": "ARTHUR BLANK / AMB WEST", "match_reason": "Official AMB West pages identify Auster/Ranch at Dome Mountain as Blank's fourth property; cadastral owner uses the Blank organization Atlanta address." }, "geometry": { "type": "Polygon", "coordinates": [ [ [ -110.859195069035238, 45.257280645557231 ], [ -110.863353920487086, 45.252182644922442 ], [ -110.867114516889373, 45.247571895331205 ], [ -110.868366195083098, 45.247575417334438 ], [ -110.868682833121085, 45.247576135191068 ], [ -110.868284072163959, 45.250408263554661 ], [ -110.868361215317918, 45.250413395910975 ], [ -110.867897814587934, 45.253704293247168 ], [ -110.866494286170848, 45.253899131893093 ], [ -110.865335780253702, 45.253838995301905 ], [ -110.863965315079099, 45.254056591855345 ], [ -110.863810564443156, 45.254529743007716 ], [ -110.863876622530313, 45.255489946594693 ], [ -110.862830190476188, 45.25661224842338 ], [ -110.861655911450441, 45.257277046359889 ], [ -110.859195069035238, 45.257280645557231 ] ] ] } },
{ "type": "Feature", "properties": { "PARCELID": "49060621101010000", "CountyName": "Park", "PropertyID": 661761, "Township": "04 S", "Range": "08 E", "Section": "21", "LegalDescr": "S21, T04 S, R08 E, LOTS 1,2,3,4,5, SE4NW4, S2NE4", "TotalAcres": 318.72, "OwnerName": "PARADISE VALLEY RANCH LLC", "OwnerAddre": "PO BOX 318", "OwnerAdd_1": null, "OwnerAdd_2": null, "OwnerCity": "EMIGRANT", "OwnerState": "MT", "OwnerZipCo": "59027-0318", "DbaName": null, "CareOfTaxp": null, "normalized_owner_name": "PARADISE VALLEY RANCH LLC", "ranch_component": "Paradise Valley Ranch", "matched_grouped_entity": "ARTHUR BLANK / AMB WEST", "match_reason": "Official AMB West page says Arthur Blank purchased PVR in 2019; cadastral owner uses AMB West's shared PO Box 318 Emigrant address." }, "geometry": { "type": "Polygon", "coordinates": [ [ [ -110.733949128289836, 45.482013391274094 ], [ -110.733944592554153, 45.481699243564286 ], [ -110.733864555437151, 45.478158272716875 ], [ -110.73386367442869, 45.478119388404089 ], [ -110.733782822383105, 45.474540018655887 ], [ -110.738968724508638, 45.474539811770725 ], [ -110.744161606039341, 45.474535590412579 ], [ -110.749316112130828, 45.474545458633386 ], [ -110.754113838231902, 45.474555349401868 ], [ -110.754113036438184, 45.474775488562869 ], [ -110.754095760040926, 45.478163732256917 ], [ -110.754094571793601, 45.47838381838902 ], [ -110.754075313389308, 45.481992182420562 ], [ -110.74946953899169, 45.481996919131689 ], [ -110.748899957932281, 45.481997587920858 ], [ -110.744293844721454, 45.482002161134886 ], [ -110.743724493621386, 45.482002679364264 ], [ -110.739118383241191, 45.482007429081001 ], [ -110.73854905442866, 45.482008006106362 ], [ -110.733949128289836, 45.482013391274094 ] ] ] } },
{ "type": "Feature", "properties": { "PARCELID": "49060719260010000", "CountyName": "Park", "PropertyID": 661751, "Township": "04 S", "Range": "09 E", "Section": "19", "LegalDescr": "S19, T04 S, R09 E, C.O.S. 1212, PARCEL 3", "TotalAcres": 20.38, "OwnerName": "PARADISE VALLEY RANCH LLC", "OwnerAddre": "PO BOX 318", "OwnerAdd_1": null, "OwnerAdd_2": null, "OwnerCity": "EMIGRANT", "OwnerState": "MT", "OwnerZipCo": "59027-0318", "DbaName": null, "CareOfTaxp": null, "normalized_owner_name": "PARADISE VALLEY RANCH LLC", "ranch_component": "Paradise Valley Ranch", "matched_grouped_entity": "ARTHUR BLANK / AMB WEST", "match_reason": "Official AMB West page says Arthur Blank purchased PVR in 2019; cadastral owner uses AMB West's shared PO Box 318 Emigrant address." }, "geometry": { "type": "Polygon", "coordinates": [ [ [ -110.65876897283438, 45.481519871568665 ], [ -110.659212842238617, 45.48120616159062 ], [ -110.659662395970713, 45.48089648491915 ], [ -110.663084832102157, 45.478568681625781 ], [ -110.663165839537172, 45.478632064412317 ], [ -110.66450957794909, 45.479668547275509 ], [ -110.663902231316513, 45.479961143322669 ], [ -110.662368757784591, 45.481223438587627 ], [ -110.66149133285225, 45.482490473358396 ], [ -110.661189794448489, 45.482839580745484 ], [ -110.658851998638553, 45.481578387778683 ], [ -110.65876897283438, 45.481519871568665 ] ] ] } },
{ "type": "Feature", "properties": { "PARCELID": "49060622275010000", "CountyName": "Park", "PropertyID": 661764, "Township": "04 S", "Range": "08 E", "Section": "22", "LegalDescr": "S22, T04 S, R08 E, NE4NW4", "TotalAcres": 40.0, "OwnerName": "PARADISE VALLEY RANCH LLC", "OwnerAddre": "PO BOX 318", "OwnerAdd_1": null, "OwnerAdd_2": null, "OwnerCity": "EMIGRANT", "OwnerState": "MT", "OwnerZipCo": "59027-0318", "DbaName": null, "CareOfTaxp": null, "normalized_owner_name": "PARADISE VALLEY RANCH LLC", "ranch_component": "Paradise Valley Ranch", "matched_grouped_entity": "ARTHUR BLANK / AMB WEST", "match_reason": "Official AMB West page says Arthur Blank purchased PVR in 2019; cadastral owner uses AMB West's shared PO Box 318 Emigrant address." }, "geometry": { "type": "Polygon", "coordinates": [ [ [ -110.723580612625554, 45.478200192702175 ], [ -110.728706574669587, 45.478173742797679 ], [ -110.728804202431732, 45.481737194791002 ], [ -110.723663809346618, 45.481775611632386 ], [ -110.723580612625554, 45.478200192702175 ] ] ] } },
{ "type": "Feature", "properties": { "PARCELID": "49060719270010000", "CountyName": "Park", "PropertyID": 661754, "Township": "04 S", "Range": "09 E", "Section": "19", "LegalDescr": "S19, T04 S, R09 E, C.O.S. 1212, PARCEL 6, & GOVT LOT 1", "TotalAcres": 68.19, "OwnerName": "PARADISE VALLEY RANCH LLC", "OwnerAddre": "PO BOX 318", "OwnerAdd_1": null, "OwnerAdd_2": null, "OwnerCity": "EMIGRANT", "OwnerState": "MT", "OwnerZipCo": "59027-0318", "DbaName": null, "CareOfTaxp": null, "normalized_owner_name": "PARADISE VALLEY RANCH LLC", "ranch_component": "Paradise Valley Ranch", "matched_grouped_entity": "ARTHUR BLANK / AMB WEST", "match_reason": "Official AMB West page says Arthur Blank purchased PVR in 2019; cadastral owner uses AMB West's shared PO Box 318 Emigrant address." }, "geometry": { "type": "Polygon", "coordinates": [ [ [ -110.66149133285225, 45.482490473358396 ], [ -110.662368757784591, 45.481223438587627 ], [ -110.663902231316513, 45.479961143322669 ], [ -110.66450957794909, 45.479668547275509 ], [ -110.66485786239349, 45.47914464659322 ], [ -110.665823401721056, 45.478431806767453 ], [ -110.666632393726019, 45.478169644156701 ], [ -110.666636572261098, 45.478919220804009 ], [ -110.671754911425239, 45.478971399665504 ], [ -110.671774844363668, 45.482759380824966 ], [ -110.666653761555921, 45.482625434363975 ], [ -110.66149133285225, 45.482490473358396 ] ] ] } },
{ "type": "Feature", "properties": { "PARCELID": "49060707101010000", "CountyName": "Park", "PropertyID": 661726, "Township": "04 S", "Range": "09 E", "Section": "07", "LegalDescr": "S07, T04 S, R09 E, ALL", "TotalAcres": 637.0, "OwnerName": "PARADISE VALLEY RANCH LLC", "OwnerAddre": "PO BOX 318", "OwnerAdd_1": null, "OwnerAdd_2": null, "OwnerCity": "EMIGRANT", "OwnerState": "MT", "OwnerZipCo": "59027-0318", "DbaName": null, "CareOfTaxp": null, "normalized_owner_name": "PARADISE VALLEY RANCH LLC", "ranch_component": "Paradise Valley Ranch", "matched_grouped_entity": "ARTHUR BLANK / AMB WEST", "match_reason": "Official AMB West page says Arthur Blank purchased PVR in 2019; cadastral owner uses AMB West's shared PO Box 318 Emigrant address." }, "geometry": { "type": "Polygon", "coordinates": [ [ [ -110.651193614207358, 45.500513529553047 ], [ -110.651190776852744, 45.496803455381269 ], [ -110.656375227015829, 45.496758614213952 ], [ -110.661559661315124, 45.496714455279701 ], [ -110.666725277540863, 45.496677020747633 ], [ -110.671795255317733, 45.496641081086082 ], [ -110.671811643428967, 45.500261557389109 ], [ -110.671826960573313, 45.50388003060587 ], [ -110.67184176263271, 45.507498330156253 ], [ -110.671856944711976, 45.511116713036309 ], [ -110.666788066938082, 45.511227466583584 ], [ -110.661620112021268, 45.51134108281245 ], [ -110.656411566431743, 45.511492203660936 ], [ -110.651203108090641, 45.511643354324754 ], [ -110.651200032506495, 45.507933381918868 ], [ -110.651196936766596, 45.50422340900824 ], [ -110.651193614207358, 45.500513529553047 ] ] ] } },
{ "type": "Feature", "properties": { "PARCELID": "49060708201010000", "CountyName": "Park", "PropertyID": 661727, "Township": "04 S", "Range": "09 E", "Section": "08", "LegalDescr": "S08, T04 S, R09 E, NW4", "TotalAcres": 160.0, "OwnerName": "PARADISE VALLEY RANCH LLC", "OwnerAddre": "PO BOX 318", "OwnerAdd_1": null, "OwnerAdd_2": null, "OwnerCity": "EMIGRANT", "OwnerState": "MT", "OwnerZipCo": "59027-0318", "DbaName": null, "CareOfTaxp": null, "normalized_owner_name": "PARADISE VALLEY RANCH LLC", "ranch_component": "Paradise Valley Ranch", "matched_grouped_entity": "ARTHUR BLANK / AMB WEST", "match_reason": "Official AMB West page says Arthur Blank purchased PVR in 2019; cadastral owner uses AMB West's shared PO Box 318 Emigrant address." }, "geometry": { "type": "Polygon", "coordinates": [ [ [ -110.64088150358215, 45.511515630937794 ], [ -110.640862535281869, 45.507863170210797 ], [ -110.640843637074028, 45.504210267812418 ], [ -110.6460203007953, 45.504216947749278 ], [ -110.651196936766596, 45.50422340900824 ], [ -110.651200032506495, 45.507933381918868 ], [ -110.651203108090641, 45.511643354324754 ], [ -110.646042298584319, 45.511579582028759 ], [ -110.64088150358215, 45.511515630937794 ] ] ] } },
{ "type": "Feature", "properties": { "PARCELID": "49060718201010000", "CountyName": "Park", "PropertyID": 661728, "Township": "04 S", "Range": "09 E", "Section": "18", "LegalDescr": "S18, T04 S, R09 E, W2NE4, SE4NE4, W2", "TotalAcres": 436.87, "OwnerName": "PARADISE VALLEY RANCH LLC", "OwnerAddre": "PO BOX 318", "OwnerAdd_1": null, "OwnerAdd_2": null, "OwnerCity": "EMIGRANT", "OwnerState": "MT", "OwnerZipCo": "59027-0318", "DbaName": null, "CareOfTaxp": null, "normalized_owner_name": "PARADISE VALLEY RANCH LLC", "ranch_component": "Paradise Valley Ranch", "matched_grouped_entity": "ARTHUR BLANK / AMB WEST", "match_reason": "Official AMB West page says Arthur Blank purchased PVR in 2019; cadastral owner uses AMB West's shared PO Box 318 Emigrant address." }, "geometry": { "type": "Polygon", "coordinates": [ [ [ -110.656375227015829, 45.496758614213952 ], [ -110.656359373610911, 45.493120110990532 ], [ -110.651181561840104, 45.493159782809627 ], [ -110.651172374799955, 45.489516230678774 ], [ -110.656344098360464, 45.489485522653474 ], [ -110.661517998372602, 45.48945380280945 ], [ -110.661512280335501, 45.486131603924427 ], [ -110.66149133285225, 45.482490473358396 ], [ -110.666653761555921, 45.482625434363975 ], [ -110.671774844363668, 45.482759380824966 ], [ -110.671772871482602, 45.486075279127974 ], [ -110.671770876882746, 45.48939083241585 ], [ -110.671783392256543, 45.493008523937753 ], [ -110.671795255317733, 45.496641081086082 ], [ -110.666725277540863, 45.496677020747633 ], [ -110.661559661315124, 45.496714455279701 ], [ -110.656375227015829, 45.496758614213952 ] ] ] } },
{ "type": "Feature", "properties": { "PARCELID": "49060718180010000", "CountyName": "Park", "PropertyID": 661494, "Township": "04 S", "Range": "09 E", "Section": "18", "LegalDescr": "S18, T04 S, R09 E, NE4NE4", "TotalAcres": 40.0, "OwnerName": "PARADISE VALLEY RANCH LLC", "OwnerAddre": "PO BOX 318", "OwnerAdd_1": null, "OwnerAdd_2": null, "OwnerCity": "EMIGRANT", "OwnerState": "MT", "OwnerZipCo": "59027-0318", "DbaName": null, "CareOfTaxp": null, "normalized_owner_name": "PARADISE VALLEY RANCH LLC", "ranch_component": "Paradise Valley Ranch", "matched_grouped_entity": "ARTHUR BLANK / AMB WEST", "match_reason": "Official AMB West page says Arthur Blank purchased PVR in 2019; cadastral owner uses AMB West's shared PO Box 318 Emigrant address." }, "geometry": { "type": "Polygon", "coordinates": [ [ [ -110.651190776852744, 45.496803455381269 ], [ -110.651181561840104, 45.493159782809627 ], [ -110.656359373610911, 45.493120110990532 ], [ -110.656375227015829, 45.496758614213952 ], [ -110.651190776852744, 45.496803455381269 ] ] ] } },
{ "type": "Feature", "properties": { "PARCELID": "49060706265010000", "CountyName": "Park", "PropertyID": 661260, "Township": "04 S", "Range": "09 E", "Section": "06", "LegalDescr": "S06, T04 S, R09 E, C.O.S. 1252, PARCEL 2-3, & GOVT LOT 4", "TotalAcres": 122.875, "OwnerName": "PARADISE VALLEY RANCH LLC", "OwnerAddre": "PO BOX 318", "OwnerAdd_1": null, "OwnerAdd_2": null, "OwnerCity": "EMIGRANT", "OwnerState": "MT", "OwnerZipCo": "59027-0318", "DbaName": null, "CareOfTaxp": null, "normalized_owner_name": "PARADISE VALLEY RANCH LLC", "ranch_component": "Paradise Valley Ranch", "matched_grouped_entity": "ARTHUR BLANK / AMB WEST", "match_reason": "Official AMB West page says Arthur Blank purchased PVR in 2019; cadastral owner uses AMB West's shared PO Box 318 Emigrant address." }, "geometry": { "type": "Polygon", "coordinates": [ [ [ -110.661050751326982, 45.525530436216137 ], [ -110.66019921877988, 45.525260126183348 ], [ -110.659850837182049, 45.525147718642728 ], [ -110.659504337309627, 45.525032474271789 ], [ -110.658951111160931, 45.524845539424298 ], [ -110.658636418792, 45.524742326606358 ], [ -110.658318828193799, 45.524643598318391 ], [ -110.657998468680674, 45.524549394754743 ], [ -110.657675470692169, 45.524459754267582 ], [ -110.657349965740067, 45.524374713351037 ], [ -110.656540443780969, 45.524170627441968 ], [ -110.656545483448326, 45.522082643422117 ], [ -110.661873797587745, 45.522071396970155 ], [ -110.667127389906554, 45.522060972792417 ], [ -110.672003137525124, 45.521955352815873 ], [ -110.672040183574481, 45.525574214066523 ], [ -110.667184731831199, 45.525553226416612 ], [ -110.667189436776454, 45.527114463646988 ], [ -110.666860889069795, 45.527034531413804 ], [ -110.666646315208467, 45.526984343978853 ], [ -110.666429896101462, 45.526938237338136 ], [ -110.666211788791387, 45.526896244947444 ], [ -110.665992151544756, 45.52685839727711 ], [ -110.665209288573919, 45.526730472224841 ], [ -110.664774730757387, 45.526661898556036 ], [ -110.664338664863962, 45.526598231946636 ], [ -110.664126530798228, 45.52656567010299 ], [ -110.663916726407095, 45.526526352190118 ], [ -110.663709686978905, 45.526480359783548 ], [ -110.663505842062307, 45.526427788306442 ], [ -110.66330561457471, 45.52636874683175 ], [ -110.663109419924496, 45.526303357855724 ], [ -110.662917665148711, 45.526231757043526 ], [ -110.662730748068412, 45.526154092947785 ], [ -110.662452650054647, 45.526036541572225 ], [ -110.66217068939163, 45.525923628632263 ], [ -110.66188502263573, 45.525815416812151 ], [ -110.661595808397919, 45.525711966185902 ], [ -110.661303207255827, 45.525613334184044 ], [ -110.661050751326982, 45.525530436216137 ] ] ] } },
{ "type": "Feature", "properties": { "PARCELID": "49043119101010000", "CountyName": "Park", "PropertyID": 669469, "Township": "06 S", "Range": "07 E", "Section": "19", "LegalDescr": "S19, T06 S, R07 E, C.O.S. 1696, ACRES 598.75, ALL SEC 19 & PCL MS-1 OF COS 2131", "TotalAcres": 598.75, "OwnerName": "MOUNTAIN SKY GUEST RANCH LLC", "OwnerAddre": "MAIL TO: YANCEY ARTEBURN", "OwnerAdd_1": "PO BOX 1219", "OwnerAdd_2": null, "OwnerCity": "EMIGRANT", "OwnerState": "MT", "OwnerZipCo": "59027-1219", "DbaName": null, "CareOfTaxp": null, "normalized_owner_name": "MOUNTAIN SKY GUEST RANCH LLC", "ranch_component": "Mountain Sky Guest Ranch", "matched_grouped_entity": "ARTHUR BLANK / AMB WEST", "match_reason": "Official AMB West page says Arthur Blank purchased Mountain Sky in 2001; current Montana Water Court records also jointly identify Arthur M. Blank and Mountain Sky Guest Ranch LLC." }, "geometry": { "type": "Polygon", "coordinates": [ [ [ -110.89710757662111, 45.297228890097848 ], [ -110.896947870221595, 45.293606314717444 ], [ -110.898768054821772, 45.293628566305017 ], [ -110.899588295489437, 45.29331690807345 ], [ -110.900951571321897, 45.293225018248854 ], [ -110.90146863769813, 45.293317140716162 ], [ -110.901935135862075, 45.293296934602154 ], [ -110.90364463082588, 45.293266810431817 ], [ -110.905928699331255, 45.293716718636759 ], [ -110.907207081165723, 45.29373298823338 ], [ -110.912340906512853, 45.293799279432434 ], [ -110.916664682597798, 45.293850425761931 ], [ -110.916664919609175, 45.29551739957747 ], [ -110.916665199087149, 45.297396910080337 ], [ -110.916665451330999, 45.299134092110727 ], [ -110.916664673109338, 45.300956563955552 ], [ -110.916663560613827, 45.302777143806843 ], [ -110.916662704686061, 45.304529117099065 ], [ -110.916661532380914, 45.306420169303038 ], [ -110.916662252847061, 45.307874381010961 ], [ -110.91251439059144, 45.30792553544704 ], [ -110.907538753213444, 45.307982158093274 ], [ -110.902564439386779, 45.308040296909795 ], [ -110.897586735953027, 45.308096590211122 ], [ -110.89743037746527, 45.304475872918054 ], [ -110.897267276246154, 45.300851433116641 ], [ -110.89710757662111, 45.297228890097848 ] ] ] } },
{ "type": "Feature", "properties": { "PARCELID": "49043120301010000", "CountyName": "Park", "PropertyID": 669467, "Township": "06 S", "Range": "07 E", "Section": "20", "LegalDescr": "S20, T06 S, R07 E, C.O.S. 2131, ACRES 611.841, ALL LESS PARCEL CW", "TotalAcres": 611.841, "OwnerName": "MOUNTAIN SKY GUEST RANCH LLC", "OwnerAddre": "MAIL TO: YANCEY ARTEBURN", "OwnerAdd_1": "PO BOX 1219", "OwnerAdd_2": null, "OwnerCity": "EMIGRANT", "OwnerState": "MT", "OwnerZipCo": "59027-1219", "DbaName": null, "CareOfTaxp": null, "normalized_owner_name": "MOUNTAIN SKY GUEST RANCH LLC", "ranch_component": "Mountain Sky Guest Ranch", "matched_grouped_entity": "ARTHUR BLANK / AMB WEST", "match_reason": "Official AMB West page says Arthur Blank purchased Mountain Sky in 2001; current Montana Water Court records also jointly identify Arthur M. Blank and Mountain Sky Guest Ranch LLC." }, "geometry": { "type": "Polygon", "coordinates": [ [ [ -110.883276581460038, 45.30774707658756 ], [ -110.882147227116093, 45.307719472733282 ], [ -110.877000768615417, 45.307593771556895 ], [ -110.876830426386121, 45.303988379803727 ], [ -110.876660081572709, 45.30038302035404 ], [ -110.876489749897473, 45.296777658823679 ], [ -110.876372403905663, 45.294293632354012 ], [ -110.886223441927456, 45.293994483929787 ], [ -110.896947870221595, 45.293606314717444 ], [ -110.89710757662111, 45.297228890097848 ], [ -110.897267276246154, 45.300851433116641 ], [ -110.89743037746527, 45.304475872918054 ], [ -110.897586735953027, 45.308096590211122 ], [ -110.892440225678214, 45.307970866573349 ], [ -110.887293705950597, 45.307845169358238 ], [ -110.883276581460038, 45.30774707658756 ] ] ] } },
{ "type": "Feature", "properties": { "PARCELID": "49043121301010000", "CountyName": "Park", "PropertyID": 669468, "Township": "06 S", "Range": "07 E", "Section": "21", "LegalDescr": "S21, T06 S, R07 E, C.O.S. 1391, ACRES 459.211, ALL LESS CS1391 & 180A & MS-2", "TotalAcres": 459.211, "OwnerName": "MOUNTAIN SKY GUEST RANCH LLC", "OwnerAddre": "MAIL TO: YANCEY ARTEBURN", "OwnerAdd_1": "PO BOX 1219", "OwnerAdd_2": null, "OwnerCity": "EMIGRANT", "OwnerState": "MT", "OwnerZipCo": "59027-1219", "DbaName": null, "CareOfTaxp": null, "normalized_owner_name": "MOUNTAIN SKY GUEST RANCH LLC", "ranch_component": "Mountain Sky Guest Ranch", "matched_grouped_entity": "ARTHUR BLANK / AMB WEST", "match_reason": "Official AMB West page says Arthur Blank purchased Mountain Sky in 2001; current Montana Water Court records also jointly identify Arthur M. Blank and Mountain Sky Guest Ranch LLC." }, "geometry": { "type": "Polygon", "coordinates": [ [ [ -110.856661078783233, 45.307579783377719 ], [ -110.858782809564588, 45.307526651319534 ], [ -110.860620895727592, 45.307255431128993 ], [ -110.861712697542416, 45.307330780233158 ], [ -110.861449706267464, 45.302275030870909 ], [ -110.86120165124477, 45.297150842798288 ], [ -110.863240027247713, 45.29505242669326 ], [ -110.863400225126441, 45.293539306765766 ], [ -110.863988414760485, 45.293584238796448 ], [ -110.865745180750224, 45.293251578061088 ], [ -110.866398324582704, 45.293370177704908 ], [ -110.866547820392341, 45.293573966722079 ], [ -110.869112257373573, 45.293568642725305 ], [ -110.876183147263077, 45.293589947660799 ], [ -110.87618664221938, 45.294299261264364 ], [ -110.876372403905663, 45.294293632354012 ], [ -110.876489749897473, 45.296777658823679 ], [ -110.876660081572709, 45.30038302035404 ], [ -110.876830426386121, 45.303988379803727 ], [ -110.877000768615417, 45.307593771556895 ], [ -110.87191583132244, 45.30759029557035 ], [ -110.866830914754615, 45.307586779008588 ], [ -110.861745989872404, 45.307583286135852 ], [ -110.856661078783233, 45.307579783377719 ] ] ] } },
{ "type": "Feature", "properties": { "PARCELID": "49060718450010000", "CountyName": "Park", "PropertyID": 661749, "Township": "04 S", "Range": "09 E", "Section": "18", "LegalDescr": "S18, T04 S, R09 E, C.O.S. 1212, PARCEL 1", "TotalAcres": 20.73, "OwnerName": "PARADISE VALLEY RANCH LLC", "OwnerAddre": "PO BOX 318", "OwnerAdd_1": null, "OwnerAdd_2": null, "OwnerCity": "EMIGRANT", "OwnerState": "MT", "OwnerZipCo": "59027-0318", "DbaName": null, "CareOfTaxp": null, "normalized_owner_name": "PARADISE VALLEY RANCH LLC", "ranch_component": "Paradise Valley Ranch", "matched_grouped_entity": "ARTHUR BLANK / AMB WEST", "match_reason": "Official AMB West page says Arthur Blank purchased PVR in 2019; cadastral owner uses AMB West's shared PO Box 318 Emigrant address." }, "geometry": { "type": "Polygon", "coordinates": [ [ [ -110.653467994789892, 45.485846232777014 ], [ -110.65372979082187, 45.485777529717744 ], [ -110.653988954656654, 45.485704055196223 ], [ -110.654245310555424, 45.485625859038834 ], [ -110.654498684685734, 45.485542994273693 ], [ -110.654748905239458, 45.485455517094657 ], [ -110.654995802549351, 45.485363486823204 ], [ -110.655476349838324, 45.485178718897259 ], [ -110.655582793214833, 45.485134457773995 ], [ -110.655684709509131, 45.485085205778432 ], [ -110.655781626553022, 45.48503119109656 ], [ -110.655873095343907, 45.484972663979356 ], [ -110.655958692124955, 45.484909895583129 ], [ -110.656038020348319, 45.484843176713071 ], [ -110.656110712512344, 45.484772816475754 ], [ -110.656176431863813, 45.484699140846914 ], [ -110.65623487395797, 45.484622491160941 ], [ -110.656285768068571, 45.484543222529375 ], [ -110.656488620045579, 45.484196726216034 ], [ -110.656596527927135, 45.484228572733258 ], [ -110.658942445730162, 45.485301418732156 ], [ -110.657782568981432, 45.486571892136347 ], [ -110.654744821425751, 45.487735440342966 ], [ -110.653507387079856, 45.485923768408973 ], [ -110.653467994789892, 45.485846232777014 ] ] ] } },
{ "type": "Feature", "properties": { "PARCELID": "49060719101010000", "CountyName": "Park", "PropertyID": 661729, "Township": "04 S", "Range": "09 E", "Section": "19", "LegalDescr": "S19, T04 S, R09 E, ALL LESS C/S #1212 & LESS GOVT LOT 1", "TotalAcres": 412.66, "OwnerName": "PARADISE VALLEY RANCH LLC", "OwnerAddre": "PO BOX 318", "OwnerAdd_1": null, "OwnerAdd_2": null, "OwnerCity": "EMIGRANT", "OwnerState": "MT", "OwnerZipCo": "59027-0318", "DbaName": null, "CareOfTaxp": null, "normalized_owner_name": "PARADISE VALLEY RANCH LLC", "ranch_component": "Paradise Valley Ranch", "matched_grouped_entity": "ARTHUR BLANK / AMB WEST", "match_reason": "Official AMB West page says Arthur Blank purchased PVR in 2019; cadastral owner uses AMB West's shared PO Box 318 Emigrant address." }, "geometry": { "type": "Polygon", "coordinates": [ [ [ -110.651153805615195, 45.482228811117011 ], [ -110.651151947973929, 45.478599340135901 ], [ -110.65115009176175, 45.474969929582606 ], [ -110.651147849503118, 45.471340341356317 ], [ -110.651145969450383, 45.46771087466125 ], [ -110.656294881599408, 45.467678814976118 ], [ -110.661442949484425, 45.467645102847385 ], [ -110.666588440102757, 45.467618535051344 ], [ -110.666599977600811, 45.471334242233837 ], [ -110.666615459166124, 45.475131567668058 ], [ -110.66661798599992, 45.475585013466073 ], [ -110.664274609211901, 45.477648588563298 ], [ -110.664050241778185, 45.477841080618305 ], [ -110.6638189258138, 45.478029458641089 ], [ -110.663580813624819, 45.478213598539362 ], [ -110.663336061998876, 45.478393379011315 ], [ -110.663084832102157, 45.478568681625781 ], [ -110.659662395970713, 45.48089648491915 ], [ -110.659212842238574, 45.481206161590592 ], [ -110.65876897283438, 45.481519871568665 ], [ -110.658501782410127, 45.481712640141659 ], [ -110.658327584286255, 45.481842693852741 ], [ -110.658158363094685, 45.481975959863732 ], [ -110.6579942385208, 45.482112343948437 ], [ -110.657835326649035, 45.482251749675306 ], [ -110.657681739880587, 45.482394078475586 ], [ -110.656323722027793, 45.482359673597777 ], [ -110.65632275757423, 45.482359505397717 ], [ -110.651153805615195, 45.482228811117011 ] ] ] } },
{ "type": "Feature", "properties": { "PARCELID": "49060720101010000", "CountyName": "Park", "PropertyID": 661826, "Township": "04 S", "Range": "09 E", "Section": "20", "LegalDescr": "S20, T04 S, R09 E, W2NE4, N2NW4", "TotalAcres": 159.995, "OwnerName": "PARADISE VALLEY RANCH LLC", "OwnerAddre": "PO BOX 318", "OwnerAdd_1": null, "OwnerAdd_2": null, "OwnerCity": "EMIGRANT", "OwnerState": "MT", "OwnerZipCo": "59027-0318", "DbaName": null, "CareOfTaxp": null, "normalized_owner_name": "PARADISE VALLEY RANCH LLC", "ranch_component": "Paradise Valley Ranch", "matched_grouped_entity": "ARTHUR BLANK / AMB WEST", "match_reason": "Official AMB West page says Arthur Blank purchased PVR in 2019; cadastral owner uses AMB West's shared PO Box 318 Emigrant address." }, "geometry": { "type": "Polygon", "coordinates": [ [ [ -110.635556707523961, 45.478610692435204 ], [ -110.635552470976066, 45.474980322753311 ], [ -110.640749991554614, 45.47497961617745 ], [ -110.640754163067825, 45.478609894419456 ], [ -110.645953181162866, 45.478608633372673 ], [ -110.651151947973929, 45.478599340135901 ], [ -110.651153805615195, 45.482228811117011 ], [ -110.645956758586138, 45.482240425230422 ], [ -110.640758365888587, 45.482240178782931 ], [ -110.635560405451116, 45.482240669016853 ], [ -110.635556707523961, 45.478610692435204 ] ] ] } },
{ "type": "Feature", "properties": { "PARCELID": "49060720105010000", "CountyName": "Park", "PropertyID": 661730, "Township": "04 S", "Range": "09 E", "Section": "20", "LegalDescr": "S20, T04 S, R09 E, E2NE4, NE4SE4", "TotalAcres": 120.0, "OwnerName": "PARADISE VALLEY RANCH LLC", "OwnerAddre": "PO BOX 318", "OwnerAdd_1": null, "OwnerAdd_2": null, "OwnerCity": "EMIGRANT", "OwnerState": "MT", "OwnerZipCo": "59027-0318", "DbaName": null, "CareOfTaxp": null, "normalized_owner_name": "PARADISE VALLEY RANCH LLC", "ranch_component": "Paradise Valley Ranch", "matched_grouped_entity": "ARTHUR BLANK / AMB WEST", "match_reason": "Official AMB West page says Arthur Blank purchased PVR in 2019; cadastral owner uses AMB West's shared PO Box 318 Emigrant address." }, "geometry": { "type": "Polygon", "coordinates": [ [ [ -110.630349362521201, 45.474975631066421 ], [ -110.630343010395464, 45.471343074829313 ], [ -110.635546534095838, 45.471348616855785 ], [ -110.635552470976066, 45.474980322753311 ], [ -110.635556707523961, 45.478610692435204 ], [ -110.635560405451116, 45.482240669016853 ], [ -110.630362442382804, 45.482241165940401 ], [ -110.630359204223893, 45.480474321083612 ], [ -110.630355738472417, 45.478608189025003 ], [ -110.630349362521201, 45.474975631066421 ] ] ] } },
{ "type": "Feature", "properties": { "PARCELID": "49060719380010000", "CountyName": "Park", "PropertyID": 661753, "Township": "04 S", "Range": "09 E", "Section": "19", "LegalDescr": "S19, T04 S, R09 E, C.O.S. 1212, PARCEL 5", "TotalAcres": 20.123, "OwnerName": "PARADISE VALLEY RANCH LLC", "OwnerAddre": "PO BOX 318", "OwnerAdd_1": null, "OwnerAdd_2": null, "OwnerCity": "EMIGRANT", "OwnerState": "MT", "OwnerZipCo": "59027-0318", "DbaName": null, "CareOfTaxp": null, "normalized_owner_name": "PARADISE VALLEY RANCH LLC", "ranch_component": "Paradise Valley Ranch", "matched_grouped_entity": "ARTHUR BLANK / AMB WEST", "match_reason": "Official AMB West page says Arthur Blank purchased PVR in 2019; cadastral owner uses AMB West's shared PO Box 318 Emigrant address." }, "geometry": { "type": "Polygon", "coordinates": [ [ [ -110.667266029214858, 45.474981438459658 ], [ -110.671276185373515, 45.471246101715629 ], [ -110.671697609977542, 45.470853565737663 ], [ -110.671722549424658, 45.470830414089015 ], [ -110.671724139130788, 45.471387806713906 ], [ -110.671731792666804, 45.474059561639862 ], [ -110.671057551202608, 45.474493556726266 ], [ -110.67065998485262, 45.474903191290402 ], [ -110.668893371025788, 45.476023519605398 ], [ -110.667266029214858, 45.474981438459658 ] ] ] } },
{ "type": "Feature", "properties": { "PARCELID": "49034204104010000", "CountyName": "Park", "PropertyID": 669759, "Township": "07 S", "Range": "07 E", "Section": "04", "LegalDescr": "S04, T07 S, R07 E, C.O.S. 986, PARCEL 3", "TotalAcres": 31.625, "OwnerName": "WEST CREEK RANCH LLC", "OwnerAddre": "PO BOX 318", "OwnerAdd_1": null, "OwnerAdd_2": null, "OwnerCity": "EMIGRANT", "OwnerState": "MT", "OwnerZipCo": "59027-0318", "DbaName": null, "CareOfTaxp": "BRIANNE DOWNEY", "normalized_owner_name": "WEST CREEK RANCH LLC", "ranch_component": "West Creek Ranch", "matched_grouped_entity": "ARTHUR BLANK / AMB WEST", "match_reason": "Official AMB West page says Arthur Blank purchased West Creek in 2017; cadastral owner uses AMB West's shared PO Box 318 Emigrant address." }, "geometry": { "type": "Polygon", "coordinates": [ [ [ -110.866552204324051, 45.254760777357134 ], [ -110.867749810043662, 45.254434199613044 ], [ -110.867500086479453, 45.255779334599445 ], [ -110.867498245625072, 45.255792811381262 ], [ -110.867496153522168, 45.255806383067622 ], [ -110.867494063531424, 45.255820040233601 ], [ -110.867491713786691, 45.255833706003287 ], [ -110.867489754406293, 45.255847182446757 ], [ -110.867487281364774, 45.255860757931025 ], [ -110.867485325480743, 45.255874324337313 ], [ -110.867482857443861, 45.255887896159621 ], [ -110.867480392321639, 45.25590137974018 ], [ -110.867478055153839, 45.255915039054351 ], [ -110.867475848642187, 45.255928519445703 ], [ -110.867473384400128, 45.255942090321128 ], [ -110.867471055564266, 45.255955571320904 ], [ -110.867468596069941, 45.25596923124359 ], [ -110.867466394560651, 45.255982707972983 ], [ -110.867463814428334, 45.255996282077675 ], [ -110.867461234250172, 45.256009854382825 ], [ -110.86745890562085, 45.256023240873851 ], [ -110.867456075766796, 45.256036817158062 ], [ -110.867453495819447, 45.256050295854187 ], [ -110.867451180619696, 45.256063864891566 ], [ -110.867448477095891, 45.256077345111599 ], [ -110.867445652243475, 45.256090917733822 ], [ -110.86744106978621, 45.256113448715709 ], [ -110.867438375175325, 45.256126928825807 ], [ -110.867435678338779, 45.256140318957378 ], [ -110.867432602810993, 45.256153803764825 ], [ -110.86742991324742, 45.256167282012463 ], [ -110.867426846054087, 45.256180949429002 ], [ -110.867424153547802, 45.256194154094963 ], [ -110.867421084060481, 45.256207728833658 ], [ -110.867418013900419, 45.256221121768725 ], [ -110.86741494851114, 45.256234604650778 ], [ -110.867411884416597, 45.256248088416903 ], [ -110.867408820555156, 45.256261478573968 ], [ -110.867405888905282, 45.25627495890663 ], [ -110.867402827611116, 45.256288349932035 ], [ -110.867399768562009, 45.256301831835657 ], [ -110.867396711042261, 45.256315221014326 ], [ -110.867393397498688, 45.256328615150174 ], [ -110.867390341249902, 45.25634200431309 ], [ -110.867386908532524, 45.256355578130076 ], [ -110.867383721709615, 45.256368788891272 ], [ -110.867380544429466, 45.256382179546485 ], [ -110.867377108555019, 45.256395574290522 ], [ -110.867373677685791, 45.256408965372543 ], [ -110.867370247205258, 45.256422269143975 ], [ -110.867366948501498, 45.256435748602009 ], [ -110.867363135783108, 45.256449055286623 ], [ -110.867359837466495, 45.256462447434032 ], [ -110.867356410366327, 45.256475836669125 ], [ -110.867352601509012, 45.256489145106023 ], [ -110.867349303399919, 45.256502442744491 ], [ -110.867345493242823, 45.256515750297147 ], [ -110.867342197030951, 45.256529227923899 ], [ -110.86733851206526, 45.25654244482687 ], [ -110.867334447064451, 45.256555753721621 ], [ -110.867330890375584, 45.256569056348347 ], [ -110.867327204991867, 45.256582359661877 ], [ -110.867323525953992, 45.256595661997011 ], [ -110.867319713236299, 45.256608969580654 ], [ -110.867315646907585, 45.256622276691189 ], [ -110.867312090533758, 45.256635489307726 ], [ -110.867307639807791, 45.256648712052019 ], [ -110.86730395663723, 45.256662105343651 ], [ -110.86729988941741, 45.256675325158994 ], [ -110.867296331740164, 45.256688536891197 ], [ -110.86729201060534, 45.256701847142942 ], [ -110.867287941759642, 45.256715156083857 ], [ -110.867283748018153, 45.256728464764542 ], [ -110.867279677268186, 45.25674159371691 ], [ -110.867275611243997, 45.256754810816659 ], [ -110.867271414970688, 45.256768120428276 ], [ -110.867266960704015, 45.256781252308983 ], [ -110.867262763432137, 45.256794470126628 ], [ -110.867258567498894, 45.256807690627838 ], [ -110.867254116377879, 45.256821001581095 ], [ -110.867249535934761, 45.256834133216891 ], [ -110.867245592522124, 45.256847258798096 ], [ -110.867240884397702, 45.256860483813959 ], [ -110.867236433312669, 45.256873796566325 ], [ -110.867231851609148, 45.256886929117144 ], [ -110.867227397323504, 45.25690006099682 ], [ -110.867222815637973, 45.256913194447151 ], [ -110.867218363460893, 45.256926411806155 ], [ -110.86721377922305, 45.256939545287651 ], [ -110.867208940165057, 45.256952681010759 ], [ -110.867204357174558, 45.256965813576528 ], [ -110.867199389719559, 45.256978859076334 ], [ -110.867194813396566, 45.256992261577274 ], [ -110.867189845031433, 45.257005218882142 ], [ -110.867185004665785, 45.25701835372044 ], [ -110.867180034609007, 45.257031397451478 ], [ -110.867174944214455, 45.257044625378015 ], [ -110.867170229015969, 45.257057668666626 ], [ -110.867165265064855, 45.257070805027922 ], [ -110.867160421447053, 45.257083757193385 ], [ -110.867155454943259, 45.257096893585768 ], [ -110.867150487163187, 45.25711002999369 ], [ -110.867145263567437, 45.257123076849247 ], [ -110.867140299515569, 45.257136209610579 ], [ -110.867134947500134, 45.257149165342938 ], [ -110.867129596387485, 45.257162209269708 ], [ -110.867124759939685, 45.25717524595099 ], [ -110.867119415125345, 45.257188287099503 ], [ -110.867114070330715, 45.257201329147605 ], [ -110.867108853078378, 45.257214272416668 ], [ -110.867103385842753, 45.257227310573505 ], [ -110.867098036437241, 45.25724016636552 ], [ -110.867092316534269, 45.257253294042563 ], [ -110.867086975606227, 45.257266235235214 ], [ -110.867081767125867, 45.257279172994636 ], [ -110.867076040152668, 45.257292118046067 ], [ -110.867070706425622, 45.257305144654829 ], [ -110.867064984778381, 45.257317996033926 ], [ -110.867059267464739, 45.257331022870886 ], [ -110.867053546997198, 45.257343870634628 ], [ -110.867047959971515, 45.257356806758963 ], [ -110.867042242002142, 45.257369652691281 ], [ -110.867036529986834, 45.257382584955636 ], [ -110.867030814124703, 45.257395516367083 ], [ -110.867025103355829, 45.257408447715434 ], [ -110.867019386427458, 45.257421284633253 ], [ -110.867013163766856, 45.257434129585469 ], [ -110.867007453247496, 45.257446968223839 ], [ -110.867001359298754, 45.25745981338882 ], [ -110.866995642683804, 45.257472560295703 ], [ -110.866989548618321, 45.25748540096123 ], [ -110.866983454594475, 45.257498243426028 ], [ -110.866977361797339, 45.257511084075325 ], [ -110.866971402331046, 45.257524008586287 ], [ -110.866965176429929, 45.257536671763937 ], [ -110.866959081356228, 45.257549420634298 ], [ -110.866952993621538, 45.257562260319851 ], [ -110.866946772394584, 45.257575009844622 ], [ -110.866940300143582, 45.257587760663327 ], [ -110.866934207495362, 45.257600505002223 ], [ -110.866927735260731, 45.257613256720056 ], [ -110.866921646406539, 45.257626000111443 ], [ -110.866915175350996, 45.257638748213878 ], [ -110.866908700403897, 45.257651493663715 ], [ -110.866902488376908, 45.25766415216674 ], [ -110.86689601627414, 45.257676806674858 ], [ -110.866889546436298, 45.25768955296072 ], [ -110.866879516891174, 45.257708267315408 ], [ -110.864782716807284, 45.261767390051048 ], [ -110.863165546465126, 45.261766962308918 ], [ -110.862921346829467, 45.261505476706489 ], [ -110.862923693972746, 45.261196378171256 ], [ -110.863014181947349, 45.260875051834184 ], [ -110.863346753464455, 45.259882674148237 ], [ -110.863718350703266, 45.25942151217599 ], [ -110.864031264899964, 45.259133819159985 ], [ -110.863912295506651, 45.258669962723985 ], [ -110.864047280403909, 45.258494717010244 ], [ -110.864573104243064, 45.258096819251456 ], [ -110.865018617413028, 45.257263106319357 ], [ -110.865403822857417, 45.256855898049018 ], [ -110.865168746753582, 45.256596359570395 ], [ -110.864897243153351, 45.255469442668506 ], [ -110.865545850889262, 45.255110391062324 ], [ -110.866248193522523, 45.254882862385791 ], [ -110.866552204324051, 45.254760777357134 ] ] ] } },
{ "type": "Feature", "properties": { "PARCELID": "49060611401010000", "CountyName": "Park", "PropertyID": 661717, "Township": "04 S", "Range": "08 E", "Section": "11", "LegalDescr": "S11, T04 S, R08 E, C.O.S. 1525, PARCEL A", "TotalAcres": 238.487, "OwnerName": "PARADISE VALLEY RANCH LLC", "OwnerAddre": "PO BOX 318", "OwnerAdd_1": null, "OwnerAdd_2": null, "OwnerCity": "EMIGRANT", "OwnerState": "MT", "OwnerZipCo": "59027-0318", "DbaName": null, "CareOfTaxp": null, "normalized_owner_name": "PARADISE VALLEY RANCH LLC", "ranch_component": "Paradise Valley Ranch", "matched_grouped_entity": "ARTHUR BLANK / AMB WEST", "match_reason": "Official AMB West page says Arthur Blank purchased PVR in 2019; cadastral owner uses AMB West's shared PO Box 318 Emigrant address." }, "geometry": { "type": "Polygon", "coordinates": [ [ [ -110.692599394492817, 45.503797749322118 ], [ -110.684227841699538, 45.503830920141674 ], [ -110.68438394575621, 45.502402622694305 ], [ -110.685548102456337, 45.501207905759863 ], [ -110.686912856037964, 45.501438735638871 ], [ -110.688435830703909, 45.499485591208689 ], [ -110.688777261264292, 45.499040244160739 ], [ -110.687983687855862, 45.497469463619474 ], [ -110.688379865687068, 45.496517309748981 ], [ -110.692811360386429, 45.49648381858966 ], [ -110.697739550037554, 45.496566382351887 ], [ -110.702973645688488, 45.496516294656786 ], [ -110.705041586632973, 45.496444297908319 ], [ -110.70500138133427, 45.496497141948502 ], [ -110.704845425100004, 45.49670218355898 ], [ -110.703994932575469, 45.497821350579272 ], [ -110.703947617617487, 45.497877722130632 ], [ -110.703893623129886, 45.497931042663957 ], [ -110.703833344442245, 45.497980921765475 ], [ -110.703767222900623, 45.498026994218591 ], [ -110.703695742636427, 45.498068922678236 ], [ -110.703619427021522, 45.498106400141161 ], [ -110.703538834836081, 45.498139152194049 ], [ -110.702657787047073, 45.498462795552165 ], [ -110.702604905995244, 45.498484919876574 ], [ -110.702555829957689, 45.498511022561708 ], [ -110.702511161426912, 45.49854078315547 ], [ -110.702471448788884, 45.498573836298611 ], [ -110.701536883776782, 45.499444954160907 ], [ -110.701507053388397, 45.499477370376056 ], [ -110.701484218872039, 45.499512484743967 ], [ -110.701468862455485, 45.49954955572759 ], [ -110.701461308447918, 45.499587800469023 ], [ -110.701461716390043, 45.499626411321501 ], [ -110.701470077683638, 45.499664572905019 ], [ -110.701790070484421, 45.500649535223523 ], [ -110.70187420987962, 45.500896963048859 ], [ -110.701965519899588, 45.501143130530451 ], [ -110.702063962527916, 45.501387934919151 ], [ -110.702169496769486, 45.501631274033286 ], [ -110.698660697425041, 45.503791001686395 ], [ -110.692599394492817, 45.503797749322118 ] ] ] } },
{ "type": "Feature", "properties": { "PARCELID": "49043107201010000", "CountyName": "Park", "PropertyID": 669210, "Township": "06 S", "Range": "07 E", "Section": "07", "LegalDescr": "S07, T06 S, R07 E, NW4", "TotalAcres": 146.82, "OwnerName": "MOUNTAIN SKY GUEST RANCH LLC", "OwnerAddre": "PO BOX 1219", "OwnerAdd_1": null, "OwnerAdd_2": null, "OwnerCity": "EMIGRANT", "OwnerState": "MT", "OwnerZipCo": "59027-1219", "DbaName": null, "CareOfTaxp": null, "normalized_owner_name": "MOUNTAIN SKY GUEST RANCH LLC", "ranch_component": "Mountain Sky Guest Ranch", "matched_grouped_entity": "ARTHUR BLANK / AMB WEST", "match_reason": "Official AMB West page says Arthur Blank purchased Mountain Sky in 2001; current Montana Water Court records also jointly identify Arthur M. Blank and Mountain Sky Guest Ranch LLC." }, "geometry": { "type": "Polygon", "coordinates": [ [ [ -110.907163830551951, 45.333019692143473 ], [ -110.907183153583347, 45.329458932928532 ], [ -110.912271454157036, 45.329379188312934 ], [ -110.916557821398499, 45.329365241252574 ], [ -110.916554285687013, 45.331547036367311 ], [ -110.916552122669017, 45.33299038238281 ], [ -110.916548218571577, 45.335152259416844 ], [ -110.916540707467249, 45.336612609705917 ], [ -110.912283751666749, 45.336626077709376 ], [ -110.907166990521091, 45.336642518092589 ], [ -110.907163830551951, 45.333019692143473 ] ] ] } },
{ "type": "Feature", "properties": { "PARCELID": "49043107401010000", "CountyName": "Park", "PropertyID": 670345, "Township": "06 S", "Range": "07 E", "Section": "07", "LegalDescr": "S07, T06 S, R07 E, C.O.S. 2218, PARCEL CS", "TotalAcres": 178.37, "OwnerName": "MOUNTAIN SKY GUEST RANCH LLC", "OwnerAddre": "MAIL TO YANCEY ARTEBURN", "OwnerAdd_1": "PO BOX 1219", "OwnerAdd_2": null, "OwnerCity": "EMIGRANT", "OwnerState": "MT", "OwnerZipCo": "59027-1219", "DbaName": null, "CareOfTaxp": "CROWLEY MATT", "normalized_owner_name": "MOUNTAIN SKY GUEST RANCH LLC", "ranch_component": "Mountain Sky Guest Ranch", "matched_grouped_entity": "ARTHUR BLANK / AMB WEST", "match_reason": "Official AMB West page says Arthur Blank purchased Mountain Sky in 2001; current Montana Water Court records also jointly identify Arthur M. Blank and Mountain Sky Guest Ranch LLC." }, "geometry": { "type": "Polygon", "coordinates": [ [ [ -110.900346020234792, 45.323020231358335 ], [ -110.900282958943521, 45.322206360821887 ], [ -110.901954479641631, 45.322196783189462 ], [ -110.902153636450123, 45.322195649612539 ], [ -110.907094460445876, 45.322167413192275 ], [ -110.907140542726594, 45.325817384214837 ], [ -110.907183153583347, 45.329458932928532 ], [ -110.907163830551951, 45.333019692143473 ], [ -110.907166990521091, 45.336642518092589 ], [ -110.90453673533969, 45.336704873623248 ], [ -110.901973186712368, 45.333611647901982 ], [ -110.901979936521556, 45.333173510750747 ], [ -110.901396658729695, 45.333173973692041 ], [ -110.901029939582699, 45.331893506555787 ], [ -110.900904738117191, 45.328261439927303 ], [ -110.90073053779021, 45.32579365419047 ], [ -110.900711286554113, 45.325377677099297 ], [ -110.900570258576479, 45.324781985036267 ], [ -110.900346020234792, 45.323020231358335 ] ] ] } },
{ "type": "Feature", "properties": { "PARCELID": "49043107101010000", "CountyName": "Park", "PropertyID": 669208, "Township": "06 S", "Range": "07 E", "Section": "07", "LegalDescr": "S07, T06 S, R07 E, NE4NE4, POR  NW4NE4", "TotalAcres": 46.62, "OwnerName": "MOUNTAIN SKY GUEST RANCH LLC", "OwnerAddre": "MAIL TO YANCEY ARTEBURN", "OwnerAdd_1": "PO BOX 1219", "OwnerAdd_2": null, "OwnerCity": "EMIGRANT", "OwnerState": "MT", "OwnerZipCo": "59027-1219", "DbaName": null, "CareOfTaxp": null, "normalized_owner_name": "MOUNTAIN SKY GUEST RANCH LLC", "ranch_component": "Mountain Sky Guest Ranch", "matched_grouped_entity": "ARTHUR BLANK / AMB WEST", "match_reason": "Official AMB West page says Arthur Blank purchased Mountain Sky in 2001; current Montana Water Court records also jointly identify Arthur M. Blank and Mountain Sky Guest Ranch LLC." }, "geometry": { "type": "Polygon", "coordinates": [ [ [ -110.896983692718834, 45.336826292692059 ], [ -110.896940601744646, 45.333175314624519 ], [ -110.901396658729695, 45.333173973692041 ], [ -110.901979936521556, 45.333173510750747 ], [ -110.901973186712368, 45.333611647901982 ], [ -110.90453673533969, 45.336704873623248 ], [ -110.90205085590857, 45.336668592371936 ], [ -110.896983692718834, 45.336826292692059 ] ] ] } },
{ "type": "Feature", "properties": { "PARCELID": "49060719202010000", "CountyName": "Park", "PropertyID": 661755, "Township": "04 S", "Range": "09 E", "Section": "19", "LegalDescr": "S19, T04 S, R09 E, C.O.S. 1212, PARCEL A", "TotalAcres": 31.807, "OwnerName": "PARADISE VALLEY RANCH LLC", "OwnerAddre": "PO BOX 318", "OwnerAdd_1": null, "OwnerAdd_2": null, "OwnerCity": "EMIGRANT", "OwnerState": "MT", "OwnerZipCo": "59027-0318", "DbaName": null, "CareOfTaxp": null, "normalized_owner_name": "PARADISE VALLEY RANCH LLC", "ranch_component": "Paradise Valley Ranch", "matched_grouped_entity": "ARTHUR BLANK / AMB WEST", "match_reason": "Official AMB West page says Arthur Blank purchased PVR in 2019; cadastral owner uses AMB West's shared PO Box 318 Emigrant address." }, "geometry": { "type": "Polygon", "coordinates": [ [ [ -110.666632393726019, 45.478169644156701 ], [ -110.666907960381337, 45.478076748517061 ], [ -110.667660187305245, 45.477091093795252 ], [ -110.668373404902653, 45.476353251467266 ], [ -110.668893371025788, 45.476023519605398 ], [ -110.67065998485262, 45.474903191290402 ], [ -110.671057551202608, 45.474493556726266 ], [ -110.671731792666804, 45.474059561639862 ], [ -110.671734987680026, 45.475183425201472 ], [ -110.671754911425239, 45.478971399665504 ], [ -110.666636572261098, 45.478919220804009 ], [ -110.666632393726019, 45.478169644156701 ] ] ] } },
{ "type": "Feature", "properties": { "PARCELID": "49060720301010000", "CountyName": "Park", "PropertyID": 661731, "Township": "04 S", "Range": "09 E", "Section": "20", "LegalDescr": "S20, T04 S, R09 E, S2NW4, SW4", "TotalAcres": 240.0, "OwnerName": "PARADISE VALLEY RANCH LLC", "OwnerAddre": "PO BOX 318", "OwnerAdd_1": null, "OwnerAdd_2": null, "OwnerCity": "EMIGRANT", "OwnerState": "MT", "OwnerZipCo": "59027-0318", "DbaName": null, "CareOfTaxp": null, "normalized_owner_name": "PARADISE VALLEY RANCH LLC", "ranch_component": "Paradise Valley Ranch", "matched_grouped_entity": "ARTHUR BLANK / AMB WEST", "match_reason": "Official AMB West page says Arthur Blank purchased PVR in 2019; cadastral owner uses AMB West's shared PO Box 318 Emigrant address." }, "geometry": { "type": "Polygon", "coordinates": [ [ [ -110.640749991554614, 45.47497961617745 ], [ -110.640745822359136, 45.47134887092664 ], [ -110.640743507565759, 45.46772179086026 ], [ -110.643342994528368, 45.467718828587216 ], [ -110.645943821229409, 45.467714486700366 ], [ -110.648544754172207, 45.467713667061297 ], [ -110.651145969450383, 45.46771087466125 ], [ -110.651147849503118, 45.471340341356317 ], [ -110.65115009176175, 45.474969929582606 ], [ -110.651151947973929, 45.478599340135901 ], [ -110.645953181162866, 45.478608633372673 ], [ -110.640754163067825, 45.478609894419456 ], [ -110.640749991554614, 45.47497961617745 ] ] ] } },
{ "type": "Feature", "properties": { "PARCELID": "49034205201010000", "CountyName": "Park", "PropertyID": 669289, "Township": "07 S", "Range": "07 E", "Section": "05", "LegalDescr": "S05, T07 S, R07 E, E2, NW4", "TotalAcres": 482.0, "OwnerName": "WEST CREEK RANCH LLC", "OwnerAddre": "PO BOX 318", "OwnerAdd_1": null, "OwnerAdd_2": null, "OwnerCity": "EMIGRANT", "OwnerState": "MT", "OwnerZipCo": "59027-0318", "DbaName": null, "CareOfTaxp": "BRIANNE DOWNEY", "normalized_owner_name": "WEST CREEK RANCH LLC", "ranch_component": "West Creek Ranch", "matched_grouped_entity": "ARTHUR BLANK / AMB WEST", "match_reason": "Official AMB West page says Arthur Blank purchased West Creek in 2017; cadastral owner uses AMB West's shared PO Box 318 Emigrant address." }, "geometry": { "type": "Polygon", "coordinates": [ [ [ -110.900231211169555, 45.265402358792812 ], [ -110.896002818587107, 45.265400417938743 ], [ -110.891774940566776, 45.265398947581787 ], [ -110.887546700438349, 45.265397453810444 ], [ -110.883318374585812, 45.2653959799392 ], [ -110.88245892303128, 45.261437189144246 ], [ -110.881725830931771, 45.257459362138917 ], [ -110.880993624457901, 45.253455721344814 ], [ -110.880248948541862, 45.249480054212285 ], [ -110.88464005156402, 45.24984952380931 ], [ -110.889031121623205, 45.250218926917526 ], [ -110.889694750211675, 45.254031305649292 ], [ -110.890360293349431, 45.257821658766666 ], [ -110.894671470407175, 45.258006757574343 ], [ -110.89898269739453, 45.258192018858537 ], [ -110.899574695772444, 45.261795927558993 ], [ -110.900231211169555, 45.265402358792812 ] ] ] } },
{ "type": "Feature", "properties": { "PARCELID": "49060601101010000", "CountyName": "Park", "PropertyID": 661739, "Township": "04 S", "Range": "08 E", "Section": "01", "LegalDescr": "S01, T04 S, R08 E, ALL", "TotalAcres": 635.2, "OwnerName": "PARADISE VALLEY RANCH LLC", "OwnerAddre": "PO BOX 318", "OwnerAdd_1": null, "OwnerAdd_2": null, "OwnerCity": "EMIGRANT", "OwnerState": "MT", "OwnerZipCo": "59027-0318", "DbaName": null, "CareOfTaxp": null, "normalized_owner_name": "PARADISE VALLEY RANCH LLC", "ranch_component": "Paradise Valley Ranch", "matched_grouped_entity": "ARTHUR BLANK / AMB WEST", "match_reason": "Official AMB West page says Arthur Blank purchased PVR in 2019; cadastral owner uses AMB West's shared PO Box 318 Emigrant address." }, "geometry": { "type": "Polygon", "coordinates": [ [ [ -110.672040183574481, 45.525574214066523 ], [ -110.672003137525124, 45.521955352815873 ], [ -110.671966226150261, 45.518336518035333 ], [ -110.671911639806495, 45.514726690119787 ], [ -110.671856944711976, 45.511116713036309 ], [ -110.677004159462669, 45.511134761236214 ], [ -110.682150816964622, 45.511152816089997 ], [ -110.687298015383192, 45.511170865070454 ], [ -110.69244505973036, 45.511188914642666 ], [ -110.692496871646952, 45.514828011758716 ], [ -110.692548922411305, 45.518467064975326 ], [ -110.692609595472774, 45.522098046556565 ], [ -110.692665930227875, 45.525468182076736 ], [ -110.692666766294622, 45.52551812243933 ], [ -110.687510095994099, 45.525532142882597 ], [ -110.682353429588147, 45.525546167649857 ], [ -110.677196791223935, 45.525560189285692 ], [ -110.672040183574481, 45.525574214066523 ] ] ] } },
{ "type": "Feature", "properties": { "PARCELID": "49034203260010000", "CountyName": "Park", "PropertyID": 664994, "Township": "07 S", "Range": "07 E", "Section": "03", "LegalDescr": "S03, T07 S, R07 E, UNSURVEYED ISLAND IN YELLOWSTONE RIVER IN GOVT LOTS 5,6 (IN NW4)", "TotalAcres": 33.75, "OwnerName": "RANCH AT DOME MOUNTAIN LLC", "OwnerAddre": "3223 HOWELL MILL RD NW", "OwnerAdd_1": null, "OwnerAdd_2": null, "OwnerCity": "ATLANTA", "OwnerState": "GA", "OwnerZipCo": "30327-4105", "DbaName": null, "CareOfTaxp": null, "normalized_owner_name": "RANCH AT DOME MOUNTAIN LLC", "ranch_component": "Auster / Ranch at Dome Mountain", "matched_grouped_entity": "ARTHUR BLANK / AMB WEST", "match_reason": "Official AMB West pages identify Auster/Ranch at Dome Mountain as Blank's fourth property; cadastral owner uses the Blank organization Atlanta address." }, "geometry": { "type": "Polygon", "coordinates": [ [ [ -110.859222365534833, 45.263505158744593 ], [ -110.859244419020143, 45.263483088107769 ], [ -110.859460993339852, 45.263367655112184 ], [ -110.859482509589327, 45.262821709568264 ], [ -110.859172276728501, 45.261747918081312 ], [ -110.859079493181596, 45.261568284656938 ], [ -110.859117058607126, 45.260907952414122 ], [ -110.85949210361342, 45.260306871079891 ], [ -110.859802238876895, 45.259887327018205 ], [ -110.859642422721635, 45.259643457214388 ], [ -110.859562905426856, 45.259521533650386 ], [ -110.859803879617246, 45.259101158935543 ], [ -110.86037925410686, 45.258559587930165 ], [ -110.860855398440293, 45.25856433761416 ], [ -110.861247826911878, 45.258630379955697 ], [ -110.8615725464592, 45.258450995386433 ], [ -110.861645534488829, 45.258574591676862 ], [ -110.861390393936702, 45.259118888095408 ], [ -110.860908015498424, 45.260020330556074 ], [ -110.860474843521899, 45.261399807092047 ], [ -110.860510108947267, 45.262239977665459 ], [ -110.860669422512984, 45.262601952263402 ], [ -110.860972226723163, 45.262906375666027 ], [ -110.860813450993319, 45.263146026244016 ], [ -110.860354718833406, 45.263261640606508 ], [ -110.860098673650597, 45.263624597058417 ], [ -110.859843721147371, 45.263868013376779 ], [ -110.85963158088623, 45.26386233022005 ], [ -110.859267088843225, 45.263968234942247 ], [ -110.85908929966736, 45.264020137665312 ], [ -110.859065518427073, 45.264026939230256 ], [ -110.858923096412681, 45.264023571228648 ], [ -110.858780004636202, 45.264200504909397 ], [ -110.858775334580102, 45.263961338861691 ], [ -110.859005142395276, 45.263722968397602 ], [ -110.859222365534833, 45.263505158744593 ] ] ] } },
{ "type": "Feature", "properties": { "PARCELID": "49034203301010000", "CountyName": "Park", "PropertyID": 664635, "Township": "07 S", "Range": "07 E", "Section": "03", "LegalDescr": "S03, T07 S, R07 E, C.O.S. 2747RB, ACRES 561.67, REMAINDER", "TotalAcres": 561.67, "OwnerName": "RANCH AT DOME MOUNTAIN LLC", "OwnerAddre": "3223 HOWELL MILL RD NW", "OwnerAdd_1": null, "OwnerAdd_2": null, "OwnerCity": "ATLANTA", "OwnerState": "GA", "OwnerZipCo": "30327-4105", "DbaName": null, "CareOfTaxp": null, "normalized_owner_name": "RANCH AT DOME MOUNTAIN LLC", "ranch_component": "Auster / Ranch at Dome Mountain", "matched_grouped_entity": "ARTHUR BLANK / AMB WEST", "match_reason": "Official AMB West pages identify Auster/Ranch at Dome Mountain as Blank's fourth property; cadastral owner uses the Blank organization Atlanta address." }, "geometry": { "type": "Polygon", "coordinates": [ [ [ -110.84715951891917, 45.263332483300381 ], [ -110.842685961014681, 45.263334854992451 ], [ -110.842698739695308, 45.258467501591433 ], [ -110.842676607979712, 45.254841240677116 ], [ -110.842618662318955, 45.251201613963396 ], [ -110.847764962358269, 45.251206309941281 ], [ -110.847752340423398, 45.24756436695403 ], [ -110.852903765360139, 45.247563166889321 ], [ -110.85805477890456, 45.247562003446859 ], [ -110.86320619856717, 45.247560803628694 ], [ -110.863165028064856, 45.251226900222242 ], [ -110.86315908412513, 45.252091837753255 ], [ -110.85899316752807, 45.257198477817234 ], [ -110.857414719606766, 45.259133076995788 ], [ -110.857247077189797, 45.259331623877074 ], [ -110.857071142342591, 45.259526559458187 ], [ -110.856887070831334, 45.259717711053341 ], [ -110.853296452092167, 45.263328997139531 ], [ -110.852935186999375, 45.263329460923373 ], [ -110.847810573624542, 45.263332171948605 ], [ -110.847250947236446, 45.263332438313817 ], [ -110.84715951891917, 45.263332483300381 ] ] ] } },
{ "type": "Feature", "properties": { "PARCELID": "49034204405040000", "CountyName": "Park", "PropertyID": 1598287, "Township": "07 S", "Range": "07 E", "Section": "04", "LegalDescr": "S04, T07 S, R07 E, C.O.S. 2755, PARCEL D, ACRES 14.45", "TotalAcres": 14.45, "OwnerName": "RANCH AT DOME MOUNTAIN LLC", "OwnerAddre": "3223 HOWELL MILL RD NW", "OwnerAdd_1": null, "OwnerAdd_2": null, "OwnerCity": "ATLANTA", "OwnerState": "GA", "OwnerZipCo": "30327-4105", "DbaName": null, "CareOfTaxp": null, "normalized_owner_name": "RANCH AT DOME MOUNTAIN LLC", "ranch_component": "Auster / Ranch at Dome Mountain", "matched_grouped_entity": "ARTHUR BLANK / AMB WEST", "match_reason": "Official AMB West pages identify Auster/Ranch at Dome Mountain as Blank's fourth property; cadastral owner uses the Blank organization Atlanta address." }, "geometry": { "type": "Polygon", "coordinates": [ [ [ -110.870517026431855, 45.252704308045139 ], [ -110.870317050273229, 45.252274831736763 ], [ -110.869795754886241, 45.252230858074064 ], [ -110.869621552144281, 45.252097709697942 ], [ -110.869793468460429, 45.251759717602809 ], [ -110.870012372445046, 45.251514066666225 ], [ -110.870560605079447, 45.251313323378447 ], [ -110.871122608358604, 45.250995109686819 ], [ -110.872230534333966, 45.250146736164396 ], [ -110.872705876225623, 45.249700684137309 ], [ -110.873229584236782, 45.24857557372588 ], [ -110.873444055570516, 45.24898989231621 ], [ -110.873541670936035, 45.249424679238267 ], [ -110.873679959568506, 45.250099071683877 ], [ -110.873556002300973, 45.250691735110195 ], [ -110.873352093768446, 45.250777628002972 ], [ -110.873032107745075, 45.251398437084845 ], [ -110.872747389312892, 45.251730794387406 ], [ -110.872271733366574, 45.252179053928671 ], [ -110.871987761571702, 45.252382483718669 ], [ -110.87098874414194, 45.25281626889393 ], [ -110.870615248281183, 45.252952348051025 ], [ -110.870451471619063, 45.252981909700736 ], [ -110.870576804562972, 45.252730109172752 ], [ -110.870517026431855, 45.252704308045139 ] ] ] } },
{ "type": "Feature", "properties": { "PARCELID": "49043118301010000", "CountyName": "Park", "PropertyID": 668983, "Township": "06 S", "Range": "07 E", "Section": "18", "LegalDescr": "S18, T06 S, R07 E, C.O.S. 2321, PARCEL 4A-1, ACRES 267.486", "TotalAcres": 267.486, "OwnerName": "MOUNTAIN SKY GUEST RANCH LLC", "OwnerAddre": "PO BOX 1219", "OwnerAdd_1": null, "OwnerAdd_2": null, "OwnerCity": "EMIGRANT", "OwnerState": "MT", "OwnerZipCo": "59027-1219", "DbaName": null, "CareOfTaxp": null, "normalized_owner_name": "MOUNTAIN SKY GUEST RANCH LLC", "ranch_component": "Mountain Sky Guest Ranch", "matched_grouped_entity": "ARTHUR BLANK / AMB WEST", "match_reason": "Official AMB West page says Arthur Blank purchased Mountain Sky in 2001; current Montana Water Court records also jointly identify Arthur M. Blank and Mountain Sky Guest Ranch LLC." }, "geometry": { "type": "Polygon", "coordinates": [ [ [ -110.905065739836658, 45.316882826733824 ], [ -110.90510786939798, 45.315097778780562 ], [ -110.90735427844163, 45.315085965366521 ], [ -110.907446845091016, 45.311534533963631 ], [ -110.907538753213444, 45.307982158093274 ], [ -110.91251439059144, 45.30792553544704 ], [ -110.916662252847061, 45.307874381010961 ], [ -110.916697926450311, 45.308059337756632 ], [ -110.920470177375535, 45.308091911972539 ], [ -110.920468884938188, 45.309384413226901 ], [ -110.919753547427547, 45.309252991364772 ], [ -110.919552149123575, 45.309140733549988 ], [ -110.919320382713465, 45.309135214270071 ], [ -110.919291129639973, 45.309210755417062 ], [ -110.919118013374231, 45.309345818980837 ], [ -110.918948975519356, 45.309343068393204 ], [ -110.918864416571068, 45.30939557940119 ], [ -110.91884691146214, 45.309597881449839 ], [ -110.918912951282977, 45.309729472252265 ], [ -110.918995823419436, 45.309825460949945 ], [ -110.919137054994195, 45.309915996874814 ], [ -110.919132515656869, 45.310036822158651 ], [ -110.919090348669286, 45.310200428088002 ], [ -110.919085087945604, 45.31059022005234 ], [ -110.91895724839793, 45.310855075670446 ], [ -110.918994318064122, 45.310903759971964 ], [ -110.919086147411491, 45.310940403069829 ], [ -110.91930265235392, 45.311006128650519 ], [ -110.919304747919952, 45.311052953150785 ], [ -110.919273934513654, 45.311122913042809 ], [ -110.919221290405901, 45.311172033338849 ], [ -110.919159905455501, 45.311177785795259 ], [ -110.919120442730261, 45.311186835775381 ], [ -110.919107239402692, 45.311207032408888 ], [ -110.91910932652722, 45.311250752623835 ], [ -110.919139786468051, 45.311335259328438 ], [ -110.919163820792107, 45.311361985226959 ], [ -110.919319247194196, 45.311388169658173 ], [ -110.919369567237368, 45.31141508683843 ], [ -110.919384828871657, 45.311454218256046 ], [ -110.919389103008356, 45.3115104172076 ], [ -110.919345708132838, 45.311576565935951 ], [ -110.919336881361644, 45.311606143141624 ], [ -110.919352158166149, 45.311637470621932 ], [ -110.919560235747412, 45.311685877841825 ], [ -110.919643367812583, 45.311775439827599 ], [ -110.919720063499639, 45.311780702754582 ], [ -110.919783576462919, 45.311796781380743 ], [ -110.919833893198813, 45.311879847615515 ], [ -110.919873234057206, 45.311984646419468 ], [ -110.919887087752912, 45.31200446012781 ], [ -110.919939709903488, 45.312009533112473 ], [ -110.919981326824143, 45.312053519004479 ], [ -110.919990063602683, 45.312089453911476 ], [ -110.920018552565182, 45.312106820254293 ], [ -110.920191740102595, 45.312181407970982 ], [ -110.920180752498325, 45.312212515147067 ], [ -110.920106073340136, 45.31229150366822 ], [ -110.920097269584673, 45.312321071649762 ], [ -110.920099418407844, 45.312398582148148 ], [ -110.920081819165404, 45.312440568648249 ], [ -110.92005543603365, 45.312465343550407 ], [ -110.920055425398928, 45.31247937514236 ], [ -110.920079534070297, 45.312510744362513 ], [ -110.920112450272882, 45.312523461801177 ], [ -110.9201804395897, 45.31256605981492 ], [ -110.920195777860059, 45.312600494412777 ], [ -110.920206584709675, 45.31276124040297 ], [ -110.920241964269763, 45.312833017007137 ], [ -110.920233107628661, 45.312878197692612 ], [ -110.920254863629637, 45.31299535999041 ], [ -110.920320651501598, 45.313045737653056 ], [ -110.920364470219724, 45.313103775320897 ], [ -110.920403805614399, 45.313216377830045 ], [ -110.920390499769297, 45.313281818828827 ], [ -110.920331008269926, 45.313384055038526 ], [ -110.920343410514292, 45.313441826859155 ], [ -110.91662993040093, 45.313464893881857 ], [ -110.916614170538836, 45.314995896019823 ], [ -110.91660078380346, 45.31709432523602 ], [ -110.916591451687893, 45.318556340920189 ], [ -110.911962539778216, 45.318580775289185 ], [ -110.907241528490673, 45.318612065338108 ], [ -110.904974183283002, 45.318596188386088 ], [ -110.905065739836658, 45.316882826733824 ] ] ] } },
{ "type": "Feature", "properties": { "PARCELID": "49043118106070000", "CountyName": "Park", "PropertyID": 669148, "Township": "06 S", "Range": "07 E", "Section": "18", "LegalDescr": "S18, T06 S, R07 E, C.O.S. 415, PARCEL 2", "TotalAcres": 20.0, "OwnerName": "MOUNTAIN SKY GUEST RANCH LLC", "OwnerAddre": "MAIL TO:  YANCEY ARTEBURN", "OwnerAdd_1": "PO BOX 1219", "OwnerAdd_2": null, "OwnerCity": "EMIGRANT", "OwnerState": "MT", "OwnerZipCo": "59027-1219", "DbaName": null, "CareOfTaxp": null, "normalized_owner_name": "MOUNTAIN SKY GUEST RANCH LLC", "ranch_component": "Mountain Sky Guest Ranch", "matched_grouped_entity": "ARTHUR BLANK / AMB WEST", "match_reason": "Official AMB West page says Arthur Blank purchased Mountain Sky in 2001; current Montana Water Court records also jointly identify Arthur M. Blank and Mountain Sky Guest Ranch LLC." }, "geometry": { "type": "Polygon", "coordinates": [ [ [ -110.901760696413746, 45.318573601883472 ], [ -110.89970650026433, 45.318559113749508 ], [ -110.899813765095374, 45.317943063781755 ], [ -110.900015574004428, 45.317502659218526 ], [ -110.899773190632203, 45.316819101969386 ], [ -110.905065739836658, 45.316882826733824 ], [ -110.904974183283002, 45.318596188386088 ], [ -110.902109305507167, 45.318576057036644 ], [ -110.901760696413746, 45.318573601883472 ] ] ] } },
{ "type": "Feature", "properties": { "PARCELID": "49043118101100000", "CountyName": "Park", "PropertyID": 668985, "Township": "06 S", "Range": "07 E", "Section": "18", "LegalDescr": "S18, T06 S, R07 E, C.O.S. 415, PARCEL 1 & 3", "TotalAcres": 40.0, "OwnerName": "MOUNTAIN SKY GUEST RANCH LLC", "OwnerAddre": "MAIL TO:  YANCEY ARTEBURN", "OwnerAdd_1": "PO BOX 1219", "OwnerAdd_2": null, "OwnerCity": "EMIGRANT", "OwnerState": "MT", "OwnerZipCo": "59027-1219", "DbaName": null, "CareOfTaxp": null, "normalized_owner_name": "MOUNTAIN SKY GUEST RANCH LLC", "ranch_component": "Mountain Sky Guest Ranch", "matched_grouped_entity": "ARTHUR BLANK / AMB WEST", "match_reason": "Official AMB West page says Arthur Blank purchased Mountain Sky in 2001; current Montana Water Court records also jointly identify Arthur M. Blank and Mountain Sky Guest Ranch LLC." }, "geometry": { "type": "Polygon", "coordinates": [ [ [ -110.896977118363381, 45.318539803018233 ], [ -110.897196484781205, 45.315161724359911 ], [ -110.899493431577739, 45.315173783890941 ], [ -110.90510786939798, 45.315097778780562 ], [ -110.905065739836658, 45.316882826733824 ], [ -110.899773190632203, 45.316819101969386 ], [ -110.900015574004428, 45.317502659218526 ], [ -110.899813765095374, 45.317943063781755 ], [ -110.89970650026433, 45.318559113749508 ], [ -110.898786477009182, 45.318552610669329 ], [ -110.896977118363381, 45.318539803018233 ] ] ] } },
{ "type": "Feature", "properties": { "PARCELID": "49043128101050000", "CountyName": "Park", "PropertyID": 669454, "Township": "06 S", "Range": "07 E", "Section": "28", "LegalDescr": "S28, T06 S, R07 E, C.O.S. 180A, PARCEL A B & C LESS MS-2 OF COS 2131", "TotalAcres": 38.237, "OwnerName": "WEST CREEK RANCH LLC", "OwnerAddre": "PO BOX 318", "OwnerAdd_1": null, "OwnerAdd_2": null, "OwnerCity": "EMIGRANT", "OwnerState": "MT", "OwnerZipCo": "59027-0318", "DbaName": null, "CareOfTaxp": "BRIANNE DOWNEY", "normalized_owner_name": "WEST CREEK RANCH LLC", "ranch_component": "West Creek Ranch", "matched_grouped_entity": "ARTHUR BLANK / AMB WEST", "match_reason": "Official AMB West page says Arthur Blank purchased West Creek in 2017; cadastral owner uses AMB West's shared PO Box 318 Emigrant address." }, "geometry": { "type": "Polygon", "coordinates": [ [ [ -110.866398324582704, 45.293370177704908 ], [ -110.865745180750224, 45.293251578061088 ], [ -110.863988414760485, 45.293584238796448 ], [ -110.863400225126441, 45.293539306765766 ], [ -110.863452442608718, 45.293046192044081 ], [ -110.866346312993983, 45.293011214943213 ], [ -110.866826605521823, 45.290663213411605 ], [ -110.870106131932872, 45.290403705115253 ], [ -110.871490961239587, 45.290927710258323 ], [ -110.871484650633008, 45.293180185898471 ], [ -110.876181154413928, 45.293272891331362 ], [ -110.876183147263077, 45.293589947660799 ], [ -110.869112257373573, 45.293568642725305 ], [ -110.866547820392341, 45.293573966722079 ], [ -110.866398324582704, 45.293370177704908 ] ] ] } },
{ "type": "Feature", "properties": { "PARCELID": "49060624430010000", "CountyName": "Park", "PropertyID": 661766, "Township": "04 S", "Range": "08 E", "Section": "24", "LegalDescr": "S24, T04 S, R08 E, SE4SE4 LESS C/S 244", "TotalAcres": 24.245, "OwnerName": "PARADISE VALLEY RANCH LLC", "OwnerAddre": "PO BOX 318", "OwnerAdd_1": null, "OwnerAdd_2": null, "OwnerCity": "EMIGRANT", "OwnerState": "MT", "OwnerZipCo": "59027-0318", "DbaName": null, "CareOfTaxp": null, "normalized_owner_name": "PARADISE VALLEY RANCH LLC", "ranch_component": "Paradise Valley Ranch", "matched_grouped_entity": "ARTHUR BLANK / AMB WEST", "match_reason": "Official AMB West page says Arthur Blank purchased PVR in 2019; cadastral owner uses AMB West's shared PO Box 318 Emigrant address." }, "geometry": { "type": "Polygon", "coordinates": [ [ [ -110.671722549424658, 45.470830414089015 ], [ -110.67192289458292, 45.470661153496735 ], [ -110.672129582195637, 45.470495711653605 ], [ -110.672342465251276, 45.470334206188404 ], [ -110.672561392337371, 45.470176751930111 ], [ -110.673439938106782, 45.469561714959276 ], [ -110.673589166957015, 45.469460178130802 ], [ -110.67374241510197, 45.469361649939316 ], [ -110.673899560052348, 45.469266209123262 ], [ -110.676098694114003, 45.467968422054923 ], [ -110.676480143633739, 45.467743288045369 ], [ -110.676616421237654, 45.46766337342487 ], [ -110.676755024436886, 45.467585464384982 ], [ -110.676884789001818, 45.467585223829069 ], [ -110.676903235610695, 45.47118503495232 ], [ -110.671724139130788, 45.471387806713906 ], [ -110.671722549424658, 45.470830414089015 ] ] ] } },
{ "type": "Feature", "properties": { "PARCELID": "49043132301010000", "CountyName": "Park", "PropertyID": 669725, "Township": "06 S", "Range": "07 E", "Section": "32", "LegalDescr": "S32, T06 S, R07 E, ALL", "TotalAcres": 640.0, "OwnerName": "WEST CREEK RANCH LLC", "OwnerAddre": "PO BOX 318", "OwnerAdd_1": null, "OwnerAdd_2": null, "OwnerCity": "EMIGRANT", "OwnerState": "MT", "OwnerZipCo": "59027-0318", "DbaName": null, "CareOfTaxp": "BRIANNE DOWNEY", "normalized_owner_name": "WEST CREEK RANCH LLC", "ranch_component": "West Creek Ranch", "matched_grouped_entity": "ARTHUR BLANK / AMB WEST", "match_reason": "Official AMB West page says Arthur Blank purchased West Creek in 2017; cadastral owner uses AMB West's shared PO Box 318 Emigrant address." }, "geometry": { "type": "Polygon", "coordinates": [ [ [ -110.886638252313219, 45.27896093094261 ], [ -110.881477111682855, 45.278797072972935 ], [ -110.876320593997576, 45.278633394971656 ], [ -110.876316325635273, 45.278633237313485 ], [ -110.878066836371815, 45.275323936126327 ], [ -110.879817342827778, 45.272014610328959 ], [ -110.881567848742179, 45.268705307584291 ], [ -110.883318374585812, 45.2653959799392 ], [ -110.887546700438349, 45.265397453810444 ], [ -110.891774940566776, 45.265398947581787 ], [ -110.896002818587107, 45.265400417938743 ], [ -110.900231211169555, 45.265402358792812 ], [ -110.899413227637439, 45.268873566909754 ], [ -110.89859552012625, 45.272345231016168 ], [ -110.897777913352257, 45.275816921283521 ], [ -110.896959918299032, 45.279288507050438 ], [ -110.891799137964142, 45.279124853926191 ], [ -110.886638252313219, 45.27896093094261 ] ] ] } },
{ "type": "Feature", "properties": { "PARCELID": "49043001101010000", "CountyName": "Park", "PropertyID": 670346, "Township": "06 S", "Range": "06 E", "Section": "01", "LegalDescr": "S01, T06 S, R06 E, LOTS 1 THRU 12. SW4, SE4 (ALL)", "TotalAcres": 713.199, "OwnerName": "MOUNTAIN SKY GUEST RANCH LLC", "OwnerAddre": "PO BOX 1219", "OwnerAdd_1": null, "OwnerAdd_2": null, "OwnerCity": "EMIGRANT", "OwnerState": "MT", "OwnerZipCo": "59027-1219", "DbaName": null, "CareOfTaxp": null, "normalized_owner_name": "MOUNTAIN SKY GUEST RANCH LLC", "ranch_component": "Mountain Sky Guest Ranch", "matched_grouped_entity": "ARTHUR BLANK / AMB WEST", "match_reason": "Official AMB West page says Arthur Blank purchased Mountain Sky in 2001; current Montana Water Court records also jointly identify Arthur M. Blank and Mountain Sky Guest Ranch LLC." }, "geometry": { "type": "Polygon", "coordinates": [ [ [ -110.917787217499693, 45.351170884908491 ], [ -110.916563032419432, 45.351169936128557 ], [ -110.916557736012706, 45.349564456735457 ], [ -110.916549472552987, 45.34741771230857 ], [ -110.916544666205525, 45.345953134157071 ], [ -110.916536660240567, 45.343806388057935 ], [ -110.916531722268857, 45.342341630582062 ], [ -110.916522396859079, 45.340200082076798 ], [ -110.916529839496988, 45.338743939811145 ], [ -110.916540707467249, 45.336612609705917 ], [ -110.916548218571577, 45.335152259416844 ], [ -110.921705338402887, 45.335179359042698 ], [ -110.926824730718096, 45.335168692115076 ], [ -110.931944143730846, 45.335158024724144 ], [ -110.937063813525512, 45.335147355612079 ], [ -110.937084578286687, 45.338762252266434 ], [ -110.93710547266798, 45.342377174021244 ], [ -110.937120554787228, 45.345992952033733 ], [ -110.937135738346498, 45.349608730275094 ], [ -110.937141130229207, 45.351264985410495 ], [ -110.933157919009048, 45.351256000838575 ], [ -110.932006170125689, 45.351253392860578 ], [ -110.928046532355751, 45.351244473768951 ], [ -110.926871187205606, 45.351243658698678 ], [ -110.922935100485788, 45.351234836348787 ], [ -110.921735342398051, 45.351232120351796 ], [ -110.917787217499693, 45.351170884908491 ] ] ] } },
{ "type": "Feature", "properties": { "PARCELID": "49043105101010000", "CountyName": "Park", "PropertyID": 669224, "Township": "06 S", "Range": "07 E", "Section": "05", "LegalDescr": "S05, T06 S, R07 E, NE4 (REFERENCE COS 1877)", "TotalAcres": 160.0, "OwnerName": "MOUNTAIN SKY GUEST RANCH LLC", "OwnerAddre": "MAIL TO: YANCEY ARTEBURN", "OwnerAdd_1": "PO BOX 1219", "OwnerAdd_2": null, "OwnerCity": "EMIGRANT", "OwnerState": "MT", "OwnerZipCo": "59027-1219", "DbaName": null, "CareOfTaxp": null, "normalized_owner_name": "MOUNTAIN SKY GUEST RANCH LLC", "ranch_component": "Mountain Sky Guest Ranch", "matched_grouped_entity": "ARTHUR BLANK / AMB WEST", "match_reason": "Official AMB West page says Arthur Blank purchased Mountain Sky in 2001; current Montana Water Court records also jointly identify Arthur M. Blank and Mountain Sky Guest Ranch LLC." }, "geometry": { "type": "Polygon", "coordinates": [ [ [ -110.876769798701332, 45.351237613790261 ], [ -110.87642959656398, 45.351235914717066 ], [ -110.876435355486066, 45.347565356423111 ], [ -110.876440649582264, 45.34396657488292 ], [ -110.881577417728607, 45.343982334930992 ], [ -110.886713859684392, 45.34399801814034 ], [ -110.886693787231195, 45.347591921036255 ], [ -110.886668751211232, 45.351198627218366 ], [ -110.881912484514586, 45.35126003240633 ], [ -110.881567634011788, 45.351258444700711 ], [ -110.876769798701332, 45.351237613790261 ] ] ] } },
{ "type": "Feature", "properties": { "PARCELID": "49060704180010000", "CountyName": "Park", "PropertyID": 661865, "Township": "04 S", "Range": "09 E", "Section": "04", "LegalDescr": "S04, T04 S, R09 E, GOVT LOTS 1,2, SE4NW4 LESS 30'X660' & LOT 10 OF COS 1252 LESS COS 1948", "TotalAcres": 114.82, "OwnerName": "PARADISE VALLEY RANCH LLC", "OwnerAddre": "PO BOX 318", "OwnerAdd_1": null, "OwnerAdd_2": null, "OwnerCity": "EMIGRANT", "OwnerState": "MT", "OwnerZipCo": "59027-0318", "DbaName": null, "CareOfTaxp": null, "normalized_owner_name": "PARADISE VALLEY RANCH LLC", "ranch_component": "Paradise Valley Ranch", "matched_grouped_entity": "ARTHUR BLANK / AMB WEST", "match_reason": "Official AMB West page says Arthur Blank purchased PVR in 2019; cadastral owner uses AMB West's shared PO Box 318 Emigrant address." }, "geometry": { "type": "Polygon", "coordinates": [ [ [ -110.616327089902995, 45.525722203132773 ], [ -110.615491808909766, 45.52572627593424 ], [ -110.610386884409749, 45.525751289009513 ], [ -110.610262914156479, 45.522251464662112 ], [ -110.615390857642112, 45.522229538631194 ], [ -110.62050496679899, 45.522199189878926 ], [ -110.62041275347876, 45.518679381224487 ], [ -110.622974471837054, 45.518666842301037 ], [ -110.622972314829497, 45.518584625737859 ], [ -110.625524751632213, 45.51857207307804 ], [ -110.625614296504395, 45.522168904855498 ], [ -110.625615587137389, 45.522220758540577 ], [ -110.625508441647597, 45.52225917036322 ], [ -110.62540505380943, 45.522302372154975 ], [ -110.623691410240497, 45.523072335888628 ], [ -110.62354433630631, 45.523141970629872 ], [ -110.623402168355753, 45.52321647024754 ], [ -110.623265231783535, 45.523295664237594 ], [ -110.623133840015512, 45.523379371351403 ], [ -110.623008293791443, 45.523467400010432 ], [ -110.622916968813982, 45.523537204331461 ], [ -110.622829497341584, 45.523609406105635 ], [ -110.622749933439991, 45.523672359430442 ], [ -110.622663490436523, 45.523730659185695 ], [ -110.622570717344558, 45.523783935085945 ], [ -110.622472203387687, 45.523831848753225 ], [ -110.622368574257223, 45.523874095866574 ], [ -110.622260488137925, 45.523910408095141 ], [ -110.62214863152731, 45.523940554802756 ], [ -110.622015102594716, 45.523972277528671 ], [ -110.621978357290132, 45.523983523057971 ], [ -110.621944789773195, 45.52399891348955 ], [ -110.621915337764364, 45.524018018887688 ], [ -110.621890824018678, 45.524040305537618 ], [ -110.621871933341836, 45.52406515085471 ], [ -110.6218591934595, 45.524091860776217 ], [ -110.620554707730633, 45.524098082104913 ], [ -110.620576244371406, 45.524920197305043 ], [ -110.621573731878186, 45.525071186104149 ], [ -110.62175149411334, 45.525076997869903 ], [ -110.621793596856122, 45.525114179709441 ], [ -110.62187561103903, 45.525182165550362 ], [ -110.621963546733227, 45.525246390574857 ], [ -110.622057055683598, 45.525306600415163 ], [ -110.622155767558041, 45.525362556605202 ], [ -110.622259291414295, 45.525414037525067 ], [ -110.622367217248197, 45.52546083927902 ], [ -110.622478641696162, 45.525509885962229 ], [ -110.622584432182009, 45.525564751573583 ], [ -110.622683974958292, 45.525625117817661 ], [ -110.622776692517263, 45.525690634486693 ], [ -110.620596834437052, 45.525701377163166 ], [ -110.616327089902995, 45.525722203132773 ] ] ] } },
{ "type": "Feature", "properties": { "PARCELID": "49060705201010000", "CountyName": "Park", "PropertyID": 661258, "Township": "04 S", "Range": "09 E", "Section": "05", "LegalDescr": "S05, T04 S, R09 E, C.O.S. 1252, TRACTS 5,6,7,8", "TotalAcres": 129.289, "OwnerName": "PARADISE VALLEY RANCH LLC", "OwnerAddre": "PO BOX 318", "OwnerAdd_1": null, "OwnerAdd_2": null, "OwnerCity": "EMIGRANT", "OwnerState": "MT", "OwnerZipCo": "59027-0318", "DbaName": null, "CareOfTaxp": null, "normalized_owner_name": "PARADISE VALLEY RANCH LLC", "ranch_component": "Paradise Valley Ranch", "matched_grouped_entity": "ARTHUR BLANK / AMB WEST", "match_reason": "Official AMB West page says Arthur Blank purchased PVR in 2019; cadastral owner uses AMB West's shared PO Box 318 Emigrant address." }, "geometry": { "type": "Polygon", "coordinates": [ [ [ -110.649142532899887, 45.521977441371241 ], [ -110.649083943106746, 45.52195870535558 ], [ -110.648839261868986, 45.521883721609157 ], [ -110.648601071685377, 45.521810239664703 ], [ -110.648366201577275, 45.521731654523954 ], [ -110.648134872749353, 45.521648040204973 ], [ -110.647907303067981, 45.521559475462354 ], [ -110.647683706855787, 45.521466043713069 ], [ -110.647321177729765, 45.521309279358356 ], [ -110.647126087394781, 45.521228642980262 ], [ -110.646926518418368, 45.521153618118674 ], [ -110.646722797254171, 45.521084327491778 ], [ -110.646515257143705, 45.521020884437846 ], [ -110.646304237571442, 45.520963392729925 ], [ -110.646090083709836, 45.520911946406208 ], [ -110.645896151195018, 45.520871080841005 ], [ -110.645700241496712, 45.520835177187855 ], [ -110.64539542017134, 45.520780622089895 ], [ -110.645092619587714, 45.520720764569731 ], [ -110.644792026388487, 45.520655641524485 ], [ -110.644493825853701, 45.520585293096822 ], [ -110.644198201786551, 45.520509762650256 ], [ -110.64396616936051, 45.520451433077547 ], [ -110.643731364923227, 45.520398870830654 ], [ -110.643494078441051, 45.520352140818197 ], [ -110.643380093426202, 45.520333732643515 ], [ -110.643264744303394, 45.520320158335906 ], [ -110.64314844549898, 45.520311466664914 ], [ -110.643031614850472, 45.520307688857947 ], [ -110.642914672105846, 45.520308838487772 ], [ -110.642717212845795, 45.520317952613063 ], [ -110.642520497581273, 45.520333052246365 ], [ -110.64232489327091, 45.520354109220499 ], [ -110.642130764802033, 45.520381084255263 ], [ -110.641938474310294, 45.520413927030731 ], [ -110.641748380504538, 45.520452576281066 ], [ -110.641135529387441, 45.520587385325101 ], [ -110.640756465717587, 45.520674510507234 ], [ -110.640380659416508, 45.520768351493629 ], [ -110.64000835118749, 45.520868848184108 ], [ -110.639639779497301, 45.520975936215521 ], [ -110.63927518042361, 45.521089547002909 ], [ -110.636629458697811, 45.521942482780368 ], [ -110.636488780155219, 45.521984149465332 ], [ -110.63634470804422, 45.522019626576459 ], [ -110.636197792883607, 45.522048778549348 ], [ -110.636048596058913, 45.522071493988825 ], [ -110.635897687676717, 45.522087686094821 ], [ -110.635745644385622, 45.522097292994111 ], [ -110.635593047172179, 45.522100277976833 ], [ -110.630734538065042, 45.522089341369025 ], [ -110.630663645552232, 45.518545522654769 ], [ -110.6358332586166, 45.51860118612948 ], [ -110.641002340166267, 45.518656778208332 ], [ -110.646103190017641, 45.518626457943192 ], [ -110.651203766989653, 45.518596166142345 ], [ -110.651216474508644, 45.522093699836681 ], [ -110.651218614220554, 45.522712612449048 ], [ -110.65096872434043, 45.522626733929641 ], [ -110.650720781677634, 45.52253811097173 ], [ -110.64982079193318, 45.522210176315056 ], [ -110.649483662594008, 45.522090927917077 ], [ -110.649142532899887, 45.521977441371241 ] ] ] } },
{ "type": "Feature", "properties": { "PARCELID": "49060718401010000", "CountyName": "Park", "PropertyID": 661825, "Township": "04 S", "Range": "09 E", "Section": "18", "LegalDescr": "S18, T04 S, R09 E, SE4 LESS C/S #1212", "TotalAcres": 115.893, "OwnerName": "PARADISE VALLEY RANCH LLC", "OwnerAddre": "PO BOX 318", "OwnerAdd_1": null, "OwnerAdd_2": null, "OwnerCity": "EMIGRANT", "OwnerState": "MT", "OwnerZipCo": "59027-0318", "DbaName": null, "CareOfTaxp": null, "normalized_owner_name": "PARADISE VALLEY RANCH LLC", "ranch_component": "Paradise Valley Ranch", "matched_grouped_entity": "ARTHUR BLANK / AMB WEST", "match_reason": "Official AMB West page says Arthur Blank purchased PVR in 2019; cadastral owner uses AMB West's shared PO Box 318 Emigrant address." }, "geometry": { "type": "Polygon", "coordinates": [ [ [ -110.651172374799955, 45.489516230678774 ], [ -110.651163296008079, 45.485872476842566 ], [ -110.651153805615195, 45.482228811117011 ], [ -110.65632275757423, 45.482359505397717 ], [ -110.656323722027793, 45.482359673597777 ], [ -110.657681739880587, 45.482394078475586 ], [ -110.657506876466684, 45.482566272636625 ], [ -110.657431334638815, 45.482647737369 ], [ -110.657362102476739, 45.482731930802196 ], [ -110.657299378672249, 45.482818611342417 ], [ -110.657243343243991, 45.482907530257933 ], [ -110.656488620045579, 45.484196726216034 ], [ -110.656285768068571, 45.484543222529375 ], [ -110.656234873957985, 45.484622491160941 ], [ -110.656176431863827, 45.484699140846914 ], [ -110.656110712512344, 45.484772816475754 ], [ -110.656038020348348, 45.484843176713085 ], [ -110.655958692124969, 45.484909895583137 ], [ -110.655873095343935, 45.484972663979384 ], [ -110.655781626553036, 45.485031191096574 ], [ -110.655684709509131, 45.485085205778454 ], [ -110.655582793214847, 45.485134457773995 ], [ -110.655476349838324, 45.485178718897259 ], [ -110.654995802549351, 45.485363486823204 ], [ -110.654748905239444, 45.485455517094643 ], [ -110.65449868468572, 45.485542994273665 ], [ -110.654245310555396, 45.485625859038777 ], [ -110.653988954656626, 45.485704055196187 ], [ -110.653729790821856, 45.485777529717723 ], [ -110.653467994789892, 45.485846232777014 ], [ -110.653507387079856, 45.485923768408973 ], [ -110.654744821425751, 45.487735440342966 ], [ -110.657782568981432, 45.486571892136347 ], [ -110.658942445730162, 45.485301418732156 ], [ -110.661189794448489, 45.482839580745484 ], [ -110.66149133285225, 45.482490473358396 ], [ -110.661512280335501, 45.486131603924427 ], [ -110.661517998372602, 45.48945380280945 ], [ -110.656344098360464, 45.489485522653474 ], [ -110.651172374799955, 45.489516230678774 ] ] ] } },
{ "type": "Feature", "properties": { "PARCELID": "49034204201100000", "CountyName": "Park", "PropertyID": 669291, "Township": "07 S", "Range": "07 E", "Section": "04", "LegalDescr": "S04, T07 S, R07 E, GOVT LOTS 11, 12, 13, 14, 15", "TotalAcres": 136.85, "OwnerName": "WEST CREEK RANCH LLC", "OwnerAddre": "PO BOX 318", "OwnerAdd_1": null, "OwnerAdd_2": null, "OwnerCity": "EMIGRANT", "OwnerState": "MT", "OwnerZipCo": "59027-0318", "DbaName": null, "CareOfTaxp": "BRIANNE DOWNEY", "normalized_owner_name": "WEST CREEK RANCH LLC", "ranch_component": "West Creek Ranch", "matched_grouped_entity": "ARTHUR BLANK / AMB WEST", "match_reason": "Official AMB West page says Arthur Blank purchased West Creek in 2017; cadastral owner uses AMB West's shared PO Box 318 Emigrant address." }, "geometry": { "type": "Polygon", "coordinates": [ [ [ -110.876572098654989, 45.265399948886547 ], [ -110.876511832377219, 45.261777573015749 ], [ -110.8782065344556, 45.261784641686077 ], [ -110.881610940481153, 45.26179879977817 ], [ -110.88160536215112, 45.26143670621974 ], [ -110.881630335607014, 45.258186829406526 ], [ -110.87650949544404, 45.2581875698503 ], [ -110.876513579774453, 45.257456494768974 ], [ -110.876530259329996, 45.254001793782166 ], [ -110.876527922318729, 45.250952190405322 ], [ -110.875151175226307, 45.250952549270849 ], [ -110.874357272466625, 45.25095267313376 ], [ -110.880248948541862, 45.249480054212285 ], [ -110.880993624457901, 45.253455721344814 ], [ -110.881725830931771, 45.257459362138917 ], [ -110.88245892303128, 45.261437189144246 ], [ -110.883318374585812, 45.2653959799392 ], [ -110.879070511701485, 45.265398762316799 ], [ -110.876572098654989, 45.265399948886547 ] ] ] } },
{ "type": "Feature", "properties": { "PARCELID": "49034204201150000", "CountyName": "Park", "PropertyID": 669757, "Township": "07 S", "Range": "07 E", "Section": "04", "LegalDescr": "S04, T07 S, R07 E, GOVT TRACT 38 (GOVT LOTS 2,3, S2NW4)", "TotalAcres": 160.96, "OwnerName": "WEST CREEK RANCH LLC", "OwnerAddre": "PO BOX 318", "OwnerAdd_1": null, "OwnerAdd_2": null, "OwnerCity": "EMIGRANT", "OwnerState": "MT", "OwnerZipCo": "59027-0318", "DbaName": null, "CareOfTaxp": "BRIANNE DOWNEY", "normalized_owner_name": "WEST CREEK RANCH LLC", "ranch_component": "West Creek Ranch", "matched_grouped_entity": "ARTHUR BLANK / AMB WEST", "match_reason": "Official AMB West page says Arthur Blank purchased West Creek in 2017; cadastral owner uses AMB West's shared PO Box 318 Emigrant address." }, "geometry": { "type": "Polygon", "coordinates": [ [ [ -110.868550511063759, 45.265403808741141 ], [ -110.866329954106433, 45.265405152705199 ], [ -110.86625993536812, 45.26176768598566 ], [ -110.871398195367988, 45.261770248791727 ], [ -110.871387331651619, 45.258181004034398 ], [ -110.87650949544404, 45.2581875698503 ], [ -110.881630335607014, 45.258186829406526 ], [ -110.88160536215112, 45.26143670621974 ], [ -110.881610940481153, 45.26179879977817 ], [ -110.8782065344556, 45.261784641686077 ], [ -110.876511832377219, 45.261777573015749 ], [ -110.876572098654989, 45.265399948886547 ], [ -110.874822991855751, 45.265400431785551 ], [ -110.870576470507231, 45.26540279211337 ], [ -110.868550511063759, 45.265403808741141 ] ] ] } },
{ "type": "Feature", "properties": { "PARCELID": "49034204201010000", "CountyName": "Park", "PropertyID": 669293, "Township": "07 S", "Range": "07 E", "Section": "04", "LegalDescr": "S04, T07 S, R07 E, C.O.S. 986, PARCEL 1-2", "TotalAcres": 116.37, "OwnerName": "WEST CREEK RANCH LLC", "OwnerAddre": "PO BOX 318", "OwnerAdd_1": null, "OwnerAdd_2": null, "OwnerCity": "EMIGRANT", "OwnerState": "MT", "OwnerZipCo": "59027-0318", "DbaName": null, "CareOfTaxp": "BRIANNE DOWNEY", "normalized_owner_name": "WEST CREEK RANCH LLC", "ranch_component": "West Creek Ranch", "matched_grouped_entity": "ARTHUR BLANK / AMB WEST", "match_reason": "Official AMB West page says Arthur Blank purchased West Creek in 2017; cadastral owner uses AMB West's shared PO Box 318 Emigrant address." }, "geometry": { "type": "Polygon", "coordinates": [ [ [ -110.863685002708877, 45.264839604304456 ], [ -110.867064591538764, 45.258221310370615 ], [ -110.867358609982787, 45.258219296415952 ], [ -110.869092548765536, 45.258207964855771 ], [ -110.870343620162018, 45.258200451978873 ], [ -110.871426582197842, 45.257288207893474 ], [ -110.872106553615438, 45.256451013656495 ], [ -110.872696758970434, 45.255100233660897 ], [ -110.872455674280104, 45.254467462670931 ], [ -110.872272087647161, 45.253984432782673 ], [ -110.872775900928744, 45.253308917834758 ], [ -110.872833990338052, 45.25323148119675 ], [ -110.873403022693964, 45.253196219390851 ], [ -110.873585069620532, 45.252559163435237 ], [ -110.873806898091047, 45.252342688957071 ], [ -110.874369408193388, 45.251793562878952 ], [ -110.875151175226307, 45.250952549270849 ], [ -110.876527922318729, 45.250952190405322 ], [ -110.876530259329996, 45.254001793782166 ], [ -110.876513579774453, 45.257456494768974 ], [ -110.87650949544404, 45.2581875698503 ], [ -110.871387331651619, 45.258181004034398 ], [ -110.871398195367988, 45.261770248791727 ], [ -110.86625993536812, 45.26176768598566 ], [ -110.866329954106433, 45.265405152705199 ], [ -110.863365693075139, 45.265400134994088 ], [ -110.863685002708877, 45.264839604304456 ] ] ] } },
{ "type": "Feature", "properties": { "PARCELID": "49034101301010000", "CountyName": "Park", "PropertyID": 664970, "Township": "07 S", "Range": "06 E", "Section": "01", "LegalDescr": "S01, T07 S, R06 E, ACRES 639, ALL", "TotalAcres": 639.0, "OwnerName": "WEST CREEK RANCH LLC", "OwnerAddre": "PO BOX 318", "OwnerAdd_1": null, "OwnerAdd_2": null, "OwnerCity": "EMIGRANT", "OwnerState": "MT", "OwnerZipCo": "59027-0318", "DbaName": null, "CareOfTaxp": "BRIANNE DOWNEY", "normalized_owner_name": "WEST CREEK RANCH LLC", "ranch_component": "West Creek Ranch", "matched_grouped_entity": "ARTHUR BLANK / AMB WEST", "match_reason": "Official AMB West page says Arthur Blank purchased West Creek in 2017; cadastral owner uses AMB West's shared PO Box 318 Emigrant address." }, "geometry": { "type": "Polygon", "coordinates": [ [ [ -110.916540085673461, 45.262929220992106 ], [ -110.916571027311747, 45.260594299697161 ], [ -110.916587412553483, 45.259339696787769 ], [ -110.916635025405697, 45.255750785363993 ], [ -110.916578932845368, 45.252112054282193 ], [ -110.916472362973977, 45.248517811449652 ], [ -110.921565791967538, 45.248539213218649 ], [ -110.926659427882853, 45.248560594424212 ], [ -110.931752837522495, 45.248582004735866 ], [ -110.936846219588332, 45.248603391206352 ], [ -110.936854566760729, 45.252197569696598 ], [ -110.936862456168683, 45.255791749656112 ], [ -110.936832408292247, 45.259379432125193 ], [ -110.936802481590959, 45.262923755417347 ], [ -110.931935084550247, 45.262908574122662 ], [ -110.931648674102419, 45.262909622991607 ], [ -110.926800498441864, 45.262924409634053 ], [ -110.926556856429443, 45.262924881593449 ], [ -110.92166618450787, 45.262939949911022 ], [ -110.921544211487571, 45.262940292975003 ], [ -110.916540085673461, 45.262929220992106 ] ] ] } },
{ "type": "Feature", "properties": { "PARCELID": "49060611101010000", "CountyName": "Park", "PropertyID": 661710, "Township": "04 S", "Range": "08 E", "Section": "11", "LegalDescr": "S11, T04 S, R08 E, ALL E OF CO RD LESS COS 1525 IN S2", "TotalAcres": 189.533, "OwnerName": "PARADISE VALLEY RANCH LLC", "OwnerAddre": "PO BOX 318", "OwnerAdd_1": null, "OwnerAdd_2": null, "OwnerCity": "EMIGRANT", "OwnerState": "MT", "OwnerZipCo": "59027-0318", "DbaName": null, "CareOfTaxp": null, "normalized_owner_name": "PARADISE VALLEY RANCH LLC", "ranch_component": "Paradise Valley Ranch", "matched_grouped_entity": "ARTHUR BLANK / AMB WEST", "match_reason": "Official AMB West page says Arthur Blank purchased PVR in 2019; cadastral owner uses AMB West's shared PO Box 318 Emigrant address." }, "geometry": { "type": "Polygon", "coordinates": [ [ [ -110.69244505973036, 45.511188914642666 ], [ -110.692477796242187, 45.50752658558261 ], [ -110.692599394492817, 45.503797749322118 ], [ -110.698660697425041, 45.503791001686395 ], [ -110.702169496769486, 45.501631274033286 ], [ -110.70222684146519, 45.501661515350087 ], [ -110.702277962126843, 45.501696847686716 ], [ -110.702321951793181, 45.501736644200662 ], [ -110.702358030011212, 45.501780198847584 ], [ -110.702385556683225, 45.501826738906921 ], [ -110.702653035893576, 45.502380663618048 ], [ -110.702723949231412, 45.502535957052132 ], [ -110.702787585947618, 45.502692801571605 ], [ -110.702843877590837, 45.50285102861924 ], [ -110.702892763601596, 45.503010468150741 ], [ -110.702934191377793, 45.503170948817157 ], [ -110.703128089340993, 45.503999659829816 ], [ -110.703176657975263, 45.504187386802876 ], [ -110.70323432195589, 45.504373836991633 ], [ -110.703301014008247, 45.504558792573093 ], [ -110.703376656308222, 45.50474203746829 ], [ -110.703461160572886, 45.5049233575945 ], [ -110.703531637463669, 45.505066245419556 ], [ -110.70361005195339, 45.505232076784701 ], [ -110.703682380741228, 45.505399270234776 ], [ -110.703758988490875, 45.505595838653534 ], [ -110.703827207316635, 45.505793929220154 ], [ -110.703886976179675, 45.505993364957057 ], [ -110.703938241588773, 45.50619396768289 ], [ -110.704029779852405, 45.506585618257795 ], [ -110.704060348304225, 45.506696668532129 ], [ -110.704099870086893, 45.506806312964763 ], [ -110.704148216719645, 45.506914194966981 ], [ -110.704205231018719, 45.507019963679895 ], [ -110.704270727607877, 45.507123275115461 ], [ -110.704434600623927, 45.507362988032511 ], [ -110.704815432371902, 45.507920039646471 ], [ -110.70485903388591, 45.507988262777602 ], [ -110.704897768698814, 45.508057922690895 ], [ -110.704938536572399, 45.508145173867227 ], [ -110.704971671771688, 45.508234008792435 ], [ -110.704997051254651, 45.508324097692615 ], [ -110.705014580768577, 45.508415106137235 ], [ -110.705024195200536, 45.508506696280449 ], [ -110.705025858819695, 45.508598528115364 ], [ -110.705025290227539, 45.50861560104677 ], [ -110.705002015954705, 45.50870172049104 ], [ -110.704675235055305, 45.509702394069784 ], [ -110.704662521626318, 45.509747204306393 ], [ -110.704642692158217, 45.509790718389226 ], [ -110.704616000345226, 45.509832379571648 ], [ -110.704582787684814, 45.509871654812997 ], [ -110.704571104177319, 45.50988338973962 ], [ -110.704437641613893, 45.50996982389205 ], [ -110.703765057254031, 45.510283937246307 ], [ -110.70306728946494, 45.510805209006513 ], [ -110.702893904639879, 45.511016305056998 ], [ -110.702826317642831, 45.511145888609192 ], [ -110.697635700822218, 45.511167398678289 ], [ -110.697503929771997, 45.511167947623377 ], [ -110.69244505973036, 45.511188914642666 ] ] ] } },
{ "type": "Feature", "properties": { "PARCELID": "49060612101010000", "CountyName": "Park", "PropertyID": 661711, "Township": "04 S", "Range": "08 E", "Section": "12", "LegalDescr": "S12, T04 S, R08 E, ALL LESS COS 1525 IN SE4", "TotalAcres": 548.883, "OwnerName": "PARADISE VALLEY RANCH LLC", "OwnerAddre": "PO BOX 318", "OwnerAdd_1": null, "OwnerAdd_2": null, "OwnerCity": "EMIGRANT", "OwnerState": "MT", "OwnerZipCo": "59027-0318", "DbaName": null, "CareOfTaxp": null, "normalized_owner_name": "PARADISE VALLEY RANCH LLC", "ranch_component": "Paradise Valley Ranch", "matched_grouped_entity": "ARTHUR BLANK / AMB WEST", "match_reason": "Official AMB West page says Arthur Blank purchased PVR in 2019; cadastral owner uses AMB West's shared PO Box 318 Emigrant address." }, "geometry": { "type": "Polygon", "coordinates": [ [ [ -110.67184176263271, 45.507498330156253 ], [ -110.671826960573313, 45.50388003060587 ], [ -110.671811643428967, 45.500261557389109 ], [ -110.671795255317733, 45.496641081086082 ], [ -110.676972799045259, 45.496634930449503 ], [ -110.688379865687068, 45.496517309748981 ], [ -110.687983687855862, 45.497469463619474 ], [ -110.688777261264292, 45.499040244160739 ], [ -110.688435830703909, 45.499485591208689 ], [ -110.686912856037964, 45.501438735638871 ], [ -110.685548102456337, 45.501207905759863 ], [ -110.68438394575621, 45.502402622694305 ], [ -110.684227841699538, 45.503830920141674 ], [ -110.692599394492817, 45.503797749322118 ], [ -110.692477796242187, 45.50752658558261 ], [ -110.69244505973036, 45.511188914642666 ], [ -110.687298015383192, 45.511170865070454 ], [ -110.682150816964622, 45.511152816089997 ], [ -110.677004159462669, 45.511134761236214 ], [ -110.671856944711976, 45.511116713036309 ], [ -110.67184176263271, 45.507498330156253 ] ] ] } },
{ "type": "Feature", "properties": { "PARCELID": "49060624101010000", "CountyName": "Park", "PropertyID": 661762, "Township": "04 S", "Range": "08 E", "Section": "24", "LegalDescr": "S24, T04 S, R08 E, ACRES 595.16, ALL LESS SE4SE4 & POR COS 2187", "TotalAcres": 595.16, "OwnerName": "PARADISE VALLEY RANCH LLC", "OwnerAddre": "PO BOX 318", "OwnerAdd_1": null, "OwnerAdd_2": null, "OwnerCity": "EMIGRANT", "OwnerState": "MT", "OwnerZipCo": "59027-0318", "DbaName": null, "CareOfTaxp": null, "normalized_owner_name": "PARADISE VALLEY RANCH LLC", "ranch_component": "Paradise Valley Ranch", "matched_grouped_entity": "ARTHUR BLANK / AMB WEST", "match_reason": "Official AMB West page says Arthur Blank purchased PVR in 2019; cadastral owner uses AMB West's shared PO Box 318 Emigrant address." }, "geometry": { "type": "Polygon", "coordinates": [ [ [ -110.671754911425239, 45.478971399665504 ], [ -110.671734987680026, 45.475183425201472 ], [ -110.671731792666804, 45.474059561639862 ], [ -110.671724139130788, 45.471387806713906 ], [ -110.676903235610695, 45.47118503495232 ], [ -110.676884789001818, 45.467585223829069 ], [ -110.68205604141788, 45.467578426281747 ], [ -110.687227635766291, 45.467571585558623 ], [ -110.690854507884836, 45.467566809796075 ], [ -110.692423509779815, 45.470492752068338 ], [ -110.692429016577364, 45.471152378847393 ], [ -110.692458593379797, 45.474740792849083 ], [ -110.692459328585954, 45.474986878159804 ], [ -110.692473908562803, 45.478360319184205 ], [ -110.692488805489916, 45.481979644913046 ], [ -110.687310301489333, 45.482174601987701 ], [ -110.682131918307661, 45.482369559578153 ], [ -110.67695333767945, 45.482564534569264 ], [ -110.671774844363668, 45.482759380824966 ], [ -110.671754911425239, 45.478971399665504 ] ] ] } },
{ "type": "Feature", "properties": { "PARCELID": "49043107401050000", "CountyName": "Park", "PropertyID": 669479, "Township": "06 S", "Range": "07 E", "Section": "07", "LegalDescr": "S07, T06 S, R07 E, C.O.S. 2218, PARCEL KN", "TotalAcres": 93.99, "OwnerName": "MOUNTAIN SKY GUEST RANCH LLC", "OwnerAddre": "MAIL TO: YANCEY ARTEBURN", "OwnerAdd_1": "PO BOX 1219", "OwnerAdd_2": null, "OwnerCity": "EMIGRANT", "OwnerState": "MT", "OwnerZipCo": "59027-1219", "DbaName": null, "CareOfTaxp": null, "normalized_owner_name": "MOUNTAIN SKY GUEST RANCH LLC", "ranch_component": "Mountain Sky Guest Ranch", "matched_grouped_entity": "ARTHUR BLANK / AMB WEST", "match_reason": "Official AMB West page says Arthur Blank purchased Mountain Sky in 2001; current Montana Water Court records also jointly identify Arthur M. Blank and Mountain Sky Guest Ranch LLC." }, "geometry": { "type": "Polygon", "coordinates": [ [ [ -110.896854323417671, 45.325874334226484 ], [ -110.896814495460873, 45.322226148329953 ], [ -110.899361426222654, 45.322211628688507 ], [ -110.900282958943521, 45.322206360821887 ], [ -110.900346020234792, 45.323020231358335 ], [ -110.900570258576479, 45.324781985036267 ], [ -110.900711286554113, 45.325377677099297 ], [ -110.90073053779021, 45.32579365419047 ], [ -110.900904738117191, 45.328261439927303 ], [ -110.901029939582699, 45.331893506555787 ], [ -110.901396658729695, 45.333173973692041 ], [ -110.896940601744646, 45.333175314624519 ], [ -110.896897514528646, 45.329524365218077 ], [ -110.896854323417671, 45.325874334226484 ] ] ] } },
{ "type": "Feature", "properties": { "PARCELID": "49043106401010000", "CountyName": "Park", "PropertyID": 669207, "Township": "06 S", "Range": "07 E", "Section": "06", "LegalDescr": "S06, T06 S, R07 E, SE4", "TotalAcres": 160.0, "OwnerName": "MOUNTAIN SKY GUEST RANCH LLC", "OwnerAddre": "MAIL TO YANCEY ARTEBURN", "OwnerAdd_1": "PO BOX 1219", "OwnerAdd_2": null, "OwnerCity": "EMIGRANT", "OwnerState": "MT", "OwnerZipCo": "59027-1219", "DbaName": null, "CareOfTaxp": null, "normalized_owner_name": "MOUNTAIN SKY GUEST RANCH LLC", "ranch_component": "Mountain Sky Guest Ranch", "matched_grouped_entity": "ARTHUR BLANK / AMB WEST", "match_reason": "Official AMB West page says Arthur Blank purchased Mountain Sky in 2001; current Montana Water Court records also jointly identify Arthur M. Blank and Mountain Sky Guest Ranch LLC." }, "geometry": { "type": "Polygon", "coordinates": [ [ [ -110.896925396374854, 45.340322718788045 ], [ -110.896983692718834, 45.336826292692059 ], [ -110.90205085590857, 45.336668592371936 ], [ -110.90453673533969, 45.336704873623248 ], [ -110.907166990521091, 45.336642518092589 ], [ -110.907143172607064, 45.340233592860727 ], [ -110.907127761799046, 45.343828984707727 ], [ -110.902001550174731, 45.343844777265424 ], [ -110.89688407074776, 45.343864453795689 ], [ -110.896925396374854, 45.340322718788045 ] ] ] } },
{ "type": "Feature", "properties": { "PARCELID": "49043105301070000", "CountyName": "Park", "PropertyID": 670539, "Township": "06 S", "Range": "07 E", "Section": "05", "LegalDescr": "S05, T06 S, R07 E, SW4", "TotalAcres": 160.0, "OwnerName": "MOUNTAIN SKY GUEST RANCH LLC", "OwnerAddre": "MAIL TO: YANCEY ARTEBURN", "OwnerAdd_1": "PO BOX 1219", "OwnerAdd_2": null, "OwnerCity": "EMIGRANT", "OwnerState": "MT", "OwnerZipCo": "59027-1219", "DbaName": null, "CareOfTaxp": null, "normalized_owner_name": "MOUNTAIN SKY GUEST RANCH LLC", "ranch_component": "Mountain Sky Guest Ranch", "matched_grouped_entity": "ARTHUR BLANK / AMB WEST", "match_reason": "Official AMB West page says Arthur Blank purchased Mountain Sky in 2001; current Montana Water Court records also jointly identify Arthur M. Blank and Mountain Sky Guest Ranch LLC." }, "geometry": { "type": "Polygon", "coordinates": [ [ [ -110.886716559006757, 45.340398421843211 ], [ -110.886715634371214, 45.336795660787246 ], [ -110.891849646427218, 45.336810979045069 ], [ -110.896983692718834, 45.336826292692059 ], [ -110.896925396374854, 45.340322718788045 ], [ -110.89688407074776, 45.343864453795689 ], [ -110.891815959713171, 45.343967782603613 ], [ -110.886713859684392, 45.34399801814034 ], [ -110.886716559006757, 45.340398421843211 ] ] ] } },
{ "type": "Feature", "properties": { "PARCELID": "49043105401010000", "CountyName": "Park", "PropertyID": 669380, "Township": "06 S", "Range": "07 E", "Section": "05", "LegalDescr": "S05, T06 S, R07 E, SE4", "TotalAcres": 160.0, "OwnerName": "MOUNTAIN SKY GUEST RANCH", "OwnerAddre": "MAIL TO YANCEY ARTEBURN", "OwnerAdd_1": "PO BOX 1219", "OwnerAdd_2": null, "OwnerCity": "EMIGRANT", "OwnerState": "MT", "OwnerZipCo": "59027-1219", "DbaName": null, "CareOfTaxp": null, "normalized_owner_name": "MOUNTAIN SKY GUEST RANCH", "ranch_component": "Mountain Sky Guest Ranch", "matched_grouped_entity": "ARTHUR BLANK / AMB WEST", "match_reason": "Punctuation/suffix variant of Mountain Sky Guest Ranch at the identical PO Box 1219 Emigrant ranch-management address." }, "geometry": { "type": "Polygon", "coordinates": [ [ [ -110.876457909628314, 45.340364524107308 ], [ -110.876501170850062, 45.336760607958468 ], [ -110.88160856699227, 45.336777847403567 ], [ -110.886715634371214, 45.336795660787246 ], [ -110.886716559006757, 45.340398421843211 ], [ -110.886713859684392, 45.34399801814034 ], [ -110.881577417728607, 45.343982334930992 ], [ -110.876440649582264, 45.34396657488292 ], [ -110.876457909628314, 45.340364524107308 ] ] ] } },
{ "type": "Feature", "properties": { "PARCELID": "49034214401010000", "CountyName": "Park", "PropertyID": 664639, "Township": "07 S", "Range": "07 E", "Section": "14", "LegalDescr": "S14, T07 S, R07 E, E2, E2W2", "TotalAcres": 480.0, "OwnerName": "RANCH AT DOME MOUNTAIN LLC", "OwnerAddre": "3223 HOWELL MILL RD NW", "OwnerAdd_1": null, "OwnerAdd_2": null, "OwnerCity": "ATLANTA", "OwnerState": "GA", "OwnerZipCo": "30327-4105", "DbaName": null, "CareOfTaxp": null, "normalized_owner_name": "RANCH AT DOME MOUNTAIN LLC", "ranch_component": "Auster / Ranch at Dome Mountain", "matched_grouped_entity": "ARTHUR BLANK / AMB WEST", "match_reason": "Official AMB West pages identify Auster/Ranch at Dome Mountain as Blank's fourth property; cadastral owner uses the Blank organization Atlanta address." }, "geometry": { "type": "Polygon", "coordinates": [ [ [ -110.822042091958849, 45.233083751244187 ], [ -110.822043242456061, 45.229448048128496 ], [ -110.822043886678358, 45.225812435872179 ], [ -110.822044400010057, 45.222176737204606 ], [ -110.822045093255284, 45.218541060937277 ], [ -110.827151149038329, 45.218556362938067 ], [ -110.832256862482438, 45.218571693045654 ], [ -110.837366768163761, 45.218581030210174 ], [ -110.837389896388132, 45.222203712727705 ], [ -110.837413180568234, 45.225826192897699 ], [ -110.837436564061392, 45.229448602795635 ], [ -110.837459817989881, 45.233070694956474 ], [ -110.832320549010348, 45.233075048335351 ], [ -110.827181130401613, 45.233079490148846 ], [ -110.822042091958849, 45.233083751244187 ] ] ] } },
{ "type": "Feature", "properties": { "PARCELID": "49034220401010000", "CountyName": "Park", "PropertyID": 664643, "Township": "07 S", "Range": "07 E", "Section": "20", "LegalDescr": "S20, T07 S, R07 E, LOT 6, SE4 LESS C/S 1065, E2NE4, SW4NE4", "TotalAcres": 290.41, "OwnerName": "RANCH AT DOME MOUNTAIN LLC", "OwnerAddre": "3223 HOWELL MILL RD NW", "OwnerAdd_1": null, "OwnerAdd_2": null, "OwnerCity": "ATLANTA", "OwnerState": "GA", "OwnerZipCo": "30327-4105", "DbaName": null, "CareOfTaxp": null, "normalized_owner_name": "RANCH AT DOME MOUNTAIN LLC", "ranch_component": "Auster / Ranch at Dome Mountain", "matched_grouped_entity": "ARTHUR BLANK / AMB WEST", "match_reason": "Official AMB West pages identify Auster/Ranch at Dome Mountain as Blank's fourth property; cadastral owner uses the Blank organization Atlanta address." }, "geometry": { "type": "Polygon", "coordinates": [ [ [ -110.883627904872327, 45.21847828659746 ], [ -110.883612932698938, 45.214859376828102 ], [ -110.883596434944536, 45.211240438660226 ], [ -110.883592795073611, 45.207639942353275 ], [ -110.883589336893237, 45.204039416991961 ], [ -110.888716684814469, 45.204034586338636 ], [ -110.890415818993802, 45.204031130068273 ], [ -110.890468316603872, 45.207540244865257 ], [ -110.89326943230661, 45.207523634921174 ], [ -110.893845124264118, 45.20679515867409 ], [ -110.893846319421456, 45.207268042640031 ], [ -110.893847449336548, 45.20762247389235 ], [ -110.893857228694017, 45.211218767033351 ], [ -110.898995369578913, 45.211200955782509 ], [ -110.89901513790538, 45.214804467559674 ], [ -110.898985257213766, 45.214827132818201 ], [ -110.89839335460394, 45.215125230308317 ], [ -110.896982121810325, 45.215278743946207 ], [ -110.894798268514322, 45.215740222327817 ], [ -110.893879793759226, 45.216137880439788 ], [ -110.893873779307768, 45.21482601072254 ], [ -110.888743274331091, 45.21484799741674 ], [ -110.888765908120845, 45.21845725700986 ], [ -110.883627904872327, 45.21847828659746 ] ] ] } },
{ "type": "Feature", "properties": { "PARCELID": "49034221301010000", "CountyName": "Park", "PropertyID": 664644, "Township": "07 S", "Range": "07 E", "Section": "21", "LegalDescr": "S21, T07 S, R07 E, ALL", "TotalAcres": 640.0, "OwnerName": "RANCH AT DOME MOUNTAIN LLC", "OwnerAddre": "3223 HOWELL MILL RD NW", "OwnerAdd_1": null, "OwnerAdd_2": null, "OwnerCity": "ATLANTA", "OwnerState": "GA", "OwnerZipCo": "30327-4105", "DbaName": null, "CareOfTaxp": null, "normalized_owner_name": "RANCH AT DOME MOUNTAIN LLC", "ranch_component": "Auster / Ranch at Dome Mountain", "matched_grouped_entity": "ARTHUR BLANK / AMB WEST", "match_reason": "Official AMB West pages identify Auster/Ranch at Dome Mountain as Blank's fourth property; cadastral owner uses the Blank organization Atlanta address." }, "geometry": { "type": "Polygon", "coordinates": [ [ [ -110.863106370380095, 45.218528805607875 ], [ -110.863055166992581, 45.214918589834483 ], [ -110.863025989545662, 45.211296890625874 ], [ -110.862996876257441, 45.207675061313033 ], [ -110.862967585306038, 45.204053364097348 ], [ -110.868119534506704, 45.204044584780348 ], [ -110.873262501598347, 45.204043690306683 ], [ -110.878425906756149, 45.20404159896917 ], [ -110.883589336893237, 45.204039416991961 ], [ -110.883592795073611, 45.207639942353275 ], [ -110.883596434944536, 45.211240438660226 ], [ -110.883612932698938, 45.214859376828102 ], [ -110.883627904872327, 45.21847828659746 ], [ -110.878497665878498, 45.218489970950813 ], [ -110.873366890479375, 45.218502263282318 ], [ -110.868236576489579, 45.21851525020012 ], [ -110.863106370380095, 45.218528805607875 ] ] ] } },
{ "type": "Feature", "properties": { "PARCELID": "49034222301010000", "CountyName": "Park", "PropertyID": 664645, "Township": "07 S", "Range": "07 E", "Section": "22", "LegalDescr": "S22, T07 S, R07 E, W2 LESS 1 AC, W2E2", "TotalAcres": 479.0, "OwnerName": "RANCH AT DOME MOUNTAIN LLC", "OwnerAddre": "3223 HOWELL MILL RD NW", "OwnerAdd_1": null, "OwnerAdd_2": null, "OwnerCity": "ATLANTA", "OwnerState": "GA", "OwnerZipCo": "30327-4105", "DbaName": null, "CareOfTaxp": null, "normalized_owner_name": "RANCH AT DOME MOUNTAIN LLC", "ranch_component": "Auster / Ranch at Dome Mountain", "matched_grouped_entity": "ARTHUR BLANK / AMB WEST", "match_reason": "Official AMB West pages identify Auster/Ranch at Dome Mountain as Blank's fourth property; cadastral owner uses the Blank organization Atlanta address." }, "geometry": { "type": "Polygon", "coordinates": [ [ [ -110.852844352586928, 45.218543431102432 ], [ -110.847689759381637, 45.218555693857397 ], [ -110.847645186207558, 45.214940043736135 ], [ -110.847587798570331, 45.211323484997941 ], [ -110.847559205508006, 45.207704185830494 ], [ -110.847537403331771, 45.204075999285145 ], [ -110.852676101462777, 45.204074208782664 ], [ -110.857821847965582, 45.204063845586326 ], [ -110.862967585306038, 45.204053364097348 ], [ -110.862996876257441, 45.207675061313033 ], [ -110.863025989545662, 45.211296890625874 ], [ -110.863055166992581, 45.214918589834483 ], [ -110.863106370380095, 45.218528805607875 ], [ -110.857975358919973, 45.218536130969127 ], [ -110.852844352586928, 45.218543431102432 ] ] ] } },
{ "type": "Feature", "properties": { "PARCELID": "49070235420010000", "CountyName": "Park", "PropertyID": 661736, "Township": "03 S", "Range": "08 E", "Section": "35", "LegalDescr": "S35, T03 S, R08 E, C.O.S. 2114, PARCEL D-1", "TotalAcres": 55.464, "OwnerName": "PARADISE VALLEY RANCH LLC", "OwnerAddre": "PO BOX 318", "OwnerAdd_1": null, "OwnerAdd_2": null, "OwnerCity": "EMIGRANT", "OwnerState": "MT", "OwnerZipCo": "59027-0318", "DbaName": null, "CareOfTaxp": null, "normalized_owner_name": "PARADISE VALLEY RANCH LLC", "ranch_component": "Paradise Valley Ranch", "matched_grouped_entity": "ARTHUR BLANK / AMB WEST", "match_reason": "Official AMB West page says Arthur Blank purchased PVR in 2019; cadastral owner uses AMB West's shared PO Box 318 Emigrant address." }, "geometry": { "type": "Polygon", "coordinates": [ [ [ -110.69268076559247, 45.529143063276663 ], [ -110.692666766294622, 45.52551812243933 ], [ -110.692665930227875, 45.525468182076736 ], [ -110.69287221092975, 45.525474223539398 ], [ -110.693077919392195, 45.525486592422382 ], [ -110.693282663004354, 45.525505265118774 ], [ -110.693486050995858, 45.525530205990357 ], [ -110.693687695182248, 45.525561367435628 ], [ -110.693887210705512, 45.525598689980498 ], [ -110.694084216768218, 45.525642102391842 ], [ -110.694278337359961, 45.525691521813307 ], [ -110.694757726337286, 45.525820695638586 ], [ -110.697832104503206, 45.526467522127483 ], [ -110.697982758749461, 45.526496403690125 ], [ -110.69813547389036, 45.526519322253513 ], [ -110.698289772595828, 45.526536206182357 ], [ -110.698445172584613, 45.526547002703488 ], [ -110.69860118813213, 45.526551678070753 ], [ -110.698757331589135, 45.526550217670597 ], [ -110.698437377174557, 45.527123534104334 ], [ -110.698400060756811, 45.527196599141554 ], [ -110.698369214722732, 45.527271140381856 ], [ -110.698344956122511, 45.527346875030759 ], [ -110.698302559679561, 45.527499762452614 ], [ -110.698277897207078, 45.5275767812103 ], [ -110.698246419742929, 45.527652562950976 ], [ -110.698208250876533, 45.527726810067122 ], [ -110.698163540477154, 45.527799230976754 ], [ -110.697908092157235, 45.528181879319803 ], [ -110.697847002128825, 45.528265487662829 ], [ -110.697777053330469, 45.528345593015359 ], [ -110.69769864987299, 45.528421732546242 ], [ -110.697612244721981, 45.528493466336137 ], [ -110.697518337081036, 45.528560379919462 ], [ -110.697417469507769, 45.528622086679498 ], [ -110.697310224779258, 45.528678230082598 ], [ -110.69608171067695, 45.529270612780181 ], [ -110.695948906212905, 45.529337884771579 ], [ -110.695820511495981, 45.529409260944711 ], [ -110.695696783077977, 45.529484598689386 ], [ -110.695577968190378, 45.529563747479536 ], [ -110.695464304250351, 45.529646549173862 ], [ -110.695356018386391, 45.529732838331803 ], [ -110.694767529804736, 45.530223487685909 ], [ -110.694727146969441, 45.530261519051543 ], [ -110.694694500307889, 45.53030305793493 ], [ -110.694670196788323, 45.530347332066349 ], [ -110.694654688270987, 45.530393518321887 ], [ -110.694648263106103, 45.530440758026081 ], [ -110.694651040771305, 45.530488172916037 ], [ -110.694662969648732, 45.530534881469514 ], [ -110.694683827982871, 45.530580015293992 ], [ -110.69471322800176, 45.53062273527182 ], [ -110.695048194490255, 45.531034924364917 ], [ -110.695080326131247, 45.531071720716199 ], [ -110.695222353844713, 45.53122344266216 ], [ -110.695266747164013, 45.531276497432188 ], [ -110.695303579588483, 45.531332338120151 ], [ -110.695332501072244, 45.531390434066253 ], [ -110.695353236745134, 45.53145023317694 ], [ -110.695365589525693, 45.531511167171473 ], [ -110.695369441995112, 45.531572656982163 ], [ -110.695364757514014, 45.531634118257294 ], [ -110.695308867417424, 45.532021778323255 ], [ -110.695300024144458, 45.532073679663931 ], [ -110.695288374297206, 45.532125306582287 ], [ -110.695133133713696, 45.532740516196043 ], [ -110.692694260426649, 45.532768165177977 ], [ -110.69268076559247, 45.529143063276663 ] ] ] } },
{ "type": "Feature", "properties": { "PARCELID": "49070235120010000", "CountyName": "Park", "PropertyID": 661737, "Township": "03 S", "Range": "08 E", "Section": "35", "LegalDescr": "S35, T03 S, R08 E, C.O.S. 2114, PARCEL B-1", "TotalAcres": 52.309, "OwnerName": "PARADISE VALLEY RANCH LLC", "OwnerAddre": "PO BOX 318", "OwnerAdd_1": null, "OwnerAdd_2": null, "OwnerCity": "EMIGRANT", "OwnerState": "MT", "OwnerZipCo": "59027-0318", "DbaName": null, "CareOfTaxp": null, "normalized_owner_name": "PARADISE VALLEY RANCH LLC", "ranch_component": "Paradise Valley Ranch", "matched_grouped_entity": "ARTHUR BLANK / AMB WEST", "match_reason": "Official AMB West page says Arthur Blank purchased PVR in 2019; cadastral owner uses AMB West's shared PO Box 318 Emigrant address." }, "geometry": { "type": "Polygon", "coordinates": [ [ [ -110.692721685870566, 45.540018323595966 ], [ -110.692707895870896, 45.536393234903485 ], [ -110.692694260426649, 45.532768165177977 ], [ -110.695133133713696, 45.532740516196043 ], [ -110.695024780917365, 45.533169914967608 ], [ -110.694813004307534, 45.534009154197364 ], [ -110.694800992422898, 45.534074551588731 ], [ -110.694798540379438, 45.534140469083596 ], [ -110.694805673820397, 45.534206218243447 ], [ -110.694822318278369, 45.534271112385468 ], [ -110.694848299951587, 45.534334473754157 ], [ -110.695726983612516, 45.53611840917462 ], [ -110.695810227640592, 45.536237939130721 ], [ -110.696897854921431, 45.537412468060701 ], [ -110.696933018347721, 45.537456096278831 ], [ -110.6969603843351, 45.537502401981747 ], [ -110.696979547976952, 45.53755070006526 ], [ -110.697025960736497, 45.537703691938091 ], [ -110.697034016721048, 45.537722561459084 ], [ -110.697046221416088, 45.537740296922642 ], [ -110.697062267077783, 45.537756451119975 ], [ -110.697081749109401, 45.537770616714326 ], [ -110.697104176263124, 45.537782436512323 ], [ -110.697128983027113, 45.537791612471004 ], [ -110.697155543885273, 45.537797913213126 ], [ -110.697183189090168, 45.537801179861717 ], [ -110.697211221551399, 45.537801330046236 ], [ -110.697327830549, 45.537795805423542 ], [ -110.697318283923693, 45.54000371385937 ], [ -110.692721685870566, 45.540018323595966 ] ] ] } },
{ "type": "Feature", "properties": { "PARCELID": "49060717101010000", "CountyName": "Park", "PropertyID": 661733, "Township": "04 S", "Range": "09 E", "Section": "17", "LegalDescr": "S17, T04 S, R09 E, ALL LESS S/D 314", "TotalAcres": 625.0, "OwnerName": "PARADISE VALLEY RANCH LLC", "OwnerAddre": "PO BOX 318", "OwnerAdd_1": null, "OwnerAdd_2": null, "OwnerCity": "EMIGRANT", "OwnerState": "MT", "OwnerZipCo": "59027-0318", "DbaName": null, "CareOfTaxp": null, "normalized_owner_name": "PARADISE VALLEY RANCH LLC", "ranch_component": "Paradise Valley Ranch", "matched_grouped_entity": "ARTHUR BLANK / AMB WEST", "match_reason": "Official AMB West page says Arthur Blank purchased PVR in 2019; cadastral owner uses AMB West's shared PO Box 318 Emigrant address." }, "geometry": { "type": "Polygon", "coordinates": [ [ [ -110.64451248860729, 45.496109302140823 ], [ -110.641879665453658, 45.495192897590201 ], [ -110.639733690827043, 45.496812866403609 ], [ -110.635636244301935, 45.496817019309312 ], [ -110.630451995854756, 45.496822974988262 ], [ -110.630429560716706, 45.493177185226934 ], [ -110.630407191018108, 45.489531824276867 ], [ -110.630384797949048, 45.485886493416714 ], [ -110.630362442382804, 45.482241165940401 ], [ -110.635560405451116, 45.482240669016853 ], [ -110.640758365888587, 45.482240178782931 ], [ -110.645956758586138, 45.482240425230422 ], [ -110.651153805615195, 45.482228811117011 ], [ -110.651163296008079, 45.485872476842566 ], [ -110.651172374799955, 45.489516230678774 ], [ -110.651181561840104, 45.493159782809627 ], [ -110.651190776852744, 45.496803455381269 ], [ -110.646005493277613, 45.496807603934315 ], [ -110.644131544141075, 45.496809262649371 ], [ -110.64451248860729, 45.496109302140823 ] ] ] } },
{ "type": "Feature", "properties": { "PARCELID": "49034217401050000", "CountyName": "Park", "PropertyID": 664642, "Township": "07 S", "Range": "07 E", "Section": "17", "LegalDescr": "S17, T07 S, R07 E, ALL E OF RIVER", "TotalAcres": 96.87, "OwnerName": "RANCH AT DOME MOUNTAIN LLC", "OwnerAddre": "3223 HOWELL MILL RD NW", "OwnerAdd_1": null, "OwnerAdd_2": null, "OwnerCity": "ATLANTA", "OwnerState": "GA", "OwnerZipCo": "30327-4105", "DbaName": null, "CareOfTaxp": null, "normalized_owner_name": "RANCH AT DOME MOUNTAIN LLC", "ranch_component": "Auster / Ranch at Dome Mountain", "matched_grouped_entity": "ARTHUR BLANK / AMB WEST", "match_reason": "Official AMB West pages identify Auster/Ranch at Dome Mountain as Blank's fourth property; cadastral owner uses the Blank organization Atlanta address." }, "geometry": { "type": "Polygon", "coordinates": [ [ [ -110.883357113627838, 45.229436502418899 ], [ -110.883436974334188, 45.225779756371537 ], [ -110.883532573651237, 45.222128882079872 ], [ -110.883627904872327, 45.21847828659746 ], [ -110.888765908120845, 45.21845725700986 ], [ -110.890230145170023, 45.218450936612101 ], [ -110.890046637571245, 45.218744525990751 ], [ -110.888477410562146, 45.220222891282695 ], [ -110.887666108357365, 45.222081158922961 ], [ -110.887569975018678, 45.222294963077829 ], [ -110.887324980463276, 45.22365964133256 ], [ -110.887898280579748, 45.225267987927275 ], [ -110.887809916624718, 45.225729189145177 ], [ -110.887686324165045, 45.226371176083106 ], [ -110.886680653998781, 45.227863231222457 ], [ -110.885424319878013, 45.22883454442983 ], [ -110.884492792489965, 45.229331100420481 ], [ -110.883334756948884, 45.230615437076942 ], [ -110.883357113627838, 45.229436502418899 ] ] ] } },
{ "type": "Feature", "properties": { "PARCELID": "49034209402010000", "CountyName": "Park", "PropertyID": 664649, "Township": "07 S", "Range": "07 E", "Section": "09", "LegalDescr": "S09, T07 S, R07 E, C.O.S. COS 747", "TotalAcres": 5.122, "OwnerName": "RANCH AT DOME MOUNTAIN LLC", "OwnerAddre": "3223 HOWELL MILL RD NW", "OwnerAdd_1": null, "OwnerAdd_2": null, "OwnerCity": "ATLANTA", "OwnerState": "GA", "OwnerZipCo": "30327-4105", "DbaName": null, "CareOfTaxp": null, "normalized_owner_name": "RANCH AT DOME MOUNTAIN LLC", "ranch_component": "Auster / Ranch at Dome Mountain", "matched_grouped_entity": "ARTHUR BLANK / AMB WEST", "match_reason": "Official AMB West pages identify Auster/Ranch at Dome Mountain as Blank's fourth property; cadastral owner uses the Blank organization Atlanta address." }, "geometry": { "type": "Polygon", "coordinates": [ [ [ -110.871558295528601, 45.234385732761289 ], [ -110.86823276941638, 45.234112471020524 ], [ -110.8683092814952, 45.233839694610495 ], [ -110.868452479683384, 45.233733994183041 ], [ -110.868702063140276, 45.233618017235045 ], [ -110.868914257084597, 45.233513663034245 ], [ -110.86903238008432, 45.233419578878767 ], [ -110.869511745407166, 45.233485635167582 ], [ -110.869982658867741, 45.233540168787258 ], [ -110.870142175367477, 45.233558690377038 ], [ -110.872314844509546, 45.23382702418882 ], [ -110.871558295528601, 45.234385732761289 ] ] ] } },
{ "type": "Feature", "properties": { "PARCELID": "49034216101020000", "CountyName": "Park", "PropertyID": 664641, "Township": "07 S", "Range": "07 E", "Section": "16", "LegalDescr": "S16, T07 S, R07 E, SW4NE4, E2NW4, SW4NW4", "TotalAcres": 154.0, "OwnerName": "RANCH AT DOME MOUNTAIN LLC", "OwnerAddre": "3223 HOWELL MILL RD NW", "OwnerAdd_1": null, "OwnerAdd_2": null, "OwnerCity": "ATLANTA", "OwnerState": "GA", "OwnerZipCo": "30327-4105", "DbaName": null, "CareOfTaxp": null, "normalized_owner_name": "RANCH AT DOME MOUNTAIN LLC", "ranch_component": "Auster / Ranch at Dome Mountain", "matched_grouped_entity": "ARTHUR BLANK / AMB WEST", "match_reason": "Official AMB West pages identify Auster/Ranch at Dome Mountain as Blank's fourth property; cadastral owner uses the Blank organization Atlanta address." }, "geometry": { "type": "MultiPolygon", "coordinates": [ [ [ [ -110.868271393362562, 45.229397457699058 ], [ -110.868247584571904, 45.225768278319073 ], [ -110.873399113521941, 45.225767249057668 ], [ -110.878488765825182, 45.225769923596324 ], [ -110.879037514536705, 45.22577102262688 ], [ -110.874354023494817, 45.233024753804614 ], [ -110.874269228591672, 45.233023906959971 ], [ -110.873434530703918, 45.233015567770629 ], [ -110.873415304501506, 45.229390479358322 ], [ -110.868271393362562, 45.229397457699058 ] ] ], [ [ [ -110.875032383415828, 45.233031499217788 ], [ -110.879719226591646, 45.225772388025696 ], [ -110.883436974334188, 45.225779756371537 ], [ -110.883357113627838, 45.229436502418899 ], [ -110.878382759473368, 45.229425537170428 ], [ -110.87828618444648, 45.233063918039718 ], [ -110.875117178297472, 45.233032343679149 ], [ -110.875032383415828, 45.233031499217788 ] ] ] ] } },
{ "type": "Feature", "properties": { "PARCELID": "49034215401010000", "CountyName": "Park", "PropertyID": 664640, "Township": "07 S", "Range": "07 E", "Section": "15", "LegalDescr": "S15, T07 S, R07 E, N2, SE4", "TotalAcres": 480.0, "OwnerName": "RANCH AT DOME MOUNTAIN LLC", "OwnerAddre": "3223 HOWELL MILL RD NW", "OwnerAdd_1": null, "OwnerAdd_2": null, "OwnerCity": "ATLANTA", "OwnerState": "GA", "OwnerZipCo": "30327-4105", "DbaName": null, "CareOfTaxp": null, "normalized_owner_name": "RANCH AT DOME MOUNTAIN LLC", "ranch_component": "Auster / Ranch at Dome Mountain", "matched_grouped_entity": "ARTHUR BLANK / AMB WEST", "match_reason": "Official AMB West pages identify Auster/Ranch at Dome Mountain as Blank's fourth property; cadastral owner uses the Blank organization Atlanta address." }, "geometry": { "type": "Polygon", "coordinates": [ [ [ -110.84773915695942, 45.233059642652663 ], [ -110.842598864400799, 45.233066466918913 ], [ -110.842570115289874, 45.229444522044545 ], [ -110.842541366965449, 45.225822669185852 ], [ -110.842512740475129, 45.222200543272535 ], [ -110.842483837022328, 45.218578662174828 ], [ -110.847689759381637, 45.218555693857397 ], [ -110.852844352586928, 45.218543431102432 ], [ -110.852913162192507, 45.222149626957396 ], [ -110.85293527940614, 45.225765649138566 ], [ -110.858103814567912, 45.225742670581404 ], [ -110.863179898673096, 45.22575640917654 ], [ -110.863170347292268, 45.229397947601804 ], [ -110.863160786532092, 45.233039212744224 ], [ -110.858019989770867, 45.233046032904745 ], [ -110.852879830600017, 45.233052849876003 ], [ -110.84773915695942, 45.233059642652663 ] ] ] } },
{ "type": "Feature", "properties": { "PARCELID": "49034206301010000", "CountyName": "Park", "PropertyID": 669290, "Township": "07 S", "Range": "07 E", "Section": "06", "LegalDescr": "S06, T07 S, R07 E, ALL", "TotalAcres": 619.45, "OwnerName": "WEST CREEK RANCH LLC", "OwnerAddre": "PO BOX 318", "OwnerAdd_1": null, "OwnerAdd_2": null, "OwnerCity": "EMIGRANT", "OwnerState": "MT", "OwnerZipCo": "59027-0318", "DbaName": null, "CareOfTaxp": "BRIANNE DOWNEY", "normalized_owner_name": "WEST CREEK RANCH LLC", "ranch_component": "West Creek Ranch", "matched_grouped_entity": "ARTHUR BLANK / AMB WEST", "match_reason": "Official AMB West page says Arthur Blank purchased West Creek in 2017; cadastral owner uses AMB West's shared PO Box 318 Emigrant address." }, "geometry": { "type": "Polygon", "coordinates": [ [ [ -110.900231211169555, 45.265402358792812 ], [ -110.899574695772444, 45.261795927558993 ], [ -110.89898269739453, 45.258192018858537 ], [ -110.89839014309986, 45.25458877835576 ], [ -110.89781292167666, 45.250957621343034 ], [ -110.902614975730827, 45.250330249554096 ], [ -110.907416738099386, 45.249702698371856 ], [ -110.912219921626587, 45.249074432072291 ], [ -110.916472362973977, 45.248517811449652 ], [ -110.916578932845368, 45.252112054282193 ], [ -110.916635025405697, 45.255750785363993 ], [ -110.916587412553483, 45.259339696787769 ], [ -110.916571027311747, 45.260594299697161 ], [ -110.916540085673461, 45.262929220992106 ], [ -110.916518227453381, 45.265426059953015 ], [ -110.91294310559887, 45.265438144992537 ], [ -110.908706580955382, 45.265424241421492 ], [ -110.90446894657822, 45.265413069435787 ], [ -110.900231211169555, 45.265402358792812 ] ] ] } },
{ "type": "Feature", "properties": { "PARCELID": "49070333401010000", "CountyName": "Park", "PropertyID": 661714, "Township": "03 S", "Range": "09 E", "Section": "33", "LegalDescr": "S33, T03 S, R09 E, C.O.S. 2222, PARCEL REMAINDER TRACT", "TotalAcres": 161.066, "OwnerName": "PARADISE VALLEY RANCH LLC", "OwnerAddre": "PO BOX 318", "OwnerAdd_1": null, "OwnerAdd_2": null, "OwnerCity": "EMIGRANT", "OwnerState": "MT", "OwnerZipCo": "59027-0318", "DbaName": null, "CareOfTaxp": null, "normalized_owner_name": "PARADISE VALLEY RANCH LLC", "ranch_component": "Paradise Valley Ranch", "matched_grouped_entity": "ARTHUR BLANK / AMB WEST", "match_reason": "Official AMB West page says Arthur Blank purchased PVR in 2019; cadastral owner uses AMB West's shared PO Box 318 Emigrant address." }, "geometry": { "type": "Polygon", "coordinates": [ [ [ -110.610406773720726, 45.529402773741353 ], [ -110.610386884409749, 45.525751289009513 ], [ -110.615491808909766, 45.52572627593424 ], [ -110.616327089902995, 45.525722203132773 ], [ -110.616328497096021, 45.525829299537982 ], [ -110.617946837979119, 45.52630471326777 ], [ -110.618195215311999, 45.526733056561952 ], [ -110.618993168250441, 45.527048126630071 ], [ -110.620006494867084, 45.527951362675367 ], [ -110.622705883857108, 45.528967834659916 ], [ -110.621227240829583, 45.533004111242448 ], [ -110.620602540533298, 45.533006963705134 ], [ -110.615514811895281, 45.533030717950169 ], [ -110.610426662337446, 45.53305428728558 ], [ -110.610406773720726, 45.529402773741353 ] ] ] } },
{ "type": "Feature", "properties": { "PARCELID": "49043105201010000", "CountyName": "Park", "PropertyID": 670535, "Township": "06 S", "Range": "07 E", "Section": "05", "LegalDescr": "S05, T06 S, R07 E, C.O.S. 1711, PARCEL 4, REFERENCE COS 1877", "TotalAcres": 40.376, "OwnerName": "MOUNTAIN SKY GUEST RANCH LLC", "OwnerAddre": "MAIL TO YANCEY ARTEBURN", "OwnerAdd_1": "PO BOX 1219", "OwnerAdd_2": null, "OwnerCity": "EMIGRANT", "OwnerState": "MT", "OwnerZipCo": "59027-1219", "DbaName": null, "CareOfTaxp": null, "normalized_owner_name": "MOUNTAIN SKY GUEST RANCH LLC", "ranch_component": "Mountain Sky Guest Ranch", "matched_grouped_entity": "ARTHUR BLANK / AMB WEST", "match_reason": "Official AMB West page says Arthur Blank purchased Mountain Sky in 2001; current Montana Water Court records also jointly identify Arthur M. Blank and Mountain Sky Guest Ranch LLC." }, "geometry": { "type": "Polygon", "coordinates": [ [ [ -110.891758687470997, 45.347467278050232 ], [ -110.891815959713171, 45.343967782603613 ], [ -110.89688407074776, 45.343864453795689 ], [ -110.896878606512715, 45.347466927339887 ], [ -110.891758687470997, 45.347467278050232 ] ] ] } },
{ "type": "Feature", "properties": { "PARCELID": "49043105210100000", "CountyName": "Park", "PropertyID": 670538, "Township": "06 S", "Range": "07 E", "Section": "05", "LegalDescr": "S05, T06 S, R07 E, C.O.S. 1711, PARCEL 3, REFERENCE COS 1877", "TotalAcres": 40.317, "OwnerName": "MOUNTAIN SKY GUEST RANCH LLC", "OwnerAddre": "MAIL TO: YANCEY ARTEBURN", "OwnerAdd_1": "PO BOX 1219", "OwnerAdd_2": null, "OwnerCity": "EMIGRANT", "OwnerState": "MT", "OwnerZipCo": "59027-1219", "DbaName": null, "CareOfTaxp": null, "normalized_owner_name": "MOUNTAIN SKY GUEST RANCH LLC", "ranch_component": "Mountain Sky Guest Ranch", "matched_grouped_entity": "ARTHUR BLANK / AMB WEST", "match_reason": "Official AMB West page says Arthur Blank purchased Mountain Sky in 2001; current Montana Water Court records also jointly identify Arthur M. Blank and Mountain Sky Guest Ranch LLC." }, "geometry": { "type": "Polygon", "coordinates": [ [ [ -110.886693787231195, 45.347591921036255 ], [ -110.886713859684392, 45.34399801814034 ], [ -110.891815959713171, 45.343967782603613 ], [ -110.891758687470997, 45.347467278050232 ], [ -110.886693787231195, 45.347591921036255 ] ] ] } },
{ "type": "Feature", "properties": { "PARCELID": "49043107301010000", "CountyName": "Park", "PropertyID": 669209, "Township": "06 S", "Range": "07 E", "Section": "07", "LegalDescr": "S07, T06 S, R07 E, SW4", "TotalAcres": 150.34, "OwnerName": "MOUNTAIN SKY GUEST RANCH LLC", "OwnerAddre": "PO BOX 1219", "OwnerAdd_1": null, "OwnerAdd_2": null, "OwnerCity": "EMIGRANT", "OwnerState": "MT", "OwnerZipCo": "59027-1219", "DbaName": null, "CareOfTaxp": null, "normalized_owner_name": "MOUNTAIN SKY GUEST RANCH LLC", "ranch_component": "Mountain Sky Guest Ranch", "matched_grouped_entity": "ARTHUR BLANK / AMB WEST", "match_reason": "Official AMB West page says Arthur Blank purchased Mountain Sky in 2001; current Montana Water Court records also jointly identify Arthur M. Blank and Mountain Sky Guest Ranch LLC." }, "geometry": { "type": "Polygon", "coordinates": [ [ [ -110.907183153583347, 45.329458932928532 ], [ -110.907140542726594, 45.325817384214837 ], [ -110.907094460445876, 45.322167413192275 ], [ -110.91183166044074, 45.322140227962336 ], [ -110.91222940772154, 45.322138113128375 ], [ -110.912238406649266, 45.322138067959628 ], [ -110.916575588863083, 45.322117031019957 ], [ -110.916568539349157, 45.324336450842125 ], [ -110.916566342098008, 45.325740115215503 ], [ -110.916562692086686, 45.327941812012568 ], [ -110.916557821398499, 45.329365241252574 ], [ -110.912271454157036, 45.329379188312934 ], [ -110.907183153583347, 45.329458932928532 ] ] ] } },
{ "type": "Feature", "properties": { "PARCELID": "49043108301100000", "CountyName": "Park", "PropertyID": 669075, "Township": "06 S", "Range": "07 E", "Section": "08", "LegalDescr": "S08, T06 S, R07 E, C.O.S. 1303, PARCEL 1", "TotalAcres": 40.226, "OwnerName": "MOUNTAIN SKY GUEST RANCH LLC", "OwnerAddre": "MAIL TO YANCEY ARTEBURN", "OwnerAdd_1": "PO BOX 1219", "OwnerAdd_2": null, "OwnerCity": "EMIGRANT", "OwnerState": "MT", "OwnerZipCo": "59027-1219", "DbaName": null, "CareOfTaxp": null, "normalized_owner_name": "MOUNTAIN SKY GUEST RANCH LLC", "ranch_component": "Mountain Sky Guest Ranch", "matched_grouped_entity": "ARTHUR BLANK / AMB WEST", "match_reason": "Official AMB West page says Arthur Blank purchased Mountain Sky in 2001; current Montana Water Court records also jointly identify Arthur M. Blank and Mountain Sky Guest Ranch LLC." }, "geometry": { "type": "Polygon", "coordinates": [ [ [ -110.896897514528646, 45.329524365218077 ], [ -110.891672597762977, 45.329466387070163 ], [ -110.891742927539639, 45.325772960889537 ], [ -110.896854323417671, 45.325874334226484 ], [ -110.896897514528646, 45.329524365218077 ] ] ] } },
{ "type": "Feature", "properties": { "PARCELID": "49043013101050000", "CountyName": "Park", "PropertyID": 669470, "Township": "06 S", "Range": "06 E", "Section": "13", "LegalDescr": "S13, T06 S, R06 E, C.O.S. 2321, PARCEL 5A-1", "TotalAcres": 8.475, "OwnerName": "BLANK ARTHUR M", "OwnerAddre": "3223 HOWELL MILL RD NW", "OwnerAdd_1": null, "OwnerAdd_2": null, "OwnerCity": "ATLANTA", "OwnerState": "GA", "OwnerZipCo": "30327-4105", "DbaName": null, "CareOfTaxp": "SAWYER LISA", "normalized_owner_name": "BLANK ARTHUR M", "ranch_component": "Auster / Ranch at Dome Mountain", "matched_grouped_entity": "ARTHUR BLANK / AMB WEST", "match_reason": "Direct Arthur M. Blank cadastral ownership at the same 3223 Howell Mill Road Atlanta address as Ranch at Dome Mountain LLC." }, "geometry": { "type": "Polygon", "coordinates": [ [ [ -110.920343410514292, 45.313441826859155 ], [ -110.920331008269926, 45.313384055038526 ], [ -110.920390499769297, 45.313281818828827 ], [ -110.920403805614399, 45.313216377830045 ], [ -110.920364470219724, 45.313103775320897 ], [ -110.920320651501598, 45.313045737653056 ], [ -110.920254863629637, 45.31299535999041 ], [ -110.920233107628661, 45.312878197692612 ], [ -110.920241964269763, 45.312833017007137 ], [ -110.920206584709675, 45.31276124040297 ], [ -110.920195777860059, 45.312600494412777 ], [ -110.9201804395897, 45.31256605981492 ], [ -110.920112450272882, 45.312523461801177 ], [ -110.920079534070297, 45.312510744362513 ], [ -110.920055425398928, 45.31247937514236 ], [ -110.92005543603365, 45.312465343550407 ], [ -110.920081819165404, 45.312440568648249 ], [ -110.920099418407844, 45.312398582148148 ], [ -110.920097269584673, 45.312321071649762 ], [ -110.920106073340136, 45.31229150366822 ], [ -110.920180752498325, 45.312212515147067 ], [ -110.920191740102595, 45.312181407970982 ], [ -110.920018552565182, 45.312106820254293 ], [ -110.919990063602683, 45.312089453911476 ], [ -110.919981326824143, 45.312053519004479 ], [ -110.919939709903488, 45.312009533112473 ], [ -110.919887087752912, 45.31200446012781 ], [ -110.919873234057206, 45.311984646419468 ], [ -110.919833893198813, 45.311879847615515 ], [ -110.919783576462919, 45.311796781380743 ], [ -110.919720063499639, 45.311780702754582 ], [ -110.919643367812583, 45.311775439827599 ], [ -110.919560235747412, 45.311685877841825 ], [ -110.919352158166149, 45.311637470621932 ], [ -110.919336881361644, 45.311606143141624 ], [ -110.919345708132838, 45.311576565935951 ], [ -110.919389103008356, 45.3115104172076 ], [ -110.919384828871657, 45.311454218256046 ], [ -110.919369567237368, 45.31141508683843 ], [ -110.919319247194196, 45.311388169658173 ], [ -110.919163820792107, 45.311361985226959 ], [ -110.919139786468051, 45.311335259328438 ], [ -110.91910932652722, 45.311250752623835 ], [ -110.919107239402692, 45.311207032408888 ], [ -110.919120442730261, 45.311186835775381 ], [ -110.919159905455501, 45.311177785795259 ], [ -110.919221290405901, 45.311172033338849 ], [ -110.919273934513654, 45.311122913042809 ], [ -110.919304747919952, 45.311052953150785 ], [ -110.91930265235392, 45.311006128650519 ], [ -110.919086147411491, 45.310940403069829 ], [ -110.918994318064122, 45.310903759971964 ], [ -110.91895724839793, 45.310855075670446 ], [ -110.919085087945604, 45.31059022005234 ], [ -110.919090348669286, 45.310200428088002 ], [ -110.919132515656869, 45.310036822158651 ], [ -110.919137054994195, 45.309915996874814 ], [ -110.918995823419436, 45.309825460949945 ], [ -110.918912951282977, 45.309729472252265 ], [ -110.91884691146214, 45.309597881449839 ], [ -110.918864416571068, 45.30939557940119 ], [ -110.918948975519356, 45.309343068393204 ], [ -110.919118013374231, 45.309345818980837 ], [ -110.919291129639973, 45.309210755417062 ], [ -110.919320382713465, 45.309135214270071 ], [ -110.919552149123575, 45.309140733549988 ], [ -110.919753547427547, 45.309252991364772 ], [ -110.920468884938188, 45.309384413226901 ], [ -110.92046101757586, 45.313442536104503 ], [ -110.920343410514292, 45.313441826859155 ] ] ] } },
{ "type": "Feature", "properties": { "PARCELID": "49070235101010000", "CountyName": "Park", "PropertyID": 661735, "Township": "03 S", "Range": "08 E", "Section": "35", "LegalDescr": "S35, T03 S, R08 E, C.O.S. 2114, PARCEL C-1", "TotalAcres": 83.336, "OwnerName": "PARADISE VALLEY RANCH LLC", "OwnerAddre": "PO BOX 318", "OwnerAdd_1": null, "OwnerAdd_2": null, "OwnerCity": "EMIGRANT", "OwnerState": "MT", "OwnerZipCo": "59027-0318", "DbaName": null, "CareOfTaxp": null, "normalized_owner_name": "PARADISE VALLEY RANCH LLC", "ranch_component": "Paradise Valley Ranch", "matched_grouped_entity": "ARTHUR BLANK / AMB WEST", "match_reason": "Official AMB West page says Arthur Blank purchased PVR in 2019; cadastral owner uses AMB West's shared PO Box 318 Emigrant address." }, "geometry": { "type": "Polygon", "coordinates": [ [ [ -110.697318283923693, 45.54000371385937 ], [ -110.697327830549, 45.537795805423542 ], [ -110.697211221551399, 45.537801330046236 ], [ -110.697183189090168, 45.537801179861702 ], [ -110.697155543885273, 45.537797913213119 ], [ -110.697128983027127, 45.53779161247099 ], [ -110.697104176263124, 45.537782436512316 ], [ -110.697081749109429, 45.537770616714305 ], [ -110.697062267077811, 45.537756451119968 ], [ -110.697046221416102, 45.537740296922628 ], [ -110.697034016721062, 45.537722561459084 ], [ -110.697025960736497, 45.537703691938091 ], [ -110.696979547976952, 45.53755070006526 ], [ -110.6969603843351, 45.537502401981747 ], [ -110.696933018347721, 45.537456096278831 ], [ -110.696897854921431, 45.537412468060701 ], [ -110.695810227640592, 45.536237939130721 ], [ -110.695726983612516, 45.53611840917462 ], [ -110.694848299951587, 45.534334473754157 ], [ -110.694822318278398, 45.534271112385461 ], [ -110.694805673820426, 45.534206218243447 ], [ -110.694798540379466, 45.534140469083596 ], [ -110.694800992422927, 45.534074551588731 ], [ -110.694813004307534, 45.534009154197364 ], [ -110.695024780917365, 45.533169914967608 ], [ -110.700457026637338, 45.533186593868102 ], [ -110.700465766057064, 45.536369597717588 ], [ -110.703051674592984, 45.53636163006346 ], [ -110.703060604533178, 45.539985593589769 ], [ -110.697891145030155, 45.540001882266573 ], [ -110.697318283923693, 45.54000371385937 ] ] ] } },
{ "type": "Feature", "properties": { "PARCELID": "49070235401010000", "CountyName": "Park", "PropertyID": 661738, "Township": "03 S", "Range": "08 E", "Section": "35", "LegalDescr": "S35, T03 S, R08 E, C.O.S. 2114, PARCEL A-1", "TotalAcres": 78.869, "OwnerName": "PARADISE VALLEY RANCH LLC", "OwnerAddre": "PO BOX 318", "OwnerAdd_1": null, "OwnerAdd_2": null, "OwnerCity": "EMIGRANT", "OwnerState": "MT", "OwnerZipCo": "59027-0318", "DbaName": null, "CareOfTaxp": null, "normalized_owner_name": "PARADISE VALLEY RANCH LLC", "ranch_component": "Paradise Valley Ranch", "matched_grouped_entity": "ARTHUR BLANK / AMB WEST", "match_reason": "Official AMB West page says Arthur Blank purchased PVR in 2019; cadastral owner uses AMB West's shared PO Box 318 Emigrant address." }, "geometry": { "type": "Polygon", "coordinates": [ [ [ -110.695024780917365, 45.533169914967608 ], [ -110.695133133713696, 45.532740516196043 ], [ -110.695288374297206, 45.532125306582287 ], [ -110.695300024144444, 45.532073679663931 ], [ -110.695308867417424, 45.532021778323255 ], [ -110.695364757514014, 45.531634118257294 ], [ -110.695369441995041, 45.531572656982163 ], [ -110.695365589525565, 45.531511167171494 ], [ -110.695353236744978, 45.531450233176976 ], [ -110.695332501072087, 45.531390434066275 ], [ -110.695303579588369, 45.53133233812018 ], [ -110.695266747163942, 45.531276497432195 ], [ -110.695222353844713, 45.53122344266216 ], [ -110.695080326131247, 45.531071720716199 ], [ -110.695048194490255, 45.531034924364917 ], [ -110.69471322800176, 45.53062273527182 ], [ -110.694683827982871, 45.530580015293992 ], [ -110.694662969648732, 45.530534881469514 ], [ -110.694651040771305, 45.530488172916037 ], [ -110.694648263106103, 45.530440758026081 ], [ -110.694654688270987, 45.53039351832188 ], [ -110.694670196788323, 45.530347332066349 ], [ -110.694694500307889, 45.53030305793493 ], [ -110.694727146969441, 45.530261519051543 ], [ -110.694767529804736, 45.530223487685909 ], [ -110.695356018386391, 45.529732838331803 ], [ -110.695464304250365, 45.529646549173876 ], [ -110.695577968190406, 45.52956374747955 ], [ -110.695696783078006, 45.5294845986894 ], [ -110.695820511495995, 45.529409260944718 ], [ -110.695948906212919, 45.529337884771586 ], [ -110.69608171067695, 45.529270612780181 ], [ -110.697310224779258, 45.528678230082598 ], [ -110.697417469507755, 45.528622086679498 ], [ -110.697518337081007, 45.528560379919433 ], [ -110.697612244721967, 45.528493466336116 ], [ -110.697698649872976, 45.528421732546207 ], [ -110.697777053330441, 45.528345593015331 ], [ -110.69784700212881, 45.528265487662829 ], [ -110.697908092157235, 45.528181879319803 ], [ -110.698163540477154, 45.527799230976754 ], [ -110.698208250876533, 45.527726810067136 ], [ -110.698246419742944, 45.527652562950991 ], [ -110.698277897207092, 45.5275767812103 ], [ -110.698302559679561, 45.527499762452614 ], [ -110.698344956122511, 45.527346875030759 ], [ -110.69836921472276, 45.527271140381856 ], [ -110.698400060756839, 45.527196599141575 ], [ -110.698437377174557, 45.527123534104334 ], [ -110.698757331589135, 45.526550217670597 ], [ -110.698922187784063, 45.526542249600517 ], [ -110.699086085936614, 45.526527447742161 ], [ -110.699248453163008, 45.526505863833584 ], [ -110.699408721932343, 45.526477573318573 ], [ -110.699566332050836, 45.526442675082883 ], [ -110.699720732620548, 45.526401291108478 ], [ -110.69987138396543, 45.526353566047014 ], [ -110.702373040046709, 45.525495925356921 ], [ -110.702877087430721, 45.525398594370564 ], [ -110.702920831777377, 45.525489251232081 ], [ -110.703025277618664, 45.525488956176183 ], [ -110.703034409174236, 45.52911321208402 ], [ -110.700445987678947, 45.52912075911464 ], [ -110.700455811591198, 45.532745355126146 ], [ -110.700457026637338, 45.533186593868102 ], [ -110.695024780917365, 45.533169914967608 ] ] ] } },
{ "type": "Feature", "properties": { "PARCELID": "49060602101010000", "CountyName": "Park", "PropertyID": 661740, "Township": "04 S", "Range": "08 E", "Section": "02", "LegalDescr": "S02, T04 S, R08 E, C.O.S. 2114, PARCEL E", "TotalAcres": 317.221, "OwnerName": "PARADISE VALLEY RANCH LLC", "OwnerAddre": "PO BOX 318", "OwnerAdd_1": null, "OwnerAdd_2": null, "OwnerCity": "EMIGRANT", "OwnerState": "MT", "OwnerZipCo": "59027-0318", "DbaName": null, "CareOfTaxp": null, "normalized_owner_name": "PARADISE VALLEY RANCH LLC", "ranch_component": "Paradise Valley Ranch", "matched_grouped_entity": "ARTHUR BLANK / AMB WEST", "match_reason": "Official AMB West page says Arthur Blank purchased PVR in 2019; cadastral owner uses AMB West's shared PO Box 318 Emigrant address." }, "geometry": { "type": "Polygon", "coordinates": [ [ [ -110.692665930227875, 45.525468182076736 ], [ -110.692609595472774, 45.522098046556565 ], [ -110.692548922411305, 45.518467064975326 ], [ -110.692496871646952, 45.514828011758716 ], [ -110.69244505973036, 45.511188914642666 ], [ -110.697503929771997, 45.511167947623377 ], [ -110.697635700822218, 45.511167398678289 ], [ -110.702826317642831, 45.511145888609192 ], [ -110.702765111093171, 45.511271396738103 ], [ -110.702712112749964, 45.511398737600821 ], [ -110.702667433052468, 45.511527645979065 ], [ -110.702631165116429, 45.511657853387931 ], [ -110.702603384539628, 45.511789088634956 ], [ -110.702584149244004, 45.511921078385015 ], [ -110.702573499354401, 45.512053547729515 ], [ -110.702571457114615, 45.512186220758899 ], [ -110.702578026840484, 45.512318821137349 ], [ -110.702629021826269, 45.512963946353466 ], [ -110.702633563074897, 45.513078696579761 ], [ -110.702629134779812, 45.513193448991927 ], [ -110.702587480782967, 45.513739977600125 ], [ -110.702575951692481, 45.513844489835918 ], [ -110.702556154820556, 45.51394838781443 ], [ -110.702528151672027, 45.514051348501269 ], [ -110.702492029267631, 45.514153051774379 ], [ -110.70244789987396, 45.514253181419384 ], [ -110.702395900654906, 45.51435142611296 ], [ -110.70233619324577, 45.514447480390757 ], [ -110.702268963251043, 45.514541045597291 ], [ -110.701900839577903, 45.515023190689227 ], [ -110.701811360926186, 45.515146049500586 ], [ -110.701730536762341, 45.515271838185264 ], [ -110.701658560621993, 45.515400255632414 ], [ -110.701595604864195, 45.515530994436425 ], [ -110.701541820258313, 45.515663741632551 ], [ -110.701497335622605, 45.515798179446065 ], [ -110.701462257515189, 45.51593398605273 ], [ -110.701436669978392, 45.516070836349257 ], [ -110.701420634336827, 45.516208402731394 ], [ -110.701414189050013, 45.516346355878163 ], [ -110.701417349619547, 45.516484365540222 ], [ -110.701430108551349, 45.516622101330405 ], [ -110.701452435372914, 45.516759233514662 ], [ -110.701484276705528, 45.516895433801466 ], [ -110.701601879417495, 45.517334201223505 ], [ -110.701700296796588, 45.51768387912945 ], [ -110.701807527429551, 45.518032274005691 ], [ -110.702145389185574, 45.51908361121145 ], [ -110.702285780341171, 45.51953107299758 ], [ -110.70241996936322, 45.519979474427629 ], [ -110.702547943384346, 45.520428773011538 ], [ -110.702669690125191, 45.520878926173182 ], [ -110.702725434608539, 45.521070375268955 ], [ -110.7027910740604, 45.521260267981404 ], [ -110.702866521257221, 45.521448351680689 ], [ -110.702951675924439, 45.52163437614103 ], [ -110.703173109919391, 45.522088261234352 ], [ -110.703220462234825, 45.522196040622184 ], [ -110.703259121030328, 45.522305520705174 ], [ -110.703288964002255, 45.522416355272441 ], [ -110.703309896723539, 45.522528193827569 ], [ -110.703321852943006, 45.522640682697123 ], [ -110.703324794795464, 45.522753466148885 ], [ -110.703318712922268, 45.522866187516847 ], [ -110.703303626501537, 45.522978490329109 ], [ -110.703236909331366, 45.523364985749154 ], [ -110.703193653864972, 45.523590389305433 ], [ -110.703141187289702, 45.523814824405719 ], [ -110.703079552962691, 45.524038105101297 ], [ -110.703008801838536, 45.524260046397586 ], [ -110.702853631643947, 45.524717980118545 ], [ -110.702828639765727, 45.524802240499646 ], [ -110.702811565194338, 45.524887471786485 ], [ -110.702802481521687, 45.524973306813962 ], [ -110.702801427916626, 45.525059375814365 ], [ -110.702808408955605, 45.52514530801033 ], [ -110.702823394602291, 45.52523073321202 ], [ -110.702846320336334, 45.525315283411985 ], [ -110.702877087430721, 45.525398594370564 ], [ -110.702373040046709, 45.525495925356921 ], [ -110.69987138396543, 45.526353566047014 ], [ -110.699720732620563, 45.526401291108506 ], [ -110.69956633205085, 45.526442675082933 ], [ -110.699408721932357, 45.526477573318623 ], [ -110.699248453163023, 45.526505863833634 ], [ -110.699086085936628, 45.526527447742218 ], [ -110.698922187784063, 45.526542249600553 ], [ -110.698757331589135, 45.526550217670597 ], [ -110.698601188132116, 45.526551678070867 ], [ -110.698445172584584, 45.526547002703666 ], [ -110.6982897725958, 45.526536206182556 ], [ -110.698135473890304, 45.526519322253684 ], [ -110.697982758749433, 45.526496403690238 ], [ -110.697832104503206, 45.526467522127483 ], [ -110.694757726337286, 45.525820695638586 ], [ -110.694278337359961, 45.525691521813307 ], [ -110.694084216768218, 45.525642102391842 ], [ -110.693887210705512, 45.525598689980498 ], [ -110.693687695182248, 45.525561367435628 ], [ -110.693486050995858, 45.525530205990357 ], [ -110.693282663004354, 45.525505265118774 ], [ -110.693077919392195, 45.525486592422382 ], [ -110.69287221092975, 45.525474223539398 ], [ -110.692665930227875, 45.525468182076736 ] ] ] } },
{ "type": "Feature", "properties": { "PARCELID": "49043113290900000", "CountyName": "Park", "PropertyID": 669371, "Township": "06 S", "Range": "07 E", "Section": "13", "LegalDescr": "S13, T06 S, R07 E, POR ABANDONED RLY", "TotalAcres": 14.31, "OwnerName": "MOUNTAIN SKY GUEST RANCH LLC", "OwnerAddre": "MAIL TO YANCY ARTERBURN GENERAL MANAGER", "OwnerAdd_1": "PO BOX 1219", "OwnerAdd_2": null, "OwnerCity": "EMIGRANT", "OwnerState": "MT", "OwnerZipCo": "59027-1219", "DbaName": null, "CareOfTaxp": null, "normalized_owner_name": "MOUNTAIN SKY GUEST RANCH LLC", "ranch_component": "Mountain Sky Guest Ranch", "matched_grouped_entity": "ARTHUR BLANK / AMB WEST", "match_reason": "Official AMB West page says Arthur Blank purchased Mountain Sky in 2001; current Montana Water Court records also jointly identify Arthur M. Blank and Mountain Sky Guest Ranch LLC." }, "geometry": { "type": "Polygon", "coordinates": [ [ [ -110.801103654610799, 45.31979860178614 ], [ -110.806803569573034, 45.317296114133185 ], [ -110.8133033908843, 45.314610138934228 ], [ -110.814792131275723, 45.313746779624701 ], [ -110.816276324905672, 45.312879552061574 ], [ -110.81662463241075, 45.313067731109349 ], [ -110.815769902719822, 45.313542762171977 ], [ -110.815428201110947, 45.313731656909653 ], [ -110.81509937657259, 45.31391343330445 ], [ -110.814556993059725, 45.31421325974118 ], [ -110.80210550077247, 45.319708087001189 ], [ -110.801057695105968, 45.320292180104765 ], [ -110.801103654610799, 45.31979860178614 ] ] ] } },
{ "type": "Feature", "properties": { "PARCELID": "49043115101040000", "CountyName": "Park", "PropertyID": 669857, "Township": "06 S", "Range": "07 E", "Section": "15", "LegalDescr": "GLASTONBURY SOUTH, S15, T06 S, R07 E, Lot 015", "TotalAcres": 20.01, "OwnerName": "MOUNTAIN SKY GUEST RANCH LLC", "OwnerAddre": "MAIL TO: YANCEY ARTEBURN", "OwnerAdd_1": "PO BOX 1219", "OwnerAdd_2": null, "OwnerCity": "EMIGRANT", "OwnerState": "MT", "OwnerZipCo": "59027-1219", "DbaName": null, "CareOfTaxp": null, "normalized_owner_name": "MOUNTAIN SKY GUEST RANCH LLC", "ranch_component": "Mountain Sky Guest Ranch", "matched_grouped_entity": "ARTHUR BLANK / AMB WEST", "match_reason": "Official AMB West page says Arthur Blank purchased Mountain Sky in 2001; current Montana Water Court records also jointly identify Arthur M. Blank and Mountain Sky Guest Ranch LLC." }, "geometry": { "type": "Polygon", "coordinates": [ [ [ -110.841714374368138, 45.317125691072768 ], [ -110.842009311460842, 45.316652558936511 ], [ -110.84203965299568, 45.31661166974537 ], [ -110.842077669970053, 45.316574109773249 ], [ -110.842122641199836, 45.316540591520123 ], [ -110.842173713585652, 45.316511750814698 ], [ -110.842229918296169, 45.316488134753428 ], [ -110.842290189146269, 45.316470191322708 ], [ -110.842353382821699, 45.316458260901236 ], [ -110.842418300566379, 45.316452569803495 ], [ -110.843214055940706, 45.316424313090288 ], [ -110.844193993425009, 45.316389410153128 ], [ -110.844252386332997, 45.316390678434864 ], [ -110.844309817346925, 45.316398232676086 ], [ -110.844364935165046, 45.316411895132205 ], [ -110.844416442910827, 45.316431344337602 ], [ -110.844463128646211, 45.316456122669052 ], [ -110.844503893886994, 45.316485647112835 ], [ -110.844537779448856, 45.31651922298213 ], [ -110.844563988016645, 45.316556060261888 ], [ -110.844581902905276, 45.316595292196787 ], [ -110.84459110257113, 45.316635995685097 ], [ -110.844591370532271, 45.316677212998279 ], [ -110.844495393821205, 45.317655859338871 ], [ -110.844486152276602, 45.317703624897 ], [ -110.844468436001762, 45.317750184872438 ], [ -110.844442528572074, 45.317794793948138 ], [ -110.844408844687038, 45.317836738034757 ], [ -110.844367923532857, 45.317875345701637 ], [ -110.844320420152215, 45.317909998925394 ], [ -110.844242976649682, 45.31796246497575 ], [ -110.844169693120065, 45.31801782554269 ], [ -110.844100786593586, 45.318075916684883 ], [ -110.844036461140661, 45.318136566374349 ], [ -110.84366915627507, 45.318503382377997 ], [ -110.843611461724493, 45.318722529394442 ], [ -110.843589577544577, 45.31879200149335 ], [ -110.843561147440127, 45.31886028357134 ], [ -110.843526299055014, 45.318927069001759 ], [ -110.843485188856533, 45.318992057877608 ], [ -110.843438001433185, 45.319054958358528 ], [ -110.843278315163332, 45.319250945671612 ], [ -110.843252171621842, 45.319289128633841 ], [ -110.843233674026749, 45.319329474952006 ], [ -110.843223169870129, 45.319371226725572 ], [ -110.84322085648995, 45.319413599650872 ], [ -110.843226777361764, 45.319455797754188 ], [ -110.843277741877671, 45.319668230282495 ], [ -110.843289814079625, 45.319701873412754 ], [ -110.843309617547931, 45.319733641359655 ], [ -110.843336605309332, 45.319762656669681 ], [ -110.843370031951949, 45.319788117917739 ], [ -110.843408974213261, 45.319809321843678 ], [ -110.843452356481095, 45.3198256827772 ], [ -110.843498980503085, 45.319836748815085 ], [ -110.843472010363286, 45.319918622784769 ], [ -110.843323554268522, 45.320188192119808 ], [ -110.841399251442738, 45.320383005616435 ], [ -110.841328900662091, 45.318672714020394 ], [ -110.841328430725468, 45.318590033862812 ], [ -110.841333971097711, 45.318507445489054 ], [ -110.841345507172889, 45.318425166223498 ], [ -110.841363008568266, 45.318343412576198 ], [ -110.841601469575238, 45.317388255810116 ], [ -110.841621198206511, 45.317320927006627 ], [ -110.841646657360556, 45.31725456232131 ], [ -110.841677753970728, 45.317189404298773 ], [ -110.841714374368138, 45.317125691072768 ] ] ] } },
{ "type": "Feature", "properties": { "PARCELID": "49043112301010000", "CountyName": "Park", "PropertyID": 669884, "Township": "06 S", "Range": "07 E", "Section": "12", "LegalDescr": "GLASTONBURY SOUTH, S12, T06 S, R07 E, Lot 26D, SD 285 GLASTONBURY SOUTH", "TotalAcres": 2.26, "OwnerName": "MOUNTAIN SKY GUEST RANCH LLC", "OwnerAddre": "PO BOX 1219", "OwnerAdd_1": null, "OwnerAdd_2": null, "OwnerCity": "EMIGRANT", "OwnerState": "MT", "OwnerZipCo": "59027-1219", "DbaName": null, "CareOfTaxp": null, "normalized_owner_name": "MOUNTAIN SKY GUEST RANCH LLC", "ranch_component": "Mountain Sky Guest Ranch", "matched_grouped_entity": "ARTHUR BLANK / AMB WEST", "match_reason": "Official AMB West page says Arthur Blank purchased Mountain Sky in 2001; current Montana Water Court records also jointly identify Arthur M. Blank and Mountain Sky Guest Ranch LLC." }, "geometry": { "type": "Polygon", "coordinates": [ [ [ -110.820426904513496, 45.322906283100707 ], [ -110.820355337999985, 45.322874089062132 ], [ -110.820280066118983, 45.32284641816117 ], [ -110.820201661835313, 45.322823481024983 ], [ -110.820120721954822, 45.322805452247678 ], [ -110.820037862581941, 45.32279246906154 ], [ -110.819953714430412, 45.322784630292475 ], [ -110.819161896889142, 45.322739322929451 ], [ -110.81904656996025, 45.322735281628951 ], [ -110.818931106533753, 45.322736090361211 ], [ -110.818898682973369, 45.322322036687858 ], [ -110.821008898557736, 45.32236848555938 ], [ -110.821007596843174, 45.323051777572033 ], [ -110.820972441932042, 45.323131797181979 ], [ -110.820895926470484, 45.323113719626548 ], [ -110.820821790864557, 45.323091242504532 ], [ -110.820750542440791, 45.323064519632929 ], [ -110.820682668765954, 45.323033733883371 ], [ -110.820426904513496, 45.322906283100707 ] ] ] } },
{ "type": "Feature", "properties": { "PARCELID": "49043115201010000", "CountyName": "Park", "PropertyID": 670495, "Township": "06 S", "Range": "07 E", "Section": "15", "LegalDescr": "S15, T06 S, R07 E, C.O.S. 1696, NW4", "TotalAcres": 162.751, "OwnerName": "MOUNTAIN SKY GUEST RANCH LLC", "OwnerAddre": "MAIL TO:  YANCEY ARTEBURN", "OwnerAdd_1": "PO BOX 1219", "OwnerAdd_2": null, "OwnerCity": "EMIGRANT", "OwnerState": "MT", "OwnerZipCo": "59027-1219", "DbaName": null, "CareOfTaxp": null, "normalized_owner_name": "MOUNTAIN SKY GUEST RANCH LLC", "ranch_component": "Mountain Sky Guest Ranch", "matched_grouped_entity": "ARTHUR BLANK / AMB WEST", "match_reason": "Official AMB West page says Arthur Blank purchased Mountain Sky in 2001; current Montana Water Court records also jointly identify Arthur M. Blank and Mountain Sky Guest Ranch LLC." }, "geometry": { "type": "Polygon", "coordinates": [ [ [ -110.84600867512215, 45.318162628944989 ], [ -110.846194169709804, 45.314422099598588 ], [ -110.851291800734387, 45.314434796777739 ], [ -110.85640417637012, 45.314455072394018 ], [ -110.856244292401257, 45.318150862321055 ], [ -110.856084176927084, 45.321847140644465 ], [ -110.850959026858334, 45.321826199890921 ], [ -110.845833903379017, 45.32180516809165 ], [ -110.845928350418376, 45.31983679791756 ], [ -110.84600867512215, 45.318162628944989 ] ] ] } },
{ "type": "Feature", "properties": { "PARCELID": "49043114190100000", "CountyName": "Park", "PropertyID": 669861, "Township": "06 S", "Range": "07 E", "Section": "14", "LegalDescr": "GLASTONBURY SOUTH, S14, T06 S, R07 E, Lot 01A, COS 1642", "TotalAcres": 23.856, "OwnerName": "MOUNTAIN SKY GUEST RANCH LLC", "OwnerAddre": "MAIL TO: YANCEY ARTEBURN", "OwnerAdd_1": "PO BOX 1219", "OwnerAdd_2": null, "OwnerCity": "EMIGRANT", "OwnerState": "MT", "OwnerZipCo": "59027-1219", "DbaName": null, "CareOfTaxp": null, "normalized_owner_name": "MOUNTAIN SKY GUEST RANCH LLC", "ranch_component": "Mountain Sky Guest Ranch", "matched_grouped_entity": "ARTHUR BLANK / AMB WEST", "match_reason": "Official AMB West page says Arthur Blank purchased Mountain Sky in 2001; current Montana Water Court records also jointly identify Arthur M. Blank and Mountain Sky Guest Ranch LLC." }, "geometry": { "type": "Polygon", "coordinates": [ [ [ -110.826185668420123, 45.322872671295698 ], [ -110.825193361439005, 45.322703475802633 ], [ -110.825093646856743, 45.322689522356967 ], [ -110.824992639472214, 45.322681425757878 ], [ -110.824891029306755, 45.322679241316287 ], [ -110.824789510498903, 45.322682983955012 ], [ -110.824688776563235, 45.322692628106623 ], [ -110.824589515653273, 45.322708107888204 ], [ -110.824325196839936, 45.3227574915663 ], [ -110.82421117234945, 45.322775236237312 ], [ -110.824095446303417, 45.322786205394102 ], [ -110.823978826259037, 45.322790322491777 ], [ -110.823874060180131, 45.322788052238813 ], [ -110.823769802986448, 45.322780430608191 ], [ -110.823666603214875, 45.322767497700283 ], [ -110.823565003837899, 45.322749321560089 ], [ -110.823465539406357, 45.322725997819283 ], [ -110.823368733236563, 45.322697649192804 ], [ -110.823264128910807, 45.322663310866567 ], [ -110.821773199360536, 45.32217361937672 ], [ -110.821705479284219, 45.322148540716775 ], [ -110.821641293023944, 45.322119199265018 ], [ -110.821581178229408, 45.322085840800064 ], [ -110.821525638443106, 45.322048744748486 ], [ -110.82147513888232, 45.322008221844087 ], [ -110.821418392808283, 45.321957388093857 ], [ -110.821542840606398, 45.320417962937711 ], [ -110.825737999962499, 45.321070911697319 ], [ -110.828330127508778, 45.321494941979473 ], [ -110.826885152137578, 45.323054574006882 ], [ -110.826782954335599, 45.323014706845036 ], [ -110.826677574411249, 45.3229792010899 ], [ -110.826569385946968, 45.322948182610844 ], [ -110.826458772479484, 45.322921761369457 ], [ -110.826346126140493, 45.322900031029818 ], [ -110.826185668420123, 45.322872671295698 ] ] ] } },
{ "type": "Feature", "properties": { "PARCELID": "49043114150100000", "CountyName": "Park", "PropertyID": 669862, "Township": "06 S", "Range": "07 E", "Section": "14", "LegalDescr": "GLASTONBURY SOUTH, S14, T06 S, R07 E, Lot 03A, COS 1642", "TotalAcres": 26.137, "OwnerName": "MOUNTAIN SKY GUEST RANCH LLC", "OwnerAddre": "MAIL TO: YANCEY ARTEBURN", "OwnerAdd_1": "PO BOX 1219", "OwnerAdd_2": null, "OwnerCity": "EMIGRANT", "OwnerState": "MT", "OwnerZipCo": "59027-1219", "DbaName": null, "CareOfTaxp": null, "normalized_owner_name": "MOUNTAIN SKY GUEST RANCH LLC", "ranch_component": "Mountain Sky Guest Ranch", "matched_grouped_entity": "ARTHUR BLANK / AMB WEST", "match_reason": "Official AMB West page says Arthur Blank purchased Mountain Sky in 2001; current Montana Water Court records also jointly identify Arthur M. Blank and Mountain Sky Guest Ranch LLC." }, "geometry": { "type": "Polygon", "coordinates": [ [ [ -110.825737999962499, 45.321070911697319 ], [ -110.824622519430719, 45.318103985013295 ], [ -110.826030485270948, 45.318242532007297 ], [ -110.826126653023323, 45.31824899211621 ], [ -110.826223255476165, 45.3182491462345 ], [ -110.82631946365747, 45.318242993039661 ], [ -110.826414451978991, 45.318230585333943 ], [ -110.826507405321635, 45.318212029591287 ], [ -110.826597526031051, 45.318187485043453 ], [ -110.826684040763183, 45.318157162313462 ], [ -110.826766207121082, 45.318121321608047 ], [ -110.826843320026128, 45.318080270484415 ], [ -110.82691471776873, 45.318034361210906 ], [ -110.826979787686668, 45.317983987743588 ], [ -110.827139410955112, 45.317849276013142 ], [ -110.827758873806673, 45.318198703000128 ], [ -110.828398524572478, 45.318848470784118 ], [ -110.830169424485661, 45.319568971431814 ], [ -110.828330127508778, 45.321494941979473 ], [ -110.825737999962499, 45.321070911697319 ] ] ] } },
{ "type": "Feature", "properties": { "PARCELID": "49043114101030000", "CountyName": "Park", "PropertyID": 669846, "Township": "06 S", "Range": "07 E", "Section": "14", "LegalDescr": "GLASTONBURY SOUTH, S14, T06 S, R07 E, Lot 002", "TotalAcres": 20.0, "OwnerName": "MOUNTAIN SKY GUEST RANCH LLC", "OwnerAddre": "MAIL TO: YANCEY ARTEBURN", "OwnerAdd_1": "PO BOX 1219", "OwnerAdd_2": null, "OwnerCity": "EMIGRANT", "OwnerState": "MT", "OwnerZipCo": "59027-1219", "DbaName": null, "CareOfTaxp": null, "normalized_owner_name": "MOUNTAIN SKY GUEST RANCH LLC", "ranch_component": "Mountain Sky Guest Ranch", "matched_grouped_entity": "ARTHUR BLANK / AMB WEST", "match_reason": "Official AMB West page says Arthur Blank purchased Mountain Sky in 2001; current Montana Water Court records also jointly identify Arthur M. Blank and Mountain Sky Guest Ranch LLC." }, "geometry": { "type": "Polygon", "coordinates": [ [ [ -110.821542840606398, 45.320417962937711 ], [ -110.821673545164217, 45.318797131807358 ], [ -110.821683183350714, 45.318678073830043 ], [ -110.82179695236988, 45.318684323928579 ], [ -110.82180813736025, 45.318612183985657 ], [ -110.821828651417192, 45.318541071554641 ], [ -110.821858321654474, 45.318471585826153 ], [ -110.821896898038716, 45.318404312282055 ], [ -110.82194405549734, 45.318339817762336 ], [ -110.821999396658427, 45.31827864568924 ], [ -110.822062455199827, 45.318221311488735 ], [ -110.822132699778848, 45.318168298247926 ], [ -110.822209538509682, 45.318120052644971 ], [ -110.822292323950805, 45.318076981185783 ], [ -110.822380358560082, 45.318039446779267 ], [ -110.82247290057208, 45.318007765679909 ], [ -110.822569170247448, 45.317982204823274 ], [ -110.822668356442392, 45.317962979577281 ], [ -110.822769623442383, 45.317950251927741 ], [ -110.822872118002891, 45.317944129113648 ], [ -110.822974976537651, 45.317944662723846 ], [ -110.823077332394121, 45.31795184826229 ], [ -110.824622519430719, 45.318103985013295 ], [ -110.825737999962499, 45.321070911697319 ], [ -110.821542840606398, 45.320417962937711 ] ] ] } },
{ "type": "Feature", "properties": { "PARCELID": "49043114101040000", "CountyName": "Park", "PropertyID": 669847, "Township": "06 S", "Range": "07 E", "Section": "14", "LegalDescr": "GLASTONBURY SOUTH, S14, T06 S, R07 E, Lot 004", "TotalAcres": 23.99, "OwnerName": "MOUNTAIN SKY GUEST RANCH LLC", "OwnerAddre": "MAIL TO: YANCEY ARTEBURN", "OwnerAdd_1": "PO BOX 1219", "OwnerAdd_2": null, "OwnerCity": "EMIGRANT", "OwnerState": "MT", "OwnerZipCo": "59027-1219", "DbaName": null, "CareOfTaxp": null, "normalized_owner_name": "MOUNTAIN SKY GUEST RANCH LLC", "ranch_component": "Mountain Sky Guest Ranch", "matched_grouped_entity": "ARTHUR BLANK / AMB WEST", "match_reason": "Official AMB West page says Arthur Blank purchased Mountain Sky in 2001; current Montana Water Court records also jointly identify Arthur M. Blank and Mountain Sky Guest Ranch LLC." }, "geometry": { "type": "Polygon", "coordinates": [ [ [ -110.821683183350714, 45.318678073830043 ], [ -110.821962643850796, 45.315217842937088 ], [ -110.824217848488445, 45.315079683300006 ], [ -110.824387709937966, 45.315544987701841 ], [ -110.82514336235981, 45.316401939261652 ], [ -110.82663508961619, 45.317397011180148 ], [ -110.826925743971131, 45.317728785312546 ], [ -110.827139410955112, 45.317849276013142 ], [ -110.826979787686668, 45.317983987743588 ], [ -110.82691471776873, 45.318034361210906 ], [ -110.826843320026128, 45.318080270484415 ], [ -110.826766207121082, 45.318121321608047 ], [ -110.826684040763183, 45.318157162313462 ], [ -110.826597526031051, 45.318187485043453 ], [ -110.826507405321635, 45.318212029591287 ], [ -110.826414451978991, 45.318230585333943 ], [ -110.82631946365747, 45.318242993039661 ], [ -110.826223255476165, 45.3182491462345 ], [ -110.826126653023323, 45.31824899211621 ], [ -110.826030485270948, 45.318242532007297 ], [ -110.824622519430719, 45.318103985013295 ], [ -110.823077332394121, 45.31795184826229 ], [ -110.822974976537665, 45.317944662723853 ], [ -110.822872118002891, 45.317944129113663 ], [ -110.822769623442383, 45.317950251927769 ], [ -110.822668356442421, 45.317962979577324 ], [ -110.822569170247476, 45.317982204823316 ], [ -110.822472900572123, 45.318007765679958 ], [ -110.822380358560139, 45.318039446779316 ], [ -110.822292323950833, 45.318076981185826 ], [ -110.822209538509739, 45.318120052645014 ], [ -110.822132699778891, 45.318168298247976 ], [ -110.822062455199884, 45.318221311488777 ], [ -110.821999396658484, 45.318278645689283 ], [ -110.821944055497383, 45.318339817762364 ], [ -110.821896898038773, 45.31840431228207 ], [ -110.821858321654517, 45.318471585826174 ], [ -110.821828651417221, 45.318541071554655 ], [ -110.821808137360264, 45.318612183985671 ], [ -110.82179695236988, 45.318684323928579 ], [ -110.821683183350714, 45.318678073830043 ] ] ] } },
{ "type": "Feature", "properties": { "PARCELID": "49043114101050000", "CountyName": "Park", "PropertyID": 669848, "Township": "06 S", "Range": "07 E", "Section": "14", "LegalDescr": "GLASTONBURY SOUTH, S14, T06 S, R07 E, Lot 005", "TotalAcres": 20.76, "OwnerName": "MOUNTAIN SKY GUEST RANCH LLC", "OwnerAddre": "MAIL TO: YANCEY ARTEBURN", "OwnerAdd_1": "PO BOX 1219", "OwnerAdd_2": null, "OwnerCity": "EMIGRANT", "OwnerState": "MT", "OwnerZipCo": "59027-1219", "DbaName": null, "CareOfTaxp": null, "normalized_owner_name": "MOUNTAIN SKY GUEST RANCH LLC", "ranch_component": "Mountain Sky Guest Ranch", "matched_grouped_entity": "ARTHUR BLANK / AMB WEST", "match_reason": "Official AMB West page says Arthur Blank purchased Mountain Sky in 2001; current Montana Water Court records also jointly identify Arthur M. Blank and Mountain Sky Guest Ranch LLC." }, "geometry": { "type": "Polygon", "coordinates": [ [ [ -110.82663508961619, 45.317397011180148 ], [ -110.82514336235981, 45.316401939261652 ], [ -110.824387709937966, 45.315544987701841 ], [ -110.824217848488445, 45.315079683300006 ], [ -110.827161175104791, 45.314899312807256 ], [ -110.829949773444923, 45.314728355995477 ], [ -110.828791305236322, 45.316801227177223 ], [ -110.828183892339183, 45.316554896434873 ], [ -110.828144973504124, 45.316542195537941 ], [ -110.82810365831584, 45.316534095819051 ], [ -110.828061031438381, 45.316530809923172 ], [ -110.828018211971013, 45.316532424116112 ], [ -110.827976324069041, 45.316538896019857 ], [ -110.827936467431726, 45.316550055725145 ], [ -110.827899688432296, 45.316565610251963 ], [ -110.827866952647724, 45.316585151241085 ], [ -110.827839119509321, 45.316608165674616 ], [ -110.827816919739831, 45.316634049344074 ], [ -110.827800936169012, 45.316662122712749 ], [ -110.827791588431779, 45.316691648755615 ], [ -110.827708552747751, 45.317105160084751 ], [ -110.827687392291068, 45.317188363250402 ], [ -110.827657157254365, 45.317270159425185 ], [ -110.82761802941269, 45.317350056737169 ], [ -110.827570244019796, 45.317427574730957 ], [ -110.827514088394338, 45.317502247256876 ], [ -110.827449900192718, 45.317573625274427 ], [ -110.827378065379349, 45.317641279552831 ], [ -110.827139410955112, 45.317849276013142 ], [ -110.826925743971131, 45.317728785312546 ], [ -110.82663508961619, 45.317397011180148 ] ] ] } },
{ "type": "Feature", "properties": { "PARCELID": "49043114201050000", "CountyName": "Park", "PropertyID": 669852, "Township": "06 S", "Range": "07 E", "Section": "14", "LegalDescr": "GLASTONBURY SOUTH, S14, T06 S, R07 E, Lot 006", "TotalAcres": 20.0, "OwnerName": "MOUNTAIN SKY GUEST RANCH LLC", "OwnerAddre": "MAIL TO: YANCEY ARTEBURN", "OwnerAdd_1": "PO BOX 1219", "OwnerAdd_2": null, "OwnerCity": "EMIGRANT", "OwnerState": "MT", "OwnerZipCo": "59027-1219", "DbaName": null, "CareOfTaxp": null, "normalized_owner_name": "MOUNTAIN SKY GUEST RANCH LLC", "ranch_component": "Mountain Sky Guest Ranch", "matched_grouped_entity": "ARTHUR BLANK / AMB WEST", "match_reason": "Official AMB West page says Arthur Blank purchased Mountain Sky in 2001; current Montana Water Court records also jointly identify Arthur M. Blank and Mountain Sky Guest Ranch LLC." }, "geometry": { "type": "Polygon", "coordinates": [ [ [ -110.829237400898734, 45.316982063121671 ], [ -110.828791305236322, 45.316801227177223 ], [ -110.829949773444923, 45.314728355995477 ], [ -110.832359719465927, 45.314580500597742 ], [ -110.833934240408084, 45.314483892785169 ], [ -110.83429844059502, 45.314461542013802 ], [ -110.834441494497653, 45.315435319560706 ], [ -110.830942667504587, 45.316889328793465 ], [ -110.830911634615802, 45.316967907075423 ], [ -110.830837148453568, 45.316956803694403 ], [ -110.830761316871346, 45.316952048153915 ], [ -110.830685222690931, 45.316953708359669 ], [ -110.830609952483542, 45.316961760605118 ], [ -110.829954530130749, 45.317061231381551 ], [ -110.829863028522936, 45.317071862253208 ], [ -110.829770536350651, 45.31707658397815 ], [ -110.829677818661509, 45.317075357500627 ], [ -110.829585642368812, 45.317068192965451 ], [ -110.829494769907086, 45.317055149634037 ], [ -110.829405952925043, 45.3170363353941 ], [ -110.829319926067612, 45.317011905867275 ], [ -110.829237400898734, 45.316982063121671 ] ] ] } },
{ "type": "Feature", "properties": { "PARCELID": "49043114201030000", "CountyName": "Park", "PropertyID": 669850, "Township": "06 S", "Range": "07 E", "Section": "14", "LegalDescr": "GLASTONBURY SOUTH, S14, T06 S, R07 E, Lot 007", "TotalAcres": 21.25, "OwnerName": "MOUNTAIN SKY GUEST RANCH LLC", "OwnerAddre": "MAIL TO: YANCEY ARTEBURN", "OwnerAdd_1": "PO BOX 1219", "OwnerAdd_2": null, "OwnerCity": "EMIGRANT", "OwnerState": "MT", "OwnerZipCo": "59027-1219", "DbaName": null, "CareOfTaxp": null, "normalized_owner_name": "MOUNTAIN SKY GUEST RANCH LLC", "ranch_component": "Mountain Sky Guest Ranch", "matched_grouped_entity": "ARTHUR BLANK / AMB WEST", "match_reason": "Official AMB West page says Arthur Blank purchased Mountain Sky in 2001; current Montana Water Court records also jointly identify Arthur M. Blank and Mountain Sky Guest Ranch LLC." }, "geometry": { "type": "Polygon", "coordinates": [ [ [ -110.830169424485661, 45.319568971431814 ], [ -110.828398524572478, 45.318848470784118 ], [ -110.827758873806673, 45.318198703000128 ], [ -110.827139410955112, 45.317849276013142 ], [ -110.827378065379349, 45.317641279552831 ], [ -110.827449900192761, 45.317573625274434 ], [ -110.827514088394409, 45.317502247256904 ], [ -110.827570244019896, 45.317427574730971 ], [ -110.827618029412776, 45.31735005673719 ], [ -110.827657157254436, 45.317270159425199 ], [ -110.827687392291111, 45.317188363250416 ], [ -110.827708552747751, 45.317105160084751 ], [ -110.827791588431779, 45.316691648755615 ], [ -110.827800936169069, 45.316662122712778 ], [ -110.827816919739945, 45.316634049344131 ], [ -110.827839119509463, 45.316608165674715 ], [ -110.827866952647867, 45.316585151241235 ], [ -110.827899688432439, 45.31656561025212 ], [ -110.82793646743184, 45.316550055725315 ], [ -110.827976324069141, 45.316538896020013 ], [ -110.82801821197107, 45.316532424116275 ], [ -110.828061031438409, 45.316530809923321 ], [ -110.828103658315854, 45.316534095819165 ], [ -110.828144973504124, 45.316542195537991 ], [ -110.828183892339183, 45.316554896434873 ], [ -110.828791305236322, 45.316801227177223 ], [ -110.829237400898734, 45.316982063121671 ], [ -110.829319926067583, 45.317011905867325 ], [ -110.829405952925001, 45.317036335394207 ], [ -110.829494769907043, 45.317055149634143 ], [ -110.829585642368784, 45.317068192965593 ], [ -110.829677818661509, 45.317075357500741 ], [ -110.829770536350637, 45.317076583978242 ], [ -110.829863028522936, 45.317071862253265 ], [ -110.829954530130749, 45.317061231381551 ], [ -110.830609952483542, 45.316961760605118 ], [ -110.830685222690931, 45.316953708359662 ], [ -110.830761316871346, 45.316952048153908 ], [ -110.830837148453568, 45.316956803694396 ], [ -110.830911634615802, 45.316967907075423 ], [ -110.832819156232176, 45.317340944571967 ], [ -110.832913880917317, 45.317356392055373 ], [ -110.833010143535816, 45.317366005651195 ], [ -110.833107223651723, 45.317369713410507 ], [ -110.833204394710066, 45.317367487584093 ], [ -110.833300929475172, 45.317359344830258 ], [ -110.833396105474051, 45.317345346090001 ], [ -110.833489210404139, 45.317325596130999 ], [ -110.830814479443887, 45.318959606821068 ], [ -110.830802730656856, 45.319101880566286 ], [ -110.830775688819273, 45.319429496654024 ], [ -110.831188720692609, 45.32007003155325 ], [ -110.830607518320349, 45.319747257428524 ], [ -110.830169424485661, 45.319568971431814 ] ] ] } },
{ "type": "Feature", "properties": { "PARCELID": "49043114201060000", "CountyName": "Park", "PropertyID": 669853, "Township": "06 S", "Range": "07 E", "Section": "14", "LegalDescr": "GLASTONBURY SOUTH, S14, T06 S, R07 E, Lot 008", "TotalAcres": 20.0, "OwnerName": "MOUNTAIN SKY GUEST RANCH LLC", "OwnerAddre": "MAIL TO: YANCEY ARTEBURN", "OwnerAdd_1": "PO BOX 1219", "OwnerAdd_2": null, "OwnerCity": "EMIGRANT", "OwnerState": "MT", "OwnerZipCo": "59027-1219", "DbaName": null, "CareOfTaxp": null, "normalized_owner_name": "MOUNTAIN SKY GUEST RANCH LLC", "ranch_component": "Mountain Sky Guest Ranch", "matched_grouped_entity": "ARTHUR BLANK / AMB WEST", "match_reason": "Official AMB West page says Arthur Blank purchased Mountain Sky in 2001; current Montana Water Court records also jointly identify Arthur M. Blank and Mountain Sky Guest Ranch LLC." }, "geometry": { "type": "Polygon", "coordinates": [ [ [ -110.830802730656856, 45.319101880566286 ], [ -110.830814479443887, 45.318959606821068 ], [ -110.833489210404139, 45.317325596130999 ], [ -110.833552341604545, 45.317308551859696 ], [ -110.834005526454703, 45.317175243560079 ], [ -110.83410372594706, 45.317142948913911 ], [ -110.834197967507762, 45.317105238557318 ], [ -110.834287652308674, 45.31706235211248 ], [ -110.834372210480339, 45.317014562091295 ], [ -110.83445110473329, 45.316962172163564 ], [ -110.834523833772167, 45.316905515227091 ], [ -110.834589935481006, 45.316844951292225 ], [ -110.834947486366829, 45.316488916862085 ], [ -110.83502592225193, 45.316416171899562 ], [ -110.835111188428016, 45.316347358833823 ], [ -110.835202890062845, 45.316282796289414 ], [ -110.835403692323766, 45.316150685977732 ], [ -110.835470925950347, 45.316110925011841 ], [ -110.835543633688715, 45.316076289752715 ], [ -110.835621033826456, 45.316047152574278 ], [ -110.835702294206001, 45.316023826738459 ], [ -110.83578654117089, 45.316006563027443 ], [ -110.835872868957978, 45.31599554704772 ], [ -110.83641442007837, 45.31594771974305 ], [ -110.836451588811329, 45.31594679877621 ], [ -110.836488452751013, 45.315950274493197 ], [ -110.836523974478084, 45.315958049080947 ], [ -110.836557154344632, 45.315969903748204 ], [ -110.836587058605517, 45.315985504882562 ], [ -110.836612845695299, 45.316004413438719 ], [ -110.836633789911417, 45.316026097293808 ], [ -110.836649301836943, 45.316049946222037 ], [ -110.836658944928331, 45.316075289067442 ], [ -110.836662447801402, 45.31610141263134 ], [ -110.836659711869416, 45.316127581742961 ], [ -110.836650814118485, 45.316153059948725 ], [ -110.836538526560517, 45.316389149658782 ], [ -110.83618112216692, 45.317139875158119 ], [ -110.835466557080736, 45.319280643692423 ], [ -110.835353316387668, 45.31926175340201 ], [ -110.830802730656856, 45.319101880566286 ] ] ] } },
{ "type": "Feature", "properties": { "PARCELID": "49043114201020000", "CountyName": "Park", "PropertyID": 669849, "Township": "06 S", "Range": "07 E", "Section": "14", "LegalDescr": "GLASTONBURY SOUTH, S14, T06 S, R07 E, Lot 009", "TotalAcres": 20.88, "OwnerName": "MOUNTAIN SKY GUEST RANCH LLC", "OwnerAddre": "MAIL TO: YANCEY ARTEBURN", "OwnerAdd_1": "PO BOX 1219", "OwnerAdd_2": null, "OwnerCity": "EMIGRANT", "OwnerState": "MT", "OwnerZipCo": "59027-1219", "DbaName": null, "CareOfTaxp": null, "normalized_owner_name": "MOUNTAIN SKY GUEST RANCH LLC", "ranch_component": "Mountain Sky Guest Ranch", "matched_grouped_entity": "ARTHUR BLANK / AMB WEST", "match_reason": "Official AMB West page says Arthur Blank purchased Mountain Sky in 2001; current Montana Water Court records also jointly identify Arthur M. Blank and Mountain Sky Guest Ranch LLC." }, "geometry": { "type": "Polygon", "coordinates": [ [ [ -110.8344593823563, 45.321464070311706 ], [ -110.834262457573658, 45.321440959814979 ], [ -110.833495065553493, 45.321350805037156 ], [ -110.831188720692609, 45.32007003155325 ], [ -110.830775688819273, 45.319429496654024 ], [ -110.830802730656856, 45.319101880566286 ], [ -110.835353316387668, 45.31926175340201 ], [ -110.835466557080736, 45.319280643692423 ], [ -110.835440432396396, 45.319369978580063 ], [ -110.835421243521338, 45.319460184744358 ], [ -110.835409047459891, 45.319550994370495 ], [ -110.835404475352462, 45.319620338329329 ], [ -110.835403982153935, 45.31968975639802 ], [ -110.835411167728154, 45.319992182381093 ], [ -110.83541602830438, 45.32003600766695 ], [ -110.835428904228849, 45.32007901811415 ], [ -110.835449578034982, 45.320120487240864 ], [ -110.835477700541503, 45.320159714597878 ], [ -110.835512796749356, 45.320196037599892 ], [ -110.835554273864062, 45.320228842717469 ], [ -110.835601431307921, 45.320257575840557 ], [ -110.836599788581964, 45.320791096754974 ], [ -110.836658274843813, 45.320826133519219 ], [ -110.836710859321229, 45.320865552138969 ], [ -110.836756886297266, 45.320908861082764 ], [ -110.836795781819916, 45.320955520307436 ], [ -110.837258002304608, 45.321587386858937 ], [ -110.837284522975864, 45.32162874886648 ], [ -110.837304687087979, 45.321671859270467 ], [ -110.837318267958466, 45.321716233461395 ], [ -110.837325112906697, 45.321761372622142 ], [ -110.836458319920013, 45.321530137656097 ], [ -110.835141477870167, 45.321544175231644 ], [ -110.8344593823563, 45.321464070311706 ] ] ] } },
{ "type": "Feature", "properties": { "PARCELID": "49043114201040000", "CountyName": "Park", "PropertyID": 669851, "Township": "06 S", "Range": "07 E", "Section": "14", "LegalDescr": "GLASTONBURY SOUTH, S14, T06 S, R07 E, Lot 011", "TotalAcres": 24.87, "OwnerName": "MOUNTAIN SKY GUEST RANCH LLC", "OwnerAddre": "MAIL TO: YANCEY ARTEBURN", "OwnerAdd_1": "PO BOX 1219", "OwnerAdd_2": null, "OwnerCity": "EMIGRANT", "OwnerState": "MT", "OwnerZipCo": "59027-1219", "DbaName": null, "CareOfTaxp": null, "normalized_owner_name": "MOUNTAIN SKY GUEST RANCH LLC", "ranch_component": "Mountain Sky Guest Ranch", "matched_grouped_entity": "ARTHUR BLANK / AMB WEST", "match_reason": "Official AMB West page says Arthur Blank purchased Mountain Sky in 2001; current Montana Water Court records also jointly identify Arthur M. Blank and Mountain Sky Guest Ranch LLC." }, "geometry": { "type": "Polygon", "coordinates": [ [ [ -110.830911634615802, 45.316967907075423 ], [ -110.830942667504587, 45.316889328793465 ], [ -110.834441494497653, 45.315435319560706 ], [ -110.83429844059502, 45.314461542013802 ], [ -110.83550875195337, 45.314387259990546 ], [ -110.838420358402345, 45.314396854350889 ], [ -110.838500552428172, 45.315465351079681 ], [ -110.838568172633572, 45.316360189648236 ], [ -110.836538526560517, 45.316389149658782 ], [ -110.836650814118485, 45.316153059948725 ], [ -110.836659711869487, 45.316127581742954 ], [ -110.83666244780153, 45.316101412631319 ], [ -110.836658944928487, 45.316075289067392 ], [ -110.836649301837113, 45.316049946221959 ], [ -110.836633789911616, 45.316026097293701 ], [ -110.836612845695484, 45.316004413438627 ], [ -110.836587058605673, 45.315985504882462 ], [ -110.83655715434476, 45.315969903748091 ], [ -110.836523974478169, 45.315958049080841 ], [ -110.83648845275107, 45.315950274493112 ], [ -110.836451588811343, 45.315946798776167 ], [ -110.83641442007837, 45.31594771974305 ], [ -110.835872868957978, 45.31599554704772 ], [ -110.83578654117089, 45.316006563027472 ], [ -110.835702294206015, 45.316023826738487 ], [ -110.83562103382647, 45.316047152574299 ], [ -110.835543633688729, 45.316076289752743 ], [ -110.835470925950361, 45.316110925011856 ], [ -110.835403692323766, 45.316150685977732 ], [ -110.835202890062845, 45.316282796289414 ], [ -110.835111188427902, 45.31634735883376 ], [ -110.835025922251816, 45.31641617189949 ], [ -110.834947486366829, 45.316488916862085 ], [ -110.834589935481006, 45.316844951292225 ], [ -110.834523833772181, 45.316905515227091 ], [ -110.834451104733304, 45.316962172163564 ], [ -110.834372210480353, 45.317014562091302 ], [ -110.834287652308689, 45.31706235211248 ], [ -110.834197967507762, 45.317105238557318 ], [ -110.83410372594706, 45.317142948913926 ], [ -110.834005526454703, 45.317175243560079 ], [ -110.833552341604545, 45.317308551859696 ], [ -110.833489210404139, 45.317325596130999 ], [ -110.833396105474051, 45.317345346089951 ], [ -110.833300929475158, 45.31735934483018 ], [ -110.833204394710052, 45.317367487584008 ], [ -110.833107223651723, 45.317369713410422 ], [ -110.83301014353583, 45.317366005651131 ], [ -110.832913880917332, 45.317356392055331 ], [ -110.832819156232176, 45.317340944571967 ], [ -110.830911634615802, 45.316967907075423 ] ] ] } },
{ "type": "Feature", "properties": { "PARCELID": "49043115101070000", "CountyName": "Park", "PropertyID": 669860, "Township": "06 S", "Range": "07 E", "Section": "15", "LegalDescr": "GLASTONBURY SOUTH, S15, T06 S, R07 E, Lot 012", "TotalAcres": 20.02, "OwnerName": "MOUNTAIN SKY GUEST RANCH LLC", "OwnerAddre": "MAIL TO: YANCEY ARTEBURN", "OwnerAdd_1": "PO BOX 1219", "OwnerAdd_2": null, "OwnerCity": "EMIGRANT", "OwnerState": "MT", "OwnerZipCo": "59027-1219", "DbaName": null, "CareOfTaxp": null, "normalized_owner_name": "MOUNTAIN SKY GUEST RANCH LLC", "ranch_component": "Mountain Sky Guest Ranch", "matched_grouped_entity": "ARTHUR BLANK / AMB WEST", "match_reason": "Official AMB West page says Arthur Blank purchased Mountain Sky in 2001; current Montana Water Court records also jointly identify Arthur M. Blank and Mountain Sky Guest Ranch LLC." }, "geometry": { "type": "Polygon", "coordinates": [ [ [ -110.838500552428172, 45.315465351079681 ], [ -110.838420358402345, 45.314396854350889 ], [ -110.840851467976435, 45.314404804202042 ], [ -110.843086004072617, 45.314412071433445 ], [ -110.843214055940706, 45.316424313090288 ], [ -110.842418300566379, 45.316452569803495 ], [ -110.842353382821699, 45.316458260901236 ], [ -110.842290189146254, 45.316470191322701 ], [ -110.842229918296155, 45.316488134753413 ], [ -110.842173713585652, 45.316511750814698 ], [ -110.842122641199836, 45.316540591520123 ], [ -110.842077669970053, 45.316574109773235 ], [ -110.842039652995666, 45.31661166974537 ], [ -110.842009311460842, 45.316652558936511 ], [ -110.841714374368138, 45.317125691072768 ], [ -110.841608311485274, 45.317092230180137 ], [ -110.838500552428172, 45.315465351079681 ] ] ] } },
{ "type": "Feature", "properties": { "PARCELID": "49043115101050000", "CountyName": "Park", "PropertyID": 669858, "Township": "06 S", "Range": "07 E", "Section": "15", "LegalDescr": "GLASTONBURY SOUTH, S15, T06 S, R07 E, Lot 016", "TotalAcres": 20.96, "OwnerName": "MOUNTAIN SKY GUEST RANCH LLC", "OwnerAddre": "MAIL TO: YANCEY ARTEBURN", "OwnerAdd_1": "PO BOX 1219", "OwnerAdd_2": null, "OwnerCity": "EMIGRANT", "OwnerState": "MT", "OwnerZipCo": "59027-1219", "DbaName": null, "CareOfTaxp": null, "normalized_owner_name": "MOUNTAIN SKY GUEST RANCH LLC", "ranch_component": "Mountain Sky Guest Ranch", "matched_grouped_entity": "ARTHUR BLANK / AMB WEST", "match_reason": "Official AMB West page says Arthur Blank purchased Mountain Sky in 2001; current Montana Water Court records also jointly identify Arthur M. Blank and Mountain Sky Guest Ranch LLC." }, "geometry": { "type": "Polygon", "coordinates": [ [ [ -110.840372974293956, 45.321150563104986 ], [ -110.840344903945336, 45.321130882462057 ], [ -110.840320936069389, 45.321108665843241 ], [ -110.840301525968201, 45.321084335287921 ], [ -110.840287042360302, 45.321058352992544 ], [ -110.840169450900291, 45.320797037613978 ], [ -110.84015040805599, 45.320744562442727 ], [ -110.840140187187501, 45.320690876951481 ], [ -110.840138928302025, 45.320636716668965 ], [ -110.840146648620888, 45.320582823626729 ], [ -110.840235377470478, 45.320195981104199 ], [ -110.840241361757606, 45.320153434601735 ], [ -110.840239958085732, 45.320110690618534 ], [ -110.84023118736161, 45.320068385279008 ], [ -110.840215180129292, 45.320027148178127 ], [ -110.840192174626324, 45.31998759301176 ], [ -110.840028011259307, 45.319747003271139 ], [ -110.840006254382985, 45.319707957936977 ], [ -110.839993149535502, 45.319667035294763 ], [ -110.839989000336246, 45.319625183520436 ], [ -110.83999390290144, 45.319583372315741 ], [ -110.840007743619097, 45.319542570440177 ], [ -110.84007548853414, 45.319395219917247 ], [ -110.84010886954654, 45.319330704375773 ], [ -110.840148655033346, 45.319268022465494 ], [ -110.84019464441478, 45.31920749016534 ], [ -110.840246605839553, 45.319149412616966 ], [ -110.840409774233848, 45.318980839072239 ], [ -110.840424196176528, 45.318962754647572 ], [ -110.840434036604691, 45.318943200270759 ], [ -110.84043900736846, 45.318922748547948 ], [ -110.840438962915684, 45.318901998361405 ], [ -110.840433904553649, 45.31888155733256 ], [ -110.840423980410151, 45.318862024029258 ], [ -110.840409481095151, 45.31884397043796 ], [ -110.840390831190618, 45.318827925214826 ], [ -110.840368576817127, 45.318814358205273 ], [ -110.840343369641985, 45.318803666685994 ], [ -110.840315947796626, 45.318796163731712 ], [ -110.840287114262537, 45.318792069047824 ], [ -110.840257713358213, 45.318791502536918 ], [ -110.840228606015842, 45.318794480787872 ], [ -110.840200644571567, 45.318800916590028 ], [ -110.839836296184643, 45.318912064194258 ], [ -110.83980246421207, 45.318920075482069 ], [ -110.839767272352248, 45.318924254141386 ], [ -110.839731587205833, 45.318924497272562 ], [ -110.839696287520908, 45.318920798888506 ], [ -110.839662242553388, 45.318913250062018 ], [ -110.839630290660907, 45.318902036683276 ], [ -110.839601218657876, 45.318887434881901 ], [ -110.83957574243982, 45.318869804227333 ], [ -110.839554489354342, 45.318849578874094 ], [ -110.83898757105672, 45.318209267242679 ], [ -110.8389520661418, 45.318175674850842 ], [ -110.838909231168941, 45.318146646876464 ], [ -110.838860226796385, 45.318122969855452 ], [ -110.838806380841788, 45.318105285334582 ], [ -110.838749152304416, 45.318094072488648 ], [ -110.838690091833527, 45.318089635137632 ], [ -110.838692552251288, 45.318006887933663 ], [ -110.838568172633572, 45.316360189648236 ], [ -110.838500552428172, 45.315465351079681 ], [ -110.841608311485274, 45.317092230180137 ], [ -110.841714374368138, 45.317125691072768 ], [ -110.841677753970728, 45.317189404298773 ], [ -110.841646657360556, 45.31725456232131 ], [ -110.841621198206511, 45.317320927006627 ], [ -110.841601469575238, 45.317388255810116 ], [ -110.841363008568266, 45.318343412576198 ], [ -110.841345507172889, 45.318425166223498 ], [ -110.841333971097711, 45.318507445489054 ], [ -110.841328430725468, 45.318590033862812 ], [ -110.841328900662091, 45.318672714020394 ], [ -110.841399251442738, 45.320383005616435 ], [ -110.84142502670322, 45.321008608878046 ], [ -110.84142255775096, 45.321043913273265 ], [ -110.841411808180268, 45.32107843752123 ], [ -110.841393076820822, 45.321111221826214 ], [ -110.841366884403499, 45.321141354762283 ], [ -110.841333959084906, 45.321167998611955 ], [ -110.841295216205125, 45.321190412655696 ], [ -110.841251732840959, 45.321207973764992 ], [ -110.841204717862183, 45.321220193726326 ], [ -110.841155478323486, 45.32122673281426 ], [ -110.841105383126305, 45.321227409236421 ], [ -110.840539763374636, 45.32119940515296 ], [ -110.840494425807663, 45.321194455655515 ], [ -110.8404507843277, 45.321184475304875 ], [ -110.840409953036541, 45.321169718884825 ], [ -110.840372974293956, 45.321150563104986 ] ] ] } },
{ "type": "Feature", "properties": { "PARCELID": "49043115101060000", "CountyName": "Park", "PropertyID": 669859, "Township": "06 S", "Range": "07 E", "Section": "15", "LegalDescr": "GLASTONBURY SOUTH, S15, T06 S, R07 E, Lot 010", "TotalAcres": 20.58, "OwnerName": "MOUNTAIN SKY GUEST RANCH LLC", "OwnerAddre": "MAIL TO: YANCEY ARTEBURN", "OwnerAdd_1": "PO BOX 1219", "OwnerAdd_2": null, "OwnerCity": "EMIGRANT", "OwnerState": "MT", "OwnerZipCo": "59027-1219", "DbaName": null, "CareOfTaxp": null, "normalized_owner_name": "MOUNTAIN SKY GUEST RANCH LLC", "ranch_component": "Mountain Sky Guest Ranch", "matched_grouped_entity": "ARTHUR BLANK / AMB WEST", "match_reason": "Official AMB West page says Arthur Blank purchased Mountain Sky in 2001; current Montana Water Court records also jointly identify Arthur M. Blank and Mountain Sky Guest Ranch LLC." }, "geometry": { "type": "Polygon", "coordinates": [ [ [ -110.835466557080736, 45.319280643692423 ], [ -110.83618112216692, 45.317139875158119 ], [ -110.836538526560517, 45.316389149658782 ], [ -110.838568172633572, 45.316360189648236 ], [ -110.838692552251288, 45.318006887933663 ], [ -110.838690091833527, 45.318089635137632 ], [ -110.838749152304416, 45.318094072488648 ], [ -110.838806380841788, 45.318105285334582 ], [ -110.838860226796385, 45.318122969855452 ], [ -110.838909231168941, 45.318146646876464 ], [ -110.8389520661418, 45.318175674850842 ], [ -110.83898757105672, 45.318209267242679 ], [ -110.839554489354342, 45.318849578874094 ], [ -110.83957574243982, 45.318869804227333 ], [ -110.839601218657876, 45.318887434881901 ], [ -110.839630290660907, 45.318902036683276 ], [ -110.839662242553388, 45.318913250062018 ], [ -110.839696287520908, 45.318920798888506 ], [ -110.839731587205833, 45.318924497272562 ], [ -110.839767272352248, 45.318924254141386 ], [ -110.83980246421207, 45.318920075482069 ], [ -110.839836296184643, 45.318912064194258 ], [ -110.840200644571567, 45.318800916590028 ], [ -110.840228606015842, 45.318794480787872 ], [ -110.840257713358213, 45.318791502536918 ], [ -110.840287114262537, 45.318792069047824 ], [ -110.840315947796626, 45.318796163731712 ], [ -110.840343369641985, 45.318803666685994 ], [ -110.840368576817127, 45.318814358205273 ], [ -110.840390831190618, 45.318827925214826 ], [ -110.840409481095151, 45.31884397043796 ], [ -110.840423980410151, 45.318862024029258 ], [ -110.840433904553649, 45.31888155733256 ], [ -110.840438962915684, 45.318901998361405 ], [ -110.84043900736846, 45.318922748547948 ], [ -110.840434036604691, 45.318943200270759 ], [ -110.840424196176528, 45.318962754647572 ], [ -110.840409774233848, 45.318980839072239 ], [ -110.840246605839553, 45.319149412616966 ], [ -110.84019464441478, 45.31920749016534 ], [ -110.840148655033346, 45.319268022465494 ], [ -110.84010886954654, 45.319330704375773 ], [ -110.84007548853414, 45.319395219917247 ], [ -110.839963333862855, 45.319363270140627 ], [ -110.835409047459891, 45.319550994370495 ], [ -110.835421243521338, 45.319460184744358 ], [ -110.835440432396396, 45.319369978580063 ], [ -110.835466557080736, 45.319280643692423 ] ] ] } },
{ "type": "Feature", "properties": { "PARCELID": "49043115101010000", "CountyName": "Park", "PropertyID": 669854, "Township": "06 S", "Range": "07 E", "Section": "15", "LegalDescr": "GLASTONBURY SOUTH, S15, T06 S, R07 E, Lot 17", "TotalAcres": 20.07, "OwnerName": "MOUNTAIN SKY GUEST RANCH LLC", "OwnerAddre": "MAIL TO: YANCEY ARTEBURN", "OwnerAdd_1": "PO BOX 1219", "OwnerAdd_2": null, "OwnerCity": "EMIGRANT", "OwnerState": "MT", "OwnerZipCo": "59027-1219", "DbaName": null, "CareOfTaxp": null, "normalized_owner_name": "MOUNTAIN SKY GUEST RANCH LLC", "ranch_component": "Mountain Sky Guest Ranch", "matched_grouped_entity": "ARTHUR BLANK / AMB WEST", "match_reason": "Official AMB West page says Arthur Blank purchased Mountain Sky in 2001; current Montana Water Court records also jointly identify Arthur M. Blank and Mountain Sky Guest Ranch LLC." }, "geometry": { "type": "Polygon", "coordinates": [ [ [ -110.838566502346183, 45.32209258793511 ], [ -110.8380145734683, 45.321945327024899 ], [ -110.837325112906697, 45.321761372622142 ], [ -110.837318267958466, 45.321716233461395 ], [ -110.837304687087979, 45.321671859270467 ], [ -110.837284522975864, 45.32162874886648 ], [ -110.837258002304608, 45.321587386858937 ], [ -110.836795781819916, 45.320955520307436 ], [ -110.836756886297266, 45.320908861082764 ], [ -110.836710859321229, 45.320865552138969 ], [ -110.836658274843813, 45.320826133519219 ], [ -110.836599788581964, 45.320791096754974 ], [ -110.835601431307921, 45.320257575840557 ], [ -110.835554273864062, 45.320228842717469 ], [ -110.835512796749356, 45.320196037599892 ], [ -110.835477700541503, 45.320159714597878 ], [ -110.835449578034982, 45.320120487240864 ], [ -110.835428904228849, 45.32007901811415 ], [ -110.83541602830438, 45.32003600766695 ], [ -110.835411167728154, 45.319992182381093 ], [ -110.835403982153935, 45.31968975639802 ], [ -110.835404475352462, 45.319620338329329 ], [ -110.835409047459891, 45.319550994370495 ], [ -110.839963333862855, 45.319363270140627 ], [ -110.84007548853414, 45.319395219917247 ], [ -110.840007743619097, 45.319542570440177 ], [ -110.83999390290144, 45.319583372315741 ], [ -110.839989000336246, 45.319625183520436 ], [ -110.839993149535502, 45.319667035294763 ], [ -110.840006254382985, 45.319707957936977 ], [ -110.840028011259307, 45.319747003271139 ], [ -110.840192174626324, 45.31998759301176 ], [ -110.840215180129292, 45.320027148178127 ], [ -110.84023118736161, 45.320068385279008 ], [ -110.840239958085732, 45.320110690618534 ], [ -110.840241361757606, 45.320153434601735 ], [ -110.840235377470478, 45.320195981104199 ], [ -110.840146648620888, 45.320582823626729 ], [ -110.840138928302025, 45.320636716668965 ], [ -110.840140187187501, 45.320690876951481 ], [ -110.84015040805599, 45.320744562442727 ], [ -110.840169450900291, 45.320797037613978 ], [ -110.840287042360302, 45.321058352992544 ], [ -110.840301525968201, 45.321084335287921 ], [ -110.840320936069389, 45.321108665843241 ], [ -110.840344903945336, 45.321130882462057 ], [ -110.840372974293956, 45.321150563104986 ], [ -110.838995924879399, 45.322207122788313 ], [ -110.838566502346183, 45.32209258793511 ] ] ] } },
{ "type": "Feature", "properties": { "PARCELID": "49043115101020000", "CountyName": "Park", "PropertyID": 669855, "Township": "06 S", "Range": "07 E", "Section": "15", "LegalDescr": "GLASTONBURY SOUTH, S15, T06 S, R07 E, Lot 014", "TotalAcres": 20.0, "OwnerName": "MOUNTAIN SKY GUEST RANCH LLC", "OwnerAddre": "MAIL TO: YANCEY ARTEBURN", "OwnerAdd_1": "PO BOX 1219", "OwnerAdd_2": null, "OwnerCity": "EMIGRANT", "OwnerState": "MT", "OwnerZipCo": "59027-1219", "DbaName": null, "CareOfTaxp": null, "normalized_owner_name": "MOUNTAIN SKY GUEST RANCH LLC", "ranch_component": "Mountain Sky Guest Ranch", "matched_grouped_entity": "ARTHUR BLANK / AMB WEST", "match_reason": "Official AMB West page says Arthur Blank purchased Mountain Sky in 2001; current Montana Water Court records also jointly identify Arthur M. Blank and Mountain Sky Guest Ranch LLC." }, "geometry": { "type": "Polygon", "coordinates": [ [ [ -110.840372974293956, 45.321150563104986 ], [ -110.840409953036541, 45.321169718884825 ], [ -110.8404507843277, 45.321184475304875 ], [ -110.840494425807663, 45.321194455655515 ], [ -110.840539763374636, 45.32119940515296 ], [ -110.841105383126305, 45.321227409236421 ], [ -110.841155478323486, 45.32122673281426 ], [ -110.841204717862183, 45.321220193726326 ], [ -110.841251732840959, 45.321207973764992 ], [ -110.841295216205125, 45.321190412655696 ], [ -110.841333959084906, 45.321167998611955 ], [ -110.841366884403499, 45.321141354762283 ], [ -110.841393076820822, 45.321111221826214 ], [ -110.841411808180268, 45.32107843752123 ], [ -110.84142255775096, 45.321043913273265 ], [ -110.84142502670322, 45.321008608878046 ], [ -110.841399251442738, 45.320383005616435 ], [ -110.843323554268522, 45.320188192119808 ], [ -110.843472010363286, 45.319918622784769 ], [ -110.843498980503085, 45.319836748815085 ], [ -110.843803257642918, 45.319889053246996 ], [ -110.844662677006099, 45.319880002179744 ], [ -110.845928350418376, 45.31983679791756 ], [ -110.845833903379017, 45.32180516809165 ], [ -110.84070489544817, 45.321781446265874 ], [ -110.840708710256308, 45.322054538367674 ], [ -110.838995924879399, 45.322207122788313 ], [ -110.840372974293956, 45.321150563104986 ] ] ] } },
{ "type": "Feature", "properties": { "PARCELID": "49043115101030000", "CountyName": "Park", "PropertyID": 669856, "Township": "06 S", "Range": "07 E", "Section": "15", "LegalDescr": "GLASTONBURY SOUTH, S15, T06 S, R07 E, Lot 013", "TotalAcres": 27.95, "OwnerName": "MOUNTAIN SKY GUEST RANCH LLC", "OwnerAddre": "MAIL TO: YANCEY ARTEBURN", "OwnerAdd_1": "PO BOX 1219", "OwnerAdd_2": null, "OwnerCity": "EMIGRANT", "OwnerState": "MT", "OwnerZipCo": "59027-1219", "DbaName": null, "CareOfTaxp": null, "normalized_owner_name": "MOUNTAIN SKY GUEST RANCH LLC", "ranch_component": "Mountain Sky Guest Ranch", "matched_grouped_entity": "ARTHUR BLANK / AMB WEST", "match_reason": "Official AMB West page says Arthur Blank purchased Mountain Sky in 2001; current Montana Water Court records also jointly identify Arthur M. Blank and Mountain Sky Guest Ranch LLC." }, "geometry": { "type": "Polygon", "coordinates": [ [ [ -110.843498980503085, 45.319836748815085 ], [ -110.843452356481095, 45.3198256827772 ], [ -110.843408974213261, 45.319809321843678 ], [ -110.843370031951949, 45.319788117917739 ], [ -110.843336605309332, 45.319762656669681 ], [ -110.843309617547931, 45.319733641359655 ], [ -110.843289814079625, 45.319701873412754 ], [ -110.843277741877671, 45.319668230282495 ], [ -110.843226777361764, 45.319455797754188 ], [ -110.84322085648995, 45.319413599650872 ], [ -110.843223169870129, 45.319371226725572 ], [ -110.843233674026749, 45.319329474952006 ], [ -110.843252171621842, 45.319289128633841 ], [ -110.843278315163332, 45.319250945671612 ], [ -110.843438001433185, 45.319054958358528 ], [ -110.843485188856533, 45.318992057877608 ], [ -110.843526299055014, 45.318927069001759 ], [ -110.843561147440127, 45.31886028357134 ], [ -110.843589577544577, 45.31879200149335 ], [ -110.843611461724493, 45.318722529394442 ], [ -110.84366915627507, 45.318503382377997 ], [ -110.844036461140661, 45.318136566374349 ], [ -110.844100786593586, 45.318075916684883 ], [ -110.844169693120065, 45.31801782554269 ], [ -110.844242976649682, 45.31796246497575 ], [ -110.844320420152215, 45.317909998925394 ], [ -110.844367923532857, 45.317875345701637 ], [ -110.844408844687038, 45.317836738034757 ], [ -110.844442528572074, 45.317794793948138 ], [ -110.844468436001762, 45.317750184872438 ], [ -110.844486152276602, 45.317703624897 ], [ -110.844495393821205, 45.317655859338871 ], [ -110.844591370532271, 45.316677212998279 ], [ -110.84459110257113, 45.316635995685097 ], [ -110.844581902905276, 45.316595292196787 ], [ -110.844563988016645, 45.316556060261888 ], [ -110.844537779448856, 45.31651922298213 ], [ -110.844503893886994, 45.316485647112835 ], [ -110.844463128646211, 45.316456122669052 ], [ -110.844416442910827, 45.316431344337602 ], [ -110.844364935165046, 45.316411895132205 ], [ -110.844309817346925, 45.316398232676086 ], [ -110.844252386332997, 45.316390678434864 ], [ -110.844193993425009, 45.316389410153128 ], [ -110.843214055940706, 45.316424313090288 ], [ -110.843086004072617, 45.314412071433445 ], [ -110.846194169709804, 45.314422099598588 ], [ -110.84600867512215, 45.318162628944989 ], [ -110.845928350418376, 45.31983679791756 ], [ -110.844662677006099, 45.319880002179744 ], [ -110.843803257642918, 45.319889053246996 ], [ -110.843498980503085, 45.319836748815085 ] ] ] } },
{ "type": "Feature", "properties": { "PARCELID": "49043110301010000", "CountyName": "Park", "PropertyID": 670494, "Township": "06 S", "Range": "07 E", "Section": "10", "LegalDescr": "S10, T06 S, R07 E, S2SW4NE4, S2S2NW4, SW4, W2SE4 (REFERENCE COS 1696)", "TotalAcres": 306.439, "OwnerName": "MOUNTAIN SKY GUEST RANCH LLC", "OwnerAddre": "MAIL TO:  YANCEY ARTEBURN", "OwnerAdd_1": "PO BOX 1219", "OwnerAdd_2": null, "OwnerCity": "EMIGRANT", "OwnerState": "MT", "OwnerZipCo": "59027-1219", "DbaName": null, "CareOfTaxp": null, "normalized_owner_name": "MOUNTAIN SKY GUEST RANCH LLC", "ranch_component": "Mountain Sky Guest Ranch", "matched_grouped_entity": "ARTHUR BLANK / AMB WEST", "match_reason": "Official AMB West page says Arthur Blank purchased Mountain Sky in 2001; current Montana Water Court records also jointly identify Arthur M. Blank and Mountain Sky Guest Ranch LLC." }, "geometry": { "type": "Polygon", "coordinates": [ [ [ -110.840708710256308, 45.322054538367674 ], [ -110.84070489544817, 45.321781446265874 ], [ -110.845833903379017, 45.32180516809165 ], [ -110.850959026858334, 45.321826199890921 ], [ -110.856084176927084, 45.321847140644465 ], [ -110.856130749840545, 45.32557170817725 ], [ -110.856177318629392, 45.329296272276181 ], [ -110.856200717139103, 45.331168721956523 ], [ -110.851096827993558, 45.331096337006173 ], [ -110.850229854777979, 45.331085457715659 ], [ -110.845999666103268, 45.331032115714507 ], [ -110.845844227466216, 45.331031568780261 ], [ -110.842603107426768, 45.331019304557508 ], [ -110.840823214471627, 45.331012540940932 ], [ -110.840818133149881, 45.330619179818406 ], [ -110.840806445454277, 45.329055598073722 ], [ -110.840802782051171, 45.328792989389541 ], [ -110.840794846934543, 45.328224407492357 ], [ -110.840759273167947, 45.325675287603552 ], [ -110.84075568995533, 45.325418541333164 ], [ -110.840741001882606, 45.324366862717973 ], [ -110.840721341075465, 45.322958974499535 ], [ -110.840708710256308, 45.322054538367674 ] ] ] } },
{ "type": "Feature", "properties": { "PARCELID": "49043113101010000", "CountyName": "Park", "PropertyID": 670451, "Township": "06 S", "Range": "07 E", "Section": "13", "LegalDescr": "S13, T06 S, R07 E, POR LOTS 1,2,3,4, N OF DRY CRK & N & W OF HWY, POR N2NE4, N2NW4, SW4NW4", "TotalAcres": 259.0, "OwnerName": "MOUNTAIN SKY GUEST RANCH LLC", "OwnerAddre": "MAIL TO: YANCEY ARTEBURN", "OwnerAdd_1": "PO BOX 1219", "OwnerAdd_2": null, "OwnerCity": "EMIGRANT", "OwnerState": "MT", "OwnerZipCo": "59027-1219", "DbaName": null, "CareOfTaxp": null, "normalized_owner_name": "MOUNTAIN SKY GUEST RANCH LLC", "ranch_component": "Mountain Sky Guest Ranch", "matched_grouped_entity": "ARTHUR BLANK / AMB WEST", "match_reason": "Official AMB West page says Arthur Blank purchased Mountain Sky in 2001; current Montana Water Court records also jointly identify Arthur M. Blank and Mountain Sky Guest Ranch LLC." }, "geometry": { "type": "Polygon", "coordinates": [ [ [ -110.80210550077247, 45.319708087001189 ], [ -110.814556993059725, 45.31421325974118 ], [ -110.81509937657259, 45.31391343330445 ], [ -110.815428201110947, 45.313731656909653 ], [ -110.815769902719822, 45.313542762171977 ], [ -110.81662463241075, 45.313067731109349 ], [ -110.816554154198627, 45.313182098741883 ], [ -110.816616048044096, 45.313254938739497 ], [ -110.816698686459389, 45.313271768114532 ], [ -110.817359503276975, 45.313290971729216 ], [ -110.817724658592113, 45.313447598149509 ], [ -110.818014023525066, 45.313507133985247 ], [ -110.818036145953499, 45.313527509833726 ], [ -110.818271050660485, 45.313632688708708 ], [ -110.818326967864252, 45.31386854419366 ], [ -110.818487165455991, 45.314075267992081 ], [ -110.818642113541401, 45.314088793338534 ], [ -110.818816916610857, 45.314213992420683 ], [ -110.818833940245455, 45.314352258295926 ], [ -110.819192155978328, 45.314481003736191 ], [ -110.819281758800599, 45.314462155296027 ], [ -110.819344260335839, 45.314480357953194 ], [ -110.819426380380492, 45.314546367578018 ], [ -110.819625202198665, 45.314615828589595 ], [ -110.820104227732429, 45.314644769178138 ], [ -110.820115411635228, 45.314679583994867 ], [ -110.820236934480619, 45.314681978387263 ], [ -110.820560567597582, 45.314750974778704 ], [ -110.820719144613776, 45.314700544779875 ], [ -110.821165503444135, 45.314785441456245 ], [ -110.821908767498272, 45.315154126981973 ], [ -110.821967641388483, 45.315159213291601 ], [ -110.821962643850796, 45.315217842937088 ], [ -110.821683183350714, 45.318678073830043 ], [ -110.821673545164217, 45.318797131807358 ], [ -110.821542840606398, 45.320417962937711 ], [ -110.821418392808283, 45.321957388093857 ], [ -110.821384134547074, 45.322376683947816 ], [ -110.821008898557736, 45.32236848555938 ], [ -110.818898682973369, 45.322322036687858 ], [ -110.818420928363821, 45.322311526372104 ], [ -110.817275239611817, 45.322286202905936 ], [ -110.816251610362485, 45.322263580649278 ], [ -110.81567510446466, 45.322250881049364 ], [ -110.814696216443039, 45.322229345153332 ], [ -110.813537082677655, 45.322203731041533 ], [ -110.811118510785178, 45.322150214734698 ], [ -110.810664628288436, 45.322149855136573 ], [ -110.810134228911281, 45.322149438124647 ], [ -110.808105921305867, 45.322147771539498 ], [ -110.806378294730791, 45.322146249177521 ], [ -110.805999511011166, 45.322145899440727 ], [ -110.803796053847904, 45.322143316212916 ], [ -110.801943451262744, 45.322141071044221 ], [ -110.801665972907571, 45.322140709220591 ], [ -110.800885438429205, 45.322142011359077 ], [ -110.801057695105968, 45.320292180104765 ], [ -110.80210550077247, 45.319708087001189 ] ] ] } },
{ "type": "Feature", "properties": { "PARCELID": "49043134201020000", "CountyName": "Park", "PropertyID": 669758, "Township": "06 S", "Range": "07 E", "Section": "34", "LegalDescr": "S34, T06 S, R07 E, C.O.S. COS 1391, PARCEL 001", "TotalAcres": 243.26, "OwnerName": "WEST CREEK RANCH LLC", "OwnerAddre": "PO BOX 318", "OwnerAdd_1": null, "OwnerAdd_2": null, "OwnerCity": "EMIGRANT", "OwnerState": "MT", "OwnerZipCo": "59027-0318", "DbaName": null, "CareOfTaxp": "BRIANNE DOWNEY", "normalized_owner_name": "WEST CREEK RANCH LLC", "ranch_component": "West Creek Ranch", "matched_grouped_entity": "ARTHUR BLANK / AMB WEST", "match_reason": "Official AMB West page says Arthur Blank purchased West Creek in 2017; cadastral owner uses AMB West's shared PO Box 318 Emigrant address." }, "geometry": { "type": "Polygon", "coordinates": [ [ [ -110.852461422257733, 45.279553146667467 ], [ -110.855116168654618, 45.277543782127182 ], [ -110.855424121732383, 45.277305810915863 ], [ -110.855725061410268, 45.277063409267214 ], [ -110.856018859917342, 45.276816680174548 ], [ -110.856305392521804, 45.276565728468441 ], [ -110.856584537583927, 45.27631066077214 ], [ -110.856856176607707, 45.276051585456095 ], [ -110.857120194290999, 45.275788612592017 ], [ -110.857376478574537, 45.275521853905836 ], [ -110.85762492068929, 45.275251422730278 ], [ -110.857865415202667, 45.274977433956664 ], [ -110.858097860063069, 45.274700003985949 ], [ -110.858322156643183, 45.274419250679244 ], [ -110.858538209781685, 45.274135293307744 ], [ -110.858745927823492, 45.273848252501828 ], [ -110.858945222658605, 45.273558250199933 ], [ -110.85913600975924, 45.273265409596611 ], [ -110.859318208215669, 45.272969855090061 ], [ -110.859491740770324, 45.272671712229361 ], [ -110.859656533850412, 45.272371107661023 ], [ -110.863365693075139, 45.265400134994088 ], [ -110.866329954106433, 45.265405152705199 ], [ -110.868550511063759, 45.265403808741141 ], [ -110.867414319722386, 45.267501782298666 ], [ -110.867249371298684, 45.269602989970679 ], [ -110.867656338490292, 45.271188431339318 ], [ -110.865939160067413, 45.273838686994559 ], [ -110.866815223586514, 45.274869905328444 ], [ -110.865743145083357, 45.276714627864592 ], [ -110.865565248387412, 45.279832964304944 ], [ -110.86085159470359, 45.279899797078933 ], [ -110.860794718104088, 45.279926847788943 ], [ -110.855788483448691, 45.279670009362448 ], [ -110.852461422257733, 45.279553146667467 ] ] ] } },
{ "type": "Feature", "properties": { "PARCELID": "49043133301010000", "CountyName": "Park", "PropertyID": 669288, "Township": "06 S", "Range": "07 E", "Section": "33", "LegalDescr": "S33, T06 S, R07 E, ALL LESS C/S 1391", "TotalAcres": 430.0, "OwnerName": "WEST CREEK RANCH LLC", "OwnerAddre": "PO BOX 318", "OwnerAdd_1": null, "OwnerAdd_2": null, "OwnerCity": "EMIGRANT", "OwnerState": "MT", "OwnerZipCo": "59027-0318", "DbaName": null, "CareOfTaxp": "BRIANNE DOWNEY", "normalized_owner_name": "WEST CREEK RANCH LLC", "ranch_component": "West Creek Ranch", "matched_grouped_entity": "ARTHUR BLANK / AMB WEST", "match_reason": "Official AMB West page says Arthur Blank purchased West Creek in 2017; cadastral owner uses AMB West's shared PO Box 318 Emigrant address." }, "geometry": { "type": "Polygon", "coordinates": [ [ [ -110.867414319722386, 45.267501782298666 ], [ -110.868550511063759, 45.265403808741141 ], [ -110.870576470507231, 45.26540279211337 ], [ -110.874822991855751, 45.265400431785551 ], [ -110.876572098654989, 45.265399948886547 ], [ -110.879070511701485, 45.265398762316799 ], [ -110.883318374585812, 45.2653959799392 ], [ -110.881567848742179, 45.268705307584291 ], [ -110.879817342827778, 45.272014610328959 ], [ -110.878066836371815, 45.275323936126327 ], [ -110.876316325635273, 45.278633237313485 ], [ -110.87362847921095, 45.278932905231876 ], [ -110.870940683713783, 45.279232754589962 ], [ -110.868252944190914, 45.279532784429833 ], [ -110.865565248387412, 45.279832964304944 ], [ -110.865743145083357, 45.276714627864592 ], [ -110.866815223586514, 45.274869905328444 ], [ -110.865939160067413, 45.273838686994559 ], [ -110.867656338490292, 45.271188431339318 ], [ -110.867249371298684, 45.269602989970679 ], [ -110.867414319722386, 45.267501782298666 ] ] ] } },
{ "type": "Feature", "properties": { "PARCELID": "49043134201010000", "CountyName": "Park", "PropertyID": 669760, "Township": "06 S", "Range": "07 E", "Section": "34", "LegalDescr": "S34, T06 S, R07 E, C.O.S. 1400, PARCEL 4 & 4A, E OF HWY", "TotalAcres": 246.14, "OwnerName": "WEST CREEK RANCH LLC", "OwnerAddre": "PO BOX 318", "OwnerAdd_1": null, "OwnerAdd_2": null, "OwnerCity": "EMIGRANT", "OwnerState": "MT", "OwnerZipCo": "59027-0318", "DbaName": null, "CareOfTaxp": "BRIANNE DOWNEY", "normalized_owner_name": "WEST CREEK RANCH LLC", "ranch_component": "West Creek Ranch", "matched_grouped_entity": "ARTHUR BLANK / AMB WEST", "match_reason": "Official AMB West page says Arthur Blank purchased West Creek in 2017; cadastral owner uses AMB West's shared PO Box 318 Emigrant address." }, "geometry": { "type": "Polygon", "coordinates": [ [ [ -110.8497406853797, 45.278687690061489 ], [ -110.84433275643876, 45.277624186651366 ], [ -110.844344294426577, 45.277562761668719 ], [ -110.8455159366289, 45.276486856055755 ], [ -110.848727624752755, 45.274686555083854 ], [ -110.849226808572396, 45.273375930686925 ], [ -110.850657835477591, 45.270587843871311 ], [ -110.851265152278543, 45.26867263195556 ], [ -110.852374782344341, 45.267807521375509 ], [ -110.855195421333875, 45.266938127152891 ], [ -110.857608539368968, 45.266653707789978 ], [ -110.859299079693017, 45.265392741303401 ], [ -110.861851902809377, 45.265397290805595 ], [ -110.86274336093544, 45.265399000852092 ], [ -110.85904762993114, 45.272239594101599 ], [ -110.858884015095015, 45.272538996221272 ], [ -110.858711622294436, 45.272835932797435 ], [ -110.858530525862747, 45.273130275551949 ], [ -110.858340803897022, 45.273421897325115 ], [ -110.858142538224456, 45.273710672130704 ], [ -110.857935814367295, 45.273996475210403 ], [ -110.857720721505999, 45.274279183087863 ], [ -110.857497352440944, 45.274558673622003 ], [ -110.857265803552451, 45.27483482605988 ], [ -110.857332249422896, 45.274863262343935 ], [ -110.857095683686865, 45.275132584475053 ], [ -110.856851363998018, 45.275398433832194 ], [ -110.856599392490821, 45.275660699158863 ], [ -110.856339874506403, 45.275919270696946 ], [ -110.856072918548648, 45.276174040232519 ], [ -110.855798636238916, 45.276424901141347 ], [ -110.855517142269292, 45.276671748433557 ], [ -110.855228554354895, 45.276914478797593 ], [ -110.854932993184434, 45.2771529906436 ], [ -110.854630582370007, 45.27738718414593 ], [ -110.852266950518512, 45.279180337822069 ], [ -110.8497406853797, 45.278687690061489 ] ] ] } },
{ "type": "Feature", "properties": { "PARCELID": "49043128301010000", "CountyName": "Park", "PropertyID": 669755, "Township": "06 S", "Range": "07 E", "Section": "28", "LegalDescr": "S28, T06 S, R07 E, ALL LESS C/S 180A & 1391", "TotalAcres": 346.0, "OwnerName": "WEST CREEK RANCH LLC", "OwnerAddre": "PO BOX 318", "OwnerAdd_1": null, "OwnerAdd_2": null, "OwnerCity": "EMIGRANT", "OwnerState": "MT", "OwnerZipCo": "59027-0318", "DbaName": null, "CareOfTaxp": "BRIANNE DOWNEY", "normalized_owner_name": "WEST CREEK RANCH LLC", "ranch_component": "West Creek Ranch", "matched_grouped_entity": "ARTHUR BLANK / AMB WEST", "match_reason": "Official AMB West page says Arthur Blank purchased West Creek in 2017; cadastral owner uses AMB West's shared PO Box 318 Emigrant address." }, "geometry": { "type": "Polygon", "coordinates": [ [ [ -110.876183147263077, 45.293589947660799 ], [ -110.876181154413928, 45.293272891331362 ], [ -110.871484650633008, 45.293180185898471 ], [ -110.871490961239587, 45.290927710258323 ], [ -110.870106131932872, 45.290403705115253 ], [ -110.866826605521823, 45.290663213411605 ], [ -110.866346312993983, 45.293011214943213 ], [ -110.863452442608718, 45.293046192044081 ], [ -110.863619068682866, 45.291473272307115 ], [ -110.864036087306246, 45.287766767269844 ], [ -110.864688034060592, 45.285161914148169 ], [ -110.864822417566444, 45.285006732955978 ], [ -110.864909966017251, 45.284717195119221 ], [ -110.864883301598368, 45.2842866609803 ], [ -110.865482963619726, 45.280951009602454 ], [ -110.865250083040976, 45.280343916332413 ], [ -110.865565248387412, 45.279832964304944 ], [ -110.868252944190914, 45.279532784429833 ], [ -110.870940683713783, 45.279232754589962 ], [ -110.87362847921095, 45.278932905231876 ], [ -110.876316325635273, 45.278633237313485 ], [ -110.87631634292741, 45.278635570974544 ], [ -110.876317100063147, 45.282268010364085 ], [ -110.876317872444588, 45.285902752849196 ], [ -110.87631866724756, 45.28953752565598 ], [ -110.876319433280301, 45.293172270000575 ], [ -110.876339160394892, 45.293589880247666 ], [ -110.876183147263077, 45.293589947660799 ] ] ] } },
{ "type": "Feature", "properties": { "PARCELID": "49043126201030000", "CountyName": "Park", "PropertyID": 670356, "Township": "06 S", "Range": "07 E", "Section": "26", "LegalDescr": "S26, T06 S, R07 E, LOT 1 OF SD 193 (REFERENCE COS 1696)", "TotalAcres": 4.299, "OwnerName": "MOUNTAIN SKY GUEST RANCH LLC", "OwnerAddre": "MAIL TO: Dylan King", "OwnerAdd_1": "PO BOX 1219", "OwnerAdd_2": null, "OwnerCity": "EMIGRANT", "OwnerState": "MT", "OwnerZipCo": "59027-1219", "DbaName": null, "CareOfTaxp": null, "normalized_owner_name": "MOUNTAIN SKY GUEST RANCH LLC", "ranch_component": "Mountain Sky Guest Ranch", "matched_grouped_entity": "ARTHUR BLANK / AMB WEST", "match_reason": "Official AMB West page says Arthur Blank purchased Mountain Sky in 2001; current Montana Water Court records also jointly identify Arthur M. Blank and Mountain Sky Guest Ranch LLC." }, "geometry": { "type": "Polygon", "coordinates": [ [ [ -110.839633658479059, 45.290407710850623 ], [ -110.840737482013893, 45.287858281674147 ], [ -110.841831512990197, 45.288388660070382 ], [ -110.839827286165104, 45.290499903903722 ], [ -110.839633658479059, 45.290407710850623 ] ] ] } },
{ "type": "Feature", "properties": { "PARCELID": "49043122101100000", "CountyName": "Park", "PropertyID": 670354, "Township": "06 S", "Range": "07 E", "Section": "22", "LegalDescr": "S22, T06 S, R07 E, C.O.S. 1696, N2 N OF COS 1391", "TotalAcres": 68.338, "OwnerName": "MOUNTAIN SKY GUEST RANCH LLC", "OwnerAddre": "MAIL TO: Dylan King", "OwnerAdd_1": "PO BOX 1219", "OwnerAdd_2": null, "OwnerCity": "EMIGRANT", "OwnerState": "MT", "OwnerZipCo": "59027-1219", "DbaName": null, "CareOfTaxp": null, "normalized_owner_name": "MOUNTAIN SKY GUEST RANCH LLC", "ranch_component": "Mountain Sky Guest Ranch", "matched_grouped_entity": "ARTHUR BLANK / AMB WEST", "match_reason": "Official AMB West page says Arthur Blank purchased Mountain Sky in 2001; current Montana Water Court records also jointly identify Arthur M. Blank and Mountain Sky Guest Ranch LLC." }, "geometry": { "type": "Polygon", "coordinates": [ [ [ -110.841447394504854, 45.303124046278164 ], [ -110.842609835682822, 45.303443588951296 ], [ -110.843216408429413, 45.303539477103001 ], [ -110.843709743122645, 45.304080836971416 ], [ -110.844073532411372, 45.304624282262516 ], [ -110.844894696919269, 45.305080151790101 ], [ -110.845848583834268, 45.305293461912584 ], [ -110.846574531466842, 45.305350067980378 ], [ -110.846716070577784, 45.305485770568531 ], [ -110.847783864719645, 45.305890072043951 ], [ -110.847760692393095, 45.306140112167071 ], [ -110.850864579500922, 45.306320471703472 ], [ -110.851745225405665, 45.3069455507896 ], [ -110.856661078783233, 45.307579783377719 ], [ -110.852699742928607, 45.30770511535863 ], [ -110.848744961424501, 45.30783044122218 ], [ -110.844790147807032, 45.307955043112514 ], [ -110.840836248615091, 45.308076079775091 ], [ -110.841302581285632, 45.304297951158013 ], [ -110.841447394504854, 45.303124046278164 ] ] ] } },
{ "type": "Feature", "properties": { "PARCELID": "49043123201010000", "CountyName": "Park", "PropertyID": 670355, "Township": "06 S", "Range": "07 E", "Section": "23", "LegalDescr": "S23, T06 S, R07 E, C.O.S. 1696, POR W2 N OF BIG CREEK & W OF COS 1720", "TotalAcres": 86.893, "OwnerName": "MOUNTAIN SKY GUEST RANCH LLC", "OwnerAddre": "MAIL TO: Dylan King", "OwnerAdd_1": "PO BOX 1219", "OwnerAdd_2": null, "OwnerCity": "EMIGRANT", "OwnerState": "MT", "OwnerZipCo": "59027-1219", "DbaName": null, "CareOfTaxp": null, "normalized_owner_name": "MOUNTAIN SKY GUEST RANCH LLC", "ranch_component": "Mountain Sky Guest Ranch", "matched_grouped_entity": "ARTHUR BLANK / AMB WEST", "match_reason": "Official AMB West page says Arthur Blank purchased Mountain Sky in 2001; current Montana Water Court records also jointly identify Arthur M. Blank and Mountain Sky Guest Ranch LLC." }, "geometry": { "type": "Polygon", "coordinates": [ [ [ -110.834725508460139, 45.308225048997471 ], [ -110.834730171516526, 45.301738950918725 ], [ -110.833064716193249, 45.30142956731865 ], [ -110.833119196215691, 45.29976158500763 ], [ -110.833406920876143, 45.299785926723409 ], [ -110.835204915295193, 45.300252834339531 ], [ -110.835963091369479, 45.300890427105081 ], [ -110.835982907946132, 45.301177562687919 ], [ -110.836182769508483, 45.301411731791269 ], [ -110.8364769765668, 45.30156011584014 ], [ -110.837629841106718, 45.302091747699379 ], [ -110.838306604461735, 45.302789419564505 ], [ -110.838700564491901, 45.302925301821809 ], [ -110.838712892431801, 45.302929556244628 ], [ -110.839995119648549, 45.30287125822327 ], [ -110.841096789728113, 45.303027664086436 ], [ -110.841447394504854, 45.303124046278164 ], [ -110.841302581285632, 45.304297951158013 ], [ -110.840836248615091, 45.308076079775091 ], [ -110.836902733179002, 45.308171932968705 ], [ -110.834725508460139, 45.308225048997471 ] ], [ [ -110.838288589232164, 45.303966874957055 ], [ -110.838239437110488, 45.303590970191884 ], [ -110.837731648809523, 45.303763242805744 ], [ -110.837796784533467, 45.304162087752253 ], [ -110.838288589232164, 45.303966874957055 ] ] ] } },
{ "type": "Feature", "properties": { "PARCELID": "49043123201100000", "CountyName": "Park", "PropertyID": 670357, "Township": "06 S", "Range": "07 E", "Section": "23", "LegalDescr": "S23, T06 S, R07 E, POR W2", "TotalAcres": 0.47, "OwnerName": "MOUNTAIN SKY GUEST RANCH LLC", "OwnerAddre": "MAIL TO: Dylan King", "OwnerAdd_1": "PO BOX 1219", "OwnerAdd_2": null, "OwnerCity": "EMIGRANT", "OwnerState": "MT", "OwnerZipCo": "59027-1219", "DbaName": null, "CareOfTaxp": null, "normalized_owner_name": "MOUNTAIN SKY GUEST RANCH LLC", "ranch_component": "Mountain Sky Guest Ranch", "matched_grouped_entity": "ARTHUR BLANK / AMB WEST", "match_reason": "Official AMB West page says Arthur Blank purchased Mountain Sky in 2001; current Montana Water Court records also jointly identify Arthur M. Blank and Mountain Sky Guest Ranch LLC." }, "geometry": { "type": "Polygon", "coordinates": [ [ [ -110.837731648809523, 45.303763242805744 ], [ -110.838239437110488, 45.303590970191884 ], [ -110.838288589232164, 45.303966874957055 ], [ -110.837796784533467, 45.304162087752253 ], [ -110.837731648809523, 45.303763242805744 ] ] ] } },
{ "type": "Feature", "properties": { "PARCELID": "49043115301010000", "CountyName": "Park", "PropertyID": 670353, "Township": "06 S", "Range": "07 E", "Section": "15", "LegalDescr": "S15, T06 S, R07 E, S2 (REFERENCE COS 1696)", "TotalAcres": 258.709, "OwnerName": "MOUNTAIN SKY GUEST RANCH LLC", "OwnerAddre": "MAIL TO: Dylan King", "OwnerAdd_1": "PO BOX 1219", "OwnerAdd_2": null, "OwnerCity": "EMIGRANT", "OwnerState": "MT", "OwnerZipCo": "59027-1219", "DbaName": null, "CareOfTaxp": null, "normalized_owner_name": "MOUNTAIN SKY GUEST RANCH LLC", "ranch_component": "Mountain Sky Guest Ranch", "matched_grouped_entity": "ARTHUR BLANK / AMB WEST", "match_reason": "Official AMB West page says Arthur Blank purchased Mountain Sky in 2001; current Montana Water Court records also jointly identify Arthur M. Blank and Mountain Sky Guest Ranch LLC." }, "geometry": { "type": "Polygon", "coordinates": [ [ [ -110.856661078783233, 45.307579783377719 ], [ -110.856532739829703, 45.31101715244634 ], [ -110.85640417637012, 45.314455072394018 ], [ -110.851291800734387, 45.314434796777739 ], [ -110.846194169709804, 45.314422099598588 ], [ -110.843086004072617, 45.314412071433445 ], [ -110.840851467976435, 45.314404804202042 ], [ -110.838420358402345, 45.314396854350889 ], [ -110.83550875195337, 45.314387259990546 ], [ -110.838172623428221, 45.311231716285796 ], [ -110.840836248615091, 45.308076079775091 ], [ -110.844790147807032, 45.307955043112514 ], [ -110.848744961424501, 45.30783044122218 ], [ -110.852699742928607, 45.30770511535863 ], [ -110.856661078783233, 45.307579783377719 ] ] ] } },
{ "type": "Feature", "properties": { "PARCELID": "49043114301010000", "CountyName": "Park", "PropertyID": 670352, "Township": "06 S", "Range": "07 E", "Section": "14", "LegalDescr": "S14, T06 S, R07 E, SW4 LESS COS 1720 (REFERENCE COS 1696)", "TotalAcres": 74.429, "OwnerName": "MOUNTAIN SKY GUEST RANCH LLC", "OwnerAddre": "MAIL TO: Dylan King", "OwnerAdd_1": "PO BOX 1219", "OwnerAdd_2": null, "OwnerCity": "EMIGRANT", "OwnerState": "MT", "OwnerZipCo": "59027-1219", "DbaName": null, "CareOfTaxp": null, "normalized_owner_name": "MOUNTAIN SKY GUEST RANCH LLC", "ranch_component": "Mountain Sky Guest Ranch", "matched_grouped_entity": "ARTHUR BLANK / AMB WEST", "match_reason": "Official AMB West page says Arthur Blank purchased Mountain Sky in 2001; current Montana Water Court records also jointly identify Arthur M. Blank and Mountain Sky Guest Ranch LLC." }, "geometry": { "type": "Polygon", "coordinates": [ [ [ -110.836902733179002, 45.308171932968705 ], [ -110.840836248615091, 45.308076079775091 ], [ -110.838172623428221, 45.311231716285796 ], [ -110.83550875195337, 45.314387259990546 ], [ -110.83429844059502, 45.314461542013802 ], [ -110.833934240408084, 45.314483892785169 ], [ -110.832359719465927, 45.314580500597742 ], [ -110.832652432195133, 45.311422243234993 ], [ -110.83296919317489, 45.308267880921996 ], [ -110.834725508460139, 45.308225048997471 ], [ -110.836902733179002, 45.308171932968705 ] ] ] } },
{ "type": "Feature", "properties": { "PARCELID": "49043123201050000", "CountyName": "Park", "PropertyID": 668984, "Township": "06 S", "Range": "07 E", "Section": "23", "LegalDescr": "S23, T06 S, R07 E, C.O.S. 593, POR E2NW4", "TotalAcres": 24.9, "OwnerName": "MOUNTAIN SKY GUEST RANCH LLC", "OwnerAddre": "MAIL TO: YANCEY ARTEBURN", "OwnerAdd_1": "PO BOX 1219", "OwnerAdd_2": null, "OwnerCity": "EMIGRANT", "OwnerState": "MT", "OwnerZipCo": "59027-1219", "DbaName": null, "CareOfTaxp": null, "normalized_owner_name": "MOUNTAIN SKY GUEST RANCH LLC", "ranch_component": "Mountain Sky Guest Ranch", "matched_grouped_entity": "ARTHUR BLANK / AMB WEST", "match_reason": "Official AMB West page says Arthur Blank purchased Mountain Sky in 2001; current Montana Water Court records also jointly identify Arthur M. Blank and Mountain Sky Guest Ranch LLC." }, "geometry": { "type": "Polygon", "coordinates": [ [ [ -110.834725508460139, 45.308225048997471 ], [ -110.83296919317489, 45.308267880921996 ], [ -110.833064716193249, 45.30142956731865 ], [ -110.834730171516526, 45.301738950918725 ], [ -110.834725508460139, 45.308225048997471 ] ] ] } },
{ "type": "Feature", "properties": { "PARCELID": "49043114401010000", "CountyName": "Park", "PropertyID": 670358, "Township": "06 S", "Range": "07 E", "Section": "14", "LegalDescr": "S14, T06 S, R07 E, COS 1720, PARCEL BX", "TotalAcres": 322.9, "OwnerName": "MOUNTAIN SKY GUEST RANCH LLC", "OwnerAddre": "MAIL TO: Dylan King", "OwnerAdd_1": "PO BOX 1219", "OwnerAdd_2": null, "OwnerCity": "EMIGRANT", "OwnerState": "MT", "OwnerZipCo": "59027-1219", "DbaName": null, "CareOfTaxp": null, "normalized_owner_name": "MOUNTAIN SKY GUEST RANCH LLC", "ranch_component": "Mountain Sky Guest Ranch", "matched_grouped_entity": "ARTHUR BLANK / AMB WEST", "match_reason": "Official AMB West page says Arthur Blank purchased Mountain Sky in 2001; current Montana Water Court records also jointly identify Arthur M. Blank and Mountain Sky Guest Ranch LLC." }, "geometry": { "type": "Polygon", "coordinates": [ [ [ -110.81662463241075, 45.313067731109349 ], [ -110.816276324905672, 45.312879552061574 ], [ -110.816500895900617, 45.312723117370098 ], [ -110.8167191661082, 45.31256230450154 ], [ -110.816930964184522, 45.312397239737116 ], [ -110.817136123872402, 45.312228052695744 ], [ -110.81733448413199, 45.312054876232153 ], [ -110.831708012034341, 45.299116944657193 ], [ -110.832147011826393, 45.299341554966297 ], [ -110.832888050532262, 45.299742029095512 ], [ -110.833119196215691, 45.29976158500763 ], [ -110.833064716193249, 45.30142956731865 ], [ -110.83296919317489, 45.308267880921996 ], [ -110.832652432195133, 45.311422243234993 ], [ -110.832359719465927, 45.314580500597742 ], [ -110.829949773444923, 45.314728355995477 ], [ -110.827161175104791, 45.314899312807256 ], [ -110.824217848488445, 45.315079683300006 ], [ -110.821962643850796, 45.315217842937088 ], [ -110.821967641388483, 45.315159213291601 ], [ -110.821908767498272, 45.315154126981973 ], [ -110.821165503444135, 45.314785441456245 ], [ -110.820719144613776, 45.314700544779875 ], [ -110.820560567597582, 45.314750974778704 ], [ -110.820236934480619, 45.314681978387263 ], [ -110.820115411635228, 45.314679583994867 ], [ -110.820104227732429, 45.314644769178138 ], [ -110.819625202198665, 45.314615828589595 ], [ -110.819426380380492, 45.314546367578018 ], [ -110.819344260335839, 45.314480357953194 ], [ -110.819281758800599, 45.314462155296027 ], [ -110.819192155978328, 45.314481003736191 ], [ -110.818833940245455, 45.314352258295926 ], [ -110.818816916610857, 45.314213992420683 ], [ -110.818642113541401, 45.314088793338534 ], [ -110.818487165455991, 45.314075267992081 ], [ -110.818326967864252, 45.31386854419366 ], [ -110.818271050660485, 45.313632688708708 ], [ -110.818036145953499, 45.313527509833726 ], [ -110.818014023525066, 45.313507133985247 ], [ -110.817724658592113, 45.313447598149509 ], [ -110.817359503276975, 45.313290971729216 ], [ -110.816698686459389, 45.313271768114532 ], [ -110.816616048044096, 45.313254938739497 ], [ -110.816554154198627, 45.313182098741883 ], [ -110.81662463241075, 45.313067731109349 ] ] ] } },
{ "type": "Feature", "properties": { "PARCELID": "49034204301010000", "CountyName": "Park", "PropertyID": 1604495, "Township": "07 S", "Range": "07 E", "Section": "04", "LegalDescr": "S04, T07 S, R07 E, C.O.S. 2747, ACRES 17.79", "TotalAcres": 17.79, "OwnerName": "RANCH AT DOME MOUNTAIN LLC", "OwnerAddre": "3223 HOWELL MILL RD NW", "OwnerAdd_1": null, "OwnerAdd_2": null, "OwnerCity": "ATLANTA", "OwnerState": "GA", "OwnerZipCo": "30327-4105", "DbaName": null, "CareOfTaxp": null, "normalized_owner_name": "RANCH AT DOME MOUNTAIN LLC", "ranch_component": "Auster / Ranch at Dome Mountain", "matched_grouped_entity": "ARTHUR BLANK / AMB WEST", "match_reason": "Official AMB West pages identify Auster/Ranch at Dome Mountain as Blank's fourth property; cadastral owner uses the Blank organization Atlanta address." }, "geometry": { "type": "Polygon", "coordinates": [ [ [ -110.863165028064856, 45.251226900222242 ], [ -110.86320619856717, 45.247560803628694 ], [ -110.866846225391967, 45.247571126005951 ], [ -110.866844892261227, 45.24757281294545 ], [ -110.86315908412513, 45.252091837753255 ], [ -110.863165028064856, 45.251226900222242 ] ] ] } },
{ "type": "Feature", "properties": { "PARCELID": "49034204405010000", "CountyName": "Park", "PropertyID": 664580, "Township": "07 S", "Range": "07 E", "Section": "04", "LegalDescr": "S04, T07 S, R07 E, C.O.S. 2755, PARCEL B, ACRES 5.28, TRACT 4 PARCELS 1 & 2 OF DEED#427877", "TotalAcres": 5.28, "OwnerName": "RANCH AT DOME MOUNTAIN LLC", "OwnerAddre": "3223 HOWELL MILL RD NW", "OwnerAdd_1": null, "OwnerAdd_2": null, "OwnerCity": "ATLANTA", "OwnerState": "GA", "OwnerZipCo": "30327-4105", "DbaName": null, "CareOfTaxp": null, "normalized_owner_name": "RANCH AT DOME MOUNTAIN LLC", "ranch_component": "Auster / Ranch at Dome Mountain", "matched_grouped_entity": "ARTHUR BLANK / AMB WEST", "match_reason": "Official AMB West pages identify Auster/Ranch at Dome Mountain as Blank's fourth property; cadastral owner uses the Blank organization Atlanta address." }, "geometry": { "type": "Polygon", "coordinates": [ [ [ -110.86911334160564, 45.249528576667309 ], [ -110.871632003472143, 45.25002805220214 ], [ -110.871410521058081, 45.250249506903849 ], [ -110.871333623113898, 45.250290355792181 ], [ -110.870386194474762, 45.25072021504198 ], [ -110.868878102519773, 45.251201266852547 ], [ -110.86911334160564, 45.249528576667309 ] ] ] } },
{ "type": "Feature", "properties": { "PARCELID": "49034204405020000", "CountyName": "Park", "PropertyID": 1598285, "Township": "07 S", "Range": "07 E", "Section": "04", "LegalDescr": "S04, T07 S, R07 E, C.O.S. 2755, PARCEL A, ACRES 18.18", "TotalAcres": 18.18, "OwnerName": "RANCH AT DOME MOUNTAIN LLC", "OwnerAddre": "3223 HOWELL MILL RD NW", "OwnerAdd_1": null, "OwnerAdd_2": null, "OwnerCity": "ATLANTA", "OwnerState": "GA", "OwnerZipCo": "30327-4105", "DbaName": null, "CareOfTaxp": null, "normalized_owner_name": "RANCH AT DOME MOUNTAIN LLC", "ranch_component": "Auster / Ranch at Dome Mountain", "matched_grouped_entity": "ARTHUR BLANK / AMB WEST", "match_reason": "Official AMB West pages identify Auster/Ranch at Dome Mountain as Blank's fourth property; cadastral owner uses the Blank organization Atlanta address." }, "geometry": { "type": "Polygon", "coordinates": [ [ [ -110.871632003472143, 45.25002805220214 ], [ -110.86911334160564, 45.249528576667309 ], [ -110.869387683563573, 45.247577728242547 ], [ -110.872716937487482, 45.247585216433549 ], [ -110.873229584236782, 45.24857557372588 ], [ -110.872705876225623, 45.249700684137309 ], [ -110.872230534333966, 45.250146736164396 ], [ -110.871632003472143, 45.25002805220214 ] ] ] } },
{ "type": "Feature", "properties": { "PARCELID": "49034204405030000", "CountyName": "Park", "PropertyID": 1598286, "Township": "07 S", "Range": "07 E", "Section": "04", "LegalDescr": "S04, T07 S, R07 E, C.O.S. 2755, PARCEL C, ACRES 9.23", "TotalAcres": 9.23, "OwnerName": "RANCH AT DOME MOUNTAIN LLC", "OwnerAddre": "3223 HOWELL MILL RD NW", "OwnerAdd_1": null, "OwnerAdd_2": null, "OwnerCity": "ATLANTA", "OwnerState": "GA", "OwnerZipCo": "30327-4105", "DbaName": null, "CareOfTaxp": null, "normalized_owner_name": "RANCH AT DOME MOUNTAIN LLC", "ranch_component": "Auster / Ranch at Dome Mountain", "matched_grouped_entity": "ARTHUR BLANK / AMB WEST", "match_reason": "Official AMB West pages identify Auster/Ranch at Dome Mountain as Blank's fourth property; cadastral owner uses the Blank organization Atlanta address." }, "geometry": { "type": "Polygon", "coordinates": [ [ [ -110.872230534333966, 45.250146736164396 ], [ -110.871122608358604, 45.250995109686819 ], [ -110.870560605079447, 45.251313323378447 ], [ -110.870012372445046, 45.251514066666225 ], [ -110.869793468460429, 45.251759717602809 ], [ -110.869621552144281, 45.252097709697942 ], [ -110.869795754886241, 45.252230858074064 ], [ -110.870317050273229, 45.252274831736763 ], [ -110.870517026431855, 45.252704308045139 ], [ -110.87025356468294, 45.252958747137164 ], [ -110.869704416804467, 45.25321679063471 ], [ -110.869121556607979, 45.253441581859711 ], [ -110.868537142890958, 45.253625503102739 ], [ -110.868878102519773, 45.251201266852547 ], [ -110.870386194474762, 45.25072021504198 ], [ -110.871333623113898, 45.250290355792181 ], [ -110.871410521058081, 45.250249506903849 ], [ -110.871632003472143, 45.25002805220214 ], [ -110.872230534333966, 45.250146736164396 ] ] ] } },
{ "type": "Feature", "properties": { "PARCELID": "49060625201100000", "CountyName": "Park", "PropertyID": 1620591, "Township": "04 S", "Range": "08 E", "Section": "25", "LegalDescr": "S25, T04 S, R08 E, C.O.S. 2801RB, PARCEL 2", "TotalAcres": 67.325, "OwnerName": "PARADISE VALLEY RANCH LLC", "OwnerAddre": "PO BOX 318", "OwnerAdd_1": null, "OwnerAdd_2": null, "OwnerCity": "EMIGRANT", "OwnerState": "MT", "OwnerZipCo": "59027-0318", "DbaName": null, "CareOfTaxp": null, "normalized_owner_name": "PARADISE VALLEY RANCH LLC", "ranch_component": "Paradise Valley Ranch", "matched_grouped_entity": "ARTHUR BLANK / AMB WEST", "match_reason": "Official AMB West page says Arthur Blank purchased PVR in 2019; cadastral owner uses AMB West's shared PO Box 318 Emigrant address." }, "geometry": { "type": "Polygon", "coordinates": [ [ [ -110.690854507884836, 45.467566809796075 ], [ -110.687227635766291, 45.467571585558623 ], [ -110.68205604141788, 45.467578426281747 ], [ -110.676884789001818, 45.467585223829069 ], [ -110.676755024436886, 45.467585464384982 ], [ -110.676966733618883, 45.467474000889297 ], [ -110.677183237039401, 45.467367194580028 ], [ -110.677404327843078, 45.467265147490004 ], [ -110.67762979479572, 45.467167957104955 ], [ -110.677859422486051, 45.467075716270493 ], [ -110.678092991531443, 45.466988513103487 ], [ -110.682321318932964, 45.465469322733732 ], [ -110.682458172135981, 45.465417465441718 ], [ -110.682591687262232, 45.465361465143985 ], [ -110.682721611165633, 45.46530142802235 ], [ -110.682847697511733, 45.46523746791236 ], [ -110.682969707244879, 45.465169706087558 ], [ -110.68322758882104, 45.465019544603585 ], [ -110.683374164413081, 45.464938626613289 ], [ -110.683526299213725, 45.464862959957031 ], [ -110.683683613624098, 45.464792733423032 ], [ -110.683845715126779, 45.464728122225651 ], [ -110.684012199265013, 45.464669287568498 ], [ -110.684668628776222, 45.464451664853421 ], [ -110.684814867834419, 45.464399125388994 ], [ -110.684956180811611, 45.464340288549948 ], [ -110.685092020742729, 45.46427538207702 ], [ -110.685221861852725, 45.464204657203837 ], [ -110.685345201591716, 45.464128387684418 ], [ -110.685461562580485, 45.464046868733085 ], [ -110.685570494458119, 45.46396041588163 ], [ -110.686220214487975, 45.463410400177402 ], [ -110.69239586975641, 45.467260926964919 ], [ -110.692399070191755, 45.467564741191474 ], [ -110.690854507884836, 45.467566809796075 ] ] ] } }
]
}
