{
"type": "FeatureCollection",
"name": "10-GREAT-NORTHERN-PROPERTIES",
"crs": { "type": "name", "properties": { "name": "urn:ogc:def:crs:OGC:1.3:CRS84" } },
"features": [
{ "type": "Feature", "properties": { "CountyName": "Garfield", "OwnerName_Grouped": "GREAT NORTHERN PROPERTIES", "OwnerName": "GREAT NORTHERN PROPERTIES", "OwnerAddre": "MAIL TO GNL, LP", "OwnerAdd_1": "PO BOX 1745", "OwnerAdd_2": null, "OwnerCity": "MILES CITY", "OwnerState": "MT", "PropType": "Vacant Land", "TotalAcres": 640.0 }, "geometry": { "type": "Polygon", "coordinates": [ [ [ -106.207692847413426, 47.267670213701216 ], [ -106.212994949617496, 47.267672108198532 ], [ -106.212999483870959, 47.271285549841807 ], [ -106.213004016207563, 47.274898986293458 ], [ -106.213008550479898, 47.27851241945087 ], [ -106.213013083823753, 47.282125852821054 ], [ -106.20770226142433, 47.282127050355797 ], [ -106.20239144205793, 47.282128249762188 ], [ -106.19708061931567, 47.282129447254135 ], [ -106.191769796858736, 47.282130647441257 ], [ -106.19177398382125, 47.278514122179345 ], [ -106.191778166196272, 47.274897594350563 ], [ -106.191782353064951, 47.271281066932957 ], [ -106.191786542398432, 47.267664529973629 ], [ -106.197088638348902, 47.267666427584253 ], [ -106.202390742195917, 47.267668322523257 ], [ -106.207692847413426, 47.267670213701216 ] ] ] } },
{ "type": "Feature", "properties": { "CountyName": "Garfield", "OwnerName_Grouped": "GREAT NORTHERN PROPERTIES", "OwnerName": "GREAT NORTHERN PROPERTIES", "OwnerAddre": "MAIL TO GNL, LP", "OwnerAdd_1": "PO BOX 1745", "OwnerAdd_2": null, "OwnerCity": "MILES CITY", "OwnerState": "MT", "PropType": "Vacant Land", "TotalAcres": 640.0 }, "geometry": { "type": "Polygon", "coordinates": [ [ [ -106.186453547442625, 47.282131080537141 ], [ -106.191769796858736, 47.282130647441257 ], [ -106.191768208459635, 47.285749102453117 ], [ -106.1917666172575, 47.2893675531054 ], [ -106.191765028315075, 47.292986003132441 ], [ -106.191763436513398, 47.296604449670205 ], [ -106.186445519166355, 47.296603203183281 ], [ -106.181127605242239, 47.296601957980229 ], [ -106.175809688275976, 47.296600711172921 ], [ -106.170491776230079, 47.296599462091251 ], [ -106.170495033043508, 47.292982696984801 ], [ -106.170498288318143, 47.289365924833184 ], [ -106.170501544247628, 47.28574915292085 ], [ -106.170504801168974, 47.282132375867022 ], [ -106.175821050142446, 47.282131947017042 ], [ -106.181137297205282, 47.282131513990642 ], [ -106.186453547442625, 47.282131080537141 ] ] ] } },
{ "type": "Feature", "properties": { "CountyName": "Garfield", "OwnerName_Grouped": "GREAT NORTHERN PROPERTIES", "OwnerName": "GREAT NORTHERN PROPERTIES", "OwnerAddre": "MAIL TO GNL, LP", "OwnerAdd_1": "PO BOX 1745", "OwnerAdd_2": null, "OwnerCity": "MILES CITY", "OwnerState": "MT", "PropType": "Vacant Land", "TotalAcres": 640.56 }, "geometry": { "type": "Polygon", "coordinates": [ [ [ -106.170488844892276, 47.253187372651375 ], [ -106.175805324636087, 47.253183353025783 ], [ -106.18112180262699, 47.253179336300825 ], [ -106.186438283076086, 47.253175318994053 ], [ -106.191754763422082, 47.253171300129921 ], [ -106.191762675209716, 47.256788285853155 ], [ -106.191770586693977, 47.260405269170946 ], [ -106.191778500516691, 47.26402225014477 ], [ -106.191786542398432, 47.267664529973629 ], [ -106.18647712436217, 47.26766711355851 ], [ -106.181167722362247, 47.267669696762397 ], [ -106.175842700144926, 47.267668610777193 ], [ -106.170517684950141, 47.267667529896379 ], [ -106.170510472370978, 47.264047491887311 ], [ -106.170503260433918, 47.260427455972341 ], [ -106.170496052286154, 47.256807414149577 ], [ -106.170488844892276, 47.253187372651375 ] ] ] } },
{ "type": "Feature", "properties": { "CountyName": "Garfield", "OwnerName_Grouped": "GREAT NORTHERN PROPERTIES", "OwnerName": "GREAT NORTHERN PROPERTIES", "OwnerAddre": "MAIL TO GNP, LP", "OwnerAdd_1": "PO BOX 1745", "OwnerAdd_2": null, "OwnerCity": "MILES CITY", "OwnerState": "MT", "PropType": "Vacant Land", "TotalAcres": 766.56 }, "geometry": { "type": "Polygon", "coordinates": [ [ [ -106.144867413661785, 47.163512116781455 ], [ -106.150161845410423, 47.163510981101211 ], [ -106.150166059436401, 47.167126238305883 ], [ -106.150170275556491, 47.170741468325417 ], [ -106.1501746837843, 47.17435816940808 ], [ -106.150179094908196, 47.177974873025342 ], [ -106.150182618123708, 47.180830502409506 ], [ -106.149176572458146, 47.180830517072948 ], [ -106.144885098925215, 47.180831389958058 ], [ -106.143871804404796, 47.180831572437732 ], [ -106.139587581396711, 47.180832444967038 ], [ -106.138567062568015, 47.180832488120558 ], [ -106.134296785521258, 47.180833332929488 ], [ -106.133255681853569, 47.180833544329658 ], [ -106.129005989972086, 47.180834388034292 ], [ -106.129002830189535, 47.177969008886016 ], [ -106.128998590431522, 47.174353971944733 ], [ -106.128994378439558, 47.170738961694852 ], [ -106.128989026725549, 47.16712684015215 ], [ -106.128983646389287, 47.163514720251122 ], [ -106.134278328418787, 47.163514000749593 ], [ -106.139572982251494, 47.163513251629361 ], [ -106.144867413661785, 47.163512116781455 ] ] ] } },
{ "type": "Feature", "properties": { "CountyName": "Garfield", "OwnerName_Grouped": "GREAT NORTHERN PROPERTIES", "OwnerName": "GREAT NORTHERN PROPERTIES", "OwnerAddre": "MAIL TO GNP, LP", "OwnerAdd_1": "PO BOX 1745", "OwnerAdd_2": null, "OwnerCity": "MILES CITY", "OwnerState": "MT", "PropType": "Vacant Land", "TotalAcres": 320.0 }, "geometry": { "type": "Polygon", "coordinates": [ [ [ -106.107801645710467, 47.15631202070027 ], [ -106.113093379359427, 47.156307802931906 ], [ -106.118385141662543, 47.156303334059665 ], [ -106.123676905646334, 47.156298643016221 ], [ -106.128968639139259, 47.156293673904372 ], [ -106.12897615775239, 47.159904183203025 ], [ -106.128983646389287, 47.163514720251122 ], [ -106.123690410864569, 47.163519828142448 ], [ -106.118397202367547, 47.163524937925906 ], [ -106.113103966425513, 47.163530075024923 ], [ -106.107810733088243, 47.163535181767699 ], [ -106.107806188292372, 47.159923615258698 ], [ -106.107801645710467, 47.15631202070027 ] ] ] } },
{ "type": "Feature", "properties": { "CountyName": "Garfield", "OwnerName_Grouped": "GREAT NORTHERN PROPERTIES", "OwnerName": "GREAT NORTHERN PROPERTIES", "OwnerAddre": "MAIL TO GNP, LP", "OwnerAdd_1": "PO BOX 1745", "OwnerAdd_2": null, "OwnerCity": "MILES CITY", "OwnerState": "MT", "PropType": "Vacant Land", "TotalAcres": 640.0 }, "geometry": { "type": "Polygon", "coordinates": [ [ [ -106.150132812529378, 47.149064505011715 ], [ -106.155431715223543, 47.149054398190835 ], [ -106.160730642404985, 47.149044319639529 ], [ -106.166029541748642, 47.149034240807438 ], [ -106.171328470544736, 47.149024132730595 ], [ -106.171334718393794, 47.152633416553819 ], [ -106.171340963271476, 47.156242674004581 ], [ -106.171347211097995, 47.159851958390441 ], [ -106.171353455813446, 47.163461239793293 ], [ -106.166055553947842, 47.163473682421547 ], [ -106.160757650643077, 47.163486096882117 ], [ -106.155459747664594, 47.163498539079939 ], [ -106.150161845410423, 47.163510981101211 ], [ -106.150154599583857, 47.159899361147318 ], [ -106.150147329351398, 47.15628774298527 ], [ -106.150140058670871, 47.1526761237252 ], [ -106.150132812529378, 47.149064505011715 ] ] ] } },
{ "type": "Feature", "properties": { "CountyName": "Garfield", "OwnerName_Grouped": "GREAT NORTHERN PROPERTIES", "OwnerName": "GREAT NORTHERN PROPERTIES", "OwnerAddre": "MAIL TO GNL, LP", "OwnerAdd_1": "PO BOX 1745", "OwnerAdd_2": null, "OwnerCity": "MILES CITY", "OwnerState": "MT", "PropType": "Vacant Land", "TotalAcres": 320.0 }, "geometry": { "type": "Polygon", "coordinates": [ [ [ -106.191738830473611, 47.245939921773477 ], [ -106.197051962626702, 47.245939725346837 ], [ -106.202365094660593, 47.245939284395035 ], [ -106.207678229334334, 47.245938596295986 ], [ -106.21299136379109, 47.245937663671491 ], [ -106.212995427757491, 47.249557108265591 ], [ -106.212999491121266, 47.253176546882351 ], [ -106.207688307691512, 47.253175235897132 ], [ -106.202377127904086, 47.253173924818732 ], [ -106.197065945075451, 47.253172614357133 ], [ -106.191754763422082, 47.253171300129921 ], [ -106.191746796984418, 47.249555613937297 ], [ -106.191738830473611, 47.245939921773477 ] ] ] } },
{ "type": "Feature", "properties": { "CountyName": "Garfield", "OwnerName_Grouped": "GREAT NORTHERN PROPERTIES", "OwnerName": "GREAT NORTHERN PROPERTIES", "OwnerAddre": "MAIL TO GNP, LP", "OwnerAdd_1": "PO BOX 1745", "OwnerAdd_2": null, "OwnerCity": "MILES CITY", "OwnerState": "MT", "PropType": "Vacant Land", "TotalAcres": 520.0 }, "geometry": { "type": "Polygon", "coordinates": [ [ [ -106.086538623404337, 47.112967936234959 ], [ -106.086537167413042, 47.109355673764995 ], [ -106.086535711503672, 47.105743410420899 ], [ -106.091841239887955, 47.105741251373608 ], [ -106.09714679954368, 47.105739094739782 ], [ -106.102452355913741, 47.105736965616089 ], [ -106.107757912569099, 47.105734808252521 ], [ -106.107761594654065, 47.109348013559 ], [ -106.107765303918015, 47.112961190855103 ], [ -106.107769012137666, 47.116574369020874 ], [ -106.107772720234891, 47.120187575095819 ], [ -106.102464939366129, 47.120188789891031 ], [ -106.097157126838667, 47.120190004182177 ], [ -106.097154559813902, 47.116577522078373 ], [ -106.091847331518906, 47.116578984839002 ], [ -106.091845294440503, 47.112966611314427 ], [ -106.086538623404337, 47.112967936234959 ] ] ] } },
{ "type": "Feature", "properties": { "CountyName": "Garfield", "OwnerName_Grouped": "GREAT NORTHERN PROPERTIES", "OwnerName": "GREAT NORTHERN PROPERTIES", "OwnerAddre": "MAIL TO GNP, LP", "OwnerAdd_1": "PO BOX 1745", "OwnerAdd_2": null, "OwnerCity": "MILES CITY", "OwnerState": "MT", "PropType": "Vacant Land", "TotalAcres": 640.0 }, "geometry": { "type": "Polygon", "coordinates": [ [ [ -106.107772720234891, 47.120187575095819 ], [ -106.113056725249805, 47.120184165762502 ], [ -106.118340701784049, 47.120180785257006 ], [ -106.123624704552952, 47.12017740366246 ], [ -106.128908710082456, 47.120173995960734 ], [ -106.12891422717135, 47.123786531324029 ], [ -106.128919772333674, 47.127399070165488 ], [ -106.128925318573451, 47.131011580146577 ], [ -106.128930863690357, 47.134624117042534 ], [ -106.123644914556834, 47.134629053762147 ], [ -106.11835898851831, 47.134633992797056 ], [ -106.113073035534384, 47.134638931772869 ], [ -106.107787084741503, 47.134643868845608 ], [ -106.107783486657425, 47.131029804081109 ], [ -106.107779918554812, 47.127415708599393 ], [ -106.107776319895947, 47.123801641884562 ], [ -106.107772720234891, 47.120187575095819 ] ] ] } },
{ "type": "Feature", "properties": { "CountyName": "Prairie", "OwnerName_Grouped": "GREAT NORTHERN PROPERTIES", "OwnerName": "GREAT NORTHERN PROPERTIES LP", "OwnerAddre": "PO BOX 1745", "OwnerAdd_1": null, "OwnerAdd_2": null, "OwnerCity": "MILES CITY", "OwnerState": "MT", "PropType": "Vacant Land", "TotalAcres": 640.0 }, "geometry": { "type": "Polygon", "coordinates": [ [ [ -106.002267998389371, 47.14182966558274 ], [ -106.002266353282138, 47.13821789706828 ], [ -106.002264712232289, 47.134606127686496 ], [ -106.007591531335095, 47.134602961004127 ], [ -106.012918356156803, 47.134599793258388 ], [ -106.018245185110928, 47.134596628904177 ], [ -106.023572011927655, 47.134593463245459 ], [ -106.023573207532209, 47.138206285904488 ], [ -106.023574432056265, 47.141819110250928 ], [ -106.023575627634926, 47.145431932715134 ], [ -106.023576823082649, 47.149044756858729 ], [ -106.018250436329126, 47.149046867123324 ], [ -106.012924049990502, 47.149048980766942 ], [ -106.007597665770575, 47.149051091535782 ], [ -106.002271291435775, 47.149053201469506 ], [ -106.002269644742356, 47.145441435832637 ], [ -106.002267998389371, 47.14182966558274 ] ] ] } },
{ "type": "Feature", "properties": { "CountyName": "Prairie", "OwnerName_Grouped": "GREAT NORTHERN PROPERTIES", "OwnerName": "GREAT NORTHERN PROPERTIES LP", "OwnerAddre": "PO BOX 1745", "OwnerAdd_1": null, "OwnerAdd_2": null, "OwnerCity": "MILES CITY", "OwnerState": "MT", "PropType": "Vacant Land", "TotalAcres": 640.0 }, "geometry": { "type": "Polygon", "coordinates": [ [ [ -106.023548534472553, 47.120162195989458 ], [ -106.028863983112231, 47.120168592663042 ], [ -106.03417943150815, 47.120174989920073 ], [ -106.039494881664936, 47.12018135718904 ], [ -106.044810332511318, 47.120187752095809 ], [ -106.04482695019712, 47.123801407690912 ], [ -106.044843566002839, 47.127415063130201 ], [ -106.044860182621164, 47.131028717579568 ], [ -106.044876797300859, 47.134642372743642 ], [ -106.039550622973607, 47.134630145695176 ], [ -106.034224419193819, 47.134617919185132 ], [ -106.028898213782597, 47.134605691349073 ], [ -106.023572011927655, 47.134593463245459 ], [ -106.023566149067889, 47.130985638840606 ], [ -106.02356028758642, 47.127377843234328 ], [ -106.023554396859069, 47.123770019655019 ], [ -106.023548534472553, 47.120162195989458 ] ] ] } },
{ "type": "Feature", "properties": { "CountyName": "Prairie", "OwnerName_Grouped": "GREAT NORTHERN PROPERTIES", "OwnerName": "GREAT NORTHERN PROPERTIES LP", "OwnerAddre": "PO BOX 1745", "OwnerAdd_1": null, "OwnerAdd_2": null, "OwnerCity": "MILES CITY", "OwnerState": "MT", "PropType": "Vacant Land", "TotalAcres": 618.24 }, "geometry": { "type": "Polygon", "coordinates": [ [ [ -106.066059784390561, 47.127415116332536 ], [ -106.066052333850649, 47.123803020221985 ], [ -106.066044853903747, 47.120190922272599 ], [ -106.071348634665483, 47.120191457182855 ], [ -106.076652390091056, 47.120192020063968 ], [ -106.081954977490142, 47.120192276859555 ], [ -106.086541562269971, 47.12019243406322 ], [ -106.086546212498533, 47.123803251059435 ], [ -106.086550863068013, 47.127414069823828 ], [ -106.086555512603553, 47.131024891202152 ], [ -106.086560162882208, 47.134635708025762 ], [ -106.081983798806775, 47.134636219151453 ], [ -106.076680927721242, 47.134636879934995 ], [ -106.071377809684563, 47.134638097357183 ], [ -106.066074691160821, 47.134639340927187 ], [ -106.066067236433852, 47.131027243047221 ], [ -106.066059784390561, 47.127415116332536 ] ] ] } },
{ "type": "Feature", "properties": { "CountyName": "Prairie", "OwnerName_Grouped": "GREAT NORTHERN PROPERTIES", "OwnerName": "GREAT NORTHERN PROPERTIES LP", "OwnerAddre": "PO BOX 1745", "OwnerAdd_1": null, "OwnerAdd_2": null, "OwnerCity": "MILES CITY", "OwnerState": "MT", "PropType": "Vacant Land", "TotalAcres": 640.0 }, "geometry": { "type": "Polygon", "coordinates": [ [ [ -106.002325927877109, 47.105717337694287 ], [ -106.007626369819192, 47.10571820840623 ], [ -106.012926810555399, 47.105719077426926 ], [ -106.018227252567556, 47.105719947533984 ], [ -106.023527694563285, 47.10572081868731 ], [ -106.023532891412927, 47.109331170044157 ], [ -106.023538112555158, 47.112941521248466 ], [ -106.023543337416129, 47.116551843733028 ], [ -106.023548534472553, 47.120162195989458 ], [ -106.01824585096351, 47.120165569799411 ], [ -106.012943166948318, 47.120168939119722 ], [ -106.007640483251052, 47.120172311183651 ], [ -106.002337797388648, 47.120175683213546 ], [ -106.002334830770238, 47.116561100242038 ], [ -106.002331860660547, 47.112946513546284 ], [ -106.002328894726773, 47.109331926978285 ], [ -106.002325927877109, 47.105717337694287 ] ] ] } },
{ "type": "Feature", "properties": { "CountyName": "Prairie", "OwnerName_Grouped": "GREAT NORTHERN PROPERTIES", "OwnerName": "GREAT NORTHERN PROPERTIES LP", "OwnerAddre": "PO BOX 1745", "OwnerAdd_1": null, "OwnerAdd_2": null, "OwnerCity": "MILES CITY", "OwnerState": "MT", "PropType": "Vacant Land", "TotalAcres": 640.0 }, "geometry": { "type": "Polygon", "coordinates": [ [ [ -106.044758144049851, 47.105737410006576 ], [ -106.050066924427242, 47.105738363868099 ], [ -106.055375675141391, 47.105739289180747 ], [ -106.060684455051927, 47.105740214741388 ], [ -106.065993234736311, 47.105741167592214 ], [ -106.066006130319082, 47.109353599955085 ], [ -106.066019057938391, 47.112966030551135 ], [ -106.066031954027267, 47.116578462867643 ], [ -106.066044853903747, 47.120190922272599 ], [ -106.060736235533085, 47.120190108840028 ], [ -106.055427590446769, 47.120189323785837 ], [ -106.050118975912412, 47.120188538198946 ], [ -106.044810332511318, 47.120187752095809 ], [ -106.044797297686713, 47.1165751539463 ], [ -106.044784237795838, 47.112962580213789 ], [ -106.044771204771379, 47.109349982927014 ], [ -106.044758144049851, 47.105737410006576 ] ] ] } },
{ "type": "Feature", "properties": { "CountyName": "Prairie", "OwnerName_Grouped": "GREAT NORTHERN PROPERTIES", "OwnerName": "GREAT NORTHERN PROPERTIES LP", "OwnerAddre": "PO BOX 1745", "OwnerAdd_1": null, "OwnerAdd_2": null, "OwnerCity": "MILES CITY", "OwnerState": "MT", "PropType": "Vacant Land", "TotalAcres": 640.0 }, "geometry": { "type": "Polygon", "coordinates": [ [ [ -105.853913886602854, 46.947462030260048 ], [ -105.859202128524117, 46.947444437661709 ], [ -105.864490343739433, 46.94742684580379 ], [ -105.869778558139387, 46.947409280740331 ], [ -105.875066775282747, 46.947391690323009 ], [ -105.875050292763206, 46.951010086880309 ], [ -105.875033787897465, 46.954628487051785 ], [ -105.875017308563855, 46.958246883331078 ], [ -105.875000801689055, 46.961865282130141 ], [ -105.869721776641427, 46.961883318363697 ], [ -105.864442779329991, 46.961901329153719 ], [ -105.859163753603468, 46.961919365878138 ], [ -105.853884729366087, 46.961937375425229 ], [ -105.85389201990013, 46.958318531422876 ], [ -105.853899307370554, 46.954699715907175 ], [ -105.853906596883206, 46.951080873190492 ], [ -105.853913886602854, 46.947462030260048 ] ] ] } },
{ "type": "Feature", "properties": { "CountyName": "Prairie", "OwnerName_Grouped": "GREAT NORTHERN PROPERTIES", "OwnerName": "GREAT NORTHERN PROPERTIES LP", "OwnerAddre": "PO BOX 1745", "OwnerAdd_1": null, "OwnerAdd_2": null, "OwnerCity": "MILES CITY", "OwnerState": "MT", "PropType": "Vacant Land", "TotalAcres": 640.0 }, "geometry": { "type": "Polygon", "coordinates": [ [ [ -105.832812983585342, 46.940845268034529 ], [ -105.832812062526401, 46.940288100959982 ], [ -105.832807693924906, 46.93719414700476 ], [ -105.832806964610043, 46.936661755900943 ], [ -105.832802735761277, 46.933543495899585 ], [ -105.832805589736381, 46.933035412969886 ], [ -105.838093745470573, 46.93303140506309 ], [ -105.843381900835823, 46.933027396792475 ], [ -105.848670083542302, 46.933023387240645 ], [ -105.853958238119461, 46.933019380039276 ], [ -105.853947144540967, 46.936630055924979 ], [ -105.853936076123318, 46.940240705443557 ], [ -105.853924981940651, 46.94385138101886 ], [ -105.853913886602854, 46.947462030260048 ], [ -105.848633336869838, 46.94747826182148 ], [ -105.843352763465091, 46.947494492216414 ], [ -105.838072213567898, 46.947510723855132 ], [ -105.832791638576865, 46.947526955182475 ], [ -105.832801440118303, 46.944454724337206 ], [ -105.832803210565473, 46.943907525847891 ], [ -105.832812983585342, 46.940845268034529 ] ] ] } },
{ "type": "Feature", "properties": { "CountyName": "Prairie", "OwnerName_Grouped": "GREAT NORTHERN PROPERTIES", "OwnerName": "GREAT NORTHERN PROPERTIES LP", "OwnerAddre": "PO BOX 1745", "OwnerAdd_1": null, "OwnerAdd_2": null, "OwnerCity": "MILES CITY", "OwnerState": "MT", "PropType": "Vacant Land", "TotalAcres": 640.0 }, "geometry": { "type": "Polygon", "coordinates": [ [ [ -105.875101622668097, 46.940199115328689 ], [ -105.875119048040048, 46.936602855191829 ], [ -105.875136470092002, 46.933006568721908 ], [ -105.880423070346012, 46.932990867038711 ], [ -105.885709694552972, 46.932975163268246 ], [ -105.890996322805478, 46.932959460381575 ], [ -105.896282921561721, 46.932943729387461 ], [ -105.896266558468014, 46.936550989377594 ], [ -105.896250167479494, 46.940158218640342 ], [ -105.896233802866874, 46.943765451309879 ], [ -105.896217413672915, 46.947372682161024 ], [ -105.890929752522666, 46.947377439698812 ], [ -105.885642094167622, 46.947382170950839 ], [ -105.880354433574567, 46.947386930721684 ], [ -105.875066775282747, 46.947391690323009 ], [ -105.875084196952642, 46.9437954023741 ], [ -105.875101622668097, 46.940199115328689 ] ] ] } },
{ "type": "Feature", "properties": { "CountyName": "Prairie", "OwnerName_Grouped": "GREAT NORTHERN PROPERTIES", "OwnerName": "GREAT NORTHERN PROPERTIES LP", "OwnerAddre": "PO BOX 1745", "OwnerAdd_1": null, "OwnerAdd_2": null, "OwnerCity": "MILES CITY", "OwnerState": "MT", "PropType": "Vacant Land", "TotalAcres": 320.0 }, "geometry": { "type": "Polygon", "coordinates": [ [ [ -105.906961567534637, 46.918521040996509 ], [ -105.912252159487565, 46.918513281966078 ], [ -105.917542726258844, 46.918505553049904 ], [ -105.917524618483142, 46.922100199049865 ], [ -105.917506510666001, 46.925694846813187 ], [ -105.917488372619658, 46.929289495379244 ], [ -105.917470263825564, 46.932884140291989 ], [ -105.912173413808233, 46.932899039211378 ], [ -105.906876590665476, 46.932913935171634 ], [ -105.906897843976935, 46.929316481682612 ], [ -105.906919066576748, 46.925719029874656 ], [ -105.906940316325162, 46.922120048942737 ], [ -105.906961567534637, 46.918521040996509 ] ] ] } },
{ "type": "Feature", "properties": { "CountyName": "Prairie", "OwnerName_Grouped": "GREAT NORTHERN PROPERTIES", "OwnerName": "GREAT NORTHERN PROPERTIES LP", "OwnerAddre": "PO BOX 1745", "OwnerAdd_1": null, "OwnerAdd_2": null, "OwnerCity": "MILES CITY", "OwnerState": "MT", "PropType": "Vacant Land", "TotalAcres": 639.68 }, "geometry": { "type": "Polygon", "coordinates": [ [ [ -105.832811355377544, 46.904222191829938 ], [ -105.838107723035549, 46.904212962274123 ], [ -105.84340411946566, 46.904203732428741 ], [ -105.84870048751381, 46.904194531097303 ], [ -105.853996886343424, 46.904185300702032 ], [ -105.853996428388257, 46.907759728667308 ], [ -105.853995945443614, 46.911334154001153 ], [ -105.854017462218806, 46.91499135827749 ], [ -105.854038899157999, 46.918634090686034 ], [ -105.848749470658049, 46.918635930594412 ], [ -105.843460068386321, 46.918637772593733 ], [ -105.838170642516388, 46.918639614190155 ], [ -105.832881215392746, 46.918641455197474 ], [ -105.832855340403924, 46.915048029344568 ], [ -105.83282946559865, 46.911454572662684 ], [ -105.832820424104625, 46.907838396257944 ], [ -105.832811355377544, 46.904222191829938 ] ] ] } },
{ "type": "Feature", "properties": { "CountyName": "Prairie", "OwnerName_Grouped": "GREAT NORTHERN PROPERTIES", "OwnerName": "GREAT NORTHERN PROPERTIES LP", "OwnerAddre": "PO BOX 1745", "OwnerAdd_1": null, "OwnerAdd_2": null, "OwnerCity": "MILES CITY", "OwnerState": "MT", "PropType": "Vacant Land", "TotalAcres": 640.0 }, "geometry": { "type": "Polygon", "coordinates": [ [ [ -105.896257852192363, 46.889659404719794 ], [ -105.901549103443983, 46.889661703262803 ], [ -105.906840354426109, 46.889664002714227 ], [ -105.912131634137168, 46.889666302182654 ], [ -105.917422887516537, 46.889668599935554 ], [ -105.917440197366318, 46.893277887290047 ], [ -105.917457476690416, 46.896887172697618 ], [ -105.91746865052454, 46.900490123311194 ], [ -105.917479793952765, 46.904093077393341 ], [ -105.912186619487954, 46.904105973104848 ], [ -105.906893446416944, 46.904118840023735 ], [ -105.901600272734001, 46.904131707821563 ], [ -105.89630710035685, 46.904144606293663 ], [ -105.896294797556791, 46.900523290570128 ], [ -105.896282461449545, 46.896902004323344 ], [ -105.896270157552735, 46.893280691969402 ], [ -105.896257852192363, 46.889659404719794 ] ] ] } },
{ "type": "Feature", "properties": { "CountyName": "Prairie", "OwnerName_Grouped": "GREAT NORTHERN PROPERTIES", "OwnerName": "GREAT NORTHERN PROPERTIES LP", "OwnerAddre": "PO BOX 1745", "OwnerAdd_1": null, "OwnerAdd_2": null, "OwnerCity": "MILES CITY", "OwnerState": "MT", "PropType": "Vacant Land", "TotalAcres": 640.0 }, "geometry": { "type": "Polygon", "coordinates": [ [ [ -105.87505006362295, 46.875277255909005 ], [ -105.869775259939601, 46.875260484305628 ], [ -105.864500458864896, 46.875243712368977 ], [ -105.859191348861259, 46.875233189215415 ], [ -105.853882213493293, 46.875222668904627 ], [ -105.853872583743808, 46.871618519799654 ], [ -105.853862929405125, 46.868014343814139 ], [ -105.85385330015923, 46.864412001431319 ], [ -105.853843645138056, 46.860809630357849 ], [ -105.859139832228863, 46.860816484250911 ], [ -105.864435990157688, 46.860823368155593 ], [ -105.869732147814602, 46.860830224425897 ], [ -105.875028308577015, 46.860837081101145 ], [ -105.875033774840219, 46.864455283648908 ], [ -105.875039213265893, 46.868073460152203 ], [ -105.875044623003305, 46.871675358413057 ], [ -105.87505006362295, 46.875277255909005 ] ] ] } },
{ "type": "Feature", "properties": { "CountyName": "Prairie", "OwnerName_Grouped": "GREAT NORTHERN PROPERTIES", "OwnerName": "GREAT NORTHERN PROPERTIES LP", "OwnerAddre": "PO BOX 1745", "OwnerAdd_1": null, "OwnerAdd_2": null, "OwnerCity": "MILES CITY", "OwnerState": "MT", "PropType": "Vacant Land", "TotalAcres": 640.0 }, "geometry": { "type": "Polygon", "coordinates": [ [ [ -105.579274436548943, 46.846622121238639 ], [ -105.584548759551183, 46.846623051175008 ], [ -105.589823084755665, 46.84662397992512 ], [ -105.595097383230325, 46.846624908299766 ], [ -105.600371707473656, 46.846625837195489 ], [ -105.600369807778748, 46.850243638123558 ], [ -105.600367881554476, 46.853861437401889 ], [ -105.600373648113731, 46.85748287476013 ], [ -105.600379415837693, 46.861104287015344 ], [ -105.595095674515406, 46.861100860627971 ], [ -105.589811930692974, 46.861097432069506 ], [ -105.584526885524497, 46.861091921840142 ], [ -105.579241805981908, 46.861086382977042 ], [ -105.579257651635757, 46.857470331860611 ], [ -105.579273468817661, 46.853854279959414 ], [ -105.579273954746952, 46.850238200593196 ], [ -105.579274436548943, 46.846622121238639 ] ] ] } },
{ "type": "Feature", "properties": { "CountyName": "Prairie", "OwnerName_Grouped": "GREAT NORTHERN PROPERTIES", "OwnerName": "GREAT NORTHERN PROPERTIES LP", "OwnerAddre": "PO BOX 1745", "OwnerAdd_1": null, "OwnerAdd_2": null, "OwnerCity": "MILES CITY", "OwnerState": "MT", "PropType": "Vacant Land", "TotalAcres": 320.0 }, "geometry": { "type": "Polygon", "coordinates": [ [ [ -105.621471477765652, 46.846625803188317 ], [ -105.626743412316301, 46.846623538122699 ], [ -105.632015347935635, 46.846621300003697 ], [ -105.632016003580802, 46.850240514207989 ], [ -105.632016660365665, 46.853859730398597 ], [ -105.632017318381003, 46.857477415655453 ], [ -105.632017974915229, 46.861095102782464 ], [ -105.626743179634502, 46.861094092020146 ], [ -105.621468381455898, 46.861093080813724 ], [ -105.621469920586065, 46.857476255221201 ], [ -105.621471456250191, 46.853859454872975 ], [ -105.621471468383916, 46.850242629002167 ], [ -105.621471477765652, 46.846625803188317 ] ] ] } },
{ "type": "Feature", "properties": { "CountyName": "Broadwater", "OwnerName_Grouped": "GREAT NORTHERN PROPERTIES", "OwnerName": "GREAT NORTHERN PROPERTIES", "OwnerAddre": "PO BOX 1745", "OwnerAdd_1": null, "OwnerAdd_2": null, "OwnerCity": "MILES CITY", "OwnerState": "MT", "PropType": "Vacant Land", "TotalAcres": 13.0 }, "geometry": { "type": "MultiPolygon", "coordinates": [ [ [ [ -111.411030777542379, 46.105815611294879 ], [ -111.411029534650041, 46.104991109134566 ], [ -111.413694814028034, 46.105487119390816 ], [ -111.416230560489396, 46.106397494007659 ], [ -111.416478934975984, 46.106486661795714 ], [ -111.416587200671856, 46.106540800616443 ], [ -111.415339536219065, 46.10626023463206 ], [ -111.414855943839214, 46.106189553089607 ], [ -111.41437074806835, 46.106124406632574 ], [ -111.413884079797811, 46.106064812834703 ], [ -111.413396070314761, 46.106010787771758 ], [ -111.412906851266982, 46.105962346017328 ], [ -111.412416554627399, 46.105919500638784 ], [ -111.411925312658624, 46.10588226319382 ], [ -111.411433257877391, 46.105850643727379 ], [ -111.411030777542379, 46.105815611294879 ] ] ], [ [ [ -111.411032901592577, 46.107195741806869 ], [ -111.411032477353274, 46.10692099401205 ], [ -111.41205991837532, 46.106998348576525 ], [ -111.412524843568235, 46.107034327897338 ], [ -111.412988545590338, 46.107077272042652 ], [ -111.413450808863331, 46.107127161047842 ], [ -111.413911418476104, 46.107183971719536 ], [ -111.414370160284491, 46.107247677646399 ], [ -111.414826821010507, 46.107318249211389 ], [ -111.415281188341339, 46.107395653605529 ], [ -111.416546820524871, 46.107685036417379 ], [ -111.416228396425396, 46.107684811144566 ], [ -111.411033680876912, 46.107680801568755 ], [ -111.411032901592577, 46.107195741806869 ] ] ] ] } },
{ "type": "Feature", "properties": { "CountyName": "McCone", "OwnerName_Grouped": "GREAT NORTHERN PROPERTIES", "OwnerName": "GREAT NORTHERN PROPERTIES LP", "OwnerAddre": "PO BOX 1745", "OwnerAdd_1": null, "OwnerAdd_2": null, "OwnerCity": "MILES CITY", "OwnerState": "MT", "PropType": "Vacant Land", "TotalAcres": 640.0 }, "geometry": { "type": "Polygon", "coordinates": [ [ [ -105.427708669000836, 47.645235489263783 ], [ -105.433051766392197, 47.645224427921214 ], [ -105.438394859400177, 47.64521335628482 ], [ -105.443737950637171, 47.645202275346932 ], [ -105.449081033613609, 47.645191183077586 ], [ -105.449077394254189, 47.648815672651473 ], [ -105.449073749489074, 47.652440151792568 ], [ -105.449070103376613, 47.656064619727218 ], [ -105.449066453324761, 47.659689075449087 ], [ -105.443718549717602, 47.659698735587497 ], [ -105.438370641987689, 47.659708385954808 ], [ -105.433022730112867, 47.659718026550586 ], [ -105.427674812741202, 47.659727657327593 ], [ -105.42768328517181, 47.656104636142281 ], [ -105.427691750553535, 47.652481599957135 ], [ -105.427700211270974, 47.648858552475019 ], [ -105.427708669000836, 47.645235489263783 ] ] ] } },
{ "type": "Feature", "properties": { "CountyName": "McCone", "OwnerName_Grouped": "GREAT NORTHERN PROPERTIES", "OwnerName": "GREAT NORTHERN PROPERTIES LP", "OwnerAddre": "PO BOX 1745", "OwnerAdd_1": null, "OwnerAdd_2": null, "OwnerCity": "MILES CITY", "OwnerState": "MT", "PropType": "Vacant Land", "TotalAcres": 320.0 }, "geometry": { "type": "Polygon", "coordinates": [ [ [ -105.769615264080031, 47.616045480900752 ], [ -105.774972752348219, 47.616047619011489 ], [ -105.78033024124754, 47.616049752601064 ], [ -105.785687730864723, 47.616051880770499 ], [ -105.79104521957872, 47.616054007971634 ], [ -105.791048347709392, 47.619672833028332 ], [ -105.791051477471314, 47.62329165520319 ], [ -105.785693251426537, 47.623290549767866 ], [ -105.780335022908218, 47.62328919733239 ], [ -105.77497679734789, 47.623287597168627 ], [ -105.769618572199761, 47.623285748292425 ], [ -105.769616915431129, 47.619665615974789 ], [ -105.769615264080031, 47.616045480900752 ] ] ] } },
{ "type": "Feature", "properties": { "CountyName": "McCone", "OwnerName_Grouped": "GREAT NORTHERN PROPERTIES", "OwnerName": "GREAT NORTHERN PROPERTIES LP", "OwnerAddre": "PO BOX 1745", "OwnerAdd_1": null, "OwnerAdd_2": null, "OwnerCity": "MILES CITY", "OwnerState": "MT", "PropType": "Vacant Land", "TotalAcres": 640.4 }, "geometry": { "type": "Polygon", "coordinates": [ [ [ -105.748227890573105, 47.60156361090101 ], [ -105.753573741370744, 47.601563163669596 ], [ -105.758919593697925, 47.601562710271104 ], [ -105.764265442134857, 47.601562252331533 ], [ -105.769611292274419, 47.601561786427141 ], [ -105.769612288389325, 47.605184989571228 ], [ -105.769613286286415, 47.608808183588437 ], [ -105.769614280585529, 47.612431369191782 ], [ -105.769615264080031, 47.616045480900752 ], [ -105.764261847783487, 47.616044497640289 ], [ -105.758908433101766, 47.616043511177033 ], [ -105.753555018999577, 47.616042516973756 ], [ -105.748201602859169, 47.61604151404547 ], [ -105.748208175672971, 47.612422051804309 ], [ -105.74821474771602, 47.608802583070336 ], [ -105.748221320635921, 47.605183103406759 ], [ -105.748227890573105, 47.60156361090101 ] ] ] } },
{ "type": "Feature", "properties": { "CountyName": "McCone", "OwnerName_Grouped": "GREAT NORTHERN PROPERTIES", "OwnerName": "GREAT NORTHERN PROPERTIES LP", "OwnerAddre": "PO BOX 1745", "OwnerAdd_1": null, "OwnerAdd_2": null, "OwnerCity": "MILES CITY", "OwnerState": "MT", "PropType": "Vacant Land", "TotalAcres": 320.3 }, "geometry": { "type": "Polygon", "coordinates": [ [ [ -105.79101644934542, 47.601592201322092 ], [ -105.796383902723136, 47.601581147435837 ], [ -105.801751355235567, 47.601570091675995 ], [ -105.801754049791171, 47.605184185232339 ], [ -105.801756744651769, 47.608798275035824 ], [ -105.801759444697339, 47.61241213870035 ], [ -105.801762152784178, 47.616042228003842 ], [ -105.796403686691619, 47.616048119394691 ], [ -105.79104521957872, 47.616054007971634 ], [ -105.791037991749889, 47.61242370324964 ], [ -105.791030811403687, 47.608813205804168 ], [ -105.791023631973317, 47.605202704600181 ], [ -105.79101644934542, 47.601592201322092 ] ] ] } },
{ "type": "Feature", "properties": { "CountyName": "McCone", "OwnerName_Grouped": "GREAT NORTHERN PROPERTIES", "OwnerName": "GREAT NORTHERN PROPERTIES LP", "OwnerAddre": "PO BOX 1745", "OwnerAdd_1": null, "OwnerAdd_2": null, "OwnerCity": "MILES CITY", "OwnerState": "MT", "PropType": "Vacant Land", "TotalAcres": 320.0 }, "geometry": { "type": "Polygon", "coordinates": [ [ [ -105.833885562509579, 47.601547235394158 ], [ -105.839238706774154, 47.601543915420471 ], [ -105.844591853804275, 47.6015405679289 ], [ -105.849944999587919, 47.601537251350258 ], [ -105.855298143051485, 47.601533904388916 ], [ -105.855303705906564, 47.605154521584211 ], [ -105.855309268561157, 47.608775167413626 ], [ -105.849953150997266, 47.608777957665453 ], [ -105.844597006308248, 47.60878049938988 ], [ -105.839243138833851, 47.608782817718712 ], [ -105.83388927448658, 47.60878485624837 ], [ -105.83388740393697, 47.605166044993204 ], [ -105.833885562509579, 47.601547235394158 ] ] ] } },
{ "type": "Feature", "properties": { "CountyName": "McCone", "OwnerName_Grouped": "GREAT NORTHERN PROPERTIES", "OwnerName": "GREAT NORTHERN PROPERTIES LP", "OwnerAddre": "PO BOX 1745", "OwnerAdd_1": null, "OwnerAdd_2": null, "OwnerCity": "MILES CITY", "OwnerState": "MT", "PropType": "Vacant Land", "TotalAcres": 640.0 }, "geometry": { "type": "Polygon", "coordinates": [ [ [ -105.769593332347654, 47.587088216444791 ], [ -105.774954986337605, 47.587096629394992 ], [ -105.780316637039903, 47.587105035334034 ], [ -105.785678289476834, 47.587113438927702 ], [ -105.791039938421079, 47.587121839106558 ], [ -105.791034069031639, 47.590739436408107 ], [ -105.791028197322973, 47.594357031760701 ], [ -105.7910223225322, 47.59797461701703 ], [ -105.79101644934542, 47.601592201322092 ], [ -105.785665161523966, 47.601584602176828 ], [ -105.78031387270174, 47.601577000728504 ], [ -105.774962583044143, 47.601569394280148 ], [ -105.769611292274419, 47.601561786427141 ], [ -105.769606804742295, 47.597943405030776 ], [ -105.769602313709953, 47.594325020669793 ], [ -105.769597825316353, 47.590706621844355 ], [ -105.769593332347654, 47.587088216444791 ] ] ] } },
{ "type": "Feature", "properties": { "CountyName": "McCone", "OwnerName_Grouped": "GREAT NORTHERN PROPERTIES", "OwnerName": "GREAT NORTHERN PROPERTIES LP", "OwnerAddre": "PO BOX 1745", "OwnerAdd_1": null, "OwnerAdd_2": null, "OwnerCity": "MILES CITY", "OwnerState": "MT", "PropType": "Vacant Land", "TotalAcres": 640.0 }, "geometry": { "type": "Polygon", "coordinates": [ [ [ -105.833885562509579, 47.601547235394158 ], [ -105.828535719221961, 47.601547414440482 ], [ -105.823185908776949, 47.60154762126605 ], [ -105.817836096349325, 47.601547800713377 ], [ -105.812486256120337, 47.601547978987661 ], [ -105.812483825692169, 47.597930365869416 ], [ -105.812481370096279, 47.594312750910497 ], [ -105.812478914522757, 47.590695135828966 ], [ -105.812476456251432, 47.587077521453516 ], [ -105.817822967653143, 47.587075671565195 ], [ -105.823169476463733, 47.587073798131669 ], [ -105.828515987370054, 47.587071949049857 ], [ -105.833862524611106, 47.587070101662924 ], [ -105.833868283813445, 47.590689383716381 ], [ -105.833874039380149, 47.594308667328917 ], [ -105.833879802066946, 47.597927951024957 ], [ -105.833885562509579, 47.601547235394158 ] ] ] } },
{ "type": "Feature", "properties": { "CountyName": "McCone", "OwnerName_Grouped": "GREAT NORTHERN PROPERTIES", "OwnerName": "GREAT NORTHERN PROPERTIES LP", "OwnerAddre": "PO BOX 1745", "OwnerAdd_1": null, "OwnerAdd_2": null, "OwnerCity": "MILES CITY", "OwnerState": "MT", "PropType": "Vacant Land", "TotalAcres": 640.0 }, "geometry": { "type": "Polygon", "coordinates": [ [ [ -105.74824266084083, 47.579830277696402 ], [ -105.748243471814504, 47.576206108301065 ], [ -105.748244280275415, 47.572581930662963 ], [ -105.753582550372698, 47.572592672244831 ], [ -105.758920819129884, 47.572603405355693 ], [ -105.76425909030057, 47.572614133720208 ], [ -105.769597354736561, 47.572624855240498 ], [ -105.769596353282665, 47.576240707899103 ], [ -105.769595346567968, 47.579856553149376 ], [ -105.769594341424465, 47.583472388494322 ], [ -105.769593332347654, 47.587088216444791 ], [ -105.764255259413801, 47.58708582051446 ], [ -105.758917186291981, 47.587083414486941 ], [ -105.753579110175835, 47.58708100007393 ], [ -105.748241034838202, 47.587078580100908 ], [ -105.748241848873434, 47.583454436180723 ], [ -105.74824266084083, 47.579830277696402 ] ] ] } },
{ "type": "Feature", "properties": { "CountyName": "McCone", "OwnerName_Grouped": "GREAT NORTHERN PROPERTIES", "OwnerName": "GREAT NORTHERN PROPERTIES LP", "OwnerAddre": "PO BOX 1745", "OwnerAdd_1": null, "OwnerAdd_2": null, "OwnerCity": "MILES CITY", "OwnerState": "MT", "PropType": "Vacant Land", "TotalAcres": 640.0 }, "geometry": { "type": "Polygon", "coordinates": [ [ [ -105.791047807347709, 47.572644562154096 ], [ -105.796400429835245, 47.572637051099996 ], [ -105.801753052430882, 47.572629535814251 ], [ -105.807105674719466, 47.5726220225893 ], [ -105.812458294445577, 47.572614505946774 ], [ -105.812462837426196, 47.576230260001473 ], [ -105.812467376853334, 47.579846012085774 ], [ -105.812471916461732, 47.583461765907984 ], [ -105.812476456251432, 47.587077521453516 ], [ -105.807117327680388, 47.58708860306136 ], [ -105.801758199558336, 47.587099684440119 ], [ -105.796399068188421, 47.58711076096764 ], [ -105.791039938421079, 47.587121839106558 ], [ -105.791041908064415, 47.583502526560295 ], [ -105.791043874655841, 47.579883211148555 ], [ -105.791045841167531, 47.576263888476419 ], [ -105.791047807347709, 47.572644562154096 ] ] ] } },
{ "type": "Feature", "properties": { "CountyName": "McCone", "OwnerName_Grouped": "GREAT NORTHERN PROPERTIES", "OwnerName": "GREAT NORTHERN PROPERTIES LP", "OwnerAddre": "PO BOX 1745", "OwnerAdd_1": null, "OwnerAdd_2": null, "OwnerCity": "MILES CITY", "OwnerState": "MT", "PropType": "Vacant Land", "TotalAcres": 640.0 }, "geometry": { "type": "Polygon", "coordinates": [ [ [ -105.833877292990266, 47.57260124571318 ], [ -105.839216308537942, 47.572596673276699 ], [ -105.844555347382595, 47.572592101275319 ], [ -105.849894388294985, 47.572587529034898 ], [ -105.855233398493652, 47.572582930295972 ], [ -105.855245711118286, 47.576205104437378 ], [ -105.855258051134314, 47.579827248705321 ], [ -105.855270363049883, 47.583449395571144 ], [ -105.855282676339215, 47.587071542345271 ], [ -105.849927637589602, 47.587071168327114 ], [ -105.844572599944485, 47.587070821425705 ], [ -105.839217562577446, 47.587070474588785 ], [ -105.833862524611106, 47.587070101662924 ], [ -105.83386620903876, 47.583452900784742 ], [ -105.83386989325308, 47.579835671919255 ], [ -105.83387357985147, 47.576218473722726 ], [ -105.833877292990266, 47.57260124571318 ] ] ] } },
{ "type": "Feature", "properties": { "CountyName": "McCone", "OwnerName_Grouped": "GREAT NORTHERN PROPERTIES", "OwnerName": "GREAT NORTHERN PROPERTIES LP", "OwnerAddre": "PO BOX 1745", "OwnerAdd_1": null, "OwnerAdd_2": null, "OwnerCity": "MILES CITY", "OwnerState": "MT", "PropType": "Vacant Land", "TotalAcres": 640.0 }, "geometry": { "type": "Polygon", "coordinates": [ [ [ -105.76960555724537, 47.558113327491867 ], [ -105.77497165775597, 47.558107669647512 ], [ -105.780337755928386, 47.558102007068946 ], [ -105.785690355012747, 47.558096351253049 ], [ -105.7910429533285, 47.558090689299462 ], [ -105.791044167157978, 47.561729179895146 ], [ -105.79104538032928, 47.565367658718429 ], [ -105.791046593346067, 47.569006118563181 ], [ -105.791047807347709, 47.572644562154096 ], [ -105.785685194155093, 47.57263964125503 ], [ -105.780322582017277, 47.572634717853752 ], [ -105.77495996970795, 47.572629790109765 ], [ -105.769597354736561, 47.572624855240498 ], [ -105.769599407206499, 47.568997002445123 ], [ -105.769601459143487, 47.56536912978418 ], [ -105.769603509029679, 47.561741239926043 ], [ -105.76960555724537, 47.558113327491867 ] ] ] } },
{ "type": "Feature", "properties": { "CountyName": "McCone", "OwnerName_Grouped": "GREAT NORTHERN PROPERTIES", "OwnerName": "GREAT NORTHERN PROPERTIES LP", "OwnerAddre": "PO BOX 1745", "OwnerAdd_1": null, "OwnerAdd_2": null, "OwnerCity": "MILES CITY", "OwnerState": "MT", "PropType": "Vacant Land", "TotalAcres": 640.0 }, "geometry": { "type": "Polygon", "coordinates": [ [ [ -105.812438497137805, 47.558118341871975 ], [ -105.817788471809038, 47.558115895248427 ], [ -105.823138460989369, 47.558113444992308 ], [ -105.828488432705825, 47.558110991887389 ], [ -105.833838407151433, 47.558108532971879 ], [ -105.833848128086046, 47.561731715942976 ], [ -105.833857848896869, 47.565354896168664 ], [ -105.833867569708232, 47.56897807183659 ], [ -105.833877292990266, 47.57260124571318 ], [ -105.828522531730528, 47.572604567548233 ], [ -105.823167795233914, 47.572607889309111 ], [ -105.817813032090811, 47.572611184137571 ], [ -105.812458294445577, 47.572614505946774 ], [ -105.81245334726421, 47.568990469334516 ], [ -105.812448395258798, 47.565366430717795 ], [ -105.812443447852161, 47.561742388609794 ], [ -105.812438497137805, 47.558118341871975 ] ] ] } },
{ "type": "Feature", "properties": { "CountyName": "McCone", "OwnerName_Grouped": "GREAT NORTHERN PROPERTIES", "OwnerName": "GREAT NORTHERN PROPERTIES LP", "OwnerAddre": "PO BOX 1745", "OwnerAdd_1": null, "OwnerAdd_2": null, "OwnerCity": "MILES CITY", "OwnerState": "MT", "PropType": "Vacant Land", "TotalAcres": 640.0 }, "geometry": { "type": "Polygon", "coordinates": [ [ [ -105.940743858643188, 47.558086160667706 ], [ -105.946086533713839, 47.558073922023773 ], [ -105.951429207241247, 47.558061680855367 ], [ -105.95677188305342, 47.558049439981637 ], [ -105.962114557611216, 47.558037192987058 ], [ -105.96212382403823, 47.561658433348953 ], [ -105.962133089254692, 47.565279666436567 ], [ -105.962142356825268, 47.568900898650419 ], [ -105.962151628078843, 47.572522130016559 ], [ -105.956804114830049, 47.572531534736768 ], [ -105.951456602594718, 47.572540967241189 ], [ -105.946109090371536, 47.572550402276363 ], [ -105.940761548366183, 47.572559807396331 ], [ -105.940757125180824, 47.568941400228496 ], [ -105.940752702478463, 47.565322990341123 ], [ -105.940748280259015, 47.561704577748657 ], [ -105.940743858643188, 47.558086160667706 ] ] ] } },
{ "type": "Feature", "properties": { "CountyName": "McCone", "OwnerName_Grouped": "GREAT NORTHERN PROPERTIES", "OwnerName": "GREAT NORTHERN PROPERTIES LP", "OwnerAddre": "PO BOX 1745", "OwnerAdd_1": null, "OwnerAdd_2": null, "OwnerCity": "MILES CITY", "OwnerState": "MT", "PropType": "Vacant Land", "TotalAcres": 152.01 }, "geometry": { "type": "Polygon", "coordinates": [ [ [ -105.983489547232367, 47.562854605645676 ], [ -105.983486479354369, 47.561639378248657 ], [ -105.983477438236548, 47.558018346777743 ], [ -105.988825738709082, 47.558016399221472 ], [ -105.994174039789883, 47.55801445041832 ], [ -105.994186285425741, 47.561637032494453 ], [ -105.994198534004113, 47.565259611010141 ], [ -105.988847025298767, 47.565260130871721 ], [ -105.987502800226778, 47.565260213367871 ], [ -105.985577540205654, 47.564260328473878 ], [ -105.983489547232367, 47.562854605645676 ] ] ] } },
{ "type": "Feature", "properties": { "CountyName": "McCone", "OwnerName_Grouped": "GREAT NORTHERN PROPERTIES", "OwnerName": "GREAT NORTHERN PROPERTIES LP", "OwnerAddre": "PO BOX 1745", "OwnerAdd_1": null, "OwnerAdd_2": null, "OwnerCity": "MILES CITY", "OwnerState": "MT", "PropType": "Vacant Land", "TotalAcres": 640.0 }, "geometry": { "type": "Polygon", "coordinates": [ [ [ -105.919331396694247, 47.554436999514131 ], [ -105.919326384553386, 47.550814427332526 ], [ -105.919321377445229, 47.547191845425182 ], [ -105.919316368426365, 47.543569258096014 ], [ -105.924664844818253, 47.543576649040197 ], [ -105.930013324731746, 47.543584038695315 ], [ -105.935361805838298, 47.54359142248402 ], [ -105.940710292204741, 47.543598799629869 ], [ -105.940718682894683, 47.547220649515253 ], [ -105.940727073644325, 47.550842491324403 ], [ -105.940735464212324, 47.554464328638872 ], [ -105.940743858643188, 47.558086160667706 ], [ -105.93539199448152, 47.558079516060133 ], [ -105.930040131147209, 47.558072868936925 ], [ -105.924688269762115, 47.558066222036224 ], [ -105.919336408009642, 47.558059569881891 ], [ -105.919331396694247, 47.554436999514131 ] ] ] } },
{ "type": "Feature", "properties": { "CountyName": "McCone", "OwnerName_Grouped": "GREAT NORTHERN PROPERTIES", "OwnerName": "GREAT NORTHERN PROPERTIES LP", "OwnerAddre": "PO BOX 1745", "OwnerAdd_1": null, "OwnerAdd_2": null, "OwnerCity": "MILES CITY", "OwnerState": "MT", "PropType": "Vacant Land", "TotalAcres": 640.0 }, "geometry": { "type": "Polygon", "coordinates": [ [ [ -105.940710292204741, 47.543598799629869 ], [ -105.946052686423542, 47.543584720438361 ], [ -105.951395082892461, 47.543570636106068 ], [ -105.956737484230217, 47.543556547612944 ], [ -105.962079885089338, 47.543542455694585 ], [ -105.962088550492055, 47.547166145992982 ], [ -105.962097219614847, 47.550789833727045 ], [ -105.962105885998568, 47.554413515981999 ], [ -105.962114557611216, 47.558037192987058 ], [ -105.95677188305342, 47.558049439981637 ], [ -105.951429207241247, 47.558061680855367 ], [ -105.946086533713839, 47.558073922023773 ], [ -105.940743858643188, 47.558086160667706 ], [ -105.940735464212324, 47.554464328638872 ], [ -105.940727073644325, 47.550842491324403 ], [ -105.940718682894683, 47.547220649515253 ], [ -105.940710292204741, 47.543598799629869 ] ] ] } },
{ "type": "Feature", "properties": { "CountyName": "McCone", "OwnerName_Grouped": "GREAT NORTHERN PROPERTIES", "OwnerName": "GREAT NORTHERN PROPERTIES LP", "OwnerAddre": "PO BOX 1745", "OwnerAdd_1": null, "OwnerAdd_2": null, "OwnerCity": "MILES CITY", "OwnerState": "MT", "PropType": "Vacant Land", "TotalAcres": 640.0 }, "geometry": { "type": "Polygon", "coordinates": [ [ [ -105.962079885089338, 47.543542455694585 ], [ -105.967423197893595, 47.543540800209371 ], [ -105.97276651416071, 47.543539140355826 ], [ -105.978109832287643, 47.543537480588192 ], [ -105.983453145899261, 47.543535817108086 ], [ -105.983459217605414, 47.54715645821657 ], [ -105.98346529170729, 47.55077709133348 ], [ -105.983471365251077, 47.554397720858709 ], [ -105.983477438236548, 47.558018346777743 ], [ -105.978136719656945, 47.5580230607736 ], [ -105.972795998363381, 47.558027775041104 ], [ -105.967455276138281, 47.558032482428388 ], [ -105.962114557611216, 47.558037192987058 ], [ -105.962105885998568, 47.554413515981999 ], [ -105.962097219614847, 47.550789833727045 ], [ -105.962088550492055, 47.547166145992982 ], [ -105.962079885089338, 47.543542455694585 ] ] ] } },
{ "type": "Feature", "properties": { "CountyName": "McCone", "OwnerName_Grouped": "GREAT NORTHERN PROPERTIES", "OwnerName": "GREAT NORTHERN PROPERTIES LP", "OwnerAddre": "PO BOX 1745", "OwnerAdd_1": null, "OwnerAdd_2": null, "OwnerCity": "MILES CITY", "OwnerState": "MT", "PropType": "Vacant Land", "TotalAcres": 319.15 }, "geometry": { "type": "Polygon", "coordinates": [ [ [ -105.98346529170729, 47.55077709133348 ], [ -105.988813050485916, 47.550776413960584 ], [ -105.994160807834604, 47.550775488457717 ], [ -105.999515285840488, 47.550774316560961 ], [ -106.004816197713097, 47.550772910746176 ], [ -106.004816663981984, 47.554391730978658 ], [ -106.004817129164252, 47.558010544013825 ], [ -105.999522337518883, 47.558012500247557 ], [ -105.994174039789883, 47.55801445041832 ], [ -105.988825738709082, 47.558016399221472 ], [ -105.983477438236548, 47.558018346777743 ], [ -105.983471365251077, 47.554397720858709 ], [ -105.98346529170729, 47.55077709133348 ] ] ] } },
{ "type": "Feature", "properties": { "CountyName": "McCone", "OwnerName_Grouped": "GREAT NORTHERN PROPERTIES", "OwnerName": "GREAT NORTHERN PROPERTIES LP", "OwnerAddre": "PO BOX 1745", "OwnerAdd_1": null, "OwnerAdd_2": null, "OwnerCity": "MILES CITY", "OwnerState": "MT", "PropType": "Vacant Land", "TotalAcres": 320.0 }, "geometry": { "type": "Polygon", "coordinates": [ [ [ -105.897943938450112, 47.550822472732506 ], [ -105.897942760826226, 47.547196635064985 ], [ -105.897941586140917, 47.543570791233861 ], [ -105.9032852784174, 47.543570416411349 ], [ -105.908628971526966, 47.543570036206155 ], [ -105.91397266953696, 47.543569649842752 ], [ -105.919316368426365, 47.543569258096014 ], [ -105.919321377445229, 47.547191845425182 ], [ -105.919326384553386, 47.550814427332526 ], [ -105.919331396694247, 47.554436999514131 ], [ -105.913984822694786, 47.554440075398851 ], [ -105.913980771081029, 47.550816807964395 ], [ -105.908635158420495, 47.550818942544282 ], [ -105.908632063373602, 47.547194492455482 ], [ -105.903287410849529, 47.547195687628651 ], [ -105.903289547949285, 47.55082083111364 ], [ -105.897943938450112, 47.550822472732506 ] ] ] } },
{ "type": "Feature", "properties": { "CountyName": "McCone", "OwnerName_Grouped": "GREAT NORTHERN PROPERTIES", "OwnerName": "GREAT NORTHERN PROPERTIES LP", "OwnerAddre": "PO BOX 1745", "OwnerAdd_1": null, "OwnerAdd_2": null, "OwnerCity": "MILES CITY", "OwnerState": "MT", "PropType": "Vacant Land", "TotalAcres": 319.45 }, "geometry": { "type": "Polygon", "coordinates": [ [ [ -105.983453145899261, 47.543535817108086 ], [ -105.988800363337688, 47.543535683851097 ], [ -105.994147579391779, 47.543535544804065 ], [ -105.999494796621534, 47.543535401845723 ], [ -106.004815266634751, 47.543535257898277 ], [ -106.004815730120683, 47.547154086927037 ], [ -106.004816197713097, 47.550772910746176 ], [ -105.999515285840488, 47.550774316560961 ], [ -105.994160807834604, 47.550775488457717 ], [ -105.988813050485916, 47.550776413960584 ], [ -105.98346529170729, 47.55077709133348 ], [ -105.983459217605414, 47.54715645821657 ], [ -105.983453145899261, 47.543535817108086 ] ] ] } },
{ "type": "Feature", "properties": { "CountyName": "McCone", "OwnerName_Grouped": "GREAT NORTHERN PROPERTIES", "OwnerName": "GREAT NORTHERN PROPERTIES LP", "OwnerAddre": "PO BOX 1745", "OwnerAdd_1": null, "OwnerAdd_2": null, "OwnerCity": "MILES CITY", "OwnerState": "MT", "PropType": "Vacant Land", "TotalAcres": 639.6 }, "geometry": { "type": "Polygon", "coordinates": [ [ [ -105.855147786072777, 47.529075357053969 ], [ -105.858049295969479, 47.529075288609327 ], [ -105.86049488353413, 47.529075235742425 ], [ -105.863397197608336, 47.529075157548974 ], [ -105.865841984709107, 47.529075103355837 ], [ -105.868744831153137, 47.529075022113503 ], [ -105.871189082859615, 47.529074961483303 ], [ -105.874092730541577, 47.529074874767552 ], [ -105.876535405896206, 47.529077154400078 ], [ -105.876529889202487, 47.532704650249727 ], [ -105.876524372368863, 47.536332132715252 ], [ -105.876518855149257, 47.539959605378058 ], [ -105.876513336216007, 47.5435870681819 ], [ -105.871192433927931, 47.54358996412558 ], [ -105.86584477211693, 47.543592875870026 ], [ -105.86049711342217, 47.543595777454101 ], [ -105.855149454919086, 47.543598672390388 ], [ -105.85514903650008, 47.539967881009787 ], [ -105.855148619436534, 47.536337066319476 ], [ -105.855148202462686, 47.532706227393291 ], [ -105.855147786072777, 47.529075357053969 ] ] ] } },
{ "type": "Feature", "properties": { "CountyName": "McCone", "OwnerName_Grouped": "GREAT NORTHERN PROPERTIES", "OwnerName": "GREAT NORTHERN PROPERTIES LP", "OwnerAddre": "PO BOX 1745", "OwnerAdd_1": null, "OwnerAdd_2": null, "OwnerCity": "MILES CITY", "OwnerState": "MT", "PropType": "Vacant Land", "TotalAcres": 640.0 }, "geometry": { "type": "Polygon", "coordinates": [ [ [ -105.897914663293307, 47.529078436542896 ], [ -105.900817091225861, 47.529078422788643 ], [ -105.90325967729359, 47.529078412627257 ], [ -105.906162104461828, 47.52907839353049 ], [ -105.908604691052716, 47.529078380401074 ], [ -105.911507122473836, 47.529078360621753 ], [ -105.91394970851438, 47.529078340886905 ], [ -105.91541131359827, 47.529078336281344 ], [ -105.919297172175831, 47.529077048165142 ], [ -105.919301969120752, 47.532700114184344 ], [ -105.919306767146125, 47.536323169527044 ], [ -105.919311567458308, 47.539946216017817 ], [ -105.919316368426365, 47.543569258096014 ], [ -105.91397266953696, 47.543569649842752 ], [ -105.908628971526966, 47.543570036206155 ], [ -105.9032852784174, 47.543570416411349 ], [ -105.897941586140917, 47.543570791233861 ], [ -105.897934852279121, 47.539947715642192 ], [ -105.897928120909143, 47.536324632083044 ], [ -105.897921393418954, 47.532701539713386 ], [ -105.897914663293307, 47.529078436542896 ] ] ] } },
{ "type": "Feature", "properties": { "CountyName": "McCone", "OwnerName_Grouped": "GREAT NORTHERN PROPERTIES", "OwnerName": "GREAT NORTHERN PROPERTIES LP", "OwnerAddre": "PO BOX 1745", "OwnerAdd_1": null, "OwnerAdd_2": null, "OwnerCity": "MILES CITY", "OwnerState": "MT", "PropType": "Improved Property", "TotalAcres": 640.0 }, "geometry": { "type": "Polygon", "coordinates": [ [ [ -105.919297172175831, 47.529077048165142 ], [ -105.920758807314172, 47.529076707542998 ], [ -105.924642825533169, 47.529074320671896 ], [ -105.926104461261076, 47.529073980975411 ], [ -105.92998848115829, 47.52907158039595 ], [ -105.931450113439624, 47.529071242401109 ], [ -105.935334135873191, 47.529068835346195 ], [ -105.936795768999374, 47.52906849468102 ], [ -105.940681135807353, 47.529069195354964 ], [ -105.940688421930375, 47.532701625073784 ], [ -105.940695710198312, 47.536334033304904 ], [ -105.940703003025476, 47.539966423711583 ], [ -105.940710292204741, 47.543598799629869 ], [ -105.935361805838298, 47.54359142248402 ], [ -105.930013324731746, 47.543584038695315 ], [ -105.924664844818253, 47.543576649040197 ], [ -105.919316368426365, 47.543569258096014 ], [ -105.919311567458308, 47.539946216017817 ], [ -105.919306767146125, 47.536323169527044 ], [ -105.919301969120752, 47.532700114184344 ], [ -105.919297172175831, 47.529077048165142 ] ] ] } },
{ "type": "Feature", "properties": { "CountyName": "McCone", "OwnerName_Grouped": "GREAT NORTHERN PROPERTIES", "OwnerName": "GREAT NORTHERN PROPERTIES LP", "OwnerAddre": "PO BOX 1745", "OwnerAdd_1": null, "OwnerAdd_2": null, "OwnerCity": "MILES CITY", "OwnerState": "MT", "PropType": "Vacant Land", "TotalAcres": 640.0 }, "geometry": { "type": "Polygon", "coordinates": [ [ [ -105.940681135807353, 47.529069195354964 ], [ -105.942117901731521, 47.529068956645716 ], [ -105.94602668777658, 47.529067178095453 ], [ -105.94743886043382, 47.529066944872476 ], [ -105.951372252204635, 47.529065138458165 ], [ -105.952759572164098, 47.529064914035033 ], [ -105.956717838341291, 47.529063077625253 ], [ -105.958080574704738, 47.529062858127226 ], [ -105.962058630391923, 47.529061805780216 ], [ -105.962063941592731, 47.532681980651198 ], [ -105.962069253938665, 47.536302144852549 ], [ -105.962074569844972, 47.539922302047117 ], [ -105.962079885089338, 47.543542455694585 ], [ -105.956737484230217, 47.543556547612944 ], [ -105.951395082892461, 47.543570636106068 ], [ -105.946052686423542, 47.543584720438361 ], [ -105.940710292204741, 47.543598799629869 ], [ -105.940703003025476, 47.539966423711583 ], [ -105.940695710198312, 47.536334033304904 ], [ -105.940688421930375, 47.532701625073784 ], [ -105.940681135807353, 47.529069195354964 ] ] ] } },
{ "type": "Feature", "properties": { "CountyName": "McCone", "OwnerName_Grouped": "GREAT NORTHERN PROPERTIES", "OwnerName": "GREAT NORTHERN PROPERTIES LP", "OwnerAddre": "PO BOX 1745", "OwnerAdd_1": null, "OwnerAdd_2": null, "OwnerCity": "MILES CITY", "OwnerState": "MT", "PropType": "Vacant Land", "TotalAcres": 600.0 }, "geometry": { "type": "Polygon", "coordinates": [ [ [ -105.962058630391923, 47.529061805780216 ], [ -105.96344356021082, 47.529061589923316 ], [ -105.967399470380428, 47.529059803196247 ], [ -105.968807099785849, 47.529059578266214 ], [ -105.972740323781991, 47.529057805719447 ], [ -105.974170653924872, 47.529057572352571 ], [ -105.978081192979161, 47.529055817924011 ], [ -105.979534225249836, 47.529055573160264 ], [ -105.983424264375742, 47.529055648581483 ], [ -105.983431483431275, 47.532675699999388 ], [ -105.983438702323596, 47.536295744303459 ], [ -105.983445924916396, 47.539915783398385 ], [ -105.978102943137486, 47.539917660857277 ], [ -105.978109832287643, 47.543537480588192 ], [ -105.97276651416071, 47.543539140355826 ], [ -105.967423197893595, 47.543540800209371 ], [ -105.962079885089338, 47.543542455694585 ], [ -105.962074569844972, 47.539922302047117 ], [ -105.962069253938665, 47.536302144852549 ], [ -105.962063941592731, 47.532681980651198 ], [ -105.962058630391923, 47.529061805780216 ] ] ] } },
{ "type": "Feature", "properties": { "CountyName": "McCone", "OwnerName_Grouped": "GREAT NORTHERN PROPERTIES", "OwnerName": "GREAT NORTHERN PROPERTIES LP", "OwnerAddre": "PO BOX 1745", "OwnerAdd_1": null, "OwnerAdd_2": null, "OwnerCity": "MILES CITY", "OwnerState": "MT", "PropType": "Vacant Land", "TotalAcres": 40.0 }, "geometry": { "type": "Polygon", "coordinates": [ [ [ -105.983453145899261, 47.543535817108086 ], [ -105.978109832287643, 47.543537480588192 ], [ -105.978102943137486, 47.539917660857277 ], [ -105.983445924916396, 47.539915783398385 ], [ -105.983453145899261, 47.543535817108086 ] ] ] } },
{ "type": "Feature", "properties": { "CountyName": "McCone", "OwnerName_Grouped": "GREAT NORTHERN PROPERTIES", "OwnerName": "GREAT NORTHERN PROPERTIES LP", "OwnerAddre": "PO BOX 1745", "OwnerAdd_1": null, "OwnerAdd_2": null, "OwnerCity": "MILES CITY", "OwnerState": "MT", "PropType": "Vacant Land", "TotalAcres": 639.6 }, "geometry": { "type": "Polygon", "coordinates": [ [ [ -105.983445924916396, 47.539915783398385 ], [ -105.983438702323596, 47.536295744303459 ], [ -105.983431483431275, 47.532675699999388 ], [ -105.983424264375742, 47.529055648581483 ], [ -105.984891540006871, 47.529055563615877 ], [ -105.988767993326277, 47.529054983004798 ], [ -105.990249431108452, 47.529054897296533 ], [ -105.994111724470429, 47.529054316509082 ], [ -105.99560705181554, 47.529054227688448 ], [ -105.999455452701142, 47.529053646236058 ], [ -106.000964942031459, 47.529053556761468 ], [ -106.00480205514171, 47.529055652717112 ], [ -106.004805353886624, 47.532675562512907 ], [ -106.004808658510825, 47.536295466295549 ], [ -106.004811959543702, 47.53991536646658 ], [ -106.004815266634751, 47.543535257898277 ], [ -105.999494796621534, 47.543535401845723 ], [ -105.994147579391779, 47.543535544804065 ], [ -105.988800363337688, 47.543535683851097 ], [ -105.983453145899261, 47.543535817108086 ], [ -105.983445924916396, 47.539915783398385 ] ] ] } },
{ "type": "Feature", "properties": { "CountyName": "McCone", "OwnerName_Grouped": "GREAT NORTHERN PROPERTIES", "OwnerName": "GREAT NORTHERN PROPERTIES LP", "OwnerAddre": "PO BOX 1745", "OwnerAdd_1": null, "OwnerAdd_2": null, "OwnerCity": "MILES CITY", "OwnerState": "MT", "PropType": "Vacant Land", "TotalAcres": 665.6 }, "geometry": { "type": "Polygon", "coordinates": [ [ [ -105.874082113958281, 47.514020016254065 ], [ -105.879414369455247, 47.51399119174966 ], [ -105.884746624246333, 47.513962358410737 ], [ -105.890078880047668, 47.513933510884534 ], [ -105.895411132471111, 47.513904655339232 ], [ -105.895425136608111, 47.517537328093994 ], [ -105.895439142208772, 47.521169964055225 ], [ -105.895453151866562, 47.524802564190139 ], [ -105.895470930921846, 47.529077586348322 ], [ -105.892568818483483, 47.529077521719785 ], [ -105.89012645887189, 47.529077478013448 ], [ -105.887224346925393, 47.529077409010959 ], [ -105.884781986672621, 47.529077359620032 ], [ -105.881879875144449, 47.529077287142627 ], [ -105.879437518161311, 47.52907723309086 ], [ -105.876535405896206, 47.529077154400078 ], [ -105.874092730541577, 47.529074874767552 ], [ -105.874090221837349, 47.52491212249619 ], [ -105.874087521343412, 47.521281433553703 ], [ -105.874084813871576, 47.517650731015756 ], [ -105.874082113958281, 47.514020016254065 ] ] ] } },
{ "type": "Feature", "properties": { "CountyName": "McCone", "OwnerName_Grouped": "GREAT NORTHERN PROPERTIES", "OwnerName": "GREAT NORTHERN PROPERTIES LP", "OwnerAddre": "PO BOX 1745", "OwnerAdd_1": null, "OwnerAdd_2": null, "OwnerCity": "MILES CITY", "OwnerState": "MT", "PropType": "Vacant Land", "TotalAcres": 630.19 }, "geometry": { "type": "Polygon", "coordinates": [ [ [ -105.895411132471111, 47.513904655339232 ], [ -105.90074693944247, 47.513842102704942 ], [ -105.90608273895549, 47.513779541805079 ], [ -105.911418536583625, 47.513716969208694 ], [ -105.915394613229438, 47.513670239139664 ], [ -105.915398249484667, 47.517286525005439 ], [ -105.915401889376142, 47.520902799456181 ], [ -105.915405527595667, 47.524519062312848 ], [ -105.91541131359827, 47.529078336281344 ], [ -105.91394970851438, 47.529078340886905 ], [ -105.911507122473836, 47.529078360621753 ], [ -105.908604691052716, 47.529078380401074 ], [ -105.906162104461828, 47.52907839353049 ], [ -105.90325967729359, 47.529078412627257 ], [ -105.900817091225861, 47.529078422788643 ], [ -105.897914663293307, 47.529078436542896 ], [ -105.895470930921846, 47.529077586348322 ], [ -105.895453151866562, 47.524802564190139 ], [ -105.895439142208772, 47.521169964055225 ], [ -105.895425136608111, 47.517537328093994 ], [ -105.895411132471111, 47.513904655339232 ] ] ] } },
{ "type": "Feature", "properties": { "CountyName": "McCone", "OwnerName_Grouped": "GREAT NORTHERN PROPERTIES", "OwnerName": "GREAT NORTHERN PROPERTIES LP", "OwnerAddre": "PO BOX 1745", "OwnerAdd_1": null, "OwnerAdd_2": null, "OwnerCity": "MILES CITY", "OwnerState": "MT", "PropType": "Vacant Land", "TotalAcres": 680.48 }, "geometry": { "type": "Polygon", "coordinates": [ [ [ -105.915394613229438, 47.513670239139664 ], [ -105.920740516741603, 47.513672279356875 ], [ -105.926086425633315, 47.513674313970704 ], [ -105.931432333534971, 47.51367633917944 ], [ -105.936778241553924, 47.513678358620247 ], [ -105.93678219769383, 47.517303397561506 ], [ -105.936786149428187, 47.520928426618717 ], [ -105.936790108640949, 47.524553447044596 ], [ -105.936795768999374, 47.52906849468102 ], [ -105.935334135873191, 47.529068835346195 ], [ -105.931450113439624, 47.529071242401109 ], [ -105.92998848115829, 47.52907158039595 ], [ -105.926104461261076, 47.529073980975411 ], [ -105.924642825533169, 47.529074320671896 ], [ -105.920758807314172, 47.529076707542998 ], [ -105.919297172175831, 47.529077048165142 ], [ -105.91541131359827, 47.529078336281344 ], [ -105.915405527595667, 47.524519062312848 ], [ -105.915401889376142, 47.520902799456181 ], [ -105.915398249484667, 47.517286525005439 ], [ -105.915394613229438, 47.513670239139664 ] ] ] } },
{ "type": "Feature", "properties": { "CountyName": "McCone", "OwnerName_Grouped": "GREAT NORTHERN PROPERTIES", "OwnerName": "GREAT NORTHERN PROPERTIES LP", "OwnerAddre": "PO BOX 1745", "OwnerAdd_1": null, "OwnerAdd_2": null, "OwnerCity": "MILES CITY", "OwnerState": "MT", "PropType": "Vacant Land", "TotalAcres": 679.2 }, "geometry": { "type": "Polygon", "coordinates": [ [ [ -105.936778241553924, 47.513678358620247 ], [ -105.942109812853772, 47.513682310898332 ], [ -105.947441383198154, 47.513686261388841 ], [ -105.952772958640878, 47.513690199466694 ], [ -105.958104534741437, 47.513694132201302 ], [ -105.958099474666355, 47.517314466485693 ], [ -105.958094417035582, 47.520934789344061 ], [ -105.958089361729421, 47.524555102559958 ], [ -105.958080574704738, 47.529062858127226 ], [ -105.956717838341291, 47.529063077625253 ], [ -105.952759572164098, 47.529064914035033 ], [ -105.951372252204635, 47.529065138458165 ], [ -105.94743886043382, 47.529066944872476 ], [ -105.94602668777658, 47.529067178095453 ], [ -105.942117901731521, 47.529068956645716 ], [ -105.940681135807353, 47.529069195354964 ], [ -105.936795768999374, 47.52906849468102 ], [ -105.936790108640949, 47.524553447044596 ], [ -105.936786149428187, 47.520928426618717 ], [ -105.93678219769383, 47.517303397561506 ], [ -105.936778241553924, 47.513678358620247 ] ] ] } },
{ "type": "Feature", "properties": { "CountyName": "McCone", "OwnerName_Grouped": "GREAT NORTHERN PROPERTIES", "OwnerName": "GREAT NORTHERN PROPERTIES LP", "OwnerAddre": "PO BOX 1745", "OwnerAdd_1": null, "OwnerAdd_2": null, "OwnerCity": "MILES CITY", "OwnerState": "MT", "PropType": "Vacant Land", "TotalAcres": 678.8 }, "geometry": { "type": "Polygon", "coordinates": [ [ [ -105.958104534741437, 47.513694132201302 ], [ -105.963452606681571, 47.513694489004273 ], [ -105.968800678608289, 47.513694838940232 ], [ -105.974148753138934, 47.513695182989245 ], [ -105.979496827702178, 47.513695520171048 ], [ -105.979505372668413, 47.517317930641468 ], [ -105.979513916385869, 47.520940333114297 ], [ -105.979522463924624, 47.524562731332935 ], [ -105.979534225249836, 47.529055573160264 ], [ -105.978081192979161, 47.529055817924011 ], [ -105.974170653924872, 47.529057572352571 ], [ -105.972740323781991, 47.529057805719447 ], [ -105.968807099785849, 47.529059578266214 ], [ -105.967399470380428, 47.529059803196247 ], [ -105.96344356021082, 47.529061589923316 ], [ -105.962058630391923, 47.529061805780216 ], [ -105.958080574704738, 47.529062858127226 ], [ -105.958089361729421, 47.524555102559958 ], [ -105.958094417035582, 47.520934789344061 ], [ -105.958099474666355, 47.517314466485693 ], [ -105.958104534741437, 47.513694132201302 ] ] ] } },
{ "type": "Feature", "properties": { "CountyName": "McCone", "OwnerName_Grouped": "GREAT NORTHERN PROPERTIES", "OwnerName": "GREAT NORTHERN PROPERTIES LP", "OwnerAddre": "PO BOX 1745", "OwnerAdd_1": null, "OwnerAdd_2": null, "OwnerCity": "MILES CITY", "OwnerState": "MT", "PropType": "Vacant Land", "TotalAcres": 49.6 }, "geometry": { "type": "Polygon", "coordinates": [ [ [ -105.979522463924624, 47.524562731332935 ], [ -105.984877395982679, 47.524563132108604 ], [ -105.984891540006871, 47.529055563615877 ], [ -105.983424264375742, 47.529055648581483 ], [ -105.979534225249836, 47.529055573160264 ], [ -105.979522463924624, 47.524562731332935 ] ] ] } },
{ "type": "Feature", "properties": { "CountyName": "McCone", "OwnerName_Grouped": "GREAT NORTHERN PROPERTIES", "OwnerName": "GREAT NORTHERN PROPERTIES LP", "OwnerAddre": "PO BOX 1745", "OwnerAdd_1": null, "OwnerAdd_2": null, "OwnerCity": "MILES CITY", "OwnerState": "MT", "PropType": "Vacant Land", "TotalAcres": 628.64 }, "geometry": { "type": "Polygon", "coordinates": [ [ [ -105.979522463924624, 47.524562731332935 ], [ -105.979513916385869, 47.520940333114297 ], [ -105.979505372668413, 47.517317930641468 ], [ -105.979496827702178, 47.513695520171048 ], [ -105.984843462835101, 47.513694939165944 ], [ -105.990190097743778, 47.513694353224821 ], [ -105.995536733659733, 47.513693764186158 ], [ -106.000883369635858, 47.513693166615212 ], [ -106.000901755708441, 47.51731644896693 ], [ -106.000920144470257, 47.520939724296575 ], [ -106.000938535803087, 47.524562994387693 ], [ -106.000964942031459, 47.529053556761468 ], [ -105.999455452701142, 47.529053646236058 ], [ -105.99560705181554, 47.529054227688448 ], [ -105.994111724470429, 47.529054316509082 ], [ -105.990249431108452, 47.529054897296533 ], [ -105.988767993326277, 47.529054983004798 ], [ -105.984891540006871, 47.529055563615877 ], [ -105.984877395982679, 47.524563132108604 ], [ -105.979522463924624, 47.524562731332935 ] ] ] } },
{ "type": "Feature", "properties": { "CountyName": "McCone", "OwnerName_Grouped": "GREAT NORTHERN PROPERTIES", "OwnerName": "GREAT NORTHERN PROPERTIES LP", "OwnerAddre": "PO BOX 1745", "OwnerAdd_1": null, "OwnerAdd_2": null, "OwnerCity": "MILES CITY", "OwnerState": "MT", "PropType": "Vacant Land", "TotalAcres": 640.0 }, "geometry": { "type": "Polygon", "coordinates": [ [ [ -105.852666586222981, 47.499548512762537 ], [ -105.858022089493176, 47.499538840499142 ], [ -105.863377591575102, 47.499529160656117 ], [ -105.868733091534224, 47.499519467797874 ], [ -105.874088594698023, 47.499509762091151 ], [ -105.874086974509865, 47.50313734668854 ], [ -105.874085352122833, 47.506764917038645 ], [ -105.874083731394094, 47.510392475049755 ], [ -105.874082113958281, 47.514020016254065 ], [ -105.868731766192113, 47.514034341434908 ], [ -105.863381416597605, 47.514048655985192 ], [ -105.858031069257365, 47.514062958232323 ], [ -105.852680720107443, 47.514077248950173 ], [ -105.852677185619115, 47.510445119101831 ], [ -105.85267365232815, 47.506812955229989 ], [ -105.852670119216754, 47.503180752812376 ], [ -105.852666586222981, 47.499548512762537 ] ] ] } },
{ "type": "Feature", "properties": { "CountyName": "McCone", "OwnerName_Grouped": "GREAT NORTHERN PROPERTIES", "OwnerName": "GREAT NORTHERN PROPERTIES LP", "OwnerAddre": "PO BOX 1745", "OwnerAdd_1": null, "OwnerAdd_2": null, "OwnerCity": "MILES CITY", "OwnerState": "MT", "PropType": "Vacant Land", "TotalAcres": 320.0 }, "geometry": { "type": "Polygon", "coordinates": [ [ [ -105.874088594698023, 47.499509762091151 ], [ -105.879417720024975, 47.49948438570879 ], [ -105.884746844199313, 47.499458997974891 ], [ -105.884746788235006, 47.503085088170025 ], [ -105.88474673340599, 47.506711176832233 ], [ -105.88474667886058, 47.510336769321718 ], [ -105.884746624246333, 47.513962358410737 ], [ -105.879414369455247, 47.51399119174966 ], [ -105.874082113958281, 47.514020016254065 ], [ -105.874083731394094, 47.510392475049755 ], [ -105.874085352122833, 47.506764917038645 ], [ -105.874086974509865, 47.50313734668854 ], [ -105.874088594698023, 47.499509762091151 ] ] ] } },
{ "type": "Feature", "properties": { "CountyName": "McCone", "OwnerName_Grouped": "GREAT NORTHERN PROPERTIES", "OwnerName": "GREAT NORTHERN PROPERTIES LP", "OwnerAddre": "PO BOX 1745", "OwnerAdd_1": null, "OwnerAdd_2": null, "OwnerCity": "MILES CITY", "OwnerState": "MT", "PropType": "Vacant Land", "TotalAcres": 598.17 }, "geometry": { "type": "Polygon", "coordinates": [ [ [ -105.895405085072994, 47.499408190125529 ], [ -105.900756046913401, 47.499349830870166 ], [ -105.906106999575968, 47.499291460000322 ], [ -105.911457948023568, 47.49923308307531 ], [ -105.915375214156271, 47.499189789592521 ], [ -105.915380059866209, 47.50280991931934 ], [ -105.915384910642871, 47.506430038620117 ], [ -105.915389761301441, 47.510050145517667 ], [ -105.915394613229438, 47.513670239139664 ], [ -105.911418536583625, 47.513716969208694 ], [ -105.90608273895549, 47.513779541805079 ], [ -105.90074693944247, 47.513842102704942 ], [ -105.895411132471111, 47.513904655339232 ], [ -105.895409616409808, 47.510280558856586 ], [ -105.895408105085764, 47.506656450111528 ], [ -105.895406597537985, 47.503032323683122 ], [ -105.895405085072994, 47.499408190125529 ] ] ] } },
{ "type": "Feature", "properties": { "CountyName": "McCone", "OwnerName_Grouped": "GREAT NORTHERN PROPERTIES", "OwnerName": "GREAT NORTHERN PROPERTIES LP", "OwnerAddre": "PO BOX 1745", "OwnerAdd_1": null, "OwnerAdd_2": null, "OwnerCity": "MILES CITY", "OwnerState": "MT", "PropType": "Vacant Land", "TotalAcres": 320.0 }, "geometry": { "type": "Polygon", "coordinates": [ [ [ -105.915384910642871, 47.506430038620117 ], [ -105.920731105572472, 47.506432282103773 ], [ -105.926077303461625, 47.506434280211231 ], [ -105.931423500582966, 47.506436028323996 ], [ -105.936769701951746, 47.506437530202021 ], [ -105.936773969320114, 47.510057948740396 ], [ -105.936778241553924, 47.513678358620247 ], [ -105.931432333534971, 47.51367633917944 ], [ -105.926086425633315, 47.513674313970704 ], [ -105.920740516741603, 47.513672279356875 ], [ -105.915394613229438, 47.513670239139664 ], [ -105.915389761301441, 47.510050145517667 ], [ -105.915384910642871, 47.506430038620117 ] ] ] } },
{ "type": "Feature", "properties": { "CountyName": "McCone", "OwnerName_Grouped": "GREAT NORTHERN PROPERTIES", "OwnerName": "GREAT NORTHERN PROPERTIES LP", "OwnerAddre": "PO BOX 1745", "OwnerAdd_1": null, "OwnerAdd_2": null, "OwnerCity": "MILES CITY", "OwnerState": "MT", "PropType": "Vacant Land", "TotalAcres": 640.0 }, "geometry": { "type": "Polygon", "coordinates": [ [ [ -105.936769701951746, 47.506437530202021 ], [ -105.936765430160634, 47.502817102733168 ], [ -105.936761163596358, 47.499196661240688 ], [ -105.942095341980803, 47.499201142170065 ], [ -105.947429518912458, 47.499205610175075 ], [ -105.95276370062453, 47.499210071752877 ], [ -105.958097883099782, 47.499214527679889 ], [ -105.958099540064325, 47.502834444495853 ], [ -105.958101207022992, 47.506454350148438 ], [ -105.958102866547804, 47.510074246791369 ], [ -105.958104534741437, 47.513694132201302 ], [ -105.952772958640878, 47.513690199466694 ], [ -105.947441383198154, 47.513686261388841 ], [ -105.942109812853772, 47.513682310898332 ], [ -105.936778241553924, 47.513678358620247 ], [ -105.936773969320114, 47.510057948740396 ], [ -105.936769701951746, 47.506437530202021 ] ] ] } },
{ "type": "Feature", "properties": { "CountyName": "McCone", "OwnerName_Grouped": "GREAT NORTHERN PROPERTIES", "OwnerName": "GREAT NORTHERN PROPERTIES LP", "OwnerAddre": "PO BOX 1745", "OwnerAdd_1": null, "OwnerAdd_2": null, "OwnerCity": "MILES CITY", "OwnerState": "MT", "PropType": "Vacant Land", "TotalAcres": 639.0 }, "geometry": { "type": "Polygon", "coordinates": [ [ [ -105.958099540064325, 47.502834444495853 ], [ -105.958097883099782, 47.499214527679889 ], [ -105.963441696694559, 47.499215560344346 ], [ -105.968785515299729, 47.499216592923709 ], [ -105.974129335737032, 47.499217613608252 ], [ -105.976847672902821, 47.499218164637647 ], [ -105.97684877494622, 47.49982327637909 ], [ -105.977658896960492, 47.49982320975672 ], [ -105.977657675834735, 47.499218310880117 ], [ -105.979473157669645, 47.499218627792018 ], [ -105.979479072207894, 47.502837863760753 ], [ -105.979484990445144, 47.506457091959639 ], [ -105.97949090864013, 47.510076308656643 ], [ -105.979496827702178, 47.513695520171048 ], [ -105.974148753138934, 47.513695182989245 ], [ -105.968800678608289, 47.513694838940232 ], [ -105.963452606681571, 47.513694489004273 ], [ -105.958104534741437, 47.513694132201302 ], [ -105.958102866547804, 47.510074246791369 ], [ -105.958101207022992, 47.506454350148438 ], [ -105.958099540064325, 47.502834444495853 ] ] ] } },
{ "type": "Feature", "properties": { "CountyName": "McCone", "OwnerName_Grouped": "GREAT NORTHERN PROPERTIES", "OwnerName": "GREAT NORTHERN PROPERTIES LP", "OwnerAddre": "PO BOX 1745", "OwnerAdd_1": null, "OwnerAdd_2": null, "OwnerCity": "MILES CITY", "OwnerState": "MT", "PropType": "Vacant Land", "TotalAcres": 640.0 }, "geometry": { "type": "Polygon", "coordinates": [ [ [ -105.979473157669645, 47.499218627792018 ], [ -105.98481229433601, 47.499218425319761 ], [ -105.99015142964663, 47.499218216698878 ], [ -105.995490568931089, 47.499218002090601 ], [ -106.000829710589343, 47.499217785949462 ], [ -106.000843122067693, 47.502836640649477 ], [ -106.000856536583356, 47.506455492932822 ], [ -106.000869953402983, 47.510074333754268 ], [ -106.000883369635858, 47.513693166615212 ], [ -105.995536733659733, 47.513693764186158 ], [ -105.990190097743778, 47.513694353224821 ], [ -105.984843462835101, 47.513694939165944 ], [ -105.979496827702178, 47.513695520171048 ], [ -105.97949090864013, 47.510076308656643 ], [ -105.979484990445144, 47.506457091959639 ], [ -105.979479072207894, 47.502837863760753 ], [ -105.979473157669645, 47.499218627792018 ] ] ] } },
{ "type": "Feature", "properties": { "CountyName": "McCone", "OwnerName_Grouped": "GREAT NORTHERN PROPERTIES", "OwnerName": "GREAT NORTHERN PROPERTIES LP", "OwnerAddre": "PO BOX 1745", "OwnerAdd_1": null, "OwnerAdd_2": null, "OwnerCity": "MILES CITY", "OwnerState": "MT", "PropType": "Vacant Land", "TotalAcres": 640.0 }, "geometry": { "type": "Polygon", "coordinates": [ [ [ -106.000829710589343, 47.499217785949462 ], [ -106.006155353274238, 47.499220447068346 ], [ -106.01148099775105, 47.499223106061272 ], [ -106.016806644161619, 47.4992257611299 ], [ -106.022132295359739, 47.499228409656688 ], [ -106.022144085448915, 47.502845117079872 ], [ -106.022155880211443, 47.506461814039916 ], [ -106.022167677790563, 47.510078508573969 ], [ -106.022179473291544, 47.513695194214392 ], [ -106.016855446998562, 47.513694694510313 ], [ -106.011531422409178, 47.513694188400905 ], [ -106.006207392569394, 47.513693680180957 ], [ -106.000883369635858, 47.513693166615212 ], [ -106.000869953402983, 47.510074333754268 ], [ -106.000856536583356, 47.506455492932822 ], [ -106.000843122067693, 47.502836640649477 ], [ -106.000829710589343, 47.499217785949462 ] ] ] } },
{ "type": "Feature", "properties": { "CountyName": "McCone", "OwnerName_Grouped": "GREAT NORTHERN PROPERTIES", "OwnerName": "GREAT NORTHERN PROPERTIES LP", "OwnerAddre": "PO BOX 1745", "OwnerAdd_1": null, "OwnerAdd_2": null, "OwnerCity": "MILES CITY", "OwnerState": "MT", "PropType": "Vacant Land", "TotalAcres": 480.0 }, "geometry": { "type": "Polygon", "coordinates": [ [ [ -106.107107541496603, 47.499154608976987 ], [ -106.112427429072412, 47.499149375969509 ], [ -106.117747316189394, 47.499144138628296 ], [ -106.123067207891722, 47.499138901604063 ], [ -106.128344465444286, 47.499134773143737 ], [ -106.128347113360192, 47.502748096913955 ], [ -106.128349758766603, 47.506361440681466 ], [ -106.123054313965582, 47.506369227564157 ], [ -106.117758867692103, 47.506376770963023 ], [ -106.117764645432345, 47.509991775526089 ], [ -106.117770424017124, 47.513606774916738 ], [ -106.112426382831174, 47.513617300009393 ], [ -106.107082347791632, 47.513627823336421 ], [ -106.107088641620905, 47.51000952462983 ], [ -106.107094938342669, 47.506391225355351 ], [ -106.107101238301524, 47.502772920132934 ], [ -106.107107541496603, 47.499154608976987 ] ] ] } },
{ "type": "Feature", "properties": { "CountyName": "McCone", "OwnerName_Grouped": "GREAT NORTHERN PROPERTIES", "OwnerName": "GREAT NORTHERN PROPERTIES LP", "OwnerAddre": "PO BOX 1745", "OwnerAdd_1": null, "OwnerAdd_2": null, "OwnerCity": "MILES CITY", "OwnerState": "MT", "PropType": "Vacant Land", "TotalAcres": 640.0 }, "geometry": { "type": "Polygon", "coordinates": [ [ [ -105.831319796278208, 47.492386906018815 ], [ -105.83132134728227, 47.488759892457082 ], [ -105.831322902985391, 47.485132861321276 ], [ -105.836656044855943, 47.485113366379977 ], [ -105.841989186439037, 47.485093861449336 ], [ -105.847322325351726, 47.48507434284933 ], [ -105.852655465345876, 47.485054814301684 ], [ -105.852658241277197, 47.488678260666063 ], [ -105.852661023634681, 47.492301692202865 ], [ -105.852663805601836, 47.495925111385141 ], [ -105.852666586222981, 47.499548512762537 ], [ -105.847329114923397, 47.499571624770489 ], [ -105.84199163848956, 47.499594729026953 ], [ -105.836654165479231, 47.499617816794277 ], [ -105.831316686151567, 47.49964089407105 ], [ -105.831318241828939, 47.496013904435962 ], [ -105.831319796278208, 47.492386906018815 ] ] ] } },
{ "type": "Feature", "properties": { "CountyName": "McCone", "OwnerName_Grouped": "GREAT NORTHERN PROPERTIES", "OwnerName": "GREAT NORTHERN PROPERTIES LP", "OwnerAddre": "PO BOX 1745", "OwnerAdd_1": null, "OwnerAdd_2": null, "OwnerCity": "MILES CITY", "OwnerState": "MT", "PropType": "Vacant Land", "TotalAcres": 640.0 }, "geometry": { "type": "Polygon", "coordinates": [ [ [ -105.874076489454779, 47.485008825818035 ], [ -105.87940239163953, 47.484984774688122 ], [ -105.88472829438966, 47.484960710680241 ], [ -105.890054197603391, 47.484936635592035 ], [ -105.895380097445695, 47.484912547500841 ], [ -105.895386339820732, 47.488536478121176 ], [ -105.895392588842341, 47.492160397506865 ], [ -105.895398835592957, 47.495784299959631 ], [ -105.895405085072994, 47.499408190125529 ], [ -105.890075967180991, 47.499433599788269 ], [ -105.884746844199313, 47.499458997974891 ], [ -105.879417720024975, 47.49948438570879 ], [ -105.874088594698023, 47.499509762091151 ], [ -105.874085567038719, 47.495884549887087 ], [ -105.874082539204039, 47.492259322612988 ], [ -105.874079513662082, 47.488634083063666 ], [ -105.874076489454779, 47.485008825818035 ] ] ] } },
{ "type": "Feature", "properties": { "CountyName": "McCone", "OwnerName_Grouped": "GREAT NORTHERN PROPERTIES", "OwnerName": "GREAT NORTHERN PROPERTIES LP", "OwnerAddre": "PO BOX 1745", "OwnerAdd_1": null, "OwnerAdd_2": null, "OwnerCity": "MILES CITY", "OwnerState": "MT", "PropType": "Vacant Land", "TotalAcres": 640.0 }, "geometry": { "type": "Polygon", "coordinates": [ [ [ -105.91536823087398, 47.484718633851145 ], [ -105.920711204379614, 47.484719202846151 ], [ -105.926054181941936, 47.484719761837788 ], [ -105.931397158459163, 47.484720307964466 ], [ -105.936740138653647, 47.484720850380278 ], [ -105.936745391808842, 47.488339819476622 ], [ -105.936750647489703, 47.491958777225953 ], [ -105.936755904249594, 47.495577725370822 ], [ -105.936761163596358, 47.499196661240688 ], [ -105.931414676040319, 47.499194959139814 ], [ -105.926068186308299, 47.49919324477473 ], [ -105.920721700830285, 47.499191521047671 ], [ -105.915375214156271, 47.499189789592521 ], [ -105.915373467475064, 47.495572019347115 ], [ -105.915371718925755, 47.491954236706484 ], [ -105.915369975140493, 47.488336441890887 ], [ -105.91536823087398, 47.484718633851145 ] ] ] } },
{ "type": "Feature", "properties": { "CountyName": "McCone", "OwnerName_Grouped": "GREAT NORTHERN PROPERTIES", "OwnerName": "GREAT NORTHERN PROPERTIES LP", "OwnerAddre": "PO BOX 1745", "OwnerAdd_1": null, "OwnerAdd_2": null, "OwnerCity": "MILES CITY", "OwnerState": "MT", "PropType": "Vacant Land", "TotalAcres": 500.09 }, "geometry": { "type": "Polygon", "coordinates": [ [ [ -105.974105780861407, 47.484742681149321 ], [ -105.979452089002535, 47.484742294217114 ], [ -105.979457354268419, 47.48836139132662 ], [ -105.979462619164323, 47.49198048060331 ], [ -105.979467885315117, 47.495599557577926 ], [ -105.979473157669645, 47.499218627792018 ], [ -105.977657675834735, 47.499218310880117 ], [ -105.976847672902821, 47.499218164637647 ], [ -105.974129335737032, 47.499217613608252 ], [ -105.968785515299729, 47.499216592923709 ], [ -105.963441696694559, 47.499215560344346 ], [ -105.958097883099782, 47.499214527679889 ], [ -105.962749879875403, 47.491979807816236 ], [ -105.967045972696894, 47.485293054811962 ], [ -105.967348462042196, 47.485132382428212 ], [ -105.967398583385503, 47.484743168845867 ], [ -105.968759475259318, 47.484743061323876 ], [ -105.974105780861407, 47.484742681149321 ] ] ] } },
{ "type": "Feature", "properties": { "CountyName": "McCone", "OwnerName_Grouped": "GREAT NORTHERN PROPERTIES", "OwnerName": "GREAT NORTHERN PROPERTIES LP", "OwnerAddre": "PO BOX 1745", "OwnerAdd_1": null, "OwnerAdd_2": null, "OwnerCity": "MILES CITY", "OwnerState": "MT", "PropType": "Vacant Land", "TotalAcres": 640.0 }, "geometry": { "type": "Polygon", "coordinates": [ [ [ -106.000787535730041, 47.484745350194984 ], [ -106.006116236221814, 47.484744658045976 ], [ -106.011444937950131, 47.484743961624012 ], [ -106.016773641115535, 47.484743258231745 ], [ -106.022102346713154, 47.484742553303299 ], [ -106.022109830463648, 47.488364027030691 ], [ -106.022117316679498, 47.491985494797902 ], [ -106.022124805361372, 47.49560695659045 ], [ -106.022132295359739, 47.499228409656688 ], [ -106.016806644161619, 47.4992257611299 ], [ -106.01148099775105, 47.499223106061272 ], [ -106.006155353274238, 47.499220447068346 ], [ -106.000829710589343, 47.499217785949462 ], [ -106.000819164377532, 47.495599688501358 ], [ -106.000808619840555, 47.491981583233425 ], [ -106.000798073057993, 47.488363469140502 ], [ -106.000787535730041, 47.484745350194984 ] ] ] } },
{ "type": "Feature", "properties": { "CountyName": "McCone", "OwnerName_Grouped": "GREAT NORTHERN PROPERTIES", "OwnerName": "GREAT NORTHERN PROPERTIES LP", "OwnerAddre": "PO BOX 1745", "OwnerAdd_1": null, "OwnerAdd_2": null, "OwnerCity": "MILES CITY", "OwnerState": "MT", "PropType": "Vacant Land", "TotalAcres": 627.32 }, "geometry": { "type": "Polygon", "coordinates": [ [ [ -106.022102346713154, 47.484742553303299 ], [ -106.027433138355889, 47.484732630832795 ], [ -106.03276393068731, 47.484722705734171 ], [ -106.038094723848843, 47.484712776208994 ], [ -106.043020916861622, 47.484703408494511 ], [ -106.043018038958905, 47.488318846337172 ], [ -106.043015163200096, 47.491934281870009 ], [ -106.043012290054364, 47.495549707885978 ], [ -106.043009420380102, 47.49916513160295 ], [ -106.038119250094823, 47.49918024442546 ], [ -106.032790262917786, 47.499196303915284 ], [ -106.027461279379793, 47.499212358432708 ], [ -106.022132295359739, 47.499228409656688 ], [ -106.022124805361372, 47.49560695659045 ], [ -106.022117316679498, 47.491985494797902 ], [ -106.022109830463648, 47.488364027030691 ], [ -106.022102346713154, 47.484742553303299 ] ] ] } },
{ "type": "Feature", "properties": { "CountyName": "McCone", "OwnerName_Grouped": "GREAT NORTHERN PROPERTIES", "OwnerName": "GREAT NORTHERN PROPERTIES LP", "OwnerAddre": "PO BOX 1745", "OwnerAdd_1": null, "OwnerAdd_2": null, "OwnerCity": "MILES CITY", "OwnerState": "MT", "PropType": "Vacant Land", "TotalAcres": 640.0 }, "geometry": { "type": "Polygon", "coordinates": [ [ [ -106.064298833056725, 47.499125563980144 ], [ -106.058976477506718, 47.499135460780295 ], [ -106.053654121647412, 47.499145353059092 ], [ -106.048331769201852, 47.499155244531877 ], [ -106.043009420380102, 47.49916513160295 ], [ -106.043012290054364, 47.495549707885978 ], [ -106.043015163200096, 47.491934281870009 ], [ -106.043018038958905, 47.488318846337172 ], [ -106.043020916861622, 47.484703408494511 ], [ -106.048345203168523, 47.484691543012026 ], [ -106.053669488780159, 47.484679671864669 ], [ -106.058993777406812, 47.484667799666404 ], [ -106.064318069131005, 47.484655925517487 ], [ -106.064313258774163, 47.488273341366451 ], [ -106.064308447645331, 47.491890754821625 ], [ -106.064303638572198, 47.495508163250278 ], [ -106.064298833056725, 47.499125563980144 ] ] ] } },
{ "type": "Feature", "properties": { "CountyName": "McCone", "OwnerName_Grouped": "GREAT NORTHERN PROPERTIES", "OwnerName": "GREAT NORTHERN PROPERTIES LP", "OwnerAddre": "PO BOX 1745", "OwnerAdd_1": null, "OwnerAdd_2": null, "OwnerCity": "MILES CITY", "OwnerState": "MT", "PropType": "Vacant Land", "TotalAcres": 640.0 }, "geometry": { "type": "Polygon", "coordinates": [ [ [ -106.064318069131005, 47.484655925517487 ], [ -106.069659702539013, 47.484661474680365 ], [ -106.075001338321698, 47.484667024668354 ], [ -106.080342978062177, 47.484672571924094 ], [ -106.085684621784694, 47.484678116447107 ], [ -106.085679761095207, 47.488294940801495 ], [ -106.085674905049586, 47.491911761122125 ], [ -106.085670051169032, 47.495528574618781 ], [ -106.085665196685, 47.499145382996787 ], [ -106.080323603251202, 47.499140433455814 ], [ -106.074982008547934, 47.499135478399459 ], [ -106.069640420221361, 47.499130522559298 ], [ -106.064298833056725, 47.499125563980144 ], [ -106.064303638572198, 47.495508163250278 ], [ -106.064308447645331, 47.491890754821625 ], [ -106.064313258774163, 47.488273341366451 ], [ -106.064318069131005, 47.484655925517487 ] ] ] } },
{ "type": "Feature", "properties": { "CountyName": "McCone", "OwnerName_Grouped": "GREAT NORTHERN PROPERTIES", "OwnerName": "GREAT NORTHERN PROPERTIES LP", "OwnerAddre": "PO BOX 1745", "OwnerAdd_1": null, "OwnerAdd_2": null, "OwnerCity": "MILES CITY", "OwnerState": "MT", "PropType": "Vacant Land", "TotalAcres": 640.0 }, "geometry": { "type": "Polygon", "coordinates": [ [ [ -106.085684621784694, 47.484678116447107 ], [ -106.091037333695866, 47.484680226690905 ], [ -106.096390050100752, 47.484682335913455 ], [ -106.10174276987037, 47.48468444137778 ], [ -106.107095488934405, 47.484686544764713 ], [ -106.1070984972487, 47.488303565418647 ], [ -106.10710150833853, 47.491920586455073 ], [ -106.107104526701988, 47.495537599884457 ], [ -106.107107541496603, 47.499154608976987 ], [ -106.101746949393089, 47.499152305711149 ], [ -106.096386363258475, 47.499149999901277 ], [ -106.091025776492714, 47.499147690453213 ], [ -106.085665196685, 47.499145382996787 ], [ -106.085670051169032, 47.495528574618781 ], [ -106.085674905049586, 47.491911761122125 ], [ -106.085679761095207, 47.488294940801495 ], [ -106.085684621784694, 47.484678116447107 ] ] ] } },
{ "type": "Feature", "properties": { "CountyName": "McCone", "OwnerName_Grouped": "GREAT NORTHERN PROPERTIES", "OwnerName": "GREAT NORTHERN PROPERTIES LP", "OwnerAddre": "PO BOX 1745", "OwnerAdd_1": null, "OwnerAdd_2": null, "OwnerCity": "MILES CITY", "OwnerState": "MT", "PropType": "Vacant Land", "TotalAcres": 480.0 }, "geometry": { "type": "Polygon", "coordinates": [ [ [ -106.128368439007531, 47.484675381973844 ], [ -106.133708506997678, 47.484671226972168 ], [ -106.1390485997551, 47.484667070937164 ], [ -106.144388669269418, 47.484662916973448 ], [ -106.149728763600748, 47.484658761973868 ], [ -106.149722521206328, 47.488276257101703 ], [ -106.149716304642638, 47.491893725391101 ], [ -106.144376349027866, 47.491896934823437 ], [ -106.139036366431426, 47.491899894037957 ], [ -106.139030260693971, 47.4955158343896 ], [ -106.139024155890496, 47.499131742650803 ], [ -106.133684310647567, 47.499133258287216 ], [ -106.128344465444286, 47.499134773143737 ], [ -106.128350458580726, 47.495519918329585 ], [ -106.12835645199894, 47.491905062935572 ], [ -106.128362446523639, 47.488290235825524 ], [ -106.128368439007531, 47.484675381973844 ] ] ] } },
{ "type": "Feature", "properties": { "CountyName": "McCone", "OwnerName_Grouped": "GREAT NORTHERN PROPERTIES", "OwnerName": "GREAT NORTHERN PROPERTIES LP", "OwnerAddre": "PO BOX 1745", "OwnerAdd_1": null, "OwnerAdd_2": null, "OwnerCity": "MILES CITY", "OwnerState": "MT", "PropType": "Vacant Land", "TotalAcres": 40.0 }, "geometry": { "type": "Polygon", "coordinates": [ [ [ -105.825975266461441, 47.485155097845805 ], [ -105.825974224629874, 47.488781544206461 ], [ -105.820627100293464, 47.488802948614193 ], [ -105.820627626451909, 47.485177322058199 ], [ -105.825975266461441, 47.485155097845805 ] ] ] } },
{ "type": "Feature", "properties": { "CountyName": "McCone", "OwnerName_Grouped": "GREAT NORTHERN PROPERTIES", "OwnerName": "GREAT NORTHERN PROPERTIES LP", "OwnerAddre": "PO BOX 1745", "OwnerAdd_1": null, "OwnerAdd_2": null, "OwnerCity": "MILES CITY", "OwnerState": "MT", "PropType": "Vacant Land", "TotalAcres": 640.0 }, "geometry": { "type": "Polygon", "coordinates": [ [ [ -105.820627626451909, 47.485177322058199 ], [ -105.815279986851536, 47.485199534984112 ], [ -105.809932343410253, 47.485221740092669 ], [ -105.809934080934312, 47.481596796963515 ], [ -105.809935815944229, 47.477971844173474 ], [ -105.809936106144235, 47.477067468422611 ], [ -105.809936542810135, 47.476161177152719 ], [ -105.809937043434346, 47.475254997584557 ], [ -105.809937552730815, 47.474346877369427 ], [ -105.809939288392044, 47.470721900076981 ], [ -105.812617025159028, 47.470709922049977 ], [ -105.815284033907176, 47.470698108943907 ], [ -105.820628774002188, 47.47067430925285 ], [ -105.825973514251572, 47.470650497577118 ], [ -105.831318253102296, 47.470626677470101 ], [ -105.831319415252068, 47.47425324049096 ], [ -105.831320575219394, 47.477879794776207 ], [ -105.831321737354912, 47.481506335043747 ], [ -105.831322902985391, 47.485132861321276 ], [ -105.825975266461441, 47.485155097845805 ], [ -105.820627626451909, 47.485177322058199 ] ] ] } },
{ "type": "Feature", "properties": { "CountyName": "McCone", "OwnerName_Grouped": "GREAT NORTHERN PROPERTIES", "OwnerName": "GREAT NORTHERN PROPERTIES LP", "OwnerAddre": "PO BOX 1745", "OwnerAdd_1": null, "OwnerAdd_2": null, "OwnerCity": "MILES CITY", "OwnerState": "MT", "PropType": "Vacant Land", "TotalAcres": 640.0 }, "geometry": { "type": "Polygon", "coordinates": [ [ [ -105.831318253102296, 47.470626677470101 ], [ -105.836652813299011, 47.470607591962533 ], [ -105.841987374615414, 47.470588496309368 ], [ -105.847321932848217, 47.470569393980277 ], [ -105.85265649230665, 47.470550280606169 ], [ -105.852656233713162, 47.474176433506074 ], [ -105.852655976966631, 47.47780257420176 ], [ -105.85265571953866, 47.481428700796904 ], [ -105.852655465345876, 47.485054814301684 ], [ -105.847322325351726, 47.48507434284933 ], [ -105.841989186439037, 47.485093861449336 ], [ -105.836656044855943, 47.485113366379977 ], [ -105.831322902985391, 47.485132861321276 ], [ -105.831321737354912, 47.481506335043747 ], [ -105.831320575219394, 47.477879794776207 ], [ -105.831319415252068, 47.47425324049096 ], [ -105.831318253102296, 47.470626677470101 ] ] ] } },
{ "type": "Feature", "properties": { "CountyName": "McCone", "OwnerName_Grouped": "GREAT NORTHERN PROPERTIES", "OwnerName": "GREAT NORTHERN PROPERTIES LP", "OwnerAddre": "PO BOX 1745", "OwnerAdd_1": null, "OwnerAdd_2": null, "OwnerCity": "MILES CITY", "OwnerState": "MT", "PropType": "Vacant Land", "TotalAcres": 640.0 }, "geometry": { "type": "Polygon", "coordinates": [ [ [ -105.942071811467116, 47.4847266008208 ], [ -105.936740138653647, 47.484720850380278 ], [ -105.936736708735509, 47.481103036036586 ], [ -105.936733279888514, 47.477485208538582 ], [ -105.936729855728075, 47.473867373417718 ], [ -105.936726432818745, 47.470249522474333 ], [ -105.942058863718856, 47.470255154365162 ], [ -105.947391298400362, 47.470260778017 ], [ -105.952723735559587, 47.470266393388627 ], [ -105.958056174978623, 47.470272004075952 ], [ -105.958058847168175, 47.4738899658877 ], [ -105.95806151978185, 47.477507922664955 ], [ -105.95806419601216, 47.481125866383344 ], [ -105.95806687284734, 47.484743802341214 ], [ -105.952735177998832, 47.484738074983731 ], [ -105.947403500083212, 47.48473234262763 ], [ -105.942071811467116, 47.4847266008208 ] ] ] } },
{ "type": "Feature", "properties": { "CountyName": "McCone", "OwnerName_Grouped": "GREAT NORTHERN PROPERTIES", "OwnerName": "GREAT NORTHERN PROPERTIES LP", "OwnerAddre": "PO BOX 1745", "OwnerAdd_1": null, "OwnerAdd_2": null, "OwnerCity": "MILES CITY", "OwnerState": "MT", "PropType": "Vacant Land", "TotalAcres": 640.0 }, "geometry": { "type": "Polygon", "coordinates": [ [ [ -105.97941771079654, 47.470265358652135 ], [ -105.984753241507462, 47.470265405193288 ], [ -105.990088777364491, 47.470265448683222 ], [ -105.995424313265829, 47.47026548626301 ], [ -106.000759850441852, 47.470265519771004 ], [ -106.00076676905762, 47.473885488067211 ], [ -106.000773688735151, 47.477505450424921 ], [ -106.000780611097511, 47.481125402374538 ], [ -106.000787535730041, 47.484745350194984 ], [ -105.99545366915433, 47.484744593917867 ], [ -105.990119808037448, 47.484743833012239 ], [ -105.984785947110311, 47.484743066418353 ], [ -105.979452089002535, 47.484742294217114 ], [ -105.979443488990398, 47.481123072305927 ], [ -105.979434894188486, 47.477503845449149 ], [ -105.979426299828447, 47.47388460540801 ], [ -105.97941771079654, 47.470265358652135 ] ] ] } },
{ "type": "Feature", "properties": { "CountyName": "McCone", "OwnerName_Grouped": "GREAT NORTHERN PROPERTIES", "OwnerName": "GREAT NORTHERN PROPERTIES LP", "OwnerAddre": "PO BOX 1745", "OwnerAdd_1": null, "OwnerAdd_2": null, "OwnerCity": "MILES CITY", "OwnerState": "MT", "PropType": "Vacant Land", "TotalAcres": 640.0 }, "geometry": { "type": "Polygon", "coordinates": [ [ [ -106.000759850441852, 47.470265519771004 ], [ -106.006089463448532, 47.470263227629111 ], [ -106.011419077370135, 47.470260931063088 ], [ -106.016748696384852, 47.470258627495497 ], [ -106.022078312206077, 47.470256322080459 ], [ -106.022084316443141, 47.473877888723855 ], [ -106.022090325536595, 47.477499450444135 ], [ -106.022096335626529, 47.481121005308772 ], [ -106.022102346713154, 47.484742553303299 ], [ -106.016773641115535, 47.484743258231745 ], [ -106.011444937950131, 47.484743961624012 ], [ -106.006116236221814, 47.484744658045976 ], [ -106.000787535730041, 47.484745350194984 ], [ -106.000780611097511, 47.481125402374538 ], [ -106.000773688735151, 47.477505450424921 ], [ -106.00076676905762, 47.473885488067211 ], [ -106.000759850441852, 47.470265519771004 ] ] ] } },
{ "type": "Feature", "properties": { "CountyName": "McCone", "OwnerName_Grouped": "GREAT NORTHERN PROPERTIES", "OwnerName": "GREAT NORTHERN PROPERTIES LP", "OwnerAddre": "PO BOX 1745", "OwnerAdd_1": null, "OwnerAdd_2": null, "OwnerCity": "MILES CITY", "OwnerState": "MT", "PropType": "Vacant Land", "TotalAcres": 628.12 }, "geometry": { "type": "Polygon", "coordinates": [ [ [ -106.022078312206077, 47.470256322080459 ], [ -106.027410730758007, 47.470250969686624 ], [ -106.032743152476357, 47.470245610890885 ], [ -106.038075571786905, 47.470240250029036 ], [ -106.043021702420603, 47.470235424598535 ], [ -106.043023623946439, 47.473851743410478 ], [ -106.043025548444803, 47.47746805727126 ], [ -106.043023230129222, 47.481085735334787 ], [ -106.043020916861622, 47.484703408494511 ], [ -106.038094723848843, 47.484712776208994 ], [ -106.03276393068731, 47.484722705734171 ], [ -106.027433138355889, 47.484732630832795 ], [ -106.022102346713154, 47.484742553303299 ], [ -106.022096335626529, 47.481121005308772 ], [ -106.022090325536595, 47.477499450444135 ], [ -106.022084316443141, 47.473877888723855 ], [ -106.022078312206077, 47.470256322080459 ] ] ] } },
{ "type": "Feature", "properties": { "CountyName": "McCone", "OwnerName_Grouped": "GREAT NORTHERN PROPERTIES", "OwnerName": "GREAT NORTHERN PROPERTIES LP", "OwnerAddre": "PO BOX 1745", "OwnerAdd_1": null, "OwnerAdd_2": null, "OwnerCity": "MILES CITY", "OwnerState": "MT", "PropType": "Vacant Land", "TotalAcres": 640.0 }, "geometry": { "type": "Polygon", "coordinates": [ [ [ -106.043021702420603, 47.470235424598535 ], [ -106.048349354346414, 47.470227010923011 ], [ -106.053677005859441, 47.47021859749902 ], [ -106.059004658543444, 47.470210180769655 ], [ -106.064332313689988, 47.470201761673195 ], [ -106.064328750883803, 47.473815309891137 ], [ -106.064325186324737, 47.47742885304546 ], [ -106.064321627970045, 47.481042391358443 ], [ -106.064318069131005, 47.484655925517487 ], [ -106.058993777406812, 47.484667799666404 ], [ -106.053669488780159, 47.484679671864669 ], [ -106.048345203168523, 47.484691543012026 ], [ -106.043020916861622, 47.484703408494511 ], [ -106.043023230129222, 47.481085735334787 ], [ -106.043025548444803, 47.47746805727126 ], [ -106.043023623946439, 47.473851743410478 ], [ -106.043021702420603, 47.470235424598535 ] ] ] } },
{ "type": "Feature", "properties": { "CountyName": "McCone", "OwnerName_Grouped": "GREAT NORTHERN PROPERTIES", "OwnerName": "GREAT NORTHERN PROPERTIES LP", "OwnerAddre": "PO BOX 1745", "OwnerAdd_1": null, "OwnerAdd_2": null, "OwnerCity": "MILES CITY", "OwnerState": "MT", "PropType": "Vacant Land", "TotalAcres": 640.0 }, "geometry": { "type": "Polygon", "coordinates": [ [ [ -106.064332313689988, 47.470201761673195 ], [ -106.06966864664922, 47.47020542761588 ], [ -106.075004980277043, 47.470209094767128 ], [ -106.080341319097883, 47.470212755152765 ], [ -106.085677661461546, 47.470216414127606 ], [ -106.085679397092932, 47.473831847596571 ], [ -106.085681134460387, 47.477447274278042 ], [ -106.085682877311797, 47.481062697871657 ], [ -106.085684621784694, 47.484678116447107 ], [ -106.080342978062177, 47.484672571924094 ], [ -106.075001338321698, 47.484667024668354 ], [ -106.069659702539013, 47.484661474680365 ], [ -106.064318069131005, 47.484655925517487 ], [ -106.064321627970045, 47.481042391358443 ], [ -106.064325186324737, 47.47742885304546 ], [ -106.064328750883803, 47.473815309891137 ], [ -106.064332313689988, 47.470201761673195 ] ] ] } },
{ "type": "Feature", "properties": { "CountyName": "McCone", "OwnerName_Grouped": "GREAT NORTHERN PROPERTIES", "OwnerName": "GREAT NORTHERN PROPERTIES LP", "OwnerAddre": "PO BOX 1745", "OwnerAdd_1": null, "OwnerAdd_2": null, "OwnerCity": "MILES CITY", "OwnerState": "MT", "PropType": "Vacant Land", "TotalAcres": 480.0 }, "geometry": { "type": "Polygon", "coordinates": [ [ [ -106.085677661461546, 47.470216414127606 ], [ -106.091024993984163, 47.470219125073612 ], [ -106.096372328756004, 47.470221830855387 ], [ -106.096376758286965, 47.473837210377582 ], [ -106.09638118715263, 47.477452584832164 ], [ -106.101731215058336, 47.477454866258334 ], [ -106.107081244782492, 47.477456899075847 ], [ -106.107088366979312, 47.48107172491757 ], [ -106.107095488934405, 47.484686544764713 ], [ -106.10174276987037, 47.48468444137778 ], [ -106.096390050100752, 47.484682335913455 ], [ -106.091037333695866, 47.484680226690905 ], [ -106.085684621784694, 47.484678116447107 ], [ -106.085682877311797, 47.481062697871657 ], [ -106.085681134460387, 47.477447274278042 ], [ -106.085679397092932, 47.473831847596571 ], [ -106.085677661461546, 47.470216414127606 ] ] ] } },
{ "type": "Feature", "properties": { "CountyName": "McCone", "OwnerName_Grouped": "GREAT NORTHERN PROPERTIES", "OwnerName": "GREAT NORTHERN PROPERTIES LP", "OwnerAddre": "PO BOX 1745", "OwnerAdd_1": null, "OwnerAdd_2": null, "OwnerCity": "MILES CITY", "OwnerState": "MT", "PropType": "Vacant Land", "TotalAcres": 640.0 }, "geometry": { "type": "Polygon", "coordinates": [ [ [ -106.107081244782492, 47.477456899075847 ], [ -106.107074127533693, 47.473842069208096 ], [ -106.107067012522307, 47.470227236149981 ], [ -106.112422673947492, 47.470221965161798 ], [ -106.117778338590597, 47.470216691012453 ], [ -106.123134004920942, 47.470211417259115 ], [ -106.12837905098074, 47.47021223999927 ], [ -106.128376391526274, 47.473828011230353 ], [ -106.12837373097932, 47.477443810738443 ], [ -106.128371099522141, 47.481059581739665 ], [ -106.128368439007531, 47.484675381973844 ], [ -106.123118859759103, 47.484686568294102 ], [ -106.117777735676597, 47.484686564712902 ], [ -106.112436612210175, 47.484686554771812 ], [ -106.107095488934405, 47.484686544764713 ], [ -106.107088366979312, 47.48107172491757 ], [ -106.107081244782492, 47.477456899075847 ] ] ] } },
{ "type": "Feature", "properties": { "CountyName": "McCone", "OwnerName_Grouped": "GREAT NORTHERN PROPERTIES", "OwnerName": "GREAT NORTHERN PROPERTIES LP", "OwnerAddre": "PO BOX 1745", "OwnerAdd_1": null, "OwnerAdd_2": null, "OwnerCity": "MILES CITY", "OwnerState": "MT", "PropType": "Vacant Land", "TotalAcres": 462.6 }, "geometry": { "type": "Polygon", "coordinates": [ [ [ -106.14979173984463, 47.470168587230908 ], [ -106.155119916786546, 47.470169986785791 ], [ -106.160448093441431, 47.470171360351827 ], [ -106.165774355805212, 47.470172703093105 ], [ -106.168632565047005, 47.470173359429666 ], [ -106.165541437468562, 47.47934514921905 ], [ -106.163699629628283, 47.484658510271295 ], [ -106.160396591579243, 47.484653953551359 ], [ -106.155062691565462, 47.484656357866136 ], [ -106.149728763600748, 47.484658761973868 ], [ -106.149744507022447, 47.481036212040834 ], [ -106.149760251671182, 47.477413688655624 ], [ -106.149775997030531, 47.473791136870084 ], [ -106.14979173984463, 47.470168587230908 ] ] ] } },
{ "type": "Feature", "properties": { "CountyName": "McCone", "OwnerName_Grouped": "GREAT NORTHERN PROPERTIES", "OwnerName": "GREAT NORTHERN PROPERTIES LP", "OwnerAddre": "PO BOX 1745", "OwnerAdd_1": null, "OwnerAdd_2": null, "OwnerCity": "MILES CITY", "OwnerState": "MT", "PropType": "Vacant Land", "TotalAcres": 640.0 }, "geometry": { "type": "Polygon", "coordinates": [ [ [ -105.8740215170547, 47.456003761195021 ], [ -105.879354032858956, 47.455977725525521 ], [ -105.884686552922446, 47.455951674560048 ], [ -105.890019070026511, 47.455925617080389 ], [ -105.895351581726018, 47.455899550306697 ], [ -105.895353127957904, 47.459526705481181 ], [ -105.895354674828411, 47.463153850263929 ], [ -105.895356222642789, 47.466780980145366 ], [ -105.895357769953307, 47.47040809686753 ], [ -105.890030477406171, 47.470433022075945 ], [ -105.884703181196599, 47.470457935883786 ], [ -105.879375886361643, 47.470482842053258 ], [ -105.874048588066856, 47.470507733226377 ], [ -105.874041817282148, 47.466881760756053 ], [ -105.87403504936168, 47.463255775211451 ], [ -105.874028279125369, 47.459629774642515 ], [ -105.8740215170547, 47.456003761195021 ] ] ] } },
{ "type": "Feature", "properties": { "CountyName": "McCone", "OwnerName_Grouped": "GREAT NORTHERN PROPERTIES", "OwnerName": "GREAT NORTHERN PROPERTIES LP", "OwnerAddre": "PO BOX 1745", "OwnerAdd_1": null, "OwnerAdd_2": null, "OwnerCity": "MILES CITY", "OwnerState": "MT", "PropType": "Vacant Land", "TotalAcres": 640.0 }, "geometry": { "type": "Polygon", "coordinates": [ [ [ -105.936726432818745, 47.470249522474333 ], [ -105.931388690152346, 47.47025276841147 ], [ -105.926050942566235, 47.470256009010285 ], [ -105.920713205167573, 47.470259236631179 ], [ -105.915375464191015, 47.470262458056098 ], [ -105.915375761585125, 47.466648099904809 ], [ -105.91537606056805, 47.463033733201428 ], [ -105.915376364154881, 47.459419352648545 ], [ -105.915376666739121, 47.455804962590918 ], [ -105.920711908325572, 47.455801111364551 ], [ -105.926047153078642, 47.455797250715058 ], [ -105.931382399694684, 47.455793380601023 ], [ -105.936717648135257, 47.455789501921195 ], [ -105.936719843178807, 47.459404523294197 ], [ -105.936722037678294, 47.463019533363216 ], [ -105.936724232838642, 47.466634533952856 ], [ -105.936726432818745, 47.470249522474333 ] ] ] } },
{ "type": "Feature", "properties": { "CountyName": "McCone", "OwnerName_Grouped": "GREAT NORTHERN PROPERTIES", "OwnerName": "GREAT NORTHERN PROPERTIES LP", "OwnerAddre": "PO BOX 1745", "OwnerAdd_1": null, "OwnerAdd_2": null, "OwnerCity": "MILES CITY", "OwnerState": "MT", "PropType": "Vacant Land", "TotalAcres": 640.0 }, "geometry": { "type": "Polygon", "coordinates": [ [ [ -105.958048728192068, 47.455800254792194 ], [ -105.963383197445879, 47.45579768423471 ], [ -105.968717666277598, 47.455795105101366 ], [ -105.974052142125274, 47.455792525726622 ], [ -105.979386615064911, 47.455789935896377 ], [ -105.979394387714109, 47.459408803134281 ], [ -105.979402159009396, 47.463027662615126 ], [ -105.979409934253837, 47.466646514486193 ], [ -105.97941771079654, 47.470265358652135 ], [ -105.974077323865913, 47.470267028085374 ], [ -105.968736938976335, 47.470268694837451 ], [ -105.963396555257219, 47.470270351675723 ], [ -105.958056174978623, 47.470272004075952 ], [ -105.958054310704327, 47.466654080940614 ], [ -105.95805244704394, 47.463036148304681 ], [ -105.958050586708552, 47.459418205364884 ], [ -105.958048728192068, 47.455800254792194 ] ] ] } },
{ "type": "Feature", "properties": { "CountyName": "McCone", "OwnerName_Grouped": "GREAT NORTHERN PROPERTIES", "OwnerName": "GREAT NORTHERN PROPERTIES LP", "OwnerAddre": "PO BOX 1745", "OwnerAdd_1": null, "OwnerAdd_2": null, "OwnerCity": "MILES CITY", "OwnerState": "MT", "PropType": "Vacant Land", "TotalAcres": 640.0 }, "geometry": { "type": "Polygon", "coordinates": [ [ [ -106.00072626642195, 47.455789782576296 ], [ -106.006054269929692, 47.455786409817776 ], [ -106.011382275224747, 47.45578303635294 ], [ -106.016710279916154, 47.455779658505186 ], [ -106.022038286737413, 47.455776275455378 ], [ -106.022048291515546, 47.459396296417175 ], [ -106.022058293797784, 47.463016311378098 ], [ -106.02206830292377, 47.46663631970425 ], [ -106.022078312206077, 47.470256322080459 ], [ -106.016748696384852, 47.470258627495497 ], [ -106.011419077370135, 47.470260931063088 ], [ -106.006089463448532, 47.470263227629111 ], [ -106.000759850441852, 47.470265519771004 ], [ -106.000751452696491, 47.466646597026063 ], [ -106.000743055006723, 47.463027666535474 ], [ -106.000734657431806, 47.459408727414676 ], [ -106.00072626642195, 47.455789782576296 ] ] ] } },
{ "type": "Feature", "properties": { "CountyName": "McCone", "OwnerName_Grouped": "GREAT NORTHERN PROPERTIES", "OwnerName": "GREAT NORTHERN PROPERTIES LP", "OwnerAddre": "PO BOX 1745", "OwnerAdd_1": null, "OwnerAdd_2": null, "OwnerCity": "MILES CITY", "OwnerState": "MT", "PropType": "Vacant Land", "TotalAcres": 628.8 }, "geometry": { "type": "Polygon", "coordinates": [ [ [ -106.022038286737413, 47.455776275455378 ], [ -106.027371245757109, 47.455773377572093 ], [ -106.032704200363852, 47.455770474729064 ], [ -106.038037158300071, 47.455767570761758 ], [ -106.043010304730402, 47.455765037935855 ], [ -106.043014170441623, 47.459382359272333 ], [ -106.043018042509388, 47.462999668599885 ], [ -106.043019871560318, 47.466617550430591 ], [ -106.043021702420603, 47.470235424598535 ], [ -106.038075571786905, 47.470240250029036 ], [ -106.032743152476357, 47.470245610890885 ], [ -106.027410730758007, 47.470250969686624 ], [ -106.022078312206077, 47.470256322080459 ], [ -106.02206830292377, 47.46663631970425 ], [ -106.022058293797784, 47.463016311378098 ], [ -106.022048291515546, 47.459396296417175 ], [ -106.022038286737413, 47.455776275455378 ] ] ] } },
{ "type": "Feature", "properties": { "CountyName": "McCone", "OwnerName_Grouped": "GREAT NORTHERN PROPERTIES", "OwnerName": "GREAT NORTHERN PROPERTIES LP", "OwnerAddre": "PO BOX 1745", "OwnerAdd_1": null, "OwnerAdd_2": null, "OwnerCity": "MILES CITY", "OwnerState": "MT", "PropType": "Vacant Land", "TotalAcres": 640.0 }, "geometry": { "type": "Polygon", "coordinates": [ [ [ -106.043010304730402, 47.455765037935855 ], [ -106.048342475419076, 47.455762369614547 ], [ -106.053674647196985, 47.455759695666153 ], [ -106.059006822738539, 47.455757016169549 ], [ -106.064338997508074, 47.455754339996716 ], [ -106.064337324847571, 47.45936620236543 ], [ -106.064335653285525, 47.462978060710064 ], [ -106.064333980286605, 47.466589913139124 ], [ -106.064332313689988, 47.470201761673195 ], [ -106.059004658543444, 47.470210180769655 ], [ -106.053677005859441, 47.47021859749902 ], [ -106.048349354346414, 47.470227010923011 ], [ -106.043021702420603, 47.470235424598535 ], [ -106.043019871560318, 47.466617550430591 ], [ -106.043018042509388, 47.462999668599885 ], [ -106.043014170441623, 47.459382359272333 ], [ -106.043010304730402, 47.455765037935855 ] ] ] } },
{ "type": "Feature", "properties": { "CountyName": "McCone", "OwnerName_Grouped": "GREAT NORTHERN PROPERTIES", "OwnerName": "GREAT NORTHERN PROPERTIES LP", "OwnerAddre": "PO BOX 1745", "OwnerAdd_1": null, "OwnerAdd_2": null, "OwnerCity": "MILES CITY", "OwnerState": "MT", "PropType": "Vacant Land", "TotalAcres": 640.0 }, "geometry": { "type": "Polygon", "coordinates": [ [ [ -106.064338997508074, 47.455754339996716 ], [ -106.069667877151673, 47.455754305944467 ], [ -106.074996758336027, 47.455754269265839 ], [ -106.080325639585581, 47.455754232618744 ], [ -106.085654522539812, 47.455754191546802 ], [ -106.085660302615764, 47.459369755689117 ], [ -106.085666086187928, 47.462985314938678 ], [ -106.085671872162706, 47.466600865645312 ], [ -106.085677661461546, 47.470216414127606 ], [ -106.080341319097883, 47.470212755152765 ], [ -106.075004980277043, 47.470209094767128 ], [ -106.06966864664922, 47.47020542761588 ], [ -106.064332313689988, 47.470201761673195 ], [ -106.064333980286605, 47.466589913139124 ], [ -106.064335653285525, 47.462978060710064 ], [ -106.064337324847571, 47.45936620236543 ], [ -106.064338997508074, 47.455754339996716 ] ] ] } },
{ "type": "Feature", "properties": { "CountyName": "McCone", "OwnerName_Grouped": "GREAT NORTHERN PROPERTIES", "OwnerName": "GREAT NORTHERN PROPERTIES LP", "OwnerAddre": "PO BOX 1745", "OwnerAdd_1": null, "OwnerAdd_2": null, "OwnerCity": "MILES CITY", "OwnerState": "MT", "PropType": "Vacant Land", "TotalAcres": 640.0 }, "geometry": { "type": "Polygon", "coordinates": [ [ [ -106.085654522539812, 47.455754191546802 ], [ -106.090997739471931, 47.455755986382222 ], [ -106.096340955701223, 47.455757778086976 ], [ -106.101684175055979, 47.455759569475632 ], [ -106.107027399231356, 47.455761355192081 ], [ -106.107037297044684, 47.459377834158119 ], [ -106.107047200413177, 47.462994305569801 ], [ -106.107057105187678, 47.466610771993146 ], [ -106.107067012522307, 47.470227236149981 ], [ -106.101719673641554, 47.470224533505032 ], [ -106.096372328756004, 47.470221830855387 ], [ -106.091024993984163, 47.470219125073612 ], [ -106.085677661461546, 47.470216414127606 ], [ -106.085671872162706, 47.466600865645312 ], [ -106.085666086187928, 47.462985314938678 ], [ -106.085660302615764, 47.459369755689117 ], [ -106.085654522539812, 47.455754191546802 ] ] ] } },
{ "type": "Feature", "properties": { "CountyName": "McCone", "OwnerName_Grouped": "GREAT NORTHERN PROPERTIES", "OwnerName": "GREAT NORTHERN PROPERTIES LP", "OwnerAddre": "PO BOX 1745", "OwnerAdd_1": null, "OwnerAdd_2": null, "OwnerCity": "MILES CITY", "OwnerState": "MT", "PropType": "Vacant Land", "TotalAcres": 600.92 }, "geometry": { "type": "Polygon", "coordinates": [ [ [ -105.895320766796203, 47.441405285424722 ], [ -105.900655563755919, 47.44138845295074 ], [ -105.905990358352625, 47.441371613643071 ], [ -105.911325157295437, 47.441354766808878 ], [ -105.915392789849349, 47.441341158566019 ], [ -105.915388758895773, 47.444957125488578 ], [ -105.915384725228407, 47.448573081121303 ], [ -105.915380694087773, 47.45218902651348 ], [ -105.915376666739121, 47.455804962590918 ], [ -105.911376878141368, 47.455823708974165 ], [ -105.906035113586555, 47.455848997332296 ], [ -105.900693350412652, 47.455874276646639 ], [ -105.895351581726018, 47.455899550306697 ], [ -105.895343877249971, 47.452276002352981 ], [ -105.895336171845614, 47.4486524403654 ], [ -105.89532846779737, 47.445028869835397 ], [ -105.895320766796203, 47.441405285424722 ] ] ] } },
{ "type": "Feature", "properties": { "CountyName": "McCone", "OwnerName_Grouped": "GREAT NORTHERN PROPERTIES", "OwnerName": "GREAT NORTHERN PROPERTIES LP", "OwnerAddre": "PO BOX 1745", "OwnerAdd_1": null, "OwnerAdd_2": null, "OwnerCity": "MILES CITY", "OwnerState": "MT", "PropType": "Vacant Land", "TotalAcres": 640.0 }, "geometry": { "type": "Polygon", "coordinates": [ [ [ -105.936723206015557, 47.441332678207928 ], [ -105.942056149752844, 47.441331583261316 ], [ -105.947389096643064, 47.441330488925452 ], [ -105.952722044481035, 47.44132938882511 ], [ -105.958054991604911, 47.441328288313784 ], [ -105.958053422489954, 47.444946294876218 ], [ -105.958051855086367, 47.448564288469228 ], [ -105.958050291445844, 47.452182278150218 ], [ -105.958048728192068, 47.455800254792194 ], [ -105.952715951372326, 47.455797578794758 ], [ -105.947383183211358, 47.455794892824535 ], [ -105.942050414167895, 47.455792200192811 ], [ -105.936717648135257, 47.455789501921195 ], [ -105.93671903653221, 47.452175312356971 ], [ -105.9367204240788, 47.448561108822403 ], [ -105.936721814388648, 47.444946896848862 ], [ -105.936723206015557, 47.441332678207928 ] ] ] } },
{ "type": "Feature", "properties": { "CountyName": "McCone", "OwnerName_Grouped": "GREAT NORTHERN PROPERTIES", "OwnerName": "GREAT NORTHERN PROPERTIES LP", "OwnerAddre": "PO BOX 1745", "OwnerAdd_1": null, "OwnerAdd_2": null, "OwnerCity": "MILES CITY", "OwnerState": "MT", "PropType": "Vacant Land", "TotalAcres": 640.0 }, "geometry": { "type": "Polygon", "coordinates": [ [ [ -106.000682377981661, 47.441312003340961 ], [ -106.006009210907592, 47.441310879785014 ], [ -106.011336044745775, 47.44130975552374 ], [ -106.01666288084607, 47.441308630596986 ], [ -106.021989714108457, 47.441307502147367 ], [ -106.022001855831348, 47.444924705827965 ], [ -106.022013996909919, 47.448541900015123 ], [ -106.022026142175022, 47.452159092046841 ], [ -106.022038286737413, 47.455776275455378 ], [ -106.016710279916154, 47.455779658505186 ], [ -106.011382275224747, 47.45578303635294 ], [ -106.006054269929692, 47.455786409817776 ], [ -106.00072626642195, 47.455789782576296 ], [ -106.000717488484952, 47.452169890411035 ], [ -106.000708711744053, 47.448549994192334 ], [ -106.000695544480664, 47.444931003046037 ], [ -106.000682377981661, 47.441312003340961 ] ] ] } },
{ "type": "Feature", "properties": { "CountyName": "McCone", "OwnerName_Grouped": "GREAT NORTHERN PROPERTIES", "OwnerName": "GREAT NORTHERN PROPERTIES LP", "OwnerAddre": "PO BOX 1745", "OwnerAdd_1": null, "OwnerAdd_2": null, "OwnerCity": "MILES CITY", "OwnerState": "MT", "PropType": "Vacant Land", "TotalAcres": 509.6 }, "geometry": { "type": "Polygon", "coordinates": [ [ [ -106.022013996909919, 47.448541900015123 ], [ -106.027348645117272, 47.448539516467861 ], [ -106.027359944469183, 47.452156512997966 ], [ -106.032693746514227, 47.452153683086408 ], [ -106.032683294029141, 47.448536888296111 ], [ -106.032672847083916, 47.444919924741789 ], [ -106.027337349592045, 47.444922440302143 ], [ -106.022001855831348, 47.444924705827965 ], [ -106.021989714108457, 47.441307502147367 ], [ -106.027326054617973, 47.441305233067808 ], [ -106.032662397526366, 47.441302957948906 ], [ -106.037999514014416, 47.441300824246845 ], [ -106.043002882426379, 47.441298824773639 ], [ -106.043004472856197, 47.44491496358372 ], [ -106.043006063385519, 47.448531100176623 ], [ -106.043008181145524, 47.45214807279811 ], [ -106.043010304730402, 47.455765037935855 ], [ -106.038037158300071, 47.455767570761758 ], [ -106.032704200363852, 47.455770474729064 ], [ -106.027371245757109, 47.455773377572093 ], [ -106.022038286737413, 47.455776275455378 ], [ -106.022026142175022, 47.452159092046841 ], [ -106.022013996909919, 47.448541900015123 ] ] ] } },
{ "type": "Feature", "properties": { "CountyName": "McCone", "OwnerName_Grouped": "GREAT NORTHERN PROPERTIES", "OwnerName": "GREAT NORTHERN PROPERTIES LP", "OwnerAddre": "PO BOX 1745", "OwnerAdd_1": null, "OwnerAdd_2": null, "OwnerCity": "MILES CITY", "OwnerState": "MT", "PropType": "Vacant Land", "TotalAcres": 640.0 }, "geometry": { "type": "Polygon", "coordinates": [ [ [ -106.064328679898068, 47.441297458845504 ], [ -106.069654783960971, 47.441297188602356 ], [ -106.07498088542502, 47.441296917602287 ], [ -106.080306749786601, 47.441297236142653 ], [ -106.08563261684408, 47.44129755680261 ], [ -106.085638091963773, 47.444911719262329 ], [ -106.085643566155866, 47.448525883066239 ], [ -106.085649044090815, 47.452140037528331 ], [ -106.085654522539812, 47.455754191546802 ], [ -106.080325639585581, 47.455754232618744 ], [ -106.074996758336027, 47.455754269265839 ], [ -106.069667877151673, 47.455754305944467 ], [ -106.064338997508074, 47.455754339996716 ], [ -106.064337580169052, 47.452139630452116 ], [ -106.064336161639332, 47.448524917726033 ], [ -106.064332419363424, 47.444911187554069 ], [ -106.064328679898068, 47.441297458845504 ] ] ] } },
{ "type": "Feature", "properties": { "CountyName": "McCone", "OwnerName_Grouped": "GREAT NORTHERN PROPERTIES", "OwnerName": "GREAT NORTHERN PROPERTIES LP", "OwnerAddre": "PO BOX 1745", "OwnerAdd_1": null, "OwnerAdd_2": null, "OwnerCity": "MILES CITY", "OwnerState": "MT", "PropType": "Vacant Land", "TotalAcres": 320.0 }, "geometry": { "type": "Polygon", "coordinates": [ [ [ -106.08563261684408, 47.44129755680261 ], [ -106.090966135997874, 47.441296660676457 ], [ -106.096299655118187, 47.441295764086505 ], [ -106.09630997893251, 47.444911520470292 ], [ -106.096320301443441, 47.448527273659586 ], [ -106.096330629281638, 47.452142526585305 ], [ -106.096340955701223, 47.455757778086976 ], [ -106.090997739471931, 47.455755986382222 ], [ -106.085654522539812, 47.455754191546802 ], [ -106.085649044090815, 47.452140037528331 ], [ -106.085643566155866, 47.448525883066239 ], [ -106.085638091963773, 47.444911719262329 ], [ -106.08563261684408, 47.44129755680261 ] ] ] } },
{ "type": "Feature", "properties": { "CountyName": "McCone", "OwnerName_Grouped": "GREAT NORTHERN PROPERTIES", "OwnerName": "GREAT NORTHERN PROPERTIES LP", "OwnerAddre": "PO BOX 1745", "OwnerAdd_1": null, "OwnerAdd_2": null, "OwnerCity": "MILES CITY", "OwnerState": "MT", "PropType": "Vacant Land", "TotalAcres": 120.0 }, "geometry": { "type": "Polygon", "coordinates": [ [ [ -106.022001855831348, 47.444924705827965 ], [ -106.027337349592045, 47.444922440302143 ], [ -106.032672847083916, 47.444919924741789 ], [ -106.032683294029141, 47.448536888296111 ], [ -106.032693746514227, 47.452153683086408 ], [ -106.027359944469183, 47.452156512997966 ], [ -106.027348645117272, 47.448539516467861 ], [ -106.022013996909919, 47.448541900015123 ], [ -106.022001855831348, 47.444924705827965 ] ] ] } },
{ "type": "Feature", "properties": { "CountyName": "McCone", "OwnerName_Grouped": "GREAT NORTHERN PROPERTIES", "OwnerName": "GREAT NORTHERN PROPERTIES LP", "OwnerAddre": "PO BOX 1745", "OwnerAdd_1": null, "OwnerAdd_2": null, "OwnerCity": "MILES CITY", "OwnerState": "MT", "PropType": "Vacant Land", "TotalAcres": 641.68 }, "geometry": { "type": "Polygon", "coordinates": [ [ [ -106.0006495636339, 47.434035155967194 ], [ -106.000633243793644, 47.430417244752611 ], [ -106.000616924731872, 47.426799331332404 ], [ -106.005963705324973, 47.4268007527753 ], [ -106.011310487045577, 47.426802176096416 ], [ -106.016657269007297, 47.426803594962053 ], [ -106.022004050939074, 47.426805013867607 ], [ -106.022000453111247, 47.430421605868681 ], [ -106.021996856059872, 47.434038194850316 ], [ -106.02199325851889, 47.437654779858931 ], [ -106.021989714108457, 47.441307502147367 ], [ -106.01666288084607, 47.441308630596986 ], [ -106.011336044745775, 47.44130975552374 ], [ -106.006009210907592, 47.441310879785014 ], [ -106.000682377981661, 47.441312003340961 ], [ -106.000665878243822, 47.437653680072344 ], [ -106.0006495636339, 47.434035155967194 ] ] ] } },
{ "type": "Feature", "properties": { "CountyName": "McCone", "OwnerName_Grouped": "GREAT NORTHERN PROPERTIES", "OwnerName": "GREAT NORTHERN PROPERTIES LP", "OwnerAddre": "PO BOX 1745", "OwnerAdd_1": null, "OwnerAdd_2": null, "OwnerCity": "MILES CITY", "OwnerState": "MT", "PropType": "Vacant Land", "TotalAcres": 640.08 }, "geometry": { "type": "Polygon", "coordinates": [ [ [ -106.170423698556817, 47.430421654620474 ], [ -106.170429579164235, 47.426803352774293 ], [ -106.175765368402963, 47.426798805309211 ], [ -106.181101185148364, 47.426794257004481 ], [ -106.186436999861371, 47.426789734931084 ], [ -106.191772790591543, 47.426785187114547 ], [ -106.191767436139443, 47.430405156810373 ], [ -106.191762079352799, 47.43402512699803 ], [ -106.191756252923255, 47.437644372653153 ], [ -106.191750428603925, 47.441267233698575 ], [ -106.186415780963614, 47.441269585065434 ], [ -106.181081130676432, 47.441271937585846 ], [ -106.175746480367891, 47.441274291335915 ], [ -106.170411830182132, 47.44127664361821 ], [ -106.170414823995657, 47.437658287449523 ], [ -106.170417815541555, 47.434039956961719 ], [ -106.170423698556817, 47.430421654620474 ] ] ] } },
{ "type": "Feature", "properties": { "CountyName": "McCone", "OwnerName_Grouped": "GREAT NORTHERN PROPERTIES", "OwnerName": "GREAT NORTHERN PROPERTIES LP", "OwnerAddre": "PO BOX 1745", "OwnerAdd_1": null, "OwnerAdd_2": null, "OwnerCity": "MILES CITY", "OwnerState": "MT", "PropType": "Vacant Land", "TotalAcres": 631.88 }, "geometry": { "type": "Polygon", "coordinates": [ [ [ -106.021978618450817, 47.412341217118829 ], [ -106.027301010743955, 47.412341333093451 ], [ -106.032623406885975, 47.412341449617074 ], [ -106.037945800278791, 47.412341566490333 ], [ -106.043007805672062, 47.41234152160046 ], [ -106.043009171760602, 47.415961458104384 ], [ -106.043010538386326, 47.419581385305861 ], [ -106.043011906171827, 47.423201314019337 ], [ -106.043013274143647, 47.426821238795938 ], [ -106.037970126526545, 47.426817261816872 ], [ -106.032648099839705, 47.42681317741161 ], [ -106.027326074878431, 47.426809098071743 ], [ -106.022004050939074, 47.426805013867607 ], [ -106.021997691232471, 47.423189069874361 ], [ -106.021991333715647, 47.419573121992606 ], [ -106.021984973148705, 47.415957169177894 ], [ -106.021978618450817, 47.412341217118829 ] ] ] } },
{ "type": "Feature", "properties": { "CountyName": "McCone", "OwnerName_Grouped": "GREAT NORTHERN PROPERTIES", "OwnerName": "GREAT NORTHERN PROPERTIES LP", "OwnerAddre": "PO BOX 1745", "OwnerAdd_1": null, "OwnerAdd_2": null, "OwnerCity": "MILES CITY", "OwnerState": "MT", "PropType": "Vacant Land", "TotalAcres": 640.0 }, "geometry": { "type": "Polygon", "coordinates": [ [ [ -106.000552033341677, 47.397846157905157 ], [ -106.005899880692425, 47.397851519105998 ], [ -106.011247724901637, 47.397856878194652 ], [ -106.016595575203866, 47.397862236350726 ], [ -106.02194342229582, 47.397867594192896 ], [ -106.02195221887628, 47.401486005689826 ], [ -106.021961019479136, 47.40510441072211 ], [ -106.021969817012277, 47.408722816268167 ], [ -106.021978618450817, 47.412341217118829 ], [ -106.016628008121003, 47.412336714161391 ], [ -106.011277399588735, 47.412332212659791 ], [ -106.005926794271218, 47.412327710856175 ], [ -106.000576189494666, 47.412323208670543 ], [ -106.000570149702313, 47.408703949543536 ], [ -106.000564111701308, 47.405084691973556 ], [ -106.000558071992074, 47.401465428661886 ], [ -106.000552033341677, 47.397846157905157 ] ] ] } },
{ "type": "Feature", "properties": { "CountyName": "McCone", "OwnerName_Grouped": "GREAT NORTHERN PROPERTIES", "OwnerName": "GREAT NORTHERN PROPERTIES LP", "OwnerAddre": "PO BOX 1745", "OwnerAdd_1": null, "OwnerAdd_2": null, "OwnerCity": "MILES CITY", "OwnerState": "MT", "PropType": "Vacant Land", "TotalAcres": 633.32 }, "geometry": { "type": "Polygon", "coordinates": [ [ [ -106.021909157778751, 47.383400621948006 ], [ -106.027233928058152, 47.38340046137661 ], [ -106.032558696715952, 47.383400302639913 ], [ -106.037883466542112, 47.383400144019518 ], [ -106.043008683867981, 47.383399994246936 ], [ -106.043007416433198, 47.387017775392813 ], [ -106.043006147677303, 47.390635550014196 ], [ -106.043004881104721, 47.39425332540857 ], [ -106.043003611886874, 47.39787109420984 ], [ -106.037922208289643, 47.397870280800625 ], [ -106.032595944439407, 47.397869385805521 ], [ -106.027269683234451, 47.397868491794618 ], [ -106.02194342229582, 47.397867594192896 ], [ -106.021934855470889, 47.394250855970341 ], [ -106.02192628848708, 47.390634113893 ], [ -106.021917725198321, 47.387017369893378 ], [ -106.021909157778751, 47.383400621948006 ] ] ] } },
{ "type": "Feature", "properties": { "CountyName": "McCone", "OwnerName_Grouped": "GREAT NORTHERN PROPERTIES", "OwnerName": "GREAT NORTHERN PROPERTIES LP", "OwnerAddre": "PO BOX 1745", "OwnerAdd_1": null, "OwnerAdd_2": null, "OwnerCity": "MILES CITY", "OwnerState": "MT", "PropType": "Vacant Land", "TotalAcres": 640.0 }, "geometry": { "type": "Polygon", "coordinates": [ [ [ -106.191728821719877, 47.383379676877887 ], [ -106.197071250438441, 47.383370715376536 ], [ -106.202413677937869, 47.38336175321691 ], [ -106.207756108326137, 47.383352788714092 ], [ -106.213098539035059, 47.383343820892833 ], [ -106.213099427764178, 47.386959621877629 ], [ -106.21310031926231, 47.390575419154864 ], [ -106.213101210826053, 47.394191213533738 ], [ -106.213102103779732, 47.397807005037578 ], [ -106.207758401013564, 47.397818472363966 ], [ -106.202414666978527, 47.397829966959399 ], [ -106.197070932915949, 47.397841433867313 ], [ -106.19172720052444, 47.397852930787217 ], [ -106.191727605602907, 47.394234622562479 ], [ -106.191728010402556, 47.390616314117054 ], [ -106.19172841542678, 47.38699799737271 ], [ -106.191728821719877, 47.383379676877887 ] ] ] } },
{ "type": "Feature", "properties": { "CountyName": "McCone", "OwnerName_Grouped": "GREAT NORTHERN PROPERTIES", "OwnerName": "GREAT NORTHERN PROPERTIES LP", "OwnerAddre": "PO BOX 1745", "OwnerAdd_1": null, "OwnerAdd_2": null, "OwnerCity": "MILES CITY", "OwnerState": "MT", "PropType": "Vacant Land", "TotalAcres": 640.0 }, "geometry": { "type": "Polygon", "coordinates": [ [ [ -106.08563014690931, 47.376153730225369 ], [ -106.085627924510646, 47.372535175335031 ], [ -106.085625702414234, 47.368916616713413 ], [ -106.090949152157535, 47.368914905397396 ], [ -106.096272603028126, 47.368913194251824 ], [ -106.101596056201785, 47.368911486012983 ], [ -106.10691950543071, 47.368909775090813 ], [ -106.106923186108602, 47.372529125314188 ], [ -106.106926869762518, 47.376148474579978 ], [ -106.106930549831517, 47.379767821779772 ], [ -106.106934232934364, 47.383387167093922 ], [ -106.101609322112239, 47.383388083743199 ], [ -106.096284411302094, 47.383389000455779 ], [ -106.090959500537082, 47.383389916332526 ], [ -106.085634592324837, 47.383390833250168 ], [ -106.085632369494803, 47.379772283168279 ], [ -106.08563014690931, 47.376153730225369 ] ] ] } },
{ "type": "Feature", "properties": { "CountyName": "McCone", "OwnerName_Grouped": "GREAT NORTHERN PROPERTIES", "OwnerName": "GREAT NORTHERN PROPERTIES LP", "OwnerAddre": "PO BOX 1745", "OwnerAdd_1": null, "OwnerAdd_2": null, "OwnerCity": "MILES CITY", "OwnerState": "MT", "PropType": "Vacant Land", "TotalAcres": 635.72 }, "geometry": { "type": "Polygon", "coordinates": [ [ [ -106.021847285935479, 47.354446171953541 ], [ -106.027170649974053, 47.354448142065003 ], [ -106.032494014141051, 47.354450114047111 ], [ -106.037817377431011, 47.354452083364535 ], [ -106.043015691359358, 47.354453875341996 ], [ -106.043014394189328, 47.35807197812597 ], [ -106.043013100403613, 47.361690083650409 ], [ -106.043011802238041, 47.365308188965194 ], [ -106.04301050798324, 47.368926288899502 ], [ -106.037847069870153, 47.368926655562625 ], [ -106.032524049880848, 47.368927008091013 ], [ -106.027201028138904, 47.368927364347059 ], [ -106.02187800491258, 47.368927719834957 ], [ -106.021870325431436, 47.365307335762608 ], [ -106.021862644231078, 47.361686949701991 ], [ -106.021854966663199, 47.3580665609283 ], [ -106.021847285935479, 47.354446171953541 ] ] ] } },
{ "type": "Feature", "properties": { "CountyName": "McCone", "OwnerName_Grouped": "GREAT NORTHERN PROPERTIES", "OwnerName": "GREAT NORTHERN PROPERTIES LP", "OwnerAddre": "PO BOX 1745", "OwnerAdd_1": null, "OwnerAdd_2": null, "OwnerCity": "MILES CITY", "OwnerState": "MT", "PropType": "Vacant Land", "TotalAcres": 639.44 }, "geometry": { "type": "Polygon", "coordinates": [ [ [ -106.043015925422026, 47.339968069595585 ], [ -106.048338652400986, 47.339972102449323 ], [ -106.053661379902621, 47.339976138964005 ], [ -106.058984110888886, 47.33998017472296 ], [ -106.064306838654275, 47.33998421132673 ], [ -106.064305657852699, 47.343605144779765 ], [ -106.064304478039361, 47.347226077349291 ], [ -106.064303296800432, 47.350847005345379 ], [ -106.064302089514428, 47.354442572479222 ], [ -106.058980489428848, 47.354445394195821 ], [ -106.053658888544533, 47.354448219744292 ], [ -106.048337288450398, 47.354451044668551 ], [ -106.043015691359358, 47.354453875341996 ], [ -106.043015750369037, 47.35083242194866 ], [ -106.043015808728001, 47.347210974795253 ], [ -106.043015867195876, 47.343589522207822 ], [ -106.043015925422026, 47.339968069595585 ] ] ] } },
{ "type": "Feature", "properties": { "CountyName": "McCone", "OwnerName_Grouped": "GREAT NORTHERN PROPERTIES", "OwnerName": "GREAT NORTHERN PROPERTIES LP", "OwnerAddre": "PO BOX 1745", "OwnerAdd_1": null, "OwnerAdd_2": null, "OwnerCity": "MILES CITY", "OwnerState": "MT", "PropType": "Vacant Land", "TotalAcres": 640.04 }, "geometry": { "type": "Polygon", "coordinates": [ [ [ -106.085605941505733, 47.33997043874205 ], [ -106.090935689372941, 47.339965766477874 ], [ -106.096265436393068, 47.339961094528185 ], [ -106.101595183971341, 47.339956422033012 ], [ -106.106924928106494, 47.339951749774364 ], [ -106.106922063995626, 47.343566638659389 ], [ -106.106919196620566, 47.3471815274549 ], [ -106.106916332939747, 47.350796410946423 ], [ -106.106913407700148, 47.354440180620919 ], [ -106.101588586088837, 47.354439213700168 ], [ -106.096263766362043, 47.354438244058848 ], [ -106.090938946769469, 47.354437277951973 ], [ -106.08561412757399, 47.354436310883933 ], [ -106.085612085764936, 47.350840250398193 ], [ -106.085610039182896, 47.347216983233409 ], [ -106.08560798896859, 47.343593711412289 ], [ -106.085605941505733, 47.33997043874205 ] ] ] } },
{ "type": "Feature", "properties": { "CountyName": "McCone", "OwnerName_Grouped": "GREAT NORTHERN PROPERTIES", "OwnerName": "GREAT NORTHERN PROPERTIES LP", "OwnerAddre": "PO BOX 1745", "OwnerAdd_1": null, "OwnerAdd_2": null, "OwnerCity": "MILES CITY", "OwnerState": "MT", "PropType": "Vacant Land", "TotalAcres": 640.48 }, "geometry": { "type": "Polygon", "coordinates": [ [ [ -106.12816582004298, 47.339985830182506 ], [ -106.133483000474598, 47.339987772677155 ], [ -106.138800180370822, 47.339989714810557 ], [ -106.14411736378122, 47.339991655799345 ], [ -106.149434552299752, 47.339993612804179 ], [ -106.149453566261471, 47.343600108676362 ], [ -106.149472585862398, 47.347206615456052 ], [ -106.149491771647803, 47.350807216734658 ], [ -106.149511077852893, 47.354425726935872 ], [ -106.144186399049445, 47.354428646308598 ], [ -106.138861727936217, 47.354431566762926 ], [ -106.133533803359228, 47.354433966902612 ], [ -106.128205878872748, 47.35443636309649 ], [ -106.128195850402292, 47.350821034282212 ], [ -106.128185838943224, 47.347209302894989 ], [ -106.128175830222432, 47.343597567030145 ], [ -106.12816582004298, 47.339985830182506 ] ] ] } },
{ "type": "Feature", "properties": { "CountyName": "McCone", "OwnerName_Grouped": "GREAT NORTHERN PROPERTIES", "OwnerName": "GREAT NORTHERN PROPERTIES LP", "OwnerAddre": "PO BOX 1745", "OwnerAdd_1": null, "OwnerAdd_2": null, "OwnerCity": "MILES CITY", "OwnerState": "MT", "PropType": "Vacant Land", "TotalAcres": 634.21 }, "geometry": { "type": "Polygon", "coordinates": [ [ [ -106.064293397956021, 47.325596661462384 ], [ -106.06888944852399, 47.325607406614978 ], [ -106.069284460775066, 47.325639177027561 ], [ -106.06961736507084, 47.325639321939676 ], [ -106.072916721129772, 47.325640706441163 ], [ -106.073325804110922, 47.325606221727199 ], [ -106.074941330648016, 47.325607692624544 ], [ -106.075752129808265, 47.325608422943084 ], [ -106.076170325185387, 47.325660857344623 ], [ -106.077376043676963, 47.325663379614227 ], [ -106.077776621620686, 47.325608628173853 ], [ -106.080265219028661, 47.325615438436422 ], [ -106.08513689059123, 47.325628614293223 ], [ -106.085589124059283, 47.325629827482196 ], [ -106.085593619053128, 47.329100711277661 ], [ -106.085598314451659, 47.332721573430874 ], [ -106.085602127690251, 47.336346008335198 ], [ -106.085605941505733, 47.33997043874205 ], [ -106.080281167279907, 47.339973883443804 ], [ -106.074956391312867, 47.339977325284082 ], [ -106.069631613233042, 47.339980769657451 ], [ -106.064306838654275, 47.33998421132673 ], [ -106.064297727392457, 47.336339635753085 ], [ -106.064288606797462, 47.33269505622463 ], [ -106.064291042285859, 47.329091922511111 ], [ -106.064293397956021, 47.325596661462384 ] ] ] } },
{ "type": "Feature", "properties": { "CountyName": "McCone", "OwnerName_Grouped": "GREAT NORTHERN PROPERTIES", "OwnerName": "GREAT NORTHERN PROPERTIES LP", "OwnerAddre": "PO BOX 1745", "OwnerAdd_1": null, "OwnerAdd_2": null, "OwnerCity": "MILES CITY", "OwnerState": "MT", "PropType": "Vacant Land", "TotalAcres": 629.83 }, "geometry": { "type": "Polygon", "coordinates": [ [ [ -106.106900772111686, 47.325675005327909 ], [ -106.110832178504054, 47.325679687333938 ], [ -106.111648587462099, 47.325771484406609 ], [ -106.112238224914975, 47.325773923553783 ], [ -106.112854242336084, 47.325776468294357 ], [ -106.113176885919742, 47.325718193820776 ], [ -106.115662805359563, 47.325730309460226 ], [ -106.11605876555511, 47.325694512403736 ], [ -106.117575370224827, 47.325695036878443 ], [ -106.12291197031476, 47.325696722070205 ], [ -106.126772675186572, 47.325697786989409 ], [ -106.127263331972401, 47.325779038388191 ], [ -106.128035924060498, 47.325782562060745 ], [ -106.128247927338478, 47.325749264359864 ], [ -106.128197744621929, 47.32911428914975 ], [ -106.128143682142706, 47.332741226678046 ], [ -106.128154770870267, 47.336363530378613 ], [ -106.12816582004298, 47.339985830182506 ], [ -106.122859077787908, 47.339994999837288 ], [ -106.117547689755042, 47.339980580488067 ], [ -106.112236308721819, 47.339966164164828 ], [ -106.106924928106494, 47.339951749774364 ], [ -106.106929911067098, 47.336320538853762 ], [ -106.106934915426905, 47.332689310558536 ], [ -106.106917328080286, 47.32907763319912 ], [ -106.106900772111686, 47.325675005327909 ] ] ] } },
{ "type": "Feature", "properties": { "CountyName": "McCone", "OwnerName_Grouped": "GREAT NORTHERN PROPERTIES", "OwnerName": "GREAT NORTHERN PROPERTIES LP", "OwnerAddre": "PO BOX 1745", "OwnerAdd_1": null, "OwnerAdd_2": null, "OwnerCity": "MILES CITY", "OwnerState": "MT", "PropType": "Vacant Land", "TotalAcres": 313.31 }, "geometry": { "type": "Polygon", "coordinates": [ [ [ -106.14937785804058, 47.325736956105651 ], [ -106.154644946702476, 47.325746167782476 ], [ -106.154647454360386, 47.325909572783964 ], [ -106.154699318136522, 47.325909634902175 ], [ -106.160020105911016, 47.325915903364461 ], [ -106.160031895417802, 47.329143652718869 ], [ -106.160045092954732, 47.332756604410676 ], [ -106.160058325689434, 47.33637911205151 ], [ -106.160071562983276, 47.3400016143747 ], [ -106.15475306252749, 47.339997599559581 ], [ -106.149434552299752, 47.339993612804179 ], [ -106.149420129956397, 47.336377389210568 ], [ -106.149405711254801, 47.33276117739598 ], [ -106.149391375239574, 47.329144437380663 ], [ -106.14937785804058, 47.325736956105651 ] ] ] } },
{ "type": "Feature", "properties": { "CountyName": "McCone", "OwnerName_Grouped": "GREAT NORTHERN PROPERTIES", "OwnerName": "GREAT NORTHERN PROPERTIES LP", "OwnerAddre": "PO BOX 1745", "OwnerAdd_1": null, "OwnerAdd_2": null, "OwnerCity": "MILES CITY", "OwnerState": "MT", "PropType": "Vacant Land", "TotalAcres": 620.0 }, "geometry": { "type": "Polygon", "coordinates": [ [ [ -106.085564277341049, 47.311010781400526 ], [ -106.090888506036507, 47.311011558379263 ], [ -106.096212736297474, 47.311012336088076 ], [ -106.10153696424014, 47.311013113510533 ], [ -106.106861188452427, 47.311013892406301 ], [ -106.106868941165786, 47.314630222649058 ], [ -106.106876690735916, 47.318246552875429 ], [ -106.106888225028044, 47.321856250098101 ], [ -106.106898424356302, 47.325049219239766 ], [ -106.106614747678421, 47.325047411583 ], [ -106.10639044129023, 47.325020307320358 ], [ -106.105998729865007, 47.325019006008759 ], [ -106.10545074039716, 47.325105309465791 ], [ -106.103174694797872, 47.325115020100625 ], [ -106.102359532390395, 47.324901413665451 ], [ -106.101771640233437, 47.324904554113395 ], [ -106.101569837459365, 47.324947222066903 ], [ -106.100984963552776, 47.325070880888511 ], [ -106.099153599195517, 47.325078271927147 ], [ -106.098602649418638, 47.324974903828597 ], [ -106.097698575758358, 47.324973803504179 ], [ -106.097150247699545, 47.325065180978442 ], [ -106.096241804286251, 47.32505907732066 ], [ -106.093113464458781, 47.325038004300794 ], [ -106.092165587784208, 47.324897242229568 ], [ -106.091080373824653, 47.324900974897368 ], [ -106.090914738974035, 47.324928751232939 ], [ -106.090509146287971, 47.324996765237671 ], [ -106.08626614435029, 47.32498128216757 ], [ -106.085588167973697, 47.325047072596604 ], [ -106.085582564399147, 47.321862535715816 ], [ -106.085576201171534, 47.318245225821826 ], [ -106.085570239512521, 47.314628005379568 ], [ -106.085564277341049, 47.311010781400526 ] ] ] } },
{ "type": "Feature", "properties": { "CountyName": "McCone", "OwnerName_Grouped": "GREAT NORTHERN PROPERTIES", "OwnerName": "GREAT NORTHERN PROPERTIES LP", "OwnerAddre": "PO BOX 1745", "OwnerAdd_1": null, "OwnerAdd_2": null, "OwnerCity": "MILES CITY", "OwnerState": "MT", "PropType": "Vacant Land", "TotalAcres": 623.61 }, "geometry": { "type": "Polygon", "coordinates": [ [ [ -106.128242100056312, 47.325023281819959 ], [ -106.128176195945741, 47.321880421201946 ], [ -106.128100610270167, 47.318273491957825 ], [ -106.128096598736505, 47.314663483956956 ], [ -106.128092550557653, 47.311053474085512 ], [ -106.13341082521957, 47.311053442083647 ], [ -106.138729100330721, 47.311053408625561 ], [ -106.144047280207843, 47.311053694318041 ], [ -106.14936546115581, 47.311053970470461 ], [ -106.149368352684888, 47.314672410313953 ], [ -106.149371243624117, 47.318290841224005 ], [ -106.149374141681307, 47.321909267013844 ], [ -106.149376759033686, 47.325191978792702 ], [ -106.147958315619761, 47.325193770439931 ], [ -106.147154287942925, 47.324754755095036 ], [ -106.146748356429924, 47.32475655897057 ], [ -106.146349932937085, 47.325116269437387 ], [ -106.145949213079533, 47.325114815477875 ], [ -106.145781396378823, 47.325154211633553 ], [ -106.144062910367424, 47.325149036337237 ], [ -106.140566825748849, 47.32513842879677 ], [ -106.140262691223086, 47.325194278876459 ], [ -106.138749158762963, 47.32519364961999 ], [ -106.133497200934428, 47.325191311726684 ], [ -106.132567280588049, 47.325190872523244 ], [ -106.132240231549659, 47.325133614021844 ], [ -106.12951607359318, 47.325111803563161 ], [ -106.129045509636811, 47.325026487293727 ], [ -106.128242100056312, 47.325023281819959 ] ] ] } },
{ "type": "Feature", "properties": { "CountyName": "McCone", "OwnerName_Grouped": "GREAT NORTHERN PROPERTIES", "OwnerName": "GREAT NORTHERN PROPERTIES LP", "OwnerAddre": "PO BOX 1745", "OwnerAdd_1": null, "OwnerAdd_2": null, "OwnerCity": "MILES CITY", "OwnerState": "MT", "PropType": "Vacant Land", "TotalAcres": 640.0 }, "geometry": { "type": "Polygon", "coordinates": [ [ [ -106.106828844727573, 47.296550750172933 ], [ -106.112144097645441, 47.296559021841716 ], [ -106.117459349699786, 47.296567295785536 ], [ -106.122774602408455, 47.296575569345862 ], [ -106.128089858496239, 47.296583841701086 ], [ -106.128090530870253, 47.300201252479653 ], [ -106.12809120172885, 47.303818664275248 ], [ -106.128091878137411, 47.307436070073777 ], [ -106.128092550557653, 47.311053474085512 ], [ -106.122781472682533, 47.311030930873017 ], [ -106.117474712677065, 47.311025247659799 ], [ -106.112167952692943, 47.311019566711288 ], [ -106.106861188452427, 47.311013892406301 ], [ -106.10684983080553, 47.307397758651916 ], [ -106.106838466654466, 47.303781622994542 ], [ -106.10683365797955, 47.300166188829458 ], [ -106.106828844727573, 47.296550750172933 ] ] ] } },
{ "type": "Feature", "properties": { "CountyName": "McCone", "OwnerName_Grouped": "GREAT NORTHERN PROPERTIES", "OwnerName": "GREAT NORTHERN PROPERTIES LP", "OwnerAddre": "PO BOX 1745", "OwnerAdd_1": null, "OwnerAdd_2": null, "OwnerCity": "MILES CITY", "OwnerState": "MT", "PropType": "Vacant Land", "TotalAcres": 640.0 }, "geometry": { "type": "Polygon", "coordinates": [ [ [ -106.128081713515513, 47.282125221830483 ], [ -106.133397261220352, 47.282120718786459 ], [ -106.138712809690276, 47.282116216241761 ], [ -106.144028361592675, 47.282111714273363 ], [ -106.149343907815577, 47.282107210812953 ], [ -106.149347456943772, 47.285728329607288 ], [ -106.149351005119456, 47.289349446772128 ], [ -106.149354556250955, 47.292970563307676 ], [ -106.149358104013089, 47.296591674511014 ], [ -106.144041046054966, 47.296589716761332 ], [ -106.138723983648489, 47.296587758345957 ], [ -106.133406919412664, 47.296585799341528 ], [ -106.128089858496239, 47.296583841701086 ], [ -106.128087820845479, 47.292969191799067 ], [ -106.128085786171141, 47.289354537669283 ], [ -106.128083748959114, 47.285739882767906 ], [ -106.128081713515513, 47.282125221830483 ] ] ] } },
{ "type": "Feature", "properties": { "CountyName": "McCone", "OwnerName_Grouped": "GREAT NORTHERN PROPERTIES", "OwnerName": "GREAT NORTHERN PROPERTIES LP", "OwnerAddre": "PO BOX 1745", "OwnerAdd_1": null, "OwnerAdd_2": null, "OwnerCity": "MILES CITY", "OwnerState": "MT", "PropType": "Vacant Land", "TotalAcres": 637.12 }, "geometry": { "type": "Polygon", "coordinates": [ [ [ -106.149321761677754, 47.267654405808244 ], [ -106.154640695192498, 47.267657710409061 ], [ -106.159959628372633, 47.267661016850973 ], [ -106.165278562676662, 47.267664323373985 ], [ -106.170517684950141, 47.267667529896379 ], [ -106.170515371702933, 47.27128386115217 ], [ -106.170513060615647, 47.274900191859246 ], [ -106.170508930511801, 47.278516285519672 ], [ -106.170504801168974, 47.282132375867022 ], [ -106.165298342008413, 47.282126121144081 ], [ -106.15998019897421, 47.282119819380384 ], [ -106.154662052602376, 47.282113514087179 ], [ -106.149343907815577, 47.282107210812953 ], [ -106.149338372896864, 47.278494013069718 ], [ -106.14933283333049, 47.274880813624968 ], [ -106.149327298478269, 47.271267610964102 ], [ -106.149321761677754, 47.267654405808244 ] ] ] } },
{ "type": "Feature", "properties": { "CountyName": "McCone", "OwnerName_Grouped": "GREAT NORTHERN PROPERTIES", "OwnerName": "GREAT NORTHERN PROPERTIES LP", "OwnerAddre": "PO BOX 1745", "OwnerAdd_1": null, "OwnerAdd_2": null, "OwnerCity": "MILES CITY", "OwnerState": "MT", "PropType": "Vacant Land", "TotalAcres": 639.88 }, "geometry": { "type": "Polygon", "coordinates": [ [ [ -106.128088630182319, 47.25319279191762 ], [ -106.133389724662294, 47.253191791913309 ], [ -106.138690819455334, 47.253190790872779 ], [ -106.143991917056908, 47.253189791570655 ], [ -106.149293011227698, 47.253188788418903 ], [ -106.149300197049271, 47.256805650115744 ], [ -106.149307386656886, 47.260422505925476 ], [ -106.149314574428502, 47.264039361074921 ], [ -106.149321761677754, 47.267654405808244 ], [ -106.144009065273579, 47.267653874985541 ], [ -106.138696374933446, 47.267653340478844 ], [ -106.133383683460821, 47.267652811087366 ], [ -106.128070990077944, 47.267652277780456 ], [ -106.128075395044362, 47.26404011946051 ], [ -106.128079805613211, 47.260424346535373 ], [ -106.128084219602982, 47.256808569548582 ], [ -106.128088630182319, 47.25319279191762 ] ] ] } },
{ "type": "Feature", "properties": { "CountyName": "McCone", "OwnerName_Grouped": "GREAT NORTHERN PROPERTIES", "OwnerName": "GREAT NORTHERN PROPERTIES LP", "OwnerAddre": "PO BOX 1745", "OwnerAdd_1": null, "OwnerAdd_2": null, "OwnerCity": "MILES CITY", "OwnerState": "MT", "PropType": "Vacant Land", "TotalAcres": 640.0 }, "geometry": { "type": "Polygon", "coordinates": [ [ [ -106.10678758061124, 47.245937656696917 ], [ -106.10678303647785, 47.24231862743553 ], [ -106.106778491526271, 47.238699596721212 ], [ -106.112098615577878, 47.238707111542666 ], [ -106.117418738788189, 47.23871462522478 ], [ -106.122738866405669, 47.238722138822112 ], [ -106.128058994493983, 47.238729652217955 ], [ -106.128066402583812, 47.242345441762318 ], [ -106.128073811678036, 47.245961228099667 ], [ -106.128081219135723, 47.249577011138207 ], [ -106.128088630182319, 47.25319279191762 ], [ -106.122765640720289, 47.253188519120435 ], [ -106.117442649477297, 47.253184250380755 ], [ -106.112119664808432, 47.253179978738409 ], [ -106.106796676010759, 47.253175705680789 ], [ -106.106792127945113, 47.249556683708626 ], [ -106.10678758061124, 47.245937656696917 ] ] ] } },
{ "type": "Feature", "properties": { "CountyName": "McCone", "OwnerName_Grouped": "GREAT NORTHERN PROPERTIES", "OwnerName": "GREAT NORTHERN PROPERTIES LP", "OwnerAddre": "PO BOX 1745", "OwnerAdd_1": null, "OwnerAdd_2": null, "OwnerCity": "MILES CITY", "OwnerState": "MT", "PropType": "Vacant Land", "TotalAcres": 638.08 }, "geometry": { "type": "Polygon", "coordinates": [ [ [ -106.149270729761582, 47.238712367311663 ], [ -106.154584188468348, 47.238711739806632 ], [ -106.159897650186352, 47.238711111932922 ], [ -106.165211107018052, 47.238710483460295 ], [ -106.170471435758671, 47.238709868555091 ], [ -106.170475789024394, 47.242329251268863 ], [ -106.170480139256497, 47.245948625259679 ], [ -106.170484491231022, 47.249567998758934 ], [ -106.170488843571576, 47.253187372613148 ], [ -106.165245744883649, 47.253187752054004 ], [ -106.159928167126751, 47.253188096183102 ], [ -106.154610589539416, 47.253188444048725 ], [ -106.149293011227698, 47.253188788418903 ], [ -106.149287439298135, 47.249569689553844 ], [ -106.149281869727801, 47.245950582989835 ], [ -106.149276299479823, 47.242331474958682 ], [ -106.149270729761582, 47.238712367311663 ] ] ] } },
{ "type": "Feature", "properties": { "CountyName": "McCone", "OwnerName_Grouped": "GREAT NORTHERN PROPERTIES", "OwnerName": "GREAT NORTHERN PROPERTIES LP", "OwnerAddre": "PO BOX 1745", "OwnerAdd_1": null, "OwnerAdd_2": null, "OwnerCity": "MILES CITY", "OwnerState": "MT", "PropType": "Vacant Land", "TotalAcres": 642.24 }, "geometry": { "type": "Polygon", "coordinates": [ [ [ -106.021746511060343, 47.209771828012265 ], [ -106.027051132771589, 47.209775344887504 ], [ -106.032355755150149, 47.209778861101512 ], [ -106.037660383673412, 47.209782374115989 ], [ -106.043012699686969, 47.209785895484799 ], [ -106.043018132950593, 47.213402563645722 ], [ -106.043023569298654, 47.217019233288752 ], [ -106.043029007936454, 47.220635896267439 ], [ -106.043034446961869, 47.224252561519137 ], [ -106.037634133828178, 47.224249714228307 ], [ -106.032334282447209, 47.224246933508965 ], [ -106.027034433106749, 47.22424414997738 ], [ -106.02173458824717, 47.22424136641105 ], [ -106.021737561924041, 47.220623986925851 ], [ -106.021740541737501, 47.217006605416699 ], [ -106.021743525281607, 47.213389218221558 ], [ -106.021746511060343, 47.209771828012265 ] ] ] } },
{ "type": "Feature", "properties": { "CountyName": "Treasure", "OwnerName_Grouped": "GREAT NORTHERN PROPERTIES", "OwnerName": "GREAT NORTHERN PROPERTIES", "OwnerAddre": "PO BOX 1745", "OwnerAdd_1": null, "OwnerAdd_2": null, "OwnerCity": "MILES CITY", "OwnerState": "MT", "PropType": "Vacant Land", "TotalAcres": 240.0 }, "geometry": { "type": "MultiPolygon", "coordinates": [ [ [ [ -106.954590318813544, 45.891733122774006 ], [ -106.949406010730073, 45.891742815210748 ], [ -106.949407120683418, 45.888125145119517 ], [ -106.954590759821556, 45.888116196295506 ], [ -106.954591133388874, 45.884499112813884 ], [ -106.959774078458793, 45.884491676153878 ], [ -106.959774406467034, 45.888107947377478 ], [ -106.959774632500881, 45.891724195897304 ], [ -106.95977484036024, 45.895340449713729 ], [ -106.959775054787684, 45.898956648136355 ], [ -106.954589384419648, 45.898967327564307 ], [ -106.954589856959373, 45.895350303940994 ], [ -106.954590318813544, 45.891733122774006 ] ] ], [ [ [ -106.949406010730073, 45.891742815210748 ], [ -106.949404853768954, 45.895360994252229 ], [ -106.944218833577139, 45.895372741070418 ], [ -106.94421957648612, 45.891753239933323 ], [ -106.949406010730073, 45.891742815210748 ] ] ] ] } },
{ "type": "Feature", "properties": { "CountyName": "Treasure", "OwnerName_Grouped": "GREAT NORTHERN PROPERTIES", "OwnerName": "GREAT NORTHERN PROPERTIES", "OwnerAddre": "PO BOX 1745", "OwnerAdd_1": null, "OwnerAdd_2": null, "OwnerCity": "MILES CITY", "OwnerState": "MT", "PropType": "Vacant Land", "TotalAcres": 640.32 }, "geometry": { "type": "Polygon", "coordinates": [ [ [ -106.95457439827085, 45.942336726569486 ], [ -106.959749979627148, 45.942314092876785 ], [ -106.959769315064435, 45.945932119725995 ], [ -106.959788053467449, 45.949550105182333 ], [ -106.959806894449144, 45.953167633702819 ], [ -106.959827240342889, 45.956799609589702 ], [ -106.954637132093367, 45.956812856625362 ], [ -106.949446840933575, 45.956828537943444 ], [ -106.944256292634648, 45.956848307067176 ], [ -106.939065461494749, 45.956874889390861 ], [ -106.939065184615927, 45.955554358998391 ], [ -106.939063303746664, 45.953260330933894 ], [ -106.939062222573881, 45.951939801782032 ], [ -106.939060340832356, 45.949645771275392 ], [ -106.939060092527583, 45.948325241995683 ], [ -106.939055350903715, 45.946032879195485 ], [ -106.939052627956741, 45.944712518376065 ], [ -106.939047887067417, 45.942419989276608 ], [ -106.944223349199618, 45.942389722862679 ], [ -106.949398868395932, 45.942361576945572 ], [ -106.95457439827085, 45.942336726569486 ] ] ] } },
{ "type": "Feature", "properties": { "CountyName": "Treasure", "OwnerName_Grouped": "GREAT NORTHERN PROPERTIES", "OwnerName": "GREAT NORTHERN PROPERTIES", "OwnerAddre": "PO BOX 1745", "OwnerAdd_1": null, "OwnerAdd_2": null, "OwnerCity": "MILES CITY", "OwnerState": "MT", "PropType": "Vacant Land", "TotalAcres": 40.0 }, "geometry": { "type": "Polygon", "coordinates": [ [ [ -106.93903185056547, 45.924352475210021 ], [ -106.944210202599933, 45.924328081589735 ], [ -106.944210552225627, 45.927941492335258 ], [ -106.93903292696595, 45.927966864966535 ], [ -106.939032788001057, 45.926646336077923 ], [ -106.93903185056547, 45.924352475210021 ] ] ] } },
{ "type": "Feature", "properties": { "CountyName": "Treasure", "OwnerName_Grouped": "GREAT NORTHERN PROPERTIES", "OwnerName": "GREAT NORTHERN PROPERTIES LP", "OwnerAddre": "PO BOX 1745", "OwnerAdd_1": null, "OwnerAdd_2": null, "OwnerCity": "MILES CITY", "OwnerState": "MT", "PropType": "Vacant Land", "TotalAcres": 600.0 }, "geometry": { "type": "Polygon", "coordinates": [ [ [ -106.944210552225627, 45.927941492335258 ], [ -106.944210202599933, 45.924328081589735 ], [ -106.93903185056547, 45.924352475210021 ], [ -106.939031327155234, 45.923031973387616 ], [ -106.939030387451652, 45.920738082202604 ], [ -106.939030252499606, 45.919417580966936 ], [ -106.939031761077302, 45.917116217416044 ], [ -106.939032623595722, 45.915795328133065 ], [ -106.93903413440195, 45.913494327040702 ], [ -106.944212377518923, 45.913475348626044 ], [ -106.949390595473986, 45.913456150575023 ], [ -106.954568851280428, 45.913438509298629 ], [ -106.959747090257807, 45.913422334388585 ], [ -106.959746166509049, 45.917035039426388 ], [ -106.959745203014691, 45.920647738367073 ], [ -106.959744309678257, 45.924260398563831 ], [ -106.959743408914619, 45.927873023649006 ], [ -106.95456577498139, 45.92789386028889 ], [ -106.949388153572912, 45.92791651081663 ], [ -106.944210552225627, 45.927941492335258 ] ] ] } },
{ "type": "Feature", "properties": { "CountyName": "Treasure", "OwnerName_Grouped": "GREAT NORTHERN PROPERTIES", "OwnerName": "GREAT NORTHERN PROPERTIES", "OwnerAddre": "PO BOX 1745", "OwnerAdd_1": null, "OwnerAdd_2": null, "OwnerCity": "MILES CITY", "OwnerState": "MT", "PropType": "Vacant Land", "TotalAcres": 640.0 }, "geometry": { "type": "Polygon", "coordinates": [ [ [ -106.975393027993064, 45.956756167193973 ], [ -106.980581411110649, 45.956743608241879 ], [ -106.980598279568596, 45.960536476587556 ], [ -106.98060675715405, 45.964157940098488 ], [ -106.980615282680631, 45.967779398384565 ], [ -106.980623183271021, 45.971400851644098 ], [ -106.975426405795844, 45.971401332768771 ], [ -106.970229641310127, 45.971401709750978 ], [ -106.965032912426722, 45.971401940776957 ], [ -106.959836160048141, 45.97140193626025 ], [ -106.959834751959889, 45.967781422268807 ], [ -106.959833155510111, 45.964160910329504 ], [ -106.959831854828053, 45.9605404033044 ], [ -106.959827240342889, 45.956799609589702 ], [ -106.965015950615069, 45.956783973988394 ], [ -106.970204544447597, 45.956769572088909 ], [ -106.975393027993064, 45.956756167193973 ] ] ] } },
{ "type": "Feature", "properties": { "CountyName": "Treasure", "OwnerName_Grouped": "GREAT NORTHERN PROPERTIES", "OwnerName": "GREAT NORTHERN PROPERTIES LP", "OwnerAddre": "PO BOX 1745", "OwnerAdd_1": null, "OwnerAdd_2": null, "OwnerCity": "MILES CITY", "OwnerState": "MT", "PropType": "Vacant Land", "TotalAcres": 120.0 }, "geometry": { "type": "Polygon", "coordinates": [ [ [ -106.944218833577139, 45.895372741070418 ], [ -106.949404853768954, 45.895360994252229 ], [ -106.949406010730073, 45.891742815210748 ], [ -106.954590318813544, 45.891733122774006 ], [ -106.954589856959373, 45.895350303940994 ], [ -106.954589384419648, 45.898967327564307 ], [ -106.949403723682821, 45.898979148986996 ], [ -106.944218067385734, 45.898992078074627 ], [ -106.944218833577139, 45.895372741070418 ] ] ] } },
{ "type": "Feature", "properties": { "CountyName": "Treasure", "OwnerName_Grouped": "GREAT NORTHERN PROPERTIES", "OwnerName": "GREAT NORTHERN PROPERTIES LP", "OwnerAddre": "PO BOX 1745", "OwnerAdd_1": null, "OwnerAdd_2": null, "OwnerCity": "MILES CITY", "OwnerState": "MT", "PropType": "Vacant Land", "TotalAcres": 40.0 }, "geometry": { "type": "Polygon", "coordinates": [ [ [ -106.949408193902684, 45.884507432191768 ], [ -106.954591133388874, 45.884499112813884 ], [ -106.954590759821556, 45.888116196295506 ], [ -106.949407120683418, 45.888125145119517 ], [ -106.949408193902684, 45.884507432191768 ] ] ] } },
{ "type": "Feature", "properties": { "CountyName": "Rosebud", "OwnerName_Grouped": "GREAT NORTHERN PROPERTIES", "OwnerName": "GREAT NORTHERN PROP LTD PTNSH", "OwnerAddre": "PO BOX 1745", "OwnerAdd_1": null, "OwnerAdd_2": null, "OwnerCity": "MILES CITY", "OwnerState": "MT", "PropType": "Vacant Land", "TotalAcres": 640.0 }, "geometry": { "type": "Polygon", "coordinates": [ [ [ -106.503805020915465, 45.962873892393972 ], [ -106.508999826018993, 45.962869391649008 ], [ -106.514194602628706, 45.9628648957951 ], [ -106.519389380543302, 45.962860427244273 ], [ -106.524584186292302, 45.962855926349832 ], [ -106.524585061753498, 45.966475560770014 ], [ -106.52458593705191, 45.970095225825467 ], [ -106.524586812711476, 45.97371488818905 ], [ -106.524587686234867, 45.977334522559993 ], [ -106.519392464291911, 45.977337936702121 ], [ -106.514197241486215, 45.977341351084206 ], [ -106.509002021951844, 45.977344736993302 ], [ -106.503806825784537, 45.977348151713066 ], [ -106.503806367126813, 45.973729600426502 ], [ -106.503805937295553, 45.970111021072519 ], [ -106.503805478905548, 45.966492470681786 ], [ -106.503805020915465, 45.962873892393972 ] ] ] } },
{ "type": "Feature", "properties": { "CountyName": "Rosebud", "OwnerName_Grouped": "GREAT NORTHERN PROPERTIES", "OwnerName": "GREAT NORTHERN PROP LTD PTNSH", "OwnerAddre": "PO BOX 1745", "OwnerAdd_1": null, "OwnerAdd_2": null, "OwnerCity": "MILES CITY", "OwnerState": "MT", "PropType": "Vacant Land", "TotalAcres": 640.0 }, "geometry": { "type": "Polygon", "coordinates": [ [ [ -106.752049043942634, 45.970321072625921 ], [ -106.752166260441271, 45.966696848188171 ], [ -106.752283477203392, 45.963072593415639 ], [ -106.757168348688836, 45.963094273902797 ], [ -106.762053190106997, 45.963115980671411 ], [ -106.766938059559521, 45.963137662903115 ], [ -106.771822931234539, 45.963159372203172 ], [ -106.771754688129192, 45.966766181834871 ], [ -106.771686476032826, 45.970373019420521 ], [ -106.771618260370303, 45.97397982736652 ], [ -106.771550047205039, 45.977586665247486 ], [ -106.766616175121413, 45.977582374388511 ], [ -106.761682327910009, 45.977578107900037 ], [ -106.756748481980381, 45.977573846296352 ], [ -106.751814610579814, 45.977569581718356 ], [ -106.751931827208821, 45.973945327945508 ], [ -106.752049043942634, 45.970321072625921 ] ] ] } },
{ "type": "Feature", "properties": { "CountyName": "Rosebud", "OwnerName_Grouped": "GREAT NORTHERN PROPERTIES", "OwnerName": "GREAT NORTHERN PROP LTD PTNSH", "OwnerAddre": "PO BOX 1745", "OwnerAdd_1": null, "OwnerAdd_2": null, "OwnerCity": "MILES CITY", "OwnerState": "MT", "PropType": "Vacant Land", "TotalAcres": 640.0 }, "geometry": { "type": "Polygon", "coordinates": [ [ [ -106.607616699611484, 45.933437896027009 ], [ -106.612804407788161, 45.933458490769382 ], [ -106.617992144612444, 45.933479085983187 ], [ -106.623193702648237, 45.933492349785304 ], [ -106.628388181306946, 45.933505553386254 ], [ -106.628343044791322, 45.937235716399712 ], [ -106.628297575993884, 45.940965994694572 ], [ -106.628290266969103, 45.944581398915069 ], [ -106.628282815399061, 45.948196747372009 ], [ -106.623119968495303, 45.948186422806472 ], [ -106.617957126459785, 45.948176099606641 ], [ -106.612794280338548, 45.94816577574187 ], [ -106.607631433882631, 45.948155453110139 ], [ -106.607566428328724, 45.944476142417614 ], [ -106.607501390368185, 45.94079683079363 ], [ -106.607559030320232, 45.937117347086421 ], [ -106.607616699611484, 45.933437896027009 ] ] ] } },
{ "type": "Feature", "properties": { "CountyName": "Rosebud", "OwnerName_Grouped": "GREAT NORTHERN PROPERTIES", "OwnerName": "GREAT NORTHERN PROP LTD PTNSH", "OwnerAddre": "PO BOX 1745", "OwnerAdd_1": null, "OwnerAdd_2": null, "OwnerCity": "MILES CITY", "OwnerState": "MT", "PropType": "Vacant Land", "TotalAcres": 640.0 }, "geometry": { "type": "Polygon", "coordinates": [ [ [ -106.586957804918583, 45.94755538356366 ], [ -106.587038569809764, 45.943706641789419 ], [ -106.587113230609617, 45.93986139808765 ], [ -106.587163446834396, 45.936265381789774 ], [ -106.587216205879628, 45.932668034784939 ], [ -106.592338646321537, 45.932847727401146 ], [ -106.597442126744752, 45.93303832284861 ], [ -106.602529412360482, 45.933238096372882 ], [ -106.607616699611484, 45.933437896027009 ], [ -106.607559030320232, 45.937117347086421 ], [ -106.607501390368185, 45.94079683079363 ], [ -106.607566428328724, 45.944476142417614 ], [ -106.607631433882631, 45.948155453110139 ], [ -106.60246301221855, 45.948005432798936 ], [ -106.597294620425728, 45.947855414210814 ], [ -106.592126197684166, 45.94770542369421 ], [ -106.586957804918583, 45.94755538356366 ] ] ] } },
{ "type": "Feature", "properties": { "CountyName": "Rosebud", "OwnerName_Grouped": "GREAT NORTHERN PROPERTIES", "OwnerName": "GREAT NORTHERN PROP LTD PTNSH", "OwnerAddre": "PO BOX 1745", "OwnerAdd_1": null, "OwnerAdd_2": null, "OwnerCity": "MILES CITY", "OwnerState": "MT", "PropType": "Vacant Land", "TotalAcres": 640.0 }, "geometry": { "type": "Polygon", "coordinates": [ [ [ -106.835273257248915, 45.934048619102732 ], [ -106.840463001642377, 45.934029406763145 ], [ -106.845652717736712, 45.934010222285352 ], [ -106.850842434138968, 45.933991008709924 ], [ -106.85603217644028, 45.933971824276817 ], [ -106.85602974741451, 45.937592299571996 ], [ -106.856027346607732, 45.941212773870014 ], [ -106.856024914518429, 45.944833276375 ], [ -106.856022513203854, 45.948453751797693 ], [ -106.850829435737325, 45.948475380575182 ], [ -106.845636387643935, 45.948497010424859 ], [ -106.840443305780767, 45.948518611937054 ], [ -106.835250231300634, 45.948540241021142 ], [ -106.835255994928602, 45.94491732222788 ], [ -106.835261759186309, 45.941294429690359 ], [ -106.835267521505259, 45.937671510226643 ], [ -106.835273257248915, 45.934048619102732 ] ] ] } },
{ "type": "Feature", "properties": { "CountyName": "Rosebud", "OwnerName_Grouped": "GREAT NORTHERN PROPERTIES", "OwnerName": "GREAT NORTHERN PROPERTIES LIMITED PARTNERSHIP", "OwnerAddre": "PO BOX 1745", "OwnerAdd_1": null, "OwnerAdd_2": null, "OwnerCity": "MILES CITY", "OwnerState": "MT", "PropType": "Vacant Land", "TotalAcres": 160.0 }, "geometry": { "type": "Polygon", "coordinates": [ [ [ -106.608004820581414, 45.904071405864698 ], [ -106.613180996663317, 45.904139988974705 ], [ -106.613759100290991, 45.904147660165563 ], [ -106.613726931088749, 45.905344559747832 ], [ -106.613717038558576, 45.905827357598412 ], [ -106.613617900480236, 45.907667757889058 ], [ -106.612995089739982, 45.918814123392707 ], [ -106.60787640245276, 45.918831747341613 ], [ -106.607867200649693, 45.915077155645385 ], [ -106.607858624426896, 45.911322179614544 ], [ -106.607931710507359, 45.907696805262184 ], [ -106.608004820581414, 45.904071405864698 ] ] ] } },
{ "type": "Feature", "properties": { "CountyName": "Rosebud", "OwnerName_Grouped": "GREAT NORTHERN PROPERTIES", "OwnerName": "GREAT NORTHERN PROP LTD PTNSH", "OwnerAddre": "PO BOX 1745", "OwnerAdd_1": null, "OwnerAdd_2": null, "OwnerCity": "MILES CITY", "OwnerState": "MT", "PropType": "Vacant Land", "TotalAcres": 84.82 }, "geometry": { "type": "Polygon", "coordinates": [ [ [ -106.613617900480236, 45.907667757889058 ], [ -106.616827434312214, 45.909950447408121 ], [ -106.61674102741712, 45.911233547829276 ], [ -106.616740258439066, 45.911248979239055 ], [ -106.616305737419736, 45.913631714814926 ], [ -106.616791894536235, 45.913711127164298 ], [ -106.616776866346896, 45.914350347837789 ], [ -106.616750187836459, 45.915233287080653 ], [ -106.616717269049076, 45.918801331195112 ], [ -106.612995089739982, 45.918814123392707 ], [ -106.613617900480236, 45.907667757889058 ] ] ] } },
{ "type": "Feature", "properties": { "CountyName": "Rosebud", "OwnerName_Grouped": "GREAT NORTHERN PROPERTIES", "OwnerName": "GREAT NORTHERN PROP LTD PTNSH", "OwnerAddre": "PO BOX 1745", "OwnerAdd_1": null, "OwnerAdd_2": null, "OwnerCity": "MILES CITY", "OwnerState": "MT", "PropType": "Vacant Land", "TotalAcres": 640.0 }, "geometry": { "type": "Polygon", "coordinates": [ [ [ -106.855873239010705, 46.06410954998632 ], [ -106.861067959433029, 46.064107551831384 ], [ -106.866262683427891, 46.064105579621845 ], [ -106.871460209137709, 46.064103559154766 ], [ -106.87665770746419, 46.064101509614915 ], [ -106.876650531148783, 46.067719311396978 ], [ -106.876643322991285, 46.071337111179091 ], [ -106.876636120469684, 46.074954909821223 ], [ -106.876628942801872, 46.078572711359683 ], [ -106.871429693264702, 46.0785746779177 ], [ -106.866230470663496, 46.078576669711595 ], [ -106.861034027185909, 46.078578587391391 ], [ -106.855837613205466, 46.078580503611832 ], [ -106.855846512277196, 46.074962758382789 ], [ -106.855855438585351, 46.071345042233354 ], [ -106.855864339301277, 46.06772729719804 ], [ -106.855873239010705, 46.06410954998632 ] ] ] } },
{ "type": "Feature", "properties": { "CountyName": "Rosebud", "OwnerName_Grouped": "GREAT NORTHERN PROPERTIES", "OwnerName": "GREAT NORTHERN PROP LTD PTNSH", "OwnerAddre": "PO BOX 1745", "OwnerAdd_1": null, "OwnerAdd_2": null, "OwnerCity": "MILES CITY", "OwnerState": "MT", "PropType": "Vacant Land", "TotalAcres": 640.0 }, "geometry": { "type": "Polygon", "coordinates": [ [ [ -106.233402193417959, 46.036408148711935 ], [ -106.238603419459707, 46.036402996279747 ], [ -106.243804646834022, 46.036397845701217 ], [ -106.249005877016359, 46.036392694315488 ], [ -106.254206903668916, 46.036388553233209 ], [ -106.254238475351215, 46.040008902319762 ], [ -106.254270023395648, 46.043629220596777 ], [ -106.254301595870814, 46.047249569795646 ], [ -106.254333170590826, 46.050869888003163 ], [ -106.249124795009692, 46.050873634420483 ], [ -106.243916454598718, 46.050877340723844 ], [ -106.238708143911353, 46.050881076127332 ], [ -106.233499803989545, 46.050884809194365 ], [ -106.233475400429626, 46.047265651611021 ], [ -106.233450996395661, 46.043646492715496 ], [ -106.233426596140845, 46.040027304718556 ], [ -106.233402193417959, 46.036408148711935 ] ] ] } },
{ "type": "Feature", "properties": { "CountyName": "Rosebud", "OwnerName_Grouped": "GREAT NORTHERN PROPERTIES", "OwnerName": "GREAT NORTHERN PROP LTD PTNSH", "OwnerAddre": "PO BOX 1745", "OwnerAdd_1": null, "OwnerAdd_2": null, "OwnerCity": "MILES CITY", "OwnerState": "MT", "PropType": "Vacant Land", "TotalAcres": 640.0 }, "geometry": { "type": "Polygon", "coordinates": [ [ [ -106.897472340482352, 46.06410045520721 ], [ -106.892268676335192, 46.064100725038962 ], [ -106.887065039370867, 46.064100996210271 ], [ -106.8818613752928, 46.064101240443797 ], [ -106.87665770746419, 46.064101509614915 ], [ -106.87666369138158, 46.060484434375404 ], [ -106.876669646387711, 46.056867326608064 ], [ -106.876675600467294, 46.053250250021186 ], [ -106.876681297644296, 46.049633175241866 ], [ -106.8818828045722, 46.049632430242696 ], [ -106.887084052624829, 46.049631688180376 ], [ -106.892285301986831, 46.049630945217579 ], [ -106.897486551303004, 46.049630203123314 ], [ -106.897483013515725, 46.053247750760285 ], [ -106.897479446706541, 46.056865328934634 ], [ -106.897475908107438, 46.060482876816337 ], [ -106.897472340482352, 46.06410045520721 ] ] ] } },
{ "type": "Feature", "properties": { "CountyName": "Rosebud", "OwnerName_Grouped": "GREAT NORTHERN PROPERTIES", "OwnerName": "GREAT NORTHERN PROP LTD PTNSH", "OwnerAddre": "PO BOX 1745", "OwnerAdd_1": null, "OwnerAdd_2": null, "OwnerCity": "MILES CITY", "OwnerState": "MT", "PropType": "Vacant Land", "TotalAcres": 586.84 }, "geometry": { "type": "Polygon", "coordinates": [ [ [ -106.705699799141343, 46.035703888257771 ], [ -106.710856674387443, 46.035711693647173 ], [ -106.710823863802432, 46.039302295579454 ], [ -106.710791028138289, 46.04289290029908 ], [ -106.710779382725505, 46.046497911422286 ], [ -106.710767683575256, 46.050110062263563 ], [ -106.705651676193185, 46.050122399804529 ], [ -106.700535667565447, 46.050134736171074 ], [ -106.695419657439146, 46.050147075860842 ], [ -106.693981544554532, 46.050150567906492 ], [ -106.692792954337818, 46.046535327266518 ], [ -106.692483698384294, 46.045597564003316 ], [ -106.691008520244921, 46.043653323443465 ], [ -106.690266294922324, 46.042955959357521 ], [ -106.690266105326458, 46.042919383072466 ], [ -106.690247333618217, 46.039299368212347 ], [ -106.6902285618646, 46.035679353920486 ], [ -106.695385650692003, 46.035687549036297 ], [ -106.700542738035594, 46.035695717446579 ], [ -106.705699799141343, 46.035703888257771 ] ] ] } },
{ "type": "Feature", "properties": { "CountyName": "Rosebud", "OwnerName_Grouped": "GREAT NORTHERN PROPERTIES", "OwnerName": "GREAT NORTHERN PROP LTD PTNSH", "OwnerAddre": "PO BOX 1745", "OwnerAdd_1": null, "OwnerAdd_2": null, "OwnerCity": "MILES CITY", "OwnerState": "MT", "PropType": "Vacant Land", "TotalAcres": 640.0 }, "geometry": { "type": "Polygon", "coordinates": [ [ [ -106.212505665579798, 46.021899476345098 ], [ -106.217705698524014, 46.021904799202794 ], [ -106.222905705506008, 46.021910093380562 ], [ -106.228105741447848, 46.021915413632215 ], [ -106.233305775561817, 46.021920734734472 ], [ -106.233329871459802, 46.025542589358572 ], [ -106.233353996648162, 46.029164441822331 ], [ -106.233378092760645, 46.032786294919397 ], [ -106.233402193417959, 46.036408148711935 ], [ -106.228194963478472, 46.0364059653607 ], [ -106.222987706471557, 46.036403783341264 ], [ -106.217780450943664, 46.036401600781552 ], [ -106.212573221405336, 46.036399418399284 ], [ -106.212556316373991, 46.0327744267775 ], [ -106.212539444456212, 46.029149461044199 ], [ -106.212522541550285, 46.025524468889266 ], [ -106.212505665579798, 46.021899476345098 ] ] ] } },
{ "type": "Feature", "properties": { "CountyName": "Rosebud", "OwnerName_Grouped": "GREAT NORTHERN PROPERTIES", "OwnerName": "GREAT NORTHERN PROP LTD PTNSH", "OwnerAddre": "PO BOX 1745", "OwnerAdd_1": null, "OwnerAdd_2": null, "OwnerCity": "MILES CITY", "OwnerState": "MT", "PropType": "Vacant Land", "TotalAcres": 640.0 }, "geometry": { "type": "Polygon", "coordinates": [ [ [ -106.711520693205443, 45.962959958167858 ], [ -106.716667786889559, 45.962974716997053 ], [ -106.72181488153096, 45.962989503789728 ], [ -106.726973090655591, 45.963018293617388 ], [ -106.732118329205818, 45.963030735712735 ], [ -106.732033475053186, 45.966666321423212 ], [ -106.731948649561431, 45.970301936007928 ], [ -106.731863797464115, 45.973937523150944 ], [ -106.731778941901212, 45.977573110427727 ], [ -106.726641009619286, 45.977560334726562 ], [ -106.721494595533784, 45.977536887290327 ], [ -106.716354808701013, 45.97752177131369 ], [ -106.711215082650469, 45.977506727847448 ], [ -106.711291439357566, 45.973869972718035 ], [ -106.711367856951469, 45.970233320180377 ], [ -106.711444275006869, 45.966596638153938 ], [ -106.711520693205443, 45.962959958167858 ] ] ] } },
{ "type": "Feature", "properties": { "CountyName": "Rosebud", "OwnerName_Grouped": "GREAT NORTHERN PROPERTIES", "OwnerName": "GREAT NORTHERN PROP LTD PTNSH", "OwnerAddre": "PO BOX 1745", "OwnerAdd_1": null, "OwnerAdd_2": null, "OwnerCity": "MILES CITY", "OwnerState": "MT", "PropType": "Vacant Land", "TotalAcres": 419.42 }, "geometry": { "type": "Polygon", "coordinates": [ [ [ -106.835210119487797, 45.962990670137437 ], [ -106.840403169128834, 45.962981373088951 ], [ -106.845596192316748, 45.962972077606011 ], [ -106.845718680296528, 45.962971861959112 ], [ -106.845718387405427, 45.963063402267935 ], [ -106.845850051003225, 45.963314269397074 ], [ -106.845916259398876, 45.963817196438704 ], [ -106.846145761390019, 45.964000129632005 ], [ -106.846245400767202, 45.964593816950199 ], [ -106.846803121849533, 45.965370791260064 ], [ -106.846836392229008, 45.965621671632768 ], [ -106.847355771352369, 45.966587200249272 ], [ -106.847755994800664, 45.967335072997699 ], [ -106.847691223453111, 45.967472056166571 ], [ -106.848019870492621, 45.967722887660159 ], [ -106.848282132373782, 45.968614727887015 ], [ -106.849005277478525, 45.969848416202268 ], [ -106.84900467859552, 45.970076252370106 ], [ -106.849104341288651, 45.970122372382555 ], [ -106.849097068293148, 45.970202442709891 ], [ -106.849071043252536, 45.970510281778722 ], [ -106.85002183885544, 45.973818904876659 ], [ -106.850651709855228, 45.976017303577713 ], [ -106.850771247324005, 45.976612648010573 ], [ -106.850949876359749, 45.97743537955494 ], [ -106.850770163608175, 45.9774356539452 ], [ -106.845578470823298, 45.977443699951394 ], [ -106.840386753241717, 45.977451718924833 ], [ -106.835195034106164, 45.977459763649016 ], [ -106.835198827407396, 45.973842483124749 ], [ -106.835202590622501, 45.970225201885363 ], [ -106.835206354645834, 45.966607948596589 ], [ -106.835210119487797, 45.962990670137437 ] ] ] } },
{ "type": "Feature", "properties": { "CountyName": "Rosebud", "OwnerName_Grouped": "GREAT NORTHERN PROPERTIES", "OwnerName": "GREAT NORTHERN PROP LTD PTNSH", "OwnerAddre": "PO BOX 1745", "OwnerAdd_1": null, "OwnerAdd_2": null, "OwnerCity": "MILES CITY", "OwnerState": "MT", "PropType": "Vacant Land", "TotalAcres": 640.48 }, "geometry": { "type": "Polygon", "coordinates": [ [ [ -106.690771042268651, 45.948346576204401 ], [ -106.695992990610819, 45.948374231991316 ], [ -106.701214942317876, 45.948401858329269 ], [ -106.706436866090002, 45.948429486862103 ], [ -106.711658815187221, 45.948457111711491 ], [ -106.711607112424431, 45.952081606600196 ], [ -106.711557245790019, 45.95569754974801 ], [ -106.711538666796756, 45.959317331572819 ], [ -106.711520693205443, 45.962959958167858 ], [ -106.70631276450284, 45.962934833030694 ], [ -106.701104810154462, 45.962909682702147 ], [ -106.695896883019614, 45.962884558935656 ], [ -106.690688929046516, 45.962859407244189 ], [ -106.690703430894274, 45.959240303844759 ], [ -106.690717902685947, 45.955621171864784 ], [ -106.690743055517217, 45.951990330406097 ], [ -106.690771042268651, 45.948346576204401 ] ] ] } },
{ "type": "Feature", "properties": { "CountyName": "Rosebud", "OwnerName_Grouped": "GREAT NORTHERN PROPERTIES", "OwnerName": "GREAT NORTHERN PROP LTD PTNSH", "OwnerAddre": "PO BOX 1745", "OwnerAdd_1": null, "OwnerAdd_2": null, "OwnerCity": "MILES CITY", "OwnerState": "MT", "PropType": "Vacant Land", "TotalAcres": 640.76 }, "geometry": { "type": "Polygon", "coordinates": [ [ [ -106.711658815187221, 45.948457111711491 ], [ -106.716839144077326, 45.948467541731247 ], [ -106.722019500201583, 45.948477997265265 ], [ -106.727211767509928, 45.948503522579614 ], [ -106.732392109811641, 45.948513953909796 ], [ -106.732302275547113, 45.952145113411554 ], [ -106.732213394435831, 45.95577206101941 ], [ -106.732166014974297, 45.959395037228887 ], [ -106.732118329205818, 45.963030735712735 ], [ -106.726973090655591, 45.963018293617388 ], [ -106.72181488153096, 45.962989503789728 ], [ -106.716667786889559, 45.962974716997053 ], [ -106.711520693205443, 45.962959958167858 ], [ -106.711538666796756, 45.959317331572819 ], [ -106.711557245790019, 45.95569754974801 ], [ -106.711607112424431, 45.952081606600196 ], [ -106.711658815187221, 45.948457111711491 ] ] ] } },
{ "type": "Feature", "properties": { "CountyName": "Rosebud", "OwnerName_Grouped": "GREAT NORTHERN PROPERTIES", "OwnerName": "GREAT NORTHERN PROP LTD PTNSH", "OwnerAddre": "PO BOX 1745", "OwnerAdd_1": null, "OwnerAdd_2": null, "OwnerCity": "MILES CITY", "OwnerState": "MT", "PropType": "Vacant Land", "TotalAcres": 640.0 }, "geometry": { "type": "Polygon", "coordinates": [ [ [ -106.711669376556088, 45.941153490154264 ], [ -106.71167464140359, 45.937501693637749 ], [ -106.711679704113195, 45.933850810938068 ], [ -106.716880735283667, 45.933870049424435 ], [ -106.722081800422103, 45.933889288155008 ], [ -106.727285891990491, 45.933906890758976 ], [ -106.732494079968163, 45.933922288797149 ], [ -106.732461590621554, 45.937572769654167 ], [ -106.732437942724289, 45.941218481989523 ], [ -106.732415003280423, 45.944865872787638 ], [ -106.732392109811641, 45.948513953909796 ], [ -106.727211767509928, 45.948503522579614 ], [ -106.722019500201583, 45.948477997265265 ], [ -106.716839144077326, 45.948467541731247 ], [ -106.711658815187221, 45.948457111711491 ], [ -106.711664082458171, 45.94480531673431 ], [ -106.711669376556088, 45.941153490154264 ] ] ] } },
{ "type": "Feature", "properties": { "CountyName": "Rosebud", "OwnerName_Grouped": "GREAT NORTHERN PROPERTIES", "OwnerName": "GREAT NORTHERN PROPERTIES LIMITED PARTNERSHIP", "OwnerAddre": "PO BOX 1745", "OwnerAdd_1": null, "OwnerAdd_2": null, "OwnerCity": "MILES CITY", "OwnerState": "MT", "PropType": "Vacant Land", "TotalAcres": 640.0 }, "geometry": { "type": "Polygon", "coordinates": [ [ [ -106.876812097398897, 45.933886696423492 ], [ -106.881995366411019, 45.933885957265382 ], [ -106.887178666447141, 45.933885217250925 ], [ -106.892361938181551, 45.933884475897308 ], [ -106.897545235656395, 45.933883737162915 ], [ -106.897542114559002, 45.937500850389284 ], [ -106.897539017672216, 45.941117936397362 ], [ -106.897535895878576, 45.944735050770049 ], [ -106.89753280225321, 45.948352136186791 ], [ -106.892347724102322, 45.948358015221743 ], [ -106.887162673388076, 45.948363895035762 ], [ -106.881977624382444, 45.948369773232052 ], [ -106.876792575607126, 45.94837562636171 ], [ -106.876797446643309, 45.944753398865679 ], [ -106.87680232210495, 45.94113117519592 ], [ -106.876807223015518, 45.937508920735503 ], [ -106.876812097398897, 45.933886696423492 ] ] ] } },
{ "type": "Feature", "properties": { "CountyName": "Rosebud", "OwnerName_Grouped": "GREAT NORTHERN PROPERTIES", "OwnerName": "GREAT NORTHERN PROPERTIES LIMITED PARTNERSHIP", "OwnerAddre": "PO BOX 1745", "OwnerAdd_1": null, "OwnerAdd_2": null, "OwnerCity": "MILES CITY", "OwnerState": "MT", "PropType": "Vacant Land", "TotalAcres": 200.0 }, "geometry": { "type": "Polygon", "coordinates": [ [ [ -106.897545235656395, 45.933883737162915 ], [ -106.902733593346269, 45.933881191254407 ], [ -106.904033822390872, 45.93388056832886 ], [ -106.904032034224954, 45.93749898683209 ], [ -106.904027696806153, 45.941117317685091 ], [ -106.904019141373027, 45.948353283682657 ], [ -106.902717851526575, 45.948353035218723 ], [ -106.89753280225321, 45.948352136186791 ], [ -106.897535895878576, 45.944735050770049 ], [ -106.897539017672216, 45.941117936397362 ], [ -106.897542114559002, 45.937500850389284 ], [ -106.897545235656395, 45.933883737162915 ] ] ] } },
{ "type": "Feature", "properties": { "CountyName": "Rosebud", "OwnerName_Grouped": "GREAT NORTHERN PROPERTIES", "OwnerName": "GREAT NORTHERN PROP LTD PTNSH", "OwnerAddre": "PO BOX 1745", "OwnerAdd_1": null, "OwnerAdd_2": null, "OwnerCity": "MILES CITY", "OwnerState": "MT", "PropType": "Vacant Land", "TotalAcres": 600.0 }, "geometry": { "type": "Polygon", "coordinates": [ [ [ -106.607795544708978, 45.922509413672522 ], [ -106.612943754364125, 45.922496246129242 ], [ -106.612995089739982, 45.918814123392707 ], [ -106.616717269049076, 45.918801331195112 ], [ -106.618113775594423, 45.918796499297812 ], [ -106.621865593752332, 45.918800336267566 ], [ -106.623310116094572, 45.918801780349085 ], [ -106.623819510363347, 45.918802311516203 ], [ -106.625122096511504, 45.918803659546271 ], [ -106.626440135257624, 45.918805008222499 ], [ -106.628506457571802, 45.918807090994527 ], [ -106.628476853996972, 45.922481669405272 ], [ -106.628447281349537, 45.9261562732705 ], [ -106.628417680458583, 45.929830849722116 ], [ -106.628388181306946, 45.933505553386254 ], [ -106.623193702648237, 45.933492349785304 ], [ -106.617992144612444, 45.933479085983187 ], [ -106.612804407788161, 45.933458490769382 ], [ -106.607616699611484, 45.933437896027009 ], [ -106.607665692503858, 45.929812473665343 ], [ -106.607714686535346, 45.92618705524918 ], [ -106.607795544708978, 45.922509413672522 ] ] ] } },
{ "type": "Feature", "properties": { "CountyName": "Rosebud", "OwnerName_Grouped": "GREAT NORTHERN PROPERTIES", "OwnerName": "GREAT NORTHERN PROPERTIES LP", "OwnerAddre": "PO BOX 1745", "OwnerAdd_1": null, "OwnerAdd_2": null, "OwnerCity": "MILES CITY", "OwnerState": "MT", "PropType": "Industrial Property", "TotalAcres": 640.0 }, "geometry": { "type": "Polygon", "coordinates": [ [ [ -106.56632520529439, 45.904719909645401 ], [ -106.571557481406856, 45.904524144040927 ], [ -106.576776018498265, 45.904332984201787 ], [ -106.582002494590171, 45.904141536971238 ], [ -106.587229000950302, 45.903950092100857 ], [ -106.587166762647598, 45.907558658427256 ], [ -106.587104498042095, 45.911167227186567 ], [ -106.587224160999142, 45.914654703955243 ], [ -106.587344365543657, 45.918142161912975 ], [ -106.58207949473676, 45.918424855057346 ], [ -106.576814658029548, 45.918707552112608 ], [ -106.571529864358851, 45.918977246563969 ], [ -106.56624506962649, 45.919246942985225 ], [ -106.566261111600156, 45.915616235382224 ], [ -106.566277152828349, 45.911985528041782 ], [ -106.566301180609457, 45.908352718715172 ], [ -106.56632520529439, 45.904719909645401 ] ] ] } },
{ "type": "Feature", "properties": { "CountyName": "Rosebud", "OwnerName_Grouped": "GREAT NORTHERN PROPERTIES", "OwnerName": "GREAT NORTHERN PROP LTD PTNSH", "OwnerAddre": "PO BOX 1745", "OwnerAdd_1": null, "OwnerAdd_2": null, "OwnerCity": "MILES CITY", "OwnerState": "MT", "PropType": "Vacant Land", "TotalAcres": 632.0 }, "geometry": { "type": "Polygon", "coordinates": [ [ [ -106.793957520949135, 45.905015848888389 ], [ -106.799076509432808, 45.905008221334988 ], [ -106.804195496616771, 45.905000592583789 ], [ -106.809347017022532, 45.904996714266652 ], [ -106.814242466456889, 45.904993229138078 ], [ -106.814136669488079, 45.908641593948133 ], [ -106.814030845563565, 45.912289985645295 ], [ -106.813925021735599, 45.915938378745608 ], [ -106.813819196759525, 45.919586772304172 ], [ -106.808962802102712, 45.919581673375447 ], [ -106.803823590687685, 45.919576193101172 ], [ -106.798730434339106, 45.919569404285767 ], [ -106.793637252498129, 45.919562586316708 ], [ -106.793717326343568, 45.915925916316631 ], [ -106.793797370387779, 45.912289218112768 ], [ -106.79387744639368, 45.908652547246135 ], [ -106.793957520949135, 45.905015848888389 ] ] ] } },
{ "type": "Feature", "properties": { "CountyName": "Rosebud", "OwnerName_Grouped": "GREAT NORTHERN PROPERTIES", "OwnerName": "GREAT NORTHERN PROPERTIES LP", "OwnerAddre": "PO BOX 1745", "OwnerAdd_1": null, "OwnerAdd_2": null, "OwnerCity": "MILES CITY", "OwnerState": "MT", "PropType": "Vacant Land", "TotalAcres": 40.0 }, "geometry": { "type": "Polygon", "coordinates": [ [ [ -106.939030252499606, 45.919417580966936 ], [ -106.933849371934897, 45.91941190471654 ], [ -106.933850519368747, 45.915790901249672 ], [ -106.939032623595722, 45.915795328133065 ], [ -106.939031761077302, 45.917116217416044 ], [ -106.939030252499606, 45.919417580966936 ] ] ] } },
{ "type": "Feature", "properties": { "CountyName": "Rosebud", "OwnerName_Grouped": "GREAT NORTHERN PROPERTIES", "OwnerName": "GREAT NORTHERN PROPERTIES LTD PTNSHP", "OwnerAddre": "PO BOX 1745", "OwnerAdd_1": null, "OwnerAdd_2": null, "OwnerCity": "MILES CITY", "OwnerState": "MT", "PropType": "Vacant Land", "TotalAcres": 21.63 }, "geometry": { "type": "Polygon", "coordinates": [ [ [ -106.602740791375908, 45.875779792804771 ], [ -106.607936402635801, 45.875790730641526 ], [ -106.608007587309444, 45.87743761511733 ], [ -106.608008798315765, 45.877465627774484 ], [ -106.605329529586712, 45.879062673438384 ], [ -106.602848992795771, 45.879049760444275 ], [ -106.602740791375908, 45.875779792804771 ] ] ] } },
{ "type": "Feature", "properties": { "CountyName": "Rosebud", "OwnerName_Grouped": "GREAT NORTHERN PROPERTIES", "OwnerName": "GREAT NORTHERN PROPERTIES LMTD PTNSHP", "OwnerAddre": "PO BOX 1745", "OwnerAdd_1": null, "OwnerAdd_2": null, "OwnerCity": "MILES CITY", "OwnerState": "MT", "PropType": "Vacant Land", "TotalAcres": 49.5 }, "geometry": { "type": "Polygon", "coordinates": [ [ [ -106.87684920483737, 45.875978122577209 ], [ -106.872025815672274, 45.87598658298667 ], [ -106.872031921034946, 45.871495690682416 ], [ -106.877214271367905, 45.871506088825143 ], [ -106.877211917277222, 45.875978120234372 ], [ -106.87684920483737, 45.875978122577209 ] ] ] } },
{ "type": "Feature", "properties": { "CountyName": "Rosebud", "OwnerName_Grouped": "GREAT NORTHERN PROPERTIES", "OwnerName": "GREAT NORTHERN PROPERTIES LTD PTNSHP", "OwnerAddre": "PO BOX 1745", "OwnerAdd_1": null, "OwnerAdd_2": null, "OwnerCity": "MILES CITY", "OwnerState": "MT", "PropType": "Vacant Land", "TotalAcres": 160.0 }, "geometry": { "type": "Polygon", "coordinates": [ [ [ -106.592421737440901, 45.853686195435415 ], [ -106.5872209787114, 45.853687513897945 ], [ -106.587204004449077, 45.85007296421476 ], [ -106.587187027567722, 45.846458411265118 ], [ -106.592349000609659, 45.84647115682062 ], [ -106.597537578468177, 45.846484671813506 ], [ -106.597580424379771, 45.85008467488845 ], [ -106.597623299383443, 45.853684675398853 ], [ -106.592421737440901, 45.853686195435415 ] ] ] } },
{ "type": "Feature", "properties": { "CountyName": "Rosebud", "OwnerName_Grouped": "GREAT NORTHERN PROPERTIES", "OwnerName": "GREAT NORTHERN PROPERTIES LIMITED PARTNERSHIP", "OwnerAddre": "PO BOX 1745", "OwnerAdd_1": null, "OwnerAdd_2": null, "OwnerCity": "MILES CITY", "OwnerState": "MT", "PropType": "Vacant Land", "TotalAcres": 203.0 }, "geometry": { "type": "Polygon", "coordinates": [ [ [ -106.535177404465955, 45.843384219308263 ], [ -106.534529417400705, 45.843065036610405 ], [ -106.534332012509481, 45.842962217122306 ], [ -106.534126901641443, 45.842840853959878 ], [ -106.533949659972563, 45.842722044174842 ], [ -106.533787456944111, 45.842599840349898 ], [ -106.533657058385444, 45.842490438991582 ], [ -106.533479971394939, 45.842322082858651 ], [ -106.533331946100503, 45.842158694309397 ], [ -106.532936624222017, 45.841684222904313 ], [ -106.532779417914014, 45.841492501833187 ], [ -106.532651132786796, 45.841331357361341 ], [ -106.532546752429269, 45.841196922373335 ], [ -106.532157941774059, 45.840688117069647 ], [ -106.531957482659394, 45.840431653404451 ], [ -106.531782615246911, 45.840216918119459 ], [ -106.52945647250408, 45.837393615722753 ], [ -106.529411873499313, 45.837348755779551 ], [ -106.529340818206961, 45.837273891418363 ], [ -106.529265901767502, 45.837189924730147 ], [ -106.529197692527461, 45.837108335416843 ], [ -106.529129761369532, 45.837021414041104 ], [ -106.52907991415077, 45.836953465624482 ], [ -106.529086126569339, 45.838680928763665 ], [ -106.529024959426408, 45.840281958100149 ], [ -106.528913286551941, 45.84067574705356 ], [ -106.526142190001494, 45.84404752218159 ], [ -106.52566377099383, 45.844479856330558 ], [ -106.524760512243603, 45.844999162426767 ], [ -106.52478688382854, 45.843030990312414 ], [ -106.52483109750824, 45.839384241197429 ], [ -106.524872354687233, 45.835739339049695 ], [ -106.524913582887081, 45.832094468347606 ], [ -106.530083951613619, 45.832112875618527 ], [ -106.53525429014978, 45.832131284803445 ], [ -106.535229479438897, 45.835765226790457 ], [ -106.535204642495501, 45.839399142590047 ], [ -106.53517980455004, 45.843032614027734 ], [ -106.535177404465955, 45.843384219308263 ] ] ] } },
{ "type": "Feature", "properties": { "CountyName": "Rosebud", "OwnerName_Grouped": "GREAT NORTHERN PROPERTIES", "OwnerName": "GREAT NORTHERN PROPERTIES LTD PTNSHP", "OwnerAddre": "PO BOX 1745", "OwnerAdd_1": null, "OwnerAdd_2": null, "OwnerCity": "MILES CITY", "OwnerState": "MT", "PropType": "Vacant Land", "TotalAcres": 42.0 }, "geometry": { "type": "Polygon", "coordinates": [ [ [ -106.691281830438072, 45.828469036005423 ], [ -106.69131231986519, 45.831518069820611 ], [ -106.691309886764572, 45.832062993628625 ], [ -106.685814377046796, 45.832062809017856 ], [ -106.685774529289702, 45.828454684720221 ], [ -106.691281830438072, 45.828469036005423 ] ] ] } },
{ "type": "Feature", "properties": { "CountyName": "Rosebud", "OwnerName_Grouped": "GREAT NORTHERN PROPERTIES", "OwnerName": "GREAT NORTHERN PROPERTIES LTD PTNSHP", "OwnerAddre": "PO BOX 1745", "OwnerAdd_1": null, "OwnerAdd_2": null, "OwnerCity": "MILES CITY", "OwnerState": "MT", "PropType": "Vacant Land", "TotalAcres": 158.45 }, "geometry": { "type": "Polygon", "coordinates": [ [ [ -106.581982624771072, 45.846464084646442 ], [ -106.576778223579993, 45.846469756007828 ], [ -106.576771256508479, 45.842902814170372 ], [ -106.576764289404892, 45.839335843918931 ], [ -106.581959477425116, 45.839373726861815 ], [ -106.58715466260503, 45.839411363291994 ], [ -106.587170845331684, 45.842934886223112 ], [ -106.587187027567722, 45.846458411265118 ], [ -106.581982624771072, 45.846464084646442 ] ] ] } },
{ "type": "Feature", "properties": { "CountyName": "Rosebud", "OwnerName_Grouped": "GREAT NORTHERN PROPERTIES", "OwnerName": "GREAT NORTHERN PROP LTD PTNSH", "OwnerAddre": "PO BOX 1745", "OwnerAdd_1": null, "OwnerAdd_2": null, "OwnerCity": "MILES CITY", "OwnerState": "MT", "PropType": "Vacant Land", "TotalAcres": 640.0 }, "geometry": { "type": "Polygon", "coordinates": [ [ [ -106.710630640560723, 46.002978410054602 ], [ -106.710775463567515, 45.999346507834652 ], [ -106.710920262099194, 45.995714633120343 ], [ -106.711065002633532, 45.992082632883367 ], [ -106.716316349160607, 45.992093940697721 ], [ -106.721567726679197, 45.992105248798758 ], [ -106.726819194971341, 45.992116728879658 ], [ -106.732070428682448, 45.992127867647774 ], [ -106.731665797563295, 45.995748051230457 ], [ -106.731261195379147, 45.999368237097549 ], [ -106.730856569578876, 46.002988416734958 ], [ -106.730451972809746, 46.006608596830354 ], [ -106.72546052465502, 46.006609186640233 ], [ -106.720468885006014, 46.006609430274096 ], [ -106.715477367499503, 46.006609869563995 ], [ -106.710485814135438, 46.006610281746376 ], [ -106.710630640560723, 46.002978410054602 ] ] ] } },
{ "type": "Feature", "properties": { "CountyName": "Rosebud", "OwnerName_Grouped": "GREAT NORTHERN PROPERTIES", "OwnerName": "GREAT NORTHERN PROP LTD PTNSH", "OwnerAddre": "PO BOX 1745", "OwnerAdd_1": null, "OwnerAdd_2": null, "OwnerCity": "MILES CITY", "OwnerState": "MT", "PropType": "Vacant Land", "TotalAcres": 640.0 }, "geometry": { "type": "Polygon", "coordinates": [ [ [ -106.690588615641076, 45.977453064564628 ], [ -106.695745246167093, 45.97746648032814 ], [ -106.700901847674885, 45.97747989638529 ], [ -106.706058451242768, 45.977493311711676 ], [ -106.711215082650469, 45.977506727847448 ], [ -106.711177308163329, 45.981151353780561 ], [ -106.711134452596866, 45.984786395903626 ], [ -106.711099740235895, 45.988434514224402 ], [ -106.711065002633532, 45.992082632883367 ], [ -106.705893148559184, 45.992081207944146 ], [ -106.700721326611813, 45.992079780840122 ], [ -106.695549477036437, 45.992078357289628 ], [ -106.690377656869614, 45.992076933312056 ], [ -106.690427377468978, 45.988416817851245 ], [ -106.690477077347808, 45.984756701087626 ], [ -106.690535849439243, 45.981109674626275 ], [ -106.690588615641076, 45.977453064564628 ] ] ] } },
{ "type": "Feature", "properties": { "CountyName": "Rosebud", "OwnerName_Grouped": "GREAT NORTHERN PROPERTIES", "OwnerName": "GREAT NORTHERN PROP LTD PTNSH", "OwnerAddre": "PO BOX 1745", "OwnerAdd_1": null, "OwnerAdd_2": null, "OwnerCity": "MILES CITY", "OwnerState": "MT", "PropType": "Vacant Land", "TotalAcres": 684.34 }, "geometry": { "type": "Polygon", "coordinates": [ [ [ -106.812856027066829, 45.959937448967189 ], [ -106.812865687449886, 45.95947442688194 ], [ -106.812866189355134, 45.959450870912455 ], [ -106.812941319494485, 45.955850395574849 ], [ -106.813038256202063, 45.952221975213902 ], [ -106.813135189150074, 45.94859355507031 ], [ -106.819681524752198, 45.948577989868049 ], [ -106.824870659617318, 45.948565778365946 ], [ -106.83006045843338, 45.948553007878424 ], [ -106.835250231300634, 45.948540241021142 ], [ -106.835240327506597, 45.952162632952479 ], [ -106.83523042632909, 45.955785052070986 ], [ -106.835220216215291, 45.959405970757579 ], [ -106.835210119487797, 45.962990670137437 ], [ -106.830017542526747, 45.963005131153857 ], [ -106.824824961226383, 45.963019622244929 ], [ -106.819633716225852, 45.963032140051233 ], [ -106.812791089223737, 45.963049487426815 ], [ -106.812856027066829, 45.959937448967189 ] ] ] } },
{ "type": "Feature", "properties": { "CountyName": "Rosebud", "OwnerName_Grouped": "GREAT NORTHERN PROPERTIES", "OwnerName": "GREAT NORTHERN PROP LTD PTNSH", "OwnerAddre": "PO BOX 1745", "OwnerAdd_1": null, "OwnerAdd_2": null, "OwnerCity": "MILES CITY", "OwnerState": "MT", "PropType": "Vacant Land", "TotalAcres": 480.0 }, "geometry": { "type": "Polygon", "coordinates": [ [ [ -106.758268446420971, 45.934066514652876 ], [ -106.763446131417368, 45.93409913556733 ], [ -106.768623850573519, 45.934131757910642 ], [ -106.77380153815146, 45.934164406198697 ], [ -106.773721464379307, 45.937767771876693 ], [ -106.773641386673162, 45.941371135970009 ], [ -106.773561311344636, 45.944974501320004 ], [ -106.773481235905109, 45.948577866051025 ], [ -106.768280184703258, 45.94857249495216 ], [ -106.763079133963913, 45.948567152211197 ], [ -106.757878083811747, 45.948561809011828 ], [ -106.757975689582537, 45.944938222585634 ], [ -106.758073266224343, 45.94131452320709 ], [ -106.758170841233095, 45.93769057466718 ], [ -106.758268446420971, 45.934066514652876 ] ] ] } },
{ "type": "Feature", "properties": { "CountyName": "Rosebud", "OwnerName_Grouped": "GREAT NORTHERN PROPERTIES", "OwnerName": "GREAT NORTHERN PROPERTIES LIMITED PARTNERSHIP", "OwnerAddre": "PO BOX 1745", "OwnerAdd_1": null, "OwnerAdd_2": null, "OwnerCity": "MILES CITY", "OwnerState": "MT", "PropType": "Vacant Land", "TotalAcres": 680.0 }, "geometry": { "type": "Polygon", "coordinates": [ [ [ -106.587216205879628, 45.932668034784939 ], [ -106.587232365873945, 45.929068288656467 ], [ -106.587248570173955, 45.925468399762323 ], [ -106.587297047781306, 45.921805161948917 ], [ -106.587344365543657, 45.918142161912975 ], [ -106.592450518032052, 45.91828339004082 ], [ -106.59755664575043, 45.918424619596195 ], [ -106.602716523401526, 45.91862817196651 ], [ -106.60787640245276, 45.918831747341613 ], [ -106.607795544708978, 45.922509413672522 ], [ -106.607714686535346, 45.92618705524918 ], [ -106.607665692503858, 45.929812473665343 ], [ -106.607616699611484, 45.933437896027009 ], [ -106.602529412360482, 45.933238096372882 ], [ -106.597442126744752, 45.93303832284861 ], [ -106.592338646321537, 45.932847727401146 ], [ -106.587216205879628, 45.932668034784939 ] ] ] } },
{ "type": "Feature", "properties": { "CountyName": "Rosebud", "OwnerName_Grouped": "GREAT NORTHERN PROPERTIES", "OwnerName": "GREAT NORTHERN PROP LTD PTNSH", "OwnerAddre": "PO BOX 1745", "OwnerAdd_1": null, "OwnerAdd_2": null, "OwnerCity": "MILES CITY", "OwnerState": "MT", "PropType": "Vacant Land", "TotalAcres": 669.06 }, "geometry": { "type": "Polygon", "coordinates": [ [ [ -106.813819196759525, 45.919586772304172 ], [ -106.819743390135599, 45.919573799931136 ], [ -106.824928688270759, 45.919562421719228 ], [ -106.830113710011332, 45.919551292724584 ], [ -106.83529870381625, 45.919540162215874 ], [ -106.835292357176428, 45.923167276260529 ], [ -106.835285978801195, 45.926794390666977 ], [ -106.835279634517377, 45.930421505183247 ], [ -106.835273257248915, 45.934048619102732 ], [ -106.830083293134052, 45.934071247294895 ], [ -106.824893297424822, 45.934093877144626 ], [ -106.819704694723839, 45.934114700047331 ], [ -106.813384621056443, 45.934140539241966 ], [ -106.813513835022036, 45.930498784776951 ], [ -106.813643049948567, 45.926857029880317 ], [ -106.813731124526029, 45.923221916673235 ], [ -106.813819196759525, 45.919586772304172 ] ] ] } },
{ "type": "Feature", "properties": { "CountyName": "Rosebud", "OwnerName_Grouped": "GREAT NORTHERN PROPERTIES", "OwnerName": "GREAT NORTHERN PROPERTIES LTD PTNSH", "OwnerAddre": "PO BOX 1745", "OwnerAdd_1": null, "OwnerAdd_2": null, "OwnerCity": "MILES CITY", "OwnerState": "MT", "PropType": "Vacant Land", "TotalAcres": 640.0 }, "geometry": { "type": "Polygon", "coordinates": [ [ [ -106.876812097398897, 45.933886696423492 ], [ -106.87161710218011, 45.933907965452612 ], [ -106.86642213535778, 45.933929258694945 ], [ -106.861227142392337, 45.933950528942965 ], [ -106.85603217644028, 45.933971824276817 ], [ -106.85604046823579, 45.930350100381354 ], [ -106.856048756572079, 45.926728373889219 ], [ -106.856057019363277, 45.92310664789639 ], [ -106.856065310703869, 45.919484924592403 ], [ -106.861255778410367, 45.919463711980796 ], [ -106.866446242079107, 45.919442526780017 ], [ -106.871636705668763, 45.91942131414698 ], [ -106.876827171715902, 45.919400129075598 ], [ -106.876823408589843, 45.92302177075215 ], [ -106.876819646383652, 45.926643411750952 ], [ -106.876815857809603, 45.930265055922881 ], [ -106.876812097398897, 45.933886696423492 ] ] ] } },
{ "type": "Feature", "properties": { "CountyName": "Rosebud", "OwnerName_Grouped": "GREAT NORTHERN PROPERTIES", "OwnerName": "GREAT NORTHERN PROPERTIES LP", "OwnerAddre": "PO BOX 1745", "OwnerAdd_1": null, "OwnerAdd_2": null, "OwnerCity": "MILES CITY", "OwnerState": "MT", "PropType": "Vacant Land", "TotalAcres": 40.0 }, "geometry": { "type": "Polygon", "coordinates": [ [ [ -106.612943754364125, 45.922496246129242 ], [ -106.607795544708978, 45.922509413672522 ], [ -106.60787640245276, 45.918831747341613 ], [ -106.612995089739982, 45.918814123392707 ], [ -106.612943754364125, 45.922496246129242 ] ] ] } },
{ "type": "Feature", "properties": { "CountyName": "Rosebud", "OwnerName_Grouped": "GREAT NORTHERN PROPERTIES", "OwnerName": "GREAT NORTHERN PROP LTD PTNSH", "OwnerAddre": "PO BOX 1745", "OwnerAdd_1": null, "OwnerAdd_2": null, "OwnerCity": "MILES CITY", "OwnerState": "MT", "PropType": "Vacant Land", "TotalAcres": 640.0 }, "geometry": { "type": "Polygon", "coordinates": [ [ [ -106.628289517098267, 46.024734424972038 ], [ -106.628240009056825, 46.021102682816526 ], [ -106.633441815116129, 46.021136177081821 ], [ -106.638643647218061, 46.02116967166382 ], [ -106.643845481069945, 46.021203137119514 ], [ -106.649047286562634, 46.021236630328495 ], [ -106.649065703398009, 46.024836003898528 ], [ -106.649082991582901, 46.028434531630396 ], [ -106.649103639529301, 46.032036439867952 ], [ -106.649122422070292, 46.035636384719552 ], [ -106.643950700004652, 46.035633480656998 ], [ -106.638780670420317, 46.035633091996331 ], [ -106.63361008215081, 46.035632147882104 ], [ -106.628438074200218, 46.035629712038102 ], [ -106.628388564496404, 46.031997940426237 ], [ -106.628339027537891, 46.028366199224784 ], [ -106.628289517098267, 46.024734424972038 ] ] ] } },
{ "type": "Feature", "properties": { "CountyName": "Rosebud", "OwnerName_Grouped": "GREAT NORTHERN PROPERTIES", "OwnerName": "GREAT NORTHERN PROP LTD PTNSH", "OwnerAddre": "PO BOX 1745", "OwnerAdd_1": null, "OwnerAdd_2": null, "OwnerCity": "MILES CITY", "OwnerState": "MT", "PropType": "Vacant Land", "TotalAcres": 622.54 }, "geometry": { "type": "Polygon", "coordinates": [ [ [ -106.649143705449646, 46.00667866643019 ], [ -106.654342722246597, 46.006715806683047 ], [ -106.659539493500588, 46.006750441960563 ], [ -106.664738319327697, 46.006787460976348 ], [ -106.669937145946534, 46.006824484362973 ], [ -106.669935130434652, 46.00765784933197 ], [ -106.66993278990067, 46.008626122180942 ], [ -106.669930524498881, 46.009562671811594 ], [ -106.669928456505943, 46.010417850003037 ], [ -106.669928209169555, 46.010520389668116 ], [ -106.669927968549715, 46.010619834798163 ], [ -106.669925883415189, 46.011481695653039 ], [ -106.669923944506721, 46.012283753016376 ], [ -106.66992368391017, 46.012391207334652 ], [ -106.66991976581194, 46.014011244283886 ], [ -106.669918984449964, 46.014334096389284 ], [ -106.669911074066718, 46.017604638375289 ], [ -106.669905884131069, 46.019751784268514 ], [ -106.669902389219516, 46.021198003642148 ], [ -106.664688621027196, 46.021207653143236 ], [ -106.659474849918922, 46.021217330143806 ], [ -106.654263295994284, 46.021229259695623 ], [ -106.649047286562634, 46.021236630328495 ], [ -106.649071392586734, 46.017597130046369 ], [ -106.649095473495706, 46.013957629940457 ], [ -106.649119579592892, 46.010318132202023 ], [ -106.649143705449646, 46.00667866643019 ] ] ] } },
{ "type": "Feature", "properties": { "CountyName": "Rosebud", "OwnerName_Grouped": "GREAT NORTHERN PROPERTIES", "OwnerName": "GREAT NORTHERN PROP LTD PTNSH", "OwnerAddre": "PO BOX 1745", "OwnerAdd_1": null, "OwnerAdd_2": null, "OwnerCity": "MILES CITY", "OwnerState": "MT", "PropType": "Vacant Land", "TotalAcres": 462.59 }, "geometry": { "type": "Polygon", "coordinates": [ [ [ -106.675079843541099, 46.020348309280777 ], [ -106.675084161474558, 46.018362992937433 ], [ -106.675085843025315, 46.017589655368617 ], [ -106.675089619176916, 46.015859394775262 ], [ -106.675092446188444, 46.014564172687592 ], [ -106.675093699347414, 46.013989762736365 ], [ -106.675093765939039, 46.013959446082701 ], [ -106.675097274935055, 46.012352954910796 ], [ -106.675101385115923, 46.010471825619426 ], [ -106.675101582157765, 46.010381726762873 ], [ -106.675103415231817, 46.009539879014291 ], [ -106.675105455957507, 46.008602708909052 ], [ -106.675109437443666, 46.006773554858853 ], [ -106.680281731414141, 46.006722652450215 ], [ -106.685464581299229, 46.006695502003659 ], [ -106.690189622587923, 46.006672674741246 ], [ -106.690175953763628, 46.010299290368899 ], [ -106.690162320469412, 46.013925910384813 ], [ -106.690148660733229, 46.01755255844359 ], [ -106.690135030593126, 46.021179175587875 ], [ -106.685438913943273, 46.021179644442689 ], [ -106.680253618629266, 46.02118084476227 ], [ -106.675078014638189, 46.021189439548422 ], [ -106.675079843541099, 46.020348309280777 ] ] ] } },
{ "type": "Feature", "properties": { "CountyName": "Rosebud", "OwnerName_Grouped": "GREAT NORTHERN PROPERTIES", "OwnerName": "GREAT NORTHERN PROP LTD PTNSH", "OwnerAddre": "PO BOX 1745", "OwnerAdd_1": null, "OwnerAdd_2": null, "OwnerCity": "MILES CITY", "OwnerState": "MT", "PropType": "Vacant Land", "TotalAcres": 616.0 }, "geometry": { "type": "Polygon", "coordinates": [ [ [ -106.249439539711361, 45.51069847724299 ], [ -106.254597678345974, 45.510692768062171 ], [ -106.254586603231104, 45.514311673700448 ], [ -106.254575499593415, 45.517930607345242 ], [ -106.25456992290151, 45.521549819165358 ], [ -106.254565913851849, 45.524615326617365 ], [ -106.249390473231685, 45.52461011841352 ], [ -106.244215001065072, 45.52460485173723 ], [ -106.239064167928291, 45.524603253070786 ], [ -106.239040999777217, 45.524603279978038 ], [ -106.233867000282643, 45.524601680601592 ], [ -106.233902145576636, 45.521521340242266 ], [ -106.233907599626122, 45.521049774974529 ], [ -106.2339435226462, 45.517899626800855 ], [ -106.233948167934884, 45.517497897216572 ], [ -106.233956066560822, 45.514307469837739 ], [ -106.233957941974381, 45.513543842551549 ], [ -106.233964941970967, 45.51071534124339 ], [ -106.239123141478302, 45.510709719720325 ], [ -106.244281342440573, 45.510704098136983 ], [ -106.249439539711361, 45.51069847724299 ] ] ] } },
{ "type": "Feature", "properties": { "CountyName": "Rosebud", "OwnerName_Grouped": "GREAT NORTHERN PROPERTIES", "OwnerName": "GREAT NORTHERN PROPERTIES LTD PTNSHP", "OwnerAddre": "PO BOX 1745", "OwnerAdd_1": null, "OwnerAdd_2": null, "OwnerCity": "MILES CITY", "OwnerState": "MT", "PropType": "Vacant Land", "TotalAcres": 80.0 }, "geometry": { "type": "Polygon", "coordinates": [ [ [ -106.628859430831241, 45.79228389739469 ], [ -106.634035550940467, 45.792280198857213 ], [ -106.634071559401988, 45.795921928637249 ], [ -106.634092332907741, 45.799549397013948 ], [ -106.62888009925075, 45.799549010125553 ], [ -106.628884873003841, 45.795916447396614 ], [ -106.628859430831241, 45.79228389739469 ] ] ] } },
{ "type": "Feature", "properties": { "CountyName": "Rosebud", "OwnerName_Grouped": "GREAT NORTHERN PROPERTIES", "OwnerName": "GREAT NORTHERN PROP LTD PTNSH", "OwnerAddre": "PO BOX 1745", "OwnerAdd_1": null, "OwnerAdd_2": null, "OwnerCity": "MILES CITY", "OwnerState": "MT", "PropType": "Vacant Land", "TotalAcres": 129.0 }, "geometry": { "type": "Polygon", "coordinates": [ [ [ -106.729930213391881, 45.784932910118485 ], [ -106.732967889622245, 45.784959210593009 ], [ -106.738065959379838, 45.784971065095021 ], [ -106.743255516477802, 45.784986285778366 ], [ -106.748418089392118, 45.784990296696257 ], [ -106.748546471103566, 45.788164457026198 ], [ -106.747720347478548, 45.788165942284628 ], [ -106.743425395270833, 45.788173715404568 ], [ -106.742569407424654, 45.788175277230415 ], [ -106.73820467678857, 45.788178640608137 ], [ -106.73739366274279, 45.788179269774034 ], [ -106.732963890113155, 45.788182692910539 ], [ -106.732217902894803, 45.788183257750681 ], [ -106.729958751238556, 45.788185032890432 ], [ -106.729930213391881, 45.784932910118485 ] ] ] } },
{ "type": "Feature", "properties": { "CountyName": "Rosebud", "OwnerName_Grouped": "GREAT NORTHERN PROPERTIES", "OwnerName": "GREAT NORTHERN PROP LTD PTNSH", "OwnerAddre": "PO BOX 1745", "OwnerAdd_1": null, "OwnerAdd_2": null, "OwnerCity": "MILES CITY", "OwnerState": "MT", "PropType": "Vacant Land", "TotalAcres": 640.0 }, "geometry": { "type": "Polygon", "coordinates": [ [ [ -106.769092505400835, 45.745195786111807 ], [ -106.774254977967928, 45.745197185077025 ], [ -106.77941742342972, 45.745198611721328 ], [ -106.78457989729813, 45.74520001065887 ], [ -106.789742372469647, 45.745201410047194 ], [ -106.789767704553199, 45.748810921600302 ], [ -106.789793211098313, 45.752420383209632 ], [ -106.789805025031967, 45.756025153154503 ], [ -106.789816580556021, 45.759629796936984 ], [ -106.784661258452928, 45.75963532144111 ], [ -106.779505937671004, 45.759640872366774 ], [ -106.774346870799505, 45.75964514440237 ], [ -106.769181048583192, 45.759647107123726 ], [ -106.769158847165841, 45.756034307898744 ], [ -106.769136648868056, 45.752421481583291 ], [ -106.769114520261283, 45.748808660437234 ], [ -106.769092505400835, 45.745195786111807 ] ] ] } },
{ "type": "Feature", "properties": { "CountyName": "Rosebud", "OwnerName_Grouped": "GREAT NORTHERN PROPERTIES", "OwnerName": "GREAT NORTHERN PROPERTIES LTD PTNSHP", "OwnerAddre": "PO BOX 1745", "OwnerAdd_1": null, "OwnerAdd_2": null, "OwnerCity": "MILES CITY", "OwnerState": "MT", "PropType": "Vacant Land", "TotalAcres": 560.0 }, "geometry": { "type": "Polygon", "coordinates": [ [ [ -106.753212125628096, 45.890370443789649 ], [ -106.758368560105552, 45.890391705403644 ], [ -106.763524995988362, 45.890412936146504 ], [ -106.763495089989121, 45.894037606729967 ], [ -106.768650245492168, 45.894067088320661 ], [ -106.77380540443508, 45.894096349155269 ], [ -106.773772942770123, 45.89773724165272 ], [ -106.773740480827243, 45.901378132748498 ], [ -106.773708019760278, 45.905019025158253 ], [ -106.768556639274536, 45.904964819904507 ], [ -106.763405286769824, 45.904910616325765 ], [ -106.75825390815217, 45.904856412202612 ], [ -106.753102552542558, 45.904802205132 ], [ -106.753129931435367, 45.901194257839435 ], [ -106.753157341477447, 45.897586339570232 ], [ -106.753184746908602, 45.893978391822614 ], [ -106.753212125628096, 45.890370443789649 ] ] ] } },
{ "type": "Feature", "properties": { "CountyName": "Rosebud", "OwnerName_Grouped": "GREAT NORTHERN PROPERTIES", "OwnerName": "GREAT NORTHERN PROPERTIES LTD PTNSHP", "OwnerAddre": "PO BOX 1745", "OwnerAdd_1": null, "OwnerAdd_2": null, "OwnerCity": "MILES CITY", "OwnerState": "MT", "PropType": "Vacant Land", "TotalAcres": 160.0 }, "geometry": { "type": "Polygon", "coordinates": [ [ [ -106.794142003583957, 45.89776075661328 ], [ -106.794049761119496, 45.901388318233579 ], [ -106.793957520949135, 45.905015848888389 ], [ -106.788895145842233, 45.905016642001655 ], [ -106.783832769474543, 45.905017437224252 ], [ -106.783895120235655, 45.901383434246782 ], [ -106.783957501441932, 45.897749458578879 ], [ -106.7890497373496, 45.897755219216791 ], [ -106.794142003583957, 45.89776075661328 ] ] ] } },
{ "type": "Feature", "properties": { "CountyName": "Rosebud", "OwnerName_Grouped": "GREAT NORTHERN PROPERTIES", "OwnerName": "GREAT NORTHERN PROP LTD PTNSH", "OwnerAddre": "PO BOX 1745", "OwnerAdd_1": null, "OwnerAdd_2": null, "OwnerCity": "MILES CITY", "OwnerState": "MT", "PropType": "Vacant Land", "TotalAcres": 644.28 }, "geometry": { "type": "Polygon", "coordinates": [ [ [ -106.835325701654227, 45.90503179088234 ], [ -106.830141821630505, 45.905022614344844 ], [ -106.824957969158419, 45.905013435763024 ], [ -106.819773892694826, 45.905003649332123 ], [ -106.814242466456889, 45.904993229138078 ], [ -106.814351180705117, 45.901390668915433 ], [ -106.814459897511441, 45.897788108343491 ], [ -106.814575220930351, 45.894165715038199 ], [ -106.814690517612789, 45.890543320742523 ], [ -106.819802864988006, 45.890539054614493 ], [ -106.824985163203337, 45.890534732119278 ], [ -106.830166850573022, 45.890529298303726 ], [ -106.835348505949895, 45.890523863032627 ], [ -106.83534279754457, 45.894150836915649 ], [ -106.835337118101933, 45.897777811813249 ], [ -106.835331409533197, 45.901404815149739 ], [ -106.835325701654227, 45.90503179088234 ] ] ] } },
{ "type": "Feature", "properties": { "CountyName": "Rosebud", "OwnerName_Grouped": "GREAT NORTHERN PROPERTIES", "OwnerName": "GREAT NORTHERN PROP LTD PTNSH", "OwnerAddre": "PO BOX 1745", "OwnerAdd_1": null, "OwnerAdd_2": null, "OwnerCity": "MILES CITY", "OwnerState": "MT", "PropType": "Vacant Land", "TotalAcres": 19.0 }, "geometry": { "type": "Polygon", "coordinates": [ [ [ -106.342257036619273, 45.496054286337582 ], [ -106.33717852433179, 45.496117024344422 ], [ -106.337157504005901, 45.494328250300285 ], [ -106.342182032125621, 45.494265942815773 ], [ -106.342257036619273, 45.496054286337582 ] ] ] } },
{ "type": "Feature", "properties": { "CountyName": "Rosebud", "OwnerName_Grouped": "GREAT NORTHERN PROPERTIES", "OwnerName": "GREAT NORTHERN PROP LTD PTNSH", "OwnerAddre": "PO BOX 1745", "OwnerAdd_1": null, "OwnerAdd_2": null, "OwnerCity": "MILES CITY", "OwnerState": "MT", "PropType": "Vacant Land", "TotalAcres": 40.0 }, "geometry": { "type": "Polygon", "coordinates": [ [ [ -106.592369224802113, 45.803147380596819 ], [ -106.587179977475415, 45.803176142107539 ], [ -106.587198352468988, 45.79954539232704 ], [ -106.592392625421724, 45.79952904836302 ], [ -106.592369224802113, 45.803147380596819 ] ] ] } },
{ "type": "Feature", "properties": { "CountyName": "Rosebud", "OwnerName_Grouped": "GREAT NORTHERN PROPERTIES", "OwnerName": "GREAT NORTHERN PROPERTIES LTD PNTSHP", "OwnerAddre": "PO BOX 1745", "OwnerAdd_1": null, "OwnerAdd_2": null, "OwnerCity": "MILES CITY", "OwnerState": "MT", "PropType": "Vacant Land", "TotalAcres": 240.0 }, "geometry": { "type": "Polygon", "coordinates": [ [ [ -106.587216726259314, 45.795914670279252 ], [ -106.587235130098577, 45.792283920949934 ], [ -106.592439516456906, 45.792282716145756 ], [ -106.597643901658927, 45.792281262205059 ], [ -106.602859262533983, 45.792283363095734 ], [ -106.608074651074887, 45.792285240676456 ], [ -106.608075580861168, 45.795896880286264 ], [ -106.608048398496081, 45.799447880055453 ], [ -106.608021243331862, 45.802998910009094 ], [ -106.60278985698298, 45.803058751551035 ], [ -106.602817649409019, 45.799480279950792 ], [ -106.60284544300923, 45.795901695596356 ], [ -106.597615332835531, 45.795906261951799 ], [ -106.592416030399988, 45.795910578280726 ], [ -106.587216726259314, 45.795914670279252 ] ] ] } },
{ "type": "Feature", "properties": { "CountyName": "Rosebud", "OwnerName_Grouped": "GREAT NORTHERN PROPERTIES", "OwnerName": "GREAT NORTHERN PROPERTIES LTD PTNSHP", "OwnerAddre": "PO BOX 1745", "OwnerAdd_1": null, "OwnerAdd_2": null, "OwnerCity": "MILES CITY", "OwnerState": "MT", "PropType": "Vacant Land", "TotalAcres": 43.56 }, "geometry": { "type": "Polygon", "coordinates": [ [ [ -106.685426182650303, 45.788674549875537 ], [ -106.688804345670079, 45.788674196914187 ], [ -106.691373635620749, 45.788633514735281 ], [ -106.691366270990983, 45.79169847861759 ], [ -106.691364884273852, 45.792260722136866 ], [ -106.685576486535723, 45.792275368434623 ], [ -106.685426182650303, 45.788674549875537 ] ] ] } },
{ "type": "Feature", "properties": { "CountyName": "Rosebud", "OwnerName_Grouped": "GREAT NORTHERN PROPERTIES", "OwnerName": "GREAT NORTHERN PROP LTD PTNSH", "OwnerAddre": "PO BOX 1745", "OwnerAdd_1": null, "OwnerAdd_2": null, "OwnerCity": "MILES CITY", "OwnerState": "MT", "PropType": "Vacant Land", "TotalAcres": 39.0 }, "geometry": { "type": "Polygon", "coordinates": [ [ [ -106.691373635620749, 45.788633514735281 ], [ -106.688804345670079, 45.788674196914187 ], [ -106.688656179477405, 45.785320870689404 ], [ -106.693824990586393, 45.78518152092132 ], [ -106.694049478604811, 45.788610553397099 ], [ -106.691373635620749, 45.788633514735281 ] ] ] } },
{ "type": "Feature", "properties": { "CountyName": "Rosebud", "OwnerName_Grouped": "GREAT NORTHERN PROPERTIES", "OwnerName": "GREAT NORTHERN PROP LTD PTNSH", "OwnerAddre": "PO BOX 1745", "OwnerAdd_1": null, "OwnerAdd_2": null, "OwnerCity": "MILES CITY", "OwnerState": "MT", "PropType": "Vacant Land", "TotalAcres": 320.03 }, "geometry": { "type": "Polygon", "coordinates": [ [ [ -106.367891025497258, 45.68559710174943 ], [ -106.373056521892323, 45.685606195183084 ], [ -106.378222019448629, 45.685615262413819 ], [ -106.378225369102026, 45.689253612018277 ], [ -106.378228719049801, 45.692891989767723 ], [ -106.378231094824912, 45.696521340202665 ], [ -106.378233471229393, 45.70015249503269 ], [ -106.373058004344614, 45.700152402238018 ], [ -106.367882565013502, 45.700152308389598 ], [ -106.367884687158494, 45.69651676373131 ], [ -106.367886780008305, 45.69288213541985 ], [ -106.367888901430746, 45.689239620228747 ], [ -106.367891025497258, 45.68559710174943 ] ] ] } },
{ "type": "Feature", "properties": { "CountyName": "Rosebud", "OwnerName_Grouped": "GREAT NORTHERN PROPERTIES", "OwnerName": "GREAT NORTHERN PROP LTD PTNSH", "OwnerAddre": "PO BOX 1745", "OwnerAdd_1": null, "OwnerAdd_2": null, "OwnerCity": "MILES CITY", "OwnerState": "MT", "PropType": "Vacant Land", "TotalAcres": 640.0 }, "geometry": { "type": "Polygon", "coordinates": [ [ [ -106.732512628432374, 45.904717341638374 ], [ -106.727347377247241, 45.904709696620841 ], [ -106.72218209613338, 45.904702050794626 ], [ -106.717016844246061, 45.904694407425325 ], [ -106.711851566388106, 45.90468676064193 ], [ -106.711866734530119, 45.90106679664278 ], [ -106.711881903378412, 45.89744683208189 ], [ -106.711897101272967, 45.893826867678072 ], [ -106.711912271485318, 45.89020690293551 ], [ -106.717082291849508, 45.890221886570203 ], [ -106.722252318241743, 45.890236898571295 ], [ -106.727422340422564, 45.890251912565773 ], [ -106.732592366403566, 45.890266898130278 ], [ -106.732572425622251, 45.893879523420061 ], [ -106.732552486285712, 45.897492121180392 ], [ -106.732532571474849, 45.901104745104028 ], [ -106.732512628432374, 45.904717341638374 ] ] ] } },
{ "type": "Feature", "properties": { "CountyName": "Rosebud", "OwnerName_Grouped": "GREAT NORTHERN PROPERTIES", "OwnerName": "GREAT NORTHERN PROP LTD PTNSH", "OwnerAddre": "PO BOX 1745", "OwnerAdd_1": null, "OwnerAdd_2": null, "OwnerCity": "MILES CITY", "OwnerState": "MT", "PropType": "Vacant Land", "TotalAcres": 0.18 }, "geometry": { "type": "Polygon", "coordinates": [ [ [ -106.778115675715625, 46.266771910836766 ], [ -106.778488779396525, 46.266771697650178 ], [ -106.778115600895347, 46.267235272145683 ], [ -106.778115675715625, 46.266771910836766 ] ] ] } },
{ "type": "Feature", "properties": { "CountyName": "Rosebud", "OwnerName_Grouped": "GREAT NORTHERN PROPERTIES", "OwnerName": "GREAT NORTHERN PROPERTIES LP", "OwnerAddre": "PO BOX 1745", "OwnerAdd_1": null, "OwnerAdd_2": null, "OwnerCity": "MILES CITY", "OwnerState": "MT", "PropType": "Vacant Land", "TotalAcres": 575.0 }, "geometry": { "type": "Polygon", "coordinates": [ [ [ -106.545169460309211, 45.893831961174307 ], [ -106.550352676602444, 45.893829181036324 ], [ -106.55553586452082, 45.893826175075631 ], [ -106.555528841108938, 45.892022810281823 ], [ -106.560713129803275, 45.8920257223768 ], [ -106.560701984903773, 45.890206001686543 ], [ -106.566348160110707, 45.890210001141305 ], [ -106.566361401777229, 45.893832216237975 ], [ -106.566374672539396, 45.897454428749747 ], [ -106.566349925519972, 45.901087183974816 ], [ -106.56632520529439, 45.904719909645401 ], [ -106.560739901243906, 45.904724119753062 ], [ -106.555551431579502, 45.904728212946601 ], [ -106.550365369926524, 45.904727619709362 ], [ -106.545180087360023, 45.904725838113286 ], [ -106.545175071025042, 45.901096783075594 ], [ -106.54517179486254, 45.897465094551073 ], [ -106.545169460309211, 45.893831961174307 ] ] ] } },
{ "type": "Feature", "properties": { "CountyName": "Rosebud", "OwnerName_Grouped": "GREAT NORTHERN PROPERTIES", "OwnerName": "GREAT NORTHERN PROPERTIES LP", "OwnerAddre": "PO BOX 1745", "OwnerAdd_1": null, "OwnerAdd_2": null, "OwnerCity": "MILES CITY", "OwnerState": "MT", "PropType": "Industrial Property", "TotalAcres": 259.74 }, "geometry": { "type": "Polygon", "coordinates": [ [ [ -106.5983256094095, 45.860901995883076 ], [ -106.598638669817532, 45.8610340368202 ], [ -106.599225352244787, 45.861293122126384 ], [ -106.599976271962319, 45.861614989166092 ], [ -106.600619777915554, 45.861856026014763 ], [ -106.601920234419211, 45.862348190294114 ], [ -106.6030027600561, 45.862737147077461 ], [ -106.604179818831298, 45.863187072019379 ], [ -106.605917811594693, 45.863856343287026 ], [ -106.608039535817838, 45.86464111706983 ], [ -106.608018637515698, 45.868158747209478 ], [ -106.602823940626109, 45.868153334785099 ], [ -106.597629273493112, 45.868147699539783 ], [ -106.59244849591208, 45.868141893025879 ], [ -106.587264067852885, 45.868138806445096 ], [ -106.587289510970621, 45.864513124642954 ], [ -106.587266141013615, 45.860887459788181 ], [ -106.592487678520101, 45.860894075943058 ], [ -106.597709222594361, 45.860900688614372 ], [ -106.5983256094095, 45.860901995883076 ] ] ] } },
{ "type": "Feature", "properties": { "CountyName": "Rosebud", "OwnerName_Grouped": "GREAT NORTHERN PROPERTIES", "OwnerName": "GREAT NORTHERN PROPERTIES LTD PTNSHP", "OwnerAddre": "PO BOX 1745", "OwnerAdd_1": null, "OwnerAdd_2": null, "OwnerCity": "MILES CITY", "OwnerState": "MT", "PropType": "Vacant Land", "TotalAcres": 360.0 }, "geometry": { "type": "Polygon", "coordinates": [ [ [ -106.856500406741901, 45.867846381385831 ], [ -106.856513529932613, 45.864231127986955 ], [ -106.856526655398838, 45.860615847174579 ], [ -106.861700088588734, 45.860620746097212 ], [ -106.866873522795501, 45.860625644930494 ], [ -106.872046985122665, 45.860630543408767 ], [ -106.877220418856012, 45.860635442001524 ], [ -106.877218239673695, 45.864259779376845 ], [ -106.87721605908763, 45.867884115347259 ], [ -106.872036848376808, 45.867875049077696 ], [ -106.872031921034946, 45.871495690682416 ], [ -106.866849653130132, 45.871485069318418 ], [ -106.861667716103241, 45.871474393595953 ], [ -106.861679007356031, 45.867856168212548 ], [ -106.856500406741901, 45.867846381385831 ] ] ] } },
{ "type": "Feature", "properties": { "CountyName": "Rosebud", "OwnerName_Grouped": "GREAT NORTHERN PROPERTIES", "OwnerName": "GREAT NORTHERN PROPERTY LTD PTNSHP", "OwnerAddre": "PO BOX 1745", "OwnerAdd_1": null, "OwnerAdd_2": null, "OwnerCity": "MILES CITY", "OwnerState": "MT", "PropType": "Vacant Land", "TotalAcres": 80.0 }, "geometry": { "type": "Polygon", "coordinates": [ [ [ -106.82541404273644, 45.860599929079712 ], [ -106.830615919964373, 45.86059744837771 ], [ -106.835818060884961, 45.860594780311338 ], [ -106.835797070698803, 45.864213810854359 ], [ -106.830599582625155, 45.864217128308745 ], [ -106.825402400431813, 45.864220026603135 ], [ -106.82541404273644, 45.860599929079712 ] ] ] } },
{ "type": "Feature", "properties": { "CountyName": "Rosebud", "OwnerName_Grouped": "GREAT NORTHERN PROPERTIES", "OwnerName": "GREAT NORTHERN PROPERTIES LTD PTNSHP", "OwnerAddre": "PO BOX 1745", "OwnerAdd_1": null, "OwnerAdd_2": null, "OwnerCity": "MILES CITY", "OwnerState": "MT", "PropType": "Vacant Land", "TotalAcres": 40.0 }, "geometry": { "type": "Polygon", "coordinates": [ [ [ -106.581982624771072, 45.846464084646442 ], [ -106.587187027567722, 45.846458411265118 ], [ -106.587204004449077, 45.85007296421476 ], [ -106.581994879735021, 45.850078081206064 ], [ -106.581982624771072, 45.846464084646442 ] ] ] } },
{ "type": "Feature", "properties": { "CountyName": "Rosebud", "OwnerName_Grouped": "GREAT NORTHERN PROPERTIES", "OwnerName": "GREAT NORTHERN PROPERTY LTD PTNSHP", "OwnerAddre": "PO BOX 1745", "OwnerAdd_1": null, "OwnerAdd_2": null, "OwnerCity": "MILES CITY", "OwnerState": "MT", "PropType": "Vacant Land", "TotalAcres": 160.0 }, "geometry": { "type": "Polygon", "coordinates": [ [ [ -106.555963617607929, 45.835825657104493 ], [ -106.561147505511116, 45.835839211017216 ], [ -106.56635408333095, 45.835852599658978 ], [ -106.566361812344752, 45.839259293781822 ], [ -106.566362247900372, 45.839450865161254 ], [ -106.566365754476308, 45.84287021094476 ], [ -106.566365935769113, 45.843072630927203 ], [ -106.561159727193427, 45.843062377001445 ], [ -106.555969706887524, 45.843051931040236 ], [ -106.555966664291489, 45.839432439919065 ], [ -106.555963617607929, 45.835825657104493 ] ] ] } },
{ "type": "Feature", "properties": { "CountyName": "Rosebud", "OwnerName_Grouped": "GREAT NORTHERN PROPERTIES", "OwnerName": "GREAT NORTHERN PROP LTD PTNSH", "OwnerAddre": "PO BOX 1745", "OwnerAdd_1": null, "OwnerAdd_2": null, "OwnerCity": "MILES CITY", "OwnerState": "MT", "PropType": "Vacant Land", "TotalAcres": 160.0 }, "geometry": { "type": "Polygon", "coordinates": [ [ [ -106.680627263225674, 45.832062732443497 ], [ -106.675423721832558, 45.832024281558084 ], [ -106.670220180345254, 45.831985857222755 ], [ -106.670208915701778, 45.828374965296355 ], [ -106.670227292501863, 45.824740992732494 ], [ -106.670244887529165, 45.821104929577544 ], [ -106.675420670460966, 45.821133685679499 ], [ -106.675412408502865, 45.824768173312442 ], [ -106.675401563495527, 45.828408084035289 ], [ -106.680594238504654, 45.828440955436058 ], [ -106.680627263225674, 45.832062732443497 ] ] ] } },
{ "type": "Feature", "properties": { "CountyName": "Rosebud", "OwnerName_Grouped": "GREAT NORTHERN PROPERTIES", "OwnerName": "GREAT NORTHERN PROPERTIES LIMITED PARTNERSHIP", "OwnerAddre": "PO BOX 1745", "OwnerAdd_1": null, "OwnerAdd_2": null, "OwnerCity": "MILES CITY", "OwnerState": "MT", "PropType": "Vacant Land", "TotalAcres": 320.0 }, "geometry": { "type": "Polygon", "coordinates": [ [ [ -106.835348505949895, 45.890523863032627 ], [ -106.840536358462572, 45.89052073366674 ], [ -106.845724183240534, 45.890517604168714 ], [ -106.850912008646844, 45.890514475211958 ], [ -106.85609986184356, 45.890511345635126 ], [ -106.856096958474609, 45.894133043403592 ], [ -106.856094083386651, 45.897754710630103 ], [ -106.850904841662896, 45.897760842114394 ], [ -106.845715601877203, 45.897766749838688 ], [ -106.840526360273742, 45.897772405795131 ], [ -106.835337118101933, 45.897777811813249 ], [ -106.83534279754457, 45.894150836915649 ], [ -106.835348505949895, 45.890523863032627 ] ] ] } },
{ "type": "Feature", "properties": { "CountyName": "Rosebud", "OwnerName_Grouped": "GREAT NORTHERN PROPERTIES", "OwnerName": "GREAT NORTHERN PROP LTD PTNSH", "OwnerAddre": "PO BOX 1745", "OwnerAdd_1": null, "OwnerAdd_2": null, "OwnerCity": "MILES CITY", "OwnerState": "MT", "PropType": "Vacant Land", "TotalAcres": 320.0 }, "geometry": { "type": "Polygon", "coordinates": [ [ [ -106.752764643195192, 45.875893358636617 ], [ -106.753357919540179, 45.875895292685598 ], [ -106.753321487158004, 45.879514074097351 ], [ -106.753285025619604, 45.88313285435644 ], [ -106.753248590147663, 45.886751663621709 ], [ -106.753212125628096, 45.890370443789649 ], [ -106.748056730900259, 45.89034494656245 ], [ -106.742901960439269, 45.890318949320722 ], [ -106.742926729358388, 45.886698887392761 ], [ -106.742951527397793, 45.883078850001915 ], [ -106.742976296245885, 45.879463037138592 ], [ -106.742996035584724, 45.875852831661746 ], [ -106.747580071235888, 45.875871837250074 ], [ -106.748176762557236, 45.875874314875439 ], [ -106.752764643195192, 45.875893358636617 ] ] ] } },
{ "type": "Feature", "properties": { "CountyName": "Rosebud", "OwnerName_Grouped": "GREAT NORTHERN PROPERTIES", "OwnerName": "GREAT NORTHERN PROP LTD PTNSH", "OwnerAddre": "PO BOX 1745", "OwnerAdd_1": null, "OwnerAdd_2": null, "OwnerCity": "MILES CITY", "OwnerState": "MT", "PropType": "Vacant Land", "TotalAcres": 111.0 }, "geometry": { "type": "Polygon", "coordinates": [ [ [ -106.33717852433179, 45.496117024344422 ], [ -106.342257036619273, 45.496054286337582 ], [ -106.347335544644721, 45.495991546646437 ], [ -106.352407586222668, 45.495926446406656 ], [ -106.354226752159406, 45.495903727190573 ], [ -106.352896484376714, 45.496390647141936 ], [ -106.352411293890128, 45.496374236285682 ], [ -106.351611481499731, 45.496347219901949 ], [ -106.349337661605148, 45.496115995025882 ], [ -106.348220885527354, 45.496228818691606 ], [ -106.347338562393702, 45.496402779756174 ], [ -106.345775373090618, 45.496710976756894 ], [ -106.344645254471189, 45.497123557576643 ], [ -106.343984217150222, 45.497429882387664 ], [ -106.342555437537428, 45.498191755055146 ], [ -106.342270844499097, 45.499119839679757 ], [ -106.342094987484117, 45.499693301238537 ], [ -106.34197494498882, 45.500084785163367 ], [ -106.341858182153445, 45.500379015587789 ], [ -106.341933507814772, 45.500894885131331 ], [ -106.342280787446597, 45.501329501096215 ], [ -106.342479791567627, 45.501578502110803 ], [ -106.342747102241859, 45.501884865968279 ], [ -106.342731121189701, 45.502207928897889 ], [ -106.342287002447719, 45.502707750072531 ], [ -106.342166968532936, 45.502842811643802 ], [ -106.341290582492292, 45.503331887331314 ], [ -106.34117602333761, 45.503352612307509 ], [ -106.339120752825991, 45.503724287632949 ], [ -106.337933168409336, 45.503865667187661 ], [ -106.337661794603548, 45.503921254730102 ], [ -106.337175211505993, 45.504082905016325 ], [ -106.337175226612842, 45.503427668039535 ], [ -106.337176872972591, 45.499772345166193 ], [ -106.33717852433179, 45.496117024344422 ] ] ] } },
{ "type": "Feature", "properties": { "CountyName": "Rosebud", "OwnerName_Grouped": "GREAT NORTHERN PROPERTIES", "OwnerName": "GREAT NORTHERN PROP LTD PTNSH", "OwnerAddre": "PO BOX 1745", "OwnerAdd_1": null, "OwnerAdd_2": null, "OwnerCity": "MILES CITY", "OwnerState": "MT", "PropType": "Vacant Land", "TotalAcres": 364.74 }, "geometry": { "type": "Polygon", "coordinates": [ [ [ -106.43005939514201, 45.42069937244954 ], [ -106.430148265649493, 45.417048074385868 ], [ -106.435376047934923, 45.417267864360248 ], [ -106.435379221896682, 45.413588872052443 ], [ -106.430237689782658, 45.413374497359577 ], [ -106.425169886107341, 45.413160764334577 ], [ -106.425067931969465, 45.416834227621266 ], [ -106.42491022561066, 45.420506525914121 ], [ -106.424752521401928, 45.424178688174806 ], [ -106.419534567505877, 45.424006733767783 ], [ -106.419761115212708, 45.420313462360305 ], [ -106.419987627828164, 45.416620188157076 ], [ -106.420100495925837, 45.413000196230918 ], [ -106.420102135414766, 45.412946807066533 ], [ -106.420210722388333, 45.409463458403557 ], [ -106.420216589422779, 45.409273452300546 ], [ -106.425271868984993, 45.409487188225206 ], [ -106.430327120356395, 45.409700893331184 ], [ -106.435382423287962, 45.40991462836633 ], [ -106.440437701425509, 45.410128364203985 ], [ -106.44043955526746, 45.413799660609648 ], [ -106.440439606490955, 45.413932193412975 ], [ -106.439987645206344, 45.413780833959912 ], [ -106.439813636538972, 45.413722584990765 ], [ -106.438939119710327, 45.413728904642753 ], [ -106.438901841222076, 45.413735626352711 ], [ -106.437790724101035, 45.413935981669681 ], [ -106.436849297724208, 45.414446233368004 ], [ -106.436183961063165, 45.415227460925443 ], [ -106.435875725694984, 45.415960652400798 ], [ -106.435971172494746, 45.416998040158553 ], [ -106.436096307506006, 45.417298131859638 ], [ -106.436741178476623, 45.418844719193928 ], [ -106.436875461097273, 45.419750771774382 ], [ -106.436766412433869, 45.420235314888181 ], [ -106.436567835233845, 45.420609493787609 ], [ -106.43600674094769, 45.420927982740935 ], [ -106.435220160600963, 45.42137445110145 ], [ -106.435136264163532, 45.42142209320172 ], [ -106.434460805057441, 45.42172291760496 ], [ -106.433232082455959, 45.422477763318689 ], [ -106.431810483237058, 45.423299168853745 ], [ -106.430928855483131, 45.424132454636258 ], [ -106.430815065444122, 45.424379159650577 ], [ -106.429970468596792, 45.424350642604928 ], [ -106.43005939514201, 45.42069937244954 ] ] ] } },
{ "type": "Feature", "properties": { "CountyName": "Rosebud", "OwnerName_Grouped": "GREAT NORTHERN PROPERTIES", "OwnerName": "GREAT NORTHERN PROP LTD PTNSH", "OwnerAddre": "PO BOX 1745", "OwnerAdd_1": null, "OwnerAdd_2": null, "OwnerCity": "MILES CITY", "OwnerState": "MT", "PropType": "Vacant Land", "TotalAcres": 40.0 }, "geometry": { "type": "Polygon", "coordinates": [ [ [ -106.714094954581199, 45.774292408621733 ], [ -106.708565275146199, 45.774554737814128 ], [ -106.708573196418783, 45.770813475906976 ], [ -106.714052161001035, 45.770636122687833 ], [ -106.714094954581199, 45.774292408621733 ] ] ] } },
{ "type": "Feature", "properties": { "CountyName": "Rosebud", "OwnerName_Grouped": "GREAT NORTHERN PROPERTIES", "OwnerName": "GREAT NORTHERN PROP LTD PTNSH", "OwnerAddre": "PO BOX 1745", "OwnerAdd_1": null, "OwnerAdd_2": null, "OwnerCity": "MILES CITY", "OwnerState": "MT", "PropType": "Vacant Land", "TotalAcres": 280.0 }, "geometry": { "type": "Polygon", "coordinates": [ [ [ -106.897562739799909, 45.897684789712272 ], [ -106.902750925102183, 45.897684661001996 ], [ -106.907939112157507, 45.897684281580652 ], [ -106.907937878338174, 45.901303591026107 ], [ -106.913126148431331, 45.901303128705777 ], [ -106.913127299512595, 45.897683681134069 ], [ -106.918315483389563, 45.897682856874475 ], [ -106.918314417564204, 45.901302444439011 ], [ -106.918313350436691, 45.904922031348512 ], [ -106.913124997407522, 45.904922464884898 ], [ -106.90793664448347, 45.904922899845928 ], [ -106.902748290523789, 45.904923332603502 ], [ -106.897559936537903, 45.904923768584815 ], [ -106.897561338839836, 45.90130426596771 ], [ -106.897562739799909, 45.897684789712272 ] ] ] } },
{ "type": "Feature", "properties": { "CountyName": "Rosebud", "OwnerName_Grouped": "GREAT NORTHERN PROPERTIES", "OwnerName": "GREAT NORTHERN PROP LTD PTNSH", "OwnerAddre": "PO BOX 1745", "OwnerAdd_1": null, "OwnerAdd_2": null, "OwnerCity": "MILES CITY", "OwnerState": "MT", "PropType": "Vacant Land", "TotalAcres": 640.0 }, "geometry": { "type": "Polygon", "coordinates": [ [ [ -106.731778941901212, 45.977573110427727 ], [ -106.736787866919769, 45.977572221184836 ], [ -106.741796793475544, 45.977571330213827 ], [ -106.746805720071265, 45.977570441980411 ], [ -106.751814610579814, 45.977569581718356 ], [ -106.75180173140069, 45.981190225072332 ], [ -106.751780650375238, 45.984800583329417 ], [ -106.751771627471129, 45.988424829909462 ], [ -106.751762553922021, 45.992049033786671 ], [ -106.746839527641811, 45.992068745582344 ], [ -106.741916495676151, 45.992088463206116 ], [ -106.7369934611161, 45.992108150708262 ], [ -106.732070428682448, 45.992127867647774 ], [ -106.731994190349127, 45.988484937371197 ], [ -106.731917950621096, 45.98484200761299 ], [ -106.731851317624518, 45.98121244387584 ], [ -106.731778941901212, 45.977573110427727 ] ] ] } },
{ "type": "Feature", "properties": { "CountyName": "Rosebud", "OwnerName_Grouped": "GREAT NORTHERN PROPERTIES", "OwnerName": "GREAT NORTHERN PROP LTD PTNSH", "OwnerAddre": "PO BOX 1745", "OwnerAdd_1": null, "OwnerAdd_2": null, "OwnerCity": "MILES CITY", "OwnerState": "MT", "PropType": "Vacant Land", "TotalAcres": 640.48 }, "geometry": { "type": "Polygon", "coordinates": [ [ [ -106.628596777873469, 45.962969409879584 ], [ -106.623412145595637, 45.962951474456275 ], [ -106.618370218301948, 45.962934070635328 ], [ -106.618227486615126, 45.962934213123262 ], [ -106.613018156377393, 45.962939331911109 ], [ -106.607808854737812, 45.962944431410826 ], [ -106.607752357582967, 45.959230072789119 ], [ -106.607696080248914, 45.955528362742058 ], [ -106.607647637449801, 45.951853193387265 ], [ -106.607631433882631, 45.948155453110139 ], [ -106.612794280338548, 45.94816577574187 ], [ -106.617957126459785, 45.948176099606641 ], [ -106.623119968495303, 45.948186422806472 ], [ -106.628282815399061, 45.948196747372009 ], [ -106.628337111392341, 45.951904552703532 ], [ -106.628423613723825, 45.955589827229403 ], [ -106.628510084053772, 45.95927507458034 ], [ -106.628596777873469, 45.962969409879584 ] ] ] } },
{ "type": "Feature", "properties": { "CountyName": "Rosebud", "OwnerName_Grouped": "GREAT NORTHERN PROPERTIES", "OwnerName": "GREAT NORTHERN PROP LTD PTNSH", "OwnerAddre": "PO BOX 1745", "OwnerAdd_1": null, "OwnerAdd_2": null, "OwnerCity": "MILES CITY", "OwnerState": "MT", "PropType": "Vacant Land", "TotalAcres": 640.52 }, "geometry": { "type": "Polygon", "coordinates": [ [ [ -106.732392109811641, 45.948513953909796 ], [ -106.737463336142625, 45.948524558725765 ], [ -106.742534562992262, 45.948535192950274 ], [ -106.747605789352221, 45.948545825936428 ], [ -106.752677032934386, 45.948556465322518 ], [ -106.752548401549546, 45.952185275851726 ], [ -106.752419765995327, 45.955814113652032 ], [ -106.752351830355167, 45.959437895297256 ], [ -106.752283477203392, 45.963072593415639 ], [ -106.747242195651452, 45.963062117595186 ], [ -106.742200909536962, 45.963051646796586 ], [ -106.737159617608938, 45.96304120530607 ], [ -106.732118329205818, 45.963030735712735 ], [ -106.732166014974297, 45.959395037228887 ], [ -106.732213394435831, 45.95577206101941 ], [ -106.732302275547113, 45.952145113411554 ], [ -106.732392109811641, 45.948513953909796 ] ] ] } },
{ "type": "Feature", "properties": { "CountyName": "Rosebud", "OwnerName_Grouped": "GREAT NORTHERN PROPERTIES", "OwnerName": "GREAT NORTHERN PROP LTD PTNSH", "OwnerAddre": "PO BOX 1745", "OwnerAdd_1": null, "OwnerAdd_2": null, "OwnerCity": "MILES CITY", "OwnerState": "MT", "PropType": "Vacant Land", "TotalAcres": 640.0 }, "geometry": { "type": "Polygon", "coordinates": [ [ [ -106.566226597262698, 45.933807653788982 ], [ -106.571485247956815, 45.933517253689367 ], [ -106.576732745609405, 45.933232296085286 ], [ -106.581974461719199, 45.932950150739053 ], [ -106.587216205879628, 45.932668034784939 ], [ -106.587163446834396, 45.936265381789774 ], [ -106.587113230609617, 45.93986139808765 ], [ -106.587038569809764, 45.943706641789419 ], [ -106.586957804918583, 45.94755538356366 ], [ -106.581771224364815, 45.947741955936372 ], [ -106.576559281222657, 45.947942988685654 ], [ -106.571381365432515, 45.948126176970376 ], [ -106.566192091556815, 45.948314934572103 ], [ -106.566205267427534, 45.944690393206066 ], [ -106.566218421566106, 45.941065817197249 ], [ -106.566222508888728, 45.937436749362675 ], [ -106.566226597262698, 45.933807653788982 ] ] ] } },
{ "type": "Feature", "properties": { "CountyName": "Rosebud", "OwnerName_Grouped": "GREAT NORTHERN PROPERTIES", "OwnerName": "GREAT NORTHERN PROP LTD PTNSH", "OwnerAddre": "PO BOX 1745", "OwnerAdd_1": null, "OwnerAdd_2": null, "OwnerCity": "MILES CITY", "OwnerState": "MT", "PropType": "Vacant Land", "TotalAcres": 630.0 }, "geometry": { "type": "Polygon", "coordinates": [ [ [ -106.793330928325261, 45.934117575088258 ], [ -106.798390498610928, 45.934123613682452 ], [ -106.80345004195614, 45.934129652310972 ], [ -106.808573030856294, 45.934135275312208 ], [ -106.813384621056443, 45.934140539241966 ], [ -106.813299046368215, 45.937749487047093 ], [ -106.813213446066939, 45.941358465183718 ], [ -106.813174317578955, 45.944976023079995 ], [ -106.813135189150074, 45.94859355507031 ], [ -106.808314103363344, 45.948591372233167 ], [ -106.803145357457211, 45.948589223998127 ], [ -106.797996087680886, 45.94859010218012 ], [ -106.79284678664736, 45.948590981231888 ], [ -106.792967836916716, 45.944972643239232 ], [ -106.793088858443312, 45.941354276991106 ], [ -106.793209907820625, 45.937735938803996 ], [ -106.793330928325261, 45.934117575088258 ] ] ] } },
{ "type": "Feature", "properties": { "CountyName": "Rosebud", "OwnerName_Grouped": "GREAT NORTHERN PROPERTIES", "OwnerName": "GREAT NORTHERN PROP LTD PTNSH", "OwnerAddre": "PO BOX 1745", "OwnerAdd_1": null, "OwnerAdd_2": null, "OwnerCity": "MILES CITY", "OwnerState": "MT", "PropType": "Vacant Land", "TotalAcres": 520.0 }, "geometry": { "type": "Polygon", "coordinates": [ [ [ -106.56624506962649, 45.919246942985225 ], [ -106.571529864358851, 45.918977246563969 ], [ -106.576814658029548, 45.918707552112608 ], [ -106.576794114864029, 45.922348615114949 ], [ -106.58204558210349, 45.922077014333517 ], [ -106.582011071922892, 45.925729138586583 ], [ -106.587248570173955, 45.925468399762323 ], [ -106.587232365873945, 45.929068288656467 ], [ -106.587216205879628, 45.932668034784939 ], [ -106.581974461719199, 45.932950150739053 ], [ -106.576732745609405, 45.933232296085286 ], [ -106.571485247956815, 45.933517253689367 ], [ -106.566226597262698, 45.933807653788982 ], [ -106.566225020200136, 45.930167545936357 ], [ -106.566223626400557, 45.92652617035705 ], [ -106.566234345537183, 45.922886542972677 ], [ -106.56624506962649, 45.919246942985225 ] ] ] } },
{ "type": "Feature", "properties": { "CountyName": "Rosebud", "OwnerName_Grouped": "GREAT NORTHERN PROPERTIES", "OwnerName": "GREAT NORTHERN PROP LTD PTNSH", "OwnerAddre": "PO BOX 1745", "OwnerAdd_1": null, "OwnerAdd_2": null, "OwnerCity": "MILES CITY", "OwnerState": "MT", "PropType": "Vacant Land", "TotalAcres": 640.0 }, "geometry": { "type": "Polygon", "coordinates": [ [ [ -106.773644563784345, 45.919550898082079 ], [ -106.778642743092206, 45.919553825965075 ], [ -106.78364092213647, 45.91955675457681 ], [ -106.788639072499294, 45.919559658913521 ], [ -106.793637252498129, 45.919562586316708 ], [ -106.793560678101997, 45.923201342313092 ], [ -106.793484104090112, 45.926840095117932 ], [ -106.79340750183465, 45.930478849429953 ], [ -106.793330928325261, 45.934117575088258 ], [ -106.788448587185542, 45.934129282427214 ], [ -106.783566247553424, 45.934140990948976 ], [ -106.778683908254834, 45.934152697923942 ], [ -106.77380153815146, 45.934164406198697 ], [ -106.773762302031002, 45.93051101619681 ], [ -106.773723066076585, 45.926857652370764 ], [ -106.773683829069441, 45.923204261568991 ], [ -106.773644563784345, 45.919550898082079 ] ] ] } },
{ "type": "Feature", "properties": { "CountyName": "Rosebud", "OwnerName_Grouped": "GREAT NORTHERN PROPERTIES", "OwnerName": "GREAT NORTHERN PROP LTD PTNSH", "OwnerAddre": "PO BOX 1745", "OwnerAdd_1": null, "OwnerAdd_2": null, "OwnerCity": "MILES CITY", "OwnerState": "MT", "PropType": "Vacant Land", "TotalAcres": 640.0 }, "geometry": { "type": "Polygon", "coordinates": [ [ [ -106.753102552542558, 45.904802205132 ], [ -106.75825390815217, 45.904856412202612 ], [ -106.763405286769824, 45.904910616325765 ], [ -106.768556639274536, 45.904964819904507 ], [ -106.773708019760278, 45.905019025158253 ], [ -106.773692140752004, 45.9086519732138 ], [ -106.773676290728361, 45.912284946598149 ], [ -106.773660442419512, 45.9159179230194 ], [ -106.773644563784345, 45.919550898082079 ], [ -106.768577717094146, 45.919519746938626 ], [ -106.763510864667751, 45.919488597310234 ], [ -106.758444018373737, 45.919457417964445 ], [ -106.753377168725905, 45.919426269011701 ], [ -106.753308515523727, 45.915770267248185 ], [ -106.75323986144231, 45.912114236632853 ], [ -106.753171207567306, 45.908458206927449 ], [ -106.753102552542558, 45.904802205132 ] ] ] } },
{ "type": "Feature", "properties": { "CountyName": "Rosebud", "OwnerName_Grouped": "GREAT NORTHERN PROPERTIES", "OwnerName": "GREAT NORTHERN PROP LTD PTNSH", "OwnerAddre": "PO BOX 1745", "OwnerAdd_1": null, "OwnerAdd_2": null, "OwnerCity": "MILES CITY", "OwnerState": "MT", "PropType": "Vacant Land", "TotalAcres": 640.0 }, "geometry": { "type": "Polygon", "coordinates": [ [ [ -106.835023708204744, 46.07856466357638 ], [ -106.840228400213405, 46.078568604332325 ], [ -106.845433064533566, 46.078572542396444 ], [ -106.850636395406198, 46.078576504662308 ], [ -106.855837613205466, 46.078580503611832 ], [ -106.855824019936449, 46.082199748409579 ], [ -106.855809380757364, 46.085819013266182 ], [ -106.855792884723385, 46.08943828091774 ], [ -106.855777653511467, 46.093057555359842 ], [ -106.850563347173988, 46.093052880823997 ], [ -106.845349070000196, 46.093048208610448 ], [ -106.840134762489058, 46.093043537317378 ], [ -106.834920459659799, 46.093038865068486 ], [ -106.834944303502596, 46.089420342046836 ], [ -106.8349701611222, 46.085801785272814 ], [ -106.834996933797825, 46.082183238091595 ], [ -106.835023708204744, 46.07856466357638 ] ] ] } },
{ "type": "Feature", "properties": { "CountyName": "Rosebud", "OwnerName_Grouped": "GREAT NORTHERN PROPERTIES", "OwnerName": "GREAT NORTHERN PROP LTD PTNSH", "OwnerAddre": "PO BOX 1745", "OwnerAdd_1": null, "OwnerAdd_2": null, "OwnerCity": "MILES CITY", "OwnerState": "MT", "PropType": "Vacant Land", "TotalAcres": 662.84 }, "geometry": { "type": "Polygon", "coordinates": [ [ [ -106.813499882742349, 46.064250568145248 ], [ -106.813499215518391, 46.064109400969933 ], [ -106.819497411404782, 46.064108186793149 ], [ -106.824697386455526, 46.064107239149912 ], [ -106.829897447425964, 46.064105455235214 ], [ -106.835094771771736, 46.06410372011284 ], [ -106.835079068688387, 46.067718912592291 ], [ -106.835061983076372, 46.071334128724573 ], [ -106.83504286031382, 46.074949412434698 ], [ -106.835023708204744, 46.07856466357638 ], [ -106.829828522799232, 46.078581547040564 ], [ -106.824633366398643, 46.078598431030322 ], [ -106.819435236716274, 46.078616286032734 ], [ -106.813551410981631, 46.078636346563137 ], [ -106.813542081539183, 46.075061441588289 ], [ -106.813541933450381, 46.075004442343158 ], [ -106.813532788343124, 46.071486509990386 ], [ -106.813532271018573, 46.071372509864261 ], [ -106.813512979863063, 46.067868975194664 ], [ -106.813512525423775, 46.06774139077752 ], [ -106.813499882742349, 46.064250568145248 ] ] ] } },
{ "type": "Feature", "properties": { "CountyName": "Rosebud", "OwnerName_Grouped": "GREAT NORTHERN PROPERTIES", "OwnerName": "GREAT NORTHERN PROP LTD PTNSH", "OwnerAddre": "PO BOX 1745", "OwnerAdd_1": null, "OwnerAdd_2": null, "OwnerCity": "MILES CITY", "OwnerState": "MT", "PropType": "Vacant Land", "TotalAcres": 640.0 }, "geometry": { "type": "Polygon", "coordinates": [ [ [ -106.191607940589435, 46.036373856884651 ], [ -106.19684925209323, 46.036380262120808 ], [ -106.202090566006348, 46.036386638434763 ], [ -106.207331880267986, 46.036393041620208 ], [ -106.212573221405336, 46.036399418399284 ], [ -106.212592178505972, 46.04002435620621 ], [ -106.212611138289077, 46.043649292848862 ], [ -106.212630095979009, 46.047274200246079 ], [ -106.212649054507665, 46.050899137026548 ], [ -106.207428519584496, 46.050907206412958 ], [ -106.202208012579774, 46.050915274026622 ], [ -106.196987508767251, 46.050923341848382 ], [ -106.191767000374327, 46.050931409650794 ], [ -106.191693817408918, 46.047295362740257 ], [ -106.19162066086129, 46.04365934121315 ], [ -106.191614287305697, 46.040016599242001 ], [ -106.191607940589435, 46.036373856884651 ] ] ] } },
{ "type": "Feature", "properties": { "CountyName": "Rosebud", "OwnerName_Grouped": "GREAT NORTHERN PROPERTIES", "OwnerName": "GREAT NORTHERN PROP LTD PTNSH", "OwnerAddre": "PO BOX 1745", "OwnerAdd_1": null, "OwnerAdd_2": null, "OwnerCity": "MILES CITY", "OwnerState": "MT", "PropType": "Vacant Land", "TotalAcres": 578.69 }, "geometry": { "type": "Polygon", "coordinates": [ [ [ -106.669902389219516, 46.021198003642148 ], [ -106.675078014638189, 46.021189439548422 ], [ -106.680253618629266, 46.02118084476227 ], [ -106.685438913943273, 46.021179644442689 ], [ -106.690135030593126, 46.021179175587875 ], [ -106.690157670681856, 46.024802457236007 ], [ -106.690180211535534, 46.028427925632911 ], [ -106.690204400451719, 46.032053642080875 ], [ -106.6902285618646, 46.035679353920486 ], [ -106.685567421897119, 46.035677699255636 ], [ -106.680393452378013, 46.035676064569003 ], [ -106.675241648421434, 46.035676818567218 ], [ -106.670089813752554, 46.035677577175719 ], [ -106.670042296411097, 46.032057061373855 ], [ -106.669994774842991, 46.028436575672359 ], [ -106.669948388440744, 46.024816089331374 ], [ -106.669902389219516, 46.021198003642148 ] ] ] } },
{ "type": "Feature", "properties": { "CountyName": "Rosebud", "OwnerName_Grouped": "GREAT NORTHERN PROPERTIES", "OwnerName": "GREAT NORTHERN PROP LTD PTNSH", "OwnerAddre": "PO BOX 1745", "OwnerAdd_1": null, "OwnerAdd_2": null, "OwnerCity": "MILES CITY", "OwnerState": "MT", "PropType": "Vacant Land", "TotalAcres": 440.0 }, "geometry": { "type": "Polygon", "coordinates": [ [ [ -106.939032623595722, 45.915795328133065 ], [ -106.933850519368747, 45.915790901249672 ], [ -106.933849371934897, 45.91941190471654 ], [ -106.928668461852354, 45.919406256053421 ], [ -106.923487581605713, 45.919400579601984 ], [ -106.918306670501778, 45.919394930705259 ], [ -106.918308347165663, 45.9157767050012 ], [ -106.918310025023786, 45.912158478643462 ], [ -106.918311675470576, 45.908540256391149 ], [ -106.923490886585768, 45.908543236604579 ], [ -106.928670074115999, 45.908545997007622 ], [ -106.933850484228728, 45.908548757032669 ], [ -106.93903039217642, 45.908551268201492 ], [ -106.939031642616499, 45.909872574371605 ], [ -106.939033824356898, 45.912173047003961 ], [ -106.93903413440195, 45.913494327040702 ], [ -106.939032623595722, 45.915795328133065 ] ] ] } },
{ "type": "Feature", "properties": { "CountyName": "Rosebud", "OwnerName_Grouped": "GREAT NORTHERN PROPERTIES", "OwnerName": "GREAT NORTHERN PROPERTIES LIMITED PARTNERSHIP", "OwnerAddre": "PO BOX 1745", "OwnerAdd_1": null, "OwnerAdd_2": null, "OwnerCity": "MILES CITY", "OwnerState": "MT", "PropType": "Vacant Land", "TotalAcres": 358.1 }, "geometry": { "type": "Polygon", "coordinates": [ [ [ -106.877214271367905, 45.871506088825143 ], [ -106.87721605908763, 45.867884115347259 ], [ -106.882394578489652, 45.867880539785794 ], [ -106.887573096247039, 45.867876744832962 ], [ -106.892752864248763, 45.867872699274407 ], [ -106.897932603607273, 45.867868430882716 ], [ -106.897934231121269, 45.871489934179195 ], [ -106.897937128011165, 45.875963047154421 ], [ -106.897574416151684, 45.875963079622039 ], [ -106.892755831494597, 45.87596667596074 ], [ -106.892393122281746, 45.875966960099554 ], [ -106.887574535233824, 45.875970585912448 ], [ -106.887211823063723, 45.875970590259058 ], [ -106.882393210786859, 45.875974210790993 ], [ -106.88203049988023, 45.875974494695349 ], [ -106.877211917277222, 45.875978120234372 ], [ -106.877214271367905, 45.871506088825143 ] ] ] } },
{ "type": "Feature", "properties": { "CountyName": "Rosebud", "OwnerName_Grouped": "GREAT NORTHERN PROPERTIES", "OwnerName": "GREAT NORTHERN PROPERTIES LP", "OwnerAddre": "PO BOX 1745", "OwnerAdd_1": null, "OwnerAdd_2": null, "OwnerCity": "MILES CITY", "OwnerState": "MT", "PropType": "Vacant Land", "TotalAcres": 40.0 }, "geometry": { "type": "Polygon", "coordinates": [ [ [ -106.87721605908763, 45.867884115347259 ], [ -106.877214271367905, 45.871506088825143 ], [ -106.872031921034946, 45.871495690682416 ], [ -106.872036848376808, 45.867875049077696 ], [ -106.87721605908763, 45.867884115347259 ] ] ] } },
{ "type": "Feature", "properties": { "CountyName": "Rosebud", "OwnerName_Grouped": "GREAT NORTHERN PROPERTIES", "OwnerName": "GREAT NORTHERN PROPERTIES LTD PTNSHP", "OwnerAddre": "PO BOX 1745", "OwnerAdd_1": null, "OwnerAdd_2": null, "OwnerCity": "MILES CITY", "OwnerState": "MT", "PropType": "Vacant Land", "TotalAcres": 40.0 }, "geometry": { "type": "Polygon", "coordinates": [ [ [ -106.566369679756136, 45.846694395048587 ], [ -106.566369421581754, 45.846481101565075 ], [ -106.571573821253637, 45.846475427980522 ], [ -106.571579354219068, 45.850087815996346 ], [ -106.56637294949391, 45.850092460064708 ], [ -106.566369679756136, 45.846694395048587 ] ] ] } },
{ "type": "Feature", "properties": { "CountyName": "Rosebud", "OwnerName_Grouped": "GREAT NORTHERN PROPERTIES", "OwnerName": "GREAT NORTHERN PROPERTIES LTD PTNSHP", "OwnerAddre": "PO BOX 1745", "OwnerAdd_1": null, "OwnerAdd_2": null, "OwnerCity": "MILES CITY", "OwnerState": "MT", "PropType": "Vacant Land", "TotalAcres": 160.0 }, "geometry": { "type": "Polygon", "coordinates": [ [ [ -106.628752535403351, 45.839273517190193 ], [ -106.628769012085371, 45.842893808387643 ], [ -106.62878552078449, 45.846514098145818 ], [ -106.62361197355176, 45.846495786145084 ], [ -106.618438574897922, 45.84647736785746 ], [ -106.613188798729581, 45.846465001687122 ], [ -106.61316620449054, 45.842849758325777 ], [ -106.618410984562587, 45.842863272294828 ], [ -106.623588594536315, 45.842879682284362 ], [ -106.623568000805051, 45.839261421209031 ], [ -106.628752535403351, 45.839273517190193 ] ] ] } },
{ "type": "Feature", "properties": { "CountyName": "Rosebud", "OwnerName_Grouped": "GREAT NORTHERN PROPERTIES", "OwnerName": "GREAT NORTHERN PROPERTIES LTD PTNSHP", "OwnerAddre": "PO BOX 1745", "OwnerAdd_1": null, "OwnerAdd_2": null, "OwnerCity": "MILES CITY", "OwnerState": "MT", "PropType": "Vacant Land", "TotalAcres": 320.0 }, "geometry": { "type": "Polygon", "coordinates": [ [ [ -106.587168760508007, 45.82481471941518 ], [ -106.587172054588976, 45.821208387140146 ], [ -106.587175344616398, 45.817602052635245 ], [ -106.592373367535629, 45.817598351313244 ], [ -106.597571418446748, 45.817594620287409 ], [ -106.597554932586888, 45.821192869279351 ], [ -106.60275387273802, 45.821172305380898 ], [ -106.602738470297453, 45.824778942176103 ], [ -106.602723065612082, 45.828390526019284 ], [ -106.597521905726268, 45.828399256175373 ], [ -106.592340688499121, 45.828414792634867 ], [ -106.587159467349224, 45.828430108380296 ], [ -106.587168760508007, 45.82481471941518 ] ] ] } },
{ "type": "Feature", "properties": { "CountyName": "Rosebud", "OwnerName_Grouped": "GREAT NORTHERN PROPERTIES", "OwnerName": "GREAT NORTHERN PROP LTD PTNSH", "OwnerAddre": "PO BOX 1745", "OwnerAdd_1": null, "OwnerAdd_2": null, "OwnerCity": "MILES CITY", "OwnerState": "MT", "PropType": "Vacant Land", "TotalAcres": 315.0 }, "geometry": { "type": "Polygon", "coordinates": [ [ [ -106.331090927238321, 45.503431560079441 ], [ -106.326788369902516, 45.503434091402724 ], [ -106.32156727277787, 45.503436970052093 ], [ -106.316346176440234, 45.503439625625852 ], [ -106.316346151290048, 45.503378067754689 ], [ -106.316346037502086, 45.499795133991746 ], [ -106.316346039555384, 45.499764356856488 ], [ -106.316345906379695, 45.496150621943528 ], [ -106.321622536395964, 45.4961537710562 ], [ -106.321753792687943, 45.496153879903723 ], [ -106.326899165819853, 45.496157001606662 ], [ -106.332038844717033, 45.496137014412014 ], [ -106.33717852433179, 45.496117024344422 ], [ -106.337176872972591, 45.499772345166193 ], [ -106.337175226612842, 45.503427668039535 ], [ -106.337175211505993, 45.504082905016325 ], [ -106.33680088842479, 45.50415099421847 ], [ -106.335988133883717, 45.504000726438818 ], [ -106.335042101451833, 45.503454782745791 ], [ -106.335016354124107, 45.503429087121219 ], [ -106.334272502604009, 45.502687582619615 ], [ -106.333345441376693, 45.502446480932463 ], [ -106.332500231911922, 45.502494882827619 ], [ -106.331987734901944, 45.502674003867384 ], [ -106.33156865743527, 45.502820457656078 ], [ -106.331090927238321, 45.503431560079441 ] ] ] } },
{ "type": "Feature", "properties": { "CountyName": "Rosebud", "OwnerName_Grouped": "GREAT NORTHERN PROPERTIES", "OwnerName": "GREAT NORTHERN PROP LTD PTNSH", "OwnerAddre": "PO BOX 1745", "OwnerAdd_1": null, "OwnerAdd_2": null, "OwnerCity": "MILES CITY", "OwnerState": "MT", "PropType": "Vacant Land", "TotalAcres": 567.59 }, "geometry": { "type": "Polygon", "coordinates": [ [ [ -106.41958564571992, 45.435067540334813 ], [ -106.41434630581098, 45.435060839135538 ], [ -106.409106881620119, 45.435053888812519 ], [ -106.40911976944237, 45.438718018136647 ], [ -106.403837428993114, 45.438673511991034 ], [ -106.398555085530518, 45.438629006018154 ], [ -106.398543445078147, 45.435008268448222 ], [ -106.398531801349165, 45.431387529224594 ], [ -106.398531991501287, 45.42778354063271 ], [ -106.398531883035105, 45.427711150132986 ], [ -106.398532187890581, 45.424034604770114 ], [ -106.40380020114236, 45.424026304322162 ], [ -106.403938984697064, 45.424026105610118 ], [ -106.4090681295216, 45.424018030364806 ], [ -106.414301363699323, 45.424012369130089 ], [ -106.419534567505877, 45.424006733767783 ], [ -106.419587929524752, 45.427686003426679 ], [ -106.419641291402627, 45.431365269695078 ], [ -106.41958564571992, 45.435067540334813 ] ] ] } },
{ "type": "Feature", "properties": { "CountyName": "Rosebud", "OwnerName_Grouped": "GREAT NORTHERN PROPERTIES", "OwnerName": "GREAT NORTHERN PROP LTD PTNSH", "OwnerAddre": "PO BOX 1745", "OwnerAdd_1": null, "OwnerAdd_2": null, "OwnerCity": "MILES CITY", "OwnerState": "MT", "PropType": "Vacant Land", "TotalAcres": 2.74 }, "geometry": { "type": "Polygon", "coordinates": [ [ [ -106.461359304392985, 45.417164690799055 ], [ -106.461369472028721, 45.416356499820374 ], [ -106.461927089418552, 45.416994205096522 ], [ -106.462003586801387, 45.417168151719792 ], [ -106.462138666546224, 45.417475216157065 ], [ -106.462342605942538, 45.417995366411347 ], [ -106.462080220155684, 45.418243626579049 ], [ -106.461394015481815, 45.418420698102501 ], [ -106.461359304392985, 45.417164690799055 ] ] ] } },
{ "type": "Feature", "properties": { "CountyName": "Rosebud", "OwnerName_Grouped": "GREAT NORTHERN PROPERTIES", "OwnerName": "GREAT NORTHERN PROP LTD PTNSH", "OwnerAddre": "PO BOX 1745", "OwnerAdd_1": null, "OwnerAdd_2": null, "OwnerCity": "MILES CITY", "OwnerState": "MT", "PropType": "Vacant Land", "TotalAcres": 428.83 }, "geometry": { "type": "Polygon", "coordinates": [ [ [ -106.458082035912724, 45.404448045772568 ], [ -106.457851777577147, 45.404426798627078 ], [ -106.457621708274829, 45.404449637333258 ], [ -106.457171123123274, 45.404630925639694 ], [ -106.456918955798514, 45.405051356553997 ], [ -106.456700266613652, 45.406261480209643 ], [ -106.456240411434052, 45.406261597842928 ], [ -106.451001558554225, 45.406262621882782 ], [ -106.450983759671786, 45.402676715169591 ], [ -106.445740602375537, 45.402711378733798 ], [ -106.445734565517611, 45.406349981668242 ], [ -106.440467543279198, 45.406437064606088 ], [ -106.440497415636585, 45.402745792619648 ], [ -106.440495227588642, 45.399069938583011 ], [ -106.44049304115849, 45.395394087830269 ], [ -106.445621085084184, 45.39535020229124 ], [ -106.445720118301793, 45.39534936783086 ], [ -106.450947223571973, 45.395304618326364 ], [ -106.456175326990177, 45.395299315844227 ], [ -106.461403456799601, 45.395294012323582 ], [ -106.461438586456524, 45.398950365229972 ], [ -106.461456553148153, 45.4008201962464 ], [ -106.461194134940058, 45.401286491013224 ], [ -106.461081834386533, 45.401781174555715 ], [ -106.461110922615589, 45.402609086842105 ], [ -106.461112945115175, 45.402666838221606 ], [ -106.461463723421815, 45.403220570089033 ], [ -106.461506512481265, 45.406260294689041 ], [ -106.461517817717507, 45.407064956013443 ], [ -106.460296494584412, 45.4065709049177 ], [ -106.460146969941732, 45.406260649353868 ], [ -106.460057249014582, 45.406074450350651 ], [ -106.459639611384233, 45.405393215946923 ], [ -106.458704836528867, 45.404709570898873 ], [ -106.458082035912724, 45.404448045772568 ] ] ] } },
{ "type": "Feature", "properties": { "CountyName": "Rosebud", "OwnerName_Grouped": "GREAT NORTHERN PROPERTIES", "OwnerName": "GREAT NORTHERN PROPERTIES LTD PTNSHP", "OwnerAddre": "PO BOX 1745", "OwnerAdd_1": null, "OwnerAdd_2": null, "OwnerCity": "MILES CITY", "OwnerState": "MT", "PropType": "Vacant Land", "TotalAcres": 193.85 }, "geometry": { "type": "Polygon", "coordinates": [ [ [ -106.708589064407718, 45.763330978207271 ], [ -106.708596981700126, 45.75958971379238 ], [ -106.71393720387664, 45.759561003740011 ], [ -106.719322708459345, 45.759421757882066 ], [ -106.72465193950967, 45.759303949831242 ], [ -106.729145873564349, 45.759211788943645 ], [ -106.729158354519484, 45.759627545795688 ], [ -106.729262129524002, 45.762836515103629 ], [ -106.724740385878732, 45.76296139643825 ], [ -106.724828764164599, 45.766614960217858 ], [ -106.719475077795508, 45.766795571942112 ], [ -106.719398876988876, 45.763108665110821 ], [ -106.713965904057886, 45.763288501289175 ], [ -106.708589064407718, 45.763330978207271 ] ] ] } },
{ "type": "Feature", "properties": { "CountyName": "Rosebud", "OwnerName_Grouped": "GREAT NORTHERN PROPERTIES", "OwnerName": "GREAT NORTHERN PROP LTD PTNSH", "OwnerAddre": "PO BOX 1745", "OwnerAdd_1": null, "OwnerAdd_2": null, "OwnerCity": "MILES CITY", "OwnerState": "MT", "PropType": "Vacant Land", "TotalAcres": 640.0 }, "geometry": { "type": "Polygon", "coordinates": [ [ [ -106.753102552542558, 45.904802205132 ], [ -106.747954714518144, 45.904781307648847 ], [ -106.742807350507732, 45.904759985584967 ], [ -106.737659988931242, 45.904738663292228 ], [ -106.732512628432374, 45.904717341638374 ], [ -106.732532571474849, 45.901104745104028 ], [ -106.732552486285712, 45.897492121180392 ], [ -106.732572425622251, 45.893879523420061 ], [ -106.732592366403566, 45.890266898130278 ], [ -106.737747162459087, 45.890292923328971 ], [ -106.742901960439269, 45.890318949320722 ], [ -106.748056730900259, 45.89034494656245 ], [ -106.753212125628096, 45.890370443789649 ], [ -106.753184746908602, 45.893978391822614 ], [ -106.753157341477447, 45.897586339570232 ], [ -106.753129931435367, 45.901194257839435 ], [ -106.753102552542558, 45.904802205132 ] ] ] } },
{ "type": "Feature", "properties": { "CountyName": "Rosebud", "OwnerName_Grouped": "GREAT NORTHERN PROPERTIES", "OwnerName": "GREAT NORTHERN PROPERTIES LIMITED PARTNERSHIP", "OwnerAddre": "PO BOX 1745", "OwnerAdd_1": null, "OwnerAdd_2": null, "OwnerCity": "MILES CITY", "OwnerState": "MT", "PropType": "Vacant Land", "TotalAcres": 640.0 }, "geometry": { "type": "Polygon", "coordinates": [ [ [ -106.856094083386651, 45.897754710630103 ], [ -106.856096958474609, 45.894133043403592 ], [ -106.85609986184356, 45.890511345635126 ], [ -106.861286907855771, 45.890497244747458 ], [ -106.866473983487509, 45.89048314339999 ], [ -106.871661056556022, 45.890469040833501 ], [ -106.876848130819042, 45.890454939837205 ], [ -106.876845451410858, 45.894073859829412 ], [ -106.876842744715077, 45.89769280560774 ], [ -106.876840064768473, 45.901311726188993 ], [ -106.876837361309882, 45.904930674417805 ], [ -106.871650093558316, 45.904947525006634 ], [ -106.866462849716925, 45.904964376856363 ], [ -106.861275579495029, 45.904981255805254 ], [ -106.856088310042239, 45.904998106654517 ], [ -106.856091210390844, 45.901376408823083 ], [ -106.856094083386651, 45.897754710630103 ] ] ] } },
{ "type": "Feature", "properties": { "CountyName": "Rosebud", "OwnerName_Grouped": "GREAT NORTHERN PROPERTIES", "OwnerName": "GREAT NORTHERN PROPERTIES LTD PTNSHP", "OwnerAddre": "PO BOX 1745", "OwnerAdd_1": null, "OwnerAdd_2": null, "OwnerCity": "MILES CITY", "OwnerState": "MT", "PropType": "Vacant Land", "TotalAcres": 240.0 }, "geometry": { "type": "Polygon", "coordinates": [ [ [ -106.566348160110707, 45.890210001141305 ], [ -106.571622014425586, 45.890028711871835 ], [ -106.576895869379868, 45.889847425060722 ], [ -106.582159675464169, 45.88967441772013 ], [ -106.582114887501717, 45.893277216171889 ], [ -106.58207013099647, 45.896879872651468 ], [ -106.576836208217117, 45.897071705054302 ], [ -106.571605455237616, 45.897263204973086 ], [ -106.566374672539396, 45.897454428749747 ], [ -106.566361401777229, 45.893832216237975 ], [ -106.566348160110707, 45.890210001141305 ] ] ] } },
{ "type": "Feature", "properties": { "CountyName": "Rosebud", "OwnerName_Grouped": "GREAT NORTHERN PROPERTIES", "OwnerName": "GREAT NORTHERN PROPERTIES LP", "OwnerAddre": "PO BOX 1745", "OwnerAdd_1": null, "OwnerAdd_2": null, "OwnerCity": "MILES CITY", "OwnerState": "MT", "PropType": "Vacant Land", "TotalAcres": 80.0 }, "geometry": { "type": "Polygon", "coordinates": [ [ [ -106.763524995988362, 45.890412936146504 ], [ -106.768681431567416, 45.890434196317521 ], [ -106.773837865732418, 45.890455457069606 ], [ -106.77380540443508, 45.894096349155269 ], [ -106.768650245492168, 45.894067088320661 ], [ -106.763495089989121, 45.894037606729967 ], [ -106.763524995988362, 45.890412936146504 ] ] ] } },
{ "type": "Feature", "properties": { "CountyName": "Rosebud", "OwnerName_Grouped": "GREAT NORTHERN PROPERTIES", "OwnerName": "GREAT NORTHERN PROP LTD PTNSH", "OwnerAddre": "PO BOX 1745", "OwnerAdd_1": null, "OwnerAdd_2": null, "OwnerCity": "MILES CITY", "OwnerState": "MT", "PropType": "Vacant Land", "TotalAcres": 320.0 }, "geometry": { "type": "Polygon", "coordinates": [ [ [ -106.753357919540179, 45.875895292685598 ], [ -106.757946760536313, 45.87589041300587 ], [ -106.758538095584626, 45.875889791855521 ], [ -106.7631288811762, 45.875884908906194 ], [ -106.763718296548774, 45.875884176644512 ], [ -106.763669882424253, 45.879522147803542 ], [ -106.763621474667374, 45.883160097117859 ], [ -106.763573263620614, 45.886786516636384 ], [ -106.763524995988362, 45.890412936146504 ], [ -106.758368560105552, 45.890391705403644 ], [ -106.753212125628096, 45.890370443789649 ], [ -106.753248590147663, 45.886751663621709 ], [ -106.753285025619604, 45.88313285435644 ], [ -106.753321487158004, 45.879514074097351 ], [ -106.753357919540179, 45.875895292685598 ] ] ] } },
{ "type": "Feature", "properties": { "CountyName": "Rosebud", "OwnerName_Grouped": "GREAT NORTHERN PROPERTIES", "OwnerName": "GREAT NORTHERN PROPERTIES LTD PTNSHP", "OwnerAddre": "PO BOX 1745", "OwnerAdd_1": null, "OwnerAdd_2": null, "OwnerCity": "MILES CITY", "OwnerState": "MT", "PropType": "Vacant Land", "TotalAcres": 38.29 }, "geometry": { "type": "Polygon", "coordinates": [ [ [ -106.814690517612789, 45.890543320742523 ], [ -106.809755092650562, 45.890536418585533 ], [ -106.809864666588837, 45.886832858861958 ], [ -106.814761839644476, 45.886816874396636 ], [ -106.814759952718063, 45.886916401829424 ], [ -106.814690517612789, 45.890543320742523 ] ] ] } },
{ "type": "Feature", "properties": { "CountyName": "Rosebud", "OwnerName_Grouped": "GREAT NORTHERN PROPERTIES", "OwnerName": "GREAT NORTHERN PROPERTIES LTD PTNSHP", "OwnerAddre": "PO BOX 1745", "OwnerAdd_1": null, "OwnerAdd_2": null, "OwnerCity": "MILES CITY", "OwnerState": "MT", "PropType": "Vacant Land", "TotalAcres": 120.0 }, "geometry": { "type": "Polygon", "coordinates": [ [ [ -106.835352103345102, 45.886899970662874 ], [ -106.84053934242921, 45.886896924800944 ], [ -106.845726585257594, 45.886893629230151 ], [ -106.85091382743822, 45.8868903333086 ], [ -106.850912008646844, 45.890514475211958 ], [ -106.845724183240534, 45.890517604168714 ], [ -106.840536358462572, 45.89052073366674 ], [ -106.835348505949895, 45.890523863032627 ], [ -106.835352103345102, 45.886899970662874 ] ] ] } },
{ "type": "Feature", "properties": { "CountyName": "Rosebud", "OwnerName_Grouped": "GREAT NORTHERN PROPERTIES", "OwnerName": "GREAT NORTHERN PROPERTIES LP", "OwnerAddre": "PO BOX 1745", "OwnerAdd_1": null, "OwnerAdd_2": null, "OwnerCity": "MILES CITY", "OwnerState": "MT", "PropType": "Industrial Property", "TotalAcres": 320.0 }, "geometry": { "type": "Polygon", "coordinates": [ [ [ -106.77395817845705, 45.883186394964824 ], [ -106.779112752814953, 45.883202877869572 ], [ -106.784267325909084, 45.883219107548683 ], [ -106.789426870947963, 45.883235119592037 ], [ -106.794586418225734, 45.883250935678447 ], [ -106.79445645067419, 45.886878300698697 ], [ -106.794326515015129, 45.890505639172702 ], [ -106.789204357466886, 45.890493102028707 ], [ -106.784082203731259, 45.890480561567763 ], [ -106.778960048420757, 45.890467996045373 ], [ -106.773837865732418, 45.890455457069606 ], [ -106.773898021516388, 45.886820926199306 ], [ -106.77395817845705, 45.883186394964824 ] ] ] } },
{ "type": "Feature", "properties": { "CountyName": "Rosebud", "OwnerName_Grouped": "GREAT NORTHERN PROPERTIES", "OwnerName": "GREAT NORTHERN PROP LTD PTNSH", "OwnerAddre": "PO BOX 1745", "OwnerAdd_1": null, "OwnerAdd_2": null, "OwnerCity": "MILES CITY", "OwnerState": "MT", "PropType": "Improved Property", "TotalAcres": 608.55 }, "geometry": { "type": "Polygon", "coordinates": [ [ [ -106.245995109395935, 45.586051343877791 ], [ -106.24487032005365, 45.585569646763311 ], [ -106.244914791897116, 45.585505367805546 ], [ -106.244004597127301, 45.585091678592967 ], [ -106.241430541658772, 45.58389432664287 ], [ -106.238857756602769, 45.582593236085643 ], [ -106.238116631887522, 45.582295681704565 ], [ -106.238859096101805, 45.582306040099027 ], [ -106.244019236392063, 45.582378105605045 ], [ -106.249179379616564, 45.58245019782364 ], [ -106.254339469314203, 45.582522187199366 ], [ -106.254313530354878, 45.586316651618866 ], [ -106.254302327082868, 45.587955227215595 ], [ -106.252314427508935, 45.587653368163195 ], [ -106.250915993658097, 45.587406434638133 ], [ -106.250893660522138, 45.587439202967737 ], [ -106.251141170510095, 45.587503795791974 ], [ -106.254301961333155, 45.588008630398498 ], [ -106.254287585726004, 45.590111089869303 ], [ -106.254261647610548, 45.593905556336338 ], [ -106.254235704899799, 45.59770002185531 ], [ -106.249087260207432, 45.597491221770305 ], [ -106.243938766430389, 45.597282351805369 ], [ -106.238790270802028, 45.5970734808919 ], [ -106.233641778800092, 45.596864581263432 ], [ -106.233656072869621, 45.593206924386109 ], [ -106.233670366585727, 45.589549266388175 ], [ -106.23368468812339, 45.585891608109669 ], [ -106.233698982411454, 45.582233947951622 ], [ -106.238010116233227, 45.582294195459554 ], [ -106.238857213304954, 45.582709966292967 ], [ -106.240597063137983, 45.583516040211194 ], [ -106.240953090403139, 45.583666792762934 ], [ -106.241335605191594, 45.583874978951982 ], [ -106.244004475920718, 45.585114103797579 ], [ -106.24458753471292, 45.585381774319515 ], [ -106.24487032005365, 45.585569646763311 ], [ -106.244154474601558, 45.585235994189283 ], [ -106.2433501308861, 45.58486102043581 ], [ -106.242231956174834, 45.584339857558277 ], [ -106.240750417669673, 45.583649245729013 ], [ -106.240719820905881, 45.583765005350536 ], [ -106.242722551227303, 45.584709552165656 ], [ -106.242829104078808, 45.58470392762932 ], [ -106.244429251805357, 45.585491911932849 ], [ -106.244618482479652, 45.585563282534721 ], [ -106.244828100532587, 45.585604535680027 ], [ -106.245952833709396, 45.586102356585762 ], [ -106.245995109395935, 45.586051343877791 ] ], [ [ -106.249307095219919, 45.587043537441666 ], [ -106.247998179926356, 45.586661076864488 ], [ -106.247975286601388, 45.586703288375126 ], [ -106.249284765416547, 45.587076213686721 ], [ -106.249307095219919, 45.587043537441666 ] ] ] } },
{ "type": "Feature", "properties": { "CountyName": "Rosebud", "OwnerName_Grouped": "GREAT NORTHERN PROPERTIES", "OwnerName": "GREAT NORTHERN PROPERTIES LP", "OwnerAddre": "PO BOX 1745", "OwnerAdd_1": null, "OwnerAdd_2": null, "OwnerCity": "MILES CITY", "OwnerState": "MT", "PropType": "Industrial Property", "TotalAcres": 32.1 }, "geometry": { "type": "Polygon", "coordinates": [ [ [ -106.608039535817838, 45.86464111706983 ], [ -106.608694574209309, 45.864873395793822 ], [ -106.609442796389033, 45.865156672906195 ], [ -106.610514381336813, 45.865565369126756 ], [ -106.613271006804922, 45.866590170221791 ], [ -106.615169985362229, 45.867286439100177 ], [ -106.617655797577925, 45.868218562144897 ], [ -106.613219526517568, 45.868181677640266 ], [ -106.612531794046205, 45.868178659423087 ], [ -106.612377069507829, 45.868177980136004 ], [ -106.608018637515698, 45.868158747209478 ], [ -106.608039535817838, 45.86464111706983 ] ] ] } },
{ "type": "Feature", "properties": { "CountyName": "Rosebud", "OwnerName_Grouped": "GREAT NORTHERN PROPERTIES", "OwnerName": "GREAT NORTHERN PROPERTIES LP", "OwnerAddre": "PO BOX 1745", "OwnerAdd_1": null, "OwnerAdd_2": null, "OwnerCity": "MILES CITY", "OwnerState": "MT", "PropType": "Vacant Land", "TotalAcres": 116.6 }, "geometry": { "type": "Polygon", "coordinates": [ [ [ -106.58207111694874, 45.868144322749373 ], [ -106.582022633680921, 45.860884741587597 ], [ -106.585763814230774, 45.860886705323203 ], [ -106.585808193808887, 45.860886728250065 ], [ -106.587266141013615, 45.860887459788181 ], [ -106.587289510970621, 45.864513124642954 ], [ -106.587264067852885, 45.868138806445096 ], [ -106.587217085627586, 45.871790692884638 ], [ -106.584717440740405, 45.871791543969856 ], [ -106.584609085702652, 45.871736160334315 ], [ -106.583523134141444, 45.871148726398076 ], [ -106.58311834966689, 45.870924493699434 ], [ -106.582039398728782, 45.870337875335821 ], [ -106.58207111694874, 45.868144322749373 ] ] ] } },
{ "type": "Feature", "properties": { "CountyName": "Richland", "OwnerName_Grouped": "GREAT NORTHERN PROPERTIES", "OwnerName": "GREAT NORTHERN PROPERTIES", "OwnerAddre": "PO BOX 1745", "OwnerAdd_1": null, "OwnerAdd_2": null, "OwnerCity": "MILES CITY", "OwnerState": "MT", "PropType": "Vacant Land", "TotalAcres": 640.0 }, "geometry": { "type": "Polygon", "coordinates": [ [ [ -104.89287921688971, 47.759216095747895 ], [ -104.892883118493131, 47.75758049235651 ], [ -104.892902908753896, 47.753948174162481 ], [ -104.892906881738725, 47.750320898898302 ], [ -104.892910696613825, 47.746693693232629 ], [ -104.898269600924294, 47.746709663376819 ], [ -104.903628505734318, 47.746725632214684 ], [ -104.90898738537129, 47.746741603236359 ], [ -104.914346140687783, 47.746757625708568 ], [ -104.914332819104928, 47.750389935264742 ], [ -104.914319483778854, 47.754022238160125 ], [ -104.914314676694104, 47.757639924781245 ], [ -104.914315000250866, 47.761248758761283 ], [ -104.908954896442268, 47.761234990564461 ], [ -104.903594763508337, 47.761221249607843 ], [ -104.898234632606616, 47.761207484841727 ], [ -104.892874500425378, 47.761193718671109 ], [ -104.89287921688971, 47.759216095747895 ] ] ] } },
{ "type": "Feature", "properties": { "CountyName": "Richland", "OwnerName_Grouped": "GREAT NORTHERN PROPERTIES", "OwnerName": "GREAT NORTHERN PROPERTIES", "OwnerAddre": "PO BOX 1745", "OwnerAdd_1": null, "OwnerAdd_2": null, "OwnerCity": "MILES CITY", "OwnerState": "MT", "PropType": "Vacant Land", "TotalAcres": 640.0 }, "geometry": { "type": "Polygon", "coordinates": [ [ [ -104.935791984583858, 47.746799942983479 ], [ -104.941146980519946, 47.746810167064822 ], [ -104.946501978419377, 47.746820393001592 ], [ -104.95185695002651, 47.746830623290293 ], [ -104.957211950597568, 47.746840852886542 ], [ -104.957204074465025, 47.750467439755518 ], [ -104.957206741881393, 47.754075860313677 ], [ -104.957209412515965, 47.757684304595323 ], [ -104.957212050688256, 47.761292752259962 ], [ -104.951857049742216, 47.76128914580687 ], [ -104.946502054874898, 47.761285540587316 ], [ -104.941147055377257, 47.761281905534965 ], [ -104.93579206052577, 47.761278303211043 ], [ -104.935786671109909, 47.757667968608509 ], [ -104.93578125757557, 47.754057607043329 ], [ -104.935783725312405, 47.75043379672929 ], [ -104.935791984583858, 47.746799942983479 ] ] ] } },
{ "type": "Feature", "properties": { "CountyName": "Richland", "OwnerName_Grouped": "GREAT NORTHERN PROPERTIES", "OwnerName": "GREAT NORTHERN PROPERTIES LIMITED PARTNERSHIP", "OwnerAddre": "C/O THOMAS & CHANTEL VERSCHOOT", "OwnerAdd_1": "31091 COUNTY RD 126", "OwnerAdd_2": null, "OwnerCity": "RICHEY", "OwnerState": "MT", "PropType": "Vacant Land", "TotalAcres": 640.0 }, "geometry": { "type": "Polygon", "coordinates": [ [ [ -104.978117932057216, 47.725094578958952 ], [ -104.978132124382284, 47.72147730395065 ], [ -104.978146315326711, 47.717860032849337 ], [ -104.983518366938242, 47.717882082127744 ], [ -104.988892537286787, 47.717908683734919 ], [ -104.994266713543112, 47.717935280797604 ], [ -104.999640892609037, 47.717961878602296 ], [ -104.999617274342611, 47.721567443017264 ], [ -104.999593681686378, 47.725173008860395 ], [ -104.999570057388397, 47.728778573895269 ], [ -104.99954643340196, 47.73238413934763 ], [ -104.99418221246151, 47.732370384892668 ], [ -104.988817987795258, 47.732356631115081 ], [ -104.983453766266763, 47.732342875578325 ], [ -104.97808954738953, 47.732329123672862 ], [ -104.978103740375403, 47.728711849826183 ], [ -104.978117932057216, 47.725094578958952 ] ] ] } },
{ "type": "Feature", "properties": { "CountyName": "Richland", "OwnerName_Grouped": "GREAT NORTHERN PROPERTIES", "OwnerName": "GREAT NORTHERN PROPERTIES LIMITED PARTNERSHIP", "OwnerAddre": "C/O THOMAS & CHANTEL VERSCHOOT", "OwnerAdd_1": "31091 COUNTY RD 126", "OwnerAdd_2": null, "OwnerCity": "RICHEY", "OwnerState": "MT", "PropType": "Vacant Land", "TotalAcres": 160.0 }, "geometry": { "type": "Polygon", "coordinates": [ [ [ -104.999513406144999, 47.74327353900658 ], [ -104.999524425296102, 47.739643738074449 ], [ -105.00484688274868, 47.739580752375161 ], [ -105.0102163434983, 47.739594399331011 ], [ -105.010205623638129, 47.743226208003378 ], [ -105.010194880903853, 47.746858043038642 ], [ -105.004826471632967, 47.746844423003608 ], [ -104.999502422504904, 47.746903276633546 ], [ -104.999513406144999, 47.74327353900658 ] ] ] } },
{ "type": "Feature", "properties": { "CountyName": "Richland", "OwnerName_Grouped": "GREAT NORTHERN PROPERTIES", "OwnerName": "GREAT NORTHERN PROPERTIES", "OwnerAddre": "PO BOX 1745", "OwnerAdd_1": null, "OwnerAdd_2": null, "OwnerCity": "MILES CITY", "OwnerState": "MT", "PropType": "Vacant Land", "TotalAcres": 617.07 }, "geometry": { "type": "Polygon", "coordinates": [ [ [ -104.957231752422416, 47.674308065716637 ], [ -104.962600655447048, 47.674305262413164 ], [ -104.967969532544032, 47.674302459249986 ], [ -104.97333302102281, 47.6743000172603 ], [ -104.978132840862003, 47.674297850698437 ], [ -104.978125681413033, 47.677924444268896 ], [ -104.978118551426618, 47.681551035852387 ], [ -104.978111397229682, 47.685177628747766 ], [ -104.978104239437101, 47.68880424718126 ], [ -104.973292420608303, 47.688806801046908 ], [ -104.967930820573031, 47.688809605076926 ], [ -104.962566692147206, 47.68881204517966 ], [ -104.957202567552386, 47.688814513235108 ], [ -104.957209863787924, 47.685187895047243 ], [ -104.957217158636823, 47.681561276343913 ], [ -104.957224456356002, 47.677934685250442 ], [ -104.957231752422416, 47.674308065716637 ] ] ] } },
{ "type": "Feature", "properties": { "CountyName": "Richland", "OwnerName_Grouped": "GREAT NORTHERN PROPERTIES", "OwnerName": "GREAT NORTHERN PROPERTIES", "OwnerAddre": "PO BOX 1745", "OwnerAdd_1": null, "OwnerAdd_2": null, "OwnerCity": "MILES CITY", "OwnerState": "MT", "PropType": "Vacant Land", "TotalAcres": 627.12 }, "geometry": { "type": "Polygon", "coordinates": [ [ [ -104.957314536580554, 47.645303782456857 ], [ -104.962670107787474, 47.645296671339871 ], [ -104.968025680514216, 47.64528955806135 ], [ -104.973380637340625, 47.645280197402549 ], [ -104.978344635774377, 47.645271393192985 ], [ -104.978319114478367, 47.648901623323084 ], [ -104.978293597121038, 47.652531855177799 ], [ -104.978268077562177, 47.656162113741992 ], [ -104.978242560566315, 47.659792343299983 ], [ -104.973356149394661, 47.659793066008064 ], [ -104.967998049470893, 47.659794037205067 ], [ -104.962637923200987, 47.659797007936731 ], [ -104.957277824477686, 47.65979997804331 ], [ -104.957287009898536, 47.656175915039547 ], [ -104.95729616711786, 47.652551881250467 ], [ -104.957305351989064, 47.64892781668393 ], [ -104.957314536580554, 47.645303782456857 ] ] ] } },
{ "type": "Feature", "properties": { "CountyName": "Richland", "OwnerName_Grouped": "GREAT NORTHERN PROPERTIES", "OwnerName": "GREAT NORTHERN PROPERTIES", "OwnerAddre": "PO BOX 1745", "OwnerAdd_1": null, "OwnerAdd_2": null, "OwnerCity": "MILES CITY", "OwnerState": "MT", "PropType": "Vacant Land", "TotalAcres": 109.4 }, "geometry": { "type": "Polygon", "coordinates": [ [ [ -104.326832254195466, 47.448881793880233 ], [ -104.326356973547803, 47.44922651626262 ], [ -104.325905515369215, 47.449463299204268 ], [ -104.324743760874753, 47.44981304678722 ], [ -104.323376648205738, 47.450267132740343 ], [ -104.32246568686476, 47.450905449666919 ], [ -104.322527300455434, 47.448640136647967 ], [ -104.322623777420574, 47.445092764978398 ], [ -104.322631661806867, 47.444863071003262 ], [ -104.322695302769375, 47.443008971021612 ], [ -104.322720253381519, 47.441545976156441 ], [ -104.326143703443549, 47.441645452015891 ], [ -104.327596752435852, 47.441899035738032 ], [ -104.327746477373211, 47.441889160343464 ], [ -104.328336415717587, 47.441844422282699 ], [ -104.328495337489414, 47.441711003991699 ], [ -104.332786440595072, 47.441836281699544 ], [ -104.337087991644538, 47.441960065754991 ], [ -104.336081960334184, 47.442362287071177 ], [ -104.334000913227172, 47.442666325777587 ], [ -104.333096285605038, 47.442722113924788 ], [ -104.332417711822146, 47.442643544010835 ], [ -104.331670016494272, 47.442545811530152 ], [ -104.330222160165647, 47.442834047040975 ], [ -104.329532894830336, 47.44310813939888 ], [ -104.327683210489553, 47.444056158662342 ], [ -104.328340117495486, 47.445329086446471 ], [ -104.32925658137124, 47.447097309195186 ], [ -104.33017928009329, 47.447720449195693 ], [ -104.328812793720928, 47.447914710211691 ], [ -104.328011521713734, 47.448050586274675 ], [ -104.327391571106261, 47.448347320359275 ], [ -104.326832254195466, 47.448881793880233 ] ] ] } },
{ "type": "Feature", "properties": { "CountyName": "Musselshell", "OwnerName_Grouped": "GREAT NORTHERN PROPERTIES", "OwnerName": "GREAT NORTHERN PROPERTIES LIMITED PARTNE", "OwnerAddre": "MAIL TO: GNPLP", "OwnerAdd_1": "PO BOX 1745", "OwnerAdd_2": null, "OwnerCity": "MILES CITY", "OwnerState": "MT", "PropType": "Vacant Land", "TotalAcres": 645.03 }, "geometry": { "type": "Polygon", "coordinates": [ [ [ -108.27359407002966, 46.263816653160326 ], [ -108.278827647402778, 46.263805346762524 ], [ -108.278763172423666, 46.267413794795779 ], [ -108.278698720756509, 46.271022268981405 ], [ -108.27863424626868, 46.274630742700325 ], [ -108.278569768425314, 46.278239216148975 ], [ -108.273301522481987, 46.278238829879861 ], [ -108.268046497452673, 46.278238415029136 ], [ -108.262756056804264, 46.278243943866933 ], [ -108.257465613931103, 46.278249446374225 ], [ -108.257518368147529, 46.274651859363715 ], [ -108.257571148459093, 46.271054245392456 ], [ -108.257623932841312, 46.267456659145282 ], [ -108.257676687574829, 46.263859042651312 ], [ -108.262999964815407, 46.263843569058452 ], [ -108.268323240405707, 46.263828068711973 ], [ -108.27359407002966, 46.263816653160326 ] ] ] } },
{ "type": "Feature", "properties": { "CountyName": "Musselshell", "OwnerName_Grouped": "GREAT NORTHERN PROPERTIES", "OwnerName": "GREAT NORTHERN PROPERTIES", "OwnerAddre": "MAIL TO: GNP LP", "OwnerAdd_1": "PO BOX 1745", "OwnerAdd_2": null, "OwnerCity": "MILES CITY", "OwnerState": "MT", "PropType": "Vacant Land", "TotalAcres": 617.8 }, "geometry": { "type": "Polygon", "coordinates": [ [ [ -107.887133935475788, 46.423959688423402 ], [ -107.892396625545487, 46.423934904087105 ], [ -107.897659343023065, 46.423910149375473 ], [ -107.902907392960103, 46.423894004821769 ], [ -107.907432099943122, 46.423881132863556 ], [ -107.907435172261316, 46.427429922375225 ], [ -107.907438241585041, 46.430978738861526 ], [ -107.9074413133538, 46.434527530168488 ], [ -107.907444386853371, 46.438076320580535 ], [ -107.902937019936743, 46.438092661945348 ], [ -107.897694811548917, 46.438114023608726 ], [ -107.892445018683404, 46.438152467582576 ], [ -107.887195255380192, 46.43819091280276 ], [ -107.887179925206979, 46.43463309933076 ], [ -107.887164597047985, 46.431075285843022 ], [ -107.887149267469113, 46.427517500213391 ], [ -107.887133935475788, 46.423959688423402 ] ] ] } },
{ "type": "Feature", "properties": { "CountyName": "Musselshell", "OwnerName_Grouped": "GREAT NORTHERN PROPERTIES", "OwnerName": "GREAT NORTHERN PROPERTIES LIMITED PARTNE", "OwnerAddre": "MAIL TO: GNPLP", "OwnerAdd_1": "PO BOX 1745", "OwnerAdd_2": null, "OwnerCity": "MILES CITY", "OwnerState": "MT", "PropType": "Vacant Land", "TotalAcres": 649.28 }, "geometry": { "type": "Polygon", "coordinates": [ [ [ -108.252345243890829, 46.263859711333268 ], [ -108.257676687574829, 46.263859042651312 ], [ -108.257623932841312, 46.267456659145282 ], [ -108.257571148459093, 46.271054245392456 ], [ -108.257518368147529, 46.274651859363715 ], [ -108.257465613931103, 46.278249446374225 ], [ -108.25213519853672, 46.278262867410405 ], [ -108.246804759110262, 46.278276346354801 ], [ -108.241474312833432, 46.278289812278636 ], [ -108.236143838645489, 46.278303276648629 ], [ -108.236195589514978, 46.274692912058903 ], [ -108.236247340643118, 46.271082520229264 ], [ -108.236299063521301, 46.267472154868074 ], [ -108.236350814539506, 46.263861791414158 ], [ -108.24168229661143, 46.263861075244264 ], [ -108.247013776016928, 46.263860384617267 ], [ -108.252345243890829, 46.263859711333268 ] ] ] } },
{ "type": "Feature", "properties": { "CountyName": "Musselshell", "OwnerName_Grouped": "GREAT NORTHERN PROPERTIES", "OwnerName": "GREAT NORTHERN PROPERTIES", "OwnerAddre": "MAIL TO: GNP LP", "OwnerAdd_1": "PO BOX 1745", "OwnerAdd_2": null, "OwnerCity": "MILES CITY", "OwnerState": "MT", "PropType": "Vacant Land", "TotalAcres": 320.0 }, "geometry": { "type": "Polygon", "coordinates": [ [ [ -107.824081798423748, 46.416915865607514 ], [ -107.829311601262262, 46.416923555364249 ], [ -107.83454143452002, 46.416930993236768 ], [ -107.839771236082072, 46.416938208021165 ], [ -107.845001069188257, 46.416945173637558 ], [ -107.845007494014794, 46.420559812011575 ], [ -107.845013923181511, 46.424174421667317 ], [ -107.839780931335781, 46.424165760384341 ], [ -107.834547934268898, 46.424157124623235 ], [ -107.829314915369409, 46.424148461020216 ], [ -107.824081920578948, 46.424139799062239 ], [ -107.824081845834144, 46.420527832112121 ], [ -107.824081798423748, 46.416915865607514 ] ] ] } },
{ "type": "Feature", "properties": { "CountyName": "Musselshell", "OwnerName_Grouped": "GREAT NORTHERN PROPERTIES", "OwnerName": "GREAT NORTHERN PROPERTIES", "OwnerAddre": "MAIL TO: GNP LP", "OwnerAdd_1": "PO BOX 1745", "OwnerAdd_2": null, "OwnerCity": "MILES CITY", "OwnerState": "MT", "PropType": "Vacant Land", "TotalAcres": 634.84 }, "geometry": { "type": "MultiPolygon", "coordinates": [ [ [ [ -107.938914375882533, 46.424037743571077 ], [ -107.944092112662219, 46.424062334022842 ], [ -107.949411189583202, 46.427030593253747 ], [ -107.949412257355931, 46.427663312615408 ], [ -107.949418315363076, 46.43123905638781 ], [ -107.949424344206875, 46.434814800649228 ], [ -107.949430402484808, 46.43839054528781 ], [ -107.944186888441536, 46.438376906374167 ], [ -107.93894337271287, 46.438363265999101 ], [ -107.933699856499331, 46.438349626879926 ], [ -107.928456369716287, 46.438335989431806 ], [ -107.928447915231004, 46.434748971949091 ], [ -107.928439460564007, 46.431161954433378 ], [ -107.928431005715524, 46.427574936898495 ], [ -107.928422554123856, 46.42398789059677 ], [ -107.933668463708301, 46.424012832347827 ], [ -107.938914375882533, 46.424037743571077 ] ] ], [ [ [ -107.945015672367518, 46.424066739633666 ], [ -107.949406226704539, 46.424087596227722 ], [ -107.949410331086995, 46.426521202974079 ], [ -107.945015672367518, 46.424066739633666 ] ] ] ] } },
{ "type": "Feature", "properties": { "CountyName": "Musselshell", "OwnerName_Grouped": "GREAT NORTHERN PROPERTIES", "OwnerName": "GREAT NORTHERN PROPERTIES", "OwnerAddre": "MAIL TO: GNP LP", "OwnerAdd_1": "PO BOX 1745", "OwnerAdd_2": null, "OwnerCity": "MILES CITY", "OwnerState": "MT", "PropType": "Vacant Land", "TotalAcres": 640.0 }, "geometry": { "type": "Polygon", "coordinates": [ [ [ -107.823934097537688, 46.438537641853898 ], [ -107.829206945509171, 46.438560391582385 ], [ -107.834479769475195, 46.438583142177826 ], [ -107.839752618588079, 46.438605862853052 ], [ -107.845025468918791, 46.438628612675387 ], [ -107.845054372125048, 46.442258693765339 ], [ -107.845083272697693, 46.445888774708507 ], [ -107.84511217445953, 46.449518858247217 ], [ -107.845141077126797, 46.453148911051599 ], [ -107.839804396333221, 46.453079992645208 ], [ -107.834467714944338, 46.453011073006522 ], [ -107.829131036317477, 46.452942126975657 ], [ -107.823794326240971, 46.452873207164664 ], [ -107.823829283267784, 46.449289323254831 ], [ -107.823864213563141, 46.445705438036505 ], [ -107.823899167873321, 46.442121553174616 ], [ -107.823934097537688, 46.438537641853898 ] ] ] } },
{ "type": "Feature", "properties": { "CountyName": "Musselshell", "OwnerName_Grouped": "GREAT NORTHERN PROPERTIES", "OwnerName": "GREAT NORTHERN PROPERTIES", "OwnerAddre": "MAIL TO: GNP LP", "OwnerAdd_1": "PO BOX 1745", "OwnerAdd_2": null, "OwnerCity": "MILES CITY", "OwnerState": "MT", "PropType": "Vacant Land", "TotalAcres": 320.0 }, "geometry": { "type": "Polygon", "coordinates": [ [ [ -107.866005065489475, 46.420591204923902 ], [ -107.865999642497158, 46.416972342312185 ], [ -107.871272668418115, 46.416932472119655 ], [ -107.876545695277571, 46.41689232592757 ], [ -107.881818721926976, 46.416851983846328 ], [ -107.887091722065435, 46.416811366274956 ], [ -107.887112827639982, 46.420385540388772 ], [ -107.887133935475788, 46.423959688423402 ], [ -107.881853081370835, 46.424022275599427 ], [ -107.876572225859192, 46.424084865200172 ], [ -107.871291340394663, 46.4241474532149 ], [ -107.866010484734232, 46.424210043203693 ], [ -107.866005065489475, 46.420591204923902 ] ] ] } },
{ "type": "Feature", "properties": { "CountyName": "Musselshell", "OwnerName_Grouped": "GREAT NORTHERN PROPERTIES", "OwnerName": "GREAT NORTHERN PROPERTIES", "OwnerAddre": "MAIL TO: GNP LP", "OwnerAdd_1": "PO BOX 1745", "OwnerAdd_2": null, "OwnerCity": "MILES CITY", "OwnerState": "MT", "PropType": "Vacant Land", "TotalAcres": 635.46 }, "geometry": { "type": "MultiPolygon", "coordinates": [ [ [ [ -107.923630776176168, 46.409643274251678 ], [ -107.928485765617324, 46.40964612632272 ], [ -107.92847276287273, 46.412597756475662 ], [ -107.924997049748683, 46.410431095742176 ], [ -107.924663584936823, 46.410227500084865 ], [ -107.924324637248958, 46.410028284449602 ], [ -107.923980326943393, 46.409833519482788 ], [ -107.923630776176168, 46.409643274251678 ] ] ], [ [ [ -107.922713330966104, 46.409642735476709 ], [ -107.922714749628128, 46.409642736334163 ], [ -107.923045581185988, 46.409810964809893 ], [ -107.923371999861843, 46.409983269311525 ], [ -107.923693900689898, 46.410159594453923 ], [ -107.92401118015357, 46.410339883559061 ], [ -107.924323736218724, 46.41052407867415 ], [ -107.924631468366499, 46.410712120590226 ], [ -107.92847052948521, 46.413104857774371 ], [ -107.928469970995806, 46.413231559273726 ], [ -107.928454173395622, 46.416817022888686 ], [ -107.928438349815352, 46.420402457415584 ], [ -107.928422554123856, 46.42398789059677 ], [ -107.923174948642639, 46.423961202125597 ], [ -107.917927311353068, 46.42393451219408 ], [ -107.912679706025145, 46.423907820791378 ], [ -107.907432099943122, 46.423881132863556 ], [ -107.907430862214241, 46.420319285214973 ], [ -107.907429650618852, 46.416757439773029 ], [ -107.907428439235815, 46.413195592585602 ], [ -107.907427200637741, 46.409633746881617 ], [ -107.912691842417061, 46.409636848121757 ], [ -107.917956484893821, 46.409639923366498 ], [ -107.922713330966104, 46.409642735476709 ] ] ] ] } },
{ "type": "Feature", "properties": { "CountyName": "Musselshell", "OwnerName_Grouped": "GREAT NORTHERN PROPERTIES", "OwnerName": "GREAT NORTHERN PROPERTIES", "OwnerAddre": "MAIL TO: GNP LP", "OwnerAdd_1": "PO BOX 1745", "OwnerAdd_2": null, "OwnerCity": "MILES CITY", "OwnerState": "MT", "PropType": "Vacant Land", "TotalAcres": 640.0 }, "geometry": { "type": "Polygon", "coordinates": [ [ [ -107.845013923181511, 46.424174421667317 ], [ -107.850263084521487, 46.42418333509243 ], [ -107.855512218146416, 46.424192245206847 ], [ -107.860761352088389, 46.42420112991234 ], [ -107.866010484734232, 46.424210043203693 ], [ -107.866029712813813, 46.427814629960174 ], [ -107.866048940089428, 46.431419241885976 ], [ -107.866068165424437, 46.435023830334181 ], [ -107.866087392585726, 46.438628443061198 ], [ -107.860821904639963, 46.438628472956296 ], [ -107.855556417624129, 46.438628528240947 ], [ -107.850290958281235, 46.438628584996884 ], [ -107.845025468918791, 46.438628612675387 ], [ -107.84502259647185, 46.435015057042726 ], [ -107.845019696196246, 46.431401529792041 ], [ -107.845016824435234, 46.427787976841984 ], [ -107.845013923181511, 46.424174421667317 ] ] ] } },
{ "type": "Feature", "properties": { "CountyName": "Dawson", "OwnerName_Grouped": "GREAT NORTHERN PROPERTIES", "OwnerName": "GREAT NORTHERN PROPERTIES", "OwnerAddre": "PO BOX 1745", "OwnerAdd_1": null, "OwnerAdd_2": null, "OwnerCity": "MILES CITY", "OwnerState": "MT", "PropType": "Vacant Land", "TotalAcres": 160.0 }, "geometry": { "type": "Polygon", "coordinates": [ [ [ -105.031831317612372, 47.674319185966112 ], [ -105.026467091955766, 47.674315835662981 ], [ -105.021102866016122, 47.674312485073536 ], [ -105.02111635566979, 47.670689780128946 ], [ -105.021129848339442, 47.667067075841366 ], [ -105.026494436932651, 47.667071287832229 ], [ -105.031859050369803, 47.667075220107193 ], [ -105.031845171087994, 47.670697203619007 ], [ -105.031831317612372, 47.674319185966112 ] ] ] } },
{ "type": "Feature", "properties": { "CountyName": "Dawson", "OwnerName_Grouped": "GREAT NORTHERN PROPERTIES", "OwnerName": "GREAT NORTHERN PROPERTIES", "OwnerAddre": "PO BOX 1745", "OwnerAdd_1": null, "OwnerAdd_2": null, "OwnerCity": "MILES CITY", "OwnerState": "MT", "PropType": "Vacant Land", "TotalAcres": 5.91 }, "geometry": { "type": "Polygon", "coordinates": [ [ [ -105.085588715779224, 47.638122844361568 ], [ -105.084163925196577, 47.638120486350623 ], [ -105.085595929294939, 47.634148720565214 ], [ -105.085595290287401, 47.634500718578145 ], [ -105.085588715779224, 47.638122844361568 ] ] ] } },
{ "type": "Feature", "properties": { "CountyName": "Dawson", "OwnerName_Grouped": "GREAT NORTHERN PROPERTIES", "OwnerName": "GREAT NORTHERN PROPERTIES LIMITED PARTNERSHIP", "OwnerAddre": "2283 MT HIGHWAY 200", "OwnerAdd_1": null, "OwnerAdd_2": null, "OwnerCity": "RICHEY", "OwnerState": "MT", "PropType": "Vacant Land", "TotalAcres": 640.0 }, "geometry": { "type": "Polygon", "coordinates": [ [ [ -105.12830169167556, 47.587373024657282 ], [ -105.133642361547686, 47.587379011346428 ], [ -105.138983032537368, 47.587384995027506 ], [ -105.144323673529513, 47.587390981738331 ], [ -105.149664343431638, 47.587396968289909 ], [ -105.149654740624001, 47.591026980714624 ], [ -105.14964511192575, 47.594656995690542 ], [ -105.149635509216282, 47.598286981805572 ], [ -105.149625878396719, 47.601916997398526 ], [ -105.144280817371751, 47.601909594654245 ], [ -105.138935731827345, 47.601902164151099 ], [ -105.133590674572673, 47.601894760155915 ], [ -105.128245585889445, 47.601887330844214 ], [ -105.128259608520395, 47.598258761699967 ], [ -105.128273653889892, 47.594630163587738 ], [ -105.128287673189959, 47.591001595066359 ], [ -105.12830169167556, 47.587373024657282 ] ] ] } },
{ "type": "Feature", "properties": { "CountyName": "Dawson", "OwnerName_Grouped": "GREAT NORTHERN PROPERTIES", "OwnerName": "GREAT NORTHERN PROPERTIES", "OwnerAddre": "PO BOX 1745", "OwnerAdd_1": null, "OwnerAdd_2": null, "OwnerCity": "MILES CITY", "OwnerState": "MT", "PropType": "Vacant Land", "TotalAcres": 640.0 }, "geometry": { "type": "Polygon", "coordinates": [ [ [ -105.278009203350436, 47.551239449291295 ], [ -105.278019587366217, 47.54761748623271 ], [ -105.278029943596593, 47.543995498843174 ], [ -105.283377835478319, 47.543996041395189 ], [ -105.288725754396694, 47.543996583732955 ], [ -105.294073645090705, 47.543997101309735 ], [ -105.299421536981711, 47.54399764296366 ], [ -105.299424846443884, 47.547621131048565 ], [ -105.299428158585513, 47.551244620177428 ], [ -105.299431468168663, 47.554868109243984 ], [ -105.299434804916331, 47.558491626350651 ], [ -105.294073221203405, 47.558489555230537 ], [ -105.28871163731273, 47.558487511432538 ], [ -105.283350080143094, 47.558485440963409 ], [ -105.277988497373144, 47.558483398694854 ], [ -105.27799885103083, 47.554861410004634 ], [ -105.278009203350436, 47.551239449291295 ] ] ] } },
{ "type": "Feature", "properties": { "CountyName": "Dawson", "OwnerName_Grouped": "GREAT NORTHERN PROPERTIES", "OwnerName": "GREAT NORTHERN PROPERTIES", "OwnerAddre": "PO BOX 1745", "OwnerAdd_1": null, "OwnerAdd_2": null, "OwnerCity": "MILES CITY", "OwnerState": "MT", "PropType": "Vacant Land", "TotalAcres": 640.0 }, "geometry": { "type": "Polygon", "coordinates": [ [ [ -105.299416139300661, 47.536757610348168 ], [ -105.299413412795033, 47.533137565690438 ], [ -105.299410713359094, 47.529517549168872 ], [ -105.300399012359776, 47.529517541810876 ], [ -105.304750158736709, 47.5295100218489 ], [ -105.305725086177901, 47.529509644765312 ], [ -105.310089569491026, 47.529502077374296 ], [ -105.311051144560579, 47.529501711014184 ], [ -105.315428960832989, 47.529494094820429 ], [ -105.316377183895696, 47.529493735922031 ], [ -105.320768335783839, 47.529486069792533 ], [ -105.320780363627861, 47.533107305876733 ], [ -105.320792394795617, 47.536728533133832 ], [ -105.320804425164482, 47.540349753202669 ], [ -105.3208164551599, 47.543970960676781 ], [ -105.315467727974109, 47.54397763588117 ], [ -105.310159850482208, 47.543984256041114 ], [ -105.31011899767546, 47.543984305237089 ], [ -105.304770266396972, 47.543990975131074 ], [ -105.30353251308135, 47.543992545986903 ], [ -105.299421536981711, 47.54399764296366 ], [ -105.299418837507133, 47.540377626139261 ], [ -105.299416139300661, 47.536757610348168 ] ] ] } },
{ "type": "Feature", "properties": { "CountyName": "Dawson", "OwnerName_Grouped": "GREAT NORTHERN PROPERTIES", "OwnerName": "GREAT NORTHERN PROPERTIES", "OwnerAddre": "PO BOX 1745", "OwnerAdd_1": null, "OwnerAdd_2": null, "OwnerCity": "MILES CITY", "OwnerState": "MT", "PropType": "Vacant Land", "TotalAcres": 363.27 }, "geometry": { "type": "Polygon", "coordinates": [ [ [ -104.603806831304468, 47.170153112641351 ], [ -104.603806340864921, 47.169997034417619 ], [ -104.607916034749039, 47.170286225879224 ], [ -104.608098432040734, 47.170302264122803 ], [ -104.608259603498951, 47.170325341676502 ], [ -104.608403610246114, 47.170353367412588 ], [ -104.608567277612053, 47.170394252206584 ], [ -104.608720373700137, 47.170441947206015 ], [ -104.608854198951377, 47.170491918840824 ], [ -104.608977460873632, 47.170545614291676 ], [ -104.609103493476951, 47.170606131642629 ], [ -104.609204887523617, 47.170667700417034 ], [ -104.609277237565706, 47.17071409902551 ], [ -104.611430340609047, 47.172070847227587 ], [ -104.611579221828336, 47.172156414827761 ], [ -104.611721552673785, 47.172227098623196 ], [ -104.611867462275086, 47.172289875443724 ], [ -104.611999098250394, 47.172339052699797 ], [ -104.612133796074318, 47.17238274392389 ], [ -104.612282282196063, 47.172423761610716 ], [ -104.612478830545101, 47.17246740040045 ], [ -104.612661328410226, 47.172497772816399 ], [ -104.612947132342541, 47.172541042688678 ], [ -104.613194499418469, 47.172586872242633 ], [ -104.613378868576476, 47.172626259907197 ], [ -104.613572146266975, 47.172672515994826 ], [ -104.613776141566959, 47.172727056666425 ], [ -104.614016305965436, 47.172799155932559 ], [ -104.614230199601863, 47.172870947386649 ], [ -104.614404429368477, 47.172941180832893 ], [ -104.614559648816027, 47.172996576207886 ], [ -104.615842542648664, 47.173539870990354 ], [ -104.616042273540771, 47.173619508260444 ], [ -104.616282676943399, 47.173706547100657 ], [ -104.616515964576351, 47.173782394340698 ], [ -104.616836518407979, 47.17387367356865 ], [ -104.617147963596963, 47.173948892951103 ], [ -104.617433193903892, 47.174006778023831 ], [ -104.617730430818312, 47.174056406215506 ], [ -104.618060200845676, 47.174099159577182 ], [ -104.618658603935089, 47.174169306253255 ], [ -104.618946938441781, 47.174198151377105 ], [ -104.619247156404796, 47.174238102707868 ], [ -104.619507418511859, 47.174281149056441 ], [ -104.619705350049642, 47.174316720433978 ], [ -104.619897705570608, 47.174360899832443 ], [ -104.620147208588875, 47.174421875218492 ], [ -104.620404623636929, 47.174493399253876 ], [ -104.620670119602536, 47.174576837142808 ], [ -104.622111471844562, 47.175056000953695 ], [ -104.62233194234949, 47.175116641356595 ], [ -104.622563261482227, 47.175173683645411 ], [ -104.622799036032859, 47.175225163314543 ], [ -104.623049929098755, 47.175272817780446 ], [ -104.62329832727518, 47.175312990872627 ], [ -104.623535763904101, 47.175345044968616 ], [ -104.625005358257752, 47.175524414268608 ], [ -104.625009358394848, 47.177533238954098 ], [ -104.625015824385557, 47.180879730775956 ], [ -104.620539433407117, 47.180877660359911 ], [ -104.619719782361187, 47.180877132735056 ], [ -104.615229748275112, 47.180874283190995 ], [ -104.614423710292471, 47.180873758091529 ], [ -104.609920063736823, 47.18087165708414 ], [ -104.609127968669597, 47.180871158846706 ], [ -104.60454759955573, 47.180868254890399 ], [ -104.603832230045668, 47.180867784429743 ], [ -104.603825347428199, 47.177362818112826 ], [ -104.603818157556347, 47.173753437952151 ], [ -104.603806831304468, 47.170153112641351 ] ] ] } },
{ "type": "Feature", "properties": { "CountyName": "Dawson", "OwnerName_Grouped": "GREAT NORTHERN PROPERTIES", "OwnerName": "GREAT NORTHERN PROPERTIES", "OwnerAddre": "PO BOX 1745", "OwnerAdd_1": null, "OwnerAdd_2": null, "OwnerCity": "MILES CITY", "OwnerState": "MT", "PropType": "Vacant Land", "TotalAcres": 271.95 }, "geometry": { "type": "Polygon", "coordinates": [ [ [ -104.603806340864921, 47.169997034417619 ], [ -104.603795532596379, 47.166552760295417 ], [ -104.609092244550297, 47.166561136093613 ], [ -104.614388955522287, 47.166569512788961 ], [ -104.619685637789658, 47.166577861245869 ], [ -104.62498235114829, 47.16658623631232 ], [ -104.624992233472184, 47.170241254910721 ], [ -104.625002115256606, 47.173896276757006 ], [ -104.625005358257752, 47.175524414268608 ], [ -104.623535763904101, 47.175345044968616 ], [ -104.62329832727518, 47.175312990872627 ], [ -104.623049929098755, 47.175272817780446 ], [ -104.622799036032859, 47.175225163314543 ], [ -104.622563261482227, 47.175173683645411 ], [ -104.62233194234949, 47.175116641356595 ], [ -104.622111471844562, 47.175056000953695 ], [ -104.620670119602536, 47.174576837142808 ], [ -104.620404623636929, 47.174493399253876 ], [ -104.620147208588875, 47.174421875218492 ], [ -104.619897705570608, 47.174360899832443 ], [ -104.619705350049642, 47.174316720433978 ], [ -104.619507418511859, 47.174281149056441 ], [ -104.619247156404796, 47.174238102707868 ], [ -104.618946938441781, 47.174198151377105 ], [ -104.618658603935089, 47.174169306253255 ], [ -104.618060200845676, 47.174099159577182 ], [ -104.617730430818312, 47.174056406215506 ], [ -104.617433193903892, 47.174006778023831 ], [ -104.617147963596963, 47.173948892951103 ], [ -104.616836518407979, 47.17387367356865 ], [ -104.616515964576351, 47.173782394340698 ], [ -104.616282676943399, 47.173706547100657 ], [ -104.616042273540771, 47.173619508260444 ], [ -104.615842542648664, 47.173539870990354 ], [ -104.614559648816027, 47.172996576207886 ], [ -104.614404429368477, 47.172941180832893 ], [ -104.614230199601863, 47.172870947386649 ], [ -104.614016305965436, 47.172799155932559 ], [ -104.613776141566959, 47.172727056666425 ], [ -104.613572146266975, 47.172672515994826 ], [ -104.613378868576476, 47.172626259907197 ], [ -104.613194499418469, 47.172586872242633 ], [ -104.612947132342541, 47.172541042688678 ], [ -104.612661328410226, 47.172497772816399 ], [ -104.612478830545101, 47.17246740040045 ], [ -104.612282282196063, 47.172423761610716 ], [ -104.612133796074318, 47.17238274392389 ], [ -104.611999098250394, 47.172339052699797 ], [ -104.611867462275086, 47.172289875443724 ], [ -104.611721552673785, 47.172227098623196 ], [ -104.611579221828336, 47.172156414827761 ], [ -104.611430340609047, 47.172070847227587 ], [ -104.609277237565706, 47.17071409902551 ], [ -104.609204887523617, 47.170667700417034 ], [ -104.609103493476951, 47.170606131642629 ], [ -104.608977460873632, 47.170545614291676 ], [ -104.608854198951377, 47.170491918840824 ], [ -104.608720373700137, 47.170441947206015 ], [ -104.608567277612053, 47.170394252206584 ], [ -104.608403610246114, 47.170353367412588 ], [ -104.608259603498951, 47.170325341676502 ], [ -104.608098432040734, 47.170302264122803 ], [ -104.607916034749039, 47.170286225879224 ], [ -104.603806340864921, 47.169997034417619 ] ] ] } },
{ "type": "Feature", "properties": { "CountyName": "Custer", "OwnerName_Grouped": "GREAT NORTHERN PROPERTIES", "OwnerName": "GREAT NTHRN PROP LTD PRTNRSHP", "OwnerAddre": "PO BOX 1745", "OwnerAdd_1": null, "OwnerAdd_2": null, "OwnerCity": "MILES CITY", "OwnerState": "MT", "PropType": "Vacant Land", "TotalAcres": 0.03 }, "geometry": { "type": "Polygon", "coordinates": [ [ [ -105.596922552915089, 46.597335045166645 ], [ -105.597383488910353, 46.596804574881887 ], [ -105.597373003544618, 46.598210043637891 ], [ -105.59737144564177, 46.59993240838638 ], [ -105.595623084815955, 46.599931881158952 ], [ -105.592581607488412, 46.599934249925518 ], [ -105.593077328128516, 46.599689867149657 ], [ -105.594602842529397, 46.599049769586991 ], [ -105.595464557695934, 46.598615012856321 ], [ -105.596126883790447, 46.598089761012368 ], [ -105.596690423815005, 46.597494869754669 ], [ -105.596922552915089, 46.597335045166645 ] ] ] } },
{ "type": "Feature", "properties": { "CountyName": "Custer", "OwnerName_Grouped": "GREAT NORTHERN PROPERTIES", "OwnerName": "GREAT NORTHERN PROPERTIES LP", "OwnerAddre": "MAIL TO:  Q LIVESTOCK CO", "OwnerAdd_1": "PO BOX 957", "OwnerAdd_2": null, "OwnerCity": "TERRY", "OwnerState": "MT", "PropType": "Vacant Land", "TotalAcres": 641.2 }, "geometry": { "type": "Polygon", "coordinates": [ [ [ -105.759749793932713, 46.817578127399415 ], [ -105.765010048910142, 46.817565513044045 ], [ -105.765005933520499, 46.821188470146744 ], [ -105.765001845764957, 46.824811454564838 ], [ -105.76500056482945, 46.828432411768773 ], [ -105.7649992287744, 46.832107727737878 ], [ -105.764058370912096, 46.832108901809697 ], [ -105.759749776741131, 46.832114204948631 ], [ -105.758792722349398, 46.832115378425144 ], [ -105.754500352534848, 46.832120626388907 ], [ -105.753506992741066, 46.832121855352149 ], [ -105.749248266116879, 46.832127100032892 ], [ -105.748221295946692, 46.832128351723988 ], [ -105.74399619153894, 46.832126084694913 ], [ -105.743991643494212, 46.828501323321916 ], [ -105.743987120436444, 46.824876587311337 ], [ -105.743978045587625, 46.821246269612587 ], [ -105.743968995537813, 46.817615951141029 ], [ -105.749229234025918, 46.817603352563815 ], [ -105.754489511668098, 46.817590742626678 ], [ -105.759749793932713, 46.817578127399415 ] ] ] } },
{ "type": "Feature", "properties": { "CountyName": "Custer", "OwnerName_Grouped": "GREAT NORTHERN PROPERTIES", "OwnerName": "GREAT NORTHERN PROPERTIES LP", "OwnerAddre": "MAIL TO:  Q LIVESTOCK CO", "OwnerAdd_1": "PO BOX 957", "OwnerAdd_2": null, "OwnerCity": "TERRY", "OwnerState": "MT", "PropType": "Vacant Land", "TotalAcres": 640.0 }, "geometry": { "type": "Polygon", "coordinates": [ [ [ -105.780750859398609, 46.803040984135386 ], [ -105.785993967575223, 46.803032814993109 ], [ -105.785995665314132, 46.806651382329662 ], [ -105.785997362588859, 46.810269920228563 ], [ -105.78599905791701, 46.813888488099813 ], [ -105.786000726462646, 46.817507027449643 ], [ -105.780753056633074, 46.817521643302264 ], [ -105.775505386543543, 46.817536283709003 ], [ -105.770257717038888, 46.817550898236618 ], [ -105.765010048910142, 46.817565513044045 ], [ -105.765012912400024, 46.81394050303701 ], [ -105.765015776373161, 46.810315516774352 ], [ -105.765018641647245, 46.806690504736075 ], [ -105.765021478852105, 46.803065493007551 ], [ -105.770264614405988, 46.803057323122367 ], [ -105.77550772372706, 46.803049153826557 ], [ -105.780750859398609, 46.803040984135386 ] ] ] } },
{ "type": "Feature", "properties": { "CountyName": "Custer", "OwnerName_Grouped": "GREAT NORTHERN PROPERTIES", "OwnerName": "GREAT NORTHERN PROPERTIES LP", "OwnerAddre": "PO BOX 1745", "OwnerAdd_1": null, "OwnerAdd_2": null, "OwnerCity": "MILES CITY", "OwnerState": "MT", "PropType": "Vacant Land", "TotalAcres": 640.0 }, "geometry": { "type": "Polygon", "coordinates": [ [ [ -105.844062456926977, 46.759480325878748 ], [ -105.849355860722611, 46.759472157578351 ], [ -105.84935984960039, 46.763091556784161 ], [ -105.849363837584193, 46.766710956436839 ], [ -105.849367826687896, 46.770330326851287 ], [ -105.849371814374948, 46.773949724699271 ], [ -105.844076432697975, 46.773960116890898 ], [ -105.838781083570694, 46.77397050661795 ], [ -105.833485729959406, 46.773980898100376 ], [ -105.828190377258224, 46.773991288809142 ], [ -105.82818833834736, 46.770369667178137 ], [ -105.828186298279732, 46.766748045963347 ], [ -105.828184287271242, 46.763126424351128 ], [ -105.828182248936159, 46.759504802340182 ], [ -105.833475652660653, 46.759496634344409 ], [ -105.838769054405077, 46.759488495318337 ], [ -105.844062456926977, 46.759480325878748 ] ] ] } },
{ "type": "Feature", "properties": { "CountyName": "Custer", "OwnerName_Grouped": "GREAT NORTHERN PROPERTIES", "OwnerName": "GREAT NORTHERN PROPERTIES LP", "OwnerAddre": "PO BOX 1745", "OwnerAdd_1": null, "OwnerAdd_2": null, "OwnerCity": "MILES CITY", "OwnerState": "MT", "PropType": "Vacant Land", "TotalAcres": 640.0 }, "geometry": { "type": "Polygon", "coordinates": [ [ [ -105.780728802471245, 46.774056335028817 ], [ -105.785979734326048, 46.774050554178416 ], [ -105.785981873410051, 46.777673540188992 ], [ -105.785984042454388, 46.78129655102795 ], [ -105.78598618485853, 46.78491953257182 ], [ -105.785988323944082, 46.788542545940494 ], [ -105.780742358237234, 46.788550270032786 ], [ -105.775496393239081, 46.788557967330668 ], [ -105.770250427871616, 46.788565690965136 ], [ -105.765004462606029, 46.788573414820377 ], [ -105.764997353572014, 46.78494848705737 ], [ -105.764990243505636, 46.781323529894138 ], [ -105.764983137508665, 46.777698602084669 ], [ -105.764976028605602, 46.774073671875705 ], [ -105.770226961442987, 46.774067893812962 ], [ -105.775477868712642, 46.774062112794745 ], [ -105.780728802471245, 46.774056335028817 ] ] ] } },
{ "type": "Feature", "properties": { "CountyName": "Custer", "OwnerName_Grouped": "GREAT NORTHERN PROPERTIES", "OwnerName": "GREAT NORTHERN PROPERTIES LP", "OwnerAddre": "PO BOX 1745", "OwnerAdd_1": null, "OwnerAdd_2": null, "OwnerCity": "MILES CITY", "OwnerState": "MT", "PropType": "Vacant Land", "TotalAcres": 640.0 }, "geometry": { "type": "Polygon", "coordinates": [ [ [ -105.75970197289746, 46.759575012702157 ], [ -105.764966319529918, 46.759575706682213 ], [ -105.764968761355817, 46.763200190996919 ], [ -105.764971175846256, 46.766824675794361 ], [ -105.7649736155238, 46.770449160079096 ], [ -105.764976028605602, 46.774073671875705 ], [ -105.75971495693571, 46.774080062906904 ], [ -105.754453911178658, 46.774086480577225 ], [ -105.749192867075138, 46.774092896157761 ], [ -105.74393179812634, 46.77409929435791 ], [ -105.743926080641714, 46.770467725729048 ], [ -105.743920339581294, 46.766836128816827 ], [ -105.743914622144672, 46.763204560160879 ], [ -105.743908905353862, 46.759572991984186 ], [ -105.749173254331581, 46.759573679305255 ], [ -105.754437600850352, 46.759574348666767 ], [ -105.75970197289746, 46.759575012702157 ] ] ] } },
{ "type": "Feature", "properties": { "CountyName": "Custer", "OwnerName_Grouped": "GREAT NORTHERN PROPERTIES", "OwnerName": "GREAT NTHRN PROP LTD PRTNRSHP", "OwnerAddre": "MAIL TO: GNP LP", "OwnerAdd_1": "PO BOX 1745", "OwnerAdd_2": null, "OwnerCity": "MILES CITY", "OwnerState": "MT", "PropType": "Vacant Land", "TotalAcres": 640.0 }, "geometry": { "type": "Polygon", "coordinates": [ [ [ -105.975382464431959, 46.846137535422983 ], [ -105.980673368713155, 46.846119225383255 ], [ -105.98068618953674, 46.849732258576864 ], [ -105.980699043423471, 46.853345292891213 ], [ -105.980711868654893, 46.856958328210268 ], [ -105.980724693107462, 46.860571359973768 ], [ -105.975431867539371, 46.860595338609983 ], [ -105.970139013906831, 46.860619287433103 ], [ -105.96485277313144, 46.860642154378283 ], [ -105.959566502517063, 46.860665021790894 ], [ -105.959553879764215, 46.857053235670335 ], [ -105.959541225585312, 46.853441452252405 ], [ -105.959525489897317, 46.849816972760756 ], [ -105.959509751695364, 46.846192522099926 ], [ -105.964800659196698, 46.84617418433217 ], [ -105.970091559571117, 46.846155874241262 ], [ -105.975382464431959, 46.846137535422983 ] ] ] } },
{ "type": "Feature", "properties": { "CountyName": "Custer", "OwnerName_Grouped": "GREAT NORTHERN PROPERTIES", "OwnerName": "GREAT NORTHERN PROPERTIES LP", "OwnerAddre": "MAIL TO:  Q LIVESTOCK CO", "OwnerAdd_1": "PO BOX 957", "OwnerAdd_2": null, "OwnerCity": "TERRY", "OwnerState": "MT", "PropType": "Vacant Land", "TotalAcres": 640.0 }, "geometry": { "type": "Polygon", "coordinates": [ [ [ -105.801815170253946, 46.788498370160532 ], [ -105.80709077640482, 46.788483645951047 ], [ -105.807086391420086, 46.792105379885925 ], [ -105.807082010352289, 46.795727142276775 ], [ -105.807077628756289, 46.799348902328035 ], [ -105.807073244371892, 46.802970635622749 ], [ -105.801803441594473, 46.802986192590907 ], [ -105.796533607643966, 46.803001724148345 ], [ -105.791263803186609, 46.803017282726934 ], [ -105.785993967575223, 46.803032814993109 ], [ -105.785992550334342, 46.799410247223825 ], [ -105.785991160652273, 46.795787680693032 ], [ -105.785989742420085, 46.792165110883424 ], [ -105.785988323944082, 46.788542545940494 ], [ -105.791263931581327, 46.788527820200478 ], [ -105.796539535105254, 46.788513096356226 ], [ -105.801815170253946, 46.788498370160532 ] ] ] } },
{ "type": "Feature", "properties": { "CountyName": "Custer", "OwnerName_Grouped": "GREAT NORTHERN PROPERTIES", "OwnerName": "GREAT NORTHERN PROPERTIES LP", "OwnerAddre": "PO BOX 1745", "OwnerAdd_1": null, "OwnerAdd_2": null, "OwnerCity": "MILES CITY", "OwnerState": "MT", "PropType": "Vacant Land", "TotalAcres": 640.0 }, "geometry": { "type": "Polygon", "coordinates": [ [ [ -105.780708779461932, 46.745061862566949 ], [ -105.785969094878922, 46.745058030921257 ], [ -105.785967015209863, 46.748681419680693 ], [ -105.785964917448581, 46.752304818318379 ], [ -105.785962836225053, 46.755928218938465 ], [ -105.785960726369368, 46.759551592119159 ], [ -105.780712130506458, 46.759557621201829 ], [ -105.775463536492595, 46.759563649276522 ], [ -105.770214915335799, 46.759569678098195 ], [ -105.764966319529918, 46.759575706682213 ], [ -105.764956265936917, 46.75595013877377 ], [ -105.76494624235103, 46.752324572321051 ], [ -105.764936176137127, 46.748699033791823 ], [ -105.764926087677026, 46.745073475208414 ], [ -105.770187260072532, 46.745069557649693 ], [ -105.775448436424412, 46.745065669454064 ], [ -105.780708779461932, 46.745061862566949 ] ] ] } },
{ "type": "Feature", "properties": { "CountyName": "Custer", "OwnerName_Grouped": "GREAT NORTHERN PROPERTIES", "OwnerName": "GREAT NORTHERN PROPERTIES LP", "OwnerAddre": "MAIL TO:  Q LIVESTOCK CO", "OwnerAdd_1": "PO BOX 957", "OwnerAdd_2": null, "OwnerCity": "TERRY", "OwnerState": "MT", "PropType": "Vacant Land", "TotalAcres": 644.12 }, "geometry": { "type": "Polygon", "coordinates": [ [ [ -105.80179998841966, 46.81747634887715 ], [ -105.807066409535878, 46.817466124155096 ], [ -105.807067137912895, 46.821085414183543 ], [ -105.807067894784566, 46.824704728823384 ], [ -105.807070593201558, 46.828323740742633 ], [ -105.80707329680645, 46.832036889564257 ], [ -105.806287920372341, 46.8320378947435 ], [ -105.801809010667142, 46.832043561742665 ], [ -105.801018521468194, 46.832044566714437 ], [ -105.796544726629293, 46.832053731644315 ], [ -105.795733150759844, 46.832055404727569 ], [ -105.791280575438009, 46.832064596644315 ], [ -105.790447753338157, 46.832066297235528 ], [ -105.786016428094101, 46.832073518658049 ], [ -105.78601270429921, 46.828362645265479 ], [ -105.786009063581886, 46.824744022903346 ], [ -105.786004893809448, 46.821125539431769 ], [ -105.786000726462646, 46.817507027449643 ], [ -105.791267147530888, 46.817496800995109 ], [ -105.796533568113247, 46.817486575703377 ], [ -105.80179998841966, 46.81747634887715 ] ] ] } },
{ "type": "Feature", "properties": { "CountyName": "Custer", "OwnerName_Grouped": "GREAT NORTHERN PROPERTIES", "OwnerName": "GREAT NTHRN PROP LTD PRTNRSHP", "OwnerAddre": "MAIL TO: GNP LP", "OwnerAdd_1": "PO BOX 1745", "OwnerAdd_2": null, "OwnerCity": "MILES CITY", "OwnerState": "MT", "PropType": "Vacant Land", "TotalAcres": 640.0 }, "geometry": { "type": "Polygon", "coordinates": [ [ [ -105.907036833797264, 46.774476096766072 ], [ -105.91231437891031, 46.774466679210136 ], [ -105.912310575363435, 46.778089213811398 ], [ -105.912306772493352, 46.781711748881058 ], [ -105.912302970120081, 46.785334287102174 ], [ -105.912299138495001, 46.788956822117562 ], [ -105.907019228522472, 46.788962963639129 ], [ -105.90173931339767, 46.788969076823918 ], [ -105.896459401588615, 46.788975191673956 ], [ -105.891179492003275, 46.788981304551783 ], [ -105.89118566114, 46.785362074684706 ], [ -105.891191829567589, 46.781742841621771 ], [ -105.891197999481236, 46.778123611754069 ], [ -105.891204169126766, 46.774504352602762 ], [ -105.896481715097735, 46.774494934377003 ], [ -105.901759259966497, 46.774485515148598 ], [ -105.907036833797264, 46.774476096766072 ] ] ] } },
{ "type": "Feature", "properties": { "CountyName": "Custer", "OwnerName_Grouped": "GREAT NORTHERN PROPERTIES", "OwnerName": "GREAT NORTHERN PROPERTIES LP", "OwnerAddre": "PO BOX 1745", "OwnerAdd_1": null, "OwnerAdd_2": null, "OwnerCity": "MILES CITY", "OwnerState": "MT", "PropType": "Vacant Land", "TotalAcres": 640.0 }, "geometry": { "type": "Polygon", "coordinates": [ [ [ -106.125741128407057, 46.094298634763646 ], [ -106.128328441199244, 46.094301651306687 ], [ -106.128321370886411, 46.097922978069995 ], [ -106.12831430012281, 46.101544277325097 ], [ -106.128307229445724, 46.105165603129521 ], [ -106.128300159499318, 46.108786903234652 ], [ -106.123093516562221, 46.108778054731765 ], [ -106.117886898716463, 46.108769235580397 ], [ -106.112680253917205, 46.108760386558565 ], [ -106.10747360959283, 46.108751566149607 ], [ -106.1074849849944, 46.105132962868922 ], [ -106.107496334435623, 46.10151435832524 ], [ -106.107507679896159, 46.097895753195203 ], [ -106.107519030424683, 46.09427714776578 ], [ -106.112721366820281, 46.094283274336647 ], [ -106.113317672633542, 46.094283988397216 ], [ -106.117923734802616, 46.094289400173743 ], [ -106.123126073477266, 46.094295526147313 ], [ -106.125741128407057, 46.094298634763646 ] ] ] } },
{ "type": "Feature", "properties": { "CountyName": "Custer", "OwnerName_Grouped": "GREAT NORTHERN PROPERTIES", "OwnerName": "GREAT NORTHERN PROPERTIES LP", "OwnerAddre": "PO BOX 1745", "OwnerAdd_1": null, "OwnerAdd_2": null, "OwnerCity": "MILES CITY", "OwnerState": "MT", "PropType": "Improved Property", "TotalAcres": 624.8 }, "geometry": { "type": "Polygon", "coordinates": [ [ [ -106.081355189294982, 46.123265801841214 ], [ -106.08657302864539, 46.123266927749114 ], [ -106.086573043858365, 46.126883366595322 ], [ -106.08657305705448, 46.130499776839635 ], [ -106.0865738476719, 46.13411749207976 ], [ -106.086574633050574, 46.137382597820945 ], [ -106.085625291255369, 46.137383718277036 ], [ -106.081345181069409, 46.137388806841734 ], [ -106.080414203598352, 46.13738992381078 ], [ -106.076115733198421, 46.137394792226246 ], [ -106.075193863595217, 46.137395912371097 ], [ -106.070887086478407, 46.137401027825412 ], [ -106.069973525067553, 46.137402090698231 ], [ -106.065658441169418, 46.137405542383874 ], [ -106.065664545085596, 46.134120963938436 ], [ -106.065671948390587, 46.130501580457675 ], [ -106.065686823108521, 46.126881977431971 ], [ -106.065701699490305, 46.123262400034086 ], [ -106.070919538577911, 46.123263523989287 ], [ -106.076137378046795, 46.12326465040654 ], [ -106.081355189294982, 46.123265801841214 ] ] ] } },
{ "type": "Feature", "properties": { "CountyName": "Custer", "OwnerName_Grouped": "GREAT NORTHERN PROPERTIES", "OwnerName": "GREAT NORTHERN PROPERTIES LP", "OwnerAddre": "PO BOX 1745", "OwnerAdd_1": null, "OwnerAdd_2": null, "OwnerCity": "MILES CITY", "OwnerState": "MT", "PropType": "Vacant Land", "TotalAcres": 640.0 }, "geometry": { "type": "Polygon", "coordinates": [ [ [ -106.086598556505209, 46.108800758804307 ], [ -106.090518277822696, 46.108791550401676 ], [ -106.091817311880774, 46.108788467650221 ], [ -106.09470230824131, 46.108781686811717 ], [ -106.09470474896672, 46.108781681380584 ], [ -106.097036096864386, 46.108776148234767 ], [ -106.102254852229493, 46.108763857326174 ], [ -106.10747360959283, 46.108751566149607 ], [ -106.107465066000884, 46.11238006100681 ], [ -106.107456499012613, 46.116008581674372 ], [ -106.107447955508675, 46.119637103423962 ], [ -106.107439386407108, 46.123265623861002 ], [ -106.102222797088103, 46.123265943728015 ], [ -106.097006207732548, 46.123266291390749 ], [ -106.091789618033573, 46.123266609180263 ], [ -106.08657302864539, 46.123266927749114 ], [ -106.086579404624558, 46.119650406424974 ], [ -106.086585777625956, 46.116033858325423 ], [ -106.086592182386909, 46.112417307942742 ], [ -106.086598556505209, 46.108800758804307 ] ] ] } },
{ "type": "Feature", "properties": { "CountyName": "Custer", "OwnerName_Grouped": "GREAT NORTHERN PROPERTIES", "OwnerName": "GREAT NORTHERN PROPERTIES LP", "OwnerAddre": "PO BOX 1745", "OwnerAdd_1": null, "OwnerAdd_2": null, "OwnerCity": "MILES CITY", "OwnerState": "MT", "PropType": "Vacant Land", "TotalAcres": 667.84 }, "geometry": { "type": "Polygon", "coordinates": [ [ [ -106.185615953545948, 46.079936203963591 ], [ -106.191698994956539, 46.079950491059343 ], [ -106.191703285929677, 46.08358803893379 ], [ -106.191707578040393, 46.087225557569816 ], [ -106.191711899050247, 46.090863080201643 ], [ -106.191716186901445, 46.09450062661147 ], [ -106.18558200795249, 46.094469843164312 ], [ -106.180379277921261, 46.094443853601639 ], [ -106.175175884468587, 46.094417118269746 ], [ -106.169972487980928, 46.094390381844889 ], [ -106.169979780850255, 46.090767111246308 ], [ -106.169987075032665, 46.087143868177755 ], [ -106.16999436618255, 46.083520596668684 ], [ -106.170001658590749, 46.079897353617291 ], [ -106.175207190519984, 46.079910784575752 ], [ -106.180412725350664, 46.079924245060461 ], [ -106.185615953545948, 46.079936203963591 ] ] ] } },
{ "type": "Feature", "properties": { "CountyName": "Custer", "OwnerName_Grouped": "GREAT NORTHERN PROPERTIES", "OwnerName": "GREAT NORTHERN PROPERTIES LP", "OwnerAddre": "PO BOX 1745", "OwnerAdd_1": null, "OwnerAdd_2": null, "OwnerCity": "MILES CITY", "OwnerState": "MT", "PropType": "Vacant Land", "TotalAcres": 640.0 }, "geometry": { "type": "Polygon", "coordinates": [ [ [ -106.143949737705995, 46.079862584766907 ], [ -106.149148797796997, 46.079880238981133 ], [ -106.149147174118454, 46.083500593351367 ], [ -106.149145576238126, 46.087120947156635 ], [ -106.14914395142597, 46.090741273586453 ], [ -106.14914232473798, 46.09436162832894 ], [ -106.14393884517149, 46.094346640856408 ], [ -106.138735369181617, 46.094331653449714 ], [ -106.133531889365344, 46.094316638860626 ], [ -106.128328441199244, 46.094301651306687 ], [ -106.128334453618052, 46.090678658107159 ], [ -106.128340496366064, 46.087055665375217 ], [ -106.128346370689698, 46.083533269887177 ], [ -106.128346538477714, 46.083432671296215 ], [ -106.128352581189702, 46.079809676822336 ], [ -106.133551643586713, 46.079827305011818 ], [ -106.138750704584638, 46.079844958674592 ], [ -106.143949737705995, 46.079862584766907 ] ] ] } },
{ "type": "Feature", "properties": { "CountyName": "Custer", "OwnerName_Grouped": "GREAT NORTHERN PROPERTIES", "OwnerName": "GREAT NORTHERN PROPERTIES LP", "OwnerAddre": "PO BOX 1745", "OwnerAdd_1": null, "OwnerAdd_2": null, "OwnerCity": "MILES CITY", "OwnerState": "MT", "PropType": "Vacant Land", "TotalAcres": 102.557 }, "geometry": { "type": "Polygon", "coordinates": [ [ [ -106.123151767408217, 46.079805496742559 ], [ -106.128352581189702, 46.079809676822336 ], [ -106.128346538477714, 46.083432671296215 ], [ -106.128346370689698, 46.083533269887177 ], [ -106.123145037507925, 46.083597729880438 ], [ -106.117943690266642, 46.083661853070829 ], [ -106.113809387440966, 46.083712786044913 ], [ -106.114051342340531, 46.083420125304407 ], [ -106.11462090438539, 46.08275042322785 ], [ -106.115406301274092, 46.081818350836137 ], [ -106.116268501554984, 46.080795700980033 ], [ -106.117102584753184, 46.079800676599248 ], [ -106.117950957360222, 46.079801342206487 ], [ -106.123151767408217, 46.079805496742559 ] ] ] } },
{ "type": "Feature", "properties": { "CountyName": "Custer", "OwnerName_Grouped": "GREAT NORTHERN PROPERTIES", "OwnerName": "GREAT NORTHERN PROPERTIES LP", "OwnerAddre": "PO BOX 1745", "OwnerAdd_1": null, "OwnerAdd_2": null, "OwnerCity": "MILES CITY", "OwnerState": "MT", "PropType": "Vacant Land", "TotalAcres": 640.0 }, "geometry": { "type": "Polygon", "coordinates": [ [ [ -106.164787820146643, 46.065400255673282 ], [ -106.169995213445802, 46.065409022110366 ], [ -106.1699960618364, 46.069031042902786 ], [ -106.169996908800726, 46.072653090295795 ], [ -106.169999283482966, 46.076275222159531 ], [ -106.170001658590749, 46.079897353617291 ], [ -106.164788458053479, 46.079893061723332 ], [ -106.159575229005, 46.079888795964692 ], [ -106.154362027765075, 46.079884503057762 ], [ -106.149148797796997, 46.079880238981133 ], [ -106.149153009503848, 46.076253690029411 ], [ -106.149157187479389, 46.072627113556997 ], [ -106.14916139694175, 46.069000564675051 ], [ -106.149165580117099, 46.065374014648995 ], [ -106.154373001515054, 46.065382752785737 ], [ -106.159580395156482, 46.065391518427795 ], [ -106.164787820146643, 46.065400255673282 ] ] ] } },
{ "type": "Feature", "properties": { "CountyName": "Custer", "OwnerName_Grouped": "GREAT NORTHERN PROPERTIES", "OwnerName": "GREAT NORTHERN PROPERTIES LP", "OwnerAddre": "PO BOX 1745", "OwnerAdd_1": null, "OwnerAdd_2": null, "OwnerCity": "MILES CITY", "OwnerState": "MT", "PropType": "Vacant Land", "TotalAcres": 666.8 }, "geometry": { "type": "Polygon", "coordinates": [ [ [ -106.186765141542907, 46.050930032387193 ], [ -106.191767000374327, 46.050931409650794 ], [ -106.191754568252662, 46.054560625165465 ], [ -106.191742166478292, 46.058189869229523 ], [ -106.191729733905291, 46.061819083273441 ], [ -106.191717330446309, 46.065448324900991 ], [ -106.185604816947944, 46.065436956764295 ], [ -106.180403061498097, 46.065427190107641 ], [ -106.175199137647908, 46.065418092690614 ], [ -106.169995213445802, 46.065409022110366 ], [ -106.170002562373313, 46.061786557213203 ], [ -106.17000990960922, 46.058164063113189 ], [ -106.170017286511637, 46.054541598411063 ], [ -106.170024634074849, 46.050919133445454 ], [ -106.171176037601711, 46.050923069207521 ], [ -106.175202750406882, 46.050924731708868 ], [ -106.176425685600961, 46.050925222833087 ], [ -106.180380865400537, 46.050926859134677 ], [ -106.181675306537585, 46.050928071202115 ], [ -106.185652681275741, 46.050929427690185 ], [ -106.186765141542907, 46.050930032387193 ] ] ] } },
{ "type": "Feature", "properties": { "CountyName": "Custer", "OwnerName_Grouped": "GREAT NORTHERN PROPERTIES", "OwnerName": "GREAT NORTHERN PROPERTIES LP", "OwnerAddre": "PO BOX 1745", "OwnerAdd_1": null, "OwnerAdd_2": null, "OwnerCity": "MILES CITY", "OwnerState": "MT", "PropType": "Vacant Land", "TotalAcres": 640.0 }, "geometry": { "type": "Polygon", "coordinates": [ [ [ -106.123179048284399, 46.065318273573055 ], [ -106.128387497378455, 46.065323203868715 ], [ -106.12837879112864, 46.068944809135566 ], [ -106.128370053627606, 46.072566441948133 ], [ -106.128361318150013, 46.076188045630701 ], [ -106.128352581189702, 46.079809676822336 ], [ -106.123151767408217, 46.079805496742559 ], [ -106.117950957360222, 46.079801342206487 ], [ -106.117102584753184, 46.079800676599248 ], [ -106.112750145213255, 46.079797160785745 ], [ -106.107549334496923, 46.079792978714011 ], [ -106.107550405013185, 46.076170597052524 ], [ -106.107551474207213, 46.072548214946714 ], [ -106.107552570501753, 46.068925833268167 ], [ -106.107553639633807, 46.065303450394246 ], [ -106.109090630372094, 46.06530493112173 ], [ -106.112762117688419, 46.065308383270725 ], [ -106.117970571480512, 46.065313313946042 ], [ -106.123179048284399, 46.065318273573055 ] ] ] } },
{ "type": "Feature", "properties": { "CountyName": "Powder River", "OwnerName_Grouped": "GREAT NORTHERN PROPERTIES", "OwnerName": "GREAT NORTHERN PROPERTIES", "OwnerAddre": "PO BOX 1745", "OwnerAdd_1": null, "OwnerAdd_2": null, "OwnerCity": "MILES CITY", "OwnerState": "MT", "PropType": "Vacant Land", "TotalAcres": 627.32 }, "geometry": { "type": "Polygon", "coordinates": [ [ [ -106.213104673608072, 45.595630228028355 ], [ -106.213625739293846, 45.591908568605625 ], [ -106.214146807402216, 45.588186913263371 ], [ -106.213419855273415, 45.584801112145485 ], [ -106.212692930802035, 45.581415313663086 ], [ -106.218035162907938, 45.581623716262143 ], [ -106.223377367693217, 45.581832117745471 ], [ -106.228720796864962, 45.582040157598826 ], [ -106.231598821028797, 45.582152220247117 ], [ -106.231605219069408, 45.582152469081265 ], [ -106.231793019579413, 45.58215977921359 ], [ -106.233698982411454, 45.582233947951622 ], [ -106.23368468812339, 45.585891608109669 ], [ -106.233670366585727, 45.589549266388175 ], [ -106.233656072869621, 45.593206924386109 ], [ -106.233641778800092, 45.596864581263432 ], [ -106.228862249426953, 45.596577155659325 ], [ -106.223608948500996, 45.596261283241851 ], [ -106.218356810347615, 45.595945740934347 ], [ -106.213104673608072, 45.595630228028355 ] ] ] } },
{ "type": "Feature", "properties": { "CountyName": "Powder River", "OwnerName_Grouped": "GREAT NORTHERN PROPERTIES", "OwnerName": "GREAT NORTHERN PROPERTIES", "OwnerAddre": "PO BOX 1745", "OwnerAdd_1": null, "OwnerAdd_2": null, "OwnerCity": "MILES CITY", "OwnerState": "MT", "PropType": "Vacant Land", "TotalAcres": 320.0 }, "geometry": { "type": "Polygon", "coordinates": [ [ [ -106.191535962832802, 45.592081537922738 ], [ -106.191603051471148, 45.588478015850995 ], [ -106.191658584742399, 45.584847241623642 ], [ -106.19682142478581, 45.584816665059179 ], [ -106.196788833154855, 45.588411436653018 ], [ -106.196750299971328, 45.592043321146193 ], [ -106.201964610451029, 45.592004884408418 ], [ -106.2077952013871, 45.591956864183949 ], [ -106.208060698350081, 45.588265927693236 ], [ -106.207702043516178, 45.584793627906976 ], [ -106.213419855273415, 45.584801112145485 ], [ -106.214146807402216, 45.588186913263371 ], [ -106.213625739293846, 45.591908568605625 ], [ -106.213104673608072, 45.595630228028355 ], [ -106.20752965268764, 45.595647665149755 ], [ -106.201954658638883, 45.595665129970691 ], [ -106.196711766054435, 45.595675093748468 ], [ -106.191468873248851, 45.595685060730588 ], [ -106.191535962832802, 45.592081537922738 ] ] ] } },
{ "type": "Feature", "properties": { "CountyName": "Powder River", "OwnerName_Grouped": "GREAT NORTHERN PROPERTIES", "OwnerName": "GREAT NORTHERN PROPERTIES", "OwnerAddre": "PO BOX 1745", "OwnerAdd_1": null, "OwnerAdd_2": null, "OwnerCity": "MILES CITY", "OwnerState": "MT", "PropType": "Vacant Land", "TotalAcres": 400.0 }, "geometry": { "type": "Polygon", "coordinates": [ [ [ -106.153540069615559, 45.480958720702901 ], [ -106.158746471063083, 45.48098496468662 ], [ -106.163952869889144, 45.48101123793429 ], [ -106.163859401606032, 45.484565445218266 ], [ -106.16376593768895, 45.488119680797261 ], [ -106.168929639908598, 45.488139313602865 ], [ -106.168833669527075, 45.491811857696788 ], [ -106.1687376741354, 45.495484289811003 ], [ -106.163573942302961, 45.495418630279303 ], [ -106.158410322667024, 45.495352858642441 ], [ -106.153246673578948, 45.495287113884793 ], [ -106.153253833343143, 45.491683068796959 ], [ -106.153260962352448, 45.488079054369642 ], [ -106.15340051626157, 45.484518871612607 ], [ -106.153540069615559, 45.480958720702901 ] ] ] } },
{ "type": "Feature", "properties": { "CountyName": "Powder River", "OwnerName_Grouped": "GREAT NORTHERN PROPERTIES", "OwnerName": "GREAT NORTHERN PROPERTIES", "OwnerAddre": "PO BOX 1745", "OwnerAdd_1": null, "OwnerAdd_2": null, "OwnerCity": "MILES CITY", "OwnerState": "MT", "PropType": "Vacant Land", "TotalAcres": 597.01 }, "geometry": { "type": "Polygon", "coordinates": [ [ [ -106.122761202901344, 45.484270158378258 ], [ -106.126702469208922, 45.484268778312661 ], [ -106.127296785878244, 45.484268588772089 ], [ -106.131832369072384, 45.484266993877732 ], [ -106.131831865504608, 45.484469695414447 ], [ -106.132879039236499, 45.484469286714692 ], [ -106.132869513336914, 45.487061861428067 ], [ -106.132866468746059, 45.4878862453523 ], [ -106.132859931680727, 45.489654434568095 ], [ -106.132853714214662, 45.492247923938606 ], [ -106.132847492327585, 45.494841415072663 ], [ -106.127694177770749, 45.494836170805293 ], [ -106.122540890887038, 45.494830900587289 ], [ -106.117411021280518, 45.49479313142664 ], [ -106.112281181420272, 45.494755360883936 ], [ -106.112333244527491, 45.493126839739233 ], [ -106.112353397717442, 45.492497129908344 ], [ -106.112385311568985, 45.491498351053245 ], [ -106.112451700241905, 45.488881331668793 ], [ -106.112476859305588, 45.48788930270856 ], [ -106.112543416401465, 45.485265535093248 ], [ -106.112567996067753, 45.484280227784048 ], [ -106.116427119614869, 45.484276404600102 ], [ -106.11766458337263, 45.484275193910875 ], [ -106.121572573384, 45.484271340871047 ], [ -106.122761202901344, 45.484270158378258 ] ] ] } },
{ "type": "Feature", "properties": { "CountyName": "Powder River", "OwnerName_Grouped": "GREAT NORTHERN PROPERTIES", "OwnerName": "GREAT NORTHERN PROPERTIES", "OwnerAddre": "PO BOX 1745", "OwnerAdd_1": null, "OwnerAdd_2": null, "OwnerCity": "MILES CITY", "OwnerState": "MT", "PropType": "Vacant Land", "TotalAcres": 120.0 }, "geometry": { "type": "Polygon", "coordinates": [ [ [ -106.168700067390191, 45.499220864987343 ], [ -106.163493194612442, 45.499195649115364 ], [ -106.158353406772051, 45.499172409030201 ], [ -106.153213593062844, 45.499148944363057 ], [ -106.153246673578948, 45.495287113884793 ], [ -106.158410322667024, 45.495352858642441 ], [ -106.163573942302961, 45.495418630279303 ], [ -106.1687376741354, 45.495484289811003 ], [ -106.168700067390191, 45.499220864987343 ] ] ] } },
{ "type": "Feature", "properties": { "CountyName": "Powder River", "OwnerName_Grouped": "GREAT NORTHERN PROPERTIES", "OwnerName": "GREAT NORTHERN PROPERTIES", "OwnerAddre": "PO BOX 1745", "OwnerAdd_1": null, "OwnerAdd_2": null, "OwnerCity": "MILES CITY", "OwnerState": "MT", "PropType": "Vacant Land", "TotalAcres": 40.0 }, "geometry": { "type": "Polygon", "coordinates": [ [ [ -106.15356608912407, 45.477381038162612 ], [ -106.158777730482356, 45.477695346367348 ], [ -106.158746471063083, 45.48098496468662 ], [ -106.153540069615559, 45.480958720702901 ], [ -106.15356608912407, 45.477381038162612 ] ] ] } },
{ "type": "Feature", "properties": { "CountyName": "Powder River", "OwnerName_Grouped": "GREAT NORTHERN PROPERTIES", "OwnerName": "GREAT NORTHERN PROPERTIES", "OwnerAddre": "PO BOX 1745", "OwnerAdd_1": null, "OwnerAdd_2": null, "OwnerCity": "MILES CITY", "OwnerState": "MT", "PropType": "Vacant Land", "TotalAcres": 60.1 }, "geometry": { "type": "Polygon", "coordinates": [ [ [ -106.160427023137188, 45.609329964386674 ], [ -106.16045409384347, 45.606289484605597 ], [ -106.160468327501945, 45.604691414195536 ], [ -106.160468337477269, 45.604690363221174 ], [ -106.160469980555419, 45.604505808152851 ], [ -106.165562721528914, 45.604567227844051 ], [ -106.165564892271718, 45.606339296785784 ], [ -106.165569201759652, 45.609896680953696 ], [ -106.160904404934982, 45.609860235006494 ], [ -106.160422320675181, 45.609858093911072 ], [ -106.160427023137188, 45.609329964386674 ] ] ] } },
{ "type": "Feature", "properties": { "CountyName": "Powder River", "OwnerName_Grouped": "GREAT NORTHERN PROPERTIES", "OwnerName": "GREAT NORTHERN PROPERTIES", "OwnerAddre": "PO BOX 1745", "OwnerAdd_1": null, "OwnerAdd_2": null, "OwnerCity": "MILES CITY", "OwnerState": "MT", "PropType": "Vacant Land", "TotalAcres": 320.0 }, "geometry": { "type": "Polygon", "coordinates": [ [ [ -106.143143888439965, 45.484469942418627 ], [ -106.148341965013728, 45.482714332195776 ], [ -106.153540069615559, 45.480958720702901 ], [ -106.15340051626157, 45.484518871612607 ], [ -106.153260962352448, 45.488079054369642 ], [ -106.153253833343143, 45.491683068796959 ], [ -106.153246673578948, 45.495287113884793 ], [ -106.148146891774275, 45.495175704125266 ], [ -106.14304708237519, 45.49506426387601 ], [ -106.14307542689977, 45.491964066598321 ], [ -106.143103740165259, 45.488863870253006 ], [ -106.143123814892562, 45.486666919615431 ], [ -106.143143888439965, 45.484469942418627 ] ] ] } },
{ "type": "Feature", "properties": { "CountyName": "Powder River", "OwnerName_Grouped": "GREAT NORTHERN PROPERTIES", "OwnerName": "GREAT NORTHERN PROPERTIES", "OwnerAddre": "PO BOX 1745", "OwnerAdd_1": null, "OwnerAdd_2": null, "OwnerCity": "MILES CITY", "OwnerState": "MT", "PropType": "Vacant Land", "TotalAcres": 321.12 }, "geometry": { "type": "Polygon", "coordinates": [ [ [ -106.181115902858821, 45.595650214110002 ], [ -106.186292402591192, 45.595667638176742 ], [ -106.191468873248851, 45.595685060730588 ], [ -106.191394756583676, 45.599264165421225 ], [ -106.191320639452584, 45.60284326990687 ], [ -106.191231743447588, 45.606448180195372 ], [ -106.191141429576703, 45.610111008848904 ], [ -106.186595470604303, 45.610061954895279 ], [ -106.186057831309284, 45.610056172575263 ], [ -106.18145511945464, 45.610006530669231 ], [ -106.180974233323539, 45.610001417027412 ], [ -106.18100973653047, 45.60640758896686 ], [ -106.181044790145151, 45.602856038177528 ], [ -106.181080345520883, 45.599253126243802 ], [ -106.181115902858821, 45.595650214110002 ] ] ] } },
{ "type": "Feature", "properties": { "CountyName": "Powder River", "OwnerName_Grouped": "GREAT NORTHERN PROPERTIES", "OwnerName": "GREAT NORTHERN PROPERTIES", "OwnerAddre": "PO BOX 1745", "OwnerAdd_1": null, "OwnerAdd_2": null, "OwnerCity": "MILES CITY", "OwnerState": "MT", "PropType": "Vacant Land", "TotalAcres": 641.68 }, "geometry": { "type": "Polygon", "coordinates": [ [ [ -106.191468873248851, 45.595685060730588 ], [ -106.196711766054435, 45.595675093748468 ], [ -106.201954658638883, 45.595665129970691 ], [ -106.20752965268764, 45.595647665149755 ], [ -106.213104673608072, 45.595630228028355 ], [ -106.212425379047843, 45.599195576718763 ], [ -106.211746114016975, 45.60276095311508 ], [ -106.211674822822445, 45.606457475916329 ], [ -106.21160319554933, 45.610172108596679 ], [ -106.207204106898899, 45.610134998132963 ], [ -106.206512403428462, 45.610129160108954 ], [ -106.202049531054115, 45.610091521181523 ], [ -106.201421636419809, 45.610086378065915 ], [ -106.196892676607675, 45.610097156362116 ], [ -106.196281533144202, 45.610098625780708 ], [ -106.19173582160019, 45.610109430125341 ], [ -106.191141429576703, 45.610111008848904 ], [ -106.191231743447588, 45.606448180195372 ], [ -106.191320639452584, 45.60284326990687 ], [ -106.191394756583676, 45.599264165421225 ], [ -106.191468873248851, 45.595685060730588 ] ] ] } },
{ "type": "Feature", "properties": { "CountyName": "Yellowstone", "OwnerName_Grouped": "GREAT NORTHERN PROPERTIES", "OwnerName": "GREAT NORTHERN PROPERTIES LIMITED PARTNERSHIP", "OwnerAddre": "PO BOX 1745", "OwnerAdd_1": null, "OwnerAdd_2": null, "OwnerCity": "MILES CITY", "OwnerState": "MT", "PropType": "Vacant Land", "TotalAcres": 638.24 }, "geometry": { "type": "Polygon", "coordinates": [ [ [ -108.257741259033764, 46.249653062325891 ], [ -108.257767073903949, 46.249652603706991 ], [ -108.257792886508284, 46.249652130653757 ], [ -108.257818699132756, 46.249651656694674 ], [ -108.257844510418408, 46.249651184515379 ], [ -108.257870324318716, 46.249650711458735 ], [ -108.257896136921261, 46.249650238381903 ], [ -108.257921950841236, 46.249649764413491 ], [ -108.257947763442971, 46.249649291324879 ], [ -108.257973576023602, 46.249648819130329 ], [ -108.25799938992165, 46.249648346044189 ], [ -108.258025201204163, 46.249647873823562 ], [ -108.258051013845161, 46.249647398911343 ], [ -108.258076826424073, 46.249646926693217 ], [ -108.258102640320331, 46.249646453583459 ], [ -108.258128452898262, 46.24964598135351 ], [ -108.258154266834765, 46.249645506431982 ], [ -108.258180079411886, 46.249645034190266 ], [ -108.258205890711722, 46.24964456102834 ], [ -108.258231703287862, 46.249644088774794 ], [ -108.258257517181519, 46.249643615629623 ], [ -108.258283329797891, 46.249643141564285 ], [ -108.258309143690553, 46.24964266840734 ], [ -108.258334956264889, 46.249642196130168 ], [ -108.258360768859433, 46.249641722947111 ], [ -108.25838658017669, 46.249641248843922 ], [ -108.258412394067662, 46.24964077566333 ], [ -108.258438206660756, 46.249640302462588 ], [ -108.258464019232861, 46.249639830155928 ], [ -108.258489833142932, 46.249639356057664 ], [ -108.258515645734789, 46.249638882839221 ], [ -108.258541459623402, 46.249638409629107 ], [ -108.258567272193687, 46.249637937298864 ], [ -108.258593083486886, 46.24963746404844 ], [ -108.258618896097403, 46.24963698990635 ], [ -108.258644709984225, 46.249636516672673 ], [ -108.258670522552805, 46.249636044318805 ], [ -108.258696336438732, 46.249635571073306 ], [ -108.258722149047458, 46.249635096907653 ], [ -108.258747961635166, 46.249634623636091 ], [ -108.258773772904647, 46.249634151244344 ], [ -108.258799586788768, 46.24963367797524 ], [ -108.258825399354663, 46.249633205585972 ], [ -108.258851211981693, 46.249632730490823 ], [ -108.258877025843915, 46.249632258103965 ], [ -108.258902838428909, 46.249631784797025 ], [ -108.258928652290237, 46.249631312398371 ], [ -108.258954462320929, 46.24963083725109 ], [ -108.258980276181347, 46.249630364840677 ], [ -108.259006088764664, 46.249629891510097 ], [ -108.259031902644736, 46.249629418187865 ], [ -108.259057715206495, 46.249628945745485 ], [ -108.259083529106221, 46.249628471511492 ], [ -108.259109341687719, 46.249627998157273 ], [ -108.259135152971382, 46.24962752478293 ], [ -108.259160965531436, 46.249627052316946 ], [ -108.259186779429356, 46.249626578059299 ], [ -108.259212592008979, 46.249626104681496 ], [ -108.259238404588245, 46.249625631297803 ], [ -108.259264218443718, 46.249625158822461 ], [ -108.25929003102199, 46.249624685426973 ], [ -108.259315842323133, 46.249624211111325 ], [ -108.259341654900496, 46.24962373770402 ], [ -108.259367468754164, 46.249623265205088 ], [ -108.259393281330645, 46.249622791785974 ], [ -108.259419095224615, 46.24962231747525 ], [ -108.259444907800173, 46.249621844044327 ], [ -108.25947072165205, 46.249621371521748 ], [ -108.259496531632209, 46.249620898050566 ], [ -108.259522345524275, 46.249620423716181 ], [ -108.259548158098042, 46.249619950261661 ], [ -108.259573971948129, 46.24961947771552 ], [ -108.259599784521086, 46.249619004249176 ], [ -108.259625597093503, 46.249618530776964 ], [ -108.259651410983338, 46.249618056413127 ], [ -108.259677222237087, 46.249617583814853 ], [ -108.259703034808155, 46.249617110324934 ], [ -108.259728847378881, 46.249616636829103 ], [ -108.259754661266896, 46.249616162441619 ], [ -108.259780473816079, 46.249615689833995 ], [ -108.259806287682665, 46.249615216334718 ], [ -108.259832100251572, 46.249614742815275 ], [ -108.259857911502095, 46.249614270175698 ], [ -108.259883724090557, 46.249613795744494 ], [ -108.259909537955437, 46.249613322221613 ], [ -108.259935350522454, 46.249612848678559 ], [ -108.259961164365791, 46.249612376043885 ], [ -108.259986976952447, 46.249611901589027 ], [ -108.260012789518214, 46.249611428028331 ], [ -108.26003860338075, 46.249610954475926 ], [ -108.260064414627763, 46.249610481789105 ], [ -108.260090227192094, 46.249610008210695 ], [ -108.260116039776491, 46.249609533726336 ], [ -108.260141853637236, 46.249609060150327 ], [ -108.260167666179754, 46.249608587454183 ], [ -108.26019348003959, 46.24960811386638 ], [ -108.260219292622196, 46.249607639358452 ], [ -108.260245103886604, 46.249607165730346 ], [ -108.260270916427231, 46.249606693010584 ], [ -108.260296730285276, 46.249606219399169 ], [ -108.260322542845628, 46.24960574576761 ], [ -108.260348356723298, 46.249605271244405 ], [ -108.26037416926215, 46.249604798501039 ], [ -108.260399981821067, 46.249604324851767 ], [ -108.26042579308232, 46.24960385118235 ], [ -108.260451606958185, 46.249603376635555 ], [ -108.260477419495317, 46.249602903868585 ], [ -108.260503232052443, 46.249602430195729 ], [ -108.260529045906424, 46.24960195653118 ], [ -108.26055485844212, 46.249601483746517 ], [ -108.260580672315726, 46.249601009170178 ], [ -108.260606483573838, 46.249600535459507 ], [ -108.260632296128705, 46.249600061757114 ], [ -108.260658108662696, 46.249599588948819 ], [ -108.260683922534497, 46.249599114348882 ], [ -108.260709735088028, 46.249598640628804 ], [ -108.260735548938413, 46.249598166917075 ], [ -108.2607613614706, 46.249597694085182 ], [ -108.260787172745978, 46.249597219433177 ], [ -108.260812985297804, 46.249596745689502 ], [ -108.260838799146384, 46.249596271954147 ], [ -108.260864611676666, 46.24959579909865 ], [ -108.260890424227142, 46.249595325337275 ], [ -108.260916238094907, 46.249594850684204 ], [ -108.260942050644374, 46.24959437691102 ], [ -108.260967861875656, 46.249593904017672 ], [ -108.260993675721537, 46.249593430246904 ], [ -108.261019488290174, 46.249592955556039 ], [ -108.26104530083785, 46.249592481759237 ], [ -108.261071114661959, 46.249592008870771 ], [ -108.261096927208712, 46.249591535062173 ], [ -108.261122741052347, 46.249591061261896 ], [ -108.261148551024206, 46.249590586513044 ], [ -108.261174364846426, 46.249590113600938 ], [ -108.261200177391402, 46.249589639768757 ], [ -108.261225991233218, 46.249589165944883 ], [ -108.261251803797904, 46.249588691200863 ], [ -108.26127761632101, 46.249588218250949 ], [ -108.26130343016149, 46.249587744409368 ], [ -108.261329241406983, 46.249587270533418 ], [ -108.261355053928739, 46.249586797565811 ], [ -108.26138086778839, 46.249586322806536 ], [ -108.261406680329856, 46.249585848927119 ], [ -108.261432492870767, 46.249585375041796 ], [ -108.261458306688027, 46.24958490206479 ], [ -108.26148411926917, 46.249584426367697 ], [ -108.261509930490917, 46.24958395335041 ], [ -108.261535743030123, 46.249583479441483 ], [ -108.261561556845592, 46.249583006440893 ], [ -108.261587369383804, 46.249582532520144 ], [ -108.261613183239405, 46.249582057707784 ], [ -108.261638995776707, 46.249581583775225 ], [ -108.261664808293162, 46.249581110736806 ], [ -108.261690622126892, 46.249580636806698 ], [ -108.261716433386141, 46.249580161942255 ], [ -108.261742245921653, 46.249579687986113 ], [ -108.261768059733527, 46.249579214938279 ], [ -108.261793872268143, 46.249578740970357 ], [ -108.26181968482291, 46.249578266096499 ], [ -108.261845498653926, 46.249577792130985 ], [ -108.261871311166701, 46.249577319045329 ], [ -108.261897122402289, 46.24957684503957 ], [ -108.261922934934645, 46.24957637104211 ], [ -108.261948748784377, 46.249575896153011 ], [ -108.261974561295432, 46.249575423043765 ], [ -108.262000375123762, 46.249574949042831 ], [ -108.262026187654314, 46.249574475021774 ], [ -108.262052000204932, 46.249574000094796 ], [ -108.262077811437379, 46.249573526047762 ], [ -108.262103625243398, 46.249573052923196 ], [ -108.262129437772245, 46.249572578878528 ], [ -108.262155251577369, 46.249572105742182 ], [ -108.262181064146233, 46.249571629885736 ], [ -108.262206876653138, 46.24957115672337 ], [ -108.262232690477504, 46.249570682669344 ], [ -108.262258501686205, 46.249570209480957 ], [ -108.26228431425325, 46.249569733600893 ], [ -108.262310126758464, 46.249569260414923 ], [ -108.262335940580925, 46.249568786337278 ], [ -108.262361501267662, 46.249568316680325 ], [ -108.262387065825379, 46.249567847960265 ], [ -108.26241262651132, 46.249567378291779 ], [ -108.262438191088563, 46.24956690866015 ], [ -108.262463751773637, 46.249566438980075 ], [ -108.262489313755481, 46.249565969308421 ], [ -108.262514877013686, 46.249565500545202 ], [ -108.262540438974142, 46.249565031761982 ], [ -108.262566002231466, 46.24956456298721 ], [ -108.262591564211533, 46.249564093292392 ], [ -108.26261712489395, 46.249563623577608 ], [ -108.262642689467654, 46.249563153899672 ], [ -108.26266825014919, 46.24956268417332 ], [ -108.262693813424789, 46.24956221446957 ], [ -108.262719375382162, 46.249561745645821 ], [ -108.262744937359585, 46.249561275916321 ], [ -108.262770500633863, 46.249560806195227 ], [ -108.262796062610406, 46.249560336454138 ], [ -108.262821625883802, 46.249559866721462 ], [ -108.262847186541748, 46.249559397854568 ], [ -108.262872751111573, 46.249558928124578 ], [ -108.262898311789044, 46.249558458346087 ], [ -108.26292387376337, 46.249557988576079 ], [ -108.26294943699358, 46.249557520614438 ], [ -108.262974998967024, 46.249557050832863 ], [ -108.263000562237323, 46.249556581059657 ], [ -108.263026124189494, 46.249556112166488 ], [ -108.263051684864294, 46.2495556423533 ], [ -108.263077249430594, 46.249555172576983 ], [ -108.263102810104527, 46.249554702752214 ], [ -108.263128374669918, 46.249554232964329 ], [ -108.263153935322478, 46.249553764027986 ], [ -108.263179833495016, 46.249553288881252 ], [ -108.263205731646508, 46.249552814628558 ], [ -108.263231629838614, 46.249552338569956 ], [ -108.263257526691888, 46.249551864291156 ], [ -108.263283424842029, 46.249551390020677 ], [ -108.263309322991816, 46.249550915744244 ], [ -108.263335221182018, 46.249550439661853 ], [ -108.263361119330895, 46.249549965373546 ], [ -108.263387017479232, 46.24954949107925 ], [ -108.263412913032568, 46.249549016750642 ], [ -108.263438811220951, 46.24954854064449 ], [ -108.263464709367938, 46.249548066332416 ], [ -108.263490608811864, 46.249547592028605 ], [ -108.263516506978405, 46.249547116804649 ], [ -108.263542405144491, 46.249546641574739 ], [ -108.263568303310237, 46.249546166338909 ], [ -108.263594198860318, 46.24954569196867 ], [ -108.263620097004676, 46.249545217620934 ], [ -108.263645995189449, 46.249544741467311 ], [ -108.263671893332884, 46.249544267107666 ], [ -108.263697791475792, 46.249543792742131 ], [ -108.263723689618232, 46.24954331837062 ], [ -108.263749586503977, 46.249542842179025 ], [ -108.263775484645521, 46.249542367795641 ], [ -108.263801382786696, 46.24954189340631 ], [ -108.263827280927345, 46.249541419011074 ], [ -108.263853179088002, 46.24954094370986 ], [ -108.263879077248291, 46.249540468402756 ], [ -108.263904975408053, 46.249539993089677 ], [ -108.263930870952365, 46.249539518642258 ], [ -108.263956769090726, 46.249539044217272 ], [ -108.263982667269701, 46.249538567986413 ], [ -108.264008566704476, 46.24953809356375 ], [ -108.264034464841501, 46.249537619120993 ], [ -108.264060362978057, 46.249537144672246 ], [ -108.264086258560596, 46.249536668389212 ], [ -108.264112156696356, 46.249536193928613 ], [ -108.264138054831562, 46.24953571946206 ], [ -108.264163952966314, 46.249535244989588 ], [ -108.264189851141651, 46.249534768711172 ], [ -108.264215749275508, 46.249534294226812 ], [ -108.264241647429373, 46.249533818836511 ], [ -108.26426754426511, 46.249533344326068 ], [ -108.264293442438543, 46.249532868023884 ], [ -108.264319340570665, 46.249532393515778 ], [ -108.264345238702262, 46.249531919001697 ], [ -108.26437113683339, 46.249531444481697 ], [ -108.264397034964176, 46.249530969955721 ], [ -108.264422930540817, 46.249530493595472 ], [ -108.264448828670581, 46.249530019057651 ], [ -108.264474726799918, 46.249529544513862 ], [ -108.264500624949349, 46.249529069064167 ], [ -108.264526524395535, 46.249528593622699 ], [ -108.264552422523508, 46.249528119061132 ], [ -108.264578320671589, 46.249527643593595 ], [ -108.26460421620402, 46.249527168991754 ], [ -108.264630114371641, 46.249526692612342 ], [ -108.264656012497809, 46.249526218026986 ], [ -108.264681910623509, 46.249525743435669 ], [ -108.264707808748852, 46.24952526883844 ], [ -108.264733706914583, 46.249524792435288 ], [ -108.264759605038918, 46.249524317826172 ], [ -108.264785501865617, 46.249523843196933 ], [ -108.264811399989043, 46.249523368575922 ], [ -108.264837298153054, 46.249522892149017 ], [ -108.264863196275599, 46.249522417516104 ], [ -108.264889094397773, 46.249521942877308 ], [ -108.264914992539858, 46.249521467332563 ], [ -108.264940888086969, 46.249520991753478 ], [ -108.264966786228143, 46.249520516196831 ], [ -108.264992684348414, 46.249520041534261 ], [ -108.265018582468343, 46.249519566865729 ], [ -108.265044480587704, 46.249519092191271 ], [ -108.265070380044847, 46.249518615725059 ], [ -108.265096278163398, 46.24951814103872 ], [ -108.265122173686777, 46.249517666318077 ], [ -108.265148071804447, 46.24951719161983 ], [ -108.265173969962447, 46.249516715115703 ], [ -108.265199868079193, 46.249516240405576 ], [ -108.265225766195385, 46.249515765689544 ], [ -108.265251664331586, 46.249515290067549 ], [ -108.265277561170123, 46.249514814425453 ], [ -108.265303459305414, 46.249514338791585 ], [ -108.265329357419901, 46.249513864051785 ], [ -108.265355255533834, 46.249513389306017 ], [ -108.26538115368821, 46.249512912754369 ], [ -108.265407051801333, 46.249512437996735 ], [ -108.265432949913901, 46.249511963233154 ], [ -108.26545884543151, 46.249511488435289 ], [ -108.265484743584068, 46.249511011859823 ], [ -108.265510641695386, 46.249510537078443 ], [ -108.265536539806149, 46.24951006229108 ], [ -108.265562437916458, 46.249509587497833 ], [ -108.26558833734407, 46.249509111812813 ], [ -108.2656142328794, 46.249508636079284 ], [ -108.265640131008894, 46.249508160368215 ], [ -108.265666029117398, 46.249507685551187 ], [ -108.265691927225447, 46.249507210728183 ], [ -108.26571782537404, 46.249506734099306 ], [ -108.265743723481179, 46.24950625926445 ], [ -108.265769621587864, 46.24950578442364 ], [ -108.265795518396885, 46.249505309562736 ], [ -108.26582141654356, 46.249504832910041 ], [ -108.26584731464898, 46.249504358051439 ], [ -108.26587321275386, 46.249503883186854 ], [ -108.265899110858271, 46.249503408316357 ], [ -108.265925009003226, 46.249502931639952 ], [ -108.265950904512223, 46.249502456729189 ], [ -108.265976802635734, 46.249501980940884 ], [ -108.266002700738341, 46.249501506046627 ], [ -108.266028598881476, 46.249501029346433 ], [ -108.266054496983188, 46.249500554440282 ], [ -108.26608039508443, 46.249500079528211 ], [ -108.266106294482555, 46.249499604624347 ], [ -108.266132190029253, 46.249499127872063 ], [ -108.266158088129245, 46.24949865294213 ], [ -108.266183986228683, 46.249498178006299 ], [ -108.266209884327679, 46.249497703064527 ], [ -108.266235782446742, 46.249497227216793 ], [ -108.266261680565265, 46.249496751363139 ], [ -108.266287577365674, 46.24949627638933 ], [ -108.266313475483287, 46.249495800523782 ], [ -108.26633937358001, 46.249495325552317 ], [ -108.266365271717248, 46.249494848774887 ], [ -108.266391169813076, 46.249494373791514 ], [ -108.266417067908435, 46.249493898802228 ], [ -108.266442966003453, 46.249493423806946 ], [ -108.266468861544254, 46.249492946977426 ], [ -108.266494759638249, 46.249492471970292 ], [ -108.266520657731803, 46.249491996957211 ], [ -108.266546555825002, 46.249491521938211 ], [ -108.266572453958517, 46.249491045113267 ], [ -108.266598352050707, 46.249490570082379 ], [ -108.266624248845233, 46.249490095031355 ], [ -108.266650146956948, 46.249489619088592 ], [ -108.266676045068309, 46.249489143139868 ], [ -108.266701943179115, 46.249488667185219 ], [ -108.266727841269045, 46.24948819212463 ], [ -108.26675373935862, 46.249487717058109 ], [ -108.266779637447641, 46.249487241985598 ], [ -108.266805534279854, 46.249486765093039 ], [ -108.266831432367965, 46.249486290008662 ], [ -108.266857330455721, 46.249485814918373 ], [ -108.266883228542937, 46.249485339822137 ], [ -108.266909126670555, 46.249484862919971 ], [ -108.266935024756947, 46.24948438781184 ], [ -108.266960920248181, 46.249483912669426 ], [ -108.266986818354098, 46.249483436649435 ], [ -108.267012716459476, 46.249482960623482 ], [ -108.267038614564385, 46.24948248459166 ], [ -108.267064512648517, 46.2494820094538 ], [ -108.267090410732095, 46.249481534310057 ], [ -108.267116308856174, 46.249481057360342 ], [ -108.267142205641548, 46.249480582190536 ], [ -108.267168103723861, 46.249480107028923 ], [ -108.267194001805635, 46.249479631861412 ], [ -108.267219899927795, 46.249479154887972 ], [ -108.267245798008759, 46.249478679708538 ], [ -108.267271696089168, 46.249478204523193 ], [ -108.267297594169136, 46.249477729331886 ], [ -108.267323490992254, 46.249477252320538 ], [ -108.267349389071313, 46.249476777117373 ], [ -108.267375287170438, 46.249476301008265 ], [ -108.267401185248588, 46.249475825793198 ], [ -108.267427083326268, 46.249475350572219 ], [ -108.267452981444436, 46.249474873545282 ], [ -108.267478876926702, 46.249474398284086 ], [ -108.267504775003033, 46.249473923045279 ], [ -108.267530673078923, 46.249473447800511 ], [ -108.267556571195271, 46.249472970749849 ], [ -108.267582469270252, 46.249472495493194 ], [ -108.267608367344764, 46.249472020230627 ], [ -108.267634265439355, 46.249471544062118 ], [ -108.267660162236069, 46.2494710678735 ], [ -108.26768606030933, 46.249470592593106 ], [ -108.26771195840243, 46.249470116406783 ], [ -108.267737856474696, 46.249469641114487 ], [ -108.267763754587421, 46.249469164016283 ], [ -108.267789652658777, 46.249468688712113 ], [ -108.267815549432441, 46.249468213387857 ], [ -108.267841447502875, 46.249467738071829 ], [ -108.267867345613695, 46.249467260949849 ], [ -108.267893243683318, 46.249466785621941 ], [ -108.267919141752415, 46.249466310288057 ], [ -108.267945039821043, 46.249465834948268 ], [ -108.267970937909723, 46.249465358702523 ], [ -108.26799683340333, 46.249464882422537 ], [ -108.268022731470595, 46.249464407064906 ], [ -108.268048629557811, 46.249463930801362 ], [ -108.268074527624265, 46.249463455431822 ], [ -108.268100425730992, 46.24946297825641 ], [ -108.268126323796452, 46.249462502875005 ], [ -108.268152220564232, 46.249462027473534 ], [ -108.268178118628782, 46.24946155208027 ], [ -108.268204016733776, 46.249461074881076 ], [ -108.268229914797416, 46.249460599475931 ], [ -108.268255812860616, 46.249460124064832 ], [ -108.268281710923446, 46.2494596486478 ], [ -108.268307609026522, 46.249459171424832 ], [ -108.268333505791134, 46.249458695981765 ], [ -108.268359403852514, 46.249458220546934 ], [ -108.268385301933833, 46.249457744206147 ], [ -108.268411200014796, 46.249457267859412 ], [ -108.26843709809522, 46.249456791506745 ], [ -108.268462996154867, 46.249456316048118 ], [ -108.268488891619356, 46.249455840555271 ], [ -108.268514789718907, 46.24945536328481 ], [ -108.268540687777104, 46.249454887808348 ], [ -108.268566585834847, 46.249454412325989 ], [ -108.268592506097178, 46.249454159432666 ], [ -108.268618427676856, 46.249453905647556 ], [ -108.268644346661787, 46.249453651828205 ], [ -108.268670265646477, 46.249453398002885 ], [ -108.268696187205052, 46.249453145099928 ], [ -108.268722107466161, 46.249452892176834 ], [ -108.268748026450126, 46.2494526383337 ], [ -108.268773945413443, 46.249452385384593 ], [ -108.26879986701185, 46.249452130657822 ], [ -108.268825787271993, 46.249451877710946 ], [ -108.268851706234486, 46.249451624743983 ], [ -108.268877627811861, 46.249451370899351 ], [ -108.26890354677397, 46.249451117920501 ], [ -108.268929465776537, 46.249450863135692 ], [ -108.268955387332795, 46.249450610173184 ], [ -108.268981307611782, 46.24945035629063 ], [ -108.269007226572938, 46.249450103287991 ], [ -108.26903314553384, 46.249449850279355 ], [ -108.269059067089032, 46.249449597293058 ], [ -108.269084987387544, 46.249449342486713 ], [ -108.269110906368113, 46.249449088560226 ], [ -108.269136827922566, 46.249448835556116 ], [ -108.269162746882273, 46.249448582517708 ], [ -108.269188667159341, 46.249448328587555 ], [ -108.269214588733547, 46.249448074665587 ], [ -108.269240507712922, 46.249447820709378 ], [ -108.269266426671564, 46.249447567647181 ], [ -108.269292346927358, 46.249447314593183 ], [ -108.269318268500513, 46.249447060647405 ], [ -108.269344187458515, 46.249446807567388 ], [ -108.26937010645706, 46.249446552681434 ], [ -108.269396028009098, 46.249446299617766 ], [ -108.269421946966389, 46.249446046519914 ], [ -108.269447867241112, 46.24944579253021 ], [ -108.269473788792439, 46.249445539448729 ], [ -108.269499707748992, 46.249445286332978 ], [ -108.269525626746073, 46.249445031411312 ], [ -108.269551547019745, 46.249444777397827 ], [ -108.269577468570191, 46.249444524292542 ], [ -108.269603387525777, 46.24944427115301 ], [ -108.269629306481036, 46.249444018007502 ], [ -108.269655228071528, 46.249443763084386 ], [ -108.269681148343977, 46.249443509041129 ], [ -108.269707067298611, 46.249443255877814 ], [ -108.269732988847608, 46.24944300273679 ], [ -108.269758907822023, 46.249442748661565 ], [ -108.269784828073227, 46.249442495494506 ], [ -108.269810748364961, 46.24944224052156 ], [ -108.269836668615596, 46.249441987342585 ], [ -108.269862587568767, 46.249441734143552 ], [ -108.269888507839383, 46.249441480052703 ], [ -108.26991442808928, 46.249441226855929 ], [ -108.269940348379777, 46.24944097185319 ], [ -108.269966267331995, 46.249440718630318 ], [ -108.269992188878476, 46.249440465429828 ], [ -108.270018107850575, 46.249440211295067 ], [ -108.270044028099264, 46.249439958068535 ], [ -108.270069949645119, 46.249439704850154 ], [ -108.270095868636758, 46.24943944979757 ], [ -108.270121787587527, 46.249439196539051 ], [ -108.270147707855713, 46.2494389423887 ], [ -108.270173629400503, 46.249438689146508 ], [ -108.270199548350533, 46.249438435870111 ], [ -108.270225467341064, 46.249438180787799 ], [ -108.270251388905493, 46.249437926627763 ], [ -108.270277309152107, 46.249437673347664 ], [ -108.27030322810117, 46.24943742004745 ], [ -108.270329149644525, 46.249437166769567 ], [ -108.270355068613469, 46.249436912557485 ], [ -108.270380988899745, 46.249436657453607 ], [ -108.270406907847843, 46.249436404129597 ], [ -108.270432829390316, 46.249436150827897 ], [ -108.270458748358195, 46.249435896592004 ], [ -108.270484667305567, 46.249435643250195 ], [ -108.270510588888044, 46.249435388130671 ], [ -108.270536509132143, 46.249435134791021 ], [ -108.27056242807879, 46.249434881431348 ], [ -108.270588349640079, 46.249434627193935 ], [ -108.270614268586215, 46.249434373822353 ], [ -108.270640188829447, 46.249434120458929 ], [ -108.270666107815856, 46.249433865275435 ], [ -108.2706920293558, 46.249433611914242 ], [ -108.270717948321362, 46.249433357618862 ], [ -108.270743868563528, 46.24943310423162 ], [ -108.270769790102847, 46.24943285085255 ], [ -108.270795709087935, 46.249432595639334 ], [ -108.270821628032166, 46.249432342220132 ], [ -108.270847549591124, 46.249432087923253 ], [ -108.270873469832068, 46.249431834506247 ], [ -108.270899388775575, 46.249431581069182 ], [ -108.270925310333709, 46.24943132675444 ], [ -108.270951229317433, 46.249431071505526 ], [ -108.270977148260201, 46.249430818050598 ], [ -108.27100306850005, 46.249430564603863 ], [ -108.271028990036854, 46.24943031116532 ], [ -108.271054908999247, 46.249430056792583 ], [ -108.271080827981763, 46.249429801513884 ], [ -108.271106749517841, 46.249429548057449 ], [ -108.271132669756483, 46.249429294580992 ], [ -108.27115858871781, 46.249429040184403 ], [ -108.271184510253264, 46.249428786710162 ], [ -108.271210429193857, 46.249428533201694 ], [ -108.271236349472119, 46.249428277901409 ], [ -108.271262268412244, 46.249428024381068 ], [ -108.271288189966967, 46.249427769983015 ], [ -108.271314108906594, 46.24942751645073 ], [ -108.271340029143289, 46.249427262926631 ], [ -108.271365949399978, 46.249427008496603 ], [ -108.27139186965654, 46.249426754060622 ], [ -108.271417788615551, 46.249426499604574 ], [ -108.271443710148489, 46.249426246070776 ], [ -108.271469629086653, 46.24942599250285 ], [ -108.271495549342234, 46.249425738043037 ], [ -108.271521468300179, 46.249425483563186 ], [ -108.271547389852586, 46.249425229105597 ], [ -108.271573308789797, 46.249424975513826 ], [ -108.271599229023977, 46.249424721930247 ], [ -108.271625150575559, 46.249424467454837 ], [ -108.271651069512032, 46.249424213845188 ], [ -108.271676988488963, 46.249423958429638 ], [ -108.271702910019471, 46.24942370483636 ], [ -108.271728830252542, 46.249423451223009 ], [ -108.271754749208384, 46.249423196689605 ], [ -108.271780670738167, 46.24942294307845 ], [ -108.271806589713876, 46.249422687633142 ], [ -108.271832509945966, 46.249422433995996 ], [ -108.271858428900757, 46.249422179438781 ], [ -108.271884350429673, 46.249421925803844 ], [ -108.27191026936373, 46.249421672134709 ], [ -108.271936189594754, 46.249421418473752 ], [ -108.271962109866308, 46.249421163006865 ], [ -108.271988030117186, 46.249420908433997 ], [ -108.272013949050276, 46.24942065474108 ], [ -108.272039870577728, 46.249420401070445 ], [ -108.272065789530586, 46.249420146465603 ], [ -108.272091709780582, 46.249419891868932 ], [ -108.272117628733042, 46.249419637252231 ], [ -108.272143550259429, 46.249419383557779 ], [ -108.272169469191056, 46.249419129829178 ], [ -108.2721953894401, 46.249418875208711 ], [ -108.272221310965776, 46.249418621496389 ], [ -108.272247229937349, 46.249418365949928 ], [ -108.272273148867995, 46.249418112197517 ], [ -108.272299070392947, 46.249417858467346 ], [ -108.272324990640669, 46.249417603817129 ], [ -108.272350909570605, 46.249417350046848 ], [ -108.27237682854097, 46.249417094470623 ], [ -108.272402750064927, 46.24941684071667 ], [ -108.272428670311783, 46.249416586042678 ], [ -108.272454589240766, 46.249416332248579 ], [ -108.272480510763998, 46.249416078476735 ], [ -108.272506429692484, 46.249415824670791 ], [ -108.272532348661386, 46.249415569058861 ], [ -108.272558270204229, 46.249415314369209 ], [ -108.272584190429299, 46.249415060559457 ], [ -108.272610109356805, 46.249414806729696 ], [ -108.272636028304305, 46.249414551993951 ], [ -108.272661949846281, 46.249414297280474 ], [ -108.272687870090607, 46.249414042546967 ], [ -108.272713789017146, 46.249413788693374 ], [ -108.272739710538062, 46.249413534862065 ], [ -108.272765629484354, 46.249413280096583 ], [ -108.272791549707478, 46.24941302623926 ], [ -108.272817471268226, 46.249412770590069 ], [ -108.272843390193557, 46.249412516706748 ], [ -108.272869309118633, 46.249412262817451 ], [ -108.272895230658335, 46.249412008050442 ], [ -108.272921149582928, 46.249411754149229 ], [ -108.272947069845259, 46.249411498456197 ], [ -108.272972988769368, 46.249411244543118 ], [ -108.272998910287768, 46.249410990652287 ], [ -108.273024829231716, 46.249410735827304 ], [ -108.273050749452324, 46.249410481910452 ], [ -108.273076670970084, 46.249410228001786 ], [ -108.273102589933643, 46.249409972258938 ], [ -108.273128508876525, 46.249409717410167 ], [ -108.273154430393561, 46.249409463483609 ], [ -108.273180350612947, 46.249409209537035 ], [ -108.273206269534882, 46.249408955570374 ], [ -108.273232188476896, 46.249408700697813 ], [ -108.27325811003351, 46.249408444947449 ], [ -108.273284030252029, 46.24940819097705 ], [ -108.273309949172983, 46.249407936986614 ], [ -108.27333587070855, 46.249407682118438 ], [ -108.273361789629021, 46.249407428116079 ], [ -108.273387709887118, 46.249407172321888 ], [ -108.273413630104415, 46.249406918321753 ], [ -108.27343955032147, 46.249406664315643 ], [ -108.273465469261211, 46.249406409389508 ], [ -108.273491389477783, 46.249406155371481 ], [ -108.273517309694114, 46.249405901347529 ], [ -108.273543229950747, 46.249405645517655 ], [ -108.273569148869271, 46.249405391467711 ], [ -108.273595070402408, 46.249405136540005 ], [ -108.273620989320463, 46.249404882478139 ], [ -108.273646909535572, 46.24940462842445 ], [ -108.273672831088305, 46.249404372578887 ], [ -108.273698750005622, 46.249404118499172 ], [ -108.273724668943018, 46.249403863513535 ], [ -108.273750589157075, 46.249403609436044 ], [ -108.273776510668284, 46.249403355366667 ], [ -108.273802429604956, 46.249403100363168 ], [ -108.27382834856158, 46.249402844453734 ], [ -108.273854270072079, 46.249402590366493 ], [ -108.273880190284913, 46.249402336259244 ], [ -108.273906092254322, 46.249402085548738 ], [ -108.273931995480197, 46.249401836646385 ], [ -108.273957898726039, 46.249401586838083 ], [ -108.273983801992046, 46.249401336123853 ], [ -108.274009705257711, 46.249401085403669 ], [ -108.274035608482635, 46.249400836477534 ], [ -108.274061509133006, 46.249400586617277 ], [ -108.274087412397961, 46.249400335879258 ], [ -108.274113315622159, 46.249400086935303 ], [ -108.274139217589436, 46.249399836171328 ], [ -108.274165120833359, 46.249399586315477 ], [ -108.274191024056847, 46.249399337353665 ], [ -108.274216927320609, 46.249399086585953 ], [ -108.274242830584228, 46.249398835812272 ], [ -108.274268733827228, 46.249398585932681 ], [ -108.274294637049763, 46.249398336947102 ], [ -108.274320539015349, 46.249398086141532 ], [ -108.274346442257624, 46.249397836244079 ], [ -108.27437234418214, 46.249397587226589 ], [ -108.274398246147015, 46.249397336403192 ], [ -108.274424149408873, 46.249397085587937 ], [ -108.274450052629987, 46.249396836566696 ], [ -108.274475955871054, 46.249396586639527 ], [ -108.274501859132286, 46.249396335806452 ], [ -108.274527762393191, 46.249396084967394 ], [ -108.274553665613354, 46.249395835922421 ], [ -108.274579567556259, 46.249395585957387 ], [ -108.274605470816439, 46.249395335100537 ], [ -108.274631374035891, 46.249395086037701 ], [ -108.274657277295589, 46.24939483516895 ], [ -108.274683180534851, 46.249394585194246 ], [ -108.27470908115896, 46.249394336085444 ], [ -108.274734984417961, 46.249394085198851 ], [ -108.274760887656498, 46.249393835206313 ], [ -108.274786790915115, 46.249393584307875 ], [ -108.274812692835482, 46.249393335189325 ], [ -108.274838596093616, 46.249393084278992 ], [ -108.274864499331116, 46.249392834262693 ], [ -108.274890402548181, 46.249392585140448 ], [ -108.27491630580559, 46.249392334212239 ], [ -108.274942209062672, 46.249392083278146 ], [ -108.27496811229932, 46.249391833238057 ], [ -108.274994014218024, 46.249391584077969 ], [ -108.275019921488052, 46.249391327768279 ], [ -108.275045822129357, 46.249391077682212 ], [ -108.275071725344759, 46.249390828518386 ], [ -108.275097628600392, 46.249390577548581 ], [ -108.275123531855897, 46.249390326572858 ], [ -108.275149435070475, 46.249390077391162 ], [ -108.275175338305218, 46.249389827303538 ], [ -108.275201240262689, 46.249389576295918 ], [ -108.275227143517142, 46.249389325296441 ], [ -108.275253046730867, 46.249389076090971 ], [ -108.275278949964544, 46.249388825979572 ], [ -108.275304853218373, 46.249388574962268 ], [ -108.275330756431302, 46.249388325738956 ], [ -108.275356657069736, 46.249388075581628 ], [ -108.275382560322853, 46.249387824546439 ], [ -108.275408463535157, 46.249387575305349 ], [ -108.275434366787678, 46.249387324258294 ], [ -108.275460268722483, 46.249387074091231 ], [ -108.275486171974535, 46.24938682303231 ], [ -108.275512075185887, 46.249386573767445 ], [ -108.27553797843747, 46.249386322696616 ], [ -108.275563881668617, 46.249386072519847 ], [ -108.275589784879259, 46.249385823237148 ], [ -108.275615688130117, 46.249385572148476 ], [ -108.275641590083524, 46.249385321039846 ], [ -108.275667493313634, 46.24938507083931 ], [ -108.275693393928691, 46.249384821504691 ], [ -108.275719297178696, 46.249384570392266 ], [ -108.275745200408082, 46.249384320173895 ], [ -108.275771103637339, 46.249384069949585 ], [ -108.275797006866341, 46.24938381971937 ], [ -108.275822910115295, 46.249383568583163 ], [ -108.275848813323549, 46.249383319241041 ], [ -108.275874715254432, 46.249383068978887 ], [ -108.27590061850276, 46.249382817824859 ], [ -108.275926521750748, 46.249382566664927 ], [ -108.275952424958049, 46.249382317299023 ], [ -108.275978328185388, 46.249382067027163 ], [ -108.276004231432665, 46.249381815849354 ], [ -108.276030132044625, 46.249381566437499 ], [ -108.276056035291518, 46.24938131524781 ], [ -108.276081938517805, 46.24938106495221 ], [ -108.276107841723672, 46.24938081555063 ], [ -108.276133743672546, 46.249380564329087 ], [ -108.276159646918387, 46.249380313115623 ], [ -108.276185550143808, 46.249380062796213 ], [ -108.276211453348637, 46.249379813370894 ], [ -108.276237356593853, 46.249379562139637 ], [ -108.276263259818464, 46.249379311802414 ], [ -108.276289161725359, 46.249379062345156 ], [ -108.27631506496985, 46.249378811096079 ], [ -108.27634096691672, 46.249378559826958 ], [ -108.276366868822905, 46.249378310351908 ], [ -108.276392772046407, 46.249378059984949 ], [ -108.276418675289861, 46.249377808712111 ], [ -108.276444578533173, 46.249377557433284 ], [ -108.276470481735615, 46.249377307948521 ], [ -108.276496384958165, 46.249377057557815 ], [ -108.276522288200667, 46.249376806261175 ], [ -108.276548190105174, 46.249376556744501 ], [ -108.276574093347278, 46.24937630543598 ], [ -108.276599996568791, 46.249376055021493 ], [ -108.276625899810426, 46.249375803701078 ], [ -108.276651803011191, 46.249375554174712 ], [ -108.276677703637475, 46.249375303714281 ], [ -108.276703606878385, 46.249375052376053 ], [ -108.276729510078425, 46.249374802831831 ], [ -108.276755413318867, 46.249374551481708 ], [ -108.276781315241493, 46.249374301011578 ], [ -108.276807218440823, 46.249374051449557 ], [ -108.276833121680539, 46.249373800081592 ], [ -108.276859024919929, 46.249373548707702 ], [ -108.276884928138912, 46.249373298227852 ], [ -108.27691083133729, 46.249373048642035 ], [ -108.276936734576054, 46.249372797250317 ], [ -108.276962636517268, 46.249372545838597 ], [ -108.276988538417626, 46.249372296220891 ], [ -108.277014441635416, 46.249372045711326 ], [ -108.277040343575905, 46.249371794281792 ], [ -108.277066246772861, 46.249371544660306 ], [ -108.277092149989926, 46.249371294132942 ], [ -108.277118053226928, 46.249371042699593 ], [ -108.27714395646376, 46.24937079126034 ], [ -108.277169859659764, 46.249370541615086 ], [ -108.277195761578568, 46.249370291049871 ], [ -108.277221664814689, 46.249370039592783 ], [ -108.277247568009983, 46.249369789929737 ], [ -108.277273471245621, 46.249369538460734 ], [ -108.277299374460682, 46.249369287885791 ], [ -108.277325275060733, 46.249369038176823 ], [ -108.27735117829566, 46.249368786689985 ], [ -108.277377081530361, 46.249368535197242 ], [ -108.277402984744469, 46.249368284598518 ], [ -108.277428887938171, 46.249368034893884 ], [ -108.277454789874739, 46.24936778336923 ], [ -108.277480693088222, 46.249367532752679 ], [ -108.277506596301379, 46.249367282130194 ], [ -108.277532499514379, 46.249367031501805 ], [ -108.277558402747403, 46.249366779967431 ], [ -108.277584305959834, 46.249366529327119 ], [ -108.277610207854565, 46.249366279566829 ], [ -108.277636111086764, 46.249366028014613 ], [ -108.277662013021512, 46.249365776442453 ], [ -108.277687914915518, 46.249365526664334 ], [ -108.277713818126756, 46.249365275994307 ], [ -108.277739721358088, 46.249365024418324 ], [ -108.277765624548707, 46.249364774636426 ], [ -108.27779152777947, 46.24936452304857 ], [ -108.277817430989842, 46.249364272354768 ], [ -108.277843334220137, 46.24936402075506 ], [ -108.27786923611248, 46.249363770935332 ], [ -108.277895139322041, 46.249363520223703 ], [ -108.277921042551711, 46.249363268606125 ], [ -108.277946945740652, 46.249363018782624 ], [ -108.277972846375206, 46.249362767125113 ], [ -108.277998749583801, 46.249362516389716 ], [ -108.278024652772032, 46.249362266548353 ], [ -108.278050556000409, 46.249362014901081 ], [ -108.278076459228629, 46.24936176324784 ], [ -108.278102361139062, 46.249361512474643 ], [ -108.278128264326241, 46.249361262609533 ], [ -108.278154167553737, 46.2493610109385 ], [ -108.27818007078092, 46.249360759261499 ], [ -108.278205973967459, 46.249360509378569 ], [ -108.278231877173923, 46.249360258589682 ], [ -108.27825778040048, 46.249360006894854 ], [ -108.278283682309237, 46.249359756080075 ], [ -108.278309584217652, 46.249359505259314 ], [ -108.278335487423249, 46.249359254446659 ], [ -108.278361389351531, 46.249359002714016 ], [ -108.278387292536323, 46.249358752789483 ], [ -108.27841319574118, 46.249358501958987 ], [ -108.278439098965961, 46.249358250222599 ], [ -108.278465002150128, 46.249358000280196 ], [ -108.278490905374426, 46.249357748531914 ], [ -108.278516807281036, 46.24935749766361 ], [ -108.278542710504937, 46.249357245903418 ], [ -108.278568613688051, 46.249356995937291 ], [ -108.278594516911497, 46.249356744165219 ], [ -108.278620420114365, 46.249356493287181 ], [ -108.278646320702236, 46.24935624327513 ], [ -108.278672223924943, 46.249355991485231 ], [ -108.2786981271271, 46.24935574058938 ], [ -108.278724030329101, 46.249355489687581 ], [ -108.278749933530776, 46.249355238779849 ], [ -108.278775835455221, 46.249354986952149 ], [ -108.278801738656497, 46.249354736032522 ], [ -108.278827641837225, 46.249354486006951 ], [ -108.278853545058254, 46.249354234175435 ], [ -108.278879448278957, 46.249353982338 ], [ -108.278905351459073, 46.249353732294587 ], [ -108.278931253361847, 46.249353481331191 ], [ -108.278957155284516, 46.24935322946191 ], [ -108.278983058463908, 46.249352979400705 ], [ -108.279008960386193, 46.249352727519494 ], [ -108.279034863585224, 46.24935247654637 ], [ -108.279060766804349, 46.249352224667341 ], [ -108.279086669982675, 46.249351974582318 ], [ -108.27911266139661, 46.249351724545377 ], [ -108.279112324945586, 46.249369700838329 ], [ -108.279111971629504, 46.249387676948913 ], [ -108.279111616975442, 46.249405654845432 ], [ -108.279111263638669, 46.249423631856025 ], [ -108.279110907727357, 46.249441607938593 ], [ -108.279110554390115, 46.249459584949228 ], [ -108.279110199775545, 46.249477561045865 ], [ -108.279109843823079, 46.24949553892845 ], [ -108.279109491782464, 46.249513515953176 ], [ -108.279109135869973, 46.2495314920358 ], [ -108.279108782551788, 46.249549468146512 ], [ -108.27910842791583, 46.249567445143221 ], [ -108.279108074597161, 46.249585421253954 ], [ -108.279107718643303, 46.249603399136682 ], [ -108.279107364006634, 46.249621376133426 ], [ -108.27910701068727, 46.249639352244216 ], [ -108.279106654752923, 46.249657329226984 ], [ -108.279106301433103, 46.249675305337817 ], [ -108.279105946775275, 46.249693283234599 ], [ -108.279105593454986, 46.24971125934546 ], [ -108.279105237519687, 46.249729236328285 ], [ -108.279104882901606, 46.249747212425177 ], [ -108.279104529560485, 46.249765189436062 ], [ -108.279104174901477, 46.249783167332971 ], [ -108.279103821580023, 46.249801143443904 ], [ -108.279103465643544, 46.249819120426807 ], [ -108.279103112321621, 46.249837096537796 ], [ -108.27910275770212, 46.249855072634745 ], [ -108.279102401764945, 46.249873049617705 ], [ -108.279102048401867, 46.249891027528747 ], [ -108.279101693781669, 46.249909003625753 ], [ -108.279101340438345, 46.249926980636808 ], [ -108.279100984520454, 46.249944956719816 ], [ -108.279100631176661, 46.249962933730913 ], [ -108.27910027651518, 46.249980911627979 ], [ -108.279099920596479, 46.249998887711051 ], [ -108.279099568569535, 46.250016863836244 ], [ -108.279099212630257, 46.250034840819325 ], [ -108.279098859305506, 46.250052816930527 ], [ -108.279098504642761, 46.25007079482765 ], [ -108.279098151297319, 46.250088771838861 ], [ -108.279097795377311, 46.250106747922018 ], [ -108.279097440734091, 46.250124724919246 ], [ -108.279097087408175, 46.250142701030491 ], [ -108.279096731447012, 46.250160678913716 ], [ -108.279096378100405, 46.250178655924977 ], [ -108.279096023476455, 46.250196632022281 ], [ -108.279095670149701, 46.250214608133589 ], [ -108.279095315505074, 46.25023258513091 ], [ -108.279094959583176, 46.250250561214216 ], [ -108.279094606215182, 46.25026853912555 ], [ -108.279094251569845, 46.250286516122927 ], [ -108.279093898241811, 46.250304492234321 ], [ -108.279093542298767, 46.250322469217679 ], [ -108.279093188970293, 46.250340445329144 ], [ -108.279092834303782, 46.250358423226551 ], [ -108.27909247838025, 46.25037639930995 ], [ -108.279092125030829, 46.250394376321438 ], [ -108.279091770404065, 46.250412352418913 ], [ -108.279091417054275, 46.250430329430436 ], [ -108.279091061089275, 46.250448307313874 ], [ -108.279090709056476, 46.250466283439501 ], [ -108.279090353111314, 46.250484260422986 ], [ -108.279089998483386, 46.25050223652056 ], [ -108.279089645152553, 46.250520212632154 ], [ -108.279089289206681, 46.250538189615717 ], [ -108.279088935834935, 46.250556167527321 ], [ -108.279088581206068, 46.250574143624938 ], [ -108.279088227854075, 46.250592120636611 ], [ -108.279087871927487, 46.250610096720273 ], [ -108.279087517277688, 46.250628073717905 ], [ -108.279087163904876, 46.250646051629637 ], [ -108.279086807977478, 46.250664027713299 ], [ -108.279086454644542, 46.250682003825055 ], [ -108.279086099993904, 46.250699980822787 ], [ -108.279085746660499, 46.250717956934565 ], [ -108.279085391989071, 46.250735934832349 ], [ -108.279085036040371, 46.250753911816098 ], [ -108.279084682706269, 46.250771887927918 ], [ -108.279084328054353, 46.250789864925736 ], [ -108.279083974719782, 46.250807841037606 ], [ -108.279083618749922, 46.250825818921392 ], [ -108.279083265414883, 46.250843795033319 ], [ -108.279082910762028, 46.250861772031179 ], [ -108.279082554831916, 46.250879748115075 ], [ -108.279082201475944, 46.250897725126983 ], [ -108.279081846842715, 46.25091570122494 ], [ -108.279081493466052, 46.250933679136899 ], [ -108.27908113751468, 46.250951656120826 ], [ -108.279080785475344, 46.250969632246871 ], [ -108.279080429523603, 46.25098760923084 ], [ -108.279080074889094, 46.251005585328848 ], [ -108.279079721511266, 46.251023563240913 ], [ -108.279079365579037, 46.251041539324916 ], [ -108.279079012220961, 46.251059516337023 ], [ -108.279078657585515, 46.251077492435101 ], [ -108.27907830422707, 46.251095469447229 ], [ -108.279077948253359, 46.251113447331271 ], [ -108.279077593617203, 46.251131423429392 ], [ -108.279077240258047, 46.251149400441591 ], [ -108.279076884324084, 46.251167376525714 ], [ -108.279076532281948, 46.251185352651973 ], [ -108.279076176327393, 46.251203329636141 ], [ -108.279075821649627, 46.25122130753433 ], [ -108.279075468309429, 46.251239283646569 ], [ -108.27907511235415, 46.251257260630787 ], [ -108.279074759013497, 46.251275236743069 ], [ -108.279074404355015, 46.251293213741356 ], [ -108.279074050973421, 46.251311191653649 ], [ -108.279073695037454, 46.25132916773795 ], [ -108.279073340398483, 46.25134714383627 ], [ -108.279072987036528, 46.251365120848639 ], [ -108.279072631099737, 46.251383096932955 ], [ -108.279072277716978, 46.25140107484534 ], [ -108.279071923056947, 46.251419051843719 ], [ -108.279071569714191, 46.251437027956158 ], [ -108.279071215053591, 46.251455004954579 ], [ -108.27907085911572, 46.251472981039015 ], [ -108.279070505772253, 46.251490957151496 ], [ -108.279070151090735, 46.251508935049941 ], [ -108.279069797726564, 46.251526912062459 ], [ -108.279069441787769, 46.251544888146931 ], [ -108.279069088423128, 46.251562865159478 ], [ -108.279068733781216, 46.251580841258018 ], [ -108.279068377801153, 46.251598819142536 ], [ -108.279068024435816, 46.251616796155147 ], [ -108.279067669793193, 46.251634772253716 ], [ -108.279067316447623, 46.251652748366347 ], [ -108.279066960486844, 46.251670725350934 ], [ -108.279066608397713, 46.251688703277608 ], [ -108.279066252456801, 46.251706679362243 ], [ -108.279065897792691, 46.251724656360878 ], [ -108.279065544445928, 46.251742632473622 ], [ -108.279065188484083, 46.251760609458252 ], [ -108.279064835096406, 46.251778587371021 ], [ -108.279064480451581, 46.251796563469739 ], [ -108.279064127103993, 46.251814539582519 ], [ -108.279063771141111, 46.251832516567241 ], [ -108.279063416495674, 46.251850492666016 ], [ -108.279063063127055, 46.25186846967884 ], [ -108.27906270714324, 46.251886447563635 ], [ -108.279062353794387, 46.251904423676478 ], [ -108.279061999127791, 46.251922400675319 ], [ -108.279061645778455, 46.251940376788205 ], [ -108.27906129111129, 46.251958353787082 ], [ -108.279060935126395, 46.251976331671933 ], [ -108.279060581776363, 46.251994307784869 ], [ -108.279060227128738, 46.252012283883829 ], [ -108.279059873758101, 46.252030260896767 ], [ -108.279059517812627, 46.252048236981715 ], [ -108.279059164421213, 46.25206621489469 ], [ -108.279058809752499, 46.252084191893701 ], [ -108.279058453806314, 46.252102167978656 ], [ -108.279058100434426, 46.252120144991707 ], [ -108.279057745785238, 46.252138121090745 ], [ -108.279057392433089, 46.252156097203866 ], [ -108.279057037742902, 46.252174075102893 ], [ -108.279056684370062, 46.25219205211603 ], [ -108.27905632842257, 46.252210028201098 ], [ -108.279055973751881, 46.252228005200209 ], [ -108.27905562039858, 46.252245981313372 ], [ -108.279055264409919, 46.25226395919848 ], [ -108.279054911035914, 46.252281936211666 ], [ -108.279054556384622, 46.25229991231086 ], [ -108.27905420303037, 46.252317888424109 ], [ -108.279053847060894, 46.252335865409293 ], [ -108.279053492368462, 46.252353843308505 ], [ -108.279053139013513, 46.252371819421796 ], [ -108.27905278304334, 46.252389796407016 ], [ -108.279052430985303, 46.252407772534362 ], [ -108.279052075014761, 46.252425749519624 ], [ -108.279051721618416, 46.252443727432947 ], [ -108.279051366964907, 46.252461703532298 ], [ -108.279051011013891, 46.252479679617608 ], [ -108.279050657637072, 46.252497656631 ], [ -108.279050302982967, 46.252515632730379 ], [ -108.279049949605678, 46.2525336097438 ], [ -108.279049593613166, 46.252551587629171 ], [ -108.279049240255645, 46.252569563742647 ], [ -108.279048885580366, 46.252587540742056 ], [ -108.279048529627602, 46.252605516827515 ], [ -108.279048176269384, 46.252623492941019 ], [ -108.279047821573172, 46.252641470840487 ], [ -108.27904746819425, 46.252659447854029 ], [ -108.279047113537928, 46.252677423953543 ], [ -108.279046760158636, 46.25269540096712 ], [ -108.27904640420445, 46.25271337705265 ], [ -108.279046049506988, 46.252731354952232 ], [ -108.279045696127, 46.252749331965852 ], [ -108.279045340172118, 46.252767308051411 ], [ -108.279044986811783, 46.252785284165071 ], [ -108.27904463213369, 46.252803261164701 ], [ -108.279044278772886, 46.252821237278361 ], [ -108.279043922776609, 46.252839215164023 ], [ -108.279043568097819, 46.252857192163674 ], [ -108.279043214736305, 46.252875168277434 ], [ -108.279042860056947, 46.25289314527712 ], [ -108.279042506694978, 46.252911121390902 ], [ -108.27904215069762, 46.252929099276614 ], [ -108.279041797335182, 46.252947075390416 ], [ -108.279041442654972, 46.252965052390181 ], [ -108.279041086697276, 46.252983028475931 ], [ -108.279040733293684, 46.253001006389802 ], [ -108.279040378612777, 46.253018983389651 ], [ -108.279040025249174, 46.253036959503511 ], [ -108.27903966927029, 46.253054936489356 ], [ -108.279039315865859, 46.253072914403234 ], [ -108.279038961204137, 46.253090890503117 ], [ -108.279038607819359, 46.253108867517071 ], [ -108.279038253157182, 46.25312684361699 ], [ -108.279037899751813, 46.253144821530974 ], [ -108.279037543791759, 46.253162797616909 ], [ -108.279037189108649, 46.253180774616872 ], [ -108.279036835743014, 46.253198750730888 ], [ -108.279036479741819, 46.253216728616842 ], [ -108.279036126355393, 46.253234705630909 ], [ -108.279035771691667, 46.253252681730977 ], [ -108.279035418304773, 46.253270658745024 ], [ -108.27903506230264, 46.253288636631083 ], [ -108.279034708935612, 46.253306612745206 ], [ -108.279034354270848, 46.253324588845288 ], [ -108.27903400088303, 46.253342565859448 ], [ -108.279033646177339, 46.253360543759555 ], [ -108.279033290214556, 46.253378519845718 ], [ -108.279032936826042, 46.253396496859907 ], [ -108.279032582160198, 46.253414472960074 ], [ -108.279032228750992, 46.253432450874307 ], [ -108.27903187276695, 46.253450427860479 ], [ -108.279031519397719, 46.253468403974736 ], [ -108.27903116469048, 46.253486381875014 ], [ -108.27903081132078, 46.2535043579893 ], [ -108.279030455335899, 46.253522334975557 ], [ -108.279030100668308, 46.253540311075845 ], [ -108.279029747257468, 46.253558288990163 ], [ -108.279029391271877, 46.253576265976456 ], [ -108.27902903919842, 46.253594242104867 ], [ -108.27902868321226, 46.253612219091195 ], [ -108.279028329800468, 46.25363019700562 ], [ -108.279027975131569, 46.253648173106008 ], [ -108.279027621759766, 46.253666149220443 ], [ -108.279027265772669, 46.253684126206849 ], [ -108.279026912360038, 46.253702104121281 ], [ -108.279026557690116, 46.253720080221761 ], [ -108.279026201702322, 46.253738057208174 ], [ -108.279025848329425, 46.253756033322738 ], [ -108.279025493618335, 46.253774011223221 ], [ -108.279025140224675, 46.253791988237772 ], [ -108.279024784256251, 46.253809964324276 ], [ -108.279024432179753, 46.253827940452894 ], [ -108.279024076170316, 46.253845918339437 ], [ -108.279023722775705, 46.253863895354058 ], [ -108.279023368103779, 46.253881871454652 ], [ -108.279023014708685, 46.253899848469302 ], [ -108.27902265869831, 46.253917826355888 ], [ -108.279022304025673, 46.253935802456546 ], [ -108.279021950629883, 46.253953779471225 ], [ -108.279021594659355, 46.25397175555787 ], [ -108.279021241242873, 46.253989733472622 ], [ -108.279020886569199, 46.25400770957333 ], [ -108.279020533172471, 46.254025686588108 ], [ -108.279020177160561, 46.254043664474779 ], [ -108.279019825081022, 46.254061640603595 ], [ -108.279019469088752, 46.254079617590357 ], [ -108.279019115711321, 46.254097593705175 ], [ -108.279018760995882, 46.254115571605993 ], [ -108.279018405002901, 46.254133548592797 ], [ -108.279018051624874, 46.254151524707673 ], [ -108.279017696949083, 46.254169500808516 ], [ -108.279017343530029, 46.254187478723438 ], [ -108.27901698753621, 46.254205455710263 ], [ -108.279016634157145, 46.25422343182521 ], [ -108.279016279460194, 46.254241408826118 ], [ -108.279015926040202, 46.25425938674109 ], [ -108.279015571363104, 46.254277362842046 ], [ -108.279015217962865, 46.254295339857052 ], [ -108.279014861987775, 46.25431331594401 ], [ -108.279014507269522, 46.25433129384502 ], [ -108.279014153888809, 46.254349269960073 ], [ -108.279013797892787, 46.254367246947062 ], [ -108.279013444511705, 46.254385223062137 ], [ -108.279013089792414, 46.254403200963196 ], [ -108.279012736390541, 46.254421177978301 ], [ -108.279012380413903, 46.254439154065373 ], [ -108.279012027011561, 46.254457131080521 ], [ -108.279011672291333, 46.254475108981623 ], [ -108.279011316313984, 46.254493085068781 ], [ -108.27901096422859, 46.254511061198002 ], [ -108.279010608210228, 46.254529039085121 ], [ -108.279010254806721, 46.254547016100354 ], [ -108.279009900125857, 46.254564992201558 ], [ -108.27900954672188, 46.254582969216813 ], [ -108.279009190702666, 46.254600947104031 ], [ -108.279008837318457, 46.254618923219319 ], [ -108.279008482616334, 46.254636900220596 ], [ -108.279008129231642, 46.254654876335906 ], [ -108.27900777321149, 46.254672854223173 ], [ -108.27900741850867, 46.25469083122448 ], [ -108.279007065123281, 46.254708807339853 ], [ -108.279006709142877, 46.254726783427202 ], [ -108.279006357013998, 46.254744761356612 ], [ -108.279006001012817, 46.254762738343977 ], [ -108.279005647626576, 46.2547807144594 ], [ -108.279005292922349, 46.25479869146082 ], [ -108.279004939495096, 46.254816669376268 ], [ -108.27900458351327, 46.254834645463703 ], [ -108.279004230105798, 46.254852622479177 ], [ -108.279003875420855, 46.254870598580681 ], [ -108.279003519397889, 46.254888576468133 ], [ -108.279003166009915, 46.254906552583677 ], [ -108.279002811304039, 46.254924529585203 ], [ -108.27900245791561, 46.254942505700768 ], [ -108.279002101891692, 46.25496048358832 ], [ -108.279001749780008, 46.254978460617963 ], [ -108.27900139379598, 46.254996436705518 ], [ -108.279001040386476, 46.255014413721163 ], [ -108.279000685658971, 46.255032391622748 ], [ -108.279000332269135, 46.255050367738434 ], [ -108.278999976284254, 46.255068343826089 ], [ -108.278999621556054, 46.255086321727738 ], [ -108.278999268145284, 46.255104298743461 ], [ -108.278998912159707, 46.25512227483113 ], [ -108.278998558748469, 46.255140251846875 ], [ -108.278998204019317, 46.255158229748602 ], [ -108.278997850627832, 46.255176205864373 ], [ -108.278997494621095, 46.255194182852122 ], [ -108.278997142526592, 46.255212158981962 ], [ -108.278996786499164, 46.25523013686972 ], [ -108.278996431809304, 46.25524811297155 ], [ -108.278996078396418, 46.25526608998743 ], [ -108.278995722408723, 46.255284066075234 ], [ -108.278995368975146, 46.255302043991129 ], [ -108.278995014264112, 46.255320020992983 ], [ -108.278994660870538, 46.255337997108938 ], [ -108.278994304861669, 46.255355974096787 ], [ -108.278993951427168, 46.255373952012768 ], [ -108.278993596735418, 46.25539192811469 ], [ -108.278993243340992, 46.255409904230682 ], [ -108.2789928873311, 46.255427881218637 ], [ -108.278992532598281, 46.255445859120634 ], [ -108.278992179203058, 46.255463835236661 ], [ -108.278991824489921, 46.255481812238706 ], [ -108.27899147109423, 46.255499788354754 ], [ -108.278991115063022, 46.255517766242747 ], [ -108.278990761646639, 46.255535743258861 ], [ -108.278990406952786, 46.255553719360954 ], [ -108.278990053515685, 46.255571697277077 ], [ -108.278989697524011, 46.255589673365172 ], [ -108.278989344106691, 46.255607650381343 ], [ -108.278988989411886, 46.255625626483472 ], [ -108.278988633379043, 46.255643604371599 ], [ -108.278988281258464, 46.255661581401853 ], [ -108.278987925265611, 46.255679557489998 ], [ -108.278987571847097, 46.255697534506261 ], [ -108.278987217110696, 46.2557155124085 ], [ -108.27898686371195, 46.255733488524768 ], [ -108.278986507718145, 46.255751464612985 ], [ -108.278986154298707, 46.255769441629305 ], [ -108.278985799561354, 46.255787419531586 ], [ -108.27898544616167, 46.255805395647947 ], [ -108.278985090146705, 46.2558233726362 ], [ -108.2789847354491, 46.255841348738571 ], [ -108.27898438200836, 46.255859326654928 ], [ -108.278984025992585, 46.255877303643281 ], [ -108.278983673889201, 46.255895279773718 ], [ -108.278983317893292, 46.255913255862097 ], [ -108.278982964451515, 46.255931233778554 ], [ -108.278982609732267, 46.255949210781004 ], [ -108.27898225633048, 46.255967186897472 ], [ -108.278981900313397, 46.25598516388591 ], [ -108.278981546870696, 46.256003141802402 ], [ -108.278981192170747, 46.256021117904893 ], [ -108.278980836152954, 46.256039094893389 ], [ -108.278980482749986, 46.256057071009934 ], [ -108.278980128008982, 46.256075048912493 ], [ -108.278979774605546, 46.256093025029081 ], [ -108.278979418586729, 46.256111002017633 ], [ -108.278979066439845, 46.256128979948265 ], [ -108.278978710440882, 46.256146956036844 ], [ -108.278978357016285, 46.256164933053505 ], [ -108.278978002314219, 46.25618290915618 ], [ -108.278977646274086, 46.256200887044784 ], [ -108.278977292848793, 46.256218864061495 ], [ -108.278976938146016, 46.256236840164171 ], [ -108.27897658474059, 46.256254816280894 ], [ -108.27897622869942, 46.256272794169611 ], [ -108.27897587527319, 46.256290771186329 ], [ -108.278975520569574, 46.256308747289104 ], [ -108.278975167142875, 46.256326724305914 ], [ -108.278974811100767, 46.256344702194646 ], [ -108.278974458991314, 46.256362678325509 ], [ -108.278974102969059, 46.256380655314288 ], [ -108.278973748264164, 46.256398631417113 ], [ -108.278973394816077, 46.256416609334003 ], [ -108.278973038813348, 46.256434585422824 ], [ -108.278972685385, 46.25645256243974 ], [ -108.278972330679181, 46.256470538542636 ], [ -108.278971977230242, 46.256488516459548 ], [ -108.278971621206253, 46.256506493448448 ], [ -108.278971267797203, 46.25652446956542 ], [ -108.27897091307031, 46.256542446568375 ], [ -108.278970559620348, 46.2565604244854 ], [ -108.278970204549026, 46.256578416788265 ], [ -108.278969851870144, 46.256596418119138 ], [ -108.278969497162436, 46.256614394222161 ], [ -108.278969143731857, 46.256632371239228 ], [ -108.278968787726214, 46.256650347328268 ], [ -108.278968434295052, 46.256668324345334 ], [ -108.278968079546061, 46.256686302248433 ], [ -108.278967726134681, 46.256704278365554 ], [ -108.278967370128086, 46.256722254454637 ], [ -108.2789670166961, 46.256740231471817 ], [ -108.27896666198653, 46.256758207574947 ], [ -108.278966308553976, 46.256776184592148 ], [ -108.278965955141416, 46.25679416070934 ], [ -108.278965600411013, 46.256812137712544 ], [ -108.278965246997984, 46.256830113829814 ], [ -108.278964890989741, 46.256848089919004 ], [ -108.278964537535799, 46.256866067836249 ], [ -108.278964182804444, 46.256884044839524 ], [ -108.278963829390491, 46.256902020956808 ], [ -108.278963473361188, 46.256919997946071 ], [ -108.278963119946752, 46.256937974063405 ], [ -108.278962765214374, 46.256955951066722 ], [ -108.278962411799469, 46.256973927184085 ], [ -108.278962057086943, 46.256991903287471 ], [ -108.278961703651348, 46.257009880304828 ], [ -108.278961350235747, 46.257027856422276 ], [ -108.278960994204695, 46.257045833411645 ], [ -108.278960640748267, 46.257063811329076 ], [ -108.278960286034476, 46.25708178743249 ], [ -108.278959932597701, 46.257099764449968 ], [ -108.278959576586047, 46.2571177405394 ], [ -108.278959223169039, 46.25713571665694 ], [ -108.278958868434074, 46.257153693660399 ], [ -108.278958515016598, 46.257171669777968 ], [ -108.278958160281263, 46.257189646781455 ], [ -108.278957806863318, 46.25720762289906 ], [ -108.278957453424923, 46.257225599916652 ], [ -108.278957097411606, 46.257243576006189 ], [ -108.278956743952506, 46.257261553923783 ], [ -108.278956389236129, 46.25727953002739 ], [ -108.278956035796782, 46.257297507045045 ], [ -108.278955679782527, 46.257315483134676 ], [ -108.278955326342725, 46.257333460152317 ], [ -108.27895497162541, 46.257351436256009 ], [ -108.278954618185139, 46.257369413273693 ], [ -108.278954263467455, 46.257387389377421 ], [ -108.278953910046923, 46.257405365495153 ], [ -108.278953554011039, 46.257423342484863 ], [ -108.278953200549594, 46.25744132040262 ], [ -108.278952847128366, 46.257459296520395 ], [ -108.278952492389195, 46.257477273524181 ], [ -108.278952138967497, 46.257495249641998 ], [ -108.278951782930434, 46.257513226631772 ], [ -108.278951429508282, 46.257531202749668 ], [ -108.278951074788381, 46.257549178853495 ], [ -108.278950721345637, 46.257567155871385 ], [ -108.278950365327745, 46.257585131961214 ], [ -108.278950013181941, 46.257603108993166 ], [ -108.278949657163693, 46.257621085083038 ], [ -108.278949303699676, 46.257639063000958 ], [ -108.278948950255653, 46.257657040018927 ], [ -108.278948595534118, 46.257675016122867 ], [ -108.278948242089626, 46.257692993140857 ], [ -108.278947886070199, 46.257710969230857 ], [ -108.278947532645461, 46.257728945348873 ], [ -108.27894717790285, 46.257746922352879 ], [ -108.278946824477657, 46.257764898470924 ], [ -108.27894646843697, 46.257782875460947 ], [ -108.278946116308816, 46.257800851593068 ], [ -108.278945760247524, 46.257818829483078 ], [ -108.278945406801157, 46.257836806501196 ], [ -108.278945053374798, 46.257854782619347 ], [ -108.278944698650676, 46.257872758723479 ], [ -108.278944345203698, 46.257890735741618 ], [ -108.278943989181585, 46.257908711831774 ], [ -108.278943635734052, 46.257926688849977 ], [ -108.278943281009091, 46.257944664954152 ], [ -108.27894292756109, 46.257962641972384 ], [ -108.278942571538053, 46.257980618062561 ], [ -108.278942219407313, 46.257998594194859 ], [ -108.278941863343448, 46.258016572085076 ], [ -108.278941509894508, 46.258034549103343 ], [ -108.278941155168042, 46.258052525207653 ], [ -108.278940801718733, 46.258070502225948 ], [ -108.278940448289305, 46.258088478344312 ], [ -108.278940092244397, 46.258106455334605 ], [ -108.278939738814501, 46.258124431452963 ], [ -108.278939384086968, 46.258142407557315 ], [ -108.27893903063638, 46.258160384575724 ], [ -108.278938674610856, 46.258178360666079 ], [ -108.278938322437014, 46.258196338598559 ], [ -108.278937966390785, 46.258214315588916 ], [ -108.278937612959481, 46.258232291707401 ], [ -108.278937258210306, 46.258250268711826 ], [ -108.278936904778547, 46.258268244830347 ], [ -108.278936551346561, 46.25828622094884 ], [ -108.278936195299053, 46.258304197939324 ], [ -108.278935841866684, 46.258322174057859 ], [ -108.278935487116243, 46.258340151062384 ], [ -108.278935133683319, 46.258358127180955 ], [ -108.278934777634973, 46.258376104171496 ], [ -108.278934425458644, 46.258394082104104 ], [ -108.278934069429965, 46.258412058194679 ], [ -108.278933715996104, 46.258430034313328 ], [ -108.278933361244341, 46.258448011317952 ], [ -108.278933007810011, 46.258465987436608 ], [ -108.278932651760158, 46.258483964427235 ], [ -108.278932298325458, 46.258501940545926 ], [ -108.27893194487018, 46.258519917564648 ], [ -108.27893159013739, 46.258537893669327 ], [ -108.278931236701879, 46.258555869788076 ], [ -108.278930880650947, 46.258573846778781 ], [ -108.278930528472046, 46.258591824711601 ], [ -108.278930172440781, 46.258609800802319 ], [ -108.278929818984111, 46.258627777821125 ], [ -108.278929464249998, 46.258645753925926 ], [ -108.278929110792859, 46.258663730944768 ], [ -108.278928754760756, 46.258681707035556 ], [ -108.27892840132337, 46.258699683154411 ], [ -108.278928047865534, 46.258717660173296 ], [ -108.278927693130157, 46.258735636278168 ], [ -108.278927339671839, 46.258753613297081 ], [ -108.278926983598097, 46.258771591187937 ], [ -108.27892663015956, 46.25878956730692 ], [ -108.278926275403009, 46.25880754431185 ], [ -108.278925921964088, 46.25882552043084 ], [ -108.278925567227304, 46.258843496535789 ], [ -108.278925213767579, 46.258861473554802 ], [ -108.278924857732889, 46.258879449645761 ], [ -108.278924504272709, 46.258897426664788 ], [ -108.278924149534973, 46.258915402769823 ], [ -108.278923796074324, 46.258933379788907 ], [ -108.278923442633669, 46.258951355907975 ], [ -108.278923086557342, 46.258969333799044 ], [ -108.278922733116218, 46.258987309918162 ], [ -108.278922378357194, 46.259005286923248 ], [ -108.278922024915602, 46.259023263042401 ], [ -108.278921670155995, 46.259041240047544 ], [ -108.278921316713934, 46.259059216166712 ], [ -108.278920960656421, 46.259077193157843 ], [ -108.278920607213891, 46.259095169277053 ], [ -108.278920252453361, 46.259113146282267 ], [ -108.278919899010361, 46.259131122401499 ], [ -108.278919545526762, 46.259149100320769 ], [ -108.278919189488221, 46.25916707641197 ], [ -108.278918836024289, 46.259185053431281 ], [ -108.278918481282901, 46.259203029536543 ], [ -108.278918127818514, 46.259221006555876 ], [ -108.278917773076557, 46.259238982661167 ], [ -108.278917419611687, 46.259256959680513 ], [ -108.278917063571825, 46.259274935771828 ], [ -108.278916710126708, 46.259292911891208 ], [ -108.278916355363606, 46.259310888896572 ], [ -108.27891600191812, 46.259328865016009 ], [ -108.278915648431862, 46.259346842935408 ], [ -108.278915292370485, 46.259364819926809 ], [ -108.278914938924203, 46.25938279604626 ], [ -108.27891458416002, 46.259400773051716 ], [ -108.278914230713283, 46.259418749171189 ], [ -108.278913875968755, 46.259436725276672 ], [ -108.278913522501298, 46.25945470229621 ], [ -108.27891316645885, 46.259472678387674 ], [ -108.278912812990939, 46.259490655407234 ], [ -108.278912458245571, 46.259508631512766 ], [ -108.278912104756955, 46.259526609432356 ], [ -108.278911748693233, 46.2595445864239 ], [ -108.27891139524462, 46.259562562543508 ], [ -108.278911041795865, 46.259580538663144 ], [ -108.278910687028997, 46.259598515668756 ], [ -108.278910333579674, 46.259616491788414 ], [ -108.278909978812337, 46.259634468794076 ], [ -108.278909625362644, 46.259652444913755 ], [ -108.278909269297273, 46.259670421905398 ], [ -108.278908915847026, 46.259688398025112 ], [ -108.278908561099072, 46.259706374130857 ], [ -108.278908207607884, 46.259724352050583 ], [ -108.278907851541589, 46.259742329042304 ], [ -108.27890749809049, 46.259760305162089 ], [ -108.278907144618827, 46.259778282181891 ], [ -108.278906789869609, 46.259796258287658 ], [ -108.278906436397477, 46.259814235307509 ], [ -108.278906081647889, 46.259832211413325 ], [ -108.278905728195511, 46.25985018753321 ], [ -108.278905372127568, 46.25986816452501 ], [ -108.278905018674735, 46.259886140644916 ], [ -108.278904663903973, 46.259904117650798 ], [ -108.278904310410212, 46.259922095570715 ], [ -108.278903954361553, 46.259940071662569 ], [ -108.278903600887645, 46.259958048682542 ], [ -108.278903246136082, 46.259976024788472 ], [ -108.278902892681842, 46.259994000908456 ], [ -108.278902539207138, 46.260011977928457 ], [ -108.278902184454964, 46.260029954034472 ], [ -108.278901830979791, 46.26004793105448 ], [ -108.278901474929498, 46.260065907146505 ], [ -108.278901121453941, 46.260083884166534 ], [ -108.278900766660271, 46.260101862072602 ], [ -108.278900413204397, 46.260119838192693 ], [ -108.278900057153251, 46.260137814284732 ], [ -108.278899703676672, 46.260155791304854 ], [ -108.278899348922522, 46.260173767410961 ], [ -108.278898995445488, 46.260191744431118 ], [ -108.278898641988434, 46.260209720551323 ], [ -108.278898287213451, 46.260227697557454 ], [ -108.278897933755928, 46.26024567367768 ], [ -108.278897577662576, 46.260263651569829 ], [ -108.278897224204684, 46.260281627690048 ], [ -108.278896869428678, 46.260299604696264 ], [ -108.278896515970217, 46.260317580816519 ], [ -108.278896159896249, 46.260335557808745 ], [ -108.278895806437319, 46.260353533929049 ], [ -108.278895451640139, 46.260371511835338 ], [ -108.278895098160518, 46.260389488855658 ], [ -108.278894742105848, 46.260407464947939 ], [ -108.278894389943559, 46.260425441082326 ], [ -108.278894033868085, 46.26044341807463 ], [ -108.278893680407847, 46.260461394195019 ], [ -108.278893325629497, 46.260479371201406 ], [ -108.278892972128233, 46.260497349121799 ], [ -108.278892616072142, 46.2605153252142 ], [ -108.278892262590659, 46.260533302234613 ], [ -108.278891907831579, 46.260551278341083 ], [ -108.278891554369835, 46.260569254461558 ], [ -108.278891198292584, 46.260587231453989 ], [ -108.278890844789927, 46.260605209374482 ], [ -108.278890491327488, 46.260623185495007 ], [ -108.278890136547105, 46.260641162501514 ], [ -108.27888978308421, 46.26065913862211 ], [ -108.278889428303259, 46.260677115628631 ], [ -108.278889074839881, 46.260695091749234 ], [ -108.278888718760982, 46.260713068741744 ], [ -108.278888365256677, 46.260731046662379 ], [ -108.278888010495024, 46.260749022768977 ], [ -108.278887657030708, 46.260766998889629 ], [ -108.278887300950871, 46.260784975882231 ], [ -108.2788869474861, 46.260802952002912 ], [ -108.278886592703373, 46.260820929009576 ], [ -108.278886239197661, 46.26083890693031 ], [ -108.278885884434601, 46.260856883036979 ], [ -108.278885530948642, 46.260874860057747 ], [ -108.278885174887634, 46.260892836150425 ], [ -108.278884821421443, 46.260910812271192 ], [ -108.278884466637209, 46.260928789277948 ], [ -108.278884113170562, 46.260946765398749 ], [ -108.27888375706813, 46.260964743291517 ], [ -108.278883403580792, 46.26098272031232 ], [ -108.278883050113436, 46.261000696433214 ], [ -108.278882695328122, 46.261018673440049 ], [ -108.27888234186031, 46.261036649560914 ], [ -108.278881985797071, 46.261054625653749 ], [ -108.278881633585911, 46.26107260358868 ], [ -108.278881277502066, 46.261090580581531 ], [ -108.278880924033302, 46.261108556702503 ], [ -108.278880569246496, 46.261126533709401 ], [ -108.278880215777363, 46.261144509830402 ], [ -108.278879859692481, 46.261162486823302 ], [ -108.278879506222779, 46.261180462944324 ], [ -108.278879151414898, 46.261198440851295 ], [ -108.278878797944742, 46.261216416972331 ], [ -108.278878441858922, 46.261234393965317 ], [ -108.278878088388396, 46.261252370086382 ], [ -108.278877733599685, 46.261270347093429 ], [ -108.278877380128591, 46.261288323214515 ], [ -108.278877025319204, 46.261306301121621 ], [ -108.278876671827504, 46.261324278142752 ], [ -108.278876315760499, 46.261342254235807 ], [ -108.278875962288453, 46.261360230356949 ], [ -108.278875607498463, 46.26137820736411 ], [ -108.278875254025948, 46.261396183485289 ], [ -108.278874900532983, 46.26141416050649 ], [ -108.27887454442444, 46.261432138399627 ], [ -108.278874190951242, 46.261450114520898 ], [ -108.278873836159974, 46.261468091528123 ], [ -108.278873482686294, 46.261486067649379 ], [ -108.278873127914878, 46.261504043756617 ], [ -108.278872774420506, 46.261522020777917 ], [ -108.278872418310456, 46.26153999867114 ], [ -108.278872064835838, 46.261557974792488 ], [ -108.278871710043262, 46.261575951799777 ], [ -108.27887135656816, 46.261593927921162 ], [ -108.278871000477508, 46.261611904914446 ], [ -108.278870647001966, 46.261629881035851 ], [ -108.278870292228575, 46.261647857143217 ], [ -108.278869938712091, 46.261665835064619 ], [ -108.278869582620501, 46.261683812057989 ], [ -108.2788692304416, 46.261701788193449 ], [ -108.278868874349456, 46.261719765186868 ], [ -108.278868520872493, 46.26173774130833 ], [ -108.278868166077558, 46.261755718315804 ], [ -108.278867812559668, 46.261773696237313 ], [ -108.278867456486893, 46.26179167233078 ], [ -108.278867103009006, 46.261809648452321 ], [ -108.278866749510641, 46.26182762547387 ], [ -108.278866394734678, 46.261845601581406 ], [ -108.278866041235844, 46.261863578602998 ], [ -108.27886568516189, 46.261881554696537 ], [ -108.278865332939972, 46.261899532632185 ], [ -108.278864976845227, 46.261917509625754 ], [ -108.278864623365791, 46.261935485747401 ], [ -108.278864268588407, 46.261953461855022 ], [ -108.278863915088181, 46.261971438876706 ], [ -108.278863559012819, 46.261989414970323 ], [ -108.278863205491888, 46.262007392892045 ], [ -108.278862850693343, 46.262025369899717 ], [ -108.278862497212401, 46.262043346021478 ], [ -108.278862141115866, 46.262061323015125 ], [ -108.278861787634469, 46.262079299136936 ], [ -108.278861432855209, 46.262097275244678 ], [ -108.27886107933297, 46.262115253166463 ], [ -108.278860724533004, 46.262133230174236 ], [ -108.278860371050669, 46.262151206296075 ], [ -108.278860014952727, 46.262169183289842 ], [ -108.278859661469909, 46.26218715941171 ], [ -108.278859307966627, 46.262205136433579 ], [ -108.278858953185733, 46.262223112541463 ], [ -108.278858599661746, 46.262241090463355 ], [ -108.27885824358286, 46.262259066557206 ], [ -108.278857890078655, 46.262277043579147 ], [ -108.278857535296808, 46.262295019687059 ], [ -108.278857181792233, 46.262312996709035 ], [ -108.278856827009918, 46.262330972816983 ], [ -108.278856473484538, 46.262348950738968 ], [ -108.278856117384009, 46.262366927732948 ], [ -108.278855763898619, 46.262384903854965 ], [ -108.278855409115366, 46.26240287996297 ], [ -108.278855055609284, 46.262420856985024 ], [ -108.27885469952804, 46.262438833079052 ], [ -108.27885434602149, 46.262456810101121 ], [ -108.27885399119684, 46.262474788009165 ], [ -108.278853637710142, 46.262492764131323 ], [ -108.278853281607638, 46.262510741125361 ], [ -108.278852929417994, 46.262528717261567 ], [ -108.278852573335342, 46.262546693355659 ], [ -108.278852219827385, 46.262564670377856 ], [ -108.278851865001329, 46.262582648285985 ], [ -108.278851511513139, 46.262600624408208 ], [ -108.278851158004471, 46.262618601430432 ], [ -108.27885080192064, 46.262636577524603 ], [ -108.278850448411504, 46.262654554546863 ], [ -108.27885009362484, 46.262672530655138 ], [ -108.27884974013547, 46.262690506777403 ], [ -108.278849384010144, 46.26270848467162 ], [ -108.278849031797691, 46.262726461707985 ], [ -108.278848675712467, 46.26274443780224 ], [ -108.278848322201924, 46.262762414824593 ], [ -108.278847967413753, 46.262780390932917 ], [ -108.278847613902741, 46.262798367955298 ], [ -108.278847257776107, 46.262816345849636 ], [ -108.278846904284862, 46.262834321972029 ], [ -108.278846549495839, 46.262852298080439 ], [ -108.278846195983903, 46.26287027510287 ], [ -108.27884583989669, 46.262888251197253 ], [ -108.27884548638427, 46.26290622821972 ], [ -108.278845131594323, 46.262924204328165 ], [ -108.278844778061213, 46.262942182250683 ], [ -108.278844423250462, 46.262960159259123 ], [ -108.278844069757341, 46.262978135381694 ], [ -108.27884371366882, 46.262996111476149 ], [ -108.278843360154994, 46.263014088498721 ], [ -108.278843006661177, 46.263032064621306 ], [ -108.278842651829109, 46.263050042529819 ], [ -108.278842298314586, 46.263068019552435 ], [ -108.278841942224787, 46.263085995646989 ], [ -108.278841588709895, 46.263103972669633 ], [ -108.278841233917277, 46.263121948778284 ], [ -108.278840880422038, 46.263139924900933 ], [ -108.278840525608715, 46.263157901909594 ], [ -108.278840172072634, 46.263175879832261 ], [ -108.278839815981442, 46.2631938559269 ], [ -108.278839462465044, 46.263211832949636 ], [ -108.278839107671104, 46.263229809058345 ], [ -108.278838754154236, 46.263247786081102 ], [ -108.278838398062092, 46.263265762175813 ], [ -108.278838044524619, 46.263283740098608 ], [ -108.278837689729627, 46.263301716207366 ], [ -108.278837336211836, 46.263319693230194 ], [ -108.27883698011884, 46.263337669324955 ], [ -108.278836627898215, 46.263355646361838 ], [ -108.27883627180465, 46.263373622456633 ], [ -108.278835918285907, 46.263391599479505 ], [ -108.278835564746714, 46.263409577402363 ], [ -108.278835209950188, 46.263427553511292 ], [ -108.27883485645097, 46.263445529634211 ], [ -108.278834500336117, 46.263463506629087 ], [ -108.278834146836431, 46.263481482752034 ], [ -108.278833792018631, 46.263499459760965 ], [ -108.278833438478017, 46.26351743768393 ], [ -108.278833082382448, 46.263535413778854 ], [ -108.278832730159252, 46.263553390815915 ], [ -108.2788323740631, 46.263571366910909 ], [ -108.278832020562021, 46.263589343033942 ], [ -108.278831665742928, 46.263607320042972 ], [ -108.278831312241365, 46.263625296166047 ], [ -108.278830956103903, 46.263643274061039 ], [ -108.27883060258165, 46.263661251084152 ], [ -108.278830247781741, 46.263679227193229 ], [ -108.278829894259033, 46.263697204216378 ], [ -108.278829538161105, 46.263715180311443 ], [ -108.278829184658136, 46.263733156434647 ], [ -108.278828829816831, 46.263751134343771 ], [ -108.278828476293171, 46.263769111366969 ], [ -108.278828121491969, 46.263787087476132 ], [ -108.278827767967826, 46.26380506449938 ], [ -108.278801890814918, 46.263805120435215 ], [ -108.278776013641817, 46.263805177265176 ], [ -108.278750136448338, 46.26380523498915 ], [ -108.278724259295359, 46.263805290907236 ], [ -108.278698382142238, 46.26380534681936 ], [ -108.278672504968924, 46.263805403625575 ], [ -108.278646627775217, 46.263805461325859 ], [ -108.278620750622039, 46.263805517220192 ], [ -108.278594874746105, 46.263805574022655 ], [ -108.278568997592714, 46.263805629905171 ], [ -108.278543120398894, 46.263805687581701 ], [ -108.278517243225153, 46.263805744352368 ], [ -108.278491366071705, 46.263805800217064 ], [ -108.278465490215751, 46.263805856089903 ], [ -108.278439613021604, 46.263805913742722 ], [ -108.278413735847749, 46.263805970489635 ], [ -108.278387858693975, 46.263806026330641 ], [ -108.278361981520021, 46.263806083065681 ], [ -108.27833610432566, 46.263806140694783 ], [ -108.278310227171829, 46.263806196518026 ], [ -108.278284350017842, 46.263806252335264 ], [ -108.27825847284366, 46.263806309046615 ], [ -108.278232595689573, 46.263806364852037 ], [ -108.278206718494943, 46.263806422451538 ], [ -108.278180841320605, 46.263806479145067 ], [ -108.278154965464012, 46.263806534946731 ], [ -108.27812908828956, 46.263806591628423 ], [ -108.278103211094717, 46.263806649204184 ], [ -108.278077333940402, 46.263806704974009 ], [ -108.278051458083596, 46.263806760751976 ], [ -108.278025580908832, 46.263806817409943 ], [ -108.27799970371386, 46.263806874961958 ], [ -108.277973826559233, 46.2638069307081 ], [ -108.277947949384426, 46.263806987348289 ], [ -108.277922072229686, 46.263807043082529 ], [ -108.277896195034501, 46.263807100610883 ], [ -108.27787031787966, 46.263807156333286 ], [ -108.277844440704527, 46.263807212949757 ], [ -108.277818563549673, 46.263807268660287 ], [ -108.277792686354175, 46.263807326164894 ], [ -108.277766809178985, 46.263807382763588 ], [ -108.277740932023875, 46.263807438456318 ], [ -108.277715056146207, 46.263807495057193 ], [ -108.277689178990997, 46.263807550738093 ], [ -108.277663301795243, 46.263807608213028 ], [ -108.27763742464002, 46.263807663882076 ], [ -108.277611548762039, 46.263807720459234 ], [ -108.277585671606715, 46.263807776116437 ], [ -108.277559794410735, 46.263807833567654 ], [ -108.277533917235047, 46.263807890112965 ], [ -108.277508040079454, 46.263807945752369 ], [ -108.277482162923832, 46.263808001385826 ], [ -108.277456285727709, 46.263808058813353 ], [ -108.277430408551709, 46.263808115334939 ], [ -108.277404531396016, 46.263808170950611 ], [ -108.277378654219902, 46.263808227460338 ], [ -108.27735277702358, 46.263808284864155 ], [ -108.277326899867631, 46.263808340462056 ], [ -108.277301023989011, 46.263808396968052 ], [ -108.277275146833034, 46.263808452554066 ], [ -108.277249269676929, 46.263808508134176 ], [ -108.277223392480337, 46.26380856550832 ], [ -108.277197516601504, 46.263808621990592 ], [ -108.277171639445228, 46.263808677552923 ], [ -108.277145762268731, 46.263808734009295 ], [ -108.277119885071826, 46.263808791359715 ], [ -108.277094007915494, 46.263808846904247 ], [ -108.277068130738726, 46.263808903342834 ], [ -108.27704225358228, 46.263808958875508 ], [ -108.277016376385163, 46.26380901620221 ], [ -108.276990499228603, 46.263809071723031 ], [ -108.276964622051636, 46.263809128137893 ], [ -108.276938744894977, 46.263809183646828 ], [ -108.276912867697646, 46.263809240949854 ], [ -108.276886990520609, 46.26380929734691 ], [ -108.276861114661344, 46.263809352852114 ], [ -108.276835237504386, 46.263809408337359 ], [ -108.276809360306927, 46.263809465616617 ], [ -108.276783484427227, 46.26380952200406 ], [ -108.276757607270113, 46.263809577471498 ], [ -108.276731730092749, 46.263809633832977 ], [ -108.276705852935507, 46.263809689288586 ], [ -108.276679975737778, 46.263809746538215 ], [ -108.276654098560172, 46.263809802881909 ], [ -108.276628221402873, 46.263809858319732 ], [ -108.276602344245418, 46.263809913751572 ], [ -108.276576467047477, 46.263809970977505 ], [ -108.276550589869657, 46.263810027297488 ], [ -108.276524712712146, 46.263810082711551 ], [ -108.276498835534213, 46.263810139019689 ], [ -108.276472958335958, 46.263810196221897 ], [ -108.276447081178276, 46.26381025161821 ], [ -108.276421205318115, 46.263810307022602 ], [ -108.276395328140069, 46.263810363307016 ], [ -108.276369450941601, 46.263810420485527 ], [ -108.27634357508127, 46.263810475872141 ], [ -108.276317697903053, 46.263810532138756 ], [ -108.276291820744973, 46.263810587499485 ], [ -108.276265943546392, 46.263810644654235 ], [ -108.276240066367919, 46.263810700903079 ], [ -108.276214189209767, 46.263810756246016 ], [ -108.276188312051474, 46.263810811582985 ], [ -108.27616243487283, 46.263810867814087 ], [ -108.276136557673979, 46.263810924939172 ], [ -108.276110680515515, 46.263810980258391 ], [ -108.276084803336843, 46.263811036471658 ], [ -108.276058926178266, 46.263811091778983 ], [ -108.276033048979187, 46.263811148880393 ], [ -108.276007171820524, 46.263811204175866 ], [ -108.275981295939175, 46.26381126037947 ], [ -108.275955418780498, 46.263811315663112 ], [ -108.275929542878757, 46.263811372754844 ], [ -108.275903665699687, 46.263811428926644 ], [ -108.275877788540768, 46.263811484192466 ], [ -108.275851911361585, 46.263811540352357 ], [ -108.27582603416198, 46.263811597406345 ], [ -108.275800157002877, 46.263811652654368 ], [ -108.275774279843844, 46.263811707896529 ], [ -108.275748402664362, 46.263811764032688 ], [ -108.27572252546463, 46.263811821062937 ], [ -108.275696648305328, 46.263811876287271 ], [ -108.275670771125775, 46.263811932405666 ], [ -108.275644893966358, 46.263811987618119 ], [ -108.275619016786706, 46.263812043724698 ], [ -108.275593139586633, 46.263812100725268 ], [ -108.27556726242716, 46.263812155919979 ], [ -108.27554138656518, 46.263812211122776 ], [ -108.275515509385215, 46.263812267205601 ], [ -108.275489633482664, 46.263812324196564 ], [ -108.275463756322878, 46.263812379367515 ], [ -108.275437879142757, 46.263812435432556 ], [ -108.275412001982971, 46.263812490591683 ], [ -108.275386124782457, 46.263812547544809 ], [ -108.275360247622544, 46.26381260269207 ], [ -108.275334370442224, 46.263812658733393 ], [ -108.275308493282211, 46.263812713868795 ], [ -108.275282616081483, 46.263812770798239 ], [ -108.275256738901078, 46.263812826821756 ], [ -108.275230861740823, 46.26381288193938 ], [ -108.275204984560318, 46.263812937951037 ], [ -108.275179107359378, 46.263812994856742 ], [ -108.275153230198953, 46.263813049956568 ], [ -108.275127353038584, 46.263813105050446 ], [ -108.275101477155417, 46.263813161052468 ], [ -108.2750756012925, 46.263813216148577 ], [ -108.275049724091375, 46.263813273024674 ], [ -108.2750238469104, 46.263813328994829 ], [ -108.274997965755318, 46.263813388516809 ], [ -108.274972088594623, 46.263813443575074 ], [ -108.2749462113932, 46.263813500427467 ], [ -108.274920334212098, 46.263813556373904 ], [ -108.274894457051161, 46.263813611414413 ], [ -108.27486857986996, 46.263813667349027 ], [ -108.274842702668309, 46.263813724177659 ], [ -108.274816825507301, 46.263813779200397 ], [ -108.274790948325844, 46.26381383511719 ], [ -108.274765071164722, 46.263813890128056 ], [ -108.274739193962859, 46.263813946932984 ], [ -108.274713316801652, 46.263814001931976 ], [ -108.274687442215281, 46.263814057853224 ], [ -108.274661565053862, 46.263814112840386 ], [ -108.274635687872092, 46.263814168721602 ], [ -108.274609810670057, 46.263814225496901 ], [ -108.274583933508467, 46.263814280466249 ], [ -108.274558056346933, 46.263814335429707 ], [ -108.27453217916495, 46.263814391287198 ], [ -108.274506301962703, 46.263814448038744 ], [ -108.274480424800913, 46.263814502984403 ], [ -108.274454547618859, 46.263814558824116 ], [ -108.27442867045697, 46.263814613757908 ], [ -108.274402793254509, 46.263814670485743 ], [ -108.2743769160722, 46.263814726307672 ], [ -108.27435103891014, 46.263814781223665 ], [ -108.274325161748138, 46.263814836133747 ], [ -108.274299284545364, 46.263814892837885 ], [ -108.274273407362926, 46.263814948636089 ], [ -108.274247532795982, 46.263815003556537 ], [ -108.27422165561336, 46.263815059342868 ], [ -108.274195778410459, 46.263815116023302 ], [ -108.274169901248044, 46.263815170897772 ], [ -108.274144024085658, 46.263815225766351 ], [ -108.274118146902836, 46.263815281528977 ], [ -108.274092269740336, 46.263815336385676 ], [ -108.274066392537094, 46.263815393036438 ], [ -108.274040515354187, 46.263815448781287 ], [ -108.27401463819146, 46.263815503620222 ], [ -108.27398876100834, 46.263815559353191 ], [ -108.273962883804984, 46.263815615980221 ], [ -108.273937006642086, 46.263815670801364 ], [ -108.273911129479231, 46.263815725616553 ], [ -108.273885252295912, 46.263815781325818 ], [ -108.273859375092329, 46.263815837929158 ], [ -108.273833497929232, 46.263815892726548 ], [ -108.273807623341057, 46.263815948446201 ], [ -108.273781746177946, 46.263816003231774 ], [ -108.27375586897405, 46.263816059811404 ], [ -108.273729991790518, 46.263816115485092 ], [ -108.273704114627151, 46.263816170252838 ], [ -108.273678237463827, 46.263816225014679 ], [ -108.273652360259703, 46.263816281570556 ], [ -108.273626483075873, 46.263816337220533 ], [ -108.273600605912392, 46.263816391964589 ], [ -108.273594167810387, 46.263816403962906 ], [ -108.273568234787632, 46.263816460793542 ], [ -108.27354230308282, 46.263816516732284 ], [ -108.273516368741994, 46.263816574436888 ], [ -108.273490437037069, 46.263816630363706 ], [ -108.27346450271655, 46.263816687156435 ], [ -108.273438571011525, 46.263816743071352 ], [ -108.273412636670471, 46.263816800752146 ], [ -108.27338670492469, 46.263816858455151 ], [ -108.273360770624279, 46.263816914324039 ], [ -108.273334838898705, 46.263816971115133 ], [ -108.273308904598096, 46.26381702697212 ], [ -108.273282972852087, 46.263817084651322 ], [ -108.273257038551463, 46.263817140496364 ], [ -108.273231105528012, 46.263817197249551 ], [ -108.273205172484197, 46.2638172548968 ], [ -108.273179239480967, 46.263817310738091 ], [ -108.273153307755024, 46.263817367487519 ], [ -108.273127373454116, 46.263817423302775 ], [ -108.273101441707723, 46.263817480940304 ], [ -108.273075507386309, 46.263817537643675 ], [ -108.273049575680474, 46.263817593469291 ], [ -108.273023641338696, 46.263817651060748 ], [ -108.272997709632747, 46.263817706874434 ], [ -108.27297177531112, 46.263817763553973 ], [ -108.272945843605072, 46.263817819355793 ], [ -108.272919909263081, 46.263817876923419 ], [ -108.272893977536583, 46.263817933613296 ], [ -108.272868043235064, 46.263817989369009 ], [ -108.272842110190481, 46.263818046932862 ], [ -108.272816178484149, 46.263818102704903 ], [ -108.272790244141888, 46.263818160242735 ], [ -108.272764312435456, 46.263818216002868 ], [ -108.272738378113345, 46.263818272628804 ], [ -108.272712446366143, 46.26381833017701 ], [ -108.27268651206434, 46.263818385891028 ], [ -108.272660580337345, 46.263818442527295 ], [ -108.272634646035343, 46.263818498229448 ], [ -108.272608714287912, 46.263818555753822 ], [ -108.272582779985896, 46.26381861144403 ], [ -108.272556848258702, 46.263818668056487 ], [ -108.272530913915816, 46.263818725534783 ], [ -108.272504980911194, 46.263818781221261 ], [ -108.272479049183829, 46.263818837815862 ], [ -108.272453114881543, 46.263818893476305 ], [ -108.272427183133743, 46.263818950958978 ], [ -108.272401248810908, 46.2638190075075 ], [ -108.27237531710368, 46.26381906317831 ], [ -108.27234938276051, 46.263819120614926 ], [ -108.272323451053154, 46.263819176273785 ], [ -108.27229751673012, 46.263819232798483 ], [ -108.272271585022665, 46.263819288445468 ], [ -108.272245650679267, 46.263819345858259 ], [ -108.272219718931026, 46.26381940329329 ], [ -108.272193784628115, 46.26381945889419 ], [ -108.272167851602447, 46.263819515403227 ], [ -108.272141919894736, 46.26381957102042 ], [ -108.272115985551068, 46.263819628403418 ], [ -108.272090053843243, 46.263819684008716 ], [ -108.272064119519712, 46.263819740479825 ], [ -108.272038187771088, 46.26381979787319 ], [ -108.272012253467906, 46.263819853432366 ], [ -108.271986321739519, 46.263819909913877 ], [ -108.271960387436124, 46.263819965461138 ], [ -108.271934455687287, 46.263820022830693 ], [ -108.271908521383878, 46.263820078366045 ], [ -108.271882589655277, 46.26382013482371 ], [ -108.27185665531097, 46.263820192147158 ], [ -108.271830722304955, 46.263820247678787 ], [ -108.271804789278647, 46.263820304104449 ], [ -108.271778856272519, 46.263820359624177 ], [ -108.271752924523312, 46.263820416952022 ], [ -108.271726990219435, 46.263820472445722 ], [ -108.27170105849045, 46.263820528861686 ], [ -108.271675124145872, 46.263820586143467 ], [ -108.271649192437138, 46.263820641647492 ], [ -108.271623258092333, 46.263820698917357 ], [ -108.2715973263835, 46.263820754409515 ], [ -108.271571392059045, 46.263820810767463 ], [ -108.271545460309383, 46.263820868047702 ], [ -108.271519526005093, 46.263820923493732 ], [ -108.271493594275682, 46.263820979862039 ], [ -108.271467659971364, 46.263821035296189 ], [ -108.27144172692384, 46.263821092538478 ], [ -108.271415795214622, 46.263821147988935 ], [ -108.271389860889713, 46.263821204305202 ], [ -108.271363929139682, 46.263821261543754 ], [ -108.271337994835093, 46.263821316948132 ], [ -108.271312063105313, 46.263821373274766 ], [ -108.271286128800526, 46.263821428667178 ], [ -108.271260197050282, 46.263821485881913 ], [ -108.27123426274548, 46.263821541262459 ], [ -108.271208331015487, 46.263821597565283 ], [ -108.271182396669772, 46.263821654733874 ], [ -108.271156464960029, 46.263821710124795 ], [ -108.27113053063465, 46.263821766381504 ], [ -108.271104597627158, 46.263821821746397 ], [ -108.27107866587653, 46.263821878919451 ], [ -108.271052731571274, 46.263821934258274 ], [ -108.271026799820532, 46.26382199141942 ], [ -108.271000865494898, 46.26382204764635 ], [ -108.270974933784785, 46.26382210299559 ], [ -108.270948999438573, 46.263822160110585 ], [ -108.270923067728347, 46.263822215447924 ], [ -108.270897133402514, 46.263822271651037 ], [ -108.270871201651445, 46.263822328776442 ], [ -108.270845267345749, 46.26382238406763 ], [ -108.270819335614959, 46.263822440281118 ], [ -108.270793401309248, 46.263822495560433 ], [ -108.270767468260331, 46.263822552647902 ], [ -108.270741536549721, 46.263822607943517 ], [ -108.270715602223405, 46.263822664104936 ], [ -108.270689670471967, 46.263822721188674 ], [ -108.270663736166, 46.263822776438204 ], [ -108.270637804434827, 46.263822832610018 ], [ -108.270611870128661, 46.263822887847624 ], [ -108.27058593837701, 46.263822944907496 ], [ -108.27056000407083, 46.2638230001332 ], [ -108.27053407233943, 46.263823056281197 ], [ -108.270508137992309, 46.263823113294997 ], [ -108.270482206281187, 46.263823168531054 ], [ -108.270456271933952, 46.263823225532938 ], [ -108.270430338925181, 46.263823280742997 ], [ -108.270404407193524, 46.263823336861208 ], [ -108.270378472886875, 46.263823392045204 ], [ -108.270352541134727, 46.263823449051522 ], [ -108.2703266068077, 46.263823505123604 ], [ -108.270300675096209, 46.263823560318023 ], [ -108.270274740748604, 46.26382361727817 ], [ -108.270248809036985, 46.263823672460688 ], [ -108.270222874709745, 46.26382372850896 ], [ -108.270196942957284, 46.263823785479538 ], [ -108.270171008650209, 46.263823840615892 ], [ -108.270145076918027, 46.263823896674594 ], [ -108.270119142610852, 46.263823951799033 ], [ -108.270093210858164, 46.263824008745793 ], [ -108.270067277848625, 46.263824063872455 ], [ -108.27004134352093, 46.263824119879082 ], [ -108.270015411768085, 46.263824176807944 ], [ -108.26998947746074, 46.263824231902625 ], [ -108.269963545707796, 46.26382428881962 ], [ -108.269937611400238, 46.263824343902371 ], [ -108.269911679667558, 46.263824399907442 ], [ -108.269885745360014, 46.26382445497832 ], [ -108.269859813606857, 46.263824511871491 ], [ -108.269833879278721, 46.263824567830433 ], [ -108.269807947566207, 46.263824622911663 ], [ -108.269782013217565, 46.263824679758713 ], [ -108.269756081504951, 46.263824734828077 ], [ -108.269730148474352, 46.263824790777342 ], [ -108.269704214166339, 46.263824845806489 ], [ -108.269678282412798, 46.26382490265798 ], [ -108.269652348084378, 46.263824958575221 ], [ -108.269626416371494, 46.263825013614827 ], [ -108.269600482022497, 46.263825070420161 ], [ -108.269574550309514, 46.263825125447831 ], [ -108.269548615980781, 46.263825181341247 ], [ -108.269522684267685, 46.263825236357022 ], [ -108.269496749918574, 46.263825293138552 ], [ -108.269470818184985, 46.263825349042392 ], [ -108.269444883876432, 46.263825404011989 ], [ -108.269418952122365, 46.263825460803922 ], [ -108.269393017813798, 46.263825515761653 ], [ -108.269367084761953, 46.263825572527509 ], [ -108.269341153028108, 46.263825628401584 ], [ -108.269315218719385, 46.263825683341423 ], [ -108.269289286965048, 46.263825740103591 ], [ -108.269263352656125, 46.263825795031508 ], [ -108.269237420922053, 46.263825850881751 ], [ -108.269211486613031, 46.263825905797788 ], [ -108.269185554858467, 46.263825962536124 ], [ -108.269159620529052, 46.263826018340225 ], [ -108.26913368881516, 46.263826073266699 ], [ -108.269107754465125, 46.263826129958844 ], [ -108.269081822751133, 46.263826184873395 ], [ -108.269055888421505, 46.263826240653671 ], [ -108.269029955409763, 46.263826295542167 ], [ -108.269004023654816, 46.263826352238787 ], [ -108.268978089325032, 46.263826408001201 ], [ -108.268952157610769, 46.26382646288598 ], [ -108.268926223260365, 46.26382651953648 ], [ -108.268900291546018, 46.263826574409308 ], [ -108.268874357215907, 46.263826630147889 ], [ -108.268848425501432, 46.263826685008844 ], [ -108.268822491150914, 46.263826741635533 ], [ -108.268796559395554, 46.263826798284526 ], [ -108.268770625085622, 46.263826853099317 ], [ -108.268744693350556, 46.263826908836428 ], [ -108.268718759040624, 46.263826963639318 ], [ -108.268692827285037, 46.263827020264479 ], [ -108.268666894252164, 46.263827075969616 ], [ -108.268640959942061, 46.263827130754592 ], [ -108.268615028186318, 46.263827187361919 ], [ -108.268589093876031, 46.263827242134987 ], [ -108.26856316214058, 46.263827297830453 ], [ -108.26853722783018, 46.263827352591619 ], [ -108.268511296074237, 46.263827409175143 ], [ -108.268485361743416, 46.263827464824402 ], [ -108.268459430028159, 46.263827519596028 ], [ -108.268433495676746, 46.263827576133345 ], [ -108.268407563961389, 46.263827630893068 ], [ -108.268381629630355, 46.263827686518503 ], [ -108.268355697914899, 46.263827741266319 ], [ -108.268329764860908, 46.263827797793965 ], [ -108.26832331246203, 46.263827810236165 ], [ -108.268297376363805, 46.263827886527878 ], [ -108.268271441583579, 46.263827961927824 ], [ -108.268245505505519, 46.263828037307711 ], [ -108.268219569386673, 46.263828114481569 ], [ -108.268193634585714, 46.263828190763668 ], [ -108.268167698507554, 46.263828266125643 ], [ -108.268141761111238, 46.263828342367468 ], [ -108.268115827628137, 46.263828417745884 ], [ -108.268089890231678, 46.263828493975794 ], [ -108.26806395415322, 46.263828569313944 ], [ -108.268038019331428, 46.263828646460318 ], [ -108.268012083252813, 46.263828721786552 ], [ -108.267986147153721, 46.263828798006799 ], [ -108.267960212372529, 46.263828873335306 ], [ -108.267934276273294, 46.263828949543651 ], [ -108.267908340194296, 46.263829024846068 ], [ -108.26788240541299, 46.263829100156698 ], [ -108.267856469313529, 46.263829176347173 ], [ -108.267830531895939, 46.263829253417576 ], [ -108.267804598411956, 46.263829328724462 ], [ -108.267778661014646, 46.263829404882905 ], [ -108.267752724935221, 46.263829480149603 ], [ -108.267726790133068, 46.263829556324453 ], [ -108.267700854053487, 46.263829631579206 ], [ -108.267674917973935, 46.263829706828055 ], [ -108.267648983151147, 46.263829783885036 ], [ -108.267623047050932, 46.2638298600219 ], [ -108.267597109673531, 46.263829935238697 ], [ -108.267571176168488, 46.263830011391981 ], [ -108.26754523879093, 46.26383008659684 ], [ -108.26751930269053, 46.263830162709901 ], [ -108.267493367908031, 46.263830237931174 ], [ -108.267467431787082, 46.263830314932328 ], [ -108.267441495706876, 46.263830390127524 ], [ -108.267415560903757, 46.263830466230893 ], [ -108.267389624823423, 46.263830541414208 ], [ -108.267363687424933, 46.263830617477346 ], [ -108.267337753939657, 46.263830692677033 ], [ -108.26731181656146, 46.263830767828296 ], [ -108.267285880460406, 46.263830843887753 ], [ -108.267259945636425, 46.263830920855398 ], [ -108.267234009555651, 46.263830996002959 ], [ -108.26720807345437, 46.263831072044518 ], [ -108.267182138671018, 46.263831147194324 ], [ -108.267156202569609, 46.26383122322401 ], [ -108.267130266488451, 46.263831298347711 ], [ -108.267104331704985, 46.263831373479654 ], [ -108.267078395582914, 46.263831450391464 ], [ -108.267052458183471, 46.263831526383122 ], [ -108.267026524697428, 46.263831601511356 ], [ -108.267000587297943, 46.263831677491126 ], [ -108.266974653811658, 46.263831752607445 ], [ -108.266948716412017, 46.263831828575292 ], [ -108.26692278033029, 46.263831903651358 ], [ -108.266896845505372, 46.263831980535613 ], [ -108.266870909423588, 46.263832055599799 ], [ -108.266844973321213, 46.263832131557969 ], [ -108.266819038536951, 46.263832206624386 ], [ -108.26679310243442, 46.263832282570661 ], [ -108.266767165054702, 46.263832357596819 ], [ -108.266741231547343, 46.26383243355955 ], [ -108.266715294167483, 46.263832508573785 ], [ -108.266689358044331, 46.263832585396223 ], [ -108.266663423259629, 46.2638326604269 ], [ -108.266637487156672, 46.263832736337449 ], [ -108.266611551074178, 46.263832811342034 ], [ -108.266585616268728, 46.26383288725485 ], [ -108.266559680186106, 46.26383296224752 ], [ -108.266533744103384, 46.263833037234249 ], [ -108.266507809277286, 46.263833114029183 ], [ -108.266481873173987, 46.26383318990397 ], [ -108.266455935793402, 46.26383326485864 ], [ -108.266430002285176, 46.263833340749898 ], [ -108.266404064904464, 46.263833415692645 ], [ -108.266378128800881, 46.263833491543643 ], [ -108.266352194015226, 46.263833566502846 ], [ -108.266326257891052, 46.263833643241888 ], [ -108.266300321807591, 46.263833718175007 ], [ -108.266274387001374, 46.263833794016335 ], [ -108.266248450917871, 46.263833868937546 ], [ -108.266222513516112, 46.263833944738614 ], [ -108.266196580027767, 46.263834019676253 ], [ -108.266170642625951, 46.263834095465405 ], [ -108.266144706542065, 46.263834170362763 ], [ -108.266118771714972, 46.263834247068345 ], [ -108.266092835630943, 46.263834321953816 ], [ -108.266066899526493, 46.263834397733326 ], [ -108.266040964740071, 46.263834472621042 ], [ -108.26601502863538, 46.263834548388651 ], [ -108.265989092551166, 46.263834623250276 ], [ -108.265963157764418, 46.263834698120149 ], [ -108.265937221639163, 46.26383477476984 ], [ -108.265911284236623, 46.263834850499414 ], [ -108.265885350747325, 46.263834925365607 ], [ -108.265859413344657, 46.263835001083272 ], [ -108.265833477260017, 46.263835075909164 ], [ -108.265807542452379, 46.263835151643299 ], [ -108.265781606367597, 46.263835226457289 ], [ -108.26575567024183, 46.263835303065278 ], [ -108.265729735454443, 46.263835377881541 ], [ -108.265703799348984, 46.263835453577656 ], [ -108.265677861966253, 46.263835528353631 ], [ -108.265651928455853, 46.263835604066209 ], [ -108.265625991072994, 46.263835678830262 ], [ -108.265600054967138, 46.263835754502558 ], [ -108.265574120179423, 46.263835829283082 ], [ -108.265548184053074, 46.263835905843429 ], [ -108.265522247967468, 46.263835980597854 ], [ -108.26549631315909, 46.263836056260509 ], [ -108.265470377073342, 46.263836131003011 ], [ -108.265444440967158, 46.26383620663956 ], [ -108.265418506179017, 46.263836281384343 ], [ -108.265392570072592, 46.263836357008991 ], [ -108.265366632648082, 46.263836433513468 ], [ -108.265340699157278, 46.263836508254556 ], [ -108.265314761773553, 46.263836582947128 ], [ -108.265288825666929, 46.263836658547952 ], [ -108.265262890878262, 46.263836733256994 ], [ -108.265236954771495, 46.263836808845909 ], [ -108.265211018685136, 46.263836883528846 ], [ -108.265185083855329, 46.263836960020008 ], [ -108.265159147768813, 46.263837034691022 ], [ -108.265133210364127, 46.263837110241901 ], [ -108.265107276872669, 46.263837184929407 ], [ -108.265081339467827, 46.263837260468385 ], [ -108.265055403381027, 46.263837335115582 ], [ -108.265029468571257, 46.263837410671023 ], [ -108.265003532484315, 46.263837485306311 ], [ -108.264977596356374, 46.263837561735627 ], [ -108.26495166156684, 46.263837636373189 ], [ -108.264925725459221, 46.263837711890623 ], [ -108.264899789371896, 46.263837786502094 ], [ -108.264873854561785, 46.263837862021795 ], [ -108.264847918474317, 46.263837936621343 ], [ -108.264821981068764, 46.263838012100756 ], [ -108.264796047535626, 46.263838088516771 ], [ -108.264770110150366, 46.263838163084259 ], [ -108.264744174062628, 46.263838237659975 ], [ -108.264718239252076, 46.26383831314395 ], [ -108.264692303164168, 46.263838387707757 ], [ -108.264666367055838, 46.263838463165612 ], [ -108.264640432265452, 46.263838537731708 ], [ -108.264614496136502, 46.263838614077642 ], [ -108.264588558750759, 46.263838688603428 ], [ -108.264562625237346, 46.263838764065859 ], [ -108.264536687851461, 46.263838838579737 ], [ -108.264510751742691, 46.263838914001852 ], [ -108.264484816951878, 46.263838988532228 ], [ -108.264458880842952, 46.263839063942427 ], [ -108.264432944754446, 46.263839138446677 ], [ -108.264407009922465, 46.263839214759152 ], [ -108.264381073833803, 46.263839289251479 ], [ -108.264355136426957, 46.263839364623671 ], [ -108.264329202933354, 46.263839439132489 ], [ -108.264303265526351, 46.263839514492751 ], [ -108.264277332032634, 46.263839588989661 ], [ -108.264251394625489, 46.263839664338043 ], [ -108.26422545849546, 46.263839740594598 ], [ -108.264199523703851, 46.263839815059441 ], [ -108.264173587614621, 46.263839889504141 ], [ -108.264147651504842, 46.26383996484288 ], [ -108.264121716713021, 46.263840039289832 ], [ -108.264095780603114, 46.263840114616663 ], [ -108.264069844513486, 46.263840189037516 ], [ -108.264043909680595, 46.263840265266595 ], [ -108.264017973570461, 46.263840340575562 ], [ -108.263992036182984, 46.263840414964335 ], [ -108.263966102688499, 46.263840489389779 ], [ -108.263940165280488, 46.263840564666658 ], [ -108.263914229190448, 46.263840639051779 ], [ -108.263888294377608, 46.263840714345157 ], [ -108.263862358287426, 46.263840788718355 ], [ -108.263836422156302, 46.263840864885587 ], [ -108.263810487363727, 46.263840939261094 ], [ -108.263784551252854, 46.263841014516437 ], [ -108.263758613864837, 46.263841088851613 ], [ -108.263732680349108, 46.263841164123448 ], [ -108.263706742960949, 46.263841238446723 ], [ -108.263680806849891, 46.263841313678206 ], [ -108.263654872015806, 46.263841389817991 ], [ -108.263628935925084, 46.26384146413757 ], [ -108.263602999834291, 46.26384153845121 ], [ -108.263577065020485, 46.263841613673115 ], [ -108.263551128929549, 46.263841687974846 ], [ -108.263525192818051, 46.263841763170625 ], [ -108.263499258024524, 46.263841837474644 ], [ -108.263473321892405, 46.263841913558501 ], [ -108.26344738448303, 46.263841988722191 ], [ -108.263421450986939, 46.263842063022565 ], [ -108.263395513597928, 46.263842137274345 ], [ -108.263369577485904, 46.26384221243439 ], [ -108.26334364269205, 46.263842286702683 ], [ -108.263317706579969, 46.263842361850763 ], [ -108.263291770488223, 46.263842436092965 ], [ -108.263265835653172, 46.263842512143384 ], [ -108.263239899540793, 46.263842587273629 ], [ -108.263213962151269, 46.263842661483721 ], [ -108.263188028654639, 46.263842735730478 ], [ -108.263162091244396, 46.263842810828663 ], [ -108.26313615515231, 46.263842885035075 ], [ -108.263110220337325, 46.263842960149738 ], [ -108.263084284204012, 46.263843036144252 ], [ -108.263058348111727, 46.263843110332814 ], [ -108.263032413316907, 46.263843184529634 ], [ -108.263006477203987, 46.26384325960629 ], [ -108.263000049784949, 46.263843257614511 ], [ -108.262974113651467, 46.263843333583694 ], [ -108.262948178815421, 46.263843409561183 ], [ -108.262922242681782, 46.263843485518471 ], [ -108.262896306548072, 46.263843561469777 ], [ -108.262870371711813, 46.263843637429353 ], [ -108.262844435577946, 46.263843713368772 ], [ -108.262818498146359, 46.263843789288032 ], [ -108.262792562012251, 46.263843865215534 ], [ -108.262766627175822, 46.263843941151293 ], [ -108.262740691000658, 46.263844018866898 ], [ -108.262714754866337, 46.263844094776516 ], [ -108.26268882002968, 46.263844170694412 ], [ -108.262662883895217, 46.263844246592122 ], [ -108.262636947760768, 46.26384432248387 ], [ -108.262611012923898, 46.263844398383931 ], [ -108.262585076789208, 46.263844474263777 ], [ -108.262559139356895, 46.263844550123444 ], [ -108.262533203222148, 46.263844625991375 ], [ -108.262507268384894, 46.263844701867598 ], [ -108.262481332250019, 46.263844777723634 ], [ -108.262455396115058, 46.263844853573694 ], [ -108.262429461277577, 46.263844929432011 ], [ -108.262403525142489, 46.263845005270184 ], [ -108.262377587709651, 46.263845081088178 ], [ -108.26235165416962, 46.263845156942843 ], [ -108.262325716736655, 46.26384523274892 ], [ -108.262299780601268, 46.263845308563262 ], [ -108.26227384444519, 46.263845385271608 ], [ -108.262247909607311, 46.263845461088266 ], [ -108.262221973471611, 46.263845536884723 ], [ -108.26219603733594, 46.263845612675219 ], [ -108.262170102497734, 46.263845688473999 ], [ -108.262144166361921, 46.263845764252608 ], [ -108.262118228928358, 46.263845840011001 ], [ -108.262092295387603, 46.263845915806129 ], [ -108.262066357953913, 46.263845991552628 ], [ -108.262040421817787, 46.263846067307419 ], [ -108.262014485681604, 46.263846143056213 ], [ -108.261988550842901, 46.263846218813285 ], [ -108.261962614706576, 46.26384629455017 ], [ -108.261936677272516, 46.263846370266911 ], [ -108.261910743731235, 46.263846446020338 ], [ -108.261884806297047, 46.263846521725135 ], [ -108.261858870160339, 46.26384659743821 ], [ -108.261832935321294, 46.263846673159541 ], [ -108.261806999184529, 46.263846748860722 ], [ -108.261781063006566, 46.263846826355902 ], [ -108.261755128167309, 46.263846902059363 ], [ -108.261729192030231, 46.263846977742688 ], [ -108.261703255913687, 46.263847052520006 ], [ -108.261677318478917, 46.263847128177133 ], [ -108.261651384936926, 46.263847203871045 ], [ -108.261625447501999, 46.26384727951627 ], [ -108.261599511364651, 46.263847355169759 ], [ -108.261573576524796, 46.263847430831539 ], [ -108.261547640387306, 46.263847506473162 ], [ -108.261521704249745, 46.263847582108788 ], [ -108.261495769409663, 46.263847657752699 ], [ -108.26146983327196, 46.263847733376416 ], [ -108.261443895836535, 46.263847808979982 ], [ -108.261417959698591, 46.263847884591769 ], [ -108.26139202485831, 46.263847960211862 ], [ -108.261366088720322, 46.263848035811755 ], [ -108.261340152582164, 46.263848111405721 ], [ -108.261314217741685, 46.263848187007937 ], [ -108.261288281562329, 46.263848264389928 ], [ -108.261262345424058, 46.263848339965996 ], [ -108.261236410583336, 46.263848415550385 ], [ -108.261210474444809, 46.263848491114523 ], [ -108.26118453700866, 46.263848566658474 ], [ -108.26115860087009, 46.263848642210725 ], [ -108.261132666029013, 46.263848717771268 ], [ -108.261106729890301, 46.263848793311602 ], [ -108.261080793751503, 46.263848868845983 ], [ -108.2610548589102, 46.263848944388634 ], [ -108.26102892277126, 46.263849019911113 ], [ -108.261002985334613, 46.263849095413377 ], [ -108.260977051790746, 46.263849170952405 ], [ -108.260951114353944, 46.263849246442753 ], [ -108.26092517821462, 46.263849321941414 ], [ -108.26089924207534, 46.263849397434093 ], [ -108.260873307233624, 46.263849472935043 ], [ -108.260847371094087, 46.263849548415799 ], [ -108.260821434934044, 46.263849624790609 ], [ -108.260795500092016, 46.263849700273703 ], [ -108.260769563952366, 46.263849775736631 ], [ -108.260743626514994, 46.263849851179323 ], [ -108.260717692970388, 46.2638499266588 ], [ -108.260691755532889, 46.263850002089576 ], [ -108.260665819392941, 46.263850077528645 ], [ -108.260639884550471, 46.263850152976019 ], [ -108.260613948410395, 46.263850228403179 ], [ -108.260588012270247, 46.263850303824384 ], [ -108.260562074832364, 46.263850379225374 ], [ -108.260536141287261, 46.263850454663178 ], [ -108.260510203849236, 46.263850530052274 ], [ -108.260484267708691, 46.263850605449633 ], [ -108.260458332865824, 46.263850680855306 ], [ -108.260432396725236, 46.263850756240792 ], [ -108.260406460584477, 46.263850831620289 ], [ -108.260380525741397, 46.263850907008099 ], [ -108.260354589600496, 46.263850982375658 ], [ -108.26032865341854, 46.263851059537316 ], [ -108.260302716000481, 46.26385113397874 ], [ -108.260276782454667, 46.263851209356979 ], [ -108.260250845015918, 46.263851284686496 ], [ -108.260224908874747, 46.263851360024304 ], [ -108.26019897403107, 46.263851435370405 ], [ -108.260173037889757, 46.263851510696334 ], [ -108.260147101748373, 46.263851586016266 ], [ -108.260121166904483, 46.263851661344496 ], [ -108.260095230762957, 46.263851736652512 ], [ -108.26006929332371, 46.263851811940377 ], [ -108.260043357181942, 46.263851887236491 ], [ -108.260017422337853, 46.26385196254089 ], [ -108.259991486195943, 46.263852037825089 ], [ -108.259965550054062, 46.263852113103333 ], [ -108.259939615209746, 46.26385218838989 ], [ -108.259913679067637, 46.263852263656226 ], [ -108.259887742925528, 46.2638523389166 ], [ -108.259861808080913, 46.26385241418528 ], [ -108.259835871897565, 46.263852491233742 ], [ -108.259809934457607, 46.263852566461999 ], [ -108.259784000910429, 46.263852641727041 ], [ -108.259758063470301, 46.26385271694339 ], [ -108.25973212732778, 46.263852792168059 ], [ -108.259706191185174, 46.263852867386738 ], [ -108.259680256340047, 46.263852942613717 ], [ -108.259654320197313, 46.26385301782048 ], [ -108.25962838275683, 46.263853093007064 ], [ -108.259602449209154, 46.263853168230426 ], [ -108.259576511768543, 46.263853243405066 ], [ -108.259550575625397, 46.263853318587991 ], [ -108.259524640779944, 46.263853393779279 ], [ -108.259498704636769, 46.263853468950288 ], [ -108.25947276849341, 46.263853544115364 ], [ -108.259446832350093, 46.263853619274492 ], [ -108.259420897504256, 46.26385369444192 ], [ -108.259394961360798, 46.263853769589126 ], [ -108.259369023899055, 46.263853845616126 ], [ -108.25934309035064, 46.263853920779923 ], [ -108.259317152909318, 46.263853995894983 ], [ -108.259291216765561, 46.263854071018365 ], [ -108.259265281919298, 46.263854146150074 ], [ -108.259239345775384, 46.263854221261539 ], [ -108.259213409631428, 46.263854296367043 ], [ -108.259187472189737, 46.263854371452332 ], [ -108.259161538640825, 46.263854446574491 ], [ -108.259135601198992, 46.263854521647858 ], [ -108.259109665054638, 46.263854596729523 ], [ -108.259083730207976, 46.263854671819516 ], [ -108.259057794063466, 46.263854746889308 ], [ -108.259031857918998, 46.263854821953124 ], [ -108.25900592307211, 46.263854897025226 ], [ -108.2589799869274, 46.263854972077134 ], [ -108.258954050782719, 46.26385504712308 ], [ -108.258928113340303, 46.263855122148833 ], [ -108.258902179790681, 46.26385519721137 ], [ -108.258876242327574, 46.263855273125195 ], [ -108.258850306182595, 46.263855348147302 ], [ -108.258824371335109, 46.263855423177738 ], [ -108.258798435189988, 46.263855498187937 ], [ -108.258772499044809, 46.263855573192203 ], [ -108.258746564197111, 46.26385564820476 ], [ -108.258720628051776, 46.263855723197089 ], [ -108.258694691906271, 46.263855798183457 ], [ -108.258668757058459, 46.263855873178187 ], [ -108.258642820912911, 46.263855948152646 ], [ -108.258616883469543, 46.263856023106882 ], [ -108.258590947323853, 46.263856098069439 ], [ -108.258565012475742, 46.263856173040338 ], [ -108.258539076329825, 46.263856247990965 ], [ -108.258513140183922, 46.263856322935659 ], [ -108.258487205335499, 46.263856397888638 ], [ -108.258461269189453, 46.263856472821438 ], [ -108.258435331745687, 46.263856547733994 ], [ -108.258409398194701, 46.263856622683385 ], [ -108.258383460709638, 46.263856699383986 ], [ -108.258357524563309, 46.263856774292961 ], [ -108.258331588416809, 46.263856849195939 ], [ -108.258305653567987, 46.263856924107237 ], [ -108.258279717421431, 46.263856998998321 ], [ -108.258253781274718, 46.263857073883479 ], [ -108.258227846425683, 46.2638571487769 ], [ -108.258201910278828, 46.263857223650092 ], [ -108.258175972834351, 46.263857298503076 ], [ -108.258150037985075, 46.26385737337867 ], [ -108.258124101838007, 46.263857448234006 ], [ -108.258098165690967, 46.263857523083374 ], [ -108.258072229543842, 46.263857597926801 ], [ -108.258046294694211, 46.263857672778556 ], [ -108.258020358546943, 46.263857747610075 ], [ -108.257994421101955, 46.263857822421357 ], [ -108.257968487549761, 46.26385789726951 ], [ -108.25794255010463, 46.26385797206887 ], [ -108.257916613936501, 46.263858047776552 ], [ -108.257890679086444, 46.26385812259258 ], [ -108.25786474293875, 46.263858197388345 ], [ -108.257838806790986, 46.263858272178176 ], [ -108.25781287064305, 46.263858346962017 ], [ -108.257786935792808, 46.263858421754193 ], [ -108.257760999644731, 46.263858496526176 ], [ -108.257735062199032, 46.263858571277893 ], [ -108.257709128646212, 46.26385864606646 ], [ -108.257683191200272, 46.263858720806255 ], [ -108.257676649444335, 46.263858723555195 ], [ -108.257676730010616, 46.263840785829018 ], [ -108.257676811833434, 46.263822849917062 ], [ -108.257676893676674, 46.263804913105204 ], [ -108.257676975499365, 46.26378697719332 ], [ -108.257677057321928, 46.263769041281435 ], [ -108.257677139185688, 46.263751103569618 ], [ -108.257677221008123, 46.263733167657762 ], [ -108.257677302851192, 46.263715230845946 ], [ -108.257677383375878, 46.263697294919886 ], [ -108.257677465239425, 46.263679357208112 ], [ -108.257677547082238, 46.263661420396346 ], [ -108.257677631499703, 46.263643484513146 ], [ -108.257677712065444, 46.263625546787154 ], [ -108.257677793887495, 46.263607610875425 ], [ -108.257677875709604, 46.263589674963718 ], [ -108.257677957552147, 46.263571738152031 ], [ -108.257678039374142, 46.263553802240345 ], [ -108.257678121237163, 46.263535864528713 ], [ -108.257678203059058, 46.263517928617077 ], [ -108.257678283624429, 46.263499990891169 ], [ -108.257678365466688, 46.263482054079589 ], [ -108.257678447288413, 46.263464118167995 ], [ -108.257678529151164, 46.263446180456441 ], [ -108.257678610972789, 46.263428244544848 ], [ -108.257678692794258, 46.263410308633297 ], [ -108.257678774636261, 46.263392371821794 ], [ -108.257678856457716, 46.263374435910286 ], [ -108.257678937022661, 46.2633564981845 ], [ -108.257679018843902, 46.263338562273027 ], [ -108.257679100685777, 46.263320625461574 ], [ -108.257679182506934, 46.26330268955013 ], [ -108.257679264369287, 46.263284751838718 ], [ -108.257679346210907, 46.263266815027301 ], [ -108.257679429329528, 46.263248879130181 ], [ -108.257679511150556, 46.263230943218794 ], [ -108.257679593012611, 46.263213005507446 ], [ -108.257679674833525, 46.263195069596065 ], [ -108.257679756674861, 46.263177132784762 ], [ -108.257679837198054, 46.263159196859164 ], [ -108.257679919059882, 46.263141259147886 ], [ -108.257680000880583, 46.263123323236591 ], [ -108.25768008272172, 46.263105386425309 ], [ -108.257680164583476, 46.263087448714082 ], [ -108.257680246403922, 46.263069512802851 ], [ -108.25768032822441, 46.263051576891634 ], [ -108.257680408788374, 46.263033639166139 ], [ -108.257680490608664, 46.26301570325495 ], [ -108.257680572449573, 46.262997766443796 ], [ -108.257680654269748, 46.262979830532643 ], [ -108.257680736131036, 46.262961892821494 ], [ -108.257680817951197, 46.262943956910362 ], [ -108.257680899791794, 46.262926020099272 ], [ -108.25768098165301, 46.262908082388215 ], [ -108.257681062175394, 46.26289014646283 ], [ -108.2576811465905, 46.262872210580305 ], [ -108.257681228430869, 46.262854273769292 ], [ -108.257681310250703, 46.262836337858275 ], [ -108.257681390813943, 46.262818400133 ], [ -108.257681472633664, 46.262800464221989 ], [ -108.257681554473834, 46.262782527411026 ], [ -108.257681636293455, 46.262764591500066 ], [ -108.257681718154089, 46.262746653789137 ], [ -108.257681799994188, 46.262728716978202 ], [ -108.257681881813554, 46.262710781067277 ], [ -108.25768196233534, 46.262692845142105 ], [ -108.257682044195761, 46.26267490743124 ], [ -108.257682126015055, 46.262656971520379 ], [ -108.257682207854799, 46.262639034709515 ], [ -108.25768228967398, 46.262621098798682 ], [ -108.257682371534202, 46.262603161087888 ], [ -108.257682453353283, 46.262585225177084 ], [ -108.257682535213377, 46.262567287466297 ], [ -108.257682615755314, 46.262549350641272 ], [ -108.257682697574225, 46.262531414730518 ], [ -108.257682779393008, 46.26251347881977 ], [ -108.257682861252889, 46.262495541109047 ], [ -108.257682943071643, 46.262477605198335 ], [ -108.257683026208454, 46.262459668401952 ], [ -108.257683108027095, 46.262441732491283 ], [ -108.257683189886762, 46.262423794780609 ], [ -108.257683271705318, 46.262405858869982 ], [ -108.25768335354428, 46.262387922059396 ], [ -108.257683435362722, 46.262369986148769 ], [ -108.257683515924569, 46.262352048423935 ], [ -108.257683597742883, 46.262334112513322 ], [ -108.257683679581646, 46.262316175702779 ], [ -108.257683761399861, 46.262298239792237 ], [ -108.257683843259102, 46.262280302081734 ], [ -108.257683925077217, 46.262262366171178 ], [ -108.257684006915753, 46.26224442936072 ], [ -108.257684088733754, 46.262226493450235 ], [ -108.25768416929516, 46.262208555725536 ], [ -108.257684251113062, 46.262190619815094 ], [ -108.257684332951385, 46.26217268300465 ], [ -108.257684414769173, 46.262154747094236 ], [ -108.257684496627974, 46.262136809383861 ], [ -108.257684578445648, 46.262118873473483 ], [ -108.257684660304349, 46.262100935763101 ], [ -108.257684740824317, 46.262082999838491 ], [ -108.257684825257527, 46.262065063056731 ], [ -108.257684907075003, 46.262047127146417 ], [ -108.257684988933462, 46.262029189436106 ], [ -108.257685069453217, 46.262011253511538 ], [ -108.257685151291, 46.261993316701322 ], [ -108.257685233108248, 46.261975380791043 ], [ -108.257685314966523, 46.261957443080796 ], [ -108.257685396783657, 46.261939507170581 ], [ -108.257685478621212, 46.261921570360407 ], [ -108.257685560438247, 46.261903634450228 ], [ -108.257685640998687, 46.261885696725813 ], [ -108.257685722815623, 46.261867760815619 ], [ -108.257685804652965, 46.261849824005509 ], [ -108.257685886469787, 46.261831888095386 ], [ -108.257685968327621, 46.261813950385296 ], [ -108.257686050144329, 46.261796014475181 ], [ -108.257686131981458, 46.261778077665134 ], [ -108.257686213798067, 46.26176014175509 ], [ -108.257686294358081, 46.261742204030789 ], [ -108.257686376174561, 46.261724268120766 ], [ -108.257686458011491, 46.261706331310762 ], [ -108.257686539827873, 46.26168839540076 ], [ -108.257686622982874, 46.26167045770508 ], [ -108.257686704799141, 46.261652521795135 ], [ -108.257686786656436, 46.261634584085172 ], [ -108.257686868472604, 46.261616648175249 ], [ -108.257686950309193, 46.261598711365373 ], [ -108.257687032125162, 46.261580775455464 ], [ -108.257687113982328, 46.261562837745579 ], [ -108.25768719450069, 46.261544901821438 ], [ -108.257687276337066, 46.261526965011619 ], [ -108.257687358152907, 46.261509029101802 ], [ -108.257687440009761, 46.261491091391967 ], [ -108.257687521825503, 46.261473155482172 ], [ -108.257687603661665, 46.261455218672417 ], [ -108.257687685477308, 46.261437282762664 ], [ -108.257687767333934, 46.261419345052943 ], [ -108.257687847851869, 46.261401409128901 ], [ -108.257687929687819, 46.261383472319217 ], [ -108.257688011503234, 46.261365536409514 ], [ -108.257688093359647, 46.261347598699857 ], [ -108.257688175174948, 46.261329662790189 ], [ -108.257688257010685, 46.261311725980534 ], [ -108.257688338825886, 46.261293790070901 ], [ -108.257688421979694, 46.261275852375583 ], [ -108.257688503794668, 46.261257916466 ], [ -108.257688585630291, 46.261239979656395 ], [ -108.25768866744518, 46.261222043746834 ], [ -108.257688748003673, 46.261204106023023 ], [ -108.257688829818548, 46.261186170113497 ], [ -108.257688911674421, 46.261168232403953 ], [ -108.257688993489197, 46.261150296494456 ], [ -108.257689075324379, 46.261132359684993 ], [ -108.257689157138955, 46.261114423775531 ], [ -108.257689238994715, 46.261096486066066 ], [ -108.25768931951167, 46.261078550142344 ], [ -108.257689401346653, 46.261060613332958 ], [ -108.257689483161101, 46.261042677423546 ], [ -108.257689565016534, 46.26102473971418 ], [ -108.257689646830869, 46.26100680380479 ], [ -108.257689728665639, 46.260988866995461 ], [ -108.25768981047986, 46.260970931086113 ], [ -108.257689892335094, 46.260952993376819 ], [ -108.257689972851637, 46.260935057453203 ], [ -108.257690054686179, 46.260917120643938 ], [ -108.257690139095246, 46.260899184763211 ], [ -108.257690220950366, 46.26088124705398 ], [ -108.257690301466582, 46.260863311130457 ], [ -108.257690383301025, 46.260845374321242 ], [ -108.257690465114706, 46.260827438412015 ], [ -108.257690546969599, 46.260809500702855 ], [ -108.257690628783195, 46.260791564793685 ], [ -108.25769071061741, 46.26077362798452 ], [ -108.257690792430878, 46.260755692075385 ], [ -108.257690872987993, 46.260737754351986 ], [ -108.257690954801461, 46.260719818442887 ], [ -108.257691036655942, 46.260701880733777 ], [ -108.257691118469197, 46.260683944824713 ], [ -108.257691200303086, 46.260666008015676 ], [ -108.257691282116241, 46.26064807210664 ], [ -108.257691363970608, 46.260630134397587 ], [ -108.257691445783664, 46.260612198488559 ], [ -108.257691526319761, 46.260594261665318 ], [ -108.257691608132774, 46.260576325756347 ], [ -108.257691689986842, 46.260558388047414 ], [ -108.257691771799756, 46.260540452138429 ], [ -108.257691853633119, 46.260522515329534 ], [ -108.257691935445933, 46.260504579420605 ], [ -108.257692018597339, 46.260486641726004 ], [ -108.257692100409955, 46.260468705817104 ], [ -108.25769218224319, 46.260450769008273 ], [ -108.257692264055692, 46.260432833099415 ], [ -108.257692345909405, 46.260414895390603 ], [ -108.257692426424242, 46.260396959467514 ], [ -108.257692508257264, 46.260379022658718 ], [ -108.257692590069567, 46.260361086749931 ], [ -108.257692671923053, 46.260343149041177 ], [ -108.257692753735228, 46.260325213132418 ], [ -108.257692835568037, 46.260307276323694 ], [ -108.257692917380112, 46.260289340414978 ], [ -108.25769299919223, 46.260271404506277 ], [ -108.257693079747796, 46.260253466783347 ], [ -108.257693161559814, 46.260235530874667 ], [ -108.257693243371662, 46.260217594965987 ], [ -108.257693325183567, 46.260199659057356 ], [ -108.25769340699533, 46.260181723148719 ], [ -108.257693488807121, 46.260163787240124 ], [ -108.257693571957475, 46.260145849545829 ], [ -108.257693653769167, 46.26012791363727 ], [ -108.257693735560125, 46.260109978628684 ], [ -108.257693817371702, 46.260092042720153 ], [ -108.257693899183124, 46.260074106811622 ], [ -108.257693979738193, 46.26005616908887 ], [ -108.257694061549515, 46.260038233180381 ], [ -108.257694143360865, 46.260020297271915 ], [ -108.257694225172088, 46.260002361363462 ], [ -108.257694306983339, 46.259984425455016 ], [ -108.257694388835603, 46.259966487746631 ], [ -108.257694470646754, 46.259948551838214 ], [ -108.257694551139608, 46.259930616815531 ], [ -108.257694632950631, 46.259912680907156 ], [ -108.257694714761527, 46.259894744998817 ], [ -108.257694796572451, 46.259876809090464 ], [ -108.257694878424402, 46.259858871382157 ], [ -108.257694960235227, 46.259840935473818 ], [ -108.257695042045896, 46.259822999565529 ], [ -108.257695125154157, 46.259805063671536 ], [ -108.257695206964712, 46.259787127763268 ], [ -108.257695288816393, 46.259769190055046 ], [ -108.257695370626934, 46.259751254146842 ], [ -108.257695452416755, 46.25973331913859 ], [ -108.257695532929645, 46.25971538321614 ], [ -108.257695614740044, 46.25969744730795 ], [ -108.257695696591441, 46.25967950959982 ], [ -108.257695778401711, 46.25966157369168 ], [ -108.257695860211854, 46.259643637783547 ], [ -108.257695942022025, 46.259625701875429 ], [ -108.25769602383204, 46.259607765967345 ], [ -108.257696104344561, 46.259589830044995 ], [ -108.257696186195645, 46.259571892336957 ], [ -108.257696267985025, 46.259553957328876 ], [ -108.257696349794827, 46.25953602142085 ], [ -108.257696431604671, 46.259518085512852 ], [ -108.257696513414373, 46.259500149604847 ], [ -108.257696596562738, 46.259482211911184 ], [ -108.257696678372412, 46.259464276003207 ], [ -108.257696760181958, 46.259446340095224 ], [ -108.257696841991532, 46.259428404187304 ], [ -108.257696923800964, 46.259410468279391 ], [ -108.257697005651593, 46.259392530571517 ], [ -108.257697086163461, 46.259374594649366 ], [ -108.257697167952159, 46.259356659641512 ], [ -108.257697249761463, 46.259338723733642 ], [ -108.257697331570625, 46.259320787825814 ], [ -108.257697413379717, 46.259302851917987 ], [ -108.257697495230033, 46.259284914210227 ], [ -108.257697577039025, 46.259266978302442 ], [ -108.257697657550523, 46.259249042380404 ], [ -108.257697739359514, 46.259231106472662 ], [ -108.257697821168335, 46.259213170564927 ], [ -108.257697903018396, 46.259195232857223 ], [ -108.257697984827118, 46.259177296949524 ], [ -108.257698067912742, 46.259159361956101 ], [ -108.257698149721463, 46.25914142604843 ], [ -108.257698231530014, 46.259123490140787 ], [ -108.257698313379791, 46.259105552433184 ], [ -108.257698395188243, 46.259087616525555 ], [ -108.257698476996751, 46.259069680617962 ], [ -108.257698557507567, 46.259051744696073 ], [ -108.257698639315947, 46.259033808788523 ], [ -108.257698721124186, 46.259015872880973 ], [ -108.257698802973636, 46.258997935173454 ], [ -108.257698884761183, 46.258980000165941 ], [ -108.257698966569365, 46.258962064258412 ], [ -108.25769904837739, 46.258944128350933 ], [ -108.257699130185458, 46.258926192443468 ], [ -108.257699210737101, 46.258908254721753 ], [ -108.257699292544956, 46.258890318814323 ], [ -108.257699374352768, 46.258872382906915 ], [ -108.257699456160623, 46.258854446999521 ], [ -108.257699539265857, 46.258836511106402 ], [ -108.257699621114753, 46.258818573399068 ], [ -108.257699702922352, 46.258800637491703 ], [ -108.257699784709416, 46.258782702484346 ], [ -108.257699866516887, 46.258764766577038 ], [ -108.257699948324415, 46.258746830669729 ], [ -108.257700030131801, 46.258728894762434 ], [ -108.257700110682848, 46.258710957040925 ], [ -108.25770019249012, 46.258693021133681 ], [ -108.257700274297434, 46.258675085226407 ], [ -108.257700356104593, 46.258657149319184 ], [ -108.257700437911794, 46.258639213411989 ], [ -108.257700519760007, 46.258621275704819 ], [ -108.257700601567095, 46.258603339797652 ], [ -108.257700683353463, 46.258585404790516 ], [ -108.257700763862928, 46.258567468869074 ], [ -108.257700845669774, 46.25854953296195 ], [ -108.257700930071593, 46.258531597083405 ], [ -108.257701011919579, 46.258513659376341 ], [ -108.257701092428832, 46.258495723454999 ], [ -108.25770117423545, 46.25847778754796 ], [ -108.257701256042111, 46.258459851640907 ], [ -108.257701337848616, 46.258441915733883 ], [ -108.257701419696346, 46.258423978026912 ], [ -108.257701501482174, 46.258406043019903 ], [ -108.257701583288522, 46.258388107112921 ], [ -108.257701663797391, 46.2583701711917 ], [ -108.25770174560374, 46.258352235284761 ], [ -108.257701827451086, 46.258334297577861 ], [ -108.257701909257321, 46.258316361670964 ], [ -108.257701991063399, 46.258298425764075 ], [ -108.25770207286952, 46.258280489857178 ], [ -108.257702154675499, 46.258262553950324 ], [ -108.257702236481506, 46.258244618043484 ], [ -108.257702317010427, 46.258226681222418 ], [ -108.257702398816349, 46.258208745315621 ], [ -108.25770248321713, 46.258190809437338 ], [ -108.257702565022839, 46.258172873530583 ], [ -108.257702645531054, 46.258154937609547 ], [ -108.257702727377819, 46.258136999902838 ], [ -108.257702809183456, 46.258119063996105 ], [ -108.257702890988938, 46.258101128089415 ], [ -108.257702972794476, 46.258083192182724 ], [ -108.257703054599858, 46.258065256276055 ], [ -108.257703136446423, 46.258047318569425 ], [ -108.257703216933706, 46.258029383548489 ], [ -108.257703298738932, 46.258011447641856 ], [ -108.257703380544186, 46.257993511735265 ], [ -108.257703462349298, 46.257975575828659 ], [ -108.257703544154353, 46.25795763992209 ], [ -108.257703626000605, 46.257939702215566 ], [ -108.257703707805561, 46.257921766309032 ], [ -108.257703788313037, 46.257903830388194 ], [ -108.257703870117965, 46.257885894481696 ], [ -108.25770395451778, 46.257867958603768 ], [ -108.257704036363663, 46.257850020897315 ], [ -108.257704118147856, 46.257832085890854 ], [ -108.257704198654977, 46.257814149970145 ], [ -108.257704280459635, 46.257796214063703 ], [ -108.25770436226415, 46.257778278157296 ], [ -108.257704444109876, 46.257760340450922 ], [ -108.257704525914292, 46.257742404544544 ], [ -108.257704607718722, 46.257724468638202 ], [ -108.257704689523024, 46.257706532731859 ], [ -108.257704770029875, 46.257688596811263 ], [ -108.257704851834063, 46.257670660904964 ], [ -108.257704933679449, 46.257652723198696 ], [ -108.25770501546296, 46.257634788192398 ], [ -108.257705097267078, 46.257616852286141 ], [ -108.257705179071067, 46.257598916379905 ], [ -108.257705260875071, 46.257580980473676 ], [ -108.257705341422707, 46.257563042753233 ], [ -108.257705425821513, 46.257545106875583 ], [ -108.257705507625275, 46.257527170969425 ], [ -108.257705589429079, 46.257509235063232 ], [ -108.25770566993522, 46.257491299142821 ], [ -108.25770575178008, 46.257473361436716 ], [ -108.257705833563051, 46.257455426430617 ], [ -108.257705915366614, 46.257437490524538 ], [ -108.257705997170063, 46.257419554618451 ], [ -108.257706078973541, 46.257401618712365 ], [ -108.257706160776877, 46.257383682806328 ], [ -108.257706242621396, 46.257365745100337 ], [ -108.257706323127124, 46.257347809180061 ], [ -108.257706404930389, 46.257329873274074 ], [ -108.257706486733497, 46.257311937368094 ], [ -108.257706568536648, 46.257294001462135 ], [ -108.257706650380811, 46.257276063756215 ], [ -108.257706732163271, 46.25725812875028 ], [ -108.25770681396618, 46.257240192844371 ], [ -108.257706897066498, 46.257222256952758 ], [ -108.257706978869393, 46.257204321046906 ], [ -108.257707060713273, 46.257186383341057 ], [ -108.257707142516068, 46.257168447435234 ], [ -108.257707223021285, 46.257150511515121 ], [ -108.257707304823867, 46.25713257560929 ], [ -108.257707386626478, 46.257114639703502 ], [ -108.257707468428933, 46.257096703797721 ], [ -108.257707550272599, 46.257078766091993 ], [ -108.257707632054377, 46.257060831086264 ], [ -108.257707713856774, 46.257042895180547 ], [ -108.257707795659016, 46.257024959274816 ], [ -108.257707876163821, 46.257007023354845 ], [ -108.257707958007131, 46.256989085649209 ], [ -108.257708039809302, 46.256971149743556 ], [ -108.25770812161133, 46.25695321383791 ], [ -108.257708203413415, 46.256935277932278 ], [ -108.257708285215344, 46.256917342026689 ], [ -108.25770836835585, 46.256899404335392 ], [ -108.257708450137173, 46.256881469329798 ], [ -108.257708531938945, 46.256863533424244 ], [ -108.257708613740746, 46.256845597518705 ], [ -108.257708695542405, 46.25682766161318 ], [ -108.257708776046613, 46.256809725693422 ], [ -108.257708857889313, 46.25679178798795 ], [ -108.2577089396909, 46.256773852082482 ], [ -108.257709021492346, 46.256755916177021 ], [ -108.25770910329382, 46.256737980271538 ], [ -108.257709185136321, 46.256720042566158 ], [ -108.257709264342722, 46.256702106632211 ], [ -108.257709346164617, 46.256684169826848 ], [ -108.257709427965793, 46.256666233921486 ], [ -108.257709509808166, 46.256648296216113 ], [ -108.257709589014368, 46.25663036028223 ], [ -108.257709670835951, 46.256612423476945 ], [ -108.257709752636998, 46.256594487571647 ], [ -108.257709834437904, 46.256576551666328 ], [ -108.257709913685048, 46.256558613932526 ], [ -108.257709995485939, 46.256540678027271 ], [ -108.257710077307266, 46.256522741222064 ], [ -108.257710157810564, 46.256504805302569 ], [ -108.257710239652354, 46.25648686759736 ], [ -108.257710320155553, 46.256468931677908 ], [ -108.257710400679287, 46.25645099485849 ], [ -108.257710482479752, 46.256433058953334 ], [ -108.257710564280259, 46.256415123048164 ], [ -108.257710643526934, 46.256397185314526 ], [ -108.257710725327243, 46.256379249409434 ], [ -108.257710807148158, 46.256361312604355 ], [ -108.257710888948367, 46.256343376699299 ], [ -108.257710970789773, 46.256325438994246 ], [ -108.257711049994924, 46.256307503060647 ], [ -108.25771113181564, 46.25628956625566 ], [ -108.257711213615622, 46.25627163035066 ], [ -108.257711295415646, 46.25625369444564 ], [ -108.257711374661852, 46.256235756712151 ], [ -108.257711456461678, 46.256217820807201 ], [ -108.257711538282109, 46.256199884002292 ], [ -108.257711620081835, 46.256181948097385 ], [ -108.257711699327828, 46.256164010363918 ], [ -108.257711781127512, 46.256146074459046 ], [ -108.257711862968236, 46.256128136754178 ], [ -108.257711944767834, 46.256110200849349 ], [ -108.257712025269825, 46.256092264930246 ], [ -108.257712105792422, 46.25607432811114 ], [ -108.257712187591864, 46.256056392206347 ], [ -108.257712269432304, 46.256038454501578 ], [ -108.257712349934167, 46.256020518582545 ], [ -108.257712430456451, 46.256002581763504 ], [ -108.257712512255679, 46.255984645858796 ], [ -108.257712592798541, 46.25596670813983 ], [ -108.25771267459757, 46.255948772235108 ], [ -108.257712756396614, 46.25593083633045 ], [ -108.257712835621277, 46.255912899497226 ], [ -108.257712917420136, 46.255894963592581 ], [ -108.257712999260093, 46.255877025887962 ], [ -108.257713081058938, 46.255859089983353 ], [ -108.257713160283387, 46.255841153150207 ], [ -108.257713242082033, 46.255823217245606 ], [ -108.257713323921877, 46.255805279541086 ], [ -108.257713405720409, 46.255787343636541 ], [ -108.257713484924068, 46.255769407703454 ], [ -108.257713566743163, 46.255751470898943 ], [ -108.257713648541539, 46.255733534994427 ], [ -108.257713730381113, 46.255715597289992 ], [ -108.257713812179375, 46.255697661385518 ], [ -108.257713891403341, 46.255679724552529 ], [ -108.257713973201604, 46.255661788648084 ], [ -108.257714055040864, 46.255643850943699 ], [ -108.257714136838999, 46.255625915039317 ], [ -108.257714216042189, 46.255607979106372 ], [ -108.257714297881293, 46.255590041402037 ], [ -108.257714379679271, 46.255572105497684 ], [ -108.257714460200219, 46.255554168679097 ], [ -108.257714541998098, 46.255536232774787 ], [ -108.257714622539538, 46.255518295056248 ], [ -108.257714703039852, 46.255500359137692 ], [ -108.257714784858138, 46.255482422333415 ], [ -108.257714866655704, 46.255464486429183 ], [ -108.25771494585841, 46.255446550496401 ], [ -108.257715027697031, 46.255428612792201 ], [ -108.257715109494526, 46.255410676888033 ], [ -108.257715191312457, 46.255392740083849 ], [ -108.25771527051495, 46.255374804151131 ], [ -108.257715352353458, 46.255356866447016 ], [ -108.257715434150626, 46.255338930542898 ], [ -108.257715515968442, 46.255320993738763 ], [ -108.257715597765525, 46.255303057834674 ], [ -108.257715676967749, 46.255285121902048 ], [ -108.257715758805986, 46.255267184198033 ], [ -108.257715840602899, 46.255249248293978 ], [ -108.257715922420445, 46.255231311489943 ], [ -108.25771600162247, 46.255213375557389 ], [ -108.25771608346038, 46.255195437853423 ], [ -108.257716165257179, 46.255177501949461 ], [ -108.257716247074399, 46.255159565145497 ], [ -108.257716327573661, 46.255141629227275 ], [ -108.257716408072753, 46.255123693309095 ], [ -108.257716489910493, 46.2551057556052 ], [ -108.257716571706922, 46.255087819701316 ], [ -108.257716652247126, 46.255069881983196 ], [ -108.257716732746104, 46.255051946065038 ], [ -108.257716814562954, 46.255034009261209 ], [ -108.257716895061833, 46.255016073343121 ], [ -108.257716976899246, 46.25499813563934 ], [ -108.257717057397926, 46.254980199721295 ], [ -108.257717137896634, 46.254962263803193 ], [ -108.257717219713228, 46.254944326999478 ], [ -108.257717301509274, 46.254926391095736 ], [ -108.257717383346332, 46.254908453392055 ], [ -108.25771746254739, 46.254890517459756 ], [ -108.257717544363857, 46.254872580656098 ], [ -108.257717626159589, 46.254854644752434 ], [ -108.25771770799652, 46.254836707048817 ], [ -108.257717787197379, 46.254818771116611 ], [ -108.257717868992955, 46.254800835212968 ], [ -108.257717950809152, 46.254782898409402 ], [ -108.257718032604615, 46.254764962505803 ], [ -108.257718114441275, 46.254747024802256 ], [ -108.257718193641864, 46.254729088870135 ], [ -108.257718275457748, 46.254711152066626 ], [ -108.257718357253097, 46.254693216163112 ], [ -108.257718439089444, 46.254675278459636 ], [ -108.257718518289821, 46.254657342527608 ], [ -108.257718600084914, 46.254639406624108 ], [ -108.257718681900627, 46.254621469820691 ], [ -108.25771876239827, 46.25460353390298 ], [ -108.257718842936924, 46.254585596185308 ], [ -108.257718924731904, 46.254567660281914 ], [ -108.257719005249967, 46.254549723464265 ], [ -108.257719087044748, 46.254531787560886 ], [ -108.257719168880712, 46.254513849857567 ], [ -108.257719249377942, 46.254495913939969 ], [ -108.257719329875215, 46.254477978022344 ], [ -108.257719411710923, 46.254460040319074 ], [ -108.257719493505505, 46.254442104415794 ], [ -108.25771957272579, 46.254424167584006 ], [ -108.257719654520173, 46.254406231680768 ], [ -108.257719736355753, 46.254388293977527 ], [ -108.257719818150051, 46.254370358074311 ], [ -108.25771989996494, 46.25435242127115 ], [ -108.257719979164364, 46.254334485339427 ], [ -108.257720060958491, 46.254316549436226 ], [ -108.257720142793815, 46.25429861173312 ], [ -108.257720224587828, 46.254280675829975 ], [ -108.257720303807616, 46.254262738998342 ], [ -108.257720385601615, 46.254244803095268 ], [ -108.257720467436627, 46.254226865392177 ], [ -108.257720549230527, 46.25420892948911 ], [ -108.257720628450016, 46.254190992657556 ], [ -108.257720710243788, 46.254173056754532 ], [ -108.257720792037432, 46.2541551208515 ], [ -108.257720873872273, 46.254137183148515 ], [ -108.257720954368466, 46.254119247231273 ], [ -108.257721034885108, 46.254101310414072 ], [ -108.257721116678624, 46.25408337451114 ], [ -108.25772119721573, 46.254065436793915 ], [ -108.257721279009147, 46.254047500891005 ], [ -108.257721359525675, 46.254029564073882 ], [ -108.257721440021456, 46.254011628156739 ], [ -108.257721521814702, 46.253993692253843 ], [ -108.25772160364896, 46.253975754551028 ], [ -108.257721685442107, 46.253957818648203 ], [ -108.25772176468152, 46.253939880916889 ], [ -108.257721846474453, 46.253921945014106 ], [ -108.257721928288021, 46.253904008211329 ], [ -108.25772201008084, 46.253886072308575 ], [ -108.257722089320055, 46.253868134577317 ], [ -108.257722171112874, 46.253850198674591 ], [ -108.257722252905538, 46.253832262771894 ], [ -108.257722334718821, 46.253814325969202 ], [ -108.257722413916653, 46.253796390037984 ], [ -108.257722495750329, 46.253778452335347 ], [ -108.257722577542879, 46.253760516432727 ], [ -108.257722659355849, 46.253742579630106 ], [ -108.2577227411482, 46.253724643727523 ], [ -108.257722820386931, 46.253706705996393 ], [ -108.257722902179268, 46.253688770093824 ], [ -108.257722983971448, 46.253670834191283 ], [ -108.257723064486839, 46.253652897374479 ], [ -108.257723144981611, 46.253634961457685 ], [ -108.25772322681479, 46.253617023755204 ], [ -108.257723307309462, 46.253599087838452 ], [ -108.257723389121949, 46.253581151035988 ], [ -108.257723470913902, 46.253563215133539 ], [ -108.257723551449558, 46.253545277416855 ], [ -108.257723631943918, 46.253527341500174 ], [ -108.2577237137357, 46.253509405597775 ], [ -108.257723795547932, 46.25349146879541 ], [ -108.257723874744812, 46.253473532864483 ], [ -108.257723956577607, 46.253455595162166 ], [ -108.257724038369076, 46.253437659259838 ], [ -108.257724120201772, 46.253419721557556 ], [ -108.257724199398439, 46.253401785626707 ], [ -108.257724281210344, 46.253383848824441 ], [ -108.257724363001714, 46.253365912922177 ], [ -108.257724444792927, 46.253347977019935 ], [ -108.257724526625339, 46.253330039317731 ], [ -108.25772460582165, 46.253312103386975 ], [ -108.257724687633385, 46.25329416658478 ], [ -108.257724769424385, 46.253276230682602 ], [ -108.257724851256583, 46.253258292980476 ], [ -108.257724930452781, 46.253240357049791 ], [ -108.257725012264203, 46.253222420247667 ], [ -108.257725094055075, 46.253204484345552 ], [ -108.25772517584582, 46.253186548443473 ], [ -108.257725256339185, 46.253168612527126 ], [ -108.25772533817107, 46.2531506748251 ], [ -108.257725419961631, 46.253132738923064 ], [ -108.257725501752148, 46.253114803021049 ], [ -108.257725583542708, 46.253096867119005 ], [ -108.257725665353703, 46.253078930317045 ], [ -108.25772574714415, 46.253060994415094 ], [ -108.257725827637159, 46.253043058498854 ], [ -108.257725909427393, 46.25302512259691 ], [ -108.257725991217683, 46.253007186695015 ], [ -108.257726073048985, 46.252989248993103 ], [ -108.257726154839162, 46.252971313091209 ], [ -108.257726236629196, 46.252953377189364 ], [ -108.257726318419259, 46.252935441287512 ], [ -108.257726398932377, 46.252917504471398 ], [ -108.25772648072234, 46.252899568569596 ], [ -108.257726562512147, 46.25288163266778 ], [ -108.257726644302011, 46.252863696766013 ], [ -108.257726726091718, 46.25284576086424 ], [ -108.257726807922623, 46.252827823162526 ], [ -108.257726889712217, 46.252809887260788 ], [ -108.257726971501867, 46.252791951359093 ], [ -108.257727051993967, 46.252774015443109 ], [ -108.257727136398756, 46.252756078669982 ], [ -108.257727218188236, 46.252738142768337 ], [ -108.25772729997756, 46.252720206866677 ], [ -108.257727380469547, 46.252702270950778 ], [ -108.257727462258771, 46.252684335049175 ], [ -108.257727544089178, 46.252666397347618 ], [ -108.257727625878289, 46.252648461446036 ], [ -108.257727707667456, 46.25263052554444 ], [ -108.257727789456453, 46.252612589642915 ], [ -108.25772787126607, 46.252594652841402 ], [ -108.257727951757701, 46.252576716925631 ], [ -108.257728033546542, 46.252558781024135 ], [ -108.257728115335425, 46.25254084512266 ], [ -108.257728197124152, 46.252522909221184 ], [ -108.25772827895409, 46.25250497151977 ], [ -108.257728360742718, 46.252487035618351 ], [ -108.257728442531288, 46.252469099716947 ], [ -108.257728523022536, 46.25245116380129 ], [ -108.257728604831669, 46.252433226999912 ], [ -108.257728686620084, 46.252415291098565 ], [ -108.257728768408526, 46.252397355197239 ], [ -108.257728850196841, 46.252379419295913 ], [ -108.257728931985184, 46.252361483394608 ], [ -108.25772901381454, 46.25234354569335 ], [ -108.257729095602784, 46.252325609792088 ], [ -108.257729176093477, 46.252307673876558 ], [ -108.257729257881607, 46.252289737975339 ], [ -108.257729339690172, 46.252271801174118 ], [ -108.257729421478203, 46.252253865272927 ], [ -108.257729503266077, 46.252235929371736 ], [ -108.25772958505398, 46.252217993470587 ], [ -108.25772966684174, 46.252200057569439 ], [ -108.257729747373347, 46.252182119854048 ], [ -108.257729829160994, 46.252164183952921 ], [ -108.257729910948697, 46.252146248051815 ], [ -108.257729992736245, 46.252128312150738 ], [ -108.257730074544412, 46.252110375349709 ], [ -108.257730156331846, 46.252092439448674 ], [ -108.257730238119322, 46.252074503547647 ], [ -108.257730318609291, 46.252056567632337 ], [ -108.257730400396667, 46.252038631731338 ], [ -108.257730482225057, 46.252020694030392 ], [ -108.25773056401232, 46.252002758129429 ], [ -108.257730645799427, 46.251984822228493 ], [ -108.257730727586591, 46.25196688632758 ], [ -108.257730809394189, 46.25194894952665 ], [ -108.257730891181239, 46.251931013625786 ], [ -108.257730971670867, 46.25191307771064 ], [ -108.257731053457718, 46.25189514180979 ], [ -108.257731135244597, 46.251877205908947 ], [ -108.257731219667235, 46.2518592682367 ], [ -108.25773130015655, 46.251841332321625 ], [ -108.257731381943273, 46.251823396420839 ], [ -108.257731463729854, 46.251805460520082 ], [ -108.257731545537041, 46.251787523719322 ], [ -108.257731627323508, 46.251769587818586 ], [ -108.257731709110033, 46.251751651917871 ], [ -108.257731790896386, 46.251733716017178 ], [ -108.257731871385431, 46.251715780102224 ], [ -108.25773195321284, 46.25169784240159 ], [ -108.257732034999137, 46.251679906500911 ], [ -108.257732116785277, 46.251661970600274 ], [ -108.25773219857146, 46.251644034699673 ], [ -108.257732280378079, 46.251626097899099 ], [ -108.257732362164163, 46.251608161998533 ], [ -108.257732442652724, 46.251590226083643 ], [ -108.257732524438708, 46.251572290183113 ], [ -108.257732606224522, 46.251554354282582 ], [ -108.257732688051547, 46.251536416582084 ], [ -108.257732769837247, 46.251518480681597 ], [ -108.257732851623018, 46.251500544781123 ], [ -108.257732933408633, 46.251482608880686 ], [ -108.257733015214853, 46.251464672080232 ], [ -108.257733095703088, 46.251446736165526 ], [ -108.257733177488532, 46.251428800265131 ], [ -108.257733259274019, 46.251410864364743 ], [ -108.25773334105935, 46.251392928464377 ], [ -108.257733422885792, 46.251374990764042 ], [ -108.257733504671123, 46.251357054863718 ], [ -108.257733586456297, 46.251339118963394 ], [ -108.257733666944148, 46.251321183048816 ], [ -108.257733748749899, 46.251303246248519 ], [ -108.257733830534917, 46.251285310348266 ], [ -108.257733912319964, 46.251267374448005 ], [ -108.257733994104868, 46.251249438547781 ], [ -108.257734075889815, 46.251231502647563 ], [ -108.257734157715774, 46.251213564947363 ], [ -108.257734238203255, 46.251195629032892 ], [ -108.257734319987946, 46.251177693132746 ], [ -108.25773440177268, 46.2511597572326 ], [ -108.257734483598426, 46.251141819532499 ], [ -108.257734565383032, 46.251123883632374 ], [ -108.257734647146933, 46.251105948632258 ], [ -108.257734728931453, 46.251088012732168 ], [ -108.257734810715817, 46.251070076832129 ], [ -108.257734891244027, 46.251052139117832 ], [ -108.257734973028292, 46.251034203217806 ], [ -108.257735054812599, 46.251016267317802 ], [ -108.257735136596736, 46.250998331417804 ], [ -108.257735219719436, 46.250980393732142 ], [ -108.257735301503473, 46.250962457832173 ], [ -108.257735383287454, 46.25094452193224 ], [ -108.257735465071491, 46.250926586032293 ], [ -108.25773554683478, 46.25090865103239 ], [ -108.257735628659859, 46.250890713332524 ], [ -108.25773571044364, 46.250872777432647 ], [ -108.257735790930113, 46.250854841518525 ], [ -108.257735872713866, 46.250836905618655 ], [ -108.257735954538646, 46.25081896791886 ], [ -108.257736036322285, 46.250801032019076 ], [ -108.257736118105782, 46.250783096119278 ], [ -108.257736199889337, 46.25076516021953 ], [ -108.25773628167272, 46.250747224319767 ], [ -108.257736362179401, 46.25072928750577 ], [ -108.257736443962685, 46.25071135160605 ], [ -108.257736525746026, 46.250693415706351 ], [ -108.257736607529196, 46.250675479806667 ], [ -108.257736689353578, 46.250657542107035 ], [ -108.257736771136635, 46.250639606207393 ], [ -108.257736852919763, 46.250621670307765 ], [ -108.25773693470272, 46.250603734408166 ], [ -108.257737015188383, 46.250585798494285 ], [ -108.257737096991818, 46.250567861694712 ], [ -108.257737178774718, 46.250549925795163 ], [ -108.257737260557462, 46.250531989895613 ], [ -108.257737342340249, 46.250514053996092 ], [ -108.257737424164048, 46.250496116296617 ], [ -108.257737505946722, 46.250478180397131 ], [ -108.257737586431929, 46.250460244483349 ], [ -108.257737668214489, 46.250442308583899 ], [ -108.25773774999692, 46.250424372684449 ], [ -108.257737831799957, 46.250406435885068 ], [ -108.257737913582275, 46.250388499985661 ], [ -108.257737995364636, 46.250370564086253 ], [ -108.25773807714684, 46.250352628186896 ], [ -108.257738157672918, 46.250334690473274 ], [ -108.257738239455009, 46.250316754573966 ], [ -108.25773832123717, 46.250298818674651 ], [ -108.257738403019147, 46.250280882775343 ], [ -108.25773848480118, 46.250262946876049 ], [ -108.257738566603649, 46.250245010076789 ], [ -108.257738648385569, 46.250227074177559 ], [ -108.257738728870123, 46.250209138264061 ], [ -108.257738810651844, 46.250191202364839 ], [ -108.257738892474762, 46.250173264665669 ], [ -108.25773897425637, 46.250155328766496 ], [ -108.257739056038034, 46.25013739286733 ], [ -108.257739137819541, 46.2501194569682 ], [ -108.257739219600992, 46.25010152106907 ], [ -108.257739302700386, 46.250083584284241 ], [ -108.257739384481724, 46.250065648385153 ], [ -108.257739466263104, 46.250047712486079 ], [ -108.257739548044356, 46.250029776587034 ], [ -108.257739629866776, 46.250011838888014 ], [ -108.257739710350592, 46.24999390297468 ], [ -108.257739792131758, 46.249975967075684 ], [ -108.257739873912783, 46.249958031176689 ], [ -108.25773995569385, 46.249940095277736 ], [ -108.257740037495338, 46.24992215847881 ], [ -108.257740119276292, 46.249904222579886 ], [ -108.257740201057089, 46.249886286680933 ], [ -108.25774028154062, 46.249868350767763 ], [ -108.257740363362473, 46.249850413068913 ], [ -108.257740445143213, 46.249832477170031 ], [ -108.257740526923797, 46.249814541271206 ], [ -108.257740608704438, 46.249796605372367 ], [ -108.257740690484908, 46.249778669473564 ], [ -108.257740772286013, 46.249760732674766 ], [ -108.25774085276916, 46.249742796761716 ], [ -108.257740934549489, 46.249724860862948 ], [ -108.257741016329845, 46.249706924964208 ], [ -108.257741098151214, 46.249688987265522 ], [ -108.257741179931358, 46.249671051366811 ], [ -108.257741259033764, 46.249653062325891 ] ] ] } },
{ "type": "Feature", "properties": { "CountyName": "Yellowstone", "OwnerName_Grouped": "GREAT NORTHERN PROPERTIES", "OwnerName": "GREAT NORTHERN PROPERTIES LIMITED PARTNERSHIP", "OwnerAddre": "PO BOX 1745", "OwnerAdd_1": null, "OwnerAdd_2": null, "OwnerCity": "MILES CITY", "OwnerState": "MT", "PropType": "Improved Property", "TotalAcres": 640.0 }, "geometry": { "type": "Polygon", "coordinates": [ [ [ -108.236460235389131, 46.254341883849911 ], [ -108.236460432298344, 46.254324824186305 ], [ -108.236460627909992, 46.254307764508162 ], [ -108.236460823542572, 46.254290703930067 ], [ -108.236461020451415, 46.254273644266476 ], [ -108.236461216062693, 46.254256584588362 ], [ -108.236461411673872, 46.254239524910282 ], [ -108.236461608624197, 46.254222463446759 ], [ -108.236461804235134, 46.254205403768736 ], [ -108.236461999845929, 46.254188344090707 ], [ -108.23646219545671, 46.254171284412678 ], [ -108.236462392364672, 46.254154224749186 ], [ -108.236462587975112, 46.254137165071228 ], [ -108.236462791310942, 46.254119438416794 ], [ -108.236462994604864, 46.254101713562356 ], [ -108.236463197940523, 46.254083986907951 ], [ -108.236463401255023, 46.254066261153532 ], [ -108.236463604569479, 46.254048535399171 ], [ -108.236463807883723, 46.254030809644789 ], [ -108.23646401119791, 46.254013083890456 ], [ -108.236464214511869, 46.253995358136116 ], [ -108.236464419144141, 46.253977631496326 ], [ -108.236464622436912, 46.25395990664201 ], [ -108.236464825771506, 46.253942179987746 ], [ -108.236465029105972, 46.253924453333497 ], [ -108.236465232398345, 46.253906728479222 ], [ -108.236465435732541, 46.253889001825023 ], [ -108.236465639045591, 46.253871276070811 ], [ -108.236465842337651, 46.253853551216594 ], [ -108.236466045671364, 46.253835824562408 ], [ -108.236466249005019, 46.253818097908237 ], [ -108.236466452296696, 46.253800373054105 ], [ -108.236466655630011, 46.253782646399941 ], [ -108.236466858921403, 46.253764921545844 ], [ -108.236467062254448, 46.253747194891709 ], [ -108.236467265566517, 46.253729469137639 ], [ -108.236467468878359, 46.253711743383548 ], [ -108.236467672190173, 46.25369401762952 ], [ -108.236467875522777, 46.253676290975484 ], [ -108.236468078813289, 46.253658566121445 ], [ -108.236468282145637, 46.253640839467465 ], [ -108.236468486775138, 46.253623112828009 ], [ -108.236468690065351, 46.253605387974027 ], [ -108.236468894694596, 46.253587661334599 ], [ -108.236469097984553, 46.253569936480638 ], [ -108.23646930131612, 46.253552209826729 ], [ -108.23646950462674, 46.253534484072802 ], [ -108.2364697079162, 46.25351675921889 ], [ -108.236469911247468, 46.253499032565045 ], [ -108.236470114578623, 46.253481305911194 ], [ -108.236470319165065, 46.25346358107187 ], [ -108.236470522495864, 46.25344585441804 ], [ -108.236470725826607, 46.253428127764252 ], [ -108.236470929115356, 46.253410402910447 ], [ -108.236471132424811, 46.25339267715669 ], [ -108.236471335734223, 46.253374951402904 ], [ -108.236471539043421, 46.253357225649189 ], [ -108.236471742373496, 46.253339498995466 ], [ -108.236471945661592, 46.253321774141732 ], [ -108.236472148991311, 46.253304047488058 ], [ -108.236472352321002, 46.25328632083442 ], [ -108.2364725556086, 46.253268595980735 ], [ -108.236472758938007, 46.253250869327083 ], [ -108.236472962246282, 46.253233143573418 ], [ -108.2364731655545, 46.253215417819845 ], [ -108.236473368862605, 46.253197692066237 ], [ -108.236473572191386, 46.253179965412656 ], [ -108.236473775478288, 46.253162240559078 ], [ -108.236473978806799, 46.253144513905553 ], [ -108.236474182093431, 46.253126789051997 ], [ -108.236474385421701, 46.253109062398501 ], [ -108.236474590047322, 46.253091335759535 ], [ -108.236474793333457, 46.253073610906036 ], [ -108.236474996640482, 46.253055885152598 ], [ -108.236475201852642, 46.253037965873197 ], [ -108.236475408403919, 46.253020044808373 ], [ -108.236475613594877, 46.253002126429024 ], [ -108.236475821443165, 46.252984205378752 ], [ -108.236476027952179, 46.252966286113946 ], [ -108.23647623318459, 46.252948365934664 ], [ -108.23647643969332, 46.2529304466699 ], [ -108.236476644883595, 46.252912528290622 ], [ -108.23647685143392, 46.252894607225912 ], [ -108.236477059239618, 46.252876687975707 ], [ -108.236477264471361, 46.252858767796511 ], [ -108.236477470979324, 46.252840848531818 ], [ -108.23647767618985, 46.252822929252623 ], [ -108.23647788271856, 46.252805009088014 ], [ -108.23647808792883, 46.252787089808862 ], [ -108.236478294457257, 46.252769169644225 ], [ -108.236478502262017, 46.252751250394176 ], [ -108.236478707492807, 46.252733330215065 ], [ -108.236478913999804, 46.252715410950501 ], [ -108.236479119209378, 46.252697491671455 ], [ -108.236479325737136, 46.252679571506924 ], [ -108.236479530946454, 46.252661652227914 ], [ -108.236479738771308, 46.252643732077928 ], [ -108.236479945277722, 46.252625812813442 ], [ -108.236480150486628, 46.252607893534481 ], [ -108.236480357013704, 46.252589973370029 ], [ -108.236480562222354, 46.252572054091075 ], [ -108.236480767451781, 46.252554133912156 ], [ -108.236480973957413, 46.252536214647776 ], [ -108.236481181802247, 46.25251829359793 ], [ -108.236481388286791, 46.252500375233559 ], [ -108.236481593494744, 46.25248245595467 ], [ -108.236481798744435, 46.252464534875855 ], [ -108.236482005228552, 46.252446616511548 ], [ -108.236482210477973, 46.252428695432741 ], [ -108.236482419577399, 46.2524107761975 ], [ -108.236482624763738, 46.252392857818727 ], [ -108.236482830012747, 46.252374936739976 ], [ -108.236483036496196, 46.252357018375747 ], [ -108.236483241744921, 46.252339097297039 ], [ -108.236483448249032, 46.252321178032844 ], [ -108.236483653476554, 46.25230325785418 ], [ -108.236483861277662, 46.252285338604509 ], [ -108.236484067781362, 46.252267419340363 ], [ -108.236484273008486, 46.252249499161735 ], [ -108.236484479511915, 46.252231579897625 ], [ -108.236484684738755, 46.252213659719025 ], [ -108.236484891241915, 46.252195740454944 ], [ -108.236485099042198, 46.2521778212054 ], [ -108.23648530426874, 46.252159901026872 ], [ -108.236485510771388, 46.252141981762833 ], [ -108.23648571599756, 46.252124061584333 ], [ -108.236485922500037, 46.252106142320336 ], [ -108.236486127725925, 46.252088222141872 ], [ -108.236486334228132, 46.252070302877897 ], [ -108.236486542027549, 46.252052383628467 ], [ -108.236486747253053, 46.252034463450045 ], [ -108.236486953754749, 46.25201654418612 ], [ -108.236487158979969, 46.251998624007712 ], [ -108.236487365481494, 46.251980704743865 ], [ -108.236487570685512, 46.25196278546548 ], [ -108.236487778505037, 46.251944865316183 ], [ -108.23648798500615, 46.251926946052357 ], [ -108.236488190251634, 46.251909024974054 ], [ -108.236488396731545, 46.251891106610245 ], [ -108.236488601976745, 46.251873185531984 ], [ -108.236488808456286, 46.251855267168182 ], [ -108.236489013659352, 46.251837347889946 ], [ -108.236489221498871, 46.251819426840775 ], [ -108.2364894279781, 46.251801508477023 ], [ -108.236489633222618, 46.251783587398876 ], [ -108.236489839722509, 46.251765668135199 ], [ -108.236490044945825, 46.251747747957026 ], [ -108.236490251445346, 46.251729828693406 ], [ -108.236490459242191, 46.251711909444282 ], [ -108.236490664465094, 46.251693989266158 ], [ -108.236490870964303, 46.251676070002596 ], [ -108.236491076186951, 46.251658149824486 ], [ -108.23649128268589, 46.251640230560938 ], [ -108.236491487887335, 46.251622311282915 ], [ -108.236491694406922, 46.251604391119379 ], [ -108.236491902202701, 46.251586471870432 ], [ -108.236492107424667, 46.251568551692415 ], [ -108.236492313922923, 46.251550632428938 ], [ -108.236492519144619, 46.25153271225097 ], [ -108.236492725642591, 46.251514792987543 ], [ -108.236492930843085, 46.251496873709598 ], [ -108.236493138658972, 46.251478953560742 ], [ -108.236493345156546, 46.25146103429735 ], [ -108.236493550377574, 46.251443114119482 ], [ -108.236493756874864, 46.251425194856125 ], [ -108.23649396207469, 46.251407275578273 ], [ -108.236494168592642, 46.251389355414972 ], [ -108.236494373792183, 46.251371436137141 ], [ -108.236494581607218, 46.25135351598842 ], [ -108.236494788103741, 46.251335596725134 ], [ -108.236494993344749, 46.251317675647392 ], [ -108.236495199820155, 46.251299757284151 ], [ -108.236495405019028, 46.251281838006406 ], [ -108.236495611556961, 46.25126391694323 ], [ -108.236495819329321, 46.251245998594563 ], [ -108.236496024569632, 46.251228077516892 ], [ -108.236496231065203, 46.251210158253741 ], [ -108.236496436242462, 46.251192239876104 ], [ -108.236496642779713, 46.251174318813 ], [ -108.236496847956701, 46.251156400435391 ], [ -108.23649705579102, 46.251138479386839 ], [ -108.236497262286022, 46.251120560123766 ], [ -108.236497467504449, 46.251102639946225 ], [ -108.236497673999168, 46.251084720683188 ], [ -108.236497879196406, 46.251066801405649 ], [ -108.236498085711673, 46.251048881242674 ], [ -108.236498290908656, 46.251030961965171 ], [ -108.23649849872109, 46.251013041816755 ], [ -108.236498705215126, 46.250995122553803 ], [ -108.236498910411683, 46.250977203276342 ], [ -108.236499116926367, 46.250959283113467 ], [ -108.236499322122668, 46.250941363836041 ], [ -108.236499528636983, 46.250923443673159 ], [ -108.236499736427675, 46.250905524424844 ], [ -108.236499941644496, 46.25088760424746 ], [ -108.236500148137566, 46.250869684984643 ], [ -108.23650035333317, 46.250851765707338 ], [ -108.236500559846917, 46.250833845544527 ], [ -108.236500765042251, 46.250815926267265 ], [ -108.236500971555728, 46.250798006104503 ], [ -108.236501179345368, 46.250780086856274 ], [ -108.236501384540304, 46.250762167579055 ], [ -108.236501591053354, 46.250744247416343 ], [ -108.236501796248007, 46.250726328139109 ], [ -108.236502002781734, 46.250708407076488 ], [ -108.236502207955198, 46.250690488699284 ], [ -108.236502415785864, 46.250672567651186 ], [ -108.236502622277314, 46.25065464838859 ], [ -108.236502827450366, 46.250636730011429 ], [ -108.236503033983396, 46.250618808948865 ], [ -108.236503239156178, 46.250600890571761 ], [ -108.236503445688953, 46.250582969509246 ], [ -108.236503650882383, 46.250565050232154 ], [ -108.236503858691279, 46.250547130084179 ], [ -108.236504065181677, 46.250529210821682 ], [ -108.236504270374709, 46.250511291544662 ], [ -108.236504476885855, 46.250493371382227 ], [ -108.236504682078632, 46.250475452105249 ], [ -108.236504887292185, 46.250457531928305 ], [ -108.236505096376646, 46.250439612694926 ], [ -108.236505301569011, 46.250421693418005 ], [ -108.236505508079375, 46.250403773255627 ], [ -108.23650571327147, 46.250385853978734 ], [ -108.236505918484426, 46.250367933801897 ], [ -108.236506124973474, 46.250350014539549 ], [ -108.236506330186074, 46.25033209436274 ], [ -108.236506537972261, 46.250314175114951 ], [ -108.236506744460996, 46.250296255852668 ], [ -108.236506949673199, 46.250278335675908 ], [ -108.23650715616165, 46.25026041641366 ], [ -108.236507361373569, 46.250242496236915 ], [ -108.236507567861665, 46.250224576974702 ], [ -108.236507775647027, 46.250206657727013 ], [ -108.236507980858548, 46.250188737550332 ], [ -108.236508187346317, 46.250170818288176 ], [ -108.2365083925785, 46.250152897211535 ], [ -108.236508599045081, 46.250134978849395 ], [ -108.23650880427698, 46.250117057772798 ], [ -108.236509010743291, 46.250099139410693 ], [ -108.236509218527601, 46.250081220163111 ], [ -108.236509423759102, 46.250063299086541 ], [ -108.236509630224987, 46.250045380724508 ], [ -108.236509835456218, 46.250027459647988 ], [ -108.236510041942765, 46.250009540385975 ], [ -108.236510247110942, 46.249991622009446 ], [ -108.236510454936294, 46.249973700962016 ], [ -108.236510661422429, 46.249955781700045 ], [ -108.236510866632059, 46.249937861523613 ], [ -108.236511073117924, 46.249919942261691 ], [ -108.236511278327285, 46.249902022085237 ], [ -108.236511484812866, 46.249884102823387 ], [ -108.236511690001024, 46.249866183546992 ], [ -108.23651189780449, 46.249848263399635 ], [ -108.236512104289687, 46.249830344137827 ], [ -108.236512309498352, 46.249812423961473 ], [ -108.236512515983264, 46.249794504699651 ], [ -108.23651272117074, 46.249776585423369 ], [ -108.236512927676316, 46.249758665261588 ], [ -108.236513135458139, 46.249740746014396 ], [ -108.236513340666122, 46.24972282583812 ], [ -108.236513547150267, 46.249704906576405 ], [ -108.236513752357979, 46.249686986400192 ], [ -108.236513958841954, 46.249669067138505 ], [ -108.236514164028478, 46.249651147862302 ], [ -108.236514370533101, 46.249633227700684 ], [ -108.236514578313958, 46.249615308453549 ], [ -108.236514783521002, 46.249597388277451 ], [ -108.236514990004181, 46.249579469015835 ], [ -108.236515195190123, 46.249561549739731 ], [ -108.236515401693978, 46.249543629578184 ], [ -108.23651560687955, 46.249525710302109 ], [ -108.236515814701448, 46.249507789255119 ], [ -108.236516021163112, 46.249489870893591 ], [ -108.236516226390137, 46.249471949817604 ], [ -108.236516432872477, 46.249454030556109 ], [ -108.236542315951198, 46.249454274322602 ], [ -108.236568200348387, 46.249454517197712 ], [ -108.236594084724871, 46.249454760966849 ], [ -108.236619967825206, 46.249455003815569 ], [ -108.236645852202159, 46.249455247572847 ], [ -108.236671737897467, 46.249455490438734 ], [ -108.23669762097758, 46.249455734169629 ], [ -108.236723505417999, 46.249455975209116 ], [ -108.236749389795875, 46.24945621894269 ], [ -108.236775272897617, 46.249456461755763 ], [ -108.236801157275949, 46.249456705477435 ], [ -108.236827040378145, 46.249456948278677 ], [ -108.23685292475696, 46.249457191988483 ], [ -108.236878809156906, 46.249457434792376 ], [ -108.23690469223888, 46.249457678475807 ], [ -108.23693057663931, 46.249457921267819 ], [ -108.236956462337261, 46.249458164068415 ], [ -108.236982346717227, 46.249458407748534 ], [ -108.237008229821043, 46.249458650508231 ], [ -108.237034114201464, 46.249458894176485 ], [ -108.237059997305735, 46.24945913692433 ], [ -108.237085881728461, 46.249459378780756 ], [ -108.237111764812298, 46.249459622416701 ], [ -108.23713764921456, 46.249459865161249 ], [ -108.237163533617078, 46.249460107899843 ], [ -108.237189416701597, 46.24946035151801 ], [ -108.237215302401864, 46.249460594259233 ], [ -108.237241186784146, 46.249460837880036 ], [ -108.237267071187475, 46.249461080594919 ], [ -108.237292954273016, 46.249461324189312 ], [ -108.237318838676813, 46.249461566892329 ], [ -108.237344721762824, 46.249461810474862 ], [ -108.237370606167175, 46.249462053166006 ], [ -108.237396490571669, 46.249462295851188 ], [ -108.237422373658362, 46.249462539415937 ], [ -108.237448258063324, 46.249462782089267 ], [ -108.237474141192308, 46.249463023842154 ], [ -108.237500026874116, 46.249463267418108 ], [ -108.23752591127986, 46.249463510073653 ], [ -108.237551795664928, 46.249463753623225 ], [ -108.237577678773832, 46.249463996252388 ], [ -108.237603563180272, 46.249464238890098 ], [ -108.237629446268727, 46.249464482407369 ], [ -108.237655330675622, 46.249464725033228 ], [ -108.237681215061855, 46.249464968553134 ], [ -108.237707098171924, 46.249465211152611 ], [ -108.237732982558597, 46.249465454660665 ], [ -108.237758865669122, 46.24946569724829 ], [ -108.237784752671786, 46.249465939873467 ], [ -108.237810635761861, 46.24946618334922 ], [ -108.23783652017039, 46.249466425933512 ], [ -108.237862403302728, 46.24946666759741 ], [ -108.237888287690822, 46.249466911069831 ], [ -108.23791417210002, 46.24946715363636 ], [ -108.237940055191274, 46.249467397082412 ], [ -108.23796593960094, 46.249467639637068 ], [ -108.237991822713553, 46.24946788217126 ], [ -108.238017707102784, 46.249468125614058 ], [ -108.238043590215838, 46.249468368136363 ], [ -108.238069477200057, 46.249468611596264 ], [ -108.238095360313579, 46.249468854106738 ], [ -108.238121244703748, 46.249469097525775 ], [ -108.23814712781774, 46.249469340024369 ], [ -108.238173012208364, 46.249469583431527 ], [ -108.238198896620119, 46.249469825932792 ], [ -108.238224779755711, 46.249470067513585 ], [ -108.238250664167936, 46.249470310002962 ], [ -108.238276547262174, 46.249470553371893 ], [ -108.238302431674853, 46.249470795849369 ], [ -108.23832831606687, 46.249471039220914 ], [ -108.238354201777312, 46.249471281701062 ], [ -108.238380084872489, 46.249471525046239 ], [ -108.238405969286106, 46.249471767499998 ], [ -108.238431852402641, 46.249472009933321 ], [ -108.238457736795795, 46.249472253275222 ], [ -108.238483621210108, 46.249472495711174 ], [ -108.238509504306435, 46.249472739026686 ], [ -108.238535388721189, 46.249472981450779 ], [ -108.238561271818, 46.249473224754425 ], [ -108.238587156233223, 46.249473467166645 ], [ -108.238613041966872, 46.249473708687439 ], [ -108.238638926382549, 46.249473951087822 ], [ -108.238664809480269, 46.249474194367714 ], [ -108.238690693896416, 46.249474436756188 ], [ -108.238716578291914, 46.249474680038745 ], [ -108.238742461411221, 46.249474922400864 ], [ -108.238768345807173, 46.24947516567152 ], [ -108.238794228926935, 46.249475408021787 ], [ -108.238820113323357, 46.249475651280584 ], [ -108.238845997740881, 46.24947589363348 ], [ -108.238871880861353, 46.249476135965907 ], [ -108.238897766555667, 46.249476379221427 ], [ -108.238923650973888, 46.249476621556475 ], [ -108.238949534074152, 46.249476864771104 ], [ -108.238975418492842, 46.249477107094329 ], [ -108.239001302932664, 46.249477348511618 ], [ -108.23902718603361, 46.249477591708448 ], [ -108.239053070452997, 46.249477834013859 ], [ -108.239078953575302, 46.249478076298857 ], [ -108.239104837974267, 46.249478319492376 ], [ -108.239130722394336, 46.249478561779966 ], [ -108.239156605496461, 46.249478804947145 ], [ -108.239182491214294, 46.249479047237351 ], [ -108.239208375614197, 46.249479290407145 ], [ -108.23923426003519, 46.24947953267101 ], [ -108.239260143138225, 46.249479775814443 ], [ -108.2392860275597, 46.249480018066443 ], [ -108.23931191068408, 46.249480260298007 ], [ -108.23933779508512, 46.24948050343815 ], [ -108.239363678230859, 46.249480744757861 ], [ -108.239389562653244, 46.249480986986114 ], [ -108.239415447054981, 46.249481230108408 ], [ -108.239441330180526, 46.249481472310329 ], [ -108.239467215880026, 46.249481715435259 ], [ -108.239493100303321, 46.249481957639794 ], [ -108.239518984726757, 46.249482199838361 ], [ -108.23954486783245, 46.249482442916545 ], [ -108.239570752256355, 46.249482685103231 ], [ -108.239596635362503, 46.249482928169527 ], [ -108.239622519786977, 46.249483170344377 ], [ -108.239648404190689, 46.249483413413287 ], [ -108.239674287318408, 46.249483655561804 ], [ -108.239700171743465, 46.249483897718861 ], [ -108.239726054850777, 46.24948414075547 ], [ -108.239751940594473, 46.249484382015147 ], [ -108.239777825020312, 46.24948462415437 ], [ -108.23980370942553, 46.249484867187711 ], [ -108.239829592554528, 46.249485109300579 ], [ -108.239855476960201, 46.249485352321997 ], [ -108.239881360089669, 46.249485594423042 ], [ -108.239907244516672, 46.249485836532628 ], [ -108.239933128923013, 46.249486079536254 ], [ -108.239959012053177, 46.249486321619472 ], [ -108.239984896460015, 46.249486564611232 ], [ -108.240010782185237, 46.249486806711538 ], [ -108.240036666592516, 46.249487049691417 ], [ -108.240062549723618, 46.249487291750917 ], [ -108.240088434131351, 46.249487534718945 ], [ -108.240114317262908, 46.249487776766571 ], [ -108.240140201712862, 46.249488017922751 ], [ -108.240166086142168, 46.249488259972999 ], [ -108.24019196925353, 46.249488502902793 ], [ -108.240217853683291, 46.249488744941146 ], [ -108.240243736795122, 46.249488987859117 ], [ -108.240269621225366, 46.249489229885576 ], [ -108.240295506932171, 46.249489472820606 ], [ -108.240321391362855, 46.249489714835235 ], [ -108.240347274496486, 46.249489956829464 ], [ -108.240373158906777, 46.249490199732207 ], [ -108.240399042040949, 46.249490441714549 ], [ -108.24042492645161, 46.249490684605441 ], [ -108.240450810883459, 46.249490926590369 ], [ -108.240476693997365, 46.249491169454906 ], [ -108.240502578450545, 46.249491410528002 ], [ -108.240528461585782, 46.249491652480692 ], [ -108.240554346018541, 46.249491894441931 ], [ -108.240580231727989, 46.249492137311663 ], [ -108.240606116161231, 46.249492379261028 ], [ -108.240631999276516, 46.249492622089953 ], [ -108.240657883710213, 46.249492864027395 ], [ -108.240683768123276, 46.249493106858971 ], [ -108.240709651260119, 46.249493348770095 ], [ -108.24073553567365, 46.249493591589747 ], [ -108.240761418810962, 46.249493833489034 ], [ -108.24078730324581, 46.249494075396861 ], [ -108.240813186362729, 46.249494318184247 ], [ -108.240839070798032, 46.249494560080173 ], [ -108.240864956510023, 46.249494802884655 ], [ -108.240890840966642, 46.249495043868741 ], [ -108.240916724105332, 46.249495285732394 ], [ -108.240942608520712, 46.249495528504568 ], [ -108.240968492957165, 46.249495770370856 ], [ -108.240994376096552, 46.249496012216746 ], [ -108.241020260512627, 46.249496254971113 ], [ -108.241046143652468, 46.249496496805129 ], [ -108.241072028068999, 46.249496739547645 ], [ -108.241097912506618, 46.249496981384219 ], [ -108.241123795626308, 46.249497224100409 ], [ -108.241149681361591, 46.249497465939605 ], [ -108.241175565779031, 46.249497708658382 ], [ -108.241201448920265, 46.249497950456792 ], [ -108.241227333359035, 46.249498192263736 ], [ -108.241253217777185, 46.249498434964707 ], [ -108.241279100939963, 46.249498675845317 ], [ -108.241304985379415, 46.249498917634412 ], [ -108.241330868500953, 46.249499160303159 ], [ -108.241356752940874, 46.24949940208041 ], [ -108.241382637360161, 46.249499644751701 ], [ -108.241408523097846, 46.249499886531567 ], [ -108.241434406241154, 46.249500128276559 ], [ -108.241460290661138, 46.249500370930058 ], [ -108.24148617510221, 46.249500612677629 ], [ -108.241512058225368, 46.249500855304831 ], [ -108.241537942666895, 46.249501097040522 ], [ -108.241563825790507, 46.249501339655829 ], [ -108.241589710232518, 46.24950158137969 ], [ -108.241615594674727, 46.249501823097617 ], [ -108.241641477840716, 46.249502063895136 ], [ -108.241667362262561, 46.249502306501164 ], [ -108.241693248002775, 46.249502548215752 ], [ -108.24171913112778, 46.249502790795447 ], [ -108.241745015571141, 46.249503032483666 ], [ -108.241770899993824, 46.249503275065983 ], [ -108.241796783140444, 46.24950351672787 ], [ -108.241822667584415, 46.249503758398319 ], [ -108.241848550689824, 46.249504001848365 ], [ -108.241874435092669, 46.249504245306881 ], [ -108.241900319474809, 46.2495044896595 ], [ -108.241926202622594, 46.249504731291722 ], [ -108.241952087026036, 46.249504974732474 ], [ -108.241977970132609, 46.249505218152841 ], [ -108.242003857131138, 46.249505461610596 ], [ -108.242029740238067, 46.249505705019089 ], [ -108.242055624642532, 46.249505948436109 ], [ -108.24208150779161, 46.249506190032719 ], [ -108.24210739219653, 46.249506433437858 ], [ -108.242133276601706, 46.249506676837079 ], [ -108.2421591597098, 46.249506920215907 ], [ -108.242185044115431, 46.249507163603212 ], [ -108.242210927223979, 46.24950740697016 ], [ -108.242236811630079, 46.249507650345642 ], [ -108.24226269475993, 46.249507892800708 ], [ -108.242288579166484, 46.249508136164316 ], [ -108.242314464870589, 46.249508379536415 ], [ -108.242340349277598, 46.24950862288815 ], [ -108.242366232387553, 46.249508866219493 ], [ -108.242392116795031, 46.249509109559327 ], [ -108.242418001244417, 46.249509351093302 ], [ -108.242443884355055, 46.249509594406845 ], [ -108.242469768763229, 46.249509837728901 ], [ -108.242495651874336, 46.249510081030557 ], [ -108.242521536282979, 46.249510324340768 ], [ -108.242547420691849, 46.249510567645011 ], [ -108.242573303824472, 46.249510810028895 ], [ -108.242599188233825, 46.249511053321278 ], [ -108.242625073940587, 46.24951129662216 ], [ -108.242650957053186, 46.249511539888232 ], [ -108.242676841463123, 46.249511783162824 ], [ -108.242702725873386, 46.249512026431439 ], [ -108.242728608986582, 46.249512269679727 ], [ -108.242754493438966, 46.249512511136551 ], [ -108.242780376552716, 46.249512754372965 ], [ -108.242806260963803, 46.249512997617842 ], [ -108.242832145375218, 46.249513240856828 ], [ -108.242858028489565, 46.249513484075443 ], [ -108.242883912901448, 46.249513727302514 ], [ -108.242909796037083, 46.249513969609268 ], [ -108.242935683044053, 46.249514212853391 ], [ -108.242961566159323, 46.249514456048253 ], [ -108.24298745057213, 46.249514699251627 ], [ -108.24301333368787, 46.249514942434601 ], [ -108.243039218101146, 46.249515185626109 ], [ -108.243065102514649, 46.249515428811691 ], [ -108.243090985672723, 46.249515670176926 ], [ -108.243116870086695, 46.249515913350599 ], [ -108.2431427532036, 46.249516156503915 ], [ -108.243168637618027, 46.249516399665772 ], [ -108.243194522032695, 46.249516642821632 ], [ -108.243220405150282, 46.249516885957163 ], [ -108.243246290883533, 46.249517128215636 ], [ -108.243272175298884, 46.24951737135374 ], [ -108.243298058417182, 46.249517614471472 ], [ -108.243323942833001, 46.249517857597681 ], [ -108.243349827249048, 46.249518100717985 ], [ -108.243375710368028, 46.249518343817904 ], [ -108.243401594826182, 46.249518585126367 ], [ -108.24342747794563, 46.249518828214384 ], [ -108.243453362362601, 46.249519071310949 ], [ -108.243479246779813, 46.249519314401589 ], [ -108.243505129899944, 46.2495195574718 ], [ -108.243531014317625, 46.249519800550566 ], [ -108.243556900032743, 46.249520043637837 ], [ -108.243582784471684, 46.249520285804728 ], [ -108.243608667592738, 46.249520528851235 ], [ -108.243634552011343, 46.249520771906219 ], [ -108.243660435132867, 46.249521014940882 ], [ -108.243686319551941, 46.249521257984043 ], [ -108.243712202673933, 46.249521501006825 ], [ -108.243738087135071, 46.249521742238095 ], [ -108.243763971554827, 46.249521985263449 ], [ -108.243789854677516, 46.249522228268432 ], [ -108.243815739097741, 46.249522471281878 ], [ -108.24384162222087, 46.24952271427501 ], [ -108.243867509236182, 46.24952295730548 ], [ -108.24389339235978, 46.249523200286731 ], [ -108.243919276801719, 46.249523442376471 ], [ -108.243945159925801, 46.249523685345828 ], [ -108.243971044347418, 46.24952392832369 ], [ -108.243996928769249, 46.249524171295661 ], [ -108.244022811894027, 46.249524414247219 ], [ -108.244048696316312, 46.249524657207267 ], [ -108.244074579483154, 46.249524898347005 ], [ -108.244100463905923, 46.249525141295202 ], [ -108.244126348328919, 46.249525384237444 ], [ -108.244152231454848, 46.249525627159358 ], [ -108.244178117175608, 46.249525870104193 ], [ -108.244204001599201, 46.249526113028658 ], [ -108.244229884746716, 46.249526355032764 ], [ -108.244255769170863, 46.249526597945369 ], [ -108.244281653595152, 46.249526840851992 ], [ -108.244307536722559, 46.2495270837383 ], [ -108.244333421147317, 46.2495273266331 ], [ -108.244359304275193, 46.249527569507507 ], [ -108.244385188700491, 46.24952781239044 ], [ -108.244411073167541, 46.249528053467451 ], [ -108.244436956296099, 46.249528296324051 ], [ -108.244462840722008, 46.249528539189185 ], [ -108.244488726445539, 46.249528782062796 ], [ -108.244514610872017, 46.249529024916058 ], [ -108.244540494001399, 46.249529267748933 ], [ -108.244566378449122, 46.249529509690348 ], [ -108.244592261578987, 46.249529752511336 ], [ -108.24461814600636, 46.249529995340879 ], [ -108.244644030433989, 46.249530238164454 ], [ -108.244669913564536, 46.249530480967643 ], [ -108.24469579799262, 46.249530723779372 ], [ -108.244721681123636, 46.249530966570738 ], [ -108.244747565593769, 46.24953120757057 ], [ -108.244773450022549, 46.249531450364486 ], [ -108.244799335748866, 46.249531693166894 ], [ -108.244825218880791, 46.24953193593452 ], [ -108.244851103310268, 46.249532178710602 ], [ -108.244876986442662, 46.249532421466348 ], [ -108.244902870893398, 46.249532663330605 ], [ -108.244928755323556, 46.249532906088909 ], [ -108.244954638456647, 46.24953314882687 ], [ -108.244980522887275, 46.249533391573266 ], [ -108.245006406020821, 46.249533634299354 ], [ -108.245032290451931, 46.249533877033933 ], [ -108.245058174924822, 46.249534117962554 ], [ -108.245084058059064, 46.24953436067085 ], [ -108.245109943788066, 46.249534603402033 ], [ -108.245135828220072, 46.24953484611288 ], [ -108.245161712652319, 46.249535088817737 ], [ -108.245187595787499, 46.249535331502294 ], [ -108.245213480220201, 46.24953557419532 ], [ -108.245239363397388, 46.249535815068015 ], [ -108.245265247830559, 46.249536057749161 ], [ -108.245291130945887, 46.249536301309945 ], [ -108.245317015379513, 46.249536543979247 ], [ -108.245342899813366, 46.249536786642601 ], [ -108.245368782950166, 46.249537029285634 ], [ -108.245394667426055, 46.249537270137111 ], [ -108.245420553157913, 46.249537512797069 ], [ -108.245446437592705, 46.249537755436712 ], [ -108.245472320730428, 46.249537998055942 ], [ -108.245498205165674, 46.249538240683712 ], [ -108.245524088303853, 46.249538483291111 ], [ -108.245549972739553, 46.249538725906966 ], [ -108.245575857217062, 46.249538966716955 ], [ -108.245601740355923, 46.249539209306555 ], [ -108.245627624792334, 46.249539451904653 ], [ -108.245653507931664, 46.249539694482337 ], [ -108.24567939236853, 46.249539937068555 ], [ -108.245705276805637, 46.249540179648839 ], [ -108.245731162561043, 46.249540421337599 ], [ -108.245757045701282, 46.249540663891608 ], [ -108.245782930139086, 46.249540906454051 ], [ -108.245808813279808, 46.249541148996187 ], [ -108.245834697718053, 46.249541391546792 ], [ -108.245860582156524, 46.249541634091464 ], [ -108.245886465339495, 46.249541874815797 ], [ -108.245912349778436, 46.249542117348611 ], [ -108.245938232920309, 46.249542359861081 ], [ -108.245964117359705, 46.249542602381979 ], [ -108.245990001799356, 46.249542844896979 ], [ -108.246015884941912, 46.249543087391636 ], [ -108.246041770679227, 46.249543329909152 ], [ -108.246067655140322, 46.249543571506386 ], [ -108.246093539580897, 46.249543813997633 ], [ -108.246119422724377, 46.249544056468558 ], [ -108.246145307165406, 46.249544298947953 ], [ -108.246171190309354, 46.249544541407012 ], [ -108.246197074750839, 46.249544783874512 ], [ -108.246222959234089, 46.249545024536147 ], [ -108.246248842378733, 46.249545266977393 ], [ -108.246274726820914, 46.249545509427087 ], [ -108.246300609966028, 46.249545751856473 ], [ -108.246326494408663, 46.24954599429433 ], [ -108.246352380148835, 46.249546236740628 ], [ -108.246378264591939, 46.249546479166625 ], [ -108.246404147758724, 46.249546720672278 ], [ -108.246430032202298, 46.249546963086395 ], [ -108.246455915348776, 46.249547205480191 ], [ -108.246481799792804, 46.249547447882428 ], [ -108.246507684237073, 46.249547690278717 ], [ -108.246533567384247, 46.2495479326547 ], [ -108.246559451870496, 46.249548173239184 ], [ -108.246585335018139, 46.249548415603272 ], [ -108.246611219463318, 46.249548657975858 ], [ -108.246637103908711, 46.249548900342496 ], [ -108.246662989651583, 46.249549142717569 ], [ -108.246688872800235, 46.249549385057968 ], [ -108.246714757267, 46.249549626506806 ], [ -108.246740641713345, 46.249549868849712 ], [ -108.246766524862693, 46.249550111172297 ], [ -108.246792409309379, 46.249550353503338 ], [ -108.246818292459196, 46.249550595814 ], [ -108.246844176906365, 46.249550838133189 ], [ -108.24687006135386, 46.249551080446437 ], [ -108.246895944545784, 46.249551320939318 ], [ -108.24692182899372, 46.249551563240693 ], [ -108.246947712144703, 46.24955180552174 ], [ -108.246973597890332, 46.249552047825603 ], [ -108.24699948233895, 46.249552290109179 ], [ -108.247025366787824, 46.249552532386801 ], [ -108.247051249960379, 46.249552773744121 ], [ -108.247077134409707, 46.24955301600987 ], [ -108.247103017561969, 46.249553258255311 ], [ -108.247128902011767, 46.24955350050918 ], [ -108.247154786441044, 46.249553743657145 ], [ -108.247180669552492, 46.249553987684706 ], [ -108.247206551408368, 46.249554229892013 ], [ -108.247232435838342, 46.249554473022137 ], [ -108.247258318950571, 46.249554717031955 ], [ -108.247284203360152, 46.249554961050215 ], [ -108.247310087790822, 46.24955520416254 ], [ -108.247335970945159, 46.249555446354563 ], [ -108.247361852761031, 46.249555690326254 ], [ -108.247387737192383, 46.249555933420766 ], [ -108.24741362030592, 46.249556177394972 ], [ -108.247439504758489, 46.249556419577665 ], [ -108.247465389190538, 46.249556662654385 ], [ -108.247491272304785, 46.249556906610778 ], [ -108.247517154121937, 46.249557150546813 ], [ -108.247543038554682, 46.249557393605777 ], [ -108.247568921711107, 46.24955763574436 ], [ -108.247594806123573, 46.249557879691423 ], [ -108.247620690557014, 46.249558122732545 ], [ -108.24764657367264, 46.249558366653339 ], [ -108.247672455512031, 46.249558609653846 ], [ -108.247698339966803, 46.249558851777152 ], [ -108.247724223083239, 46.249559095680148 ], [ -108.247750107496998, 46.249559339591585 ], [ -108.247775991931832, 46.249559582597101 ], [ -108.247801875048935, 46.249559826482304 ], [ -108.247827756910368, 46.249560068547197 ], [ -108.247853641345898, 46.249560311534914 ], [ -108.247879524463613, 46.249560555402304 ], [ -108.247905408899598, 46.249560798378141 ], [ -108.247931293356558, 46.249561040448071 ], [ -108.247957176474969, 46.249561284297677 ], [ -108.247983058296313, 46.249561528126897 ], [ -108.248008942733222, 46.249561771079037 ], [ -108.248034825852329, 46.249562014910786 ], [ -108.248060710310455, 46.249562256951059 ], [ -108.248086594748059, 46.249562499885364 ], [ -108.248112477867863, 46.249562743699357 ], [ -108.248138359711419, 46.249562986593062 ], [ -108.248164244128901, 46.249563230409535 ], [ -108.248190127290954, 46.249563472405725 ], [ -108.248216011708891, 46.249563716210368 ], [ -108.248241896147903, 46.249563959109082 ], [ -108.248267777971876, 46.249564202873081 ], [ -108.248293661114047, 46.249564445745527 ], [ -108.248319545574461, 46.249564687726448 ], [ -108.248345428696354, 46.249564931487029 ], [ -108.248371313136516, 46.249565174356064 ], [ -108.248397197556173, 46.249565418119154 ], [ -108.248423079381453, 46.249565661847548 ], [ -108.248448962545737, 46.249565903784379 ], [ -108.248474846986824, 46.249566146629725 ], [ -108.248500730110095, 46.249566390354666 ], [ -108.24852661455165, 46.249566633188124 ], [ -108.248552499014153, 46.249566875115612 ], [ -108.248578380840826, 46.249567118808393 ], [ -108.24860426398584, 46.249567361609643 ], [ -108.2486301484075, 46.249567605319335 ], [ -108.248656031532278, 46.249567849008713 ], [ -108.248681915995931, 46.249568090906564 ], [ -108.248707800438993, 46.249568333698434 ], [ -108.248733682267158, 46.249568577355632 ], [ -108.248759565413479, 46.249568820121283 ], [ -108.248785449836632, 46.249569063795377 ], [ -108.248811333004127, 46.249569305649153 ], [ -108.248837217448454, 46.24956954841138 ], [ -108.248863101872288, 46.249569792067653 ], [ -108.248888983701733, 46.24957003568926 ], [ -108.248914866849461, 46.249570278419284 ], [ -108.24894075131543, 46.249570520257791 ], [ -108.24896663444288, 46.24957076387593 ], [ -108.248992518888585, 46.249571006602572 ], [ -108.249018403313812, 46.249571250223212 ], [ -108.249044285186102, 46.249571492009231 ], [ -108.249070168335294, 46.249571734703665 ], [ -108.249096052761217, 46.249571978306555 ], [ -108.249121935890059, 46.249572221889103 ], [ -108.249147820337157, 46.249572464580119 ], [ -108.249173704805116, 46.249572706365214 ], [ -108.249199586637431, 46.24957294991561 ], [ -108.24922546978793, 46.249573192574438 ], [ -108.249251354215232, 46.249573436141702 ], [ -108.249277237366186, 46.249573678788657 ], [ -108.249303121835382, 46.249573920544101 ], [ -108.249329003668777, 46.249574164064818 ], [ -108.249354888097002, 46.249574407608357 ], [ -108.249380771248894, 46.249574650231573 ], [ -108.249406655677589, 46.249574893763231 ], [ -108.249432538850641, 46.249575135474593 ], [ -108.24945842330051, 46.24957537809442 ], [ -108.249484305135383, 46.249575621579517 ], [ -108.249510189585635, 46.24957586418747 ], [ -108.24953607275971, 46.249576105875093 ], [ -108.249561957189798, 46.249576349371146 ], [ -108.249587840322803, 46.249576592846914 ], [ -108.249613724774065, 46.249576835431107 ], [ -108.249639606610245, 46.249577078880627 ], [ -108.249665491082681, 46.249577320552973 ], [ -108.249691374237329, 46.249577563104985 ], [ -108.249717258668809, 46.249577806565433 ], [ -108.249743141823927, 46.249578049105594 ], [ -108.249769026255862, 46.24957829255419 ], [ -108.249794908134831, 46.249578534168137 ], [ -108.249820792567235, 46.249578777604818 ], [ -108.249846675723276, 46.249579020121274 ], [ -108.249872560156149, 46.249579263546117 ], [ -108.249898443312645, 46.249579506050672 ], [ -108.249924327787383, 46.249579747663681 ], [ -108.249950209626434, 46.249579991041962 ], [ -108.249976094080921, 46.249580233543099 ], [ -108.25000197721765, 46.249580476923889 ], [ -108.250027861651901, 46.249580720313141 ], [ -108.25005374483051, 46.24958096188211 ], [ -108.250079629285921, 46.249581204359473 ], [ -108.250105511126264, 46.249581447702205 ], [ -108.250131395582144, 46.249581690167709 ], [ -108.250157278761662, 46.249581931712939 ], [ -108.250183163197306, 46.2495821750666 ], [ -108.250209046356574, 46.24958241749993 ], [ -108.250234930792686, 46.24958266084171 ], [ -108.250260812634409, 46.249582904148816 ], [ -108.250286697112386, 46.24958314567872 ], [ -108.250312580272578, 46.249583388088361 ], [ -108.250338464709614, 46.249583631406409 ], [ -108.250364347870274, 46.249583873804134 ], [ -108.250390229713261, 46.249584117081582 ], [ -108.25041611419239, 46.249584358581814 ], [ -108.250441998651041, 46.249584600976135 ], [ -108.25046788179192, 46.249584844250116 ], [ -108.250493766230349, 46.249585087532544 ], [ -108.250519649392402, 46.249585329894678 ], [ -108.250545531278064, 46.249585571336553 ], [ -108.250571415717175, 46.249585814601183 ], [ -108.250597300177233, 46.24958605695987 ], [ -108.250623183319505, 46.249586300198274 ], [ -108.250649067800708, 46.24958654164513 ], [ -108.250674950964139, 46.249586783971672 ], [ -108.250700832809784, 46.249587027177903 ], [ -108.250726717250302, 46.249587270406941 ], [ -108.250752601711724, 46.249587512730017 ], [ -108.25077848489677, 46.249587754132861 ], [ -108.25080436933797, 46.249587997344079 ], [ -108.250830252502794, 46.249588239635003 ], [ -108.25085613564724, 46.249588482820002 ], [ -108.250882018812518, 46.249588725099073 ], [ -108.250907903296039, 46.24958896648657 ], [ -108.250933786441081, 46.249589209653742 ], [ -108.250959670883674, 46.249589452829355 ], [ -108.250985554049876, 46.249589695084687 ], [ -108.251011437195629, 46.249589938234081 ], [ -108.251037320382977, 46.249590179577567 ], [ -108.251063204847171, 46.249590421829453 ], [ -108.251089087993606, 46.249590664961026 ], [ -108.251114972458268, 46.249590907201039 ], [ -108.251140855646554, 46.249591148520807 ], [ -108.251166738793685, 46.249591391634596 ], [ -108.251192621941044, 46.249591634742458 ], [ -108.25121850640663, 46.249591876958725 ], [ -108.251244389554458, 46.249592120054714 ], [ -108.25127027404119, 46.249592361359113 ], [ -108.251296157210163, 46.24959260354327 ], [ -108.251322040358772, 46.249592846621461 ], [ -108.251347923528215, 46.249593088793723 ], [ -108.251373807974502, 46.249593331874387 ], [ -108.251399691165091, 46.24959357313476 ], [ -108.251425575611833, 46.249593816203557 ], [ -108.25145145748489, 46.249594058337728 ], [ -108.251477341932087, 46.249594301394666 ], [ -108.251503225102923, 46.249594543531323 ], [ -108.251529109591957, 46.249594784776406 ], [ -108.251554992742555, 46.249595027801206 ], [ -108.251580877211381, 46.249595269934382 ], [ -108.251606759065126, 46.249595512932963 ], [ -108.25163264351373, 46.249595755954303 ], [ -108.251658526706606, 46.24959599715536 ], [ -108.251684411176356, 46.249596239264811 ], [ -108.251710294328348, 46.249596482254013 ], [ -108.251736178798552, 46.249596724351598 ], [ -108.251762060695143, 46.249596965514591 ], [ -108.251787945145125, 46.249597208500319 ], [ -108.251813828318717, 46.249597450565759 ], [ -108.251839712769169, 46.249597693539613 ], [ -108.251865595922553, 46.249597936493167 ], [ -108.251891480414798, 46.24959817765518 ], [ -108.251917362292005, 46.249598419682535 ], [ -108.25194324674338, 46.249598662632657 ], [ -108.251969129918351, 46.249598904662491 ], [ -108.251995014370195, 46.249599147600755 ], [ -108.252020897566297, 46.249599388718757 ], [ -108.252046782039272, 46.249599630745131 ], [ -108.252072663897181, 46.249599873636896 ], [ -108.252098548349949, 46.249600116551413 ], [ -108.252124431526298, 46.249600358545656 ], [ -108.252150316020874, 46.249600599648318 ], [ -108.252176199177015, 46.249600842530683 ], [ -108.252202083651369, 46.249601084521473 ], [ -108.25222796551077, 46.24960132737764 ], [ -108.252253850006255, 46.249601568456534 ], [ -108.252279733183997, 46.2496018104152 ], [ -108.252305617638612, 46.249602053282246 ], [ -108.252331500796132, 46.249602296128977 ], [ -108.252357385271878, 46.249602538084176 ], [ -108.252383267173897, 46.249602779104755 ], [ -108.252409151629436, 46.249603021948033 ], [ -108.252435034808556, 46.249603263871073 ], [ -108.252460919243887, 46.249603507602515 ], [ -108.252486802361489, 46.249603752213666 ], [ -108.252512686838614, 46.249603994133217 ], [ -108.252538571274641, 46.24960423784681 ], [ -108.252564454413587, 46.249604481540189 ], [ -108.252590338850084, 46.249604725241923 ], [ -108.25261622196885, 46.249604969823395 ], [ -108.252642106405801, 46.249605213513256 ], [ -108.252667990884319, 46.249605455397251 ], [ -108.25269387402443, 46.249605699060915 ], [ -108.252719758441415, 46.249605943632993 ], [ -108.252745644176613, 46.249606187313447 ], [ -108.252771527317435, 46.249606430959346 ], [ -108.252797411797104, 46.249606672813634 ], [ -108.252823296215027, 46.249606917361966 ], [ -108.252849179356531, 46.249607160990017 ], [ -108.252875063795571, 46.249607404626488 ], [ -108.252900946937544, 46.249607648242716 ], [ -108.252926831377053, 46.249607891867292 ], [ -108.252952715837452, 46.249608134585984 ], [ -108.252978598980121, 46.249608378184362 ], [ -108.253004483420327, 46.249608621791204 ], [ -108.253030366563465, 46.249608865377724 ], [ -108.253056251004125, 46.249609108972642 ], [ -108.253082135465689, 46.249609351661647 ], [ -108.25310801860951, 46.24960959523041 ], [ -108.25313390305088, 46.249609838807523 ], [ -108.25315978619517, 46.249610082364384 ], [ -108.253185670636995, 46.249610325929659 ], [ -108.253211555079062, 46.249610569488979 ], [ -108.25323743824471, 46.249610812128047 ], [ -108.253263322687232, 46.249611055675508 ], [ -108.253289205832687, 46.249611299202684 ], [ -108.253315090275663, 46.249611542738307 ], [ -108.253340975995457, 46.249611787182268 ], [ -108.253366860438916, 46.249612030705968 ], [ -108.253392743626591, 46.249612272409443 ], [ -108.253418628070506, 46.249612515921321 ], [ -108.253444511217353, 46.249612759412891 ], [ -108.253470395641088, 46.249613003812868 ], [ -108.253496280085699, 46.249613247306897 ], [ -108.253522163274525, 46.249613488980735 ], [ -108.253548047719605, 46.249613732462919 ], [ -108.253573930846969, 46.249613976824833 ], [ -108.253599815292503, 46.249614220295129 ], [ -108.253625699738279, 46.249614463759535 ], [ -108.253651582886974, 46.249614707203648 ], [ -108.253677467353853, 46.249614949756172 ], [ -108.253703350503031, 46.249615193188411 ], [ -108.253729234949716, 46.249615436629021 ], [ -108.253755119396658, 46.249615680063762 ], [ -108.253781002546518, 46.249615923478203 ], [ -108.253806887014548, 46.249616166001054 ], [ -108.253832770164877, 46.249616409403636 ], [ -108.253858654612728, 46.249616652814609 ], [ -108.25388453906082, 46.249616896219642 ], [ -108.253910424806463, 46.24961713963306 ], [ -108.253936307957702, 46.249617383011909 ], [ -108.253962192427139, 46.24961762549917 ], [ -108.253988076876141, 46.249617868880463 ], [ -108.25401396002809, 46.249618112241485 ], [ -108.254039844477575, 46.249618355610941 ], [ -108.254065727629992, 46.249618598960105 ], [ -108.254091612100567, 46.249618841417671 ], [ -108.254117496550748, 46.2496190847693 ], [ -108.254143379703848, 46.2496193281007 ], [ -108.254169264154484, 46.249619571440448 ], [ -108.254195147308053, 46.249619814759946 ], [ -108.254221031738524, 46.249620058987823 ], [ -108.254246914933816, 46.249620300495479 ], [ -108.25427279938539, 46.24962054381151 ], [ -108.254298683837192, 46.249620787121593 ], [ -108.254324566971277, 46.249621031311413 ], [ -108.254350451423548, 46.24962127460963 ], [ -108.254376334619991, 46.24962151608765 ], [ -108.25440221907273, 46.24962175937398 ], [ -108.254428103505063, 46.249622003554379 ], [ -108.254453986660934, 46.249622246814553 ], [ -108.254479871114356, 46.249622490083112 ], [ -108.254505756865228, 46.249622733360027 ], [ -108.254531641339739, 46.249622975716726 ], [ -108.254557524496562, 46.249623218953147 ], [ -108.254583408950907, 46.249623462197938 ], [ -108.25460929210827, 46.249623705422522 ], [ -108.254635176562985, 46.249623948655454 ], [ -108.254661061038661, 46.249624190982473 ], [ -108.254686944196621, 46.249624434189244 ], [ -108.254712828652146, 46.249624677404398 ], [ -108.25473871181066, 46.249624920599267 ], [ -108.25476459626654, 46.249625163802541 ], [ -108.254790480722747, 46.249625406999897 ], [ -108.254816363902492, 46.249625649277014 ], [ -108.254842248359154, 46.249625892462461 ], [ -108.254868131518748, 46.249626135627679 ], [ -108.254894015975879, 46.249626378801295 ], [ -108.254919900433237, 46.24962662196895 ], [ -108.254945783614147, 46.249626864216395 ], [ -108.254971668071974, 46.24962710737217 ], [ -108.254997551232719, 46.249627350507751 ], [ -108.255023435691001, 46.249627593651674 ], [ -108.255049318852315, 46.249627836775346 ], [ -108.255075203290346, 46.249628080807383 ], [ -108.255101089087873, 46.249628322147849 ], [ -108.255126973547092, 46.249628565268054 ], [ -108.255152856709216, 46.249628808368001 ], [ -108.255178741148285, 46.249629052376314 ], [ -108.255204625608187, 46.249629295478677 ], [ -108.255230508771021, 46.24962953856086 ], [ -108.255256393272631, 46.249629779851389 ], [ -108.255282276415301, 46.249630023821659 ], [ -108.25530816087614, 46.249630266900304 ], [ -108.255334045337193, 46.249630509973052 ], [ -108.255359928501193, 46.249630753025514 ], [ -108.255385812983334, 46.249630995186379 ], [ -108.255411696147789, 46.249631238226975 ], [ -108.25543758060978, 46.249631481275983 ], [ -108.255463465071998, 46.249631724319002 ], [ -108.255489348237148, 46.249631967341813 ], [ -108.255515232699835, 46.249632210373015 ], [ -108.255541115886047, 46.249632452483944 ], [ -108.255567000349203, 46.249632695503266 ], [ -108.255592884812586, 46.24963293851664 ], [ -108.255618767978888, 46.249633181509765 ], [ -108.255644652442726, 46.249633424511288 ], [ -108.255670535630102, 46.249633666592572 ], [ -108.255696421391733, 46.249633909596497 ], [ -108.255722305856267, 46.249634152580185 ], [ -108.255748190321043, 46.24963439555799 ], [ -108.255774073488723, 46.249634638515516 ], [ -108.255799957953954, 46.249634881481391 ], [ -108.255825841142709, 46.249635123527085 ], [ -108.255851725608409, 46.249635366481137 ], [ -108.255877610074336, 46.249635609429234 ], [ -108.255903493243181, 46.249635852357073 ], [ -108.255929377688972, 46.249636096193292 ], [ -108.255955260899498, 46.249636337309319 ], [ -108.255981145366349, 46.249636580233698 ], [ -108.256007029833427, 46.249636823152102 ], [ -108.256032912982818, 46.249637066950299 ], [ -108.256058797450365, 46.249637309856858 ], [ -108.25608468062083, 46.249637552743195 ], [ -108.256110565130058, 46.249637793837891 ], [ -108.256136449577696, 46.249638037626639 ], [ -108.256162332748858, 46.249638280495162 ], [ -108.256188217217556, 46.24963852337207 ], [ -108.256214100389187, 46.249638766228728 ], [ -108.256239984899551, 46.249639007293752 ], [ -108.256265869348255, 46.249639251052834 ], [ -108.256291755115186, 46.249639493920299 ], [ -108.25631763828774, 46.249639736753203 ], [ -108.256343522757831, 46.24963997959447 ], [ -108.256369407228149, 46.249640222429846 ], [ -108.256395290421992, 46.249640464344957 ], [ -108.256421174892779, 46.249640707168439 ], [ -108.25644705806647, 46.249640949971692 ], [ -108.256472942537727, 46.249641192783329 ], [ -108.25649882700921, 46.249641435588991 ], [ -108.256524710204204, 46.249641677474457 ], [ -108.256550594676142, 46.249641920268253 ], [ -108.256576477851013, 46.249642163041827 ], [ -108.256602362323406, 46.249642405823778 ], [ -108.256628245498732, 46.2496426485855 ], [ -108.256654129971594, 46.249642891355549 ], [ -108.256680014465289, 46.249643133219706 ], [ -108.256705897641297, 46.249643375963636 ], [ -108.256731782114869, 46.249643618715893 ], [ -108.256757665291346, 46.249643861447922 ], [ -108.256783549744782, 46.249644105088329 ], [ -108.256809434260219, 46.249644346022826 ], [ -108.256835317437378, 46.24964458873707 ], [ -108.256861203209411, 46.249644831473944 ], [ -108.256887087663756, 46.249645075090584 ], [ -108.256912972138949, 46.249645317801345 ], [ -108.256938855317046, 46.249645560491835 ], [ -108.256964739833862, 46.249645801390706 ], [ -108.256990622991836, 46.249646044969346 ], [ -108.257016507467938, 46.249646287656326 ], [ -108.257042391944267, 46.249646530337408 ], [ -108.257068275123515, 46.249646772998233 ], [ -108.257094159600314, 46.249647015667406 ], [ -108.257120042800622, 46.249647257416399 ], [ -108.25714592727789, 46.249647500073721 ], [ -108.25717181175537, 46.249647742725116 ], [ -108.257197694935769, 46.249647985356262 ], [ -108.257223579413733, 46.249648227995806 ], [ -108.257249462615192, 46.249648469715119 ], [ -108.257275347093596, 46.249648712342747 ], [ -108.257301231572242, 46.249648954964464 ], [ -108.257327114753821, 46.249649197565986 ], [ -108.257352999232907, 46.249649440175801 ], [ -108.25737888241494, 46.24964968276543 ], [ -108.257404766915087, 46.249649924463434 ], [ -108.257430651394884, 46.249650167055464 ], [ -108.257456537172132, 46.249650409655878 ], [ -108.257482420355089, 46.249650652221753 ], [ -108.257508304835582, 46.249650894796019 ], [ -108.257534188039571, 46.249651136450019 ], [ -108.257560072520533, 46.24965137901242 ], [ -108.257585957001723, 46.249651621568844 ], [ -108.257611840185817, 46.249651864105061 ], [ -108.257637724646898, 46.249652107549622 ], [ -108.257663607831461, 46.249652350074001 ], [ -108.257689492354729, 46.249652590806718 ], [ -108.257715376837055, 46.249652833333457 ], [ -108.257741259033764, 46.249653062325891 ], [ -108.257741179931358, 46.249671051366811 ], [ -108.257741098151214, 46.249688987265522 ], [ -108.257741016329845, 46.249706924964208 ], [ -108.257740934549489, 46.249724860862948 ], [ -108.25774085276916, 46.249742796761716 ], [ -108.257740772286013, 46.249760732674766 ], [ -108.257740690484908, 46.249778669473564 ], [ -108.257740608704438, 46.249796605372367 ], [ -108.257740526923797, 46.249814541271206 ], [ -108.257740445143213, 46.249832477170031 ], [ -108.257740363362473, 46.249850413068913 ], [ -108.25774028154062, 46.249868350767763 ], [ -108.257740201057089, 46.249886286680933 ], [ -108.257740119276292, 46.249904222579886 ], [ -108.257740037495338, 46.24992215847881 ], [ -108.25773995569385, 46.249940095277736 ], [ -108.257739873912783, 46.249958031176689 ], [ -108.257739792131758, 46.249975967075684 ], [ -108.257739710350592, 46.24999390297468 ], [ -108.257739629866776, 46.250011838888014 ], [ -108.257739548044356, 46.250029776587034 ], [ -108.257739466263104, 46.250047712486079 ], [ -108.257739384481724, 46.250065648385153 ], [ -108.257739302700386, 46.250083584284241 ], [ -108.257739219600992, 46.25010152106907 ], [ -108.257739137819541, 46.2501194569682 ], [ -108.257739056038034, 46.25013739286733 ], [ -108.25773897425637, 46.250155328766496 ], [ -108.257738892474762, 46.250173264665669 ], [ -108.257738810651844, 46.250191202364839 ], [ -108.257738728870123, 46.250209138264061 ], [ -108.257738648385569, 46.250227074177559 ], [ -108.257738566603649, 46.250245010076789 ], [ -108.25773848480118, 46.250262946876049 ], [ -108.257738403019147, 46.250280882775343 ], [ -108.25773832123717, 46.250298818674651 ], [ -108.257738239455009, 46.250316754573966 ], [ -108.257738157672918, 46.250334690473274 ], [ -108.25773807714684, 46.250352628186896 ], [ -108.257737995364636, 46.250370564086253 ], [ -108.257737913582275, 46.250388499985661 ], [ -108.257737831799957, 46.250406435885068 ], [ -108.25773774999692, 46.250424372684449 ], [ -108.257737668214489, 46.250442308583899 ], [ -108.257737586431929, 46.250460244483349 ], [ -108.257737505946722, 46.250478180397131 ], [ -108.257737424164048, 46.250496116296617 ], [ -108.257737342340249, 46.250514053996092 ], [ -108.257737260557462, 46.250531989895613 ], [ -108.257737178774718, 46.250549925795163 ], [ -108.257737096991818, 46.250567861694712 ], [ -108.257737015188383, 46.250585798494285 ], [ -108.25773693470272, 46.250603734408166 ], [ -108.257736852919763, 46.250621670307765 ], [ -108.257736771136635, 46.250639606207393 ], [ -108.257736689353578, 46.250657542107035 ], [ -108.257736607529196, 46.250675479806667 ], [ -108.257736525746026, 46.250693415706351 ], [ -108.257736443962685, 46.25071135160605 ], [ -108.257736362179401, 46.25072928750577 ], [ -108.25773628167272, 46.250747224319767 ], [ -108.257736199889337, 46.25076516021953 ], [ -108.257736118105782, 46.250783096119278 ], [ -108.257736036322285, 46.250801032019076 ], [ -108.257735954538646, 46.25081896791886 ], [ -108.257735872713866, 46.250836905618655 ], [ -108.257735790930113, 46.250854841518525 ], [ -108.25773571044364, 46.250872777432647 ], [ -108.257735628659859, 46.250890713332524 ], [ -108.25773554683478, 46.25090865103239 ], [ -108.257735465071491, 46.250926586032293 ], [ -108.257735383287454, 46.25094452193224 ], [ -108.257735301503473, 46.250962457832173 ], [ -108.257735219719436, 46.250980393732142 ], [ -108.257735136596736, 46.250998331417804 ], [ -108.257735054812599, 46.251016267317802 ], [ -108.257734973028292, 46.251034203217806 ], [ -108.257734891244027, 46.251052139117832 ], [ -108.257734810715817, 46.251070076832129 ], [ -108.257734728931453, 46.251088012732168 ], [ -108.257734647146933, 46.251105948632258 ], [ -108.257734565383032, 46.251123883632374 ], [ -108.257734483598426, 46.251141819532499 ], [ -108.25773440177268, 46.2511597572326 ], [ -108.257734319987946, 46.251177693132746 ], [ -108.257734238203255, 46.251195629032892 ], [ -108.257734157715774, 46.251213564947363 ], [ -108.257734075889815, 46.251231502647563 ], [ -108.257733994104868, 46.251249438547781 ], [ -108.257733912319964, 46.251267374448005 ], [ -108.257733830534917, 46.251285310348266 ], [ -108.257733748749899, 46.251303246248519 ], [ -108.257733666944148, 46.251321183048816 ], [ -108.257733586456297, 46.251339118963394 ], [ -108.257733504671123, 46.251357054863718 ], [ -108.257733422885792, 46.251374990764042 ], [ -108.25773334105935, 46.251392928464377 ], [ -108.257733259274019, 46.251410864364743 ], [ -108.257733177488532, 46.251428800265131 ], [ -108.257733095703088, 46.251446736165526 ], [ -108.257733015214853, 46.251464672080232 ], [ -108.257732933408633, 46.251482608880686 ], [ -108.257732851623018, 46.251500544781123 ], [ -108.257732769837247, 46.251518480681597 ], [ -108.257732688051547, 46.251536416582084 ], [ -108.257732606224522, 46.251554354282582 ], [ -108.257732524438708, 46.251572290183113 ], [ -108.257732442652724, 46.251590226083643 ], [ -108.257732362164163, 46.251608161998533 ], [ -108.257732280378079, 46.251626097899099 ], [ -108.25773219857146, 46.251644034699673 ], [ -108.257732116785277, 46.251661970600274 ], [ -108.257732034999137, 46.251679906500911 ], [ -108.25773195321284, 46.25169784240159 ], [ -108.257731871385431, 46.251715780102224 ], [ -108.257731790896386, 46.251733716017178 ], [ -108.257731709110033, 46.251751651917871 ], [ -108.257731627323508, 46.251769587818586 ], [ -108.257731545537041, 46.251787523719322 ], [ -108.257731463729854, 46.251805460520082 ], [ -108.257731381943273, 46.251823396420839 ], [ -108.25773130015655, 46.251841332321625 ], [ -108.257731219667235, 46.2518592682367 ], [ -108.257731135244597, 46.251877205908947 ], [ -108.257731053457718, 46.25189514180979 ], [ -108.257730971670867, 46.25191307771064 ], [ -108.257730891181239, 46.251931013625786 ], [ -108.257730809394189, 46.25194894952665 ], [ -108.257730727586591, 46.25196688632758 ], [ -108.257730645799427, 46.251984822228493 ], [ -108.25773056401232, 46.252002758129429 ], [ -108.257730482225057, 46.252020694030392 ], [ -108.257730400396667, 46.252038631731338 ], [ -108.257730318609291, 46.252056567632337 ], [ -108.257730238119322, 46.252074503547647 ], [ -108.257730156331846, 46.252092439448674 ], [ -108.257730074544412, 46.252110375349709 ], [ -108.257729992736245, 46.252128312150738 ], [ -108.257729910948697, 46.252146248051815 ], [ -108.257729829160994, 46.252164183952921 ], [ -108.257729747373347, 46.252182119854048 ], [ -108.25772966684174, 46.252200057569439 ], [ -108.25772958505398, 46.252217993470587 ], [ -108.257729503266077, 46.252235929371736 ], [ -108.257729421478203, 46.252253865272927 ], [ -108.257729339690172, 46.252271801174118 ], [ -108.257729257881607, 46.252289737975339 ], [ -108.257729176093477, 46.252307673876558 ], [ -108.257729095602784, 46.252325609792088 ], [ -108.25772901381454, 46.25234354569335 ], [ -108.257728931985184, 46.252361483394608 ], [ -108.257728850196841, 46.252379419295913 ], [ -108.257728768408526, 46.252397355197239 ], [ -108.257728686620084, 46.252415291098565 ], [ -108.257728604831669, 46.252433226999912 ], [ -108.257728523022536, 46.25245116380129 ], [ -108.257728442531288, 46.252469099716947 ], [ -108.257728360742718, 46.252487035618351 ], [ -108.25772827895409, 46.25250497151977 ], [ -108.257728197124152, 46.252522909221184 ], [ -108.257728115335425, 46.25254084512266 ], [ -108.257728033546542, 46.252558781024135 ], [ -108.257727951757701, 46.252576716925631 ], [ -108.25772787126607, 46.252594652841402 ], [ -108.257727789456453, 46.252612589642915 ], [ -108.257727707667456, 46.25263052554444 ], [ -108.257727625878289, 46.252648461446036 ], [ -108.257727544089178, 46.252666397347618 ], [ -108.257727462258771, 46.252684335049175 ], [ -108.257727380469547, 46.252702270950778 ], [ -108.25772729997756, 46.252720206866677 ], [ -108.257727218188236, 46.252738142768337 ], [ -108.257727136398756, 46.252756078669982 ], [ -108.257727051993967, 46.252774015443109 ], [ -108.257726971501867, 46.252791951359093 ], [ -108.257726889712217, 46.252809887260788 ], [ -108.257726807922623, 46.252827823162526 ], [ -108.257726726091718, 46.25284576086424 ], [ -108.257726644302011, 46.252863696766013 ], [ -108.257726562512147, 46.25288163266778 ], [ -108.25772648072234, 46.252899568569596 ], [ -108.257726398932377, 46.252917504471398 ], [ -108.257726318419259, 46.252935441287512 ], [ -108.257726236629196, 46.252953377189364 ], [ -108.257726154839162, 46.252971313091209 ], [ -108.257726073048985, 46.252989248993103 ], [ -108.257725991217683, 46.253007186695015 ], [ -108.257725909427393, 46.25302512259691 ], [ -108.257725827637159, 46.253043058498854 ], [ -108.25772574714415, 46.253060994415094 ], [ -108.257725665353703, 46.253078930317045 ], [ -108.257725583542708, 46.253096867119005 ], [ -108.257725501752148, 46.253114803021049 ], [ -108.257725419961631, 46.253132738923064 ], [ -108.25772533817107, 46.2531506748251 ], [ -108.257725256339185, 46.253168612527126 ], [ -108.25772517584582, 46.253186548443473 ], [ -108.257725094055075, 46.253204484345552 ], [ -108.257725012264203, 46.253222420247667 ], [ -108.257724930452781, 46.253240357049791 ], [ -108.257724851256583, 46.253258292980476 ], [ -108.257724769424385, 46.253276230682602 ], [ -108.257724687633385, 46.25329416658478 ], [ -108.25772460582165, 46.253312103386975 ], [ -108.257724526625339, 46.253330039317731 ], [ -108.257724444792927, 46.253347977019935 ], [ -108.257724363001714, 46.253365912922177 ], [ -108.257724281210344, 46.253383848824441 ], [ -108.257724199398439, 46.253401785626707 ], [ -108.257724120201772, 46.253419721557556 ], [ -108.257724038369076, 46.253437659259838 ], [ -108.257723956577607, 46.253455595162166 ], [ -108.257723874744812, 46.253473532864483 ], [ -108.257723795547932, 46.25349146879541 ], [ -108.2577237137357, 46.253509405597775 ], [ -108.257723631943918, 46.253527341500174 ], [ -108.257723551449558, 46.253545277416855 ], [ -108.257723470913902, 46.253563215133539 ], [ -108.257723389121949, 46.253581151035988 ], [ -108.257723307309462, 46.253599087838452 ], [ -108.25772322681479, 46.253617023755204 ], [ -108.257723144981611, 46.253634961457685 ], [ -108.257723064486839, 46.253652897374479 ], [ -108.257722983971448, 46.253670834191283 ], [ -108.257722902179268, 46.253688770093824 ], [ -108.257722820386931, 46.253706705996393 ], [ -108.2577227411482, 46.253724643727523 ], [ -108.257722659355849, 46.253742579630106 ], [ -108.257722577542879, 46.253760516432727 ], [ -108.257722495750329, 46.253778452335347 ], [ -108.257722413916653, 46.253796390037984 ], [ -108.257722334718821, 46.253814325969202 ], [ -108.257722252905538, 46.253832262771894 ], [ -108.257722171112874, 46.253850198674591 ], [ -108.257722089320055, 46.253868134577317 ], [ -108.25772201008084, 46.253886072308575 ], [ -108.257721928288021, 46.253904008211329 ], [ -108.257721846474453, 46.253921945014106 ], [ -108.25772176468152, 46.253939880916889 ], [ -108.257721685442107, 46.253957818648203 ], [ -108.25772160364896, 46.253975754551028 ], [ -108.257721521814702, 46.253993692253843 ], [ -108.257721440021456, 46.254011628156739 ], [ -108.257721359525675, 46.254029564073882 ], [ -108.257721279009147, 46.254047500891005 ], [ -108.25772119721573, 46.254065436793915 ], [ -108.257721116678624, 46.25408337451114 ], [ -108.257721034885108, 46.254101310414072 ], [ -108.257720954368466, 46.254119247231273 ], [ -108.257720873872273, 46.254137183148515 ], [ -108.257720792037432, 46.2541551208515 ], [ -108.257720710243788, 46.254173056754532 ], [ -108.257720628450016, 46.254190992657556 ], [ -108.257720549230527, 46.25420892948911 ], [ -108.257720467436627, 46.254226865392177 ], [ -108.257720385601615, 46.254244803095268 ], [ -108.257720303807616, 46.254262738998342 ], [ -108.257720224587828, 46.254280675829975 ], [ -108.257720142793815, 46.25429861173312 ], [ -108.257720060958491, 46.254316549436226 ], [ -108.257719979164364, 46.254334485339427 ], [ -108.25771989996494, 46.25435242127115 ], [ -108.257719818150051, 46.254370358074311 ], [ -108.257719736355753, 46.254388293977527 ], [ -108.257719654520173, 46.254406231680768 ], [ -108.25771957272579, 46.254424167584006 ], [ -108.257719493505505, 46.254442104415794 ], [ -108.257719411710923, 46.254460040319074 ], [ -108.257719329875215, 46.254477978022344 ], [ -108.257719249377942, 46.254495913939969 ], [ -108.257719168880712, 46.254513849857567 ], [ -108.257719087044748, 46.254531787560886 ], [ -108.257719005249967, 46.254549723464265 ], [ -108.257718924731904, 46.254567660281914 ], [ -108.257718842936924, 46.254585596185308 ], [ -108.25771876239827, 46.25460353390298 ], [ -108.257718681900627, 46.254621469820691 ], [ -108.257718600084914, 46.254639406624108 ], [ -108.257718518289821, 46.254657342527608 ], [ -108.257718439089444, 46.254675278459636 ], [ -108.257718357253097, 46.254693216163112 ], [ -108.257718275457748, 46.254711152066626 ], [ -108.257718193641864, 46.254729088870135 ], [ -108.257718114441275, 46.254747024802256 ], [ -108.257718032604615, 46.254764962505803 ], [ -108.257717950809152, 46.254782898409402 ], [ -108.257717868992955, 46.254800835212968 ], [ -108.257717787197379, 46.254818771116611 ], [ -108.25771770799652, 46.254836707048817 ], [ -108.257717626159589, 46.254854644752434 ], [ -108.257717544363857, 46.254872580656098 ], [ -108.25771746254739, 46.254890517459756 ], [ -108.257717383346332, 46.254908453392055 ], [ -108.257717301509274, 46.254926391095736 ], [ -108.257717219713228, 46.254944326999478 ], [ -108.257717137896634, 46.254962263803193 ], [ -108.257717057397926, 46.254980199721295 ], [ -108.257716976899246, 46.25499813563934 ], [ -108.257716895061833, 46.255016073343121 ], [ -108.257716814562954, 46.255034009261209 ], [ -108.257716732746104, 46.255051946065038 ], [ -108.257716652247126, 46.255069881983196 ], [ -108.257716571706922, 46.255087819701316 ], [ -108.257716489910493, 46.2551057556052 ], [ -108.257716408072753, 46.255123693309095 ], [ -108.257716327573661, 46.255141629227275 ], [ -108.257716247074399, 46.255159565145497 ], [ -108.257716165257179, 46.255177501949461 ], [ -108.25771608346038, 46.255195437853423 ], [ -108.25771600162247, 46.255213375557389 ], [ -108.257715922420445, 46.255231311489943 ], [ -108.257715840602899, 46.255249248293978 ], [ -108.257715758805986, 46.255267184198033 ], [ -108.257715676967749, 46.255285121902048 ], [ -108.257715597765525, 46.255303057834674 ], [ -108.257715515968442, 46.255320993738763 ], [ -108.257715434150626, 46.255338930542898 ], [ -108.257715352353458, 46.255356866447016 ], [ -108.25771527051495, 46.255374804151131 ], [ -108.257715191312457, 46.255392740083849 ], [ -108.257715109494526, 46.255410676888033 ], [ -108.257715027697031, 46.255428612792201 ], [ -108.25771494585841, 46.255446550496401 ], [ -108.257714866655704, 46.255464486429183 ], [ -108.257714784858138, 46.255482422333415 ], [ -108.257714703039852, 46.255500359137692 ], [ -108.257714622539538, 46.255518295056248 ], [ -108.257714541998098, 46.255536232774787 ], [ -108.257714460200219, 46.255554168679097 ], [ -108.257714379679271, 46.255572105497684 ], [ -108.257714297881293, 46.255590041402037 ], [ -108.257714216042189, 46.255607979106372 ], [ -108.257714136838999, 46.255625915039317 ], [ -108.257714055040864, 46.255643850943699 ], [ -108.257713973201604, 46.255661788648084 ], [ -108.257713891403341, 46.255679724552529 ], [ -108.257713812179375, 46.255697661385518 ], [ -108.257713730381113, 46.255715597289992 ], [ -108.257713648541539, 46.255733534994427 ], [ -108.257713566743163, 46.255751470898943 ], [ -108.257713484924068, 46.255769407703454 ], [ -108.257713405720409, 46.255787343636541 ], [ -108.257713323921877, 46.255805279541086 ], [ -108.257713242082033, 46.255823217245606 ], [ -108.257713160283387, 46.255841153150207 ], [ -108.257713081058938, 46.255859089983353 ], [ -108.257712999260093, 46.255877025887962 ], [ -108.257712917420136, 46.255894963592581 ], [ -108.257712835621277, 46.255912899497226 ], [ -108.257712756396614, 46.25593083633045 ], [ -108.25771267459757, 46.255948772235108 ], [ -108.257712592798541, 46.25596670813983 ], [ -108.257712512255679, 46.255984645858796 ], [ -108.257712430456451, 46.256002581763504 ], [ -108.257712349934167, 46.256020518582545 ], [ -108.257712269432304, 46.256038454501578 ], [ -108.257712187591864, 46.256056392206347 ], [ -108.257712105792422, 46.25607432811114 ], [ -108.257712025269825, 46.256092264930246 ], [ -108.257711944767834, 46.256110200849349 ], [ -108.257711862968236, 46.256128136754178 ], [ -108.257711781127512, 46.256146074459046 ], [ -108.257711699327828, 46.256164010363918 ], [ -108.257711620081835, 46.256181948097385 ], [ -108.257711538282109, 46.256199884002292 ], [ -108.257711456461678, 46.256217820807201 ], [ -108.257711374661852, 46.256235756712151 ], [ -108.257711295415646, 46.25625369444564 ], [ -108.257711213615622, 46.25627163035066 ], [ -108.25771113181564, 46.25628956625566 ], [ -108.257711049994924, 46.256307503060647 ], [ -108.257710970789773, 46.256325438994246 ], [ -108.257710888948367, 46.256343376699299 ], [ -108.257710807148158, 46.256361312604355 ], [ -108.257710725327243, 46.256379249409434 ], [ -108.257710643526934, 46.256397185314526 ], [ -108.257710564280259, 46.256415123048164 ], [ -108.257710482479752, 46.256433058953334 ], [ -108.257710400679287, 46.25645099485849 ], [ -108.257710320155553, 46.256468931677908 ], [ -108.257710239652354, 46.25648686759736 ], [ -108.257710157810564, 46.256504805302569 ], [ -108.257710077307266, 46.256522741222064 ], [ -108.257709995485939, 46.256540678027271 ], [ -108.257709913685048, 46.256558613932526 ], [ -108.257709834437904, 46.256576551666328 ], [ -108.257709752636998, 46.256594487571647 ], [ -108.257709670835951, 46.256612423476945 ], [ -108.257709589014368, 46.25663036028223 ], [ -108.257709509808166, 46.256648296216113 ], [ -108.257709427965793, 46.256666233921486 ], [ -108.257709346164617, 46.256684169826848 ], [ -108.257709264342722, 46.256702106632211 ], [ -108.257709185136321, 46.256720042566158 ], [ -108.25770910329382, 46.256737980271538 ], [ -108.257709021492346, 46.256755916177021 ], [ -108.2577089396909, 46.256773852082482 ], [ -108.257708857889313, 46.25679178798795 ], [ -108.257708776046613, 46.256809725693422 ], [ -108.257708695542405, 46.25682766161318 ], [ -108.257708613740746, 46.256845597518705 ], [ -108.257708531938945, 46.256863533424244 ], [ -108.257708450137173, 46.256881469329798 ], [ -108.25770836835585, 46.256899404335392 ], [ -108.257708285215344, 46.256917342026689 ], [ -108.257708203413415, 46.256935277932278 ], [ -108.25770812161133, 46.25695321383791 ], [ -108.257708039809302, 46.256971149743556 ], [ -108.257707958007131, 46.256989085649209 ], [ -108.257707876163821, 46.257007023354845 ], [ -108.257707795659016, 46.257024959274816 ], [ -108.257707713856774, 46.257042895180547 ], [ -108.257707632054377, 46.257060831086264 ], [ -108.257707550272599, 46.257078766091993 ], [ -108.257707468428933, 46.257096703797721 ], [ -108.257707386626478, 46.257114639703502 ], [ -108.257707304823867, 46.25713257560929 ], [ -108.257707223021285, 46.257150511515121 ], [ -108.257707142516068, 46.257168447435234 ], [ -108.257707060713273, 46.257186383341057 ], [ -108.257706978869393, 46.257204321046906 ], [ -108.257706897066498, 46.257222256952758 ], [ -108.25770681396618, 46.257240192844371 ], [ -108.257706732163271, 46.25725812875028 ], [ -108.257706650380811, 46.257276063756215 ], [ -108.257706568536648, 46.257294001462135 ], [ -108.257706486733497, 46.257311937368094 ], [ -108.257706404930389, 46.257329873274074 ], [ -108.257706323127124, 46.257347809180061 ], [ -108.257706242621396, 46.257365745100337 ], [ -108.257706160776877, 46.257383682806328 ], [ -108.257706078973541, 46.257401618712365 ], [ -108.257705997170063, 46.257419554618451 ], [ -108.257705915366614, 46.257437490524538 ], [ -108.257705833563051, 46.257455426430617 ], [ -108.25770575178008, 46.257473361436716 ], [ -108.25770566993522, 46.257491299142821 ], [ -108.257705589429079, 46.257509235063232 ], [ -108.257705507625275, 46.257527170969425 ], [ -108.257705425821513, 46.257545106875583 ], [ -108.257705341422707, 46.257563042753233 ], [ -108.257705260875071, 46.257580980473676 ], [ -108.257705179071067, 46.257598916379905 ], [ -108.257705097267078, 46.257616852286141 ], [ -108.25770501546296, 46.257634788192398 ], [ -108.257704933679449, 46.257652723198696 ], [ -108.257704851834063, 46.257670660904964 ], [ -108.257704770029875, 46.257688596811263 ], [ -108.257704689523024, 46.257706532731859 ], [ -108.257704607718722, 46.257724468638202 ], [ -108.257704525914292, 46.257742404544544 ], [ -108.257704444109876, 46.257760340450922 ], [ -108.25770436226415, 46.257778278157296 ], [ -108.257704280459635, 46.257796214063703 ], [ -108.257704198654977, 46.257814149970145 ], [ -108.257704118147856, 46.257832085890854 ], [ -108.257704036363663, 46.257850020897315 ], [ -108.25770395451778, 46.257867958603768 ], [ -108.257703870117965, 46.257885894481696 ], [ -108.257703788313037, 46.257903830388194 ], [ -108.257703707805561, 46.257921766309032 ], [ -108.257703626000605, 46.257939702215566 ], [ -108.257703544154353, 46.25795763992209 ], [ -108.257703462349298, 46.257975575828659 ], [ -108.257703380544186, 46.257993511735265 ], [ -108.257703298738932, 46.258011447641856 ], [ -108.257703216933706, 46.258029383548489 ], [ -108.257703136446423, 46.258047318569425 ], [ -108.257703054599858, 46.258065256276055 ], [ -108.257702972794476, 46.258083192182724 ], [ -108.257702890988938, 46.258101128089415 ], [ -108.257702809183456, 46.258119063996105 ], [ -108.257702727377819, 46.258136999902838 ], [ -108.257702645531054, 46.258154937609547 ], [ -108.257702565022839, 46.258172873530583 ], [ -108.25770248321713, 46.258190809437338 ], [ -108.257702398816349, 46.258208745315621 ], [ -108.257702317010427, 46.258226681222418 ], [ -108.257702236481506, 46.258244618043484 ], [ -108.257702154675499, 46.258262553950324 ], [ -108.25770207286952, 46.258280489857178 ], [ -108.257701991063399, 46.258298425764075 ], [ -108.257701909257321, 46.258316361670964 ], [ -108.257701827451086, 46.258334297577861 ], [ -108.25770174560374, 46.258352235284761 ], [ -108.257701663797391, 46.2583701711917 ], [ -108.257701583288522, 46.258388107112921 ], [ -108.257701501482174, 46.258406043019903 ], [ -108.257701419696346, 46.258423978026912 ], [ -108.257701337848616, 46.258441915733883 ], [ -108.257701256042111, 46.258459851640907 ], [ -108.25770117423545, 46.25847778754796 ], [ -108.257701092428832, 46.258495723454999 ], [ -108.257701011919579, 46.258513659376341 ], [ -108.257700930071593, 46.258531597083405 ], [ -108.257700845669774, 46.25854953296195 ], [ -108.257700763862928, 46.258567468869074 ], [ -108.257700683353463, 46.258585404790516 ], [ -108.257700601567095, 46.258603339797652 ], [ -108.257700519760007, 46.258621275704819 ], [ -108.257700437911794, 46.258639213411989 ], [ -108.257700356104593, 46.258657149319184 ], [ -108.257700274297434, 46.258675085226407 ], [ -108.25770019249012, 46.258693021133681 ], [ -108.257700110682848, 46.258710957040925 ], [ -108.257700030131801, 46.258728894762434 ], [ -108.257699948324415, 46.258746830669729 ], [ -108.257699866516887, 46.258764766577038 ], [ -108.257699784709416, 46.258782702484346 ], [ -108.257699702922352, 46.258800637491703 ], [ -108.257699621114753, 46.258818573399068 ], [ -108.257699539265857, 46.258836511106402 ], [ -108.257699456160623, 46.258854446999521 ], [ -108.257699374352768, 46.258872382906915 ], [ -108.257699292544956, 46.258890318814323 ], [ -108.257699210737101, 46.258908254721753 ], [ -108.257699130185458, 46.258926192443468 ], [ -108.25769904837739, 46.258944128350933 ], [ -108.257698966569365, 46.258962064258412 ], [ -108.257698884761183, 46.258980000165941 ], [ -108.257698802973636, 46.258997935173454 ], [ -108.257698721124186, 46.259015872880973 ], [ -108.257698639315947, 46.259033808788523 ], [ -108.257698557507567, 46.259051744696073 ], [ -108.257698476996751, 46.259069680617962 ], [ -108.257698395188243, 46.259087616525555 ], [ -108.257698313379791, 46.259105552433184 ], [ -108.257698231530014, 46.259123490140787 ], [ -108.257698149721463, 46.25914142604843 ], [ -108.257698067912742, 46.259159361956101 ], [ -108.257697984827118, 46.259177296949524 ], [ -108.257697903018396, 46.259195232857223 ], [ -108.257697821168335, 46.259213170564927 ], [ -108.257697739359514, 46.259231106472662 ], [ -108.257697657550523, 46.259249042380404 ], [ -108.257697577039025, 46.259266978302442 ], [ -108.257697495230033, 46.259284914210227 ], [ -108.257697413379717, 46.259302851917987 ], [ -108.257697331570625, 46.259320787825814 ], [ -108.257697249761463, 46.259338723733642 ], [ -108.257697167952159, 46.259356659641512 ], [ -108.257697086163461, 46.259374594649366 ], [ -108.257697005651593, 46.259392530571517 ], [ -108.257696923800964, 46.259410468279391 ], [ -108.257696841991532, 46.259428404187304 ], [ -108.257696760181958, 46.259446340095224 ], [ -108.257696678372412, 46.259464276003207 ], [ -108.257696596562738, 46.259482211911184 ], [ -108.257696513414373, 46.259500149604847 ], [ -108.257696431604671, 46.259518085512852 ], [ -108.257696349794827, 46.25953602142085 ], [ -108.257696267985025, 46.259553957328876 ], [ -108.257696186195645, 46.259571892336957 ], [ -108.257696104344561, 46.259589830044995 ], [ -108.25769602383204, 46.259607765967345 ], [ -108.257695942022025, 46.259625701875429 ], [ -108.257695860211854, 46.259643637783547 ], [ -108.257695778401711, 46.25966157369168 ], [ -108.257695696591441, 46.25967950959982 ], [ -108.257695614740044, 46.25969744730795 ], [ -108.257695532929645, 46.25971538321614 ], [ -108.257695452416755, 46.25973331913859 ], [ -108.257695370626934, 46.259751254146842 ], [ -108.257695288816393, 46.259769190055046 ], [ -108.257695206964712, 46.259787127763268 ], [ -108.257695125154157, 46.259805063671536 ], [ -108.257695042045896, 46.259822999565529 ], [ -108.257694960235227, 46.259840935473818 ], [ -108.257694878424402, 46.259858871382157 ], [ -108.257694796572451, 46.259876809090464 ], [ -108.257694714761527, 46.259894744998817 ], [ -108.257694632950631, 46.259912680907156 ], [ -108.257694551139608, 46.259930616815531 ], [ -108.257694470646754, 46.259948551838214 ], [ -108.257694388835603, 46.259966487746631 ], [ -108.257694306983339, 46.259984425455016 ], [ -108.257694225172088, 46.260002361363462 ], [ -108.257694143360865, 46.260020297271915 ], [ -108.257694061549515, 46.260038233180381 ], [ -108.257693979738193, 46.26005616908887 ], [ -108.257693899183124, 46.260074106811622 ], [ -108.257693817371702, 46.260092042720153 ], [ -108.257693735560125, 46.260109978628684 ], [ -108.257693653769167, 46.26012791363727 ], [ -108.257693571957475, 46.260145849545829 ], [ -108.257693488807121, 46.260163787240124 ], [ -108.25769340699533, 46.260181723148719 ], [ -108.257693325183567, 46.260199659057356 ], [ -108.257693243371662, 46.260217594965987 ], [ -108.257693161559814, 46.260235530874667 ], [ -108.257693079747796, 46.260253466783347 ], [ -108.25769299919223, 46.260271404506277 ], [ -108.257692917380112, 46.260289340414978 ], [ -108.257692835568037, 46.260307276323694 ], [ -108.257692753735228, 46.260325213132418 ], [ -108.257692671923053, 46.260343149041177 ], [ -108.257692590069567, 46.260361086749931 ], [ -108.257692508257264, 46.260379022658718 ], [ -108.257692426424242, 46.260396959467514 ], [ -108.257692345909405, 46.260414895390603 ], [ -108.257692264055692, 46.260432833099415 ], [ -108.25769218224319, 46.260450769008273 ], [ -108.257692100409955, 46.260468705817104 ], [ -108.257692018597339, 46.260486641726004 ], [ -108.257691935445933, 46.260504579420605 ], [ -108.257691853633119, 46.260522515329534 ], [ -108.257691771799756, 46.260540452138429 ], [ -108.257691689986842, 46.260558388047414 ], [ -108.257691608132774, 46.260576325756347 ], [ -108.257691526319761, 46.260594261665318 ], [ -108.257691445783664, 46.260612198488559 ], [ -108.257691363970608, 46.260630134397587 ], [ -108.257691282116241, 46.26064807210664 ], [ -108.257691200303086, 46.260666008015676 ], [ -108.257691118469197, 46.260683944824713 ], [ -108.257691036655942, 46.260701880733777 ], [ -108.257690954801461, 46.260719818442887 ], [ -108.257690872987993, 46.260737754351986 ], [ -108.257690792430878, 46.260755692075385 ], [ -108.25769071061741, 46.26077362798452 ], [ -108.257690628783195, 46.260791564793685 ], [ -108.257690546969599, 46.260809500702855 ], [ -108.257690465114706, 46.260827438412015 ], [ -108.257690383301025, 46.260845374321242 ], [ -108.257690301466582, 46.260863311130457 ], [ -108.257690220950366, 46.26088124705398 ], [ -108.257690139095246, 46.260899184763211 ], [ -108.257690054686179, 46.260917120643938 ], [ -108.257689972851637, 46.260935057453203 ], [ -108.257689892335094, 46.260952993376819 ], [ -108.25768981047986, 46.260970931086113 ], [ -108.257689728665639, 46.260988866995461 ], [ -108.257689646830869, 46.26100680380479 ], [ -108.257689565016534, 46.26102473971418 ], [ -108.257689483161101, 46.261042677423546 ], [ -108.257689401346653, 46.261060613332958 ], [ -108.25768931951167, 46.261078550142344 ], [ -108.257689238994715, 46.261096486066066 ], [ -108.257689157138955, 46.261114423775531 ], [ -108.257689075324379, 46.261132359684993 ], [ -108.257688993489197, 46.261150296494456 ], [ -108.257688911674421, 46.261168232403953 ], [ -108.257688829818548, 46.261186170113497 ], [ -108.257688748003673, 46.261204106023023 ], [ -108.25768866744518, 46.261222043746834 ], [ -108.257688585630291, 46.261239979656395 ], [ -108.257688503794668, 46.261257916466 ], [ -108.257688421979694, 46.261275852375583 ], [ -108.257688338825886, 46.261293790070901 ], [ -108.257688257010685, 46.261311725980534 ], [ -108.257688175174948, 46.261329662790189 ], [ -108.257688093359647, 46.261347598699857 ], [ -108.257688011503234, 46.261365536409514 ], [ -108.257687929687819, 46.261383472319217 ], [ -108.257687847851869, 46.261401409128901 ], [ -108.257687767333934, 46.261419345052943 ], [ -108.257687685477308, 46.261437282762664 ], [ -108.257687603661665, 46.261455218672417 ], [ -108.257687521825503, 46.261473155482172 ], [ -108.257687440009761, 46.261491091391967 ], [ -108.257687358152907, 46.261509029101802 ], [ -108.257687276337066, 46.261526965011619 ], [ -108.25768719450069, 46.261544901821438 ], [ -108.257687113982328, 46.261562837745579 ], [ -108.257687032125162, 46.261580775455464 ], [ -108.257686950309193, 46.261598711365373 ], [ -108.257686868472604, 46.261616648175249 ], [ -108.257686786656436, 46.261634584085172 ], [ -108.257686704799141, 46.261652521795135 ], [ -108.257686622982874, 46.26167045770508 ], [ -108.257686539827873, 46.26168839540076 ], [ -108.257686458011491, 46.261706331310762 ], [ -108.257686376174561, 46.261724268120766 ], [ -108.257686294358081, 46.261742204030789 ], [ -108.257686213798067, 46.26176014175509 ], [ -108.257686131981458, 46.261778077665134 ], [ -108.257686050144329, 46.261796014475181 ], [ -108.257685968327621, 46.261813950385296 ], [ -108.257685886469787, 46.261831888095386 ], [ -108.257685804652965, 46.261849824005509 ], [ -108.257685722815623, 46.261867760815619 ], [ -108.257685640998687, 46.261885696725813 ], [ -108.257685560438247, 46.261903634450228 ], [ -108.257685478621212, 46.261921570360407 ], [ -108.257685396783657, 46.261939507170581 ], [ -108.257685314966523, 46.261957443080796 ], [ -108.257685233108248, 46.261975380791043 ], [ -108.257685151291, 46.261993316701322 ], [ -108.257685069453217, 46.262011253511538 ], [ -108.257684988933462, 46.262029189436106 ], [ -108.257684907075003, 46.262047127146417 ], [ -108.257684825257527, 46.262065063056731 ], [ -108.257684740824317, 46.262082999838491 ], [ -108.257684660304349, 46.262100935763101 ], [ -108.257684578445648, 46.262118873473483 ], [ -108.257684496627974, 46.262136809383861 ], [ -108.257684414769173, 46.262154747094236 ], [ -108.257684332951385, 46.26217268300465 ], [ -108.257684251113062, 46.262190619815094 ], [ -108.25768416929516, 46.262208555725536 ], [ -108.257684088733754, 46.262226493450235 ], [ -108.257684006915753, 46.26224442936072 ], [ -108.257683925077217, 46.262262366171178 ], [ -108.257683843259102, 46.262280302081734 ], [ -108.257683761399861, 46.262298239792237 ], [ -108.257683679581646, 46.262316175702779 ], [ -108.257683597742883, 46.262334112513322 ], [ -108.257683515924569, 46.262352048423935 ], [ -108.257683435362722, 46.262369986148769 ], [ -108.25768335354428, 46.262387922059396 ], [ -108.257683271705318, 46.262405858869982 ], [ -108.257683189886762, 46.262423794780609 ], [ -108.257683108027095, 46.262441732491283 ], [ -108.257683026208454, 46.262459668401952 ], [ -108.257682943071643, 46.262477605198335 ], [ -108.257682861252889, 46.262495541109047 ], [ -108.257682779393008, 46.26251347881977 ], [ -108.257682697574225, 46.262531414730518 ], [ -108.257682615755314, 46.262549350641272 ], [ -108.257682535213377, 46.262567287466297 ], [ -108.257682453353283, 46.262585225177084 ], [ -108.257682371534202, 46.262603161087888 ], [ -108.25768228967398, 46.262621098798682 ], [ -108.257682207854799, 46.262639034709515 ], [ -108.257682126015055, 46.262656971520379 ], [ -108.257682044195761, 46.26267490743124 ], [ -108.25768196233534, 46.262692845142105 ], [ -108.257681881813554, 46.262710781067277 ], [ -108.257681799994188, 46.262728716978202 ], [ -108.257681718154089, 46.262746653789137 ], [ -108.257681636293455, 46.262764591500066 ], [ -108.257681554473834, 46.262782527411026 ], [ -108.257681472633664, 46.262800464221989 ], [ -108.257681390813943, 46.262818400133 ], [ -108.257681310250703, 46.262836337858275 ], [ -108.257681228430869, 46.262854273769292 ], [ -108.2576811465905, 46.262872210580305 ], [ -108.257681062175394, 46.26289014646283 ], [ -108.25768098165301, 46.262908082388215 ], [ -108.257680899791794, 46.262926020099272 ], [ -108.257680817951197, 46.262943956910362 ], [ -108.257680736131036, 46.262961892821494 ], [ -108.257680654269748, 46.262979830532643 ], [ -108.257680572449573, 46.262997766443796 ], [ -108.257680490608664, 46.26301570325495 ], [ -108.257680408788374, 46.263033639166139 ], [ -108.25768032822441, 46.263051576891634 ], [ -108.257680246403922, 46.263069512802851 ], [ -108.257680164583476, 46.263087448714082 ], [ -108.25768008272172, 46.263105386425309 ], [ -108.257680000880583, 46.263123323236591 ], [ -108.257679919059882, 46.263141259147886 ], [ -108.257679837198054, 46.263159196859164 ], [ -108.257679756674861, 46.263177132784762 ], [ -108.257679674833525, 46.263195069596065 ], [ -108.257679593012611, 46.263213005507446 ], [ -108.257679511150556, 46.263230943218794 ], [ -108.257679429329528, 46.263248879130181 ], [ -108.257679346210907, 46.263266815027301 ], [ -108.257679264369287, 46.263284751838718 ], [ -108.257679182506934, 46.26330268955013 ], [ -108.257679100685777, 46.263320625461574 ], [ -108.257679018843902, 46.263338562273027 ], [ -108.257678937022661, 46.2633564981845 ], [ -108.257678856457716, 46.263374435910286 ], [ -108.257678774636261, 46.263392371821794 ], [ -108.257678692794258, 46.263410308633297 ], [ -108.257678610972789, 46.263428244544848 ], [ -108.257678529151164, 46.263446180456441 ], [ -108.257678447288413, 46.263464118167995 ], [ -108.257678365466688, 46.263482054079589 ], [ -108.257678283624429, 46.263499990891169 ], [ -108.257678203059058, 46.263517928617077 ], [ -108.257678121237163, 46.263535864528713 ], [ -108.257678039374142, 46.263553802240345 ], [ -108.257677957552147, 46.263571738152031 ], [ -108.257677875709604, 46.263589674963718 ], [ -108.257677793887495, 46.263607610875425 ], [ -108.257677712065444, 46.263625546787154 ], [ -108.257677631499703, 46.263643484513146 ], [ -108.257677547082238, 46.263661420396346 ], [ -108.257677465239425, 46.263679357208112 ], [ -108.257677383375878, 46.263697294919886 ], [ -108.257677302851192, 46.263715230845946 ], [ -108.257677221008123, 46.263733167657762 ], [ -108.257677139185688, 46.263751103569618 ], [ -108.257677057321928, 46.263769041281435 ], [ -108.257676975499365, 46.26378697719332 ], [ -108.257676893676674, 46.263804913105204 ], [ -108.257676811833434, 46.263822849917062 ], [ -108.257676730010616, 46.263840785829018 ], [ -108.257676649444335, 46.263858723555195 ], [ -108.257650764252617, 46.263858726845093 ], [ -108.257624879060884, 46.263858730129108 ], [ -108.257598993848561, 46.263858734307135 ], [ -108.257573109954393, 46.263858737593544 ], [ -108.257547223465096, 46.263858740845443 ], [ -108.257521339529831, 46.263858745919968 ], [ -108.257495455635649, 46.263858749188543 ], [ -108.257469571720947, 46.263858753351244 ], [ -108.25744368523155, 46.263858756579396 ], [ -108.257417801337439, 46.263858759830207 ], [ -108.257391917422751, 46.263858763975065 ], [ -108.257366030933341, 46.263858767185468 ], [ -108.25734014703923, 46.26385877041843 ], [ -108.257314261826878, 46.263858774531222 ], [ -108.257288376635103, 46.263858777738086 ], [ -108.257262491443328, 46.263858780939003 ], [ -108.25723660750802, 46.263858785948244 ], [ -108.257210723613881, 46.263858789151605 ], [ -108.25718483710385, 46.263858793220436 ], [ -108.257158953209725, 46.263858796411903 ], [ -108.257133069315586, 46.263858799597458 ], [ -108.257107182805541, 46.263858803648475 ], [ -108.257081298911402, 46.263858806822164 ], [ -108.257055413719598, 46.263858809975609 ], [ -108.257029528527795, 46.26385881312315 ], [ -108.257003643315386, 46.263858817164738 ], [ -108.25697775938005, 46.263858822114656 ], [ -108.256951875485882, 46.263858825258659 ], [ -108.256925988996414, 46.263858828368178 ], [ -108.256900105081655, 46.263858832400309 ], [ -108.256874221187473, 46.263858835526534 ], [ -108.256848334698006, 46.263858838618226 ], [ -108.256822450803824, 46.263858841732585 ], [ -108.256796566889051, 46.263858845740998 ], [ -108.256770680399555, 46.263858848814927 ], [ -108.256744796505373, 46.263858851911451 ], [ -108.256718911292936, 46.263858855887769 ], [ -108.256693027378134, 46.263858859872435 ], [ -108.256667140868046, 46.263858863822634 ], [ -108.256641256973836, 46.26385886689544 ], [ -108.25661537307964, 46.263858869962334 ], [ -108.256589486569538, 46.263858873894691 ], [ -108.256563602675328, 46.263858876949726 ], [ -108.256537718781118, 46.263858879998786 ], [ -108.256511832270988, 46.263858883913365 ], [ -108.256485948376763, 46.263858886950601 ], [ -108.256460063184903, 46.263858889967572 ], [ -108.256434177993029, 46.263858892978654 ], [ -108.256408292759929, 46.263858897783784 ], [ -108.256382408845099, 46.263858901697247 ], [ -108.256356524950775, 46.26385890470479 ], [ -108.256330638461336, 46.26385890767785 ], [ -108.256304754546491, 46.263858911573536 ], [ -108.256278870652153, 46.263858914563315 ], [ -108.2562529841627, 46.26385891751854 ], [ -108.256227100268347, 46.263858920496439 ], [ -108.256201216353489, 46.263858924368385 ], [ -108.256175329864021, 46.263858927305847 ], [ -108.256149445969683, 46.263858930265933 ], [ -108.25612356073654, 46.263858935005779 ], [ -108.256097676821682, 46.263858938854007 ], [ -108.256071790332115, 46.26385894176773 ], [ -108.256045906437834, 46.263858944704069 ], [ -108.256020022543566, 46.263858947634525 ], [ -108.25599413603338, 46.263858951430407 ], [ -108.255968252139084, 46.263858954348983 ], [ -108.255942368244817, 46.263858957261618 ], [ -108.255916481734616, 46.263858961039709 ], [ -108.255890597840335, 46.263858963940486 ], [ -108.255864712648389, 46.26385896682104 ], [ -108.255838828712868, 46.263858971509904 ], [ -108.255812942223272, 46.263858974364297 ], [ -108.255787058308343, 46.263858978141315 ], [ -108.255761174414047, 46.263858981012433 ], [ -108.255735287924452, 46.263858983848998 ], [ -108.255709404009522, 46.263858987608216 ], [ -108.255683520115198, 46.263858990461536 ], [ -108.255657633625603, 46.263858993280294 ], [ -108.255631749731279, 46.263858996121762 ], [ -108.255605865816349, 46.263858999857248 ], [ -108.255579980583136, 46.263859004472522 ], [ -108.255554095391162, 46.263859007281845 ], [ -108.255528210199174, 46.26385901008527 ], [ -108.255502326284216, 46.263859013797017 ], [ -108.255476439794592, 46.263859016574266 ], [ -108.255450555900254, 46.263859019374181 ], [ -108.255424672005901, 46.263859022168162 ], [ -108.255398785495657, 46.263859025827607 ], [ -108.255372901601305, 46.26385902860973 ], [ -108.255347017706953, 46.263859031385884 ], [ -108.255321131196681, 46.263859035027529 ], [ -108.255295247281708, 46.263859038691855 ], [ -108.255269362069072, 46.26385904233593 ], [ -108.255243478174705, 46.26385904508836 ], [ -108.255217591685053, 46.263859047806271 ], [ -108.255191707770052, 46.26385905144685 ], [ -108.2551658238757, 46.263859054181516 ], [ -108.255139937386019, 46.263859056881593 ], [ -108.255114053471019, 46.263859060504373 ], [ -108.255088169576538, 46.263859063221233 ], [ -108.255062283086957, 46.263859065903567 ], [ -108.255036399192591, 46.263859068608539 ], [ -108.255010515256842, 46.263859073107589 ], [ -108.254984630044177, 46.26385907668638 ], [ -108.254958744852132, 46.263859079359278 ], [ -108.254932859660101, 46.263859082026201 ], [ -108.254906975745072, 46.263859085601517 ], [ -108.254881089255477, 46.263859088242313 ], [ -108.254855205360968, 46.263859090905754 ], [ -108.254829321466573, 46.263859093563291 ], [ -108.25480343495633, 46.263859097086247 ], [ -108.254777551061821, 46.263859099731924 ], [ -108.254751667167397, 46.263859102371647 ], [ -108.254725783231734, 46.263859106805427 ], [ -108.254699896721377, 46.263859110304651 ], [ -108.254674012826953, 46.263859112926589 ], [ -108.254648127634894, 46.263859115528248 ], [ -108.254622242442807, 46.263859118124032 ], [ -108.254596357230099, 46.263859121613834 ], [ -108.254570473335662, 46.263859124212054 ], [ -108.254544586845924, 46.263859126775664 ], [ -108.254518702930866, 46.263859130261991 ], [ -108.254492819036415, 46.263859132842398 ], [ -108.254466932546677, 46.263859135388273 ], [ -108.254441048610957, 46.263859139756754 ], [ -108.254415164716505, 46.263859142319376 ], [ -108.254389279503769, 46.263859145761721 ], [ -108.254363394311667, 46.263859148298145 ], [ -108.254337509119566, 46.263859150828623 ], [ -108.25431162520448, 46.263859154267472 ], [ -108.254285738714714, 46.263859156771808 ], [ -108.254259854820248, 46.263859159298789 ], [ -108.254233970925782, 46.263859161819873 ], [ -108.254208084415382, 46.263859165206384 ], [ -108.254182200479633, 46.263859169515563 ], [ -108.254156316585153, 46.263859172018861 ], [ -108.254130432690673, 46.263859174516192 ], [ -108.254104546180258, 46.263859177878949 ], [ -108.254078662285778, 46.263859180364427 ], [ -108.254052777093648, 46.263859182829641 ], [ -108.254026891901518, 46.263859185288943 ], [ -108.254001006688725, 46.263859188642286 ], [ -108.25397512279423, 46.263859191104054 ], [ -108.253949236304436, 46.263859193531211 ], [ -108.253923352389307, 46.263859196881086 ], [ -108.253897468453502, 46.263859201125015 ], [ -108.253871584558908, 46.263859203563044 ], [ -108.253845698069213, 46.263859205966455 ], [ -108.253819814174605, 46.263859208392624 ], [ -108.253793928961798, 46.263859211698517 ], [ -108.253768043769739, 46.263859214098495 ], [ -108.253742158577566, 46.263859216492499 ], [ -108.25371627466231, 46.263859219794902 ], [ -108.253690388172586, 46.263859222162765 ], [ -108.253664504278078, 46.263859224553336 ], [ -108.253638620362793, 46.263859227837941 ], [ -108.253612736447622, 46.263859231116598 ], [ -108.253586849937136, 46.263859234360687 ], [ -108.253560966042613, 46.263859236727534 ], [ -108.25353508214809, 46.263859239088404 ], [ -108.253509195637591, 46.263859242314687 ], [ -108.253483311743054, 46.263859244663742 ], [ -108.253457426550867, 46.263859246992489 ], [ -108.25343154135868, 46.263859249315331 ], [ -108.253405656145816, 46.263859252532207 ], [ -108.253379772251265, 46.263859254857522 ], [ -108.253353885761427, 46.263859257148219 ], [ -108.253328001825565, 46.263859261261629 ], [ -108.253302117910351, 46.263859264469104 ], [ -108.2532762340158, 46.263859266770687 ], [ -108.253250347525935, 46.263859269037638 ], [ -108.253224463631369, 46.263859271327355 ], [ -108.253198578418505, 46.26385927449676 ], [ -108.25317269322629, 46.263859276760279 ], [ -108.253146808034074, 46.263859279017836 ], [ -108.253120924118846, 46.26385928218378 ], [ -108.253095037628967, 46.263859284415183 ], [ -108.253069153734401, 46.263859286669295 ], [ -108.253043269798496, 46.263859290717413 ], [ -108.253017385903902, 46.263859292959658 ], [ -108.252991499393374, 46.263859296067288 ], [ -108.25296561549878, 46.263859298297668 ], [ -108.252939731604187, 46.263859300522078 ], [ -108.252913845093644, 46.263859303611916 ], [ -108.25288796119905, 46.263859305824511 ], [ -108.252862076006807, 46.263859308016841 ], [ -108.2528361907939, 46.263859311103175 ], [ -108.252810305601656, 46.263859313283604 ], [ -108.252784421665723, 46.263859317272434 ], [ -108.252758537771115, 46.263859319455356 ], [ -108.252732651281207, 46.26385932160364 ], [ -108.252706767365936, 46.263859324674669 ], [ -108.252680883471228, 46.263859326839771 ], [ -108.252654996981406, 46.263859328970284 ], [ -108.252629113086797, 46.263859331123527 ], [ -108.252603229171413, 46.263859334170824 ], [ -108.25257734268159, 46.263859336283552 ], [ -108.252551458786883, 46.263859338418975 ], [ -108.252525573574033, 46.263859341434177 ], [ -108.252499689637972, 46.263859345357702 ], [ -108.252473803148149, 46.26385934744669 ], [ -108.252447919253427, 46.263859349558402 ], [ -108.252422035358776, 46.263859351664195 ], [ -108.252396148848277, 46.263859354635358 ], [ -108.252370264953541, 46.263859356729284 ], [ -108.252351766479578, 46.263859356696443 ], [ -108.252345272818147, 46.26385935606703 ], [ -108.252319423918095, 46.263859360336362 ], [ -108.252293573720408, 46.263859364585457 ], [ -108.252267723522706, 46.263859368828641 ], [ -108.252241874622555, 46.263859373080209 ], [ -108.252216024424854, 46.263859377311562 ], [ -108.252190174247829, 46.26385938063698 ], [ -108.252164325347763, 46.263859384870834 ], [ -108.252138476447698, 46.263859389098783 ], [ -108.252112627547518, 46.263859393320757 ], [ -108.252086777349803, 46.263859397522523 ], [ -108.252060928449723, 46.263859401732716 ], [ -108.252035078251993, 46.263859405922609 ], [ -108.252009228033572, 46.263859411006635 ], [ -108.251983379133392, 46.26385941519905 ], [ -108.251957528935648, 46.263859419371215 ], [ -108.25193167873789, 46.263859423537482 ], [ -108.251905829837781, 46.263859427712134 ], [ -108.251879979660714, 46.263859430966562 ], [ -108.251854129462956, 46.263859435115066 ], [ -108.251828280562748, 46.263859439272004 ], [ -108.251802430364975, 46.263859443408663 ], [ -108.251776580167203, 46.263859447539417 ], [ -108.25175073256473, 46.263859451692944 ], [ -108.251724883664494, 46.263859455826214 ], [ -108.251699033487398, 46.263859459039217 ], [ -108.251673183289597, 46.263859463146275 ], [ -108.25164733438946, 46.263859467261803 ], [ -108.251621484191674, 46.263859471357058 ], [ -108.251595633993858, 46.263859475446374 ], [ -108.251569785093622, 46.263859479544138 ], [ -108.251543934895807, 46.263859483621658 ], [ -108.251518084718683, 46.263859486793223 ], [ -108.251492235818517, 46.263859490873266 ], [ -108.251466385620702, 46.26385949493298 ], [ -108.251440535422887, 46.263859498986825 ], [ -108.251414686522608, 46.263859503049083 ], [ -108.251388838920079, 46.263859507119761 ], [ -108.251362988722235, 46.26385951115585 ], [ -108.251337138503715, 46.263859516085994 ], [ -108.251311289603422, 46.263859520124605 ], [ -108.251285439405578, 46.26385952414293 ], [ -108.251259589207734, 46.263859528155322 ], [ -108.251233740307541, 46.263859532176177 ], [ -108.25120789013036, 46.263859535276758 ], [ -108.251182039932502, 46.263859539271444 ], [ -108.251156191032194, 46.263859543274492 ], [ -108.251130340834322, 46.263859547257333 ], [ -108.25110449063645, 46.263859551234255 ], [ -108.251078641736228, 46.263859555219604 ], [ -108.251052791538342, 46.26385955918466 ], [ -108.251026941361161, 46.26385956224383 ], [ -108.251001093758475, 46.26385956622579 ], [ -108.250975244858225, 46.263859570187478 ], [ -108.250949394660338, 46.263859574128858 ], [ -108.250923544462438, 46.263859578064356 ], [ -108.250897695562088, 46.263859582008301 ], [ -108.250871845364188, 46.263859585931939 ], [ -108.250845995186978, 46.263859588949714 ], [ -108.250820146286713, 46.26385959287586 ], [ -108.250794296088799, 46.263859596781785 ], [ -108.25076844589087, 46.263859600681769 ], [ -108.250742596990506, 46.263859604590181 ], [ -108.250716746792577, 46.263859608478356 ], [ -108.250690896594648, 46.263859612360598 ], [ -108.250665047673664, 46.263859617151255 ], [ -108.250639197475721, 46.263859621021673 ], [ -108.250613349872978, 46.263859624914836 ], [ -108.250587499675035, 46.263859628773425 ], [ -108.250561650774728, 46.263859632640454 ], [ -108.250535800597476, 46.263859635587174 ], [ -108.250509950399532, 46.26385963942797 ], [ -108.250484101499126, 46.26385964327725 ], [ -108.250458251301154, 46.263859647106237 ], [ -108.250432401103183, 46.263859650929319 ], [ -108.250406552202861, 46.263859654760815 ], [ -108.25038070200489, 46.263859658572052 ], [ -108.250354853125273, 46.263859661491736 ], [ -108.250329002927288, 46.263859665291157 ], [ -108.250303152729202, 46.263859669084617 ], [ -108.250277303828867, 46.263859672886539 ], [ -108.250251454928531, 46.263859676682557 ], [ -108.250225606028181, 46.263859680472649 ], [ -108.250199755830081, 46.263859684242462 ], [ -108.250173906950423, 46.263859687120743 ], [ -108.250148056752423, 46.263859690878711 ], [ -108.250122206554408, 46.263859694630817 ], [ -108.250096357654058, 46.2638596983913 ], [ -108.25007050745603, 46.263859702131541 ], [ -108.250044657257916, 46.263859705865855 ], [ -108.250018808357538, 46.263859709608589 ], [ -108.249992958138805, 46.263859714231096 ], [ -108.249967107940762, 46.263859717947618 ], [ -108.249941259040384, 46.263859721672638 ], [ -108.249915408842341, 46.26385972537738 ], [ -108.249889558644199, 46.263859729076174 ], [ -108.249863711062176, 46.263859731897817 ], [ -108.249837862161769, 46.263859735599169 ], [ -108.249812011963726, 46.263859739280235 ], [ -108.24978616176557, 46.263859742955347 ], [ -108.249760312865163, 46.263859746638957 ], [ -108.249734462667092, 46.263859750302274 ], [ -108.249708612469036, 46.263859753959679 ], [ -108.24968276358932, 46.263859756725537 ], [ -108.249656913391249, 46.263859760371062 ], [ -108.249631063193178, 46.263859764010697 ], [ -108.249605214292643, 46.263859767658808 ], [ -108.249579364094572, 46.263859771286604 ], [ -108.249553513896473, 46.263859774908511 ], [ -108.249527664996037, 46.263859778538851 ], [ -108.249501814818672, 46.263859781248918 ], [ -108.249475967215773, 46.263859784881809 ], [ -108.249450117017673, 46.263859788480019 ], [ -108.24942426811721, 46.263859792086699 ], [ -108.24939841791911, 46.263859795673085 ], [ -108.249372567720997, 46.263859799253552 ], [ -108.249346718799714, 46.263859803742484 ], [ -108.249320868601586, 46.263859807311107 ], [ -108.249295018403473, 46.263859810873839 ], [ -108.249269169502995, 46.263859814445027 ], [ -108.249243319304867, 46.263859817995886 ], [ -108.249217469106739, 46.263859821540869 ], [ -108.249191620226881, 46.263859824194313 ], [ -108.249165770028739, 46.263859827727444 ], [ -108.249139919830597, 46.263859831254649 ], [ -108.249114070930105, 46.263859834790331 ], [ -108.249088223327149, 46.263859838334476 ], [ -108.249062373129021, 46.263859841843953 ], [ -108.249036522930865, 46.26385984534749 ], [ -108.249010674051078, 46.263859847959502 ], [ -108.248984823852908, 46.26385985145123 ], [ -108.248958973654752, 46.263859854937031 ], [ -108.248933124754132, 46.263859858431282 ], [ -108.248907274555961, 46.263859861905253 ], [ -108.248881424357791, 46.26385986537332 ], [ -108.248855575457256, 46.263859868849799 ], [ -108.248829725279805, 46.263859871406062 ], [ -108.248803875081634, 46.26385987485633 ], [ -108.248778026180986, 46.26385987831511 ], [ -108.248752175982816, 46.263859881753575 ], [ -108.248726328379917, 46.263859885214863 ], [ -108.248700478181718, 46.263859888641505 ], [ -108.248674629260336, 46.263859892976569 ], [ -108.248648779062137, 46.263859896391374 ], [ -108.248622928863924, 46.263859899800273 ], [ -108.248597079963361, 46.263859903217593 ], [ -108.248571229765147, 46.263859906614648 ], [ -108.248545380864485, 46.263859910020166 ], [ -108.248519530687005, 46.263859912505367 ], [ -108.248493680488778, 46.263859915884652 ], [ -108.248467831588201, 46.263859919272434 ], [ -108.248441981389973, 46.263859922639895 ], [ -108.248416131191746, 46.263859926001466 ], [ -108.248390282291069, 46.263859929371442 ], [ -108.248364432092828, 46.263859932721161 ], [ -108.248338584510606, 46.263859935193722 ], [ -108.248312734312364, 46.263859938531624 ], [ -108.248286885411673, 46.263859941877932 ], [ -108.248261035213432, 46.26385994520399 ], [ -108.248235185015176, 46.263859948524129 ], [ -108.248209336114556, 46.263859951852709 ], [ -108.2481834859163, 46.263859955161003 ], [ -108.248157635738792, 46.263859957563376 ], [ -108.248131786838073, 46.263859960874228 ], [ -108.248105936639803, 46.263859964164794 ], [ -108.248080086441519, 46.263859967449385 ], [ -108.248054237540899, 46.263859970742487 ], [ -108.248028387342615, 46.263859974015297 ], [ -108.248002537123597, 46.26385997818214 ], [ -108.247976688222863, 46.2638599814575 ], [ -108.247950840619879, 46.263859984741288 ], [ -108.247924990421581, 46.263859987990422 ], [ -108.247899140223282, 46.263859991233637 ], [ -108.247873291322549, 46.26385999448528 ], [ -108.247847441144984, 46.263859996816656 ], [ -108.247821590946685, 46.263860000042129 ], [ -108.247795742046023, 46.263860003276072 ], [ -108.24776989184771, 46.263860006489701 ], [ -108.247744041649412, 46.263860009697375 ], [ -108.247718192748735, 46.263860012913575 ], [ -108.247692342550323, 46.263860016109447 ], [ -108.247666492372758, 46.263860018399406 ], [ -108.247640643472081, 46.263860021597814 ], [ -108.247614793273755, 46.263860024775944 ], [ -108.247588945670628, 46.263860027976932 ], [ -108.247563095472273, 46.263860031143189 ], [ -108.247537246571596, 46.263860034317972 ], [ -108.247511396373255, 46.263860037472433 ], [ -108.247485546195662, 46.263860039720967 ], [ -108.247459697294971, 46.26386004287798 ], [ -108.247433847096531, 46.263860046014656 ], [ -108.247407996898175, 46.263860049145457 ], [ -108.24738214799747, 46.263860052284713 ], [ -108.247356297799115, 46.263860055403647 ], [ -108.247330447580012, 46.2638600594167 ], [ -108.247304598679293, 46.263860062538178 ], [ -108.247278748480824, 46.263860065639392 ], [ -108.247252898282454, 46.263860068734672 ], [ -108.247227049381735, 46.263860071838415 ], [ -108.247201201778651, 46.263860074950671 ], [ -108.247175351600944, 46.2638600771282 ], [ -108.247149501402561, 46.263860080199827 ], [ -108.247123652501813, 46.263860083279901 ], [ -108.247097802303429, 46.26386008633969 ], [ -108.247071952105046, 46.26386008939356 ], [ -108.247046103204298, 46.263860092455914 ], [ -108.247020253005815, 46.263860095497904 ], [ -108.247013759302845, 46.263860096361924 ], [ -108.246987909083686, 46.263860100296554 ], [ -108.246962060182938, 46.263860103339645 ], [ -108.246936209943001, 46.263860108162412 ], [ -108.246910362319042, 46.263860112108063 ], [ -108.246884512120616, 46.26386011511903 ], [ -108.246858663199092, 46.263860119038448 ], [ -108.246832812959155, 46.263860123837567 ], [ -108.246806962760715, 46.263860126830778 ], [ -108.246781113839091, 46.263860130732461 ], [ -108.246755263619889, 46.263860134613793 ], [ -108.246729413421463, 46.263860137589262 ], [ -108.246703565776798, 46.263860142387593 ], [ -108.246677716855146, 46.2638601462656 ], [ -108.246651866656705, 46.263860149223319 ], [ -108.246626016437503, 46.263860153075086 ], [ -108.24660016749516, 46.263860157835332 ], [ -108.246574317296719, 46.26386016077528 ], [ -108.246548467077488, 46.263860164609277 ], [ -108.246522618135046, 46.263860169351787 ], [ -108.246496770552667, 46.263860171402811 ], [ -108.246470920312646, 46.263860176119067 ], [ -108.246445070093415, 46.263860179929431 ], [ -108.246419221192497, 46.263860182848298 ], [ -108.246393370952489, 46.263860187546811 ], [ -108.246367520733244, 46.263860191339404 ], [ -108.246341671832411, 46.263860194240529 ], [ -108.246315824208367, 46.263860198050097 ], [ -108.246289973968331, 46.263860202724956 ], [ -108.246264123769848, 46.263860205593879 ], [ -108.246238274848224, 46.26386020937133 ], [ -108.246212424628951, 46.263860213128424 ], [ -108.246186574430453, 46.263860215979633 ], [ -108.246160725487968, 46.263860220639273 ], [ -108.246134875268694, 46.263860224378654 ], [ -108.246109027665469, 46.26386022724089 ], [ -108.246083177446195, 46.263860230968405 ], [ -108.246057328503682, 46.263860235604412 ], [ -108.246031478305156, 46.263860238420122 ], [ -108.246005628085868, 46.263860242129887 ], [ -108.245979779143426, 46.263860246748152 ], [ -108.24595392896569, 46.263860248646097 ], [ -108.245928081320812, 46.26386025326692 ], [ -108.245902231101496, 46.263860256953002 ], [ -108.245876382200606, 46.263860259747638 ], [ -108.245850531960514, 46.263860264321892 ], [ -108.245824681741198, 46.263860267990253 ], [ -108.245798832840194, 46.263860270767083 ], [ -108.245772982620878, 46.263860274423621 ], [ -108.245747132380771, 46.263860278974192 ], [ -108.245721284777503, 46.263860281747718 ], [ -108.245695435855723, 46.263860285400874 ], [ -108.245669585636378, 46.263860289033758 ], [ -108.245643735437824, 46.263860291760672 ], [ -108.245617886495339, 46.263860296296095 ], [ -108.245592036275994, 46.263860299911194 ], [ -108.245566186077426, 46.263860302620387 ], [ -108.245540337155603, 46.263860306238065 ], [ -108.245514489510754, 46.26386031076423 ], [ -108.245488639312185, 46.263860313455694 ], [ -108.245462789092812, 46.263860317041193 ], [ -108.245436940150199, 46.263860321535205 ], [ -108.245411089972407, 46.263860323308911 ], [ -108.245385239732244, 46.263860327776648 ], [ -108.245359390810506, 46.263860331352909 ], [ -108.245333543207096, 46.263860334037659 ], [ -108.245307692966932, 46.263860338487653 ], [ -108.245281842747545, 46.263860342031748 ], [ -108.245255993846584, 46.26386034468436 ], [ -108.245230143627182, 46.263860348216625 ], [ -108.245204293387005, 46.263860352642965 ], [ -108.24517844448593, 46.263860355277828 ], [ -108.245152594266528, 46.263860358792328 ], [ -108.245126746642413, 46.263860362329751 ], [ -108.245100896443788, 46.263860364932462 ], [ -108.245075047501132, 46.263860369343632 ], [ -108.245049197281702, 46.263860372834465 ], [ -108.245023347083063, 46.263860375419405 ], [ -108.244997498161297, 46.263860378912831 ], [ -108.244971647921076, 46.263860383285916 ], [ -108.244945797722437, 46.263860385853079 ], [ -108.244919950098193, 46.263860389343208 ], [ -108.244894101155609, 46.263860393712925 ], [ -108.244868250977746, 46.263860395362414 ], [ -108.244842400737511, 46.263860399705877 ], [ -108.244816551815603, 46.263860403157906 ], [ -108.244790701616949, 46.263860405689584 ], [ -108.244764851376701, 46.263860410015326 ], [ -108.244739003752528, 46.263860413463995 ], [ -108.244713154851425, 46.263860415992355 ], [ -108.244687304631938, 46.263860419400359 ], [ -108.244661454391675, 46.26386042370244 ], [ -108.244635605490657, 46.263860426213064 ], [ -108.244609755271185, 46.263860429603312 ], [ -108.244583905051698, 46.263860432987627 ], [ -108.244558056150566, 46.263860435480503 ], [ -108.244532208505575, 46.263860439781823 ], [ -108.244506358286088, 46.263860443148431 ], [ -108.244480508087406, 46.263860445609097 ], [ -108.244454659165456, 46.263860448978299 ], [ -108.24442880892515, 46.263860453227089 ], [ -108.244402958726454, 46.263860455670034 ], [ -108.244377109804589, 46.263860459021458 ], [ -108.244351259564297, 46.263860463252527 ], [ -108.244325411981592, 46.263860464806569 ], [ -108.244299561741258, 46.263860469025829 ], [ -108.244273712840197, 46.263860471453611 ], [ -108.244247862620668, 46.263860474761024 ], [ -108.244222012380348, 46.263860478962499 ], [ -108.244196163499993, 46.263860480472538 ], [ -108.244170313259644, 46.263860484662189 ], [ -108.244144465635415, 46.26386048797481 ], [ -108.24411861543669, 46.263860490352656 ], [ -108.244092766493893, 46.26386049453896 ], [ -108.244066916274349, 46.263860497804991 ], [ -108.24404106607561, 46.263860500165052 ], [ -108.244015217153716, 46.263860503433648 ], [ -108.243989366913354, 46.263860507581889 ], [ -108.243963516714615, 46.26386050992425 ], [ -108.243937669090258, 46.263860513189513 ], [ -108.243911820168336, 46.263860516434427 ], [ -108.243885969969597, 46.263860518759039 ], [ -108.24386011972922, 46.263860522877685 ], [ -108.243834270807184, 46.263860526104864 ], [ -108.243808420608431, 46.263860528411719 ], [ -108.243782570388859, 46.263860531612615 ], [ -108.243756722743768, 46.263860535736477 ], [ -108.243730873842537, 46.263860538039992 ], [ -108.243705023622965, 46.263860541223167 ], [ -108.24367917338256, 46.263860545300368 ], [ -108.243653324502247, 46.263860546686182 ], [ -108.243627474261828, 46.263860550751552 ], [ -108.243601624042242, 46.26386055391108 ], [ -108.243575775141011, 46.263860556179075 ], [ -108.243549927495891, 46.263860560255594 ], [ -108.243524077276277, 46.26386056339733 ], [ -108.243498227077495, 46.26386056563318 ], [ -108.243472378155431, 46.263860568777517 ], [ -108.243446527914998, 46.263860572801519 ], [ -108.243420677716202, 46.263860575019606 ], [ -108.243394828794223, 46.2638605781462 ], [ -108.243368978574608, 46.26386058125243 ], [ -108.243343130970999, 46.263860583481652 ], [ -108.243317280730551, 46.26386058747606 ], [ -108.243291431808558, 46.263860590578972 ], [ -108.243265581609748, 46.263860592761546 ], [ -108.243239731390119, 46.263860595838224 ], [ -108.243213882447208, 46.26386059982336 ], [ -108.243188032248383, 46.263860601988206 ], [ -108.243162184624026, 46.26386060507599 ], [ -108.243136334383564, 46.26386060902896 ], [ -108.243110485503095, 46.263860610290486 ], [ -108.243084635262633, 46.263860614231653 ], [ -108.243058785042976, 46.263860617266872 ], [ -108.243032936141788, 46.263860619410679 ], [ -108.243007085901297, 46.263860623334054 ], [ -108.24298123568164, 46.263860626351537 ], [ -108.242955388077988, 46.263860628492019 ], [ -108.242929539155966, 46.263860631512095 ], [ -108.242903688915462, 46.263860635411838 ], [ -108.242877838716609, 46.263860637505651 ], [ -108.242851989794474, 46.263860640508007 ], [ -108.242826139574802, 46.263860643489991 ], [ -108.24280028937595, 46.263860645566048 ], [ -108.242774440433067, 46.263860649450635 ], [ -108.242748592808582, 46.263860652443768 ], [ -108.242722742609715, 46.263860654502096 ], [ -108.242696892390015, 46.26386065745448 ], [ -108.242671043447146, 46.263860661315412 ], [ -108.242645193248265, 46.263860663355992 ], [ -108.242619343028551, 46.263860666290633 ], [ -108.242593494085583, 46.263860670133809 ], [ -108.24256764650282, 46.263860671285549 ], [ -108.242541796262273, 46.263860675102435 ], [ -108.242515946042559, 46.263860678013408 ], [ -108.242490097141228, 46.263860680032955 ], [ -108.242464246900667, 46.263860683832064 ], [ -108.242438396680953, 46.263860686725309 ], [ -108.242412547779693, 46.263860688727064 ], [ -108.242386697559965, 46.263860691608478 ], [ -108.242360849914604, 46.263860695412831 ], [ -108.242334999715709, 46.263860697382412 ], [ -108.242309150793616, 46.263860700260494 ], [ -108.242283300573874, 46.263860703118226 ], [ -108.242257450374964, 46.263860705070066 ], [ -108.242231601431939, 46.2638607088304 ], [ -108.242205751212182, 46.263860711670375 ], [ -108.242179903608573, 46.263860713633356 ], [ -108.242154053388816, 46.263860716461494 ], [ -108.242128204445777, 46.263860720198174 ], [ -108.242102354246853, 46.263860722114494 ], [ -108.242076504027096, 46.263860724924882 ], [ -108.242050655084128, 46.263860728643813 ], [ -108.242024804906052, 46.263860729642388 ], [ -108.241998954665448, 46.263860733334994 ], [ -108.241973107040863, 46.26386073615064 ], [ -108.241947258139575, 46.263860738045906 ], [ -108.241921407898957, 46.263860741720791 ], [ -108.241895557679186, 46.263860744489754 ], [ -108.241869708777784, 46.263860746367293 ], [ -108.241843858558013, 46.263860749124419 ], [ -108.241818008317381, 46.263860752775649 ], [ -108.241792159416079, 46.263860754635431 ], [ -108.24176631179148, 46.26386075740372 ], [ -108.24174046157168, 46.263860760137192 ], [ -108.241714611372743, 46.263860761964771 ], [ -108.241688762429732, 46.263860765600867 ], [ -108.24168224151812, 46.263860764054691 ], [ -108.241680539874011, 46.263860764897764 ], [ -108.241654663660057, 46.263860769122367 ], [ -108.241628787446018, 46.263860773341044 ], [ -108.241602911252926, 46.263860776653821 ], [ -108.241577035038873, 46.263860780860639 ], [ -108.241551158824819, 46.263860785061553 ], [ -108.241525285206052, 46.263860789285417 ], [ -108.241499408992084, 46.263860793474464 ], [ -108.241473532778016, 46.2638607976576 ], [ -108.241447656605743, 46.263860800034799 ], [ -108.241421780391676, 46.263860804206033 ], [ -108.241395904177693, 46.263860808371383 ], [ -108.241370027963612, 46.263860812530773 ], [ -108.24134415174963, 46.263860816684222 ], [ -108.241318275535534, 46.263860820831781 ], [ -108.241292399363246, 46.263860823173403 ], [ -108.24126652574445, 46.263860827338 ], [ -108.24124064953034, 46.263860831467738 ], [ -108.24121477331623, 46.263860835591593 ], [ -108.241188897102234, 46.263860839709466 ], [ -108.241163020908971, 46.263860842921453 ], [ -108.241137144694946, 46.263860847027466 ], [ -108.241111268480822, 46.263860851127603 ], [ -108.241085392266797, 46.263860855221758 ], [ -108.241059516052687, 46.263860859310007 ], [ -108.241033639838648, 46.263860863392317 ], [ -108.241007763666232, 46.263860865668747 ], [ -108.240981890047365, 46.263860869768131 ], [ -108.24095601383334, 46.263860873832655 ], [ -108.240930137619188, 46.26386087789129 ], [ -108.240904261405134, 46.263860881943955 ], [ -108.240878385211843, 46.263860885090715 ], [ -108.240852508997691, 46.263860889131514 ], [ -108.240826632783623, 46.263860893166388 ], [ -108.240800756569456, 46.263860897195372 ], [ -108.240774880355374, 46.263860901218386 ], [ -108.240749004162069, 46.263860904335509 ], [ -108.240723130564049, 46.263860907475639 ], [ -108.240697254349968, 46.263860911480876 ], [ -108.240671378135787, 46.263860915480166 ], [ -108.240645501921691, 46.263860919473565 ], [ -108.240619625707509, 46.263860923461017 ], [ -108.240593749493414, 46.263860927442529 ], [ -108.240567873320941, 46.263860929618154 ], [ -108.240541997106845, 46.263860933587843 ], [ -108.240516120892636, 46.263860937551563 ], [ -108.240490244678412, 46.263860941509371 ], [ -108.240464368464302, 46.263860945461268 ], [ -108.240438494866254, 46.26386094853617 ], [ -108.24041261865203, 46.2638609524762 ], [ -108.240386742437906, 46.263860956410277 ], [ -108.240360866223682, 46.263860960338441 ], [ -108.240334990009544, 46.263860964260694 ], [ -108.240309113795306, 46.263860968176992 ], [ -108.240283237622918, 46.263860970287404 ], [ -108.24025736140868, 46.263860974191871 ], [ -108.240231485194528, 46.263860978090399 ], [ -108.240205608980276, 46.263860981982958 ], [ -108.240179735361309, 46.263860985898596 ], [ -108.240153859188794, 46.263860987979349 ], [ -108.240127982974641, 46.263860991854138 ], [ -108.240102106760375, 46.263860995723 ], [ -108.240076230546208, 46.263860999585972 ], [ -108.240050354331942, 46.263861003442976 ], [ -108.240024478117761, 46.263861007294061 ], [ -108.23999860192437, 46.263861010239246 ], [ -108.239972725710174, 46.263861014078493 ], [ -108.239946849495894, 46.263861017911779 ], [ -108.239920973281698, 46.263861021739139 ], [ -108.239895099662689, 46.263861025589541 ], [ -108.239869223448409, 46.263861029405085 ], [ -108.239843347275965, 46.263861031414677 ], [ -108.239817471061656, 46.263861035218333 ], [ -108.239791594847361, 46.263861039016085 ], [ -108.239765718633151, 46.263861042807854 ], [ -108.239739842418828, 46.263861046593732 ], [ -108.239713966225494, 46.263861049473675 ], [ -108.239688090011171, 46.263861053247687 ], [ -108.239662213796947, 46.263861057015788 ], [ -108.23963633888026, 46.263861060792422 ], [ -108.239610463984462, 46.263861063663157 ], [ -108.239584587770224, 46.263861067413437 ], [ -108.239558711576777, 46.263861070257825 ], [ -108.239532835362525, 46.263861073996253 ], [ -108.239506959148187, 46.263861077728784 ], [ -108.239481082933935, 46.263861081455353 ], [ -108.239455206719583, 46.263861085175989 ], [ -108.239429330546997, 46.263861087090724 ], [ -108.239403454332745, 46.263861090799544 ], [ -108.239377578118379, 46.263861094502396 ], [ -108.239351703201763, 46.263861098213809 ], [ -108.239325826987397, 46.26386110190483 ], [ -108.239299950773116, 46.263861105589903 ], [ -108.23927407587729, 46.263861108383566 ], [ -108.23924819966291, 46.263861112056773 ], [ -108.239222323448615, 46.263861115724055 ], [ -108.239196447234235, 46.263861119385446 ], [ -108.23917057101994, 46.263861123040847 ], [ -108.239144694805546, 46.263861126690337 ], [ -108.239118818632946, 46.263861128533982 ], [ -108.239092943716287, 46.263861132186094 ], [ -108.239067067501878, 46.263861135817805 ], [ -108.239041191287569, 46.263861139443605 ], [ -108.239015315073175, 46.263861143063458 ], [ -108.238989438900632, 46.263861144877417 ], [ -108.238963563983873, 46.263861148499885 ], [ -108.23893768776945, 46.263861152101995 ], [ -108.238911811555127, 46.263861155698123 ], [ -108.238885935340704, 46.263861159288325 ], [ -108.238860059126381, 46.263861162872637 ], [ -108.238834182932834, 46.263861165550992 ], [ -108.238808308016047, 46.263861169137911 ], [ -108.23878243180171, 46.263861172704416 ], [ -108.238756555587273, 46.263861176264967 ], [ -108.238730679372921, 46.263861179819628 ], [ -108.238704803200264, 46.263861181568352 ], [ -108.238678926985912, 46.263861185111132 ], [ -108.238653050771461, 46.263861188648008 ], [ -108.238627175854646, 46.263861192193417 ], [ -108.23860129964028, 46.263861195718398 ], [ -108.238575423425814, 46.263861199237489 ], [ -108.238549548529903, 46.263861201865112 ], [ -108.238523672315537, 46.263861205372343 ], [ -108.238497796101058, 46.263861208873621 ], [ -108.238471919907582, 46.263861211468992 ], [ -108.238446043693102, 46.263861214958382 ], [ -108.238420167478722, 46.263861218441875 ], [ -108.238394291285132, 46.263861221019461 ], [ -108.238368415070738, 46.263861224491123 ], [ -108.238342538856244, 46.263861227956824 ], [ -108.238316663939401, 46.263861231431079 ], [ -108.238290787724992, 46.263861234884914 ], [ -108.238264912849942, 46.26386123654737 ], [ -108.238239036635548, 46.263861239989367 ], [ -108.238213160421026, 46.26386124342541 ], [ -108.238187284206518, 46.263861246855583 ], [ -108.238161407992109, 46.26386125027976 ], [ -108.238135531777587, 46.263861253698018 ], [ -108.238109655584068, 46.263861256210397 ], [ -108.238083779369546, 46.263861259616803 ], [ -108.238057903155109, 46.263861263017318 ], [ -108.238032026940587, 46.263861266411844 ], [ -108.238006153321336, 46.263861269829469 ], [ -108.237980277148722, 46.263861271412225 ], [ -108.237954400934186, 46.263861274788994 ], [ -108.237928524719734, 46.263861278159816 ], [ -108.237902648505184, 46.263861281524747 ], [ -108.237876772290647, 46.263861284883717 ], [ -108.237850896076182, 46.263861288236768 ], [ -108.237825019903454, 46.263861289783925 ], [ -108.237799143689003, 46.263861293125132 ], [ -108.237773267474424, 46.263861296460398 ], [ -108.237747391259973, 46.263861299789731 ], [ -108.237721517640693, 46.263861303142164 ], [ -108.237695641426114, 46.263861306459638 ], [ -108.237669765232553, 46.263861308871221 ], [ -108.237643889017988, 46.263861312176836 ], [ -108.237618012803509, 46.263861315476497 ], [ -108.237592136588916, 46.263861318770282 ], [ -108.237566260374436, 46.263861322058133 ], [ -108.237540384201665, 46.263861323540056 ], [ -108.237514507987086, 46.263861326816055 ], [ -108.237488631772578, 46.263861330086101 ], [ -108.237462758153285, 46.263861333379225 ], [ -108.237436881938677, 46.263861336637433 ], [ -108.237411005724169, 46.263861339889687 ], [ -108.23738512953048, 46.263861342236055 ], [ -108.237359253315972, 46.263861345476435 ], [ -108.237333377122283, 46.263861347810938 ], [ -108.237327950316327, 46.263861349245055 ], [ -108.237302406376941, 46.263861352587007 ], [ -108.237276861160922, 46.263861355008622 ], [ -108.237251317242453, 46.263861357439012 ], [ -108.237225773282233, 46.263861361663558 ], [ -108.237200230661387, 46.263861364096904 ], [ -108.237174684126714, 46.263861367380898 ], [ -108.237149141505867, 46.263861369802704 ], [ -108.237123597587484, 46.263861372204168 ], [ -108.237098052350433, 46.263861375485341 ], [ -108.237072508432036, 46.263861377875287 ], [ -108.237046964513539, 46.263861380259449 ], [ -108.237021421850841, 46.263861384452277 ], [ -108.236995875337144, 46.263861386795874 ], [ -108.236970332695378, 46.263861390077182 ], [ -108.236944788776867, 46.263861392438244 ], [ -108.236919243560806, 46.263861394778957 ], [ -108.236893699642309, 46.263861397128466 ], [ -108.236868155702865, 46.263861400372143 ], [ -108.236842611742503, 46.263861404510074 ], [ -108.236817066526442, 46.263861406827687 ], [ -108.236791523905566, 46.263861409168584 ], [ -108.236765979966108, 46.263861412389168 ], [ -108.236740434750047, 46.26386141468948 ], [ -108.236714890831536, 46.263861416998495 ], [ -108.236689346912996, 46.263861419301776 ], [ -108.236663801675988, 46.26386142248473 ], [ -108.236638257715597, 46.263861426576419 ], [ -108.236612713797172, 46.263861428862327 ], [ -108.236587171176268, 46.263861431157011 ], [ -108.23656162464151, 46.263861434302328 ], [ -108.236536082020621, 46.263861436585451 ], [ -108.236510538102166, 46.263861438848259 ], [ -108.236484992885977, 46.263861441090796 ], [ -108.23645944894659, 46.263861444242046 ], [ -108.236433904986171, 46.263861448287493 ], [ -108.236408362365268, 46.263861450541704 ], [ -108.236382815851528, 46.263861452746617 ], [ -108.236357273209677, 46.263861455889284 ], [ -108.236350848385044, 46.263861452409827 ], [ -108.236351053678973, 46.263843533120642 ], [ -108.236351260291343, 46.263825612946015 ], [ -108.236351465585017, 46.263807693656879 ], [ -108.236351672197117, 46.263789773482294 ], [ -108.236351877490506, 46.26377185419318 ], [ -108.23635208150705, 46.263753933989591 ], [ -108.23635228680017, 46.263736014700505 ], [ -108.236352493432662, 46.263718093625982 ], [ -108.236352698704579, 46.26370017523692 ], [ -108.236352905294936, 46.263682255962408 ], [ -108.236353110608448, 46.26366433577342 ], [ -108.236353317198535, 46.263646416498922 ], [ -108.23635352253271, 46.263628495409961 ], [ -108.236353729101566, 46.263610577035514 ], [ -108.236353934435485, 46.263592655946582 ], [ -108.236354138429746, 46.263574736643122 ], [ -108.236354345040084, 46.263556816468736 ], [ -108.236354550331697, 46.263538897179828 ], [ -108.236354756920846, 46.263520977905443 ], [ -108.236354962233122, 46.263503057716605 ], [ -108.236355168821987, 46.263485138442256 ], [ -108.236355374134007, 46.263467218253439 ], [ -108.236355580722488, 46.263449298979118 ], [ -108.236355786034238, 46.263431378790308 ], [ -108.236355992622549, 46.26341345951603 ], [ -108.236356197934043, 46.26339553932727 ], [ -108.236356401926798, 46.263377620023967 ], [ -108.236356608514697, 46.263359700749774 ], [ -108.236356813825779, 46.263341780561035 ], [ -108.236357020413422, 46.26332386128685 ], [ -108.23635722572422, 46.263305941098139 ], [ -108.236357431013943, 46.263288021809451 ], [ -108.236357637643039, 46.263270100735326 ], [ -108.236357842911559, 46.263252182346662 ], [ -108.236358049498506, 46.263234263072533 ], [ -108.236358254829582, 46.263216341983984 ], [ -108.236358461395312, 46.263198423609843 ], [ -108.236358665428469, 46.263180502506749 ], [ -108.236358870717254, 46.263162583218204 ], [ -108.236359077324465, 46.263144663044159 ], [ -108.236359282612966, 46.263126743755613 ], [ -108.236359489219907, 46.263108823581639 ], [ -108.236359694508153, 46.263090904293108 ], [ -108.236359901093778, 46.263072985019129 ], [ -108.236360106402785, 46.263055064830688 ], [ -108.23636031298814, 46.263037145556716 ], [ -108.236360518296777, 46.263019225368296 ], [ -108.236360722286804, 46.263001306065334 ], [ -108.236360928892694, 46.262983385891467 ], [ -108.236361134179973, 46.262965466603049 ], [ -108.236361340785692, 46.262947546429203 ], [ -108.2363615460727, 46.262929627140842 ], [ -108.236361752657203, 46.262911707866998 ], [ -108.236361957964888, 46.262893787678671 ], [ -108.236362164549121, 46.262875868404883 ], [ -108.236362369877469, 46.262857947316597 ], [ -108.236362576440484, 46.262840028942811 ], [ -108.236362781768577, 46.262822107854568 ], [ -108.236362985757026, 46.262804188551776 ], [ -108.236363191063887, 46.262786268363563 ], [ -108.236363397647295, 46.262768349089832 ], [ -108.236363602912036, 46.262750430701615 ], [ -108.236363809537053, 46.262732509627966 ], [ -108.236364014822442, 46.262714590339783 ], [ -108.236364221426243, 46.262696670166171 ], [ -108.236364426711361, 46.262678750878003 ], [ -108.236364633314807, 46.262660830704384 ], [ -108.236364838599656, 46.262642911416293 ], [ -108.236365042607787, 46.262624991213663 ], [ -108.236365249189973, 46.262607071940089 ], [ -108.236365454474409, 46.262589152652048 ], [ -108.236365661077173, 46.262571232478493 ], [ -108.236365866361339, 46.262553313190473 ], [ -108.236366072963932, 46.262535393016982 ], [ -108.236366278247829, 46.26251747372897 ], [ -108.23636648487107, 46.262499552655534 ], [ -108.236366690133764, 46.262481634267552 ], [ -108.236366896756735, 46.262463713194123 ], [ -108.236367102019159, 46.262445794806176 ], [ -108.23636730600478, 46.262427875503718 ], [ -108.236367512627339, 46.262409954430368 ], [ -108.236367717889351, 46.262392036042463 ], [ -108.23636792451164, 46.262374114969134 ], [ -108.236368129794329, 46.262356195681257 ], [ -108.236368336395415, 46.26233827550795 ], [ -108.23636854167782, 46.262320356220116 ], [ -108.236368746981029, 46.262302436032321 ], [ -108.23636895356077, 46.262284516759031 ], [ -108.236369158842763, 46.262266597471246 ], [ -108.236369362847981, 46.262248677268978 ], [ -108.236369569427296, 46.262230757995738 ], [ -108.236369774729837, 46.262212837808029 ], [ -108.236369981308798, 46.262194918534817 ], [ -108.236370186611154, 46.262176998347144 ], [ -108.236370393189858, 46.26215907907396 ], [ -108.236370598512778, 46.262141157986321 ], [ -108.236370805070351, 46.262123239613175 ], [ -108.236371010351135, 46.262105320325524 ], [ -108.236371216950332, 46.262087400152417 ], [ -108.236371422230832, 46.262069480864824 ], [ -108.236371626255476, 46.262051559762739 ], [ -108.236371832812381, 46.262033641389635 ], [ -108.236372038134363, 46.262015720302138 ], [ -108.236372244711916, 46.261997801029111 ], [ -108.236372449970816, 46.261979882641562 ], [ -108.236372656589978, 46.261961961568588 ], [ -108.23637286186954, 46.261944042281087 ], [ -108.236373068467501, 46.261926122108122 ], [ -108.236373273746793, 46.261908202820678 ], [ -108.236373480344383, 46.261890282647727 ], [ -108.236373685623406, 46.261872363360304 ], [ -108.236373889625725, 46.261854443158398 ], [ -108.236374094904463, 46.261836523870976 ], [ -108.23637430148068, 46.261818604598133 ], [ -108.236374506780095, 46.261800684410758 ], [ -108.236374713355929, 46.261782765137902 ], [ -108.236374918655059, 46.261764844950605 ], [ -108.236375125230722, 46.261746925677784 ], [ -108.236375330529611, 46.261729005490508 ], [ -108.23637553710499, 46.261711086217716 ], [ -108.236375742424528, 46.261693165130467 ], [ -108.236375946383532, 46.261675246728679 ], [ -108.236376152958499, 46.26165732745595 ], [ -108.236376358277639, 46.261639406368758 ], [ -108.236376564831417, 46.261621487996059 ], [ -108.236376770150272, 46.261603566908882 ], [ -108.236376976724713, 46.261585647636224 ], [ -108.236377182022352, 46.261567727449076 ], [ -108.236377388596523, 46.26154980817644 ], [ -108.236377593893906, 46.261531887989328 ], [ -108.236377800467807, 46.26151396871672 ], [ -108.236378005743973, 46.261496049429624 ], [ -108.23637820974335, 46.261478129228031 ], [ -108.236378416316839, 46.26146020995548 ], [ -108.23637862161354, 46.261442289768461 ], [ -108.236378828186758, 46.261424370495938 ], [ -108.236379033483175, 46.261406450308897 ], [ -108.236379240056038, 46.261388531036452 ], [ -108.236379445352185, 46.261370610849454 ], [ -108.236379651924864, 46.261352691577017 ], [ -108.236379857199807, 46.26133477229007 ], [ -108.236380063793149, 46.261316852117623 ], [ -108.236380266472764, 46.261298932801701 ], [ -108.236380473086655, 46.261281011729331 ], [ -108.23638067834014, 46.261263093342386 ], [ -108.23638088495386, 46.261245172270101 ], [ -108.236381090207061, 46.261227253883199 ], [ -108.236381296820525, 46.261209332810893 ], [ -108.236381502094389, 46.261191413524095 ], [ -108.236381708644757, 46.261173495151759 ], [ -108.23638191396023, 46.261155574064986 ], [ -108.23638212053126, 46.261137654792755 ], [ -108.236382325825531, 46.261119734605977 ], [ -108.236382529801134, 46.261101815304698 ], [ -108.236382736392699, 46.261083895132508 ], [ -108.236382941665624, 46.261065975845789 ], [ -108.236383148256905, 46.261048055673648 ], [ -108.236383353529561, 46.261030136386957 ], [ -108.236383560099554, 46.261012217114789 ], [ -108.236383765392958, 46.260994296928153 ], [ -108.236383971962681, 46.260976377656021 ], [ -108.236384177255715, 46.260958457469435 ], [ -108.236384383825268, 46.260940538197346 ], [ -108.236384587841385, 46.260922617096249 ], [ -108.236384793092142, 46.260904698709666 ], [ -108.236384999703162, 46.260886777637673 ], [ -108.236385204953649, 46.260868859251126 ], [ -108.236385411522505, 46.260850939979093 ], [ -108.236385616835548, 46.260833018892619 ], [ -108.236385822085623, 46.260815100506107 ], [ -108.236386028695946, 46.260797179434185 ], [ -108.236386233966698, 46.260779260147721 ], [ -108.236386440555805, 46.260761339975808 ], [ -108.236386645826286, 46.26074342068938 ], [ -108.236386849799061, 46.26072550138845 ], [ -108.23638705638777, 46.260707581216579 ], [ -108.236387261657839, 46.260689661930193 ], [ -108.236387468246278, 46.260671741758379 ], [ -108.236387673516091, 46.260653822472008 ], [ -108.23638788010426, 46.260635902300201 ], [ -108.23638808537379, 46.260617983013908 ], [ -108.236388291961575, 46.260600062842116 ], [ -108.236388497230834, 46.260582143555823 ], [ -108.23638870379753, 46.260564224284103 ], [ -108.236388909087452, 46.260546304097836 ], [ -108.236389113058834, 46.26052838479707 ], [ -108.236389319645937, 46.260510464625391 ], [ -108.236389524914529, 46.26049254533919 ], [ -108.236389731522408, 46.260474624267538 ], [ -108.236389936769783, 46.260456705881367 ], [ -108.236390143377378, 46.260438784809743 ], [ -108.236390348645415, 46.260420865523599 ], [ -108.236390555189956, 46.260402947151995 ], [ -108.236390760499589, 46.260385026065912 ], [ -108.236390967043846, 46.260367107694329 ], [ -108.236391169758093, 46.260349186579234 ], [ -108.236391376322999, 46.260331267307677 ], [ -108.236391581611173, 46.260313347121674 ], [ -108.236391788175808, 46.260295427850153 ], [ -108.236391993463698, 46.260277507664163 ], [ -108.236392200028078, 46.260259588392671 ], [ -108.236392405294751, 46.260241669106691 ], [ -108.236392611879793, 46.260223748935275 ], [ -108.236392817146211, 46.260205829649315 ], [ -108.236393025028448, 46.260187909492444 ], [ -108.236393231592132, 46.260169990221044 ], [ -108.236393436858137, 46.260152070935142 ], [ -108.236393643442497, 46.260134150763804 ], [ -108.236393848708232, 46.26011623147793 ], [ -108.236394055292322, 46.260098311306614 ], [ -108.236394263152789, 46.260080392049808 ], [ -108.236394468418112, 46.260062472763998 ], [ -108.23639467500179, 46.260044552592724 ], [ -108.236394880266843, 46.260026633306936 ], [ -108.236395086850237, 46.260008713135718 ], [ -108.23639529211502, 46.259990793849944 ], [ -108.236395499974776, 46.259972874593238 ], [ -108.236395706557673, 46.259954954422064 ], [ -108.236395911822058, 46.259937035136346 ], [ -108.236396118425716, 46.259919114065198 ], [ -108.23639632366887, 46.259901195679518 ], [ -108.236396530230394, 46.259883276408381 ], [ -108.236396738131191, 46.259865355351806 ], [ -108.236396943373947, 46.259847436966169 ], [ -108.236397149976838, 46.259829515895085 ], [ -108.236397355219324, 46.259811597509469 ], [ -108.236397561780166, 46.259793678238424 ], [ -108.23639776708518, 46.259775757152887 ], [ -108.236397973624804, 46.259757838781873 ], [ -108.236398181524649, 46.259739917725391 ], [ -108.2363983867874, 46.259721998439872 ], [ -108.236398593326626, 46.2597040800689 ], [ -108.236398798630958, 46.259686158983435 ], [ -108.236399005190748, 46.259668239712475 ], [ -108.236399210473891, 46.259650319527061 ], [ -108.236399418331047, 46.259632400270647 ], [ -108.236399624869591, 46.25961448189971 ], [ -108.236399830173255, 46.259596560814373 ], [ -108.236400036732448, 46.259578641543499 ], [ -108.236400242014923, 46.259560721358113 ], [ -108.236400448573747, 46.259542802087324 ], [ -108.236400656430092, 46.259524882831023 ], [ -108.236400861712127, 46.259506962645688 ], [ -108.236401068270666, 46.25948904337492 ], [ -108.236401273552431, 46.259471123189634 ], [ -108.236401480110686, 46.259453203918873 ], [ -108.236401685371263, 46.259435284633646 ], [ -108.236401891950166, 46.259417364462905 ], [ -108.23640209980546, 46.259399445206753 ], [ -108.236402305086557, 46.259381525021531 ], [ -108.236402511644116, 46.259363605750856 ], [ -108.23640271690401, 46.259345686465714 ], [ -108.236402923482245, 46.259327766295073 ], [ -108.236403128741884, 46.259309847009916 ], [ -108.236403336596325, 46.259291927753857 ], [ -108.236403543174163, 46.259274007583258 ], [ -108.236403748433375, 46.259256088298159 ], [ -108.236403955010928, 46.259238168127617 ], [ -108.236404160269871, 46.259220248842546 ], [ -108.236404366826207, 46.25920232957202 ], [ -108.236404574700785, 46.259184409416058 ], [ -108.236404779959429, 46.25916649013103 ], [ -108.236404986536201, 46.25914856996058 ], [ -108.236405191794461, 46.259130650675594 ], [ -108.236405398350129, 46.259112731405139 ], [ -108.236405603629052, 46.259094811220216 ], [ -108.236405811481987, 46.25907689196432 ], [ -108.236406018058176, 46.259058971793948 ], [ -108.236406223315768, 46.259041052509033 ], [ -108.236406429870641, 46.259023133238671 ], [ -108.236406635148896, 46.259005213053818 ], [ -108.236406841703598, 46.258987293783484 ], [ -108.236407047002515, 46.258969372698672 ], [ -108.236407254833551, 46.258951454342878 ], [ -108.236407461387856, 46.258933535072593 ], [ -108.236407666686361, 46.258915613987831 ], [ -108.236407873219449, 46.25889769561757 ], [ -108.236408078517684, 46.258879774532836 ], [ -108.236408285050416, 46.258861856162611 ], [ -108.23640849290156, 46.258843936906921 ], [ -108.236408698199384, 46.258826015822244 ], [ -108.236408904731803, 46.258808097452075 ], [ -108.236409110029356, 46.258790176367427 ], [ -108.236409316582439, 46.258772257097277 ], [ -108.23640952181691, 46.258754338712627 ], [ -108.23640972970901, 46.258736417657055 ], [ -108.236409936261666, 46.258718498386969 ], [ -108.236410141537618, 46.258700578202401 ], [ -108.236410348090018, 46.258682658932344 ], [ -108.236410553323822, 46.258664740547772 ], [ -108.236410759917803, 46.258646819477775 ], [ -108.236410965172283, 46.258628900193237 ], [ -108.236411173042484, 46.258610980037794 ], [ -108.236411379594188, 46.258593060767815 ], [ -108.236411584848256, 46.25857514148332 ], [ -108.236411791420636, 46.258557221313403 ], [ -108.23641199667442, 46.25853930202895 ], [ -108.23641220324653, 46.258521381859062 ], [ -108.236412411094989, 46.258503462603684 ], [ -108.23641261634836, 46.258485543319274 ], [ -108.236412822920059, 46.258467623149443 ], [ -108.23641302817316, 46.258449703865061 ], [ -108.236413234744589, 46.258431783695258 ], [ -108.23641343999742, 46.258413864410919 ], [ -108.236413647845154, 46.258395945155641 ], [ -108.23641385441617, 46.25837802498588 ], [ -108.236414059668604, 46.258360105701584 ], [ -108.236414266239251, 46.258342185531824 ], [ -108.236414471491415, 46.258324266247605 ], [ -108.236414678040944, 46.258306346977875 ], [ -108.236414885908786, 46.258288426822702 ], [ -108.236415091160538, 46.258270507538512 ], [ -108.236415297730602, 46.258252587368837 ], [ -108.236415502982084, 46.258234668084661 ], [ -108.236415709530846, 46.258216748815052 ], [ -108.23641591480299, 46.25819882863091 ], [ -108.236416121351567, 46.258180909361329 ], [ -108.236416329218457, 46.258162989206255 ], [ -108.236416534469257, 46.258145069922165 ], [ -108.236416741017436, 46.258127150652641 ], [ -108.236416946288898, 46.25810923046857 ], [ -108.236417152836793, 46.258091311199038 ], [ -108.236417358128932, 46.258073390115072 ], [ -108.236417565953033, 46.258055471760059 ], [ -108.236417772500531, 46.258037552490585 ], [ -108.236417977792243, 46.258019631406661 ], [ -108.236418184318538, 46.258001713037196 ], [ -108.236418389609995, 46.257983791953265 ], [ -108.236418596136005, 46.257965873583849 ], [ -108.236418803980229, 46.257947954328976 ], [ -108.236419009271259, 46.257930033245103 ], [ -108.236419215796872, 46.257912114875744 ], [ -108.236419421087646, 46.257894193791913 ], [ -108.236419627633907, 46.25787627452258 ], [ -108.2364198328616, 46.25785835613874 ], [ -108.23642003944947, 46.257840435069468 ], [ -108.236420247292727, 46.257822515814745 ], [ -108.236420452561887, 46.257804595630944 ], [ -108.23642065910748, 46.257786676361697 ], [ -108.236420864334505, 46.257768757977935 ], [ -108.236421070921679, 46.257750836908755 ], [ -108.236421276169366, 46.257732917625049 ], [ -108.236421484032832, 46.257714997470401 ], [ -108.236421690577643, 46.257697078201232 ], [ -108.236421895824918, 46.257679158917561 ], [ -108.236422102390492, 46.25766123874844 ], [ -108.236422307637497, 46.257643319464805 ], [ -108.236422512905293, 46.257625399281217 ], [ -108.236422722044509, 46.257607480041173 ], [ -108.236422927291102, 46.25758956075758 ], [ -108.236423133855979, 46.257571640588552 ], [ -108.236423339102316, 46.257553721305001 ], [ -108.236423544348497, 46.257535802021458 ], [ -108.236423750912891, 46.257517881852479 ], [ -108.23642395875379, 46.257499962598004 ], [ -108.236424164020505, 46.257482042414537 ], [ -108.23642437056364, 46.257464123145596 ], [ -108.236424575809153, 46.257446203862123 ], [ -108.23642478237295, 46.257428283693223 ], [ -108.236424987618179, 46.257410364409807 ], [ -108.236425194181606, 46.257392444240949 ], [ -108.236425402021567, 46.257374524986588 ], [ -108.236425607266398, 46.257356605703201 ], [ -108.236425813829513, 46.257338685534407 ], [ -108.236426019074074, 46.257320766251055 ], [ -108.236426225636919, 46.257302846082275 ], [ -108.23642643088121, 46.257284926798967 ], [ -108.236426638720232, 46.257267007544698 ], [ -108.236426845282679, 46.257249087375953 ], [ -108.236427050526558, 46.257231168092702 ], [ -108.236427257088721, 46.257213247923993 ], [ -108.23642746233233, 46.25719532864079 ], [ -108.23642766887329, 46.257177409372083 ], [ -108.236427876732435, 46.257159489217955 ], [ -108.236428081975632, 46.257141569934767 ], [ -108.236428288558059, 46.257123648866155 ], [ -108.236428493780053, 46.257105730482998 ], [ -108.236428700320332, 46.25708781121439 ], [ -108.236428905604868, 46.257069890131305 ], [ -108.236429112123943, 46.257051971762721 ], [ -108.236429320003154, 46.257034050708697 ], [ -108.236429525224466, 46.257016132325603 ], [ -108.236429731763977, 46.256998213057102 ], [ -108.236429937047816, 46.256980291974102 ], [ -108.23643014356621, 46.256962373605603 ], [ -108.236430348849794, 46.256944452522625 ], [ -108.236430556686315, 46.256926533268683 ], [ -108.236430763204311, 46.256908614900233 ], [ -108.236430968487483, 46.256890693817311 ], [ -108.236431175026027, 46.256872774548881 ], [ -108.236431380288096, 46.256854854365997 ], [ -108.23643158682637, 46.256836935097617 ], [ -108.236431794641149, 46.256819016743719 ], [ -108.236431999923639, 46.256801095660919 ], [ -108.2364322064616, 46.256783176392588 ], [ -108.236432411722888, 46.256765256209754 ], [ -108.236432618260579, 46.25674733694148 ], [ -108.23643282350065, 46.256729417658669 ], [ -108.236433031356398, 46.256711497504909 ], [ -108.236433237893678, 46.2566935782367 ], [ -108.236433443154283, 46.256675658053943 ], [ -108.236433649691293, 46.256657738785727 ], [ -108.236433855705201, 46.256639786203522 ], [ -108.236434060400555, 46.256621834506838 ], [ -108.236434267711672, 46.256603881939192 ], [ -108.236434473746101, 46.256585928457042 ], [ -108.236434681015055, 46.256567977689457 ], [ -108.236434885751748, 46.256550024192826 ], [ -108.236435091764847, 46.256532071610728 ], [ -108.236435299054321, 46.256514119943162 ], [ -108.236435505067135, 46.256496167361114 ], [ -108.236435709782356, 46.256478214764556 ], [ -108.236435917071432, 46.256460263097019 ], [ -108.236436123083848, 46.256442310515006 ], [ -108.236436329096108, 46.256424357933 ], [ -108.236436533789842, 46.256406406236515 ], [ -108.236436741120244, 46.256388452769066 ], [ -108.236436947132106, 46.256370500187124 ], [ -108.236437154420358, 46.256352548519729 ], [ -108.236437359134484, 46.256334595923292 ], [ -108.236437565145934, 46.256316643341393 ], [ -108.236437772433788, 46.256298691674012 ], [ -108.236437977147503, 46.256280739077617 ], [ -108.236438183137622, 46.256262787395784 ], [ -108.236438390445997, 46.256244834828472 ], [ -108.236438596456765, 46.256226882246658 ], [ -108.236438801149006, 46.256208930550322 ], [ -108.236439008477902, 46.256190977083094 ], [ -108.236439214488257, 46.256173024501329 ], [ -108.236439421775017, 46.256155072834112 ], [ -108.236439625190286, 46.256137120223343 ], [ -108.236439832497609, 46.256119167656145 ], [ -108.236440038486492, 46.256101215974418 ], [ -108.236440245793645, 46.256083263407241 ], [ -108.236440450505725, 46.256065310811074 ], [ -108.236440656494295, 46.256047359129418 ], [ -108.236440863800937, 46.256029406562298 ], [ -108.236441069831002, 46.256011453080703 ], [ -108.236441274521724, 46.25599350138458 ], [ -108.236441481827953, 46.255975548817524 ], [ -108.236441687836674, 46.255957596235959 ], [ -108.236441892526983, 46.255939644539858 ], [ -108.236442099832885, 46.255921691972844 ], [ -108.236442305841223, 46.255903739391329 ], [ -108.236442513125837, 46.255885787724345 ], [ -108.236442717836525, 46.255867835128363 ], [ -108.236442923865368, 46.255849881646881 ], [ -108.236443129831272, 46.255831930865405 ], [ -108.236443337157297, 46.255813977398532 ], [ -108.236443541867345, 46.255796024802585 ], [ -108.236443747853784, 46.255778073121164 ], [ -108.236443955158478, 46.255760120554307 ], [ -108.236444161165565, 46.25574216797294 ], [ -108.236444365854155, 46.255724216277066 ], [ -108.236444573158423, 46.255706263710245 ], [ -108.236444779186044, 46.255688310228933 ], [ -108.236444986448177, 46.255670359462158 ], [ -108.236445191178078, 46.255652405966352 ], [ -108.236445397184355, 46.255634453385085 ], [ -108.236445604467022, 46.255616501718357 ], [ -108.236445809175578, 46.255598549122595 ], [ -108.236446015181457, 46.2555805965414 ], [ -108.236446222463698, 46.255562644874672 ], [ -108.236446428469293, 46.255544692293498 ], [ -108.236446633198256, 46.255526738797847 ], [ -108.236446839161715, 46.25550878801667 ], [ -108.236447046485281, 46.255490834550045 ], [ -108.236447252448471, 46.255472883768888 ], [ -108.236447457176865, 46.255454930273302 ], [ -108.236447664479101, 46.255436977706751 ], [ -108.236447870462811, 46.255419026025642 ], [ -108.236448077764763, 46.255401073459112 ], [ -108.236448282471684, 46.255383120863563 ], [ -108.236448488454997, 46.255365169182532 ], [ -108.236448695756536, 46.255347216616066 ], [ -108.236448900483992, 46.255329263120558 ], [ -108.23644910644596, 46.255311312339551 ], [ -108.23644931376802, 46.255293358873168 ], [ -108.236449519771583, 46.255275406292235 ], [ -108.236449724456634, 46.255257454596752 ], [ -108.236449930459912, 46.255239502015861 ], [ -108.2364501377605, 46.255221549449487 ], [ -108.236450343742575, 46.25520359776862 ], [ -108.236450548448005, 46.255185645173249 ], [ -108.236450755769127, 46.255167691706937 ], [ -108.236450961729858, 46.255149740926115 ], [ -108.236451169050696, 46.255131787459824 ], [ -108.236451373755585, 46.255113834864524 ], [ -108.236451579736851, 46.255095883183756 ], [ -108.236451787036344, 46.255077930617524 ], [ -108.236451993038273, 46.255059978036797 ], [ -108.23645219772169, 46.255042026341521 ], [ -108.236452405020785, 46.255024073775346 ], [ -108.236452611043219, 46.255006120294695 ], [ -108.236452815705391, 46.254988169499462 ], [ -108.236453023024907, 46.254970216033328 ], [ -108.236453229026012, 46.254952263452694 ], [ -108.236453435006041, 46.254934311772075 ], [ -108.236453639709552, 46.25491635917696 ], [ -108.236453847007667, 46.254898406610906 ], [ -108.236454052987298, 46.25488045493028 ], [ -108.236454260285072, 46.254862502364261 ], [ -108.236454465008947, 46.254844548869244 ], [ -108.236454670967248, 46.254826598088691 ], [ -108.236454878285514, 46.254808644622699 ], [ -108.236455084285481, 46.254790692042214 ], [ -108.23645528896688, 46.254772740347214 ], [ -108.2364554962639, 46.254754787781302 ], [ -108.236455702263385, 46.254736835200873 ], [ -108.236455909539117, 46.254718883534963 ], [ -108.23645611424098, 46.254700930940032 ], [ -108.236456320219119, 46.25468297925962 ], [ -108.236456527515472, 46.254665026693779 ], [ -108.236456730940333, 46.254647073184415 ], [ -108.23645693819455, 46.254629122418564 ], [ -108.236457144214, 46.254611168938247 ], [ -108.236457351509813, 46.254593216372463 ], [ -108.236457556189706, 46.254575264677669 ], [ -108.236457762187811, 46.254557312097383 ], [ -108.236457969483197, 46.254539359531648 ], [ -108.236458175460101, 46.254521407851399 ], [ -108.236458380160386, 46.254503455256653 ], [ -108.236458587476307, 46.254485501790981 ], [ -108.236458793431865, 46.254467551010784 ], [ -108.236459000747516, 46.254449597545126 ], [ -108.236459205447261, 46.254431644950458 ], [ -108.236459411423354, 46.25441369327033 ], [ -108.236459618717646, 46.25439574070473 ], [ -108.236459824714402, 46.254377788124621 ], [ -108.23646002939266, 46.254359836429991 ], [ -108.236460235389131, 46.254341883849911 ] ] ] } },
{ "type": "Feature", "properties": { "CountyName": "Yellowstone", "OwnerName_Grouped": "GREAT NORTHERN PROPERTIES", "OwnerName": "GREAT NORTHERN PROPERTIES LIMITED PARTNERSHIP", "OwnerAddre": "PO BOX 1745", "OwnerAdd_1": null, "OwnerAdd_2": null, "OwnerCity": "MILES CITY", "OwnerState": "MT", "PropType": "Vacant Land", "TotalAcres": 640.0 }, "geometry": { "type": "Polygon", "coordinates": [ [ [ -108.215272349196681, 46.249343572917311 ], [ -108.215298325425195, 46.249343717289591 ], [ -108.215324231813995, 46.249343851858924 ], [ -108.215350140776238, 46.249343987351793 ], [ -108.215376047165392, 46.249344121909239 ], [ -108.215401954809309, 46.249344258275457 ], [ -108.215427861198734, 46.249344392821016 ], [ -108.215453767566913, 46.249344528260572 ], [ -108.21547967395658, 46.249344662794243 ], [ -108.21550558291959, 46.249344798251485 ], [ -108.21553148926688, 46.249344934573216 ], [ -108.215557395656944, 46.249345069089046 ], [ -108.215583303323058, 46.249345204513645 ], [ -108.215609209713278, 46.24934533901758 ], [ -108.215635118676929, 46.249345474445072 ], [ -108.21566102506749, 46.249345608937119 ], [ -108.215686931415561, 46.249345745223174 ], [ -108.215712837806393, 46.249345879703341 ], [ -108.215738744175979, 46.249346015077521 ], [ -108.215764651864362, 46.249346149560544 ], [ -108.215790559531499, 46.249346284937637 ], [ -108.215816467177504, 46.249346421208749 ], [ -108.215842373568961, 46.249346555659173 ], [ -108.215868279939215, 46.249346691003623 ], [ -108.215894186330942, 46.249346825442181 ], [ -108.215920095296013, 46.249346960804267 ], [ -108.215946001687911, 46.249347095230924 ], [ -108.215971909334783, 46.249347231466359 ], [ -108.215997815726922, 46.249347365881128 ], [ -108.216023722098029, 46.249347501189945 ], [ -108.216049628447891, 46.249347637392766 ], [ -108.216075537456291, 46.249347770919236 ], [ -108.216101443806508, 46.249347907110192 ], [ -108.216127350199301, 46.249348041495246 ], [ -108.216153257868243, 46.249348176789056 ], [ -108.216179164261391, 46.249348311162208 ], [ -108.216205070612034, 46.249348447329396 ], [ -108.216230979621187, 46.249348580820168 ], [ -108.2162568859722, 46.249348716975462 ], [ -108.216282792365746, 46.249348851324825 ], [ -108.216308698738274, 46.249348986568279 ], [ -108.216334606386866, 46.249349122720467 ], [ -108.216360514078104, 46.249349257066733 ], [ -108.216386421748297, 46.249349392307103 ], [ -108.216412328142511, 46.249349526626752 ], [ -108.216438234515678, 46.249349661840434 ], [ -108.216464140910134, 46.249349796148188 ], [ -108.216490047262297, 46.249349932249977 ], [ -108.216515956251598, 46.249350066575367 ], [ -108.216541862625192, 46.249350201765239 ], [ -108.21656777029628, 46.249350336964007 ], [ -108.216593676691389, 46.249350471242025 ], [ -108.216619583044192, 46.249350607314106 ], [ -108.216645492034147, 46.249350741609746 ], [ -108.21667139840838, 46.249350876769917 ], [ -108.216697304804086, 46.249351011024189 ], [ -108.216723211178575, 46.249351146172472 ], [ -108.216749118871732, 46.2493512804296 ], [ -108.216775025225331, 46.249351416465984 ], [ -108.216800934194794, 46.249351551625971 ], [ -108.21682684059104, 46.249351685850485 ], [ -108.216852746966268, 46.249351820969068 ], [ -108.216878653362784, 46.24935195518173 ], [ -108.216904561014303, 46.24935209120315 ], [ -108.21693046870837, 46.249352225418662 ], [ -108.216956376381304, 46.249352360528192 ], [ -108.216982282778432, 46.249352494717066 ], [ -108.217008189154328, 46.249352629799951 ], [ -108.21703409555171, 46.249352763976951 ], [ -108.217060001906617, 46.249352899947958 ], [ -108.217085910877501, 46.249353035042539 ], [ -108.217111817275267, 46.249353169201697 ], [ -108.217137724927852, 46.249353305169556 ], [ -108.21716363134702, 46.249353438416875 ], [ -108.21718953770268, 46.249353574358146 ], [ -108.217215446695448, 46.249353708522996 ], [ -108.217241353072609, 46.249353843552413 ], [ -108.217267259471043, 46.249353977675881 ], [ -108.217293165827201, 46.249354113593398 ], [ -108.217319073501955, 46.249354248619696 ], [ -108.217344979900773, 46.249354382725343 ], [ -108.217370888873063, 46.249354517754526 ], [ -108.217396795272236, 46.2493546518483 ], [ -108.217422701628962, 46.249354787736074 ], [ -108.217448608028391, 46.249354921817918 ], [ -108.217474514406604, 46.249355056793846 ], [ -108.217500423400779, 46.249355190893318 ], [ -108.217526329779346, 46.249355325857309 ], [ -108.217552237434006, 46.249355461730111 ], [ -108.217578143834089, 46.249355595782255 ], [ -108.217604050212941, 46.249355730728432 ], [ -108.217629956613266, 46.249355864768681 ], [ -108.217655865586977, 46.249355999732487 ], [ -108.217681771987472, 46.249356133760848 ], [ -108.217707679642899, 46.249356269597968 ], [ -108.217733586043735, 46.249356403614456 ], [ -108.217759492423369, 46.249356538524943 ], [ -108.217785401418951, 46.249356672559024 ], [ -108.217811307798939, 46.249356807457623 ], [ -108.217837214157726, 46.249356943250298 ], [ -108.217863120559201, 46.249357077237057 ], [ -108.217889028236769, 46.249357212132594 ], [ -108.2179149346385, 46.249357346107445 ], [ -108.217940843613633, 46.249357481005831 ], [ -108.21796675001552, 46.249357614968815 ], [ -108.217992656375174, 46.249357750725814 ], [ -108.218018562777331, 46.249357884676904 ], [ -108.218044469158471, 46.24935801952202 ], [ -108.218070376815703, 46.249358155275921 ], [ -108.21809628453677, 46.249358288323918 ], [ -108.218122192194357, 46.249358424065932 ], [ -108.218148098597155, 46.249358557987293 ], [ -108.218174004978934, 46.249358692802723 ], [ -108.218199911381987, 46.249358826712196 ], [ -108.218225820337295, 46.24935896244515 ], [ -108.21825172676192, 46.249359095442735 ], [ -108.218277633122895, 46.249359231134349 ], [ -108.218303540823754, 46.249359365034778 ], [ -108.218329447206301, 46.249359499814517 ], [ -108.218355353567674, 46.249359635488283 ], [ -108.218381262566197, 46.249359769385606 ], [ -108.218407168949142, 46.249359904147511 ], [ -108.218433075353346, 46.249360038003481 ], [ -108.218458981736546, 46.249360172753505 ], [ -108.218484889438287, 46.249360306612331 ], [ -108.218510797097707, 46.249360442265164 ], [ -108.218536704821048, 46.249360575212087 ], [ -108.21856261118343, 46.249360710838324 ], [ -108.218588517567269, 46.249360845558598 ], [ -108.218614423972369, 46.249360979372952 ], [ -108.218640331632429, 46.249361114996063 ], [ -108.218666239335178, 46.249361248813273 ], [ -108.218692147016725, 46.249361383524487 ], [ -108.218718053422435, 46.249361517315087 ], [ -108.218743959806943, 46.249361651999713 ], [ -108.218769866212895, 46.249361785778426 ], [ -108.218795775171031, 46.24936192138059 ], [ -108.218821681555937, 46.249362056047353 ], [ -108.218847587962287, 46.249362189808224 ], [ -108.218873495644743, 46.249362324477829 ], [ -108.218899402051235, 46.249362458226805 ], [ -108.218925308415521, 46.249362593769803 ], [ -108.218951217416873, 46.249362727536337 ], [ -108.218977123802546, 46.249362862167473 ], [ -108.219003030209649, 46.249362995892653 ], [ -108.219028936595578, 46.249363130511902 ], [ -108.219054844300231, 46.249363264239925 ], [ -108.219080751962494, 46.249363399761961 ], [ -108.219106659646101, 46.249363534378084 ], [ -108.219132566053858, 46.249363668073556 ], [ -108.219158472419196, 46.24936380356305 ], [ -108.219184378848411, 46.249363936346626 ], [ -108.219210285214018, 46.249364071824239 ], [ -108.219236194216776, 46.249364205525367 ], [ -108.219262100603956, 46.24936434009112 ], [ -108.219288008309661, 46.249364473765638 ], [ -108.219313914675794, 46.249364609219477 ], [ -108.219339821063357, 46.249364743767359 ], [ -108.219365730066741, 46.249364877438758 ], [ -108.219391636454461, 46.24936501197476 ], [ -108.219417542863624, 46.249365145604848 ], [ -108.219443450527677, 46.249365281043652 ], [ -108.219469356958299, 46.249365413761865 ], [ -108.219495263325328, 46.249365549174065 ], [ -108.219521172329479, 46.24936568280981 ], [ -108.219547078718051, 46.249365817310171 ], [ -108.219572985085463, 46.249365952704544 ], [ -108.219598891495522, 46.249366086293016 ], [ -108.219624799181688, 46.249366220790222 ], [ -108.219650706889198, 46.249366354381529 ], [ -108.219676614575704, 46.249366488866841 ], [ -108.219702520986175, 46.249366622431531 ], [ -108.21972842735444, 46.249366757790263 ], [ -108.219754333765167, 46.249366891343051 ], [ -108.219780240154918, 46.24936702578988 ], [ -108.219806149160462, 46.249367159360219 ], [ -108.21983205555037, 46.249367293795181 ], [ -108.219857963216484, 46.249367429138893 ], [ -108.219883869627935, 46.249367562661973 ], [ -108.219909776018213, 46.249367697079066 ], [ -108.21993568242992, 46.249367830590273 ], [ -108.219961591415057, 46.249367965024909 ], [ -108.219987497826921, 46.249368098524208 ], [ -108.220013404196607, 46.249368233817513 ], [ -108.220039311906035, 46.249368367319654 ], [ -108.220065218297179, 46.249368501701113 ], [ -108.220091127261739, 46.249368637006036 ], [ -108.220117033695445, 46.249368769575597 ], [ -108.220142940065784, 46.249368904839216 ], [ -108.220168846478543, 46.249369038296898 ], [ -108.220194754167622, 46.249369172663336 ], [ -108.220220660580637, 46.249369306109124 ], [ -108.220246568269872, 46.249369440463646 ], [ -108.220272475980551, 46.249369573912276 ], [ -108.220298382351544, 46.249369709140197 ], [ -108.22032428876517, 46.249369842562231 ], [ -108.220350195157621, 46.249369976878299 ], [ -108.220376104123616, 46.24937011211783 ], [ -108.2204020105588, 46.249370244622 ], [ -108.220427918227742, 46.249370379834922 ], [ -108.220453824641908, 46.249370513227227 ], [ -108.220479731035113, 46.249370647513544 ], [ -108.220505637449534, 46.249370780893969 ], [ -108.220531546416282, 46.249370916097796 ], [ -108.220557452852248, 46.249371048566317 ], [ -108.220583359224662, 46.249371183728854 ], [ -108.220609266873396, 46.249371319800154 ], [ -108.220635174564563, 46.249371454065511 ], [ -108.220661082213482, 46.249371590124923 ], [ -108.220686989883703, 46.249371725278387 ], [ -108.220712897532962, 46.249371861325862 ], [ -108.22073880388497, 46.249371997352725 ], [ -108.220764712874058, 46.249372131603074 ], [ -108.22079061922642, 46.24937226761805 ], [ -108.220816528194575, 46.249372402756478 ], [ -108.220842434547109, 46.249372538759545 ], [ -108.220868340942232, 46.249372672956724 ], [ -108.220894249889582, 46.249372808977292 ], [ -108.220920156242499, 46.249372944962559 ], [ -108.220946062616818, 46.249373080041856 ], [ -108.220971971564566, 46.249373216044596 ], [ -108.22099787796023, 46.249373350212061 ], [ -108.221023786908262, 46.249373486202899 ], [ -108.221049693261904, 46.24937362215843 ], [ -108.221075599657965, 46.249373756308039 ], [ -108.221101508606353, 46.249373892281071 ], [ -108.221127414981581, 46.249374027318765 ], [ -108.221153323930238, 46.249374163279889 ], [ -108.221179230284548, 46.249374299205705 ], [ -108.221205137978529, 46.249374433340265 ], [ -108.221231045630276, 46.249374569268888 ], [ -108.221256953303339, 46.249374704291554 ], [ -108.221282860955455, 46.24937484020824 ], [ -108.221308768607599, 46.249374976119043 ], [ -108.22133467500494, 46.249375110209186 ], [ -108.221360583954635, 46.249375246122753 ], [ -108.221386490331142, 46.249375381101032 ], [ -108.221412396686517, 46.249375516973302 ], [ -108.221438305678944, 46.24937565106908 ], [ -108.221464212034661, 46.249375786929463 ], [ -108.22149012098501, 46.249375922813321 ], [ -108.221516027362071, 46.249376057761864 ], [ -108.221541933718171, 46.249376193604405 ], [ -108.221567842711252, 46.249376327670461 ], [ -108.221593749067623, 46.249376463501136 ], [ -108.221619658018611, 46.249376599355266 ], [ -108.221645564396312, 46.24937673427408 ], [ -108.22167147075308, 46.249376870086905 ], [ -108.2216973797468, 46.249377004123239 ], [ -108.22172328610371, 46.249377139924178 ], [ -108.221749195055352, 46.249377275748593 ], [ -108.221775101454952, 46.249377409737669 ], [ -108.221801009109555, 46.249377545535467 ], [ -108.22182691678546, 46.249377680427365 ], [ -108.221852824440319, 46.249377816213297 ], [ -108.221878732095405, 46.249377951993289 ], [ -108.221904639792854, 46.249378085967344 ], [ -108.221930546150801, 46.249378221720733 ], [ -108.22195645512474, 46.249378356597568 ], [ -108.221982361482958, 46.249378492339098 ], [ -108.222008267883723, 46.249378626274677 ], [ -108.222034176836772, 46.249378762033693 ], [ -108.222060083195373, 46.249378897757346 ], [ -108.222085992169852, 46.249379032604459 ], [ -108.222111898528794, 46.249379168316267 ], [ -108.222137804930128, 46.249379302222131 ], [ -108.222163713883816, 46.249379437951418 ], [ -108.222189620243157, 46.249379573645356 ], [ -108.222215529218289, 46.249379708462754 ], [ -108.222241435577786, 46.249379844144826 ], [ -108.22226734197983, 46.249379978020961 ], [ -108.222293250934186, 46.249380113720512 ], [ -108.222319157294066, 46.249380249384735 ], [ -108.222345066269838, 46.249380384172397 ], [ -108.222370972630074, 46.249380519824754 ], [ -108.222396880329981, 46.249380653685854 ], [ -108.222422787987668, 46.249380789340997 ], [ -108.222448695687916, 46.249380923190209 ], [ -108.222474602048578, 46.249381058818791 ], [ -108.222500511003958, 46.249381194470757 ], [ -108.222526417386135, 46.249381329187436 ], [ -108.22255232634177, 46.249381464827543 ], [ -108.222578232745278, 46.249381598632354 ], [ -108.222604139106679, 46.249381734231193 ], [ -108.222630048062697, 46.24938186985343 ], [ -108.222655954445415, 46.249382004540401 ], [ -108.222681863401704, 46.249382140150779 ], [ -108.222707769805936, 46.249382273925853 ], [ -108.222733676167891, 46.249382409494984 ], [ -108.222759585124564, 46.249382545087499 ], [ -108.22278549150802, 46.249382679744741 ], [ -108.222811400464948, 46.24938281532539 ], [ -108.222837306869735, 46.24938294907075 ], [ -108.222863213232429, 46.249383084610159 ], [ -108.222889122189727, 46.24938322017293 ], [ -108.222915028573752, 46.249383354800457 ], [ -108.22294093753132, 46.249383490351377 ], [ -108.222966843936831, 46.249383624067008 ], [ -108.222992751597374, 46.249383759591382 ], [ -108.223018659300337, 46.24938389330979 ], [ -108.223044566961221, 46.249384028822256 ], [ -108.223070473324853, 46.249384164314066 ], [ -108.223096381007053, 46.249384298914663 ], [ -108.223122288668336, 46.249384434409286 ], [ -108.223148196371952, 46.249384568097973 ], [ -108.22317410403339, 46.249384703580738 ], [ -108.223200010397761, 46.249384839042818 ], [ -108.223225919377896, 46.249384973628352 ], [ -108.223251825742423, 46.249385109078588 ], [ -108.223277734743974, 46.249385242752226 ], [ -108.223303641108856, 46.249385378190539 ], [ -108.223329547473767, 46.24938551362294 ], [ -108.223355456454556, 46.249385648178752 ], [ -108.223381362819822, 46.249385783599223 ], [ -108.223407271822026, 46.249385917243174 ], [ -108.223433178187449, 46.249386052651772 ], [ -108.223459084553099, 46.249386188054451 ], [ -108.223484993534527, 46.24938632258052 ], [ -108.223510899900347, 46.249386457971269 ], [ -108.223536807605967, 46.249386591570826 ], [ -108.223562715269338, 46.249386726964353 ], [ -108.223588621656788, 46.249386861437316 ], [ -108.223614530617709, 46.249386996833678 ], [ -108.223640436984184, 46.249387132194705 ], [ -108.223666344690358, 46.249387265764533 ], [ -108.223692252354468, 46.249387401128345 ], [ -108.223718160060884, 46.249387534686278 ], [ -108.223744067725164, 46.249387670038217 ], [ -108.223769975389558, 46.24938780538421 ], [ -108.223795881778045, 46.24938793980963 ], [ -108.22382179073999, 46.249388075158372 ], [ -108.223847697149751, 46.24938820867191 ], [ -108.223873606111979, 46.249388344008779 ], [ -108.223899512479818, 46.24938847931039 ], [ -108.223925418868845, 46.249388613706067 ], [ -108.223951327831543, 46.249388749025101 ], [ -108.223977234241943, 46.249388882508931 ], [ -108.224003143204811, 46.249389017816064 ], [ -108.224029049573303, 46.249389153087954 ], [ -108.224054955962941, 46.249389287453909 ], [ -108.224080864926194, 46.249389422743199 ], [ -108.224106771337347, 46.249389556197301 ], [ -108.224132677706251, 46.24938969144538 ], [ -108.224158586691004, 46.249389825816884 ], [ -108.224184493060278, 46.249389961053112 ], [ -108.22421040202417, 46.249390096312695 ], [ -108.224236308435849, 46.249390229737067 ], [ -108.224262216102701, 46.249390364970083 ], [ -108.22428812381203, 46.249390498397233 ], [ -108.224314031479139, 46.249390633618361 ], [ -108.224339939146375, 46.249390768833592 ], [ -108.224365846834971, 46.249390903142867 ], [ -108.224391753205168, 46.24939103833151 ], [ -108.224417662212332, 46.249391171743589 ], [ -108.224443568582885, 46.249391306920337 ], [ -108.224469477548055, 46.249391442120491 ], [ -108.224495383939896, 46.249391576385378 ], [ -108.224521290310832, 46.249391711544298 ], [ -108.22454719931865, 46.249391844926649 ], [ -108.224573105689743, 46.249391980073689 ], [ -108.224599012082194, 46.249392114314809 ], [ -108.224624921048132, 46.249392249479286 ], [ -108.224650827419609, 46.249392384608463 ], [ -108.224676736428066, 46.249392517961063 ], [ -108.224702642799897, 46.249392653078402 ], [ -108.224728549192889, 46.2493927872898 ], [ -108.224754458159481, 46.249392922424512 ], [ -108.224780364531696, 46.249393057524024 ], [ -108.224806273540807, 46.249393190846895 ], [ -108.224832179913179, 46.249393325934491 ], [ -108.224858087604204, 46.249393460130825 ], [ -108.224883995274141, 46.249393595221171 ], [ -108.224909902944205, 46.249393730305599 ], [ -108.224935810656632, 46.249393863584075 ], [ -108.224961718327052, 46.249393998656629 ], [ -108.224987624742454, 46.249394131908581 ], [ -108.225013535092089, 46.249394263398607 ], [ -108.225039441465498, 46.249394398438611 ], [ -108.225065350454841, 46.249394532602039 ], [ -108.225091256828506, 46.249394667630199 ], [ -108.225117163244633, 46.249394800852436 ], [ -108.225143072213143, 46.249394935897989 ], [ -108.225168978608323, 46.249395070008333 ], [ -108.225194884982585, 46.249395205012696 ], [ -108.225220793951493, 46.249395340040429 ], [ -108.22524670036816, 46.249395473232937 ], [ -108.22527260933731, 46.249395608248776 ], [ -108.225298515733215, 46.249395742329391 ], [ -108.225324422108031, 46.249395877304018 ], [ -108.225350331077578, 46.249396012302036 ], [ -108.225376237494984, 46.249396145464814 ], [ -108.225402146464788, 46.249396280450938 ], [ -108.225428052861218, 46.249396414501817 ], [ -108.225453960533983, 46.249396549461366 ], [ -108.225479868206975, 46.249396684415011 ], [ -108.225505775922215, 46.249396817562712 ], [ -108.225531683595364, 46.249396952504462 ], [ -108.22555759131096, 46.249397085640268 ], [ -108.225583497687055, 46.249397220555451 ], [ -108.225609406657881, 46.249397355494025 ], [ -108.225635313055449, 46.249397489497362 ], [ -108.225661219431942, 46.249397624394724 ], [ -108.225687128445372, 46.24939775751546 ], [ -108.225713034822206, 46.249397892400914 ], [ -108.22573894381479, 46.249398026409764 ], [ -108.22576485019178, 46.249398161283352 ], [ -108.225790756569012, 46.249398296150986 ], [ -108.225816665583082, 46.249398429242021 ], [ -108.225842571960484, 46.24939856409776 ], [ -108.225868480953693, 46.249398698076874 ], [ -108.225894387331437, 46.249398832920747 ], [ -108.225920113366954, 46.249398966623588 ], [ -108.225945839381509, 46.249399101220568 ], [ -108.225971568011872, 46.249399234940945 ], [ -108.225997294068875, 46.249399367726198 ], [ -108.226023020083801, 46.249399502305593 ], [ -108.226048747396149, 46.249399636893713 ], [ -108.226074474729643, 46.249399770576005 ], [ -108.226100200744938, 46.249399905137807 ], [ -108.226125928078773, 46.249400038808396 ], [ -108.22615165413653, 46.249400171558499 ], [ -108.226177380152237, 46.249400306102679 ], [ -108.226203108783736, 46.249400439770305 ], [ -108.226228834799684, 46.249400574302804 ], [ -108.226254560815747, 46.249400708829427 ], [ -108.226280286853054, 46.249400842450193 ], [ -108.226306015506168, 46.249400975194376 ], [ -108.226331741522614, 46.249401109703427 ], [ -108.226357467560291, 46.249401243306586 ], [ -108.226383193577007, 46.249401377803871 ], [ -108.226408919614926, 46.249401511395362 ], [ -108.226434648226473, 46.249401645910197 ], [ -108.226460374285764, 46.249401778589963 ], [ -108.226486100302978, 46.249401913063792 ], [ -108.226511827638703, 46.249402046646438 ], [ -108.226537553656172, 46.249402181108586 ], [ -108.226563280992153, 46.249402314679486 ], [ -108.226589008307172, 46.249402449144554 ], [ -108.226614734367203, 46.249402581789106 ], [ -108.226640460406273, 46.249402715327804 ], [ -108.226666189018886, 46.249402849789909 ], [ -108.226691915058296, 46.249402983316863 ], [ -108.226717641076647, 46.249403117737955 ], [ -108.226743367095139, 46.249403252153186 ], [ -108.226769093155937, 46.249403384762623 ], [ -108.226794821790264, 46.249403518295402 ], [ -108.226820547809211, 46.249403652693033 ], [ -108.226846273849304, 46.249403786184828 ], [ -108.226871999868422, 46.249403920570778 ], [ -108.226897728503261, 46.249404054080102 ], [ -108.226923454522634, 46.249404188454314 ], [ -108.226949180584299, 46.249404321022681 ], [ -108.226974907901223, 46.249404455399784 ], [ -108.227000633942055, 46.249404588856422 ], [ -108.227026361259234, 46.24940472322178 ], [ -108.227052088597631, 46.249404856681338 ], [ -108.227077814617772, 46.249404991020349 ], [ -108.22710354068019, 46.249405123553558 ], [ -108.227129269316265, 46.249405257010125 ], [ -108.227154995336775, 46.24940539133155 ], [ -108.227180721357428, 46.249405525647141 ], [ -108.227206447399269, 46.249405659056862 ], [ -108.227232173420177, 46.249405793360737 ], [ -108.227257902077952, 46.249405925887999 ], [ -108.227283628120176, 46.24940605928014 ], [ -108.227309354141468, 46.249406193566429 ], [ -108.227335080183934, 46.24940632694684 ], [ -108.227360807502777, 46.249406461235992 ], [ -108.227386534821719, 46.249406595519311 ], [ -108.227412260885671, 46.249406727982169 ], [ -108.227437988225958, 46.249406861353776 ], [ -108.227463714248003, 46.249406995604858 ], [ -108.227489441588531, 46.24940712896472 ], [ -108.227515168908027, 46.249407263218721 ], [ -108.227540894951616, 46.249407396552236 ], [ -108.227566621016322, 46.249407528979944 ], [ -108.227592347038993, 46.249407663201723 ], [ -108.227618075656295, 46.249407797446892 ], [ -108.227643801700282, 46.249407930756966 ], [ -108.22766952772335, 46.249408064961145 ], [ -108.227695253767692, 46.249408198259516 ], [ -108.227720982385492, 46.249408332481217 ], [ -108.227746708451079, 46.249408464867876 ], [ -108.227772434495705, 46.249408598148655 ], [ -108.227798160519399, 46.249408732323502 ], [ -108.227823887840501, 46.24940886650716 ], [ -108.227849615182819, 46.249408999784968 ], [ -108.227875341206882, 46.249409133942279 ], [ -108.227901068570517, 46.249409266308362 ], [ -108.227926794615911, 46.249409399553947 ], [ -108.227952521937652, 46.249409533708295 ], [ -108.227978249280596, 46.249409666956787 ], [ -108.228003975305285, 46.249409801084752 ], [ -108.22802970135119, 46.249409934306925 ], [ -108.228055427397223, 46.249410067523208 ], [ -108.228081156037959, 46.24941020076286 ], [ -108.228106882063173, 46.249410334867385 ], [ -108.228132608109561, 46.249410468066067 ], [ -108.228158334135017, 46.249410602158903 ], [ -108.22818406018169, 46.249410735345876 ], [ -108.228209788844126, 46.249410867656252 ], [ -108.228235514869965, 46.24941100173146 ], [ -108.228261240916993, 46.249411134900853 ], [ -108.228286968240383, 46.249411268978989 ], [ -108.228312695563801, 46.249411403051212 ], [ -108.228338421611312, 46.249411536203056 ], [ -108.228364148977107, 46.249411668463601 ], [ -108.228389875003714, 46.249411802503666 ], [ -108.228415601051594, 46.249411935637895 ], [ -108.228441329672961, 46.249412069695417 ], [ -108.228467055720998, 46.249412202817915 ], [ -108.228492781748102, 46.249412336834546 ], [ -108.228518507817469, 46.249412469045339 ], [ -108.228544236439404, 46.249412603079428 ], [ -108.228569962487953, 46.249412736178449 ], [ -108.228595688515583, 46.249412870171639 ], [ -108.228619637022831, 46.249412994943405 ], [ -108.228643585530094, 46.249413119710098 ], [ -108.228667534079591, 46.249413242671736 ], [ -108.228691481289886, 46.249413367413659 ], [ -108.228715429776415, 46.249413493065113 ], [ -108.228739378284132, 46.24941361781147 ], [ -108.22876332813145, 46.249413740767409 ], [ -108.22878727663938, 46.249413865503627 ], [ -108.22881122514741, 46.249413990234778 ], [ -108.228835173655668, 46.249414114960821 ], [ -108.228859122184971, 46.249414238781796 ], [ -108.228883070693328, 46.249414363497728 ], [ -108.228908873282862, 46.249414497381331 ], [ -108.228934678445952, 46.24941463218822 ], [ -108.22896048231199, 46.249414766974638 ], [ -108.228986284901808, 46.249414900840563 ], [ -108.229012088810194, 46.249415033815204 ], [ -108.229037893973796, 46.249415168598539 ], [ -108.229063696564097, 46.249415302446756 ], [ -108.229089500430661, 46.249415437203687 ], [ -108.229115305615707, 46.249415571069335 ], [ -108.229141109482626, 46.249415705814435 ], [ -108.229166912052278, 46.249415840539079 ], [ -108.229192715940513, 46.249415974372418 ], [ -108.229218521147118, 46.249416107314502 ], [ -108.229244323717253, 46.249416242021425 ], [ -108.229270127605758, 46.249416375837065 ], [ -108.22929593277064, 46.249416510561431 ], [ -108.229321735362205, 46.249416644350688 ], [ -108.229347539230162, 46.24941677904863 ], [ -108.229373343098118, 46.249416913740674 ], [ -108.229399148284571, 46.249417047541435 ], [ -108.229424950897695, 46.249417180407136 ], [ -108.229450754766049, 46.249417315081473 ], [ -108.229476559952971, 46.249417448864556 ], [ -108.229502362524286, 46.249417583512511 ], [ -108.22952816641417, 46.249417717269203 ], [ -108.22955397158033, 46.249417851934581 ], [ -108.22957977417316, 46.24941798566487 ], [ -108.229605578042296, 46.249418120303822 ], [ -108.229631380656414, 46.249418253122336 ], [ -108.229657187120395, 46.249418387778682 ], [ -108.229682989713652, 46.249418521485417 ], [ -108.22970879358337, 46.249418656100765 ], [ -108.229734598771472, 46.24941878982488 ], [ -108.229760401344166, 46.249418924413874 ], [ -108.2297862052352, 46.249419058111584 ], [ -108.22981200780815, 46.249419192688791 ], [ -108.229837813017809, 46.249419325489292 ], [ -108.229863616888196, 46.249419460069298 ], [ -108.229889419482561, 46.249419593728824 ], [ -108.229915225947806, 46.249419728326188 ], [ -108.229941028542413, 46.249419861973912 ], [ -108.229966832413339, 46.249419996530342 ], [ -108.229992635008202, 46.249420130166264 ], [ -108.230018440176664, 46.249420264725472 ], [ -108.230044244090124, 46.249420397464213 ], [ -108.230070046664238, 46.249420531982452 ], [ -108.230095851854216, 46.249420665623994 ], [ -108.230121655725895, 46.249420800144982 ], [ -108.230147458321525, 46.249420933745562 ], [ -108.230173262193446, 46.249421068254762 ], [ -108.230199067383836, 46.249421201872714 ], [ -108.230224871256112, 46.249421336370148 ], [ -108.230250673831122, 46.249421470847068 ], [ -108.230276479043027, 46.249421603547347 ], [ -108.23030228293662, 46.249421737127093 ], [ -108.230328085512113, 46.249421871586364 ], [ -108.230353889405961, 46.249422005154337 ], [ -108.230379694576214, 46.24942213963093 ], [ -108.230405497173123, 46.249422273172506 ], [ -108.230431301046423, 46.249422407622774 ], [ -108.230457106217045, 46.249422542081724 ], [ -108.230482910132565, 46.249422674720201 ], [ -108.230508712729971, 46.249422808238187 ], [ -108.230534516603683, 46.249422942664872 ], [ -108.230560321795934, 46.249423076200245 ], [ -108.230586124372607, 46.249423210600497 ], [ -108.230611928267834, 46.249423344109509 ], [ -108.230637733439352, 46.249423478527149 ], [ -108.230663536016493, 46.249423612909766 ], [ -108.230689339933022, 46.249423745501048 ], [ -108.230715145125956, 46.249423879001014 ], [ -108.230740947703481, 46.249424013365939 ], [ -108.230766751599361, 46.249424146839537 ], [ -108.230792555474451, 46.249424281207233 ], [ -108.230818360667882, 46.249424414683617 ], [ -108.230844163245919, 46.249424549024909 ], [ -108.230869967121279, 46.249424683374905 ], [ -108.230895772336126, 46.249424815933615 ], [ -108.230921574935564, 46.249424949357277 ], [ -108.230947378811322, 46.249425083689566 ], [ -108.230973181411002, 46.249425217101404 ], [ -108.230998986584311, 46.2494253514365 ], [ -108.23102479048157, 46.249425484851145 ], [ -108.231050594357825, 46.249425619159815 ], [ -108.231076399552535, 46.249425752577267 ], [ -108.231102202173872, 46.249425885059608 ], [ -108.231128006050611, 46.249426019350643 ], [ -108.231153808630083, 46.249426153621151 ], [ -108.23117961382529, 46.249426287014998 ], [ -108.231205417702412, 46.249426421288334 ], [ -108.231231324085442, 46.249426555807567 ], [ -108.231257233042186, 46.249426691250022 ], [ -108.231283139383535, 46.249426827557343 ], [ -108.231309045745945, 46.249426962958722 ], [ -108.231334954724176, 46.249427097483334 ], [ -108.231360861086841, 46.249427232872854 ], [ -108.231386770065228, 46.249427367385586 ], [ -108.231412676428249, 46.249427502763233 ], [ -108.231438582770281, 46.249427639034877 ], [ -108.231464491728062, 46.249427774429769 ], [ -108.23149039811247, 46.249427908889572 ], [ -108.231516305773212, 46.249428044257968 ], [ -108.231542213455086, 46.24942817872045 ], [ -108.231568121116069, 46.249428314076987 ], [ -108.231594027458982, 46.249428450312969 ], [ -108.231619936417516, 46.249428585672199 ], [ -108.231645842802621, 46.249428720096311 ], [ -108.231671749166921, 46.249428855414472 ], [ -108.231697658146871, 46.249428989855858 ], [ -108.231723564490323, 46.249429126062147 ], [ -108.231749473449597, 46.249429261391612 ], [ -108.231775379814323, 46.249429396686018 ], [ -108.23180128620028, 46.249429531074483 ], [ -108.231827195159866, 46.249429666386128 ], [ -108.23185310154598, 46.249429800762719 ], [ -108.231879007890313, 46.249429936933318 ], [ -108.231904916850269, 46.249430072227121 ], [ -108.23193082323678, 46.249430206585842 ], [ -108.231956730899711, 46.249430341853198 ], [ -108.231982638562869, 46.249430477114636 ], [ -108.232008546247044, 46.249430611470096 ], [ -108.232034453889355, 46.249430747619591 ], [ -108.232060361552797, 46.249430882863145 ], [ -108.232086267940161, 46.249431017186204 ], [ -108.232112176901154, 46.249431152432471 ], [ -108.232138083267685, 46.24943128764366 ], [ -108.232163989655447, 46.249431421948891 ], [ -108.232189898595834, 46.249431558077291 ], [ -108.232215804962834, 46.249431693270637 ], [ -108.232241711350881, 46.249431827558027 ], [ -108.232267620312655, 46.249431962768597 ], [ -108.232293526680053, 46.249432097944116 ], [ -108.232319435621079, 46.249432234042779 ], [ -108.232345342009637, 46.249432368306401 ], [ -108.232371249674614, 46.249432503478651 ], [ -108.232397157360822, 46.249432637744945 ], [ -108.232423065026083, 46.249432772905259 ], [ -108.232448971394149, 46.249432908045101 ], [ -108.232474880335957, 46.249433044108116 ], [ -108.232500786725382, 46.249433178336062 ], [ -108.232526693093845, 46.24943331345807 ], [ -108.232552602078016, 46.249433447703268 ], [ -108.232578508446849, 46.249433582813353 ], [ -108.232604414836686, 46.24943371701756 ], [ -108.232630323758357, 46.249433853944858 ], [ -108.232656230148464, 46.249433988137142 ], [ -108.232682139112285, 46.249434123252612 ], [ -108.232708045502733, 46.249434257433009 ], [ -108.232733951872234, 46.249434392507467 ], [ -108.232759860815463, 46.249434528505063 ], [ -108.232785767185305, 46.249434663567598 ], [ -108.232811674873474, 46.249434797738758 ], [ -108.232837582540782, 46.249434932804007 ], [ -108.232863490229207, 46.249435066963308 ], [ -108.23288939659956, 46.249435202002097 ], [ -108.232915305543557, 46.249435337964016 ], [ -108.232941211914081, 46.249435472990868 ], [ -108.232967120900312, 46.249435607140981 ], [ -108.232993027271192, 46.24943574215596 ], [ -108.233018933663089, 46.249435876265025 ], [ -108.233044842628814, 46.249436011297242 ], [ -108.233070748979003, 46.249436147194388 ], [ -108.23309665535038, 46.24943628218562 ], [ -108.233122564337378, 46.249436416300014 ], [ -108.23314847070894, 46.249436551279317 ], [ -108.23317437710169, 46.249436685352713 ], [ -108.233200286047122, 46.249436821249247 ], [ -108.233226192419068, 46.249436956210758 ], [ -108.233252101385716, 46.249437091195425 ], [ -108.233278007778992, 46.249437225245046 ], [ -108.233303915448616, 46.249437360203224 ], [ -108.233329823139343, 46.249437494255496 ], [ -108.233355730788247, 46.249437630101845 ], [ -108.233381637161045, 46.249437765027658 ], [ -108.233407546149465, 46.249437899076653 ], [ -108.233433452522419, 46.2494380339906 ], [ -108.233459358895615, 46.249438168898607 ], [ -108.233485267884419, 46.249438302929761 ], [ -108.233511174236881, 46.249438438725853 ], [ -108.233537080610361, 46.249438573615983 ], [ -108.233562989599548, 46.249438707629309 ], [ -108.233588895973369, 46.249438842507587 ], [ -108.233614804941837, 46.249438977409035 ], [ -108.233640711294868, 46.249439113175391 ], [ -108.233666617690062, 46.24943924713584 ], [ -108.233692526658899, 46.249439382019403 ], [ -108.23371843305425, 46.249439515967985 ], [ -108.233744340726062, 46.249439650825124 ], [ -108.233770248398102, 46.249439785676358 ], [ -108.233796156049195, 46.249439921421576 ], [ -108.233822062445043, 46.249440055346362 ], [ -108.233847971414775, 46.249440190194285 ], [ -108.233873877810879, 46.249440324107169 ], [ -108.233899786780768, 46.249440458943184 ], [ -108.233925693156266, 46.24944059374419 ], [ -108.233951599510846, 46.2494407294392 ], [ -108.233977508502065, 46.249440863357414 ], [ -108.234003414877961, 46.249440998140585 ], [ -108.234029321274846, 46.249441132017786 ], [ -108.234055230245488, 46.249441266818138 ], [ -108.234081136642743, 46.249441400683459 ], [ -108.234107042977115, 46.249441537242824 ], [ -108.234132951969116, 46.249441671125368 ], [ -108.234158858345765, 46.249441805872863 ], [ -108.234184767338036, 46.249441939743491 ], [ -108.234210673714841, 46.249442074479084 ], [ -108.234236581368123, 46.24944221012327 ], [ -108.234262489042607, 46.2494423448615 ], [ -108.234288396738066, 46.249442478693844 ], [ -108.234314303115511, 46.249442613405655 ], [ -108.234340212108535, 46.249442747240629 ], [ -108.234366118486122, 46.249442881940567 ], [ -108.234392024842961, 46.249443017534531 ], [ -108.234417933815422, 46.249443152251636 ], [ -108.234443840214354, 46.249443286033738 ], [ -108.234469746592552, 46.249443420709895 ], [ -108.234495655586343, 46.249443554509213 ], [ -108.234521561964712, 46.249443689173475 ], [ -108.234547470916837, 46.249443824760846 ], [ -108.234573377295547, 46.249443959413227 ], [ -108.234599284992555, 46.249444093174212 ], [ -108.23462519266873, 46.249444227829201 ], [ -108.23465110036598, 46.249444361578298 ], [ -108.234677006724255, 46.249444497106872 ], [ -108.234702915698122, 46.249444631758607 ], [ -108.234728822077599, 46.249444766375305 ], [ -108.234754728478066, 46.249444900086097 ], [ -108.234780637452303, 46.249445034719955 ], [ -108.234806543853139, 46.249445168418852 ], [ -108.234832452806685, 46.249445303940846 ], [ -108.234858359186717, 46.249445438527808 ], [ -108.234884265587922, 46.249445572208856 ], [ -108.234910174562813, 46.249445706813042 ], [ -108.234936080943214, 46.249445841382162 ], [ -108.234961987344818, 46.249445975045404 ], [ -108.234987896299117, 46.249446110531721 ], [ -108.235013802679916, 46.249446245083014 ], [ -108.235039710379098, 46.249446378742931 ], [ -108.235065618057547, 46.249446513296895 ], [ -108.235091525736038, 46.249446647844913 ], [ -108.235117433393697, 46.249446783286963 ], [ -108.235143341093476, 46.249446916923105 ], [ -108.235169247475042, 46.249447051438722 ], [ -108.235195156472287, 46.249447185077493 ], [ -108.235221062854222, 46.249447319581272 ], [ -108.235246969236172, 46.249447454079089 ], [ -108.235272878191907, 46.249447589500001 ], [ -108.235298784595145, 46.249447723085929 ], [ -108.235324690977478, 46.249447857565919 ], [ -108.235350599975504, 46.249447991169028 ], [ -108.235376506358193, 46.249448125637088 ], [ -108.23540241274091, 46.249448260099243 ], [ -108.235428321697398, 46.249448395484478 ], [ -108.235454228101432, 46.249448529034737 ], [ -108.235480137079136, 46.249448663508126 ], [ -108.235506043483312, 46.249448797046504 ], [ -108.235531951163978, 46.249448931493433 ], [ -108.235557858823924, 46.249449066834416 ], [ -108.235583766504831, 46.249449201269485 ], [ -108.235609672909618, 46.249449334784089 ], [ -108.23563558188809, 46.249449469221794 ], [ -108.235661488293047, 46.249449602724503 ], [ -108.235687394677271, 46.249449737121225 ], [ -108.23571330363518, 46.249449872441097 ], [ -108.235739210019574, 46.249450006825924 ], [ -108.235765119019632, 46.24945014033392 ], [ -108.235791025404367, 46.249450274706895 ], [ -108.235816931810078, 46.249450408173949 ], [ -108.235842840789573, 46.249450542564098 ], [ -108.235868747153759, 46.249450677819205 ], [ -108.235894653538907, 46.249450812168369 ], [ -108.235920562539746, 46.249450945640689 ], [ -108.235946468925249, 46.249451079978009 ], [ -108.235972376629022, 46.249451213423896 ], [ -108.235998284311989, 46.249451347763859 ], [ -108.236024191974238, 46.249451482997834 ], [ -108.236050099657461, 46.249451617325846 ], [ -108.23607600736176, 46.249451750747987 ], [ -108.23610191374803, 46.249451885049616 ], [ -108.236127822749864, 46.249452018474358 ], [ -108.236153729115372, 46.249452153664102 ], [ -108.236179635502026, 46.249452287947904 ], [ -108.236205544483326, 46.249452422254826 ], [ -108.236231450891069, 46.249452555626746 ], [ -108.236257357278106, 46.249452689892685 ], [ -108.236283266280722, 46.249452823281764 ], [ -108.236309172646997, 46.249452958435832 ], [ -108.236335080331628, 46.249453092698495 ], [ -108.236360988037404, 46.249453226055216 ], [ -108.236386895722291, 46.249453360305992 ], [ -108.236412803407319, 46.249453494550778 ], [ -108.236438711113493, 46.249453627889665 ], [ -108.236464617480522, 46.249453763008106 ], [ -108.236490526463214, 46.249453897249587 ], [ -108.236516432872477, 46.249454030556109 ], [ -108.236516226390137, 46.249471949817604 ], [ -108.236516021163112, 46.249489870893591 ], [ -108.236515814701448, 46.249507789255119 ], [ -108.23651560687955, 46.249525710302109 ], [ -108.236515401693978, 46.249543629578184 ], [ -108.236515195190123, 46.249561549739731 ], [ -108.236514990004181, 46.249579469015835 ], [ -108.236514783521002, 46.249597388277451 ], [ -108.236514578313958, 46.249615308453549 ], [ -108.236514370533101, 46.249633227700684 ], [ -108.236514164028478, 46.249651147862302 ], [ -108.236513958841954, 46.249669067138505 ], [ -108.236513752357979, 46.249686986400192 ], [ -108.236513547150267, 46.249704906576405 ], [ -108.236513340666122, 46.24972282583812 ], [ -108.236513135458139, 46.249740746014396 ], [ -108.236512927676316, 46.249758665261588 ], [ -108.23651272117074, 46.249776585423369 ], [ -108.236512515983264, 46.249794504699651 ], [ -108.236512309498352, 46.249812423961473 ], [ -108.236512104289687, 46.249830344137827 ], [ -108.23651189780449, 46.249848263399635 ], [ -108.236511690001024, 46.249866183546992 ], [ -108.236511484812866, 46.249884102823387 ], [ -108.236511278327285, 46.249902022085237 ], [ -108.236511073117924, 46.249919942261691 ], [ -108.236510866632059, 46.249937861523613 ], [ -108.236510661422429, 46.249955781700045 ], [ -108.236510454936294, 46.249973700962016 ], [ -108.236510247110942, 46.249991622009446 ], [ -108.236510041942765, 46.250009540385975 ], [ -108.236509835456218, 46.250027459647988 ], [ -108.236509630224987, 46.250045380724508 ], [ -108.236509423759102, 46.250063299086541 ], [ -108.236509218527601, 46.250081220163111 ], [ -108.236509010743291, 46.250099139410693 ], [ -108.23650880427698, 46.250117057772798 ], [ -108.236508599045081, 46.250134978849395 ], [ -108.2365083925785, 46.250152897211535 ], [ -108.236508187346317, 46.250170818288176 ], [ -108.236507980858548, 46.250188737550332 ], [ -108.236507775647027, 46.250206657727013 ], [ -108.236507567861665, 46.250224576974702 ], [ -108.236507361373569, 46.250242496236915 ], [ -108.23650715616165, 46.25026041641366 ], [ -108.236506949673199, 46.250278335675908 ], [ -108.236506744460996, 46.250296255852668 ], [ -108.236506537972261, 46.250314175114951 ], [ -108.236506330186074, 46.25033209436274 ], [ -108.236506124973474, 46.250350014539549 ], [ -108.236505918484426, 46.250367933801897 ], [ -108.23650571327147, 46.250385853978734 ], [ -108.236505508079375, 46.250403773255627 ], [ -108.236505301569011, 46.250421693418005 ], [ -108.236505096376646, 46.250439612694926 ], [ -108.236504887292185, 46.250457531928305 ], [ -108.236504682078632, 46.250475452105249 ], [ -108.236504476885855, 46.250493371382227 ], [ -108.236504270374709, 46.250511291544662 ], [ -108.236504065181677, 46.250529210821682 ], [ -108.236503858691279, 46.250547130084179 ], [ -108.236503650882383, 46.250565050232154 ], [ -108.236503445688953, 46.250582969509246 ], [ -108.236503239156178, 46.250600890571761 ], [ -108.236503033983396, 46.250618808948865 ], [ -108.236502827450366, 46.250636730011429 ], [ -108.236502622277314, 46.25065464838859 ], [ -108.236502415785864, 46.250672567651186 ], [ -108.236502207955198, 46.250690488699284 ], [ -108.236502002781734, 46.250708407076488 ], [ -108.236501796248007, 46.250726328139109 ], [ -108.236501591053354, 46.250744247416343 ], [ -108.236501384540304, 46.250762167579055 ], [ -108.236501179345368, 46.250780086856274 ], [ -108.236500971555728, 46.250798006104503 ], [ -108.236500765042251, 46.250815926267265 ], [ -108.236500559846917, 46.250833845544527 ], [ -108.23650035333317, 46.250851765707338 ], [ -108.236500148137566, 46.250869684984643 ], [ -108.236499941644496, 46.25088760424746 ], [ -108.236499736427675, 46.250905524424844 ], [ -108.236499528636983, 46.250923443673159 ], [ -108.236499322122668, 46.250941363836041 ], [ -108.236499116926367, 46.250959283113467 ], [ -108.236498910411683, 46.250977203276342 ], [ -108.236498705215126, 46.250995122553803 ], [ -108.23649849872109, 46.251013041816755 ], [ -108.236498290908656, 46.251030961965171 ], [ -108.236498085711673, 46.251048881242674 ], [ -108.236497879196406, 46.251066801405649 ], [ -108.236497673999168, 46.251084720683188 ], [ -108.236497467504449, 46.251102639946225 ], [ -108.236497262286022, 46.251120560123766 ], [ -108.23649705579102, 46.251138479386839 ], [ -108.236496847956701, 46.251156400435391 ], [ -108.236496642779713, 46.251174318813 ], [ -108.236496436242462, 46.251192239876104 ], [ -108.236496231065203, 46.251210158253741 ], [ -108.236496024569632, 46.251228077516892 ], [ -108.236495819329321, 46.251245998594563 ], [ -108.236495611556961, 46.25126391694323 ], [ -108.236495405019028, 46.251281838006406 ], [ -108.236495199820155, 46.251299757284151 ], [ -108.236494993344749, 46.251317675647392 ], [ -108.236494788103741, 46.251335596725134 ], [ -108.236494581607218, 46.25135351598842 ], [ -108.236494373792183, 46.251371436137141 ], [ -108.236494168592642, 46.251389355414972 ], [ -108.23649396207469, 46.251407275578273 ], [ -108.236493756874864, 46.251425194856125 ], [ -108.236493550377574, 46.251443114119482 ], [ -108.236493345156546, 46.25146103429735 ], [ -108.236493138658972, 46.251478953560742 ], [ -108.236492930843085, 46.251496873709598 ], [ -108.236492725642591, 46.251514792987543 ], [ -108.236492519144619, 46.25153271225097 ], [ -108.236492313922923, 46.251550632428938 ], [ -108.236492107424667, 46.251568551692415 ], [ -108.236491902202701, 46.251586471870432 ], [ -108.236491694406922, 46.251604391119379 ], [ -108.236491487887335, 46.251622311282915 ], [ -108.23649128268589, 46.251640230560938 ], [ -108.236491076186951, 46.251658149824486 ], [ -108.236490870964303, 46.251676070002596 ], [ -108.236490664465094, 46.251693989266158 ], [ -108.236490459242191, 46.251711909444282 ], [ -108.236490251445346, 46.251729828693406 ], [ -108.236490044945825, 46.251747747957026 ], [ -108.236489839722509, 46.251765668135199 ], [ -108.236489633222618, 46.251783587398876 ], [ -108.2364894279781, 46.251801508477023 ], [ -108.236489221498871, 46.251819426840775 ], [ -108.236489013659352, 46.251837347889946 ], [ -108.236488808456286, 46.251855267168182 ], [ -108.236488601976745, 46.251873185531984 ], [ -108.236488396731545, 46.251891106610245 ], [ -108.236488190251634, 46.251909024974054 ], [ -108.23648798500615, 46.251926946052357 ], [ -108.236487778505037, 46.251944865316183 ], [ -108.236487570685512, 46.25196278546548 ], [ -108.236487365481494, 46.251980704743865 ], [ -108.236487158979969, 46.251998624007712 ], [ -108.236486953754749, 46.25201654418612 ], [ -108.236486747253053, 46.252034463450045 ], [ -108.236486542027549, 46.252052383628467 ], [ -108.236486334228132, 46.252070302877897 ], [ -108.236486127725925, 46.252088222141872 ], [ -108.236485922500037, 46.252106142320336 ], [ -108.23648571599756, 46.252124061584333 ], [ -108.236485510771388, 46.252141981762833 ], [ -108.23648530426874, 46.252159901026872 ], [ -108.236485099042198, 46.2521778212054 ], [ -108.236484891241915, 46.252195740454944 ], [ -108.236484684738755, 46.252213659719025 ], [ -108.236484479511915, 46.252231579897625 ], [ -108.236484273008486, 46.252249499161735 ], [ -108.236484067781362, 46.252267419340363 ], [ -108.236483861277662, 46.252285338604509 ], [ -108.236483653476554, 46.25230325785418 ], [ -108.236483448249032, 46.252321178032844 ], [ -108.236483241744921, 46.252339097297039 ], [ -108.236483036496196, 46.252357018375747 ], [ -108.236482830012747, 46.252374936739976 ], [ -108.236482624763738, 46.252392857818727 ], [ -108.236482419577399, 46.2524107761975 ], [ -108.236482210477973, 46.252428695432741 ], [ -108.236482005228552, 46.252446616511548 ], [ -108.236481798744435, 46.252464534875855 ], [ -108.236481593494744, 46.25248245595467 ], [ -108.236481388286791, 46.252500375233559 ], [ -108.236481181802247, 46.25251829359793 ], [ -108.236480973957413, 46.252536214647776 ], [ -108.236480767451781, 46.252554133912156 ], [ -108.236480562222354, 46.252572054091075 ], [ -108.236480357013704, 46.252589973370029 ], [ -108.236480150486628, 46.252607893534481 ], [ -108.236479945277722, 46.252625812813442 ], [ -108.236479738771308, 46.252643732077928 ], [ -108.236479530946454, 46.252661652227914 ], [ -108.236479325737136, 46.252679571506924 ], [ -108.236479119209378, 46.252697491671455 ], [ -108.236478913999804, 46.252715410950501 ], [ -108.236478707492807, 46.252733330215065 ], [ -108.236478502262017, 46.252751250394176 ], [ -108.236478294457257, 46.252769169644225 ], [ -108.23647808792883, 46.252787089808862 ], [ -108.23647788271856, 46.252805009088014 ], [ -108.23647767618985, 46.252822929252623 ], [ -108.236477470979324, 46.252840848531818 ], [ -108.236477264471361, 46.252858767796511 ], [ -108.236477059239618, 46.252876687975707 ], [ -108.23647685143392, 46.252894607225912 ], [ -108.236476644883595, 46.252912528290622 ], [ -108.23647643969332, 46.2529304466699 ], [ -108.23647623318459, 46.252948365934664 ], [ -108.236476027952179, 46.252966286113946 ], [ -108.236475821443165, 46.252984205378752 ], [ -108.236475613594877, 46.253002126429024 ], [ -108.236475408403919, 46.253020044808373 ], [ -108.236475201852642, 46.253037965873197 ], [ -108.236474996640482, 46.253055885152598 ], [ -108.236474793333457, 46.253073610906036 ], [ -108.236474590047322, 46.253091335759535 ], [ -108.236474385421701, 46.253109062398501 ], [ -108.236474182093431, 46.253126789051997 ], [ -108.236473978806799, 46.253144513905553 ], [ -108.236473775478288, 46.253162240559078 ], [ -108.236473572191386, 46.253179965412656 ], [ -108.236473368862605, 46.253197692066237 ], [ -108.2364731655545, 46.253215417819845 ], [ -108.236472962246282, 46.253233143573418 ], [ -108.236472758938007, 46.253250869327083 ], [ -108.2364725556086, 46.253268595980735 ], [ -108.236472352321002, 46.25328632083442 ], [ -108.236472148991311, 46.253304047488058 ], [ -108.236471945661592, 46.253321774141732 ], [ -108.236471742373496, 46.253339498995466 ], [ -108.236471539043421, 46.253357225649189 ], [ -108.236471335734223, 46.253374951402904 ], [ -108.236471132424811, 46.25339267715669 ], [ -108.236470929115356, 46.253410402910447 ], [ -108.236470725826607, 46.253428127764252 ], [ -108.236470522495864, 46.25344585441804 ], [ -108.236470319165065, 46.25346358107187 ], [ -108.236470114578623, 46.253481305911194 ], [ -108.236469911247468, 46.253499032565045 ], [ -108.2364697079162, 46.25351675921889 ], [ -108.23646950462674, 46.253534484072802 ], [ -108.23646930131612, 46.253552209826729 ], [ -108.236469097984553, 46.253569936480638 ], [ -108.236468894694596, 46.253587661334599 ], [ -108.236468690065351, 46.253605387974027 ], [ -108.236468486775138, 46.253623112828009 ], [ -108.236468282145637, 46.253640839467465 ], [ -108.236468078813289, 46.253658566121445 ], [ -108.236467875522777, 46.253676290975484 ], [ -108.236467672190173, 46.25369401762952 ], [ -108.236467468878359, 46.253711743383548 ], [ -108.236467265566517, 46.253729469137639 ], [ -108.236467062254448, 46.253747194891709 ], [ -108.236466858921403, 46.253764921545844 ], [ -108.236466655630011, 46.253782646399941 ], [ -108.236466452296696, 46.253800373054105 ], [ -108.236466249005019, 46.253818097908237 ], [ -108.236466045671364, 46.253835824562408 ], [ -108.236465842337651, 46.253853551216594 ], [ -108.236465639045591, 46.253871276070811 ], [ -108.236465435732541, 46.253889001825023 ], [ -108.236465232398345, 46.253906728479222 ], [ -108.236465029105972, 46.253924453333497 ], [ -108.236464825771506, 46.253942179987746 ], [ -108.236464622436912, 46.25395990664201 ], [ -108.236464419144141, 46.253977631496326 ], [ -108.236464214511869, 46.253995358136116 ], [ -108.23646401119791, 46.254013083890456 ], [ -108.236463807883723, 46.254030809644789 ], [ -108.236463604569479, 46.254048535399171 ], [ -108.236463401255023, 46.254066261153532 ], [ -108.236463197940523, 46.254083986907951 ], [ -108.236462994604864, 46.254101713562356 ], [ -108.236462791310942, 46.254119438416794 ], [ -108.236462587975112, 46.254137165071228 ], [ -108.236462392364672, 46.254154224749186 ], [ -108.23646219545671, 46.254171284412678 ], [ -108.236461999845929, 46.254188344090707 ], [ -108.236461804235134, 46.254205403768736 ], [ -108.236461608624197, 46.254222463446759 ], [ -108.236461411673872, 46.254239524910282 ], [ -108.236461216062693, 46.254256584588362 ], [ -108.236461020451415, 46.254273644266476 ], [ -108.236460823542572, 46.254290703930067 ], [ -108.236460627909992, 46.254307764508162 ], [ -108.236460432298344, 46.254324824186305 ], [ -108.236460235389131, 46.254341883849911 ], [ -108.23646002939266, 46.254359836429991 ], [ -108.236459824714402, 46.254377788124621 ], [ -108.236459618717646, 46.25439574070473 ], [ -108.236459411423354, 46.25441369327033 ], [ -108.236459205447261, 46.254431644950458 ], [ -108.236459000747516, 46.254449597545126 ], [ -108.236458793431865, 46.254467551010784 ], [ -108.236458587476307, 46.254485501790981 ], [ -108.236458380160386, 46.254503455256653 ], [ -108.236458175460101, 46.254521407851399 ], [ -108.236457969483197, 46.254539359531648 ], [ -108.236457762187811, 46.254557312097383 ], [ -108.236457556189706, 46.254575264677669 ], [ -108.236457351509813, 46.254593216372463 ], [ -108.236457144214, 46.254611168938247 ], [ -108.23645693819455, 46.254629122418564 ], [ -108.236456730940333, 46.254647073184415 ], [ -108.236456527515472, 46.254665026693779 ], [ -108.236456320219119, 46.25468297925962 ], [ -108.23645611424098, 46.254700930940032 ], [ -108.236455909539117, 46.254718883534963 ], [ -108.236455702263385, 46.254736835200873 ], [ -108.2364554962639, 46.254754787781302 ], [ -108.23645528896688, 46.254772740347214 ], [ -108.236455084285481, 46.254790692042214 ], [ -108.236454878285514, 46.254808644622699 ], [ -108.236454670967248, 46.254826598088691 ], [ -108.236454465008947, 46.254844548869244 ], [ -108.236454260285072, 46.254862502364261 ], [ -108.236454052987298, 46.25488045493028 ], [ -108.236453847007667, 46.254898406610906 ], [ -108.236453639709552, 46.25491635917696 ], [ -108.236453435006041, 46.254934311772075 ], [ -108.236453229026012, 46.254952263452694 ], [ -108.236453023024907, 46.254970216033328 ], [ -108.236452815705391, 46.254988169499462 ], [ -108.236452611043219, 46.255006120294695 ], [ -108.236452405020785, 46.255024073775346 ], [ -108.23645219772169, 46.255042026341521 ], [ -108.236451993038273, 46.255059978036797 ], [ -108.236451787036344, 46.255077930617524 ], [ -108.236451579736851, 46.255095883183756 ], [ -108.236451373755585, 46.255113834864524 ], [ -108.236451169050696, 46.255131787459824 ], [ -108.236450961729858, 46.255149740926115 ], [ -108.236450755769127, 46.255167691706937 ], [ -108.236450548448005, 46.255185645173249 ], [ -108.236450343742575, 46.25520359776862 ], [ -108.2364501377605, 46.255221549449487 ], [ -108.236449930459912, 46.255239502015861 ], [ -108.236449724456634, 46.255257454596752 ], [ -108.236449519771583, 46.255275406292235 ], [ -108.23644931376802, 46.255293358873168 ], [ -108.23644910644596, 46.255311312339551 ], [ -108.236448900483992, 46.255329263120558 ], [ -108.236448695756536, 46.255347216616066 ], [ -108.236448488454997, 46.255365169182532 ], [ -108.236448282471684, 46.255383120863563 ], [ -108.236448077764763, 46.255401073459112 ], [ -108.236447870462811, 46.255419026025642 ], [ -108.236447664479101, 46.255436977706751 ], [ -108.236447457176865, 46.255454930273302 ], [ -108.236447252448471, 46.255472883768888 ], [ -108.236447046485281, 46.255490834550045 ], [ -108.236446839161715, 46.25550878801667 ], [ -108.236446633198256, 46.255526738797847 ], [ -108.236446428469293, 46.255544692293498 ], [ -108.236446222463698, 46.255562644874672 ], [ -108.236446015181457, 46.2555805965414 ], [ -108.236445809175578, 46.255598549122595 ], [ -108.236445604467022, 46.255616501718357 ], [ -108.236445397184355, 46.255634453385085 ], [ -108.236445191178078, 46.255652405966352 ], [ -108.236444986448177, 46.255670359462158 ], [ -108.236444779186044, 46.255688310228933 ], [ -108.236444573158423, 46.255706263710245 ], [ -108.236444365854155, 46.255724216277066 ], [ -108.236444161165565, 46.25574216797294 ], [ -108.236443955158478, 46.255760120554307 ], [ -108.236443747853784, 46.255778073121164 ], [ -108.236443541867345, 46.255796024802585 ], [ -108.236443337157297, 46.255813977398532 ], [ -108.236443129831272, 46.255831930865405 ], [ -108.236442923865368, 46.255849881646881 ], [ -108.236442717836525, 46.255867835128363 ], [ -108.236442513125837, 46.255885787724345 ], [ -108.236442305841223, 46.255903739391329 ], [ -108.236442099832885, 46.255921691972844 ], [ -108.236441892526983, 46.255939644539858 ], [ -108.236441687836674, 46.255957596235959 ], [ -108.236441481827953, 46.255975548817524 ], [ -108.236441274521724, 46.25599350138458 ], [ -108.236441069831002, 46.256011453080703 ], [ -108.236440863800937, 46.256029406562298 ], [ -108.236440656494295, 46.256047359129418 ], [ -108.236440450505725, 46.256065310811074 ], [ -108.236440245793645, 46.256083263407241 ], [ -108.236440038486492, 46.256101215974418 ], [ -108.236439832497609, 46.256119167656145 ], [ -108.236439625190286, 46.256137120223343 ], [ -108.236439421775017, 46.256155072834112 ], [ -108.236439214488257, 46.256173024501329 ], [ -108.236439008477902, 46.256190977083094 ], [ -108.236438801149006, 46.256208930550322 ], [ -108.236438596456765, 46.256226882246658 ], [ -108.236438390445997, 46.256244834828472 ], [ -108.236438183137622, 46.256262787395784 ], [ -108.236437977147503, 46.256280739077617 ], [ -108.236437772433788, 46.256298691674012 ], [ -108.236437565145934, 46.256316643341393 ], [ -108.236437359134484, 46.256334595923292 ], [ -108.236437154420358, 46.256352548519729 ], [ -108.236436947132106, 46.256370500187124 ], [ -108.236436741120244, 46.256388452769066 ], [ -108.236436533789842, 46.256406406236515 ], [ -108.236436329096108, 46.256424357933 ], [ -108.236436123083848, 46.256442310515006 ], [ -108.236435917071432, 46.256460263097019 ], [ -108.236435709782356, 46.256478214764556 ], [ -108.236435505067135, 46.256496167361114 ], [ -108.236435299054321, 46.256514119943162 ], [ -108.236435091764847, 46.256532071610728 ], [ -108.236434885751748, 46.256550024192826 ], [ -108.236434681015055, 46.256567977689457 ], [ -108.236434473746101, 46.256585928457042 ], [ -108.236434267711672, 46.256603881939192 ], [ -108.236434060400555, 46.256621834506838 ], [ -108.236433855705201, 46.256639786203522 ], [ -108.236433649691293, 46.256657738785727 ], [ -108.236433443154283, 46.256675658053943 ], [ -108.236433237893678, 46.2566935782367 ], [ -108.236433031356398, 46.256711497504909 ], [ -108.23643282350065, 46.256729417658669 ], [ -108.236432618260579, 46.25674733694148 ], [ -108.236432411722888, 46.256765256209754 ], [ -108.2364322064616, 46.256783176392588 ], [ -108.236431999923639, 46.256801095660919 ], [ -108.236431794641149, 46.256819016743719 ], [ -108.23643158682637, 46.256836935097617 ], [ -108.236431380288096, 46.256854854365997 ], [ -108.236431175026027, 46.256872774548881 ], [ -108.236430968487483, 46.256890693817311 ], [ -108.236430763204311, 46.256908614900233 ], [ -108.236430556686315, 46.256926533268683 ], [ -108.236430348849794, 46.256944452522625 ], [ -108.23643014356621, 46.256962373605603 ], [ -108.236429937047816, 46.256980291974102 ], [ -108.236429731763977, 46.256998213057102 ], [ -108.236429525224466, 46.257016132325603 ], [ -108.236429320003154, 46.257034050708697 ], [ -108.236429112123943, 46.257051971762721 ], [ -108.236428905604868, 46.257069890131305 ], [ -108.236428700320332, 46.25708781121439 ], [ -108.236428493780053, 46.257105730482998 ], [ -108.236428288558059, 46.257123648866155 ], [ -108.236428081975632, 46.257141569934767 ], [ -108.236427876732435, 46.257159489217955 ], [ -108.23642766887329, 46.257177409372083 ], [ -108.23642746233233, 46.25719532864079 ], [ -108.236427257088721, 46.257213247923993 ], [ -108.236427050526558, 46.257231168092702 ], [ -108.236426845282679, 46.257249087375953 ], [ -108.236426638720232, 46.257267007544698 ], [ -108.23642643088121, 46.257284926798967 ], [ -108.236426225636919, 46.257302846082275 ], [ -108.236426019074074, 46.257320766251055 ], [ -108.236425813829513, 46.257338685534407 ], [ -108.236425607266398, 46.257356605703201 ], [ -108.236425402021567, 46.257374524986588 ], [ -108.236425194181606, 46.257392444240949 ], [ -108.236424987618179, 46.257410364409807 ], [ -108.23642478237295, 46.257428283693223 ], [ -108.236424575809153, 46.257446203862123 ], [ -108.23642437056364, 46.257464123145596 ], [ -108.236424164020505, 46.257482042414537 ], [ -108.23642395875379, 46.257499962598004 ], [ -108.236423750912891, 46.257517881852479 ], [ -108.236423544348497, 46.257535802021458 ], [ -108.236423339102316, 46.257553721305001 ], [ -108.236423133855979, 46.257571640588552 ], [ -108.236422927291102, 46.25758956075758 ], [ -108.236422722044509, 46.257607480041173 ], [ -108.236422512905293, 46.257625399281217 ], [ -108.236422307637497, 46.257643319464805 ], [ -108.236422102390492, 46.25766123874844 ], [ -108.236421895824918, 46.257679158917561 ], [ -108.236421690577643, 46.257697078201232 ], [ -108.236421484032832, 46.257714997470401 ], [ -108.236421276169366, 46.257732917625049 ], [ -108.236421070921679, 46.257750836908755 ], [ -108.236420864334505, 46.257768757977935 ], [ -108.23642065910748, 46.257786676361697 ], [ -108.236420452561887, 46.257804595630944 ], [ -108.236420247292727, 46.257822515814745 ], [ -108.23642003944947, 46.257840435069468 ], [ -108.2364198328616, 46.25785835613874 ], [ -108.236419627633907, 46.25787627452258 ], [ -108.236419421087646, 46.257894193791913 ], [ -108.236419215796872, 46.257912114875744 ], [ -108.236419009271259, 46.257930033245103 ], [ -108.236418803980229, 46.257947954328976 ], [ -108.236418596136005, 46.257965873583849 ], [ -108.236418389609995, 46.257983791953265 ], [ -108.236418184318538, 46.258001713037196 ], [ -108.236417977792243, 46.258019631406661 ], [ -108.236417772500531, 46.258037552490585 ], [ -108.236417565953033, 46.258055471760059 ], [ -108.236417358128932, 46.258073390115072 ], [ -108.236417152836793, 46.258091311199038 ], [ -108.236416946288898, 46.25810923046857 ], [ -108.236416741017436, 46.258127150652641 ], [ -108.236416534469257, 46.258145069922165 ], [ -108.236416329218457, 46.258162989206255 ], [ -108.236416121351567, 46.258180909361329 ], [ -108.23641591480299, 46.25819882863091 ], [ -108.236415709530846, 46.258216748815052 ], [ -108.236415502982084, 46.258234668084661 ], [ -108.236415297730602, 46.258252587368837 ], [ -108.236415091160538, 46.258270507538512 ], [ -108.236414885908786, 46.258288426822702 ], [ -108.236414678040944, 46.258306346977875 ], [ -108.236414471491415, 46.258324266247605 ], [ -108.236414266239251, 46.258342185531824 ], [ -108.236414059668604, 46.258360105701584 ], [ -108.23641385441617, 46.25837802498588 ], [ -108.236413647845154, 46.258395945155641 ], [ -108.23641343999742, 46.258413864410919 ], [ -108.236413234744589, 46.258431783695258 ], [ -108.23641302817316, 46.258449703865061 ], [ -108.236412822920059, 46.258467623149443 ], [ -108.23641261634836, 46.258485543319274 ], [ -108.236412411094989, 46.258503462603684 ], [ -108.23641220324653, 46.258521381859062 ], [ -108.23641199667442, 46.25853930202895 ], [ -108.236411791420636, 46.258557221313403 ], [ -108.236411584848256, 46.25857514148332 ], [ -108.236411379594188, 46.258593060767815 ], [ -108.236411173042484, 46.258610980037794 ], [ -108.236410965172283, 46.258628900193237 ], [ -108.236410759917803, 46.258646819477775 ], [ -108.236410553323822, 46.258664740547772 ], [ -108.236410348090018, 46.258682658932344 ], [ -108.236410141537618, 46.258700578202401 ], [ -108.236409936261666, 46.258718498386969 ], [ -108.23640972970901, 46.258736417657055 ], [ -108.23640952181691, 46.258754338712627 ], [ -108.236409316582439, 46.258772257097277 ], [ -108.236409110029356, 46.258790176367427 ], [ -108.236408904731803, 46.258808097452075 ], [ -108.236408698199384, 46.258826015822244 ], [ -108.23640849290156, 46.258843936906921 ], [ -108.236408285050416, 46.258861856162611 ], [ -108.236408078517684, 46.258879774532836 ], [ -108.236407873219449, 46.25889769561757 ], [ -108.236407666686361, 46.258915613987831 ], [ -108.236407461387856, 46.258933535072593 ], [ -108.236407254833551, 46.258951454342878 ], [ -108.236407047002515, 46.258969372698672 ], [ -108.236406841703598, 46.258987293783484 ], [ -108.236406635148896, 46.259005213053818 ], [ -108.236406429870641, 46.259023133238671 ], [ -108.236406223315768, 46.259041052509033 ], [ -108.236406018058176, 46.259058971793948 ], [ -108.236405811481987, 46.25907689196432 ], [ -108.236405603629052, 46.259094811220216 ], [ -108.236405398350129, 46.259112731405139 ], [ -108.236405191794461, 46.259130650675594 ], [ -108.236404986536201, 46.25914856996058 ], [ -108.236404779959429, 46.25916649013103 ], [ -108.236404574700785, 46.259184409416058 ], [ -108.236404366826207, 46.25920232957202 ], [ -108.236404160269871, 46.259220248842546 ], [ -108.236403955010928, 46.259238168127617 ], [ -108.236403748433375, 46.259256088298159 ], [ -108.236403543174163, 46.259274007583258 ], [ -108.236403336596325, 46.259291927753857 ], [ -108.236403128741884, 46.259309847009916 ], [ -108.236402923482245, 46.259327766295073 ], [ -108.23640271690401, 46.259345686465714 ], [ -108.236402511644116, 46.259363605750856 ], [ -108.236402305086557, 46.259381525021531 ], [ -108.23640209980546, 46.259399445206753 ], [ -108.236401891950166, 46.259417364462905 ], [ -108.236401685371263, 46.259435284633646 ], [ -108.236401480110686, 46.259453203918873 ], [ -108.236401273552431, 46.259471123189634 ], [ -108.236401068270666, 46.25948904337492 ], [ -108.236400861712127, 46.259506962645688 ], [ -108.236400656430092, 46.259524882831023 ], [ -108.236400448573747, 46.259542802087324 ], [ -108.236400242014923, 46.259560721358113 ], [ -108.236400036732448, 46.259578641543499 ], [ -108.236399830173255, 46.259596560814373 ], [ -108.236399624869591, 46.25961448189971 ], [ -108.236399418331047, 46.259632400270647 ], [ -108.236399210473891, 46.259650319527061 ], [ -108.236399005190748, 46.259668239712475 ], [ -108.236398798630958, 46.259686158983435 ], [ -108.236398593326626, 46.2597040800689 ], [ -108.2363983867874, 46.259721998439872 ], [ -108.236398181524649, 46.259739917725391 ], [ -108.236397973624804, 46.259757838781873 ], [ -108.23639776708518, 46.259775757152887 ], [ -108.236397561780166, 46.259793678238424 ], [ -108.236397355219324, 46.259811597509469 ], [ -108.236397149976838, 46.259829515895085 ], [ -108.236396943373947, 46.259847436966169 ], [ -108.236396738131191, 46.259865355351806 ], [ -108.236396530230394, 46.259883276408381 ], [ -108.23639632366887, 46.259901195679518 ], [ -108.236396118425716, 46.259919114065198 ], [ -108.236395911822058, 46.259937035136346 ], [ -108.236395706557673, 46.259954954422064 ], [ -108.236395499974776, 46.259972874593238 ], [ -108.23639529211502, 46.259990793849944 ], [ -108.236395086850237, 46.260008713135718 ], [ -108.236394880266843, 46.260026633306936 ], [ -108.23639467500179, 46.260044552592724 ], [ -108.236394468418112, 46.260062472763998 ], [ -108.236394263152789, 46.260080392049808 ], [ -108.236394055292322, 46.260098311306614 ], [ -108.236393848708232, 46.26011623147793 ], [ -108.236393643442497, 46.260134150763804 ], [ -108.236393436858137, 46.260152070935142 ], [ -108.236393231592132, 46.260169990221044 ], [ -108.236393025028448, 46.260187909492444 ], [ -108.236392817146211, 46.260205829649315 ], [ -108.236392611879793, 46.260223748935275 ], [ -108.236392405294751, 46.260241669106691 ], [ -108.236392200028078, 46.260259588392671 ], [ -108.236391993463698, 46.260277507664163 ], [ -108.236391788175808, 46.260295427850153 ], [ -108.236391581611173, 46.260313347121674 ], [ -108.236391376322999, 46.260331267307677 ], [ -108.236391169758093, 46.260349186579234 ], [ -108.236390967043846, 46.260367107694329 ], [ -108.236390760499589, 46.260385026065912 ], [ -108.236390555189956, 46.260402947151995 ], [ -108.236390348645415, 46.260420865523599 ], [ -108.236390143377378, 46.260438784809743 ], [ -108.236389936769783, 46.260456705881367 ], [ -108.236389731522408, 46.260474624267538 ], [ -108.236389524914529, 46.26049254533919 ], [ -108.236389319645937, 46.260510464625391 ], [ -108.236389113058834, 46.26052838479707 ], [ -108.236388909087452, 46.260546304097836 ], [ -108.23638870379753, 46.260564224284103 ], [ -108.236388497230834, 46.260582143555823 ], [ -108.236388291961575, 46.260600062842116 ], [ -108.23638808537379, 46.260617983013908 ], [ -108.23638788010426, 46.260635902300201 ], [ -108.236387673516091, 46.260653822472008 ], [ -108.236387468246278, 46.260671741758379 ], [ -108.236387261657839, 46.260689661930193 ], [ -108.23638705638777, 46.260707581216579 ], [ -108.236386849799061, 46.26072550138845 ], [ -108.236386645826286, 46.26074342068938 ], [ -108.236386440555805, 46.260761339975808 ], [ -108.236386233966698, 46.260779260147721 ], [ -108.236386028695946, 46.260797179434185 ], [ -108.236385822085623, 46.260815100506107 ], [ -108.236385616835548, 46.260833018892619 ], [ -108.236385411522505, 46.260850939979093 ], [ -108.236385204953649, 46.260868859251126 ], [ -108.236384999703162, 46.260886777637673 ], [ -108.236384793092142, 46.260904698709666 ], [ -108.236384587841385, 46.260922617096249 ], [ -108.236384383825268, 46.260940538197346 ], [ -108.236384177255715, 46.260958457469435 ], [ -108.236383971962681, 46.260976377656021 ], [ -108.236383765392958, 46.260994296928153 ], [ -108.236383560099554, 46.261012217114789 ], [ -108.236383353529561, 46.261030136386957 ], [ -108.236383148256905, 46.261048055673648 ], [ -108.236382941665624, 46.261065975845789 ], [ -108.236382736392699, 46.261083895132508 ], [ -108.236382529801134, 46.261101815304698 ], [ -108.236382325825531, 46.261119734605977 ], [ -108.23638212053126, 46.261137654792755 ], [ -108.23638191396023, 46.261155574064986 ], [ -108.236381708644757, 46.261173495151759 ], [ -108.236381502094389, 46.261191413524095 ], [ -108.236381296820525, 46.261209332810893 ], [ -108.236381090207061, 46.261227253883199 ], [ -108.23638088495386, 46.261245172270101 ], [ -108.23638067834014, 46.261263093342386 ], [ -108.236380473086655, 46.261281011729331 ], [ -108.236380266472764, 46.261298932801701 ], [ -108.236380063793149, 46.261316852117623 ], [ -108.236379857199807, 46.26133477229007 ], [ -108.236379651924864, 46.261352691577017 ], [ -108.236379445352185, 46.261370610849454 ], [ -108.236379240056038, 46.261388531036452 ], [ -108.236379033483175, 46.261406450308897 ], [ -108.236378828186758, 46.261424370495938 ], [ -108.23637862161354, 46.261442289768461 ], [ -108.236378416316839, 46.26146020995548 ], [ -108.23637820974335, 46.261478129228031 ], [ -108.236378005743973, 46.261496049429624 ], [ -108.236377800467807, 46.26151396871672 ], [ -108.236377593893906, 46.261531887989328 ], [ -108.236377388596523, 46.26154980817644 ], [ -108.236377182022352, 46.261567727449076 ], [ -108.236376976724713, 46.261585647636224 ], [ -108.236376770150272, 46.261603566908882 ], [ -108.236376564831417, 46.261621487996059 ], [ -108.236376358277639, 46.261639406368758 ], [ -108.236376152958499, 46.26165732745595 ], [ -108.236375946383532, 46.261675246728679 ], [ -108.236375742424528, 46.261693165130467 ], [ -108.23637553710499, 46.261711086217716 ], [ -108.236375330529611, 46.261729005490508 ], [ -108.236375125230722, 46.261746925677784 ], [ -108.236374918655059, 46.261764844950605 ], [ -108.236374713355929, 46.261782765137902 ], [ -108.236374506780095, 46.261800684410758 ], [ -108.23637430148068, 46.261818604598133 ], [ -108.236374094904463, 46.261836523870976 ], [ -108.236373889625725, 46.261854443158398 ], [ -108.236373685623406, 46.261872363360304 ], [ -108.236373480344383, 46.261890282647727 ], [ -108.236373273746793, 46.261908202820678 ], [ -108.236373068467501, 46.261926122108122 ], [ -108.23637286186954, 46.261944042281087 ], [ -108.236372656589978, 46.261961961568588 ], [ -108.236372449970816, 46.261979882641562 ], [ -108.236372244711916, 46.261997801029111 ], [ -108.236372038134363, 46.262015720302138 ], [ -108.236371832812381, 46.262033641389635 ], [ -108.236371626255476, 46.262051559762739 ], [ -108.236371422230832, 46.262069480864824 ], [ -108.236371216950332, 46.262087400152417 ], [ -108.236371010351135, 46.262105320325524 ], [ -108.236370805070351, 46.262123239613175 ], [ -108.236370598512778, 46.262141157986321 ], [ -108.236370393189858, 46.26215907907396 ], [ -108.236370186611154, 46.262176998347144 ], [ -108.236369981308798, 46.262194918534817 ], [ -108.236369774729837, 46.262212837808029 ], [ -108.236369569427296, 46.262230757995738 ], [ -108.236369362847981, 46.262248677268978 ], [ -108.236369158842763, 46.262266597471246 ], [ -108.23636895356077, 46.262284516759031 ], [ -108.236368746981029, 46.262302436032321 ], [ -108.23636854167782, 46.262320356220116 ], [ -108.236368336395415, 46.26233827550795 ], [ -108.236368129794329, 46.262356195681257 ], [ -108.23636792451164, 46.262374114969134 ], [ -108.236367717889351, 46.262392036042463 ], [ -108.236367512627339, 46.262409954430368 ], [ -108.23636730600478, 46.262427875503718 ], [ -108.236367102019159, 46.262445794806176 ], [ -108.236366896756735, 46.262463713194123 ], [ -108.236366690133764, 46.262481634267552 ], [ -108.23636648487107, 46.262499552655534 ], [ -108.236366278247829, 46.26251747372897 ], [ -108.236366072963932, 46.262535393016982 ], [ -108.236365866361339, 46.262553313190473 ], [ -108.236365661077173, 46.262571232478493 ], [ -108.236365454474409, 46.262589152652048 ], [ -108.236365249189973, 46.262607071940089 ], [ -108.236365042607787, 46.262624991213663 ], [ -108.236364838599656, 46.262642911416293 ], [ -108.236364633314807, 46.262660830704384 ], [ -108.236364426711361, 46.262678750878003 ], [ -108.236364221426243, 46.262696670166171 ], [ -108.236364014822442, 46.262714590339783 ], [ -108.236363809537053, 46.262732509627966 ], [ -108.236363602912036, 46.262750430701615 ], [ -108.236363397647295, 46.262768349089832 ], [ -108.236363191063887, 46.262786268363563 ], [ -108.236362985757026, 46.262804188551776 ], [ -108.236362781768577, 46.262822107854568 ], [ -108.236362576440484, 46.262840028942811 ], [ -108.236362369877469, 46.262857947316597 ], [ -108.236362164549121, 46.262875868404883 ], [ -108.236361957964888, 46.262893787678671 ], [ -108.236361752657203, 46.262911707866998 ], [ -108.2363615460727, 46.262929627140842 ], [ -108.236361340785692, 46.262947546429203 ], [ -108.236361134179973, 46.262965466603049 ], [ -108.236360928892694, 46.262983385891467 ], [ -108.236360722286804, 46.263001306065334 ], [ -108.236360518296777, 46.263019225368296 ], [ -108.23636031298814, 46.263037145556716 ], [ -108.236360106402785, 46.263055064830688 ], [ -108.236359901093778, 46.263072985019129 ], [ -108.236359694508153, 46.263090904293108 ], [ -108.236359489219907, 46.263108823581639 ], [ -108.236359282612966, 46.263126743755613 ], [ -108.236359077324465, 46.263144663044159 ], [ -108.236358870717254, 46.263162583218204 ], [ -108.236358665428469, 46.263180502506749 ], [ -108.236358461395312, 46.263198423609843 ], [ -108.236358254829582, 46.263216341983984 ], [ -108.236358049498506, 46.263234263072533 ], [ -108.236357842911559, 46.263252182346662 ], [ -108.236357637643039, 46.263270100735326 ], [ -108.236357431013943, 46.263288021809451 ], [ -108.23635722572422, 46.263305941098139 ], [ -108.236357020413422, 46.26332386128685 ], [ -108.236356813825779, 46.263341780561035 ], [ -108.236356608514697, 46.263359700749774 ], [ -108.236356401926798, 46.263377620023967 ], [ -108.236356197934043, 46.26339553932727 ], [ -108.236355992622549, 46.26341345951603 ], [ -108.236355786034238, 46.263431378790308 ], [ -108.236355580722488, 46.263449298979118 ], [ -108.236355374134007, 46.263467218253439 ], [ -108.236355168821987, 46.263485138442256 ], [ -108.236354962233122, 46.263503057716605 ], [ -108.236354756920846, 46.263520977905443 ], [ -108.236354550331697, 46.263538897179828 ], [ -108.236354345040084, 46.263556816468736 ], [ -108.236354138429746, 46.263574736643122 ], [ -108.236353934435485, 46.263592655946582 ], [ -108.236353729101566, 46.263610577035514 ], [ -108.23635352253271, 46.263628495409961 ], [ -108.236353317198535, 46.263646416498922 ], [ -108.236353110608448, 46.26366433577342 ], [ -108.236352905294936, 46.263682255962408 ], [ -108.236352698704579, 46.26370017523692 ], [ -108.236352493432662, 46.263718093625982 ], [ -108.23635228680017, 46.263736014700505 ], [ -108.23635208150705, 46.263753933989591 ], [ -108.236351877490506, 46.26377185419318 ], [ -108.236351672197117, 46.263789773482294 ], [ -108.236351465585017, 46.263807693656879 ], [ -108.236351260291343, 46.263825612946015 ], [ -108.236351053678973, 46.263843533120642 ], [ -108.236350848385044, 46.263861452409827 ], [ -108.236345302867292, 46.263861479474912 ], [ -108.236344269812903, 46.263861474216135 ], [ -108.236318931065313, 46.26386147243003 ], [ -108.236293593636304, 46.263861469752769 ], [ -108.236268256186449, 46.263861467969832 ], [ -108.236242917459791, 46.263861465266658 ], [ -108.236217578754079, 46.263861461657854 ], [ -108.236192241304224, 46.263861459857857 ], [ -108.23616690257758, 46.263861457137658 ], [ -108.236141565127639, 46.263861455326271 ], [ -108.236116226401094, 46.263861452594689 ], [ -108.236090887653504, 46.263861450757425 ], [ -108.236065550224524, 46.263861448029012 ], [ -108.236040212774583, 46.263861446194902 ], [ -108.236014874048038, 46.263861443440575 ], [ -108.235989535300476, 46.263861441580573 ], [ -108.235964197892429, 46.263861437929407 ], [ -108.235938859165898, 46.263861435158034 ], [ -108.235913521715986, 46.263861433295489 ], [ -108.235888182989356, 46.263861430512748 ], [ -108.235862844262826, 46.263861427724351 ], [ -108.23583702529011, 46.263861424955223 ], [ -108.23581120633844, 46.263861421280211 ], [ -108.235785387344791, 46.263861419399277 ], [ -108.235759568393021, 46.263861415712455 ], [ -108.235733748143716, 46.263861412005213 ], [ -108.235707929192046, 46.263861408306596 ], [ -108.235682110198411, 46.263861406402043 ], [ -108.235656291246741, 46.263861402691639 ], [ -108.235630472295, 46.263861398975308 ], [ -108.235604652045708, 46.263861395238557 ], [ -108.235578833052074, 46.263861393310393 ], [ -108.235553014100432, 46.263861389576341 ], [ -108.235527195148705, 46.263861385836421 ], [ -108.235501374878481, 46.263861382976025 ], [ -108.23547555592674, 46.263861379224274 ], [ -108.235449736933219, 46.263861377266615 ], [ -108.235423917981493, 46.26386137350304 ], [ -108.235398099029865, 46.263861369733597 ], [ -108.235372278780517, 46.263861365943704 ], [ -108.235346459786996, 46.263861363962427 ], [ -108.235320640835283, 46.263861360175255 ], [ -108.235294821883684, 46.263861356382201 ], [ -108.235269002931986, 46.263861352583255 ], [ -108.235243181343179, 46.263861350549263 ], [ -108.235217362391595, 46.263861346738508 ], [ -108.235191542142246, 46.26386134290729 ], [ -108.2351657231697, 46.263861339984722 ], [ -108.235139904218016, 46.263861336156246 ], [ -108.235114085224524, 46.263861334121827 ], [ -108.235088266272854, 46.263861330281536 ], [ -108.235062446023633, 46.263861326420816 ], [ -108.235036627071963, 46.263861322568715 ], [ -108.235010808078471, 46.263861320510685 ], [ -108.234984989126815, 46.263861316646789 ], [ -108.234959168877609, 46.263861312762472 ], [ -108.234933349925953, 46.263861308886725 ], [ -108.234907530932475, 46.263861306805119 ], [ -108.234881711980833, 46.263861302917576 ], [ -108.234855893029277, 46.26386129902415 ], [ -108.234830072759024, 46.263861296010319 ], [ -108.234804253807482, 46.263861292105098 ], [ -108.234778434813933, 46.263861289993933 ], [ -108.234752615862391, 46.263861286076924 ], [ -108.234726796910763, 46.263861282153989 ], [ -108.2347009766616, 46.263861278210619 ], [ -108.23467515766805, 46.263861276075858 ], [ -108.234649338716522, 46.26386127213523 ], [ -108.234623519764909, 46.263861268188684 ], [ -108.23459769951576, 46.263861264221703 ], [ -108.234571880564147, 46.263861260263369 ], [ -108.234546061570711, 46.263861258099091 ], [ -108.234520242619112, 46.26386125412894 ], [ -108.234494423646652, 46.263861251052852 ], [ -108.234468603397502, 46.263861247056354 ], [ -108.234442784424957, 46.263861243968499 ], [ -108.234416965452397, 46.263861240874697 ], [ -108.234391146500911, 46.26386123687503 ], [ -108.234365327549327, 46.263861232869466 ], [ -108.234339507258255, 46.263861230643421 ], [ -108.234313688306798, 46.263861226626055 ], [ -108.234287869355228, 46.26386122260277 ], [ -108.234262050403672, 46.263861218573616 ], [ -108.234236230154565, 46.263861214523985 ], [ -108.234210411161143, 46.263861212282961 ], [ -108.234184592209601, 46.263861208236086 ], [ -108.234158773237169, 46.263861205083238 ], [ -108.234132954285627, 46.263861201024561 ], [ -108.234107134015559, 46.263861197845415 ], [ -108.234081315043056, 46.263861194674895 ], [ -108.234055496091614, 46.263861190598483 ], [ -108.234029674544885, 46.263861186487098 ], [ -108.234003855551407, 46.263861184198838 ], [ -108.233978036599893, 46.263861180104747 ], [ -108.233952217648465, 46.263861176004745 ], [ -108.233926397399401, 46.263861171884265 ], [ -108.233900578447887, 46.263861167772447 ], [ -108.233874759454523, 46.263861165454692 ], [ -108.233848940503023, 46.263861161331064 ], [ -108.233823120232984, 46.263861158086996 ], [ -108.233797301281484, 46.263861153951567 ], [ -108.233771482309123, 46.263861150710206 ], [ -108.233745663336649, 46.263861147462961 ], [ -108.233719844385249, 46.263861143309818 ], [ -108.233694024136128, 46.263861139136239 ], [ -108.233668205142791, 46.263861136771254 ], [ -108.233642386191306, 46.263861132600418 ], [ -108.23361656723992, 46.263861128423628 ], [ -108.233590748288464, 46.263861124240975 ], [ -108.233564928039456, 46.263861120037859 ], [ -108.233539109046021, 46.263861117643366 ], [ -108.233513290094663, 46.263861113443014 ], [ -108.233487471122231, 46.263861110136752 ], [ -108.233461652170874, 46.263861105924576 ], [ -108.233435831900792, 46.26386110259191 ], [ -108.233410012928474, 46.263861099267956 ], [ -108.233384193977031, 46.263861095038074 ], [ -108.233358375025702, 46.263861090802301 ], [ -108.233332554734645, 46.263861088346026 ], [ -108.233306735783316, 46.263861084098444 ], [ -108.233280916831887, 46.263861079844951 ], [ -108.233255097880573, 46.263861075585559 ], [ -108.233229278929159, 46.263861071320264 ], [ -108.233203458638215, 46.263861068834487 ], [ -108.233177639686815, 46.263861064557389 ], [ -108.233151820714511, 46.263861061174346 ], [ -108.233126001763111, 46.263861056885439 ], [ -108.233100182790835, 46.263861053490636 ], [ -108.233074362520796, 46.263861050075334 ], [ -108.23304854356951, 46.263861045768721 ], [ -108.233022724618124, 46.263861041456217 ], [ -108.232996905624859, 46.263861038937769 ], [ -108.232971085375937, 46.263861034598882 ], [ -108.232945266424565, 46.26386103026865 ], [ -108.232919447473193, 46.263861025932513 ], [ -108.232893628521921, 46.263861021590493 ], [ -108.232867809528571, 46.26386101904253 ], [ -108.232841987982027, 46.263861014659561 ], [ -108.23281616903077, 46.263861010299841 ], [ -108.232790348760787, 46.263861006819596 ], [ -108.23276452978854, 46.263861003348048 ], [ -108.232738710816193, 46.263860999870566 ], [ -108.232712891864963, 46.263860995487221 ], [ -108.23268707291362, 46.263860991097971 ], [ -108.232661252622748, 46.263860988488211 ], [ -108.232635433671433, 46.263860984087138 ], [ -108.232609614720204, 46.263860979680175 ], [ -108.232583795768889, 46.26386097526732 ], [ -108.232557975520024, 46.263860970833989 ], [ -108.232532156526815, 46.263860968209286 ], [ -108.232506337575515, 46.263860963778711 ], [ -108.2324805186242, 46.263860959342232 ], [ -108.232454699651996, 46.263860955799849 ], [ -108.232428879382155, 46.263860952236968 ], [ -108.232403060409865, 46.26386094868279 ], [ -108.232377241458678, 46.263860944222664 ], [ -108.232351422507392, 46.263860939756675 ], [ -108.232325603514113, 46.263860937084772 ], [ -108.23229978326529, 46.263860932592372 ], [ -108.232273964314118, 46.26386092810867 ], [ -108.232248145362846, 46.263860923619077 ], [ -108.232222326411687, 46.263860919123573 ], [ -108.232196506120772, 46.263860916407559 ], [ -108.232170687169614, 46.263860911900245 ], [ -108.23214486821837, 46.263860907387034 ], [ -108.232119049246208, 46.263860903767927 ], [ -108.232093230273975, 46.263860900142859 ], [ -108.232067410004177, 46.263860896497377 ], [ -108.232041591052933, 46.26386089196054 ], [ -108.232015772101803, 46.263860887417813 ], [ -108.231989953150588, 46.263860882869182 ], [ -108.231964134157437, 46.263860880114635 ], [ -108.231938313908572, 46.263860875539606 ], [ -108.231912494957456, 46.263860870973275 ], [ -108.231886676006255, 46.263860866401032 ], [ -108.231860857013132, 46.263860863622853 ], [ -108.231835038061931, 46.2638608590388 ], [ -108.231809217813179, 46.26386085443427 ], [ -108.231783398840975, 46.263860850738382 ], [ -108.231757579868869, 46.263860847036639 ], [ -108.231731760896679, 46.263860843328942 ], [ -108.231705940647956, 46.263860838700808 ], [ -108.231680121696769, 46.263860834081328 ], [ -108.231654302745696, 46.263860829455957 ], [ -108.231628481157315, 46.263860826595504 ], [ -108.231602662206143, 46.263860821958332 ], [ -108.231576843255084, 46.263860817315269 ], [ -108.231551024303926, 46.263860812666273 ], [ -108.231525204013209, 46.263860809796782 ], [ -108.231499385062051, 46.263860805136005 ], [ -108.231473566111006, 46.26386080046931 ], [ -108.231447747138859, 46.263860796696669 ], [ -108.231421928166796, 46.263860792918166 ], [ -108.231396107897012, 46.263860789119185 ], [ -108.231370288945982, 46.263860784428879 ], [ -108.231344469994866, 46.263860779732667 ], [ -108.231318651043836, 46.263860775030565 ], [ -108.231292830753048, 46.26386077210794 ], [ -108.231267011802032, 46.263860767394029 ], [ -108.231241192850931, 46.263860762674213 ], [ -108.231215373899929, 46.263860757948486 ], [ -108.231189554906791, 46.263860755016836 ], [ -108.231163734658153, 46.263860750264726 ], [ -108.231137915707066, 46.263860745521306 ], [ -108.231112096735046, 46.263860741671955 ], [ -108.231086277762941, 46.263860737816714 ], [ -108.231060458811982, 46.26386073305558 ], [ -108.231034638542326, 46.263860729173928 ], [ -108.23102817734275, 46.263860726783363 ], [ -108.231002245435576, 46.263860723440253 ], [ -108.230976312230737, 46.263860720076565 ], [ -108.230950381600195, 46.263860717636085 ], [ -108.23092444839547, 46.263860714260517 ], [ -108.230898515190646, 46.263860710878987 ], [ -108.230872583304503, 46.26386070660611 ], [ -108.230846651397442, 46.26386070322723 ], [ -108.23082071946925, 46.263860700742384 ], [ -108.230794786264454, 46.263860697337051 ], [ -108.230768853059743, 46.263860693925714 ], [ -108.230742921131565, 46.263860691423062 ], [ -108.230716989224419, 46.263860688014404 ], [ -108.230691057317273, 46.263860684599827 ], [ -108.230665124112576, 46.263860681164687 ], [ -108.230639190886777, 46.263860678623608 ], [ -108.230613260277281, 46.263860675205734 ], [ -108.23058732709363, 46.26386067085275 ], [ -108.230561395186498, 46.263860667408395 ], [ -108.230535461981731, 46.263860663943468 ], [ -108.230509528756031, 46.263860661372597 ], [ -108.230483598146549, 46.26386065792498 ], [ -108.230457664941795, 46.263860654442219 ], [ -108.230431733013745, 46.263860651868058 ], [ -108.230405799808992, 46.263860648373367 ], [ -108.230379869199524, 46.263860644901932 ], [ -108.230353935973838, 46.263860642295327 ], [ -108.230328002811163, 46.263860636982812 ], [ -108.230302070883027, 46.263860634378879 ], [ -108.230276138975938, 46.263860630869011 ], [ -108.230250207068948, 46.263860627353203 ], [ -108.230224273864209, 46.263860623816853 ], [ -108.230198340638538, 46.263860621174516 ], [ -108.230172408731477, 46.263860617640823 ], [ -108.230146476824387, 46.263860614101205 ], [ -108.23012054489628, 46.263860611455591 ], [ -108.230094611691655, 46.26386060788947 ], [ -108.230068678486958, 46.263860604317344 ], [ -108.230042747898565, 46.263860599868494 ], [ -108.230016814693968, 46.263860596284523 ], [ -108.229990882765861, 46.263860593609124 ], [ -108.229964949561165, 46.263860590013238 ], [ -108.229939016356568, 46.263860586411326 ], [ -108.229913085726125, 46.263860583732679 ], [ -108.229887152521428, 46.263860580118923 ], [ -108.229861220614396, 46.263860576513764 ], [ -108.229835287409813, 46.263860572888085 ], [ -108.22980935677937, 46.263860570185614 ], [ -108.229783423574702, 46.26386056654804 ], [ -108.229757490391179, 46.263860562004503 ], [ -108.229731558484161, 46.263860558369565 ], [ -108.229705625279578, 46.263860554714114 ], [ -108.229679694649164, 46.263860551981871 ], [ -108.22965376144451, 46.263860548314511 ], [ -108.229627828239856, 46.263860544641169 ], [ -108.229601896311891, 46.263860541876454 ], [ -108.229575965702537, 46.263860538220435 ], [ -108.229550032497897, 46.263860534529258 ], [ -108.229524099293357, 46.26386053083209 ], [ -108.229498166067671, 46.263860528028964 ], [ -108.229472234181728, 46.263860523434516 ], [ -108.229446303572388, 46.263860519748718 ], [ -108.229420370367862, 46.263860516027769 ], [ -108.229394437163236, 46.263860512300816 ], [ -108.229368503937664, 46.263860509467932 ], [ -108.229342573328324, 46.263860505758316 ], [ -108.229316641421377, 46.26386050202813 ], [ -108.229290708195705, 46.263860499177383 ], [ -108.229264774991194, 46.263860495420666 ], [ -108.229238841786596, 46.263860491658029 ], [ -108.229212911156239, 46.263860488818608 ], [ -108.229186979291384, 46.263860483258654 ], [ -108.22916104606584, 46.263860480378163 ], [ -108.229135112861258, 46.26386047659166 ], [ -108.229109182251946, 46.263860472828455 ], [ -108.229083249047477, 46.263860469030064 ], [ -108.229057317119498, 46.263860466140343 ], [ -108.229031383915, 46.263860462330022 ], [ -108.229005453305732, 46.263860458543014 ], [ -108.228979520080102, 46.263860455620772 ], [ -108.228953586875534, 46.263860451792588 ], [ -108.228927654989789, 46.263860447073142 ], [ -108.228901721785221, 46.263860443233057 ], [ -108.228875791175966, 46.263860439416263 ], [ -108.228849857950451, 46.263860436464277 ], [ -108.22882392474591, 46.263860432606315 ], [ -108.228797992839006, 46.263860428757049 ], [ -108.228772060911055, 46.263860425801788 ], [ -108.228746129004264, 46.263860421940628 ], [ -108.228720195799724, 46.26386041805884 ], [ -108.228694262595312, 46.263860414171155 ], [ -108.228668330667361, 46.263860411192084 ], [ -108.228642398802606, 46.263860405507131 ], [ -108.228616466874669, 46.263860402516144 ], [ -108.228590533670271, 46.263860398604599 ], [ -108.228564600465759, 46.263860394687121 ], [ -108.228538669835473, 46.263860391692887 ], [ -108.228512736631075, 46.263860387763508 ], [ -108.228486804724213, 46.263860383842747 ], [ -108.228460871498669, 46.263860380801439 ], [ -108.228434938294271, 46.26386037685419 ], [ -108.228409007685059, 46.263860372930218 ], [ -108.228383074480575, 46.263860368971031 ], [ -108.228357142594817, 46.263860364120532 ], [ -108.228331209369372, 46.263860361049424 ], [ -108.228305278760189, 46.263860357101635 ], [ -108.22827934555572, 46.263860353118638 ], [ -108.22825341235135, 46.263860349129715 ], [ -108.22822748042347, 46.263860346049427 ], [ -108.228201547219115, 46.263860342048581 ], [ -108.228175616609946, 46.263860338070977 ], [ -108.228149683384416, 46.263860334958238 ], [ -108.228123750179989, 46.263860330939494 ], [ -108.228097818273284, 46.263860326929461 ], [ -108.228071887685189, 46.263860322028066 ], [ -108.228045954480777, 46.263860317991472 ], [ -108.228020021255361, 46.263860314848912 ], [ -108.227994088050934, 46.263860310800439 ], [ -108.227968156144158, 46.263860306760613 ], [ -108.227942225535031, 46.263860302729441 ], [ -108.227916292309629, 46.263860299563049 ], [ -108.227890359105217, 46.263860295490765 ], [ -108.227864425900918, 46.263860291412506 ], [ -108.227838495270717, 46.263860288257497 ], [ -108.227812563363969, 46.263860284181909 ], [ -108.227786630180645, 46.263860279185806 ], [ -108.227760696976361, 46.263860275083729 ], [ -108.227734765069613, 46.263860270990335 ], [ -108.22770883314179, 46.263860267790939 ], [ -108.227682901235042, 46.263860263685594 ], [ -108.227656968030772, 46.263860259559685 ], [ -108.227631034805327, 46.26386025632781 ], [ -108.227605104196243, 46.263860252219253 ], [ -108.227579170991973, 46.26386024807546 ], [ -108.227553239085253, 46.263860243940364 ], [ -108.227527305902072, 46.263860238884689 ], [ -108.227501375271927, 46.263860235652288 ], [ -108.227475442067572, 46.26386023148472 ], [ -108.227449508863245, 46.263860227311142 ], [ -108.227423576956639, 46.263860223146281 ], [ -108.227397643731209, 46.263860219860803 ], [ -108.227371713122167, 46.263860215698628 ], [ -108.227345779917925, 46.263860211501274 ], [ -108.227319846692524, 46.263860208197933 ], [ -108.227293914785832, 46.263860204003286 ], [ -108.227267982879255, 46.263860199802679 ], [ -108.227242050993695, 46.263860194696122 ], [ -108.227216117789368, 46.263860190468989 ], [ -108.22719018456408, 46.263860187135883 ], [ -108.227164252657417, 46.263860182911465 ], [ -108.227138322048404, 46.263860178695708 ], [ -108.227112388844105, 46.263860174444744 ], [ -108.227086455618831, 46.263860171087813 ], [ -108.227060522414547, 46.263860166824955 ], [ -108.227034591805548, 46.263860162585374 ], [ -108.227008659877825, 46.263860159225189 ], [ -108.226982726673654, 46.263860154944489 ], [ -108.226956793490473, 46.263860149757797 ], [ -108.226930860286316, 46.263860145465166 ], [ -108.226904929677318, 46.263860141195813 ], [ -108.226878997749623, 46.263860137805864 ], [ -108.226853064545466, 46.263860133495363 ], [ -108.226827131341224, 46.263860129178916 ], [ -108.226801200711165, 46.263860125785733 ], [ -108.226775267506923, 46.263860121457341 ], [ -108.226749335600417, 46.263860117137668 ], [ -108.226723402396189, 46.263860112797339 ], [ -108.226697469170972, 46.263860109351121 ], [ -108.226671538604222, 46.263860103228204 ], [ -108.226645605378906, 46.263860099770042 ], [ -108.226619673472328, 46.263860095420576 ], [ -108.226593740268214, 46.26386009105051 ], [ -108.226567809638198, 46.26386008760376 ], [ -108.226541876433984, 46.263860083221786 ], [ -108.226515943229884, 46.263860078833858 ], [ -108.226490011302232, 46.263860075354586 ], [ -108.226464078098033, 46.263860070954735 ], [ -108.226438147489134, 46.263860066578232 ], [ -108.226412214285048, 46.263860062166508 ], [ -108.226386281101966, 46.263860056848827 ], [ -108.226360349174342, 46.263860053339776 ], [ -108.226334417267907, 46.263860048924776 ], [ -108.226308485361372, 46.263860044503865 ], [ -108.226282552157215, 46.263860040062362 ], [ -108.226256618932055, 46.263860036514863 ], [ -108.226230688323184, 46.263860032090697 ], [ -108.226204755119042, 46.263860027631317 ], [ -108.226178823191518, 46.2638600240806 ], [ -108.226152889987375, 46.263860019609318 ], [ -108.22612695680435, 46.263860014232101 ], [ -108.226101026195494, 46.263860009778135 ], [ -108.226075092991465, 46.263860005288983 ], [ -108.22604916106387, 46.263860001708508 ], [ -108.226023227859855, 46.26385999720744 ], [ -108.225997297251027, 46.263859992729678 ], [ -108.225971364046913, 46.263859988216716 ], [ -108.225945430821696, 46.263859984597765 ], [ -108.225919498915331, 46.263859980087524 ], [ -108.225893565711232, 46.263859975556663 ], [ -108.2258676350813, 46.263859971949117 ], [ -108.225841701919535, 46.263859965606414 ], [ -108.225815768694346, 46.263859961957671 ], [ -108.225789836787897, 46.263859957417679 ], [ -108.225763906179111, 46.263859952886314 ], [ -108.225737972954022, 46.263859949219729 ], [ -108.225712039749951, 46.263859944647209 ], [ -108.225705503542088, 46.263859930303006 ], [ -108.225679570317013, 46.263859926622999 ], [ -108.225653639666021, 46.263859923866328 ], [ -108.225627707717379, 46.263859921089015 ], [ -108.225601774471187, 46.263859918291146 ], [ -108.22557584386243, 46.263859913716644 ], [ -108.225549910616166, 46.263859910906831 ], [ -108.225523977369903, 46.263859908091092 ], [ -108.225498046718926, 46.263859905298688 ], [ -108.225472113472762, 46.263859902470998 ], [ -108.225446181524134, 46.263859899652047 ], [ -108.225420250873157, 46.263859896841787 ], [ -108.225394317648139, 46.263859893096281 ], [ -108.225368386997161, 46.263859890274119 ], [ -108.225342453750912, 46.26385988741665 ], [ -108.225316520547011, 46.263859882753316 ], [ -108.225290589896048, 46.263859879913248 ], [ -108.225264656649813, 46.263859877037973 ], [ -108.225238724701214, 46.263859874171374 ], [ -108.225212794050265, 46.263859871313478 ], [ -108.225186860804129, 46.263859868420298 ], [ -108.225160927557909, 46.263859865521177 ], [ -108.225134996928077, 46.263859861745424 ], [ -108.225109063681955, 46.263859858834422 ], [ -108.225083131733385, 46.263859855932054 ], [ -108.225057199827063, 46.26385985122382 ], [ -108.225031267878478, 46.263859848309586 ], [ -108.225005334569005, 46.263859848074695 ], [ -108.22497940391807, 46.263859845163196 ], [ -108.224953470671863, 46.263859842216419 ], [ -108.224927538723307, 46.263859839278375 ], [ -108.22490160677485, 46.263859836334369 ], [ -108.224875674847425, 46.263859832484414 ], [ -108.224849741601219, 46.263859829513848 ], [ -108.224823810950312, 46.263859826566609 ], [ -108.224797877746482, 46.263859821784173 ], [ -108.22477194579794, 46.263859818810396 ], [ -108.224746013849398, 46.263859815830621 ], [ -108.224720081900855, 46.263859812844942 ], [ -108.224694149952427, 46.263859809853315 ], [ -108.224668218003885, 46.263859806855677 ], [ -108.224642284757721, 46.263859803837484 ], [ -108.224616354106828, 46.263859800842638 ], [ -108.22459042088191, 46.26385979691252 ], [ -108.224564488954513, 46.26385979299112 ], [ -108.224538557005999, 46.263859789963732 ], [ -108.224512625078717, 46.263859786030423 ], [ -108.224486691832567, 46.263859782976454 ], [ -108.224460761181689, 46.263859779945875 ], [ -108.224434827935553, 46.263859776880025 ], [ -108.224408894689503, 46.2638597738082 ], [ -108.224382964038654, 46.263859770759773 ], [ -108.224357032090154, 46.263859767690718 ], [ -108.22433109886525, 46.263859763701049 ], [ -108.224305168235546, 46.26385975973475 ], [ -108.22427923498941, 46.263859756633195 ], [ -108.224253301743389, 46.263859753525615 ], [ -108.224227371113699, 46.263859749541503 ], [ -108.224201437867563, 46.263859746422021 ], [ -108.224175505919092, 46.263859743311301 ], [ -108.224149573970621, 46.263859740194604 ], [ -108.224123642022249, 46.263859737071932 ], [ -108.224097708776156, 46.26385973392869 ], [ -108.224071778125321, 46.26385973080879 ], [ -108.224045844921605, 46.263859725853628 ], [ -108.224019914270798, 46.263859722721833 ], [ -108.223993981024705, 46.263859719554752 ], [ -108.223968049097394, 46.263859715496373 ], [ -108.223942117148951, 46.263859712332021 ], [ -108.223916185200608, 46.26385970916175 ], [ -108.223890251954515, 46.263859705970859 ], [ -108.223864321303722, 46.263859702803323 ], [ -108.223838388057757, 46.263859699600481 ], [ -108.223812456109329, 46.263859696406371 ], [ -108.223786524203192, 46.263859691406331 ], [ -108.223760592254763, 46.263859688200334 ], [ -108.223734659008798, 46.263859684973703 ], [ -108.223708728358019, 46.263859681770462 ], [ -108.223682795133115, 46.26385967763192 ], [ -108.223656861887164, 46.26385967438739 ], [ -108.2236309312364, 46.263859671166273 ], [ -108.223604999287986, 46.26385966792455 ], [ -108.22357906604195, 46.263859664662156 ], [ -108.223553135433491, 46.263859659623222 ], [ -108.223527202187555, 46.263859656348956 ], [ -108.223501268941519, 46.263859653068707 ], [ -108.223475338290783, 46.263859649811849 ], [ -108.223449405044846, 46.263859646519734 ], [ -108.22342347311762, 46.263859642336314 ], [ -108.223397542466884, 46.263859639061614 ], [ -108.223371609220862, 46.263859635751587 ], [ -108.223345678570126, 46.263859632464971 ], [ -108.223319745324218, 46.263859629143063 ], [ -108.223293812120517, 46.263859624015197 ], [ -108.223267881469795, 46.26385962071074 ], [ -108.223241948223901, 46.263859617370962 ], [ -108.223216016275543, 46.263859614039895 ], [ -108.223190085624836, 46.263859610717546 ], [ -108.223164152378843, 46.263859607359919 ], [ -108.223138219154109, 46.263859603096328 ], [ -108.223112288503415, 46.263859599756096 ], [ -108.223086355257422, 46.263859596380584 ], [ -108.223060423309192, 46.263859593013805 ], [ -108.223034491403183, 46.263859587841075 ], [ -108.22300855945484, 46.263859584462374 ], [ -108.222982626208974, 46.263859581063066 ], [ -108.222956695558295, 46.263859577687121 ], [ -108.22293076231233, 46.263859574275877 ], [ -108.22290482906638, 46.263859570858685 ], [ -108.222878898415715, 46.263859567464877 ], [ -108.222852966488659, 46.263859563150497 ], [ -108.222827033242723, 46.263859559715407 ], [ -108.222801102592058, 46.263859556303764 ], [ -108.222775169388541, 46.263859551056825 ], [ -108.222749236142604, 46.263859547603886 ], [ -108.222723305491954, 46.263859544174373 ], [ -108.222697372246117, 46.263859540709561 ], [ -108.22267144159548, 46.26385953726809 ], [ -108.222645509647194, 46.263859533806034 ], [ -108.222619576401272, 46.263859530323344 ], [ -108.222593645771809, 46.263859525964065 ], [ -108.222567712525986, 46.263859522469424 ], [ -108.222541779280093, 46.263859518968879 ], [ -108.22251584867179, 46.263859513691749 ], [ -108.222489915425982, 46.263859510179266 ], [ -108.222463983477724, 46.263859506675537 ], [ -108.22243805282713, 46.26385950318052 ], [ -108.222412119581236, 46.263859499650195 ], [ -108.222386186335441, 46.263859496113881 ], [ -108.222360255684833, 46.263859492600993 ], [ -108.222334322438968, 46.263859489052805 ], [ -108.222308390511884, 46.263859484613342 ], [ -108.222282458584914, 46.26385948016793 ], [ -108.222256526636684, 46.263859476616538 ], [ -108.222230593412007, 46.263859472144532 ], [ -108.222204662761428, 46.263859468595896 ], [ -108.222178729515662, 46.263859465011983 ], [ -108.222152796269796, 46.263859461422086 ], [ -108.222126865619231, 46.263859457855609 ], [ -108.22210093367103, 46.263859454268513 ], [ -108.222075000425278, 46.263859450660767 ], [ -108.222049069795901, 46.263859446176426 ], [ -108.222023136571238, 46.263859441656784 ], [ -108.221997205920687, 46.26385943806055 ], [ -108.221971272696123, 46.263859433528992 ], [ -108.221945339450286, 46.263859429891475 ], [ -108.221919408799749, 46.263859426277328 ], [ -108.221893476851676, 46.263859422642597 ], [ -108.221867543605853, 46.263859418987209 ], [ -108.221841612955316, 46.263859415355221 ], [ -108.221815679709508, 46.263859411687932 ], [ -108.221789746463799, 46.263859408014689 ], [ -108.221763815855638, 46.263859402564854 ], [ -108.22173788260983, 46.26385939887971 ], [ -108.221711950661785, 46.263859395203276 ], [ -108.22168602003245, 46.263859390635595 ], [ -108.22166008678667, 46.263859386932545 ], [ -108.22163415354089, 46.263859383223568 ], [ -108.221608222890396, 46.263859379538026 ], [ -108.221582289644715, 46.263859375817098 ], [ -108.221556357696571, 46.263859372104946 ], [ -108.221530425748441, 46.263859368386839 ], [ -108.221504493842787, 46.263859362862782 ], [ -108.221478560597021, 46.263859359118072 ], [ -108.221452629946555, 46.263859355396797 ], [ -108.221426696700902, 46.263859351640157 ], [ -108.221400763476325, 46.263859346977611 ], [ -108.221374832825859, 46.263859343238444 ], [ -108.221348900877757, 46.26385933947865 ], [ -108.221322968929655, 46.263859335712908 ], [ -108.221297036981653, 46.263859331941184 ], [ -108.221271103778307, 46.263859326348872 ], [ -108.221245173127855, 46.263859322579947 ], [ -108.221219239882231, 46.263859318775673 ], [ -108.221193306636508, 46.263859314965458 ], [ -108.22116737598607, 46.263859311178685 ], [ -108.221141444059185, 46.263859306471261 ], [ -108.22111551081359, 46.263859302643155 ], [ -108.221089580163152, 46.263859298838518 ], [ -108.221063646917457, 46.263859294998532 ], [ -108.221037713671862, 46.263859291152599 ], [ -108.22101178306383, 46.26385928553011 ], [ -108.220985849818135, 46.263859281672246 ], [ -108.22095991787009, 46.263859277823101 ], [ -108.220933987219695, 46.263859273982746 ], [ -108.2209080539741, 46.263859270107027 ], [ -108.220882120728433, 46.26385926622536 ], [ -108.220856190099227, 46.263859261467132 ], [ -108.220830256853674, 46.263859257573522 ], [ -108.220804324905643, 46.263859253688686 ], [ -108.220778392957627, 46.263859249797896 ], [ -108.220752461051987, 46.26385924410117 ], [ -108.220726527806434, 46.26385924018377 ], [ -108.220700597156082, 46.263859236289811 ], [ -108.220674663910444, 46.263859232360474 ], [ -108.220648733260077, 46.263859228454606 ], [ -108.220622800014539, 46.263859224513396 ], [ -108.220596868087753, 46.263859219680917 ], [ -108.220570936139765, 46.263859215742492 ], [ -108.220545004191777, 46.263859211798078 ], [ -108.220519070946239, 46.263859207833029 ], [ -108.220493140338306, 46.263859202091474 ], [ -108.220467207092696, 46.263859198114496 ], [ -108.220441273847186, 46.263859194131598 ], [ -108.220415343196862, 46.263859190172148 ], [ -108.220389411248902, 46.263859186191993 ], [ -108.220382954578895, 46.263859156236997 ], [ -108.220357021290994, 46.263859154034719 ], [ -108.22033108802421, 46.263859150926478 ], [ -108.220305157331509, 46.263859148741695 ], [ -108.220279224064839, 46.263859145621524 ], [ -108.220253292095705, 46.263859142510164 ], [ -108.220227358807733, 46.263859140278072 ], [ -108.220201428136249, 46.263859137169504 ], [ -108.220175494848377, 46.263859134925497 ], [ -108.220149561581607, 46.263859131775597 ], [ -108.220123629612587, 46.263859128634422 ], [ -108.220097697622265, 46.26385912638731 ], [ -108.22007176561074, 46.263859125034188 ], [ -108.220045832343999, 46.263859121860435 ], [ -108.220019899056126, 46.263859119580729 ], [ -108.219993968384671, 46.263859116424499 ], [ -108.219968035096727, 46.263859114132892 ], [ -108.219942103127721, 46.263859110950023 ], [ -108.21991616986098, 46.263859107746505 ], [ -108.219890239168322, 46.263859105466437 ], [ -108.21986430590168, 46.263859102251018 ], [ -108.219838372613737, 46.263859099929626 ], [ -108.21981244064466, 46.263859096716992 ], [ -108.219786507356815, 46.263859094383697 ], [ -108.219760576685388, 46.263859091173863 ], [ -108.219734643418676, 46.263859087928701 ], [ -108.219708710130845, 46.263859085577501 ], [ -108.219682778161769, 46.263859082335131 ], [ -108.219656847469125, 46.263859080001446 ], [ -108.219630914202426, 46.263859076732459 ], [ -108.21960498091461, 46.263859074357434 ], [ -108.219579047647898, 46.263859071076546 ], [ -108.219553116976485, 46.263859067819084 ], [ -108.219527184986219, 46.263859065440933 ], [ -108.219501251719635, 46.263859062142153 ], [ -108.219475318410517, 46.263859060637344 ], [ -108.219449387717887, 46.263859058256067 ], [ -108.219423454451317, 46.263859054939402 ], [ -108.219397522461051, 46.26385905253148 ], [ -108.219371589194381, 46.263859049202921 ], [ -108.219345658522982, 46.26385904589781 ], [ -108.219319725235181, 46.26385904345733 ], [ -108.219293791968525, 46.263859040110901 ], [ -108.219267859978373, 46.263859037673193 ], [ -108.219241929307003, 46.263859034344328 ], [ -108.219215996019116, 46.263859031879988 ], [ -108.21919006275256, 46.263859028509771 ], [ -108.219164129485904, 46.263859025133549 ], [ -108.219138197495681, 46.263859022666082 ], [ -108.219112266824311, 46.263859019307397 ], [ -108.219086333536552, 46.263859016813321 ], [ -108.219060400269896, 46.263859013413288 ], [ -108.219034466982137, 46.263859010907289 ], [ -108.219008536310781, 46.263859007524793 ], [ -108.21898260434179, 46.263859004121599 ], [ -108.218956671053945, 46.263859001597744 ], [ -108.218930737787417, 46.263858998167926 ], [ -108.218904807073628, 46.263858996561567 ], [ -108.218878873785769, 46.263858994019841 ], [ -108.218852941816806, 46.26385899058689 ], [ -108.218827008550292, 46.26385898713329 ], [ -108.218801077857734, 46.263858984603118 ], [ -108.21877514459112, 46.263858981137616 ], [ -108.21874921130339, 46.263858978566077 ], [ -108.218723279334426, 46.263858975103396 ], [ -108.218697347344246, 46.263858972534678 ], [ -108.218671415375283, 46.26385896906006 ], [ -108.218645482108798, 46.263858965564751 ], [ -108.218619548820982, 46.263858962963475 ], [ -108.218593616852132, 46.26385895947098 ], [ -108.218567684861966, 46.263858956872518 ], [ -108.218541752893017, 46.263858953368107 ], [ -108.218515819605301, 46.263858950743021 ], [ -108.218489886338745, 46.263858947211972 ], [ -108.218463955667445, 46.263858943704413 ], [ -108.218438022379644, 46.263858941061471 ], [ -108.218412090410837, 46.263858937527289 ], [ -108.218386157123035, 46.263858934872417 ], [ -108.21836022645175, 46.263858931341041 ], [ -108.218334293164062, 46.263858928674274 ], [ -108.218308359855044, 46.263858926901506 ], [ -108.218282427886137, 46.263858923337537 ], [ -108.218256497214881, 46.2638589197824 ], [ -108.218230563927207, 46.263858917091767 ], [ -108.218204630660651, 46.263858913495241 ], [ -108.218178697372977, 46.263858910792699 ], [ -108.218152766701735, 46.263858907213731 ], [ -108.218126834711612, 46.263858904513995 ], [ -108.218100901445084, 46.26385890089368 ], [ -108.218074968178655, 46.263858897267333 ], [ -108.218049037486196, 46.263858894564521 ], [ -108.218023104219668, 46.263858890926294 ], [ -108.217997172229559, 46.263858888196829 ], [ -108.217971238963145, 46.263858884546678 ], [ -108.2179453056754, 46.263858881790576 ], [ -108.217919375004186, 46.26385887815799 ], [ -108.217893441737786, 46.263858874489976 ], [ -108.217867509747691, 46.263858871730747 ], [ -108.217841576481291, 46.263858868050832 ], [ -108.217815645788846, 46.263858865294424 ], [ -108.217789712522361, 46.263858861602571 ], [ -108.217763779255876, 46.263858857904793 ], [ -108.21773784726588, 46.263858855115778 ], [ -108.217711916552204, 46.263858853235526 ], [ -108.217685983285733, 46.263858849519906 ], [ -108.217660049998116, 46.263858846698263 ], [ -108.217634116731645, 46.263858842970741 ], [ -108.217608186039229, 46.263858840166648 ], [ -108.217582254070393, 46.263858836441955 ], [ -108.21755632080405, 46.263858832696528 ], [ -108.217530387516348, 46.263858829845155 ], [ -108.217504456845163, 46.263858826117286 ], [ -108.217478523557588, 46.263858823253983 ], [ -108.217452591588781, 46.26385881949949 ], [ -108.217426658301093, 46.263858816624285 ], [ -108.21740072503475, 46.263858812843132 ], [ -108.217374794363607, 46.263858809085498 ], [ -108.217348861075919, 46.263858806192417 ], [ -108.217322929107141, 46.263858802408151 ], [ -108.217296995819567, 46.263858799503176 ], [ -108.217271065148424, 46.263858795721724 ], [ -108.21724513186075, 46.263858792804832 ], [ -108.217219198594435, 46.263858788981977 ], [ -108.217193266625671, 46.26385878516794 ], [ -108.217167334635647, 46.263858782247915 ], [ -108.217141402666996, 46.263858778421948 ], [ -108.217115469358077, 46.263858776375301 ], [ -108.217089536070446, 46.263858773422633 ], [ -108.217063605399318, 46.263858769593583 ], [ -108.217037672111786, 46.263858766629028 ], [ -108.217011740143036, 46.263858762773324 ], [ -108.216985806876764, 46.263858758896887 ], [ -108.216959876184404, 46.263858755943978 ], [ -108.216933942918018, 46.263858752055647 ], [ -108.216908009630401, 46.263858749061328 ], [ -108.216882077661779, 46.263858745175824 ], [ -108.216856146969434, 46.263858742199083 ], [ -108.216830213703062, 46.263858738286935 ], [ -108.216804280436818, 46.263858734368803 ], [ -108.216778347149202, 46.263858731344733 ], [ -108.216752415180494, 46.263858727429451 ], [ -108.216726484488177, 46.263858724422946 ], [ -108.216700551221919, 46.263858720481004 ], [ -108.216674617955576, 46.263858716533115 ], [ -108.216648684668087, 46.263858713479273 ], [ -108.216622753997044, 46.263858709548948 ], [ -108.216596822007091, 46.263858706497935 ], [ -108.216570888740762, 46.263858702526207 ], [ -108.216544955453273, 46.263858699448548 ], [ -108.216519024739711, 46.263858697294374 ], [ -108.216493091473396, 46.263858693304826 ], [ -108.21646715950483, 46.263858689324039 ], [ -108.216441226217256, 46.263858686222541 ], [ -108.216415295546227, 46.263858682244596 ], [ -108.216389362258667, 46.263858679131197 ], [ -108.216363428992466, 46.263858675111848 ], [ -108.216337497002556, 46.263858672001284 ], [ -108.216311566331541, 46.263858667999529 ], [ -108.216285633065354, 46.263858663962296 ], [ -108.216259699777808, 46.26385866081911 ], [ -108.216233766511536, 46.263858656769976 ], [ -108.216207834521725, 46.263858653629661 ], [ -108.216181903850739, 46.26385864959812 ], [ -108.216155970563207, 46.263858646431117 ], [ -108.216130037297035, 46.263858642358173 ], [ -108.216104104030777, 46.263858638279252 ], [ -108.216078173338531, 46.26385863512391 ], [ -108.216052241369923, 46.263858631047839 ], [ -108.21602630808249, 46.263858627851064 ], [ -108.216000374816261, 46.263858623748348 ], [ -108.215974444124029, 46.263858620569174 ], [ -108.215948510815338, 46.263858618254503 ], [ -108.215922578846744, 46.263858614148695 ], [ -108.215896645580514, 46.263858610022154 ], [ -108.215870714888297, 46.263858606819163 ], [ -108.215844781622167, 46.263858602680706 ], [ -108.215818848334663, 46.263858599436283 ], [ -108.215792916366098, 46.26385859530069 ], [ -108.215766984376344, 46.263858592059108 ], [ -108.215741052407779, 46.263858587911585 ], [ -108.215715119141578, 46.263858583743364 ], [ -108.215689185854202, 46.263858580469183 ], [ -108.215663255183287, 46.263858576318562 ], [ -108.215637321895827, 46.263858573032458 ], [ -108.215611389927361, 46.26385856885517 ], [ -108.215585456661188, 46.263858564657156 ], [ -108.215559523373713, 46.263858561353196 ], [ -108.215533592702826, 46.263858557172789 ], [ -108.215507659415465, 46.26385855385692 ], [ -108.215481727446942, 46.263858549649868 ], [ -108.215455794159581, 46.263858546322098 ], [ -108.215429863488708, 46.263858542117866 ], [ -108.21540393022255, 46.263858537878221 ], [ -108.215377996935203, 46.263858534532538 ], [ -108.215352064924133, 46.263858532095682 ], [ -108.21532613425326, 46.263858527867654 ], [ -108.215300200965842, 46.26385852450413 ], [ -108.215274267699812, 46.263858520234663 ], [ -108.215248334412379, 46.263858516859258 ], [ -108.215222403741535, 46.263858512607385 ], [ -108.215196471773041, 46.263858508334827 ], [ -108.215170538485722, 46.263858504941552 ], [ -108.215144605219621, 46.2638585006423 ], [ -108.215118674527488, 46.263858497266632 ], [ -108.215092741261486, 46.263858492955478 ], [ -108.215066809271718, 46.263858489553151 ], [ -108.215060266259471, 46.263858488018712 ], [ -108.215060528950218, 46.263840524330902 ], [ -108.215060791661983, 46.26382255974309 ], [ -108.215061054352304, 46.263804596055309 ], [ -108.215061317063814, 46.263786631467575 ], [ -108.215061582349051, 46.263768667809344 ], [ -108.215061843783772, 46.263750702306851 ], [ -108.215062106452194, 46.263732739519121 ], [ -108.215062369141648, 46.263714775831438 ], [ -108.215062631873579, 46.26369681034376 ], [ -108.21506289454139, 46.263678847556051 ], [ -108.21506315727288, 46.263660882068429 ], [ -108.215063419940435, 46.263642919280748 ], [ -108.215063685266841, 46.263624953822692 ], [ -108.215063947955244, 46.263606990135067 ], [ -108.215064210622273, 46.263589027347471 ], [ -108.215064473352896, 46.263571061859899 ], [ -108.215064736040773, 46.263553098172331 ], [ -108.215064998749853, 46.263535133584831 ], [ -108.215065261437388, 46.26351716989727 ], [ -108.215065524146127, 46.26349920530977 ], [ -108.215065786833307, 46.263481241622259 ], [ -108.215066050817939, 46.263463277949533 ], [ -108.215066313526151, 46.263445313362048 ], [ -108.21506657621282, 46.263427349674622 ], [ -108.215066838920578, 46.263409385087186 ], [ -108.215067101606991, 46.263391421399731 ], [ -108.21506736429312, 46.263373457712319 ], [ -108.215067627000479, 46.263355493124962 ], [ -108.215067889686267, 46.263337529437585 ], [ -108.215068154988415, 46.263319564879751 ], [ -108.215068417673862, 46.263301601192403 ], [ -108.215068680380512, 46.263283636605081 ], [ -108.215068943065603, 46.263265672917747 ], [ -108.215069205750623, 46.263247709230463 ], [ -108.215069468456647, 46.263229744643155 ], [ -108.215069731141227, 46.263211780955892 ], [ -108.21506999384701, 46.263193816368677 ], [ -108.215070257828856, 46.263175852696207 ], [ -108.215070520555486, 46.263157887209033 ], [ -108.215070783218181, 46.263139924421772 ], [ -108.21507104590188, 46.26312196073458 ], [ -108.215071308627984, 46.263103995247441 ], [ -108.215071571290153, 46.263086032460237 ], [ -108.215071834015902, 46.263068066973126 ], [ -108.215072096677716, 46.263050104185979 ], [ -108.215072359403123, 46.263032138698897 ], [ -108.215072624681028, 46.263014175041334 ], [ -108.215072887342231, 46.262996212254237 ], [ -108.215073150067212, 46.262978246767183 ], [ -108.215073412749348, 46.262960283080119 ], [ -108.2150736754527, 46.262942318493131 ], [ -108.215073938134495, 46.262924354806103 ], [ -108.215074200837392, 46.262906390219108 ], [ -108.215074463518931, 46.262888426532136 ], [ -108.215074727497822, 46.262870462859901 ], [ -108.215074990200208, 46.262852498272949 ], [ -108.215075252881221, 46.262834534585998 ], [ -108.215075515583266, 46.262816569999117 ], [ -108.215075778263937, 46.262798606312167 ], [ -108.215076040965627, 46.262780641725321 ], [ -108.215076303645859, 46.262762678038428 ], [ -108.215076566326005, 46.262744714351577 ], [ -108.215076829027169, 46.262726749764724 ], [ -108.215077094302089, 46.262708786107424 ], [ -108.215077355705404, 46.262690821505849 ], [ -108.215077618384768, 46.262672857819041 ], [ -108.215077881085335, 46.262654893232288 ], [ -108.215078143764345, 46.262636929545515 ], [ -108.215078406443183, 46.262618965858735 ], [ -108.215078669143224, 46.262601001272024 ], [ -108.215078931821708, 46.262583037585316 ], [ -108.215079197137825, 46.262565072128176 ], [ -108.215079459794779, 46.262547109341448 ], [ -108.215079722515313, 46.262529143854792 ], [ -108.215079985171826, 46.262511181068106 ], [ -108.215080247849542, 46.262493217381461 ], [ -108.215080510569564, 46.26247525189487 ], [ -108.215080773225651, 46.262457289108234 ], [ -108.215081035945317, 46.262439323621649 ], [ -108.215081299919859, 46.262421359949855 ], [ -108.215081562575321, 46.262403397163283 ], [ -108.215081825294561, 46.262385431676741 ], [ -108.215082087949682, 46.262367468890197 ], [ -108.215082350668595, 46.262349503403712 ], [ -108.215082613344634, 46.262331539717209 ], [ -108.215082876041805, 46.262313575130726 ], [ -108.215083138717617, 46.262295611444259 ], [ -108.215083401393144, 46.262277647757791 ], [ -108.21508366668499, 46.262259683200895 ], [ -108.21508392936029, 46.262241719514456 ], [ -108.21508419205658, 46.262223754928087 ], [ -108.215084454731425, 46.262205791241655 ], [ -108.215084717427473, 46.262187826655328 ], [ -108.215084980101977, 46.262169862968967 ], [ -108.215085242776368, 46.262151899282614 ], [ -108.215085505471805, 46.262133934696294 ], [ -108.215085769443377, 46.262115971024741 ], [ -108.215086032138558, 46.262098006438443 ], [ -108.215086294812181, 46.262080042752153 ], [ -108.215086557506922, 46.262062078165933 ], [ -108.215086820180289, 46.262044114479671 ], [ -108.215087082853401, 46.262026150793389 ], [ -108.215087345547715, 46.262008186207204 ], [ -108.215087608220458, 46.261990222521014 ], [ -108.215087870914331, 46.261972257934829 ], [ -108.215088136181933, 46.261954294278176 ], [ -108.215088398896825, 46.261936328792061 ], [ -108.215088661547597, 46.261918366005887 ], [ -108.215088924219572, 46.261900402319768 ], [ -108.215089186933866, 46.261882436833687 ], [ -108.215089449584127, 46.261864474047563 ], [ -108.215089712298152, 46.261846508561511 ], [ -108.215089974948057, 46.261828545775451 ], [ -108.215090238959235, 46.2618105803042 ], [ -108.215090501630172, 46.26179261661818 ], [ -108.215090764279552, 46.261774653832127 ], [ -108.215091026992724, 46.261756688346161 ], [ -108.215091289663036, 46.261738724660191 ], [ -108.21509155235448, 46.261720760074212 ], [ -108.21509181502455, 46.261702796388271 ], [ -108.215092077715639, 46.261684831802334 ], [ -108.215092340385354, 46.2616668681164 ], [ -108.215092605649886, 46.261648904460017 ], [ -108.215092867042969, 46.261630939859408 ], [ -108.215093129712059, 46.261612976173502 ], [ -108.21509339240238, 46.26159501158768 ], [ -108.215093655071129, 46.261577047901845 ], [ -108.215093917739821, 46.26155908421601 ], [ -108.215094180429503, 46.261541119630209 ], [ -108.215094443097755, 46.26152315594441 ], [ -108.215094708382267, 46.261505191388146 ], [ -108.215094971050249, 46.261487227702403 ], [ -108.215095233739248, 46.26146926311668 ], [ -108.215095496406889, 46.261451299430952 ], [ -108.215095759074245, 46.261433335745203 ], [ -108.215096021762733, 46.261415371159536 ], [ -108.215096284429848, 46.261397407473858 ], [ -108.21509654711798, 46.261379442888177 ], [ -108.215096811082233, 46.261361479217292 ], [ -108.215097073791398, 46.261343513731703 ], [ -108.215097336436443, 46.261325550946054 ], [ -108.215097599102691, 46.261307587260426 ], [ -108.215097861789943, 46.261289622674887 ], [ -108.21509812445575, 46.261271658989322 ], [ -108.215098387164048, 46.261253693503747 ], [ -108.215098649808212, 46.261235730718219 ], [ -108.215098912516169, 46.261217765232722 ], [ -108.215099177776423, 46.261199801576744 ], [ -108.215099440420076, 46.261181838791217 ], [ -108.215099703127407, 46.261163873305776 ], [ -108.215099965770804, 46.261145910520277 ], [ -108.215100228477795, 46.261127945034872 ], [ -108.215100491142138, 46.261109981349428 ], [ -108.215100753827471, 46.261092016764017 ], [ -108.215101016491374, 46.261074053078616 ], [ -108.215101280452757, 46.261056089408001 ], [ -108.215101543137592, 46.261038124822662 ], [ -108.215101805800956, 46.261020161137282 ], [ -108.215102068485535, 46.261002196551978 ], [ -108.215102331148557, 46.260984232866655 ], [ -108.215102593832782, 46.260966268281351 ], [ -108.215102856495463, 46.260948304596063 ], [ -108.215103119157973, 46.260930340910797 ], [ -108.215103381841672, 46.260912376325535 ], [ -108.215103647098957, 46.26089441266982 ], [ -108.215103909782229, 46.260876448084638 ], [ -108.215104172444029, 46.260858484399428 ], [ -108.215104435127046, 46.260840519814245 ], [ -108.215104697788504, 46.260822556129057 ], [ -108.215104960449892, 46.260804592443897 ], [ -108.215105223132298, 46.260786627858749 ], [ -108.215105485793217, 46.260768664173611 ], [ -108.215105749772931, 46.260750699603271 ], [ -108.215106012433523, 46.260732735918168 ], [ -108.21510627513652, 46.260714770433125 ], [ -108.215106537775569, 46.26069680764806 ], [ -108.215106800435635, 46.260678843963007 ], [ -108.215107063138191, 46.260660878477971 ], [ -108.215107325776628, 46.260642915692948 ], [ -108.215107588478745, 46.260624950207998 ], [ -108.215107852414491, 46.260606987437718 ], [ -108.21510811507369, 46.260589023752757 ], [ -108.21510837777528, 46.260571058267836 ], [ -108.21510864041295, 46.260553095482862 ], [ -108.215108903114213, 46.260535129997983 ], [ -108.215109165772802, 46.260517166313072 ], [ -108.215109428452422, 46.260499201728173 ], [ -108.21510969111057, 46.260481238043305 ], [ -108.215109953747373, 46.260463275258438 ], [ -108.21511021904287, 46.26044530980316 ], [ -108.215110481700506, 46.260427346118334 ], [ -108.215110744379345, 46.26040938153352 ], [ -108.215111007036626, 46.260391417848723 ], [ -108.215111269715038, 46.260373453263952 ], [ -108.215111532372077, 46.260355489579176 ], [ -108.215111795028832, 46.260337525894428 ], [ -108.215112057706804, 46.260319561309693 ], [ -108.215112321660783, 46.260301597639739 ], [ -108.215112584338314, 46.260283633055082 ], [ -108.215112846994487, 46.260265669370391 ], [ -108.215113109671677, 46.260247704785726 ], [ -108.21511337232738, 46.260229741101064 ], [ -108.215113634983041, 46.260211777416437 ], [ -108.215113897659705, 46.260193812831815 ], [ -108.215114160314997, 46.26017584914721 ], [ -108.215114421672467, 46.260157885447839 ], [ -108.215114684348706, 46.260139920863281 ], [ -108.215114947003386, 46.260121957178718 ], [ -108.215115209679183, 46.260103992594217 ], [ -108.215115472333622, 46.260086028909669 ], [ -108.215115734987776, 46.260068065225141 ], [ -108.215115997663148, 46.260050100640683 ], [ -108.215116257721874, 46.260032136926675 ], [ -108.215116520375602, 46.260014173242205 ], [ -108.215116783050362, 46.259996208657768 ], [ -108.215117045703749, 46.25997824497334 ], [ -108.215117308356866, 46.259960281288919 ], [ -108.215117571031087, 46.259942316704517 ], [ -108.215117833683962, 46.259924353020132 ], [ -108.215118096357855, 46.259906388435809 ], [ -108.215118356415275, 46.259888424721886 ], [ -108.215118619067539, 46.259870461037558 ], [ -108.215118881740992, 46.259852496453263 ], [ -108.215119144392901, 46.25983453276897 ], [ -108.215119407044725, 46.25981656908467 ], [ -108.215119669717566, 46.259798604500396 ], [ -108.21511993236895, 46.25978064081616 ], [ -108.215120193743999, 46.259762676217143 ], [ -108.215120456395141, 46.259744712532928 ], [ -108.215120719045998, 46.259726748848699 ], [ -108.215120981717973, 46.259708784264532 ], [ -108.215121244368589, 46.259690820580339 ], [ -108.215121507018921, 46.259672856896195 ], [ -108.215121768392933, 46.25965489229732 ], [ -108.215122029745402, 46.259636928598432 ], [ -108.215122292395307, 46.259618964914274 ], [ -108.215122555066245, 46.259601000330214 ], [ -108.215122817715809, 46.259583036646134 ], [ -108.215123080386391, 46.259565072062067 ], [ -108.215123343035529, 46.259547108378023 ], [ -108.215123605684582, 46.259529144694 ], [ -108.215123865759665, 46.259511180080445 ], [ -108.215124128408277, 46.259493216396436 ], [ -108.215124391056705, 46.259475252712463 ], [ -108.215124653726349, 46.259457288128488 ], [ -108.215124916374435, 46.25943932444455 ], [ -108.215125179022436, 46.259421360760605 ], [ -108.215125441691455, 46.259403396176722 ], [ -108.215125703041593, 46.259385432478034 ], [ -108.215125965710257, 46.259367467894158 ], [ -108.215126228357491, 46.259349504210284 ], [ -108.215126491004625, 46.259331540526432 ], [ -108.215126752375255, 46.259313575927827 ], [ -108.215127015022048, 46.259295612244003 ], [ -108.215127277668557, 46.259277648560193 ], [ -108.215127540336297, 46.25925968397641 ], [ -108.215127801684943, 46.259241720277856 ], [ -108.215128064352328, 46.259223755694137 ], [ -108.215128326998155, 46.259205792010391 ], [ -108.215128589643811, 46.259187828326631 ], [ -108.21512885231067, 46.259169863742954 ], [ -108.215129114955985, 46.259151900059251 ], [ -108.215129377601215, 46.259133936375576 ], [ -108.215129637672504, 46.259115971762391 ], [ -108.21512990031728, 46.25909800807873 ], [ -108.215130162961913, 46.259080044395098 ], [ -108.21513042562772, 46.2590620798115 ], [ -108.215130688271984, 46.259044116127896 ], [ -108.215130950937464, 46.259026151544333 ], [ -108.215131213581373, 46.259008187860744 ], [ -108.21513147363018, 46.258990224147659 ], [ -108.215131736295035, 46.258972259564146 ], [ -108.215131998938531, 46.258954295880635 ], [ -108.215132261581758, 46.258936332197131 ], [ -108.215132524246101, 46.258918367613653 ], [ -108.215132786889058, 46.25890040393017 ], [ -108.215133049510484, 46.258882441146682 ], [ -108.215133310898167, 46.258864475648508 ], [ -108.215133573540527, 46.258846511965082 ], [ -108.215133836204089, 46.258828547381682 ], [ -108.215134098846093, 46.258810583698292 ], [ -108.215134361487941, 46.258792620014923 ], [ -108.215134624150977, 46.258774655431587 ], [ -108.21513488679247, 46.258756691748232 ], [ -108.215135146817559, 46.258738728935349 ], [ -108.215135409501272, 46.258720763452082 ], [ -108.215135672142338, 46.258702799768777 ], [ -108.215135934804408, 46.258684835185512 ], [ -108.215136197445133, 46.258666871502243 ], [ -108.215136460085589, 46.258648907818994 ], [ -108.215136722747133, 46.258630943235751 ], [ -108.215136985387332, 46.258612979552552 ], [ -108.215137245411043, 46.258595016739818 ], [ -108.215137508093363, 46.258577051256665 ], [ -108.215137770733051, 46.258559087573467 ], [ -108.215138033351167, 46.258541124790305 ], [ -108.215138296032961, 46.258523159307209 ], [ -108.215138558672123, 46.25850519562411 ], [ -108.215138821332289, 46.258487231040995 ], [ -108.215139082673588, 46.258469267343159 ], [ -108.215139345290837, 46.258451304560033 ], [ -108.215139607971864, 46.258433339077023 ], [ -108.215139870610074, 46.258415375393987 ], [ -108.215140133226782, 46.258397412610954 ], [ -108.215140395907298, 46.258379447127957 ], [ -108.215140658544968, 46.258361483444972 ], [ -108.215140918566263, 46.258343520632458 ], [ -108.215141181246153, 46.258325555149547 ], [ -108.215141443862109, 46.258307592366563 ], [ -108.215141706541672, 46.258289626883659 ], [ -108.215141969178575, 46.258271663200766 ], [ -108.215142231793905, 46.258253700417839 ], [ -108.215142494472943, 46.258235734934985 ], [ -108.215142754514304, 46.258217771222597 ], [ -108.215143017129208, 46.258199808439713 ], [ -108.21514327980772, 46.258181842956937 ], [ -108.215143542422197, 46.258163880174102 ], [ -108.215143805057878, 46.258145916491323 ], [ -108.215144067735864, 46.258127951008547 ], [ -108.215144330349915, 46.258109988225769 ], [ -108.21514459302756, 46.258092022743057 ], [ -108.215144854365036, 46.258074059045555 ], [ -108.215145116978476, 46.258056096262806 ], [ -108.215145379655681, 46.25803813078015 ], [ -108.215145642268766, 46.258020167997422 ], [ -108.215145904902968, 46.258002204314757 ], [ -108.215146167579661, 46.257984238832144 ], [ -108.21514643019222, 46.257966276049501 ], [ -108.215146690273571, 46.257948310537358 ], [ -108.215146952907077, 46.257930346854764 ], [ -108.21514721551921, 46.257912384072156 ], [ -108.215147478194936, 46.257894418589629 ], [ -108.215147740806742, 46.257876455807029 ], [ -108.215148003439552, 46.257858492124505 ], [ -108.215148266114753, 46.257840526642006 ], [ -108.215148526131046, 46.257822563829954 ], [ -108.215148788763429, 46.257804600147445 ], [ -108.215149051438104, 46.257786634665024 ], [ -108.215149314048759, 46.257768671882538 ], [ -108.215149576723206, 46.257750706400117 ], [ -108.215149839333506, 46.25773274361768 ], [ -108.215150101965023, 46.257714779935284 ], [ -108.215150363341351, 46.257696814438155 ], [ -108.215150625951239, 46.257678851655733 ], [ -108.215150888582144, 46.257660887973373 ], [ -108.215151151255441, 46.257642922491073 ], [ -108.215151413864803, 46.257624959708707 ], [ -108.215151676495168, 46.257606996026389 ], [ -108.215151939146764, 46.257589031444105 ], [ -108.215152199181816, 46.257571067732286 ], [ -108.215152461854359, 46.25755310225005 ], [ -108.21515272446274, 46.257535139467812 ], [ -108.215152987092353, 46.25751717578558 ], [ -108.215153249764256, 46.257499210303365 ], [ -108.21515351237214, 46.257481247521156 ], [ -108.215153775001227, 46.257463283838973 ], [ -108.215154037651331, 46.257445319256824 ], [ -108.215154297685089, 46.257427355545126 ], [ -108.21515456035624, 46.257409390063032 ], [ -108.215154822963243, 46.257391427280879 ], [ -108.215155085591377, 46.257373463598782 ], [ -108.215155348261987, 46.257355498116731 ], [ -108.215155610868479, 46.257337535334656 ], [ -108.215155873496172, 46.257319571652566 ], [ -108.215156134847405, 46.257301607055794 ], [ -108.215156397474757, 46.257283643373775 ], [ -108.21515666010184, 46.257265679691777 ], [ -108.21515692275004, 46.257247715109784 ], [ -108.215157185376853, 46.257229751427808 ], [ -108.215157448046, 46.257211785945891 ], [ -108.215157709353718, 46.257193823149152 ], [ -108.215157970682455, 46.25717585945246 ], [ -108.215158233329873, 46.257157894870581 ], [ -108.215158495955734, 46.257139931188661 ], [ -108.215158758581524, 46.257121967506777 ], [ -108.215159021228317, 46.257104002924947 ], [ -108.215159283853666, 46.257086039243113 ], [ -108.215159546478944, 46.257068075561286 ], [ -108.215159806530366, 46.25705011094994 ], [ -108.215160069155189, 46.257032147268148 ], [ -108.21516033180113, 46.257014182686376 ], [ -108.215160594425697, 46.256996219004613 ], [ -108.215160857050009, 46.256978255322856 ], [ -108.215161119695523, 46.256960290741134 ], [ -108.215161382319479, 46.256942327059427 ], [ -108.215161643645885, 46.256924363362955 ], [ -108.215161906290774, 46.256906398781311 ], [ -108.215162168914318, 46.256888435099647 ], [ -108.215162430261387, 46.25687047050323 ], [ -108.215162692884562, 46.256852506821602 ], [ -108.215162955507481, 46.256834543139973 ], [ -108.215163218151517, 46.256816578558393 ], [ -108.21516348077418, 46.256798614876814 ], [ -108.215163742099094, 46.256780651180463 ], [ -108.215164004742704, 46.256762686598933 ], [ -108.215164267364756, 46.256744722917396 ], [ -108.215164529986723, 46.25672675923586 ], [ -108.215164792629707, 46.256708794654358 ], [ -108.215165055251234, 46.256690830972879 ], [ -108.215165317893977, 46.256672866391447 ], [ -108.215165577920317, 46.256654902680445 ], [ -108.215165840541317, 46.25663693899903 ], [ -108.215166103183435, 46.256618974417613 ], [ -108.215166365804194, 46.256601010736205 ], [ -108.215166628424669, 46.256583047054818 ], [ -108.215166891066374, 46.256565082473443 ], [ -108.215167153686508, 46.256547118792092 ], [ -108.21516741371164, 46.256529155081211 ], [ -108.215167676352721, 46.256511190499879 ], [ -108.215167938972428, 46.256493226818584 ], [ -108.215168201591879, 46.25647526313729 ], [ -108.215168464232434, 46.256457298556036 ], [ -108.21516872685163, 46.256439334874756 ], [ -108.215168989470556, 46.256421371193532 ], [ -108.215169250813233, 46.256403406597556 ], [ -108.215169513431789, 46.256385442916354 ], [ -108.215169776050303, 46.256367479235152 ], [ -108.21517003868982, 46.256349514653969 ], [ -108.215170301307879, 46.25633155097281 ], [ -108.215170563925852, 46.256313587291672 ], [ -108.215170826564844, 46.256295622710539 ], [ -108.215171089182476, 46.256277659029422 ], [ -108.215171349183734, 46.256259696218805 ], [ -108.215171611843488, 46.256241730737727 ], [ -108.215171874460509, 46.256223767056646 ], [ -108.215172137098733, 46.256205802475655 ], [ -108.215172399715385, 46.256187838794617 ], [ -108.21517266233198, 46.256169875113557 ], [ -108.215172924969593, 46.256151910532608 ], [ -108.215173184990917, 46.256133946822089 ], [ -108.215173447585613, 46.256115984041095 ], [ -108.215173710244073, 46.256098018560181 ], [ -108.215173972859702, 46.256080054879249 ], [ -108.215174235453873, 46.256062092098297 ], [ -108.215174498111807, 46.256044126617432 ], [ -108.21517476072691, 46.256026162936543 ], [ -108.215175022023203, 46.256008200140911 ], [ -108.215175284680541, 46.255990234660068 ], [ -108.215175547273944, 46.25597227187923 ], [ -108.21517580988835, 46.255954308198405 ], [ -108.215176072545148, 46.255936342717639 ], [ -108.215176335138025, 46.255918379936816 ], [ -108.21517659775192, 46.25590041625604 ], [ -108.215176857813404, 46.255882450745801 ], [ -108.215177120405656, 46.255864487965034 ], [ -108.215177383019125, 46.255846524284308 ], [ -108.215177645653611, 46.255828559703644 ], [ -108.215177908266725, 46.255810596022954 ], [ -108.215178170879582, 46.255792632342249 ], [ -108.215178433513543, 46.255774667761621 ], [ -108.215178693531243, 46.255756704051457 ], [ -108.215178956143674, 46.255738740370816 ], [ -108.215179218777109, 46.255720775790223 ], [ -108.215179481389185, 46.255702812109639 ], [ -108.215179744000991, 46.255684848429063 ], [ -108.215180006633915, 46.255666883848512 ], [ -108.215180269245465, 46.255648920167964 ], [ -108.21518053185676, 46.255630956487444 ], [ -108.21518079319182, 46.255612991892171 ], [ -108.215181055802745, 46.255595028211673 ], [ -108.215181318413613, 46.255577064531195 ], [ -108.215181581045485, 46.255559099950787 ], [ -108.215181843655913, 46.255541136270331 ], [ -108.215182106266241, 46.255523172589875 ], [ -108.215182368897601, 46.255505208009488 ], [ -108.215182628912729, 46.255487244299573 ], [ -108.215182891543733, 46.2554692797192 ], [ -108.21518315415338, 46.25545131603883 ], [ -108.215183416762756, 46.255433352358487 ], [ -108.215183679393334, 46.255415387778164 ], [ -108.215183942002369, 46.255397424097865 ], [ -108.215184204611234, 46.255379460417558 ], [ -108.215184464646427, 46.255361495807755 ], [ -108.215184727255021, 46.255343532127483 ], [ -108.21518498986336, 46.25532556844724 ], [ -108.215185252492802, 46.255307603867038 ], [ -108.215185515100899, 46.255289640186838 ], [ -108.215185777708712, 46.255271676506631 ], [ -108.215186040337741, 46.255253711926457 ], [ -108.215186301647776, 46.255235748231527 ], [ -108.215186564233889, 46.255217785451343 ], [ -108.215186826883567, 46.255199819971246 ], [ -108.215187089490612, 46.255181856291124 ], [ -108.2151873520761, 46.255163893510989 ], [ -108.215187613427929, 46.255145928016191 ], [ -108.215187876034364, 46.255127964336111 ], [ -108.215188137322002, 46.255110001541297 ], [ -108.215188399970643, 46.255092036061278 ], [ -108.215188662555263, 46.25507407328125 ], [ -108.215188925161101, 46.255056109601256 ], [ -108.21518918780923, 46.255038144121301 ], [ -108.215189450393439, 46.255020181341308 ], [ -108.215189712998637, 46.255002217661357 ], [ -108.215189975646254, 46.254984252181451 ], [ -108.215190235635063, 46.254966289371971 ], [ -108.215190498239863, 46.254948325692062 ], [ -108.215190760865667, 46.254930361112201 ], [ -108.215191023469998, 46.254912397432349 ], [ -108.215191286074287, 46.25489443375244 ], [ -108.215191548699551, 46.25487646917265 ], [ -108.21519181130347, 46.254858505492834 ], [ -108.21519207260971, 46.254840541798266 ], [ -108.215192333937139, 46.254822577203711 ], [ -108.215192596540447, 46.254804613523945 ], [ -108.21519285914367, 46.254786649844185 ], [ -108.215193121767911, 46.254768685264438 ], [ -108.215193384370693, 46.254750721584735 ], [ -108.215193646994678, 46.254732757005065 ], [ -108.215193908299696, 46.254714793310576 ], [ -108.215194170902052, 46.254696829630895 ], [ -108.215194433525426, 46.254678865051282 ], [ -108.21519469612744, 46.254660901371636 ], [ -108.215194958729185, 46.254642937692026 ], [ -108.215195221352033, 46.254624973112421 ], [ -108.215195483953522, 46.254607009432831 ], [ -108.21519574396001, 46.254589045723726 ], [ -108.215196006582332, 46.254571081144157 ], [ -108.215196269183309, 46.254553117464617 ], [ -108.215196531784002, 46.254535153785106 ], [ -108.215196794405813, 46.2545171892056 ], [ -108.215197057006264, 46.254499225526089 ], [ -108.215197319606446, 46.254481261846628 ], [ -108.215197582227844, 46.254463297267193 ], [ -108.21519784223284, 46.254445333558209 ], [ -108.215198104832595, 46.254427369878776 ], [ -108.215198367453368, 46.254409405299405 ], [ -108.215198630052768, 46.254391441619994 ], [ -108.215198892630625, 46.254373478840591 ], [ -108.21519915527216, 46.254355513361283 ], [ -108.215199417871048, 46.254337549681921 ], [ -108.21519967915097, 46.254319586887796 ], [ -108.215199941792079, 46.254301621408544 ], [ -108.215200204390342, 46.254283657729232 ], [ -108.215200466967261, 46.25426569494995 ], [ -108.215200729607758, 46.254247729470698 ], [ -108.215200992184208, 46.254229766691466 ], [ -108.215201254781888, 46.254211803012218 ], [ -108.215201514827143, 46.254193837503529 ], [ -108.215201777403095, 46.254175874724282 ], [ -108.215202040000136, 46.254157911045112 ], [ -108.215202302639682, 46.254139945565996 ], [ -108.215202565215108, 46.25412198278682 ], [ -108.215202827811737, 46.254104019107679 ], [ -108.215203090429384, 46.254086054528564 ], [ -108.215203350430869, 46.254068090819935 ], [ -108.215203613069448, 46.254050125340882 ], [ -108.215203875644107, 46.254032162561849 ], [ -108.21520413823977, 46.254014198882793 ], [ -108.215204400877937, 46.253996233403761 ], [ -108.215204663451971, 46.253978270624749 ], [ -108.215204926047107, 46.253960306945757 ], [ -108.215205187366067, 46.253942342352005 ], [ -108.215205449960862, 46.253924378673048 ], [ -108.215205712555587, 46.253906414994084 ], [ -108.215205975171315, 46.253888450415161 ], [ -108.215206237765699, 46.253870486736254 ], [ -108.215206500359798, 46.253852523057354 ], [ -108.215206762975015, 46.253834558478502 ], [ -108.215207025568873, 46.253816594799616 ], [ -108.215207285567757, 46.253798631091229 ], [ -108.215207548182462, 46.253780666512426 ], [ -108.215207810775695, 46.253762702833612 ], [ -108.215208073368856, 46.25374473915484 ], [ -108.215208335983021, 46.253726774576037 ], [ -108.215208598575842, 46.253708810897272 ], [ -108.215208861168378, 46.253690847218529 ], [ -108.215209121187343, 46.253672882610267 ], [ -108.215209383779538, 46.253654918931552 ], [ -108.215209646371662, 46.253636955252851 ], [ -108.215209908984789, 46.25361899067417 ], [ -108.215210171576459, 46.253601026995504 ], [ -108.215210434168071, 46.253583063316853 ], [ -108.215210696780687, 46.253565098738264 ], [ -108.215210958074536, 46.253547135044833 ], [ -108.215211220665509, 46.253529171366232 ], [ -108.215211483277713, 46.253511206787685 ], [ -108.215211745868345, 46.253493243109126 ], [ -108.215212008437618, 46.253475280330548 ], [ -108.215212269773076, 46.253457314837284 ], [ -108.215212532363282, 46.253439351158761 ], [ -108.215212793634564, 46.253421388365446 ], [ -108.21521305626699, 46.253403422887025 ], [ -108.215213318856584, 46.253385459208545 ], [ -108.21521358142472, 46.253367496430108 ], [ -108.215213844056635, 46.253349530951674 ], [ -108.21521410662443, 46.253331568173238 ], [ -108.215214369255975, 46.253313602694881 ], [ -108.215214629249942, 46.253295638986963 ], [ -108.215214891817297, 46.253277676208555 ], [ -108.215215154448245, 46.253259710730248 ], [ -108.215215417036546, 46.253241747051909 ], [ -108.215215679603304, 46.253223784273558 ], [ -108.215215942233726, 46.253205818795301 ], [ -108.215216204800214, 46.253187856017014 ], [ -108.215216467387734, 46.253169892338704 ], [ -108.21521672742297, 46.253151926830974 ], [ -108.215216989988846, 46.253133964052729 ], [ -108.215217252575925, 46.253116000374504 ], [ -108.215217515205325, 46.253098034896304 ], [ -108.215217777770775, 46.253080072118131 ], [ -108.215218040357257, 46.253062108439948 ], [ -108.215218302964828, 46.253044143861807 ], [ -108.215218564253661, 46.253026180168902 ], [ -108.215218826839617, 46.253008216490784 ], [ -108.215219089446776, 46.252990251912678 ], [ -108.215219352032378, 46.252972288234602 ], [ -108.215219614617908, 46.252954324556526 ], [ -108.215219877203154, 46.252936360878472 ], [ -108.215220139788229, 46.252918397200425 ], [ -108.215220402394522, 46.252900432622418 ], [ -108.215220664979256, 46.252882468944421 ], [ -108.215220927542632, 46.252864506166425 ], [ -108.215221190127011, 46.252846542488449 ], [ -108.215221450116587, 46.252828578780964 ], [ -108.215221712700625, 46.252810615103037 ], [ -108.215221975284578, 46.252792651425089 ], [ -108.215222237889563, 46.252774686847218 ], [ -108.215222500473175, 46.25275672316932 ], [ -108.215222763056531, 46.252738759491457 ], [ -108.215223025618414, 46.252720796713554 ], [ -108.215223288201514, 46.25270283303572 ], [ -108.215223550784344, 46.252684869357907 ], [ -108.215223813388363, 46.252666904780092 ], [ -108.215224075970852, 46.252648941102322 ], [ -108.215224338553142, 46.252630977424552 ], [ -108.215224601135375, 46.252613013746796 ], [ -108.215224863696051, 46.252595050969049 ], [ -108.215225126277929, 46.252577087291307 ], [ -108.215225388859537, 46.252559123613594 ], [ -108.215225648867616, 46.252541159006405 ], [ -108.215225911448883, 46.252523195328735 ], [ -108.215226174030064, 46.252505231651078 ], [ -108.21522643661099, 46.252487267973429 ], [ -108.215226699170444, 46.252469305195795 ], [ -108.215226961751114, 46.252451341518196 ], [ -108.215227224331514, 46.252433377840596 ], [ -108.215227486933102, 46.252415413263044 ], [ -108.215227749513161, 46.25239744958548 ], [ -108.215228012093036, 46.252379485907937 ], [ -108.215228274672825, 46.252361522230423 ], [ -108.215228537252358, 46.252343558552916 ], [ -108.215228799810532, 46.252325595775389 ], [ -108.21522906238971, 46.252307632097917 ], [ -108.215229324989991, 46.252289667520493 ], [ -108.21522958497421, 46.252271703813499 ], [ -108.215229847552948, 46.252253740136098 ], [ -108.215230110131444, 46.252235776458669 ], [ -108.215230372709755, 46.252217812781296 ], [ -108.215230635266707, 46.252199850003919 ], [ -108.215230897887238, 46.252181884526557 ], [ -108.215231160465123, 46.252163920849227 ], [ -108.215231423021464, 46.252145958071907 ], [ -108.215231685598908, 46.252127994394613 ], [ -108.215231948176282, 46.252110030717319 ], [ -108.215232210753371, 46.252092067040032 ], [ -108.215232473309115, 46.252074104262761 ], [ -108.215232735928439, 46.252056138785548 ], [ -108.215232998505002, 46.252038175108339 ], [ -108.21523326106022, 46.252020212331104 ], [ -108.215233523636456, 46.252002248653916 ], [ -108.21523378361789, 46.25198428494722 ], [ -108.215234046193871, 46.251966321270068 ], [ -108.215234308769595, 46.251948357592923 ], [ -108.215234571366409, 46.251930393015797 ], [ -108.215234833941864, 46.251912429338695 ], [ -108.215235096495775, 46.251894466561609 ], [ -108.215235359070888, 46.251876502884535 ], [ -108.215235621645718, 46.251858539207475 ], [ -108.215235884220391, 46.251840575530409 ], [ -108.215236146816267, 46.251822610953433 ], [ -108.215236409390585, 46.25180464727643 ], [ -108.215236671964817, 46.251786683599441 ], [ -108.215236934538794, 46.25176871992246 ], [ -108.215237197091326, 46.25175075714548 ], [ -108.215237459665047, 46.251732793468534 ], [ -108.215237720941147, 46.251714829776859 ], [ -108.2152379835358, 46.251696865199953 ], [ -108.21523824610891, 46.251678901523071 ], [ -108.215238508681935, 46.251660937846211 ], [ -108.215238771254704, 46.251642974169357 ], [ -108.215239033806, 46.25162501139247 ], [ -108.215239296378513, 46.251607047715652 ], [ -108.215239558950742, 46.251589084038855 ], [ -108.215239821544188, 46.251571119462106 ], [ -108.215240082818738, 46.251553155770573 ], [ -108.215240345390555, 46.251535192093797 ], [ -108.215240607962087, 46.25151722841705 ], [ -108.215240870533464, 46.251499264740339 ], [ -108.215241133083481, 46.251481301963629 ], [ -108.215241395654502, 46.251463338286939 ], [ -108.215241658246725, 46.251445373710268 ], [ -108.215241919520054, 46.251427410018863 ], [ -108.215242182090662, 46.251409446342208 ], [ -108.215242444660987, 46.251391482665596 ], [ -108.215242707231141, 46.251373518988999 ], [ -108.215242969779936, 46.251355556212381 ], [ -108.215243232392311, 46.251337590735844 ], [ -108.215243494962039, 46.251319627059296 ], [ -108.215243757510223, 46.251301664282735 ], [ -108.21524402007951, 46.251283700606209 ], [ -108.215244282648712, 46.251265736929703 ], [ -108.215244545217658, 46.251247773253226 ], [ -108.215244807765245, 46.251229810476758 ], [ -108.215245070376383, 46.251211845000299 ], [ -108.215245332944818, 46.251193881323879 ], [ -108.215245595491865, 46.251175918547453 ], [ -108.215245855465369, 46.251157954841524 ], [ -108.215246118033264, 46.251139991165154 ], [ -108.215246380600988, 46.251122027488762 ], [ -108.215246643168641, 46.251104063812384 ], [ -108.215246905757297, 46.25108609923609 ], [ -108.215247168324609, 46.251068135559784 ], [ -108.215247430870349, 46.251050172783437 ], [ -108.215247693437206, 46.251032209107159 ], [ -108.215247956003992, 46.251014245430902 ], [ -108.215248218570508, 46.250996281754645 ], [ -108.215248481136939, 46.25097831807841 ], [ -108.215248743724374, 46.250960353502194 ], [ -108.215249006290364, 46.250942389825994 ], [ -108.215249268856283, 46.250924426149822 ], [ -108.215249531400644, 46.250906463373617 ], [ -108.215249793966208, 46.250888499697474 ], [ -108.215250053936941, 46.250870535991801 ], [ -108.215250316523353, 46.250852571415734 ], [ -108.215250579088291, 46.250834607739634 ], [ -108.215250841653173, 46.250816644063512 ], [ -108.215251104217771, 46.250798680387454 ], [ -108.215251366761024, 46.250780717611399 ], [ -108.215251629325266, 46.250762753935383 ], [ -108.215251891889352, 46.250744790259361 ], [ -108.215252154474626, 46.250726825683358 ], [ -108.215252417038371, 46.250708862007386 ], [ -108.215252679602017, 46.250690898331428 ], [ -108.215252942165407, 46.250672934655469 ], [ -108.215253204707338, 46.250654971879527 ], [ -108.215253467270472, 46.250637008203604 ], [ -108.215253729833336, 46.250619044527696 ], [ -108.215253992417416, 46.250601079951821 ], [ -108.215254252385279, 46.250583116246425 ], [ -108.215254514947731, 46.250565152570587 ], [ -108.215254777509898, 46.25054718889475 ], [ -108.215255040071995, 46.250529225218948 ], [ -108.215255302612547, 46.250511262443155 ], [ -108.215255565174189, 46.250493298767374 ], [ -108.215255827757048, 46.25047533419162 ], [ -108.215256090318348, 46.250457370515846 ], [ -108.215256352879564, 46.25043940684013 ], [ -108.215256615440524, 46.250421443164427 ], [ -108.215256878001313, 46.250403479488732 ], [ -108.215257140540743, 46.250385516713017 ], [ -108.215257403143738, 46.250367551237396 ], [ -108.215257665704101, 46.25034958756175 ], [ -108.215257928242906, 46.250331624786078 ], [ -108.215258188208281, 46.250313661080959 ], [ -108.215258450768033, 46.250295697405356 ], [ -108.2152587133277, 46.250277733729796 ], [ -108.215258975865808, 46.25025977095418 ], [ -108.215259238467596, 46.25024180547868 ], [ -108.215259501026722, 46.250223841803169 ], [ -108.215259763564333, 46.250205879027632 ], [ -108.215260026123133, 46.250187915352157 ], [ -108.215260288681662, 46.250169951676646 ], [ -108.215260551240007, 46.250151988001193 ], [ -108.215260813798281, 46.250134024325746 ], [ -108.215261076377573, 46.250116059750361 ], [ -108.215261338935491, 46.250098096074957 ], [ -108.215261601471866, 46.250080133299527 ], [ -108.215261864029358, 46.250062169624151 ], [ -108.215262126586765, 46.250044205948797 ], [ -108.215262387846593, 46.250026242258691 ], [ -108.215262650424933, 46.250008277683371 ], [ -108.215262911684434, 46.249990313993301 ], [ -108.21526317424113, 46.249972350318018 ], [ -108.215263436797585, 46.249954386642735 ], [ -108.215263699332681, 46.249936423867439 ], [ -108.21526396188878, 46.249918460192205 ], [ -108.215264224444695, 46.249900496516979 ], [ -108.215264487021827, 46.249882531941822 ], [ -108.2152647495774, 46.249864568266602 ], [ -108.215265012132903, 46.249846604591433 ], [ -108.215265274688122, 46.24982864091627 ], [ -108.21526553722191, 46.249810678141138 ], [ -108.215265799776873, 46.249792714466018 ], [ -108.215266062331594, 46.249774750790912 ], [ -108.215266323610194, 46.249756786201061 ], [ -108.215266586164574, 46.249738822525998 ], [ -108.215266848718855, 46.249720858850957 ], [ -108.215267111272865, 46.249702895175915 ], [ -108.215267373805432, 46.249684932400847 ], [ -108.215267636359187, 46.249666968725855 ], [ -108.215267898912685, 46.249649005050863 ], [ -108.215268161487373, 46.249631040475911 ], [ -108.215268424040516, 46.249613076800948 ], [ -108.215268686593504, 46.249595113126027 ], [ -108.215268947849097, 46.249577149436341 ], [ -108.215269210401814, 46.249559185761449 ], [ -108.215269472932988, 46.249541222986508 ], [ -108.215269735527826, 46.24952325751169 ], [ -108.215269998058758, 46.249505294736828 ], [ -108.215270260610694, 46.249487331062006 ], [ -108.21527052186525, 46.24946936737242 ], [ -108.21527078441683, 46.249451403697627 ], [ -108.21527104696834, 46.249433440022806 ], [ -108.215271309498306, 46.249415477248043 ], [ -108.215271572091922, 46.249397511773338 ], [ -108.21527183464292, 46.249379548098609 ], [ -108.215272097172345, 46.249361585323854 ], [ -108.215272349196681, 46.249343572917311 ] ] ] } }
]
}
