{
"type": "FeatureCollection",
"name": "11-SIEBEN-RANCH-CO",
"crs": { "type": "name", "properties": { "name": "urn:ogc:def:crs:OGC:1.3:CRS84" } },
"features": [
{ "type": "Feature", "properties": { "CountyName": "Meagher", "OwnerName_Grouped": "SIEBEN RANCH CO", "OwnerName": "SIEBEN LIVESTOCK CO", "OwnerAddre": "PO BOX 835", "OwnerAdd_1": null, "OwnerAdd_2": null, "OwnerCity": "HELENA", "OwnerState": "MT", "PropType": "Vacant Land", "TotalAcres": 646.84 }, "geometry": { "type": "Polygon", "coordinates": [ [ [ -111.517863948880446, 46.927903615535854 ], [ -111.517874835523131, 46.924274598805766 ], [ -111.517885758783819, 46.920645614558623 ], [ -111.517896688852289, 46.917016639025114 ], [ -111.517907625321143, 46.913387661422377 ], [ -111.518103042675151, 46.913387663510925 ], [ -111.52319115605485, 46.913386835407977 ], [ -111.523396346583965, 46.913386831893163 ], [ -111.528474689152191, 46.913386006422975 ], [ -111.528689914800125, 46.913386008857593 ], [ -111.533758208112104, 46.913385189167307 ], [ -111.533983200403881, 46.913385185194436 ], [ -111.539276938126193, 46.91338429741073 ], [ -111.539272320540121, 46.917010550940937 ], [ -111.539267711625286, 46.920636805080086 ], [ -111.539263111759624, 46.924263069711252 ], [ -111.539258547199267, 46.927889378565958 ], [ -111.533746710579763, 46.927893182390697 ], [ -111.528452445278063, 46.927896654867801 ], [ -111.523158187435342, 46.927900132352129 ], [ -111.517863948880446, 46.927903615535854 ] ] ] } },
{ "type": "Feature", "properties": { "CountyName": "Meagher", "OwnerName_Grouped": "SIEBEN RANCH CO", "OwnerName": "SIEBEN LIVESTOCK CO", "OwnerAddre": "PO BOX 835", "OwnerAdd_1": null, "OwnerAdd_2": null, "OwnerCity": "HELENA", "OwnerState": "MT", "PropType": "Vacant Land", "TotalAcres": 647.6 }, "geometry": { "type": "Polygon", "coordinates": [ [ [ -111.517857972553387, 46.942388965632802 ], [ -111.517859463055871, 46.938767632749347 ], [ -111.517860955815124, 46.935146293313316 ], [ -111.517862451135315, 46.931524955437048 ], [ -111.517863948880446, 46.927903615535854 ], [ -111.523158187435342, 46.927900132352129 ], [ -111.528452445278063, 46.927896654867801 ], [ -111.533746710579763, 46.927893182390697 ], [ -111.539258547199267, 46.927889378565958 ], [ -111.539261538429557, 46.931515789253631 ], [ -111.539264529024265, 46.935142205178728 ], [ -111.539267538619981, 46.938768624175808 ], [ -111.539270548588405, 46.942395040260088 ], [ -111.533703112372621, 46.942391959380451 ], [ -111.528420890407943, 46.942388871939492 ], [ -111.52313944057893, 46.942388915874709 ], [ -111.517857972553387, 46.942388965632802 ] ] ] } },
{ "type": "Feature", "properties": { "CountyName": "Meagher", "OwnerName_Grouped": "SIEBEN RANCH CO", "OwnerName": "SIEBEN LIVESTOCK CO", "OwnerAddre": "PO BOX 835", "OwnerAdd_1": null, "OwnerAdd_2": null, "OwnerCity": "HELENA", "OwnerState": "MT", "PropType": "Vacant Land", "TotalAcres": 240.67 }, "geometry": { "type": "Polygon", "coordinates": [ [ [ -111.523396346583965, 46.913386831893163 ], [ -111.523392181754829, 46.90972525703139 ], [ -111.523388070617287, 46.906104221461177 ], [ -111.528684451834977, 46.906111664629726 ], [ -111.533980594309227, 46.906118868425203 ], [ -111.539277190151168, 46.906125827730641 ], [ -111.539277064112966, 46.909755062621109 ], [ -111.539276938126193, 46.91338429741073 ], [ -111.533983200403881, 46.913385185194436 ], [ -111.533758208112104, 46.913385189167307 ], [ -111.528689914800125, 46.913386008857593 ], [ -111.528474689152191, 46.913386006422975 ], [ -111.523396346583965, 46.913386831893163 ] ] ] } },
{ "type": "Feature", "properties": { "CountyName": "Meagher", "OwnerName_Grouped": "SIEBEN RANCH CO", "OwnerName": "SIEBEN LIVESTOCK CO", "OwnerAddre": "PO BOX 835", "OwnerAdd_1": null, "OwnerAdd_2": null, "OwnerCity": "HELENA", "OwnerState": "MT", "PropType": "Vacant Land", "TotalAcres": 640.0 }, "geometry": { "type": "Polygon", "coordinates": [ [ [ -111.602603051898257, 46.869910848356398 ], [ -111.602615244406621, 46.866283242145968 ], [ -111.6026294034763, 46.862656148107888 ], [ -111.602605514483287, 46.859050231054724 ], [ -111.602581637737075, 46.855444308551888 ], [ -111.607823850896338, 46.855440328050634 ], [ -111.613066058348409, 46.855436349167526 ], [ -111.618352424492485, 46.855429593033506 ], [ -111.623638806827799, 46.855422836731137 ], [ -111.623655172115633, 46.858137627879017 ], [ -111.623655177056392, 46.858138250873012 ], [ -111.623660320804632, 46.859064657793745 ], [ -111.623660322513018, 46.859065232225525 ], [ -111.623680608603024, 46.862707829014504 ], [ -111.623677047894333, 46.866343799451997 ], [ -111.62367347996593, 46.869979763778787 ], [ -111.618380402908969, 46.869995275811107 ], [ -111.613087731817188, 46.870010760066961 ], [ -111.613086939714961, 46.870010749514442 ], [ -111.607845195679204, 46.869960516121829 ], [ -111.607844005666564, 46.869960502974088 ], [ -111.602603051898257, 46.869910848356398 ] ] ] } },
{ "type": "Feature", "properties": { "CountyName": "Meagher", "OwnerName_Grouped": "SIEBEN RANCH CO", "OwnerName": "SIEBEN LIVESTOCK CO", "OwnerAddre": "PO BOX 835", "OwnerAdd_1": null, "OwnerAdd_2": null, "OwnerCity": "HELENA", "OwnerState": "MT", "PropType": "Vacant Land", "TotalAcres": 640.0 }, "geometry": { "type": "Polygon", "coordinates": [ [ [ -111.560328889214844, 46.859068092957799 ], [ -111.56030664842757, 46.855447713596291 ], [ -111.565593815671107, 46.855451362411792 ], [ -111.570880982654444, 46.855455014025196 ], [ -111.576168154475099, 46.855458663842313 ], [ -111.581455331400647, 46.85546231816091 ], [ -111.581458919711963, 46.85909154650971 ], [ -111.581462505779925, 46.862720770508467 ], [ -111.581489879756205, 46.866342353239695 ], [ -111.581517271890192, 46.869963934880985 ], [ -111.576239269489079, 46.869926567938187 ], [ -111.570961274507113, 46.869889230800425 ], [ -111.565678460793251, 46.869909234416944 ], [ -111.560395636158759, 46.869929221599598 ], [ -111.560373377227819, 46.866308848429981 ], [ -111.560351129064188, 46.862688470695893 ], [ -111.560328889214844, 46.859068092957799 ] ] ] } },
{ "type": "Feature", "properties": { "CountyName": "Meagher", "OwnerName_Grouped": "SIEBEN RANCH CO", "OwnerName": "SIEBEN LIVESTOCK CO", "OwnerAddre": "PO BOX 835", "OwnerAdd_1": null, "OwnerAdd_2": null, "OwnerCity": "HELENA", "OwnerState": "MT", "PropType": "Vacant Land", "TotalAcres": 640.2 }, "geometry": { "type": "Polygon", "coordinates": [ [ [ -111.539276938126193, 46.91338429741073 ], [ -111.539277064112966, 46.909755062621109 ], [ -111.539277190151168, 46.906125827730641 ], [ -111.539277317758547, 46.902496598129026 ], [ -111.539277445417028, 46.89886736845547 ], [ -111.54455327175053, 46.898875283967648 ], [ -111.549829108996533, 46.898883201535682 ], [ -111.555104960114946, 46.898891129208877 ], [ -111.56038082751634, 46.898899060639721 ], [ -111.560375416437424, 46.902528501233938 ], [ -111.560370016926186, 46.906157952339754 ], [ -111.560364635515114, 46.90978741292458 ], [ -111.560359264197061, 46.913425982428649 ], [ -111.555088651572433, 46.913415544686579 ], [ -111.54981806118407, 46.913405116557279 ], [ -111.544547491863796, 46.913394702566066 ], [ -111.539276938126193, 46.91338429741073 ] ] ] } },
{ "type": "Feature", "properties": { "CountyName": "Powell", "OwnerName_Grouped": "SIEBEN RANCH CO", "OwnerName": "SIEBEN LIVESTOCK COMPANY", "OwnerAddre": "PO BOX 835", "OwnerAdd_1": null, "OwnerAdd_2": null, "OwnerCity": "HELENA", "OwnerState": "MT", "PropType": "Vacant Land", "TotalAcres": 40.0 }, "geometry": { "type": "Polygon", "coordinates": [ [ [ -112.305833353491465, 46.616178187622801 ], [ -112.305851237602923, 46.612551806307494 ], [ -112.311079855476208, 46.612569699988398 ], [ -112.311063024019418, 46.616194917293619 ], [ -112.305833353491465, 46.616178187622801 ] ] ] } },
{ "type": "Feature", "properties": { "CountyName": "Powell", "OwnerName_Grouped": "SIEBEN RANCH CO", "OwnerName": "SIEBEN LIVESTOCK CO", "OwnerAddre": "PO BOX 835", "OwnerAdd_1": null, "OwnerAdd_2": null, "OwnerCity": "HELENA", "OwnerState": "MT", "PropType": "Vacant Land", "TotalAcres": 640.0 }, "geometry": { "type": "Polygon", "coordinates": [ [ [ -112.368621019442941, 46.612621919602475 ], [ -112.368631018143375, 46.609001280582589 ], [ -112.368640981965754, 46.60538062459409 ], [ -112.368629588732617, 46.601761710594275 ], [ -112.368606640611148, 46.59814663207441 ], [ -112.368606461555629, 46.59814375523441 ], [ -112.37384990682429, 46.598153669343489 ], [ -112.373856311957283, 46.598153687420691 ], [ -112.379099763030808, 46.598161619906378 ], [ -112.379105788890428, 46.598161827444116 ], [ -112.384349456584332, 46.598169483411603 ], [ -112.384355601942829, 46.598169505692603 ], [ -112.389605095332016, 46.598179924633421 ], [ -112.389632073234154, 46.601793819647732 ], [ -112.389642218012796, 46.605409128563664 ], [ -112.389636140668856, 46.609025731260033 ], [ -112.38963006134982, 46.612642335987942 ], [ -112.384377849562654, 46.612637256681182 ], [ -112.379125555702785, 46.612632141242216 ], [ -112.373873287678776, 46.612627052681354 ], [ -112.368621019442941, 46.612621919602475 ] ] ] } },
{ "type": "Feature", "properties": { "CountyName": "Powell", "OwnerName_Grouped": "SIEBEN RANCH CO", "OwnerName": "SIEBEN LIVESTOCK CO", "OwnerAddre": "PO BOX 835", "OwnerAdd_1": null, "OwnerAdd_2": null, "OwnerCity": "HELENA", "OwnerState": "MT", "PropType": "Vacant Land", "TotalAcres": 601.69 }, "geometry": { "type": "MultiPolygon", "coordinates": [ [ [ [ -112.347676017571914, 46.604431379658749 ], [ -112.353895844000803, 46.598139434288896 ], [ -112.358119807195365, 46.59813648072322 ], [ -112.3633631347885, 46.598140105627145 ], [ -112.368600190349397, 46.5981438226489 ], [ -112.368606461555629, 46.59814375523441 ], [ -112.368606640611148, 46.59814663207441 ], [ -112.368629588732617, 46.601761710594275 ], [ -112.368640981965754, 46.60538062459409 ], [ -112.368631018143375, 46.609001280582589 ], [ -112.368621019442941, 46.612621919602475 ], [ -112.363381431121709, 46.61263438336978 ], [ -112.358141844075149, 46.612646798260897 ], [ -112.352902198519587, 46.612659245038721 ], [ -112.347662623481142, 46.612671643000553 ], [ -112.347671841672323, 46.609034889636931 ], [ -112.347681081330308, 46.605398095364961 ], [ -112.347676017571914, 46.604431379658749 ] ] ], [ [ [ -112.347655438585889, 46.601636605825988 ], [ -112.347629244642818, 46.598148192391037 ], [ -112.348624066235828, 46.598146084744045 ], [ -112.351991986858522, 46.598140983804541 ], [ -112.347663835866712, 46.602495611860093 ], [ -112.347656769565162, 46.601772840894043 ], [ -112.347655438585889, 46.601636605825988 ] ] ] ] } },
{ "type": "Feature", "properties": { "CountyName": "Powell", "OwnerName_Grouped": "SIEBEN RANCH CO", "OwnerName": "SIEBEN LIVESTOCK CO", "OwnerAddre": "PO BOX 835", "OwnerAdd_1": null, "OwnerAdd_2": null, "OwnerCity": "HELENA", "OwnerState": "MT", "PropType": "Vacant Land", "TotalAcres": 229.9 }, "geometry": { "type": "Polygon", "coordinates": [ [ [ -112.305779387690592, 46.627062862857436 ], [ -112.305779625792752, 46.627057361932785 ], [ -112.311012733591227, 46.627069620857441 ], [ -112.316245853043384, 46.62708181701467 ], [ -112.321479116216437, 46.627093950727065 ], [ -112.326712270008301, 46.627106206606896 ], [ -112.326699136423301, 46.62980913186086 ], [ -112.326619336447223, 46.629845703051345 ], [ -112.325886564185794, 46.630093692125122 ], [ -112.317740940073179, 46.632318970039826 ], [ -112.316932128656745, 46.632594638788113 ], [ -112.314894335886422, 46.633407791039112 ], [ -112.310964212648273, 46.635182318059144 ], [ -112.310969513510784, 46.634322690214084 ], [ -112.309981664426331, 46.634321273719536 ], [ -112.310593170541054, 46.633841493370049 ], [ -112.310825903390693, 46.633540315439362 ], [ -112.310811056570145, 46.633481236743144 ], [ -112.310750189648118, 46.633467431318053 ], [ -112.30996439617256, 46.633467947883325 ], [ -112.309552608010577, 46.633369145439346 ], [ -112.309187657594421, 46.633316020186598 ], [ -112.308501079906364, 46.633187979149774 ], [ -112.30811082457717, 46.633000372853978 ], [ -112.308027558283669, 46.632707007880569 ], [ -112.307895356580161, 46.632352704909721 ], [ -112.307558832612671, 46.631941302369917 ], [ -112.306411241452821, 46.631144626160257 ], [ -112.305806501441822, 46.630801929060794 ], [ -112.305754923415478, 46.6307933552648 ], [ -112.305755711412274, 46.630769747919338 ], [ -112.305756683502267, 46.63068513841926 ], [ -112.305779387690592, 46.627062862857436 ] ] ] } },
{ "type": "Feature", "properties": { "CountyName": "Powell", "OwnerName_Grouped": "SIEBEN RANCH CO", "OwnerName": "SIEBEN LIVESTOCK COMPANY", "OwnerAddre": "PO BOX 835", "OwnerAdd_1": null, "OwnerAdd_2": null, "OwnerCity": "HELENA", "OwnerState": "MT", "PropType": "Vacant Land", "TotalAcres": 80.0 }, "geometry": { "type": "Polygon", "coordinates": [ [ [ -112.326738939203338, 46.61986474499647 ], [ -112.326752471545333, 46.616244008979791 ], [ -112.32676576171751, 46.612623299828343 ], [ -112.331971215467334, 46.612628027445297 ], [ -112.33196554131834, 46.616252084079214 ], [ -112.331959851524417, 46.619876055687584 ], [ -112.326738939203338, 46.61986474499647 ] ] ] } },
{ "type": "Feature", "properties": { "CountyName": "Powell", "OwnerName_Grouped": "SIEBEN RANCH CO", "OwnerName": "SIEBEN LIVESTOCK CO", "OwnerAddre": "PO BOX 835", "OwnerAdd_1": null, "OwnerAdd_2": null, "OwnerCity": "HELENA", "OwnerState": "MT", "PropType": "Gravel Pit", "TotalAcres": 506.75 }, "geometry": { "type": "MultiPolygon", "coordinates": [ [ [ [ -112.333651437350909, 46.599971623879512 ], [ -112.333719229149494, 46.599761125102489 ], [ -112.331976331756934, 46.599353738561881 ], [ -112.32805305846037, 46.598436633240972 ], [ -112.327585066474157, 46.599893090408791 ], [ -112.327609634542426, 46.59989955733603 ], [ -112.32703017885467, 46.601288011753866 ], [ -112.328657271268028, 46.601717466768257 ], [ -112.331997466559713, 46.602599084817726 ], [ -112.332266417592507, 46.602670082746116 ], [ -112.331997530267316, 46.60261185233491 ], [ -112.327862059739189, 46.60171623824359 ], [ -112.326974435218091, 46.601524007131005 ], [ -112.326968957948097, 46.601714843755332 ], [ -112.32692580717594, 46.60322272263938 ], [ -112.332008628475705, 46.604314925791634 ], [ -112.332374816036221, 46.604393609719345 ], [ -112.332326465510036, 46.604884948277224 ], [ -112.333166223938377, 46.605034552384957 ], [ -112.336545904334514, 46.602437065169831 ], [ -112.337215915320456, 46.60276508873433 ], [ -112.337222516537025, 46.602768256420511 ], [ -112.337791619907975, 46.603046817185216 ], [ -112.338600649250466, 46.60320643374898 ], [ -112.339544695943758, 46.603603566762963 ], [ -112.342022244240667, 46.604407815406589 ], [ -112.342447268984188, 46.604468773669502 ], [ -112.342453744672241, 46.604469870803499 ], [ -112.344743792432794, 46.604799319076733 ], [ -112.345061594520402, 46.604453403179541 ], [ -112.343352137615696, 46.604351298057686 ], [ -112.342452123683856, 46.604165535587882 ], [ -112.342445626468873, 46.60416407871498 ], [ -112.341959130462556, 46.604063761449787 ], [ -112.340490129734945, 46.603651787740823 ], [ -112.337221647974872, 46.602427389821024 ], [ -112.337219877294856, 46.601730478049319 ], [ -112.335708007584529, 46.601728238623551 ], [ -112.336902720479443, 46.600758577995656 ], [ -112.333798343544188, 46.600132103790713 ], [ -112.333064181359191, 46.601724246575053 ], [ -112.332953347812591, 46.601964575587488 ], [ -112.333053703743417, 46.601724247599115 ], [ -112.333199008072967, 46.601376358177347 ], [ -112.333651437350909, 46.599971623879512 ], [ -112.333658600549697, 46.599973335730937 ], [ -112.33566534556914, 46.600428846715161 ], [ -112.337210791807138, 46.598129224410833 ], [ -112.337238893253357, 46.598087393156703 ], [ -112.337241166634385, 46.598084008303836 ], [ -112.33753354619752, 46.598086222002706 ], [ -112.338495009361765, 46.598094276605771 ], [ -112.342419960729487, 46.598117447593417 ], [ -112.347629244642818, 46.598148192391037 ], [ -112.347655438585889, 46.601636605825988 ], [ -112.347656769565162, 46.601772840894043 ], [ -112.347663835866712, 46.602495611860093 ], [ -112.347268741133206, 46.60285745839218 ], [ -112.346881152015783, 46.603223142090549 ], [ -112.346501147078314, 46.603592588975964 ], [ -112.346128803355072, 46.603965724306363 ], [ -112.345764196335054, 46.604342472591988 ], [ -112.345407399946794, 46.604722757610439 ], [ -112.345058486543124, 46.605106502422274 ], [ -112.344717526886541, 46.60549362938638 ], [ -112.344384590134794, 46.60588406017564 ], [ -112.344059743826747, 46.606277715792835 ], [ -112.343743053868678, 46.60667451658648 ], [ -112.343434584520764, 46.60707438226698 ], [ -112.343134398383981, 46.607477231922736 ], [ -112.342842556387382, 46.607882984036621 ], [ -112.342559117775565, 46.608291556502301 ], [ -112.342284140096609, 46.608702866640847 ], [ -112.342017679190278, 46.609116831217484 ], [ -112.339844133142023, 46.612642701563402 ], [ -112.337176593756794, 46.612632779772696 ], [ -112.331971215467334, 46.612628027445297 ], [ -112.32676576171751, 46.612623299828343 ], [ -112.326782859893171, 46.608989718886725 ], [ -112.326799906501236, 46.60535614476715 ], [ -112.326763617905115, 46.60171451380964 ], [ -112.326725434547384, 46.598073036619212 ], [ -112.331968044224197, 46.598078413364597 ], [ -112.334858012249754, 46.598081371357651 ], [ -112.333651437350909, 46.599971623879512 ] ] ], [ [ [ -112.347676017571914, 46.604431379658749 ], [ -112.347681081330308, 46.605398095364961 ], [ -112.347671841672323, 46.609034889636931 ], [ -112.347662623481142, 46.612671643000553 ], [ -112.347655950823679, 46.612671540039585 ], [ -112.342419606360636, 46.612652226038797 ], [ -112.341569442636825, 46.612649088403984 ], [ -112.343800109542258, 46.609033628273622 ], [ -112.344050078515238, 46.608661565340313 ], [ -112.344308319173351, 46.608292195796956 ], [ -112.344574770276523, 46.607925606995316 ], [ -112.344849368646862, 46.607561885627774 ], [ -112.345132049183647, 46.607201117706921 ], [ -112.345422744878974, 46.606843388545109 ], [ -112.34572138683356, 46.606488782734502 ], [ -112.346027904273328, 46.606137384126974 ], [ -112.346342224566058, 46.605789275814459 ], [ -112.346664273238872, 46.60544454010919 ], [ -112.346993973995765, 46.605103258524395 ], [ -112.34733124873587, 46.604765511755019 ], [ -112.347676017571914, 46.604431379658749 ] ] ] ] } },
{ "type": "Feature", "properties": { "CountyName": "Powell", "OwnerName_Grouped": "SIEBEN RANCH CO", "OwnerName": "SIEBEN LIVESTOCK CO", "OwnerAddre": "PO BOX 835", "OwnerAdd_1": null, "OwnerAdd_2": null, "OwnerCity": "HELENA", "OwnerState": "MT", "PropType": "Vacant Land", "TotalAcres": 27.41 }, "geometry": { "type": "Polygon", "coordinates": [ [ [ -112.326695635295124, 46.630553095410555 ], [ -112.326695933231747, 46.63048391515855 ], [ -112.326697379946921, 46.630174763936331 ], [ -112.32669883992159, 46.629880834006748 ], [ -112.326699136423301, 46.62980913186086 ], [ -112.326712270008301, 46.627106206606896 ], [ -112.33059275865196, 46.627113288193215 ], [ -112.331934164303973, 46.627115705606876 ], [ -112.331948559829158, 46.627115978260534 ], [ -112.33256455155761, 46.627117023372634 ], [ -112.332580505112546, 46.627117164341229 ], [ -112.332553325089009, 46.627164947026294 ], [ -112.332418601329223, 46.627400233656608 ], [ -112.331945812184713, 46.6277306796554 ], [ -112.329511555661838, 46.629432370391619 ], [ -112.328068715033737, 46.630248547633421 ], [ -112.326825375394066, 46.630728473116079 ], [ -112.326694402629755, 46.630779017727747 ], [ -112.326694616389616, 46.630728213606226 ], [ -112.326695635295124, 46.630553095410555 ] ] ] } },
{ "type": "Feature", "properties": { "CountyName": "Powell", "OwnerName_Grouped": "SIEBEN RANCH CO", "OwnerName": "SIEBEN LIVESTOCK CO", "OwnerAddre": "PO BOX 835", "OwnerAdd_1": null, "OwnerAdd_2": null, "OwnerCity": "HELENA", "OwnerState": "MT", "PropType": "Vacant Land", "TotalAcres": 160.0 }, "geometry": { "type": "Polygon", "coordinates": [ [ [ -112.358155597883155, 46.619885375570398 ], [ -112.358162373903951, 46.623504127068905 ], [ -112.358169283411698, 46.627122961842922 ], [ -112.35291335999716, 46.627134162842331 ], [ -112.347657581849191, 46.627145387379649 ], [ -112.347645967028981, 46.625392474411896 ], [ -112.347658852190364, 46.623526993371442 ], [ -112.347660117565198, 46.619908507755333 ], [ -112.352907862580452, 46.619897108631584 ], [ -112.358155597883155, 46.619885375570398 ] ] ] } },
{ "type": "Feature", "properties": { "CountyName": "Powell", "OwnerName_Grouped": "SIEBEN RANCH CO", "OwnerName": "SIEBEN LIVESTOCK CO", "OwnerAddre": "PO BOX 835", "OwnerAdd_1": null, "OwnerAdd_2": null, "OwnerCity": "HELENA", "OwnerState": "MT", "PropType": "Vacant Land", "TotalAcres": 435.19 }, "geometry": { "type": "MultiPolygon", "coordinates": [ [ [ [ -112.346467302656094, 46.625425608655121 ], [ -112.342420879810419, 46.624328165708469 ], [ -112.339407754426702, 46.623510823163627 ], [ -112.337182499170922, 46.622907368672784 ], [ -112.335708985395073, 46.622507698199861 ], [ -112.337969015853488, 46.617888687166058 ], [ -112.338373429392348, 46.617173590949179 ], [ -112.341137680708997, 46.612647495557816 ], [ -112.341569442636825, 46.612649088403984 ], [ -112.342419606360636, 46.612652226038797 ], [ -112.347655950823679, 46.612671540039585 ], [ -112.347662623481142, 46.612671643000553 ], [ -112.347661385050245, 46.616290114110498 ], [ -112.347660117565198, 46.619908507755333 ], [ -112.347658852190364, 46.623526993371442 ], [ -112.347645967028981, 46.625392474411896 ], [ -112.347633302436577, 46.625392790868574 ], [ -112.346467302656094, 46.625425608655121 ] ] ], [ [ [ -112.326725671479878, 46.623485475441129 ], [ -112.326738939203338, 46.61986474499647 ], [ -112.331959851524417, 46.619876055687584 ], [ -112.33196554131834, 46.616252084079214 ], [ -112.331971215467334, 46.612628027445297 ], [ -112.337176593756794, 46.612632779772696 ], [ -112.339844133142023, 46.612642701563402 ], [ -112.337148784590397, 46.617057645027153 ], [ -112.33636428539053, 46.618564717272953 ], [ -112.333593914171558, 46.62423407395783 ], [ -112.333492887660881, 46.624422367799042 ], [ -112.333382161528903, 46.624608054843357 ], [ -112.333261877046255, 46.624790898014275 ], [ -112.33313218769176, 46.624970663863884 ], [ -112.332993258957003, 46.625147122870963 ], [ -112.33284526813533, 46.625320049734142 ], [ -112.33268840409589, 46.625489223659812 ], [ -112.332522867042798, 46.625654428643998 ], [ -112.332348868259814, 46.625815453748409 ], [ -112.332166629840799, 46.625972093369874 ], [ -112.331976384406389, 46.626124147503027 ], [ -112.331778374807143, 46.62627142199586 ], [ -112.33059275865196, 46.627113288193215 ], [ -112.326712270008301, 46.627106206606896 ], [ -112.326725671479878, 46.623485475441129 ] ] ] ] } },
{ "type": "Feature", "properties": { "CountyName": "Powell", "OwnerName_Grouped": "SIEBEN RANCH CO", "OwnerName": "SIEBEN LIVESTOCK CO", "OwnerAddre": "PO BOX 835", "OwnerAdd_1": null, "OwnerAdd_2": null, "OwnerCity": "HELENA", "OwnerState": "MT", "PropType": "Vacant Land", "TotalAcres": 600.0 }, "geometry": { "type": "Polygon", "coordinates": [ [ [ -112.305779625792752, 46.627057361932785 ], [ -112.305797537307825, 46.623430968856049 ], [ -112.305815313440661, 46.619804581902116 ], [ -112.305833353491465, 46.616178187622801 ], [ -112.311063024019418, 46.616194917293619 ], [ -112.311079855476208, 46.612569699988398 ], [ -112.316308482887891, 46.612587570059141 ], [ -112.321537118560798, 46.612605441770022 ], [ -112.32676576171751, 46.612623299828343 ], [ -112.326752471545333, 46.616244008979791 ], [ -112.326738939203338, 46.61986474499647 ], [ -112.326725671479878, 46.623485475441129 ], [ -112.326712270008301, 46.627106206606896 ], [ -112.321479116216437, 46.627093950727065 ], [ -112.316245853043384, 46.62708181701467 ], [ -112.311012733591227, 46.627069620857441 ], [ -112.305779625792752, 46.627057361932785 ] ] ] } },
{ "type": "Feature", "properties": { "CountyName": "Powell", "OwnerName_Grouped": "SIEBEN RANCH CO", "OwnerName": "SIEBEN LIVESTOCK CO", "OwnerAddre": "PO BOX 835", "OwnerAdd_1": null, "OwnerAdd_2": null, "OwnerCity": "HELENA", "OwnerState": "MT", "PropType": "Vacant Land", "TotalAcres": 51.74 }, "geometry": { "type": "Polygon", "coordinates": [ [ [ -112.326725434547384, 46.598073036619212 ], [ -112.326686192042544, 46.594458013279343 ], [ -112.326675949434801, 46.59351514057014 ], [ -112.327755547703077, 46.594460432853076 ], [ -112.328409561183122, 46.595033087375121 ], [ -112.331945893560999, 46.595732417393137 ], [ -112.332696999144062, 46.595880956987642 ], [ -112.334359956585075, 46.596837810110635 ], [ -112.337205450642244, 46.597512673339025 ], [ -112.337205501541277, 46.597517891589575 ], [ -112.335466429525979, 46.597121608406468 ], [ -112.334858012249754, 46.598081371357651 ], [ -112.331968044224197, 46.598078413364597 ], [ -112.326725434547384, 46.598073036619212 ] ] ] } },
{ "type": "Feature", "properties": { "CountyName": "Powell", "OwnerName_Grouped": "SIEBEN RANCH CO", "OwnerName": "SIEBEN LIVESTOCK CO", "OwnerAddre": "PO BOX 835", "OwnerAdd_1": null, "OwnerAdd_2": null, "OwnerCity": "HELENA", "OwnerState": "MT", "PropType": "Vacant Land", "TotalAcres": 519.94 }, "geometry": { "type": "Polygon", "coordinates": [ [ [ -112.347535672904101, 46.583677571044049 ], [ -112.34755575756401, 46.587295643196789 ], [ -112.347575843515742, 46.590913712964934 ], [ -112.347599097450001, 46.594530953357193 ], [ -112.347613977041647, 46.596844858372428 ], [ -112.344977440128602, 46.596186563248935 ], [ -112.3424058553789, 46.596407128948279 ], [ -112.342400262327004, 46.596407539128762 ], [ -112.340956940188121, 46.596531408840391 ], [ -112.337193853350229, 46.596242649331963 ], [ -112.337188597448986, 46.596242240208582 ], [ -112.336611217806123, 46.596197944611234 ], [ -112.333051839925943, 46.595309641160945 ], [ -112.332020333286195, 46.594470023008839 ], [ -112.331933298762934, 46.594399159703961 ], [ -112.331840915466316, 46.594323966774958 ], [ -112.326746394758757, 46.592569437218771 ], [ -112.326669180026798, 46.592466344013808 ], [ -112.326654928494733, 46.590842991674535 ], [ -112.326638475753271, 46.58722791431849 ], [ -112.326622005550888, 46.583612835034664 ], [ -112.331846772512264, 46.583628922373251 ], [ -112.331850432285336, 46.583629011241044 ], [ -112.337078833211692, 46.583645216841859 ], [ -112.34230726543764, 46.583661394568985 ], [ -112.347535672904101, 46.583677571044049 ] ] ] } },
{ "type": "Feature", "properties": { "CountyName": "Powell", "OwnerName_Grouped": "SIEBEN RANCH CO", "OwnerName": "SIEBEN LIVESTOCK CO", "OwnerAddre": "PO BOX 835", "OwnerAdd_1": null, "OwnerAdd_2": null, "OwnerCity": "HELENA", "OwnerState": "MT", "PropType": "Vacant Land", "TotalAcres": 167.36 }, "geometry": { "type": "Polygon", "coordinates": [ [ [ -112.309353742803737, 46.641573840023149 ], [ -112.309446167571991, 46.641289642866724 ], [ -112.309337779430209, 46.640966276263818 ], [ -112.309142973398238, 46.640690979914936 ], [ -112.309011207375846, 46.640320454741584 ], [ -112.308806706583027, 46.639858956693075 ], [ -112.308581934169652, 46.639460106150814 ], [ -112.308446144899818, 46.639012222290184 ], [ -112.308151540980603, 46.638552949445028 ], [ -112.30783587167511, 46.638141031662094 ], [ -112.307660471665116, 46.637944243405698 ], [ -112.310948016491409, 46.637948904195561 ], [ -112.310959501745003, 46.635965039207171 ], [ -112.316550115074051, 46.633504249588476 ], [ -112.317390797153436, 46.633172491934204 ], [ -112.318111690490753, 46.632925935027373 ], [ -112.326298562572433, 46.630687896930041 ], [ -112.326615823575025, 46.630574445234288 ], [ -112.326695635295124, 46.630553095410555 ], [ -112.326694616389616, 46.630728213606226 ], [ -112.326694402629755, 46.630779017727747 ], [ -112.32638785674078, 46.6308973370638 ], [ -112.321451894765744, 46.632291661740155 ], [ -112.321147684979863, 46.632377573830901 ], [ -112.321444192640257, 46.633781406101228 ], [ -112.321562410275973, 46.634341487342361 ], [ -112.321678671640598, 46.634891622158449 ], [ -112.321437504890596, 46.635065584176402 ], [ -112.319310149919261, 46.636599817668639 ], [ -112.321426425407452, 46.637178053289944 ], [ -112.321769347532168, 46.637271766666771 ], [ -112.321424459898651, 46.637555398325837 ], [ -112.320927621340175, 46.637963942171616 ], [ -112.317702041446452, 46.640615938285983 ], [ -112.318322018543384, 46.641584111045965 ], [ -112.316164923373748, 46.641581462341136 ], [ -112.31092637886475, 46.641575034294995 ], [ -112.31090674735016, 46.641574983833173 ], [ -112.309353742803737, 46.641573840023149 ] ] ] } },
{ "type": "Feature", "properties": { "CountyName": "Powell", "OwnerName_Grouped": "SIEBEN RANCH CO", "OwnerName": "SIEBEN LIVESTOCK CO", "OwnerAddre": "PO BOX 835", "OwnerAdd_1": null, "OwnerAdd_2": null, "OwnerCity": "HELENA", "OwnerState": "MT", "PropType": "Improved Property", "TotalAcres": 572.09 }, "geometry": { "type": "MultiPolygon", "coordinates": [ [ [ [ -112.34755575756401, 46.587295643196789 ], [ -112.347535672904101, 46.583677571044049 ], [ -112.352766732627785, 46.583680008173936 ], [ -112.357997795031608, 46.583682443956945 ], [ -112.357998178896125, 46.583684414041251 ], [ -112.358001989032346, 46.584155867863714 ], [ -112.358002768580832, 46.584254604958439 ], [ -112.358830640164882, 46.584258339022618 ], [ -112.3588303286339, 46.584154457002192 ], [ -112.358828722862867, 46.583682952931085 ], [ -112.359420902391705, 46.583683230839711 ], [ -112.359421828597391, 46.583683230934383 ], [ -112.359425620186769, 46.583862141155691 ], [ -112.359419945084554, 46.584041027685259 ], [ -112.359404810748742, 46.584219652476285 ], [ -112.359380237225238, 46.584397777827903 ], [ -112.359346257121842, 46.584575166701534 ], [ -112.35930291556528, 46.584751583036372 ], [ -112.359250270141587, 46.584926792063449 ], [ -112.359188390820051, 46.585100560618223 ], [ -112.353509926369597, 46.596224003838572 ], [ -112.353402407427225, 46.596421703157539 ], [ -112.3532854976024, 46.596616853410666 ], [ -112.353159323728036, 46.596809242715132 ], [ -112.353024022699586, 46.596998662183516 ], [ -112.352879741327058, 46.597184906150787 ], [ -112.352726636175717, 46.597367772397604 ], [ -112.352564873396545, 46.59754706237009 ], [ -112.351991986858522, 46.598140983804541 ], [ -112.348624066235828, 46.598146084744045 ], [ -112.347629244642818, 46.598148192391037 ], [ -112.347625993185815, 46.59781732039562 ], [ -112.347613977041647, 46.596844858372428 ], [ -112.347599097450001, 46.594530953357193 ], [ -112.347575843515742, 46.590913712964934 ], [ -112.34755575756401, 46.587295643196789 ] ] ], [ [ [ -112.361010495335108, 46.583683935893383 ], [ -112.363228860138292, 46.583684878392681 ], [ -112.368459900717667, 46.583687314871412 ], [ -112.368496534798524, 46.587301412147404 ], [ -112.368533173912695, 46.590915535816094 ], [ -112.368569815240576, 46.594529632792849 ], [ -112.368606461555629, 46.59814375523441 ], [ -112.368600190349397, 46.5981438226489 ], [ -112.3633631347885, 46.598140105627145 ], [ -112.358119807195365, 46.59813648072322 ], [ -112.353895844000803, 46.598139434288896 ], [ -112.354058176317295, 46.597966640422385 ], [ -112.354212756852377, 46.597790501623727 ], [ -112.354359440732665, 46.597611183057914 ], [ -112.354498090493607, 46.597428852869989 ], [ -112.354628576208157, 46.597243682027148 ], [ -112.354750775608352, 46.59705584415854 ], [ -112.354864574199667, 46.596865515392288 ], [ -112.354969865368176, 46.596672874190148 ], [ -112.360726723940132, 46.585391205607053 ], [ -112.360794001926891, 46.585205288444357 ], [ -112.360852454454374, 46.585017958117056 ], [ -112.360902019493849, 46.584829413711915 ], [ -112.360942644463535, 46.584639855603882 ], [ -112.360974286284176, 46.584449485243105 ], [ -112.360996911424365, 46.584258504940848 ], [ -112.361010495935844, 46.584067117654328 ], [ -112.361015025478466, 46.58387552677123 ], [ -112.361010495335108, 46.583683935893383 ] ] ] ] } },
{ "type": "Feature", "properties": { "CountyName": "Powell", "OwnerName_Grouped": "SIEBEN RANCH CO", "OwnerName": "SIEBEN LIVESTOCK CO", "OwnerAddre": "PO BOX 835", "OwnerAdd_1": null, "OwnerAdd_2": null, "OwnerCity": "HELENA", "OwnerState": "MT", "PropType": "Vacant Land", "TotalAcres": 4.76 }, "geometry": { "type": "MultiPolygon", "coordinates": [ [ [ [ -112.342419960729487, 46.598117447593417 ], [ -112.338495009361765, 46.598094276605771 ], [ -112.338568823999438, 46.598011279314676 ], [ -112.342418731750868, 46.597967887121143 ], [ -112.345720813219586, 46.597930698251545 ], [ -112.346700750478618, 46.597507370732679 ], [ -112.347625993185815, 46.59781732039562 ], [ -112.347629244642818, 46.598148192391037 ], [ -112.342419960729487, 46.598117447593417 ] ] ], [ [ [ -112.337241166634385, 46.598084008303836 ], [ -112.337566328005195, 46.597600127920309 ], [ -112.337882952444374, 46.597673374372654 ], [ -112.33753354619752, 46.598086222002706 ], [ -112.337241166634385, 46.598084008303836 ] ] ] ] } },
{ "type": "Feature", "properties": { "CountyName": "Lewis and Clark", "OwnerName_Grouped": "SIEBEN RANCH CO", "OwnerName": "SIEBEN RANCH COMPANY", "OwnerAddre": "PO BOX 1683", "OwnerAdd_1": null, "OwnerAdd_2": null, "OwnerCity": "HELENA", "OwnerState": "MT", "PropType": "Vacant Land", "TotalAcres": 545.12 }, "geometry": { "type": "Polygon", "coordinates": [ [ [ -112.190504502007499, 46.919229539105352 ], [ -112.185676427587481, 46.919230370623474 ], [ -112.185235516393476, 46.91923035387903 ], [ -112.180407448380322, 46.919231277919856 ], [ -112.179966539842752, 46.919231267808726 ], [ -112.175132081106199, 46.919231628095375 ], [ -112.174692225186803, 46.919231645947669 ], [ -112.169417884716751, 46.919232108256971 ], [ -112.169441242146462, 46.917987476896442 ], [ -112.16946351627314, 46.916800735808671 ], [ -112.169509395833714, 46.914369279134355 ], [ -112.169545297701674, 46.91073969181479 ], [ -112.169581198756575, 46.907110078168692 ], [ -112.175176518894105, 46.907112318134089 ], [ -112.180443370499972, 46.907114443333263 ], [ -112.185697843615273, 46.907116537571788 ], [ -112.190952150998555, 46.90711845809038 ], [ -112.190949058386508, 46.910734185352055 ], [ -112.190945939147937, 46.914349912241406 ], [ -112.190945152309382, 46.917966916987901 ], [ -112.190945158434772, 46.919229933290417 ], [ -112.190504502007499, 46.919229539105352 ] ] ] } },
{ "type": "Feature", "properties": { "CountyName": "Lewis and Clark", "OwnerName_Grouped": "SIEBEN RANCH CO", "OwnerName": "SIEBEN RANCH CO", "OwnerAddre": "PO BOX 1683", "OwnerAdd_1": null, "OwnerAdd_2": null, "OwnerCity": "HELENA", "OwnerState": "MT", "PropType": "Vacant Land", "TotalAcres": 320.0 }, "geometry": { "type": "Polygon", "coordinates": [ [ [ -112.009714817446692, 46.776929233957347 ], [ -112.009695074684103, 46.773443630969489 ], [ -112.009675188379646, 46.769957760677954 ], [ -112.009655597240481, 46.766471474748258 ], [ -112.009635708355972, 46.762984987074397 ], [ -112.014991357203542, 46.762801135862873 ], [ -112.020347108311782, 46.762617255970227 ], [ -112.020336869771427, 46.766206526142248 ], [ -112.020326770492915, 46.769795971114355 ], [ -112.020316139028608, 46.773385247300418 ], [ -112.02030605544239, 46.776975054847902 ], [ -112.015010501704154, 46.776952099296672 ], [ -112.009714817446692, 46.776929233957347 ] ] ] } },
{ "type": "Feature", "properties": { "CountyName": "Lewis and Clark", "OwnerName_Grouped": "SIEBEN RANCH CO", "OwnerName": "SIEBEN RANCH COMPANY", "OwnerAddre": "PO BOX 1683", "OwnerAdd_1": null, "OwnerAdd_2": null, "OwnerCity": "HELENA", "OwnerState": "MT", "PropType": "Vacant Land", "TotalAcres": 311.0 }, "geometry": { "type": "Polygon", "coordinates": [ [ [ -111.999123984490041, 46.776883616623103 ], [ -111.999073994648896, 46.77350106639792 ], [ -111.999023902570343, 46.770118548870315 ], [ -111.998974329819532, 46.766735901830458 ], [ -111.998924205579783, 46.763353293761405 ], [ -112.004280113457384, 46.763169405047755 ], [ -112.009635708355972, 46.762984987074397 ], [ -112.009655597240481, 46.766471474748258 ], [ -112.009675188379646, 46.769957760677954 ], [ -112.009695074684103, 46.773443630969489 ], [ -112.009714817446692, 46.776929233957347 ], [ -112.004419403439471, 46.776906480622543 ], [ -111.999123984490041, 46.776883616623103 ] ] ] } },
{ "type": "Feature", "properties": { "CountyName": "Lewis and Clark", "OwnerName_Grouped": "SIEBEN RANCH CO", "OwnerName": "SIEBEN RANCH COMPANY", "OwnerAddre": "PO BOX 1683", "OwnerAdd_1": null, "OwnerAdd_2": null, "OwnerCity": "HELENA", "OwnerState": "MT", "PropType": "Vacant Land", "TotalAcres": 426.0 }, "geometry": { "type": "Polygon", "coordinates": [ [ [ -111.978115700376591, 46.77656106062279 ], [ -111.978097212159653, 46.77301002266649 ], [ -111.978078067615797, 46.769458908580816 ], [ -111.978059193372559, 46.765908058447273 ], [ -111.983287604389758, 46.766115119554669 ], [ -111.983261220976104, 46.762606187142602 ], [ -111.98848211249215, 46.762855103123265 ], [ -111.993703165604757, 46.763104019719698 ], [ -111.998924205579783, 46.763353293761405 ], [ -111.998974329819532, 46.766735901830458 ], [ -111.993745359474985, 46.766529170919561 ], [ -111.98851680577873, 46.76632209375807 ], [ -111.988551113565848, 46.769789152922328 ], [ -111.988585681603979, 46.773255734278791 ], [ -111.993829629556373, 46.773378619814899 ], [ -111.999073994648896, 46.77350106639792 ], [ -111.999123984490041, 46.776883616623103 ], [ -111.993871837952383, 46.776802941610484 ], [ -111.988620117930324, 46.776722346177465 ], [ -111.983368238928165, 46.776641755785597 ], [ -111.978115700376591, 46.77656106062279 ] ] ] } },
{ "type": "Feature", "properties": { "CountyName": "Lewis and Clark", "OwnerName_Grouped": "SIEBEN RANCH CO", "OwnerName": "SIEBEN LIVESTOCK COMPANY", "OwnerAddre": "PO BOX 835", "OwnerAdd_1": null, "OwnerAdd_2": null, "OwnerCity": "HELENA", "OwnerState": "MT", "PropType": "Vacant Land", "TotalAcres": 320.0 }, "geometry": { "type": "Polygon", "coordinates": [ [ [ -111.672056441157252, 46.891825793306822 ], [ -111.672077909184665, 46.888214419401656 ], [ -111.672099897891115, 46.884603032838001 ], [ -111.672121135005256, 46.880985669094336 ], [ -111.672142766568044, 46.877368386958416 ], [ -111.677416619881967, 46.877370000119022 ], [ -111.682690083002115, 46.877371713106363 ], [ -111.68267958830009, 46.880985787798608 ], [ -111.682669094531121, 46.884599950717124 ], [ -111.682658451486844, 46.888213576218924 ], [ -111.682648089325141, 46.891827650142758 ], [ -111.677352389624261, 46.891826626431858 ], [ -111.672056441157252, 46.891825793306822 ] ] ] } },
{ "type": "Feature", "properties": { "CountyName": "Lewis and Clark", "OwnerName_Grouped": "SIEBEN RANCH CO", "OwnerName": "SIEBEN RANCH CO", "OwnerAddre": "PO BOX 1683", "OwnerAdd_1": null, "OwnerAdd_2": null, "OwnerCity": "HELENA", "OwnerState": "MT", "PropType": "Vacant Land", "TotalAcres": 639.6 }, "geometry": { "type": "Polygon", "coordinates": [ [ [ -112.275356262333219, 46.878253594240853 ], [ -112.275353462411701, 46.874610999175125 ], [ -112.275350352866042, 46.870968019892473 ], [ -112.275347643436064, 46.867325149820054 ], [ -112.275344573849992, 46.863682441680119 ], [ -112.280611887446298, 46.863683850065627 ], [ -112.285879068094829, 46.86368523220046 ], [ -112.291147560512456, 46.863688058669553 ], [ -112.296417609111757, 46.863689726724672 ], [ -112.296424875355797, 46.866859371092765 ], [ -112.296426009435123, 46.867334102965771 ], [ -112.296433393481664, 46.87048210922692 ], [ -112.296433525365003, 46.87097844511235 ], [ -112.296440657647537, 46.87410490518608 ], [ -112.296441881577891, 46.874623063058138 ], [ -112.296449638142462, 46.877727421408828 ], [ -112.296448970552021, 46.878267410375109 ], [ -112.291197192375577, 46.878265088310158 ], [ -112.285920372979746, 46.878261149863768 ], [ -112.280638063038438, 46.878257302227112 ], [ -112.275356262333219, 46.878253594240853 ] ] ] } },
{ "type": "Feature", "properties": { "CountyName": "Lewis and Clark", "OwnerName_Grouped": "SIEBEN RANCH CO", "OwnerName": "SIEBEN RANCH CO", "OwnerAddre": "PO BOX 1683", "OwnerAdd_1": null, "OwnerAdd_2": null, "OwnerCity": "HELENA", "OwnerState": "MT", "PropType": "Vacant Land", "TotalAcres": 320.0 }, "geometry": { "type": "Polygon", "coordinates": [ [ [ -112.296449638142462, 46.877727421408828 ], [ -112.296441881577891, 46.874623063058138 ], [ -112.296440657647537, 46.87410490518608 ], [ -112.296433525365003, 46.87097844511235 ], [ -112.296433393481664, 46.87048210922692 ], [ -112.296426009435123, 46.867334102965771 ], [ -112.296424875355797, 46.866859371092765 ], [ -112.296417609111757, 46.863689726724672 ], [ -112.29641758353948, 46.863236631842362 ], [ -112.301708618517708, 46.863224737651286 ], [ -112.307000174460953, 46.863212712432691 ], [ -112.307007202538117, 46.866832956775418 ], [ -112.30171647156682, 46.866846209723064 ], [ -112.301724061324649, 46.870467546958082 ], [ -112.307014209632612, 46.870452930639132 ], [ -112.307021624794288, 46.87407257572594 ], [ -112.312311672347306, 46.874056361617981 ], [ -112.312318409644391, 46.877674593560776 ], [ -112.307028649406732, 46.877692316954089 ], [ -112.301738746934561, 46.877709804189571 ], [ -112.296449638142462, 46.877727421408828 ] ] ] } },
{ "type": "Feature", "properties": { "CountyName": "Lewis and Clark", "OwnerName_Grouped": "SIEBEN RANCH CO", "OwnerName": "SIEBEN RANCH CO", "OwnerAddre": "PO BOX 1683", "OwnerAdd_1": null, "OwnerAdd_2": null, "OwnerCity": "HELENA", "OwnerState": "MT", "PropType": "Vacant Land", "TotalAcres": 480.0 }, "geometry": { "type": "Polygon", "coordinates": [ [ [ -112.254211520115604, 46.8782292590056 ], [ -112.254221423805305, 46.874594619901451 ], [ -112.254231542621639, 46.870959616255547 ], [ -112.254241295501259, 46.867324620553923 ], [ -112.259518092983868, 46.867328960332685 ], [ -112.264794538374005, 46.867327885250624 ], [ -112.270070855255568, 46.86732690543915 ], [ -112.275347643436064, 46.867325149820054 ], [ -112.275350352866042, 46.870968019892473 ], [ -112.275353462411701, 46.874610999175125 ], [ -112.275356262333219, 46.878253594240853 ], [ -112.270069715545006, 46.87825290043282 ], [ -112.264783564613197, 46.878251560597967 ], [ -112.259497412774508, 46.878240472621847 ], [ -112.254211520115604, 46.8782292590056 ] ] ] } },
{ "type": "Feature", "properties": { "CountyName": "Lewis and Clark", "OwnerName_Grouped": "SIEBEN RANCH CO", "OwnerName": "SIEBEN RANCH COMPANY", "OwnerAddre": "PO BOX 1683", "OwnerAdd_1": null, "OwnerAdd_2": null, "OwnerCity": "HELENA", "OwnerState": "MT", "PropType": "Vacant Land", "TotalAcres": 238.8 }, "geometry": { "type": "Polygon", "coordinates": [ [ [ -112.148185177383425, 46.892275343235788 ], [ -112.148247419569941, 46.888680349046219 ], [ -112.153685852445932, 46.888756488394364 ], [ -112.1591241560117, 46.888832921598343 ], [ -112.159144887490868, 46.88518740365884 ], [ -112.164473348641394, 46.885237295389722 ], [ -112.169749008528598, 46.885286536840461 ], [ -112.169740188576839, 46.888959906379625 ], [ -112.169731221131457, 46.892632947855539 ], [ -112.164471828678089, 46.892556444406885 ], [ -112.159103290539292, 46.892477964338966 ], [ -112.153644227432508, 46.892376608047094 ], [ -112.148185177383425, 46.892275343235788 ] ] ] } },
{ "type": "Feature", "properties": { "CountyName": "Lewis and Clark", "OwnerName_Grouped": "SIEBEN RANCH CO", "OwnerName": "SIEBEN RANCH CO", "OwnerAddre": "PO BOX 1683", "OwnerAdd_1": null, "OwnerAdd_2": null, "OwnerCity": "HELENA", "OwnerState": "MT", "PropType": "Vacant Land", "TotalAcres": 153.48 }, "geometry": { "type": "Polygon", "coordinates": [ [ [ -112.658706948465294, 46.994917455077065 ], [ -112.658637173403591, 46.991305360546079 ], [ -112.658567526248405, 46.987693174920267 ], [ -112.663830430073773, 46.98773279085718 ], [ -112.668666322729749, 46.987769702003078 ], [ -112.668684247307397, 46.991367227373559 ], [ -112.668702268857544, 46.994964568675599 ], [ -112.663935208843469, 46.994942324124011 ], [ -112.658706948465294, 46.994917455077065 ] ] ] } },
{ "type": "Feature", "properties": { "CountyName": "Lewis and Clark", "OwnerName_Grouped": "SIEBEN RANCH CO", "OwnerName": "SIEBEN LIVESTOCK COMPANY", "OwnerAddre": "PO BOX 835", "OwnerAdd_1": null, "OwnerAdd_2": null, "OwnerCity": "HELENA", "OwnerState": "MT", "PropType": "Improved Property", "TotalAcres": 605.29 }, "geometry": { "type": "Polygon", "coordinates": [ [ [ -111.682690083002115, 46.877371713106363 ], [ -111.682689641878653, 46.873753289491226 ], [ -111.68268984826345, 46.870134674368074 ], [ -111.682689403704856, 46.866516160900041 ], [ -111.682689218458094, 46.862897370628133 ], [ -111.687964221790082, 46.862896754812986 ], [ -111.693239481312261, 46.862895775148274 ], [ -111.698514761179538, 46.862895246531458 ], [ -111.703789493788875, 46.862894097592942 ], [ -111.703792072621425, 46.866503945597863 ], [ -111.70379387864665, 46.870113540286418 ], [ -111.703795938189273, 46.87372357768119 ], [ -111.703798288166496, 46.87733361224025 ], [ -111.698521132982336, 46.877343069389838 ], [ -111.693244383077413, 46.877352701723382 ], [ -111.687966972446404, 46.877362259590711 ], [ -111.682690083002115, 46.877371713106363 ] ] ] } },
{ "type": "Feature", "properties": { "CountyName": "Lewis and Clark", "OwnerName_Grouped": "SIEBEN RANCH CO", "OwnerName": "SIEBEN RANCH COMPANY", "OwnerAddre": "PO BOX 1683", "OwnerAdd_1": null, "OwnerAdd_2": null, "OwnerCity": "HELENA", "OwnerState": "MT", "PropType": "Vacant Land", "TotalAcres": 120.0 }, "geometry": { "type": "Polygon", "coordinates": [ [ [ -112.467035979455844, 47.005937641341113 ], [ -112.464268238607147, 47.005934246113029 ], [ -112.458969969632008, 47.005927816254975 ], [ -112.458974631116803, 47.002313294089774 ], [ -112.459093411141993, 47.002313512196594 ], [ -112.464270875496666, 47.002327829163498 ], [ -112.469567359472563, 47.002342447264091 ], [ -112.474818045067309, 47.002321505985769 ], [ -112.474830713874795, 47.005929345183269 ], [ -112.469566786483497, 47.005940783886714 ], [ -112.467035979455844, 47.005937641341113 ] ] ] } },
{ "type": "Feature", "properties": { "CountyName": "Lewis and Clark", "OwnerName_Grouped": "SIEBEN RANCH CO", "OwnerName": "SIEBEN RANCH CO", "OwnerAddre": "PO BOX 1683", "OwnerAdd_1": null, "OwnerAdd_2": null, "OwnerCity": "HELENA", "OwnerState": "MT", "PropType": "Vacant Land", "TotalAcres": 397.29 }, "geometry": { "type": "Polygon", "coordinates": [ [ [ -112.020033132861087, 46.791333567301116 ], [ -112.020077372889091, 46.787729345565452 ], [ -112.020121076164799, 46.784125433138193 ], [ -112.020213428080169, 46.780550097941479 ], [ -112.02030605544239, 46.776975054847902 ], [ -112.025470848834587, 46.776991151299427 ], [ -112.03063645302025, 46.777007771229044 ], [ -112.034391030145073, 46.777013943440934 ], [ -112.034757684490941, 46.778374718831799 ], [ -112.034893110820448, 46.779181933676817 ], [ -112.035056916565225, 46.780071098724633 ], [ -112.035008040213043, 46.781047850223182 ], [ -112.035000230470942, 46.781874829849627 ], [ -112.034890584280603, 46.78258835290908 ], [ -112.034729634635127, 46.783237096401692 ], [ -112.034526323527103, 46.784002413572907 ], [ -112.034293169658582, 46.784652313129243 ], [ -112.033992636328762, 46.785402861705954 ], [ -112.033618377544585, 46.786122089199303 ], [ -112.033191241405333, 46.786743247569106 ], [ -112.032771349435265, 46.787512924770112 ], [ -112.03222952991257, 46.788252435442757 ], [ -112.031681341463639, 46.788859696871029 ], [ -112.031107103503473, 46.789434663302671 ], [ -112.028744141386284, 46.791353307576856 ], [ -112.025270538920722, 46.791345029065518 ], [ -112.020033132861087, 46.791333567301116 ] ] ] } },
{ "type": "Feature", "properties": { "CountyName": "Lewis and Clark", "OwnerName_Grouped": "SIEBEN RANCH CO", "OwnerName": "SIEBEN RANCH CO", "OwnerAddre": "PO BOX 1683", "OwnerAdd_1": null, "OwnerAdd_2": null, "OwnerCity": "HELENA", "OwnerState": "MT", "PropType": "Vacant Land", "TotalAcres": 640.0 }, "geometry": { "type": "Polygon", "coordinates": [ [ [ -111.999001945414477, 46.791115470701399 ], [ -111.999032330504789, 46.787557616097892 ], [ -111.999062835493334, 46.783999577301124 ], [ -111.999093606333304, 46.780441561852165 ], [ -111.999123984490041, 46.776883616623103 ], [ -112.004419403439471, 46.776906480622543 ], [ -112.009714817446692, 46.776929233957347 ], [ -112.015010501704154, 46.776952099296672 ], [ -112.02030605544239, 46.776975054847902 ], [ -112.020213428080169, 46.780550097941479 ], [ -112.020121076164799, 46.784125433138193 ], [ -112.020077372889091, 46.787729345565452 ], [ -112.020033132861087, 46.791333567301116 ], [ -112.014775384899494, 46.791278915206021 ], [ -112.009517617509104, 46.791224470747082 ], [ -112.004259845524587, 46.791169906693611 ], [ -111.999001945414477, 46.791115470701399 ] ] ] } },
{ "type": "Feature", "properties": { "CountyName": "Lewis and Clark", "OwnerName_Grouped": "SIEBEN RANCH CO", "OwnerName": "SIEBEN RANCH CO", "OwnerAddre": "PO BOX 1683", "OwnerAdd_1": null, "OwnerAdd_2": null, "OwnerCity": "HELENA", "OwnerState": "MT", "PropType": "Vacant Land", "TotalAcres": 640.0 }, "geometry": { "type": "Polygon", "coordinates": [ [ [ -111.978055154458161, 46.790855465848324 ], [ -111.978070182695433, 46.787281550438081 ], [ -111.978085761671181, 46.783708134947716 ], [ -111.978100812031627, 46.780134642194959 ], [ -111.978115700376591, 46.77656106062279 ], [ -111.983368238928165, 46.776641755785597 ], [ -111.988620117930324, 46.776722346177465 ], [ -111.993871837952383, 46.776802941610484 ], [ -111.999123984490041, 46.776883616623103 ], [ -111.999093606333304, 46.780441561852165 ], [ -111.999062835493334, 46.783999577301124 ], [ -111.999032330504789, 46.787557616097892 ], [ -111.999001945414477, 46.791115470701399 ], [ -111.993765169870855, 46.791050614445183 ], [ -111.988528357289624, 46.79098557733537 ], [ -111.983291937821107, 46.790920531005696 ], [ -111.978055154458161, 46.790855465848324 ] ] ] } },
{ "type": "Feature", "properties": { "CountyName": "Lewis and Clark", "OwnerName_Grouped": "SIEBEN RANCH CO", "OwnerName": "SIEBEN RANCH COMPANY", "OwnerAddre": "PO BOX 1683", "OwnerAdd_1": null, "OwnerAdd_2": null, "OwnerCity": "HELENA", "OwnerState": "MT", "PropType": "Vacant Land", "TotalAcres": 523.88 }, "geometry": { "type": "Polygon", "coordinates": [ [ [ -112.295427619001018, 46.919334686908059 ], [ -112.291156886815173, 46.919330019844644 ], [ -112.290365700559661, 46.91932912992359 ], [ -112.285890039527729, 46.919324234724975 ], [ -112.285098718782535, 46.919323347659621 ], [ -112.280636044551088, 46.919318655262884 ], [ -112.279844828552086, 46.919317822050083 ], [ -112.275382024001033, 46.919313106065161 ], [ -112.275380124496181, 46.918039402144061 ], [ -112.275375175468412, 46.914425428020415 ], [ -112.275371771492672, 46.910811759422579 ], [ -112.275369478426981, 46.907193311975405 ], [ -112.28064375031812, 46.90720443104879 ], [ -112.285917199754195, 46.90721891410454 ], [ -112.291191490379035, 46.907224032304761 ], [ -112.296512474900581, 46.907225578234076 ], [ -112.29651919469498, 46.910294657937094 ], [ -112.296520377480277, 46.910837990109769 ], [ -112.296527068081218, 46.913907070747939 ], [ -112.296527054466495, 46.914450494067459 ], [ -112.296529215462698, 46.917525733629773 ], [ -112.296529191130944, 46.918068975894279 ], [ -112.296529087349739, 46.919332748027401 ], [ -112.295427619001018, 46.919334686908059 ] ] ] } },
{ "type": "Feature", "properties": { "CountyName": "Lewis and Clark", "OwnerName_Grouped": "SIEBEN RANCH CO", "OwnerName": "SIEBEN RANCH COMPANY", "OwnerAddre": "PO BOX 1683", "OwnerAdd_1": null, "OwnerAdd_2": null, "OwnerCity": "HELENA", "OwnerState": "MT", "PropType": "Vacant Land", "TotalAcres": 455.68 }, "geometry": { "type": "Polygon", "coordinates": [ [ [ -112.274590675908712, 46.919312220785422 ], [ -112.27009699496044, 46.919308051822668 ], [ -112.269335563534199, 46.919307447857264 ], [ -112.264811939458824, 46.919303163696611 ], [ -112.264080046547221, 46.919302368407592 ], [ -112.259527132363388, 46.919298164853444 ], [ -112.25882492337557, 46.919297605256858 ], [ -112.254242330242704, 46.919293306167042 ], [ -112.254240714640616, 46.918047899628029 ], [ -112.254235033527422, 46.914429931045369 ], [ -112.254227644552628, 46.910815081908474 ], [ -112.259513177550716, 46.910816396412514 ], [ -112.264798571854783, 46.910817193359684 ], [ -112.264794685442524, 46.907198496230009 ], [ -112.270082024363276, 46.907196039069021 ], [ -112.275369478426981, 46.907193311975405 ], [ -112.275371771492672, 46.910811759422579 ], [ -112.275375175468412, 46.914425428020415 ], [ -112.275380124496181, 46.918039402144061 ], [ -112.275382024001033, 46.919313106065161 ], [ -112.274590675908712, 46.919312220785422 ] ] ] } },
{ "type": "Feature", "properties": { "CountyName": "Lewis and Clark", "OwnerName_Grouped": "SIEBEN RANCH CO", "OwnerName": "SIEBEN RANCH COMPANY", "OwnerAddre": "PO BOX 1683", "OwnerAdd_1": null, "OwnerAdd_2": null, "OwnerCity": "HELENA", "OwnerState": "MT", "PropType": "Vacant Land", "TotalAcres": 433.3 }, "geometry": { "type": "Polygon", "coordinates": [ [ [ -112.13757556913977, 46.892315016768976 ], [ -112.132254956591439, 46.892315026378789 ], [ -112.129348499153068, 46.892315598417788 ], [ -112.129430384033824, 46.891541465648139 ], [ -112.12980941894962, 46.889737981839076 ], [ -112.130188155083374, 46.888711607771157 ], [ -112.130389341475038, 46.888166262173755 ], [ -112.132515394492984, 46.885112507204624 ], [ -112.133506059355653, 46.883685131355207 ], [ -112.135019520417757, 46.881497104397134 ], [ -112.135560115638953, 46.88071282534969 ], [ -112.136754545346008, 46.880060244257855 ], [ -112.137851120800633, 46.879632624750272 ], [ -112.139520998788157, 46.878979040772293 ], [ -112.13973792288995, 46.880566705273573 ], [ -112.1401476561023, 46.880466210767672 ], [ -112.143439362802781, 46.879658791934929 ], [ -112.145540329445069, 46.878275495970975 ], [ -112.146898200182378, 46.877885917659192 ], [ -112.147168101893584, 46.877887405802191 ], [ -112.148434155899594, 46.877894969696591 ], [ -112.14837165545579, 46.881490031699023 ], [ -112.148309789482909, 46.88508528864481 ], [ -112.148247419569941, 46.888680349046219 ], [ -112.148185177383425, 46.892275343235788 ], [ -112.142890542398519, 46.892305593087755 ], [ -112.13757556913977, 46.892315016768976 ] ] ] } },
{ "type": "Feature", "properties": { "CountyName": "Lewis and Clark", "OwnerName_Grouped": "SIEBEN RANCH CO", "OwnerName": "SIEBEN RANCH CO", "OwnerAddre": "PO BOX 1683", "OwnerAdd_1": null, "OwnerAdd_2": null, "OwnerCity": "HELENA", "OwnerState": "MT", "PropType": "Vacant Land", "TotalAcres": 426.79 }, "geometry": { "type": "Polygon", "coordinates": [ [ [ -112.532924953795202, 47.01663447078527 ], [ -112.527654686414039, 47.016647517924753 ], [ -112.522384695071835, 47.016660288156302 ], [ -112.522354197796531, 47.013053622406524 ], [ -112.522323780341324, 47.009446989295377 ], [ -112.522293125763326, 47.00584009275903 ], [ -112.522262770611192, 47.002233177152583 ], [ -112.527550926027033, 47.002219509829899 ], [ -112.527576915400672, 47.005827753229575 ], [ -112.527602765201706, 47.009435653169412 ], [ -112.527628651505339, 47.013041572847804 ], [ -112.53290355751129, 47.013029449356736 ], [ -112.538189910314799, 47.013020561188227 ], [ -112.538174958891659, 47.009412570228882 ], [ -112.53815119677941, 47.005802841931128 ], [ -112.532860477804462, 47.00581517673163 ], [ -112.532839193973956, 47.002206005943556 ], [ -112.538127565995694, 47.002192399085047 ], [ -112.543003316112731, 47.002180920506085 ], [ -112.543012360528238, 47.005791385120524 ], [ -112.543021271842804, 47.009401847442525 ], [ -112.543030571905163, 47.013012198104683 ], [ -112.543039485188302, 47.016622647768031 ], [ -112.538204866447387, 47.016628179585268 ], [ -112.532924953795202, 47.01663447078527 ] ] ] } },
{ "type": "Feature", "properties": { "CountyName": "Lewis and Clark", "OwnerName_Grouped": "SIEBEN RANCH CO", "OwnerName": "SIEBEN RANCH CO", "OwnerAddre": "PO BOX 1683", "OwnerAdd_1": null, "OwnerAdd_2": null, "OwnerCity": "HELENA", "OwnerState": "MT", "PropType": "Vacant Land", "TotalAcres": 480.0 }, "geometry": { "type": "Polygon", "coordinates": [ [ [ -112.501167414683977, 47.005867931025385 ], [ -112.501135581311615, 47.002248327273357 ], [ -112.506417605613592, 47.002244554769241 ], [ -112.511699219974773, 47.002240778139075 ], [ -112.511730200676652, 47.005854278981211 ], [ -112.511761185507112, 47.009467776651505 ], [ -112.51704234995286, 47.009457463709268 ], [ -112.522323780341324, 47.009446989295377 ], [ -112.522354197796531, 47.013053622406524 ], [ -112.522384695071835, 47.016660288156302 ], [ -112.517103861186399, 47.016676933300644 ], [ -112.511823286399192, 47.016693480261004 ], [ -112.506542491595837, 47.016710332571819 ], [ -112.501261910303626, 47.016726791582634 ], [ -112.501230183248566, 47.013107206002715 ], [ -112.501198822229952, 47.009487587911018 ], [ -112.501167414683977, 47.005867931025385 ] ] ] } },
{ "type": "Feature", "properties": { "CountyName": "Lewis and Clark", "OwnerName_Grouped": "SIEBEN RANCH CO", "OwnerName": "SIEBEN RANCH COMPANY", "OwnerAddre": "PO BOX 1683", "OwnerAdd_1": null, "OwnerAdd_2": null, "OwnerCity": "HELENA", "OwnerState": "MT", "PropType": "Improved Property", "TotalAcres": 89.9 }, "geometry": { "type": "Polygon", "coordinates": [ [ [ -112.437722116463661, 46.995162698170304 ], [ -112.43772005043391, 46.993357665330784 ], [ -112.443033937987039, 46.993362846060691 ], [ -112.443033470311946, 46.995165491461314 ], [ -112.443032280944706, 46.998769346014072 ], [ -112.443031102651062, 47.00234678327012 ], [ -112.437947454128519, 47.002385481989656 ], [ -112.437727506420785, 47.002386878860044 ], [ -112.437724736042185, 46.998774702394407 ], [ -112.437722116463661, 46.995162698170304 ] ] ] } },
{ "type": "Feature", "properties": { "CountyName": "Lewis and Clark", "OwnerName_Grouped": "SIEBEN RANCH CO", "OwnerName": "SIEBEN RANCH COMPANY", "OwnerAddre": "PO BOX 1683", "OwnerAdd_1": null, "OwnerAdd_2": null, "OwnerCity": "HELENA", "OwnerState": "MT", "PropType": "Vacant Land", "TotalAcres": 522.3 }, "geometry": { "type": "Polygon", "coordinates": [ [ [ -112.449103221272168, 47.002307407981455 ], [ -112.44875799847317, 47.002087238457854 ], [ -112.44603920033056, 47.000539046810545 ], [ -112.445859562717771, 47.000709615314967 ], [ -112.44323573715414, 47.000716414242213 ], [ -112.443238923408842, 47.001849906660887 ], [ -112.443863159292647, 47.001845908878742 ], [ -112.444073033333169, 47.001844440469824 ], [ -112.444065846001848, 47.002339398218105 ], [ -112.443031102651062, 47.00234678327012 ], [ -112.443032280944706, 46.998769346014072 ], [ -112.443033470311946, 46.995165491461314 ], [ -112.443033937987039, 46.993362846060691 ], [ -112.43772005043391, 46.993357665330784 ], [ -112.437719988711891, 46.993356587879788 ], [ -112.437719494914958, 46.991550505341444 ], [ -112.437716881605965, 46.987938310104127 ], [ -112.443035833751352, 46.987935510800739 ], [ -112.448355020361944, 46.987932525827517 ], [ -112.453673943372664, 46.987929823766372 ], [ -112.45899319073844, 46.987926751749235 ], [ -112.458988465394313, 46.991549852032684 ], [ -112.458983726787253, 46.995172673906254 ], [ -112.458978996004916, 46.998795575291737 ], [ -112.458978510924808, 46.998829380519602 ], [ -112.458974631116803, 47.002313294089774 ], [ -112.45368353368427, 47.002310117416386 ], [ -112.4536545985261, 47.00230995091583 ], [ -112.449103221272168, 47.002307407981455 ] ] ] } },
{ "type": "Feature", "properties": { "CountyName": "Lewis and Clark", "OwnerName_Grouped": "SIEBEN RANCH CO", "OwnerName": "SIEBEN RANCH COMPANY", "OwnerAddre": "PO BOX 1683", "OwnerAdd_1": null, "OwnerAdd_2": null, "OwnerCity": "HELENA", "OwnerState": "MT", "PropType": "Vacant Land", "TotalAcres": 160.0 }, "geometry": { "type": "Polygon", "coordinates": [ [ [ -111.972663886856694, 46.805378624309412 ], [ -111.972680890635843, 46.801725614990524 ], [ -111.972698170864973, 46.798072192892413 ], [ -111.972723718977662, 46.794463287240191 ], [ -111.972749105349422, 46.790854244908097 ], [ -111.972801246307156, 46.790854076618402 ], [ -111.978055154458161, 46.790855465848324 ], [ -111.978023207348102, 46.794463145881735 ], [ -111.977991645800174, 46.798070519731894 ], [ -111.97797635309891, 46.801719627884587 ], [ -111.977960705165117, 46.805368925933003 ], [ -111.972663886856694, 46.805378624309412 ] ] ] } },
{ "type": "Feature", "properties": { "CountyName": "Lewis and Clark", "OwnerName_Grouped": "SIEBEN RANCH CO", "OwnerName": "SIEBEN LIVESTOCK COMPANY", "OwnerAddre": "PO BOX 835", "OwnerAdd_1": null, "OwnerAdd_2": null, "OwnerCity": "HELENA", "OwnerState": "MT", "PropType": "Vacant Land", "TotalAcres": 159.86 }, "geometry": { "type": "Polygon", "coordinates": [ [ [ -111.703842889438391, 46.913509732553244 ], [ -111.703837665095037, 46.909904511425459 ], [ -111.703832274502929, 46.906290199972105 ], [ -111.709111424130953, 46.90628556620161 ], [ -111.71439043735262, 46.906280844276814 ], [ -111.714395093475062, 46.909898592265108 ], [ -111.714399060389169, 46.913512740986711 ], [ -111.713884613360719, 46.913512332300307 ], [ -111.713318779525551, 46.91351165240031 ], [ -111.709121159170493, 46.913507874440555 ], [ -111.708040142619623, 46.913507213914976 ], [ -111.705949203689528, 46.913508522832103 ], [ -111.703842889438391, 46.913509732553244 ] ] ] } },
{ "type": "Feature", "properties": { "CountyName": "Lewis and Clark", "OwnerName_Grouped": "SIEBEN RANCH CO", "OwnerName": "SIEBEN LIVESTOCK COMPANY", "OwnerAddre": "PO BOX 835", "OwnerAdd_1": null, "OwnerAdd_2": null, "OwnerCity": "HELENA", "OwnerState": "MT", "PropType": "Vacant Land", "TotalAcres": 199.58 }, "geometry": { "type": "Polygon", "coordinates": [ [ [ -111.693214759935813, 46.913507086241673 ], [ -111.693219255598009, 46.909899465934849 ], [ -111.687910045401182, 46.90991158259687 ], [ -111.687918712402791, 46.906298798361973 ], [ -111.693223495712502, 46.906295957302284 ], [ -111.698528148281198, 46.906293028293803 ], [ -111.703832274502929, 46.906290199972105 ], [ -111.703837665095037, 46.909904511425459 ], [ -111.703842889438391, 46.913509732553244 ], [ -111.703359180660641, 46.913509930777877 ], [ -111.702867189207552, 46.913510020996 ], [ -111.700597173829692, 46.913510742783984 ], [ -111.698535644069636, 46.913511317315702 ], [ -111.697684456384053, 46.913511439493163 ], [ -111.695566341504559, 46.913509434372912 ], [ -111.693214759935813, 46.913507086241673 ] ] ] } },
{ "type": "Feature", "properties": { "CountyName": "Lewis and Clark", "OwnerName_Grouped": "SIEBEN RANCH CO", "OwnerName": "SIEBEN LIVESTOCK COMPANY", "OwnerAddre": "PO BOX 835", "OwnerAdd_1": null, "OwnerAdd_2": null, "OwnerCity": "HELENA", "OwnerState": "MT", "PropType": "Vacant Land", "TotalAcres": 640.0 }, "geometry": { "type": "Polygon", "coordinates": [ [ [ -111.687918712402791, 46.906298798361973 ], [ -111.682614179568361, 46.906301459532386 ], [ -111.68262288764582, 46.90268306659376 ], [ -111.682631206265171, 46.899064685514738 ], [ -111.682639640214589, 46.895446032936476 ], [ -111.682648089325141, 46.891827650142758 ], [ -111.6879413134955, 46.891825049688258 ], [ -111.693234150353973, 46.89182263914239 ], [ -111.69852737759949, 46.891820130760834 ], [ -111.70382020779445, 46.891817540582068 ], [ -111.703823472054012, 46.895435762382391 ], [ -111.703826320237638, 46.899054172273104 ], [ -111.703829561775819, 46.902671880303629 ], [ -111.703832274502929, 46.906290199972105 ], [ -111.698528148281198, 46.906293028293803 ], [ -111.693223495712502, 46.906295957302284 ], [ -111.687918712402791, 46.906298798361973 ] ] ] } },
{ "type": "Feature", "properties": { "CountyName": "Lewis and Clark", "OwnerName_Grouped": "SIEBEN RANCH CO", "OwnerName": "SIEBEN RANCH CO", "OwnerAddre": "PO BOX 1683", "OwnerAdd_1": null, "OwnerAdd_2": null, "OwnerCity": "HELENA", "OwnerState": "MT", "PropType": "Vacant Land", "TotalAcres": 160.0 }, "geometry": { "type": "Polygon", "coordinates": [ [ [ -112.557398611583537, 47.012986162286239 ], [ -112.556622560171405, 47.012987589981364 ], [ -112.553589487778169, 47.012993164555503 ], [ -112.548310027690036, 47.013002760323864 ], [ -112.548302113077312, 47.009391120690786 ], [ -112.548294317004405, 47.00577904419594 ], [ -112.553576277415161, 47.005766548617636 ], [ -112.55358294709589, 47.009380061363061 ], [ -112.558863509193444, 47.009368854880933 ], [ -112.564144333341375, 47.009357397811357 ], [ -112.564148091698669, 47.012973570915442 ], [ -112.559761931336467, 47.012981814637186 ], [ -112.558868789466047, 47.01298349080929 ], [ -112.558407792698915, 47.012984302811432 ], [ -112.557398611583537, 47.012986162286239 ] ] ] } },
{ "type": "Feature", "properties": { "CountyName": "Lewis and Clark", "OwnerName_Grouped": "SIEBEN RANCH CO", "OwnerName": "SIEBEN RANCH CO", "OwnerAddre": "PO BOX 1683", "OwnerAdd_1": null, "OwnerAdd_2": null, "OwnerCity": "HELENA", "OwnerState": "MT", "PropType": "Vacant Land", "TotalAcres": 200.0 }, "geometry": { "type": "Polygon", "coordinates": [ [ [ -112.527550926027033, 47.002219509829899 ], [ -112.532839193973956, 47.002206005943556 ], [ -112.532860477804462, 47.00581517673163 ], [ -112.53815119677941, 47.005802841931128 ], [ -112.538174958891659, 47.009412570228882 ], [ -112.538189910314799, 47.013020561188227 ], [ -112.53290355751129, 47.013029449356736 ], [ -112.527628651505339, 47.013041572847804 ], [ -112.527602765201706, 47.009435653169412 ], [ -112.527576915400672, 47.005827753229575 ], [ -112.527550926027033, 47.002219509829899 ] ] ] } },
{ "type": "Feature", "properties": { "CountyName": "Lewis and Clark", "OwnerName_Grouped": "SIEBEN RANCH CO", "OwnerName": "SIEBEN RANCH COMPANY", "OwnerAddre": "PO BOX 1683", "OwnerAdd_1": null, "OwnerAdd_2": null, "OwnerCity": "HELENA", "OwnerState": "MT", "PropType": "Improved Property", "TotalAcres": 640.0 }, "geometry": { "type": "Polygon", "coordinates": [ [ [ -112.041940393818066, 46.89170226368271 ], [ -112.04208420684229, 46.888202532959021 ], [ -112.042228309994726, 46.884702860132222 ], [ -112.042371856157544, 46.881203108277056 ], [ -112.042515576537596, 46.87770371230728 ], [ -112.047772496722331, 46.877700253140269 ], [ -112.053029153494762, 46.877695998665978 ], [ -112.05828540743741, 46.877691693200781 ], [ -112.063541760392653, 46.877687449811226 ], [ -112.063489360395224, 46.881216659818946 ], [ -112.063436780145537, 46.884745510879533 ], [ -112.063383979397045, 46.888274728834006 ], [ -112.063331668423558, 46.891803755589244 ], [ -112.057984066610743, 46.891778959726729 ], [ -112.052636684431107, 46.891754007840781 ], [ -112.047288214998161, 46.891728267201643 ], [ -112.041940393818066, 46.89170226368271 ] ] ] } },
{ "type": "Feature", "properties": { "CountyName": "Lewis and Clark", "OwnerName_Grouped": "SIEBEN RANCH CO", "OwnerName": "SIEBEN RANCH COMPANY", "OwnerAddre": "PO BOX 1683", "OwnerAdd_1": null, "OwnerAdd_2": null, "OwnerCity": "HELENA", "OwnerState": "MT", "PropType": "Vacant Land", "TotalAcres": 160.0 }, "geometry": { "type": "Polygon", "coordinates": [ [ [ -112.073714301345376, 46.891798993043125 ], [ -112.073782302354957, 46.888260423045168 ], [ -112.073851044508245, 46.884722181993808 ], [ -112.079091450671967, 46.884748431583006 ], [ -112.084332043801865, 46.884774044023033 ], [ -112.08421420679602, 46.888284159270953 ], [ -112.084097043139536, 46.891794171562687 ], [ -112.078905666712501, 46.891796416242499 ], [ -112.073714301345376, 46.891798993043125 ] ] ] } },
{ "type": "Feature", "properties": { "CountyName": "Lewis and Clark", "OwnerName_Grouped": "SIEBEN RANCH CO", "OwnerName": "SIEBEN RANCH CO", "OwnerAddre": "PO BOX 1683", "OwnerAdd_1": null, "OwnerAdd_2": null, "OwnerCity": "HELENA", "OwnerState": "MT", "PropType": "Vacant Land", "TotalAcres": 33.54 }, "geometry": { "type": "Polygon", "coordinates": [ [ [ -112.233200641958803, 46.914378991690583 ], [ -112.238458725388043, 46.914392081388485 ], [ -112.243716834459832, 46.914404892631445 ], [ -112.236895421550599, 46.917647794786404 ], [ -112.233200641958803, 46.914378991690583 ] ] ] } },
{ "type": "Feature", "properties": { "CountyName": "Lewis and Clark", "OwnerName_Grouped": "SIEBEN RANCH CO", "OwnerName": "SIEBEN RANCH COMPANY", "OwnerAddre": "PO BOX 1683", "OwnerAdd_1": null, "OwnerAdd_2": null, "OwnerCity": "HELENA", "OwnerState": "MT", "PropType": "Vacant Land", "TotalAcres": 605.09 }, "geometry": { "type": "MultiPolygon", "coordinates": [ [ [ [ -112.063737958456116, 46.867023333331161 ], [ -112.063758784433702, 46.863417364771585 ], [ -112.069022728546145, 46.863406108436365 ], [ -112.074286665491812, 46.863394670804759 ], [ -112.079550509084612, 46.863383417654802 ], [ -112.084814707470585, 46.863371974121847 ], [ -112.084742797620891, 46.866956712590074 ], [ -112.084670837467812, 46.87054079463114 ], [ -112.084618958687329, 46.874147399989667 ], [ -112.084588429966274, 46.876167142204572 ], [ -112.06366305047267, 46.871080410639692 ], [ -112.063672299443965, 46.870578049866843 ], [ -112.063737958456116, 46.867023333331161 ] ] ], [ [ [ -112.063607015560919, 46.874132579563309 ], [ -112.063647783379466, 46.871913412224799 ], [ -112.084576355236635, 46.877024501808592 ], [ -112.084566639433348, 46.877753564916539 ], [ -112.079310616934762, 46.877737238356779 ], [ -112.074054201546929, 46.877720543789948 ], [ -112.068797916694379, 46.877703906161742 ], [ -112.063541760392653, 46.877687449811226 ], [ -112.063607015560919, 46.874132579563309 ] ] ] ] } },
{ "type": "Feature", "properties": { "CountyName": "Lewis and Clark", "OwnerName_Grouped": "SIEBEN RANCH CO", "OwnerName": "SIEBEN RANCH COMPANY", "OwnerAddre": "PO BOX 1683", "OwnerAdd_1": null, "OwnerAdd_2": null, "OwnerCity": "HELENA", "OwnerState": "MT", "PropType": "Vacant Land", "TotalAcres": 604.91 }, "geometry": { "type": "MultiPolygon", "coordinates": [ [ [ [ -112.042546135085843, 46.864955643386971 ], [ -112.042550446004682, 46.863206706360828 ], [ -112.047852731101685, 46.863259203174309 ], [ -112.053154842345492, 46.863312081099352 ], [ -112.058456544085217, 46.863364579967723 ], [ -112.063758784433702, 46.863417364771585 ], [ -112.063737958456116, 46.867023333331161 ], [ -112.063672299443965, 46.870578049866843 ], [ -112.06366305047267, 46.871080410639692 ], [ -112.049808144660773, 46.867692429336209 ], [ -112.049322851533475, 46.867564860752665 ], [ -112.048841023341211, 46.867431258916632 ], [ -112.048362819555848, 46.867291668053731 ], [ -112.047888398445863, 46.867146134371616 ], [ -112.047417917023822, 46.866994706044871 ], [ -112.046951530994235, 46.866837433198867 ], [ -112.046489394702022, 46.866674367893189 ], [ -112.046031661081201, 46.866505564104315 ], [ -112.045578481604238, 46.866331077707684 ], [ -112.045130006231801, 46.866150966459244 ], [ -112.044686383363057, 46.86596528997616 ], [ -112.044247759786415, 46.865774109717115 ], [ -112.043814280630968, 46.865577488961819 ], [ -112.043386089318304, 46.865375492790129 ], [ -112.042963327515039, 46.865168188060309 ], [ -112.042546135085843, 46.864955643386971 ] ] ], [ [ [ -112.042542015576814, 46.866830930909202 ], [ -112.042543756496215, 46.865982133684064 ], [ -112.042974277995114, 46.866192880068098 ], [ -112.043410644990317, 46.86639789472374 ], [ -112.043852695301979, 46.866597101424858 ], [ -112.044300264631616, 46.866790426103911 ], [ -112.044753186623197, 46.86697779687961 ], [ -112.045211292925174, 46.867159144083679 ], [ -112.04567441325311, 46.867334400286808 ], [ -112.046142375453087, 46.867503500323885 ], [ -112.046615005565783, 46.86766638131818 ], [ -112.047092127891403, 46.867822982704894 ], [ -112.047573565054989, 46.867973246253626 ], [ -112.048059138072588, 46.86811711609019 ], [ -112.048548666417901, 46.868254538717409 ], [ -112.049041968089611, 46.868385463035047 ], [ -112.049538859679146, 46.86850984035889 ], [ -112.05003915643907, 46.868627624438943 ], [ -112.050685463396889, 46.868721698463673 ], [ -112.063647783379466, 46.871913412224799 ], [ -112.063607015560919, 46.874132579563309 ], [ -112.063541760392653, 46.877687449811226 ], [ -112.05828540743741, 46.877691693200781 ], [ -112.053029153494762, 46.877695998665978 ], [ -112.047772496722331, 46.877700253140269 ], [ -112.042515576537596, 46.87770371230728 ], [ -112.042524449248845, 46.874079219344146 ], [ -112.042533101812936, 46.870455092426383 ], [ -112.042542015576814, 46.866830930909202 ] ] ] ] } },
{ "type": "Feature", "properties": { "CountyName": "Lewis and Clark", "OwnerName_Grouped": "SIEBEN RANCH CO", "OwnerName": "SIEBEN RANCH COMPANY", "OwnerAddre": "PO BOX 1683", "OwnerAdd_1": null, "OwnerAdd_2": null, "OwnerCity": "HELENA", "OwnerState": "MT", "PropType": "Vacant Land", "TotalAcres": 159.73 }, "geometry": { "type": "Polygon", "coordinates": [ [ [ -112.127084424845279, 46.87773148561427 ], [ -112.127065694508659, 46.874155137573304 ], [ -112.127046838628473, 46.870578881727141 ], [ -112.132399079286643, 46.870605055384551 ], [ -112.137734019310685, 46.870612067574925 ], [ -112.13775362156349, 46.87422134907812 ], [ -112.137758163412443, 46.875023805775768 ], [ -112.137769743338282, 46.877198040798994 ], [ -112.137773202639892, 46.877830839226107 ], [ -112.132438149325452, 46.877792106115876 ], [ -112.127084424845279, 46.87773148561427 ] ] ] } },
{ "type": "Feature", "properties": { "CountyName": "Lewis and Clark", "OwnerName_Grouped": "SIEBEN RANCH CO", "OwnerName": "SIEBEN RANCH CO", "OwnerAddre": "PO BOX 1683", "OwnerAdd_1": null, "OwnerAdd_2": null, "OwnerCity": "HELENA", "OwnerState": "MT", "PropType": "Vacant Land", "TotalAcres": 80.0 }, "geometry": { "type": "Polygon", "coordinates": [ [ [ -112.206193732782879, 46.820558382207558 ], [ -112.211446242436011, 46.82052702655178 ], [ -112.211428177613968, 46.824146173198081 ], [ -112.211398960616364, 46.827760375892971 ], [ -112.206161947013484, 46.827800430438899 ], [ -112.20618292823788, 46.824181770326476 ], [ -112.206193732782879, 46.820558382207558 ] ] ] } },
{ "type": "Feature", "properties": { "CountyName": "Lewis and Clark", "OwnerName_Grouped": "SIEBEN RANCH CO", "OwnerName": "SIEBEN RANCH COMPANY", "OwnerAddre": "PO BOX 1683", "OwnerAdd_1": null, "OwnerAdd_2": null, "OwnerCity": "HELENA", "OwnerState": "MT", "PropType": "Improved Property", "TotalAcres": 162.64 }, "geometry": { "type": "Polygon", "coordinates": [ [ [ -112.000002436270805, 46.677058369596253 ], [ -112.000013171352961, 46.675317712620924 ], [ -112.000132255786141, 46.675318245597111 ], [ -112.000219799098957, 46.675318572030733 ], [ -112.005362946814969, 46.675338366055342 ], [ -112.010713001572867, 46.675358806036563 ], [ -112.010623587576731, 46.678992393986348 ], [ -112.01053362548177, 46.682626018826149 ], [ -112.005250563411209, 46.682610202264954 ], [ -111.999967389884873, 46.682593898931465 ], [ -111.999989949416104, 46.678956037372672 ], [ -112.000001609227212, 46.677136467003137 ], [ -112.000002436270805, 46.677058369596253 ] ] ] } },
{ "type": "Feature", "properties": { "CountyName": "Lewis and Clark", "OwnerName_Grouped": "SIEBEN RANCH CO", "OwnerName": "SIEBEN RANCH COMPANY", "OwnerAddre": "PO BOX 1683", "OwnerAdd_1": null, "OwnerAdd_2": null, "OwnerCity": "HELENA", "OwnerState": "MT", "PropType": "Vacant Land", "TotalAcres": 47.4 }, "geometry": { "type": "Polygon", "coordinates": [ [ [ -112.243063974419428, 46.919286558887777 ], [ -112.238463869392717, 46.919283985860858 ], [ -112.238100939503113, 46.919283779372904 ], [ -112.235833837512274, 46.918143432044573 ], [ -112.236895421550599, 46.917647794786404 ], [ -112.243716834459832, 46.914404892631445 ], [ -112.243721632907537, 46.918020058630397 ], [ -112.243723185865676, 46.919287183181673 ], [ -112.243063974419428, 46.919286558887777 ] ] ] } },
{ "type": "Feature", "properties": { "CountyName": "Lewis and Clark", "OwnerName_Grouped": "SIEBEN RANCH CO", "OwnerName": "SIEBEN RANCH COMPANY", "OwnerAddre": "PO BOX 1683", "OwnerAdd_1": null, "OwnerAdd_2": null, "OwnerCity": "HELENA", "OwnerState": "MT", "PropType": "Vacant Land", "TotalAcres": 536.56 }, "geometry": { "type": "Polygon", "coordinates": [ [ [ -112.232558254622546, 46.919280285053063 ], [ -112.227926058622117, 46.919273462238088 ], [ -112.227304807579117, 46.919272547833771 ], [ -112.222647438414313, 46.919265580604105 ], [ -112.22205135990859, 46.919264915077179 ], [ -112.21736930727532, 46.919257919157189 ], [ -112.216798135544778, 46.919257059937607 ], [ -112.212090910800413, 46.919250039256539 ], [ -112.212090913510664, 46.91798263759901 ], [ -112.212091626537912, 46.914362281106577 ], [ -112.212094145221073, 46.910743092969099 ], [ -112.212096894762311, 46.907123927169529 ], [ -112.217371240538967, 46.907137618064922 ], [ -112.222645721340058, 46.907151420846148 ], [ -112.227919904864407, 46.907165025197038 ], [ -112.233194249255803, 46.907178654359647 ], [ -112.233197450839185, 46.910778956673994 ], [ -112.233200641958803, 46.914378991690583 ], [ -112.233203493716189, 46.917989589150281 ], [ -112.233204417529464, 46.919281127127178 ], [ -112.232558254622546, 46.919280285053063 ] ] ] } },
{ "type": "Feature", "properties": { "CountyName": "Lewis and Clark", "OwnerName_Grouped": "SIEBEN RANCH CO", "OwnerName": "SIEBEN RANCH CO", "OwnerAddre": "PO BOX 1683", "OwnerAdd_1": null, "OwnerAdd_2": null, "OwnerCity": "HELENA", "OwnerState": "MT", "PropType": "Vacant Land", "TotalAcres": 320.0 }, "geometry": { "type": "Polygon", "coordinates": [ [ [ -112.627258959256139, 46.994745446745284 ], [ -112.627233258811103, 46.991130282198398 ], [ -112.627207699556052, 46.987515264806277 ], [ -112.632448207094825, 46.987541429548585 ], [ -112.637688589604807, 46.987567717343246 ], [ -112.642929357531557, 46.987593785397578 ], [ -112.648169738867679, 46.987620071969545 ], [ -112.648303240883152, 46.991244137200333 ], [ -112.648436854766771, 46.994868407359213 ], [ -112.643115540376684, 46.994837735905861 ], [ -112.637794504275845, 46.994807080772397 ], [ -112.632526844668476, 46.994776296210667 ], [ -112.627258959256139, 46.994745446745284 ] ] ] } },
{ "type": "Feature", "properties": { "CountyName": "Lewis and Clark", "OwnerName_Grouped": "SIEBEN RANCH CO", "OwnerName": "SIEBEN RANCH CO", "OwnerAddre": "PO BOX 1683", "OwnerAdd_1": null, "OwnerAdd_2": null, "OwnerCity": "HELENA", "OwnerState": "MT", "PropType": "Improved Property", "TotalAcres": 250.31 }, "geometry": { "type": "Polygon", "coordinates": [ [ [ -112.012252051617821, 46.690161299965894 ], [ -112.0156733073608, 46.69017780374859 ], [ -112.015802630762195, 46.690178274797553 ], [ -112.020921753663288, 46.690190650821172 ], [ -112.020735633247725, 46.704383048816005 ], [ -112.013093296917589, 46.704302712100763 ], [ -112.012478461381136, 46.702223862332573 ], [ -112.012379478022311, 46.697127108449379 ], [ -112.012302359459326, 46.696974994300746 ], [ -112.012252051617821, 46.690161299965894 ] ] ] } },
{ "type": "Feature", "properties": { "CountyName": "Lewis and Clark", "OwnerName_Grouped": "SIEBEN RANCH CO", "OwnerName": "SIEBEN RANCH CO", "OwnerAddre": "PO BOX 1683", "OwnerAdd_1": null, "OwnerAdd_2": null, "OwnerCity": "HELENA", "OwnerState": "MT", "PropType": "Vacant Land", "TotalAcres": 160.0 }, "geometry": { "type": "Polygon", "coordinates": [ [ [ -111.998978174529896, 46.755691957783014 ], [ -111.999004886216923, 46.751861025118423 ], [ -111.999032018570759, 46.748030260027491 ], [ -112.00439564210987, 46.748043427331602 ], [ -112.009759020306888, 46.748056307106054 ], [ -112.009727842472174, 46.751788734644748 ], [ -112.009696653508712, 46.755521043007299 ], [ -112.004337605383185, 46.75560651521976 ], [ -111.998978174529896, 46.755691957783014 ] ] ] } },
{ "type": "Feature", "properties": { "CountyName": "Lewis and Clark", "OwnerName_Grouped": "SIEBEN RANCH CO", "OwnerName": "SIEBEN RANCH COMPANY", "OwnerAddre": "PO BOX 1683", "OwnerAdd_1": null, "OwnerAdd_2": null, "OwnerCity": "HELENA", "OwnerState": "MT", "PropType": "Vacant Land", "TotalAcres": 42.37 }, "geometry": { "type": "Polygon", "coordinates": [ [ [ -112.456419333127045, 47.005929760619694 ], [ -112.451726445708005, 47.003605858963262 ], [ -112.449103221272168, 47.002307407981455 ], [ -112.4536545985261, 47.00230995091583 ], [ -112.45368353368427, 47.002310117416386 ], [ -112.458974631116803, 47.002313294089774 ], [ -112.458969969632008, 47.005927816254975 ], [ -112.456419333127045, 47.005929760619694 ] ] ] } },
{ "type": "Feature", "properties": { "CountyName": "Lewis and Clark", "OwnerName_Grouped": "SIEBEN RANCH CO", "OwnerName": "SIEBEN RANCH CO", "OwnerAddre": "PO BOX 1683", "OwnerAdd_1": null, "OwnerAdd_2": null, "OwnerCity": "HELENA", "OwnerState": "MT", "PropType": "Vacant Land", "TotalAcres": 405.53 }, "geometry": { "type": "Polygon", "coordinates": [ [ [ -112.585255045479443, 47.002075183597633 ], [ -112.585262611924222, 46.99836604440015 ], [ -112.590507563587991, 46.998336733597995 ], [ -112.590507697579142, 46.99472182607991 ], [ -112.590500701318746, 46.991108140321828 ], [ -112.595737567549094, 46.99108724091171 ], [ -112.600983600203818, 46.991066379411002 ], [ -112.606229744852911, 46.991045350002437 ], [ -112.606256443754276, 46.994643121856413 ], [ -112.606264950288633, 46.99825094175177 ], [ -112.606274985553611, 47.002026276682045 ], [ -112.60113132924981, 47.00203665859852 ], [ -112.601017367923973, 47.002036917564993 ], [ -112.595839351818682, 47.002047475746963 ], [ -112.595759755633281, 47.002047650097239 ], [ -112.590547310645135, 47.002061224251925 ], [ -112.590507514635462, 47.00206131178961 ], [ -112.585255045479443, 47.002075183597633 ] ] ] } },
{ "type": "Feature", "properties": { "CountyName": "Lewis and Clark", "OwnerName_Grouped": "SIEBEN RANCH CO", "OwnerName": "SIEBEN RANCH COMPANY", "OwnerAddre": "PO BOX 1683", "OwnerAdd_1": null, "OwnerAdd_2": null, "OwnerCity": "HELENA", "OwnerState": "MT", "PropType": "Vacant Land", "TotalAcres": 79.69 }, "geometry": { "type": "Polygon", "coordinates": [ [ [ -112.020918466229674, 46.848778097027584 ], [ -112.021596189384496, 46.84935487243709 ], [ -112.021593611613909, 46.852401365745799 ], [ -112.021590779408641, 46.85602438876586 ], [ -112.018956095629619, 46.856016906719447 ], [ -112.018958949546217, 46.852396968881997 ], [ -112.016324165473975, 46.852392867834681 ], [ -112.016325333990181, 46.850584456719332 ], [ -112.011055943022114, 46.85057618306687 ], [ -112.011056849394635, 46.848770867433537 ], [ -112.016326886410539, 46.848776032221529 ], [ -112.020918466229674, 46.848778097027584 ] ] ] } },
{ "type": "Feature", "properties": { "CountyName": "Lewis and Clark", "OwnerName_Grouped": "SIEBEN RANCH CO", "OwnerName": "SIEBEN RANCH CO", "OwnerAddre": "PO BOX 1683", "OwnerAdd_1": null, "OwnerAdd_2": null, "OwnerCity": "HELENA", "OwnerState": "MT", "PropType": "Vacant Land", "TotalAcres": 40.0 }, "geometry": { "type": "Polygon", "coordinates": [ [ [ -112.516829788979265, 46.98777793917467 ], [ -112.516827818732054, 46.985615900982161 ], [ -112.516827811285253, 46.985335161511351 ], [ -112.516826936797301, 46.984763279208906 ], [ -112.516826391842315, 46.984172051214557 ], [ -112.518498107598759, 46.984168828092216 ], [ -112.52209460555018, 46.984161338674674 ], [ -112.522100636380387, 46.987768383161857 ], [ -112.516829788979265, 46.98777793917467 ] ] ] } },
{ "type": "Feature", "properties": { "CountyName": "Lewis and Clark", "OwnerName_Grouped": "SIEBEN RANCH CO", "OwnerName": "SIEBEN RANCH CO", "OwnerAddre": "PO BOX 1683", "OwnerAdd_1": null, "OwnerAdd_2": null, "OwnerCity": "HELENA", "OwnerState": "MT", "PropType": "Vacant Land", "TotalAcres": 74.57 }, "geometry": { "type": "Polygon", "coordinates": [ [ [ -111.972096241171158, 46.834245866962952 ], [ -111.972322520680464, 46.834247084872707 ], [ -111.974313639319661, 46.834259366999923 ], [ -111.977566315495309, 46.834279226950329 ], [ -111.979566399639893, 46.834282331812517 ], [ -111.979558525493388, 46.837893643982675 ], [ -111.97955056602585, 46.84150531840033 ], [ -111.97215432652871, 46.8370533555808 ], [ -111.972096241171158, 46.834245866962952 ] ] ] } },
{ "type": "Feature", "properties": { "CountyName": "Lewis and Clark", "OwnerName_Grouped": "SIEBEN RANCH CO", "OwnerName": "SIEBEN RANCH CO", "OwnerAddre": "PO BOX 1683", "OwnerAdd_1": null, "OwnerAdd_2": null, "OwnerCity": "HELENA", "OwnerState": "MT", "PropType": "Vacant Land", "TotalAcres": 120.0 }, "geometry": { "type": "Polygon", "coordinates": [ [ [ -112.495989652619642, 47.016737325412898 ], [ -112.495963281778174, 47.013118698286782 ], [ -112.495936906494222, 47.00949976101834 ], [ -112.495910244071069, 47.005882544941755 ], [ -112.501167414683977, 47.005867931025385 ], [ -112.501198822229952, 47.009487587911018 ], [ -112.501230183248566, 47.013107206002715 ], [ -112.501261910303626, 47.016726791582634 ], [ -112.495989652619642, 47.016737325412898 ] ] ] } },
{ "type": "Feature", "properties": { "CountyName": "Lewis and Clark", "OwnerName_Grouped": "SIEBEN RANCH CO", "OwnerName": "SIEBEN RANCH COMPANY", "OwnerAddre": "PO BOX 1683", "OwnerAdd_1": null, "OwnerAdd_2": null, "OwnerCity": "HELENA", "OwnerState": "MT", "PropType": "Vacant Land", "TotalAcres": 360.0 }, "geometry": { "type": "Polygon", "coordinates": [ [ [ -112.211628234655294, 46.962569517233455 ], [ -112.211622767517582, 46.958953852894268 ], [ -112.21161732058934, 46.955337947350621 ], [ -112.211611843471033, 46.951722104416426 ], [ -112.211606525559517, 46.94810616831186 ], [ -112.216860875735946, 46.948111802195655 ], [ -112.222115349437814, 46.948117223306944 ], [ -112.227369949557101, 46.94812267022234 ], [ -112.232624286501775, 46.94812800723723 ], [ -112.232638984520307, 46.951739156052241 ], [ -112.227382201141054, 46.951735032320393 ], [ -112.227394596626496, 46.955347577204151 ], [ -112.222135352365342, 46.955344601836863 ], [ -112.216876532736563, 46.955341394412621 ], [ -112.216884180457555, 46.958955937338999 ], [ -112.216891938483798, 46.962570453974514 ], [ -112.211628234655294, 46.962569517233455 ] ] ] } },
{ "type": "Feature", "properties": { "CountyName": "Lewis and Clark", "OwnerName_Grouped": "SIEBEN RANCH CO", "OwnerName": "SIEBEN RANCH COMPANY", "OwnerAddre": "PO BOX 1683", "OwnerAdd_1": null, "OwnerAdd_2": null, "OwnerCity": "HELENA", "OwnerState": "MT", "PropType": "Vacant Land", "TotalAcres": 427.78 }, "geometry": { "type": "Polygon", "coordinates": [ [ [ -112.253569824124796, 46.919292612581209 ], [ -112.248982797519531, 46.919290038684771 ], [ -112.248316869505643, 46.919289682815467 ], [ -112.243723185865676, 46.919287183181673 ], [ -112.243721632907537, 46.918020058630397 ], [ -112.243716834459832, 46.914404892631445 ], [ -112.238458725388043, 46.914392081388485 ], [ -112.233200641958803, 46.914378991690583 ], [ -112.233197450839185, 46.910778956673994 ], [ -112.233194249255803, 46.907178654359647 ], [ -112.238450625483694, 46.907184189624303 ], [ -112.243707255282175, 46.907189538316636 ], [ -112.248963765848032, 46.907195042605025 ], [ -112.254220296860126, 46.907200503702782 ], [ -112.254227644552628, 46.910815081908474 ], [ -112.254235033527422, 46.914429931045369 ], [ -112.254240714640616, 46.918047899628029 ], [ -112.254242330242704, 46.919293306167042 ], [ -112.253569824124796, 46.919292612581209 ] ] ] } },
{ "type": "Feature", "properties": { "CountyName": "Lewis and Clark", "OwnerName_Grouped": "SIEBEN RANCH CO", "OwnerName": "SIEBEN RANCH COMPANY", "OwnerAddre": "PO BOX 1683", "OwnerAdd_1": null, "OwnerAdd_2": null, "OwnerCity": "HELENA", "OwnerState": "MT", "PropType": "Vacant Land", "TotalAcres": 610.35 }, "geometry": { "type": "MultiPolygon", "coordinates": [ [ [ [ -111.998959864228738, 46.794680134385153 ], [ -111.999001945414477, 46.791115470701399 ], [ -112.004259845524587, 46.791169906693611 ], [ -112.009517617509104, 46.791224470747082 ], [ -112.014775384899494, 46.791278915206021 ], [ -112.020033132861087, 46.791333567301116 ], [ -112.019975701583803, 46.794909294606612 ], [ -112.019945439404225, 46.796809667095154 ], [ -112.016955917815309, 46.798681659422662 ], [ -112.016393327456399, 46.799266915656382 ], [ -112.013122767353522, 46.801303967713586 ], [ -112.006354190787746, 46.805386467246933 ], [ -112.006222442313629, 46.805466539054557 ], [ -112.004076017448966, 46.805439204346534 ], [ -111.998833579648803, 46.805373248980068 ], [ -111.998875534866414, 46.80180865122022 ], [ -111.998917901122837, 46.798244522887295 ], [ -111.998959864228738, 46.794680134385153 ] ] ], [ [ [ -112.016480508138443, 46.799823783988934 ], [ -112.019928381376346, 46.797883860274212 ], [ -112.019918820118264, 46.798485638550467 ], [ -112.019861780264193, 46.802061924947367 ], [ -112.019804365529779, 46.805638012676809 ], [ -112.014561528710658, 46.805571944278206 ], [ -112.009318849369564, 46.805505810041993 ], [ -112.007310612244027, 46.805480359054584 ], [ -112.011494999115655, 46.802951923862096 ], [ -112.016480508138443, 46.799823783988934 ] ] ] ] } },
{ "type": "Feature", "properties": { "CountyName": "Lewis and Clark", "OwnerName_Grouped": "SIEBEN RANCH CO", "OwnerName": "SIEBEN RANCH COMPANY", "OwnerAddre": "PO BOX 1683", "OwnerAdd_1": null, "OwnerAdd_2": null, "OwnerCity": "HELENA", "OwnerState": "MT", "PropType": "Vacant Land", "TotalAcres": 236.7 }, "geometry": { "type": "MultiPolygon", "coordinates": [ [ [ [ -112.40053947436536, 46.995108633567874 ], [ -112.400502391514252, 46.99149918686058 ], [ -112.405757428388938, 46.991465994144072 ], [ -112.410090478751158, 46.99143812403176 ], [ -112.413503448560618, 46.9924658090031 ], [ -112.414084746442597, 46.992689827571731 ], [ -112.415399940686058, 46.993207689472712 ], [ -112.415961517244114, 46.993397970721276 ], [ -112.416400339813634, 46.993487289189019 ], [ -112.416401309285305, 46.995060533563958 ], [ -112.416401705987852, 46.995281027213416 ], [ -112.4164362176342, 46.998710954056158 ], [ -112.411145231494061, 46.998713508818973 ], [ -112.40586042603536, 46.998716162877329 ], [ -112.400575502245431, 46.998718755205324 ], [ -112.40053947436536, 46.995108633567874 ] ] ], [ [ [ -112.413177702142079, 46.992058825076924 ], [ -112.410868001698162, 46.991433547716532 ], [ -112.411012539862156, 46.991432890471906 ], [ -112.416394635779994, 46.991413428125448 ], [ -112.416395149119808, 46.99163342986305 ], [ -112.416399148638249, 46.993007417458337 ], [ -112.416399352860168, 46.993091877012752 ], [ -112.413590932844016, 46.992258760529985 ], [ -112.413177702142079, 46.992058825076924 ] ] ] ] } },
{ "type": "Feature", "properties": { "CountyName": "Lewis and Clark", "OwnerName_Grouped": "SIEBEN RANCH CO", "OwnerName": "SIEBEN RANCH COMPANY", "OwnerAddre": "PO BOX 1683", "OwnerAdd_1": null, "OwnerAdd_2": null, "OwnerCity": "HELENA", "OwnerState": "MT", "PropType": "Vacant Land", "TotalAcres": 640.0 }, "geometry": { "type": "Polygon", "coordinates": [ [ [ -112.253645616916572, 46.933650626208312 ], [ -112.253635260717544, 46.930042339734356 ], [ -112.253586026315759, 46.926515520637409 ], [ -112.253577920373885, 46.922904022198239 ], [ -112.253569824124796, 46.919292612581209 ], [ -112.254242330242704, 46.919293306167042 ], [ -112.25882492337557, 46.919297605256858 ], [ -112.259527132363388, 46.919298164853444 ], [ -112.264080046547221, 46.919302368407592 ], [ -112.264811939458824, 46.919303163696611 ], [ -112.269335563534199, 46.919307447857264 ], [ -112.27009699496044, 46.919308051822668 ], [ -112.274590675908712, 46.919312220785422 ], [ -112.274597641795125, 46.922917376184614 ], [ -112.274604447388413, 46.926522564192474 ], [ -112.27466641054059, 46.930019636048435 ], [ -112.274675197218514, 46.933621504742128 ], [ -112.269418009531122, 46.933628895272832 ], [ -112.264160557462276, 46.933636197260753 ], [ -112.258902942591476, 46.933643417224062 ], [ -112.253645616916572, 46.933650626208312 ] ] ] } },
{ "type": "Feature", "properties": { "CountyName": "Lewis and Clark", "OwnerName_Grouped": "SIEBEN RANCH CO", "OwnerName": "SIEBEN RANCH CO", "OwnerAddre": "PO BOX 1683", "OwnerAdd_1": null, "OwnerAdd_2": null, "OwnerCity": "HELENA", "OwnerState": "MT", "PropType": "Vacant Land", "TotalAcres": 305.0 }, "geometry": { "type": "Polygon", "coordinates": [ [ [ -112.485445108821267, 47.016758138391445 ], [ -112.480172686556912, 47.016768668777964 ], [ -112.480147639882162, 47.01329532634233 ], [ -112.480147249815673, 47.013235930879873 ], [ -112.480210600158486, 47.013232470133055 ], [ -112.480497532356921, 47.0130348458801 ], [ -112.480516593110892, 47.01292589828892 ], [ -112.482128162869117, 47.011820203677971 ], [ -112.482227195395581, 47.011783442233387 ], [ -112.482761175299402, 47.011416858858503 ], [ -112.482922093596571, 47.011391634458292 ], [ -112.486704434680462, 47.008792089312692 ], [ -112.488427724040648, 47.007698324263764 ], [ -112.490160473587508, 47.006756663091011 ], [ -112.490532117911982, 47.00665198623831 ], [ -112.492621690892037, 47.005821717984887 ], [ -112.492836789939034, 47.005634411734725 ], [ -112.496891584118273, 47.004158585294689 ], [ -112.497136089731143, 47.004134511803784 ], [ -112.499165469901598, 47.003077145518731 ], [ -112.499345956216416, 47.002844789996892 ], [ -112.500484585616121, 47.002250566508657 ], [ -112.501135581311615, 47.002248327273357 ], [ -112.501167414683977, 47.005867931025385 ], [ -112.495910244071069, 47.005882544941755 ], [ -112.495936906494222, 47.00949976101834 ], [ -112.495963281778174, 47.013118698286782 ], [ -112.495989652619642, 47.016737325412898 ], [ -112.490717389052904, 47.016747854419499 ], [ -112.485445108821267, 47.016758138391445 ] ] ] } },
{ "type": "Feature", "properties": { "CountyName": "Lewis and Clark", "OwnerName_Grouped": "SIEBEN RANCH CO", "OwnerName": "SIEBEN RANCH COMPANY", "OwnerAddre": "PO BOX 1683", "OwnerAdd_1": null, "OwnerAdd_2": null, "OwnerCity": "HELENA", "OwnerState": "MT", "PropType": "Vacant Land", "TotalAcres": 643.1 }, "geometry": { "type": "Polygon", "coordinates": [ [ [ -112.169731221131457, 46.892632947855539 ], [ -112.169740188576839, 46.888959906379625 ], [ -112.169749008528598, 46.885286536840461 ], [ -112.169794177975973, 46.881744035903196 ], [ -112.16983891808556, 46.87820139184204 ], [ -112.175112284861854, 46.878196891255612 ], [ -112.180386183377095, 46.878192556201334 ], [ -112.185659440412579, 46.878188535784517 ], [ -112.190932914970631, 46.878184120884896 ], [ -112.190939097425115, 46.881801122096526 ], [ -112.190945452775949, 46.885418357038795 ], [ -112.19095162075439, 46.889035084879076 ], [ -112.190957558830675, 46.892652423360836 ], [ -112.185697575554414, 46.892646017336254 ], [ -112.180437757237343, 46.892639700346948 ], [ -112.175168774778967, 46.892636554844422 ], [ -112.169731221131457, 46.892632947855539 ] ] ] } },
{ "type": "Feature", "properties": { "CountyName": "Lewis and Clark", "OwnerName_Grouped": "SIEBEN RANCH CO", "OwnerName": "SIEBEN RANCH COMPANY", "OwnerAddre": "PO BOX 1683", "OwnerAdd_1": null, "OwnerAdd_2": null, "OwnerCity": "HELENA", "OwnerState": "MT", "PropType": "Vacant Land", "TotalAcres": 560.0 }, "geometry": { "type": "Polygon", "coordinates": [ [ [ -112.232602329811399, 46.933667652271659 ], [ -112.232596338578645, 46.930058066857605 ], [ -112.232565710021547, 46.926506058132077 ], [ -112.232561973524071, 46.922893262826818 ], [ -112.237815925508826, 46.922896197689823 ], [ -112.243069878989459, 46.922898883868626 ], [ -112.243063974419428, 46.919286558887777 ], [ -112.243723185865676, 46.919287183181673 ], [ -112.248316869505643, 46.919289682815467 ], [ -112.248982797519531, 46.919290038684771 ], [ -112.253569824124796, 46.919292612581209 ], [ -112.253577920373885, 46.922904022198239 ], [ -112.253586026315759, 46.926515520637409 ], [ -112.253635260717544, 46.930042339734356 ], [ -112.253645616916572, 46.933650626208312 ], [ -112.24838456262863, 46.93365498121652 ], [ -112.243123881672759, 46.933659134718653 ], [ -112.237863105268303, 46.933663406909609 ], [ -112.232602329811399, 46.933667652271659 ] ] ] } },
{ "type": "Feature", "properties": { "CountyName": "Lewis and Clark", "OwnerName_Grouped": "SIEBEN RANCH CO", "OwnerName": "SIEBEN RANCH CO", "OwnerAddre": "PO BOX 1683", "OwnerAdd_1": null, "OwnerAdd_2": null, "OwnerCity": "HELENA", "OwnerState": "MT", "PropType": "Vacant Land", "TotalAcres": 161.14 }, "geometry": { "type": "Polygon", "coordinates": [ [ [ -112.543003316112731, 47.002180920506085 ], [ -112.54297513827801, 46.998570717489898 ], [ -112.542947229114418, 46.994960679034861 ], [ -112.542919172292997, 46.991350545103089 ], [ -112.54289110614981, 46.987740224657699 ], [ -112.548199837142462, 46.987695523145817 ], [ -112.548221254239067, 46.991306870279644 ], [ -112.548243063065243, 46.994917992270445 ], [ -112.548264845129964, 46.99852944610624 ], [ -112.548286404154922, 47.002167023522617 ], [ -112.543003316112731, 47.002180920506085 ] ] ] } },
{ "type": "Feature", "properties": { "CountyName": "Lewis and Clark", "OwnerName_Grouped": "SIEBEN RANCH CO", "OwnerName": "SIEBEN RANCH CO", "OwnerAddre": "PO BOX 1683", "OwnerAdd_1": null, "OwnerAdd_2": null, "OwnerCity": "HELENA", "OwnerState": "MT", "PropType": "Vacant Land", "TotalAcres": 340.0 }, "geometry": { "type": "Polygon", "coordinates": [ [ [ -112.501116616069069, 46.995022199355532 ], [ -112.501081269623072, 46.991419994119546 ], [ -112.501045664485488, 46.987817877357436 ], [ -112.506302098697276, 46.987802646417308 ], [ -112.511558545573024, 46.98778759341532 ], [ -112.513487219374028, 46.98778476010412 ], [ -112.51442672139342, 46.987782998872518 ], [ -112.515164147368623, 46.987781469375918 ], [ -112.515982529347227, 46.987779887081295 ], [ -112.516829788979265, 46.98777793917467 ], [ -112.522100636380387, 46.987768383161857 ], [ -112.522121039088944, 46.989523115921365 ], [ -112.521110609575175, 46.990107549363394 ], [ -112.51819290379494, 46.991795202409541 ], [ -112.517844531298493, 46.991879362451485 ], [ -112.516241507457195, 46.99279805172219 ], [ -112.516108716415474, 46.993026987446406 ], [ -112.512675398755462, 46.994996607463818 ], [ -112.511628793522618, 46.994999120882241 ], [ -112.511634669192475, 46.995632579928021 ], [ -112.511289784656896, 46.995826223476023 ], [ -112.509676140732239, 46.996731844795413 ], [ -112.508281177194206, 46.997543908907211 ], [ -112.506751622084352, 46.998359580592279 ], [ -112.502408402263299, 47.000659542226245 ], [ -112.502203653161999, 47.000715016845014 ], [ -112.501134823679791, 47.001276698423524 ], [ -112.501126227843471, 46.998635266432615 ], [ -112.501116616069069, 46.995022199355532 ] ] ] } },
{ "type": "Feature", "properties": { "CountyName": "Lewis and Clark", "OwnerName_Grouped": "SIEBEN RANCH CO", "OwnerName": "SIEBEN RANCH COMPANY", "OwnerAddre": "PO BOX 1683", "OwnerAdd_1": null, "OwnerAdd_2": null, "OwnerCity": "HELENA", "OwnerState": "MT", "PropType": "Vacant Land", "TotalAcres": 240.0 }, "geometry": { "type": "Polygon", "coordinates": [ [ [ -112.348042891846561, 47.005910685731926 ], [ -112.348029008577214, 47.002288261363987 ], [ -112.348015128403858, 46.998665832901665 ], [ -112.353254064352768, 46.99866981622278 ], [ -112.353255399278311, 46.995061916541268 ], [ -112.35325699693152, 46.99145400808915 ], [ -112.358525860024727, 46.991442342398749 ], [ -112.35850946365629, 46.995057959973039 ], [ -112.358493762906846, 46.99867392265832 ], [ -112.358514038386843, 47.002299619476766 ], [ -112.35853418375919, 47.005925316443886 ], [ -112.35328833871506, 47.005918005954292 ], [ -112.348042891846561, 47.005910685731926 ] ] ] } },
{ "type": "Feature", "properties": { "CountyName": "Lewis and Clark", "OwnerName_Grouped": "SIEBEN RANCH CO", "OwnerName": "SIEBEN RANCH COMPANY", "OwnerAddre": "PO BOX 1683", "OwnerAdd_1": null, "OwnerAdd_2": null, "OwnerCity": "HELENA", "OwnerState": "MT", "PropType": "Vacant Land", "TotalAcres": 635.68 }, "geometry": { "type": "Polygon", "coordinates": [ [ [ -112.14812972184879, 46.919321899812246 ], [ -112.148209713925709, 46.916626270179719 ], [ -112.148289730697854, 46.913930636867924 ], [ -112.148356008515719, 46.910441224120824 ], [ -112.14842265363869, 46.90695191793823 ], [ -112.153763086042929, 46.906993765368512 ], [ -112.159103357737436, 46.907035612148718 ], [ -112.164414238983596, 46.907073405560908 ], [ -112.169581198756575, 46.907110078168692 ], [ -112.169545297701674, 46.91073969181479 ], [ -112.169509395833714, 46.914369279134355 ], [ -112.16946351627314, 46.916800735808671 ], [ -112.169441242146462, 46.917987476896442 ], [ -112.169417884716751, 46.919232108256971 ], [ -112.164091930823488, 46.919248853263774 ], [ -112.163461929509126, 46.919248877556278 ], [ -112.158763751862736, 46.919261920133444 ], [ -112.158189709429749, 46.919262098428995 ], [ -112.15344678511012, 46.919290238595529 ], [ -112.152928699455856, 46.919293221215554 ], [ -112.14812972184879, 46.919321899812246 ] ] ] } },
{ "type": "Feature", "properties": { "CountyName": "Lewis and Clark", "OwnerName_Grouped": "SIEBEN RANCH CO", "OwnerName": "SIEBEN RANCH CO", "OwnerAddre": "PO BOX 1683", "OwnerAdd_1": null, "OwnerAdd_2": null, "OwnerCity": "HELENA", "OwnerState": "MT", "PropType": "Vacant Land", "TotalAcres": 153.15 }, "geometry": { "type": "Polygon", "coordinates": [ [ [ -112.532924953795202, 47.01663447078527 ], [ -112.538204866447387, 47.016628179585268 ], [ -112.543039485188302, 47.016622647768031 ], [ -112.543056367599007, 47.0202336408408 ], [ -112.543073249437143, 47.023844604646847 ], [ -112.538251684145933, 47.023863852662508 ], [ -112.53296775956747, 47.023884716297502 ], [ -112.532946288167523, 47.02025955010042 ], [ -112.532924953795202, 47.01663447078527 ] ] ] } },
{ "type": "Feature", "properties": { "CountyName": "Lewis and Clark", "OwnerName_Grouped": "SIEBEN RANCH CO", "OwnerName": "SIEBEN RANCH COMPANY", "OwnerAddre": "PO BOX 1683", "OwnerAdd_1": null, "OwnerAdd_2": null, "OwnerCity": "HELENA", "OwnerState": "MT", "PropType": "Vacant Land", "TotalAcres": 120.0 }, "geometry": { "type": "Polygon", "coordinates": [ [ [ -112.37956800580443, 46.995087575323467 ], [ -112.379530656185793, 46.991454890808363 ], [ -112.384828839048154, 46.991468094010926 ], [ -112.390127288816785, 46.991481291199214 ], [ -112.395327779134107, 46.991490085878425 ], [ -112.395353013973747, 46.995104561906146 ], [ -112.390166071228052, 46.995100400774817 ], [ -112.384866904023639, 46.995094069482761 ], [ -112.37956800580443, 46.995087575323467 ] ] ] } },
{ "type": "Feature", "properties": { "CountyName": "Lewis and Clark", "OwnerName_Grouped": "SIEBEN RANCH CO", "OwnerName": "SIEBEN RANCH COMPANY", "OwnerAddre": "PO BOX 1683", "OwnerAdd_1": null, "OwnerAdd_2": null, "OwnerCity": "HELENA", "OwnerState": "MT", "PropType": "Vacant Land", "TotalAcres": 160.0 }, "geometry": { "type": "Polygon", "coordinates": [ [ [ -112.511699219974773, 47.002240778139075 ], [ -112.51698107398056, 47.002236982115996 ], [ -112.522260540806116, 47.002233327916237 ], [ -112.522262770611192, 47.002233177152583 ], [ -112.522293125763326, 47.00584009275903 ], [ -112.522323780341324, 47.009446989295377 ], [ -112.51704234995286, 47.009457463709268 ], [ -112.511761185507112, 47.009467776651505 ], [ -112.511730200676652, 47.005854278981211 ], [ -112.511699219974773, 47.002240778139075 ] ] ] } },
{ "type": "Feature", "properties": { "CountyName": "Lewis and Clark", "OwnerName_Grouped": "SIEBEN RANCH CO", "OwnerName": "SIEBEN RANCH CO", "OwnerAddre": "PO BOX 1683", "OwnerAdd_1": null, "OwnerAdd_2": null, "OwnerCity": "HELENA", "OwnerState": "MT", "PropType": "Vacant Land", "TotalAcres": 640.0 }, "geometry": { "type": "Polygon", "coordinates": [ [ [ -112.233174144423302, 46.878187156157196 ], [ -112.233160952591945, 46.874545110166864 ], [ -112.233147856905191, 46.870902852098297 ], [ -112.233134781507559, 46.867260981799433 ], [ -112.233121567912093, 46.863618887949848 ], [ -112.238404161039355, 46.863636805113281 ], [ -112.243686763448878, 46.863654359786764 ], [ -112.248969204808802, 46.863671919926233 ], [ -112.254251091005145, 46.863689609445416 ], [ -112.254241295501259, 46.867324620553923 ], [ -112.254231542621639, 46.870959616255547 ], [ -112.254221423805305, 46.874594619901451 ], [ -112.254211520115604, 46.8782292590056 ], [ -112.248951890270234, 46.878218946400871 ], [ -112.243692787599855, 46.878208258311233 ], [ -112.238433158346069, 46.878197674902445 ], [ -112.233174144423302, 46.878187156157196 ] ] ] } },
{ "type": "Feature", "properties": { "CountyName": "Lewis and Clark", "OwnerName_Grouped": "SIEBEN RANCH CO", "OwnerName": "SIEBEN RANCH COMPANY", "OwnerAddre": "PO BOX 1683", "OwnerAdd_1": null, "OwnerAdd_2": null, "OwnerCity": "HELENA", "OwnerState": "MT", "PropType": "Vacant Land", "TotalAcres": 159.68 }, "geometry": { "type": "Polygon", "coordinates": [ [ [ -112.427070767351111, 47.002421879678295 ], [ -112.432409130155378, 47.002404344059514 ], [ -112.436347875731059, 47.002392119185998 ], [ -112.436911098911111, 47.002389979848104 ], [ -112.437727506420785, 47.002386878860044 ], [ -112.437731218690189, 47.002641638240831 ], [ -112.437778993364091, 47.005986233151489 ], [ -112.437830455512412, 47.009585847188461 ], [ -112.432498098368882, 47.009609501625562 ], [ -112.427165609964149, 47.009633001057153 ], [ -112.427118385348109, 47.006027436843176 ], [ -112.427070767351111, 47.002421879678295 ] ] ] } },
{ "type": "Feature", "properties": { "CountyName": "Lewis and Clark", "OwnerName_Grouped": "SIEBEN RANCH CO", "OwnerName": "SIEBEN RANCH COMPANY", "OwnerAddre": "PO BOX 1683", "OwnerAdd_1": null, "OwnerAdd_2": null, "OwnerCity": "HELENA", "OwnerState": "MT", "PropType": "Vacant Land", "TotalAcres": 560.8 }, "geometry": { "type": "Polygon", "coordinates": [ [ [ -112.159152457579992, 46.863612870564346 ], [ -112.153769817802683, 46.863487442377867 ], [ -112.148386915222829, 46.86336201842559 ], [ -112.148387588605402, 46.859756541660701 ], [ -112.148388364776395, 46.856150913131735 ], [ -112.148388771417203, 46.852545351850566 ], [ -112.148389594605973, 46.84894014489349 ], [ -112.153745747356069, 46.848973618061727 ], [ -112.159102169224695, 46.849007236393234 ], [ -112.16440391848738, 46.849035294815209 ], [ -112.169759192512132, 46.849063232925936 ], [ -112.169753184140504, 46.852702803299188 ], [ -112.169746524555237, 46.856341938701405 ], [ -112.164417353666337, 46.856294818582846 ], [ -112.164423725966657, 46.859956057157326 ], [ -112.164430337647786, 46.863616676022382 ], [ -112.159152457579992, 46.863612870564346 ] ] ] } },
{ "type": "Feature", "properties": { "CountyName": "Lewis and Clark", "OwnerName_Grouped": "SIEBEN RANCH CO", "OwnerName": "SIEBEN RANCH COMPANY", "OwnerAddre": "PO BOX 1683", "OwnerAdd_1": null, "OwnerAdd_2": null, "OwnerCity": "HELENA", "OwnerState": "MT", "PropType": "Vacant Land", "TotalAcres": 560.0 }, "geometry": { "type": "Polygon", "coordinates": [ [ [ -112.116484268207273, 46.863375185690053 ], [ -112.11122104489273, 46.863349432011873 ], [ -112.105958495927652, 46.863324050880912 ], [ -112.105942684360727, 46.859716012798053 ], [ -112.105926892544431, 46.856107822232374 ], [ -112.105911221364053, 46.85249996230759 ], [ -112.105895154436851, 46.848891990035327 ], [ -112.111184926493152, 46.848908483110492 ], [ -112.116474808362284, 46.848925006022071 ], [ -112.121764430961221, 46.848941687913687 ], [ -112.127054576602845, 46.848958204614071 ], [ -112.127043289454789, 46.852575124216884 ], [ -112.12176022452239, 46.852556779976439 ], [ -112.116477010368868, 46.852537829140608 ], [ -112.116479606216004, 46.856150671299503 ], [ -112.121755880473344, 46.856171644778435 ], [ -112.127032046718355, 46.856192283358652 ], [ -112.127020759192064, 46.859809173444148 ], [ -112.127009395976742, 46.86342626347615 ], [ -112.121746959721179, 46.863400862216636 ], [ -112.116484268207273, 46.863375185690053 ] ] ] } },
{ "type": "Feature", "properties": { "CountyName": "Lewis and Clark", "OwnerName_Grouped": "SIEBEN RANCH CO", "OwnerName": "SIEBEN RANCH COMPANY", "OwnerAddre": "PO BOX 1683", "OwnerAdd_1": null, "OwnerAdd_2": null, "OwnerCity": "HELENA", "OwnerState": "MT", "PropType": "Vacant Land", "TotalAcres": 640.0 }, "geometry": { "type": "Polygon", "coordinates": [ [ [ -112.084814707470585, 46.863371974121847 ], [ -112.08479947984091, 46.859781045059506 ], [ -112.084784237442278, 46.856189874257247 ], [ -112.084769004483391, 46.852598855631513 ], [ -112.084753782291401, 46.849008044101559 ], [ -112.09003929512744, 46.848979169040994 ], [ -112.09532466459784, 46.84894999837141 ], [ -112.100609654739046, 46.848921136373576 ], [ -112.105895154436851, 46.848891990035327 ], [ -112.105911221364053, 46.85249996230759 ], [ -112.105926892544431, 46.856107822232374 ], [ -112.105942684360727, 46.859716012798053 ], [ -112.105958495927652, 46.863324050880912 ], [ -112.100672809155512, 46.863335871875762 ], [ -112.095386896783211, 46.8633478810656 ], [ -112.090100528490368, 46.863359660373568 ], [ -112.084814707470585, 46.863371974121847 ] ] ] } },
{ "type": "Feature", "properties": { "CountyName": "Lewis and Clark", "OwnerName_Grouped": "SIEBEN RANCH CO", "OwnerName": "SIEBEN RANCH CO", "OwnerAddre": "PO BOX 1683", "OwnerAdd_1": null, "OwnerAdd_2": null, "OwnerCity": "HELENA", "OwnerState": "MT", "PropType": "Vacant Land", "TotalAcres": 320.0 }, "geometry": { "type": "Polygon", "coordinates": [ [ [ -111.972749105349422, 46.790854244908097 ], [ -111.967547758551916, 46.790852771244445 ], [ -111.967567724577023, 46.787262221716084 ], [ -111.96758816094497, 46.783671150858048 ], [ -111.967608593544369, 46.780081627574056 ], [ -111.967628405934704, 46.776492300911983 ], [ -111.972872385679082, 46.776526765247986 ], [ -111.978115700376591, 46.77656106062279 ], [ -111.978100812031627, 46.780134642194959 ], [ -111.978085761671181, 46.783708134947716 ], [ -111.978070182695433, 46.787281550438081 ], [ -111.978055154458161, 46.790855465848324 ], [ -111.972801246307156, 46.790854076618402 ], [ -111.972749105349422, 46.790854244908097 ] ] ] } },
{ "type": "Feature", "properties": { "CountyName": "Lewis and Clark", "OwnerName_Grouped": "SIEBEN RANCH CO", "OwnerName": "SIEBEN RANCH COMPANY", "OwnerAddre": "PO BOX 1683", "OwnerAdd_1": null, "OwnerAdd_2": null, "OwnerCity": "HELENA", "OwnerState": "MT", "PropType": "Vacant Land", "TotalAcres": 157.75 }, "geometry": { "type": "Polygon", "coordinates": [ [ [ -111.972322520680464, 46.834247084872707 ], [ -111.972358029286241, 46.830609439721478 ], [ -111.972394008440773, 46.826993818739737 ], [ -111.972443033454525, 46.823380407803334 ], [ -111.972492570432479, 46.819766604036971 ], [ -111.97772450871264, 46.819798241233521 ], [ -111.977671792388918, 46.823412918217215 ], [ -111.977618676695187, 46.827027451762795 ], [ -111.977592159992881, 46.830643692393217 ], [ -111.977566315495309, 46.834279226950329 ], [ -111.974313639319661, 46.834259366999923 ], [ -111.972322520680464, 46.834247084872707 ] ] ] } },
{ "type": "Feature", "properties": { "CountyName": "Lewis and Clark", "OwnerName_Grouped": "SIEBEN RANCH CO", "OwnerName": "SIEBEN RANCH CO", "OwnerAddre": "PO BOX 1683", "OwnerAdd_1": null, "OwnerAdd_2": null, "OwnerCity": "HELENA", "OwnerState": "MT", "PropType": "Vacant Land", "TotalAcres": 145.91 }, "geometry": { "type": "MultiPolygon", "coordinates": [ [ [ [ -112.028266879679393, 46.762688462215408 ], [ -112.030775013818811, 46.762712902032476 ], [ -112.0307497483915, 46.76533831863108 ], [ -112.030623382723249, 46.76512912092074 ], [ -112.030488700255276, 46.764922388075981 ], [ -112.030345802776836, 46.764718276193634 ], [ -112.030194798276398, 46.764516939389878 ], [ -112.030035800859864, 46.764318529683749 ], [ -112.029868930664264, 46.764123196882593 ], [ -112.029694313766754, 46.763931088468894 ], [ -112.029512082089354, 46.763742349489149 ], [ -112.029322373299038, 46.763557122444247 ], [ -112.029125330703707, 46.763375547182136 ], [ -112.028921103143858, 46.763197760792245 ], [ -112.028709844880026, 46.763023897502009 ], [ -112.028491715476221, 46.7628540885757 ], [ -112.028266879679393, 46.762688462215408 ] ] ], [ [ [ -112.020336869771427, 46.766206526142248 ], [ -112.020347108311782, 46.762617255970227 ], [ -112.025561186840363, 46.762665017054324 ], [ -112.026783008801715, 46.76310980299376 ], [ -112.027038884090558, 46.763211284365568 ], [ -112.027289405341023, 46.763318889642505 ], [ -112.027534262303917, 46.763432485578612 ], [ -112.027773151738458, 46.76355193150895 ], [ -112.028005777787541, 46.763677079523603 ], [ -112.028231852344049, 46.763807774650701 ], [ -112.028451095407632, 46.763943855048254 ], [ -112.028663235431324, 46.764085152204267 ], [ -112.028868009657884, 46.764231491145409 ], [ -112.029065164445214, 46.764382690653456 ], [ -112.02925445558057, 46.764538563489594 ], [ -112.029435648583089, 46.764698916626116 ], [ -112.029608518994351, 46.76486355148527 ], [ -112.029772852656507, 46.765032264185216 ], [ -112.029928445977717, 46.765204845792063 ], [ -112.030075106184626, 46.765381082578784 ], [ -112.0302126515613, 46.765560756289531 ], [ -112.030340911674642, 46.765743644409952 ], [ -112.030738564516085, 46.766490919618306 ], [ -112.030705907453125, 46.769850747768999 ], [ -112.025516212496029, 46.769823561812537 ], [ -112.020326770492915, 46.769795971114355 ], [ -112.020336869771427, 46.766206526142248 ] ] ] ] } },
{ "type": "Feature", "properties": { "CountyName": "Lewis and Clark", "OwnerName_Grouped": "SIEBEN RANCH CO", "OwnerName": "SIEBEN RANCH COMPANY", "OwnerAddre": "PO BOX 1683", "OwnerAdd_1": null, "OwnerAdd_2": null, "OwnerCity": "HELENA", "OwnerState": "MT", "PropType": "Vacant Land", "TotalAcres": 519.8 }, "geometry": { "type": "Polygon", "coordinates": [ [ [ -112.14766769619763, 46.91932188433281 ], [ -112.142831018380249, 46.919342829399888 ], [ -112.142396735182459, 46.919344789714529 ], [ -112.137537824375727, 46.919368934629453 ], [ -112.137131529492677, 46.919368925778763 ], [ -112.132245052885864, 46.919393170169414 ], [ -112.131865715577177, 46.919395038762325 ], [ -112.126951996698963, 46.919419415841702 ], [ -112.126895707316066, 46.916809930165584 ], [ -112.126871464931924, 46.915804512733921 ], [ -112.126835798808131, 46.914199774807429 ], [ -112.126795649566631, 46.912193916833168 ], [ -112.126797373593362, 46.910578576022012 ], [ -112.132190420509104, 46.910544380698106 ], [ -112.137574794569787, 46.910505834264235 ], [ -112.142989958804733, 46.910476297558837 ], [ -112.143016202292472, 46.906927221376094 ], [ -112.14842265363869, 46.90695191793823 ], [ -112.148356008515719, 46.910441224120824 ], [ -112.148289730697854, 46.913930636867924 ], [ -112.148209713925709, 46.916626270179719 ], [ -112.14812972184879, 46.919321899812246 ], [ -112.14766769619763, 46.91932188433281 ] ] ] } },
{ "type": "Feature", "properties": { "CountyName": "Lewis and Clark", "OwnerName_Grouped": "SIEBEN RANCH CO", "OwnerName": "SIEBEN RANCH COMPANY", "OwnerAddre": "PO BOX 1683", "OwnerAdd_1": null, "OwnerAdd_2": null, "OwnerCity": "HELENA", "OwnerState": "MT", "PropType": "Vacant Land", "TotalAcres": 120.47 }, "geometry": { "type": "Polygon", "coordinates": [ [ [ -111.999922517592495, 46.689869972716856 ], [ -111.999922783623759, 46.68981368118704 ], [ -111.99994497604105, 46.686232116439228 ], [ -111.999967389884873, 46.682593898931465 ], [ -112.005250563411209, 46.682610202264954 ], [ -112.01053362548177, 46.682626018826149 ], [ -112.010443503476736, 46.686266076760091 ], [ -112.008522701975807, 46.686259789610908 ], [ -112.008491813560369, 46.686259661009679 ], [ -112.005194274560125, 46.68624888994168 ], [ -112.005169011762021, 46.68805281220552 ], [ -112.005138130631735, 46.689887732615098 ], [ -112.000241401618766, 46.689871065032492 ], [ -111.999922517592495, 46.689869972716856 ] ] ] } },
{ "type": "Feature", "properties": { "CountyName": "Lewis and Clark", "OwnerName_Grouped": "SIEBEN RANCH CO", "OwnerName": "SIEBEN RANCH CO", "OwnerAddre": "PO BOX 1683", "OwnerAdd_1": null, "OwnerAdd_2": null, "OwnerCity": "HELENA", "OwnerState": "MT", "PropType": "Vacant Land", "TotalAcres": 639.5 }, "geometry": { "type": "Polygon", "coordinates": [ [ [ -112.275361069662154, 46.892758650441699 ], [ -112.275359786261845, 46.889132963210272 ], [ -112.275358791368731, 46.885506600679818 ], [ -112.27535739261252, 46.881880069641397 ], [ -112.275356262333219, 46.878253594240853 ], [ -112.280638063038438, 46.878257302227112 ], [ -112.285920372979746, 46.878261149863768 ], [ -112.291197192375577, 46.878265088310158 ], [ -112.296448970552021, 46.878267410375109 ], [ -112.29645682276319, 46.881349554767873 ], [ -112.296458291235808, 46.88188916872366 ], [ -112.296465505679222, 46.884971505573873 ], [ -112.296465492455567, 46.885510588141159 ], [ -112.296472843130786, 46.888593428117311 ], [ -112.29647417864274, 46.889132272943343 ], [ -112.296481674370426, 46.892215732903821 ], [ -112.296481501125854, 46.892753984850636 ], [ -112.291204696881394, 46.892755181867436 ], [ -112.28592636968402, 46.892754337709746 ], [ -112.280643582332047, 46.89275697890205 ], [ -112.275361069662154, 46.892758650441699 ] ] ] } },
{ "type": "Feature", "properties": { "CountyName": "Lewis and Clark", "OwnerName_Grouped": "SIEBEN RANCH CO", "OwnerName": "SIEBEN RANCH CO", "OwnerAddre": "PO BOX 1683", "OwnerAdd_1": null, "OwnerAdd_2": null, "OwnerCity": "HELENA", "OwnerState": "MT", "PropType": "Vacant Land", "TotalAcres": 640.0 }, "geometry": { "type": "Polygon", "coordinates": [ [ [ -112.21193813431546, 46.863619464758628 ], [ -112.211943310627575, 46.859998770848925 ], [ -112.21194781363937, 46.856378145263939 ], [ -112.211952563727735, 46.852757899381174 ], [ -112.211957020508251, 46.849137003134672 ], [ -112.217239326141268, 46.8491289876319 ], [ -112.222522011615695, 46.849121234681121 ], [ -112.227804028692645, 46.849113289252678 ], [ -112.233086329360816, 46.849105724856855 ], [ -112.23309316282284, 46.852732284663858 ], [ -112.233100120413781, 46.856359406346066 ], [ -112.2331107818367, 46.859989240438459 ], [ -112.233121567912093, 46.863618887949848 ], [ -112.227825808867507, 46.863619093311755 ], [ -112.222530330886428, 46.863619080606213 ], [ -112.217234444391678, 46.863619285978473 ], [ -112.21193813431546, 46.863619464758628 ] ] ] } },
{ "type": "Feature", "properties": { "CountyName": "Lewis and Clark", "OwnerName_Grouped": "SIEBEN RANCH CO", "OwnerName": "SIEBEN RANCH CO", "OwnerAddre": "PO BOX 1683", "OwnerAdd_1": null, "OwnerAdd_2": null, "OwnerCity": "HELENA", "OwnerState": "MT", "PropType": "Vacant Land", "TotalAcres": 644.28 }, "geometry": { "type": "Polygon", "coordinates": [ [ [ -112.564136135382213, 47.002125216182911 ], [ -112.564141902511466, 46.998404527251104 ], [ -112.564147714569103, 46.994788678779528 ], [ -112.5641364337, 46.991175039610262 ], [ -112.564125387138816, 46.987561394701189 ], [ -112.569408527393207, 46.987548469929095 ], [ -112.574691286390603, 46.98753576726854 ], [ -112.579974424639516, 46.98752275286607 ], [ -112.585257436361047, 46.987509833940997 ], [ -112.585263662533421, 46.991128548877661 ], [ -112.585270039215615, 46.994747528695569 ], [ -112.585262611924222, 46.99836604440015 ], [ -112.585255045479443, 47.002075183597633 ], [ -112.579975418104908, 47.002087713188629 ], [ -112.574695652399058, 47.00210015519928 ], [ -112.569416019131197, 47.002112593324057 ], [ -112.564136135382213, 47.002125216182911 ] ] ] } },
{ "type": "Feature", "properties": { "CountyName": "Lewis and Clark", "OwnerName_Grouped": "SIEBEN RANCH CO", "OwnerName": "SIEBEN RANCH COMPANY", "OwnerAddre": "PO BOX 1683", "OwnerAdd_1": null, "OwnerAdd_2": null, "OwnerCity": "HELENA", "OwnerState": "MT", "PropType": "Vacant Land", "TotalAcres": 24.81 }, "geometry": { "type": "Polygon", "coordinates": [ [ [ -112.437947454128519, 47.002385481989656 ], [ -112.443031102651062, 47.00234678327012 ], [ -112.444065846001848, 47.002339398218105 ], [ -112.444051791462158, 47.003094621972544 ], [ -112.445753429283826, 47.003559108671602 ], [ -112.44274593827231, 47.005484463824793 ], [ -112.437947454128519, 47.002385481989656 ] ] ] } },
{ "type": "Feature", "properties": { "CountyName": "Lewis and Clark", "OwnerName_Grouped": "SIEBEN RANCH CO", "OwnerName": "SIEBEN RANCH COMPANY", "OwnerAddre": "PO BOX 1683", "OwnerAdd_1": null, "OwnerAdd_2": null, "OwnerCity": "HELENA", "OwnerState": "MT", "PropType": "Vacant Land", "TotalAcres": 19.0 }, "geometry": { "type": "Polygon", "coordinates": [ [ [ -112.475119740586592, 47.016769227944948 ], [ -112.477620945609416, 47.015089796001512 ], [ -112.477749767037551, 47.014906782649909 ], [ -112.478879664236459, 47.0141270399075 ], [ -112.478930085812934, 47.01401286214832 ], [ -112.480057254366315, 47.013240805878347 ], [ -112.480147249815673, 47.013235930879873 ], [ -112.480147639882162, 47.01329532634233 ], [ -112.480172686556912, 47.016768668777964 ], [ -112.475119740586592, 47.016769227944948 ] ] ] } },
{ "type": "Feature", "properties": { "CountyName": "Lewis and Clark", "OwnerName_Grouped": "SIEBEN RANCH CO", "OwnerName": "SIEBEN RANCH CO", "OwnerAddre": "PO BOX 1683", "OwnerAdd_1": null, "OwnerAdd_2": null, "OwnerCity": "HELENA", "OwnerState": "MT", "PropType": "Vacant Land", "TotalAcres": 360.0 }, "geometry": { "type": "Polygon", "coordinates": [ [ [ -112.190909324446451, 46.863632986735162 ], [ -112.190903005557729, 46.860001982791289 ], [ -112.190896956193782, 46.856370522303287 ], [ -112.196158347665204, 46.856372218363497 ], [ -112.201420647824236, 46.856373460450129 ], [ -112.201418634598269, 46.85274655621906 ], [ -112.201419042289928, 46.849121112359882 ], [ -112.206687894154854, 46.849128880864335 ], [ -112.206685496661024, 46.852752280105321 ], [ -112.206683505338177, 46.856375198815343 ], [ -112.206682084515975, 46.859998733643252 ], [ -112.211943310627575, 46.859998770848925 ], [ -112.21193813431546, 46.863619464758628 ], [ -112.206681351291707, 46.863622782731817 ], [ -112.201424023610258, 46.863626346219334 ], [ -112.196166657860815, 46.863629576691451 ], [ -112.190909324446451, 46.863632986735162 ] ] ] } },
{ "type": "Feature", "properties": { "CountyName": "Lewis and Clark", "OwnerName_Grouped": "SIEBEN RANCH CO", "OwnerName": "SIEBEN RANCH CO", "OwnerAddre": "PO BOX 1683", "OwnerAdd_1": null, "OwnerAdd_2": null, "OwnerCity": "HELENA", "OwnerState": "MT", "PropType": "Vacant Land", "TotalAcres": 578.71 }, "geometry": { "type": "MultiPolygon", "coordinates": [ [ [ [ -112.169753184140504, 46.852702803299188 ], [ -112.169759192512132, 46.849063232925936 ], [ -112.175043052325066, 46.849076338886626 ], [ -112.180323812949922, 46.849087019818128 ], [ -112.181847481039554, 46.849090134372055 ], [ -112.180939896588725, 46.849863550214586 ], [ -112.180740376178235, 46.850009781882108 ], [ -112.180534865537979, 46.850152055591977 ], [ -112.180323531376501, 46.85029025590066 ], [ -112.180106545131665, 46.850424270669009 ], [ -112.179884082831535, 46.850553991153298 ], [ -112.179656324951623, 46.850679312093533 ], [ -112.179423456268339, 46.850800131798934 ], [ -112.178233653562202, 46.851301334809051 ], [ -112.178073988842598, 46.85137443105338 ], [ -112.177919832545655, 46.851452895755116 ], [ -112.177771567838278, 46.851536533896926 ], [ -112.177629563249482, 46.85162513760244 ], [ -112.177494171754361, 46.851718486652629 ], [ -112.177365729896806, 46.851816349033129 ], [ -112.177244556952914, 46.851918481510573 ], [ -112.177130954137354, 46.852024630237018 ], [ -112.177025203854427, 46.852134531380699 ], [ -112.176927568995964, 46.852247911781689 ], [ -112.176838292287471, 46.852364489630489 ], [ -112.176757595684535, 46.852483975168496 ], [ -112.17668567982065, 46.852606071407997 ], [ -112.176622723508132, 46.852730474870178 ], [ -112.174127348528131, 46.858030181883414 ], [ -112.174015756149785, 46.858191831997559 ], [ -112.173895389157508, 46.858350492247169 ], [ -112.173766417420822, 46.858505938619608 ], [ -112.173629022962984, 46.858657951637987 ], [ -112.173483399704367, 46.858806316671227 ], [ -112.17332975318881, 46.858950824237148 ], [ -112.173168300293767, 46.859091270298443 ], [ -112.172999268924244, 46.859227456550862 ], [ -112.172822897691219, 46.85935919070338 ], [ -112.172639435574879, 46.859486286749828 ], [ -112.172449141573111, 46.859608565231646 ], [ -112.1719233586185, 46.85998398420584 ], [ -112.171910488725899, 46.859983925226288 ], [ -112.169740508369671, 46.859981329319481 ], [ -112.169746524555237, 46.856341938701405 ], [ -112.169753184140504, 46.852702803299188 ] ] ], [ [ [ -112.18123369236676, 46.850050459460221 ], [ -112.182327580366248, 46.849091100141223 ], [ -112.185604144415237, 46.849097810667075 ], [ -112.190884607574958, 46.849108507339494 ], [ -112.190890770344154, 46.852739516371557 ], [ -112.190896956193782, 46.856370522303287 ], [ -112.190903005557729, 46.860001982791289 ], [ -112.190909324446451, 46.863632986735162 ], [ -112.185617295529923, 46.863631059398273 ], [ -112.180322880530269, 46.863627663090497 ], [ -112.175028758457742, 46.863624326081762 ], [ -112.175032373246381, 46.859987481282623 ], [ -112.172487814210285, 46.859984652650667 ], [ -112.173502176581181, 46.859262146621752 ], [ -112.173666945394061, 46.859109670075227 ], [ -112.173824108439746, 46.858953461461532 ], [ -112.17397348627189, 46.858793699203666 ], [ -112.174114908341124, 46.858630565782121 ], [ -112.1742482131896, 46.858464247526193 ], [ -112.174373248635177, 46.858294934401194 ], [ -112.174489871944942, 46.858122819791241 ], [ -112.174597949998017, 46.857948100278456 ], [ -112.174697359437175, 46.857770975418177 ], [ -112.177137354576814, 46.852572863073583 ], [ -112.177498066443931, 46.852145438709492 ], [ -112.177974230498876, 46.851777356894324 ], [ -112.178447390548584, 46.851533444719117 ], [ -112.180094789587599, 46.850787068153537 ], [ -112.18123369236676, 46.850050459460221 ] ] ] ] } },
{ "type": "Feature", "properties": { "CountyName": "Lewis and Clark", "OwnerName_Grouped": "SIEBEN RANCH CO", "OwnerName": "SIEBEN RANCH CO", "OwnerAddre": "PO BOX 1683", "OwnerAdd_1": null, "OwnerAdd_2": null, "OwnerCity": "HELENA", "OwnerState": "MT", "PropType": "Vacant Land", "TotalAcres": 640.0 }, "geometry": { "type": "Polygon", "coordinates": [ [ [ -112.543107110588707, 47.031066497611228 ], [ -112.543090131446363, 47.027455598600881 ], [ -112.543073249437143, 47.023844604646847 ], [ -112.543056367599007, 47.0202336408408 ], [ -112.543039485188302, 47.016622647768031 ], [ -112.548317554702507, 47.016614371987103 ], [ -112.549095871639409, 47.016613119077654 ], [ -112.550221239435132, 47.016611375896709 ], [ -112.551106203979643, 47.016609950725659 ], [ -112.551772723219599, 47.016608949190768 ], [ -112.552374718290537, 47.016607961091374 ], [ -112.553595887581352, 47.016606089088519 ], [ -112.558808742427345, 47.016597929068283 ], [ -112.558874064148569, 47.016597806648299 ], [ -112.559575026966897, 47.016596705778653 ], [ -112.564152261446196, 47.016589465003619 ], [ -112.56413562402291, 47.020214358268824 ], [ -112.564119246339672, 47.023839154811149 ], [ -112.564133680080559, 47.024737913575663 ], [ -112.564147810430413, 47.025636472253943 ], [ -112.564162113660061, 47.026535235144891 ], [ -112.564176410522833, 47.02743387827266 ], [ -112.56423353816372, 47.031028448337516 ], [ -112.558951889611876, 47.031037887319307 ], [ -112.553670276491061, 47.031047505143235 ], [ -112.548388494457299, 47.031056976681093 ], [ -112.543107110588707, 47.031066497611228 ] ] ] } },
{ "type": "Feature", "properties": { "CountyName": "Lewis and Clark", "OwnerName_Grouped": "SIEBEN RANCH CO", "OwnerName": "SIEBEN RANCH CO", "OwnerAddre": "PO BOX 1683", "OwnerAdd_1": null, "OwnerAdd_2": null, "OwnerCity": "HELENA", "OwnerState": "MT", "PropType": "Vacant Land", "TotalAcres": 472.89 }, "geometry": { "type": "Polygon", "coordinates": [ [ [ -112.522399349524846, 47.020293042611037 ], [ -112.522384695071835, 47.016660288156302 ], [ -112.527654686414039, 47.016647517924753 ], [ -112.532924953795202, 47.01663447078527 ], [ -112.532946288167523, 47.02025955010042 ], [ -112.53296775956747, 47.023884716297502 ], [ -112.538251684145933, 47.023863852662508 ], [ -112.543073249437143, 47.023844604646847 ], [ -112.543090131446363, 47.027455598600881 ], [ -112.543107110588707, 47.031066497611228 ], [ -112.538297920086947, 47.031095449995298 ], [ -112.533010796104975, 47.031127195775113 ], [ -112.527727327121994, 47.031159005150009 ], [ -112.522444359596605, 47.031190860087079 ], [ -112.522429324633933, 47.027558292843118 ], [ -112.522414418327799, 47.023925726184636 ], [ -112.522399349524846, 47.020293042611037 ] ] ] } },
{ "type": "Feature", "properties": { "CountyName": "Lewis and Clark", "OwnerName_Grouped": "SIEBEN RANCH CO", "OwnerName": "SIEBEN RANCH CO", "OwnerAddre": "PO BOX 1683", "OwnerAdd_1": null, "OwnerAdd_2": null, "OwnerCity": "HELENA", "OwnerState": "MT", "PropType": "Vacant Land", "TotalAcres": 640.0 }, "geometry": { "type": "Polygon", "coordinates": [ [ [ -112.519003190209986, 47.031187709051352 ], [ -112.517169417222988, 47.031185698373108 ], [ -112.515403284572884, 47.031184060380504 ], [ -112.511894590337505, 47.03118071229332 ], [ -112.506619902326278, 47.031175451787462 ], [ -112.501344928928603, 47.031170172992773 ], [ -112.501324296221895, 47.027559525327497 ], [ -112.501303484206247, 47.023948493676706 ], [ -112.501282688958355, 47.020337732242034 ], [ -112.501261910303626, 47.016726791582634 ], [ -112.506542491595837, 47.016710332571819 ], [ -112.511823286399192, 47.016693480261004 ], [ -112.517103861186399, 47.016676933300644 ], [ -112.522384695071835, 47.016660288156302 ], [ -112.522399349524846, 47.020293042611037 ], [ -112.522414418327799, 47.023925726184636 ], [ -112.522429324633933, 47.027558292843118 ], [ -112.522444359596605, 47.031190860087079 ], [ -112.519003190209986, 47.031187709051352 ] ] ] } },
{ "type": "Feature", "properties": { "CountyName": "Lewis and Clark", "OwnerName_Grouped": "SIEBEN RANCH CO", "OwnerName": "SIEBEN RANCH CO", "OwnerAddre": "PO BOX 1683", "OwnerAdd_1": null, "OwnerAdd_2": null, "OwnerCity": "HELENA", "OwnerState": "MT", "PropType": "Vacant Land", "TotalAcres": 160.0 }, "geometry": { "type": "Polygon", "coordinates": [ [ [ -111.998974329819532, 46.766735901830458 ], [ -111.999023902570343, 46.770118548870315 ], [ -111.999073994648896, 46.77350106639792 ], [ -111.993829629556373, 46.773378619814899 ], [ -111.988585681603979, 46.773255734278791 ], [ -111.988551113565848, 46.769789152922328 ], [ -111.98851680577873, 46.76632209375807 ], [ -111.993745359474985, 46.766529170919561 ], [ -111.998974329819532, 46.766735901830458 ] ] ] } },
{ "type": "Feature", "properties": { "CountyName": "Lewis and Clark", "OwnerName_Grouped": "SIEBEN RANCH CO", "OwnerName": "SIEBEN RANCH COMPANY", "OwnerAddre": "PO BOX 1683", "OwnerAdd_1": null, "OwnerAdd_2": null, "OwnerCity": "HELENA", "OwnerState": "MT", "PropType": "Vacant Land", "TotalAcres": 639.46 }, "geometry": { "type": "Polygon", "coordinates": [ [ [ -112.084642930427876, 46.83460956698525 ], [ -112.082824229459248, 46.834631724980589 ], [ -112.082838467459709, 46.83100083214466 ], [ -112.08285281382831, 46.827377364967823 ], [ -112.082869271883368, 46.823748844764857 ], [ -112.082885845420293, 46.820119933089281 ], [ -112.088155710581134, 46.820122248398171 ], [ -112.093425865761319, 46.82012455778996 ], [ -112.098695869876266, 46.820126420983335 ], [ -112.103965773721356, 46.820128915736966 ], [ -112.10395628811267, 46.823757716326888 ], [ -112.10394683886031, 46.827386723434827 ], [ -112.103936624077889, 46.8310105725649 ], [ -112.103926946631063, 46.834525493166716 ], [ -112.100488302429085, 46.834576058787391 ], [ -112.098651948379171, 46.83460330058827 ], [ -112.095178346109606, 46.834654404066342 ], [ -112.093376521870141, 46.834648189803403 ], [ -112.089910650555126, 46.834632815963865 ], [ -112.088100506976573, 46.834624704406828 ], [ -112.084642930427876, 46.83460956698525 ] ] ] } },
{ "type": "Feature", "properties": { "CountyName": "Lewis and Clark", "OwnerName_Grouped": "SIEBEN RANCH CO", "OwnerName": "SIEBEN RANCH COMPANY", "OwnerAddre": "PO BOX 1683", "OwnerAdd_1": null, "OwnerAdd_2": null, "OwnerCity": "HELENA", "OwnerState": "MT", "PropType": "Vacant Land", "TotalAcres": 328.82 }, "geometry": { "type": "Polygon", "coordinates": [ [ [ -112.063801994660736, 46.834854825120061 ], [ -112.061663027623084, 46.834809588284379 ], [ -112.061683830500215, 46.830903183325411 ], [ -112.061702615415413, 46.827294888843248 ], [ -112.066991058730849, 46.827315951927162 ], [ -112.072279656330267, 46.827336699906603 ], [ -112.077566059548545, 46.827357298398525 ], [ -112.08285281382831, 46.827377364967823 ], [ -112.082838467459709, 46.83100083214466 ], [ -112.082824229459248, 46.834631724980589 ], [ -112.079438104716687, 46.83467128280482 ], [ -112.077533168572145, 46.834693533658786 ], [ -112.074233254293674, 46.834731809653483 ], [ -112.072242714605835, 46.83475635109756 ], [ -112.069017945145433, 46.83479388425863 ], [ -112.066952872642304, 46.834817955558215 ], [ -112.063801994660736, 46.834854825120061 ] ] ] } },
{ "type": "Feature", "properties": { "CountyName": "Lewis and Clark", "OwnerName_Grouped": "SIEBEN RANCH CO", "OwnerName": "SIEBEN RANCH COMPANY", "OwnerAddre": "PO BOX 1683", "OwnerAdd_1": null, "OwnerAdd_2": null, "OwnerCity": "HELENA", "OwnerState": "MT", "PropType": "Vacant Land", "TotalAcres": 642.89 }, "geometry": { "type": "Polygon", "coordinates": [ [ [ -112.042826510562321, 46.834407693899593 ], [ -112.040507240334719, 46.834406569714382 ], [ -112.040536912678604, 46.830935585863386 ], [ -112.040538109364007, 46.830826814014905 ], [ -112.040567941358717, 46.827316020290837 ], [ -112.040568373535365, 46.82724744927846 ], [ -112.040600366628013, 46.823695250319808 ], [ -112.040600808907314, 46.823660948953624 ], [ -112.040633886591024, 46.820074277798987 ], [ -112.045911592409979, 46.820076878031358 ], [ -112.051189344318885, 46.820079835606293 ], [ -112.056466826009625, 46.820082620872292 ], [ -112.061744422960288, 46.82008567008937 ], [ -112.06172386005727, 46.823690273063129 ], [ -112.061702615415413, 46.827294888843248 ], [ -112.061683830500215, 46.830903183325411 ], [ -112.061663027623084, 46.834809588284379 ], [ -112.058558682280321, 46.83474320718598 ], [ -112.056373707217816, 46.83469689128664 ], [ -112.053314601113058, 46.834631363364984 ], [ -112.051085012235362, 46.834584216652807 ], [ -112.048070539405828, 46.834519947765337 ], [ -112.045795989957895, 46.834471204788599 ], [ -112.042826510562321, 46.834407693899593 ] ] ] } },
{ "type": "Feature", "properties": { "CountyName": "Lewis and Clark", "OwnerName_Grouped": "SIEBEN RANCH CO", "OwnerName": "SIEBEN RANCH COMPANY", "OwnerAddre": "PO BOX 1683", "OwnerAdd_1": null, "OwnerAdd_2": null, "OwnerCity": "HELENA", "OwnerState": "MT", "PropType": "Vacant Land", "TotalAcres": 628.06 }, "geometry": { "type": "Polygon", "coordinates": [ [ [ -112.02160827347862, 46.834377274917841 ], [ -112.019787395643249, 46.834377369939531 ], [ -112.01978729735481, 46.830782065941776 ], [ -112.019787301430028, 46.827181163899986 ], [ -112.019787519816404, 46.823595045343694 ], [ -112.019787369425316, 46.820008755103792 ], [ -112.02503176480316, 46.82003373083267 ], [ -112.030275666540263, 46.820058717024587 ], [ -112.035533365472673, 46.820066782575623 ], [ -112.040633886591024, 46.820074277798987 ], [ -112.040600808907314, 46.823660948953624 ], [ -112.040600366628013, 46.823695250319808 ], [ -112.040568373535365, 46.82724744927846 ], [ -112.040567941358717, 46.827316020290837 ], [ -112.040538109364007, 46.830826814014905 ], [ -112.040536912678604, 46.830935585863386 ], [ -112.040507240334719, 46.834406569714382 ], [ -112.037535044867738, 46.83440326877173 ], [ -112.035800633986327, 46.834401102652912 ], [ -112.032243006900586, 46.834397769022061 ], [ -112.030481414609611, 46.83439719791253 ], [ -112.026925768560147, 46.834389015863849 ], [ -112.025134270522429, 46.834384956776304 ], [ -112.02160827347862, 46.834377274917841 ] ] ] } },
{ "type": "Feature", "properties": { "CountyName": "Lewis and Clark", "OwnerName_Grouped": "SIEBEN RANCH CO", "OwnerName": "SIEBEN RANCH COMPANY", "OwnerAddre": "PO BOX 1683", "OwnerAdd_1": null, "OwnerAdd_2": null, "OwnerCity": "HELENA", "OwnerState": "MT", "PropType": "Vacant Land", "TotalAcres": 600.66 }, "geometry": { "type": "MultiPolygon", "coordinates": [ [ [ [ -112.00268034110313, 46.820242746305681 ], [ -112.002456342697513, 46.819869435087391 ], [ -112.004066586411383, 46.81988236832531 ], [ -112.009306896050333, 46.81992480360536 ], [ -112.014547046757897, 46.819966705620928 ], [ -112.019787369425316, 46.820008755103792 ], [ -112.019787519816404, 46.823595045343694 ], [ -112.019787301430028, 46.827181163899986 ], [ -112.01978729735481, 46.830782065941776 ], [ -112.019787395643249, 46.834377369939531 ], [ -112.016335183579855, 46.834372834240575 ], [ -112.014511754343573, 46.834370505908822 ], [ -112.011061831338679, 46.834365998922337 ], [ -112.009236086755124, 46.834365475289268 ], [ -112.007873870788785, 46.834363744670682 ], [ -112.006606712953328, 46.831799807050572 ], [ -112.004437335201288, 46.826354898557213 ], [ -112.002942282366391, 46.822616210894743 ], [ -112.00268034110313, 46.820242746305681 ] ] ], [ [ [ -111.99877980677941, 46.823467623961193 ], [ -111.99882639530567, 46.81984022938817 ], [ -112.000319054420501, 46.81985227564865 ], [ -112.000421995113328, 46.820500118242308 ], [ -112.000652474386641, 46.820900215598535 ], [ -112.001854044376131, 46.822650533153869 ], [ -112.003402128934255, 46.826315303766613 ], [ -112.006836200572835, 46.834362429349063 ], [ -112.005789213355825, 46.834361129109553 ], [ -112.003961724403254, 46.834358789848963 ], [ -112.000517118473141, 46.834354376991961 ], [ -111.998687095538102, 46.834353635200877 ], [ -111.998710501338422, 46.830716092831771 ], [ -111.998733197952191, 46.827095138840534 ], [ -111.99877980677941, 46.823467623961193 ] ] ] ] } },
{ "type": "Feature", "properties": { "CountyName": "Lewis and Clark", "OwnerName_Grouped": "SIEBEN RANCH CO", "OwnerName": "SIEBEN RANCH COMPANY", "OwnerAddre": "PO BOX 1683", "OwnerAdd_1": null, "OwnerAdd_2": null, "OwnerCity": "HELENA", "OwnerState": "MT", "PropType": "Improved Property", "TotalAcres": 634.68 }, "geometry": { "type": "Polygon", "coordinates": [ [ [ -111.979566399639893, 46.834282331812517 ], [ -111.977566315495309, 46.834279226950329 ], [ -111.977592159992881, 46.830643692393217 ], [ -111.977618676695187, 46.827027451762795 ], [ -111.977671792388918, 46.823412918217215 ], [ -111.97772450871264, 46.819798241233521 ], [ -111.983000262411579, 46.819808894631905 ], [ -111.988275461907335, 46.819819445006956 ], [ -111.993550802208816, 46.819829660211049 ], [ -111.99882639530567, 46.81984022938817 ], [ -111.99877980677941, 46.823467623961193 ], [ -111.998733197952191, 46.827095138840534 ], [ -111.998710501338422, 46.830716092831771 ], [ -111.998687095538102, 46.834353635200877 ], [ -111.995279677579703, 46.834339876626643 ], [ -111.993407483199661, 46.834332329593337 ], [ -111.990042064626607, 46.834318473041307 ], [ -111.988127581961251, 46.83431660723771 ], [ -111.984804110784907, 46.834303243043273 ], [ -111.982846869983007, 46.834295352373779 ], [ -111.979566399639893, 46.834282331812517 ] ] ] } },
{ "type": "Feature", "properties": { "CountyName": "Lewis and Clark", "OwnerName_Grouped": "SIEBEN RANCH CO", "OwnerName": "SIEBEN RANCH COMPANY", "OwnerAddre": "PO BOX 1683", "OwnerAdd_1": null, "OwnerAdd_2": null, "OwnerCity": "HELENA", "OwnerState": "MT", "PropType": "Vacant Land", "TotalAcres": 160.0 }, "geometry": { "type": "Polygon", "coordinates": [ [ [ -112.190896956193782, 46.856370522303287 ], [ -112.190890770344154, 46.852739516371557 ], [ -112.190884607574958, 46.849108507339494 ], [ -112.196150525535472, 46.849113914173223 ], [ -112.201419042289928, 46.849121112359882 ], [ -112.201418634598269, 46.85274655621906 ], [ -112.201420647824236, 46.856373460450129 ], [ -112.196158347665204, 46.856372218363497 ], [ -112.190896956193782, 46.856370522303287 ] ] ] } },
{ "type": "Feature", "properties": { "CountyName": "Lewis and Clark", "OwnerName_Grouped": "SIEBEN RANCH CO", "OwnerName": "SIEBEN RANCH CO", "OwnerAddre": "PO BOX 1683", "OwnerAdd_1": null, "OwnerAdd_2": null, "OwnerCity": "HELENA", "OwnerState": "MT", "PropType": "Vacant Land", "TotalAcres": 640.0 }, "geometry": { "type": "Polygon", "coordinates": [ [ [ -112.564152261446196, 47.016589465003619 ], [ -112.564148091698669, 47.012973570915442 ], [ -112.564144333341375, 47.009357397811357 ], [ -112.564140151695526, 47.005741295023796 ], [ -112.564136135382213, 47.002125216182911 ], [ -112.569416019131197, 47.002112593324057 ], [ -112.574695652399058, 47.00210015519928 ], [ -112.579975418104908, 47.002087713188629 ], [ -112.585255045479443, 47.002075183597633 ], [ -112.585252443028537, 47.00568856719935 ], [ -112.585249869049264, 47.009301945959265 ], [ -112.585243722340678, 47.012914828738808 ], [ -112.585237845590555, 47.016527882980711 ], [ -112.579964725660446, 47.016543376158744 ], [ -112.574691855488624, 47.016559129580195 ], [ -112.569421989220999, 47.016574275861728 ], [ -112.569398160123896, 47.016574414922566 ], [ -112.564152261446196, 47.016589465003619 ] ] ] } },
{ "type": "Feature", "properties": { "CountyName": "Lewis and Clark", "OwnerName_Grouped": "SIEBEN RANCH CO", "OwnerName": "SIEBEN RANCH COMPANY", "OwnerAddre": "PO BOX 1683", "OwnerAdd_1": null, "OwnerAdd_2": null, "OwnerCity": "HELENA", "OwnerState": "MT", "PropType": "Vacant Land", "TotalAcres": 640.0 }, "geometry": { "type": "Polygon", "coordinates": [ [ [ -112.169468992686532, 46.977047034146693 ], [ -112.16946760129639, 46.973595353552582 ], [ -112.169467280893983, 46.973432997248032 ], [ -112.169465930494042, 46.970000914114877 ], [ -112.16946618814724, 46.969819099572845 ], [ -112.169464863235575, 46.966406462098078 ], [ -112.16946464752408, 46.966205185016101 ], [ -112.169463437038672, 46.962811718281216 ], [ -112.169463303899263, 46.962590993580761 ], [ -112.17473367237524, 46.962590175060278 ], [ -112.180004035038067, 46.962589264284709 ], [ -112.185274429855511, 46.962588415266126 ], [ -112.190544654290335, 46.962587418423219 ], [ -112.190549681704312, 46.966197653051914 ], [ -112.190554664844839, 46.969807619156605 ], [ -112.190559427054865, 46.973417860336944 ], [ -112.190564187372658, 46.977028075128636 ], [ -112.185290319947313, 46.977032757129813 ], [ -112.180016457575789, 46.977037525565919 ], [ -112.174742854915451, 46.97704226370945 ], [ -112.169468992686532, 46.977047034146693 ] ] ] } },
{ "type": "Feature", "properties": { "CountyName": "Lewis and Clark", "OwnerName_Grouped": "SIEBEN RANCH CO", "OwnerName": "SIEBEN RANCH CO", "OwnerAddre": "PO BOX 1683", "OwnerAdd_1": null, "OwnerAdd_2": null, "OwnerCity": "HELENA", "OwnerState": "MT", "PropType": "Vacant Land", "TotalAcres": 160.0 }, "geometry": { "type": "Polygon", "coordinates": [ [ [ -112.254251091005145, 46.863689609445416 ], [ -112.254246701027256, 46.860045358786003 ], [ -112.254241421895372, 46.856400755917285 ], [ -112.254236435410661, 46.852756263185348 ], [ -112.254231696791038, 46.849112006873391 ], [ -112.259508637284611, 46.849108611660917 ], [ -112.259514584011328, 46.852752909333248 ], [ -112.259519772563962, 46.85639753529076 ], [ -112.259525492936362, 46.860041380259979 ], [ -112.259524874408385, 46.863687982326525 ], [ -112.254251091005145, 46.863689609445416 ] ] ] } },
{ "type": "Feature", "properties": { "CountyName": "Lewis and Clark", "OwnerName_Grouped": "SIEBEN RANCH CO", "OwnerName": "SIEBEN RANCH CO", "OwnerAddre": "PO BOX 1683", "OwnerAdd_1": null, "OwnerAdd_2": null, "OwnerCity": "HELENA", "OwnerState": "MT", "PropType": "Vacant Land", "TotalAcres": 360.0 }, "geometry": { "type": "Polygon", "coordinates": [ [ [ -112.248969204808802, 46.863671919926233 ], [ -112.248962881978386, 46.860031287161419 ], [ -112.248956048903352, 46.856390799188318 ], [ -112.243670960374757, 46.856380601818302 ], [ -112.238385471553002, 46.856370071300304 ], [ -112.23837782206634, 46.852737792862825 ], [ -112.23309316282284, 46.852732284663858 ], [ -112.233086329360816, 46.849105724856855 ], [ -112.23837284615972, 46.849107183239056 ], [ -112.243658815082412, 46.849108742336888 ], [ -112.248945072189855, 46.849110295626943 ], [ -112.254231696791038, 46.849112006873391 ], [ -112.254236435410661, 46.852756263185348 ], [ -112.254241421895372, 46.856400755917285 ], [ -112.254246701027256, 46.860045358786003 ], [ -112.254251091005145, 46.863689609445416 ], [ -112.248969204808802, 46.863671919926233 ] ] ] } },
{ "type": "Feature", "properties": { "CountyName": "Lewis and Clark", "OwnerName_Grouped": "SIEBEN RANCH CO", "OwnerName": "SIEBEN RANCH COMPANY", "OwnerAddre": "PO BOX 1683", "OwnerAdd_1": null, "OwnerAdd_2": null, "OwnerCity": "HELENA", "OwnerState": "MT", "PropType": "Vacant Land", "TotalAcres": 320.0 }, "geometry": { "type": "Polygon", "coordinates": [ [ [ -112.190554664844839, 46.969807619156605 ], [ -112.190549681704312, 46.966197653051914 ], [ -112.190544654290335, 46.962587418423219 ], [ -112.195815775663405, 46.962582856952345 ], [ -112.201086515952539, 46.962578601066461 ], [ -112.206357242193505, 46.962574075653691 ], [ -112.206365078096212, 46.966188752373199 ], [ -112.206373049547338, 46.969803432807481 ], [ -112.206380905874553, 46.973417686080481 ], [ -112.201107069828254, 46.973417819040186 ], [ -112.19583336549789, 46.973417947199948 ], [ -112.195827241522053, 46.969806499752302 ], [ -112.190554664844839, 46.969807619156605 ] ] ] } },
{ "type": "Feature", "properties": { "CountyName": "Lewis and Clark", "OwnerName_Grouped": "SIEBEN RANCH CO", "OwnerName": "SIEBEN RANCH COMPANY", "OwnerAddre": "PO BOX 1683", "OwnerAdd_1": null, "OwnerAdd_2": null, "OwnerCity": "HELENA", "OwnerState": "MT", "PropType": "Vacant Land", "TotalAcres": 602.54 }, "geometry": { "type": "MultiPolygon", "coordinates": [ [ [ [ -111.998832024455922, 46.808989908433958 ], [ -111.998833579648803, 46.805373248980068 ], [ -112.004076017448966, 46.805439204346534 ], [ -112.006222442313629, 46.805466539054557 ], [ -112.006392646670975, 46.805468654426925 ], [ -112.004839755366305, 46.806560284331702 ], [ -112.004557778974458, 46.80680978101514 ], [ -112.004283649501829, 46.807063367693509 ], [ -112.004017492835217, 46.807320928016836 ], [ -112.003759431208707, 46.807582343810296 ], [ -112.003509583147391, 46.807847495128364 ], [ -112.003268063412861, 46.80811626030976 ], [ -112.003034982950325, 46.808388516033219 ], [ -112.002810448837664, 46.808664137373967 ], [ -112.002594564235977, 46.80894299786101 ], [ -112.002387428342217, 46.809224969535052 ], [ -112.002189136343361, 46.809509923007262 ], [ -112.001999779372554, 46.809797727518337 ], [ -112.001819444467088, 46.810088250998724 ], [ -112.001648214528274, 46.810381360128979 ], [ -112.001486168283037, 46.810676920400965 ], [ -112.001333380247729, 46.810974796179451 ], [ -112.001189920693548, 46.811274850764448 ], [ -112.001055855614084, 46.811576946453712 ], [ -112.000931246694762, 46.811880944606003 ], [ -112.000816151284255, 46.812186705704576 ], [ -112.000710622367876, 46.812494089421364 ], [ -112.00061470854304, 46.812802954681082 ], [ -112.00030338453405, 46.81294837704489 ], [ -112.000215173515144, 46.813209591716003 ], [ -112.000136459217103, 46.813472232754208 ], [ -112.00006729054607, 46.813736137442696 ], [ -112.000007710496234, 46.814001142279473 ], [ -111.999957756122924, 46.814267083078541 ], [ -111.999917458519263, 46.81453379507154 ], [ -111.999886842796556, 46.814801113009921 ], [ -111.99986592806836, 46.815068871267215 ], [ -111.999854727438333, 46.815336903941692 ], [ -111.999853247991709, 46.815605044959128 ], [ -111.999861490790607, 46.815873128175689 ], [ -111.999879450872925, 46.816140987480935 ], [ -111.99990711725512, 46.816408456900625 ], [ -111.999944472938665, 46.816675370699684 ], [ -112.000319054420501, 46.81985227564865 ], [ -111.99882639530567, 46.81984022938817 ], [ -111.998828109644649, 46.816223540353263 ], [ -111.998829665142736, 46.81260688029262 ], [ -111.998832024455922, 46.808989908433958 ] ] ], [ [ [ -112.005941415842997, 46.806373444944619 ], [ -112.007310612244027, 46.805480359054584 ], [ -112.009318849369564, 46.805505810041993 ], [ -112.014561528710658, 46.805571944278206 ], [ -112.019804365529779, 46.805638012676809 ], [ -112.019800278311152, 46.809230951352646 ], [ -112.01979619837067, 46.812823467826959 ], [ -112.019791719543008, 46.816416440093086 ], [ -112.019787369425316, 46.820008755103792 ], [ -112.014547046757897, 46.819966705620928 ], [ -112.009306896050333, 46.81992480360536 ], [ -112.004066586411383, 46.81988236832531 ], [ -112.002456342697513, 46.819869435087391 ], [ -112.00195265791443, 46.819374832364119 ], [ -112.001185738569234, 46.818181866195964 ], [ -112.001106146884737, 46.818027610388867 ], [ -112.001035442830812, 46.817871327554776 ], [ -112.000973735452803, 46.817713258897591 ], [ -112.000921119908128, 46.817553648375188 ], [ -112.000877677319949, 46.817392742323023 ], [ -112.000843474652285, 46.817230789073754 ], [ -112.000818564607357, 46.817068038574021 ], [ -112.00080298554461, 46.81690474199857 ], [ -112.000796761422109, 46.816741151362713 ], [ -112.000799901760047, 46.816577519133205 ], [ -112.000812401626618, 46.816414097838766 ], [ -112.000799721436209, 46.814405276810959 ], [ -112.000830250405912, 46.814156202143849 ], [ -112.000869218382874, 46.813907682997588 ], [ -112.000916604122054, 46.813659854117866 ], [ -112.000972381815345, 46.813412849874169 ], [ -112.00103652110586, 46.813166804187055 ], [ -112.001108987104601, 46.812921850455595 ], [ -112.001189740409586, 46.812678121484986 ], [ -112.001278737127507, 46.812435749414647 ], [ -112.001375928897744, 46.812194865646497 ], [ -112.001472906866141, 46.811911462280719 ], [ -112.001579732847404, 46.811629733025221 ], [ -112.001696345530718, 46.811349839166837 ], [ -112.001822678005468, 46.811071940939172 ], [ -112.001958657799975, 46.810796197430825 ], [ -112.002104206923306, 46.810522766494557 ], [ -112.002259241910167, 46.810251804656851 ], [ -112.002423673869046, 46.809983467028403 ], [ -112.002597408533347, 46.809717907215379 ], [ -112.00278034631566, 46.809455277231571 ], [ -112.002972382364973, 46.809195727411534 ], [ -112.003173406627042, 46.808939406324413 ], [ -112.00338330390754, 46.808686460689188 ], [ -112.003601953938286, 46.808437035290609 ], [ -112.003829231446232, 46.808191272896522 ], [ -112.004065006225431, 46.807949314176142 ], [ -112.004309143211756, 46.807711297619711 ], [ -112.004561502560321, 46.807477359459241 ], [ -112.004821939725687, 46.807247633590684 ], [ -112.00509030554484, 46.807022251497401 ], [ -112.005366446322526, 46.806801342174893 ], [ -112.005650203919501, 46.806585032057207 ], [ -112.005941415842997, 46.806373444944619 ] ] ] ] } },
{ "type": "Feature", "properties": { "CountyName": "Lewis and Clark", "OwnerName_Grouped": "SIEBEN RANCH CO", "OwnerName": "SIEBEN RANCH COMPANY", "OwnerAddre": "PO BOX 1683", "OwnerAdd_1": null, "OwnerAdd_2": null, "OwnerCity": "HELENA", "OwnerState": "MT", "PropType": "Improved Property", "TotalAcres": 639.45 }, "geometry": { "type": "Polygon", "coordinates": [ [ [ -111.97772450871264, 46.819798241233521 ], [ -111.977783817340423, 46.816190986545507 ], [ -111.97784302275997, 46.812583798126148 ], [ -111.977901920511741, 46.808976195042767 ], [ -111.977960705165117, 46.805368925933003 ], [ -111.983179350106553, 46.805369891012852 ], [ -111.988397211059308, 46.805370846984758 ], [ -111.993615710130612, 46.805372085253687 ], [ -111.998833579648803, 46.805373248980068 ], [ -111.998832024455922, 46.808989908433958 ], [ -111.998829665142736, 46.81260688029262 ], [ -111.998828109644649, 46.816223540353263 ], [ -111.99882639530567, 46.81984022938817 ], [ -111.993550802208816, 46.819829660211049 ], [ -111.988275461907335, 46.819819445006956 ], [ -111.983000262411579, 46.819808894631905 ], [ -111.97772450871264, 46.819798241233521 ] ] ] } },
{ "type": "Feature", "properties": { "CountyName": "Lewis and Clark", "OwnerName_Grouped": "SIEBEN RANCH CO", "OwnerName": "SIEBEN RANCH COMPANY", "OwnerAddre": "PO BOX 1683", "OwnerAdd_1": null, "OwnerAdd_2": null, "OwnerCity": "HELENA", "OwnerState": "MT", "PropType": "Vacant Land", "TotalAcres": 160.0 }, "geometry": { "type": "Polygon", "coordinates": [ [ [ -111.972492570432479, 46.819766604036971 ], [ -111.972535272877138, 46.816163148903286 ], [ -111.972578063201709, 46.812559246254146 ], [ -111.972621303343274, 46.808968982548919 ], [ -111.972663886856694, 46.805378624309412 ], [ -111.977960705165117, 46.805368925933003 ], [ -111.977901920511741, 46.808976195042767 ], [ -111.97784302275997, 46.812583798126148 ], [ -111.977783817340423, 46.816190986545507 ], [ -111.97772450871264, 46.819798241233521 ], [ -111.972492570432479, 46.819766604036971 ] ] ] } },
{ "type": "Feature", "properties": { "CountyName": "Lewis and Clark", "OwnerName_Grouped": "SIEBEN RANCH CO", "OwnerName": "SIEBEN RANCH COMPANY", "OwnerAddre": "PO BOX 1683", "OwnerAdd_1": null, "OwnerAdd_2": null, "OwnerCity": "HELENA", "OwnerState": "MT", "PropType": "Vacant Land", "TotalAcres": 640.0 }, "geometry": { "type": "Polygon", "coordinates": [ [ [ -112.190499166411243, 46.933690587902007 ], [ -112.190498661623664, 46.930074181103123 ], [ -112.190501318462779, 46.926468490757827 ], [ -112.190502940662327, 46.922848965205226 ], [ -112.190504502007499, 46.919229539105352 ], [ -112.190945158434772, 46.919229933290417 ], [ -112.195764588514749, 46.919234465209399 ], [ -112.196231524750488, 46.919234902605041 ], [ -112.201024585020249, 46.91923940539786 ], [ -112.201517866589256, 46.919239957682493 ], [ -112.206284724448324, 46.919244546898426 ], [ -112.206804401554379, 46.919244955579153 ], [ -112.211544884814813, 46.919249399051466 ], [ -112.211549124496344, 46.922860230337108 ], [ -112.211553342989717, 46.92647114936667 ], [ -112.211570403509768, 46.930044636725661 ], [ -112.211576762883439, 46.933652140039534 ], [ -112.206307427054909, 46.933661861296187 ], [ -112.201037819227267, 46.933671380335475 ], [ -112.19576850862461, 46.93368098269702 ], [ -112.190499166411243, 46.933690587902007 ] ] ] } },
{ "type": "Feature", "properties": { "CountyName": "Lewis and Clark", "OwnerName_Grouped": "SIEBEN RANCH CO", "OwnerName": "SIEBEN RANCH COMPANY", "OwnerAddre": "PO BOX 1683", "OwnerAdd_1": null, "OwnerAdd_2": null, "OwnerCity": "HELENA", "OwnerState": "MT", "PropType": "Vacant Land", "TotalAcres": 172.0 }, "geometry": { "type": "Polygon", "coordinates": [ [ [ -112.12693451275203, 46.892315121162923 ], [ -112.126971629108027, 46.888669271930205 ], [ -112.127009546588013, 46.88502322579285 ], [ -112.127046658226078, 46.881377349344483 ], [ -112.127084424845279, 46.87773148561427 ], [ -112.132438149325452, 46.877792106115876 ], [ -112.137773202639892, 46.877830839226107 ], [ -112.13941392388061, 46.877841154056505 ], [ -112.139538071449408, 46.878634076347346 ], [ -112.139536643712148, 46.878656942038987 ], [ -112.137651868762703, 46.879394613000045 ], [ -112.13652744912919, 46.879832868341197 ], [ -112.135235930749161, 46.880538390047285 ], [ -112.134655598497972, 46.881380141331825 ], [ -112.133142242470043, 46.883567888837817 ], [ -112.132150767844195, 46.884994919811206 ], [ -112.130007114619531, 46.888073118640669 ], [ -112.129796152961788, 46.888644265229935 ], [ -112.129412561403257, 46.889684347578445 ], [ -112.129030494096483, 46.891501229154109 ], [ -112.128943081775077, 46.892315563887372 ], [ -112.12693451275203, 46.892315121162923 ] ] ] } },
{ "type": "Feature", "properties": { "CountyName": "Lewis and Clark", "OwnerName_Grouped": "SIEBEN RANCH CO", "OwnerName": "SIEBEN RANCH COMPANY", "OwnerAddre": "PO BOX 1683", "OwnerAdd_1": null, "OwnerAdd_2": null, "OwnerCity": "HELENA", "OwnerState": "MT", "PropType": "Improved Property", "TotalAcres": 166.16 }, "geometry": { "type": "Polygon", "coordinates": [ [ [ -112.11850015508972, 46.892277199665024 ], [ -112.118025824177209, 46.891956617212671 ], [ -112.117555764962972, 46.891633093335194 ], [ -112.116283601152958, 46.890945292317717 ], [ -112.116290818188205, 46.888614800290682 ], [ -112.116302468946571, 46.884962719894283 ], [ -112.114986276044462, 46.884969827630009 ], [ -112.114954048992416, 46.882515414132911 ], [ -112.116905416475319, 46.882511765611291 ], [ -112.116927102929623, 46.884966326683795 ], [ -112.121655987259402, 46.884993009074641 ], [ -112.127009546588013, 46.88502322579285 ], [ -112.126971629108027, 46.888669271930205 ], [ -112.12693451275203, 46.892315121162923 ], [ -112.121606844985166, 46.89229116860966 ], [ -112.11850015508972, 46.892277199665024 ] ] ] } },
{ "type": "Feature", "properties": { "CountyName": "Lewis and Clark", "OwnerName_Grouped": "SIEBEN RANCH CO", "OwnerName": "SIEBEN RANCH CO", "OwnerAddre": "PO BOX 1683", "OwnerAdd_1": null, "OwnerAdd_2": null, "OwnerCity": "HELENA", "OwnerState": "MT", "PropType": "Vacant Land", "TotalAcres": 40.0 }, "geometry": { "type": "Polygon", "coordinates": [ [ [ -112.527727327121994, 47.031159005150009 ], [ -112.533010796104975, 47.031127195775113 ], [ -112.533034769560601, 47.034748414775393 ], [ -112.527747790650452, 47.034778082883463 ], [ -112.527727327121994, 47.031159005150009 ] ] ] } },
{ "type": "Feature", "properties": { "CountyName": "Lewis and Clark", "OwnerName_Grouped": "SIEBEN RANCH CO", "OwnerName": "SIEBEN RANCH COMPANY", "OwnerAddre": "PO BOX 1683", "OwnerAdd_1": null, "OwnerAdd_2": null, "OwnerCity": "HELENA", "OwnerState": "MT", "PropType": "Vacant Land", "TotalAcres": 19.67 }, "geometry": { "type": "Polygon", "coordinates": [ [ [ -112.474818045067309, 47.002321505985769 ], [ -112.474809841917619, 46.998759311013437 ], [ -112.477436924007336, 46.998747325482867 ], [ -112.477443296411195, 47.002311151398857 ], [ -112.474958896434302, 47.002320960955416 ], [ -112.474818045067309, 47.002321505985769 ] ] ] } },
{ "type": "Feature", "properties": { "CountyName": "Lewis and Clark", "OwnerName_Grouped": "SIEBEN RANCH CO", "OwnerName": "SIEBEN RANCH CO", "OwnerAddre": "PO BOX 1683", "OwnerAdd_1": null, "OwnerAdd_2": null, "OwnerCity": "HELENA", "OwnerState": "MT", "PropType": "Vacant Land", "TotalAcres": 320.0 }, "geometry": { "type": "Polygon", "coordinates": [ [ [ -112.212031316984564, 46.878184831896462 ], [ -112.212008659460423, 46.874543252336622 ], [ -112.21198494381278, 46.870902059158823 ], [ -112.211961878648012, 46.867260757879656 ], [ -112.21193813431546, 46.863619464758628 ], [ -112.217234444391678, 46.863619285978473 ], [ -112.222530330886428, 46.863619080606213 ], [ -112.227825808867507, 46.863619093311755 ], [ -112.233121567912093, 46.863618887949848 ], [ -112.233134781507559, 46.867260981799433 ], [ -112.227841716782592, 46.867261502974706 ], [ -112.222548204636496, 46.867261243718964 ], [ -112.222566471531664, 46.870903030114157 ], [ -112.217275787139684, 46.870902668441531 ], [ -112.217296427213071, 46.874544018799149 ], [ -112.217316971304044, 46.878185413862546 ], [ -112.212031316984564, 46.878184831896462 ] ] ] } },
{ "type": "Feature", "properties": { "CountyName": "Lewis and Clark", "OwnerName_Grouped": "SIEBEN RANCH CO", "OwnerName": "SIEBEN RANCH COMPANY", "OwnerAddre": "PO BOX 1683", "OwnerAdd_1": null, "OwnerAdd_2": null, "OwnerCity": "HELENA", "OwnerState": "MT", "PropType": "Vacant Land", "TotalAcres": 320.0 }, "geometry": { "type": "Polygon", "coordinates": [ [ [ -112.190922358023457, 46.870909151316972 ], [ -112.21198494381278, 46.870902059158823 ], [ -112.212008659460423, 46.874543252336622 ], [ -112.212031316984564, 46.878184831896462 ], [ -112.206758314537311, 46.878185507564041 ], [ -112.201485817783322, 46.878186386263046 ], [ -112.196209853880674, 46.87818553909576 ], [ -112.190932914970631, 46.878184120884896 ], [ -112.190927586314814, 46.874546638609708 ], [ -112.190922358023457, 46.870909151316972 ] ] ] } },
{ "type": "Feature", "properties": { "CountyName": "Lewis and Clark", "OwnerName_Grouped": "SIEBEN RANCH CO", "OwnerName": "SIEBEN RANCH COMPANY", "OwnerAddre": "PO BOX 1683", "OwnerAdd_1": null, "OwnerAdd_2": null, "OwnerCity": "HELENA", "OwnerState": "MT", "PropType": "Vacant Land", "TotalAcres": 120.0 }, "geometry": { "type": "Polygon", "coordinates": [ [ [ -112.206687894154854, 46.849128880864335 ], [ -112.211957020508251, 46.849137003134672 ], [ -112.211952563727735, 46.852757899381174 ], [ -112.21194781363937, 46.856378145263939 ], [ -112.211943310627575, 46.859998770848925 ], [ -112.206682084515975, 46.859998733643252 ], [ -112.206683505338177, 46.856375198815343 ], [ -112.206685496661024, 46.852752280105321 ], [ -112.206687894154854, 46.849128880864335 ] ] ] } },
{ "type": "Feature", "properties": { "CountyName": "Lewis and Clark", "OwnerName_Grouped": "SIEBEN RANCH CO", "OwnerName": "SIEBEN RANCH COMPANY", "OwnerAddre": "PO BOX 1683", "OwnerAdd_1": null, "OwnerAdd_2": null, "OwnerCity": "HELENA", "OwnerState": "MT", "PropType": "Vacant Land", "TotalAcres": 640.0 }, "geometry": { "type": "Polygon", "coordinates": [ [ [ -112.042550446004682, 46.863206706360828 ], [ -112.042557000409587, 46.859587109298523 ], [ -112.04256329065052, 46.855968105373478 ], [ -112.042569140665961, 46.852348691701181 ], [ -112.04257525209573, 46.848729269623746 ], [ -112.047867274776408, 46.848800997769843 ], [ -112.053159734614638, 46.848872709789887 ], [ -112.058451807106835, 46.848944043170029 ], [ -112.063744008401642, 46.849015940967689 ], [ -112.063747631368884, 46.852616696779776 ], [ -112.063751442647117, 46.856216847850725 ], [ -112.063754969021304, 46.859817096430042 ], [ -112.063758784433702, 46.863417364771585 ], [ -112.058456544085217, 46.863364579967723 ], [ -112.053154842345492, 46.863312081099352 ], [ -112.047852731101685, 46.863259203174309 ], [ -112.042550446004682, 46.863206706360828 ] ] ] } },
{ "type": "Feature", "properties": { "CountyName": "Lewis and Clark", "OwnerName_Grouped": "SIEBEN RANCH CO", "OwnerName": "SIEBEN RANCH CO", "OwnerAddre": "PO BOX 1683", "OwnerAdd_1": null, "OwnerAdd_2": null, "OwnerCity": "HELENA", "OwnerState": "MT", "PropType": "Vacant Land", "TotalAcres": 640.0 }, "geometry": { "type": "Polygon", "coordinates": [ [ [ -112.264794685442524, 46.907198496230009 ], [ -112.259507104096684, 46.90720131895479 ], [ -112.254220296860126, 46.907200503702782 ], [ -112.254205657040629, 46.90359365487388 ], [ -112.254191671493288, 46.89998341018439 ], [ -112.254177686541027, 46.896373189800578 ], [ -112.254163546410027, 46.892763056034447 ], [ -112.259462816631185, 46.892761884912176 ], [ -112.264762454182474, 46.892760717596282 ], [ -112.270061709568139, 46.892759745137511 ], [ -112.275361069662154, 46.892758650441699 ], [ -112.275363538577764, 46.89636652925023 ], [ -112.275365611543691, 46.899974416762525 ], [ -112.275367849706811, 46.90358236597659 ], [ -112.275369478426981, 46.907193311975405 ], [ -112.270082024363276, 46.907196039069021 ], [ -112.264794685442524, 46.907198496230009 ] ] ] } },
{ "type": "Feature", "properties": { "CountyName": "Lewis and Clark", "OwnerName_Grouped": "SIEBEN RANCH CO", "OwnerName": "SIEBEN RANCH CO", "OwnerAddre": "PO BOX 1683", "OwnerAdd_1": null, "OwnerAdd_2": null, "OwnerCity": "HELENA", "OwnerState": "MT", "PropType": "Vacant Land", "TotalAcres": 623.12 }, "geometry": { "type": "Polygon", "coordinates": [ [ [ -112.23305967463503, 46.83460531177672 ], [ -112.232796096478566, 46.834605742768581 ], [ -112.23232166068739, 46.834607506337903 ], [ -112.232346129094438, 46.83143190973626 ], [ -112.232378526127206, 46.827801835151917 ], [ -112.232457315889135, 46.824163618091866 ], [ -112.232523092593894, 46.82052075022051 ], [ -112.237847139399861, 46.820453099938916 ], [ -112.243171446896596, 46.820384813675759 ], [ -112.24849655154209, 46.820316661119101 ], [ -112.253821251816703, 46.820248646850565 ], [ -112.253864830723103, 46.823858355679057 ], [ -112.253893307313476, 46.82746349126846 ], [ -112.253575335408271, 46.83119181020065 ], [ -112.253393876470355, 46.833326034411705 ], [ -112.25328528052917, 46.834583815208717 ], [ -112.248916806303839, 46.834588394279315 ], [ -112.248044424521694, 46.834589289741018 ], [ -112.243596938650612, 46.834593607629465 ], [ -112.242803305421518, 46.834595508913289 ], [ -112.238328333390129, 46.834600185006153 ], [ -112.237562620967566, 46.834600871724199 ], [ -112.23305967463503, 46.83460531177672 ] ] ] } },
{ "type": "Feature", "properties": { "CountyName": "Lewis and Clark", "OwnerName_Grouped": "SIEBEN RANCH CO", "OwnerName": "SIEBEN RANCH CO", "OwnerAddre": "PO BOX 1683", "OwnerAdd_1": null, "OwnerAdd_2": null, "OwnerCity": "HELENA", "OwnerState": "MT", "PropType": "Vacant Land", "TotalAcres": 547.79 }, "geometry": { "type": "Polygon", "coordinates": [ [ [ -112.216617678548943, 46.834643414174735 ], [ -112.216635232881046, 46.831392763079315 ], [ -112.216654764659907, 46.82777097720043 ], [ -112.211398960616364, 46.827760375892971 ], [ -112.211428177613968, 46.824146173198081 ], [ -112.211446242436011, 46.82052702655178 ], [ -112.216715218542234, 46.820525620282609 ], [ -112.221984470794737, 46.820523937091295 ], [ -112.227253584276568, 46.820522618202567 ], [ -112.232523092593894, 46.82052075022051 ], [ -112.232457315889135, 46.824163618091866 ], [ -112.232378526127206, 46.827801835151917 ], [ -112.232346129094438, 46.83143190973626 ], [ -112.23232166068739, 46.834607506337903 ], [ -112.227785261818582, 46.834617646913038 ], [ -112.227086881006016, 46.834619316618657 ], [ -112.222511120616304, 46.834629655213007 ], [ -112.221852354879758, 46.834631662446803 ], [ -112.217237284422467, 46.834642203224462 ], [ -112.216617678548943, 46.834643414174735 ] ] ] } },
{ "type": "Feature", "properties": { "CountyName": "Lewis and Clark", "OwnerName_Grouped": "SIEBEN RANCH CO", "OwnerName": "SIEBEN RANCH CO", "OwnerAddre": "PO BOX 1683", "OwnerAdd_1": null, "OwnerAdd_2": null, "OwnerCity": "HELENA", "OwnerState": "MT", "PropType": "Vacant Land", "TotalAcres": 520.0 }, "geometry": { "type": "Polygon", "coordinates": [ [ [ -112.564125387138816, 46.987561394701189 ], [ -112.564076058989386, 46.983960765659702 ], [ -112.564028363649243, 46.980359318928528 ], [ -112.563980911131992, 46.976757953771312 ], [ -112.569270858357712, 46.976737803033714 ], [ -112.574560906439459, 46.976717308567693 ], [ -112.577205578589954, 46.976706998875798 ], [ -112.579850832510473, 46.976697059151505 ], [ -112.579809958915462, 46.973087947072401 ], [ -112.579958637425818, 46.973087457234136 ], [ -112.585101992343155, 46.973065077992366 ], [ -112.585140639321608, 46.976676232331521 ], [ -112.585179261599706, 46.980287687975427 ], [ -112.585219208995511, 46.98389833659526 ], [ -112.585257436361047, 46.987509833940997 ], [ -112.579974424639516, 46.98752275286607 ], [ -112.574691286390603, 46.98753576726854 ], [ -112.569408527393207, 46.987548469929095 ], [ -112.564125387138816, 46.987561394701189 ] ] ] } },
{ "type": "Feature", "properties": { "CountyName": "Lewis and Clark", "OwnerName_Grouped": "SIEBEN RANCH CO", "OwnerName": "SIEBEN RANCH COMPANY", "OwnerAddre": "PO BOX 1683", "OwnerAdd_1": null, "OwnerAdd_2": null, "OwnerCity": "HELENA", "OwnerState": "MT", "PropType": "Vacant Land", "TotalAcres": 83.91 }, "geometry": { "type": "Polygon", "coordinates": [ [ [ -112.409195148992865, 46.990949703627088 ], [ -112.403311025136489, 46.989437904624118 ], [ -112.40050369958341, 46.988666519329762 ], [ -112.400501910771752, 46.987879177346237 ], [ -112.405754559789727, 46.987848884236399 ], [ -112.411007210411526, 46.987818440861517 ], [ -112.416390794718097, 46.9878044320794 ], [ -112.416389912945235, 46.987981229225063 ], [ -112.416394635779994, 46.991413428125448 ], [ -112.411012539862156, 46.991432890471906 ], [ -112.410868001698162, 46.991433547716532 ], [ -112.410464150179095, 46.991293561605659 ], [ -112.410056889057884, 46.991200416350523 ], [ -112.409262643654742, 46.991019092999323 ], [ -112.409195148992865, 46.990949703627088 ] ] ] } },
{ "type": "Feature", "properties": { "CountyName": "Lewis and Clark", "OwnerName_Grouped": "SIEBEN RANCH CO", "OwnerName": "SIEBEN RANCH COMPANY", "OwnerAddre": "PO BOX 1683", "OwnerAdd_1": null, "OwnerAdd_2": null, "OwnerCity": "HELENA", "OwnerState": "MT", "PropType": "Vacant Land", "TotalAcres": 29.0 }, "geometry": { "type": "Polygon", "coordinates": [ [ [ -112.400504239928182, 46.988925931852613 ], [ -112.410090478751158, 46.99143812403176 ], [ -112.405757428388938, 46.991465994144072 ], [ -112.400502391514252, 46.99149918686058 ], [ -112.400504239928182, 46.988925931852613 ] ] ] } },
{ "type": "Feature", "properties": { "CountyName": "Lewis and Clark", "OwnerName_Grouped": "SIEBEN RANCH CO", "OwnerName": "SIEBEN RANCH COMPANY", "OwnerAddre": "PO BOX 1683", "OwnerAdd_1": null, "OwnerAdd_2": null, "OwnerCity": "HELENA", "OwnerState": "MT", "PropType": "Improved Property", "TotalAcres": 192.09 }, "geometry": { "type": "Polygon", "coordinates": [ [ [ -112.395327779134107, 46.991490085878425 ], [ -112.390127288816785, 46.991481291199214 ], [ -112.384828839048154, 46.991468094010926 ], [ -112.379530656185793, 46.991454890808363 ], [ -112.379495189389715, 46.987845679681278 ], [ -112.379470369873829, 46.985258188740822 ], [ -112.389953366589197, 46.986861837954216 ], [ -112.395156655082161, 46.987681392184655 ], [ -112.395542244771079, 46.987745508812907 ], [ -112.395926022962328, 46.987814528589503 ], [ -112.396307856546329, 46.98788842757682 ], [ -112.396687613086385, 46.987967180144821 ], [ -112.397065160864514, 46.988050758980101 ], [ -112.397440368926951, 46.988139135095174 ], [ -112.400504239928182, 46.988925931852613 ], [ -112.400502391514252, 46.99149918686058 ], [ -112.395327779134107, 46.991490085878425 ] ] ] } },
{ "type": "Feature", "properties": { "CountyName": "Lewis and Clark", "OwnerName_Grouped": "SIEBEN RANCH CO", "OwnerName": "SIEBEN RANCH CO", "OwnerAddre": "PO BOX 1683", "OwnerAdd_1": null, "OwnerAdd_2": null, "OwnerCity": "HELENA", "OwnerState": "MT", "PropType": "Vacant Land", "TotalAcres": 293.2 }, "geometry": { "type": "Polygon", "coordinates": [ [ [ -112.522100636380387, 46.987768383161857 ], [ -112.52209460555018, 46.984161338674674 ], [ -112.522092272829397, 46.982374918330876 ], [ -112.522091032291314, 46.98173339724881 ], [ -112.522088293334377, 46.980554025648289 ], [ -112.524730069943701, 46.980549518615028 ], [ -112.527372110404585, 46.980544946309145 ], [ -112.527372677485914, 46.980091245382887 ], [ -112.532653663557994, 46.980079255839804 ], [ -112.532648172349823, 46.978709779265678 ], [ -112.535280840910673, 46.978707309712881 ], [ -112.535270318705443, 46.976883829982867 ], [ -112.537900208687134, 46.976883572940693 ], [ -112.537873669934001, 46.973245459259132 ], [ -112.540498232651885, 46.973247262708483 ], [ -112.542796630501996, 46.973248796954259 ], [ -112.542814019037209, 46.976882930985205 ], [ -112.542831408667027, 46.980517063773853 ], [ -112.542841172239022, 46.981382291769144 ], [ -112.542483231900206, 46.981493079733191 ], [ -112.541386141415629, 46.981833436039459 ], [ -112.541266301856183, 46.981887274674797 ], [ -112.537944552974764, 46.98292006759953 ], [ -112.535865759597272, 46.983561882691333 ], [ -112.535676191266774, 46.983592208872018 ], [ -112.5355130926594, 46.983618348290101 ], [ -112.534206167229712, 46.984015425331755 ], [ -112.533874420861835, 46.984049574363482 ], [ -112.533275181465342, 46.984220940909111 ], [ -112.532672026586127, 46.984393446563615 ], [ -112.53166838815126, 46.984707870915948 ], [ -112.531363038057677, 46.984933156166498 ], [ -112.529640174534762, 46.98551790162314 ], [ -112.52947431930933, 46.985679697932895 ], [ -112.529202650126308, 46.985784942560137 ], [ -112.528420065578899, 46.986123433264694 ], [ -112.527467768691821, 46.986563478526847 ], [ -112.526582338548849, 46.987022260758472 ], [ -112.526303264924238, 46.987090175624743 ], [ -112.525986606815806, 46.987274656587338 ], [ -112.525494958924639, 46.987557828389569 ], [ -112.525204479124866, 46.98776466097916 ], [ -112.522100636380387, 46.987768383161857 ] ] ] } },
{ "type": "Feature", "properties": { "CountyName": "Lewis and Clark", "OwnerName_Grouped": "SIEBEN RANCH CO", "OwnerName": "SIEBEN RANCH COMPANY", "OwnerAddre": "PO BOX 1683", "OwnerAdd_1": null, "OwnerAdd_2": null, "OwnerCity": "HELENA", "OwnerState": "MT", "PropType": "Vacant Land", "TotalAcres": 161.5 }, "geometry": { "type": "Polygon", "coordinates": [ [ [ -112.000219799098957, 46.675318572030733 ], [ -112.00023284708719, 46.673492615213974 ], [ -112.000245987337863, 46.671666889349659 ], [ -112.000258859206824, 46.669840811600906 ], [ -112.000271859454983, 46.668014643415859 ], [ -112.002974968680476, 46.667990295625302 ], [ -112.005400729819456, 46.667968484561932 ], [ -112.010680583349114, 46.667920482616516 ], [ -112.010740357941813, 46.667919938530915 ], [ -112.010726898150281, 46.671639547197159 ], [ -112.010713001572867, 46.675358806036563 ], [ -112.005362946814969, 46.675338366055342 ], [ -112.000219799098957, 46.675318572030733 ] ] ] } },
{ "type": "Feature", "properties": { "CountyName": "Lewis and Clark", "OwnerName_Grouped": "SIEBEN RANCH CO", "OwnerName": "SIEBEN RANCH CO", "OwnerAddre": "PO BOX 1683", "OwnerAdd_1": null, "OwnerAdd_2": null, "OwnerCity": "HELENA", "OwnerState": "MT", "PropType": "Vacant Land", "TotalAcres": 481.18 }, "geometry": { "type": "Polygon", "coordinates": [ [ [ -112.548286404154922, 47.002167023522617 ], [ -112.548264845129964, 46.99852944610624 ], [ -112.548243063065243, 46.994917992270445 ], [ -112.548221254239067, 46.991306870279644 ], [ -112.548199837142462, 46.987695523145817 ], [ -112.553508157334292, 46.987650914016832 ], [ -112.558816841479384, 46.987606109991596 ], [ -112.564125387138816, 46.987561394701189 ], [ -112.5641364337, 46.991175039610262 ], [ -112.564147714569103, 46.994788678779528 ], [ -112.564141902511466, 46.998404527251104 ], [ -112.564136135382213, 47.002125216182911 ], [ -112.558852942141058, 47.002139125155068 ], [ -112.553569878113763, 47.002153118293577 ], [ -112.548286404154922, 47.002167023522617 ] ] ] } },
{ "type": "Feature", "properties": { "CountyName": "Lewis and Clark", "OwnerName_Grouped": "SIEBEN RANCH CO", "OwnerName": "SIEBEN RANCH COMPANY", "OwnerAddre": "PO BOX 1683", "OwnerAdd_1": null, "OwnerAdd_2": null, "OwnerCity": "HELENA", "OwnerState": "MT", "PropType": "Vacant Land", "TotalAcres": 626.71 }, "geometry": { "type": "Polygon", "coordinates": [ [ [ -112.285358091465483, 46.962508902835246 ], [ -112.280078146024252, 46.962518670241607 ], [ -112.274797825622329, 46.962528357038074 ], [ -112.274782057091954, 46.958914998706334 ], [ -112.274766166150556, 46.955301798927408 ], [ -112.274750270114012, 46.951688508095266 ], [ -112.274734106465388, 46.948075136197879 ], [ -112.280008886544252, 46.948071165249615 ], [ -112.285283289623479, 46.948067025953428 ], [ -112.290562433541353, 46.948063940804296 ], [ -112.295472102595184, 46.948061322937036 ], [ -112.295458523584983, 46.951669885360019 ], [ -112.295445112726085, 46.955278653232867 ], [ -112.29542678978666, 46.958890830030249 ], [ -112.295426708586604, 46.958909805855896 ], [ -112.295408473339705, 46.962503100897678 ], [ -112.290640707432132, 46.962505422833758 ], [ -112.285358091465483, 46.962508902835246 ] ] ] } },
{ "type": "Feature", "properties": { "CountyName": "Lewis and Clark", "OwnerName_Grouped": "SIEBEN RANCH CO", "OwnerName": "SIEBEN RANCH CO", "OwnerAddre": "PO BOX 1683", "OwnerAdd_1": null, "OwnerAdd_2": null, "OwnerCity": "HELENA", "OwnerState": "MT", "PropType": "Vacant Land", "TotalAcres": 81.0 }, "geometry": { "type": "Polygon", "coordinates": [ [ [ -112.495989652619642, 47.016737325412898 ], [ -112.501261910303626, 47.016726791582634 ], [ -112.501282688958355, 47.020337732242034 ], [ -112.501303484206247, 47.023948493676706 ], [ -112.496040742459499, 47.023959316600852 ], [ -112.496014998537376, 47.020348350750623 ], [ -112.495989652619642, 47.016737325412898 ] ] ] } },
{ "type": "Feature", "properties": { "CountyName": "Lewis and Clark", "OwnerName_Grouped": "SIEBEN RANCH CO", "OwnerName": "SIEBEN RANCH CO", "OwnerAddre": "PO BOX 1683", "OwnerAdd_1": null, "OwnerAdd_2": null, "OwnerCity": "HELENA", "OwnerState": "MT", "PropType": "Vacant Land", "TotalAcres": 336.82 }, "geometry": { "type": "Polygon", "coordinates": [ [ [ -112.000054726804663, 46.690172215274124 ], [ -112.000055810108208, 46.690080289673581 ], [ -112.000129827900821, 46.690080778791547 ], [ -112.000164175349752, 46.690081005713402 ], [ -112.000190339460872, 46.690081178288551 ], [ -112.011225785729337, 46.690153615654125 ], [ -112.011393128126386, 46.702357864871892 ], [ -112.010729616664989, 46.704315438661084 ], [ -111.999888056161637, 46.704304730980006 ], [ -112.000054726804663, 46.690172215274124 ] ] ] } },
{ "type": "Feature", "properties": { "CountyName": "Lewis and Clark", "OwnerName_Grouped": "SIEBEN RANCH CO", "OwnerName": "SIEBEN RANCH COMPANY", "OwnerAddre": "PO BOX 1683", "OwnerAdd_1": null, "OwnerAdd_2": null, "OwnerCity": "HELENA", "OwnerState": "MT", "PropType": "Vacant Land", "TotalAcres": 604.56 }, "geometry": { "type": "MultiPolygon", "coordinates": [ [ [ [ -112.090750122825781, 46.877703634663689 ], [ -112.095066275150955, 46.877668713587809 ], [ -112.100316068557518, 46.877626194195848 ], [ -112.105566030994112, 46.877584003145742 ], [ -112.105580389772328, 46.881242291560113 ], [ -112.105595279320809, 46.884901054204626 ], [ -112.105595357222114, 46.88491077776164 ], [ -112.094729952407533, 46.879136470782328 ], [ -112.094391097519193, 46.878978566710352 ], [ -112.094047107582981, 46.878825973346089 ], [ -112.093698159597807, 46.878678769187225 ], [ -112.093344433108683, 46.878537029958501 ], [ -112.092986110114325, 46.878400828572765 ], [ -112.092623374973755, 46.878270235093609 ], [ -112.092256414311379, 46.878145316699353 ], [ -112.091885416921343, 46.878026137648561 ], [ -112.09151057367032, 46.87791275924701 ], [ -112.091132077399536, 46.877805239816247 ], [ -112.090750122825781, 46.877703634663689 ] ] ], [ [ [ -112.08444921128411, 46.881263762560032 ], [ -112.084566639433348, 46.877753564916539 ], [ -112.087509386070522, 46.877729856283352 ], [ -112.088040946630784, 46.877856567959761 ], [ -112.088569322512612, 46.877989397399091 ], [ -112.089094364017853, 46.878128306974176 ], [ -112.089615922389541, 46.878273257335238 ], [ -112.090133849853814, 46.878424207420913 ], [ -112.091973308081847, 46.879112095199844 ], [ -112.093544861840613, 46.879886289624039 ], [ -112.094801242073871, 46.880236348073161 ], [ -112.105599879857053, 46.886029359022984 ], [ -112.105610170060132, 46.888559905993787 ], [ -112.105624669583264, 46.892218854964256 ], [ -112.100242998590772, 46.892112790141731 ], [ -112.094860935753815, 46.892006757695576 ], [ -112.089479100503283, 46.891900418418572 ], [ -112.084097043139536, 46.891794171562687 ], [ -112.08421420679602, 46.888284159270953 ], [ -112.084332043801865, 46.884774044023033 ], [ -112.08444921128411, 46.881263762560032 ] ] ] ] } },
{ "type": "Feature", "properties": { "CountyName": "Lewis and Clark", "OwnerName_Grouped": "SIEBEN RANCH CO", "OwnerName": "SIEBEN RANCH CO", "OwnerAddre": "PO BOX 1683", "OwnerAdd_1": null, "OwnerAdd_2": null, "OwnerCity": "HELENA", "OwnerState": "MT", "PropType": "Vacant Land", "TotalAcres": 348.71 }, "geometry": { "type": "Polygon", "coordinates": [ [ [ -112.658567526248405, 46.987693174920267 ], [ -112.653368761942701, 46.987656562193166 ], [ -112.648169738867679, 46.987620071969545 ], [ -112.648103684634691, 46.984006915661979 ], [ -112.648037587064209, 46.980393607243599 ], [ -112.647971502130289, 46.976780449656367 ], [ -112.653219966618465, 46.9768278168075 ], [ -112.6532694365971, 46.980434414703574 ], [ -112.658499392570974, 46.980475994848888 ], [ -112.663782409572946, 46.980516537904251 ], [ -112.668613614176877, 46.980553492705731 ], [ -112.66864099064982, 46.984161240385838 ], [ -112.668666322729749, 46.987769702003078 ], [ -112.663830430073773, 46.98773279085718 ], [ -112.658567526248405, 46.987693174920267 ] ] ] } },
{ "type": "Feature", "properties": { "CountyName": "Lewis and Clark", "OwnerName_Grouped": "SIEBEN RANCH CO", "OwnerName": "SIEBEN RANCH COMPANY", "OwnerAddre": "PO BOX 1683", "OwnerAdd_1": null, "OwnerAdd_2": null, "OwnerCity": "HELENA", "OwnerState": "MT", "PropType": "Vacant Land", "TotalAcres": 240.0 }, "geometry": { "type": "Polygon", "coordinates": [ [ [ -112.175112284861854, 46.878196891255612 ], [ -112.175091386417037, 46.874554237884823 ], [ -112.175070605164521, 46.87091105770606 ], [ -112.180354471917767, 46.870910732740711 ], [ -112.185638098547685, 46.870909985245213 ], [ -112.190922358023457, 46.870909151316972 ], [ -112.190927586314814, 46.874546638609708 ], [ -112.190932914970631, 46.878184120884896 ], [ -112.185659440412579, 46.878188535784517 ], [ -112.180386183377095, 46.878192556201334 ], [ -112.175112284861854, 46.878196891255612 ] ] ] } },
{ "type": "Feature", "properties": { "CountyName": "Lewis and Clark", "OwnerName_Grouped": "SIEBEN RANCH CO", "OwnerName": "SIEBEN RANCH COMPANY", "OwnerAddre": "PO BOX 1683", "OwnerAdd_1": null, "OwnerAdd_2": null, "OwnerCity": "HELENA", "OwnerState": "MT", "PropType": "Vacant Land", "TotalAcres": 123.0 }, "geometry": { "type": "Polygon", "coordinates": [ [ [ -111.998978174529896, 46.755691957783014 ], [ -112.004337605383185, 46.75560651521976 ], [ -112.009696653508712, 46.755521043007299 ], [ -112.009666637462374, 46.759253276339905 ], [ -112.00430860861627, 46.759387976757431 ], [ -112.004280113457384, 46.763169405047755 ], [ -111.998924205579783, 46.763353293761405 ], [ -111.998951054926053, 46.759522539451652 ], [ -111.998978174529896, 46.755691957783014 ] ] ] } },
{ "type": "Feature", "properties": { "CountyName": "Lewis and Clark", "OwnerName_Grouped": "SIEBEN RANCH CO", "OwnerName": "SIEBEN RANCH COMPANY", "OwnerAddre": "PO BOX 1683", "OwnerAdd_1": null, "OwnerAdd_2": null, "OwnerCity": "HELENA", "OwnerState": "MT", "PropType": "Vacant Land", "TotalAcres": 40.0 }, "geometry": { "type": "Polygon", "coordinates": [ [ [ -111.978059193372559, 46.765908058447273 ], [ -111.978040810853642, 46.762357017191682 ], [ -111.983261220976104, 46.762606187142602 ], [ -111.983287604389758, 46.766115119554669 ], [ -111.978059193372559, 46.765908058447273 ] ] ] } },
{ "type": "Feature", "properties": { "CountyName": "Lewis and Clark", "OwnerName_Grouped": "SIEBEN RANCH CO", "OwnerName": "SIEBEN RANCH COMPANY", "OwnerAddre": "PO BOX 1683", "OwnerAdd_1": null, "OwnerAdd_2": null, "OwnerCity": "HELENA", "OwnerState": "MT", "PropType": "Vacant Land", "TotalAcres": 280.0 }, "geometry": { "type": "Polygon", "coordinates": [ [ [ -112.437716881605965, 46.987938310104127 ], [ -112.437714624629876, 46.984317602737541 ], [ -112.437712504588248, 46.980696888773963 ], [ -112.43770998787376, 46.977075917125575 ], [ -112.443019131354575, 46.977074974872622 ], [ -112.443024638680129, 46.980695512097263 ], [ -112.448337030368336, 46.980693792137615 ], [ -112.453649286028707, 46.980691919161799 ], [ -112.453661812338652, 46.984310975067565 ], [ -112.453673943372664, 46.987929823766372 ], [ -112.448355020361944, 46.987932525827517 ], [ -112.443035833751352, 46.987935510800739 ], [ -112.437716881605965, 46.987938310104127 ] ] ] } },
{ "type": "Feature", "properties": { "CountyName": "Lewis and Clark", "OwnerName_Grouped": "SIEBEN RANCH CO", "OwnerName": "SIEBEN RANCH COMPANY", "OwnerAddre": "PO BOX 1683", "OwnerAdd_1": null, "OwnerAdd_2": null, "OwnerCity": "HELENA", "OwnerState": "MT", "PropType": "Vacant Land", "TotalAcres": 619.2 }, "geometry": { "type": "Polygon", "coordinates": [ [ [ -112.290827735461647, 46.991553294663142 ], [ -112.285538464262459, 46.991557315042925 ], [ -112.280248214830365, 46.991555977571977 ], [ -112.274957702719192, 46.991554528078339 ], [ -112.274940564629006, 46.987936640925646 ], [ -112.274922876377701, 46.984318883855281 ], [ -112.274905739241277, 46.980700996907963 ], [ -112.274888213631698, 46.977083210032994 ], [ -112.280173796590191, 46.977081756858539 ], [ -112.285459525210655, 46.977080057807207 ], [ -112.290745466381011, 46.977072955072202 ], [ -112.29539727700795, 46.977066100742412 ], [ -112.295392075482383, 46.980568483772295 ], [ -112.29539214551707, 46.980701424564025 ], [ -112.295386961374035, 46.984184627735239 ], [ -112.295386850441091, 46.984336575450698 ], [ -112.295381957461004, 46.987800801031568 ], [ -112.295381507467113, 46.987942870630242 ], [ -112.295376617560976, 46.99141712982955 ], [ -112.295376514575764, 46.991549277541651 ], [ -112.290827735461647, 46.991553294663142 ] ] ] } },
{ "type": "Feature", "properties": { "CountyName": "Lewis and Clark", "OwnerName_Grouped": "SIEBEN RANCH CO", "OwnerName": "SIEBEN RANCH COMPANY", "OwnerAddre": "PO BOX 1683", "OwnerAdd_1": null, "OwnerAdd_2": null, "OwnerCity": "HELENA", "OwnerState": "MT", "PropType": "Vacant Land", "TotalAcres": 400.0 }, "geometry": { "type": "Polygon", "coordinates": [ [ [ -112.416389912945235, 46.987981229225063 ], [ -112.416390794718097, 46.9878044320794 ], [ -112.416408827290795, 46.984365556954344 ], [ -112.416409988624565, 46.984195831993333 ], [ -112.416428542073902, 46.980748435333638 ], [ -112.421748693399053, 46.980735970808233 ], [ -112.427069228030248, 46.980723069862528 ], [ -112.43239087515984, 46.980710192918778 ], [ -112.432393581193438, 46.977090413314443 ], [ -112.432396435723234, 46.973470682678489 ], [ -112.437707882836847, 46.973455197559119 ], [ -112.43770998787376, 46.977075917125575 ], [ -112.437712504588248, 46.980696888773963 ], [ -112.437714624629876, 46.984317602737541 ], [ -112.437716881605965, 46.987938310104127 ], [ -112.432384863802795, 46.987949133143466 ], [ -112.427053331209407, 46.987959858359105 ], [ -112.421721464306898, 46.987970591412505 ], [ -112.416389912945235, 46.987981229225063 ] ] ] } },
{ "type": "Feature", "properties": { "CountyName": "Lewis and Clark", "OwnerName_Grouped": "SIEBEN RANCH CO", "OwnerName": "SIEBEN RANCH COMPANY", "OwnerAddre": "PO BOX 1683", "OwnerAdd_1": null, "OwnerAdd_2": null, "OwnerCity": "HELENA", "OwnerState": "MT", "PropType": "Vacant Land", "TotalAcres": 116.0 }, "geometry": { "type": "Polygon", "coordinates": [ [ [ -112.394891660059216, 46.987404976913311 ], [ -112.390027299875925, 46.98665781317186 ], [ -112.389578184774365, 46.986589066252321 ], [ -112.388306838135122, 46.986395060525638 ], [ -112.384743465928452, 46.985802674922759 ], [ -112.379466926004767, 46.984923290471436 ], [ -112.37945969168922, 46.984236463650959 ], [ -112.384719917464395, 46.984246446362064 ], [ -112.38998041648027, 46.984256361501444 ], [ -112.395241162073418, 46.984266105227576 ], [ -112.400501647125722, 46.984275524637447 ], [ -112.400501910771752, 46.987879177346237 ], [ -112.40050369958341, 46.988666519329762 ], [ -112.396289844924667, 46.987651731178879 ], [ -112.394891660059216, 46.987404976913311 ] ] ] } },
{ "type": "Feature", "properties": { "CountyName": "Lewis and Clark", "OwnerName_Grouped": "SIEBEN RANCH CO", "OwnerName": "SIEBEN RANCH COMPANY", "OwnerAddre": "PO BOX 1683", "OwnerAdd_1": null, "OwnerAdd_2": null, "OwnerCity": "HELENA", "OwnerState": "MT", "PropType": "Vacant Land", "TotalAcres": 342.46 }, "geometry": { "type": "MultiPolygon", "coordinates": [ [ [ [ -112.363721250176567, 46.986932121825177 ], [ -112.363710727414741, 46.984227246595474 ], [ -112.368918446009161, 46.984230564784902 ], [ -112.368900277466608, 46.980625124681765 ], [ -112.374165849174545, 46.980628231449757 ], [ -112.379431556413948, 46.980631182625963 ], [ -112.37945969168922, 46.984236463650959 ], [ -112.379466926004767, 46.984923290471436 ], [ -112.375460348517777, 46.984384690203456 ], [ -112.375115442562986, 46.984352931808459 ], [ -112.374769364164052, 46.984327849288292 ], [ -112.374422389137933, 46.984309462633121 ], [ -112.374074794015215, 46.984297786496732 ], [ -112.373726855819967, 46.984292830184678 ], [ -112.373378851849296, 46.984294597647029 ], [ -112.373031059452629, 46.984303087475176 ], [ -112.372683755811053, 46.984318292902906 ], [ -112.372337217716677, 46.984340201811882 ], [ -112.37199172135233, 46.984368796741201 ], [ -112.371647542071784, 46.984404054901304 ], [ -112.371304954180616, 46.984445948192203 ], [ -112.370964230717846, 46.984494443225699 ], [ -112.370625643238668, 46.984549501352056 ], [ -112.370289461598304, 46.984611078690783 ], [ -112.369955953737175, 46.984679126165425 ], [ -112.369625385467614, 46.984753589542791 ], [ -112.368500827109571, 46.985050757377657 ], [ -112.363721250176567, 46.986932121825177 ] ] ], [ [ [ -112.358525860024727, 46.991442342398749 ], [ -112.358510698600256, 46.987833017678049 ], [ -112.363724892587896, 46.987836026451035 ], [ -112.363722655591189, 46.987286913407566 ], [ -112.364540711988383, 46.986888914204926 ], [ -112.368543881474551, 46.985330123763333 ], [ -112.369718344687456, 46.984986501052653 ], [ -112.370031057931428, 46.984912252710465 ], [ -112.37034679898693, 46.984844270526224 ], [ -112.3706652998263, 46.984782612206807 ], [ -112.370986290082215, 46.984727330090863 ], [ -112.371309497276812, 46.984678471104417 ], [ -112.371634647052858, 46.984636076721173 ], [ -112.371961463406237, 46.984600182927259 ], [ -112.372289668920004, 46.984570820190797 ], [ -112.372618984999576, 46.984548013435997 ], [ -112.372949132108928, 46.984531782022103 ], [ -112.373279830007505, 46.984522139726948 ], [ -112.373610797987851, 46.984519094735234 ], [ -112.373941755113563, 46.984522649631678 ], [ -112.374272420457416, 46.984532801398771 ], [ -112.374602513339553, 46.984549541419298 ], [ -112.37493175356542, 46.984572855483719 ], [ -112.375259861663253, 46.984602723802197 ], [ -112.375586559121075, 46.984639121021296 ], [ -112.379470369873829, 46.985258188740822 ], [ -112.379495189389715, 46.987845679681278 ], [ -112.379530656185793, 46.991454890808363 ], [ -112.374241607258725, 46.991451111373991 ], [ -112.368952832623904, 46.991447500415042 ], [ -112.36373890104241, 46.991444890048584 ], [ -112.358525860024727, 46.991442342398749 ] ] ] ] } },
{ "type": "Feature", "properties": { "CountyName": "Lewis and Clark", "OwnerName_Grouped": "SIEBEN RANCH CO", "OwnerName": "SIEBEN RANCH COMPANY", "OwnerAddre": "PO BOX 1683", "OwnerAdd_1": null, "OwnerAdd_2": null, "OwnerCity": "HELENA", "OwnerState": "MT", "PropType": "Vacant Land", "TotalAcres": 536.52 }, "geometry": { "type": "Polygon", "coordinates": [ [ [ -112.211544884814813, 46.919249399051466 ], [ -112.206804401554379, 46.919244955579153 ], [ -112.206284724448324, 46.919244546898426 ], [ -112.201517866589256, 46.919239957682493 ], [ -112.201024585020249, 46.91923940539786 ], [ -112.196231524750488, 46.919234902605041 ], [ -112.195764588514749, 46.919234465209399 ], [ -112.190945158434772, 46.919229933290417 ], [ -112.190945152309382, 46.917966916987901 ], [ -112.190945939147937, 46.914349912241406 ], [ -112.190949058386508, 46.910734185352055 ], [ -112.190952150998555, 46.90711845809038 ], [ -112.19624043941873, 46.907116635056177 ], [ -112.201527934487231, 46.907116018051063 ], [ -112.206812412633639, 46.907119958827003 ], [ -112.212096894762311, 46.907123927169529 ], [ -112.212094145221073, 46.910743092969099 ], [ -112.212091626537912, 46.914362281106577 ], [ -112.212090913510664, 46.91798263759901 ], [ -112.212090910800413, 46.919250039256539 ], [ -112.211544884814813, 46.919249399051466 ] ] ] } },
{ "type": "Feature", "properties": { "CountyName": "Lewis and Clark", "OwnerName_Grouped": "SIEBEN RANCH CO", "OwnerName": "SIEBEN RANCH CO", "OwnerAddre": "PO BOX 1683", "OwnerAdd_1": null, "OwnerAdd_2": null, "OwnerCity": "HELENA", "OwnerState": "MT", "PropType": "Vacant Land", "TotalAcres": 396.16 }, "geometry": { "type": "Polygon", "coordinates": [ [ [ -112.542796630501996, 46.973248796954259 ], [ -112.542791515016447, 46.971528656997634 ], [ -112.542786137252889, 46.969720183661785 ], [ -112.542785961353118, 46.969616205179385 ], [ -112.54277536916733, 46.966101094682877 ], [ -112.542775013775454, 46.965983386314235 ], [ -112.542778275194422, 46.964165576748293 ], [ -112.548057658099154, 46.964153161800766 ], [ -112.553336226985223, 46.964140253785196 ], [ -112.558596706433192, 46.96412810483794 ], [ -112.56385688909188, 46.964120438275131 ], [ -112.563857532623913, 46.965924707401925 ], [ -112.563895438679211, 46.969540665304308 ], [ -112.563922609202294, 46.972122532527152 ], [ -112.56369599837808, 46.97221902085878 ], [ -112.563473686590655, 46.972320086784194 ], [ -112.56284783129243, 46.972602346655634 ], [ -112.562387767515304, 46.972825729398842 ], [ -112.561790610202948, 46.973166583524971 ], [ -112.558648861863446, 46.973179809565742 ], [ -112.553364789720177, 46.973202833772824 ], [ -112.54808070759934, 46.973225679877913 ], [ -112.542796630501996, 46.973248796954259 ] ] ] } },
{ "type": "Feature", "properties": { "CountyName": "Lewis and Clark", "OwnerName_Grouped": "SIEBEN RANCH CO", "OwnerName": "SIEBEN RANCH COMPANY", "OwnerAddre": "PO BOX 1683", "OwnerAdd_1": null, "OwnerAdd_2": null, "OwnerCity": "HELENA", "OwnerState": "MT", "PropType": "Vacant Land", "TotalAcres": 80.0 }, "geometry": { "type": "Polygon", "coordinates": [ [ [ -112.232778845592023, 46.998680099938568 ], [ -112.232773480617212, 46.995074869704105 ], [ -112.232767844448944, 46.9914694672322 ], [ -112.238044869468609, 46.991477911033677 ], [ -112.238049904581672, 46.995087373561709 ], [ -112.23805506563437, 46.998696631840417 ], [ -112.232778845592023, 46.998680099938568 ] ] ] } },
{ "type": "Feature", "properties": { "CountyName": "Lewis and Clark", "OwnerName_Grouped": "SIEBEN RANCH CO", "OwnerName": "SIEBEN RANCH CO", "OwnerAddre": "PO BOX 1683", "OwnerAdd_1": null, "OwnerAdd_2": null, "OwnerCity": "HELENA", "OwnerState": "MT", "PropType": "Vacant Land", "TotalAcres": 159.0 }, "geometry": { "type": "Polygon", "coordinates": [ [ [ -112.637688589604807, 46.987567717343246 ], [ -112.637623987280151, 46.983958516028203 ], [ -112.63755927258741, 46.980349650017899 ], [ -112.642798279431275, 46.980371667048352 ], [ -112.648037587064209, 46.980393607243599 ], [ -112.648103684634691, 46.984006915661979 ], [ -112.648169738867679, 46.987620071969545 ], [ -112.642929357531557, 46.987593785397578 ], [ -112.637688589604807, 46.987567717343246 ] ] ] } },
{ "type": "Feature", "properties": { "CountyName": "Lewis and Clark", "OwnerName_Grouped": "SIEBEN RANCH CO", "OwnerName": "SIEBEN RANCH COMPANY", "OwnerAddre": "PO BOX 1683", "OwnerAdd_1": null, "OwnerAdd_2": null, "OwnerCity": "HELENA", "OwnerState": "MT", "PropType": "Vacant Land", "TotalAcres": 37.66 }, "geometry": { "type": "Polygon", "coordinates": [ [ [ -112.35850946365629, 46.995057959973039 ], [ -112.358525860024727, 46.991442342398749 ], [ -112.36373890104241, 46.991444890048584 ], [ -112.363747030412711, 46.995065237106566 ], [ -112.35850946365629, 46.995057959973039 ] ] ] } },
{ "type": "Feature", "properties": { "CountyName": "Lewis and Clark", "OwnerName_Grouped": "SIEBEN RANCH CO", "OwnerName": "SIEBEN RANCH CO", "OwnerAddre": "PO BOX 1683", "OwnerAdd_1": null, "OwnerAdd_2": null, "OwnerCity": "HELENA", "OwnerState": "MT", "PropType": "Vacant Land", "TotalAcres": 640.0 }, "geometry": { "type": "Polygon", "coordinates": [ [ [ -112.616705319666565, 46.987481378356755 ], [ -112.611454247063818, 46.98746443237421 ], [ -112.6062029432358, 46.987447581544494 ], [ -112.606169264619368, 46.983848939329654 ], [ -112.606134473773935, 46.980250942301268 ], [ -112.606100283547249, 46.976652666610427 ], [ -112.606066216537727, 46.973054482840958 ], [ -112.611287775419868, 46.973064329917442 ], [ -112.616509498610554, 46.973074264891054 ], [ -112.621731334601904, 46.973084283741997 ], [ -112.62695275942302, 46.973094134149619 ], [ -112.627016921359512, 46.97669933870641 ], [ -112.627080679617507, 46.980304557764811 ], [ -112.627144473458287, 46.983909944144422 ], [ -112.627207699556052, 46.987515264806277 ], [ -112.621956622487502, 46.987498227677769 ], [ -112.616705319666565, 46.987481378356755 ] ] ] } },
{ "type": "Feature", "properties": { "CountyName": "Lewis and Clark", "OwnerName_Grouped": "SIEBEN RANCH CO", "OwnerName": "SIEBEN RANCH COMPANY", "OwnerAddre": "PO BOX 1683", "OwnerAdd_1": null, "OwnerAdd_2": null, "OwnerCity": "HELENA", "OwnerState": "MT", "PropType": "Vacant Land", "TotalAcres": 518.27 }, "geometry": { "type": "Polygon", "coordinates": [ [ [ -112.458974631116803, 47.002313294089774 ], [ -112.458978510924808, 46.998829380519602 ], [ -112.458978996004916, 46.998795575291737 ], [ -112.458983726787253, 46.995172673906254 ], [ -112.458988465394313, 46.991549852032684 ], [ -112.45899319073844, 46.987926751749235 ], [ -112.464257173552014, 46.987914027071135 ], [ -112.469521429508205, 46.987901118006214 ], [ -112.469532686656535, 46.991522788355908 ], [ -112.474793675391851, 46.991509297551474 ], [ -112.48005440301506, 46.991495391543744 ], [ -112.480059182741257, 46.995115197654854 ], [ -112.480063967971304, 46.998734994204199 ], [ -112.477436924007336, 46.998747325482867 ], [ -112.474809841917619, 46.998759311013437 ], [ -112.474818045067309, 47.002321505985769 ], [ -112.469567359472563, 47.002342447264091 ], [ -112.464270875496666, 47.002327829163498 ], [ -112.459093411141993, 47.002313512196594 ], [ -112.458974631116803, 47.002313294089774 ] ] ] } },
{ "type": "Feature", "properties": { "CountyName": "Lewis and Clark", "OwnerName_Grouped": "SIEBEN RANCH CO", "OwnerName": "SIEBEN RANCH COMPANY", "OwnerAddre": "PO BOX 1683", "OwnerAdd_1": null, "OwnerAdd_2": null, "OwnerCity": "HELENA", "OwnerState": "MT", "PropType": "Vacant Land", "TotalAcres": 118.46 }, "geometry": { "type": "Polygon", "coordinates": [ [ [ -112.148410226408132, 46.870628591114787 ], [ -112.148398501254988, 46.866995215822691 ], [ -112.148386915222829, 46.86336201842559 ], [ -112.153769817802683, 46.863487442377867 ], [ -112.159152457579992, 46.863612870564346 ], [ -112.159160916138106, 46.867192071884205 ], [ -112.153779498570842, 46.867093876606823 ], [ -112.153789992849696, 46.87069997683863 ], [ -112.148410226408132, 46.870628591114787 ] ] ] } },
{ "type": "Feature", "properties": { "CountyName": "Lewis and Clark", "OwnerName_Grouped": "SIEBEN RANCH CO", "OwnerName": "SIEBEN LIVESTOCK COMPANY", "OwnerAddre": "PO BOX 835", "OwnerAdd_1": null, "OwnerAdd_2": null, "OwnerCity": "HELENA", "OwnerState": "MT", "PropType": "Vacant Land", "TotalAcres": 560.0 }, "geometry": { "type": "Polygon", "coordinates": [ [ [ -111.693234150353973, 46.89182263914239 ], [ -111.693236747746809, 46.888205558101909 ], [ -111.687947538617934, 46.888209826732236 ], [ -111.682658451486844, 46.888213576218924 ], [ -111.682669094531121, 46.884599950717124 ], [ -111.68267958830009, 46.880985787798608 ], [ -111.682690083002115, 46.877371713106363 ], [ -111.687966972446404, 46.877362259590711 ], [ -111.693244383077413, 46.877352701723382 ], [ -111.698521132982336, 46.877343069389838 ], [ -111.703798288166496, 46.87733361224025 ], [ -111.703803860966985, 46.880954455625101 ], [ -111.703809438359841, 46.884575390803576 ], [ -111.703814892596895, 46.888196601213416 ], [ -111.70382020779445, 46.891817540582068 ], [ -111.69852737759949, 46.891820130760834 ], [ -111.693234150353973, 46.89182263914239 ] ] ] } },
{ "type": "Feature", "properties": { "CountyName": "Lewis and Clark", "OwnerName_Grouped": "SIEBEN RANCH CO", "OwnerName": "SIEBEN RANCH COMPANY", "OwnerAddre": "PO BOX 1683", "OwnerAdd_1": null, "OwnerAdd_2": null, "OwnerCity": "HELENA", "OwnerState": "MT", "PropType": "Vacant Land", "TotalAcres": 320.0 }, "geometry": { "type": "Polygon", "coordinates": [ [ [ -112.232751224463158, 46.984247271855175 ], [ -112.232742891044069, 46.980636323698583 ], [ -112.232734689512668, 46.977025254077063 ], [ -112.238011146261897, 46.977029132716474 ], [ -112.243287859218, 46.977032823189816 ], [ -112.248564413259842, 46.977036519162013 ], [ -112.253840898520309, 46.977040412119834 ], [ -112.253849652563659, 46.98065620226437 ], [ -112.25385853791559, 46.98427198710889 ], [ -112.248581462303989, 46.984266102563737 ], [ -112.243304790560302, 46.984260154187133 ], [ -112.238028140067314, 46.984253865696353 ], [ -112.232751224463158, 46.984247271855175 ] ] ] } },
{ "type": "Feature", "properties": { "CountyName": "Lewis and Clark", "OwnerName_Grouped": "SIEBEN RANCH CO", "OwnerName": "SIEBEN RANCH CO", "OwnerAddre": "PO BOX 1683", "OwnerAdd_1": null, "OwnerAdd_2": null, "OwnerCity": "HELENA", "OwnerState": "MT", "PropType": "Vacant Land", "TotalAcres": 240.0 }, "geometry": { "type": "Polygon", "coordinates": [ [ [ -112.585262611924222, 46.99836604440015 ], [ -112.585270039215615, 46.994747528695569 ], [ -112.585263662533421, 46.991128548877661 ], [ -112.585257436361047, 46.987509833940997 ], [ -112.590493831169397, 46.987494249006012 ], [ -112.595730068349255, 46.987478665601451 ], [ -112.600966575379587, 46.987463168544608 ], [ -112.6062029432358, 46.987447581544494 ], [ -112.606229744852911, 46.991045350002437 ], [ -112.600983600203818, 46.991066379411002 ], [ -112.595737567549094, 46.99108724091171 ], [ -112.590500701318746, 46.991108140321828 ], [ -112.590507697579142, 46.99472182607991 ], [ -112.590507563587991, 46.998336733597995 ], [ -112.585262611924222, 46.99836604440015 ] ] ] } },
{ "type": "Feature", "properties": { "CountyName": "Lewis and Clark", "OwnerName_Grouped": "SIEBEN RANCH CO", "OwnerName": "SIEBEN RANCH COMPANY", "OwnerAddre": "PO BOX 1683", "OwnerAdd_1": null, "OwnerAdd_2": null, "OwnerCity": "HELENA", "OwnerState": "MT", "PropType": "Vacant Land", "TotalAcres": 640.0 }, "geometry": { "type": "Polygon", "coordinates": [ [ [ -112.211606525559517, 46.94810616831186 ], [ -112.21159900234683, 46.944492661005803 ], [ -112.211591520805783, 46.940879305618665 ], [ -112.211584259780096, 46.937265764696001 ], [ -112.211576762883439, 46.933652140039534 ], [ -112.216833255203468, 46.933656059759571 ], [ -112.222089479972752, 46.933659865811187 ], [ -112.227345978419564, 46.933663937085832 ], [ -112.232602329811399, 46.933667652271659 ], [ -112.232607676350739, 46.937282811571954 ], [ -112.23261317803636, 46.940897876925241 ], [ -112.232618781047734, 46.944512849604564 ], [ -112.232624286501775, 46.94812800723723 ], [ -112.227369949557101, 46.94812267022234 ], [ -112.222115349437814, 46.948117223306944 ], [ -112.216860875735946, 46.948111802195655 ], [ -112.211606525559517, 46.94810616831186 ] ] ] } },
{ "type": "Feature", "properties": { "CountyName": "Lewis and Clark", "OwnerName_Grouped": "SIEBEN RANCH CO", "OwnerName": "SIEBEN RANCH COMPANY", "OwnerAddre": "PO BOX 1683", "OwnerAdd_1": null, "OwnerAdd_2": null, "OwnerCity": "HELENA", "OwnerState": "MT", "PropType": "Vacant Land", "TotalAcres": 640.0 }, "geometry": { "type": "Polygon", "coordinates": [ [ [ -112.190535485294532, 46.948124050648225 ], [ -112.19052623702045, 46.944515621648598 ], [ -112.190517255296243, 46.940907184388429 ], [ -112.190508019272016, 46.937299024923419 ], [ -112.190499166411243, 46.933690587902007 ], [ -112.19576850862461, 46.93368098269702 ], [ -112.201037819227267, 46.933671380335475 ], [ -112.206307427054909, 46.933661861296187 ], [ -112.211576762883439, 46.933652140039534 ], [ -112.211584259780096, 46.937265764696001 ], [ -112.211591520805783, 46.940879305618665 ], [ -112.21159900234683, 46.944492661005803 ], [ -112.211606525559517, 46.94810616831186 ], [ -112.206338675900952, 46.948110699435446 ], [ -112.201071079348083, 46.948115017062044 ], [ -112.195803071107292, 46.948119552081067 ], [ -112.190535485294532, 46.948124050648225 ] ] ] } },
{ "type": "Feature", "properties": { "CountyName": "Lewis and Clark", "OwnerName_Grouped": "SIEBEN RANCH CO", "OwnerName": "SIEBEN RANCH COMPANY", "OwnerAddre": "PO BOX 1683", "OwnerAdd_1": null, "OwnerAdd_2": null, "OwnerCity": "HELENA", "OwnerState": "MT", "PropType": "Vacant Land", "TotalAcres": 640.0 }, "geometry": { "type": "Polygon", "coordinates": [ [ [ -112.169433130530251, 46.948134834724101 ], [ -112.169430557365274, 46.944708602233646 ], [ -112.169430260441487, 46.944521379234494 ], [ -112.169427397268763, 46.941074228991447 ], [ -112.169427372545712, 46.94090789963343 ], [ -112.169424476953722, 46.937439907567864 ], [ -112.169424341275061, 46.937294382656894 ], [ -112.169421295328618, 46.933805767657105 ], [ -112.169421430036977, 46.93368104821765 ], [ -112.174690681639291, 46.933683382187141 ], [ -112.179960104564898, 46.933685867399475 ], [ -112.185229756135385, 46.933688281838577 ], [ -112.190499166411243, 46.933690587902007 ], [ -112.190508019272016, 46.937299024923419 ], [ -112.190517255296243, 46.940907184388429 ], [ -112.19052623702045, 46.944515621648598 ], [ -112.190535485294532, 46.948124050648225 ], [ -112.185259923586159, 46.948126675613381 ], [ -112.179984494474056, 46.948129272972807 ], [ -112.17470867553692, 46.948131968441132 ], [ -112.169433130530251, 46.948134834724101 ] ] ] } },
{ "type": "Feature", "properties": { "CountyName": "Lewis and Clark", "OwnerName_Grouped": "SIEBEN RANCH CO", "OwnerName": "SIEBEN RANCH COMPANY", "OwnerAddre": "PO BOX 1683", "OwnerAdd_1": null, "OwnerAdd_2": null, "OwnerCity": "HELENA", "OwnerState": "MT", "PropType": "Vacant Land", "TotalAcres": 520.0 }, "geometry": { "type": "Polygon", "coordinates": [ [ [ -112.074286665491812, 46.863394670804759 ], [ -112.074277016388635, 46.859799113190498 ], [ -112.06901633840026, 46.859808298396999 ], [ -112.069009663613642, 46.856210501216225 ], [ -112.063751442647117, 46.856216847850725 ], [ -112.063747631368884, 46.852616696779776 ], [ -112.063744008401642, 46.849015940967689 ], [ -112.068996496547271, 46.849014133263886 ], [ -112.074248983697814, 46.849011961439977 ], [ -112.079501517847078, 46.849010044002682 ], [ -112.084753782291401, 46.849008044101559 ], [ -112.084769004483391, 46.852598855631513 ], [ -112.084784237442278, 46.856189874257247 ], [ -112.08479947984091, 46.859781045059506 ], [ -112.084814707470585, 46.863371974121847 ], [ -112.079550509084612, 46.863383417654802 ], [ -112.074286665491812, 46.863394670804759 ] ] ] } },
{ "type": "Feature", "properties": { "CountyName": "Lewis and Clark", "OwnerName_Grouped": "SIEBEN RANCH CO", "OwnerName": "SIEBEN RANCH COMPANY", "OwnerAddre": "PO BOX 1683", "OwnerAdd_1": null, "OwnerAdd_2": null, "OwnerCity": "HELENA", "OwnerState": "MT", "PropType": "Vacant Land", "TotalAcres": 320.0 }, "geometry": { "type": "Polygon", "coordinates": [ [ [ -112.254163546410027, 46.892763056034447 ], [ -112.254175529438271, 46.88912948101683 ], [ -112.254187493281691, 46.885496073918574 ], [ -112.259480306597908, 46.88550145834612 ], [ -112.264773153566011, 46.885506593167854 ], [ -112.2700657252187, 46.885511754263995 ], [ -112.275358791368731, 46.885506600679818 ], [ -112.275359786261845, 46.889132963210272 ], [ -112.275361069662154, 46.892758650441699 ], [ -112.270061709568139, 46.892759745137511 ], [ -112.264762454182474, 46.892760717596282 ], [ -112.259462816631185, 46.892761884912176 ], [ -112.254163546410027, 46.892763056034447 ] ] ] } },
{ "type": "Feature", "properties": { "CountyName": "Lewis and Clark", "OwnerName_Grouped": "SIEBEN RANCH CO", "OwnerName": "SIEBEN RANCH COMPANY", "OwnerAddre": "PO BOX 1683", "OwnerAdd_1": null, "OwnerAdd_2": null, "OwnerCity": "HELENA", "OwnerState": "MT", "PropType": "Vacant Land", "TotalAcres": 632.47 }, "geometry": { "type": "MultiPolygon", "coordinates": [ [ [ [ -112.084742797620891, 46.866956712590074 ], [ -112.084814707470585, 46.863371974121847 ], [ -112.090100528490368, 46.863359660373568 ], [ -112.095386896783211, 46.8633478810656 ], [ -112.100672809155512, 46.863335871875762 ], [ -112.105958495927652, 46.863324050880912 ], [ -112.105895129486683, 46.866929063992202 ], [ -112.105786011360124, 46.870480928866215 ], [ -112.10567589042931, 46.874032423670776 ], [ -112.105566030994112, 46.877584003145742 ], [ -112.100316068557518, 46.877626194195848 ], [ -112.095066275150955, 46.877668713587809 ], [ -112.090750122825781, 46.877703634663689 ], [ -112.088872299826164, 46.877153201605715 ], [ -112.084588429966274, 46.876167142204572 ], [ -112.084618958687329, 46.874147399989667 ], [ -112.084670837467812, 46.87054079463114 ], [ -112.084742797620891, 46.866956712590074 ] ] ], [ [ [ -112.084566639433348, 46.877753564916539 ], [ -112.084576355236635, 46.877024501808592 ], [ -112.087509386070522, 46.877729856283352 ], [ -112.084566639433348, 46.877753564916539 ] ] ] ] } },
{ "type": "Feature", "properties": { "CountyName": "Lewis and Clark", "OwnerName_Grouped": "SIEBEN RANCH CO", "OwnerName": "SIEBEN RANCH COMPANY", "OwnerAddre": "PO BOX 1683", "OwnerAdd_1": null, "OwnerAdd_2": null, "OwnerCity": "HELENA", "OwnerState": "MT", "PropType": "Vacant Land", "TotalAcres": 320.0 }, "geometry": { "type": "Polygon", "coordinates": [ [ [ -112.084328426571673, 46.899033237800978 ], [ -112.084212865748995, 46.895413748448235 ], [ -112.084097043139536, 46.891794171562687 ], [ -112.089479100503283, 46.891900418418572 ], [ -112.094860935753815, 46.892006757695576 ], [ -112.100242998590772, 46.892112790141731 ], [ -112.105624669583264, 46.892218854964256 ], [ -112.105625802348996, 46.895826935410852 ], [ -112.105626502960135, 46.899434932036321 ], [ -112.10028953738977, 46.899320735859398 ], [ -112.094952561638678, 46.899206017398434 ], [ -112.089640142375913, 46.89911941888424 ], [ -112.084328426571673, 46.899033237800978 ] ] ] } },
{ "type": "Feature", "properties": { "CountyName": "Lewis and Clark", "OwnerName_Grouped": "SIEBEN RANCH CO", "OwnerName": "SIEBEN RANCH CO", "OwnerAddre": "PO BOX 1683", "OwnerAdd_1": null, "OwnerAdd_2": null, "OwnerCity": "HELENA", "OwnerState": "MT", "PropType": "Vacant Land", "TotalAcres": 320.0 }, "geometry": { "type": "Polygon", "coordinates": [ [ [ -112.254187493281691, 46.885496073918574 ], [ -112.254199452341524, 46.881862577725826 ], [ -112.254211520115604, 46.8782292590056 ], [ -112.259497412774508, 46.878240472621847 ], [ -112.264783564613197, 46.878251560597967 ], [ -112.270069715545006, 46.87825290043282 ], [ -112.275356262333219, 46.878253594240853 ], [ -112.27535739261252, 46.881880069641397 ], [ -112.275358791368731, 46.885506600679818 ], [ -112.2700657252187, 46.885511754263995 ], [ -112.264773153566011, 46.885506593167854 ], [ -112.259480306597908, 46.88550145834612 ], [ -112.254187493281691, 46.885496073918574 ] ] ] } },
{ "type": "Feature", "properties": { "CountyName": "Lewis and Clark", "OwnerName_Grouped": "SIEBEN RANCH CO", "OwnerName": "SIEBEN RANCH COMPANY", "OwnerAddre": "PO BOX 1683", "OwnerAdd_1": null, "OwnerAdd_2": null, "OwnerCity": "HELENA", "OwnerState": "MT", "PropType": "Vacant Land", "TotalAcres": 320.0 }, "geometry": { "type": "Polygon", "coordinates": [ [ [ -112.238044869468609, 46.991477911033677 ], [ -112.232767844448944, 46.9914694672322 ], [ -112.232759662382023, 46.987858335148069 ], [ -112.232751224463158, 46.984247271855175 ], [ -112.238028140067314, 46.984253865696353 ], [ -112.243304790560302, 46.984260154187133 ], [ -112.248581462303989, 46.984266102563737 ], [ -112.25385853791559, 46.98427198710889 ], [ -112.253867186817615, 46.987887780895008 ], [ -112.253875939425285, 46.991503570016867 ], [ -112.248598903966425, 46.991494953730701 ], [ -112.243321872442252, 46.991486420146003 ], [ -112.238044869468609, 46.991477911033677 ] ] ] } },
{ "type": "Feature", "properties": { "CountyName": "Lewis and Clark", "OwnerName_Grouped": "SIEBEN RANCH CO", "OwnerName": "SIEBEN RANCH COMPANY", "OwnerAddre": "PO BOX 1683", "OwnerAdd_1": null, "OwnerAdd_2": null, "OwnerCity": "HELENA", "OwnerState": "MT", "PropType": "Vacant Land", "TotalAcres": 440.0 }, "geometry": { "type": "Polygon", "coordinates": [ [ [ -112.222226051869697, 46.991470754800645 ], [ -112.222219356596355, 46.987860632916686 ], [ -112.222212505062473, 46.984250575625687 ], [ -112.216943004534087, 46.984251677375006 ], [ -112.216937087127235, 46.980641500297928 ], [ -112.211668528437727, 46.980642909938474 ], [ -112.211663548315741, 46.977033174156681 ], [ -112.216931306288828, 46.977031299823352 ], [ -112.222199052417821, 46.977029216605054 ], [ -112.227466676482621, 46.977027345014591 ], [ -112.232734689512668, 46.977025254077063 ], [ -112.232742891044069, 46.980636323698583 ], [ -112.232751224463158, 46.984247271855175 ], [ -112.232759662382023, 46.987858335148069 ], [ -112.232767844448944, 46.9914694672322 ], [ -112.227497027542455, 46.991470122854331 ], [ -112.222226051869697, 46.991470754800645 ] ] ] } },
{ "type": "Feature", "properties": { "CountyName": "Lewis and Clark", "OwnerName_Grouped": "SIEBEN RANCH CO", "OwnerName": "SIEBEN RANCH COMPANY", "OwnerAddre": "PO BOX 1683", "OwnerAdd_1": null, "OwnerAdd_2": null, "OwnerCity": "HELENA", "OwnerState": "MT", "PropType": "Vacant Land", "TotalAcres": 480.0 }, "geometry": { "type": "Polygon", "coordinates": [ [ [ -112.105566030994112, 46.877584003145742 ], [ -112.10567589042931, 46.874032423670776 ], [ -112.105786011360124, 46.870480928866215 ], [ -112.105895129486683, 46.866929063992202 ], [ -112.105958495927652, 46.863324050880912 ], [ -112.11122104489273, 46.863349432011873 ], [ -112.116484268207273, 46.863375185690053 ], [ -112.116443118380047, 46.866944344772932 ], [ -112.116378271993611, 46.870486767332011 ], [ -112.121712866248387, 46.870532942755602 ], [ -112.127046838628473, 46.870578881727141 ], [ -112.127065694508659, 46.874155137573304 ], [ -112.127084424845279, 46.87773148561427 ], [ -112.121704739849108, 46.877694289809327 ], [ -112.116325074457876, 46.8776573320784 ], [ -112.110945277307351, 46.877620310585918 ], [ -112.105566030994112, 46.877584003145742 ] ] ] } },
{ "type": "Feature", "properties": { "CountyName": "Lewis and Clark", "OwnerName_Grouped": "SIEBEN RANCH CO", "OwnerName": "SIEBEN RANCH COMPANY", "OwnerAddre": "PO BOX 1683", "OwnerAdd_1": null, "OwnerAdd_2": null, "OwnerCity": "HELENA", "OwnerState": "MT", "PropType": "Vacant Land", "TotalAcres": 640.64 }, "geometry": { "type": "Polygon", "coordinates": [ [ [ -112.275369478426981, 46.907193311975405 ], [ -112.275367849706811, 46.90358236597659 ], [ -112.275365611543691, 46.899974416762525 ], [ -112.275363538577764, 46.89636652925023 ], [ -112.275361069662154, 46.892758650441699 ], [ -112.280643582332047, 46.89275697890205 ], [ -112.28592636968402, 46.892754337709746 ], [ -112.291204696881394, 46.892755181867436 ], [ -112.296481501125854, 46.892753984850636 ], [ -112.296488546951224, 46.895832346700232 ], [ -112.29648994504214, 46.896371755068998 ], [ -112.296497135424872, 46.899449013047125 ], [ -112.296497012148805, 46.899989733714321 ], [ -112.296504171868051, 46.903065628207308 ], [ -112.296505441281738, 46.903607653772276 ], [ -112.296512634536697, 46.9066823309062 ], [ -112.296512474900581, 46.907225578234076 ], [ -112.291191490379035, 46.907224032304761 ], [ -112.285917199754195, 46.90721891410454 ], [ -112.28064375031812, 46.90720443104879 ], [ -112.275369478426981, 46.907193311975405 ] ] ] } },
{ "type": "Feature", "properties": { "CountyName": "Lewis and Clark", "OwnerName_Grouped": "SIEBEN RANCH CO", "OwnerName": "SIEBEN RANCH COMPANY", "OwnerAddre": "PO BOX 1683", "OwnerAdd_1": null, "OwnerAdd_2": null, "OwnerCity": "HELENA", "OwnerState": "MT", "PropType": "Vacant Land", "TotalAcres": 79.5 }, "geometry": { "type": "Polygon", "coordinates": [ [ [ -112.03201222023759, 46.881252174839922 ], [ -112.032081851279997, 46.877703078883108 ], [ -112.0373312923371, 46.877703454060693 ], [ -112.042515576537596, 46.87770371230728 ], [ -112.042371856157544, 46.881203108277056 ], [ -112.0372535624509, 46.881227556929048 ], [ -112.03201222023759, 46.881252174839922 ] ] ] } },
{ "type": "Feature", "properties": { "CountyName": "Lewis and Clark", "OwnerName_Grouped": "SIEBEN RANCH CO", "OwnerName": "SIEBEN RANCH COMPANY", "OwnerAddre": "PO BOX 1683", "OwnerAdd_1": null, "OwnerAdd_2": null, "OwnerCity": "HELENA", "OwnerState": "MT", "PropType": "Vacant Land", "TotalAcres": 80.0 }, "geometry": { "type": "Polygon", "coordinates": [ [ [ -112.232561973524071, 46.922893262826818 ], [ -112.232558254622546, 46.919280285053063 ], [ -112.233204417529464, 46.919281127127178 ], [ -112.237811224391294, 46.919283525156544 ], [ -112.238100939503113, 46.919283779372904 ], [ -112.238463869392717, 46.919283985860858 ], [ -112.243063974419428, 46.919286558887777 ], [ -112.243069878989459, 46.922898883868626 ], [ -112.237815925508826, 46.922896197689823 ], [ -112.232561973524071, 46.922893262826818 ] ] ] } },
{ "type": "Feature", "properties": { "CountyName": "Lewis and Clark", "OwnerName_Grouped": "SIEBEN RANCH CO", "OwnerName": "SIEBEN RANCH CO", "OwnerAddre": "PO BOX 1683", "OwnerAdd_1": null, "OwnerAdd_2": null, "OwnerCity": "HELENA", "OwnerState": "MT", "PropType": "Vacant Land", "TotalAcres": 280.0 }, "geometry": { "type": "Polygon", "coordinates": [ [ [ -111.967628405934704, 46.776492300911983 ], [ -111.9675816050853, 46.772932007676737 ], [ -111.967534390461935, 46.769371300759438 ], [ -111.967487637413399, 46.765812605281297 ], [ -111.972773209302844, 46.765860492110221 ], [ -111.972740398601516, 46.762305368836735 ], [ -111.978040810853642, 46.762357017191682 ], [ -111.978059193372559, 46.765908058447273 ], [ -111.978078067615797, 46.769458908580816 ], [ -111.978097212159653, 46.77301002266649 ], [ -111.978115700376591, 46.77656106062279 ], [ -111.972872385679082, 46.776526765247986 ], [ -111.967628405934704, 46.776492300911983 ] ] ] } },
{ "type": "Feature", "properties": { "CountyName": "Lewis and Clark", "OwnerName_Grouped": "SIEBEN RANCH CO", "OwnerName": "SIEBEN RANCH CO", "OwnerAddre": "PO BOX 1683", "OwnerAdd_1": null, "OwnerAdd_2": null, "OwnerCity": "HELENA", "OwnerState": "MT", "PropType": "Vacant Land", "TotalAcres": 640.04 }, "geometry": { "type": "Polygon", "coordinates": [ [ [ -112.233086329360816, 46.849105724856855 ], [ -112.233079746801678, 46.845480439005115 ], [ -112.233072687988042, 46.841855524995331 ], [ -112.233066238460424, 46.83823023543448 ], [ -112.23305967463503, 46.83460531177672 ], [ -112.237562620967566, 46.834600871724199 ], [ -112.238328333390129, 46.834600185006153 ], [ -112.242803305421518, 46.834595508913289 ], [ -112.243596938650612, 46.834593607629465 ], [ -112.248044424521694, 46.834589289741018 ], [ -112.248916806303839, 46.834588394279315 ], [ -112.25328528052917, 46.834583815208717 ], [ -112.253915016832877, 46.834582490259606 ], [ -112.254236154631968, 46.834581629640219 ], [ -112.254235304529985, 46.83821410473233 ], [ -112.254234081466507, 46.841846499843882 ], [ -112.254232719408407, 46.845479257830469 ], [ -112.254231696791038, 46.849112006873391 ], [ -112.248945072189855, 46.849110295626943 ], [ -112.243658815082412, 46.849108742336888 ], [ -112.23837284615972, 46.849107183239056 ], [ -112.233086329360816, 46.849105724856855 ] ] ] } },
{ "type": "Feature", "properties": { "CountyName": "Lewis and Clark", "OwnerName_Grouped": "SIEBEN RANCH CO", "OwnerName": "SIEBEN RANCH CO", "OwnerAddre": "PO BOX 1683", "OwnerAdd_1": null, "OwnerAdd_2": null, "OwnerCity": "HELENA", "OwnerState": "MT", "PropType": "Vacant Land", "TotalAcres": 640.0 }, "geometry": { "type": "Polygon", "coordinates": [ [ [ -112.211957020508251, 46.849137003134672 ], [ -112.211958309428198, 46.845516445292773 ], [ -112.211960094088369, 46.841895309336451 ], [ -112.211961636465688, 46.838274654841406 ], [ -112.211962788060262, 46.834653982805129 ], [ -112.216617678548943, 46.834643414174735 ], [ -112.217237284422467, 46.834642203224462 ], [ -112.221852354879758, 46.834631662446803 ], [ -112.222511120616304, 46.834629655213007 ], [ -112.227086881006016, 46.834619316618657 ], [ -112.227785261818582, 46.834617646913038 ], [ -112.23232166068739, 46.834607506337903 ], [ -112.232796096478566, 46.834605742768581 ], [ -112.23305967463503, 46.83460531177672 ], [ -112.233066238460424, 46.83823023543448 ], [ -112.233072687988042, 46.841855524995331 ], [ -112.233079746801678, 46.845480439005115 ], [ -112.233086329360816, 46.849105724856855 ], [ -112.227804028692645, 46.849113289252678 ], [ -112.222522011615695, 46.849121234681121 ], [ -112.217239326141268, 46.8491289876319 ], [ -112.211957020508251, 46.849137003134672 ] ] ] } },
{ "type": "Feature", "properties": { "CountyName": "Lewis and Clark", "OwnerName_Grouped": "SIEBEN RANCH CO", "OwnerName": "SIEBEN RANCH CO", "OwnerAddre": "PO BOX 1683", "OwnerAdd_1": null, "OwnerAdd_2": null, "OwnerCity": "HELENA", "OwnerState": "MT", "PropType": "Vacant Land", "TotalAcres": 612.45 }, "geometry": { "type": "MultiPolygon", "coordinates": [ [ [ [ -112.190880777614751, 46.843902633992371 ], [ -112.190879150472867, 46.841867476949588 ], [ -112.190878194621746, 46.838248617432143 ], [ -112.190877101599725, 46.834629923458898 ], [ -112.191141082591372, 46.834630680334918 ], [ -112.195687613280015, 46.834636163306129 ], [ -112.196148631738325, 46.834636697386848 ], [ -112.200919191035581, 46.834642186596888 ], [ -112.201420150899821, 46.834642122166052 ], [ -112.202527301459838, 46.834643443274231 ], [ -112.202563510850638, 46.834787698590581 ], [ -112.202607695426465, 46.834930903490218 ], [ -112.202659791207267, 46.835072850404174 ], [ -112.202719722744291, 46.835213333585365 ], [ -112.202787403229237, 46.83535214940666 ], [ -112.202862734619629, 46.835489096656197 ], [ -112.206180943310315, 46.840484603023114 ], [ -112.206231089763122, 46.840593305834766 ], [ -112.206271228603512, 46.840703948230612 ], [ -112.206301202553902, 46.840816096847725 ], [ -112.206320894148021, 46.840929312420975 ], [ -112.20633022619198, 46.841043151503321 ], [ -112.20632916206759, 46.841157168202749 ], [ -112.206317705876813, 46.841270915928796 ], [ -112.206295902426845, 46.841383949141637 ], [ -112.206263837055431, 46.84149582509739 ], [ -112.206221635297794, 46.841606105582386 ], [ -112.206169462395792, 46.841714358629609 ], [ -112.206107522651607, 46.841820160210979 ], [ -112.206036058628328, 46.841923095898402 ], [ -112.205955350200668, 46.842022762487126 ], [ -112.205865713459275, 46.84211876957562 ], [ -112.205767499473325, 46.842210741094704 ], [ -112.20566109291569, 46.842298316781132 ], [ -112.205546910556677, 46.842381153588896 ], [ -112.205425399631721, 46.842458927033348 ], [ -112.205297036089604, 46.842531332462407 ], [ -112.205162322728327, 46.84259808625032 ], [ -112.205021787225277, 46.842658926908811 ], [ -112.204875980070213, 46.842713616111752 ], [ -112.204725472408569, 46.842761939628907 ], [ -112.204570853803801, 46.842803708165349 ], [ -112.204412729927455, 46.842838758103227 ], [ -112.204251720186022, 46.842866952142764 ], [ -112.204088455294041, 46.842888179840436 ], [ -112.203923574802701, 46.842902358041528 ], [ -112.203757724593856, 46.842909431206124 ], [ -112.20359155434916, 46.842909371626675 ], [ -112.2034257150043, 46.842902179536544 ], [ -112.203260856198398, 46.842887883109192 ], [ -112.201394739365568, 46.842542021875325 ], [ -112.201179687140367, 46.842507527186648 ], [ -112.200962801823366, 46.842478942719211 ], [ -112.200744428241805, 46.842456313919364 ], [ -112.200524913587699, 46.84243967676445 ], [ -112.200304606866041, 46.842429057705793 ], [ -112.200083858340335, 46.842424473626494 ], [ -112.199863018976103, 46.842425931814802 ], [ -112.199642439883164, 46.842433429952287 ], [ -112.199422471757757, 46.842446956117769 ], [ -112.194689045812609, 46.842792023654809 ], [ -112.193586576178774, 46.842958457219119 ], [ -112.193327767277324, 46.843011147504463 ], [ -112.193071637637274, 46.843069678580783 ], [ -112.192818467130579, 46.843133986493378 ], [ -112.192568532398695, 46.843204000975149 ], [ -112.192322106550549, 46.843279645523339 ], [ -112.192079458864342, 46.843360837483047 ], [ -112.191840854493464, 46.843447488137471 ], [ -112.191606554176929, 46.843539502804795 ], [ -112.190880777614751, 46.843902633992371 ] ] ], [ [ [ -112.194748993664959, 46.843063583128739 ], [ -112.199453538096662, 46.842720548768597 ], [ -112.199659616751205, 46.842707683699707 ], [ -112.19986628132358, 46.842700497366032 ], [ -112.200073199601874, 46.842699001319538 ], [ -112.200280038966554, 46.842703197965157 ], [ -112.2004864669249, 46.842713080556734 ], [ -112.200692151645114, 46.842728633208097 ], [ -112.20089676248945, 46.842749830918443 ], [ -112.2010999705454, 46.842776639612445 ], [ -112.201301449154087, 46.842809016195154 ], [ -112.203203288430018, 46.843160336325724 ], [ -112.203377105943019, 46.843175706007017 ], [ -112.203551922452078, 46.843184206515602 ], [ -112.203727161818691, 46.843185809836541 ], [ -112.203902246510324, 46.843180510685777 ], [ -112.204076599504347, 46.843168326527632 ], [ -112.204249646190391, 46.843149297517122 ], [ -112.2044208162648, 46.843123486367588 ], [ -112.204589545610673, 46.843090978143962 ], [ -112.204755278157748, 46.843051879982369 ], [ -112.204917467715461, 46.843006320736848 ], [ -112.205075579773492, 46.842954450554608 ], [ -112.205229093263881, 46.842896440381033 ], [ -112.20537750227858, 46.842832481396059 ], [ -112.205520317737012, 46.842762784384043 ], [ -112.205657068998207, 46.842687579038781 ], [ -112.205787305411931, 46.842607113206427 ], [ -112.205910597803921, 46.842521652068363 ], [ -112.206026539890232, 46.842431477267091 ], [ -112.206134749616069, 46.842336885977851 ], [ -112.206234870414619, 46.842238189929041 ], [ -112.206326572381897, 46.842135714374685 ], [ -112.206409553363486, 46.842029797022278 ], [ -112.2064835399499, 46.841920786919772 ], [ -112.206548288377007, 46.841809043305041 ], [ -112.206603585328736, 46.841694934421909 ], [ -112.206649248639422, 46.841578836306361 ], [ -112.206685127893294, 46.841461131547341 ], [ -112.206711104919492, 46.841342208025821 ], [ -112.206727094180508, 46.84122245763642 ], [ -112.206733043053376, 46.841102274996025 ], [ -112.206728932002051, 46.840982056143268 ], [ -112.206714774641014, 46.840862197233477 ], [ -112.206690617689461, 46.840743093233264 ], [ -112.206656540816525, 46.840625136618975 ], [ -112.206612656377786, 46.840508716083541 ], [ -112.206559109044363, 46.840394215255657 ], [ -112.203236582716556, 46.835391613756777 ], [ -112.203157049935029, 46.835245960016579 ], [ -112.203086747595719, 46.835098087301887 ], [ -112.203025806521836, 46.834948270945112 ], [ -112.202974340103324, 46.834796789895293 ], [ -112.202932444086358, 46.834643926198751 ], [ -112.206151163466643, 46.834647731994295 ], [ -112.206691416582515, 46.834648373142365 ], [ -112.211383002707066, 46.834653862114592 ], [ -112.211962788060262, 46.834653982805129 ], [ -112.211961636465688, 46.838274654841406 ], [ -112.211960094088369, 46.841895309336451 ], [ -112.211958309428198, 46.845516445292773 ], [ -112.211957020508251, 46.849137003134672 ], [ -112.206687894154854, 46.849128880864335 ], [ -112.201419042289928, 46.849121112359882 ], [ -112.196150525535472, 46.849113914173223 ], [ -112.190884607574958, 46.849108507339494 ], [ -112.190881796589721, 46.845487949421276 ], [ -112.190881041924442, 46.844238195214317 ], [ -112.191825590272089, 46.84376948487742 ], [ -112.192072508980488, 46.843673938557302 ], [ -112.192324151809345, 46.843584383308247 ], [ -112.192580210128071, 46.843500928958584 ], [ -112.192840369895436, 46.843423677854069 ], [ -112.193104312044682, 46.843352724732661 ], [ -112.193371712874438, 46.843288156608324 ], [ -112.193642244445499, 46.843230052664367 ], [ -112.193915574982654, 46.843178484156589 ], [ -112.194191369281228, 46.843133514325757 ], [ -112.194469289117862, 46.843095198320363 ], [ -112.194748993664959, 46.843063583128739 ] ] ] ] } },
{ "type": "Feature", "properties": { "CountyName": "Lewis and Clark", "OwnerName_Grouped": "SIEBEN RANCH CO", "OwnerName": "SIEBEN RANCH COMPANY", "OwnerAddre": "PO BOX 1683", "OwnerAdd_1": null, "OwnerAdd_2": null, "OwnerCity": "HELENA", "OwnerState": "MT", "PropType": "Vacant Land", "TotalAcres": 640.8 }, "geometry": { "type": "Polygon", "coordinates": [ [ [ -112.148389594605973, 46.84894014489349 ], [ -112.1483978789568, 46.845334068774015 ], [ -112.148406216511347, 46.841728533732244 ], [ -112.148414934272125, 46.838122718951276 ], [ -112.14842312476739, 46.834516825628576 ], [ -112.151468685778781, 46.834527172581481 ], [ -112.153837955569585, 46.834535238669332 ], [ -112.156729424508669, 46.834544731838058 ], [ -112.159253060469226, 46.834551619725644 ], [ -112.161997329042293, 46.834549910654722 ], [ -112.164548652892023, 46.834547673313622 ], [ -112.169369256532264, 46.834543510869459 ], [ -112.169837993748743, 46.834542686336476 ], [ -112.16981955016152, 46.838173486204695 ], [ -112.169800714169469, 46.841804388140247 ], [ -112.169779835540581, 46.845433908709673 ], [ -112.169759192512132, 46.849063232925936 ], [ -112.16440391848738, 46.849035294815209 ], [ -112.159102169224695, 46.849007236393234 ], [ -112.153745747356069, 46.848973618061727 ], [ -112.148389594605973, 46.84894014489349 ] ] ] } },
{ "type": "Feature", "properties": { "CountyName": "Lewis and Clark", "OwnerName_Grouped": "SIEBEN RANCH CO", "OwnerName": "SIEBEN RANCH COMPANY", "OwnerAddre": "PO BOX 1683", "OwnerAdd_1": null, "OwnerAdd_2": null, "OwnerCity": "HELENA", "OwnerState": "MT", "PropType": "Vacant Land", "TotalAcres": 640.0 }, "geometry": { "type": "Polygon", "coordinates": [ [ [ -112.127054576602845, 46.848958204614071 ], [ -112.127058003365988, 46.845353700604598 ], [ -112.12706159101144, 46.841749193060203 ], [ -112.12706556891797, 46.838144676712901 ], [ -112.127069126868591, 46.834540169330559 ], [ -112.130351206401656, 46.834537035406925 ], [ -112.132405847577417, 46.834535056143707 ], [ -112.135634722435569, 46.834531522672926 ], [ -112.137742917617587, 46.834527046574316 ], [ -112.140923598457746, 46.834526625608191 ], [ -112.143085418409527, 46.834524483949316 ], [ -112.146207380699536, 46.834521356620037 ], [ -112.14842312476739, 46.834516825628576 ], [ -112.148414934272125, 46.838122718951276 ], [ -112.148406216511347, 46.841728533732244 ], [ -112.1483978789568, 46.845334068774015 ], [ -112.148389594605973, 46.84894014489349 ], [ -112.143057002347518, 46.848945330040451 ], [ -112.137719503852963, 46.848947623662113 ], [ -112.132387038409703, 46.848952870317433 ], [ -112.127054576602845, 46.848958204614071 ] ] ] } },
{ "type": "Feature", "properties": { "CountyName": "Lewis and Clark", "OwnerName_Grouped": "SIEBEN RANCH CO", "OwnerName": "SIEBEN RANCH COMPANY", "OwnerAddre": "PO BOX 1683", "OwnerAdd_1": null, "OwnerAdd_2": null, "OwnerCity": "HELENA", "OwnerState": "MT", "PropType": "Vacant Land", "TotalAcres": 640.0 }, "geometry": { "type": "Polygon", "coordinates": [ [ [ -112.105895154436851, 46.848891990035327 ], [ -112.105870820649287, 46.845292974818783 ], [ -112.105846708913646, 46.841694166422286 ], [ -112.105822625314502, 46.838095355849802 ], [ -112.105798008250744, 46.834496382129508 ], [ -112.109212022393805, 46.834478492033853 ], [ -112.111080132253051, 46.834468822553212 ], [ -112.114497122679694, 46.83445081964544 ], [ -112.116362250337616, 46.834438502289188 ], [ -112.119782479365185, 46.834471876824395 ], [ -112.121715509650002, 46.834490819393615 ], [ -112.125067965471686, 46.834523458645002 ], [ -112.127069126868591, 46.834540169330559 ], [ -112.12706556891797, 46.838144676712901 ], [ -112.12706159101144, 46.841749193060203 ], [ -112.127058003365988, 46.845353700604598 ], [ -112.127054576602845, 46.848958204614071 ], [ -112.121764430961221, 46.848941687913687 ], [ -112.116474808362284, 46.848925006022071 ], [ -112.111184926493152, 46.848908483110492 ], [ -112.105895154436851, 46.848891990035327 ] ] ] } },
{ "type": "Feature", "properties": { "CountyName": "Lewis and Clark", "OwnerName_Grouped": "SIEBEN RANCH CO", "OwnerName": "SIEBEN RANCH CO", "OwnerAddre": "PO BOX 1683", "OwnerAdd_1": null, "OwnerAdd_2": null, "OwnerCity": "HELENA", "OwnerState": "MT", "PropType": "Vacant Land", "TotalAcres": 120.23 }, "geometry": { "type": "Polygon", "coordinates": [ [ [ -112.254232719408407, 46.845479257830469 ], [ -112.254234081466507, 46.841846499843882 ], [ -112.254235304529985, 46.83821410473233 ], [ -112.254236154631968, 46.834581629640219 ], [ -112.255000011451529, 46.834574700156523 ], [ -112.255940083699983, 46.834567113304502 ], [ -112.258706848120667, 46.834543105805345 ], [ -112.259334195064824, 46.834537760324054 ], [ -112.259356118273232, 46.836373966708138 ], [ -112.259377611439717, 46.838210101154651 ], [ -112.259420701803876, 46.841841837450538 ], [ -112.259463814184244, 46.845474475051034 ], [ -112.254232719408407, 46.845479257830469 ] ] ] } },
{ "type": "Feature", "properties": { "CountyName": "Lewis and Clark", "OwnerName_Grouped": "SIEBEN RANCH CO", "OwnerName": "SIEBEN RANCH COMPANY", "OwnerAddre": "PO BOX 1683", "OwnerAdd_1": null, "OwnerAdd_2": null, "OwnerCity": "HELENA", "OwnerState": "MT", "PropType": "Vacant Land", "TotalAcres": 560.0 }, "geometry": { "type": "Polygon", "coordinates": [ [ [ -112.063744008401642, 46.849015940967689 ], [ -112.063758867880395, 46.845473135793846 ], [ -112.063772974422335, 46.84193351411691 ], [ -112.063787612310492, 46.838394091440577 ], [ -112.063801994660736, 46.834854825120061 ], [ -112.066952872642304, 46.834817955558215 ], [ -112.069017945145433, 46.83479388425863 ], [ -112.072242714605835, 46.83475635109756 ], [ -112.074233254293674, 46.834731809653483 ], [ -112.077533168572145, 46.834693533658786 ], [ -112.079438104716687, 46.83467128280482 ], [ -112.082824229459248, 46.834631724980589 ], [ -112.084642930427876, 46.83460956698525 ], [ -112.084670656413721, 46.838208688432061 ], [ -112.084698754877408, 46.841807862070105 ], [ -112.079469834738475, 46.841839698747556 ], [ -112.079486030383748, 46.845423575882343 ], [ -112.079501517847078, 46.849010044002682 ], [ -112.074248983697814, 46.849011961439977 ], [ -112.068996496547271, 46.849014133263886 ], [ -112.063744008401642, 46.849015940967689 ] ] ] } },
{ "type": "Feature", "properties": { "CountyName": "Lewis and Clark", "OwnerName_Grouped": "SIEBEN RANCH CO", "OwnerName": "SIEBEN RANCH COMPANY", "OwnerAddre": "PO BOX 1683", "OwnerAdd_1": null, "OwnerAdd_2": null, "OwnerCity": "HELENA", "OwnerState": "MT", "PropType": "Vacant Land", "TotalAcres": 637.49 }, "geometry": { "type": "Polygon", "coordinates": [ [ [ -112.022516584441234, 46.848776287903355 ], [ -112.02159736303939, 46.848003943189177 ], [ -112.021599552230626, 46.845175736677582 ], [ -112.021602865559487, 46.841576351019803 ], [ -112.021605489565118, 46.837976770056045 ], [ -112.02160827347862, 46.834377274917841 ], [ -112.025134270522429, 46.834384956776304 ], [ -112.026925768560147, 46.834389015863849 ], [ -112.030481414609611, 46.83439719791253 ], [ -112.032243006900586, 46.834397769022061 ], [ -112.035800633986327, 46.834401102652912 ], [ -112.037535044867738, 46.83440326877173 ], [ -112.040507240334719, 46.834406569714382 ], [ -112.042826510562321, 46.834407693899593 ], [ -112.042763906083536, 46.837987315421842 ], [ -112.042701011389525, 46.841566941620179 ], [ -112.042638495568454, 46.845146290105191 ], [ -112.04257525209573, 46.848729269623746 ], [ -112.037430988253945, 46.848741511116856 ], [ -112.032154456312924, 46.848753519751156 ], [ -112.026875615006063, 46.848766411750518 ], [ -112.022516584441234, 46.848776287903355 ] ] ] } },
{ "type": "Feature", "properties": { "CountyName": "Lewis and Clark", "OwnerName_Grouped": "SIEBEN RANCH CO", "OwnerName": "SIEBEN RANCH COMPANY", "OwnerAddre": "PO BOX 1683", "OwnerAdd_1": null, "OwnerAdd_2": null, "OwnerCity": "HELENA", "OwnerState": "MT", "PropType": "Vacant Land", "TotalAcres": 444.24 }, "geometry": { "type": "MultiPolygon", "coordinates": [ [ [ [ -112.007873870788785, 46.834363744670682 ], [ -112.009236086755124, 46.834365475289268 ], [ -112.011061831338679, 46.834365998922337 ], [ -112.014511754343573, 46.834370505908822 ], [ -112.016335183579855, 46.834372834240575 ], [ -112.019787395643249, 46.834377369939531 ], [ -112.02160827347862, 46.834377274917841 ], [ -112.021605489565118, 46.837976770056045 ], [ -112.021602865559487, 46.841576351019803 ], [ -112.021599552230626, 46.845175736677582 ], [ -112.02159736303939, 46.848003943189177 ], [ -112.013202483713243, 46.841083851674675 ], [ -112.012831039906274, 46.840741727421303 ], [ -112.012467977319645, 46.840395394075863 ], [ -112.012113397094836, 46.840044948274318 ], [ -112.011767398000615, 46.8396904877983 ], [ -112.011430076405759, 46.839332111547577 ], [ -112.01110152625219, 46.838969919512621 ], [ -112.010781839028922, 46.838604012746437 ], [ -112.010471103746681, 46.838234493336444 ], [ -112.010169406913249, 46.837861464375862 ], [ -112.009876832509434, 46.837485029934896 ], [ -112.009593461965807, 46.837105295031691 ], [ -112.00931937414019, 46.836722365602903 ], [ -112.009054645295819, 46.836336348474127 ], [ -112.008799349080263, 46.835947351330056 ], [ -112.008553556504992, 46.83555548268437 ], [ -112.008317335925881, 46.83516085184938 ], [ -112.008090753024248, 46.834763568905544 ], [ -112.007873870788785, 46.834363744670682 ] ] ], [ [ [ -112.005788112327977, 46.841563333100744 ], [ -112.008423723702904, 46.841566736076921 ], [ -112.008424027002818, 46.839765894039303 ], [ -112.007106231074616, 46.839764785820542 ], [ -112.007106445261172, 46.837963675250634 ], [ -112.005788690452249, 46.837962457331173 ], [ -112.005788112327977, 46.841563333100744 ], [ -112.000516888414381, 46.841558553664989 ], [ -112.000517050258793, 46.837957246319263 ], [ -112.000517118473141, 46.834354376991961 ], [ -112.003961724403254, 46.834358789848963 ], [ -112.005789213355825, 46.834361129109553 ], [ -112.006836200572835, 46.834362429349063 ], [ -112.00705203446239, 46.834773386257886 ], [ -112.007277479532419, 46.835181906135084 ], [ -112.007512477594801, 46.835587883144747 ], [ -112.00775696798236, 46.835991212107437 ], [ -112.008010887564467, 46.836391788527301 ], [ -112.008274170763144, 46.836789508619439 ], [ -112.008546749569916, 46.837184269336639 ], [ -112.00882855356322, 46.837575968396223 ], [ -112.009119509926492, 46.837964504306534 ], [ -112.009419543466848, 46.838349776393407 ], [ -112.009728576634416, 46.838731684826193 ], [ -112.010046529542265, 46.839110130643718 ], [ -112.01037331998694, 46.839485015779943 ], [ -112.010708863469688, 46.83985624308955 ], [ -112.011053073218079, 46.84022371637306 ], [ -112.011405860208498, 46.840587340401868 ], [ -112.011767133188997, 46.840947020942927 ], [ -112.012136798702883, 46.841302664783349 ], [ -112.020918466229674, 46.848778097027584 ], [ -112.016326886410539, 46.848776032221529 ], [ -112.011056849394635, 46.848770867433537 ], [ -112.011058465609793, 46.845170018293018 ], [ -112.011058925520786, 46.843369193278214 ], [ -112.005787663345842, 46.843365646578945 ], [ -112.005788112327977, 46.841563333100744 ] ] ] ] } },
{ "type": "Feature", "properties": { "CountyName": "Lewis and Clark", "OwnerName_Grouped": "SIEBEN RANCH CO", "OwnerName": "SIEBEN RANCH COMPANY", "OwnerAddre": "PO BOX 1683", "OwnerAdd_1": null, "OwnerAdd_2": null, "OwnerCity": "HELENA", "OwnerState": "MT", "PropType": "Vacant Land", "TotalAcres": 637.27 }, "geometry": { "type": "Polygon", "coordinates": [ [ [ -111.979558525493388, 46.837893643982675 ], [ -111.979566399639893, 46.834282331812517 ], [ -111.982846869983007, 46.834295352373779 ], [ -111.984804110784907, 46.834303243043273 ], [ -111.988127581961251, 46.83431660723771 ], [ -111.990042064626607, 46.834318473041307 ], [ -111.993407483199661, 46.834332329593337 ], [ -111.995279677579703, 46.834339876626643 ], [ -111.998687095538102, 46.834353635200877 ], [ -112.000517118473141, 46.834354376991961 ], [ -112.000517050258793, 46.837957246319263 ], [ -112.000516888414381, 46.841558553664989 ], [ -112.000516627985107, 46.845160702673596 ], [ -112.000516755493706, 46.848762725393009 ], [ -111.995274985985077, 46.848756789143181 ], [ -111.990033275631376, 46.848750447058052 ], [ -111.984791737014334, 46.848744343281794 ], [ -111.97954977260224, 46.848738160321957 ], [ -111.979550092642938, 46.845112514061732 ], [ -111.97955056602585, 46.84150531840033 ], [ -111.979558525493388, 46.837893643982675 ] ] ] } },
{ "type": "Feature", "properties": { "CountyName": "Lewis and Clark", "OwnerName_Grouped": "SIEBEN RANCH CO", "OwnerName": "SIEBEN RANCH COMPANY", "OwnerAddre": "PO BOX 1683", "OwnerAdd_1": null, "OwnerAdd_2": null, "OwnerCity": "HELENA", "OwnerState": "MT", "PropType": "Vacant Land", "TotalAcres": 629.96 }, "geometry": { "type": "MultiPolygon", "coordinates": [ [ [ [ -112.039613068652088, 46.863215937161797 ], [ -112.042550446004682, 46.863206706360828 ], [ -112.042546135085843, 46.864955643386971 ], [ -112.041949717073066, 46.864615549323361 ], [ -112.041358145924676, 46.864271499017498 ], [ -112.040771477372758, 46.863923524936396 ], [ -112.040189766683525, 46.863571659916758 ], [ -112.039613068652088, 46.863215937161797 ] ] ], [ [ [ -112.021583108295943, 46.866877157401838 ], [ -112.021584138094937, 46.863267963989053 ], [ -112.026849769467262, 46.863254605894781 ], [ -112.032114831416237, 46.86324095813341 ], [ -112.037385577482908, 46.86322346327794 ], [ -112.037953707465277, 46.863221561137372 ], [ -112.038302309581681, 46.863476586902607 ], [ -112.038657464021881, 46.863727324471171 ], [ -112.039019058740735, 46.863973694675899 ], [ -112.039386979654935, 46.864215619727453 ], [ -112.039761110678981, 46.864453023238966 ], [ -112.040141333761852, 46.864685830250245 ], [ -112.04052752892423, 46.864913967251518 ], [ -112.04091957429641, 46.865137362206625 ], [ -112.041317346156745, 46.865355944575875 ], [ -112.041720718970765, 46.865569645338383 ], [ -112.042129565430798, 46.865778397013862 ], [ -112.042543756496215, 46.865982133684064 ], [ -112.042542015576814, 46.866830930909202 ], [ -112.042533101812936, 46.870455092426383 ], [ -112.042524449248845, 46.874079219344146 ], [ -112.042515576537596, 46.87770371230728 ], [ -112.0373312923371, 46.877703454060693 ], [ -112.032081851279997, 46.877703078883108 ], [ -112.026825512400208, 46.877705383389113 ], [ -112.02156245051107, 46.877698558383742 ], [ -112.021572242352931, 46.874092389824888 ], [ -112.021581898427812, 46.870485901003299 ], [ -112.021583108295943, 46.866877157401838 ] ] ] ] } },
{ "type": "Feature", "properties": { "CountyName": "Lewis and Clark", "OwnerName_Grouped": "SIEBEN RANCH CO", "OwnerName": "SIEBEN RANCH CO", "OwnerAddre": "PO BOX 1683", "OwnerAdd_1": null, "OwnerAdd_2": null, "OwnerCity": "HELENA", "OwnerState": "MT", "PropType": "Vacant Land", "TotalAcres": 640.0 }, "geometry": { "type": "Polygon", "coordinates": [ [ [ -111.983261220976104, 46.762606187142602 ], [ -111.978040810853642, 46.762357017191682 ], [ -111.977944951947563, 46.758737965856611 ], [ -111.977849452694031, 46.755118846171264 ], [ -111.977753964308164, 46.751499995334242 ], [ -111.977658478464164, 46.747880663388187 ], [ -111.980075970385258, 46.747900020422385 ], [ -111.983001866961516, 46.747918329562353 ], [ -111.985672675454424, 46.74794066504807 ], [ -111.988345373196282, 46.747955608578714 ], [ -111.993688614259526, 46.747992890634777 ], [ -111.999032018570759, 46.748030260027491 ], [ -111.999004886216923, 46.751861025118423 ], [ -111.998978174529896, 46.755691957783014 ], [ -111.998951054926053, 46.759522539451652 ], [ -111.998924205579783, 46.763353293761405 ], [ -111.993703165604757, 46.763104019719698 ], [ -111.98848211249215, 46.762855103123265 ], [ -111.983261220976104, 46.762606187142602 ] ] ] } },
{ "type": "Feature", "properties": { "CountyName": "Lewis and Clark", "OwnerName_Grouped": "SIEBEN RANCH CO", "OwnerName": "SIEBEN RANCH CO", "OwnerAddre": "PO BOX 1683", "OwnerAdd_1": null, "OwnerAdd_2": null, "OwnerCity": "HELENA", "OwnerState": "MT", "PropType": "Vacant Land", "TotalAcres": 160.82 }, "geometry": { "type": "Polygon", "coordinates": [ [ [ -111.988345373196282, 46.747955608578714 ], [ -111.988431992596261, 46.74439501738366 ], [ -111.988481045559155, 46.742523055005961 ], [ -111.988524185220101, 46.740778386052298 ], [ -111.988806472382549, 46.74078122073756 ], [ -111.994057602007501, 46.740835544412469 ], [ -111.99931969670746, 46.740868621644104 ], [ -111.999174613495981, 46.744478417734946 ], [ -111.999032018570759, 46.748030260027491 ], [ -111.993688614259526, 46.747992890634777 ], [ -111.988345373196282, 46.747955608578714 ] ] ] } },
{ "type": "Feature", "properties": { "CountyName": "Lewis and Clark", "OwnerName_Grouped": "SIEBEN RANCH CO", "OwnerName": "SIEBEN RANCH COMPANY", "OwnerAddre": "PO BOX 1683", "OwnerAdd_1": null, "OwnerAdd_2": null, "OwnerCity": "HELENA", "OwnerState": "MT", "PropType": "Vacant Land", "TotalAcres": 640.0 }, "geometry": { "type": "Polygon", "coordinates": [ [ [ -112.217387501366474, 46.892704477421688 ], [ -112.212119870370856, 46.892703368315814 ], [ -112.212097893506552, 46.889073635271956 ], [ -112.212075774367861, 46.885444223574538 ], [ -112.212053735346203, 46.881814386747507 ], [ -112.212031316984564, 46.878184831896462 ], [ -112.217316971304044, 46.878185413862546 ], [ -112.222602458504383, 46.878185820976917 ], [ -112.227888497313529, 46.87818621441496 ], [ -112.233174144423302, 46.878187156157196 ], [ -112.233177987358019, 46.881817544894737 ], [ -112.233182337511238, 46.885447976454103 ], [ -112.233186287371339, 46.88907832483936 ], [ -112.233190500387138, 46.892708668723209 ], [ -112.227922819887723, 46.892707482388282 ], [ -112.222655097552135, 46.892706026280003 ], [ -112.217387501366474, 46.892704477421688 ] ] ] } },
{ "type": "Feature", "properties": { "CountyName": "Lewis and Clark", "OwnerName_Grouped": "SIEBEN RANCH CO", "OwnerName": "SIEBEN RANCH COMPANY", "OwnerAddre": "PO BOX 1683", "OwnerAdd_1": null, "OwnerAdd_2": null, "OwnerCity": "HELENA", "OwnerState": "MT", "PropType": "Vacant Land", "TotalAcres": 640.0 }, "geometry": { "type": "Polygon", "coordinates": [ [ [ -112.190957558830675, 46.892652423360836 ], [ -112.19095162075439, 46.889035084879076 ], [ -112.190945452775949, 46.885418357038795 ], [ -112.190939097425115, 46.881801122096526 ], [ -112.190932914970631, 46.878184120884896 ], [ -112.196209853880674, 46.87818553909576 ], [ -112.201485817783322, 46.878186386263046 ], [ -112.206758314537311, 46.878185507564041 ], [ -112.212031316984564, 46.878184831896462 ], [ -112.212053735346203, 46.881814386747507 ], [ -112.212075774367861, 46.885444223574538 ], [ -112.212097893506552, 46.889073635271956 ], [ -112.212119870370856, 46.892703368315814 ], [ -112.206829462713358, 46.892690554563018 ], [ -112.201538744904298, 46.892677886910533 ], [ -112.196248144541229, 46.892665065222197 ], [ -112.190957558830675, 46.892652423360836 ] ] ] } },
{ "type": "Feature", "properties": { "CountyName": "Lewis and Clark", "OwnerName_Grouped": "SIEBEN RANCH CO", "OwnerName": "SIEBEN RANCH CO", "OwnerAddre": "PO BOX 1683", "OwnerAdd_1": null, "OwnerAdd_2": null, "OwnerCity": "HELENA", "OwnerState": "MT", "PropType": "Vacant Land", "TotalAcres": 20.0 }, "geometry": { "type": "Polygon", "coordinates": [ [ [ -112.230016262137568, 46.809603659051291 ], [ -112.232661508657017, 46.809595789303863 ], [ -112.232614927184812, 46.813237342372517 ], [ -112.229973897556263, 46.8132434036023 ], [ -112.230016262137568, 46.809603659051291 ] ] ] } },
{ "type": "Feature", "properties": { "CountyName": "Lewis and Clark", "OwnerName_Grouped": "SIEBEN RANCH CO", "OwnerName": "SIEBEN RANCH COMPANY", "OwnerAddre": "PO BOX 1683", "OwnerAdd_1": null, "OwnerAdd_2": null, "OwnerCity": "HELENA", "OwnerState": "MT", "PropType": "Vacant Land", "TotalAcres": 640.0 }, "geometry": { "type": "Polygon", "coordinates": [ [ [ -112.206357242193505, 46.962574075653691 ], [ -112.201086515952539, 46.962578601066461 ], [ -112.195815775663405, 46.962582856952345 ], [ -112.190544654290335, 46.962587418423219 ], [ -112.190542477341126, 46.958971455282324 ], [ -112.190540145053475, 46.955355612601316 ], [ -112.19053781045757, 46.95173974179761 ], [ -112.190535485294532, 46.948124050648225 ], [ -112.195803071107292, 46.948119552081067 ], [ -112.201071079348083, 46.948115017062044 ], [ -112.206338675900952, 46.948110699435446 ], [ -112.211606525559517, 46.94810616831186 ], [ -112.211611843471033, 46.951722104416426 ], [ -112.21161732058934, 46.955337947350621 ], [ -112.211622767517582, 46.958953852894268 ], [ -112.211628234655294, 46.962569517233455 ], [ -112.206357242193505, 46.962574075653691 ] ] ] } },
{ "type": "Feature", "properties": { "CountyName": "Lewis and Clark", "OwnerName_Grouped": "SIEBEN RANCH CO", "OwnerName": "SIEBEN RANCH COMPANY", "OwnerAddre": "PO BOX 1683", "OwnerAdd_1": null, "OwnerAdd_2": null, "OwnerCity": "HELENA", "OwnerState": "MT", "PropType": "Vacant Land", "TotalAcres": 120.0 }, "geometry": { "type": "Polygon", "coordinates": [ [ [ -112.068523052122003, 46.891801327743153 ], [ -112.073714301345376, 46.891798993043125 ], [ -112.078905666712501, 46.891796416242499 ], [ -112.084097043139536, 46.891794171562687 ], [ -112.084212865748995, 46.895413748448235 ], [ -112.078979527582874, 46.895395230681387 ], [ -112.073761897816169, 46.895394390894936 ], [ -112.068551458519465, 46.895402236035942 ], [ -112.068523052122003, 46.891801327743153 ] ] ] } },
{ "type": "Feature", "properties": { "CountyName": "Lewis and Clark", "OwnerName_Grouped": "SIEBEN RANCH CO", "OwnerName": "SIEBEN RANCH CO", "OwnerAddre": "PO BOX 1683", "OwnerAdd_1": null, "OwnerAdd_2": null, "OwnerCity": "HELENA", "OwnerState": "MT", "PropType": "Vacant Land", "TotalAcres": 485.102 }, "geometry": { "type": "Polygon", "coordinates": [ [ [ -112.009759020306888, 46.748056307106054 ], [ -112.00439564210987, 46.748043427331602 ], [ -111.999032018570759, 46.748030260027491 ], [ -111.999174613495981, 46.744478417734946 ], [ -111.99931969670746, 46.740868621644104 ], [ -111.999332127082127, 46.739057263088206 ], [ -111.999344096123281, 46.737247073344058 ], [ -111.999356567521829, 46.735439313652833 ], [ -111.999368731587168, 46.733624980046834 ], [ -112.004660145600454, 46.73360948267711 ], [ -112.007031136364901, 46.733604497018376 ], [ -112.009951860516239, 46.733594191209953 ], [ -112.010110535885175, 46.733593719699471 ], [ -112.015243261648934, 46.733578338396896 ], [ -112.017065814302626, 46.733572902856785 ], [ -112.016955614738137, 46.733832450072747 ], [ -112.016823972696315, 46.734151728755563 ], [ -112.016796783021817, 46.734522823390293 ], [ -112.016838869065964, 46.734820789827666 ], [ -112.016924019969437, 46.735325566225455 ], [ -112.016026441461477, 46.739104170597912 ], [ -112.014874264578722, 46.742819459564537 ], [ -112.014119746898544, 46.745353510141413 ], [ -112.013843622762408, 46.746504388430154 ], [ -112.013677552513386, 46.747262806727427 ], [ -112.013656192206213, 46.747672221080919 ], [ -112.013681304468733, 46.748069622199466 ], [ -112.013351664076239, 46.748069246639581 ], [ -112.009759020306888, 46.748056307106054 ] ] ] } },
{ "type": "Feature", "properties": { "CountyName": "Lewis and Clark", "OwnerName_Grouped": "SIEBEN RANCH CO", "OwnerName": "SIEBEN RANCH CO", "OwnerAddre": "PO BOX 1683", "OwnerAdd_1": null, "OwnerAdd_2": null, "OwnerCity": "HELENA", "OwnerState": "MT", "PropType": "Vacant Land", "TotalAcres": 8.28 }, "geometry": { "type": "Polygon", "coordinates": [ [ [ -112.540498232651885, 46.973247262708483 ], [ -112.540498683527332, 46.971525939871064 ], [ -112.542791515016447, 46.971528656997634 ], [ -112.542796630501996, 46.973248796954259 ], [ -112.540498232651885, 46.973247262708483 ] ] ] } },
{ "type": "Feature", "properties": { "CountyName": "Lewis and Clark", "OwnerName_Grouped": "SIEBEN RANCH CO", "OwnerName": "SIEBEN RANCH COMPANY", "OwnerAddre": "PO BOX 1683", "OwnerAdd_1": null, "OwnerAdd_2": null, "OwnerCity": "HELENA", "OwnerState": "MT", "PropType": "Vacant Land", "TotalAcres": 633.48 }, "geometry": { "type": "Polygon", "coordinates": [ [ [ -112.290481682265337, 46.933585703610632 ], [ -112.285207542390694, 46.933594567332626 ], [ -112.279941444662938, 46.93360800330678 ], [ -112.274675197218514, 46.933621504742128 ], [ -112.27466641054059, 46.930019636048435 ], [ -112.274604447388413, 46.926522564192474 ], [ -112.274597641795125, 46.922917376184614 ], [ -112.274590675908712, 46.919312220785422 ], [ -112.275382024001033, 46.919313106065161 ], [ -112.279844828552086, 46.919317822050083 ], [ -112.280636044551088, 46.919318655262884 ], [ -112.285098718782535, 46.919323347659621 ], [ -112.285890039527729, 46.919324234724975 ], [ -112.290365700559661, 46.91932912992359 ], [ -112.291156886815173, 46.919330019844644 ], [ -112.295427619001018, 46.919334686908059 ], [ -112.295433545928006, 46.921127990733275 ], [ -112.2954345930237, 46.922864174600413 ], [ -112.295434639868972, 46.922908560977227 ], [ -112.295497746657176, 46.926365428045976 ], [ -112.295495104243244, 46.929971378139513 ], [ -112.295492078125037, 46.933577488763191 ], [ -112.290481682265337, 46.933585703610632 ] ] ] } },
{ "type": "Feature", "properties": { "CountyName": "Lewis and Clark", "OwnerName_Grouped": "SIEBEN RANCH CO", "OwnerName": "SIEBEN RANCH COMPANY", "OwnerAddre": "PO BOX 1683", "OwnerAdd_1": null, "OwnerAdd_2": null, "OwnerCity": "HELENA", "OwnerState": "MT", "PropType": "Vacant Land", "TotalAcres": 640.0 }, "geometry": { "type": "Polygon", "coordinates": [ [ [ -112.169463303899263, 46.962590993580761 ], [ -112.16945590730657, 46.959194645099089 ], [ -112.169455455182074, 46.958977023053492 ], [ -112.16944844357532, 46.955577290032664 ], [ -112.169448408393492, 46.955362836321726 ], [ -112.169441132550901, 46.951959941962947 ], [ -112.169440564962542, 46.951748926416805 ], [ -112.169433281523297, 46.948342714340917 ], [ -112.169433130530251, 46.948134834724101 ], [ -112.17470867553692, 46.948131968441132 ], [ -112.179984494474056, 46.948129272972807 ], [ -112.185259923586159, 46.948126675613381 ], [ -112.190535485294532, 46.948124050648225 ], [ -112.19053781045757, 46.95173974179761 ], [ -112.190540145053475, 46.955355612601316 ], [ -112.190542477341126, 46.958971455282324 ], [ -112.190544654290335, 46.962587418423219 ], [ -112.185274429855511, 46.962588415266126 ], [ -112.180004035038067, 46.962589264284709 ], [ -112.17473367237524, 46.962590175060278 ], [ -112.169463303899263, 46.962590993580761 ] ] ] } },
{ "type": "Feature", "properties": { "CountyName": "Lewis and Clark", "OwnerName_Grouped": "SIEBEN RANCH CO", "OwnerName": "SIEBEN RANCH CO", "OwnerAddre": "PO BOX 1683", "OwnerAdd_1": null, "OwnerAdd_2": null, "OwnerCity": "HELENA", "OwnerState": "MT", "PropType": "Vacant Land", "TotalAcres": 11.33 }, "geometry": { "type": "Polygon", "coordinates": [ [ [ -112.020347108311782, 46.762617255970227 ], [ -112.02036915641861, 46.760240267667022 ], [ -112.021399599241789, 46.760613346189473 ], [ -112.025561186840363, 46.762665017054324 ], [ -112.020347108311782, 46.762617255970227 ] ] ] } },
{ "type": "Feature", "properties": { "CountyName": "Lewis and Clark", "OwnerName_Grouped": "SIEBEN RANCH CO", "OwnerName": "SIEBEN RANCH CO", "OwnerAddre": "PO BOX 1683", "OwnerAdd_1": null, "OwnerAdd_2": null, "OwnerCity": "HELENA", "OwnerState": "MT", "PropType": "Vacant Land", "TotalAcres": 156.71 }, "geometry": { "type": "Polygon", "coordinates": [ [ [ -112.009696653508712, 46.755521043007299 ], [ -112.015057145609418, 46.755435291042261 ], [ -112.015024054745012, 46.759118318029408 ], [ -112.017536123503064, 46.759054910103373 ], [ -112.017840415386488, 46.759315740667503 ], [ -112.02036915641861, 46.760240267667022 ], [ -112.020347108311782, 46.762617255970227 ], [ -112.014991357203542, 46.762801135862873 ], [ -112.009635708355972, 46.762984987074397 ], [ -112.004280113457384, 46.763169405047755 ], [ -112.00430860861627, 46.759387976757431 ], [ -112.009666637462374, 46.759253276339905 ], [ -112.009696653508712, 46.755521043007299 ] ] ] } },
{ "type": "Feature", "properties": { "CountyName": "Lewis and Clark", "OwnerName_Grouped": "SIEBEN RANCH CO", "OwnerName": "SIEBEN RANCH COMPANY", "OwnerAddre": "PO BOX 1683", "OwnerAdd_1": null, "OwnerAdd_2": null, "OwnerCity": "HELENA", "OwnerState": "MT", "PropType": "Vacant Land", "TotalAcres": 640.0 }, "geometry": { "type": "Polygon", "coordinates": [ [ [ -112.190952150998555, 46.90711845809038 ], [ -112.190953548559861, 46.903501925902383 ], [ -112.190954922973376, 46.899885484254945 ], [ -112.190956288226246, 46.89626886174981 ], [ -112.190957558830675, 46.892652423360836 ], [ -112.196248144541229, 46.892665065222197 ], [ -112.201538744904298, 46.892677886910533 ], [ -112.206829462713358, 46.892690554563018 ], [ -112.212119870370856, 46.892703368315814 ], [ -112.212114280434506, 46.896308434198986 ], [ -112.212108606391567, 46.899913512847348 ], [ -112.212102700673469, 46.903518752749044 ], [ -112.212096894762311, 46.907123927169529 ], [ -112.206812412633639, 46.907119958827003 ], [ -112.201527934487231, 46.907116018051063 ], [ -112.19624043941873, 46.907116635056177 ], [ -112.190952150998555, 46.90711845809038 ] ] ] } },
{ "type": "Feature", "properties": { "CountyName": "Lewis and Clark", "OwnerName_Grouped": "SIEBEN RANCH CO", "OwnerName": "SIEBEN RANCH COMPANY", "OwnerAddre": "PO BOX 1683", "OwnerAdd_1": null, "OwnerAdd_2": null, "OwnerCity": "HELENA", "OwnerState": "MT", "PropType": "Vacant Land", "TotalAcres": 444.45 }, "geometry": { "type": "Polygon", "coordinates": [ [ [ -112.185697843615273, 46.907116537571788 ], [ -112.185697826368823, 46.903509534023861 ], [ -112.180442064481539, 46.903516740127074 ], [ -112.180440787655044, 46.899919010981208 ], [ -112.175155063638258, 46.899935559771187 ], [ -112.16961881216389, 46.899952717329562 ], [ -112.169674889613432, 46.896292910003041 ], [ -112.169731221131457, 46.892632947855539 ], [ -112.175168774778967, 46.892636554844422 ], [ -112.180437757237343, 46.892639700346948 ], [ -112.185697575554414, 46.892646017336254 ], [ -112.190957558830675, 46.892652423360836 ], [ -112.190956288226246, 46.89626886174981 ], [ -112.190954922973376, 46.899885484254945 ], [ -112.190953548559861, 46.903501925902383 ], [ -112.190952150998555, 46.90711845809038 ], [ -112.185697843615273, 46.907116537571788 ] ] ] } },
{ "type": "Feature", "properties": { "CountyName": "Lewis and Clark", "OwnerName_Grouped": "SIEBEN RANCH CO", "OwnerName": "SIEBEN RANCH COMPANY", "OwnerAddre": "PO BOX 1683", "OwnerAdd_1": null, "OwnerAdd_2": null, "OwnerCity": "HELENA", "OwnerState": "MT", "PropType": "Vacant Land", "TotalAcres": 636.22 }, "geometry": { "type": "Polygon", "coordinates": [ [ [ -112.14842265363869, 46.90695191793823 ], [ -112.148363193935467, 46.903282778086513 ], [ -112.148303971131767, 46.899613719241906 ], [ -112.148244372399162, 46.895944490853196 ], [ -112.148185177383425, 46.892275343235788 ], [ -112.153644227432508, 46.892376608047094 ], [ -112.159103290539292, 46.892477964338966 ], [ -112.164471828678089, 46.892556444406885 ], [ -112.169731221131457, 46.892632947855539 ], [ -112.169674889613432, 46.896292910003041 ], [ -112.16961881216389, 46.899952717329562 ], [ -112.169600145620791, 46.903531258975512 ], [ -112.169581198756575, 46.907110078168692 ], [ -112.164414238983596, 46.907073405560908 ], [ -112.159103357737436, 46.907035612148718 ], [ -112.153763086042929, 46.906993765368512 ], [ -112.14842265363869, 46.90695191793823 ] ] ] } },
{ "type": "Feature", "properties": { "CountyName": "Lewis and Clark", "OwnerName_Grouped": "SIEBEN RANCH CO", "OwnerName": "SIEBEN RANCH COMPANY", "OwnerAddre": "PO BOX 1683", "OwnerAdd_1": null, "OwnerAdd_2": null, "OwnerCity": "HELENA", "OwnerState": "MT", "PropType": "Vacant Land", "TotalAcres": 73.68 }, "geometry": { "type": "Polygon", "coordinates": [ [ [ -112.009696653508712, 46.755521043007299 ], [ -112.009727842472174, 46.751788734644748 ], [ -112.009759020306888, 46.748056307106054 ], [ -112.013351664076239, 46.748069246639581 ], [ -112.013681304468733, 46.748069622199466 ], [ -112.013890671253151, 46.751776924873703 ], [ -112.01449497802767, 46.753653737917915 ], [ -112.015111654848582, 46.755499829226821 ], [ -112.015848509750015, 46.75760374566309 ], [ -112.017536123503064, 46.759054910103373 ], [ -112.015024054745012, 46.759118318029408 ], [ -112.015057145609418, 46.755435291042261 ], [ -112.009696653508712, 46.755521043007299 ] ] ] } },
{ "type": "Feature", "properties": { "CountyName": "Lewis and Clark", "OwnerName_Grouped": "SIEBEN RANCH CO", "OwnerName": "SIEBEN RANCH COMPANY", "OwnerAddre": "PO BOX 1683", "OwnerAdd_1": null, "OwnerAdd_2": null, "OwnerCity": "HELENA", "OwnerState": "MT", "PropType": "Vacant Land", "TotalAcres": 640.0 }, "geometry": { "type": "Polygon", "coordinates": [ [ [ -112.233194249255803, 46.907178654359647 ], [ -112.233192367028764, 46.903566810442328 ], [ -112.233190048636502, 46.899954703120798 ], [ -112.233190137744671, 46.896332509684967 ], [ -112.233190500387138, 46.892708668723209 ], [ -112.238433582706293, 46.892722328056557 ], [ -112.243677152117428, 46.892735765778831 ], [ -112.248920238684832, 46.892749488806963 ], [ -112.254163546410027, 46.892763056034447 ], [ -112.254177686541027, 46.896373189800578 ], [ -112.254191671493288, 46.89998341018439 ], [ -112.254205657040629, 46.90359365487388 ], [ -112.254220296860126, 46.907200503702782 ], [ -112.248963765848032, 46.907195042605025 ], [ -112.243707255282175, 46.907189538316636 ], [ -112.238450625483694, 46.907184189624303 ], [ -112.233194249255803, 46.907178654359647 ] ] ] } },
{ "type": "Feature", "properties": { "CountyName": "Lewis and Clark", "OwnerName_Grouped": "SIEBEN RANCH CO", "OwnerName": "SIEBEN RANCH COMPANY", "OwnerAddre": "PO BOX 1683", "OwnerAdd_1": null, "OwnerAdd_2": null, "OwnerCity": "HELENA", "OwnerState": "MT", "PropType": "Vacant Land", "TotalAcres": 600.0 }, "geometry": { "type": "Polygon", "coordinates": [ [ [ -112.212096894762311, 46.907123927169529 ], [ -112.212102700673469, 46.903518752749044 ], [ -112.212108606391567, 46.899913512847348 ], [ -112.212114280434506, 46.896308434198986 ], [ -112.217382609526425, 46.896317253670205 ], [ -112.217387501366474, 46.892704477421688 ], [ -112.222655097552135, 46.892706026280003 ], [ -112.227922819887723, 46.892707482388282 ], [ -112.233190500387138, 46.892708668723209 ], [ -112.233190137744671, 46.896332509684967 ], [ -112.233190048636502, 46.899954703120798 ], [ -112.233192367028764, 46.903566810442328 ], [ -112.233194249255803, 46.907178654359647 ], [ -112.227919904864407, 46.907165025197038 ], [ -112.222645721340058, 46.907151420846148 ], [ -112.217371240538967, 46.907137618064922 ], [ -112.212096894762311, 46.907123927169529 ] ] ] } },
{ "type": "Feature", "properties": { "CountyName": "Lewis and Clark", "OwnerName_Grouped": "SIEBEN RANCH CO", "OwnerName": "SIEBEN RANCH COMPANY", "OwnerAddre": "PO BOX 1683", "OwnerAdd_1": null, "OwnerAdd_2": null, "OwnerCity": "HELENA", "OwnerState": "MT", "PropType": "Vacant Land", "TotalAcres": 554.8 }, "geometry": { "type": "Polygon", "coordinates": [ [ [ -112.274734106465388, 46.948075136197879 ], [ -112.274719376786166, 46.944461704995696 ], [ -112.274704656511901, 46.940848364356022 ], [ -112.274689923153531, 46.937234933811034 ], [ -112.274675197218514, 46.933621504742128 ], [ -112.279941444662938, 46.93360800330678 ], [ -112.285207542390694, 46.933594567332626 ], [ -112.290481682265337, 46.933585703610632 ], [ -112.290501674527917, 46.937206216953228 ], [ -112.290522090989001, 46.940826590111456 ], [ -112.295482008641457, 46.940819317344278 ], [ -112.295477115175601, 46.94444018325963 ], [ -112.295472102595184, 46.948061322937036 ], [ -112.290562433541353, 46.948063940804296 ], [ -112.285283289623479, 46.948067025953428 ], [ -112.280008886544252, 46.948071165249615 ], [ -112.274734106465388, 46.948075136197879 ] ] ] } },
{ "type": "Feature", "properties": { "CountyName": "Lewis and Clark", "OwnerName_Grouped": "SIEBEN RANCH CO", "OwnerName": "SIEBEN RANCH COMPANY", "OwnerAddre": "PO BOX 1683", "OwnerAdd_1": null, "OwnerAdd_2": null, "OwnerCity": "HELENA", "OwnerState": "MT", "PropType": "Vacant Land", "TotalAcres": 640.0 }, "geometry": { "type": "Polygon", "coordinates": [ [ [ -112.253719562334084, 46.94811207125241 ], [ -112.253701058288769, 46.944496755006753 ], [ -112.253682523105752, 46.940881319562635 ], [ -112.253663994544098, 46.937266064834624 ], [ -112.253645616916572, 46.933650626208312 ], [ -112.258902942591476, 46.933643417224062 ], [ -112.264160557462276, 46.933636197260753 ], [ -112.269418009531122, 46.933628895272832 ], [ -112.274675197218514, 46.933621504742128 ], [ -112.274689923153531, 46.937234933811034 ], [ -112.274704656511901, 46.940848364356022 ], [ -112.274719376786166, 46.944461704995696 ], [ -112.274734106465388, 46.948075136197879 ], [ -112.269480730566613, 46.94808452733146 ], [ -112.264226916636332, 46.948093659802801 ], [ -112.258973370097323, 46.948102848862121 ], [ -112.253719562334084, 46.94811207125241 ] ] ] } },
{ "type": "Feature", "properties": { "CountyName": "Lewis and Clark", "OwnerName_Grouped": "SIEBEN RANCH CO", "OwnerName": "SIEBEN RANCH COMPANY", "OwnerAddre": "PO BOX 1683", "OwnerAdd_1": null, "OwnerAdd_2": null, "OwnerCity": "HELENA", "OwnerState": "MT", "PropType": "Vacant Land", "TotalAcres": 480.0 }, "geometry": { "type": "Polygon", "coordinates": [ [ [ -112.24844573940635, 46.948116139584073 ], [ -112.248430480582158, 46.944501013303231 ], [ -112.248415203585623, 46.940885952129918 ], [ -112.243147888895194, 46.94089001683011 ], [ -112.24315989270923, 46.94450500011579 ], [ -112.237889494428742, 46.944509046592245 ], [ -112.232618781047734, 46.944512849604564 ], [ -112.23261317803636, 46.940897876925241 ], [ -112.232607676350739, 46.937282811571954 ], [ -112.232602329811399, 46.933667652271659 ], [ -112.237863105268303, 46.933663406909609 ], [ -112.243123881672759, 46.933659134718653 ], [ -112.24838456262863, 46.93365498121652 ], [ -112.253645616916572, 46.933650626208312 ], [ -112.253663994544098, 46.937266064834624 ], [ -112.253682523105752, 46.940881319562635 ], [ -112.253701058288769, 46.944496755006753 ], [ -112.253719562334084, 46.94811207125241 ], [ -112.24844573940635, 46.948116139584073 ] ] ] } },
{ "type": "Feature", "properties": { "CountyName": "Lewis and Clark", "OwnerName_Grouped": "SIEBEN RANCH CO", "OwnerName": "SIEBEN RANCH COMPANY", "OwnerAddre": "PO BOX 1683", "OwnerAdd_1": null, "OwnerAdd_2": null, "OwnerCity": "HELENA", "OwnerState": "MT", "PropType": "Improved Property", "TotalAcres": 0.181 }, "geometry": { "type": "Polygon", "coordinates": [ [ [ -112.034090025579488, 46.59303431342385 ], [ -112.034104743075517, 46.593016694029188 ], [ -112.034140279540637, 46.592975014178251 ], [ -112.034190283754171, 46.592915990652479 ], [ -112.034240545942794, 46.592856871288639 ], [ -112.034601246838704, 46.593001830349706 ], [ -112.034550990397264, 46.593061038907173 ], [ -112.034500742378626, 46.593120429167932 ], [ -112.034450344155687, 46.5931794607244 ], [ -112.034090025579488, 46.59303431342385 ] ] ] } },
{ "type": "Feature", "properties": { "CountyName": "Lewis and Clark", "OwnerName_Grouped": "SIEBEN RANCH CO", "OwnerName": "SIEBEN RANCH CO", "OwnerAddre": "PO BOX 1683", "OwnerAdd_1": null, "OwnerAdd_2": null, "OwnerCity": "HELENA", "OwnerState": "MT", "PropType": "Industrial Property", "TotalAcres": 589.18 }, "geometry": { "type": "Polygon", "coordinates": [ [ [ -112.232523092593894, 46.82052075022051 ], [ -112.232568883795452, 46.816879124924561 ], [ -112.232614927184812, 46.813237342372517 ], [ -112.232661508657017, 46.809595789303863 ], [ -112.232676293537139, 46.80843152998893 ], [ -112.232707696313852, 46.805953733330796 ], [ -112.238001376375323, 46.805893450730267 ], [ -112.243295180985925, 46.805833102917902 ], [ -112.248588477214852, 46.805773009549668 ], [ -112.253882207252417, 46.805712946198199 ], [ -112.253881530152768, 46.805794469083402 ], [ -112.253083661625581, 46.805815441829097 ], [ -112.251346925873349, 46.805834474919394 ], [ -112.251348513558412, 46.806385717799735 ], [ -112.253083926581212, 46.806363560294486 ], [ -112.253879404691844, 46.806352097740266 ], [ -112.253866895486581, 46.8093467216856 ], [ -112.253864783916285, 46.809863657772027 ], [ -112.253864299660407, 46.809979673331995 ], [ -112.253852303804791, 46.81287168315648 ], [ -112.253851859018269, 46.812980762764639 ], [ -112.253836297626492, 46.816614787929311 ], [ -112.253821251816703, 46.820248646850565 ], [ -112.24849655154209, 46.820316661119101 ], [ -112.243171446896596, 46.820384813675759 ], [ -112.237847139399861, 46.820453099938916 ], [ -112.232523092593894, 46.82052075022051 ] ], [ [ -112.237883948561134, 46.809762125273053 ], [ -112.238123900029919, 46.80928361915506 ], [ -112.236517013792636, 46.80837669737128 ], [ -112.235100811450607, 46.807839488852274 ], [ -112.234417993516615, 46.808717426151958 ], [ -112.234873234011772, 46.80895589694174 ], [ -112.235023630764957, 46.808988225242224 ], [ -112.23537304162835, 46.808966873272723 ], [ -112.235598160694508, 46.809008576286374 ], [ -112.235948913997717, 46.80926873127224 ], [ -112.236216261075114, 46.809645265702272 ], [ -112.236426890584227, 46.809696050112429 ], [ -112.236988855816605, 46.809618888438067 ], [ -112.237883948561134, 46.809762125273053 ] ] ] } },
{ "type": "Feature", "properties": { "CountyName": "Lewis and Clark", "OwnerName_Grouped": "SIEBEN RANCH CO", "OwnerName": "SIEBEN RANCH COMPANY", "OwnerAddre": "PO BOX 1683", "OwnerAdd_1": null, "OwnerAdd_2": null, "OwnerCity": "HELENA", "OwnerState": "MT", "PropType": "Vacant Land", "TotalAcres": 640.0 }, "geometry": { "type": "Polygon", "coordinates": [ [ [ -112.190596480897526, 46.991458634336041 ], [ -112.190588339794985, 46.98785080865229 ], [ -112.190580321875018, 46.984243367869325 ], [ -112.19057218506974, 46.980635632340011 ], [ -112.190564187372658, 46.977028075128636 ], [ -112.195839253600937, 46.977029290920669 ], [ -112.201113931887733, 46.977030577127984 ], [ -112.206388608443277, 46.977031894047691 ], [ -112.211663548315741, 46.977033174156681 ], [ -112.211668528437727, 46.980642909938474 ], [ -112.211673773519209, 46.984252612979923 ], [ -112.211678750584355, 46.987862257173489 ], [ -112.211684132513113, 46.991472161582365 ], [ -112.206412203017791, 46.991468587313129 ], [ -112.20114005286122, 46.991465313129829 ], [ -112.195868127401312, 46.991461827774245 ], [ -112.190596480897526, 46.991458634336041 ] ] ] } },
{ "type": "Feature", "properties": { "CountyName": "Lewis and Clark", "OwnerName_Grouped": "SIEBEN RANCH CO", "OwnerName": "SIEBEN LIVESTOCK COMPANY", "OwnerAddre": "PO BOX 835", "OwnerAdd_1": null, "OwnerAdd_2": null, "OwnerCity": "HELENA", "OwnerState": "MT", "PropType": "Vacant Land", "TotalAcres": 390.0 }, "geometry": { "type": "Polygon", "coordinates": [ [ [ -111.790192243301121, 47.040136733123049 ], [ -111.790192248076082, 47.040106027070244 ], [ -111.790192028362497, 47.03833452497237 ], [ -111.790191663231383, 47.036479392140954 ], [ -111.790191610161258, 47.034729855431181 ], [ -111.795459987361113, 47.034712391314208 ], [ -111.800728379354382, 47.034695017721894 ], [ -111.805996507331599, 47.034677651122308 ], [ -111.811264771094272, 47.034660369026739 ], [ -111.81127057059858, 47.038267710214875 ], [ -111.811276796132034, 47.041875044039678 ], [ -111.811282597310438, 47.045482412858817 ], [ -111.806010469346418, 47.045499144265683 ], [ -111.800738050604693, 47.045515655985682 ], [ -111.798101800523824, 47.04552394412466 ], [ -111.798089157550422, 47.04552401766918 ], [ -111.798099215978723, 47.041935468836847 ], [ -111.798099281073192, 47.041915477675957 ], [ -111.798098056079482, 47.040100758984337 ], [ -111.795462648473574, 47.040112718892047 ], [ -111.790192243301121, 47.040136733123049 ] ] ] } },
{ "type": "Feature", "properties": { "CountyName": "Lewis and Clark", "OwnerName_Grouped": "SIEBEN RANCH CO", "OwnerName": "SIEBEN LIVESTOCK COMPANY", "OwnerAddre": "PO BOX 835", "OwnerAdd_1": null, "OwnerAdd_2": null, "OwnerCity": "HELENA", "OwnerState": "MT", "PropType": "Vacant Land", "TotalAcres": 30.0 }, "geometry": { "type": "Polygon", "coordinates": [ [ [ -111.790192492083165, 47.043702986963872 ], [ -111.791060049513746, 47.04326306072732 ], [ -111.793702818438561, 47.043083761051982 ], [ -111.795647888916079, 47.046404548234129 ], [ -111.790886513896595, 47.046400699109896 ], [ -111.790193385359885, 47.04670341402857 ], [ -111.790192956587561, 47.045548431104443 ], [ -111.790192446242571, 47.043732702431896 ], [ -111.790192492083165, 47.043702986963872 ] ] ] } },
{ "type": "Feature", "properties": { "CountyName": "Lewis and Clark", "OwnerName_Grouped": "SIEBEN RANCH CO", "OwnerName": "SIEBEN RANCH CO", "OwnerAddre": "PO BOX 1683", "OwnerAdd_1": null, "OwnerAdd_2": null, "OwnerCity": "HELENA", "OwnerState": "MT", "PropType": "Vacant Land", "TotalAcres": 111.699 }, "geometry": { "type": "Polygon", "coordinates": [ [ [ -112.526126031252915, 46.987763315275117 ], [ -112.526611215649794, 46.987494113726164 ], [ -112.527170846331501, 46.98719172506992 ], [ -112.528251453393182, 46.986664457384698 ], [ -112.529375921738577, 46.986153839462794 ], [ -112.530547935372297, 46.985718343899002 ], [ -112.53089108417953, 46.985697846205568 ], [ -112.531973415633502, 46.985352876752074 ], [ -112.532325132245916, 46.985185043211118 ], [ -112.532674842379336, 46.985095155949409 ], [ -112.536107104004031, 46.984040030038464 ], [ -112.536320874168695, 46.983887553394936 ], [ -112.542845508795409, 46.981875023818588 ], [ -112.542846980205425, 46.982064056552993 ], [ -112.542852208339482, 46.982705343679953 ], [ -112.542861261339127, 46.984128691988246 ], [ -112.54289110614981, 46.987740224657699 ], [ -112.537979663258156, 46.987746574176882 ], [ -112.532686574662435, 46.98775384995092 ], [ -112.527393734878089, 46.987761022956889 ], [ -112.526126031252915, 46.987763315275117 ] ] ] } },
{ "type": "Feature", "properties": { "CountyName": "Lewis and Clark", "OwnerName_Grouped": "SIEBEN RANCH CO", "OwnerName": "SIEBEN RANCH CO", "OwnerAddre": "PO BOX 1683", "OwnerAdd_1": null, "OwnerAdd_2": null, "OwnerCity": "HELENA", "OwnerState": "MT", "PropType": "Improved Property", "TotalAcres": 267.0 }, "geometry": { "type": "Polygon", "coordinates": [ [ [ -112.520815329033226, 46.990933818187344 ], [ -112.522128343430822, 46.990191588130514 ], [ -112.522140958493523, 46.991371596829062 ], [ -112.522181148831095, 46.994974896580629 ], [ -112.522221585883344, 46.998578084151902 ], [ -112.522262770611192, 47.002233177152583 ], [ -112.522260540806116, 47.002233327916237 ], [ -112.51698107398056, 47.002236982115996 ], [ -112.511699219974773, 47.002240778139075 ], [ -112.506417605613592, 47.002244554769241 ], [ -112.501135581311615, 47.002248327273357 ], [ -112.501135576715129, 47.001914456978824 ], [ -112.501740355910101, 47.001604195003978 ], [ -112.501995420209141, 47.001572547841498 ], [ -112.502910564421995, 47.001106139091988 ], [ -112.502951393512902, 47.000963054901753 ], [ -112.507009077251524, 46.998801550366522 ], [ -112.509068908538126, 46.997695314235052 ], [ -112.509151623212048, 46.997602951879415 ], [ -112.511205737496752, 46.99641759600641 ], [ -112.51342271853197, 46.99513151353483 ], [ -112.513538924574291, 46.995093878527797 ], [ -112.513737259860847, 46.994994073569615 ], [ -112.515116694197147, 46.994188771029513 ], [ -112.515501462328487, 46.994095409037293 ], [ -112.518505710353153, 46.992338759218342 ], [ -112.518729646640651, 46.992306043508108 ], [ -112.5199346603208, 46.991574753275621 ], [ -112.52003300195976, 46.99137599120214 ], [ -112.520815329033226, 46.990933818187344 ] ] ] } },
{ "type": "Feature", "properties": { "CountyName": "Lewis and Clark", "OwnerName_Grouped": "SIEBEN RANCH CO", "OwnerName": "SIEBEN RANCH CO", "OwnerAddre": "PO BOX 1683", "OwnerAdd_1": null, "OwnerAdd_2": null, "OwnerCity": "HELENA", "OwnerState": "MT", "PropType": "Vacant Land", "TotalAcres": 320.0 }, "geometry": { "type": "Polygon", "coordinates": [ [ [ -112.190922358023457, 46.870909151316972 ], [ -112.190917094423767, 46.867271755882555 ], [ -112.190909324446451, 46.863632986735162 ], [ -112.196166657860815, 46.863629576691451 ], [ -112.201424023610258, 46.863626346219334 ], [ -112.206681351291707, 46.863622782731817 ], [ -112.21193813431546, 46.863619464758628 ], [ -112.211961878648012, 46.867260757879656 ], [ -112.21198494381278, 46.870902059158823 ], [ -112.190922358023457, 46.870909151316972 ] ] ] } },
{ "type": "Feature", "properties": { "CountyName": "Lewis and Clark", "OwnerName_Grouped": "SIEBEN RANCH CO", "OwnerName": "SIEBEN RANCH CO", "OwnerAddre": "PO BOX 1683", "OwnerAdd_1": null, "OwnerAdd_2": null, "OwnerCity": "HELENA", "OwnerState": "MT", "PropType": "Vacant Land", "TotalAcres": 19.843 }, "geometry": { "type": "Polygon", "coordinates": [ [ [ -112.490621816220951, 47.000504919289178 ], [ -112.490611021493379, 46.998688963334025 ], [ -112.490740989359566, 46.998688391238211 ], [ -112.495868681745648, 46.99866227921806 ], [ -112.495876436196951, 47.000486483983593 ], [ -112.495849178347967, 47.000487371428335 ], [ -112.493430382051059, 47.000495519824497 ], [ -112.493375454892984, 47.000495704623447 ], [ -112.490621816220951, 47.000504919289178 ] ] ] } },
{ "type": "Feature", "properties": { "CountyName": "Lewis and Clark", "OwnerName_Grouped": "SIEBEN RANCH CO", "OwnerName": "SIEBEN RANCH CO", "OwnerAddre": "PO BOX 1683", "OwnerAdd_1": null, "OwnerAdd_2": null, "OwnerCity": "HELENA", "OwnerState": "MT", "PropType": "Vacant Land", "TotalAcres": 127.317 }, "geometry": { "type": "MultiPolygon", "coordinates": [ [ [ [ -112.487974390718222, 46.998700536883184 ], [ -112.487965946618999, 46.996890694616972 ], [ -112.49060066954415, 46.996879108446983 ], [ -112.490589793792779, 46.995069266708498 ], [ -112.495853206066769, 46.995045809476082 ], [ -112.501116616069069, 46.995022199355532 ], [ -112.501126227843471, 46.998635266432615 ], [ -112.501134823679791, 47.001276698423524 ], [ -112.499285364659229, 47.002254309399326 ], [ -112.4976761183147, 47.002259498148781 ], [ -112.497474806811553, 47.002260133467388 ], [ -112.496596437153158, 47.002262880926651 ], [ -112.495946175221107, 47.002264849052686 ], [ -112.4958839748478, 47.002264994833183 ], [ -112.495878740478446, 47.001029333696508 ], [ -112.495876436196951, 47.000486483983593 ], [ -112.495868681745648, 46.99866227921806 ], [ -112.490740989359566, 46.998688391238211 ], [ -112.490611021493379, 46.998688963334025 ], [ -112.487974390718222, 46.998700536883184 ] ] ], [ [ [ -112.500484585616121, 47.002250566508657 ], [ -112.501135576715129, 47.001914456978824 ], [ -112.501135581311615, 47.002248327273357 ], [ -112.500484585616121, 47.002250566508657 ] ] ] ] } },
{ "type": "Feature", "properties": { "CountyName": "Lewis and Clark", "OwnerName_Grouped": "SIEBEN RANCH CO", "OwnerName": "SIEBEN RANCH COMPANY", "OwnerAddre": "PO BOX 1683", "OwnerAdd_1": null, "OwnerAdd_2": null, "OwnerCity": "HELENA", "OwnerState": "MT", "PropType": "Improved Property", "TotalAcres": 552.0 }, "geometry": { "type": "MultiPolygon", "coordinates": [ [ [ [ -112.11850015508972, 46.892277199665024 ], [ -112.121606844985166, 46.89229116860966 ], [ -112.12693451275203, 46.892315121162923 ], [ -112.126896486199428, 46.895945937890332 ], [ -112.126868402630677, 46.898625722825912 ], [ -112.126866121640703, 46.898843523826088 ], [ -112.124491776498118, 46.902217146837579 ], [ -112.124448376508823, 46.902024562828679 ], [ -112.124165554170219, 46.900769526054134 ], [ -112.122979790182626, 46.899143491467306 ], [ -112.12245636060095, 46.89826672233405 ], [ -112.12225818693517, 46.897701660013496 ], [ -112.121351741804091, 46.896094914052192 ], [ -112.121198400775313, 46.896037458244805 ], [ -112.119654366216793, 46.893421724429444 ], [ -112.119538064051895, 46.893266432937963 ], [ -112.119413394202809, 46.89311422300289 ], [ -112.119280530212407, 46.892965306417672 ], [ -112.119139657020739, 46.892819890391515 ], [ -112.118990970707515, 46.892678177261104 ], [ -112.118834678218946, 46.892540364209253 ], [ -112.118670997079633, 46.892406642990608 ], [ -112.11850015508972, 46.892277199665024 ] ] ], [ [ [ -112.105625802348996, 46.895826935410852 ], [ -112.105624669583264, 46.892218854964256 ], [ -112.110952327422339, 46.892242996086125 ], [ -112.116279339312982, 46.892267149550385 ], [ -112.116607578270077, 46.892268629718451 ], [ -112.116761821915119, 46.892398831273162 ], [ -112.11690937989701, 46.892532624825527 ], [ -112.117050074313894, 46.892669849114426 ], [ -112.117183735532677, 46.892810338742358 ], [ -112.117310202393611, 46.892953924374794 ], [ -112.117429322404689, 46.893100432944181 ], [ -112.117970030637409, 46.893801128724405 ], [ -112.11862661167693, 46.894828963029696 ], [ -112.118695613176271, 46.89510796251291 ], [ -112.119340644460678, 46.896117062044404 ], [ -112.119645034359806, 46.896381576058658 ], [ -112.121066420975509, 46.898556883259786 ], [ -112.121396431650979, 46.899363919788364 ], [ -112.121721158289745, 46.899860845319623 ], [ -112.121817291273047, 46.900209292095767 ], [ -112.121500762767411, 46.901040629100777 ], [ -112.121545213491913, 46.901156764270667 ], [ -112.121579673886643, 46.901274483150686 ], [ -112.121604025803933, 46.901393382366429 ], [ -112.121618185731847, 46.901513054496348 ], [ -112.121622105081215, 46.90163308946768 ], [ -112.121615770353131, 46.901753075961587 ], [ -112.121599203186065, 46.901872602822657 ], [ -112.121572460282735, 46.901991260467753 ], [ -112.121535633216652, 46.902108642289598 ], [ -112.121488848119313, 46.902224346050168 ], [ -112.121432265248714, 46.902337975259222 ], [ -112.121366078441184, 46.902449140532973 ], [ -112.121290514447765, 46.902557460928804 ], [ -112.121205832157983, 46.902662565250516 ], [ -112.121112321713198, 46.902764093320926 ], [ -112.119878985094431, 46.902914267707963 ], [ -112.118429281412176, 46.903520089677201 ], [ -112.117598760173024, 46.903945439931711 ], [ -112.117453574892821, 46.904147210688613 ], [ -112.11731615701855, 46.904351520780146 ], [ -112.117186601097359, 46.904558229767957 ], [ -112.117064996275388, 46.904767195563132 ], [ -112.116951426236312, 46.904978274523771 ], [ -112.117511643824585, 46.90583118959173 ], [ -112.118362979243798, 46.906530252436852 ], [ -112.118171737422074, 46.906746873053791 ], [ -112.115982138788667, 46.906723383601914 ], [ -112.115685045546499, 46.906721120789797 ], [ -112.110805035608479, 46.90668706095758 ], [ -112.110390155462071, 46.906684243888684 ], [ -112.105628197571306, 46.906650894163427 ], [ -112.105627368337281, 46.903042989710833 ], [ -112.105626502960135, 46.899434932036321 ], [ -112.105625802348996, 46.895826935410852 ] ] ], [ [ [ -112.123941953066137, 46.90366221980662 ], [ -112.126859362029876, 46.899480862056478 ], [ -112.126858330518132, 46.899576877188096 ], [ -112.126820296048464, 46.903207604571591 ], [ -112.126807509570398, 46.906838233946878 ], [ -112.121382185516893, 46.906781030033478 ], [ -112.120985180264256, 46.906776816392899 ], [ -112.120820712312508, 46.906775063479891 ], [ -112.121569330003723, 46.90556256112734 ], [ -112.121660999046384, 46.905442017172106 ], [ -112.121761492197379, 46.905324823492201 ], [ -112.121870549443898, 46.905211283244668 ], [ -112.121987888624773, 46.905101690134089 ], [ -112.122113206160776, 46.904996327652789 ], [ -112.122246177840239, 46.904895468347796 ], [ -112.122386459657946, 46.904799373116099 ], [ -112.122533688705118, 46.904708290529854 ], [ -112.122972697942942, 46.904456025558702 ], [ -112.123118583951083, 46.904372518397402 ], [ -112.123258081667927, 46.904284032329265 ], [ -112.123390829780377, 46.904190796562517 ], [ -112.123516484464304, 46.90409305260745 ], [ -112.12363472027522, 46.903991053650707 ], [ -112.123745230990949, 46.903885063899153 ], [ -112.123847730404705, 46.903775357895448 ], [ -112.123941953066137, 46.90366221980662 ] ] ] ] } },
{ "type": "Feature", "properties": { "CountyName": "Lewis and Clark", "OwnerName_Grouped": "SIEBEN RANCH CO", "OwnerName": "SIEBEN RANCH COMPANY", "OwnerAddre": "PO BOX 1683", "OwnerAdd_1": null, "OwnerAdd_2": null, "OwnerCity": "HELENA", "OwnerState": "MT", "PropType": "Vacant Land", "TotalAcres": 233.93 }, "geometry": { "type": "MultiPolygon", "coordinates": [ [ [ [ -112.126896486199428, 46.895945937890332 ], [ -112.12693451275203, 46.892315121162923 ], [ -112.128943081775077, 46.892315563887372 ], [ -112.128715226118629, 46.894811326084287 ], [ -112.128689552633389, 46.895045596357704 ], [ -112.128654538519243, 46.895279297443693 ], [ -112.128610209868285, 46.895512254378346 ], [ -112.128556599747284, 46.895744292752582 ], [ -112.128493748173327, 46.895975238842773 ], [ -112.128421702084125, 46.896204919740853 ], [ -112.128340515303321, 46.896433163483813 ], [ -112.128250248500393, 46.89665979918243 ], [ -112.128150969145764, 46.896884657149407 ], [ -112.128042751460427, 46.897107569026275 ], [ -112.127925676360718, 46.89732836790963 ], [ -112.126866121640703, 46.898843523826088 ], [ -112.126868402630677, 46.898625722825912 ], [ -112.126896486199428, 46.895945937890332 ] ] ], [ [ [ -112.129113892788538, 46.894836096914858 ], [ -112.129348499153068, 46.892315598417788 ], [ -112.132254956591439, 46.892315026378789 ], [ -112.13757556913977, 46.892315016768976 ], [ -112.137582041645572, 46.89596055124084 ], [ -112.137588356610308, 46.899605640816723 ], [ -112.137594830596328, 46.903250738373075 ], [ -112.132207628051873, 46.903229296010032 ], [ -112.126820296048464, 46.903207604571591 ], [ -112.126858330518132, 46.899576877188096 ], [ -112.126859362029876, 46.899480862056478 ], [ -112.128294322245353, 46.897436214548513 ], [ -112.128415694102671, 46.897208177405773 ], [ -112.12852790323943, 46.896977946026759 ], [ -112.128630865488546, 46.896745693348713 ], [ -112.128724503631759, 46.89651159382489 ], [ -112.12880874745737, 46.896275823293585 ], [ -112.128883533812555, 46.896038558845859 ], [ -112.12894880665047, 46.89579997869258 ], [ -112.129004517072005, 46.895560262030465 ], [ -112.129050623362104, 46.895319588907476 ], [ -112.129087091020764, 46.89507814008757 ], [ -112.129113892788538, 46.894836096914858 ] ] ] ] } },
{ "type": "Feature", "properties": { "CountyName": "Lewis and Clark", "OwnerName_Grouped": "SIEBEN RANCH CO", "OwnerName": "SIEBEN RANCH COMPANY", "OwnerAddre": "PO BOX 1683", "OwnerAdd_1": null, "OwnerAdd_2": null, "OwnerCity": "HELENA", "OwnerState": "MT", "PropType": "Improved Property", "TotalAcres": 181.09 }, "geometry": { "type": "MultiPolygon", "coordinates": [ [ [ [ -112.427066307436334, 46.998808835987319 ], [ -112.427065738036106, 46.998176060258693 ], [ -112.428142389412457, 46.998574032270007 ], [ -112.428456119963656, 46.998638870022134 ], [ -112.428989858540291, 46.998830586724502 ], [ -112.427066422017404, 46.998843382705559 ], [ -112.427066307436334, 46.998808835987319 ] ] ], [ [ [ -112.427065174662999, 46.997698393430689 ], [ -112.427062153538088, 46.995222313951984 ], [ -112.427060844510862, 46.994304595572956 ], [ -112.427059583398488, 46.993406688369113 ], [ -112.437719988711891, 46.993356587879788 ], [ -112.43772005043391, 46.993357665330784 ], [ -112.437722116463661, 46.995162698170304 ], [ -112.437724736042185, 46.998774702394407 ], [ -112.437727506420785, 47.002386878860044 ], [ -112.436911098911111, 47.002389979848104 ], [ -112.429411024026038, 46.998604778951076 ], [ -112.428949220664848, 46.998414715415784 ], [ -112.428483645821458, 46.998229010472762 ], [ -112.4280143873779, 46.998047699160644 ], [ -112.427541533908425, 46.997870815688749 ], [ -112.427065174662999, 46.997698393430689 ] ], [ [ -112.436169042630169, 46.99722616917839 ], [ -112.435508086022054, 46.996950981659346 ], [ -112.435273574505104, 46.997139618988022 ], [ -112.435242675217808, 46.997164477289488 ], [ -112.435552451049944, 46.997342187621229 ], [ -112.435828146100135, 46.997500362675154 ], [ -112.436169042630169, 46.99722616917839 ] ] ] ] } },
{ "type": "Feature", "properties": { "CountyName": "Lewis and Clark", "OwnerName_Grouped": "SIEBEN RANCH CO", "OwnerName": "SIEBEN RANCH COMPANY", "OwnerAddre": "PO BOX 1683", "OwnerAdd_1": null, "OwnerAdd_2": null, "OwnerCity": "HELENA", "OwnerState": "MT", "PropType": "Vacant Land", "TotalAcres": 452.95 }, "geometry": { "type": "MultiPolygon", "coordinates": [ [ [ [ -112.42188450032792, 46.995534599941628 ], [ -112.41809004351434, 46.993547865103245 ], [ -112.417859018926364, 46.993456171850632 ], [ -112.417624136952995, 46.993369187921623 ], [ -112.417385602585938, 46.993286989224337 ], [ -112.417143624001341, 46.993209647490652 ], [ -112.416898412378117, 46.993137230213584 ], [ -112.416650181713877, 46.993069800588586 ], [ -112.416399148638249, 46.993007417458337 ], [ -112.416395149119808, 46.99163342986305 ], [ -112.416394635779994, 46.991413428125448 ], [ -112.416389912945235, 46.987981229225063 ], [ -112.421721464306898, 46.987970591412505 ], [ -112.427053331209407, 46.987959858359105 ], [ -112.432384863802795, 46.987949133143466 ], [ -112.437716881605965, 46.987938310104127 ], [ -112.437719494914958, 46.991550505341444 ], [ -112.437719988711891, 46.993356587879788 ], [ -112.427059583398488, 46.993406688369113 ], [ -112.427060844510862, 46.994304595572956 ], [ -112.427062153538088, 46.995222313951984 ], [ -112.427065174662999, 46.997698393430689 ], [ -112.424045156224665, 46.996604379273805 ], [ -112.423736336755681, 46.996385546522902 ], [ -112.42276162305447, 46.996000614909178 ], [ -112.422472192879283, 46.995842693403652 ], [ -112.422179802327349, 46.995687346420226 ], [ -112.42188450032792, 46.995534599941628 ] ] ], [ [ [ -112.4164362176342, 46.998710954056158 ], [ -112.416401705987852, 46.995281027213416 ], [ -112.416401309285305, 46.995060533563958 ], [ -112.416400339813634, 46.993487289189019 ], [ -112.417757510687949, 46.993809463067649 ], [ -112.420368279855481, 46.995137622378259 ], [ -112.422115712728555, 46.996093566395302 ], [ -112.422173676655561, 46.996140641484061 ], [ -112.42154158165313, 46.996629530596763 ], [ -112.421428580088318, 46.99671690848178 ], [ -112.422481926666364, 46.997229386861399 ], [ -112.423208291118812, 46.996612610955395 ], [ -112.424296899790235, 46.996946899975946 ], [ -112.42482003938396, 46.99731723681662 ], [ -112.427065738036106, 46.998176060258693 ], [ -112.427066307436334, 46.998808835987319 ], [ -112.427066422017404, 46.998843382705559 ], [ -112.428989858540291, 46.998830586724502 ], [ -112.430540884648508, 46.999497658966206 ], [ -112.436347875731059, 47.002392119185998 ], [ -112.432409130155378, 47.002404344059514 ], [ -112.427070767351111, 47.002421879678295 ], [ -112.421784449243518, 47.002414172855744 ], [ -112.416498400065009, 47.002406369161285 ], [ -112.416498341930435, 47.00230348876493 ], [ -112.416436259627233, 46.998885906141211 ], [ -112.4164362176342, 46.998710954056158 ] ] ] ] } },
{ "type": "Feature", "properties": { "CountyName": "Yellowstone", "OwnerName_Grouped": "SIEBEN RANCH CO", "OwnerName": "SIEBEN RANCH COMPANY", "OwnerAddre": "PO BOX 1683", "OwnerAdd_1": null, "OwnerAdd_2": null, "OwnerCity": "HELENA", "OwnerState": "MT", "PropType": "Non-Valued Property", "TotalAcres": 0.0 }, "geometry": { "type": "Polygon", "coordinates": [ [ [ -108.548743120862625, 45.785933896410157 ], [ -108.548742981900233, 45.785916629178594 ], [ -108.548742845526249, 45.785899361068928 ], [ -108.54874270657956, 45.785882092937463 ], [ -108.548742568919351, 45.785864824817011 ], [ -108.548742431259342, 45.785847556696616 ], [ -108.548742293630553, 45.785830286776267 ], [ -108.548742154668602, 45.78581301954501 ], [ -108.54874201829513, 45.785795751435721 ], [ -108.548741879349052, 45.785778483304618 ], [ -108.548741741689369, 45.785761215184493 ], [ -108.548741605316167, 45.785743947075353 ], [ -108.548741466370373, 45.7857266789444 ], [ -108.548741329997327, 45.785709410835395 ], [ -108.548741191051604, 45.785692142704555 ], [ -108.548741053392348, 45.785674874584736 ], [ -108.548740915733291, 45.785657606464937 ], [ -108.548740778074219, 45.785640338345218 ], [ -108.548740639144455, 45.785623069314632 ], [ -108.548740502771935, 45.785605801205961 ], [ -108.548740363826823, 45.78558853307549 ], [ -108.548740226168107, 45.785571264955998 ], [ -108.548740089795857, 45.785553996847469 ], [ -108.548739950851001, 45.785536728717162 ], [ -108.548739811453004, 45.785519264357511 ], [ -108.548739672039474, 45.785501800897862 ], [ -108.548739531370884, 45.785484335627395 ], [ -108.548739391988789, 45.785466870367941 ], [ -108.548739252575615, 45.785449406908491 ], [ -108.548739114464453, 45.785431942560038 ], [ -108.548738975082614, 45.785414477300726 ], [ -108.54873883566961, 45.785397013841468 ], [ -108.54873869500156, 45.785379548571363 ], [ -108.548738555604373, 45.785362084212217 ], [ -108.548738416207357, 45.785344619853106 ], [ -108.54873827681034, 45.785327155494095 ], [ -108.548738138715422, 45.785309690246088 ], [ -108.548737996761432, 45.785292224965346 ], [ -108.548737858635434, 45.785274761517385 ], [ -108.548737719238773, 45.785257297158616 ], [ -108.548737579857928, 45.785239831899879 ], [ -108.548737440445819, 45.785222368441211 ], [ -108.548737301065046, 45.785204903182596 ], [ -108.548737160382359, 45.785187438813125 ], [ -108.548737020970506, 45.785169975354606 ], [ -108.548736882876383, 45.785152510107103 ], [ -108.54873674931882, 45.78513596931861 ], [ -108.548736618333905, 45.785119428552008 ], [ -108.548736484807748, 45.785102885963596 ], [ -108.548736353823088, 45.785086345197129 ], [ -108.548736221552133, 45.785069804419727 ], [ -108.548755827007625, 45.785069818894932 ], [ -108.548775432431995, 45.785069835166681 ], [ -108.548795037887629, 45.785069849635029 ], [ -108.548820606411041, 45.785069868860596 ], [ -108.548846176205316, 45.785069888991231 ], [ -108.548871743442476, 45.785069908194195 ], [ -108.548897311950313, 45.785069928302249 ], [ -108.548922881760262, 45.785069947515389 ], [ -108.548948450268156, 45.785069967611726 ], [ -108.54897401752099, 45.785069985891369 ], [ -108.548999587299761, 45.785070006886947 ], [ -108.549025155838933, 45.785070025165808 ], [ -108.549050723044985, 45.785070046127856 ], [ -108.549076292870581, 45.785070064405986 ], [ -108.549101861378659, 45.785070084467293 ], [ -108.549127431188666, 45.785070103633707 ], [ -108.549152999712405, 45.785070122783374 ], [ -108.54917856693416, 45.785070142816231 ], [ -108.549204136744223, 45.78507016196513 ], [ -108.549229705252387, 45.785070181997263 ], [ -108.549255272505434, 45.785070200212637 ], [ -108.549280843570699, 45.785070221154911 ], [ -108.549306410823775, 45.785070239358639 ], [ -108.549331979316321, 45.785070260267389 ], [ -108.549357549142186, 45.785070278481257 ], [ -108.549383116364098, 45.785070298467431 ], [ -108.549408684887908, 45.785070317558699 ], [ -108.549434254682623, 45.785070337555005 ], [ -108.549459823206476, 45.785070356634591 ], [ -108.549485390444062, 45.785070375697394 ], [ -108.549510960238834, 45.785070395676229 ], [ -108.549536528762744, 45.785070414738293 ], [ -108.549562095984783, 45.785070434683554 ], [ -108.5495876670971, 45.785070452855813 ], [ -108.54961323430355, 45.785070473689409 ], [ -108.549638804129629, 45.785070491839043 ], [ -108.549664372638006, 45.785070511771892 ], [ -108.549689939875748, 45.785070530787991 ], [ -108.549715509670563, 45.785070550720071 ], [ -108.549741078194714, 45.78507056973541 ], [ -108.549766646718879, 45.785070588744929 ], [ -108.549792216513737, 45.78507060865951 ], [ -108.549817783751564, 45.785070627646419 ], [ -108.549843352260183, 45.785070647538376 ], [ -108.549868922086318, 45.78507066563548 ], [ -108.549894489292967, 45.785070686404822 ], [ -108.549920057832765, 45.785070704479303 ], [ -108.549945627612232, 45.785070725258826 ], [ -108.549971196152043, 45.785070743321597 ], [ -108.549996763374395, 45.785070763167646 ], [ -108.550022333185126, 45.785070782129672 ], [ -108.550047901693787, 45.785070801974904 ], [ -108.55007347021818, 45.785070820914342 ], [ -108.550099040028854, 45.785070839858832 ], [ -108.550124607251291, 45.785070859675692 ], [ -108.550150177062108, 45.785070878608508 ], [ -108.550175745570868, 45.78507089842455 ], [ -108.550201312824555, 45.785070916423912 ], [ -108.550226883890517, 45.785070937150095 ], [ -108.550252451144246, 45.785070955137734 ], [ -108.550278019653163, 45.785070974930449 ], [ -108.550303589463994, 45.785070993828235 ], [ -108.550329156686587, 45.785071013598326 ], [ -108.550354725211164, 45.785071032473532 ], [ -108.550380295006434, 45.785071052253784 ], [ -108.550405863531054, 45.785071071117308 ], [ -108.550405639150128, 45.78508401919666 ], [ -108.550405414753499, 45.785096968176056 ], [ -108.550380453625706, 45.78509411909652 ], [ -108.550355496328578, 45.785091271844102 ], [ -108.550330536476778, 45.785088423664327 ], [ -108.550305575341284, 45.785085575468074 ], [ -108.550280618067418, 45.785082727298992 ], [ -108.55025565823901, 45.785079878202545 ], [ -108.550230699668447, 45.785077030911417 ], [ -108.550205739845225, 45.785074181803829 ], [ -108.550201684218734, 45.785090016456948 ], [ -108.550197629876266, 45.785105851120903 ], [ -108.550193574229382, 45.78512168667384 ], [ -108.550189521168619, 45.785137521348503 ], [ -108.55018546553265, 45.785153356001231 ], [ -108.550167694599921, 45.785153345640452 ], [ -108.550143193778666, 45.785153332181736 ], [ -108.550118692973115, 45.785153317817688 ], [ -108.550094193438383, 45.785153304359177 ], [ -108.550069692617257, 45.785153290884374 ], [ -108.550045191811648, 45.785153276504218 ], [ -108.550020692276945, 45.785153263029628 ], [ -108.549996192773449, 45.78515324774969 ], [ -108.54997169195228, 45.78515323425345 ], [ -108.549947191146813, 45.785153219851871 ], [ -108.549922690325786, 45.785153206344873 ], [ -108.549898192108628, 45.785153191054427 ], [ -108.549873691287601, 45.785153177536749 ], [ -108.549849190482206, 45.785153163113684 ], [ -108.549824689661207, 45.785153149585284 ], [ -108.549800188871345, 45.785153134251551 ], [ -108.54977568805036, 45.785153120712415 ], [ -108.549776274033235, 45.78517074367759 ], [ -108.549776856172969, 45.785188365710056 ], [ -108.549777440854598, 45.785205989564432 ], [ -108.549778024265848, 45.785223612507934 ], [ -108.549778608979452, 45.785241234562406 ], [ -108.549779192375837, 45.785258858406017 ], [ -108.549779777074491, 45.785276481360619 ], [ -108.54978036047163, 45.785294105204336 ], [ -108.54978094518674, 45.78531172725905 ], [ -108.549781529886616, 45.785329350213821 ], [ -108.549782113284891, 45.785346974057717 ], [ -108.549782698001124, 45.785364596112586 ], [ -108.549783281415742, 45.785382219056594 ], [ -108.549783866101521, 45.78539984291158 ], [ -108.549784449532496, 45.785417464955707 ], [ -108.549785034218928, 45.785435088810821 ], [ -108.54976695700114, 45.785435523145644 ], [ -108.549748878496771, 45.785435957466618 ], [ -108.549730801278415, 45.785436391795628 ], [ -108.54973104370174, 45.785453200840237 ], [ -108.549731286109704, 45.785470010784906 ], [ -108.549731527247047, 45.785486819818757 ], [ -108.549731769670913, 45.785503628863516 ], [ -108.54973201335001, 45.785520439719242 ], [ -108.549732254487793, 45.785537248753243 ], [ -108.54973245269656, 45.785550969120955 ], [ -108.549732649634635, 45.785564688577828 ], [ -108.549732847874807, 45.785578407145699 ], [ -108.549733046083858, 45.785592127513524 ], [ -108.549733294708105, 45.785609320961321 ], [ -108.549733540775307, 45.785626513487323 ], [ -108.549733789399752, 45.78564370693519 ], [ -108.549734038055576, 45.78566089858316 ], [ -108.549734285409642, 45.785678091120253 ], [ -108.549734534034641, 45.785695284568327 ], [ -108.549734650909826, 45.785711172628282 ], [ -108.54973476519676, 45.785727061566497 ], [ -108.549734882056541, 45.785742950526554 ], [ -108.549734997630011, 45.785758839475783 ], [ -108.549735114505552, 45.785774727535937 ], [ -108.549735228777138, 45.785790617374296 ], [ -108.54973534565282, 45.785806505434579 ], [ -108.549758167922946, 45.785806363413784 ], [ -108.54978099406766, 45.785806220521089 ], [ -108.549805495885224, 45.785806045040431 ], [ -108.54983000032216, 45.785805866876302 ], [ -108.549854502139411, 45.785805691384951 ], [ -108.549879006560417, 45.785805514110045 ], [ -108.549903510965649, 45.785805337729812 ], [ -108.549928015386342, 45.785805160444227 ], [ -108.549952519791361, 45.785804984053236 ], [ -108.549977022925333, 45.785804806746 ], [ -108.550001526027955, 45.785804631233368 ], [ -108.550026030463698, 45.785804453026337 ], [ -108.550050532279599, 45.785804277492048 ], [ -108.55007503669934, 45.785804100174289 ], [ -108.550099541103421, 45.785803923751132 ], [ -108.550124045522836, 45.785803746422616 ], [ -108.5501485473538, 45.78580356996688 ], [ -108.550173051772902, 45.785803392627699 ], [ -108.550197556160654, 45.785803217083036 ], [ -108.550222059277445, 45.785803040622149 ], [ -108.550246563696163, 45.785802863266845 ], [ -108.550271068099036, 45.78580268680615 ], [ -108.550295572486164, 45.785802511240057 ], [ -108.550320074347212, 45.785802332946837 ], [ -108.550344578734013, 45.78580215737005 ], [ -108.550369083151864, 45.785801979987873 ], [ -108.550393587553941, 45.78580180350037 ], [ -108.550418091971466, 45.785801626107521 ], [ -108.55044259380054, 45.78580144958746 ], [ -108.550467098217737, 45.785801272183839 ], [ -108.550491602603685, 45.785801096574886 ], [ -108.550516104463384, 45.785800918238756 ], [ -108.55054060884892, 45.785800742619067 ], [ -108.550565113265577, 45.785800565194002 ], [ -108.550564967180563, 45.785783230400789 ], [ -108.550564823668523, 45.785765895629488 ], [ -108.550564677583779, 45.785748560836396 ], [ -108.550564532801019, 45.785731225154301 ], [ -108.55056438927366, 45.785713891283145 ], [ -108.550564243173596, 45.785696557390224 ], [ -108.550564097104726, 45.785679221697393 ], [ -108.550563953593226, 45.785661886926405 ], [ -108.550563807524625, 45.785644551233695 ], [ -108.550563663997622, 45.78562721736283 ], [ -108.550563519215601, 45.785609881681147 ], [ -108.550563373116006, 45.785592547788575 ], [ -108.550563259568321, 45.785578829942196 ], [ -108.550563144718822, 45.785565112984941 ], [ -108.550563031171251, 45.785551395138661 ], [ -108.550562917623736, 45.785537677292432 ], [ -108.550562771134949, 45.785520217380387 ], [ -108.550562625917024, 45.785502758379316 ], [ -108.550562479412832, 45.785485299367402 ], [ -108.550562334210696, 45.78546783946647 ], [ -108.550562187706774, 45.785450380454655 ], [ -108.550562039900854, 45.785432922332014 ], [ -108.550561894683412, 45.785415463331233 ], [ -108.550561748195364, 45.785398003419594 ], [ -108.550561602978121, 45.785380544418935 ], [ -108.550561456490144, 45.785363084507459 ], [ -108.550561311273071, 45.78534562550692 ], [ -108.550561164785293, 45.785328165595523 ], [ -108.550561019568406, 45.785310706595126 ], [ -108.550560873065336, 45.78529324758383 ], [ -108.550560727864223, 45.785275787683538 ], [ -108.550560581361211, 45.78525832867237 ], [ -108.550560433556441, 45.785240870550361 ], [ -108.550560288340009, 45.785223411550227 ], [ -108.550560141852898, 45.785205951639263 ], [ -108.55055999663665, 45.785188492639243 ], [ -108.550559851436105, 45.785171032739285 ], [ -108.550559704933661, 45.785153573728472 ], [ -108.55056012550429, 45.785137097054204 ], [ -108.550560543517591, 45.785120619458127 ], [ -108.550560962801327, 45.785104142773022 ], [ -108.550561382100497, 45.78508766518798 ], [ -108.550561801383736, 45.785071188502947 ], [ -108.550587444532894, 45.785071207057804 ], [ -108.550613088952773, 45.785071226517651 ], [ -108.550638730799989, 45.785071245949801 ], [ -108.550664372662723, 45.785071264476102 ], [ -108.550690017082644, 45.785071283918334 ], [ -108.550715660216298, 45.785071303343763 ], [ -108.550741302079189, 45.785071321852442 ], [ -108.550766946499166, 45.785071341277046 ], [ -108.550792588346397, 45.78507136067396 ], [ -108.550818231464547, 45.785071380975921 ], [ -108.550843873327494, 45.785071399461089 ], [ -108.550869517747543, 45.785071418862209 ], [ -108.550895159594944, 45.785071438235633 ], [ -108.55092080274423, 45.785071456714128 ], [ -108.550946447164335, 45.785071476097606 ], [ -108.550972089011793, 45.78507149545343 ], [ -108.550997730874855, 45.785071513903354 ], [ -108.551023375295017, 45.785071533269225 ], [ -108.551049018428813, 45.785071552618312 ], [ -108.551049156644027, 45.785088013327034 ], [ -108.551049298749646, 45.7851044722685 ], [ -108.551049436965044, 45.785120932977328 ], [ -108.551049579055231, 45.78513739281896 ], [ -108.5510497172708, 45.785153853527838 ], [ -108.55104986523132, 45.785171311648952 ], [ -108.551050014493811, 45.785188768881021 ], [ -108.551050163740797, 45.78520622701312 ], [ -108.551050311701601, 45.785223685134362 ], [ -108.551050459662406, 45.78524114325571 ], [ -108.551050607654574, 45.785258599577105 ], [ -108.551050758188339, 45.785276057720338 ], [ -108.551050906149428, 45.785293515841865 ], [ -108.551051054110701, 45.785310973963412 ], [ -108.551051202071989, 45.785328432084995 ], [ -108.551051350048937, 45.785345889306683 ], [ -108.551051500583171, 45.785363347450257 ], [ -108.551051648544828, 45.785380805572046 ], [ -108.551051796506485, 45.785398263693871 ], [ -108.551051944468327, 45.785415721815802 ], [ -108.551052093716564, 45.78543317994864 ], [ -108.551052241709769, 45.785450636270703 ], [ -108.551052389671796, 45.785468094392797 ], [ -108.551052537634021, 45.785485552514928 ], [ -108.551052688169023, 45.785503010658928 ], [ -108.551052836146923, 45.785520467881206 ], [ -108.551052984109418, 45.785537926003535 ], [ -108.551053100367881, 45.785551642971114 ], [ -108.551053216642075, 45.785565359038742 ], [ -108.551053332900651, 45.785579076006393 ], [ -108.551053451732074, 45.785592792995885 ], [ -108.551053599710571, 45.785610250218454 ], [ -108.55105374767345, 45.785627708341075 ], [ -108.551053896922838, 45.785645166474637 ], [ -108.551054044886016, 45.785662624597379 ], [ -108.551054192849193, 45.785680082720162 ], [ -108.55105434081257, 45.785697540843024 ], [ -108.551054491364312, 45.785714998087741 ], [ -108.551054639327774, 45.78573245621071 ], [ -108.55105478729142, 45.785749914333763 ], [ -108.551054935255067, 45.785767372456831 ], [ -108.551055085791603, 45.78578483060177 ], [ -108.551055233786713, 45.785802286925041 ], [ -108.551055381750658, 45.785819745048272 ], [ -108.551055529714787, 45.785837203171582 ], [ -108.551055677678903, 45.785854661294984 ], [ -108.551055826945202, 45.785872118529362 ], [ -108.551055976195912, 45.785889576663735 ], [ -108.551056124160311, 45.785907034787257 ], [ -108.55105627212491, 45.785924492910908 ], [ -108.551056421375904, 45.785941951045466 ], [ -108.551056569340588, 45.785959409169209 ], [ -108.551056717305471, 45.78597686729298 ], [ -108.551032210939226, 45.785976855785201 ], [ -108.551007703270983, 45.785976845161102 ], [ -108.550983198175473, 45.785976834553473 ], [ -108.550958691793653, 45.785976823929559 ], [ -108.550934186713746, 45.785976812411221 ], [ -108.550909679045546, 45.785976801765685 ], [ -108.550885171408538, 45.785976789314823 ], [ -108.550860666313156, 45.785976778680379 ], [ -108.550836159931308, 45.785976768029641 ], [ -108.55081165224756, 45.785976758262628 ], [ -108.550787145865812, 45.785976747601183 ], [ -108.550762638197668, 45.785976736923438 ], [ -108.550738131815947, 45.785976726251285 ], [ -108.550713624163407, 45.785976714662837 ], [ -108.550689117781602, 45.785976703979919 ], [ -108.550664610113515, 45.785976693280709 ], [ -108.550640102445414, 45.785976682576184 ], [ -108.550615597334541, 45.78597667278806 ], [ -108.550591092239188, 45.785976662094576 ], [ -108.550566585857524, 45.785976651384871 ], [ -108.550542078205069, 45.785976639758871 ], [ -108.55051757182332, 45.785976629038402 ], [ -108.550493066728109, 45.785976618323495 ], [ -108.550468559060079, 45.785976607581389 ], [ -108.550444052678458, 45.785976596844854 ], [ -108.550419544994767, 45.785976586991985 ], [ -108.55039503989957, 45.785976576255599 ], [ -108.550370533533581, 45.785976564602969 ], [ -108.550346025865622, 45.785976553834054 ], [ -108.550321518197649, 45.785976543059753 ], [ -108.550297013102409, 45.785976532301937 ], [ -108.550272506720859, 45.785976521527814 ], [ -108.550247999068517, 45.785976509837454 ], [ -108.550223492686897, 45.78597649905263 ], [ -108.550198985050187, 45.785976486451524 ], [ -108.55017447866868, 45.785976475655993 ], [ -108.550149971000778, 45.785976464844126 ], [ -108.550125465889991, 45.785976454948731 ], [ -108.550100959508526, 45.785976444137098 ], [ -108.550076451840653, 45.785976433309123 ], [ -108.550051944172793, 45.785976422475855 ], [ -108.550027439093256, 45.785976410758998 ], [ -108.55000293271182, 45.785976399925907 ], [ -108.549978427616793, 45.785976389098316 ], [ -108.549953919948976, 45.785976378243575 ], [ -108.549929413551865, 45.785976368294349 ], [ -108.549904905884063, 45.785976357428837 ], [ -108.549880399502683, 45.785976346568908 ], [ -108.549855891850498, 45.785976334792714 ], [ -108.549831386755429, 45.78597632393295 ], [ -108.549806881660487, 45.785976313067856 ], [ -108.549782375279037, 45.785976302186448 ], [ -108.549757867626894, 45.785976290388788 ], [ -108.549733359959163, 45.785976279485752 ], [ -108.549708854864249, 45.785976268599178 ], [ -108.549684348482927, 45.78597625769634 ], [ -108.549659840815139, 45.785976246777182 ], [ -108.549635334449462, 45.785976234963613 ], [ -108.549610826781773, 45.78597622403376 ], [ -108.549586320400493, 45.785976213109443 ], [ -108.549561812732833, 45.785976202168868 ], [ -108.5495373063671, 45.785976190333834 ], [ -108.549512801272257, 45.785976179404329 ], [ -108.549488293604625, 45.785976168447675 ], [ -108.549463787223402, 45.785976157496513 ], [ -108.549439279540181, 45.785976147429075 ], [ -108.549414774445282, 45.785976136478169 ], [ -108.549390266777692, 45.785976125499971 ], [ -108.54936576041213, 45.785976113627413 ], [ -108.549341252744554, 45.785976102638507 ], [ -108.549316747649684, 45.785976091666136 ], [ -108.549292241268532, 45.78597608067745 ], [ -108.549267733600999, 45.785976069672472 ], [ -108.549243228490553, 45.78597605958398 ], [ -108.54921872210943, 45.785976048579187 ], [ -108.549194214457529, 45.785976036658141 ], [ -108.549169708076334, 45.78597602564264 ], [ -108.54914520040883, 45.785976014610831 ], [ -108.549120695314144, 45.785976003595543 ], [ -108.549096187646668, 45.785975992552999 ], [ -108.549071681281234, 45.785975980616072 ], [ -108.54904717362929, 45.785975968662818 ], [ -108.549022668550265, 45.785975956726077 ], [ -108.548998162169241, 45.78597594567303 ], [ -108.548973654501808, 45.785975934603655 ], [ -108.548949148105081, 45.78597592443986 ], [ -108.54892464301048, 45.785975913381648 ], [ -108.548900135343089, 45.785975902296201 ], [ -108.548880529469542, 45.785975893246174 ], [ -108.54886092359601, 45.785975884192709 ], [ -108.548841289792009, 45.785968886387565 ], [ -108.548821655993009, 45.785961888578925 ], [ -108.548802023485337, 45.785954890777802 ], [ -108.54878238969637, 45.785947892962341 ], [ -108.548762753339631, 45.785940895121549 ], [ -108.548743120862625, 45.785933896410157 ] ] ] } },
{ "type": "Feature", "properties": { "CountyName": "Yellowstone", "OwnerName_Grouped": "SIEBEN RANCH CO", "OwnerName": "SIEBEN RANCH COMPANY", "OwnerAddre": "PO BOX 1683", "OwnerAdd_1": null, "OwnerAdd_2": null, "OwnerCity": "HELENA", "OwnerState": "MT", "PropType": "Townhouse", "TotalAcres": 1.652 }, "geometry": { "type": "Polygon", "coordinates": [ [ [ -108.550405863531054, 45.785071071117308 ], [ -108.550428139811359, 45.785071088152456 ], [ -108.550450417393662, 45.785071104294076 ], [ -108.550472694960277, 45.785071121331264 ], [ -108.550494969969947, 45.785071137442223 ], [ -108.550517247521, 45.78507115537051 ], [ -108.550539523832555, 45.785071170583514 ], [ -108.550561801383736, 45.785071188502947 ], [ -108.550561382100497, 45.78508766518798 ], [ -108.550560962801327, 45.785104142773022 ], [ -108.550560543517591, 45.785120619458127 ], [ -108.55056012550429, 45.785137097054204 ], [ -108.550559704933661, 45.785153573728472 ], [ -108.550559851436105, 45.785171032739285 ], [ -108.55055999663665, 45.785188492639243 ], [ -108.550560141852898, 45.785205951639263 ], [ -108.550560288340009, 45.785223411550227 ], [ -108.550560433556441, 45.785240870550361 ], [ -108.550560581361211, 45.78525832867237 ], [ -108.550560727864223, 45.785275787683538 ], [ -108.550560873065336, 45.78529324758383 ], [ -108.550561019568406, 45.785310706595126 ], [ -108.550561164785293, 45.785328165595523 ], [ -108.550561311273071, 45.78534562550692 ], [ -108.550561456490144, 45.785363084507459 ], [ -108.550561602978121, 45.785380544418935 ], [ -108.550561748195364, 45.785398003419594 ], [ -108.550561894683412, 45.785415463331233 ], [ -108.550562039900854, 45.785432922332014 ], [ -108.550562187706774, 45.785450380454655 ], [ -108.550562334210696, 45.78546783946647 ], [ -108.550562479412832, 45.785485299367402 ], [ -108.550562625917024, 45.785502758379316 ], [ -108.550562771134949, 45.785520217380387 ], [ -108.550562917623736, 45.785537677292432 ], [ -108.550563031171251, 45.785551395138661 ], [ -108.550563144718822, 45.785565112984941 ], [ -108.550563259568321, 45.785578829942196 ], [ -108.550563373116006, 45.785592547788575 ], [ -108.550563519215601, 45.785609881681147 ], [ -108.550563663997622, 45.78562721736283 ], [ -108.550563807524625, 45.785644551233695 ], [ -108.550563953593226, 45.785661886926405 ], [ -108.550564097104726, 45.785679221697393 ], [ -108.550564243173596, 45.785696557390224 ], [ -108.55056438927366, 45.785713891283145 ], [ -108.550564532801019, 45.785731225154301 ], [ -108.550564677583779, 45.785748560836396 ], [ -108.550564823668523, 45.785765895629488 ], [ -108.550564967180563, 45.785783230400789 ], [ -108.550565113265577, 45.785800565194002 ], [ -108.55054060884892, 45.785800742619067 ], [ -108.550516104463384, 45.785800918238756 ], [ -108.550491602603685, 45.785801096574886 ], [ -108.550467098217737, 45.785801272183839 ], [ -108.55044259380054, 45.78580144958746 ], [ -108.550418091971466, 45.785801626107521 ], [ -108.550393587553941, 45.78580180350037 ], [ -108.550369083151864, 45.785801979987873 ], [ -108.550344578734013, 45.78580215737005 ], [ -108.550320074347212, 45.785802332946837 ], [ -108.550295572486164, 45.785802511240057 ], [ -108.550271068099036, 45.78580268680615 ], [ -108.550246563696163, 45.785802863266845 ], [ -108.550222059277445, 45.785803040622149 ], [ -108.550197556160654, 45.785803217083036 ], [ -108.550173051772902, 45.785803392627699 ], [ -108.5501485473538, 45.78580356996688 ], [ -108.550124045522836, 45.785803746422616 ], [ -108.550099541103421, 45.785803923751132 ], [ -108.55007503669934, 45.785804100174289 ], [ -108.550050532279599, 45.785804277492048 ], [ -108.550026030463698, 45.785804453026337 ], [ -108.550001526027955, 45.785804631233368 ], [ -108.549977022925333, 45.785804806746 ], [ -108.549952519791361, 45.785804984053236 ], [ -108.549928015386342, 45.785805160444227 ], [ -108.549903510965649, 45.785805337729812 ], [ -108.549879006560417, 45.785805514110045 ], [ -108.549854502139411, 45.785805691384951 ], [ -108.54983000032216, 45.785805866876302 ], [ -108.549805495885224, 45.785806045040431 ], [ -108.54978099406766, 45.785806220521089 ], [ -108.549758167922946, 45.785806363413784 ], [ -108.54973534565282, 45.785806505434579 ], [ -108.549735228777138, 45.785790617374296 ], [ -108.549735114505552, 45.785774727535937 ], [ -108.549734997630011, 45.785758839475783 ], [ -108.549734882056541, 45.785742950526554 ], [ -108.54973476519676, 45.785727061566497 ], [ -108.549734650909826, 45.785711172628282 ], [ -108.549734534034641, 45.785695284568327 ], [ -108.549757311032508, 45.785695153865298 ], [ -108.549780089301038, 45.785695024068545 ], [ -108.549804593048563, 45.785694882809388 ], [ -108.549829094191935, 45.785694743322949 ], [ -108.549853597923686, 45.785694602953029 ], [ -108.549878101670828, 45.785694461677728 ], [ -108.549902605402238, 45.785694321297079 ], [ -108.549927107831508, 45.785694181800118 ], [ -108.549951611578365, 45.785694040508766 ], [ -108.549976115309391, 45.785693900112022 ], [ -108.550000619055908, 45.785693758809913 ], [ -108.550025122771075, 45.785693619302421 ], [ -108.550049623929041, 45.785693478867742 ], [ -108.55007412767516, 45.785693337549546 ], [ -108.550098631405575, 45.785693197125987 ], [ -108.550123132547554, 45.785693057575237 ], [ -108.550147636293289, 45.785692916240954 ], [ -108.550172140023321, 45.785692775801309 ], [ -108.550196643768913, 45.785692634456304 ], [ -108.550221147483086, 45.785692494905916 ], [ -108.55024565121272, 45.785692354450141 ], [ -108.550270154957843, 45.785692213089078 ], [ -108.55029465740094, 45.785692072611695 ], [ -108.550319161114615, 45.785691933039843 ], [ -108.550343664859355, 45.785691791662657 ], [ -108.550368168588378, 45.785691651180095 ], [ -108.550388491861156, 45.785691534638801 ], [ -108.550408817722129, 45.785691417215624 ], [ -108.550408723964651, 45.785674926275732 ], [ -108.55040863020723, 45.785658435335883 ], [ -108.550408533892679, 45.785641943474289 ], [ -108.55040843884899, 45.785625452523611 ], [ -108.550408345107329, 45.785608960683938 ], [ -108.550408251350149, 45.785592469744302 ], [ -108.550408172573327, 45.785578752192379 ], [ -108.550408092541346, 45.785565032829645 ], [ -108.550408015050991, 45.785551315288743 ], [ -108.550407937591856, 45.785537595947872 ], [ -108.550407837446144, 45.78552013732844 ], [ -108.550407738618105, 45.785502676920025 ], [ -108.550407637186126, 45.7854852182898 ], [ -108.550407537071806, 45.785467757870585 ], [ -108.550407438228348, 45.785450298362335 ], [ -108.550407338082962, 45.785432839743201 ], [ -108.550407236682432, 45.785415379313264 ], [ -108.550407136552877, 45.785397919794242 ], [ -108.550407037725165, 45.785380459386239 ], [ -108.550406937580121, 45.785363000767326 ], [ -108.550406838721344, 45.785345542159426 ], [ -108.550406737321239, 45.78532808172978 ], [ -108.550406637191898, 45.785310622211057 ], [ -108.550406538364612, 45.785293161803338 ], [ -108.550406438219795, 45.785275703184723 ], [ -108.550406336819847, 45.785258242755319 ], [ -108.550406237977143, 45.785240783247758 ], [ -108.550406137832525, 45.785223324629328 ], [ -108.550406037719156, 45.785205864210994 ], [ -108.550405936288385, 45.785188405581771 ], [ -108.550405837461525, 45.785170945174464 ], [ -108.550405737332753, 45.785153485656259 ], [ -108.550405656695631, 45.785139355836179 ], [ -108.550405576027444, 45.785125227816074 ], [ -108.550405495390407, 45.785111097996065 ], [ -108.550405414753499, 45.785096968176056 ], [ -108.550405639150128, 45.78508401919666 ], [ -108.550405863531054, 45.785071071117308 ] ] ] } },
{ "type": "Feature", "properties": { "CountyName": "Cascade", "OwnerName_Grouped": "SIEBEN RANCH CO", "OwnerName": "SIEBEN LIVESTOCK CO", "OwnerAddre": "PO BOX 835", "OwnerAdd_1": null, "OwnerAdd_2": null, "OwnerCity": "HELENA", "OwnerState": "MT", "PropType": "Vacant Land", "TotalAcres": 640.0 }, "geometry": { "type": "Polygon", "coordinates": [ [ [ -111.539274944598731, 46.942395415645684 ], [ -111.539271953545622, 46.938769020828104 ], [ -111.539268966837568, 46.93514262392722 ], [ -111.53926598855108, 46.931516228486224 ], [ -111.539263016194383, 46.927889838165548 ], [ -111.544551892128709, 46.927882952400623 ], [ -111.549840929824683, 46.927876135990338 ], [ -111.555130201732425, 46.927869426326922 ], [ -111.560419740396696, 46.927862848002917 ], [ -111.560431723213938, 46.931490138266575 ], [ -111.560443882459566, 46.935117597167597 ], [ -111.560456171638364, 46.938745176909073 ], [ -111.56046852948036, 46.94237282185675 ], [ -111.555170139957028, 46.942378471511965 ], [ -111.549871723224712, 46.942384121070397 ], [ -111.544573333088934, 46.942389768665379 ], [ -111.539274944598731, 46.942395415645684 ] ] ] } },
{ "type": "Feature", "properties": { "CountyName": "Cascade", "OwnerName_Grouped": "SIEBEN RANCH CO", "OwnerName": "SIEBEN LIVESTOCK CO", "OwnerAddre": "PO BOX 835", "OwnerAdd_1": null, "OwnerAdd_2": null, "OwnerCity": "HELENA", "OwnerState": "MT", "PropType": "Vacant Land", "TotalAcres": 120.0 }, "geometry": { "type": "Polygon", "coordinates": [ [ [ -111.565679741680341, 46.927833609668326 ], [ -111.57094005315966, 46.92780455130373 ], [ -111.576200677189377, 46.927775663820668 ], [ -111.581461601525262, 46.927747002323741 ], [ -111.581466840214119, 46.9313751647299 ], [ -111.576207894479964, 46.931404097382632 ], [ -111.570949022948724, 46.931432813722999 ], [ -111.56569034044378, 46.931461598010316 ], [ -111.565679741680341, 46.927833609668326 ] ] ] } },
{ "type": "Feature", "properties": { "CountyName": "Cascade", "OwnerName_Grouped": "SIEBEN RANCH CO", "OwnerName": "SIEBEN LIVESTOCK CO", "OwnerAddre": "PO BOX 835", "OwnerAdd_1": null, "OwnerAdd_2": null, "OwnerCity": "HELENA", "OwnerState": "MT", "PropType": "Vacant Land", "TotalAcres": 645.65 }, "geometry": { "type": "Polygon", "coordinates": [ [ [ -111.623771684957589, 46.942278048956915 ], [ -111.623794650753382, 46.938640201352023 ], [ -111.623817620251771, 46.935002357893524 ], [ -111.623840589654165, 46.931364522268218 ], [ -111.623863567303999, 46.927726706040914 ], [ -111.629155007904089, 46.927742276390205 ], [ -111.634446471938318, 46.927757849978995 ], [ -111.63973795475269, 46.927773441298442 ], [ -111.6450294434227, 46.927789055091246 ], [ -111.64503133031117, 46.931415759593186 ], [ -111.645033223428499, 46.935042480007247 ], [ -111.645048399706766, 46.93866311995486 ], [ -111.645063576917636, 46.9422837957325 ], [ -111.639728118813323, 46.94228235068276 ], [ -111.634392691887768, 46.942280903753044 ], [ -111.62908218314179, 46.942279486746187 ], [ -111.623771684957589, 46.942278048956915 ] ] ] } },
{ "type": "Feature", "properties": { "CountyName": "Cascade", "OwnerName_Grouped": "SIEBEN RANCH CO", "OwnerName": "SIEBEN LIVESTOCK CO", "OwnerAddre": "PO BOX 835", "OwnerAdd_1": null, "OwnerAdd_2": null, "OwnerCity": "HELENA", "OwnerState": "MT", "PropType": "Vacant Land", "TotalAcres": 636.81 }, "geometry": { "type": "Polygon", "coordinates": [ [ [ -111.645063576917636, 46.9422837957325 ], [ -111.645048399706766, 46.93866311995486 ], [ -111.645033223428499, 46.935042480007247 ], [ -111.64503133031117, 46.931415759593186 ], [ -111.6450294434227, 46.927789055091246 ], [ -111.650286035186241, 46.927808485887475 ], [ -111.655542635638611, 46.92782792793065 ], [ -111.660799239589792, 46.927847382218836 ], [ -111.666134334566067, 46.927867358523031 ], [ -111.66614413160346, 46.931487245940012 ], [ -111.666153937952984, 46.935107133929236 ], [ -111.666163739203157, 46.938727023649712 ], [ -111.666173538053059, 46.94234691683689 ], [ -111.660988198293651, 46.942313276251191 ], [ -111.655502061522839, 46.942277608303492 ], [ -111.650282803459177, 46.942280715616739 ], [ -111.645063576917636, 46.9422837957325 ] ] ] } },
{ "type": "Feature", "properties": { "CountyName": "Cascade", "OwnerName_Grouped": "SIEBEN RANCH CO", "OwnerName": "SIEBEN LIVESTOCK CO", "OwnerAddre": "PO BOX 835", "OwnerAdd_1": null, "OwnerAdd_2": null, "OwnerCity": "HELENA", "OwnerState": "MT", "PropType": "Vacant Land", "TotalAcres": 642.4 }, "geometry": { "type": "Polygon", "coordinates": [ [ [ -111.645008654908224, 46.916943926504395 ], [ -111.645001739884492, 46.91332891047162 ], [ -111.650080192187403, 46.913365443274927 ], [ -111.650290123303648, 46.913366951506994 ], [ -111.655364613789672, 46.913403460171018 ], [ -111.655578564909732, 46.913404996325212 ], [ -111.660810407530334, 46.913436382577885 ], [ -111.6613913845962, 46.913439858770694 ], [ -111.666109342985123, 46.913468906752811 ], [ -111.666115585750219, 46.917068507998877 ], [ -111.666121829607164, 46.920668113644538 ], [ -111.666128073424318, 46.924267728199219 ], [ -111.666134334566067, 46.927867358523031 ], [ -111.660799239589792, 46.927847382218836 ], [ -111.655542635638611, 46.92782792793065 ], [ -111.650286035186241, 46.927808485887475 ], [ -111.6450294434227, 46.927789055091246 ], [ -111.645022494622594, 46.924173993202054 ], [ -111.645015572752314, 46.92055895499395 ], [ -111.645008654908224, 46.916943926504395 ] ] ] } },
{ "type": "Feature", "properties": { "CountyName": "Cascade", "OwnerName_Grouped": "SIEBEN RANCH CO", "OwnerName": "SIEBEN LIVESTOCK CO", "OwnerAddre": "PO BOX 835", "OwnerAdd_1": null, "OwnerAdd_2": null, "OwnerCity": "HELENA", "OwnerState": "MT", "PropType": "Vacant Land", "TotalAcres": 640.0 }, "geometry": { "type": "Polygon", "coordinates": [ [ [ -111.565679741680341, 46.927833609668326 ], [ -111.560419740396696, 46.927862848002917 ], [ -111.560405470893187, 46.924253480474484 ], [ -111.560391431324092, 46.920644333794208 ], [ -111.560377568392269, 46.917035355813972 ], [ -111.560363834516153, 46.913426505987758 ], [ -111.565644292414021, 46.913369091563574 ], [ -111.570924743357253, 46.91331168252588 ], [ -111.576204251850754, 46.913222696622704 ], [ -111.581483751099128, 46.91313371432102 ], [ -111.581477993732435, 46.916786776328578 ], [ -111.581472354137418, 46.920439979186057 ], [ -111.581466872448289, 46.924093374370806 ], [ -111.581461601525262, 46.927747002323741 ], [ -111.576200677189377, 46.927775663820668 ], [ -111.57094005315966, 46.92780455130373 ], [ -111.565679741680341, 46.927833609668326 ] ] ] } },
{ "type": "Feature", "properties": { "CountyName": "Cascade", "OwnerName_Grouped": "SIEBEN RANCH CO", "OwnerName": "SIEBEN LIVESTOCK CO", "OwnerAddre": "PO BOX 835", "OwnerAdd_1": null, "OwnerAdd_2": null, "OwnerCity": "HELENA", "OwnerState": "MT", "PropType": "Vacant Land", "TotalAcres": 652.88 }, "geometry": { "type": "Polygon", "coordinates": [ [ [ -111.666054758631262, 47.000472368695135 ], [ -111.666048809861834, 46.99684930243663 ], [ -111.666048782994181, 46.996577910108762 ], [ -111.66604369808384, 46.993226931234943 ], [ -111.666043668614037, 46.992955538789623 ], [ -111.66603308320154, 46.989599752052307 ], [ -111.666032220866015, 46.989328359899076 ], [ -111.666021607919745, 46.985972603173202 ], [ -111.666021632694878, 46.985701182359399 ], [ -111.671277704762105, 46.985694545869606 ], [ -111.676533768973471, 46.985687928357237 ], [ -111.681789817355678, 46.985681294859724 ], [ -111.687045892411206, 46.985674686886732 ], [ -111.687074385368021, 46.989297365838226 ], [ -111.6871028544236, 46.992920071916629 ], [ -111.687131706399839, 46.996540552599392 ], [ -111.687163041497826, 47.000472624174364 ], [ -111.681885974878242, 47.000472565133073 ], [ -111.676608886528186, 47.000472504585211 ], [ -111.671331812591248, 47.000472425634349 ], [ -111.666054758631262, 47.000472368695135 ] ] ] } },
{ "type": "Feature", "properties": { "CountyName": "Cascade", "OwnerName_Grouped": "SIEBEN RANCH CO", "OwnerName": "SIEBEN LIVESTOCK CO", "OwnerAddre": "PO BOX 835", "OwnerAdd_1": null, "OwnerAdd_2": null, "OwnerCity": "HELENA", "OwnerState": "MT", "PropType": "Vacant Land", "TotalAcres": 653.88 }, "geometry": { "type": "Polygon", "coordinates": [ [ [ -111.687163041497826, 47.000472624174364 ], [ -111.687131706399839, 46.996540552599392 ], [ -111.6871028544236, 46.992920071916629 ], [ -111.687074385368021, 46.989297365838226 ], [ -111.687045892411206, 46.985674686886732 ], [ -111.692312528374643, 46.985678525742507 ], [ -111.697579136621513, 46.985682391132265 ], [ -111.702845775348592, 46.985686257628686 ], [ -111.708112390490044, 46.985690121769281 ], [ -111.708142899633415, 46.989308327716941 ], [ -111.708173380060245, 46.992926532986125 ], [ -111.708204026535, 46.996544737406332 ], [ -111.708237347974659, 47.000479528256193 ], [ -111.702968775969097, 47.00047780181589 ], [ -111.697700177432466, 47.000476075656266 ], [ -111.692431606297205, 47.000474349640442 ], [ -111.687163041497826, 47.000472624174364 ] ] ] } },
{ "type": "Feature", "properties": { "CountyName": "Cascade", "OwnerName_Grouped": "SIEBEN RANCH CO", "OwnerName": "SIEBEN LIVESTOCK CO", "OwnerAddre": "PO BOX 835", "OwnerAdd_1": null, "OwnerAdd_2": null, "OwnerCity": "HELENA", "OwnerState": "MT", "PropType": "Improved Property", "TotalAcres": 654.4 }, "geometry": { "type": "Polygon", "coordinates": [ [ [ -111.708237347974659, 47.000479528256193 ], [ -111.708204026535, 46.996544737406332 ], [ -111.708173380060245, 46.992926532986125 ], [ -111.708142899633415, 46.989308327716941 ], [ -111.708112390490044, 46.985690121769281 ], [ -111.713401204281226, 46.985689072295621 ], [ -111.718690018658663, 46.985688020638143 ], [ -111.723978865348954, 46.985686969782392 ], [ -111.729267698248535, 46.985685917921195 ], [ -111.729275161477844, 46.989301844964388 ], [ -111.729282625789125, 46.992917771604922 ], [ -111.729290230665754, 46.996534835954336 ], [ -111.729298511046522, 47.000486376724858 ], [ -111.72403322227656, 47.000484651625797 ], [ -111.718767919949755, 47.000482952076624 ], [ -111.713502619049223, 47.000481227361441 ], [ -111.708237347974659, 47.000479528256193 ] ] ] } },
{ "type": "Feature", "properties": { "CountyName": "Cascade", "OwnerName_Grouped": "SIEBEN RANCH CO", "OwnerName": "SIEBEN LIVESTOCK CO", "OwnerAddre": "PO BOX 835", "OwnerAdd_1": null, "OwnerAdd_2": null, "OwnerCity": "HELENA", "OwnerState": "MT", "PropType": "Vacant Land", "TotalAcres": 496.0 }, "geometry": { "type": "Polygon", "coordinates": [ [ [ -111.729298511046522, 47.000486376724858 ], [ -111.729290230665754, 46.996534835954336 ], [ -111.729282625789125, 46.992917771604922 ], [ -111.729275161477844, 46.989301844964388 ], [ -111.729267698248535, 46.985685917921195 ], [ -111.734557906126042, 46.985675728269449 ], [ -111.739848148529461, 46.985665539208853 ], [ -111.739842088637388, 46.989280105415965 ], [ -111.745125860395504, 46.989269110893034 ], [ -111.745113332443736, 46.992882759137103 ], [ -111.745100197031149, 46.996498406107591 ], [ -111.75037039140318, 46.996485993801151 ], [ -111.750348131167669, 47.000489757962271 ], [ -111.745085737658542, 47.000488919797768 ], [ -111.739823317558859, 47.00048808069274 ], [ -111.734560926418595, 47.000487216147356 ], [ -111.729298511046522, 47.000486376724858 ] ] ] } },
{ "type": "Feature", "properties": { "CountyName": "Cascade", "OwnerName_Grouped": "SIEBEN RANCH CO", "OwnerName": "SIEBEN LIVESTOCK CO", "OwnerAddre": "PO BOX 835", "OwnerAdd_1": null, "OwnerAdd_2": null, "OwnerCity": "HELENA", "OwnerState": "MT", "PropType": "Vacant Land", "TotalAcres": 657.4 }, "geometry": { "type": "Polygon", "coordinates": [ [ [ -111.766214074130559, 47.00048618765657 ], [ -111.760925416370398, 47.000487387247759 ], [ -111.75563678853068, 47.000488558049661 ], [ -111.750348131167669, 47.000489757962271 ], [ -111.75037039140318, 46.996485993801151 ], [ -111.750390638232389, 46.992870598289031 ], [ -111.750409633641709, 46.989257866094327 ], [ -111.750428631719316, 46.985645162210986 ], [ -111.75568927444769, 46.985648128769981 ], [ -111.760949946466184, 46.98565109789476 ], [ -111.766210588484768, 46.985654067154151 ], [ -111.771471233357019, 46.985657035000266 ], [ -111.771478387239057, 46.989261572305423 ], [ -111.771485515956144, 46.992866080927932 ], [ -111.771493729404497, 46.996477338064679 ], [ -111.77150270249777, 47.000485018978132 ], [ -111.766214074130559, 47.00048618765657 ] ] ] } },
{ "type": "Feature", "properties": { "CountyName": "Cascade", "OwnerName_Grouped": "SIEBEN RANCH CO", "OwnerName": "SIEBEN LIVESTOCK CO", "OwnerAddre": "PO BOX 835", "OwnerAdd_1": null, "OwnerAdd_2": null, "OwnerCity": "HELENA", "OwnerState": "MT", "PropType": "Vacant Land", "TotalAcres": 582.96 }, "geometry": { "type": "Polygon", "coordinates": [ [ [ -111.771478387239057, 46.989261572305423 ], [ -111.771471233357019, 46.985657035000266 ], [ -111.776756835944624, 46.985657498709905 ], [ -111.782042402010404, 46.98565794057324 ], [ -111.787328941512655, 46.985658161217501 ], [ -111.790302886046987, 46.985658228248752 ], [ -111.79028352537415, 46.988266115445093 ], [ -111.790276020031044, 46.989279819066638 ], [ -111.790256688419447, 46.991886875622427 ], [ -111.790254544859025, 46.992901411368514 ], [ -111.790250770421082, 46.995515661093393 ], [ -111.790248659593132, 46.996530198255194 ], [ -111.790244884650946, 46.999144447262914 ], [ -111.790242250741585, 47.000476600253982 ], [ -111.78734044045423, 47.000477088878476 ], [ -111.782057366031296, 47.000478674037332 ], [ -111.776780040535755, 47.000481845106137 ], [ -111.77150270249777, 47.000485018978132 ], [ -111.771493729404497, 46.996477338064679 ], [ -111.771485515956144, 46.992866080927932 ], [ -111.771478387239057, 46.989261572305423 ] ] ] } },
{ "type": "Feature", "properties": { "CountyName": "Cascade", "OwnerName_Grouped": "SIEBEN RANCH CO", "OwnerName": "SIEBEN LIVESTOCK CO", "OwnerAddre": "PO BOX 835", "OwnerAdd_1": null, "OwnerAdd_2": null, "OwnerCity": "HELENA", "OwnerState": "MT", "PropType": "Vacant Land", "TotalAcres": 572.2 }, "geometry": { "type": "Polygon", "coordinates": [ [ [ -111.771449663641704, 46.974849819028982 ], [ -111.77144243497392, 46.971247390727328 ], [ -111.776718801413054, 46.971247475582572 ], [ -111.781995163614184, 46.971247557642435 ], [ -111.787276303823973, 46.971247586311264 ], [ -111.790393341178813, 46.971247594931242 ], [ -111.790371752275234, 46.973807123065683 ], [ -111.790362938296695, 46.974849688767755 ], [ -111.790341189589682, 46.977419058660296 ], [ -111.790338128601476, 46.978451791780039 ], [ -111.790324680437948, 46.981032236060841 ], [ -111.790319367816537, 46.982054997009527 ], [ -111.790305894139195, 46.984645382991729 ], [ -111.790302886046987, 46.985658228248752 ], [ -111.787328941512655, 46.985658161217501 ], [ -111.782042402010404, 46.98565794057324 ], [ -111.776756835944624, 46.985657498709905 ], [ -111.771471233357019, 46.985657035000266 ], [ -111.771464026475172, 46.98205463694903 ], [ -111.771456823361547, 46.978452209671829 ], [ -111.771449663641704, 46.974849819028982 ] ] ] } },
{ "type": "Feature", "properties": { "CountyName": "Cascade", "OwnerName_Grouped": "SIEBEN RANCH CO", "OwnerName": "SIEBEN LIVESTOCK CO", "OwnerAddre": "PO BOX 835", "OwnerAdd_1": null, "OwnerAdd_2": null, "OwnerCity": "HELENA", "OwnerState": "MT", "PropType": "Vacant Land", "TotalAcres": 480.0 }, "geometry": { "type": "Polygon", "coordinates": [ [ [ -111.739848148529461, 46.985665539208853 ], [ -111.734557906126042, 46.985675728269449 ], [ -111.734553858772927, 46.982066857148745 ], [ -111.73454978662096, 46.978457817778398 ], [ -111.734545741355461, 46.97484855603745 ], [ -111.734541668437245, 46.971239183758321 ], [ -111.739824400069239, 46.971242884985379 ], [ -111.74510713353159, 46.971246589022968 ], [ -111.750389866031739, 46.971250291424127 ], [ -111.750399584688154, 46.974848994639558 ], [ -111.750409242797915, 46.978447726661393 ], [ -111.750418936603921, 46.982046429755094 ], [ -111.750428631719316, 46.985645162210986 ], [ -111.74513838863281, 46.985655350557131 ], [ -111.739848148529461, 46.985665539208853 ] ] ] } },
{ "type": "Feature", "properties": { "CountyName": "Cascade", "OwnerName_Grouped": "SIEBEN RANCH CO", "OwnerName": "SIEBEN LIVESTOCK CO", "OwnerAddre": "PO BOX 835", "OwnerAdd_1": null, "OwnerAdd_2": null, "OwnerCity": "HELENA", "OwnerState": "MT", "PropType": "Vacant Land", "TotalAcres": 640.0 }, "geometry": { "type": "Polygon", "coordinates": [ [ [ -111.687045892411206, 46.985674686886732 ], [ -111.687047429887201, 46.982058675657797 ], [ -111.687048964563417, 46.978442663205911 ], [ -111.687050498922346, 46.974826645896307 ], [ -111.687052034645717, 46.97121063271527 ], [ -111.692314908009905, 46.971216136064115 ], [ -111.697577816220317, 46.971221611907488 ], [ -111.70284069590258, 46.971227118187912 ], [ -111.708103577465778, 46.971232593994664 ], [ -111.708105802762063, 46.974846998091429 ], [ -111.708107993252952, 46.978461378212671 ], [ -111.708110192982275, 46.982075749701551 ], [ -111.708112390490044, 46.985690121769281 ], [ -111.702845775348592, 46.985686257628686 ], [ -111.697579136621513, 46.985682391132265 ], [ -111.692312528374643, 46.985678525742507 ], [ -111.687045892411206, 46.985674686886732 ] ] ] } },
{ "type": "Feature", "properties": { "CountyName": "Cascade", "OwnerName_Grouped": "SIEBEN RANCH CO", "OwnerName": "SIEBEN LIVESTOCK CO", "OwnerAddre": "PO BOX 835", "OwnerAdd_1": null, "OwnerAdd_2": null, "OwnerCity": "HELENA", "OwnerState": "MT", "PropType": "Vacant Land", "TotalAcres": 640.0 }, "geometry": { "type": "Polygon", "coordinates": [ [ [ -111.666021632694878, 46.985701182359399 ], [ -111.666027799318485, 46.982344590047198 ], [ -111.666028273116908, 46.98208675315896 ], [ -111.666034488619701, 46.978716577896144 ], [ -111.666034489200513, 46.978472326201889 ], [ -111.666040734219891, 46.975088511626552 ], [ -111.666041137000079, 46.974857825869293 ], [ -111.66604740846185, 46.971460426961272 ], [ -111.666047462568926, 46.971243314170984 ], [ -111.671298605060812, 46.971235149442762 ], [ -111.676549738779912, 46.971226988784387 ], [ -111.681800884451803, 46.971218823698322 ], [ -111.687052034645717, 46.97121063271527 ], [ -111.687050498922346, 46.974826645896307 ], [ -111.687048964563417, 46.978442663205911 ], [ -111.687047429887201, 46.982058675657797 ], [ -111.687045892411206, 46.985674686886732 ], [ -111.681789817355678, 46.985681294859724 ], [ -111.676533768973471, 46.985687928357237 ], [ -111.671277704762105, 46.985694545869606 ], [ -111.666021632694878, 46.985701182359399 ] ] ] } },
{ "type": "Feature", "properties": { "CountyName": "Cascade", "OwnerName_Grouped": "SIEBEN RANCH CO", "OwnerName": "SIEBEN LIVESTOCK CO", "OwnerAddre": "PO BOX 835", "OwnerAdd_1": null, "OwnerAdd_2": null, "OwnerCity": "HELENA", "OwnerState": "MT", "PropType": "Improved Property", "TotalAcres": 640.0 }, "geometry": { "type": "Polygon", "coordinates": [ [ [ -111.666047462568926, 46.971243314170984 ], [ -111.666066903914341, 46.967832053234687 ], [ -111.666068097086537, 46.967619466727974 ], [ -111.666087563366958, 46.964203677791204 ], [ -111.666087619098334, 46.963995593150742 ], [ -111.666107140790743, 46.960575247733217 ], [ -111.66610827735721, 46.9603717166001 ], [ -111.666127827946084, 46.956946844023818 ], [ -111.666126356771017, 46.956747841719995 ], [ -111.671364376306897, 46.956745984200097 ], [ -111.676602385278954, 46.956744122041137 ], [ -111.681840435538788, 46.956742236247479 ], [ -111.687078462105305, 46.956740377579429 ], [ -111.687071841666778, 46.960357949748847 ], [ -111.687065247970452, 46.963975520201139 ], [ -111.687058654808737, 46.967593091223968 ], [ -111.687052034645717, 46.97121063271527 ], [ -111.681800884451803, 46.971218823698322 ], [ -111.676549738779912, 46.971226988784387 ], [ -111.671298605060812, 46.971235149442762 ], [ -111.666047462568926, 46.971243314170984 ] ] ] } },
{ "type": "Feature", "properties": { "CountyName": "Cascade", "OwnerName_Grouped": "SIEBEN RANCH CO", "OwnerName": "SIEBEN LIVESTOCK CO", "OwnerAddre": "PO BOX 835", "OwnerAdd_1": null, "OwnerAdd_2": null, "OwnerCity": "HELENA", "OwnerState": "MT", "PropType": "Vacant Land", "TotalAcres": 480.0 }, "geometry": { "type": "Polygon", "coordinates": [ [ [ -111.687052034645717, 46.97121063271527 ], [ -111.687058654808737, 46.967593091223968 ], [ -111.687065247970452, 46.963975520201139 ], [ -111.687071841666778, 46.960357949748847 ], [ -111.687078462105305, 46.956740377579429 ], [ -111.692332353788132, 46.956752216014451 ], [ -111.697586248280871, 46.956764082368899 ], [ -111.702840172269518, 46.95677592120321 ], [ -111.702840281464262, 46.960388963969685 ], [ -111.702840419055732, 46.964001895154524 ], [ -111.702840558458036, 46.967614547776925 ], [ -111.70284069590258, 46.971227118187912 ], [ -111.697577816220317, 46.971221611907488 ], [ -111.692314908009905, 46.971216136064115 ], [ -111.687052034645717, 46.97121063271527 ] ] ] } },
{ "type": "Feature", "properties": { "CountyName": "Cascade", "OwnerName_Grouped": "SIEBEN RANCH CO", "OwnerName": "SIEBEN LIVESTOCK CO", "OwnerAddre": "PO BOX 835", "OwnerAdd_1": null, "OwnerAdd_2": null, "OwnerCity": "HELENA", "OwnerState": "MT", "PropType": "Vacant Land", "TotalAcres": 640.0 }, "geometry": { "type": "Polygon", "coordinates": [ [ [ -111.708103577465778, 46.971232593994664 ], [ -111.708101214605904, 46.967621386942305 ], [ -111.708098824465893, 46.964010178312584 ], [ -111.708096433333566, 46.960398967612377 ], [ -111.708094070377484, 46.956787760595724 ], [ -111.713380447418118, 46.95678854270178 ], [ -111.718666828417184, 46.956789300148372 ], [ -111.723953239403031, 46.956790057641207 ], [ -111.729239638350833, 46.956790815995845 ], [ -111.729244455277723, 46.960401996063375 ], [ -111.729249274509002, 46.964013150605673 ], [ -111.729254120408783, 46.967624327757058 ], [ -111.729258938461186, 46.971235481743172 ], [ -111.723970082502703, 46.971234752431187 ], [ -111.718681245882692, 46.971234051124327 ], [ -111.713392410492801, 46.971233322348397 ], [ -111.708103577465778, 46.971232593994664 ] ] ] } },
{ "type": "Feature", "properties": { "CountyName": "Cascade", "OwnerName_Grouped": "SIEBEN RANCH CO", "OwnerName": "SIEBEN LIVESTOCK CO", "OwnerAddre": "PO BOX 835", "OwnerAdd_1": null, "OwnerAdd_2": null, "OwnerCity": "HELENA", "OwnerState": "MT", "PropType": "Vacant Land", "TotalAcres": 287.1 }, "geometry": { "type": "Polygon", "coordinates": [ [ [ -111.771435818123521, 46.96764012989177 ], [ -111.771429198353289, 46.964032839112107 ], [ -111.776708200285256, 46.964061121292161 ], [ -111.781987199302336, 46.964089146558045 ], [ -111.787265001464036, 46.964116924377713 ], [ -111.790365894682083, 46.964133158399335 ], [ -111.790377526685475, 46.966543933111268 ], [ -111.790383050214913, 46.967690362973762 ], [ -111.790395126548447, 46.970195140079021 ], [ -111.790393341178813, 46.971247594931242 ], [ -111.787276303823973, 46.971247586311264 ], [ -111.781995163614184, 46.971247557642435 ], [ -111.776718801413054, 46.971247475582572 ], [ -111.77144243497392, 46.971247390727328 ], [ -111.771435818123521, 46.96764012989177 ] ] ] } },
{ "type": "Feature", "properties": { "CountyName": "Cascade", "OwnerName_Grouped": "SIEBEN RANCH CO", "OwnerName": "SIEBEN LIVESTOCK CO", "OwnerAddre": "PO BOX 835", "OwnerAdd_1": null, "OwnerAdd_2": null, "OwnerCity": "HELENA", "OwnerState": "MT", "PropType": "Vacant Land", "TotalAcres": 640.0 }, "geometry": { "type": "Polygon", "coordinates": [ [ [ -111.708094070377484, 46.956787760595724 ], [ -111.708091737040093, 46.953180104934539 ], [ -111.708089376536691, 46.949572450456216 ], [ -111.708087044014079, 46.94596479520974 ], [ -111.708084711990438, 46.94235714244121 ], [ -111.71336888599032, 46.94237073075552 ], [ -111.718653058231595, 46.942384349634359 ], [ -111.723937209244099, 46.942397940929311 ], [ -111.72922140055293, 46.942411561072099 ], [ -111.729225965888233, 46.946006383322 ], [ -111.729230530521718, 46.949601203590966 ], [ -111.729235071068814, 46.953195997108637 ], [ -111.729239638350833, 46.956790815995845 ], [ -111.723953239403031, 46.956790057641207 ], [ -111.718666828417184, 46.956789300148372 ], [ -111.713380447418118, 46.95678854270178 ], [ -111.708094070377484, 46.956787760595724 ] ] ] } },
{ "type": "Feature", "properties": { "CountyName": "Cascade", "OwnerName_Grouped": "SIEBEN RANCH CO", "OwnerName": "SIEBEN LIVESTOCK CO", "OwnerAddre": "PO BOX 835", "OwnerAdd_1": null, "OwnerAdd_2": null, "OwnerCity": "HELENA", "OwnerState": "MT", "PropType": "Vacant Land", "TotalAcres": 640.0 }, "geometry": { "type": "Polygon", "coordinates": [ [ [ -111.702840172269518, 46.95677592120321 ], [ -111.697586248280871, 46.956764082368899 ], [ -111.692332353788132, 46.956752216014451 ], [ -111.687078462105305, 46.956740377579429 ], [ -111.687085528593286, 46.953133696184963 ], [ -111.68709259285373, 46.949527013667158 ], [ -111.687099687592081, 46.945920358228236 ], [ -111.687106751411122, 46.942313675230551 ], [ -111.692351244296319, 46.94232454182356 ], [ -111.697595741244399, 46.942335408292507 ], [ -111.702840213340608, 46.942346274294039 ], [ -111.708084711990438, 46.94235714244121 ], [ -111.708087044014079, 46.94596479520974 ], [ -111.708089376536691, 46.949572450456216 ], [ -111.708091737040093, 46.953180104934539 ], [ -111.708094070377484, 46.956787760595724 ], [ -111.702840172269518, 46.95677592120321 ] ] ] } },
{ "type": "Feature", "properties": { "CountyName": "Cascade", "OwnerName_Grouped": "SIEBEN RANCH CO", "OwnerName": "SIEBEN LIVESTOCK CO", "OwnerAddre": "PO BOX 835", "OwnerAdd_1": null, "OwnerAdd_2": null, "OwnerCity": "HELENA", "OwnerState": "MT", "PropType": "Vacant Land", "TotalAcres": 640.0 }, "geometry": { "type": "Polygon", "coordinates": [ [ [ -111.666126356771017, 46.956747841719995 ], [ -111.666126484052072, 46.95330229955389 ], [ -111.666126484487066, 46.953147631776694 ], [ -111.666126641879075, 46.949657783976534 ], [ -111.666126503133867, 46.949547421858711 ], [ -111.666149663633718, 46.946002352349886 ], [ -111.666150022735195, 46.945947184302078 ], [ -111.666173538053059, 46.94234691683689 ], [ -111.671406831236325, 46.942338614723369 ], [ -111.676640136248324, 46.942330307889023 ], [ -111.681873429936232, 46.942321976064676 ], [ -111.687106751411122, 46.942313675230551 ], [ -111.687099687592081, 46.945920358228236 ], [ -111.68709259285373, 46.949527013667158 ], [ -111.687085528593286, 46.953133696184963 ], [ -111.687078462105305, 46.956740377579429 ], [ -111.681840435538788, 46.956742236247479 ], [ -111.676602385278954, 46.956744122041137 ], [ -111.671364376306897, 46.956745984200097 ], [ -111.666126356771017, 46.956747841719995 ] ] ] } },
{ "type": "Feature", "properties": { "CountyName": "Cascade", "OwnerName_Grouped": "SIEBEN RANCH CO", "OwnerName": "SIEBEN LIVESTOCK CO", "OwnerAddre": "PO BOX 835", "OwnerAdd_1": null, "OwnerAdd_2": null, "OwnerCity": "HELENA", "OwnerState": "MT", "PropType": "Vacant Land", "TotalAcres": 640.0 }, "geometry": { "type": "Polygon", "coordinates": [ [ [ -111.666173538053059, 46.94234691683689 ], [ -111.666163739203157, 46.938727023649712 ], [ -111.666153937952984, 46.935107133929236 ], [ -111.66614413160346, 46.931487245940012 ], [ -111.666134334566067, 46.927867358523031 ], [ -111.671373818507789, 46.927876740294167 ], [ -111.676613305067562, 46.92788612865921 ], [ -111.681852794417026, 46.927895527216819 ], [ -111.68709228643597, 46.927904932367873 ], [ -111.68709590385734, 46.931507119422086 ], [ -111.687099519174183, 46.935109305468544 ], [ -111.687103137603671, 46.938711489492832 ], [ -111.687106751411122, 46.942313675230551 ], [ -111.681873429936232, 46.942321976064676 ], [ -111.676640136248324, 46.942330307889023 ], [ -111.671406831236325, 46.942338614723369 ], [ -111.666173538053059, 46.94234691683689 ] ] ] } },
{ "type": "Feature", "properties": { "CountyName": "Cascade", "OwnerName_Grouped": "SIEBEN RANCH CO", "OwnerName": "SIEBEN LIVESTOCK CO", "OwnerAddre": "PO BOX 835", "OwnerAdd_1": null, "OwnerAdd_2": null, "OwnerCity": "HELENA", "OwnerState": "MT", "PropType": "Vacant Land", "TotalAcres": 320.0 }, "geometry": { "type": "Polygon", "coordinates": [ [ [ -111.697595741244399, 46.942335408292507 ], [ -111.697592127683961, 46.938729306039427 ], [ -111.692347629145701, 46.938720518074767 ], [ -111.687103137603671, 46.938711489492832 ], [ -111.687099519174183, 46.935109305468544 ], [ -111.68709590385734, 46.931507119422086 ], [ -111.68709228643597, 46.927904932367873 ], [ -111.692336790751341, 46.927907475022636 ], [ -111.697581297574928, 46.927910019287182 ], [ -111.697584905831164, 46.931516611072972 ], [ -111.69758851588594, 46.935123200870954 ], [ -111.702833005030541, 46.935129787087853 ], [ -111.702836606441792, 46.938738098817481 ], [ -111.702840213340608, 46.942346274294039 ], [ -111.697595741244399, 46.942335408292507 ] ] ] } },
{ "type": "Feature", "properties": { "CountyName": "Cascade", "OwnerName_Grouped": "SIEBEN RANCH CO", "OwnerName": "SIEBEN LIVESTOCK CO", "OwnerAddre": "PO BOX 835", "OwnerAdd_1": null, "OwnerAdd_2": null, "OwnerCity": "HELENA", "OwnerState": "MT", "PropType": "Vacant Land", "TotalAcres": 640.0 }, "geometry": { "type": "Polygon", "coordinates": [ [ [ -111.708084711990438, 46.94235714244121 ], [ -111.70808110400904, 46.938746651650447 ], [ -111.708077492886247, 46.935136134622752 ], [ -111.708073884822127, 46.931525646178898 ], [ -111.708070302436127, 46.927915129169023 ], [ -111.713352022208213, 46.927932663182737 ], [ -111.718633770173, 46.927950170628407 ], [ -111.723915519691616, 46.927967706047141 ], [ -111.729197279096923, 46.927985216151242 ], [ -111.729203314138857, 46.931591789017425 ], [ -111.729209352539669, 46.935198389585345 ], [ -111.72921536173159, 46.938804961748211 ], [ -111.72922140055293, 46.942411561072099 ], [ -111.723937209244099, 46.942397940929311 ], [ -111.718653058231595, 46.942384349634359 ], [ -111.71336888599032, 46.94237073075552 ], [ -111.708084711990438, 46.94235714244121 ] ] ] } },
{ "type": "Feature", "properties": { "CountyName": "Cascade", "OwnerName_Grouped": "SIEBEN RANCH CO", "OwnerName": "SIEBEN LIVESTOCK CO", "OwnerAddre": "PO BOX 835", "OwnerAdd_1": null, "OwnerAdd_2": null, "OwnerCity": "HELENA", "OwnerState": "MT", "PropType": "Vacant Land", "TotalAcres": 320.0 }, "geometry": { "type": "Polygon", "coordinates": [ [ [ -111.708050328530717, 46.917109288285964 ], [ -111.708043693585864, 46.913507353301128 ], [ -111.709124465184473, 46.913508287758269 ], [ -111.713322096605538, 46.913511887096789 ], [ -111.714402506634457, 46.91351279396234 ], [ -111.718600502305605, 46.913515172217963 ], [ -111.718608837638442, 46.917124218751276 ], [ -111.718617145400117, 46.920733236919496 ], [ -111.718625480023206, 46.924341699797694 ], [ -111.718633770173, 46.927950170628407 ], [ -111.713352022208213, 46.927932663182737 ], [ -111.708070302436127, 46.927915129169023 ], [ -111.708063656342617, 46.92431318568697 ], [ -111.708056995864695, 46.920711252276185 ], [ -111.708050328530717, 46.917109288285964 ] ] ] } },
{ "type": "Feature", "properties": { "CountyName": "Cascade", "OwnerName_Grouped": "SIEBEN RANCH CO", "OwnerName": "SIEBEN LIVESTOCK CO", "OwnerAddre": "PO BOX 835", "OwnerAdd_1": null, "OwnerAdd_2": null, "OwnerCity": "HELENA", "OwnerState": "MT", "PropType": "Vacant Land", "TotalAcres": 640.0 }, "geometry": { "type": "Polygon", "coordinates": [ [ [ -111.687113001339199, 46.917100702620239 ], [ -111.687119899057393, 46.913499296190977 ], [ -111.687904774075918, 46.913500326950178 ], [ -111.692404416795256, 46.913506163668309 ], [ -111.693217856607603, 46.913507235707307 ], [ -111.697687712156494, 46.913511494834715 ], [ -111.698539070746349, 46.913511278401451 ], [ -111.702870452752364, 46.913510073338898 ], [ -111.703846420868885, 46.913509780602325 ], [ -111.708043693585864, 46.913507353301128 ], [ -111.708050328530717, 46.917109288285964 ], [ -111.708056995864695, 46.920711252276185 ], [ -111.708063656342617, 46.92431318568697 ], [ -111.708070302436127, 46.927915129169023 ], [ -111.70282580186219, 46.927912569761027 ], [ -111.697581297574928, 46.927910019287182 ], [ -111.692336790751341, 46.927907475022636 ], [ -111.68709228643597, 46.927904932367873 ], [ -111.687099196852301, 46.924303517086237 ], [ -111.687106101382014, 46.920702107174016 ], [ -111.687113001339199, 46.917100702620239 ] ] ] } },
{ "type": "Feature", "properties": { "CountyName": "Cascade", "OwnerName_Grouped": "SIEBEN RANCH CO", "OwnerName": "SIEBEN LIVESTOCK CO", "OwnerAddre": "PO BOX 835", "OwnerAdd_1": null, "OwnerAdd_2": null, "OwnerCity": "HELENA", "OwnerState": "MT", "PropType": "Improved Property", "TotalAcres": 625.13 }, "geometry": { "type": "Polygon", "coordinates": [ [ [ -111.645355202703925, 47.000428882685945 ], [ -111.645346296235857, 46.99681150662375 ], [ -111.645337388973658, 46.993190496144138 ], [ -111.645327261060984, 46.989566704294077 ], [ -111.645317101792344, 46.985942914446092 ], [ -111.650624083403272, 46.985950603271725 ], [ -111.655931038145852, 46.985958322092728 ], [ -111.661228353374156, 46.985965819371643 ], [ -111.666021607919745, 46.985972603173202 ], [ -111.666032220866015, 46.989328359899076 ], [ -111.66603308320154, 46.989599752052307 ], [ -111.666043668614037, 46.992955538789623 ], [ -111.66604369808384, 46.993226931234943 ], [ -111.666048782994181, 46.996577910108762 ], [ -111.666048809861834, 46.99684930243663 ], [ -111.666054758631262, 47.000472368695135 ], [ -111.66123904455209, 47.000459866704432 ], [ -111.655946742378873, 47.000446536329399 ], [ -111.650650973260227, 47.000437707701174 ], [ -111.645355202703925, 47.000428882685945 ] ] ] } },
{ "type": "Feature", "properties": { "CountyName": "Cascade", "OwnerName_Grouped": "SIEBEN RANCH CO", "OwnerName": "SIEBEN LIVESTOCK CO", "OwnerAddre": "PO BOX 835", "OwnerAdd_1": null, "OwnerAdd_2": null, "OwnerCity": "HELENA", "OwnerState": "MT", "PropType": "Improved Property", "TotalAcres": 625.2 }, "geometry": { "type": "Polygon", "coordinates": [ [ [ -111.645317101792344, 46.985942914446092 ], [ -111.645318748232171, 46.982303874244828 ], [ -111.645320365527184, 46.978664832384169 ], [ -111.645321980045694, 46.9750257901852 ], [ -111.645323602501549, 46.971386785278568 ], [ -111.65062860140938, 46.971405589658993 ], [ -111.655933604500106, 46.971424421807392 ], [ -111.661229189480437, 46.971443282351039 ], [ -111.66604740846185, 46.971460426961272 ], [ -111.666041137000079, 46.974857825869293 ], [ -111.666040734219891, 46.975088511626552 ], [ -111.666034489200513, 46.978472326201889 ], [ -111.666034488619701, 46.978716577896144 ], [ -111.666028273116908, 46.98208675315896 ], [ -111.666027799318485, 46.982344590047198 ], [ -111.666021632694878, 46.985701182359399 ], [ -111.666021607919745, 46.985972603173202 ], [ -111.661228353374156, 46.985965819371643 ], [ -111.655931038145852, 46.985958322092728 ], [ -111.650624083403272, 46.985950603271725 ], [ -111.645317101792344, 46.985942914446092 ] ] ] } },
{ "type": "Feature", "properties": { "CountyName": "Cascade", "OwnerName_Grouped": "SIEBEN RANCH CO", "OwnerName": "SIEBEN LIVESTOCK CO", "OwnerAddre": "PO BOX 835", "OwnerAdd_1": null, "OwnerAdd_2": null, "OwnerCity": "HELENA", "OwnerState": "MT", "PropType": "Vacant Land", "TotalAcres": 640.0 }, "geometry": { "type": "Polygon", "coordinates": [ [ [ -111.624062744414488, 46.97136313167433 ], [ -111.624042058007376, 46.967714804833228 ], [ -111.624021396655351, 46.964066506034939 ], [ -111.624000734452537, 46.960418179049974 ], [ -111.623980047327507, 46.956769880164927 ], [ -111.629305772907813, 46.956790253432857 ], [ -111.634631484467349, 46.956810586189668 ], [ -111.639957196574599, 46.956830946596092 ], [ -111.645282909496416, 46.956851307635652 ], [ -111.645293075922481, 46.96048518459061 ], [ -111.645303244032576, 46.964119034219422 ], [ -111.645313438295219, 46.96775290917266 ], [ -111.645323602501549, 46.971386785278568 ], [ -111.640008383604382, 46.971380871303325 ], [ -111.634693165206812, 46.971374957155803 ], [ -111.629377948741933, 46.971369046410466 ], [ -111.624062744414488, 46.97136313167433 ] ] ] } },
{ "type": "Feature", "properties": { "CountyName": "Cascade", "OwnerName_Grouped": "SIEBEN RANCH CO", "OwnerName": "SIEBEN LIVESTOCK CO", "OwnerAddre": "PO BOX 835", "OwnerAdd_1": null, "OwnerAdd_2": null, "OwnerCity": "HELENA", "OwnerState": "MT", "PropType": "Vacant Land", "TotalAcres": 625.84 }, "geometry": { "type": "Polygon", "coordinates": [ [ [ -111.645323602501549, 46.971386785278568 ], [ -111.645313438295219, 46.96775290917266 ], [ -111.645303244032576, 46.964119034219422 ], [ -111.645293075922481, 46.96048518459061 ], [ -111.645282909496416, 46.956851307635652 ], [ -111.650624291226805, 46.956877612713292 ], [ -111.655965648651986, 46.95690394807437 ], [ -111.661278977617229, 46.956926531768012 ], [ -111.666127827946084, 46.956946844023818 ], [ -111.66610827735721, 46.9603717166001 ], [ -111.666107140790743, 46.960575247733217 ], [ -111.666087619098334, 46.963995593150742 ], [ -111.666087563366958, 46.964203677791204 ], [ -111.666068097086537, 46.967619466727974 ], [ -111.666066903914341, 46.967832053234687 ], [ -111.666047462568926, 46.971243314170984 ], [ -111.66604740846185, 46.971460426961272 ], [ -111.661229189480437, 46.971443282351039 ], [ -111.655933604500106, 46.971424421807392 ], [ -111.65062860140938, 46.971405589658993 ], [ -111.645323602501549, 46.971386785278568 ] ] ] } },
{ "type": "Feature", "properties": { "CountyName": "Cascade", "OwnerName_Grouped": "SIEBEN RANCH CO", "OwnerName": "SIEBEN LIVESTOCK CO", "OwnerAddre": "PO BOX 835", "OwnerAdd_1": null, "OwnerAdd_2": null, "OwnerCity": "HELENA", "OwnerState": "MT", "PropType": "Vacant Land", "TotalAcres": 628.64 }, "geometry": { "type": "Polygon", "coordinates": [ [ [ -111.645282909496416, 46.956851307635652 ], [ -111.645228069379954, 46.953209430937349 ], [ -111.645173257841009, 46.949567554429414 ], [ -111.645118419442099, 46.945925672863588 ], [ -111.645063576917636, 46.9422837957325 ], [ -111.650282803459177, 46.942280715616739 ], [ -111.655502061522839, 46.942277608303492 ], [ -111.660988198293651, 46.942313276251191 ], [ -111.666173538053059, 46.94234691683689 ], [ -111.666150022735195, 46.945947184302078 ], [ -111.666149663633718, 46.946002352349886 ], [ -111.666126503133867, 46.949547421858711 ], [ -111.666126641879075, 46.949657783976534 ], [ -111.666126484487066, 46.953147631776694 ], [ -111.666126484052072, 46.95330229955389 ], [ -111.666126356771017, 46.956747841719995 ], [ -111.666127827946084, 46.956946844023818 ], [ -111.661278977617229, 46.956926531768012 ], [ -111.655965648651986, 46.95690394807437 ], [ -111.650624291226805, 46.956877612713292 ], [ -111.645282909496416, 46.956851307635652 ] ] ] } },
{ "type": "Feature", "properties": { "CountyName": "Cascade", "OwnerName_Grouped": "SIEBEN RANCH CO", "OwnerName": "SIEBEN LIVESTOCK COMPANY", "OwnerAddre": "PO BOX 835", "OwnerAdd_1": null, "OwnerAdd_2": null, "OwnerCity": "HELENA", "OwnerState": "MT", "PropType": "Vacant Land", "TotalAcres": 545.26 }, "geometry": { "type": "Polygon", "coordinates": [ [ [ -111.771906056429472, 47.061729106987194 ], [ -111.771887634012884, 47.058285311438347 ], [ -111.777015754461701, 47.058223511431656 ], [ -111.782231336202003, 47.058160611356115 ], [ -111.782384849422115, 47.05816061057466 ], [ -111.787495365512754, 47.058156765593409 ], [ -111.790197621033755, 47.058155688819333 ], [ -111.790193045630289, 47.05998810121168 ], [ -111.790188583313324, 47.061770763307017 ], [ -111.79018401045208, 47.063604202676352 ], [ -111.790197715447931, 47.065385836840832 ], [ -111.790212452188641, 47.06729958171767 ], [ -111.790225542339556, 47.069001632842173 ], [ -111.790240895527717, 47.070994965379491 ], [ -111.790246482603521, 47.072617455953839 ], [ -111.788008847606235, 47.072617585800081 ], [ -111.782683137466719, 47.072618157581978 ], [ -111.777328198524472, 47.072619280637674 ], [ -111.771973211813062, 47.07262036791667 ], [ -111.771949445120953, 47.068987456266647 ], [ -111.771925681940544, 47.065354517753093 ], [ -111.771906056429472, 47.061729106987194 ] ] ] } },
{ "type": "Feature", "properties": { "CountyName": "Cascade", "OwnerName_Grouped": "SIEBEN RANCH CO", "OwnerName": "SIEBEN LIVESTOCK COMPANY", "OwnerAddre": "PO BOX 835", "OwnerAdd_1": null, "OwnerAdd_2": null, "OwnerCity": "HELENA", "OwnerState": "MT", "PropType": "Vacant Land", "TotalAcres": 640.0 }, "geometry": { "type": "Polygon", "coordinates": [ [ [ -111.687485285481628, 47.072714342566556 ], [ -111.687461569486402, 47.069089483643445 ], [ -111.687437825036469, 47.065464653403168 ], [ -111.68741410639862, 47.061839793198573 ], [ -111.68739038966406, 47.058214962927131 ], [ -111.692648254814372, 47.058202067048441 ], [ -111.69790611948558, 47.058189173039132 ], [ -111.703163958613743, 47.058176279580664 ], [ -111.708421822362283, 47.05816338841128 ], [ -111.708430229301484, 47.061784579432818 ], [ -111.708438607333946, 47.06540574242463 ], [ -111.708446989042542, 47.069026932569699 ], [ -111.70845536943753, 47.072648124738322 ], [ -111.703212840910311, 47.072664657030991 ], [ -111.69797034260661, 47.072681218173052 ], [ -111.692727815334493, 47.07269777958723 ], [ -111.687485285481628, 47.072714342566556 ] ] ] } },
{ "type": "Feature", "properties": { "CountyName": "Cascade", "OwnerName_Grouped": "SIEBEN RANCH CO", "OwnerName": "SIEBEN LIVESTOCK COMPANY", "OwnerAddre": "PO BOX 835", "OwnerAdd_1": null, "OwnerAdd_2": null, "OwnerCity": "HELENA", "OwnerState": "MT", "PropType": "Vacant Land", "TotalAcres": 640.0 }, "geometry": { "type": "Polygon", "coordinates": [ [ [ -111.682149279265644, 47.058241135875534 ], [ -111.676908166845919, 47.058267339219412 ], [ -111.671666940762506, 47.058293517448519 ], [ -111.666425840459951, 47.058319694832925 ], [ -111.666416775754826, 47.055038061238889 ], [ -111.666415857288399, 47.054701082823101 ], [ -111.666406820377361, 47.05142892319153 ], [ -111.666407763465472, 47.051082473165643 ], [ -111.666398808121315, 47.047819784702511 ], [ -111.666397833435525, 47.047463836374902 ], [ -111.6663889303518, 47.044210673685825 ], [ -111.666389929079202, 47.043845224593625 ], [ -111.671615978793355, 47.043820882973385 ], [ -111.676842103551294, 47.04379651667751 ], [ -111.682068189777794, 47.043772150369222 ], [ -111.687294246496194, 47.043747810893876 ], [ -111.687318268811509, 47.047364585404949 ], [ -111.687342319280617, 47.05098138671601 ], [ -111.687366340338443, 47.054598160086428 ], [ -111.68739038966406, 47.058214962927131 ], [ -111.682149279265644, 47.058241135875534 ] ] ] } },
{ "type": "Feature", "properties": { "CountyName": "Cascade", "OwnerName_Grouped": "SIEBEN RANCH CO", "OwnerName": "SIEBEN LIVESTOCK COMPANY", "OwnerAddre": "PO BOX 835", "OwnerAdd_1": null, "OwnerAdd_2": null, "OwnerCity": "HELENA", "OwnerState": "MT", "PropType": "Vacant Land", "TotalAcres": 320.0 }, "geometry": { "type": "Polygon", "coordinates": [ [ [ -111.687342319280617, 47.05098138671601 ], [ -111.687318268811509, 47.047364585404949 ], [ -111.687294246496194, 47.043747810893876 ], [ -111.692567701510683, 47.043705111754029 ], [ -111.697563295156598, 47.04366469394833 ], [ -111.697841126072518, 47.043664135933014 ], [ -111.703111609628991, 47.043659381990572 ], [ -111.708382094664799, 47.043654604375099 ], [ -111.708392025238652, 47.047281820264374 ], [ -111.708401956155868, 47.050909009414369 ], [ -111.70313782225746, 47.050927457157286 ], [ -111.697873690967128, 47.050945653967034 ], [ -111.692608006402125, 47.050963629621478 ], [ -111.687342319280617, 47.05098138671601 ] ] ] } },
{ "type": "Feature", "properties": { "CountyName": "Cascade", "OwnerName_Grouped": "SIEBEN RANCH CO", "OwnerName": "SIEBEN LIVESTOCK COMPANY", "OwnerAddre": "PO BOX 835", "OwnerAdd_1": null, "OwnerAdd_2": null, "OwnerCity": "HELENA", "OwnerState": "MT", "PropType": "Vacant Land", "TotalAcres": 640.0 }, "geometry": { "type": "Polygon", "coordinates": [ [ [ -111.729632736519875, 47.058119758766395 ], [ -111.724329987846346, 47.058130661411639 ], [ -111.71902728340217, 47.058141578942234 ], [ -111.713724554155192, 47.058152467676983 ], [ -111.708421822362283, 47.05816338841128 ], [ -111.708411888530378, 47.054536198801493 ], [ -111.708401956155868, 47.050909009414369 ], [ -111.708392025238652, 47.047281820264374 ], [ -111.708382094664799, 47.043654604375099 ], [ -111.713668136624989, 47.043663158190917 ], [ -111.718954178586586, 47.043671713992794 ], [ -111.724240250613988, 47.043680297309777 ], [ -111.729526315291935, 47.043688862945125 ], [ -111.729552904569758, 47.047296579956907 ], [ -111.72957952251673, 47.050904295854728 ], [ -111.729606115085645, 47.054512041389962 ], [ -111.729632736519875, 47.058119758766395 ] ] ] } },
{ "type": "Feature", "properties": { "CountyName": "Cascade", "OwnerName_Grouped": "SIEBEN RANCH CO", "OwnerName": "SIEBEN LIVESTOCK COMPANY", "OwnerAddre": "PO BOX 835", "OwnerAdd_1": null, "OwnerAdd_2": null, "OwnerCity": "HELENA", "OwnerState": "MT", "PropType": "Vacant Land", "TotalAcres": 640.0 }, "geometry": { "type": "Polygon", "coordinates": [ [ [ -111.750753586762002, 47.058284984205834 ], [ -111.750573321402698, 47.05828470810745 ], [ -111.750560573062756, 47.05463993572225 ], [ -111.750547827745038, 47.050995191424832 ], [ -111.750535084276166, 47.047350447339753 ], [ -111.750522341377405, 47.043705704407202 ], [ -111.755820455598169, 47.043711361713221 ], [ -111.76111854046512, 47.043717051077692 ], [ -111.766416651408349, 47.043722711980173 ], [ -111.771714731431658, 47.043728397772938 ], [ -111.771736099385606, 47.047367835384634 ], [ -111.771757441191482, 47.05100729991883 ], [ -111.771778781988345, 47.054646762948856 ], [ -111.771800128511288, 47.058286227928292 ], [ -111.766612931496539, 47.058285792361744 ], [ -111.761611083332312, 47.058285381579047 ], [ -111.761425707574574, 47.058285106360124 ], [ -111.75599951766489, 47.058285033365642 ], [ -111.750753586762002, 47.058284984205834 ] ] ] } },
{ "type": "Feature", "properties": { "CountyName": "Cascade", "OwnerName_Grouped": "SIEBEN RANCH CO", "OwnerName": "SIEBEN LIVESTOCK COMPANY", "OwnerAddre": "PO BOX 835", "OwnerAdd_1": null, "OwnerAdd_2": null, "OwnerCity": "HELENA", "OwnerState": "MT", "PropType": "Vacant Land", "TotalAcres": 561.17 }, "geometry": { "type": "Polygon", "coordinates": [ [ [ -111.771736099385606, 47.047367835384634 ], [ -111.771714731431658, 47.043728397772938 ], [ -111.776981966376695, 47.043729934251601 ], [ -111.782249153153231, 47.043731482591085 ], [ -111.787529371244588, 47.04373225124835 ], [ -111.790199119489444, 47.043732425844389 ], [ -111.790199680929646, 47.045548142694742 ], [ -111.790200240841614, 47.047338915866902 ], [ -111.790200804838946, 47.04915752186411 ], [ -111.790200977590288, 47.050945432772309 ], [ -111.790201345999591, 47.052764760906392 ], [ -111.790201715738633, 47.054550561442639 ], [ -111.790202086324001, 47.056372000731322 ], [ -111.790197621033755, 47.058155688819333 ], [ -111.787495365512754, 47.058156765593409 ], [ -111.782384849422115, 47.05816061057466 ], [ -111.782231336202003, 47.058160611356115 ], [ -111.777015754461701, 47.058223511431656 ], [ -111.771887634012884, 47.058285311438347 ], [ -111.771800128511288, 47.058286227928292 ], [ -111.771778781988345, 47.054646762948856 ], [ -111.771757441191482, 47.05100729991883 ], [ -111.771736099385606, 47.047367835384634 ] ] ] } },
{ "type": "Feature", "properties": { "CountyName": "Cascade", "OwnerName_Grouped": "SIEBEN RANCH CO", "OwnerName": "SIEBEN LIVESTOCK COMPANY", "OwnerAddre": "PO BOX 835", "OwnerAdd_1": null, "OwnerAdd_2": null, "OwnerCity": "HELENA", "OwnerState": "MT", "PropType": "Vacant Land", "TotalAcres": 560.8 }, "geometry": { "type": "Polygon", "coordinates": [ [ [ -111.771656139847622, 47.032867872865076 ], [ -111.771636615750651, 47.029247689185539 ], [ -111.776933254759825, 47.02924652913741 ], [ -111.782229908710931, 47.02924535709532 ], [ -111.787524170678608, 47.029244766804005 ], [ -111.790197189895849, 47.029244610449709 ], [ -111.790197476589128, 47.031135160817499 ], [ -111.790197729565236, 47.032861874756783 ], [ -111.790198011470792, 47.034729621176744 ], [ -111.790198124706535, 47.036479143181062 ], [ -111.790198408761086, 47.038334192096158 ], [ -111.790198692572488, 47.040105771255178 ], [ -111.790198973755722, 47.04193873837351 ], [ -111.790199119489444, 47.043732425844389 ], [ -111.787529371244588, 47.04373225124835 ], [ -111.782249153153231, 47.043731482591085 ], [ -111.776981966376695, 47.043729934251601 ], [ -111.771714731431658, 47.043728397772938 ], [ -111.771695200385807, 47.040108213162895 ], [ -111.771675670779231, 47.03648802886601 ], [ -111.771656139847622, 47.032867872865076 ] ] ] } },
{ "type": "Feature", "properties": { "CountyName": "Cascade", "OwnerName_Grouped": "SIEBEN RANCH CO", "OwnerName": "SIEBEN LIVESTOCK COMPANY", "OwnerAddre": "PO BOX 835", "OwnerAdd_1": null, "OwnerAdd_2": null, "OwnerCity": "HELENA", "OwnerState": "MT", "PropType": "Vacant Land", "TotalAcres": 640.0 }, "geometry": { "type": "Polygon", "coordinates": [ [ [ -111.729526315291935, 47.043688862945125 ], [ -111.729500505591943, 47.040085259550423 ], [ -111.729474725643442, 47.036481683866228 ], [ -111.729448917695223, 47.032878109117767 ], [ -111.729423138332862, 47.029274534217798 ], [ -111.734684082954786, 47.029272815295599 ], [ -111.739945025422799, 47.029271095206873 ], [ -111.745205969636785, 47.029269403590135 ], [ -111.750466917231691, 47.029267684586927 ], [ -111.750480763645044, 47.03287720314637 ], [ -111.750494639779632, 47.036486692678473 ], [ -111.750508491471493, 47.040096211860792 ], [ -111.750522341377405, 47.043705704407202 ], [ -111.745273356458299, 47.043701480149601 ], [ -111.740024342847747, 47.043697285243844 ], [ -111.734775329584593, 47.043693058790517 ], [ -111.729526315291935, 47.043688862945125 ] ] ] } },
{ "type": "Feature", "properties": { "CountyName": "Cascade", "OwnerName_Grouped": "SIEBEN RANCH CO", "OwnerName": "SIEBEN LIVESTOCK COMPANY", "OwnerAddre": "PO BOX 835", "OwnerAdd_1": null, "OwnerAdd_2": null, "OwnerCity": "HELENA", "OwnerState": "MT", "PropType": "Vacant Land", "TotalAcres": 360.5 }, "geometry": { "type": "Polygon", "coordinates": [ [ [ -111.708382094664799, 47.043654604375099 ], [ -111.708363467060849, 47.04006033334452 ], [ -111.708344872373956, 47.036466062952002 ], [ -111.708326248638443, 47.032871791705134 ], [ -111.708307653978736, 47.029277523899786 ], [ -111.713594707474698, 47.029276994927748 ], [ -111.718881759130667, 47.02927649839819 ], [ -111.724152453618032, 47.029275499255952 ], [ -111.729423138332862, 47.029274534217798 ], [ -111.729448917695223, 47.032878109117767 ], [ -111.724174394561047, 47.032876878429953 ], [ -111.724196336639039, 47.03647814812981 ], [ -111.718917968058221, 47.036474367923908 ], [ -111.713631405460447, 47.036470340836566 ], [ -111.713649784525629, 47.040066803994023 ], [ -111.713668136624989, 47.043663158190917 ], [ -111.708382094664799, 47.043654604375099 ] ] ] } },
{ "type": "Feature", "properties": { "CountyName": "Cascade", "OwnerName_Grouped": "SIEBEN RANCH CO", "OwnerName": "SIEBEN LIVESTOCK COMPANY", "OwnerAddre": "PO BOX 835", "OwnerAdd_1": null, "OwnerAdd_2": null, "OwnerCity": "HELENA", "OwnerState": "MT", "PropType": "Vacant Land", "TotalAcres": 644.32 }, "geometry": { "type": "Polygon", "coordinates": [ [ [ -111.687294246496194, 47.043747810893876 ], [ -111.687284645582665, 47.040121870716369 ], [ -111.687275039573024, 47.036495932745886 ], [ -111.68726543735643, 47.032870021138187 ], [ -111.687255834131733, 47.029244082875323 ], [ -111.692518791430444, 47.029252441297849 ], [ -111.697781727386982, 47.029260800571578 ], [ -111.703044688227152, 47.029269163412451 ], [ -111.708307653978736, 47.029277523899786 ], [ -111.708326248638443, 47.032871791705134 ], [ -111.708344872373956, 47.036466062952002 ], [ -111.708363467060849, 47.04006033334452 ], [ -111.708382094664799, 47.043654604375099 ], [ -111.703111609628991, 47.043659381990572 ], [ -111.697841126072518, 47.043664135933014 ], [ -111.697563295156598, 47.04366469394833 ], [ -111.692567701510683, 47.043705111754029 ], [ -111.687294246496194, 47.043747810893876 ] ] ] } },
{ "type": "Feature", "properties": { "CountyName": "Cascade", "OwnerName_Grouped": "SIEBEN RANCH CO", "OwnerName": "SIEBEN LIVESTOCK COMPANY", "OwnerAddre": "PO BOX 835", "OwnerAdd_1": null, "OwnerAdd_2": null, "OwnerCity": "HELENA", "OwnerState": "MT", "PropType": "Vacant Land", "TotalAcres": 640.0 }, "geometry": { "type": "Polygon", "coordinates": [ [ [ -111.666305546409461, 47.029337341915905 ], [ -111.666266938603812, 47.025716788804189 ], [ -111.666228344384535, 47.022096244874568 ], [ -111.666189761705553, 47.018475692171961 ], [ -111.666151151427457, 47.014855139554925 ], [ -111.671416332661238, 47.014842442191217 ], [ -111.676681544562072, 47.014829768647019 ], [ -111.681946732566558, 47.014817103750957 ], [ -111.687211922856349, 47.01480441099001 ], [ -111.687222913935642, 47.018414348802921 ], [ -111.687233879154448, 47.022024259616316 ], [ -111.687244867123724, 47.025634173101331 ], [ -111.687255834131733, 47.029244082875323 ], [ -111.682018267985541, 47.029267391075273 ], [ -111.676780705572313, 47.029290727965936 ], [ -111.671543103442403, 47.029314029542263 ], [ -111.666305546409461, 47.029337341915905 ] ] ] } },
{ "type": "Feature", "properties": { "CountyName": "Cascade", "OwnerName_Grouped": "SIEBEN RANCH CO", "OwnerName": "SIEBEN LIVESTOCK COMPANY", "OwnerAddre": "PO BOX 835", "OwnerAdd_1": null, "OwnerAdd_2": null, "OwnerCity": "HELENA", "OwnerState": "MT", "PropType": "Vacant Land", "TotalAcres": 640.0 }, "geometry": { "type": "Polygon", "coordinates": [ [ [ -111.687255834131733, 47.029244082875323 ], [ -111.687244867123724, 47.025634173101331 ], [ -111.687233879154448, 47.022024259616316 ], [ -111.687222913935642, 47.018414348802921 ], [ -111.687211922856349, 47.01480441099001 ], [ -111.692476948263433, 47.014815745410615 ], [ -111.697741949010123, 47.014827081402565 ], [ -111.703006976349741, 47.014838416182783 ], [ -111.708271981873196, 47.014849724569771 ], [ -111.708280907131495, 47.018456689407202 ], [ -111.708289802090704, 47.022063654346617 ], [ -111.708298727599058, 47.025670562374465 ], [ -111.708307653978736, 47.029277523899786 ], [ -111.703044688227152, 47.029269163412451 ], [ -111.697781727386982, 47.029260800571578 ], [ -111.692518791430444, 47.029252441297849 ], [ -111.687255834131733, 47.029244082875323 ] ] ] } },
{ "type": "Feature", "properties": { "CountyName": "Cascade", "OwnerName_Grouped": "SIEBEN RANCH CO", "OwnerName": "SIEBEN LIVESTOCK COMPANY", "OwnerAddre": "PO BOX 835", "OwnerAdd_1": null, "OwnerAdd_2": null, "OwnerCity": "HELENA", "OwnerState": "MT", "PropType": "Vacant Land", "TotalAcres": 640.0 }, "geometry": { "type": "Polygon", "coordinates": [ [ [ -111.729423138332862, 47.029274534217798 ], [ -111.724152453618032, 47.029275499255952 ], [ -111.718881759130667, 47.02927649839819 ], [ -111.713594707474698, 47.029276994927748 ], [ -111.708307653978736, 47.029277523899786 ], [ -111.708298727599058, 47.025670562374465 ], [ -111.708289802090704, 47.022063654346617 ], [ -111.708280907131495, 47.018456689407202 ], [ -111.708271981873196, 47.014849724569771 ], [ -111.713543126552281, 47.014843448111286 ], [ -111.718814245908973, 47.014837174414758 ], [ -111.724085392436734, 47.014830898862634 ], [ -111.729356559577056, 47.014824653094173 ], [ -111.729373191305839, 47.018437117819317 ], [ -111.729389827754829, 47.022049608094413 ], [ -111.729406472169572, 47.02566204370418 ], [ -111.729423138332862, 47.029274534217798 ] ] ] } },
{ "type": "Feature", "properties": { "CountyName": "Cascade", "OwnerName_Grouped": "SIEBEN RANCH CO", "OwnerName": "SIEBEN LIVESTOCK COMPANY", "OwnerAddre": "PO BOX 835", "OwnerAdd_1": null, "OwnerAdd_2": null, "OwnerCity": "HELENA", "OwnerState": "MT", "PropType": "Vacant Land", "TotalAcres": 640.0 }, "geometry": { "type": "Polygon", "coordinates": [ [ [ -111.729423138332862, 47.029274534217798 ], [ -111.729406472169572, 47.02566204370418 ], [ -111.729389827754829, 47.022049608094413 ], [ -111.729373191305839, 47.018437117819317 ], [ -111.729356559577056, 47.014824653094173 ], [ -111.734604372528409, 47.01483165689281 ], [ -111.739852219126107, 47.014838688811551 ], [ -111.745130512421753, 47.014847192828825 ], [ -111.750408807120905, 47.014855666975585 ], [ -111.750423313753416, 47.018458686004507 ], [ -111.750437851356779, 47.022061703961512 ], [ -111.750452375384555, 47.025664694695081 ], [ -111.750466917231691, 47.029267684586927 ], [ -111.745205969636785, 47.029269403590135 ], [ -111.739945025422799, 47.029271095206873 ], [ -111.734684082954786, 47.029272815295599 ], [ -111.729423138332862, 47.029274534217798 ] ] ] } },
{ "type": "Feature", "properties": { "CountyName": "Cascade", "OwnerName_Grouped": "SIEBEN RANCH CO", "OwnerName": "SIEBEN LIVESTOCK COMPANY", "OwnerAddre": "PO BOX 835", "OwnerAdd_1": null, "OwnerAdd_2": null, "OwnerCity": "HELENA", "OwnerState": "MT", "PropType": "Vacant Land", "TotalAcres": 640.0 }, "geometry": { "type": "Polygon", "coordinates": [ [ [ -111.750466917231691, 47.029267684586927 ], [ -111.750452375384555, 47.025664694695081 ], [ -111.750437851356779, 47.022061703961512 ], [ -111.750423313753416, 47.018458686004507 ], [ -111.750408807120905, 47.014855666975585 ], [ -111.755696280491279, 47.014854633457247 ], [ -111.760983727018541, 47.014853598557103 ], [ -111.766271199707418, 47.014852538719204 ], [ -111.771558674479323, 47.014851506643474 ], [ -111.77157813753314, 47.018450550252282 ], [ -111.771597629743695, 47.022049596438386 ], [ -111.77161711946377, 47.025648644014652 ], [ -111.771636615750651, 47.029247689185539 ], [ -111.766344183267393, 47.0292526936949 ], [ -111.761051753650634, 47.029257700330987 ], [ -111.755759347814404, 47.029262705980443 ], [ -111.750466917231691, 47.029267684586927 ] ] ] } },
{ "type": "Feature", "properties": { "CountyName": "Cascade", "OwnerName_Grouped": "SIEBEN RANCH CO", "OwnerName": "SIEBEN LIVESTOCK COMPANY", "OwnerAddre": "PO BOX 835", "OwnerAdd_1": null, "OwnerAdd_2": null, "OwnerCity": "HELENA", "OwnerState": "MT", "PropType": "Vacant Land", "TotalAcres": 320.0 }, "geometry": { "type": "Polygon", "coordinates": [ [ [ -111.771636615750651, 47.029247689185539 ], [ -111.77161711946377, 47.025648644014652 ], [ -111.771597629743695, 47.022049596438386 ], [ -111.77157813753314, 47.018450550252282 ], [ -111.771558674479323, 47.014851506643474 ], [ -111.776892887204809, 47.014851275614362 ], [ -111.782227086904911, 47.014851079122892 ], [ -111.782227778642977, 47.018443927105068 ], [ -111.782228469515132, 47.022036750307734 ], [ -111.782229213053881, 47.025641061592204 ], [ -111.782229908710931, 47.02924535709532 ], [ -111.776933254759825, 47.02924652913741 ], [ -111.771636615750651, 47.029247689185539 ] ] ] } },
{ "type": "Feature", "properties": { "CountyName": "Cascade", "OwnerName_Grouped": "SIEBEN RANCH CO", "OwnerName": "SIEBEN LIVESTOCK COMPANY", "OwnerAddre": "PO BOX 835", "OwnerAdd_1": null, "OwnerAdd_2": null, "OwnerCity": "HELENA", "OwnerState": "MT", "PropType": "Vacant Land", "TotalAcres": 566.44 }, "geometry": { "type": "Polygon", "coordinates": [ [ [ -111.771516687242425, 47.004076647965427 ], [ -111.77150270249777, 47.000485018978132 ], [ -111.776780040535755, 47.000481845106137 ], [ -111.782057366031296, 47.000478674037332 ], [ -111.78734044045423, 47.000477088878476 ], [ -111.790242250741585, 47.000476600253982 ], [ -111.790226981376421, 47.002764657132488 ], [ -111.790215851057908, 47.004090116967802 ], [ -111.7901997637465, 47.006003780167703 ], [ -111.790199674849021, 47.007703634815002 ], [ -111.790199201133277, 47.009602547559041 ], [ -111.790198807356518, 47.011277261378154 ], [ -111.790198338429462, 47.013201285375082 ], [ -111.790198246465152, 47.014850915588234 ], [ -111.787539507729051, 47.014850961274242 ], [ -111.782227086904911, 47.014851079122892 ], [ -111.776892887204809, 47.014851275614362 ], [ -111.771558674479323, 47.014851506643474 ], [ -111.771544685155504, 47.011259878068977 ], [ -111.771530670124989, 47.007668248682627 ], [ -111.771516687242425, 47.004076647965427 ] ] ] } },
{ "type": "Feature", "properties": { "CountyName": "Cascade", "OwnerName_Grouped": "SIEBEN RANCH CO", "OwnerName": "SIEBEN LIVESTOCK COMPANY", "OwnerAddre": "PO BOX 835", "OwnerAdd_1": null, "OwnerAdd_2": null, "OwnerCity": "HELENA", "OwnerState": "MT", "PropType": "Vacant Land", "TotalAcres": 480.0 }, "geometry": { "type": "Polygon", "coordinates": [ [ [ -111.750408807120905, 47.014855666975585 ], [ -111.750393633609789, 47.011264205057508 ], [ -111.750378464906902, 47.007672712911713 ], [ -111.750363295652676, 47.004081250986651 ], [ -111.750348131167669, 47.000489757962271 ], [ -111.75563678853068, 47.000488558049661 ], [ -111.755651653166424, 47.004080327988582 ], [ -111.755666517944064, 47.007671957965449 ], [ -111.760954566534338, 47.007670982303715 ], [ -111.766242618511185, 47.007669754255943 ], [ -111.766228357501177, 47.004078041165698 ], [ -111.766214074130559, 47.00048618765657 ], [ -111.77150270249777, 47.000485018978132 ], [ -111.771516687242425, 47.004076647965427 ], [ -111.771530670124989, 47.007668248682627 ], [ -111.771544685155504, 47.011259878068977 ], [ -111.771558674479323, 47.014851506643474 ], [ -111.766271199707418, 47.014852538719204 ], [ -111.760983727018541, 47.014853598557103 ], [ -111.755696280491279, 47.014854633457247 ], [ -111.750408807120905, 47.014855666975585 ] ] ] } },
{ "type": "Feature", "properties": { "CountyName": "Cascade", "OwnerName_Grouped": "SIEBEN RANCH CO", "OwnerName": "SIEBEN LIVESTOCK COMPANY", "OwnerAddre": "PO BOX 835", "OwnerAdd_1": null, "OwnerAdd_2": null, "OwnerCity": "HELENA", "OwnerState": "MT", "PropType": "Vacant Land", "TotalAcres": 640.0 }, "geometry": { "type": "Polygon", "coordinates": [ [ [ -111.729356559577056, 47.014824653094173 ], [ -111.729342036246095, 47.011240078070955 ], [ -111.72932751760132, 47.007655503444759 ], [ -111.72931302708588, 47.004070954885428 ], [ -111.729298511046522, 47.000486376724858 ], [ -111.734560926418595, 47.000487216147356 ], [ -111.739823317558859, 47.00048808069274 ], [ -111.745085737658542, 47.000488919797768 ], [ -111.750348131167669, 47.000489757962271 ], [ -111.750363295652676, 47.004081250986651 ], [ -111.750378464906902, 47.007672712911713 ], [ -111.750393633609789, 47.011264205057508 ], [ -111.750408807120905, 47.014855666975585 ], [ -111.745130512421753, 47.014847192828825 ], [ -111.739852219126107, 47.014838688811551 ], [ -111.734604372528409, 47.01483165689281 ], [ -111.729356559577056, 47.014824653094173 ] ] ] } },
{ "type": "Feature", "properties": { "CountyName": "Cascade", "OwnerName_Grouped": "SIEBEN RANCH CO", "OwnerName": "SIEBEN LIVESTOCK COMPANY", "OwnerAddre": "PO BOX 835", "OwnerAdd_1": null, "OwnerAdd_2": null, "OwnerCity": "HELENA", "OwnerState": "MT", "PropType": "Vacant Land", "TotalAcres": 640.0 }, "geometry": { "type": "Polygon", "coordinates": [ [ [ -111.708271981873196, 47.014849724569771 ], [ -111.708263307405247, 47.011257176440523 ], [ -111.708254664426164, 47.007664627267417 ], [ -111.708245993746033, 47.004072078206214 ], [ -111.708237347974659, 47.000479528256193 ], [ -111.713502619049223, 47.000481227361441 ], [ -111.718767919949755, 47.000482952076624 ], [ -111.72403322227656, 47.000484651625797 ], [ -111.729298511046522, 47.000486376724858 ], [ -111.72931302708588, 47.004070954885428 ], [ -111.72932751760132, 47.007655503444759 ], [ -111.729342036246095, 47.011240078070955 ], [ -111.729356559577056, 47.014824653094173 ], [ -111.724085392436734, 47.014830898862634 ], [ -111.718814245908973, 47.014837174414758 ], [ -111.713543126552281, 47.014843448111286 ], [ -111.708271981873196, 47.014849724569771 ] ] ] } },
{ "type": "Feature", "properties": { "CountyName": "Cascade", "OwnerName_Grouped": "SIEBEN RANCH CO", "OwnerName": "SIEBEN LIVESTOCK COMPANY", "OwnerAddre": "PO BOX 835", "OwnerAdd_1": null, "OwnerAdd_2": null, "OwnerCity": "HELENA", "OwnerState": "MT", "PropType": "Vacant Land", "TotalAcres": 640.0 }, "geometry": { "type": "Polygon", "coordinates": [ [ [ -111.708271981873196, 47.014849724569771 ], [ -111.703006976349741, 47.014838416182783 ], [ -111.697741949010123, 47.014827081402565 ], [ -111.692476948263433, 47.014815745410615 ], [ -111.687211922856349, 47.01480441099001 ], [ -111.687199708488066, 47.011221472435707 ], [ -111.68718749706882, 47.007638531608173 ], [ -111.687175253373894, 47.004055563982725 ], [ -111.687163041497826, 47.000472624174364 ], [ -111.692431606297205, 47.000474349640442 ], [ -111.697700177432466, 47.000476075656266 ], [ -111.702968775969097, 47.00047780181589 ], [ -111.708237347974659, 47.000479528256193 ], [ -111.708245993746033, 47.004072078206214 ], [ -111.708254664426164, 47.007664627267417 ], [ -111.708263307405247, 47.011257176440523 ], [ -111.708271981873196, 47.014849724569771 ] ] ] } },
{ "type": "Feature", "properties": { "CountyName": "Cascade", "OwnerName_Grouped": "SIEBEN RANCH CO", "OwnerName": "SIEBEN LIVESTOCK CO", "OwnerAddre": "PO BOX 835", "OwnerAdd_1": null, "OwnerAdd_2": null, "OwnerCity": "HELENA", "OwnerState": "MT", "PropType": "Improved Property", "TotalAcres": 640.0 }, "geometry": { "type": "Polygon", "coordinates": [ [ [ -111.666151151427457, 47.014855139554925 ], [ -111.666127067276619, 47.01125944559346 ], [ -111.666102956361215, 47.0076637562344 ], [ -111.666078872319233, 47.004068063273621 ], [ -111.666054758631262, 47.000472368695135 ], [ -111.671331812591248, 47.000472425634349 ], [ -111.676608886528186, 47.000472504585211 ], [ -111.681885974878242, 47.000472565133073 ], [ -111.687163041497826, 47.000472624174364 ], [ -111.687175253373894, 47.004055563982725 ], [ -111.68718749706882, 47.007638531608173 ], [ -111.687199708488066, 47.011221472435707 ], [ -111.687211922856349, 47.01480441099001 ], [ -111.681946732566558, 47.014817103750957 ], [ -111.676681544562072, 47.014829768647019 ], [ -111.671416332661238, 47.014842442191217 ], [ -111.666151151427457, 47.014855139554925 ] ] ] } },
{ "type": "Feature", "properties": { "CountyName": "Cascade", "OwnerName_Grouped": "SIEBEN RANCH CO", "OwnerName": "SIEBEN LIVESTOCK CO", "OwnerAddre": "PO BOX 835", "OwnerAdd_1": null, "OwnerAdd_2": null, "OwnerCity": "HELENA", "OwnerState": "MT", "PropType": "Vacant Land", "TotalAcres": 641.84 }, "geometry": { "type": "Polygon", "coordinates": [ [ [ -111.539525866043789, 47.087875193272005 ], [ -111.539545428659764, 47.084264976746226 ], [ -111.539564992655812, 47.08065475937623 ], [ -111.539604005142138, 47.077052127287992 ], [ -111.539643060246078, 47.073449469294857 ], [ -111.544884340046181, 47.073413425873191 ], [ -111.550125616913661, 47.073377354348871 ], [ -111.555366870549264, 47.073341309107775 ], [ -111.560608151549019, 47.073305234321431 ], [ -111.560636199511023, 47.076928120140835 ], [ -111.560664327457715, 47.080550996622868 ], [ -111.560693819259313, 47.084171570866765 ], [ -111.560723955498261, 47.087875481840072 ], [ -111.555424433478194, 47.087875400018191 ], [ -111.550124912520289, 47.087875340683148 ], [ -111.544825389418676, 47.087875255272536 ], [ -111.539525866043789, 47.087875193272005 ] ] ] } },
{ "type": "Feature", "properties": { "CountyName": "Cascade", "OwnerName_Grouped": "SIEBEN RANCH CO", "OwnerName": "SIEBEN LIVESTOCK CO", "OwnerAddre": "PO BOX 835", "OwnerAdd_1": null, "OwnerAdd_2": null, "OwnerCity": "HELENA", "OwnerState": "MT", "PropType": "Vacant Land", "TotalAcres": 640.0 }, "geometry": { "type": "Polygon", "coordinates": [ [ [ -111.581885769328181, 47.058722688976957 ], [ -111.581881877441134, 47.055098848389783 ], [ -111.581877961139199, 47.051475007583193 ], [ -111.581874070923988, 47.047851144045026 ], [ -111.581870183601552, 47.044227305030546 ], [ -111.58717573362911, 47.044224668942455 ], [ -111.592481318895864, 47.044222028741579 ], [ -111.597786877890798, 47.044219360339149 ], [ -111.603092467997229, 47.044216715808091 ], [ -111.603095411219698, 47.047842357020329 ], [ -111.603098327408276, 47.051468001691575 ], [ -111.603101267759584, 47.055093645266041 ], [ -111.603104210117024, 47.058719260224251 ], [ -111.597799595101108, 47.058720128766211 ], [ -111.592494982783137, 47.058720993049683 ], [ -111.587190373473931, 47.058721827858598 ], [ -111.581885769328181, 47.058722688976957 ] ] ] } },
{ "type": "Feature", "properties": { "CountyName": "Cascade", "OwnerName_Grouped": "SIEBEN RANCH CO", "OwnerName": "SIEBEN LIVESTOCK CO", "OwnerAddre": "PO BOX 835", "OwnerAdd_1": null, "OwnerAdd_2": null, "OwnerCity": "HELENA", "OwnerState": "MT", "PropType": "Vacant Land", "TotalAcres": 640.0 }, "geometry": { "type": "Polygon", "coordinates": [ [ [ -111.640023553043079, 47.058677042970729 ], [ -111.634762204440378, 47.058680891452219 ], [ -111.629500867162392, 47.058684768306975 ], [ -111.624239618212243, 47.058688655901548 ], [ -111.624226872840254, 47.05506887372821 ], [ -111.624214125630644, 47.051449065741849 ], [ -111.6242013749509, 47.047829257197947 ], [ -111.624188628525431, 47.044209476780011 ], [ -111.629464017556586, 47.04421003469637 ], [ -111.634739461375759, 47.044210631440365 ], [ -111.640014915072541, 47.044211230027571 ], [ -111.645290348254292, 47.044211827424697 ], [ -111.645289011336487, 47.047827160634249 ], [ -111.645287646810331, 47.051442497326882 ], [ -111.64528627946693, 47.055057831621625 ], [ -111.645284938414434, 47.058673166560794 ], [ -111.640023553043079, 47.058677042970729 ] ] ] } },
{ "type": "Feature", "properties": { "CountyName": "Cascade", "OwnerName_Grouped": "SIEBEN RANCH CO", "OwnerName": "SIEBEN LIVESTOCK CO", "OwnerAddre": "PO BOX 835", "OwnerAdd_1": null, "OwnerAdd_2": null, "OwnerCity": "HELENA", "OwnerState": "MT", "PropType": "Vacant Land", "TotalAcres": 638.68 }, "geometry": { "type": "Polygon", "coordinates": [ [ [ -111.66642495234349, 47.058647226886912 ], [ -111.66113235507639, 47.05865157389119 ], [ -111.655845075141571, 47.058655917692462 ], [ -111.650565001412829, 47.058664541860225 ], [ -111.645284938414434, 47.058673166560794 ], [ -111.64528627946693, 47.055057831621625 ], [ -111.645287646810331, 47.051442497326882 ], [ -111.645289011336487, 47.047827160634249 ], [ -111.645290348254292, 47.044211827424697 ], [ -111.650589594965496, 47.044211453963555 ], [ -111.655888851278263, 47.044211108963189 ], [ -111.66118525308265, 47.044210877070505 ], [ -111.6663889303518, 47.044210673685825 ], [ -111.666397833435525, 47.047463836374902 ], [ -111.666398808121315, 47.047819784702511 ], [ -111.666407763465472, 47.051082473165643 ], [ -111.666406820377361, 47.05142892319153 ], [ -111.666415857288399, 47.054701082823101 ], [ -111.666416775754826, 47.055038061238889 ], [ -111.666425840459951, 47.058319694832925 ], [ -111.66642495234349, 47.058647226886912 ] ] ] } },
{ "type": "Feature", "properties": { "CountyName": "Cascade", "OwnerName_Grouped": "SIEBEN RANCH CO", "OwnerName": "SIEBEN LIVESTOCK CO", "OwnerAddre": "PO BOX 835", "OwnerAdd_1": null, "OwnerAdd_2": null, "OwnerCity": "HELENA", "OwnerState": "MT", "PropType": "Vacant Land", "TotalAcres": 646.7 }, "geometry": { "type": "Polygon", "coordinates": [ [ [ -111.666389929079202, 47.043845224593625 ], [ -111.6663889303518, 47.044210673685825 ], [ -111.66118525308265, 47.044210877070505 ], [ -111.655888851278263, 47.044211108963189 ], [ -111.650589594965496, 47.044211453963555 ], [ -111.645290348254292, 47.044211827424697 ], [ -111.645296571843971, 47.040437628342744 ], [ -111.645302792339038, 47.036663404172707 ], [ -111.645335596644244, 47.033006735697903 ], [ -111.645368371612946, 47.029350068852324 ], [ -111.650672996569355, 47.02936483574846 ], [ -111.655977627545198, 47.029379630663321 ], [ -111.661356769826796, 47.029357678848704 ], [ -111.666305546409461, 47.029337341915905 ], [ -111.666326624403595, 47.032964367765508 ], [ -111.66634772645493, 47.036591394422615 ], [ -111.666368829555154, 47.04021830885744 ], [ -111.666369885041263, 47.040401034285367 ], [ -111.666389929079202, 47.043845224593625 ] ] ] } },
{ "type": "Feature", "properties": { "CountyName": "Cascade", "OwnerName_Grouped": "SIEBEN RANCH CO", "OwnerName": "SIEBEN LIVESTOCK CO", "OwnerAddre": "PO BOX 835", "OwnerAdd_1": null, "OwnerAdd_2": null, "OwnerCity": "HELENA", "OwnerState": "MT", "PropType": "Vacant Land", "TotalAcres": 657.6 }, "geometry": { "type": "Polygon", "coordinates": [ [ [ -111.624188628525431, 47.044209476780011 ], [ -111.624190739137106, 47.040349110383524 ], [ -111.624192850622563, 47.03648877093805 ], [ -111.624205627385564, 47.032957161055776 ], [ -111.624218404886022, 47.029425576774045 ], [ -111.629511338873272, 47.02943346757931 ], [ -111.634804335805967, 47.029441399002749 ], [ -111.640086338711598, 47.029395746671412 ], [ -111.645368371612946, 47.029350068852324 ], [ -111.645335596644244, 47.033006735697903 ], [ -111.645302792339038, 47.036663404172707 ], [ -111.645296571843971, 47.040437628342744 ], [ -111.645290348254292, 47.044211827424697 ], [ -111.640014915072541, 47.044211230027571 ], [ -111.634739461375759, 47.044210631440365 ], [ -111.629464017556586, 47.04421003469637 ], [ -111.624188628525431, 47.044209476780011 ] ] ] } },
{ "type": "Feature", "properties": { "CountyName": "Cascade", "OwnerName_Grouped": "SIEBEN RANCH CO", "OwnerName": "SIEBEN LIVESTOCK CO", "OwnerAddre": "PO BOX 835", "OwnerAdd_1": null, "OwnerAdd_2": null, "OwnerCity": "HELENA", "OwnerState": "MT", "PropType": "Improved Property", "TotalAcres": 650.6 }, "geometry": { "type": "Polygon", "coordinates": [ [ [ -111.603092467997229, 47.044216715808091 ], [ -111.603089303894251, 47.040594323900855 ], [ -111.603086136377257, 47.036971932351747 ], [ -111.603084747619633, 47.03333734788675 ], [ -111.603083388105773, 47.029702763188645 ], [ -111.608367145520603, 47.029633477273563 ], [ -111.613650905517346, 47.029564159835246 ], [ -111.618934641476258, 47.029494869890357 ], [ -111.624218404886022, 47.029425576774045 ], [ -111.624205627385564, 47.032957161055776 ], [ -111.624192850622563, 47.03648877093805 ], [ -111.624190739137106, 47.040349110383524 ], [ -111.624188628525431, 47.044209476780011 ], [ -111.618914584186498, 47.044211297350977 ], [ -111.613640542596727, 47.044213086703394 ], [ -111.608366503341713, 47.044214901569184 ], [ -111.603092467997229, 47.044216715808091 ] ] ] } },
{ "type": "Feature", "properties": { "CountyName": "Cascade", "OwnerName_Grouped": "SIEBEN RANCH CO", "OwnerName": "SIEBEN LIVESTOCK CO", "OwnerAddre": "PO BOX 835", "OwnerAdd_1": null, "OwnerAdd_2": null, "OwnerCity": "HELENA", "OwnerState": "MT", "PropType": "Vacant Land", "TotalAcres": 480.0 }, "geometry": { "type": "Polygon", "coordinates": [ [ [ -111.581869210011931, 47.04060474589587 ], [ -111.581868239129719, 47.036982216714058 ], [ -111.58186993366138, 47.033347049432557 ], [ -111.581871629383784, 47.029711882424841 ], [ -111.587174545209379, 47.029709603937498 ], [ -111.592477488651255, 47.029707327057324 ], [ -111.597780438468675, 47.029705046767724 ], [ -111.603083388105773, 47.029702763188645 ], [ -111.603084747619633, 47.03333734788675 ], [ -111.603086136377257, 47.036971932351747 ], [ -111.603089303894251, 47.040594323900855 ], [ -111.597784824264011, 47.040597190431583 ], [ -111.592480375466621, 47.040599805408547 ], [ -111.587174791229373, 47.040602387269693 ], [ -111.581869210011931, 47.04060474589587 ] ] ] } },
{ "type": "Feature", "properties": { "CountyName": "Cascade", "OwnerName_Grouped": "SIEBEN RANCH CO", "OwnerName": "SIEBEN LIVESTOCK CO", "OwnerAddre": "PO BOX 835", "OwnerAdd_1": null, "OwnerAdd_2": null, "OwnerCity": "HELENA", "OwnerState": "MT", "PropType": "Vacant Land", "TotalAcres": 640.0 }, "geometry": { "type": "Polygon", "coordinates": [ [ [ -111.56062043058688, 47.044270020342204 ], [ -111.560623566567784, 47.040628460374514 ], [ -111.560626673549507, 47.036986874171575 ], [ -111.560629810341595, 47.033345318313629 ], [ -111.560632949442805, 47.029703762697558 ], [ -111.565942605449777, 47.029705798734788 ], [ -111.571252292427062, 47.029707834812626 ], [ -111.576561938433883, 47.029709848821845 ], [ -111.581871629383784, 47.029711882424841 ], [ -111.58186993366138, 47.033347049432557 ], [ -111.581868239129719, 47.036982216714058 ], [ -111.581869210011931, 47.04060474589587 ], [ -111.581870183601552, 47.044227305030546 ], [ -111.576557743535119, 47.044237994824314 ], [ -111.57124530026995, 47.044248648125198 ], [ -111.5659328657148, 47.044259334946688 ], [ -111.56062043058688, 47.044270020342204 ] ] ] } },
{ "type": "Feature", "properties": { "CountyName": "Cascade", "OwnerName_Grouped": "SIEBEN RANCH CO", "OwnerName": "SIEBEN LIVESTOCK CO", "OwnerAddre": "PO BOX 835", "OwnerAdd_1": null, "OwnerAdd_2": null, "OwnerCity": "HELENA", "OwnerState": "MT", "PropType": "Vacant Land", "TotalAcres": 320.0 }, "geometry": { "type": "Polygon", "coordinates": [ [ [ -111.581871629383784, 47.029711882424841 ], [ -111.576561938433883, 47.029709848821845 ], [ -111.571252292427062, 47.029707834812626 ], [ -111.565942605449777, 47.029705798734788 ], [ -111.560632949442805, 47.029703762697558 ], [ -111.560637418380225, 47.026051402413714 ], [ -111.565947271482429, 47.026052300899941 ], [ -111.565951988392854, 47.022398736713136 ], [ -111.571262006463371, 47.022398104383377 ], [ -111.576572015488125, 47.022397234142467 ], [ -111.576577042863292, 47.018740594313265 ], [ -111.581887232271271, 47.01873820726852 ], [ -111.581882040349313, 47.022396123737693 ], [ -111.581876823726944, 47.02605396262382 ], [ -111.581871629383784, 47.029711882424841 ] ] ] } },
{ "type": "Feature", "properties": { "CountyName": "Cascade", "OwnerName_Grouped": "SIEBEN RANCH CO", "OwnerName": "SIEBEN LIVESTOCK CO", "OwnerAddre": "PO BOX 835", "OwnerAdd_1": null, "OwnerAdd_2": null, "OwnerCity": "HELENA", "OwnerState": "MT", "PropType": "Improved Property", "TotalAcres": 640.0 }, "geometry": { "type": "Polygon", "coordinates": [ [ [ -111.581871629383784, 47.029711882424841 ], [ -111.581876823726944, 47.02605396262382 ], [ -111.581882040349313, 47.022396123737693 ], [ -111.581887232271271, 47.01873820726852 ], [ -111.58189242483472, 47.015080289302603 ], [ -111.587188113676561, 47.015070898673372 ], [ -111.592483775925288, 47.015061506716094 ], [ -111.59777947061518, 47.015052141165448 ], [ -111.603075134826753, 47.01504274104655 ], [ -111.603077224213735, 47.018707745856013 ], [ -111.603079282054466, 47.022372775880179 ], [ -111.603081332157359, 47.026037733425277 ], [ -111.603083388105773, 47.029702763188645 ], [ -111.597780438468675, 47.029705046767724 ], [ -111.592477488651255, 47.029707327057324 ], [ -111.587174545209379, 47.029709603937498 ], [ -111.581871629383784, 47.029711882424841 ] ] ] } },
{ "type": "Feature", "properties": { "CountyName": "Cascade", "OwnerName_Grouped": "SIEBEN RANCH CO", "OwnerName": "SIEBEN LIVESTOCK CO", "OwnerAddre": "PO BOX 835", "OwnerAdd_1": null, "OwnerAdd_2": null, "OwnerCity": "HELENA", "OwnerState": "MT", "PropType": "Improved Property", "TotalAcres": 641.0 }, "geometry": { "type": "Polygon", "coordinates": [ [ [ -111.603083388105773, 47.029702763188645 ], [ -111.603081332157359, 47.026037733425277 ], [ -111.603079282054466, 47.022372775880179 ], [ -111.603077224213735, 47.018707745856013 ], [ -111.603075134826753, 47.01504274104655 ], [ -111.608354664038529, 47.015012065668337 ], [ -111.613634167433716, 47.01498141377887 ], [ -111.618913700648775, 47.014950760041678 ], [ -111.624193232099401, 47.014920104138291 ], [ -111.624199520363163, 47.01854646664728 ], [ -111.6242058317427, 47.022172857025375 ], [ -111.624212124623355, 47.025799188692169 ], [ -111.624218404886022, 47.029425576774045 ], [ -111.618934641476258, 47.029494869890357 ], [ -111.613650905517346, 47.029564159835246 ], [ -111.608367145520603, 47.029633477273563 ], [ -111.603083388105773, 47.029702763188645 ] ] ] } },
{ "type": "Feature", "properties": { "CountyName": "Cascade", "OwnerName_Grouped": "SIEBEN RANCH CO", "OwnerName": "SIEBEN LIVESTOCK CO", "OwnerAddre": "PO BOX 835", "OwnerAdd_1": null, "OwnerAdd_2": null, "OwnerCity": "HELENA", "OwnerState": "MT", "PropType": "Improved Property", "TotalAcres": 640.0 }, "geometry": { "type": "Polygon", "coordinates": [ [ [ -111.645368371612946, 47.029350068852324 ], [ -111.640086338711598, 47.029395746671412 ], [ -111.634804335805967, 47.029441399002749 ], [ -111.629511338873272, 47.02943346757931 ], [ -111.624218404886022, 47.029425576774045 ], [ -111.624212124623355, 47.025799188692169 ], [ -111.6242058317427, 47.022172857025375 ], [ -111.624199520363163, 47.01854646664728 ], [ -111.624193232099401, 47.014920104138291 ], [ -111.629477353144736, 47.014920953680331 ], [ -111.634761504309807, 47.014921882090398 ], [ -111.64005602365026, 47.014927758161171 ], [ -111.645350572347922, 47.01493363383608 ], [ -111.645355030520179, 47.018537747010157 ], [ -111.645359457608123, 47.02214185577418 ], [ -111.645363919321369, 47.025745957082037 ], [ -111.645368371612946, 47.029350068852324 ] ] ] } },
{ "type": "Feature", "properties": { "CountyName": "Cascade", "OwnerName_Grouped": "SIEBEN RANCH CO", "OwnerName": "SIEBEN LIVESTOCK CO", "OwnerAddre": "PO BOX 835", "OwnerAdd_1": null, "OwnerAdd_2": null, "OwnerCity": "HELENA", "OwnerState": "MT", "PropType": "Improved Property", "TotalAcres": 627.76 }, "geometry": { "type": "Polygon", "coordinates": [ [ [ -111.645368371612946, 47.029350068852324 ], [ -111.645363919321369, 47.025745957082037 ], [ -111.645359457608123, 47.02214185577418 ], [ -111.645355030520179, 47.018537747010157 ], [ -111.645350572347922, 47.01493363383608 ], [ -111.650649519886528, 47.014910791608465 ], [ -111.65594846750767, 47.01488794991851 ], [ -111.66124322496826, 47.01487072264527 ], [ -111.666151151427457, 47.014855139554925 ], [ -111.666189761705553, 47.018475692171961 ], [ -111.666228344384535, 47.022096244874568 ], [ -111.666266938603812, 47.025716788804189 ], [ -111.666305546409461, 47.029337341915905 ], [ -111.661356769826796, 47.029357678848704 ], [ -111.655977627545198, 47.029379630663321 ], [ -111.650672996569355, 47.02936483574846 ], [ -111.645368371612946, 47.029350068852324 ] ] ] } },
{ "type": "Feature", "properties": { "CountyName": "Cascade", "OwnerName_Grouped": "SIEBEN RANCH CO", "OwnerName": "SIEBEN LIVESTOCK CO", "OwnerAddre": "PO BOX 835", "OwnerAdd_1": null, "OwnerAdd_2": null, "OwnerCity": "HELENA", "OwnerState": "MT", "PropType": "Vacant Land", "TotalAcres": 626.96 }, "geometry": { "type": "Polygon", "coordinates": [ [ [ -111.645350572347922, 47.01493363383608 ], [ -111.645351728140383, 47.011307439845552 ], [ -111.64535287970422, 47.007681273342698 ], [ -111.645354028643894, 47.004055075786042 ], [ -111.645355202703925, 47.000428882685945 ], [ -111.650650973260227, 47.000437707701174 ], [ -111.655946742378873, 47.000446536329399 ], [ -111.66123904455209, 47.000459866704432 ], [ -111.666054758631262, 47.000472368695135 ], [ -111.666078872319233, 47.004068063273621 ], [ -111.666102956361215, 47.0076637562344 ], [ -111.666127067276619, 47.01125944559346 ], [ -111.666151151427457, 47.014855139554925 ], [ -111.66124322496826, 47.01487072264527 ], [ -111.65594846750767, 47.01488794991851 ], [ -111.650649519886528, 47.014910791608465 ], [ -111.645350572347922, 47.01493363383608 ] ] ] } },
{ "type": "Feature", "properties": { "CountyName": "Cascade", "OwnerName_Grouped": "SIEBEN RANCH CO", "OwnerName": "SIEBEN LIVESTOCK CO", "OwnerAddre": "PO BOX 835", "OwnerAdd_1": null, "OwnerAdd_2": null, "OwnerCity": "HELENA", "OwnerState": "MT", "PropType": "Vacant Land", "TotalAcres": 640.0 }, "geometry": { "type": "Polygon", "coordinates": [ [ [ -111.603075134826753, 47.01504274104655 ], [ -111.603067769421202, 47.011394657205337 ], [ -111.603060399651369, 47.007746568431116 ], [ -111.603053028325292, 47.004098479188947 ], [ -111.603045655372526, 47.00045038769408 ], [ -111.608339264979762, 47.000447266928298 ], [ -111.613632904358354, 47.000444171860551 ], [ -111.618926546345975, 47.000441047165772 ], [ -111.624220187909401, 47.000437948724617 ], [ -111.624213452587711, 47.004058481720598 ], [ -111.624206712481154, 47.007679014323145 ], [ -111.624199974094395, 47.011299544596312 ], [ -111.624193232099401, 47.014920104138291 ], [ -111.618913700648775, 47.014950760041678 ], [ -111.613634167433716, 47.01498141377887 ], [ -111.608354664038529, 47.015012065668337 ], [ -111.603075134826753, 47.01504274104655 ] ] ] } },
{ "type": "Feature", "properties": { "CountyName": "Cascade", "OwnerName_Grouped": "SIEBEN RANCH CO", "OwnerName": "SIEBEN LIVESTOCK COMPANY", "OwnerAddre": "PO BOX 835", "OwnerAdd_1": null, "OwnerAdd_2": null, "OwnerCity": "HELENA", "OwnerState": "MT", "PropType": "Vacant Land", "TotalAcres": 635.2 }, "geometry": { "type": "Polygon", "coordinates": [ [ [ -111.496827131451056, 47.087925508621694 ], [ -111.496815747335901, 47.084424232659273 ], [ -111.496804111759403, 47.080799482144421 ], [ -111.496796228453576, 47.077168509872884 ], [ -111.496788359965791, 47.073537514982419 ], [ -111.502092536250757, 47.073517073240922 ], [ -111.507396812599993, 47.073496667887134 ], [ -111.512701061263442, 47.073476265136762 ], [ -111.518005311172089, 47.073455862683808 ], [ -111.518027409049438, 47.077096469901385 ], [ -111.51804948922603, 47.080737049684792 ], [ -111.518050513474165, 47.08436671439604 ], [ -111.518050953234422, 47.087901714383889 ], [ -111.512744988857705, 47.087907649853591 ], [ -111.507439020893656, 47.087913591065345 ], [ -111.502133054349954, 47.087919531628437 ], [ -111.496827131451056, 47.087925508621694 ] ] ] } },
{ "type": "Feature", "properties": { "CountyName": "Cascade", "OwnerName_Grouped": "SIEBEN RANCH CO", "OwnerName": "SIEBEN LIVESTOCK COMPANY", "OwnerAddre": "PO BOX 835", "OwnerAdd_1": null, "OwnerAdd_2": null, "OwnerCity": "HELENA", "OwnerState": "MT", "PropType": "Improved Property", "TotalAcres": 649.92 }, "geometry": { "type": "Polygon", "coordinates": [ [ [ -111.518050953234422, 47.087901714383889 ], [ -111.518050513474165, 47.08436671439604 ], [ -111.51804948922603, 47.080737049684792 ], [ -111.518027409049438, 47.077096469901385 ], [ -111.518005311172089, 47.073455862683808 ], [ -111.523283867638938, 47.073450436756119 ], [ -111.528562407643605, 47.073445022867134 ], [ -111.533849410978377, 47.07344754043195 ], [ -111.539643060246078, 47.073449469294857 ], [ -111.539604005142138, 47.077052127287992 ], [ -111.539564992655812, 47.08065475937623 ], [ -111.539545428659764, 47.084264976746226 ], [ -111.539525866043789, 47.087875193272005 ], [ -111.534061556447725, 47.087881883158246 ], [ -111.533940244200224, 47.087882023910716 ], [ -111.528696253605077, 47.087888459689161 ], [ -111.528643276335572, 47.087888515624321 ], [ -111.523373587997227, 47.08789508164179 ], [ -111.523347113864247, 47.087895108577158 ], [ -111.518050953234422, 47.087901714383889 ] ] ] } },
{ "type": "Feature", "properties": { "CountyName": "Cascade", "OwnerName_Grouped": "SIEBEN RANCH CO", "OwnerName": "SIEBEN LIVESTOCK COMPANY", "OwnerAddre": "PO BOX 835", "OwnerAdd_1": null, "OwnerAdd_2": null, "OwnerCity": "HELENA", "OwnerState": "MT", "PropType": "Improved Property", "TotalAcres": 654.96 }, "geometry": { "type": "Polygon", "coordinates": [ [ [ -111.518005311172089, 47.073455862683808 ], [ -111.517985208080546, 47.069817121164014 ], [ -111.517965133108717, 47.066178351431105 ], [ -111.517945031837385, 47.062539612980714 ], [ -111.517924958484699, 47.058900876061465 ], [ -111.523218602503448, 47.058894340099826 ], [ -111.528512259741532, 47.058887873613301 ], [ -111.533806350236034, 47.058884588882862 ], [ -111.539582172020559, 47.058880686782587 ], [ -111.539597406015403, 47.062522866145059 ], [ -111.53961261168088, 47.066165075030888 ], [ -111.539627851446639, 47.069807257392462 ], [ -111.539643060246078, 47.073449469294857 ], [ -111.533849410978377, 47.07344754043195 ], [ -111.528562407643605, 47.073445022867134 ], [ -111.523283867638938, 47.073450436756119 ], [ -111.518005311172089, 47.073455862683808 ] ] ] } },
{ "type": "Feature", "properties": { "CountyName": "Cascade", "OwnerName_Grouped": "SIEBEN RANCH CO", "OwnerName": "SIEBEN LIVESTOCK CO", "OwnerAddre": "PO BOX 835", "OwnerAdd_1": null, "OwnerAdd_2": null, "OwnerCity": "HELENA", "OwnerState": "MT", "PropType": "Vacant Land", "TotalAcres": 642.76 }, "geometry": { "type": "Polygon", "coordinates": [ [ [ -111.539466597969408, 47.102399281206516 ], [ -111.534076455108121, 47.102401555385207 ], [ -111.528771320990714, 47.102403826381824 ], [ -111.523460544860228, 47.102406146939579 ], [ -111.518149768380908, 47.102408503429032 ], [ -111.518125043190622, 47.098781804124414 ], [ -111.518100346555812, 47.095155106221092 ], [ -111.518075645501014, 47.091528409413456 ], [ -111.518050953234422, 47.087901714383889 ], [ -111.523347113864247, 47.087895108577158 ], [ -111.523373587997227, 47.08789508164179 ], [ -111.528643276335572, 47.087888515624321 ], [ -111.528696253605077, 47.087888459689161 ], [ -111.533940244200224, 47.087882023910716 ], [ -111.534061556447725, 47.087881883158246 ], [ -111.539525866043789, 47.087875193272005 ], [ -111.539511059972739, 47.0915062197504 ], [ -111.539496225966587, 47.095137220650059 ], [ -111.539481396417926, 47.098768250301752 ], [ -111.539466597969408, 47.102399281206516 ] ] ] } }
]
}
