{
"type": "FeatureCollection",
"name": "8-NATURE-CONSERVANCY",
"crs": { "type": "name", "properties": { "name": "urn:ogc:def:crs:OGC:1.3:CRS84" } },
"features": [
{ "type": "Feature", "properties": { "CountyName": "Lincoln", "OwnerName_Grouped": "NATURE CONSERVANCY", "OwnerName": "NATURE CONSERVANCY", "OwnerAddre": "MAIL TO BIG SKY FIELD OFFICE", "OwnerAdd_1": "32 S EWING ST", "OwnerAdd_2": null, "OwnerCity": "HELENA", "OwnerState": "MT", "PropType": "Vacant Land", "TotalAcres": 120.0, "BlockID": "8-019", "BlockAcres": 680.0, "BlockParcelCount": 3 }, "geometry": { "type": "Polygon", "coordinates": [ [ [ -115.074886956915748, 48.952331620691211 ], [ -115.069426041436515, 48.952307987630824 ], [ -115.069415350358327, 48.952307857177246 ], [ -115.06901844008496, 48.952306140608819 ], [ -115.067912495989347, 48.952301355711207 ], [ -115.066568467195751, 48.952295230205493 ], [ -115.065305959356536, 48.952289782184721 ], [ -115.063965666266, 48.952283990385943 ], [ -115.063971586134386, 48.951386073826583 ], [ -115.063971464314037, 48.951374810665115 ], [ -115.063976906880683, 48.950491431048974 ], [ -115.06397712182229, 48.950465547631097 ], [ -115.063982538985485, 48.949609844958665 ], [ -115.063988597005803, 48.948665041437359 ], [ -115.069447685420315, 48.948688275047637 ], [ -115.074906889654301, 48.948711068935793 ], [ -115.080365501978733, 48.948733991853409 ], [ -115.080356293288844, 48.950545050592744 ], [ -115.080347314645977, 48.952355646089529 ], [ -115.074886956915748, 48.952331620691211 ] ] ] } },
{ "type": "Feature", "properties": { "CountyName": "Lincoln", "OwnerName_Grouped": "NATURE CONSERVANCY", "OwnerName": "NATURE CONSERVANCY", "OwnerAddre": "32 S EWING ST", "OwnerAdd_1": null, "OwnerAdd_2": null, "OwnerCity": "HELENA", "OwnerState": "MT", "PropType": "Vacant Land", "TotalAcres": 400.0, "BlockID": "8-019", "BlockAcres": 680.0, "BlockParcelCount": 3 }, "geometry": { "type": "Polygon", "coordinates": [ [ [ -115.085716623304776, 48.948756592242653 ], [ -115.083117798529301, 48.948745499815281 ], [ -115.082993736801413, 48.948745023447017 ], [ -115.080365501978733, 48.948733991853409 ], [ -115.074906889654301, 48.948711068935793 ], [ -115.069447685420315, 48.948688275047637 ], [ -115.063988597005803, 48.948665041437359 ], [ -115.063990647317453, 48.948055612648474 ], [ -115.063992833374158, 48.947446173601918 ], [ -115.063995008521303, 48.946836646428793 ], [ -115.063998254961476, 48.945919018936983 ], [ -115.064001402350286, 48.945049898692616 ], [ -115.069467437097018, 48.945071344616039 ], [ -115.074933766375807, 48.945092702358927 ], [ -115.074960940097952, 48.941474588304729 ], [ -115.074988314269149, 48.937855822581895 ], [ -115.075015134687689, 48.934236997771002 ], [ -115.080503361679106, 48.934253688743873 ], [ -115.085991736506131, 48.934270119565817 ], [ -115.085970344875946, 48.936095660927514 ], [ -115.085949633559594, 48.937885829182697 ], [ -115.085949896227916, 48.937892037426629 ], [ -115.085935538991166, 48.939104830910239 ], [ -115.085921853541493, 48.940312453762772 ], [ -115.085907901948914, 48.941513866493935 ], [ -115.085866134818531, 48.945135310243522 ], [ -115.085824662886751, 48.948757008254795 ], [ -115.085716623304776, 48.948756592242653 ] ] ] } },
{ "type": "Feature", "properties": { "CountyName": "Lincoln", "OwnerName_Grouped": "NATURE CONSERVANCY", "OwnerName": "NATURE CONSERVANCY", "OwnerAddre": "32 S EWING ST", "OwnerAdd_1": null, "OwnerAdd_2": null, "OwnerCity": "HELENA", "OwnerState": "MT", "PropType": "Vacant Land", "TotalAcres": 160.0, "BlockID": "8-019", "BlockAcres": 680.0, "BlockParcelCount": 3 }, "geometry": { "type": "Polygon", "coordinates": [ [ [ -115.075015134687689, 48.934236997771002 ], [ -115.074988314269149, 48.937855822581895 ], [ -115.074960940097952, 48.941474588304729 ], [ -115.074933766375807, 48.945092702358927 ], [ -115.069467437097018, 48.945071344616039 ], [ -115.069487335952658, 48.94145448719226 ], [ -115.069497423412855, 48.939650511605649 ], [ -115.069507365644611, 48.937837615207826 ], [ -115.064026279409731, 48.937819162700023 ], [ -115.064023704960505, 48.93693254526876 ], [ -115.064032331307757, 48.93602800281419 ], [ -115.064038815747494, 48.934204094926301 ], [ -115.069527110831444, 48.934220658915848 ], [ -115.075015134687689, 48.934236997771002 ] ] ] } },
{ "type": "Feature", "properties": { "CountyName": "Glacier", "OwnerName_Grouped": "NATURE CONSERVANCY", "OwnerName": "NATURE CONSERVANCY", "OwnerAddre": "32 S EWING ST", "OwnerAdd_1": null, "OwnerAdd_2": null, "OwnerCity": "HELENA", "OwnerState": "MT", "PropType": "Vacant Land", "TotalAcres": 320.0, "BlockID": "8-017", "BlockAcres": 954.89, "BlockParcelCount": 5 }, "geometry": { "type": "Polygon", "coordinates": [ [ [ -113.009809310802183, 48.487167865342414 ], [ -113.009820478012116, 48.483548760958463 ], [ -113.015262050046942, 48.483555852427038 ], [ -113.0152573065605, 48.485365465701733 ], [ -113.02069935879473, 48.485372843060141 ], [ -113.020695096528854, 48.487182031538481 ], [ -113.020686573933901, 48.490800404033614 ], [ -113.020678052934102, 48.494417628246225 ], [ -113.023397441669673, 48.4944210629737 ], [ -113.023389061215539, 48.498038141860007 ], [ -113.020669530871743, 48.498034845996905 ], [ -113.015229976747491, 48.498029189194092 ], [ -113.009790427485456, 48.498025182918795 ], [ -113.009792816598932, 48.494406077780702 ], [ -113.009799600342291, 48.490786972048397 ], [ -113.009809310802183, 48.487167865342414 ] ] ] } },
{ "type": "Feature", "properties": { "CountyName": "Glacier", "OwnerName_Grouped": "NATURE CONSERVANCY", "OwnerName": "NATURE CONSERVANCY", "OwnerAddre": "32 S EWING ST", "OwnerAdd_1": null, "OwnerAdd_2": null, "OwnerCity": "HELENA", "OwnerState": "MT", "PropType": "Vacant Land", "TotalAcres": 317.93, "BlockID": "8-017", "BlockAcres": 954.89, "BlockParcelCount": 5 }, "geometry": { "type": "Polygon", "coordinates": [ [ [ -113.009790427485456, 48.498025182918795 ], [ -113.004355947688566, 48.498023201406347 ], [ -112.998921469690899, 48.498022157812791 ], [ -112.998926123136357, 48.494403328647792 ], [ -112.998930775753607, 48.490784488520873 ], [ -112.998935431845268, 48.487163082806937 ], [ -112.998940088641049, 48.483541668804669 ], [ -113.001660497684469, 48.4835421389744 ], [ -113.003020909410964, 48.483542691906493 ], [ -113.004381316905992, 48.48354360833914 ], [ -113.009820478012116, 48.483548760958463 ], [ -113.009809310802183, 48.487167865342414 ], [ -113.009799600342291, 48.490786972048397 ], [ -113.009792816598932, 48.494406077780702 ], [ -113.009790427485456, 48.498025182918795 ] ], [ [ -113.002200742684323, 48.485874363055487 ], [ -113.003438207445257, 48.48587491136324 ], [ -113.003439480324204, 48.485052004289358 ], [ -113.002201724982854, 48.48505137607696 ], [ -113.002200742684323, 48.485874363055487 ] ] ] } },
{ "type": "Feature", "properties": { "CountyName": "Glacier", "OwnerName_Grouped": "NATURE CONSERVANCY", "OwnerName": "NATURE CONSERVANCY", "OwnerAddre": "32 S EWING ST", "OwnerAdd_1": null, "OwnerAdd_2": null, "OwnerCity": "HELENA", "OwnerState": "MT", "PropType": "Vacant Land", "TotalAcres": 20.0, "BlockID": "8-017", "BlockAcres": 954.89, "BlockParcelCount": 5 }, "geometry": { "type": "Polygon", "coordinates": [ [ [ -112.985338252904043, 48.487161454915793 ], [ -112.985341781546481, 48.483541939751348 ], [ -112.988061750772729, 48.483541903134665 ], [ -112.98805821171544, 48.487161453101564 ], [ -112.985338252904043, 48.487161454915793 ] ] ] } },
{ "type": "Feature", "properties": { "CountyName": "Glacier", "OwnerName_Grouped": "NATURE CONSERVANCY", "OwnerName": "NATURE CONSERVANCY", "OwnerAddre": "32 S EWING ST", "OwnerAdd_1": null, "OwnerAdd_2": null, "OwnerCity": "HELENA", "OwnerState": "MT", "PropType": "Vacant Land", "TotalAcres": 217.45, "BlockID": "8-017", "BlockAcres": 954.89, "BlockParcelCount": 5 }, "geometry": { "type": "Polygon", "coordinates": [ [ [ -112.988099849894155, 48.479961249492732 ], [ -112.988138895183923, 48.476335176253755 ], [ -112.993582976179596, 48.476348141716834 ], [ -112.999027057156525, 48.476360855669135 ], [ -113.001749229332049, 48.476367118462989 ], [ -113.003109822697283, 48.476370376905955 ], [ -113.00307452127376, 48.478182930432517 ], [ -113.003069849754638, 48.479089310483673 ], [ -113.00306518089721, 48.479995691736825 ], [ -113.003020909410964, 48.483542691906493 ], [ -113.001660497684469, 48.4835421389744 ], [ -112.998940088641049, 48.483541668804669 ], [ -112.993500922481545, 48.483541639959732 ], [ -112.988061750772729, 48.483541903134665 ], [ -112.988099849894155, 48.479961249492732 ] ] ] } },
{ "type": "Feature", "properties": { "CountyName": "Glacier", "OwnerName_Grouped": "NATURE CONSERVANCY", "OwnerName": "NATURE CONSERVANCY", "OwnerAddre": "32 S EWING ST", "OwnerAdd_1": null, "OwnerAdd_2": null, "OwnerCity": "HELENA", "OwnerState": "MT", "PropType": "Vacant Land", "TotalAcres": 79.51, "BlockID": "8-017", "BlockAcres": 954.89, "BlockParcelCount": 5 }, "geometry": { "type": "Polygon", "coordinates": [ [ [ -112.985341781546481, 48.483541939751348 ], [ -112.982621813671344, 48.483541913534999 ], [ -112.982652262245765, 48.479951909531557 ], [ -112.982682997534141, 48.476327814055061 ], [ -112.988138895183923, 48.476335176253755 ], [ -112.988099849894155, 48.479961249492732 ], [ -112.988061750772729, 48.483541903134665 ], [ -112.985341781546481, 48.483541939751348 ] ] ] } },
{ "type": "Feature", "properties": { "CountyName": "Sheridan", "OwnerName_Grouped": "NATURE CONSERVANCY", "OwnerName": "NATURE CONSERVANCY THE", "OwnerAddre": "32 S EWING ST", "OwnerAdd_1": null, "OwnerAdd_2": null, "OwnerCity": "HELENA", "OwnerState": "MT", "PropType": "Vacant Land", "TotalAcres": 311.07, "BlockID": "8-014", "BlockAcres": 1144.848, "BlockParcelCount": 9 }, "geometry": { "type": "Polygon", "coordinates": [ [ [ -104.220519134964761, 48.896400134193641 ], [ -104.226026187564216, 48.896394237733332 ], [ -104.231395407364559, 48.896388487635008 ], [ -104.231533240610574, 48.896388336620745 ], [ -104.231551868800636, 48.900022319001387 ], [ -104.231570499965116, 48.903656301295527 ], [ -104.231588656788489, 48.90728933484985 ], [ -104.231592320348739, 48.910494884121704 ], [ -104.228156464362684, 48.910491247856832 ], [ -104.226077451114847, 48.910489049920336 ], [ -104.222651149099789, 48.910485421335956 ], [ -104.220562582589324, 48.910483405896223 ], [ -104.220570342749525, 48.907301473574435 ], [ -104.22055327562569, 48.903668465018804 ], [ -104.220536202483117, 48.900034286967418 ], [ -104.220519134964761, 48.896400134193641 ] ] ] } },
{ "type": "Feature", "properties": { "CountyName": "Sheridan", "OwnerName_Grouped": "NATURE CONSERVANCY", "OwnerName": "NATURE CONSERVANCY THE", "OwnerAddre": "32 S EWING ST", "OwnerAdd_1": null, "OwnerAdd_2": null, "OwnerCity": "HELENA", "OwnerState": "MT", "PropType": "Vacant Land", "TotalAcres": 439.51, "BlockID": "8-014", "BlockAcres": 1144.848, "BlockParcelCount": 9 }, "geometry": { "type": "Polygon", "coordinates": [ [ [ -104.231551868800636, 48.900022319001387 ], [ -104.231533240610574, 48.896388336620745 ], [ -104.237029979646508, 48.896378485143607 ], [ -104.241511978039568, 48.896400037183426 ], [ -104.242002215456253, 48.896402384060274 ], [ -104.248089134459335, 48.899297303943179 ], [ -104.248089388350337, 48.899438838673689 ], [ -104.248089415001076, 48.899453461597332 ], [ -104.247283215417511, 48.89945112887191 ], [ -104.247289084584807, 48.899923172091114 ], [ -104.247289818593089, 48.900032046169073 ], [ -104.248090455445961, 48.900033193918475 ], [ -104.248085332414718, 48.903655323356247 ], [ -104.248079990222195, 48.90727672835051 ], [ -104.248087963100346, 48.910513982053558 ], [ -104.244673426868516, 48.910511792399603 ], [ -104.242599846885, 48.910509687129263 ], [ -104.239167614866233, 48.910504820141313 ], [ -104.237096070918611, 48.910501860059867 ], [ -104.233661778582146, 48.9104969886614 ], [ -104.231592320348739, 48.910494884121704 ], [ -104.231588656788489, 48.90728933484985 ], [ -104.231570499965116, 48.903656301295527 ], [ -104.231551868800636, 48.900022319001387 ] ] ] } },
{ "type": "Feature", "properties": { "CountyName": "Sheridan", "OwnerName_Grouped": "NATURE CONSERVANCY", "OwnerName": "NATURE CONSERVANCY OF MONTANA", "OwnerAddre": "32 S EWING ST", "OwnerAdd_1": null, "OwnerAdd_2": null, "OwnerCity": "HELENA", "OwnerState": "MT", "PropType": "Vacant Land", "TotalAcres": 1.0, "BlockID": "8-014", "BlockAcres": 1144.848, "BlockParcelCount": 9 }, "geometry": { "type": "Polygon", "coordinates": [ [ [ -104.248090455445961, 48.900033193918475 ], [ -104.247289818593089, 48.900032046169073 ], [ -104.247289084584807, 48.899923172091114 ], [ -104.247283215417511, 48.89945112887191 ], [ -104.248089415001076, 48.899453461597332 ], [ -104.248090218129633, 48.899900717117795 ], [ -104.248090257462181, 48.89992328192411 ], [ -104.248090455445961, 48.900033193918475 ] ] ] } },
{ "type": "Feature", "properties": { "CountyName": "Sheridan", "OwnerName_Grouped": "NATURE CONSERVANCY", "OwnerName": "NATURE CONSERVANCY THE", "OwnerAddre": "32 S EWING ST", "OwnerAdd_1": null, "OwnerAdd_2": null, "OwnerCity": "HELENA", "OwnerState": "MT", "PropType": "Vacant Land", "TotalAcres": 5.0, "BlockID": "8-014", "BlockAcres": 1144.848, "BlockParcelCount": 9 }, "geometry": { "type": "Polygon", "coordinates": [ [ [ -104.243968094905057, 48.896406695339287 ], [ -104.248008116304078, 48.896411331621159 ], [ -104.248012916669254, 48.898600118732652 ], [ -104.24302303344902, 48.896405590691081 ], [ -104.243968094905057, 48.896406695339287 ] ] ] } },
{ "type": "Feature", "properties": { "CountyName": "Sheridan", "OwnerName_Grouped": "NATURE CONSERVANCY", "OwnerName": "NATURE CONSERVANCY THE", "OwnerAddre": "32 S EWING ST", "OwnerAdd_1": null, "OwnerAdd_2": null, "OwnerCity": "HELENA", "OwnerState": "MT", "PropType": "Vacant Land", "TotalAcres": 78.0, "BlockID": "8-014", "BlockAcres": 1144.848, "BlockParcelCount": 9 }, "geometry": { "type": "Polygon", "coordinates": [ [ [ -104.220519134964761, 48.896400134193641 ], [ -104.220500452660815, 48.892765705647868 ], [ -104.226005805590802, 48.892759474995671 ], [ -104.231511184379599, 48.892752990397369 ], [ -104.231533240610574, 48.896388336620745 ], [ -104.231395407364559, 48.896388487635008 ], [ -104.226026187564216, 48.896394237733332 ], [ -104.220519134964761, 48.896400134193641 ] ], [ [ -104.230295110504088, 48.895394858869281 ], [ -104.230297363045281, 48.896299387264719 ], [ -104.23139486047252, 48.896298192420865 ], [ -104.231392583449363, 48.895393662009255 ], [ -104.230295110504088, 48.895394858869281 ] ] ] } },
{ "type": "Feature", "properties": { "CountyName": "Sheridan", "OwnerName_Grouped": "NATURE CONSERVANCY", "OwnerName": "NATURE CONSERVANCY THE", "OwnerAddre": "32 S EWING ST", "OwnerAdd_1": null, "OwnerAdd_2": null, "OwnerCity": "HELENA", "OwnerState": "MT", "PropType": "Vacant Land", "TotalAcres": 308.18, "BlockID": "8-014", "BlockAcres": 1144.848, "BlockParcelCount": 9 }, "geometry": { "type": "MultiPolygon", "coordinates": [ [ [ [ -104.248061230169256, 48.889166786717958 ], [ -104.253556589626641, 48.889167518859701 ], [ -104.253554646976497, 48.892790289598977 ], [ -104.25355267681141, 48.896413089769474 ], [ -104.250587753130446, 48.896412214273454 ], [ -104.248083951544331, 48.896411417632315 ], [ -104.248008116304078, 48.896411331621159 ], [ -104.243968094905057, 48.896406695339287 ], [ -104.24302303344902, 48.896405590691081 ], [ -104.231501661635619, 48.891185269685607 ], [ -104.231489102940969, 48.889117643736952 ], [ -104.237001289410571, 48.8891269198148 ], [ -104.242537517372739, 48.889163448340142 ], [ -104.248061230169256, 48.889166786717958 ] ] ], [ [ [ -104.231511184379599, 48.892752990397369 ], [ -104.231503659989556, 48.891514178182412 ], [ -104.242002215456253, 48.896402384060274 ], [ -104.241511978039568, 48.896400037183426 ], [ -104.237029979646508, 48.896378485143607 ], [ -104.231533240610574, 48.896388336620745 ], [ -104.231511184379599, 48.892752990397369 ] ] ] ] } },
{ "type": "Feature", "properties": { "CountyName": "Sheridan", "OwnerName_Grouped": "NATURE CONSERVANCY", "OwnerName": "NATURE CONSERVANCY  THE", "OwnerAddre": "32 S EWING ST", "OwnerAdd_1": null, "OwnerAdd_2": null, "OwnerCity": "HELENA", "OwnerState": "MT", "PropType": "Vacant Land", "TotalAcres": 0.298, "BlockID": "8-014", "BlockAcres": 1144.848, "BlockParcelCount": 9 }, "geometry": { "type": "Polygon", "coordinates": [ [ [ -104.248711507448135, 48.898669297779286 ], [ -104.248170773512143, 48.898658424913272 ], [ -104.24816536825324, 48.898408966870136 ], [ -104.248708645303978, 48.89841210486393 ], [ -104.248711507448135, 48.898669297779286 ] ] ] } },
{ "type": "Feature", "properties": { "CountyName": "Sheridan", "OwnerName_Grouped": "NATURE CONSERVANCY", "OwnerName": "NATURE CONSERVANCY  THE", "OwnerAddre": "32 S EWING ST", "OwnerAdd_1": null, "OwnerAdd_2": null, "OwnerCity": "HELENA", "OwnerState": "MT", "PropType": "Vacant Land", "TotalAcres": 0.895, "BlockID": "8-014", "BlockAcres": 1144.848, "BlockParcelCount": 9 }, "geometry": { "type": "Polygon", "coordinates": [ [ [ -104.248706544233798, 48.898247401590993 ], [ -104.248161728621426, 48.898241401368601 ], [ -104.248146579714714, 48.897421151359808 ], [ -104.248698252754252, 48.897426255990645 ], [ -104.248706544233798, 48.898247401590993 ] ] ] } },
{ "type": "Feature", "properties": { "CountyName": "Sheridan", "OwnerName_Grouped": "NATURE CONSERVANCY", "OwnerName": "NATURE CONSERVANCY  THE", "OwnerAddre": "32 S EWING ST", "OwnerAdd_1": null, "OwnerAdd_2": null, "OwnerCity": "HELENA", "OwnerState": "MT", "PropType": "Vacant Land", "TotalAcres": 0.895, "BlockID": "8-014", "BlockAcres": 1144.848, "BlockParcelCount": 9 }, "geometry": { "type": "Polygon", "coordinates": [ [ [ -104.248696005791061, 48.897265428925053 ], [ -104.248143636976835, 48.897260300612018 ], [ -104.248130265614378, 48.896463794080397 ], [ -104.248687714143287, 48.896466825073972 ], [ -104.248696005791061, 48.897265428925053 ] ] ] } },
{ "type": "Feature", "properties": { "CountyName": "Teton", "OwnerName_Grouped": "NATURE CONSERVANCY", "OwnerName": "NATURE CONSERVANCY THE", "OwnerAddre": "32 S EWING ST", "OwnerAdd_1": null, "OwnerAdd_2": null, "OwnerCity": "HELENA", "OwnerState": "MT", "PropType": "Vacant Land", "TotalAcres": 320.68, "BlockID": "8-005", "BlockAcres": 12591.99, "BlockParcelCount": 62 }, "geometry": { "type": "Polygon", "coordinates": [ [ [ -112.524349794518116, 47.87057770481433 ], [ -112.524345394068845, 47.866897443698562 ], [ -112.51898827566626, 47.866916024113671 ], [ -112.518964290718486, 47.863286817027074 ], [ -112.524326002029326, 47.863271195616683 ], [ -112.524307434160789, 47.85964316897504 ], [ -112.518942002890938, 47.859653631370335 ], [ -112.518919716899205, 47.856020418395936 ], [ -112.524288867786467, 47.856015001565581 ], [ -112.529658090581364, 47.856009536837213 ], [ -112.535027287851833, 47.856004097883243 ], [ -112.535034891551391, 47.859621735793347 ], [ -112.535042468430476, 47.863239232769452 ], [ -112.529687763229731, 47.863255342945294 ], [ -112.529698125174221, 47.866876952398805 ], [ -112.529687140004796, 47.870587107808191 ], [ -112.529499794590109, 47.870586495576418 ], [ -112.524349794518116, 47.87057770481433 ] ] ] } },
{ "type": "Feature", "properties": { "CountyName": "Teton", "OwnerName_Grouped": "NATURE CONSERVANCY", "OwnerName": "NATURE CONSERVANCY  (DURR)", "OwnerAddre": "32 S EWING ST", "OwnerAdd_1": null, "OwnerAdd_2": null, "OwnerCity": "HELENA", "OwnerState": "MT", "PropType": "Vacant Land", "TotalAcres": 160.0, "BlockID": "8-005", "BlockAcres": 12591.99, "BlockParcelCount": 62 }, "geometry": { "type": "Polygon", "coordinates": [ [ [ -112.540615923540798, 47.830740880770904 ], [ -112.535221758535158, 47.830745086800086 ], [ -112.529827053374163, 47.830748919861264 ], [ -112.524351256889517, 47.830733088144555 ], [ -112.518875434183471, 47.830716973307027 ], [ -112.518843418850935, 47.827095245355657 ], [ -112.52431741013109, 47.82711160941561 ], [ -112.529791434152912, 47.827127994248336 ], [ -112.535238952030952, 47.827137922825372 ], [ -112.540631340850751, 47.827134495737596 ], [ -112.540615923540798, 47.830740880770904 ] ] ] } },
{ "type": "Feature", "properties": { "CountyName": "Teton", "OwnerName_Grouped": "NATURE CONSERVANCY", "OwnerName": "NATURE CONSERVANCY", "OwnerAddre": "32 S EWING ST STE 215", "OwnerAdd_1": null, "OwnerAdd_2": null, "OwnerCity": "HELENA", "OwnerState": "MT", "PropType": "Improved Property", "TotalAcres": 634.42, "BlockID": "8-007", "BlockAcres": 4914.42, "BlockParcelCount": 10 }, "geometry": { "type": "Polygon", "coordinates": [ [ [ -112.434239660919729, 47.642766573253937 ], [ -112.434253782988691, 47.639157408258008 ], [ -112.439613283565919, 47.63917161441379 ], [ -112.444976733398249, 47.639184442158616 ], [ -112.450337967779006, 47.639192824890792 ], [ -112.455695212104729, 47.639193093398525 ], [ -112.455700589608625, 47.642798164190992 ], [ -112.455705938719561, 47.646403233649458 ], [ -112.455711315527424, 47.650008303930662 ], [ -112.455716690657269, 47.653613373968554 ], [ -112.450335704715215, 47.653599175950909 ], [ -112.444954711717955, 47.653585003974392 ], [ -112.439569027669847, 47.653540749418831 ], [ -112.434177293156381, 47.653430877836456 ], [ -112.434201415940976, 47.64990331922602 ], [ -112.43423339859234, 47.646372956104948 ], [ -112.434239660919729, 47.642766573253937 ] ] ] } },
{ "type": "Feature", "properties": { "CountyName": "Teton", "OwnerName_Grouped": "NATURE CONSERVANCY", "OwnerName": "NATURE CONSERVANCY THE", "OwnerAddre": "32 S EWING ST STE 215", "OwnerAdd_1": null, "OwnerAdd_2": null, "OwnerCity": "HELENA", "OwnerState": "MT", "PropType": "Vacant Land", "TotalAcres": 160.0, "BlockID": "8-005", "BlockAcres": 12591.99, "BlockParcelCount": 62 }, "geometry": { "type": "Polygon", "coordinates": [ [ [ -112.534748310605423, 47.881421630075948 ], [ -112.534785449955123, 47.877809914704571 ], [ -112.529430368221625, 47.877802182282835 ], [ -112.52946475909269, 47.874194537547531 ], [ -112.534824847694551, 47.874203074686179 ], [ -112.54018175666701, 47.874205663336987 ], [ -112.540138344849652, 47.877817403059503 ], [ -112.545495861793668, 47.877823486103118 ], [ -112.5454694612108, 47.881434874586233 ], [ -112.540108877655882, 47.881428383581422 ], [ -112.534748310605423, 47.881421630075948 ] ] ] } },
{ "type": "Feature", "properties": { "CountyName": "Teton", "OwnerName_Grouped": "NATURE CONSERVANCY", "OwnerName": "NATURE CONSERVANCY (PEEBLES)", "OwnerAddre": "32 S EWING ST", "OwnerAdd_1": null, "OwnerAdd_2": null, "OwnerCity": "HELENA", "OwnerState": "MT", "PropType": "Vacant Land", "TotalAcres": 160.0, "BlockID": "8-005", "BlockAcres": 12591.99, "BlockParcelCount": 62 }, "geometry": { "type": "Polygon", "coordinates": [ [ [ -112.465203104796203, 47.85601832267146 ], [ -112.465215280833959, 47.852424250205097 ], [ -112.465227456395723, 47.848830169423863 ], [ -112.470569081409792, 47.848815220999576 ], [ -112.475910702034284, 47.848800027399889 ], [ -112.475920629974823, 47.852379379837309 ], [ -112.47593055946669, 47.855958730334486 ], [ -112.470566835397747, 47.855988511878124 ], [ -112.465203104796203, 47.85601832267146 ] ] ] } },
{ "type": "Feature", "properties": { "CountyName": "Teton", "OwnerName_Grouped": "NATURE CONSERVANCY", "OwnerName": "NATURE CONSERVANCY (PEEBLES)", "OwnerAddre": "32 S EWING ST", "OwnerAdd_1": null, "OwnerAdd_2": null, "OwnerCity": "HELENA", "OwnerState": "MT", "PropType": "Vacant Land", "TotalAcres": 38.2, "BlockID": "8-005", "BlockAcres": 12591.99, "BlockParcelCount": 62 }, "geometry": { "type": "Polygon", "coordinates": [ [ [ -112.459839371456738, 47.856048135602478 ], [ -112.454475632454475, 47.856077922830146 ], [ -112.454441270023779, 47.852461758879087 ], [ -112.459847204879537, 47.852446553842263 ], [ -112.459839371456738, 47.856048135602478 ] ] ] } },
{ "type": "Feature", "properties": { "CountyName": "Teton", "OwnerName_Grouped": "NATURE CONSERVANCY", "OwnerName": "NATURE CONSERVANCY", "OwnerAddre": "32 S EWING ST", "OwnerAdd_1": null, "OwnerAdd_2": null, "OwnerCity": "HELENA", "OwnerState": "MT", "PropType": "Vacant Land", "TotalAcres": 155.8, "BlockID": "8-005", "BlockAcres": 12591.99, "BlockParcelCount": 62 }, "geometry": { "type": "Polygon", "coordinates": [ [ [ -112.664122455603049, 47.877792791883955 ], [ -112.664125453424518, 47.874191765568618 ], [ -112.664128453602828, 47.870590712774515 ], [ -112.664881095785574, 47.87058995778419 ], [ -112.669513414799425, 47.870585640826341 ], [ -112.67021258364997, 47.870584968927361 ], [ -112.674898374895719, 47.87058098529716 ], [ -112.674895657496421, 47.874181404111496 ], [ -112.674892963781573, 47.877781816580857 ], [ -112.669507722478656, 47.877787442854093 ], [ -112.664122455603049, 47.877792791883955 ] ] ] } },
{ "type": "Feature", "properties": { "CountyName": "Teton", "OwnerName_Grouped": "NATURE CONSERVANCY", "OwnerName": "NATURE CONSERVANCY THE", "OwnerAddre": "32 S EWING ST", "OwnerAdd_1": null, "OwnerAdd_2": null, "OwnerCity": "HELENA", "OwnerState": "MT", "PropType": "Vacant Land", "TotalAcres": 245.64, "BlockID": "8-016", "BlockAcres": 956.29, "BlockParcelCount": 6 }, "geometry": { "type": "Polygon", "coordinates": [ [ [ -112.551532060439257, 47.92868192570338 ], [ -112.551438951536326, 47.925045082219256 ], [ -112.546020877784755, 47.925054111837461 ], [ -112.545938461196272, 47.921439903097024 ], [ -112.551350036925442, 47.921421315240586 ], [ -112.556761638391976, 47.92140247799 ], [ -112.562156192524398, 47.921383431406582 ], [ -112.567375426077845, 47.92136478136176 ], [ -112.56749265918809, 47.925040376669891 ], [ -112.565496938638177, 47.925039663220424 ], [ -112.56231895446868, 47.927058420849576 ], [ -112.56232380795889, 47.927223327869626 ], [ -112.562367460031069, 47.928705811878281 ], [ -112.556960833266615, 47.928695478046222 ], [ -112.551532060439257, 47.92868192570338 ] ] ] } },
{ "type": "Feature", "properties": { "CountyName": "Teton", "OwnerName_Grouped": "NATURE CONSERVANCY", "OwnerName": "NATURE CONSERVANCY  (DURR)", "OwnerAddre": "32 S EWING ST", "OwnerAdd_1": null, "OwnerAdd_2": null, "OwnerCity": "HELENA", "OwnerState": "MT", "PropType": "Vacant Land", "TotalAcres": 224.75, "BlockID": "8-005", "BlockAcres": 12591.99, "BlockParcelCount": 62 }, "geometry": { "type": "Polygon", "coordinates": [ [ [ -112.556570737487277, 47.848821607737207 ], [ -112.556607729221753, 47.845197685360247 ], [ -112.551231209479866, 47.845191684281104 ], [ -112.545855102354352, 47.845184682862609 ], [ -112.545893153185858, 47.841569371289445 ], [ -112.551268647152355, 47.841572539373665 ], [ -112.556644721652233, 47.841573372651006 ], [ -112.563149598599352, 47.841574979697818 ], [ -112.563099791923833, 47.845204602936583 ], [ -112.563049987717861, 47.848834196831227 ], [ -112.563000151922978, 47.85246381989738 ], [ -112.556537449008815, 47.852443119864752 ], [ -112.556570737487277, 47.848821607737207 ] ] ] } },
{ "type": "Feature", "properties": { "CountyName": "Teton", "OwnerName_Grouped": "NATURE CONSERVANCY", "OwnerName": "NATURE CONSERVANCY THE", "OwnerAddre": "32 S EWING ST", "OwnerAdd_1": null, "OwnerAdd_2": null, "OwnerCity": "HELENA", "OwnerState": "MT", "PropType": "Vacant Land", "TotalAcres": 40.0, "BlockID": "8-005", "BlockAcres": 12591.99, "BlockParcelCount": 62 }, "geometry": { "type": "Polygon", "coordinates": [ [ [ -112.545817053581828, 47.848799883253605 ], [ -112.540440456644617, 47.848788581680225 ], [ -112.540479027130473, 47.845177404329043 ], [ -112.545855102354352, 47.845184682862609 ], [ -112.545817053581828, 47.848799883253605 ] ] ] } },
{ "type": "Feature", "properties": { "CountyName": "Teton", "OwnerName_Grouped": "NATURE CONSERVANCY", "OwnerName": "NATURE CONSERVANCY -GLEASON", "OwnerAddre": "32 S EWING ST", "OwnerAdd_1": null, "OwnerAdd_2": null, "OwnerCity": "HELENA", "OwnerState": "MT", "PropType": "Vacant Land", "TotalAcres": 120.25, "BlockID": "8-005", "BlockAcres": 12591.99, "BlockParcelCount": 62 }, "geometry": { "type": "Polygon", "coordinates": [ [ [ -112.633728301862803, 47.87055992296257 ], [ -112.633642683389255, 47.870559949696961 ], [ -112.632647938562712, 47.870560164759631 ], [ -112.631550667081882, 47.870559812390852 ], [ -112.630813853177131, 47.870558980395323 ], [ -112.630738682813544, 47.87055889945232 ], [ -112.630529233115155, 47.870558865365254 ], [ -112.628755057183611, 47.870557385615022 ], [ -112.62872522590294, 47.870557374619473 ], [ -112.62726033600272, 47.870556986977206 ], [ -112.627257814451085, 47.867371226331286 ], [ -112.627257813666318, 47.867302501365252 ], [ -112.627254675151931, 47.863753039783532 ], [ -112.632651165305788, 47.863759299028622 ], [ -112.636030304150012, 47.863763397582474 ], [ -112.636025565788088, 47.867365818713502 ], [ -112.636020761535065, 47.870560875612632 ], [ -112.633728301862803, 47.87055992296257 ] ] ] } },
{ "type": "Feature", "properties": { "CountyName": "Teton", "OwnerName_Grouped": "NATURE CONSERVANCY", "OwnerName": "NATURE CONSERVANCY -GLEASON", "OwnerAddre": "32 S EWING ST", "OwnerAdd_1": null, "OwnerAdd_2": null, "OwnerCity": "HELENA", "OwnerState": "MT", "PropType": "Vacant Land", "TotalAcres": 544.66, "BlockID": "8-005", "BlockAcres": 12591.99, "BlockParcelCount": 62 }, "geometry": { "type": "Polygon", "coordinates": [ [ [ -112.625585857461047, 47.870555120598858 ], [ -112.623157176736711, 47.870552869682705 ], [ -112.621793008944096, 47.870552227426543 ], [ -112.620718071327445, 47.870551290779694 ], [ -112.61632568147941, 47.870552186605011 ], [ -112.615336583222287, 47.870552113309706 ], [ -112.610953138399012, 47.8705518419751 ], [ -112.609955120951653, 47.870551766921622 ], [ -112.605580593070755, 47.870568053391288 ], [ -112.60562593639591, 47.86740124057274 ], [ -112.605676577844662, 47.863901169360261 ], [ -112.605717911221646, 47.860263512203332 ], [ -112.605759270097892, 47.856625856553279 ], [ -112.611126192462152, 47.856641216798671 ], [ -112.616492360178725, 47.856657317929681 ], [ -112.616449499686581, 47.860231418631905 ], [ -112.621848903618641, 47.860171761388699 ], [ -112.627248336347989, 47.860111823735771 ], [ -112.627254674030667, 47.863707844159492 ], [ -112.627254675151931, 47.863753039783532 ], [ -112.627257813666318, 47.867302501365252 ], [ -112.627257814451085, 47.867371226331286 ], [ -112.62726033600272, 47.870556986977206 ], [ -112.626134369186801, 47.870556022935247 ], [ -112.625585857461047, 47.870555120598858 ] ] ] } },
{ "type": "Feature", "properties": { "CountyName": "Teton", "OwnerName_Grouped": "NATURE CONSERVANCY", "OwnerName": "NATURE CONSERVANCY", "OwnerAddre": "32 S EWING ST STE 215", "OwnerAdd_1": null, "OwnerAdd_2": null, "OwnerCity": "HELENA", "OwnerState": "MT", "PropType": "Vacant Land", "TotalAcres": 640.0, "BlockID": "8-007", "BlockAcres": 4914.42, "BlockParcelCount": 10 }, "geometry": { "type": "Polygon", "coordinates": [ [ [ -112.455635376581512, 47.628323634375676 ], [ -112.455607137415086, 47.624706409652738 ], [ -112.460966628974262, 47.624711654770373 ], [ -112.46632744734697, 47.624716325322346 ], [ -112.471687584053257, 47.62472083288597 ], [ -112.477047776185699, 47.624726204160496 ], [ -112.477048137880089, 47.628330409975696 ], [ -112.477049777221453, 47.631934112642476 ], [ -112.477051443987122, 47.63553784409978 ], [ -112.477053084434488, 47.639141548979318 ], [ -112.471713228652533, 47.639144806256283 ], [ -112.466373774178692, 47.639157553895664 ], [ -112.461034494717495, 47.639175323721894 ], [ -112.455695212104729, 47.639193093398525 ], [ -112.455683516665104, 47.635575245371726 ], [ -112.455663638105676, 47.631940827751038 ], [ -112.455635376581512, 47.628323634375676 ] ] ] } },
{ "type": "Feature", "properties": { "CountyName": "Teton", "OwnerName_Grouped": "NATURE CONSERVANCY", "OwnerName": "NATURE CONSERVANCY THE", "OwnerAddre": "32 S EWING ST", "OwnerAdd_1": null, "OwnerAdd_2": null, "OwnerCity": "HELENA", "OwnerState": "MT", "PropType": "Vacant Land", "TotalAcres": 162.94, "BlockID": "8-005", "BlockAcres": 12591.99, "BlockParcelCount": 62 }, "geometry": { "type": "Polygon", "coordinates": [ [ [ -112.545585976132386, 47.870591360057816 ], [ -112.540361828657694, 47.870600660237407 ], [ -112.540375677982823, 47.866830674427966 ], [ -112.540387992660882, 47.86321945915158 ], [ -112.54575361952206, 47.863240604460401 ], [ -112.551119019442041, 47.863261622849009 ], [ -112.551099342443834, 47.866867021709155 ], [ -112.551079038350522, 47.870581623240064 ], [ -112.55094510642526, 47.870581870002418 ], [ -112.545720432538644, 47.870591139051974 ], [ -112.545585976132386, 47.870591360057816 ] ] ] } },
{ "type": "Feature", "properties": { "CountyName": "Teton", "OwnerName_Grouped": "NATURE CONSERVANCY", "OwnerName": "NATURE CONSERVANCY THE", "OwnerAddre": "32 S EWING ST", "OwnerAdd_1": null, "OwnerAdd_2": null, "OwnerCity": "HELENA", "OwnerState": "MT", "PropType": "Vacant Land", "TotalAcres": 120.0, "BlockID": "8-016", "BlockAcres": 956.29, "BlockParcelCount": 6 }, "geometry": { "type": "Polygon", "coordinates": [ [ [ -112.589249963328228, 47.928539839917917 ], [ -112.589100926624951, 47.924912550914627 ], [ -112.588951887578261, 47.921285231133758 ], [ -112.588802851009419, 47.917657939895427 ], [ -112.594195895343617, 47.9176481267734 ], [ -112.594347377031696, 47.921274974212949 ], [ -112.594498830127662, 47.924901543953148 ], [ -112.59465031261945, 47.928528001933671 ], [ -112.589249963328228, 47.928539839917917 ] ] ] } },
{ "type": "Feature", "properties": { "CountyName": "Teton", "OwnerName_Grouped": "NATURE CONSERVANCY", "OwnerName": "NATURE CONSERVANCY THE", "OwnerAddre": "32 S EWING ST", "OwnerAdd_1": null, "OwnerAdd_2": null, "OwnerCity": "HELENA", "OwnerState": "MT", "PropType": "Vacant Land", "TotalAcres": 40.0, "BlockID": "8-011", "BlockAcres": 1914.27, "BlockParcelCount": 15 }, "geometry": { "type": "Polygon", "coordinates": [ [ [ -112.681935597542449, 48.026914137148317 ], [ -112.676544952633733, 48.026888181292662 ], [ -112.67654320655474, 48.023265761126595 ], [ -112.681934698492043, 48.023291071544278 ], [ -112.681935597542449, 48.026914137148317 ] ] ] } },
{ "type": "Feature", "properties": { "CountyName": "Teton", "OwnerName_Grouped": "NATURE CONSERVANCY", "OwnerName": "NATURE CONSERVANCY  (DURR)", "OwnerAddre": "32 S EWING ST", "OwnerAdd_1": null, "OwnerAdd_2": null, "OwnerCity": "HELENA", "OwnerState": "MT", "PropType": "Vacant Land", "TotalAcres": 120.0, "BlockID": "8-005", "BlockAcres": 12591.99, "BlockParcelCount": 62 }, "geometry": { "type": "Polygon", "coordinates": [ [ [ -112.568493396019335, 47.845268945001379 ], [ -112.568548949921535, 47.841636931106713 ], [ -112.573948276581461, 47.841698909389557 ], [ -112.579347628989439, 47.841760860985765 ], [ -112.584746952384236, 47.841822809859138 ], [ -112.584674175366331, 47.845460964794057 ], [ -112.579280600376663, 47.845397124243718 ], [ -112.573886999581319, 47.845333031999736 ], [ -112.568493396019335, 47.845268945001379 ] ] ] } },
{ "type": "Feature", "properties": { "CountyName": "Teton", "OwnerName_Grouped": "NATURE CONSERVANCY", "OwnerName": "NATURE CONSERVANCY THE", "OwnerAddre": "32 S EWING ST", "OwnerAdd_1": null, "OwnerAdd_2": null, "OwnerCity": "HELENA", "OwnerState": "MT", "PropType": "Vacant Land", "TotalAcres": 40.0, "BlockID": "8-005", "BlockAcres": 12591.99, "BlockParcelCount": 62 }, "geometry": { "type": "Polygon", "coordinates": [ [ [ -112.540417453423004, 47.852382144781949 ], [ -112.535046269585962, 47.852386625096067 ], [ -112.535062558855103, 47.848795425264633 ], [ -112.540440456644617, 47.848788581680225 ], [ -112.540417453423004, 47.852382144781949 ] ] ] } },
{ "type": "Feature", "properties": { "CountyName": "Teton", "OwnerName_Grouped": "NATURE CONSERVANCY", "OwnerName": "NATURE CONSERVANCY  (DURR)", "OwnerAddre": "32 S EWING ST", "OwnerAdd_1": null, "OwnerAdd_2": null, "OwnerCity": "HELENA", "OwnerState": "MT", "PropType": "Vacant Land", "TotalAcres": 40.0, "BlockID": "8-005", "BlockAcres": 12591.99, "BlockParcelCount": 62 }, "geometry": { "type": "Polygon", "coordinates": [ [ [ -112.563099791923833, 47.845204602936583 ], [ -112.563149598599352, 47.841574979697818 ], [ -112.568548949921535, 47.841636931106713 ], [ -112.568493396019335, 47.845268945001379 ], [ -112.563099791923833, 47.845204602936583 ] ] ] } },
{ "type": "Feature", "properties": { "CountyName": "Teton", "OwnerName_Grouped": "NATURE CONSERVANCY", "OwnerName": "NATURE CONSERVANCY THE", "OwnerAddre": "32 S EWING ST", "OwnerAdd_1": null, "OwnerAdd_2": null, "OwnerCity": "HELENA", "OwnerState": "MT", "PropType": "Vacant Land", "TotalAcres": 40.0, "BlockID": "8-005", "BlockAcres": 12591.99, "BlockParcelCount": 62 }, "geometry": { "type": "Polygon", "coordinates": [ [ [ -112.545817053581828, 47.848799883253605 ], [ -112.551193769877642, 47.848810855879933 ], [ -112.551163228590596, 47.852425537163192 ], [ -112.545790341459693, 47.8524039532317 ], [ -112.545817053581828, 47.848799883253605 ] ] ] } },
{ "type": "Feature", "properties": { "CountyName": "Teton", "OwnerName_Grouped": "NATURE CONSERVANCY", "OwnerName": "NATURE CONSERVANCY  (DURR)", "OwnerAddre": "32 S EWING ST", "OwnerAdd_1": null, "OwnerAdd_2": null, "OwnerCity": "HELENA", "OwnerState": "MT", "PropType": "Vacant Land", "TotalAcres": 77.24, "BlockID": "8-005", "BlockAcres": 12591.99, "BlockParcelCount": 62 }, "geometry": { "type": "Polygon", "coordinates": [ [ [ -112.540513750668836, 47.812673027423521 ], [ -112.540702445568911, 47.809040326370948 ], [ -112.546135354587449, 47.809030933717509 ], [ -112.551568330655599, 47.809021301603885 ], [ -112.551524274532582, 47.812639011841576 ], [ -112.546019015027667, 47.81265601080694 ], [ -112.540513750668836, 47.812673027423521 ] ] ] } },
{ "type": "Feature", "properties": { "CountyName": "Teton", "OwnerName_Grouped": "NATURE CONSERVANCY", "OwnerName": "NATURE CONSERVANCY (PEEBLES)", "OwnerAddre": "32 S EWING ST", "OwnerAdd_1": null, "OwnerAdd_2": null, "OwnerCity": "HELENA", "OwnerState": "MT", "PropType": "Vacant Land", "TotalAcres": 80.0, "BlockID": "8-005", "BlockAcres": 12591.99, "BlockParcelCount": 62 }, "geometry": { "type": "Polygon", "coordinates": [ [ [ -112.502613056428416, 47.877763926727567 ], [ -112.502586188001573, 47.874162948291428 ], [ -112.502559319651255, 47.870561948042791 ], [ -112.502845497307462, 47.870562125026034 ], [ -112.507964362234731, 47.870565231171973 ], [ -112.507979967820617, 47.87416871723633 ], [ -112.507995549638366, 47.877772095614532 ], [ -112.502613056428416, 47.877763926727567 ] ] ] } },
{ "type": "Feature", "properties": { "CountyName": "Teton", "OwnerName_Grouped": "NATURE CONSERVANCY", "OwnerName": "NATURE CONSERVANCY", "OwnerAddre": "32 S EWING ST STE 215", "OwnerAdd_1": null, "OwnerAdd_2": null, "OwnerCity": "HELENA", "OwnerState": "MT", "PropType": "Vacant Land", "TotalAcres": 280.0, "BlockID": "8-007", "BlockAcres": 4914.42, "BlockParcelCount": 10 }, "geometry": { "type": "Polygon", "coordinates": [ [ [ -112.434156503380109, 47.657046326845055 ], [ -112.434177293156381, 47.653430877836456 ], [ -112.439569027669847, 47.653540749418831 ], [ -112.444954711717955, 47.653585003974392 ], [ -112.450335704715215, 47.653599175950909 ], [ -112.455716690657269, 47.653613373968554 ], [ -112.455648371069302, 47.657208819012766 ], [ -112.455580046617968, 47.660804290612759 ], [ -112.450248547273361, 47.660794530743509 ], [ -112.44490759327563, 47.660723996838875 ], [ -112.439523391158616, 47.660691703619797 ], [ -112.439531964289486, 47.657079964134226 ], [ -112.434156503380109, 47.657046326845055 ] ] ] } },
{ "type": "Feature", "properties": { "CountyName": "Teton", "OwnerName_Grouped": "NATURE CONSERVANCY", "OwnerName": "NATURE CONSERVANCY THE", "OwnerAddre": "32 S EWING ST", "OwnerAdd_1": null, "OwnerAdd_2": null, "OwnerCity": "HELENA", "OwnerState": "MT", "PropType": "Vacant Land", "TotalAcres": 520.0, "BlockID": "8-005", "BlockAcres": 12591.99, "BlockParcelCount": 62 }, "geometry": { "type": "Polygon", "coordinates": [ [ [ -112.518919716899205, 47.856020418395936 ], [ -112.518932741590035, 47.852399055077562 ], [ -112.51892890405999, 47.848814437385727 ], [ -112.518950239760883, 47.845198310348479 ], [ -112.518971606183612, 47.841582181314763 ], [ -112.524358106877571, 47.841578179904204 ], [ -112.529744633118739, 47.841574178765804 ], [ -112.535131162600223, 47.84157020819579 ], [ -112.53509617032563, 47.845183264011887 ], [ -112.540479027130473, 47.845177404329043 ], [ -112.540440456644617, 47.848788581680225 ], [ -112.535062558855103, 47.848795425264633 ], [ -112.535046269585962, 47.852386625096067 ], [ -112.535027287851833, 47.856004097883243 ], [ -112.529658090581364, 47.856009536837213 ], [ -112.524288867786467, 47.856015001565581 ], [ -112.518919716899205, 47.856020418395936 ] ] ] } },
{ "type": "Feature", "properties": { "CountyName": "Teton", "OwnerName_Grouped": "NATURE CONSERVANCY", "OwnerName": "NATURE CONSERVANCY (PEEBLES)", "OwnerAddre": "32 S EWING ST", "OwnerAdd_1": null, "OwnerAdd_2": null, "OwnerCity": "HELENA", "OwnerState": "MT", "PropType": "Vacant Land", "TotalAcres": 466.64, "BlockID": "8-005", "BlockAcres": 12591.99, "BlockParcelCount": 62 }, "geometry": { "type": "MultiPolygon", "coordinates": [ [ [ [ -112.481072341236171, 47.881359635800749 ], [ -112.481057958124225, 47.877754908328498 ], [ -112.481043571698308, 47.874150152761402 ], [ -112.481029213279868, 47.870545425941792 ], [ -112.481258644826937, 47.870544664129561 ], [ -112.486366113412245, 47.870540337608602 ], [ -112.486619789644308, 47.87054074121378 ], [ -112.491763608592763, 47.870548968134024 ], [ -112.492036633598758, 47.870549534187546 ], [ -112.497159840996403, 47.870557398981475 ], [ -112.497457225444279, 47.870557748073843 ], [ -112.502559319651255, 47.870561948042791 ], [ -112.502586188001573, 47.874162948291428 ], [ -112.502613056428416, 47.877763926727567 ], [ -112.497214451564858, 47.877763852754676 ], [ -112.49451733241105, 47.877761358684545 ], [ -112.494114435537583, 47.877761003593015 ], [ -112.491820182502522, 47.877758845253389 ], [ -112.491813087183388, 47.876855482702283 ], [ -112.490466104744669, 47.876854024371788 ], [ -112.490471089637609, 47.877757682874112 ], [ -112.490478336852931, 47.878661176628981 ], [ -112.489129079553791, 47.878657390048325 ], [ -112.489135557616194, 47.879460992095872 ], [ -112.486947627575447, 47.880333117671135 ], [ -112.485138152583531, 47.880912283958246 ], [ -112.483703670035155, 47.881242983946443 ], [ -112.481082714563229, 47.881520309732586 ], [ -112.481074236595489, 47.881520085666118 ], [ -112.481072341236171, 47.881359635800749 ] ] ], [ [ [ -112.487141680781292, 47.880575265190629 ], [ -112.489691564526566, 47.87955896919334 ], [ -112.491834328644828, 47.879560461127781 ], [ -112.491841405471305, 47.880461269341573 ], [ -112.491848470952789, 47.881361991049332 ], [ -112.49187673153962, 47.884965161643883 ], [ -112.486481710691336, 47.884964764375148 ], [ -112.481086721515851, 47.884964390980628 ], [ -112.481076782274357, 47.881793071605578 ], [ -112.483837375321471, 47.881502069246054 ], [ -112.485293920869466, 47.881166376025568 ], [ -112.487141680781292, 47.880575265190629 ] ] ] ] } },
{ "type": "Feature", "properties": { "CountyName": "Teton", "OwnerName_Grouped": "NATURE CONSERVANCY", "OwnerName": "NATURE CONSERVANCY THE", "OwnerAddre": "32 S EWING ST", "OwnerAdd_1": null, "OwnerAdd_2": null, "OwnerCity": "HELENA", "OwnerState": "MT", "PropType": "Vacant Land", "TotalAcres": 240.0, "BlockID": "8-005", "BlockAcres": 12591.99, "BlockParcelCount": 62 }, "geometry": { "type": "Polygon", "coordinates": [ [ [ -112.513367384971929, 47.877780819378081 ], [ -112.507995549638366, 47.877772095614532 ], [ -112.507979967820617, 47.87416871723633 ], [ -112.507964362234731, 47.870565231171973 ], [ -112.508234487249979, 47.870565383067735 ], [ -112.513369408971926, 47.870568511785187 ], [ -112.513623451793123, 47.870568778622385 ], [ -112.51876728802111, 47.870574060597775 ], [ -112.519012416081083, 47.870574313740462 ], [ -112.52413404207303, 47.870577327955772 ], [ -112.524104665627917, 47.874185778108362 ], [ -112.52407528756855, 47.877794194561673 ], [ -112.518723690112537, 47.877790234895734 ], [ -112.513367384971929, 47.877780819378081 ] ] ] } },
{ "type": "Feature", "properties": { "CountyName": "Teton", "OwnerName_Grouped": "NATURE CONSERVANCY", "OwnerName": "NATURE CONSERVANCY THE  (GUTHRIE)", "OwnerAddre": "32 S EWING ST", "OwnerAdd_1": null, "OwnerAdd_2": null, "OwnerCity": "HELENA", "OwnerState": "MT", "PropType": "Vacant Land", "TotalAcres": 80.0, "BlockID": "8-005", "BlockAcres": 12591.99, "BlockParcelCount": 62 }, "geometry": { "type": "Polygon", "coordinates": [ [ [ -112.599042003903421, 47.885020393120335 ], [ -112.599087919614234, 47.88140648691342 ], [ -112.604475160569692, 47.881400310316742 ], [ -112.609862399502603, 47.881393849361302 ], [ -112.609818012674566, 47.885010977900095 ], [ -112.606266341431436, 47.88501409021918 ], [ -112.604430020784193, 47.885015684672105 ], [ -112.599042003903421, 47.885020393120335 ] ] ] } },
{ "type": "Feature", "properties": { "CountyName": "Teton", "OwnerName_Grouped": "NATURE CONSERVANCY", "OwnerName": "NATURE CONSERVANCY THE", "OwnerAddre": "32 S EWING ST", "OwnerAdd_1": null, "OwnerAdd_2": null, "OwnerCity": "HELENA", "OwnerState": "MT", "PropType": "Vacant Land", "TotalAcres": 160.0, "BlockID": "8-011", "BlockAcres": 1914.27, "BlockParcelCount": 15 }, "geometry": { "type": "Polygon", "coordinates": [ [ [ -112.643641474240809, 48.03423076477501 ], [ -112.643691342207362, 48.030605361437587 ], [ -112.644090416406698, 48.030607941287307 ], [ -112.649107834500768, 48.030638393065615 ], [ -112.649482631152566, 48.030640638834065 ], [ -112.65452432782547, 48.030671256452372 ], [ -112.654469071443486, 48.034269016764881 ], [ -112.654413814907073, 48.037866804749463 ], [ -112.649002710507006, 48.03786158414642 ], [ -112.643591577937343, 48.037856139739738 ], [ -112.643641474240809, 48.03423076477501 ] ] ] } },
{ "type": "Feature", "properties": { "CountyName": "Teton", "OwnerName_Grouped": "NATURE CONSERVANCY", "OwnerName": "NATURE CONSERVANCY THE", "OwnerAddre": "32 S EWING ST", "OwnerAdd_1": null, "OwnerAdd_2": null, "OwnerCity": "HELENA", "OwnerState": "MT", "PropType": "Vacant Land", "TotalAcres": 120.0, "BlockID": "8-011", "BlockAcres": 1914.27, "BlockParcelCount": 15 }, "geometry": { "type": "Polygon", "coordinates": [ [ [ -112.632736926160248, 48.037844420788709 ], [ -112.632807961590601, 48.034200624235446 ], [ -112.638224731133491, 48.03421582018229 ], [ -112.638285183663953, 48.030581025410719 ], [ -112.638697701237746, 48.030582883091768 ], [ -112.643691342207362, 48.030605361437587 ], [ -112.643641474240809, 48.03423076477501 ], [ -112.643591577937343, 48.037856139739738 ], [ -112.638164250908972, 48.037850419891463 ], [ -112.632736926160248, 48.037844420788709 ] ] ] } },
{ "type": "Feature", "properties": { "CountyName": "Teton", "OwnerName_Grouped": "NATURE CONSERVANCY", "OwnerName": "NATURE CONSERVANCY", "OwnerAddre": "32 S EWING ST STE 215", "OwnerAdd_1": null, "OwnerAdd_2": null, "OwnerCity": "HELENA", "OwnerState": "MT", "PropType": "Vacant Land", "TotalAcres": 480.0, "BlockID": "8-007", "BlockAcres": 4914.42, "BlockParcelCount": 10 }, "geometry": { "type": "Polygon", "coordinates": [ [ [ -112.487693848403083, 47.668261923293819 ], [ -112.487693913047522, 47.66463294505072 ], [ -112.487694109843403, 47.661004366421928 ], [ -112.482360542427941, 47.660973125837018 ], [ -112.47702700099768, 47.66094163398374 ], [ -112.477044611338755, 47.657294731434014 ], [ -112.477062246073274, 47.653647826845472 ], [ -112.482379009537524, 47.653674076426356 ], [ -112.48769579856878, 47.653700323882596 ], [ -112.493060668350509, 47.653749268380935 ], [ -112.498434023635696, 47.653822418896169 ], [ -112.498441856190183, 47.657457009872516 ], [ -112.498449684603813, 47.661091574453316 ], [ -112.498446018422896, 47.664695023609582 ], [ -112.498446200653831, 47.668296938241859 ], [ -112.493068127289831, 47.668280197814362 ], [ -112.487693848403083, 47.668261923293819 ] ] ] } },
{ "type": "Feature", "properties": { "CountyName": "Teton", "OwnerName_Grouped": "NATURE CONSERVANCY", "OwnerName": "NATURE CONSERVANCY THE", "OwnerAddre": "32 S EWING ST", "OwnerAdd_1": null, "OwnerAdd_2": null, "OwnerCity": "HELENA", "OwnerState": "MT", "PropType": "Vacant Land", "TotalAcres": 80.0, "BlockID": "8-016", "BlockAcres": 956.29, "BlockParcelCount": 6 }, "geometry": { "type": "Polygon", "coordinates": [ [ [ -112.53523115526599, 47.925132785114563 ], [ -112.535152444385474, 47.921522897684667 ], [ -112.540545456398732, 47.921481525656915 ], [ -112.545938461196272, 47.921439903097024 ], [ -112.546020877784755, 47.925054111837461 ], [ -112.540626018387414, 47.925093559000906 ], [ -112.53523115526599, 47.925132785114563 ] ] ] } },
{ "type": "Feature", "properties": { "CountyName": "Teton", "OwnerName_Grouped": "NATURE CONSERVANCY", "OwnerName": "NATURE CONSERVANCY THE", "OwnerAddre": "32 S EWING ST", "OwnerAdd_1": null, "OwnerAdd_2": null, "OwnerCity": "HELENA", "OwnerState": "MT", "PropType": "Vacant Land", "TotalAcres": 40.0, "BlockID": "8-011", "BlockAcres": 1914.27, "BlockParcelCount": 15 }, "geometry": { "type": "Polygon", "coordinates": [ [ [ -112.605862163027993, 48.019656082046772 ], [ -112.605882141617528, 48.016027670323439 ], [ -112.611321163481989, 48.016035342354805 ], [ -112.611306739603279, 48.019661391822858 ], [ -112.605862163027993, 48.019656082046772 ] ] ] } },
{ "type": "Feature", "properties": { "CountyName": "Teton", "OwnerName_Grouped": "NATURE CONSERVANCY", "OwnerName": "NATURE CONSERVANCY  (DURR)", "OwnerAddre": "32 S EWING ST", "OwnerAdd_1": null, "OwnerAdd_2": null, "OwnerCity": "HELENA", "OwnerState": "MT", "PropType": "Vacant Land", "TotalAcres": 40.0, "BlockID": "8-005", "BlockAcres": 12591.99, "BlockParcelCount": 62 }, "geometry": { "type": "Polygon", "coordinates": [ [ [ -112.557020737727115, 47.812622168120136 ], [ -112.551524274532582, 47.812639011841576 ], [ -112.551568330655599, 47.809021301603885 ], [ -112.557058142594798, 47.809002759431287 ], [ -112.557020737727115, 47.812622168120136 ] ] ] } },
{ "type": "Feature", "properties": { "CountyName": "Teton", "OwnerName_Grouped": "NATURE CONSERVANCY", "OwnerName": "NATURE CONSERVANCY  (DURR)", "OwnerAddre": "32 S EWING ST", "OwnerAdd_1": null, "OwnerAdd_2": null, "OwnerCity": "HELENA", "OwnerState": "MT", "PropType": "Vacant Land", "TotalAcres": 320.0, "BlockID": "8-005", "BlockAcres": 12591.99, "BlockParcelCount": 62 }, "geometry": { "type": "Polygon", "coordinates": [ [ [ -112.584876534971187, 47.830913821362564 ], [ -112.584919727873498, 47.827277471572145 ], [ -112.590289220594627, 47.827322281593851 ], [ -112.595658573325878, 47.827367515910382 ], [ -112.595638365835228, 47.828948271645821 ], [ -112.59563610521316, 47.829129632969121 ], [ -112.595611598543982, 47.83100071825222 ], [ -112.595564544208472, 47.83463440139527 ], [ -112.595517461807034, 47.838267529230329 ], [ -112.595470378772802, 47.841900682762983 ], [ -112.590108665310026, 47.841861761694254 ], [ -112.584746952384236, 47.841822809859138 ], [ -112.584790147868119, 47.838186490053545 ], [ -112.584833341421316, 47.83455014195571 ], [ -112.584876534971187, 47.830913821362564 ] ] ] } },
{ "type": "Feature", "properties": { "CountyName": "Teton", "OwnerName_Grouped": "NATURE CONSERVANCY", "OwnerName": "NATURE CONSERVANCY THE", "OwnerAddre": "32 S EWING ST", "OwnerAdd_1": null, "OwnerAdd_2": null, "OwnerCity": "HELENA", "OwnerState": "MT", "PropType": "Vacant Land", "TotalAcres": 160.0, "BlockID": "8-023", "BlockAcres": 160.0, "BlockParcelCount": 1 }, "geometry": { "type": "Polygon", "coordinates": [ [ [ -112.5788919776748, 47.997878163657525 ], [ -112.578890945453679, 47.994270093133558 ], [ -112.584384969307251, 47.99425443676482 ], [ -112.589878991535869, 47.99423850457439 ], [ -112.589895300902043, 47.997848101092998 ], [ -112.589911588482195, 48.00145778477949 ], [ -112.584402289143497, 48.001472052974563 ], [ -112.578893014471006, 48.001486349417689 ], [ -112.5788919776748, 47.997878163657525 ] ] ] } },
{ "type": "Feature", "properties": { "CountyName": "Teton", "OwnerName_Grouped": "NATURE CONSERVANCY", "OwnerName": "NATURE CONSERVANCY THE", "OwnerAddre": "32 S EWING ST", "OwnerAdd_1": null, "OwnerAdd_2": null, "OwnerCity": "HELENA", "OwnerState": "MT", "PropType": "Vacant Land", "TotalAcres": 80.0, "BlockID": "8-005", "BlockAcres": 12591.99, "BlockParcelCount": 62 }, "geometry": { "type": "Polygon", "coordinates": [ [ [ -112.556570737487277, 47.848821607737207 ], [ -112.551193769877642, 47.848810855879933 ], [ -112.545817053581828, 47.848799883253605 ], [ -112.545855102354352, 47.845184682862609 ], [ -112.551231209479866, 47.845191684281104 ], [ -112.556607729221753, 47.845197685360247 ], [ -112.556570737487277, 47.848821607737207 ] ] ] } },
{ "type": "Feature", "properties": { "CountyName": "Teton", "OwnerName_Grouped": "NATURE CONSERVANCY", "OwnerName": "NATURE CONSERVANCY  (DURR)", "OwnerAddre": "32 S EWING ST", "OwnerAdd_1": null, "OwnerAdd_2": null, "OwnerCity": "HELENA", "OwnerState": "MT", "PropType": "Vacant Land", "TotalAcres": 80.0, "BlockID": "8-005", "BlockAcres": 12591.99, "BlockParcelCount": 62 }, "geometry": { "type": "Polygon", "coordinates": [ [ [ -112.590026944633465, 47.845506055082609 ], [ -112.584674175366331, 47.845460964794057 ], [ -112.584746952384236, 47.841822809859138 ], [ -112.590108665310026, 47.841861761694254 ], [ -112.595470378772802, 47.841900682762983 ], [ -112.595379682945264, 47.845550922700703 ], [ -112.590026944633465, 47.845506055082609 ] ] ] } },
{ "type": "Feature", "properties": { "CountyName": "Teton", "OwnerName_Grouped": "NATURE CONSERVANCY", "OwnerName": "NATURE CONSERVANCY THE", "OwnerAddre": "32 S EWING ST", "OwnerAdd_1": null, "OwnerAdd_2": null, "OwnerCity": "HELENA", "OwnerState": "MT", "PropType": "Vacant Land", "TotalAcres": 40.0, "BlockID": "8-011", "BlockAcres": 1914.27, "BlockParcelCount": 15 }, "geometry": { "type": "Polygon", "coordinates": [ [ [ -112.622160448042905, 48.019676598762544 ], [ -112.622190259925674, 48.016044688119699 ], [ -112.627624779584607, 48.016049334857833 ], [ -112.627558968025056, 48.01968402010354 ], [ -112.622160448042905, 48.019676598762544 ] ] ] } },
{ "type": "Feature", "properties": { "CountyName": "Teton", "OwnerName_Grouped": "NATURE CONSERVANCY", "OwnerName": "NATURE CONSERVANCY THE", "OwnerAddre": "32 S EWING ST", "OwnerAdd_1": null, "OwnerAdd_2": null, "OwnerCity": "HELENA", "OwnerState": "MT", "PropType": "Vacant Land", "TotalAcres": 80.0, "BlockID": "8-011", "BlockAcres": 1914.27, "BlockParcelCount": 15 }, "geometry": { "type": "Polygon", "coordinates": [ [ [ -112.611306739603279, 48.019661391822858 ], [ -112.611321163481989, 48.016035342354805 ], [ -112.616755711711662, 48.016040014301971 ], [ -112.622190259925674, 48.016044688119699 ], [ -112.622160448042905, 48.019676598762544 ], [ -112.616733594967926, 48.019669120018968 ], [ -112.611306739603279, 48.019661391822858 ] ] ] } },
{ "type": "Feature", "properties": { "CountyName": "Teton", "OwnerName_Grouped": "NATURE CONSERVANCY", "OwnerName": "NATURE CONSERVANCY  (DURR)", "OwnerAddre": "32 S EWING ST", "OwnerAdd_1": null, "OwnerAdd_2": null, "OwnerCity": "HELENA", "OwnerState": "MT", "PropType": "Vacant Land", "TotalAcres": 120.0, "BlockID": "8-005", "BlockAcres": 12591.99, "BlockParcelCount": 62 }, "geometry": { "type": "Polygon", "coordinates": [ [ [ -112.535131162600223, 47.84157020819579 ], [ -112.535172206284429, 47.837956958972576 ], [ -112.535204540500956, 47.834352138654396 ], [ -112.535221758535158, 47.830745086800086 ], [ -112.540615923540798, 47.830740880770904 ], [ -112.540600512770382, 47.834347294262258 ], [ -112.540554128101647, 47.837949622284604 ], [ -112.540517687615321, 47.841566203558962 ], [ -112.535131162600223, 47.84157020819579 ] ] ] } },
{ "type": "Feature", "properties": { "CountyName": "Teton", "OwnerName_Grouped": "NATURE CONSERVANCY", "OwnerName": "NATURE CONSERVANCY  (DURR)", "OwnerAddre": "32 S EWING ST", "OwnerAdd_1": null, "OwnerAdd_2": null, "OwnerCity": "HELENA", "OwnerState": "MT", "PropType": "Vacant Land", "TotalAcres": 320.0, "BlockID": "8-005", "BlockAcres": 12591.99, "BlockParcelCount": 62 }, "geometry": { "type": "Polygon", "coordinates": [ [ [ -112.584919727873498, 47.827277471572145 ], [ -112.584920724356166, 47.823656349102379 ], [ -112.58492172347735, 47.820035222809928 ], [ -112.584922718929931, 47.816414099180555 ], [ -112.584923199900729, 47.812793227730808 ], [ -112.590322850218342, 47.812818943606146 ], [ -112.595721978266724, 47.812844942408773 ], [ -112.595706176567774, 47.816475738784121 ], [ -112.595690343375864, 47.820106531288047 ], [ -112.595674512096195, 47.823736795798752 ], [ -112.595658573325878, 47.827367515910382 ], [ -112.590289220594627, 47.827322281593851 ], [ -112.584919727873498, 47.827277471572145 ] ] ] } },
{ "type": "Feature", "properties": { "CountyName": "Teton", "OwnerName_Grouped": "NATURE CONSERVANCY", "OwnerName": "NATURE CONSERVANCY  (DURR)", "OwnerAddre": "32 S EWING ST", "OwnerAdd_1": null, "OwnerAdd_2": null, "OwnerCity": "HELENA", "OwnerState": "MT", "PropType": "Improved Property", "TotalAcres": 198.18, "BlockID": "8-005", "BlockAcres": 12591.99, "BlockParcelCount": 62 }, "geometry": { "type": "Polygon", "coordinates": [ [ [ -112.540631340850751, 47.827134495737596 ], [ -112.540690633619334, 47.823523071720146 ], [ -112.540749906565296, 47.8199116478619 ], [ -112.540631053693957, 47.816292246604263 ], [ -112.540513750668836, 47.812673027423521 ], [ -112.546019015027667, 47.81265601080694 ], [ -112.551524274532582, 47.812639011841576 ], [ -112.551532512508729, 47.816253410933591 ], [ -112.546081764545448, 47.816272959304186 ], [ -112.546145130751441, 47.819889758449897 ], [ -112.546076369895616, 47.823511442798129 ], [ -112.546010877719752, 47.827120655281448 ], [ -112.540631340850751, 47.827134495737596 ] ] ] } },
{ "type": "Feature", "properties": { "CountyName": "Teton", "OwnerName_Grouped": "NATURE CONSERVANCY", "OwnerName": "NATURE CONSERVANCY  (DURR)", "OwnerAddre": "32 S EWING ST", "OwnerAdd_1": null, "OwnerAdd_2": null, "OwnerCity": "HELENA", "OwnerState": "MT", "PropType": "Vacant Land", "TotalAcres": 160.0, "BlockID": "8-005", "BlockAcres": 12591.99, "BlockParcelCount": 62 }, "geometry": { "type": "Polygon", "coordinates": [ [ [ -112.568548949921535, 47.841636931106713 ], [ -112.568579172483126, 47.838001973210659 ], [ -112.568609363152831, 47.834366878009668 ], [ -112.56863958365237, 47.830731534024146 ], [ -112.568669805382882, 47.827096047384792 ], [ -112.574086465600402, 47.827156524977305 ], [ -112.574051909362197, 47.830792397655991 ], [ -112.574017384596957, 47.834428243930205 ], [ -112.57398282994545, 47.838063562010817 ], [ -112.573948276581461, 47.841698909389557 ], [ -112.568548949921535, 47.841636931106713 ] ] ] } },
{ "type": "Feature", "properties": { "CountyName": "Teton", "OwnerName_Grouped": "NATURE CONSERVANCY", "OwnerName": "NATURE CONSERVANCY  (DURR)", "OwnerAddre": "32 S EWING ST", "OwnerAdd_1": null, "OwnerAdd_2": null, "OwnerCity": "HELENA", "OwnerState": "MT", "PropType": "Vacant Land", "TotalAcres": 40.0, "BlockID": "8-005", "BlockAcres": 12591.99, "BlockParcelCount": 62 }, "geometry": { "type": "Polygon", "coordinates": [ [ [ -112.492049401650121, 47.859600993691203 ], [ -112.492033564596625, 47.855980279623985 ], [ -112.497421779405869, 47.855999027345071 ], [ -112.4974517720931, 47.85962326113188 ], [ -112.492049401650121, 47.859600993691203 ] ] ] } },
{ "type": "Feature", "properties": { "CountyName": "Teton", "OwnerName_Grouped": "NATURE CONSERVANCY", "OwnerName": "NATURE CONSERVANCY  (DURR)", "OwnerAddre": "32 S EWING ST", "OwnerAdd_1": null, "OwnerAdd_2": null, "OwnerCity": "HELENA", "OwnerState": "MT", "PropType": "Vacant Land", "TotalAcres": 316.36, "BlockID": "8-005", "BlockAcres": 12591.99, "BlockParcelCount": 62 }, "geometry": { "type": "Polygon", "coordinates": [ [ [ -112.518843418850935, 47.827095245355657 ], [ -112.518890618097615, 47.823466999962406 ], [ -112.518937815007902, 47.81983872815912 ], [ -112.524360629703011, 47.819857528153655 ], [ -112.529782208452147, 47.81987618594605 ], [ -112.535265745167635, 47.819894795883471 ], [ -112.540749906565296, 47.8199116478619 ], [ -112.540690633619334, 47.823523071720146 ], [ -112.540631340850751, 47.827134495737596 ], [ -112.535238952030952, 47.827137922825372 ], [ -112.529791434152912, 47.827127994248336 ], [ -112.52431741013109, 47.82711160941561 ], [ -112.518843418850935, 47.827095245355657 ] ] ] } },
{ "type": "Feature", "properties": { "CountyName": "Teton", "OwnerName_Grouped": "NATURE CONSERVANCY", "OwnerName": "NATURE CONSERVANCY  (DURR)", "OwnerAddre": "32 S EWING ST", "OwnerAdd_1": null, "OwnerAdd_2": null, "OwnerCity": "HELENA", "OwnerState": "MT", "PropType": "Vacant Land", "TotalAcres": 320.0, "BlockID": "8-005", "BlockAcres": 12591.99, "BlockParcelCount": 62 }, "geometry": { "type": "Polygon", "coordinates": [ [ [ -112.573948276581461, 47.841698909389557 ], [ -112.57398282994545, 47.838063562010817 ], [ -112.574017384596957, 47.834428243930205 ], [ -112.574051909362197, 47.830792397655991 ], [ -112.574086465600402, 47.827156524977305 ], [ -112.579503095242998, 47.827216999100806 ], [ -112.584919727873498, 47.827277471572145 ], [ -112.584876534971187, 47.830913821362564 ], [ -112.584833341421316, 47.83455014195571 ], [ -112.584790147868119, 47.838186490053545 ], [ -112.584746952384236, 47.841822809859138 ], [ -112.579347628989439, 47.841760860985765 ], [ -112.573948276581461, 47.841698909389557 ] ] ] } },
{ "type": "Feature", "properties": { "CountyName": "Teton", "OwnerName_Grouped": "NATURE CONSERVANCY", "OwnerName": "NATURE CONSERVANCY THE", "OwnerAddre": "32 S EWING ST", "OwnerAdd_1": null, "OwnerAdd_2": null, "OwnerCity": "HELENA", "OwnerState": "MT", "PropType": "Vacant Land", "TotalAcres": 244.0, "BlockID": "8-011", "BlockAcres": 1914.27, "BlockParcelCount": 15 }, "geometry": { "type": "Polygon", "coordinates": [ [ [ -112.638677982730826, 48.02691822468789 ], [ -112.638658568365102, 48.023303904021127 ], [ -112.644104756596036, 48.023280712199679 ], [ -112.649493773689315, 48.023257519729917 ], [ -112.654882792204418, 48.023234047741376 ], [ -112.654879007740192, 48.026852392710374 ], [ -112.654874872539665, 48.03066975503976 ], [ -112.65452432782547, 48.030671256452372 ], [ -112.649482631152566, 48.030640638834065 ], [ -112.649107834500768, 48.030638393065615 ], [ -112.644090416406698, 48.030607941287307 ], [ -112.643691342207362, 48.030605361437587 ], [ -112.638697701237746, 48.030582883091768 ], [ -112.638677982730826, 48.02691822468789 ] ] ] } },
{ "type": "Feature", "properties": { "CountyName": "Teton", "OwnerName_Grouped": "NATURE CONSERVANCY", "OwnerName": "NATURE CONSERVANCY", "OwnerAddre": "32 S EWING ST STE 215", "OwnerAdd_1": null, "OwnerAdd_2": null, "OwnerCity": "HELENA", "OwnerState": "MT", "PropType": "Vacant Land", "TotalAcres": 240.0, "BlockID": "8-007", "BlockAcres": 4914.42, "BlockParcelCount": 10 }, "geometry": { "type": "Polygon", "coordinates": [ [ [ -112.477049777221453, 47.631934112642476 ], [ -112.477048137880089, 47.628330409975696 ], [ -112.482399225538316, 47.62837054701825 ], [ -112.487730773277178, 47.628374887937937 ], [ -112.487766018550829, 47.63201708701704 ], [ -112.487777539842966, 47.635611277259954 ], [ -112.487789058667445, 47.63920543856927 ], [ -112.482416760539763, 47.639161197248932 ], [ -112.477053084434488, 47.639141548979318 ], [ -112.477051443987122, 47.63553784409978 ], [ -112.477049777221453, 47.631934112642476 ] ] ] } },
{ "type": "Feature", "properties": { "CountyName": "Teton", "OwnerName_Grouped": "NATURE CONSERVANCY", "OwnerName": "NATURE CONSERVANCY", "OwnerAddre": "32 S EWING ST", "OwnerAdd_1": null, "OwnerAdd_2": null, "OwnerCity": "HELENA", "OwnerState": "MT", "PropType": "Improved Property", "TotalAcres": 309.2, "BlockID": "8-005", "BlockAcres": 12591.99, "BlockParcelCount": 62 }, "geometry": { "type": "Polygon", "coordinates": [ [ [ -112.685587524222356, 47.877809845036992 ], [ -112.680240255693491, 47.877795971257292 ], [ -112.674892963781573, 47.877781816580857 ], [ -112.674895657496421, 47.874181404111496 ], [ -112.674898374895719, 47.87058098529716 ], [ -112.675583212886991, 47.870581147699127 ], [ -112.680208501766103, 47.87058227596215 ], [ -112.680953812846468, 47.870582436048238 ], [ -112.685518657376392, 47.870583286699485 ], [ -112.686340107929311, 47.870582549681203 ], [ -112.68634372063481, 47.870582641662018 ], [ -112.69096095318065, 47.870579910628187 ], [ -112.691360028462583, 47.870579601394716 ], [ -112.696159417628792, 47.870589072874196 ], [ -112.696161822854322, 47.870589006799875 ], [ -112.696165630268851, 47.871781952170821 ], [ -112.696166326602963, 47.874212815693049 ], [ -112.696167385323164, 47.87783659729233 ], [ -112.691004044420268, 47.877823663560569 ], [ -112.685587524222356, 47.877809845036992 ] ] ] } },
{ "type": "Feature", "properties": { "CountyName": "Teton", "OwnerName_Grouped": "NATURE CONSERVANCY", "OwnerName": "NATURE CONSERVANCY THE", "OwnerAddre": "32 S EWING ST STE 215", "OwnerAdd_1": null, "OwnerAdd_2": null, "OwnerCity": "HELENA", "OwnerState": "MT", "PropType": "Vacant Land", "TotalAcres": 80.0, "BlockID": "8-005", "BlockAcres": 12591.99, "BlockParcelCount": 62 }, "geometry": { "type": "Polygon", "coordinates": [ [ [ -112.556186203942346, 47.881420243436381 ], [ -112.550827830890512, 47.881427698130501 ], [ -112.5454694612108, 47.881434874586233 ], [ -112.545495861793668, 47.877823486103118 ], [ -112.550858557556793, 47.877815760344909 ], [ -112.556221283485698, 47.87780778134065 ], [ -112.556186203942346, 47.881420243436381 ] ] ] } },
{ "type": "Feature", "properties": { "CountyName": "Teton", "OwnerName_Grouped": "NATURE CONSERVANCY", "OwnerName": "NATURE CONSERVANCY THE", "OwnerAddre": "32 S EWING ST", "OwnerAdd_1": null, "OwnerAdd_2": null, "OwnerCity": "HELENA", "OwnerState": "MT", "PropType": "Vacant Land", "TotalAcres": 80.0, "BlockID": "8-011", "BlockAcres": 1914.27, "BlockParcelCount": 15 }, "geometry": { "type": "Polygon", "coordinates": [ [ [ -112.632703555428918, 48.041475300027983 ], [ -112.632736926160248, 48.037844420788709 ], [ -112.638164250908972, 48.037850419891463 ], [ -112.643591577937343, 48.037856139739738 ], [ -112.643541794451721, 48.04147532234289 ], [ -112.638120605544898, 48.041475434000041 ], [ -112.632703555428918, 48.041475300027983 ] ] ] } },
{ "type": "Feature", "properties": { "CountyName": "Teton", "OwnerName_Grouped": "NATURE CONSERVANCY", "OwnerName": "NATURE CONSERVANCY  (DURR)", "OwnerAddre": "32 S EWING ST", "OwnerAdd_1": null, "OwnerAdd_2": null, "OwnerCity": "HELENA", "OwnerState": "MT", "PropType": "Vacant Land", "TotalAcres": 461.31, "BlockID": "8-005", "BlockAcres": 12591.99, "BlockParcelCount": 62 }, "geometry": { "type": "Polygon", "coordinates": [ [ [ -112.546010877719752, 47.827120655281448 ], [ -112.546076369895616, 47.823511442798129 ], [ -112.546145130751441, 47.819889758449897 ], [ -112.546081764545448, 47.816272959304186 ], [ -112.551532512508729, 47.816253410933591 ], [ -112.551524274532582, 47.812639011841576 ], [ -112.557020737727115, 47.812622168120136 ], [ -112.563150438548135, 47.812603364897512 ], [ -112.563176134474176, 47.816211430977674 ], [ -112.563201805856224, 47.819819468897414 ], [ -112.563227504097398, 47.823427534921819 ], [ -112.563253172450615, 47.827035572897699 ], [ -112.556764160414062, 47.827074744066095 ], [ -112.551390418092836, 47.827106814396195 ], [ -112.546010877719752, 47.827120655281448 ] ] ] } },
{ "type": "Feature", "properties": { "CountyName": "Teton", "OwnerName_Grouped": "NATURE CONSERVANCY", "OwnerName": "NATURE CONSERVANCY THE", "OwnerAddre": "32 S EWING ST", "OwnerAdd_1": null, "OwnerAdd_2": null, "OwnerCity": "HELENA", "OwnerState": "MT", "PropType": "Vacant Land", "TotalAcres": 120.0, "BlockID": "8-005", "BlockAcres": 12591.99, "BlockParcelCount": 62 }, "geometry": { "type": "Polygon", "coordinates": [ [ [ -112.584455870654267, 47.856375343292648 ], [ -112.584528647605822, 47.85273721541872 ], [ -112.584601425778558, 47.849099091385469 ], [ -112.584674175366331, 47.845460964794057 ], [ -112.590026944633465, 47.845506055082609 ], [ -112.589945193133417, 47.849150237859213 ], [ -112.58986347076015, 47.852794168834279 ], [ -112.589781720390462, 47.856437991795595 ], [ -112.584455870654267, 47.856375343292648 ] ] ] } },
{ "type": "Feature", "properties": { "CountyName": "Teton", "OwnerName_Grouped": "NATURE CONSERVANCY", "OwnerName": "NATURE CONSERVANCY THE", "OwnerAddre": "32 S EWING ST", "OwnerAdd_1": null, "OwnerAdd_2": null, "OwnerCity": "HELENA", "OwnerState": "MT", "PropType": "Vacant Land", "TotalAcres": 160.0, "BlockID": "8-005", "BlockAcres": 12591.99, "BlockParcelCount": 62 }, "geometry": { "type": "Polygon", "coordinates": [ [ [ -112.4974517720931, 47.85962326113188 ], [ -112.497421779405869, 47.855999027345071 ], [ -112.502796255701867, 47.856004376572244 ], [ -112.508170750059136, 47.856009704984608 ], [ -112.513545221237351, 47.856015063175938 ], [ -112.518919716899205, 47.856020418395936 ], [ -112.518942002890938, 47.859653631370335 ], [ -112.513569375917527, 47.859646275003712 ], [ -112.508196778474144, 47.859638692413277 ], [ -112.502824269253509, 47.85963111441567 ], [ -112.4974517720931, 47.85962326113188 ] ] ] } },
{ "type": "Feature", "properties": { "CountyName": "Teton", "OwnerName_Grouped": "NATURE CONSERVANCY", "OwnerName": "NATURE CONSERVANCY THE", "OwnerAddre": "32 S EWING ST", "OwnerAdd_1": null, "OwnerAdd_2": null, "OwnerCity": "HELENA", "OwnerState": "MT", "PropType": "Vacant Land", "TotalAcres": 136.21, "BlockID": "8-011", "BlockAcres": 1914.27, "BlockParcelCount": 15 }, "geometry": { "type": "Polygon", "coordinates": [ [ [ -112.643481916341059, 48.045826474032935 ], [ -112.643541794451721, 48.04147532234289 ], [ -112.648954120111711, 48.04147501264891 ], [ -112.649002710507006, 48.03786158414642 ], [ -112.654413814907073, 48.037866804749463 ], [ -112.654367475488556, 48.04147442792852 ], [ -112.654309516119767, 48.045812018779557 ], [ -112.648895717550531, 48.045819247132783 ], [ -112.643481916341059, 48.045826474032935 ] ] ] } },
{ "type": "Feature", "properties": { "CountyName": "Teton", "OwnerName_Grouped": "NATURE CONSERVANCY", "OwnerName": "NATURE CONSERVANCY", "OwnerAddre": "32 S EWING ST STE 215", "OwnerAdd_1": null, "OwnerAdd_2": null, "OwnerCity": "HELENA", "OwnerState": "MT", "PropType": "Vacant Land", "TotalAcres": 640.0, "BlockID": "8-007", "BlockAcres": 4914.42, "BlockParcelCount": 10 }, "geometry": { "type": "Polygon", "coordinates": [ [ [ -112.455443402736719, 47.667995211161383 ], [ -112.455511726368329, 47.664399736291557 ], [ -112.455580046617968, 47.660804290612759 ], [ -112.455648371069302, 47.657208819012766 ], [ -112.455716690657269, 47.653613373968554 ], [ -112.461062983828043, 47.65361423238695 ], [ -112.466409712259434, 47.653625383935257 ], [ -112.47173596586795, 47.653636606039349 ], [ -112.477062246073274, 47.653647826845472 ], [ -112.477044611338755, 47.657294731434014 ], [ -112.47702700099768, 47.66094163398374 ], [ -112.47700883942403, 47.664588705061767 ], [ -112.476990975616573, 47.668236771159201 ], [ -112.471626522487938, 47.668223552408712 ], [ -112.466262066401328, 47.66821036479692 ], [ -112.460852720299854, 47.668102772402229 ], [ -112.455443402736719, 47.667995211161383 ] ] ] } },
{ "type": "Feature", "properties": { "CountyName": "Teton", "OwnerName_Grouped": "NATURE CONSERVANCY", "OwnerName": "NATURE CONSERVANCY THE", "OwnerAddre": "32 S EWING ST", "OwnerAdd_1": null, "OwnerAdd_2": null, "OwnerCity": "HELENA", "OwnerState": "MT", "PropType": "Vacant Land", "TotalAcres": 40.0, "BlockID": "8-005", "BlockAcres": 12591.99, "BlockParcelCount": 62 }, "geometry": { "type": "Polygon", "coordinates": [ [ [ -112.568298313572555, 47.859769660425584 ], [ -112.562932072856867, 47.859700203342499 ], [ -112.562950349762389, 47.856093443386847 ], [ -112.568326730170725, 47.85616392384221 ], [ -112.568298313572555, 47.859769660425584 ] ] ] } },
{ "type": "Feature", "properties": { "CountyName": "Teton", "OwnerName_Grouped": "NATURE CONSERVANCY", "OwnerName": "NATURE CONSERVANCY THE", "OwnerAddre": "32 S EWING ST", "OwnerAdd_1": null, "OwnerAdd_2": null, "OwnerCity": "HELENA", "OwnerState": "MT", "PropType": "Improved Property", "TotalAcres": 31.88, "BlockID": "8-016", "BlockAcres": 956.29, "BlockParcelCount": 6 }, "geometry": { "type": "Polygon", "coordinates": [ [ [ -112.56231895446868, 47.927058420849576 ], [ -112.565496938638177, 47.925039663220424 ], [ -112.56749265918809, 47.925040376669891 ], [ -112.567609918400876, 47.928715971766756 ], [ -112.562367460031069, 47.928705811878281 ], [ -112.56232380795889, 47.927223327869626 ], [ -112.56231895446868, 47.927058420849576 ] ] ] } },
{ "type": "Feature", "properties": { "CountyName": "Teton", "OwnerName_Grouped": "NATURE CONSERVANCY", "OwnerName": "NATURE CONSERVANCY (PEEBLES)", "OwnerAddre": "32 S EWING ST", "OwnerAdd_1": null, "OwnerAdd_2": null, "OwnerCity": "HELENA", "OwnerState": "MT", "PropType": "Vacant Land", "TotalAcres": 203.01, "BlockID": "8-005", "BlockAcres": 12591.99, "BlockParcelCount": 62 }, "geometry": { "type": "Polygon", "coordinates": [ [ [ -112.481258644826937, 47.870544664129561 ], [ -112.481282074574281, 47.866784946995146 ], [ -112.47598121941472, 47.866776612911245 ], [ -112.476005301402438, 47.863166728425909 ], [ -112.475984075920863, 47.859562387990479 ], [ -112.481330505438635, 47.859566696192474 ], [ -112.481304585382475, 47.863174118976019 ], [ -112.486632683373017, 47.863187780162242 ], [ -112.486626336469385, 47.86680280687883 ], [ -112.492040068704881, 47.866836876937811 ], [ -112.492036633598758, 47.870549534187546 ], [ -112.491763608592763, 47.870548968134024 ], [ -112.486619789644308, 47.87054074121378 ], [ -112.486366113412245, 47.870540337608602 ], [ -112.481258644826937, 47.870544664129561 ] ] ] } },
{ "type": "Feature", "properties": { "CountyName": "Teton", "OwnerName_Grouped": "NATURE CONSERVANCY", "OwnerName": "NATURE CONSERVANCY (PEEBLES)", "OwnerAddre": "32 S EWING ST", "OwnerAdd_1": null, "OwnerAdd_2": null, "OwnerCity": "HELENA", "OwnerState": "MT", "PropType": "Vacant Land", "TotalAcres": 474.6, "BlockID": "8-005", "BlockAcres": 12591.99, "BlockParcelCount": 62 }, "geometry": { "type": "Polygon", "coordinates": [ [ [ -112.454531090514735, 47.866915406585981 ], [ -112.454494825805526, 47.863303137398205 ], [ -112.454485224350449, 47.859690542958852 ], [ -112.454475632454475, 47.856077922830146 ], [ -112.459839371456738, 47.856048135602478 ], [ -112.465203104796203, 47.85601832267146 ], [ -112.470566835397747, 47.855988511878124 ], [ -112.47593055946669, 47.855958730334486 ], [ -112.475984075920863, 47.859562387990479 ], [ -112.476005301402438, 47.863166728425909 ], [ -112.47598121941472, 47.866776612911245 ], [ -112.470666412602043, 47.866812536725519 ], [ -112.465334198955844, 47.866848429014922 ], [ -112.459942327854066, 47.866885229908959 ], [ -112.454531090514735, 47.866915406585981 ] ] ] } },
{ "type": "Feature", "properties": { "CountyName": "Teton", "OwnerName_Grouped": "NATURE CONSERVANCY", "OwnerName": "NATURE CONSERVANCY THE", "OwnerAddre": "32 S EWING ST", "OwnerAdd_1": null, "OwnerAdd_2": null, "OwnerCity": "HELENA", "OwnerState": "MT", "PropType": "Vacant Land", "TotalAcres": 160.0, "BlockID": "8-005", "BlockAcres": 12591.99, "BlockParcelCount": 62 }, "geometry": { "type": "Polygon", "coordinates": [ [ [ -112.551119019442041, 47.863261622849009 ], [ -112.54575361952206, 47.863240604460401 ], [ -112.540387992660882, 47.86321945915158 ], [ -112.540396856615502, 47.859610751606354 ], [ -112.540396515404638, 47.855998631019865 ], [ -112.545771901367019, 47.856026792675038 ], [ -112.551147258993112, 47.85605492666398 ], [ -112.551138414568712, 47.859659137903648 ], [ -112.551119019442041, 47.863261622849009 ] ] ] } },
{ "type": "Feature", "properties": { "CountyName": "Teton", "OwnerName_Grouped": "NATURE CONSERVANCY", "OwnerName": "NATURE CONSERVANCY THE", "OwnerAddre": "32 S EWING ST", "OwnerAdd_1": null, "OwnerAdd_2": null, "OwnerCity": "HELENA", "OwnerState": "MT", "PropType": "Vacant Land", "TotalAcres": 40.0, "BlockID": "8-011", "BlockAcres": 1914.27, "BlockParcelCount": 15 }, "geometry": { "type": "Polygon", "coordinates": [ [ [ -112.676166874111757, 48.0342193659679 ], [ -112.676190879843162, 48.030622645905865 ], [ -112.676546785646877, 48.030619392758169 ], [ -112.68159948398295, 48.030591893626074 ], [ -112.681606705682881, 48.034245263393423 ], [ -112.676166874111757, 48.0342193659679 ] ] ] } },
{ "type": "Feature", "properties": { "CountyName": "Teton", "OwnerName_Grouped": "NATURE CONSERVANCY", "OwnerName": "NATURE CONSERVANCY THE", "OwnerAddre": "32 S EWING ST", "OwnerAdd_1": null, "OwnerAdd_2": null, "OwnerCity": "HELENA", "OwnerState": "MT", "PropType": "Vacant Land", "TotalAcres": 445.9, "BlockID": "8-011", "BlockAcres": 1914.27, "BlockParcelCount": 15 }, "geometry": { "type": "Polygon", "coordinates": [ [ [ -112.654874872539665, 48.03066975503976 ], [ -112.654879007740192, 48.026852392710374 ], [ -112.654882792204418, 48.023234047741376 ], [ -112.65488888063372, 48.019615202780685 ], [ -112.660301734514093, 48.019620236199827 ], [ -112.665714586439876, 48.019624991727007 ], [ -112.671127219207733, 48.019632164159269 ], [ -112.676539822715142, 48.01963908829169 ], [ -112.67654320655474, 48.023265761126595 ], [ -112.676544952633733, 48.026888181292662 ], [ -112.671128517550343, 48.026876568590694 ], [ -112.671128765393519, 48.030627448987794 ], [ -112.670776915554953, 48.030627782981966 ], [ -112.665710774625907, 48.030632585728839 ], [ -112.665362922786699, 48.030633171370702 ], [ -112.660292808963419, 48.030650865185024 ], [ -112.659943626973373, 48.030652089333771 ], [ -112.654874872539665, 48.03066975503976 ] ] ] } },
{ "type": "Feature", "properties": { "CountyName": "Teton", "OwnerName_Grouped": "NATURE CONSERVANCY", "OwnerName": "NATURE CONSERVANCY THE", "OwnerAddre": "32 S EWING ST", "OwnerAdd_1": null, "OwnerAdd_2": null, "OwnerCity": "HELENA", "OwnerState": "MT", "PropType": "Vacant Land", "TotalAcres": 118.77, "BlockID": "8-016", "BlockAcres": 956.29, "BlockParcelCount": 6 }, "geometry": { "type": "Polygon", "coordinates": [ [ [ -112.551641409028989, 47.932335122111432 ], [ -112.551532060439257, 47.92868192570338 ], [ -112.556960833266615, 47.928695478046222 ], [ -112.562367460031069, 47.928705811878281 ], [ -112.567609918400876, 47.928715971766756 ], [ -112.567683562412597, 47.932373287819416 ], [ -112.562454024599106, 47.932363234051415 ], [ -112.557054784568308, 47.932352676223609 ], [ -112.551641409028989, 47.932335122111432 ] ] ] } },
{ "type": "Feature", "properties": { "CountyName": "Teton", "OwnerName_Grouped": "NATURE CONSERVANCY", "OwnerName": "NATURE CONSERVANCY THE", "OwnerAddre": "32 S EWING ST", "OwnerAdd_1": null, "OwnerAdd_2": null, "OwnerCity": "HELENA", "OwnerState": "MT", "PropType": "Vacant Land", "TotalAcres": 120.0, "BlockID": "8-005", "BlockAcres": 12591.99, "BlockParcelCount": 62 }, "geometry": { "type": "Polygon", "coordinates": [ [ [ -112.540396515404638, 47.855998631019865 ], [ -112.540417453423004, 47.852382144781949 ], [ -112.540440456644617, 47.848788581680225 ], [ -112.545817053581828, 47.848799883253605 ], [ -112.545790341459693, 47.8524039532317 ], [ -112.551163228590596, 47.852425537163192 ], [ -112.551147258993112, 47.85605492666398 ], [ -112.545771901367019, 47.856026792675038 ], [ -112.540396515404638, 47.855998631019865 ] ] ] } },
{ "type": "Feature", "properties": { "CountyName": "Teton", "OwnerName_Grouped": "NATURE CONSERVANCY", "OwnerName": "NATURE CONSERVANCY (PEEBLES)", "OwnerAddre": "32 S EWING ST", "OwnerAdd_1": null, "OwnerAdd_2": null, "OwnerCity": "HELENA", "OwnerState": "MT", "PropType": "Vacant Land", "TotalAcres": 316.6, "BlockID": "8-005", "BlockAcres": 12591.99, "BlockParcelCount": 62 }, "geometry": { "type": "Polygon", "coordinates": [ [ [ -112.459618501522598, 47.881281205155076 ], [ -112.459707223293421, 47.877707213612275 ], [ -112.459795901156227, 47.874133220795194 ], [ -112.465168944949667, 47.87417131224084 ], [ -112.470465424723145, 47.874168329956944 ], [ -112.475754488456488, 47.874159362227346 ], [ -112.481043571698308, 47.874150152761402 ], [ -112.481057958124225, 47.877754908328498 ], [ -112.481072341236171, 47.881359635800749 ], [ -112.475767707358258, 47.881371013081719 ], [ -112.470386213355823, 47.881341157166901 ], [ -112.465002368502283, 47.881311318780817 ], [ -112.459618501522598, 47.881281205155076 ] ] ] } },
{ "type": "Feature", "properties": { "CountyName": "Teton", "OwnerName_Grouped": "NATURE CONSERVANCY", "OwnerName": "NATURE CONSERVANCY THE", "OwnerAddre": "32 S EWING ST", "OwnerAdd_1": null, "OwnerAdd_2": null, "OwnerCity": "HELENA", "OwnerState": "MT", "PropType": "Vacant Land", "TotalAcres": 40.0, "BlockID": "8-011", "BlockAcres": 1914.27, "BlockParcelCount": 15 }, "geometry": { "type": "Polygon", "coordinates": [ [ [ -112.611321163481989, 48.016035342354805 ], [ -112.605882141617528, 48.016027670323439 ], [ -112.605942317620887, 48.012401729034615 ], [ -112.61137253334644, 48.012412655023148 ], [ -112.611321163481989, 48.016035342354805 ] ] ] } },
{ "type": "Feature", "properties": { "CountyName": "Teton", "OwnerName_Grouped": "NATURE CONSERVANCY", "OwnerName": "NATURE CONSERVANCY THE", "OwnerAddre": "32 S EWING ST", "OwnerAdd_1": null, "OwnerAdd_2": null, "OwnerCity": "HELENA", "OwnerState": "MT", "PropType": "Vacant Land", "TotalAcres": 168.16, "BlockID": "8-011", "BlockAcres": 1914.27, "BlockParcelCount": 15 }, "geometry": { "type": "Polygon", "coordinates": [ [ [ -112.654469071443486, 48.034269016764881 ], [ -112.65452432782547, 48.030671256452372 ], [ -112.654874872539665, 48.03066975503976 ], [ -112.659943626973373, 48.030652089333771 ], [ -112.659895257885324, 48.034253540726041 ], [ -112.659846890223875, 48.037854718102565 ], [ -112.659802467165633, 48.041461590294844 ], [ -112.659748953154363, 48.045805653729403 ], [ -112.654309516119767, 48.045812018779557 ], [ -112.654367475488556, 48.04147442792852 ], [ -112.654413814907073, 48.037866804749463 ], [ -112.654469071443486, 48.034269016764881 ] ] ] } },
{ "type": "Feature", "properties": { "CountyName": "Teton", "OwnerName_Grouped": "NATURE CONSERVANCY", "OwnerName": "NATURE CONSERVANCY THE", "OwnerAddre": "32 S EWING ST", "OwnerAdd_1": null, "OwnerAdd_2": null, "OwnerCity": "HELENA", "OwnerState": "MT", "PropType": "Vacant Land", "TotalAcres": 360.0, "BlockID": "8-016", "BlockAcres": 956.29, "BlockParcelCount": 6 }, "geometry": { "type": "Polygon", "coordinates": [ [ [ -112.567609918400876, 47.928715971766756 ], [ -112.56749265918809, 47.925040376669891 ], [ -112.567375426077845, 47.92136478136176 ], [ -112.567258168186711, 47.917689186297203 ], [ -112.572644907601983, 47.917679316741221 ], [ -112.5780316474073, 47.917669171070166 ], [ -112.5834172480033, 47.917663695303816 ], [ -112.588802851009419, 47.917657939895427 ], [ -112.588951887578261, 47.921285231133758 ], [ -112.583558202546016, 47.921305513753026 ], [ -112.583699072446052, 47.924944748841803 ], [ -112.578297221206924, 47.924976698818156 ], [ -112.578429924365665, 47.928627908359736 ], [ -112.573019907749199, 47.928671938241415 ], [ -112.567609918400876, 47.928715971766756 ] ] ] } },
{ "type": "Feature", "properties": { "CountyName": "Teton", "OwnerName_Grouped": "NATURE CONSERVANCY", "OwnerName": "NATURE CONSERVANCY THE", "OwnerAddre": "32 S EWING ST", "OwnerAdd_1": null, "OwnerAdd_2": null, "OwnerCity": "HELENA", "OwnerState": "MT", "PropType": "Vacant Land", "TotalAcres": 40.0, "BlockID": "8-005", "BlockAcres": 12591.99, "BlockParcelCount": 62 }, "geometry": { "type": "Polygon", "coordinates": [ [ [ -112.584371201291219, 47.859976691340897 ], [ -112.584455870654267, 47.856375343292648 ], [ -112.589781720390462, 47.856437991795595 ], [ -112.589712247054777, 47.860048684380544 ], [ -112.584371201291219, 47.859976691340897 ] ] ] } },
{ "type": "Feature", "properties": { "CountyName": "Teton", "OwnerName_Grouped": "NATURE CONSERVANCY", "OwnerName": "NATURE CONSERVANCY THE", "OwnerAddre": "32 S EWING ST", "OwnerAdd_1": null, "OwnerAdd_2": null, "OwnerCity": "HELENA", "OwnerState": "MT", "PropType": "Vacant Land", "TotalAcres": 240.0, "BlockID": "8-011", "BlockAcres": 1914.27, "BlockParcelCount": 15 }, "geometry": { "type": "Polygon", "coordinates": [ [ [ -112.622190259925674, 48.016044688119699 ], [ -112.616755711711662, 48.016040014301971 ], [ -112.611321163481989, 48.016035342354805 ], [ -112.61137253334644, 48.012412655023148 ], [ -112.611423901852888, 48.008789990012474 ], [ -112.616846420319504, 48.008793972566615 ], [ -112.622269048237143, 48.0087972509642 ], [ -112.627740905357726, 48.008801240355538 ], [ -112.627682843496814, 48.01242534219049 ], [ -112.627624779584607, 48.016049334857833 ], [ -112.622190259925674, 48.016044688119699 ] ] ] } },
{ "type": "Feature", "properties": { "CountyName": "Teton", "OwnerName_Grouped": "NATURE CONSERVANCY", "OwnerName": "NATURE CONSERVANCY", "OwnerAddre": "32 S EWING ST STE 215", "OwnerAdd_1": null, "OwnerAdd_2": null, "OwnerCity": "HELENA", "OwnerState": "MT", "PropType": "Vacant Land", "TotalAcres": 640.0, "BlockID": "8-007", "BlockAcres": 4914.42, "BlockParcelCount": 10 }, "geometry": { "type": "Polygon", "coordinates": [ [ [ -112.434228160644636, 47.628313006221873 ], [ -112.434222262047101, 47.624697277226701 ], [ -112.439568475012592, 47.624699555657628 ], [ -112.444914688821285, 47.624701834131763 ], [ -112.450260900810846, 47.624704136131847 ], [ -112.455607137415086, 47.624706409652738 ], [ -112.455635376581512, 47.628323634375676 ], [ -112.455663638105676, 47.631940827751038 ], [ -112.455683516665104, 47.635575245371726 ], [ -112.455695212104729, 47.639193093398525 ], [ -112.450337967779006, 47.639192824890792 ], [ -112.444976733398249, 47.639184442158616 ], [ -112.439613283565919, 47.63917161441379 ], [ -112.434253782988691, 47.639157408258008 ], [ -112.434241943769322, 47.635543746810704 ], [ -112.434234061677287, 47.631928735830016 ], [ -112.434228160644636, 47.628313006221873 ] ] ] } },
{ "type": "Feature", "properties": { "CountyName": "Teton", "OwnerName_Grouped": "NATURE CONSERVANCY", "OwnerName": "NATURE CONSERVANCY THE", "OwnerAddre": "32 S EWING ST", "OwnerAdd_1": null, "OwnerAdd_2": null, "OwnerCity": "HELENA", "OwnerState": "MT", "PropType": "Vacant Land", "TotalAcres": 360.0, "BlockID": "8-005", "BlockAcres": 12591.99, "BlockParcelCount": 62 }, "geometry": { "type": "Polygon", "coordinates": [ [ [ -112.568326730170725, 47.85616392384221 ], [ -112.562950349762389, 47.856093443386847 ], [ -112.563000151922978, 47.85246381989738 ], [ -112.563049987717861, 47.848834196831227 ], [ -112.563099791923833, 47.845204602936583 ], [ -112.568493396019335, 47.845268945001379 ], [ -112.573886999581319, 47.845333031999736 ], [ -112.579280600376663, 47.845397124243718 ], [ -112.584674175366331, 47.845460964794057 ], [ -112.584601425778558, 47.849099091385469 ], [ -112.579212877506677, 47.849033266636006 ], [ -112.579146517733363, 47.852669123813619 ], [ -112.573764415147849, 47.85260078293026 ], [ -112.573703107449163, 47.856234406726792 ], [ -112.568326730170725, 47.85616392384221 ] ] ] } },
{ "type": "Feature", "properties": { "CountyName": "Teton", "OwnerName_Grouped": "NATURE CONSERVANCY", "OwnerName": "NATURE CONSERVANCY  (DURR)", "OwnerAddre": "32 S EWING ST", "OwnerAdd_1": null, "OwnerAdd_2": null, "OwnerCity": "HELENA", "OwnerState": "MT", "PropType": "Vacant Land", "TotalAcres": 120.0, "BlockID": "8-005", "BlockAcres": 12591.99, "BlockParcelCount": 62 }, "geometry": { "type": "Polygon", "coordinates": [ [ [ -112.563149598599352, 47.841574979697818 ], [ -112.563175511694723, 47.837940134740286 ], [ -112.563201401552789, 47.834305290948365 ], [ -112.56322728682035, 47.830670446945255 ], [ -112.56863958365237, 47.830731534024146 ], [ -112.568609363152831, 47.834366878009668 ], [ -112.568579172483126, 47.838001973210659 ], [ -112.568548949921535, 47.841636931106713 ], [ -112.563149598599352, 47.841574979697818 ] ] ] } },
{ "type": "Feature", "properties": { "CountyName": "Teton", "OwnerName_Grouped": "NATURE CONSERVANCY", "OwnerName": "NATURE CONSERVANCY", "OwnerAddre": "32 S EWING ST STE 215", "OwnerAdd_1": null, "OwnerAdd_2": null, "OwnerCity": "HELENA", "OwnerState": "MT", "PropType": "Vacant Land", "TotalAcres": 640.0, "BlockID": "8-007", "BlockAcres": 4914.42, "BlockParcelCount": 10 }, "geometry": { "type": "Polygon", "coordinates": [ [ [ -112.455700589608625, 47.642798164190992 ], [ -112.455695212104729, 47.639193093398525 ], [ -112.461034494717495, 47.639175323721894 ], [ -112.466373774178692, 47.639157553895664 ], [ -112.471713228652533, 47.639144806256283 ], [ -112.477053084434488, 47.639141548979318 ], [ -112.477068310786279, 47.642747551200898 ], [ -112.477083537143443, 47.646353582914003 ], [ -112.477072892266079, 47.650000705991367 ], [ -112.477062246073274, 47.653647826845472 ], [ -112.47173596586795, 47.653636606039349 ], [ -112.466409712259434, 47.653625383935257 ], [ -112.461062983828043, 47.65361423238695 ], [ -112.455716690657269, 47.653613373968554 ], [ -112.455711315527424, 47.650008303930662 ], [ -112.455705938719561, 47.646403233649458 ], [ -112.455700589608625, 47.642798164190992 ] ] ] } },
{ "type": "Feature", "properties": { "CountyName": "Teton", "OwnerName_Grouped": "NATURE CONSERVANCY", "OwnerName": "NATURE CONSERVANCY THE", "OwnerAddre": "32 S EWING ST", "OwnerAdd_1": null, "OwnerAdd_2": null, "OwnerCity": "HELENA", "OwnerState": "MT", "PropType": "Vacant Land", "TotalAcres": 240.0, "BlockID": "8-005", "BlockAcres": 12591.99, "BlockParcelCount": 62 }, "geometry": { "type": "Polygon", "coordinates": [ [ [ -112.529430368221625, 47.877802182282835 ], [ -112.52407528756855, 47.877794194561673 ], [ -112.524104665627917, 47.874185778108362 ], [ -112.52413404207303, 47.870577327955772 ], [ -112.524349794518116, 47.87057770481433 ], [ -112.529499794590109, 47.870586495576418 ], [ -112.529687140004796, 47.870587107808191 ], [ -112.534864269689322, 47.87059620926162 ], [ -112.535024486584874, 47.870596345353093 ], [ -112.540225075382423, 47.870600546952041 ], [ -112.540361828657694, 47.870600660237407 ], [ -112.545585976132386, 47.870591360057816 ], [ -112.545538609594743, 47.87420799977042 ], [ -112.545495861793668, 47.877823486103118 ], [ -112.540138344849652, 47.877817403059503 ], [ -112.54018175666701, 47.874205663336987 ], [ -112.534824847694551, 47.874203074686179 ], [ -112.52946475909269, 47.874194537547531 ], [ -112.529430368221625, 47.877802182282835 ] ] ] } },
{ "type": "Feature", "properties": { "CountyName": "Teton", "OwnerName_Grouped": "NATURE CONSERVANCY", "OwnerName": "NATURE CONSERVANCY  (DURR)", "OwnerAddre": "32 S EWING ST", "OwnerAdd_1": null, "OwnerAdd_2": null, "OwnerCity": "HELENA", "OwnerState": "MT", "PropType": "Vacant Land", "TotalAcres": 637.83, "BlockID": "8-005", "BlockAcres": 12591.99, "BlockParcelCount": 62 }, "geometry": { "type": "Polygon", "coordinates": [ [ [ -112.574086465600402, 47.827156524977305 ], [ -112.568669805382882, 47.827096047384792 ], [ -112.563253172450615, 47.827035572897699 ], [ -112.563227504097398, 47.823427534921819 ], [ -112.563201805856224, 47.819819468897414 ], [ -112.563176134474176, 47.816211430977674 ], [ -112.563150438548135, 47.812603364897512 ], [ -112.56859376547753, 47.812650780382938 ], [ -112.574037092733207, 47.81269816913882 ], [ -112.579480391101583, 47.81274555715548 ], [ -112.584923199900729, 47.812793227730808 ], [ -112.584922718929931, 47.816414099180555 ], [ -112.58492172347735, 47.820035222809928 ], [ -112.584920724356166, 47.823656349102379 ], [ -112.584919727873498, 47.827277471572145 ], [ -112.579503095242998, 47.827216999100806 ], [ -112.574086465600402, 47.827156524977305 ] ] ] } },
{ "type": "Feature", "properties": { "CountyName": "Teton", "OwnerName_Grouped": "NATURE CONSERVANCY", "OwnerName": "NATURE CONSERVANCY -GLEASON", "OwnerAddre": "32 S EWING ST", "OwnerAdd_1": null, "OwnerAdd_2": null, "OwnerCity": "HELENA", "OwnerState": "MT", "PropType": "Vacant Land", "TotalAcres": 360.0, "BlockID": "8-005", "BlockAcres": 12591.99, "BlockParcelCount": 62 }, "geometry": { "type": "Polygon", "coordinates": [ [ [ -112.599087919614234, 47.88140648691342 ], [ -112.593722181638142, 47.881416308274773 ], [ -112.588356470880967, 47.881425877987269 ], [ -112.588405720713808, 47.877807305813839 ], [ -112.588454996383831, 47.874188735998708 ], [ -112.588504275361061, 47.870570195269664 ], [ -112.589549876985103, 47.870570045298251 ], [ -112.593864902897423, 47.870569456013605 ], [ -112.594891336361215, 47.870569309394874 ], [ -112.59922555895902, 47.870568912200461 ], [ -112.600235966513083, 47.870568765315006 ], [ -112.604590325725255, 47.87056820005224 ], [ -112.6045553536309, 47.874172636060187 ], [ -112.604520300393759, 47.877784763414709 ], [ -112.604475160569692, 47.881400310316742 ], [ -112.599087919614234, 47.88140648691342 ] ] ] } },
{ "type": "Feature", "properties": { "CountyName": "Teton", "OwnerName_Grouped": "NATURE CONSERVANCY", "OwnerName": "NATURE CONSERVANCY (PEEBLES)", "OwnerAddre": "32 S EWING ST", "OwnerAdd_1": null, "OwnerAdd_2": null, "OwnerCity": "HELENA", "OwnerState": "MT", "PropType": "Vacant Land", "TotalAcres": 639.5, "BlockID": "8-005", "BlockAcres": 12591.99, "BlockParcelCount": 62 }, "geometry": { "type": "Polygon", "coordinates": [ [ [ -112.438301489307491, 47.870539275687491 ], [ -112.433045548048199, 47.870566651581171 ], [ -112.433065558135326, 47.866976763081922 ], [ -112.433050672070621, 47.86338108256043 ], [ -112.433042596841759, 47.859795989739446 ], [ -112.433034525583608, 47.856210894864049 ], [ -112.438394807748395, 47.856177662573927 ], [ -112.443755088807848, 47.856144404764429 ], [ -112.449115362446577, 47.85611117562388 ], [ -112.454475632454475, 47.856077922830146 ], [ -112.454485224350449, 47.859690542958852 ], [ -112.454494825805526, 47.863303137398205 ], [ -112.454531090514735, 47.866915406585981 ], [ -112.454567393300707, 47.870556629988293 ], [ -112.449212011948646, 47.870554539040896 ], [ -112.449118213353231, 47.870554514938483 ], [ -112.443856691563425, 47.870547106286537 ], [ -112.443709851506824, 47.870546894408577 ], [ -112.438501370764797, 47.870539536172252 ], [ -112.438301489307491, 47.870539275687491 ] ] ] } },
{ "type": "Feature", "properties": { "CountyName": "Teton", "OwnerName_Grouped": "NATURE CONSERVANCY", "OwnerName": "NATURE CONSERVANCY THE", "OwnerAddre": "32 S EWING ST", "OwnerAdd_1": null, "OwnerAdd_2": null, "OwnerCity": "HELENA", "OwnerState": "MT", "PropType": "Vacant Land", "TotalAcres": 40.0, "BlockID": "8-005", "BlockAcres": 12591.99, "BlockParcelCount": 62 }, "geometry": { "type": "Polygon", "coordinates": [ [ [ -112.518964290718486, 47.863286817027074 ], [ -112.51898827566626, 47.866916024113671 ], [ -112.513618540384257, 47.866905161143563 ], [ -112.51359353839166, 47.86327737202383 ], [ -112.518964290718486, 47.863286817027074 ] ] ] } },
{ "type": "Feature", "properties": { "CountyName": "Teton", "OwnerName_Grouped": "NATURE CONSERVANCY", "OwnerName": "NATURE CONSERVANCY", "OwnerAddre": "32 S EWING ST STE 215", "OwnerAdd_1": null, "OwnerAdd_2": null, "OwnerCity": "HELENA", "OwnerState": "MT", "PropType": "Vacant Land", "TotalAcres": 640.0, "BlockID": "8-007", "BlockAcres": 4914.42, "BlockParcelCount": 10 }, "geometry": { "type": "Polygon", "coordinates": [ [ [ -112.477068310786279, 47.642747551200898 ], [ -112.477053084434488, 47.639141548979318 ], [ -112.482416760539763, 47.639161197248932 ], [ -112.487789058667445, 47.63920543856927 ], [ -112.493167360624597, 47.639260620368702 ], [ -112.498545616171782, 47.63931566483005 ], [ -112.498517755101417, 47.642942431410255 ], [ -112.498489864594916, 47.646569093847255 ], [ -112.498461943853869, 47.650195755712275 ], [ -112.498434023635696, 47.653822418896169 ], [ -112.493060668350509, 47.653749268380935 ], [ -112.48769579856878, 47.653700323882596 ], [ -112.482379009537524, 47.653674076426356 ], [ -112.477062246073274, 47.653647826845472 ], [ -112.477072892266079, 47.650000705991367 ], [ -112.477083537143443, 47.646353582914003 ], [ -112.477068310786279, 47.642747551200898 ] ] ] } },
{ "type": "Feature", "properties": { "CountyName": "Teton", "OwnerName_Grouped": "NATURE CONSERVANCY", "OwnerName": "NATURE CONSERVANCY THE", "OwnerAddre": "32 S EWING ST", "OwnerAdd_1": null, "OwnerAdd_2": null, "OwnerCity": "HELENA", "OwnerState": "MT", "PropType": "Vacant Land", "TotalAcres": 40.0, "BlockID": "8-011", "BlockAcres": 1914.27, "BlockParcelCount": 15 }, "geometry": { "type": "Polygon", "coordinates": [ [ [ -112.67074413160168, 48.034228479969364 ], [ -112.670776915554953, 48.030627782981966 ], [ -112.671128765393519, 48.030627448987794 ], [ -112.676190879843162, 48.030622645905865 ], [ -112.676166874111757, 48.0342193659679 ], [ -112.67074413160168, 48.034228479969364 ] ] ] } },
{ "type": "Feature", "properties": { "CountyName": "Teton", "OwnerName_Grouped": "NATURE CONSERVANCY", "OwnerName": "NATURE CONSERVANCY", "OwnerAddre": "32 S EWING ST", "OwnerAdd_1": null, "OwnerAdd_2": null, "OwnerCity": "HELENA", "OwnerState": "MT", "PropType": "Vacant Land", "TotalAcres": 80.0, "BlockID": "8-005", "BlockAcres": 12591.99, "BlockParcelCount": 62 }, "geometry": { "type": "Polygon", "coordinates": [ [ [ -112.67489026935641, 47.881382262080578 ], [ -112.674892963781573, 47.877781816580857 ], [ -112.680240255693491, 47.877795971257292 ], [ -112.685587524222356, 47.877809845036992 ], [ -112.685621498490434, 47.881373482440914 ], [ -112.680255869777255, 47.881377998091033 ], [ -112.67489026935641, 47.881382262080578 ] ] ] } },
{ "type": "Feature", "properties": { "CountyName": "Teton", "OwnerName_Grouped": "NATURE CONSERVANCY", "OwnerName": "NATURE CONSERVANCY", "OwnerAddre": "32 S EWING ST", "OwnerAdd_1": null, "OwnerAdd_2": null, "OwnerCity": "HELENA", "OwnerState": "MT", "PropType": "Vacant Land", "TotalAcres": 76.01, "BlockID": "8-005", "BlockAcres": 12591.99, "BlockParcelCount": 62 }, "geometry": { "type": "Polygon", "coordinates": [ [ [ -112.664881095785574, 47.87058995778419 ], [ -112.664870239468826, 47.867306910832859 ], [ -112.664858459759557, 47.863670078590076 ], [ -112.670221670989818, 47.863685811740218 ], [ -112.670217478462362, 47.867315423134002 ], [ -112.67021258364997, 47.870584968927361 ], [ -112.669513414799425, 47.870585640826341 ], [ -112.664881095785574, 47.87058995778419 ] ] ] } },
{ "type": "Feature", "properties": { "CountyName": "Teton", "OwnerName_Grouped": "NATURE CONSERVANCY", "OwnerName": "NATURE CONSERVANCY THE", "OwnerAddre": "32 S EWING ST STE 215", "OwnerAdd_1": null, "OwnerAdd_2": null, "OwnerCity": "HELENA", "OwnerState": "MT", "PropType": "Vacant Land", "TotalAcres": 20.0, "BlockID": "8-005", "BlockAcres": 12591.99, "BlockParcelCount": 62 }, "geometry": { "type": "Polygon", "coordinates": [ [ [ -112.664116432925766, 47.885003287887969 ], [ -112.664119457005469, 47.8813980397099 ], [ -112.666826423660396, 47.881394104060391 ], [ -112.666811554243466, 47.882065511341715 ], [ -112.666809329874567, 47.884998273200758 ], [ -112.666809363669145, 47.885001061299739 ], [ -112.666746691961094, 47.885001094311171 ], [ -112.664116432925766, 47.885003287887969 ] ] ] } },
{ "type": "Feature", "properties": { "CountyName": "Teton", "OwnerName_Grouped": "NATURE CONSERVANCY", "OwnerName": "NATURE CONSERVANCY  (DURR)", "OwnerAddre": "32 S EWING ST", "OwnerAdd_1": null, "OwnerAdd_2": null, "OwnerCity": "HELENA", "OwnerState": "MT", "PropType": "Vacant Land", "TotalAcres": 673.44, "BlockID": "8-005", "BlockAcres": 12591.99, "BlockParcelCount": 62 }, "geometry": { "type": "Polygon", "coordinates": [ [ [ -112.545893153185858, 47.841569371289445 ], [ -112.540517687615321, 47.841566203558962 ], [ -112.540554128101647, 47.837949622284604 ], [ -112.540600512770382, 47.834347294262258 ], [ -112.540615923540798, 47.830740880770904 ], [ -112.540631340850751, 47.827134495737596 ], [ -112.546010877719752, 47.827120655281448 ], [ -112.551390418092836, 47.827106814396195 ], [ -112.556764160414062, 47.827074744066095 ], [ -112.563253172450615, 47.827035572897699 ], [ -112.56322728682035, 47.830670446945255 ], [ -112.563201401552789, 47.834305290948365 ], [ -112.563175511694723, 47.837940134740286 ], [ -112.563149598599352, 47.841574979697818 ], [ -112.556644721652233, 47.841573372651006 ], [ -112.551268647152355, 47.841572539373665 ], [ -112.545893153185858, 47.841569371289445 ] ] ] } },
{ "type": "Feature", "properties": { "CountyName": "Teton", "OwnerName_Grouped": "NATURE CONSERVANCY", "OwnerName": "NATURE CONSERVANCY  (DURR)", "OwnerAddre": "32 S EWING ST", "OwnerAdd_1": null, "OwnerAdd_2": null, "OwnerCity": "HELENA", "OwnerState": "MT", "PropType": "Improved Property", "TotalAcres": 12.54, "BlockID": "8-005", "BlockAcres": 12591.99, "BlockParcelCount": 62 }, "geometry": { "type": "Polygon", "coordinates": [ [ [ -112.629986792224045, 47.872935115642633 ], [ -112.62885191763722, 47.872696262353244 ], [ -112.628742822890928, 47.872673301768053 ], [ -112.628742894914481, 47.872658921774374 ], [ -112.628743618570496, 47.872541902967065 ], [ -112.628751996717313, 47.871076293219467 ], [ -112.628751959439185, 47.871075665643012 ], [ -112.628755057183611, 47.870557385615022 ], [ -112.630529233115155, 47.870558865365254 ], [ -112.630738682813544, 47.87055889945232 ], [ -112.630813853177131, 47.870558980395323 ], [ -112.631003337709515, 47.871045860307319 ], [ -112.631113615917371, 47.871328939596573 ], [ -112.631475764987485, 47.872258177637292 ], [ -112.63174971843786, 47.872960872947438 ], [ -112.631776178946481, 47.873028901926553 ], [ -112.63176484112023, 47.873111051183386 ], [ -112.63175337491667, 47.873193293044345 ], [ -112.630004610655092, 47.872937693658145 ], [ -112.629986792224045, 47.872935115642633 ] ] ] } },
{ "type": "Feature", "properties": { "CountyName": "Teton", "OwnerName_Grouped": "NATURE CONSERVANCY", "OwnerName": "NATURE CONSERVANCY THE", "OwnerAddre": "32 S EWING ST STE 215", "OwnerAdd_1": null, "OwnerAdd_2": null, "OwnerCity": "HELENA", "OwnerState": "MT", "PropType": "Vacant Land", "TotalAcres": 327.45, "BlockID": "8-005", "BlockAcres": 12591.99, "BlockParcelCount": 62 }, "geometry": { "type": "Polygon", "coordinates": [ [ [ -112.647966018081249, 47.885006686693494 ], [ -112.643033409148089, 47.884990976082641 ], [ -112.642185871719263, 47.884988037097457 ], [ -112.642259485348205, 47.88139234661876 ], [ -112.642333070649329, 47.877796658089196 ], [ -112.642380831507282, 47.875464424190653 ], [ -112.642382947799177, 47.875362952792536 ], [ -112.642407096683201, 47.87417921962907 ], [ -112.642429884386232, 47.873196337655351 ], [ -112.642432559619095, 47.873085953637002 ], [ -112.642481097636306, 47.870561749666386 ], [ -112.64344753147293, 47.870563549190308 ], [ -112.647984536897965, 47.87057189918162 ], [ -112.648859549499676, 47.870573449959366 ], [ -112.652491999205864, 47.870579379753714 ], [ -112.652523392203662, 47.87057942519445 ], [ -112.653359122785204, 47.870581580562416 ], [ -112.653355725451718, 47.87419215893334 ], [ -112.653352254471002, 47.877802738969876 ], [ -112.65334878194713, 47.881413317802661 ], [ -112.653345312051442, 47.885023898005862 ], [ -112.647966018081249, 47.885006686693494 ] ] ] } },
{ "type": "Feature", "properties": { "CountyName": "Teton", "OwnerName_Grouped": "NATURE CONSERVANCY", "OwnerName": "NATURE CONSERVANCY  (DURR)", "OwnerAddre": "32 S EWING ST", "OwnerAdd_1": null, "OwnerAdd_2": null, "OwnerCity": "HELENA", "OwnerState": "MT", "PropType": "Vacant Land", "TotalAcres": 120.0, "BlockID": "8-005", "BlockAcres": 12591.99, "BlockParcelCount": 62 }, "geometry": { "type": "Polygon", "coordinates": [ [ [ -112.518971606183612, 47.841582181314763 ], [ -112.518939531263285, 47.837960454269847 ], [ -112.524391877596145, 47.837968931334999 ], [ -112.529789628539163, 47.837963923257746 ], [ -112.535172206284429, 47.837956958972576 ], [ -112.535131162600223, 47.84157020819579 ], [ -112.529744633118739, 47.841574178765804 ], [ -112.524358106877571, 47.841578179904204 ], [ -112.518971606183612, 47.841582181314763 ] ] ] } },
{ "type": "Feature", "properties": { "CountyName": "Teton", "OwnerName_Grouped": "NATURE CONSERVANCY", "OwnerName": "NATURE CONSERVANCY THE", "OwnerAddre": "32 S EWING ST", "OwnerAdd_1": null, "OwnerAdd_2": null, "OwnerCity": "HELENA", "OwnerState": "MT", "PropType": "Vacant Land", "TotalAcres": 160.0, "BlockID": "8-005", "BlockAcres": 12591.99, "BlockParcelCount": 62 }, "geometry": { "type": "Polygon", "coordinates": [ [ [ -112.545495861793668, 47.877823486103118 ], [ -112.545538609594743, 47.87420799977042 ], [ -112.545585976132386, 47.870591360057816 ], [ -112.545720432538644, 47.870591139051974 ], [ -112.55094510642526, 47.870581870002418 ], [ -112.551079038350522, 47.870581623240064 ], [ -112.551082495534189, 47.870581441631423 ], [ -112.556304235618754, 47.87057277077065 ], [ -112.556255639482373, 47.874192038310319 ], [ -112.556221283485698, 47.87780778134065 ], [ -112.550858557556793, 47.877815760344909 ], [ -112.545495861793668, 47.877823486103118 ] ] ] } },
{ "type": "Feature", "properties": { "CountyName": "Teton", "OwnerName_Grouped": "NATURE CONSERVANCY", "OwnerName": "NATURE CONSERVANCY", "OwnerAddre": "32 S EWING ST", "OwnerAdd_1": null, "OwnerAdd_2": null, "OwnerCity": "HELENA", "OwnerState": "MT", "PropType": "Vacant Land", "TotalAcres": 298.44, "BlockID": "8-005", "BlockAcres": 12591.99, "BlockParcelCount": 62 }, "geometry": { "type": "Polygon", "coordinates": [ [ [ -112.674898374895719, 47.87058098529716 ], [ -112.67021258364997, 47.870584968927361 ], [ -112.670217478462362, 47.867315423134002 ], [ -112.670221670989818, 47.863685811740218 ], [ -112.675585160508177, 47.86369362912896 ], [ -112.680948621872957, 47.863701194777114 ], [ -112.686324491848012, 47.863708621931323 ], [ -112.691326141111347, 47.863714719369213 ], [ -112.691343476451692, 47.86733258114586 ], [ -112.691360028462583, 47.870579601394716 ], [ -112.69096095318065, 47.870579910628187 ], [ -112.68634372063481, 47.870582641662018 ], [ -112.686340107929311, 47.870582549681203 ], [ -112.685518657376392, 47.870583286699485 ], [ -112.680953812846468, 47.870582436048238 ], [ -112.680208501766103, 47.87058227596215 ], [ -112.675583212886991, 47.870581147699127 ], [ -112.674898374895719, 47.87058098529716 ] ] ] } },
{ "type": "Feature", "properties": { "CountyName": "Teton", "OwnerName_Grouped": "NATURE CONSERVANCY", "OwnerName": "NATURE CONSERVANCY -GLEASON", "OwnerAddre": "32 S EWING ST", "OwnerAdd_1": null, "OwnerAdd_2": null, "OwnerCity": "HELENA", "OwnerState": "MT", "PropType": "Vacant Land", "TotalAcres": 76.36, "BlockID": "8-005", "BlockAcres": 12591.99, "BlockParcelCount": 62 }, "geometry": { "type": "Polygon", "coordinates": [ [ [ -112.604590325725255, 47.87056820005224 ], [ -112.600235966513083, 47.870568765315006 ], [ -112.600283919011446, 47.867347895058266 ], [ -112.600336447085411, 47.863820852138353 ], [ -112.605676577844662, 47.863901169360261 ], [ -112.60562593639591, 47.86740124057274 ], [ -112.605580593070755, 47.870568053391288 ], [ -112.604590325725255, 47.87056820005224 ] ] ] } },
{ "type": "Feature", "properties": { "CountyName": "Teton", "OwnerName_Grouped": "NATURE CONSERVANCY", "OwnerName": "NATURE CONSERVANCY", "OwnerAddre": "32 S EWING ST", "OwnerAdd_1": null, "OwnerAdd_2": null, "OwnerCity": "HELENA", "OwnerState": "MT", "PropType": "Vacant Land", "TotalAcres": 80.0, "BlockID": "8-005", "BlockAcres": 12591.99, "BlockParcelCount": 62 }, "geometry": { "type": "Polygon", "coordinates": [ [ [ -112.672197623014384, 47.881386165082958 ], [ -112.669504864041301, 47.881390276338387 ], [ -112.666826423660396, 47.881394104060391 ], [ -112.664119457005469, 47.8813980397099 ], [ -112.664122455603049, 47.877792791883955 ], [ -112.669507722478656, 47.877787442854093 ], [ -112.674892963781573, 47.877781816580857 ], [ -112.67489026935641, 47.881382262080578 ], [ -112.672197623014384, 47.881386165082958 ] ] ] } },
{ "type": "Feature", "properties": { "CountyName": "Teton", "OwnerName_Grouped": "NATURE CONSERVANCY", "OwnerName": "NATURE CONSERVANCY", "OwnerAddre": "32 S EWING ST STE 215", "OwnerAdd_1": null, "OwnerAdd_2": null, "OwnerCity": "HELENA", "OwnerState": "MT", "PropType": "Vacant Land", "TotalAcres": 80.0, "BlockID": "8-007", "BlockAcres": 4914.42, "BlockParcelCount": 10 }, "geometry": { "type": "Polygon", "coordinates": [ [ [ -112.498489864594916, 47.646569093847255 ], [ -112.498517755101417, 47.642942431410255 ], [ -112.498545616171782, 47.63931566483005 ], [ -112.50385649967491, 47.639301749179864 ], [ -112.503871409213232, 47.642976728096158 ], [ -112.503861791357579, 47.646603651549718 ], [ -112.498489864594916, 47.646569093847255 ] ] ] } },
{ "type": "Feature", "properties": { "CountyName": "Powell", "OwnerName_Grouped": "NATURE CONSERVANCY", "OwnerName": "NATURE CONSERVANCY", "OwnerAddre": "32 S EWING ST", "OwnerAdd_1": null, "OwnerAdd_2": null, "OwnerCity": "HELENA", "OwnerState": "MT", "PropType": "Vacant Land", "TotalAcres": 423.9, "BlockID": "8-008", "BlockAcres": 3594.48, "BlockParcelCount": 7 }, "geometry": { "type": "Polygon", "coordinates": [ [ [ -113.188620890375077, 46.777737609621582 ], [ -113.188629913575809, 46.774120075963097 ], [ -113.19387651329582, 46.774116143790891 ], [ -113.199122985818008, 46.774112153588192 ], [ -113.20436961361024, 46.774108283616123 ], [ -113.204401245635452, 46.774108546295707 ], [ -113.204650692320413, 46.775070319587556 ], [ -113.204993324751982, 46.775284183101924 ], [ -113.205781748414395, 46.775318822679111 ], [ -113.206442514359068, 46.775402304772427 ], [ -113.207335103734337, 46.775673148048888 ], [ -113.207905479645149, 46.776030163797245 ], [ -113.20846996551451, 46.776611654403759 ], [ -113.208876186604755, 46.777123319826089 ], [ -113.209480331170425, 46.777644019793044 ], [ -113.209550349311343, 46.777708234923381 ], [ -113.209483704439037, 46.781386126967774 ], [ -113.20952354881166, 46.784997697781449 ], [ -113.209563408789037, 46.788609358769605 ], [ -113.204320918834497, 46.788604552017091 ], [ -113.204306515514162, 46.784991712606434 ], [ -113.199089605486634, 46.784985394667579 ], [ -113.199100650417591, 46.781371197773097 ], [ -113.193856185974354, 46.781363205361963 ], [ -113.188611727601852, 46.781355056283921 ], [ -113.188620890375077, 46.777737609621582 ] ] ] } },
{ "type": "Feature", "properties": { "CountyName": "Powell", "OwnerName_Grouped": "NATURE CONSERVANCY", "OwnerName": "NATURE CONSERVANCY", "OwnerAddre": "32 S EWING ST", "OwnerAdd_1": null, "OwnerAdd_2": null, "OwnerCity": "HELENA", "OwnerState": "MT", "PropType": "Vacant Land", "TotalAcres": 200.0, "BlockID": "8-008", "BlockAcres": 3594.48, "BlockParcelCount": 7 }, "geometry": { "type": "Polygon", "coordinates": [ [ [ -113.18859353424196, 46.788590032964386 ], [ -113.188602562411035, 46.784972503405989 ], [ -113.188611727601852, 46.781355056283921 ], [ -113.193856185974354, 46.781363205361963 ], [ -113.199100650417591, 46.781371197773097 ], [ -113.199089605486634, 46.784985394667579 ], [ -113.204306515514162, 46.784991712606434 ], [ -113.204320918834497, 46.788604552017091 ], [ -113.199078437039134, 46.788599685141079 ], [ -113.193835978614217, 46.788594845956304 ], [ -113.18859353424196, 46.788590032964386 ] ] ] } },
{ "type": "Feature", "properties": { "CountyName": "Powell", "OwnerName_Grouped": "NATURE CONSERVANCY", "OwnerName": "NATURE CONSERVANCY", "OwnerAddre": "32 S EWING ST", "OwnerAdd_1": null, "OwnerAdd_2": null, "OwnerCity": "HELENA", "OwnerState": "MT", "PropType": "Vacant Land", "TotalAcres": 478.64, "BlockID": "8-008", "BlockAcres": 3594.48, "BlockParcelCount": 7 }, "geometry": { "type": "Polygon", "coordinates": [ [ [ -113.167657872212871, 46.788533492744165 ], [ -113.167657918524867, 46.788507269902773 ], [ -113.167657841666909, 46.788321562135508 ], [ -113.167657737427788, 46.788166219751467 ], [ -113.167639149047005, 46.784913479427665 ], [ -113.167636522089595, 46.784453926048947 ], [ -113.167618331584094, 46.781293531307377 ], [ -113.167618071658069, 46.780741720380846 ], [ -113.167600913533661, 46.777673382350095 ], [ -113.167598728059659, 46.777279864376553 ], [ -113.16758074487899, 46.774053231444228 ], [ -113.172849226390738, 46.77406929692134 ], [ -113.178112345427067, 46.77408529036127 ], [ -113.183371121673943, 46.77410271499015 ], [ -113.188629913575809, 46.774120075963097 ], [ -113.188620890375077, 46.777737609621582 ], [ -113.188611727601852, 46.781355056283921 ], [ -113.183355405371501, 46.781340027405847 ], [ -113.17809908323737, 46.781324752699817 ], [ -113.178092572063349, 46.784943349282024 ], [ -113.178085927988434, 46.788561951433479 ], [ -113.172824652226822, 46.788547561957195 ], [ -113.167657872212871, 46.788533492744165 ] ] ] } },
{ "type": "Feature", "properties": { "CountyName": "Powell", "OwnerName_Grouped": "NATURE CONSERVANCY", "OwnerName": "NATURE CONSERVANCY", "OwnerAddre": "32 S EWING ST", "OwnerAdd_1": null, "OwnerAdd_2": null, "OwnerCity": "HELENA", "OwnerState": "MT", "PropType": "Vacant Land", "TotalAcres": 640.0, "BlockID": "8-008", "BlockAcres": 3594.48, "BlockParcelCount": 7 }, "geometry": { "type": "Polygon", "coordinates": [ [ [ -113.230616110859671, 46.788532635931602 ], [ -113.230648719011114, 46.792149798337633 ], [ -113.230681328992148, 46.795766960296582 ], [ -113.230713814930155, 46.799384123211176 ], [ -113.230746442410336, 46.803001370286523 ], [ -113.225473257785808, 46.803038865209437 ], [ -113.220199947160765, 46.803076297748298 ], [ -113.214927665330507, 46.803060112024873 ], [ -113.20965553456638, 46.803043942721132 ], [ -113.209632536003355, 46.799435343402401 ], [ -113.209609400787215, 46.795826657073206 ], [ -113.209586399581838, 46.792217965047705 ], [ -113.209563408789037, 46.788609358769605 ], [ -113.214824024429461, 46.788593238141814 ], [ -113.22008477524696, 46.788577054143616 ], [ -113.225350373517117, 46.788554878393519 ], [ -113.230616110859671, 46.788532635931602 ] ] ] } },
{ "type": "Feature", "properties": { "CountyName": "Powell", "OwnerName_Grouped": "NATURE CONSERVANCY", "OwnerName": "NATURE CONSERVANCY", "OwnerAddre": "32 S EWING ST", "OwnerAdd_1": null, "OwnerAdd_2": null, "OwnerCity": "HELENA", "OwnerState": "MT", "PropType": "Vacant Land", "TotalAcres": 640.0, "BlockID": "8-008", "BlockAcres": 3594.48, "BlockParcelCount": 7 }, "geometry": { "type": "Polygon", "coordinates": [ [ [ -113.209563408789037, 46.788609358769605 ], [ -113.209586399581838, 46.792217965047705 ], [ -113.209609400787215, 46.795826657073206 ], [ -113.209632536003355, 46.799435343402401 ], [ -113.20965553456638, 46.803043942721132 ], [ -113.204349496579511, 46.803043863944332 ], [ -113.199043605388439, 46.803043802109116 ], [ -113.19378638533891, 46.803048944704138 ], [ -113.188529183876042, 46.803054206602333 ], [ -113.188545274931471, 46.799438163773594 ], [ -113.188561364008592, 46.795822122189442 ], [ -113.188577449613646, 46.792206079209222 ], [ -113.18859353424196, 46.788590032964386 ], [ -113.193835978614217, 46.788594845956304 ], [ -113.199078437039134, 46.788599685141079 ], [ -113.204320918834497, 46.788604552017091 ], [ -113.209563408789037, 46.788609358769605 ] ] ] } },
{ "type": "Feature", "properties": { "CountyName": "Powell", "OwnerName_Grouped": "NATURE CONSERVANCY", "OwnerName": "NATURE CONSERVANCY", "OwnerAddre": "32 S EWING ST", "OwnerAdd_1": null, "OwnerAdd_2": null, "OwnerCity": "HELENA", "OwnerState": "MT", "PropType": "Vacant Land", "TotalAcres": 637.96, "BlockID": "8-008", "BlockAcres": 3594.48, "BlockParcelCount": 7 }, "geometry": { "type": "Polygon", "coordinates": [ [ [ -113.18859353424196, 46.788590032964386 ], [ -113.188577449613646, 46.792206079209222 ], [ -113.188561364008592, 46.795822122189442 ], [ -113.188545274931471, 46.799438163773594 ], [ -113.188529183876042, 46.803054206602333 ], [ -113.183249798806287, 46.803015067215121 ], [ -113.177970569713651, 46.802975951723219 ], [ -113.172908001936335, 46.802955830372554 ], [ -113.172903668763368, 46.802955789786324 ], [ -113.172898423812782, 46.802955867787254 ], [ -113.17288896576855, 46.802955722918149 ], [ -113.167845320551862, 46.802935667424002 ], [ -113.16779734978374, 46.799335341966376 ], [ -113.167796063044264, 46.799243475387904 ], [ -113.167749245826371, 46.795734930337574 ], [ -113.16774918477941, 46.795551382077804 ], [ -113.167704802704051, 46.792134217633802 ], [ -113.167701230361445, 46.791858784151763 ], [ -113.167657872212871, 46.788533492744165 ], [ -113.172824652226822, 46.788547561957195 ], [ -113.178085927988434, 46.788561951433479 ], [ -113.183339721843524, 46.788575978767611 ], [ -113.18859353424196, 46.788590032964386 ] ] ] } },
{ "type": "Feature", "properties": { "CountyName": "Powell", "OwnerName_Grouped": "NATURE CONSERVANCY", "OwnerName": "NATURE CONSERVANCY", "OwnerAddre": "32 S EWING ST", "OwnerAdd_1": null, "OwnerAdd_2": null, "OwnerCity": "HELENA", "OwnerState": "MT", "PropType": "Vacant Land", "TotalAcres": 573.98, "BlockID": "8-008", "BlockAcres": 3594.48, "BlockParcelCount": 7 }, "geometry": { "type": "Polygon", "coordinates": [ [ [ -113.167569051138287, 46.763250667056958 ], [ -113.167568730004135, 46.762974856909274 ], [ -113.167566719613532, 46.761191775797343 ], [ -113.167564893123611, 46.759649819259991 ], [ -113.172757015089559, 46.759657037206125 ], [ -113.17802809027188, 46.759664265007814 ], [ -113.178784981268791, 46.75966461964714 ], [ -113.178713950446209, 46.76018656938556 ], [ -113.178852493125561, 46.760617138666085 ], [ -113.179292318214792, 46.760978144140466 ], [ -113.180168586152149, 46.761340003584344 ], [ -113.181420379438421, 46.761764689590763 ], [ -113.182788078201739, 46.762290411274236 ], [ -113.183316009788555, 46.762388319253965 ], [ -113.183960148176737, 46.762507694881236 ], [ -113.18465416580581, 46.762440192140794 ], [ -113.185247673370768, 46.76249614081101 ], [ -113.185688182099724, 46.762871969276937 ], [ -113.186011308738955, 46.763276102904996 ], [ -113.186261286398008, 46.76358862135357 ], [ -113.18698243390898, 46.764555576554038 ], [ -113.188433082470723, 46.765963870939437 ], [ -113.188601386507344, 46.766109984229182 ], [ -113.188604376599827, 46.766892000821215 ], [ -113.188617145538942, 46.770506039017825 ], [ -113.188629913575809, 46.774120075963097 ], [ -113.183371121673943, 46.77410271499015 ], [ -113.178112345427067, 46.77408529036127 ], [ -113.172849226390738, 46.77406929692134 ], [ -113.16758074487899, 46.774053231444228 ], [ -113.167580699100753, 46.773817958568756 ], [ -113.167576845407908, 46.770452375599106 ], [ -113.167576663958968, 46.770203594424245 ], [ -113.167572817163915, 46.766851526196518 ], [ -113.167572755384086, 46.766589134780119 ], [ -113.167569051138287, 46.763250667056958 ] ] ] } },
{ "type": "Feature", "properties": { "CountyName": "Pondera", "OwnerName_Grouped": "NATURE CONSERVANCY", "OwnerName": "NATURE CONSERVANCY DISTRICT OF COLUMBIA NON PROFIT CORP", "OwnerAddre": "32 S EWING ST", "OwnerAdd_1": null, "OwnerAdd_2": null, "OwnerCity": "HELENA", "OwnerState": "MT", "PropType": "Vacant Land", "TotalAcres": 40.0, "BlockID": "8-006", "BlockAcres": 6494.93, "BlockParcelCount": 27 }, "geometry": { "type": "Polygon", "coordinates": [ [ [ -112.885482225180027, 48.273741364988076 ], [ -112.885449694092145, 48.277353138149529 ], [ -112.880001130870909, 48.277340110951322 ], [ -112.880044611437896, 48.273734517075056 ], [ -112.885482225180027, 48.273741364988076 ] ] ] } },
{ "type": "Feature", "properties": { "CountyName": "Pondera", "OwnerName_Grouped": "NATURE CONSERVANCY", "OwnerName": "NATURE CONSERVANCY DISTRICT OF COLUMBIA NON PROFIT CORP", "OwnerAddre": "32 S EWING ST", "OwnerAdd_1": null, "OwnerAdd_2": null, "OwnerCity": "HELENA", "OwnerState": "MT", "PropType": "Vacant Land", "TotalAcres": 240.0, "BlockID": "8-006", "BlockAcres": 6494.93, "BlockParcelCount": 27 }, "geometry": { "type": "Polygon", "coordinates": [ [ [ -112.869321539198495, 48.266486455902225 ], [ -112.872018888393285, 48.26649672236924 ], [ -112.874716266827207, 48.266506444248385 ], [ -112.880104208984648, 48.26652334742738 ], [ -112.880081899477247, 48.270128944734623 ], [ -112.880044611437896, 48.273734517075056 ], [ -112.880001130870909, 48.277340110951322 ], [ -112.874624085285163, 48.277323135714511 ], [ -112.869245784376844, 48.277305910624705 ], [ -112.869271023135227, 48.273701529811632 ], [ -112.869296416868139, 48.27009399266295 ], [ -112.869321539198495, 48.266486455902225 ] ] ] } },
{ "type": "Feature", "properties": { "CountyName": "Pondera", "OwnerName_Grouped": "NATURE CONSERVANCY", "OwnerName": "NATURE CONSERVANCY DISTRICT OF COLUMBIA NON PROFIT CORP", "OwnerAddre": "32 S EWING ST", "OwnerAdd_1": null, "OwnerAdd_2": null, "OwnerCity": "HELENA", "OwnerState": "MT", "PropType": "Vacant Land", "TotalAcres": 200.0, "BlockID": "8-006", "BlockAcres": 6494.93, "BlockParcelCount": 27 }, "geometry": { "type": "Polygon", "coordinates": [ [ [ -112.858558692652295, 48.262836883602283 ], [ -112.858569164075291, 48.259224968642783 ], [ -112.863935017426357, 48.259247123869493 ], [ -112.869300866223668, 48.259269039296633 ], [ -112.871990929270765, 48.25927993379392 ], [ -112.871997916804844, 48.26108413618752 ], [ -112.872004906109197, 48.262888335825053 ], [ -112.872011896011799, 48.264692535439835 ], [ -112.872018888393285, 48.26649672236924 ], [ -112.869321539198495, 48.266486455902225 ], [ -112.863933907896822, 48.266466166370826 ], [ -112.858546355435877, 48.266448763630528 ], [ -112.858558692652295, 48.262836883602283 ] ] ] } },
{ "type": "Feature", "properties": { "CountyName": "Pondera", "OwnerName_Grouped": "NATURE CONSERVANCY", "OwnerName": "NATURE CONSERVANCY DISTRICT OF COLUMBIA NON PROFIT CORP", "OwnerAddre": "32 S EWING ST", "OwnerAdd_1": null, "OwnerAdd_2": null, "OwnerCity": "HELENA", "OwnerState": "MT", "PropType": "Vacant Land", "TotalAcres": 80.0, "BlockID": "8-006", "BlockAcres": 6494.93, "BlockParcelCount": 27 }, "geometry": { "type": "Polygon", "coordinates": [ [ [ -112.853106194688266, 48.266455853041023 ], [ -112.853116965178003, 48.262846846747607 ], [ -112.853127747146829, 48.259236458674437 ], [ -112.858569164075291, 48.259224968642783 ], [ -112.858558692652295, 48.262836883602283 ], [ -112.858546355435877, 48.266448763630528 ], [ -112.853106194688266, 48.266455853041023 ] ] ] } },
{ "type": "Feature", "properties": { "CountyName": "Pondera", "OwnerName_Grouped": "NATURE CONSERVANCY", "OwnerName": "NATURE CONSERVANCY DISTRICT OF COLUMBIA NON PROFIT CORP", "OwnerAddre": "32 S EWING ST", "OwnerAdd_1": null, "OwnerAdd_2": null, "OwnerCity": "HELENA", "OwnerState": "MT", "PropType": "Vacant Land", "TotalAcres": 240.0, "BlockID": "8-006", "BlockAcres": 6494.93, "BlockParcelCount": 27 }, "geometry": { "type": "Polygon", "coordinates": [ [ [ -112.880061126263385, 48.259312244394515 ], [ -112.880042070958595, 48.257506310438394 ], [ -112.880024996181916, 48.255700369817987 ], [ -112.88001435184853, 48.253894407672284 ], [ -112.880014546168056, 48.252088440942707 ], [ -112.882740536607201, 48.252089348035668 ], [ -112.885466530941585, 48.252090875134158 ], [ -112.890936470635367, 48.25209255085683 ], [ -112.89640648548307, 48.252087859400056 ], [ -112.896408657049648, 48.255692489814017 ], [ -112.896410830885685, 48.259302124201369 ], [ -112.890951003788729, 48.259305757293063 ], [ -112.885506060681749, 48.259309127804954 ], [ -112.880061126263385, 48.259312244394515 ] ] ] } },
{ "type": "Feature", "properties": { "CountyName": "Pondera", "OwnerName_Grouped": "NATURE CONSERVANCY", "OwnerName": "NATURE CONSERVANCY DISTRICT OF COLUMBIA NON PROFIT CORP", "OwnerAddre": "32 S EWING ST", "OwnerAdd_1": null, "OwnerAdd_2": null, "OwnerCity": "HELENA", "OwnerState": "MT", "PropType": "Vacant Land", "TotalAcres": 320.0, "BlockID": "8-006", "BlockAcres": 6494.93, "BlockParcelCount": 27 }, "geometry": { "type": "Polygon", "coordinates": [ [ [ -112.871990929270765, 48.25927993379392 ], [ -112.869300866223668, 48.259269039296633 ], [ -112.863935017426357, 48.259247123869493 ], [ -112.858569164075291, 48.259224968642783 ], [ -112.858576046709629, 48.255613038430077 ], [ -112.858577557894279, 48.252001099958207 ], [ -112.863928908392253, 48.252011803999757 ], [ -112.869280164910037, 48.252036295322718 ], [ -112.874631384870725, 48.252065977233187 ], [ -112.877322941719129, 48.252079165892745 ], [ -112.880014546168056, 48.252088440942707 ], [ -112.88001435184853, 48.253894407672284 ], [ -112.880024996181916, 48.255700369817987 ], [ -112.880042070958595, 48.257506310438394 ], [ -112.880061126263385, 48.259312244394515 ], [ -112.877371057190942, 48.25930153505287 ], [ -112.87468099197325, 48.259290764839676 ], [ -112.871990929270765, 48.25927993379392 ] ] ] } },
{ "type": "Feature", "properties": { "CountyName": "Pondera", "OwnerName_Grouped": "NATURE CONSERVANCY", "OwnerName": "NATURE CONSERVANCY DISTRICT OF COLUMBIA NON PROFIT CORP", "OwnerAddre": "32 S EWING ST", "OwnerAdd_1": null, "OwnerAdd_2": null, "OwnerCity": "HELENA", "OwnerState": "MT", "PropType": "Vacant Land", "TotalAcres": 40.0, "BlockID": "8-006", "BlockAcres": 6494.93, "BlockParcelCount": 27 }, "geometry": { "type": "Polygon", "coordinates": [ [ [ -112.858577557894279, 48.252001099958207 ], [ -112.858576046709629, 48.255613038430077 ], [ -112.853135325307477, 48.255621693967271 ], [ -112.853142911422736, 48.25200187003739 ], [ -112.858577557894279, 48.252001099958207 ] ] ] } },
{ "type": "Feature", "properties": { "CountyName": "Pondera", "OwnerName_Grouped": "NATURE CONSERVANCY", "OwnerName": "NATURE CONSERVANCY DISTRICT OF COLUMBIA NON PROFIT CORP", "OwnerAddre": "32 S EWING ST", "OwnerAdd_1": null, "OwnerAdd_2": null, "OwnerCity": "HELENA", "OwnerState": "MT", "PropType": "Vacant Land", "TotalAcres": 280.0, "BlockID": "8-006", "BlockAcres": 6494.93, "BlockParcelCount": 27 }, "geometry": { "type": "Polygon", "coordinates": [ [ [ -112.882763585950798, 48.246651395361631 ], [ -112.882771280092044, 48.244838740176689 ], [ -112.885481985063166, 48.244840483924001 ], [ -112.89090339547306, 48.244843782537522 ], [ -112.896323992191782, 48.244846829794888 ], [ -112.901744592148873, 48.244849625507456 ], [ -112.901826880067844, 48.248461202832694 ], [ -112.901876590021246, 48.252072371598544 ], [ -112.89640648548307, 48.252087859400056 ], [ -112.890936470635367, 48.25209255085683 ], [ -112.885466530941585, 48.252090875134158 ], [ -112.882740536607201, 48.252089348035668 ], [ -112.882748204376, 48.250276703628955 ], [ -112.882755896891865, 48.248464052165495 ], [ -112.882763585950798, 48.246651395361631 ] ] ] } },
{ "type": "Feature", "properties": { "CountyName": "Pondera", "OwnerName_Grouped": "NATURE CONSERVANCY", "OwnerName": "NATURE CONSERVANCY DISTRICT OF COLUMBIA NON PROFIT CORP", "OwnerAddre": "32 S EWING ST", "OwnerAdd_1": null, "OwnerAdd_2": null, "OwnerCity": "HELENA", "OwnerState": "MT", "PropType": "Vacant Land", "TotalAcres": 40.0, "BlockID": "8-006", "BlockAcres": 6494.93, "BlockParcelCount": 27 }, "geometry": { "type": "Polygon", "coordinates": [ [ [ -112.863928908392253, 48.252011803999757 ], [ -112.858577557894279, 48.252001099958207 ], [ -112.858562186252911, 48.248391149943544 ], [ -112.863911796875996, 48.248407123179554 ], [ -112.863928908392253, 48.252011803999757 ] ] ] } },
{ "type": "Feature", "properties": { "CountyName": "Pondera", "OwnerName_Grouped": "NATURE CONSERVANCY", "OwnerName": "NATURE CONSERVANCY A DISTRICT OF COLUMBIA NON PROFIT CORPORATION", "OwnerAddre": "32 S EWING ST", "OwnerAdd_1": null, "OwnerAdd_2": null, "OwnerCity": "HELENA", "OwnerState": "MT", "PropType": "Vacant Land", "TotalAcres": 200.0, "BlockID": "8-006", "BlockAcres": 6494.93, "BlockParcelCount": 27 }, "geometry": { "type": "Polygon", "coordinates": [ [ [ -112.836835203382932, 48.244831752322909 ], [ -112.836828147379322, 48.241222361157419 ], [ -112.836817860545423, 48.237612971982216 ], [ -112.842225775737916, 48.237604387982898 ], [ -112.847633795755911, 48.237594251206573 ], [ -112.850340240389741, 48.237587884582432 ], [ -112.850351603414438, 48.239391076407834 ], [ -112.850362700795699, 48.241194274055147 ], [ -112.850373929468532, 48.24299746617374 ], [ -112.85038515645445, 48.244800660165666 ], [ -112.847670214006598, 48.244807015851329 ], [ -112.842252708158043, 48.244819512431796 ], [ -112.836835203382932, 48.244831752322909 ] ] ] } },
{ "type": "Feature", "properties": { "CountyName": "Pondera", "OwnerName_Grouped": "NATURE CONSERVANCY", "OwnerName": "NATURE CONSERVANCY DISTRICT OF COLUMBIA NON PROFIT CORP", "OwnerAddre": "32 S EWING ST", "OwnerAdd_1": null, "OwnerAdd_2": null, "OwnerCity": "HELENA", "OwnerState": "MT", "PropType": "Vacant Land", "TotalAcres": 80.0, "BlockID": "8-006", "BlockAcres": 6494.93, "BlockParcelCount": 27 }, "geometry": { "type": "Polygon", "coordinates": [ [ [ -112.882771280092044, 48.244838740176689 ], [ -112.880060573078353, 48.244836941036773 ], [ -112.880083556620534, 48.241203680182203 ], [ -112.880100207825052, 48.237570406400728 ], [ -112.882798165960551, 48.237577904495865 ], [ -112.885496123097553, 48.237585209087015 ], [ -112.885489050829278, 48.241212584150389 ], [ -112.885481985063166, 48.244840483924001 ], [ -112.882771280092044, 48.244838740176689 ] ] ] } },
{ "type": "Feature", "properties": { "CountyName": "Pondera", "OwnerName_Grouped": "NATURE CONSERVANCY", "OwnerName": "NATURE CONSERVANCY DISTRICT OF COLUMBIA NON PROFIT CORP", "OwnerAddre": "32 S EWING ST", "OwnerAdd_1": null, "OwnerAdd_2": null, "OwnerCity": "HELENA", "OwnerState": "MT", "PropType": "Vacant Land", "TotalAcres": 320.0, "BlockID": "8-006", "BlockAcres": 6494.93, "BlockParcelCount": 27 }, "geometry": { "type": "Polygon", "coordinates": [ [ [ -112.86389463377003, 48.244795457015279 ], [ -112.858529988578965, 48.244781205810504 ], [ -112.858490913191844, 48.241171207665083 ], [ -112.858454906376352, 48.237561085697337 ], [ -112.863846569382645, 48.237549974529983 ], [ -112.869238267543011, 48.2375441343804 ], [ -112.874669252839652, 48.237552816669051 ], [ -112.880100207825052, 48.237570406400728 ], [ -112.880083556620534, 48.241203680182203 ], [ -112.880060573078353, 48.244836941036773 ], [ -112.874659916949611, 48.244823331495539 ], [ -112.869259272960136, 48.244809471158042 ], [ -112.86389463377003, 48.244795457015279 ] ] ] } },
{ "type": "Feature", "properties": { "CountyName": "Pondera", "OwnerName_Grouped": "NATURE CONSERVANCY", "OwnerName": "NATURE CONSERVANCY DISTRICT OF COLUMBIA NON PROFIT CORP", "OwnerAddre": "32 S EWING ST", "OwnerAdd_1": null, "OwnerAdd_2": null, "OwnerCity": "HELENA", "OwnerState": "MT", "PropType": "Vacant Land", "TotalAcres": 560.0, "BlockID": "8-006", "BlockAcres": 6494.93, "BlockParcelCount": 27 }, "geometry": { "type": "Polygon", "coordinates": [ [ [ -112.882779365213764, 48.224938329488381 ], [ -112.882771866021955, 48.223131623099746 ], [ -112.882774698772963, 48.223131624143775 ], [ -112.882972368353236, 48.223131357543004 ], [ -112.885469954665808, 48.223132060968602 ], [ -112.888379370715128, 48.223126914025606 ], [ -112.890866401155364, 48.223127567357153 ], [ -112.893783578554405, 48.223126126505534 ], [ -112.896254693739593, 48.223127850614809 ], [ -112.899166735014262, 48.223131104680533 ], [ -112.901643960810318, 48.223134311889567 ], [ -112.901633788434452, 48.226755807573795 ], [ -112.901625426739557, 48.230377077763897 ], [ -112.901620399118741, 48.233997975571626 ], [ -112.901619771345054, 48.237618379113755 ], [ -112.896244860072457, 48.237609912140343 ], [ -112.890870364866089, 48.237598669868859 ], [ -112.885496123097553, 48.237585209087015 ], [ -112.882798165960551, 48.237577904495865 ], [ -112.882797041959492, 48.235773761344007 ], [ -112.882795758592636, 48.233969735366912 ], [ -112.882794601401201, 48.232165614809098 ], [ -112.882793445460351, 48.230361489727251 ], [ -112.882788690390981, 48.228555497378316 ], [ -112.882784071946858, 48.226749589355371 ], [ -112.882779365213764, 48.224938329488381 ] ] ] } },
{ "type": "Feature", "properties": { "CountyName": "Pondera", "OwnerName_Grouped": "NATURE CONSERVANCY", "OwnerName": "NATURE CONSERVANCY DISTRICT OF COLUMBIA NON PROFIT CORP", "OwnerAddre": "32 S EWING ST", "OwnerAdd_1": null, "OwnerAdd_2": null, "OwnerCity": "HELENA", "OwnerState": "MT", "PropType": "Vacant Land", "TotalAcres": 160.0, "BlockID": "8-006", "BlockAcres": 6494.93, "BlockParcelCount": 27 }, "geometry": { "type": "Polygon", "coordinates": [ [ [ -112.858454906376352, 48.237561085697337 ], [ -112.858432082650012, 48.233957042529234 ], [ -112.858419525541578, 48.230352805164884 ], [ -112.858413952947245, 48.226748336177018 ], [ -112.858411940009972, 48.223143627468026 ], [ -112.861324013873244, 48.223163791021371 ], [ -112.863829458632168, 48.223184434813938 ], [ -112.86383019491295, 48.226770888109428 ], [ -112.863830952277226, 48.230353867748832 ], [ -112.863838752792176, 48.233953337790254 ], [ -112.863846569382645, 48.237549974529983 ], [ -112.858454906376352, 48.237561085697337 ] ] ] } },
{ "type": "Feature", "properties": { "CountyName": "Pondera", "OwnerName_Grouped": "NATURE CONSERVANCY", "OwnerName": "NATURE CONSERVANCY DISTRICT OF COLUMBIA NON PROFIT CORP", "OwnerAddre": "32 S EWING ST", "OwnerAdd_1": null, "OwnerAdd_2": null, "OwnerCity": "HELENA", "OwnerState": "MT", "PropType": "Vacant Land", "TotalAcres": 363.83, "BlockID": "8-006", "BlockAcres": 6494.93, "BlockParcelCount": 27 }, "geometry": { "type": "Polygon", "coordinates": [ [ [ -112.901633788434452, 48.226755807573795 ], [ -112.901643960810318, 48.223134311889567 ], [ -112.904571398665382, 48.223131664337231 ], [ -112.907073014232509, 48.22312939856878 ], [ -112.910015031746255, 48.223127176162805 ], [ -112.912518910502257, 48.223126709422587 ], [ -112.915442713742777, 48.223129604638515 ], [ -112.917952602210434, 48.223137547485187 ], [ -112.921734328650061, 48.223417811936308 ], [ -112.921698636570767, 48.226902177339724 ], [ -112.92167899483772, 48.228551447392043 ], [ -112.921651733009355, 48.230509119428199 ], [ -112.921592080124597, 48.234150938998951 ], [ -112.921592088872046, 48.234153544854763 ], [ -112.917781671654026, 48.234124125754235 ], [ -112.912403807633794, 48.234082398846667 ], [ -112.912441979258972, 48.230448824027135 ], [ -112.907039883253006, 48.230413119590658 ], [ -112.901625426739557, 48.230377077763897 ], [ -112.901633788434452, 48.226755807573795 ] ] ] } },
{ "type": "Feature", "properties": { "CountyName": "Pondera", "OwnerName_Grouped": "NATURE CONSERVANCY", "OwnerName": "NATURE CONSERVANCY DISTRICT OF COLUMBIA NON PROFIT CORP", "OwnerAddre": "32 S EWING ST", "OwnerAdd_1": null, "OwnerAdd_2": null, "OwnerCity": "HELENA", "OwnerState": "MT", "PropType": "Vacant Land", "TotalAcres": 280.0, "BlockID": "8-006", "BlockAcres": 6494.93, "BlockParcelCount": 27 }, "geometry": { "type": "Polygon", "coordinates": [ [ [ -112.901643960810318, 48.223134311889567 ], [ -112.899166735014262, 48.223131104680533 ], [ -112.896254693739593, 48.223127850614809 ], [ -112.893783578554405, 48.223126126505534 ], [ -112.893793097497024, 48.219502662539547 ], [ -112.893805308597521, 48.215884694769208 ], [ -112.899205729010873, 48.215879097732099 ], [ -112.904606149588631, 48.215873251808247 ], [ -112.91005040879088, 48.215867105370755 ], [ -112.910032673348653, 48.219499506487409 ], [ -112.915474294625596, 48.219495832612786 ], [ -112.915442713742777, 48.223129604638515 ], [ -112.912518910502257, 48.223126709422587 ], [ -112.910015031746255, 48.223127176162805 ], [ -112.907073014232509, 48.22312939856878 ], [ -112.904571398665382, 48.223131664337231 ], [ -112.901643960810318, 48.223134311889567 ] ] ] } },
{ "type": "Feature", "properties": { "CountyName": "Pondera", "OwnerName_Grouped": "NATURE CONSERVANCY", "OwnerName": "NATURE CONSERVANCY DISTRICT OF COLUMBIA NON PROFIT CORP", "OwnerAddre": "32 S EWING ST", "OwnerAdd_1": null, "OwnerAdd_2": null, "OwnerCity": "HELENA", "OwnerState": "MT", "PropType": "Vacant Land", "TotalAcres": 200.0, "BlockID": "8-006", "BlockAcres": 6494.93, "BlockParcelCount": 27 }, "geometry": { "type": "Polygon", "coordinates": [ [ [ -112.85043455580157, 48.215876622622567 ], [ -112.850423327976273, 48.212250588627604 ], [ -112.850424719734406, 48.208623916346717 ], [ -112.855852278366186, 48.208644891798762 ], [ -112.86127977724783, 48.208666191320233 ], [ -112.8667072467195, 48.208682819837151 ], [ -112.866715266247311, 48.212310203135956 ], [ -112.861290834112154, 48.212291760691066 ], [ -112.861301892450243, 48.215917322019308 ], [ -112.855868222686055, 48.21589709826236 ], [ -112.85043455580157, 48.215876622622567 ] ] ] } },
{ "type": "Feature", "properties": { "CountyName": "Pondera", "OwnerName_Grouped": "NATURE CONSERVANCY", "OwnerName": "NATURE CONSERVANCY DISTRICT OF COLUMBIA NON PROFIT CORP", "OwnerAddre": "32 S EWING ST", "OwnerAdd_1": null, "OwnerAdd_2": null, "OwnerCity": "HELENA", "OwnerState": "MT", "PropType": "Vacant Land", "TotalAcres": 400.0, "BlockID": "8-006", "BlockAcres": 6494.93, "BlockParcelCount": 27 }, "geometry": { "type": "Polygon", "coordinates": [ [ [ -112.872142952480331, 48.20504943309178 ], [ -112.872153653388395, 48.201399871852999 ], [ -112.872155675330063, 48.197747307884363 ], [ -112.877578078213844, 48.197751791033099 ], [ -112.877578752273891, 48.194108053049042 ], [ -112.883019308783588, 48.19411886660339 ], [ -112.888389868859491, 48.194125655829232 ], [ -112.893760405978441, 48.194124574781959 ], [ -112.893777531146512, 48.197755213988522 ], [ -112.888395005158316, 48.197754106924698 ], [ -112.888397936159777, 48.201389485743057 ], [ -112.883001156197764, 48.201393187335434 ], [ -112.88299206513642, 48.205035492825346 ], [ -112.882982972868263, 48.208677792034422 ], [ -112.877558677770836, 48.208689269697274 ], [ -112.872134724584768, 48.20869507249234 ], [ -112.872142952480331, 48.20504943309178 ] ] ] } },
{ "type": "Feature", "properties": { "CountyName": "Pondera", "OwnerName_Grouped": "NATURE CONSERVANCY", "OwnerName": "NATURE CONSERVANCY DISTRICT OF COLUMBIA NON PROFIT CORP", "OwnerAddre": "32 S EWING ST", "OwnerAdd_1": null, "OwnerAdd_2": null, "OwnerCity": "HELENA", "OwnerState": "MT", "PropType": "Vacant Land", "TotalAcres": 120.0, "BlockID": "8-006", "BlockAcres": 6494.93, "BlockParcelCount": 27 }, "geometry": { "type": "Polygon", "coordinates": [ [ [ -112.8667072467195, 48.208682819837151 ], [ -112.86671191405776, 48.205041376943434 ], [ -112.866716579156346, 48.201400027776835 ], [ -112.866712628089616, 48.197762224067006 ], [ -112.872155675330063, 48.197747307884363 ], [ -112.872153653388395, 48.201399871852999 ], [ -112.872142952480331, 48.20504943309178 ], [ -112.872134724584768, 48.20869507249234 ], [ -112.8667072467195, 48.208682819837151 ] ] ] } },
{ "type": "Feature", "properties": { "CountyName": "Pondera", "OwnerName_Grouped": "NATURE CONSERVANCY", "OwnerName": "NATURE CONSERVANCY DISTRICT OF COLUMBIA NON PROFIT CORP", "OwnerAddre": "32 S EWING ST", "OwnerAdd_1": null, "OwnerAdd_2": null, "OwnerCity": "HELENA", "OwnerState": "MT", "PropType": "Vacant Land", "TotalAcres": 80.0, "BlockID": "8-006", "BlockAcres": 6494.93, "BlockParcelCount": 27 }, "geometry": { "type": "Polygon", "coordinates": [ [ [ -112.86127977724783, 48.208666191320233 ], [ -112.855852278366186, 48.208644891798762 ], [ -112.850424719734406, 48.208623916346717 ], [ -112.850404308979989, 48.205011578056137 ], [ -112.855841627306447, 48.205022446791489 ], [ -112.861279640401236, 48.20503306494674 ], [ -112.86127977724783, 48.208666191320233 ] ] ] } },
{ "type": "Feature", "properties": { "CountyName": "Pondera", "OwnerName_Grouped": "NATURE CONSERVANCY", "OwnerName": "NATURE CONSERVANCY DISTRICT OF COLUMBIA NON PROFIT CORP", "OwnerAddre": "32 S EWING ST", "OwnerAdd_1": null, "OwnerAdd_2": null, "OwnerCity": "HELENA", "OwnerState": "MT", "PropType": "Vacant Land", "TotalAcres": 320.0, "BlockID": "8-006", "BlockAcres": 6494.93, "BlockParcelCount": 27 }, "geometry": { "type": "Polygon", "coordinates": [ [ [ -112.828754108826928, 48.208729184684415 ], [ -112.828747977623351, 48.205116340879961 ], [ -112.828745481418906, 48.201503488456247 ], [ -112.834140836012011, 48.201486713259747 ], [ -112.839538899635542, 48.201465841867858 ], [ -112.844960633816655, 48.201434283146725 ], [ -112.850382452833401, 48.201398977872657 ], [ -112.850404308979989, 48.205011578056137 ], [ -112.850424719734406, 48.208623916346717 ], [ -112.844987841345116, 48.208637269253174 ], [ -112.839550971956584, 48.208652052592925 ], [ -112.834152544373637, 48.208689876265773 ], [ -112.828754108826928, 48.208729184684415 ] ] ] } },
{ "type": "Feature", "properties": { "CountyName": "Pondera", "OwnerName_Grouped": "NATURE CONSERVANCY", "OwnerName": "NATURE CONSERVANCY DISTRICT OF COLUMBIA NON PROFIT CORP", "OwnerAddre": "32 S EWING ST", "OwnerAdd_1": null, "OwnerAdd_2": null, "OwnerCity": "HELENA", "OwnerState": "MT", "PropType": "Vacant Land", "TotalAcres": 614.3, "BlockID": "8-006", "BlockAcres": 6494.93, "BlockParcelCount": 27 }, "geometry": { "type": "Polygon", "coordinates": [ [ [ -112.808016158670796, 48.208728510753858 ], [ -112.808019600472875, 48.205117863684272 ], [ -112.808027972319707, 48.201507174725116 ], [ -112.808039624871313, 48.197891036228526 ], [ -112.808052297526658, 48.194432074892774 ], [ -112.808597147836835, 48.194270555349192 ], [ -112.813760481139425, 48.194238671849746 ], [ -112.819465738495566, 48.19420458634373 ], [ -112.824504422434103, 48.194235690851883 ], [ -112.82873578877944, 48.194264980331305 ], [ -112.828742700231331, 48.197884237284633 ], [ -112.828745481418906, 48.201503488456247 ], [ -112.828747977623351, 48.205116340879961 ], [ -112.828754108826928, 48.208729184684415 ], [ -112.824224413976751, 48.208732343733871 ], [ -112.818833399905245, 48.208739178133492 ], [ -112.813424777193163, 48.208734391632554 ], [ -112.808016158670796, 48.208728510753858 ] ] ] } },
{ "type": "Feature", "properties": { "CountyName": "Pondera", "OwnerName_Grouped": "NATURE CONSERVANCY", "OwnerName": "NATURE CONSERVANCY DISTRICT OF COLUMBIA NON PROFIT CORP", "OwnerAddre": "32 S EWING ST", "OwnerAdd_1": null, "OwnerAdd_2": null, "OwnerCity": "HELENA", "OwnerState": "MT", "PropType": "Vacant Land", "TotalAcres": 40.0, "BlockID": "8-006", "BlockAcres": 6494.93, "BlockParcelCount": 27 }, "geometry": { "type": "Polygon", "coordinates": [ [ [ -112.899053749915836, 48.194128194805167 ], [ -112.899099022383169, 48.197757925862774 ], [ -112.893777531146512, 48.197755213988522 ], [ -112.893760405978441, 48.194124574781959 ], [ -112.899053749915836, 48.194128194805167 ] ] ] } },
{ "type": "Feature", "properties": { "CountyName": "Pondera", "OwnerName_Grouped": "NATURE CONSERVANCY", "OwnerName": "NATURE CONSERVANCY DISTRICT OF COLUMBIA NON PROFIT CORP", "OwnerAddre": "32 S EWING ST", "OwnerAdd_1": null, "OwnerAdd_2": null, "OwnerCity": "HELENA", "OwnerState": "MT", "PropType": "Vacant Land", "TotalAcres": 560.0, "BlockID": "8-006", "BlockAcres": 6494.93, "BlockParcelCount": 27 }, "geometry": { "type": "Polygon", "coordinates": [ [ [ -112.836811297301693, 48.235806030182417 ], [ -112.836803482671044, 48.233999091618429 ], [ -112.836785716990633, 48.230389616620862 ], [ -112.836766505460417, 48.22678014150037 ], [ -112.836746579392937, 48.223170676065102 ], [ -112.839656328933486, 48.223161793600866 ], [ -112.842158245995648, 48.22315241765169 ], [ -112.845071959316627, 48.223141037282382 ], [ -112.84757407236124, 48.223132596357267 ], [ -112.850484305436552, 48.223126322648035 ], [ -112.852985896390493, 48.223126233119658 ], [ -112.855902966286934, 48.22313247201491 ], [ -112.858411940009972, 48.223143627468026 ], [ -112.858413952947245, 48.226748336177018 ], [ -112.858419525541578, 48.230352805164884 ], [ -112.858432082650012, 48.233957042529234 ], [ -112.853029202228015, 48.233970130041307 ], [ -112.847618867546743, 48.233982980657927 ], [ -112.847633795755911, 48.237594251206573 ], [ -112.842225775737916, 48.237604387982898 ], [ -112.836817860545423, 48.237612971982216 ], [ -112.836811297301693, 48.235806030182417 ] ] ] } },
{ "type": "Feature", "properties": { "CountyName": "Pondera", "OwnerName_Grouped": "NATURE CONSERVANCY", "OwnerName": "NATURE CONSERVANCY DISTRICT OF COLUMBIA NON PROFIT CORP", "OwnerAddre": "32 S EWING ST", "OwnerAdd_1": null, "OwnerAdd_2": null, "OwnerCity": "HELENA", "OwnerState": "MT", "PropType": "Vacant Land", "TotalAcres": 440.0, "BlockID": "8-006", "BlockAcres": 6494.93, "BlockParcelCount": 27 }, "geometry": { "type": "Polygon", "coordinates": [ [ [ -112.850424719734406, 48.208623916346717 ], [ -112.850423327976273, 48.212250588627604 ], [ -112.845003486659976, 48.212267415268968 ], [ -112.845019129976606, 48.215896414216658 ], [ -112.845045541553361, 48.219520574475169 ], [ -112.845071959316627, 48.223141037282382 ], [ -112.842158245995648, 48.22315241765169 ], [ -112.839656328933486, 48.223161793600866 ], [ -112.836746579392937, 48.223170676065102 ], [ -112.83424048642226, 48.223173626752015 ], [ -112.834218818594749, 48.219552951371071 ], [ -112.834197237187553, 48.215935205650624 ], [ -112.828790781472563, 48.215954233016561 ], [ -112.828772572330976, 48.212341761875763 ], [ -112.828754108826928, 48.208729184684415 ], [ -112.834152544373637, 48.208689876265773 ], [ -112.839550971956584, 48.208652052592925 ], [ -112.844987841345116, 48.208637269253174 ], [ -112.850424719734406, 48.208623916346717 ] ] ] } },
{ "type": "Feature", "properties": { "CountyName": "Pondera", "OwnerName_Grouped": "NATURE CONSERVANCY", "OwnerName": "NATURE CONSERVANCY A DISTRICT OF COLUMBIA NON PROFIT CORPORATION", "OwnerAddre": "32 S EWING ST", "OwnerAdd_1": null, "OwnerAdd_2": null, "OwnerCity": "HELENA", "OwnerState": "MT", "PropType": "Vacant Land", "TotalAcres": 80.0, "BlockID": "8-006", "BlockAcres": 6494.93, "BlockParcelCount": 27 }, "geometry": { "type": "Polygon", "coordinates": [ [ [ -112.850340240389741, 48.237587884582432 ], [ -112.847633795755911, 48.237594251206573 ], [ -112.847618867546743, 48.233982980657927 ], [ -112.853029202228015, 48.233970130041307 ], [ -112.858432082650012, 48.233957042529234 ], [ -112.858454906376352, 48.237561085697337 ], [ -112.853046688291002, 48.23758004521126 ], [ -112.850340240389741, 48.237587884582432 ] ] ] } },
{ "type": "Feature", "properties": { "CountyName": "Pondera", "OwnerName_Grouped": "NATURE CONSERVANCY", "OwnerName": "NATURE CONSERVANCY DISTRICT OF COLUMBIA NON PROFIT CORP", "OwnerAddre": "32 S EWING ST", "OwnerAdd_1": null, "OwnerAdd_2": null, "OwnerCity": "HELENA", "OwnerState": "MT", "PropType": "Vacant Land", "TotalAcres": 196.8, "BlockID": "8-006", "BlockAcres": 6494.93, "BlockParcelCount": 27 }, "geometry": { "type": "Polygon", "coordinates": [ [ [ -112.850395058086121, 48.246601924518522 ], [ -112.85038515645445, 48.244800660165666 ], [ -112.850373929468532, 48.24299746617374 ], [ -112.850362700795699, 48.241194274055147 ], [ -112.850351603414438, 48.239391076407834 ], [ -112.850340240389741, 48.237587884582432 ], [ -112.853046688291002, 48.23758004521126 ], [ -112.858454906376352, 48.237561085697337 ], [ -112.858490913191844, 48.241171207665083 ], [ -112.858529988578965, 48.244781205810504 ], [ -112.853100085839955, 48.244794237475517 ], [ -112.853072586086597, 48.246654906672866 ], [ -112.853121543380496, 48.248400585938867 ], [ -112.858562186252911, 48.248391149943544 ], [ -112.858577557894279, 48.252001099958207 ], [ -112.853142911422736, 48.25200187003739 ], [ -112.850424738846186, 48.252005729197414 ], [ -112.850414862855857, 48.250204460449176 ], [ -112.850404964897876, 48.24840319414816 ], [ -112.850395058086121, 48.246601924518522 ] ] ] } },
{ "type": "Feature", "properties": { "CountyName": "Beaverhead", "OwnerName_Grouped": "NATURE CONSERVANCY", "OwnerName": "NATURE CONSERVANCY THE", "OwnerAddre": "32 SOUTH EWING", "OwnerAdd_1": null, "OwnerAdd_2": null, "OwnerCity": "HELENA", "OwnerState": "MT", "PropType": "Vacant Land", "TotalAcres": 240.0, "BlockID": "8-012", "BlockAcres": 1817.68, "BlockParcelCount": 6 }, "geometry": { "type": "Polygon", "coordinates": [ [ [ -111.801693332151331, 44.69452461694874 ], [ -111.801683973166661, 44.690951628147914 ], [ -111.801674620124942, 44.687378638616579 ], [ -111.801546306956624, 44.683739012766942 ], [ -111.801417998825386, 44.680099355154283 ], [ -111.806505234526384, 44.680129672325755 ], [ -111.80659818138686, 44.683766713211746 ], [ -111.806691127809358, 44.687403671109394 ], [ -111.811707663101387, 44.687428454112521 ], [ -111.811764742418418, 44.691029215573273 ], [ -111.811821822560773, 44.694629947810917 ], [ -111.806757563340909, 44.694577282338251 ], [ -111.801693332151331, 44.69452461694874 ] ] ] } },
{ "type": "Feature", "properties": { "CountyName": "Beaverhead", "OwnerName_Grouped": "NATURE CONSERVANCY", "OwnerName": "NATURE CONSERVANCY", "OwnerAddre": "32 S EWING ST STE 215", "OwnerAdd_1": null, "OwnerAdd_2": null, "OwnerCity": "HELENA", "OwnerState": "MT", "PropType": "Vacant Land", "TotalAcres": 160.0, "BlockID": "8-012", "BlockAcres": 1817.68, "BlockParcelCount": 6 }, "geometry": { "type": "Polygon", "coordinates": [ [ [ -111.831871601473594, 44.709237678937093 ], [ -111.827019445249277, 44.70921549080149 ], [ -111.826789847514462, 44.709214443432309 ], [ -111.821951635576212, 44.709192337298823 ], [ -111.821944671371568, 44.705584386172468 ], [ -111.821937710112707, 44.701976460548721 ], [ -111.827010464640011, 44.701971256969692 ], [ -111.832083221436264, 44.70196583611424 ], [ -111.832085239029482, 44.705602199155969 ], [ -111.832087280449443, 44.709238589148889 ], [ -111.831871601473594, 44.709237678937093 ] ] ] } },
{ "type": "Feature", "properties": { "CountyName": "Beaverhead", "OwnerName_Grouped": "NATURE CONSERVANCY", "OwnerName": "NATURE CONSERVANCY", "OwnerAddre": "32 S EWING ST STE 215", "OwnerAdd_1": null, "OwnerAdd_2": null, "OwnerCity": "HELENA", "OwnerState": "MT", "PropType": "Vacant Land", "TotalAcres": 151.28, "BlockID": "8-012", "BlockAcres": 1817.68, "BlockParcelCount": 6 }, "geometry": { "type": "Polygon", "coordinates": [ [ [ -111.821724452506473, 44.71605698956381 ], [ -111.821715849854726, 44.712438008334445 ], [ -111.821708121058407, 44.709197178554028 ], [ -111.821951635576212, 44.709192337298823 ], [ -111.826789847514462, 44.709214443432309 ], [ -111.827019445249277, 44.70921549080149 ], [ -111.831871601473594, 44.709237678937093 ], [ -111.831877018884072, 44.712441171843032 ], [ -111.831883118430113, 44.716060895368891 ], [ -111.826803782468346, 44.716059052755426 ], [ -111.821724452506473, 44.71605698956381 ] ] ] } },
{ "type": "Feature", "properties": { "CountyName": "Beaverhead", "OwnerName_Grouped": "NATURE CONSERVANCY", "OwnerName": "NATURE CONSERVANCY THE", "OwnerAddre": "32 SOUTH EWING", "OwnerAdd_1": null, "OwnerAdd_2": null, "OwnerCity": "HELENA", "OwnerState": "MT", "PropType": "Vacant Land", "TotalAcres": 255.62, "BlockID": "8-013", "BlockAcres": 1283.94, "BlockParcelCount": 6 }, "geometry": { "type": "Polygon", "coordinates": [ [ [ -112.087656387027195, 44.681689592033671 ], [ -112.087907283516586, 44.678552371684269 ], [ -112.088694083124352, 44.67069444310836 ], [ -112.08910332606834, 44.667148486309806 ], [ -112.089105502649161, 44.667130070319331 ], [ -112.091438354062163, 44.667132691413251 ], [ -112.096530219280979, 44.667138468309446 ], [ -112.096533483146757, 44.670779373216398 ], [ -112.096537516656937, 44.67519319712742 ], [ -112.096540800525233, 44.678706593973743 ], [ -112.096543292401748, 44.681701151318286 ], [ -112.091446599289284, 44.681694513323343 ], [ -112.087656387027195, 44.681689592033671 ] ] ] } },
{ "type": "Feature", "properties": { "CountyName": "Beaverhead", "OwnerName_Grouped": "NATURE CONSERVANCY", "OwnerName": "NATURE CONSERVANCY THE", "OwnerAddre": "32 SOUTH EWING", "OwnerAdd_1": null, "OwnerAdd_2": null, "OwnerCity": "HELENA", "OwnerState": "MT", "PropType": "Vacant Land", "TotalAcres": 640.0, "BlockID": "8-012", "BlockAcres": 1817.68, "BlockParcelCount": 6 }, "geometry": { "type": "Polygon", "coordinates": [ [ [ -111.781088432220145, 44.694227766191474 ], [ -111.781090067812883, 44.690593541446546 ], [ -111.781091704233077, 44.6869593180785 ], [ -111.781084449564176, 44.683334150292509 ], [ -111.781077199409523, 44.679708953221684 ], [ -111.786162385831247, 44.679806575293405 ], [ -111.791247598481121, 44.679904168660592 ], [ -111.796332810862367, 44.68000176357836 ], [ -111.801417998825386, 44.680099355154283 ], [ -111.801546306956624, 44.683739012766942 ], [ -111.801674620124942, 44.687378638616579 ], [ -111.801683973166661, 44.690951628147914 ], [ -111.801693332151331, 44.69452461694874 ], [ -111.796542091026254, 44.694450397147449 ], [ -111.791390882397152, 44.694376178333449 ], [ -111.786239668150216, 44.694301985605968 ], [ -111.781088432220145, 44.694227766191474 ] ] ] } },
{ "type": "Feature", "properties": { "CountyName": "Beaverhead", "OwnerName_Grouped": "NATURE CONSERVANCY", "OwnerName": "NATURE CONSERVANCY THE", "OwnerAddre": "32 SOUTH EWING", "OwnerAdd_1": null, "OwnerAdd_2": null, "OwnerCity": "HELENA", "OwnerState": "MT", "PropType": "Vacant Land", "TotalAcres": 306.4, "BlockID": "8-012", "BlockAcres": 1817.68, "BlockParcelCount": 6 }, "geometry": { "type": "Polygon", "coordinates": [ [ [ -111.771355105443817, 44.694223175849189 ], [ -111.771348963576344, 44.690587195542001 ], [ -111.771342842622857, 44.686951189221034 ], [ -111.771336673227637, 44.683307679596346 ], [ -111.771330526119129, 44.679664146686271 ], [ -111.776413070005347, 44.679687544812886 ], [ -111.781077199409523, 44.679708953221684 ], [ -111.781084449564176, 44.683334150292509 ], [ -111.781091704233077, 44.6869593180785 ], [ -111.781090067812883, 44.690593541446546 ], [ -111.781088432220145, 44.694227766191474 ], [ -111.776443698944874, 44.694225536351837 ], [ -111.771355105443817, 44.694223175849189 ] ] ] } },
{ "type": "Feature", "properties": { "CountyName": "Beaverhead", "OwnerName_Grouped": "NATURE CONSERVANCY", "OwnerName": "NATURE CONSERVANCY THE", "OwnerAddre": "32 SOUTH EWING", "OwnerAdd_1": null, "OwnerAdd_2": null, "OwnerCity": "HELENA", "OwnerState": "MT", "PropType": "Vacant Land", "TotalAcres": 320.0, "BlockID": "8-013", "BlockAcres": 1283.94, "BlockParcelCount": 6 }, "geometry": { "type": "Polygon", "coordinates": [ [ [ -112.106736642157571, 44.681714428683541 ], [ -112.106730969835752, 44.678073326085844 ], [ -112.106725295564758, 44.674432226824173 ], [ -112.10671959510934, 44.670791125187002 ], [ -112.106713920263033, 44.667149995652913 ], [ -112.111792089543783, 44.667153826355765 ], [ -112.116870284519464, 44.667157660060695 ], [ -112.11687570561709, 44.670801761724896 ], [ -112.116881154809008, 44.674445862446781 ], [ -112.116886603384472, 44.678085740066123 ], [ -112.116892048677997, 44.681725620147894 ], [ -112.111814331797092, 44.681720009823543 ], [ -112.106736642157571, 44.681714428683541 ] ] ] } },
{ "type": "Feature", "properties": { "CountyName": "Beaverhead", "OwnerName_Grouped": "NATURE CONSERVANCY", "OwnerName": "NATURE CONSERVANCY THE", "OwnerAddre": "32 SOUTH EWING", "OwnerAdd_1": null, "OwnerAdd_2": null, "OwnerCity": "HELENA", "OwnerState": "MT", "PropType": "Improved Property", "TotalAcres": 245.95, "BlockID": "8-013", "BlockAcres": 1283.94, "BlockParcelCount": 6 }, "geometry": { "type": "Polygon", "coordinates": [ [ [ -112.101639981332852, 44.681707789581878 ], [ -112.100482261783355, 44.681706305408902 ], [ -112.100506986912734, 44.681342573249374 ], [ -112.100066604879927, 44.678713800443155 ], [ -112.099651044048287, 44.676230680233857 ], [ -112.099295077603088, 44.675198858644904 ], [ -112.098537316516939, 44.673000356929343 ], [ -112.097624325562506, 44.670292682187181 ], [ -112.096530219280979, 44.667138468309446 ], [ -112.10162208511808, 44.667144243942829 ], [ -112.106713920263033, 44.667149995652913 ], [ -112.10671959510934, 44.670791125187002 ], [ -112.106725295564758, 44.674432226824173 ], [ -112.106730969835752, 44.678073326085844 ], [ -112.106736642157571, 44.681714428683541 ], [ -112.101639981332852, 44.681707789581878 ] ] ] } },
{ "type": "Feature", "properties": { "CountyName": "Beaverhead", "OwnerName_Grouped": "NATURE CONSERVANCY", "OwnerName": "NATURE CONSERVANCY", "OwnerAddre": "32 S EWING ST STE 215", "OwnerAdd_1": null, "OwnerAdd_2": null, "OwnerCity": "HELENA", "OwnerState": "MT", "PropType": "Vacant Land", "TotalAcres": 80.0, "BlockID": "8-015", "BlockAcres": 1139.35, "BlockParcelCount": 6 }, "geometry": { "type": "Polygon", "coordinates": [ [ [ -111.867421100464796, 44.723332840000666 ], [ -111.87249559663006, 44.72333884262116 ], [ -111.872502126649778, 44.72695776865406 ], [ -111.87250865831885, 44.730576720175037 ], [ -111.867435247868883, 44.730569222330502 ], [ -111.867428186319231, 44.726951072150257 ], [ -111.867421100464796, 44.723332840000666 ] ] ] } },
{ "type": "Feature", "properties": { "CountyName": "Beaverhead", "OwnerName_Grouped": "NATURE CONSERVANCY", "OwnerName": "NATURE CONSERVANCY", "OwnerAddre": "32 S EWING ST STE 215", "OwnerAdd_1": null, "OwnerAdd_2": null, "OwnerCity": "HELENA", "OwnerState": "MT", "PropType": "Vacant Land", "TotalAcres": 320.0, "BlockID": "8-012", "BlockAcres": 1817.68, "BlockParcelCount": 6 }, "geometry": { "type": "Polygon", "coordinates": [ [ [ -111.821708121058407, 44.709197178554028 ], [ -111.81688463624387, 44.709291047406602 ], [ -111.816628426522556, 44.709296028233886 ], [ -111.811817665816037, 44.709389647898988 ], [ -111.811818674030846, 44.705806967771807 ], [ -111.811819681748744, 44.702224315805317 ], [ -111.811820763798906, 44.698427133270272 ], [ -111.811821822560773, 44.694629947810917 ], [ -111.81688608335547, 44.694682613922289 ], [ -111.821950312992612, 44.694735251662344 ], [ -111.821944025373796, 44.698355871814968 ], [ -111.821937710112707, 44.701976460548721 ], [ -111.821944671371568, 44.705584386172468 ], [ -111.821951635576212, 44.709192337298823 ], [ -111.821708121058407, 44.709197178554028 ] ] ] } },
{ "type": "Feature", "properties": { "CountyName": "Beaverhead", "OwnerName_Grouped": "NATURE CONSERVANCY", "OwnerName": "NATURE CONSERVANCY THE", "OwnerAddre": "32 SOUTH EWING", "OwnerAdd_1": null, "OwnerAdd_2": null, "OwnerCity": "HELENA", "OwnerState": "MT", "PropType": "Improved Property", "TotalAcres": 160.0, "BlockID": "8-015", "BlockAcres": 1139.35, "BlockParcelCount": 6 }, "geometry": { "type": "Polygon", "coordinates": [ [ [ -111.872572462555738, 44.705695113861346 ], [ -111.872536146487022, 44.702063161702846 ], [ -111.877614907876549, 44.702085348892666 ], [ -111.877592596745018, 44.698488093234054 ], [ -111.877570289890357, 44.694890728956956 ], [ -111.882675991844565, 44.694881642366212 ], [ -111.882684828552911, 44.698494476623601 ], [ -111.882693633499443, 44.702107285879109 ], [ -111.882708414617866, 44.70573003734691 ], [ -111.87764043738413, 44.705712686671639 ], [ -111.872572462555738, 44.705695113861346 ] ] ] } },
{ "type": "Feature", "properties": { "CountyName": "Beaverhead", "OwnerName_Grouped": "NATURE CONSERVANCY", "OwnerName": "NATURE CONSERVANCY THE", "OwnerAddre": "32 SOUTH EWING", "OwnerAdd_1": null, "OwnerAdd_2": null, "OwnerCity": "HELENA", "OwnerState": "MT", "PropType": "Vacant Land", "TotalAcres": 119.26, "BlockID": "8-015", "BlockAcres": 1139.35, "BlockParcelCount": 6 }, "geometry": { "type": "Polygon", "coordinates": [ [ [ -111.887847011628097, 44.698575387950292 ], [ -111.887871426680476, 44.694955386640501 ], [ -111.893066862968112, 44.69502915901149 ], [ -111.893009192752857, 44.698656074991831 ], [ -111.898227431922891, 44.698737871291584 ], [ -111.898191563363028, 44.702372421844998 ], [ -111.892951518495622, 44.702283019210604 ], [ -111.88782258959661, 44.702195277236505 ], [ -111.887847011628097, 44.698575387950292 ] ] ] } },
{ "type": "Feature", "properties": { "CountyName": "Beaverhead", "OwnerName_Grouped": "NATURE CONSERVANCY", "OwnerName": "NATURE CONSERVANCY", "OwnerAddre": "32 S EWING ST STE 215", "OwnerAdd_1": null, "OwnerAdd_2": null, "OwnerCity": "HELENA", "OwnerState": "MT", "PropType": "Vacant Land", "TotalAcres": 620.61, "BlockID": "8-015", "BlockAcres": 1139.35, "BlockParcelCount": 6 }, "geometry": { "type": "Polygon", "coordinates": [ [ [ -111.87249559663006, 44.72333884262116 ], [ -111.867421100464796, 44.723332840000666 ], [ -111.862346630481753, 44.723326837390481 ], [ -111.862337178551684, 44.719709378830665 ], [ -111.86232775650717, 44.716091947881786 ], [ -111.862318526445961, 44.712473602243648 ], [ -111.862310253333561, 44.70921156770504 ], [ -111.862536128193156, 44.709211559697614 ], [ -111.867380840592034, 44.7092671401345 ], [ -111.867572435400774, 44.709269327144568 ], [ -111.872451428692358, 44.709325291570195 ], [ -111.872608742801106, 44.709327039411711 ], [ -111.877525125526304, 44.709339585686088 ], [ -111.87766596771597, 44.709339943001631 ], [ -111.882598823366493, 44.709352543713834 ], [ -111.882609143480622, 44.712491010117013 ], [ -111.882610714202997, 44.712972490784615 ], [ -111.882620839556665, 44.716111012222932 ], [ -111.882622576113562, 44.716592410970385 ], [ -111.882632894502393, 44.719730874602917 ], [ -111.882644590684251, 44.723350850447169 ], [ -111.877570095070084, 44.72334484666645 ], [ -111.87249559663006, 44.72333884262116 ] ] ] } },
{ "type": "Feature", "properties": { "CountyName": "Beaverhead", "OwnerName_Grouped": "NATURE CONSERVANCY", "OwnerName": "NATURE CONSERVANCY THE", "OwnerAddre": "32 SOUTH EWING", "OwnerAdd_1": null, "OwnerAdd_2": null, "OwnerCity": "HELENA", "OwnerState": "MT", "PropType": "Vacant Land", "TotalAcres": 56.0, "BlockID": "8-013", "BlockAcres": 1283.94, "BlockParcelCount": 6 }, "geometry": { "type": "Polygon", "coordinates": [ [ [ -112.089105502649161, 44.667130070319331 ], [ -112.0895248057153, 44.663563490793017 ], [ -112.089746245808783, 44.663565304191991 ], [ -112.089743094865483, 44.663535309815387 ], [ -112.091427393628209, 44.663496004042258 ], [ -112.096519707980491, 44.663503755080676 ], [ -112.096530219280979, 44.667138468309446 ], [ -112.091438354062163, 44.667132691413251 ], [ -112.089105502649161, 44.667130070319331 ] ] ] } },
{ "type": "Feature", "properties": { "CountyName": "Beaverhead", "OwnerName_Grouped": "NATURE CONSERVANCY", "OwnerName": "NATURE CONSERVANCY", "OwnerAddre": "32 S EWING ST STE 215", "OwnerAdd_1": null, "OwnerAdd_2": null, "OwnerCity": "HELENA", "OwnerState": "MT", "PropType": "Vacant Land", "TotalAcres": 79.72, "BlockID": "8-015", "BlockAcres": 1139.35, "BlockParcelCount": 6 }, "geometry": { "type": "Polygon", "coordinates": [ [ [ -111.831933794166417, 44.737765795845242 ], [ -111.831924195591995, 44.734157597765979 ], [ -111.836999937821915, 44.734161289049716 ], [ -111.842075706388115, 44.734164756132778 ], [ -111.842084997591712, 44.737769976429277 ], [ -111.837009396462065, 44.737767871015983 ], [ -111.831933794166417, 44.737765795845242 ] ] ] } },
{ "type": "Feature", "properties": { "CountyName": "Beaverhead", "OwnerName_Grouped": "NATURE CONSERVANCY", "OwnerName": "NATURE CONSERVANCY THE", "OwnerAddre": "32 SOUTH EWING", "OwnerAdd_1": null, "OwnerAdd_2": null, "OwnerCity": "HELENA", "OwnerState": "MT", "PropType": "Vacant Land", "TotalAcres": 240.0, "BlockID": "8-013", "BlockAcres": 1283.94, "BlockParcelCount": 6 }, "geometry": { "type": "Polygon", "coordinates": [ [ [ -112.106759134206413, 44.692633286179024 ], [ -112.106751655082149, 44.688993657027616 ], [ -112.106744150125749, 44.685354055142206 ], [ -112.106736642157571, 44.681714428683541 ], [ -112.111814331797092, 44.681720009823543 ], [ -112.116892048677997, 44.681725620147894 ], [ -112.116894883432437, 44.685364553918411 ], [ -112.116897748468119, 44.689003459604827 ], [ -112.116900582729173, 44.692641949760052 ], [ -112.111829874210173, 44.692637729264483 ], [ -112.106759134206413, 44.692633286179024 ] ] ] } },
{ "type": "Feature", "properties": { "CountyName": "Beaverhead", "OwnerName_Grouped": "NATURE CONSERVANCY", "OwnerName": "NATURE CONSERVANCY THE", "OwnerAddre": "32 SOUTH EWING", "OwnerAdd_1": null, "OwnerAdd_2": null, "OwnerCity": "HELENA", "OwnerState": "MT", "PropType": "Vacant Land", "TotalAcres": 166.37, "BlockID": "8-013", "BlockAcres": 1283.94, "BlockParcelCount": 6 }, "geometry": { "type": "Polygon", "coordinates": [ [ [ -112.096558841620208, 44.692460211378773 ], [ -112.097185316382252, 44.691507126898628 ], [ -112.098218987578775, 44.690692329147218 ], [ -112.098390003948097, 44.690434878919682 ], [ -112.098496677751484, 44.690107972957541 ], [ -112.09976494265014, 44.686489594672906 ], [ -112.099957024482563, 44.685933883570137 ], [ -112.100021518774483, 44.685347388881127 ], [ -112.101646377001771, 44.685349030913869 ], [ -112.101639981332852, 44.681707789581878 ], [ -112.106736642157571, 44.681714428683541 ], [ -112.106744150125749, 44.685354055142206 ], [ -112.106751655082149, 44.688993657027616 ], [ -112.106759134206413, 44.692633286179024 ], [ -112.101659173006752, 44.69263109295045 ], [ -112.096559183820204, 44.692628676128329 ], [ -112.096558841620208, 44.692460211378773 ] ] ] } },
{ "type": "Feature", "properties": { "CountyName": "Beaverhead", "OwnerName_Grouped": "NATURE CONSERVANCY", "OwnerName": "NATURE CONSERVANCY", "OwnerAddre": "32 S EWING ST STE 215", "OwnerAdd_1": null, "OwnerAdd_2": null, "OwnerCity": "HELENA", "OwnerState": "MT", "PropType": "Vacant Land", "TotalAcres": 79.76, "BlockID": "8-015", "BlockAcres": 1139.35, "BlockParcelCount": 6 }, "geometry": { "type": "Polygon", "coordinates": [ [ [ -111.85223097942891, 44.737784015671217 ], [ -111.84715799048837, 44.737776995170456 ], [ -111.842084997591712, 44.737769976429277 ], [ -111.842075706388115, 44.734164756132778 ], [ -111.847149258583727, 44.7341687517278 ], [ -111.85222280453165, 44.734172497917321 ], [ -111.85223097942891, 44.737784015671217 ] ] ] } },
{ "type": "Feature", "properties": { "CountyName": "Phillips", "OwnerName_Grouped": "NATURE CONSERVANCY", "OwnerName": "THE NATURE CONSERVANCY", "OwnerAddre": "32 S EWING ST", "OwnerAdd_1": null, "OwnerAdd_2": null, "OwnerCity": "HELENA", "OwnerState": "MT", "PropType": "Vacant Land", "TotalAcres": 40.0, "BlockID": "8-002", "BlockAcres": 30120.1, "BlockParcelCount": 77 }, "geometry": { "type": "Polygon", "coordinates": [ [ [ -108.195370247408107, 47.942668039002427 ], [ -108.195367181355465, 47.946283665822179 ], [ -108.189974156142668, 47.946265833727935 ], [ -108.189976111649443, 47.94265067994089 ], [ -108.195370247408107, 47.942668039002427 ] ] ] } },
{ "type": "Feature", "properties": { "CountyName": "Phillips", "OwnerName_Grouped": "NATURE CONSERVANCY", "OwnerName": "THE NATURE CONSERVANCY", "OwnerAddre": "32 S EWING ST", "OwnerAdd_1": null, "OwnerAdd_2": null, "OwnerCity": "HELENA", "OwnerState": "MT", "PropType": "Vacant Land", "TotalAcres": 640.0, "BlockID": "8-010", "BlockAcres": 2706.66, "BlockParcelCount": 8 }, "geometry": { "type": "Polygon", "coordinates": [ [ [ -107.972292710597159, 48.978396641148862 ], [ -107.97229561721403, 48.974780149857743 ], [ -107.972298494911939, 48.971163688447646 ], [ -107.977806086431144, 48.971169092061473 ], [ -107.983313672412748, 48.971174467277159 ], [ -107.988821262166169, 48.971179869975842 ], [ -107.994328851000148, 48.971185274914262 ], [ -107.99432841902842, 48.9748036475535 ], [ -107.994327985814522, 48.978422050413897 ], [ -107.994327550333139, 48.98204042500749 ], [ -107.994327120543957, 48.985658826282396 ], [ -107.9888170547638, 48.985651510880928 ], [ -107.983307022676101, 48.985644196198642 ], [ -107.977796987397397, 48.985636880869286 ], [ -107.972286927044735, 48.985629564611678 ], [ -107.972289828718417, 48.982013103635374 ], [ -107.972292710597159, 48.978396641148862 ] ] ] } },
{ "type": "Feature", "properties": { "CountyName": "Phillips", "OwnerName_Grouped": "NATURE CONSERVANCY", "OwnerName": "THE NATURE CONSERVANCY", "OwnerAddre": "32 S EWING ST", "OwnerAdd_1": null, "OwnerAdd_2": null, "OwnerCity": "HELENA", "OwnerState": "MT", "PropType": "Vacant Land", "TotalAcres": 640.0, "BlockID": "8-002", "BlockAcres": 30120.1, "BlockParcelCount": 77 }, "geometry": { "type": "Polygon", "coordinates": [ [ [ -108.200784691563356, 47.910122839788791 ], [ -108.200786640507999, 47.906504992424232 ], [ -108.200788593759995, 47.902887170734175 ], [ -108.20079054255244, 47.899269350337292 ], [ -108.206178751188233, 47.899270127238097 ], [ -108.211566958551998, 47.899270931142624 ], [ -108.216955163316783, 47.899271708039983 ], [ -108.222343371556462, 47.899272484095057 ], [ -108.222341950884626, 47.902890834222433 ], [ -108.22234050251366, 47.906509208784485 ], [ -108.222339055805776, 47.910127555892664 ], [ -108.222337635424353, 47.913745907300445 ], [ -108.216948897404393, 47.913744603270196 ], [ -108.211560187739494, 47.913743270793333 ], [ -108.206171478276957, 47.913741965356948 ], [ -108.200782768288491, 47.913740660855289 ], [ -108.200784691563356, 47.910122839788791 ] ] ] } },
{ "type": "Feature", "properties": { "CountyName": "Phillips", "OwnerName_Grouped": "NATURE CONSERVANCY", "OwnerName": "THE NATURE CONSERVANCY", "OwnerAddre": "32 S EWING ST", "OwnerAdd_1": null, "OwnerAdd_2": null, "OwnerCity": "HELENA", "OwnerState": "MT", "PropType": "Vacant Land", "TotalAcres": 640.0, "BlockID": "8-002", "BlockAcres": 30120.1, "BlockParcelCount": 77 }, "geometry": { "type": "Polygon", "coordinates": [ [ [ -108.222343371556462, 47.899272484095057 ], [ -108.227728354712994, 47.899273288833385 ], [ -108.233113340019656, 47.899274094811851 ], [ -108.238498321547269, 47.899274927163859 ], [ -108.2438833086442, 47.899275731994571 ], [ -108.243882448969259, 47.90289355127549 ], [ -108.24388158764495, 47.906511372779654 ], [ -108.243880726116444, 47.910129192008405 ], [ -108.243879895078152, 47.91374701287782 ], [ -108.238494321685792, 47.913746734993204 ], [ -108.233108750365631, 47.91374645926237 ], [ -108.227723179818483, 47.91374618297192 ], [ -108.222337635424353, 47.913745907300445 ], [ -108.222339055805776, 47.910127555892664 ], [ -108.22234050251366, 47.906509208784485 ], [ -108.222341950884626, 47.902890834222433 ], [ -108.222343371556462, 47.899272484095057 ] ] ] } },
{ "type": "Feature", "properties": { "CountyName": "Phillips", "OwnerName_Grouped": "NATURE CONSERVANCY", "OwnerName": "THE NATURE CONSERVANCY", "OwnerAddre": "32 S EWING ST", "OwnerAdd_1": null, "OwnerAdd_2": null, "OwnerCity": "HELENA", "OwnerState": "MT", "PropType": "Vacant Land", "TotalAcres": 320.0, "BlockID": "8-010", "BlockAcres": 2706.66, "BlockParcelCount": 8 }, "geometry": { "type": "Polygon", "coordinates": [ [ [ -108.016297900047164, 48.989284807963422 ], [ -108.021801550738857, 48.989290704376018 ], [ -108.027305232019017, 48.989296323266544 ], [ -108.032808106971927, 48.989301969991203 ], [ -108.038311008331007, 48.989307340111544 ], [ -108.038312354454888, 48.992921902592364 ], [ -108.038315368394379, 48.996537799123153 ], [ -108.032812102894056, 48.996532457628312 ], [ -108.027308701699084, 48.99652686810542 ], [ -108.021804548628239, 48.996521166780482 ], [ -108.016300309979698, 48.996515188277499 ], [ -108.016298493962893, 48.99289931662701 ], [ -108.016297900047164, 48.989284807963422 ] ] ] } },
{ "type": "Feature", "properties": { "CountyName": "Phillips", "OwnerName_Grouped": "NATURE CONSERVANCY", "OwnerName": "THE NATURE CONSERVANCY", "OwnerAddre": "32 S EWING ST", "OwnerAdd_1": null, "OwnerAdd_2": null, "OwnerCity": "HELENA", "OwnerState": "MT", "PropType": "Vacant Land", "TotalAcres": 640.0, "BlockID": "8-002", "BlockAcres": 30120.1, "BlockParcelCount": 77 }, "geometry": { "type": "Polygon", "coordinates": [ [ [ -108.308367306764453, 47.913719641124473 ], [ -108.313749555308988, 47.913721995408054 ], [ -108.319131821742431, 47.913725711166911 ], [ -108.324514054551273, 47.913731616690342 ], [ -108.329896284486566, 47.913740046150664 ], [ -108.329889649926912, 47.91735617788121 ], [ -108.329883300850696, 47.920972308374893 ], [ -108.329878110644259, 47.924588480583353 ], [ -108.329873594451357, 47.928204651825112 ], [ -108.324483364381024, 47.928196543413094 ], [ -108.319093155563706, 47.928190357359647 ], [ -108.313702955419956, 47.928186565095885 ], [ -108.308312761563926, 47.92818476524841 ], [ -108.308326412639701, 47.924568496840244 ], [ -108.308340034119311, 47.920952205106722 ], [ -108.308353685197204, 47.917335936563127 ], [ -108.308367306764453, 47.913719641124473 ] ] ] } },
{ "type": "Feature", "properties": { "CountyName": "Phillips", "OwnerName_Grouped": "NATURE CONSERVANCY", "OwnerName": "THE NATURE CONSERVANCY", "OwnerAddre": "32 S EWING ST", "OwnerAdd_1": null, "OwnerAdd_2": null, "OwnerCity": "HELENA", "OwnerState": "MT", "PropType": "Improved Property", "TotalAcres": 640.0, "BlockID": "8-002", "BlockAcres": 30120.1, "BlockParcelCount": 77 }, "geometry": { "type": "Polygon", "coordinates": [ [ [ -108.345976430364615, 47.913755131101979 ], [ -108.351336485466447, 47.913762200107946 ], [ -108.351328178603609, 47.917381226566768 ], [ -108.35132051663615, 47.921000274169643 ], [ -108.351315813349103, 47.924619338712766 ], [ -108.351313339541875, 47.928238423786581 ], [ -108.345953311357277, 47.928228914566823 ], [ -108.340593376859346, 47.928219249728173 ], [ -108.335233485196184, 47.928211123288577 ], [ -108.329873594451357, 47.928204651825112 ], [ -108.329878110644259, 47.924588480583353 ], [ -108.329883300850696, 47.920972308374893 ], [ -108.329889649926912, 47.91735617788121 ], [ -108.329896284486566, 47.913740046150664 ], [ -108.335256350596751, 47.91374307207839 ], [ -108.340616407725449, 47.913748353055006 ], [ -108.345976430364615, 47.913755131101979 ] ] ] } },
{ "type": "Feature", "properties": { "CountyName": "Phillips", "OwnerName_Grouped": "NATURE CONSERVANCY", "OwnerName": "THE NATURE CONSERVANCY", "OwnerAddre": "32 S EWING ST", "OwnerAdd_1": null, "OwnerAdd_2": null, "OwnerCity": "HELENA", "OwnerState": "MT", "PropType": "Vacant Land", "TotalAcres": 253.51, "BlockID": "8-002", "BlockAcres": 30120.1, "BlockParcelCount": 77 }, "geometry": { "type": "Polygon", "coordinates": [ [ [ -108.351315813349103, 47.924619338712766 ], [ -108.35132051663615, 47.921000274169643 ], [ -108.351328178603609, 47.917381226566768 ], [ -108.351336485466447, 47.913762200107946 ], [ -108.356718925460058, 47.913754184102906 ], [ -108.361051859771521, 47.913746948607759 ], [ -108.360815268867384, 47.915184096583779 ], [ -108.360430320693297, 47.91738368160469 ], [ -108.360216397402993, 47.918665044854521 ], [ -108.360196539712391, 47.918787011208508 ], [ -108.359829840467938, 47.921003275648971 ], [ -108.359607563964133, 47.922409875103725 ], [ -108.359243319217839, 47.924622696659078 ], [ -108.359051605789489, 47.925847053347255 ], [ -108.359022497451193, 47.926024620562302 ], [ -108.358771609391596, 47.927535891413527 ], [ -108.358656951459011, 47.9282289635617 ], [ -108.356693629527584, 47.928230357955641 ], [ -108.351313339541875, 47.928238423786581 ], [ -108.351315813349103, 47.924619338712766 ] ], [ [ -108.354625243627794, 47.923718075644366 ], [ -108.354437089005032, 47.923664013826141 ], [ -108.354357505362159, 47.92379032691256 ], [ -108.354545667566143, 47.923844118957213 ], [ -108.354625243627794, 47.923718075644366 ] ] ] } },
{ "type": "Feature", "properties": { "CountyName": "Phillips", "OwnerName_Grouped": "NATURE CONSERVANCY", "OwnerName": "THE NATURE CONSERVANCY", "OwnerAddre": "32 S EWING ST", "OwnerAdd_1": null, "OwnerAdd_2": null, "OwnerCity": "HELENA", "OwnerState": "MT", "PropType": "Vacant Land", "TotalAcres": 320.0, "BlockID": "8-002", "BlockAcres": 30120.1, "BlockParcelCount": 77 }, "geometry": { "type": "Polygon", "coordinates": [ [ [ -108.200760178770437, 47.946301219290014 ], [ -108.200764409360545, 47.94268542409278 ], [ -108.206152374589308, 47.9426863948202 ], [ -108.211540370086425, 47.942687364329608 ], [ -108.216928366375214, 47.942688334091898 ], [ -108.222316362164051, 47.942689303192616 ], [ -108.222313052245696, 47.946306986307377 ], [ -108.222309745780422, 47.949924667930041 ], [ -108.222308102527819, 47.953542515620477 ], [ -108.216919020862377, 47.953538797167475 ], [ -108.211530189878204, 47.953534854895473 ], [ -108.21153358258907, 47.949921339012299 ], [ -108.211536976626036, 47.946304352437878 ], [ -108.206148591631461, 47.946302909195758 ], [ -108.200760178770437, 47.946301219290014 ] ] ] } },
{ "type": "Feature", "properties": { "CountyName": "Phillips", "OwnerName_Grouped": "NATURE CONSERVANCY", "OwnerName": "THE NATURE CONSERVANCY", "OwnerAddre": "32 S EWING ST", "OwnerAdd_1": null, "OwnerAdd_2": null, "OwnerCity": "HELENA", "OwnerState": "MT", "PropType": "Vacant Land", "TotalAcres": 40.0, "BlockID": "8-002", "BlockAcres": 30120.1, "BlockParcelCount": 77 }, "geometry": { "type": "Polygon", "coordinates": [ [ [ -108.243877484773435, 47.949938907595822 ], [ -108.249266482639754, 47.949939264723575 ], [ -108.249252703441783, 47.953558115258261 ], [ -108.243864263444081, 47.953558256138912 ], [ -108.243877484773435, 47.949938907595822 ] ] ] } },
{ "type": "Feature", "properties": { "CountyName": "Phillips", "OwnerName_Grouped": "NATURE CONSERVANCY", "OwnerName": "THE NATURE CONSERVANCY", "OwnerAddre": "32 S EWING ST", "OwnerAdd_1": null, "OwnerAdd_2": null, "OwnerCity": "HELENA", "OwnerState": "MT", "PropType": "Vacant Land", "TotalAcres": 240.0, "BlockID": "8-002", "BlockAcres": 30120.1, "BlockParcelCount": 77 }, "geometry": { "type": "Polygon", "coordinates": [ [ [ -108.308263519279706, 47.94263271717309 ], [ -108.313659784408472, 47.942632369329004 ], [ -108.319056025899684, 47.942635446633261 ], [ -108.319053937704268, 47.9462490162962 ], [ -108.319051577395868, 47.949862515992216 ], [ -108.319049246202738, 47.953477085324174 ], [ -108.313650101597602, 47.953474489810603 ], [ -108.308250737919451, 47.953477377974323 ], [ -108.308253245536548, 47.949861333582518 ], [ -108.308258398596038, 47.946247038900111 ], [ -108.308263519279706, 47.94263271717309 ] ] ] } },
{ "type": "Feature", "properties": { "CountyName": "Phillips", "OwnerName_Grouped": "NATURE CONSERVANCY", "OwnerName": "THE NATURE CONSERVANCY", "OwnerAddre": "32 S EWING ST", "OwnerAdd_1": null, "OwnerAdd_2": null, "OwnerCity": "HELENA", "OwnerState": "MT", "PropType": "Vacant Land", "TotalAcres": 320.0, "BlockID": "8-010", "BlockAcres": 2706.66, "BlockParcelCount": 8 }, "geometry": { "type": "Polygon", "coordinates": [ [ [ -107.983319518946075, 48.9567068213005 ], [ -107.988824469946294, 48.956710731311318 ], [ -107.994329419261604, 48.95671461225011 ], [ -107.994329264320982, 48.960332290777956 ], [ -107.994329134409057, 48.963949943261284 ], [ -107.994329008312945, 48.967567594599764 ], [ -107.994328851000148, 48.971185274914262 ], [ -107.988821262166169, 48.971179869975842 ], [ -107.983313672412748, 48.971174467277159 ], [ -107.983315135617602, 48.967557841573772 ], [ -107.983316595076261, 48.963941186741486 ], [ -107.983318058637664, 48.960324003728921 ], [ -107.983319518946075, 48.9567068213005 ] ] ] } },
{ "type": "Feature", "properties": { "CountyName": "Phillips", "OwnerName_Grouped": "NATURE CONSERVANCY", "OwnerName": "THE NATURE CONSERVANCY", "OwnerAddre": "32 S EWING ST", "OwnerAdd_1": null, "OwnerAdd_2": null, "OwnerCity": "HELENA", "OwnerState": "MT", "PropType": "Improved Property", "TotalAcres": 320.0, "BlockID": "8-010", "BlockAcres": 2706.66, "BlockParcelCount": 8 }, "geometry": { "type": "Polygon", "coordinates": [ [ [ -108.016305979675721, 48.971200619596601 ], [ -108.010811687015163, 48.971196776267867 ], [ -108.005317396044447, 48.971192932847018 ], [ -107.999823134703405, 48.971189067202225 ], [ -107.994328851000148, 48.971185274914262 ], [ -107.994329008312945, 48.967567594599764 ], [ -107.994329134409057, 48.963949943261284 ], [ -107.999824918462011, 48.96395501707407 ], [ -108.005320680393083, 48.963959882559998 ], [ -108.010816467626583, 48.963964504340957 ], [ -108.016312260560952, 48.963968849791598 ], [ -108.016309104376077, 48.967584748585054 ], [ -108.016305979675721, 48.971200619596601 ] ] ] } },
{ "type": "Feature", "properties": { "CountyName": "Phillips", "OwnerName_Grouped": "NATURE CONSERVANCY", "OwnerName": "THE NATURE CONSERVANCY", "OwnerAddre": "32 S EWING ST", "OwnerAdd_1": null, "OwnerAdd_2": null, "OwnerCity": "HELENA", "OwnerState": "MT", "PropType": "Vacant Land", "TotalAcres": 502.78, "BlockID": "8-002", "BlockAcres": 30120.1, "BlockParcelCount": 77 }, "geometry": { "type": "Polygon", "coordinates": [ [ [ -108.222309745780422, 47.949924667930041 ], [ -108.222313052245696, 47.946306986307377 ], [ -108.222316362164051, 47.942689303192616 ], [ -108.227712858194877, 47.942691498309024 ], [ -108.233109353425505, 47.942693661374008 ], [ -108.238505849773503, 47.942695824805092 ], [ -108.243902345882432, 47.942697990387103 ], [ -108.243889901517448, 47.94631844915623 ], [ -108.243877484773435, 47.949938907595822 ], [ -108.243864263444081, 47.953558256138912 ], [ -108.24384748151013, 47.958231266267767 ], [ -108.240761623592093, 47.958214670345406 ], [ -108.240168848611845, 47.958211473395963 ], [ -108.238461925290935, 47.958203742095499 ], [ -108.234777988484936, 47.958187056784709 ], [ -108.233076371578974, 47.95817932671104 ], [ -108.233086209813052, 47.953551789196283 ], [ -108.233093933591974, 47.949932302106475 ], [ -108.227701824542208, 47.949928610444459 ], [ -108.222309745780422, 47.949924667930041 ] ] ] } },
{ "type": "Feature", "properties": { "CountyName": "Phillips", "OwnerName_Grouped": "NATURE CONSERVANCY", "OwnerName": "THE NATURE CONSERVANCY", "OwnerAddre": "32 S EWING ST", "OwnerAdd_1": null, "OwnerAdd_2": null, "OwnerCity": "HELENA", "OwnerState": "MT", "PropType": "Vacant Land", "TotalAcres": 694.2, "BlockID": "8-002", "BlockAcres": 30120.1, "BlockParcelCount": 77 }, "geometry": { "type": "Polygon", "coordinates": [ [ [ -108.287001526937431, 47.942716487117742 ], [ -108.292374904189629, 47.942694905276305 ], [ -108.29774828139071, 47.942673352968498 ], [ -108.303126797337981, 47.942652548884794 ], [ -108.308263519279706, 47.94263271717309 ], [ -108.308258398596038, 47.946247038900111 ], [ -108.308253245536548, 47.949861333582518 ], [ -108.308250737919451, 47.953477377974323 ], [ -108.308248197628842, 47.957093424076831 ], [ -108.308247781480887, 47.958603528246819 ], [ -108.304949822439255, 47.95860079325773 ], [ -108.303096868838608, 47.958589276424348 ], [ -108.299641481542764, 47.958567319936485 ], [ -108.29771044153938, 47.95855532844466 ], [ -108.294241579197063, 47.958533287131146 ], [ -108.292323985356916, 47.958520826219718 ], [ -108.288839148775651, 47.958498202226686 ], [ -108.286937498569031, 47.958485850716293 ], [ -108.286957590823576, 47.953582533087371 ], [ -108.286972621398888, 47.949961934056304 ], [ -108.286987074866872, 47.946339197412321 ], [ -108.287001526937431, 47.942716487117742 ] ] ] } },
{ "type": "Feature", "properties": { "CountyName": "Phillips", "OwnerName_Grouped": "NATURE CONSERVANCY", "OwnerName": "THE NATURE CONSERVANCY", "OwnerAddre": "32 S EWING ST", "OwnerAdd_1": null, "OwnerAdd_2": null, "OwnerCity": "HELENA", "OwnerState": "MT", "PropType": "Vacant Land", "TotalAcres": 113.08, "BlockID": "8-002", "BlockAcres": 30120.1, "BlockParcelCount": 77 }, "geometry": { "type": "Polygon", "coordinates": [ [ [ -108.308250737919451, 47.953477377974323 ], [ -108.313650101597602, 47.953474489810603 ], [ -108.319049246202738, 47.953477085324174 ], [ -108.319047153458911, 47.957091575430532 ], [ -108.319047411299309, 47.958571797025705 ], [ -108.315762050037961, 47.958578706696514 ], [ -108.313647964966023, 47.958583338277023 ], [ -108.310355749393494, 47.958596736406506 ], [ -108.308247781480887, 47.958603528246819 ], [ -108.308248197628842, 47.957093424076831 ], [ -108.308250737919451, 47.953477377974323 ] ] ] } },
{ "type": "Feature", "properties": { "CountyName": "Phillips", "OwnerName_Grouped": "NATURE CONSERVANCY", "OwnerName": "THE NATURE CONSERVANCY", "OwnerAddre": "32 S EWING ST", "OwnerAdd_1": null, "OwnerAdd_2": null, "OwnerCity": "HELENA", "OwnerState": "MT", "PropType": "Vacant Land", "TotalAcres": 543.52, "BlockID": "8-002", "BlockAcres": 30120.1, "BlockParcelCount": 77 }, "geometry": { "type": "Polygon", "coordinates": [ [ [ -108.329844118708749, 47.949876736984024 ], [ -108.335217839449271, 47.949884501969116 ], [ -108.340591537985219, 47.949894556732559 ], [ -108.340590770397981, 47.946281116882794 ], [ -108.340588697623943, 47.942667585138416 ], [ -108.34595871965405, 47.942679931588515 ], [ -108.351328700203865, 47.942690977358971 ], [ -108.351328461486659, 47.946304468897281 ], [ -108.351325981032787, 47.949917863936243 ], [ -108.351326651860646, 47.953533298839815 ], [ -108.351329745515628, 47.957148517584528 ], [ -108.351333015054735, 47.958568299944282 ], [ -108.348214308434507, 47.958573268775162 ], [ -108.345965013092268, 47.958565041661679 ], [ -108.342804643521717, 47.958560106331099 ], [ -108.340595817535558, 47.958557976137861 ], [ -108.337395865025286, 47.958555265072754 ], [ -108.335220671479149, 47.958555301355744 ], [ -108.331987532315651, 47.958556449617973 ], [ -108.329845891944288, 47.958557489350511 ], [ -108.32984527546671, 47.957105933228526 ], [ -108.329844059976566, 47.953491372233962 ], [ -108.329844118708749, 47.949876736984024 ] ] ] } },
{ "type": "Feature", "properties": { "CountyName": "Phillips", "OwnerName_Grouped": "NATURE CONSERVANCY", "OwnerName": "THE NATURE CONSERVANCY", "OwnerAddre": "32 S EWING ST", "OwnerAdd_1": null, "OwnerAdd_2": null, "OwnerCity": "HELENA", "OwnerState": "MT", "PropType": "Vacant Land", "TotalAcres": 120.38, "BlockID": "8-002", "BlockAcres": 30120.1, "BlockParcelCount": 77 }, "geometry": { "type": "Polygon", "coordinates": [ [ [ -108.351328700203865, 47.942690977358971 ], [ -108.356296308345108, 47.942684887150463 ], [ -108.356078106074037, 47.94409961035641 ], [ -108.355716796783028, 47.946308242580656 ], [ -108.355553908399017, 47.947367823413046 ], [ -108.355497028670527, 47.947719524088008 ], [ -108.355125678712639, 47.949921811076642 ], [ -108.354902277599706, 47.951339429442442 ], [ -108.354529031559139, 47.953537696317845 ], [ -108.354370976641349, 47.954524024111464 ], [ -108.354300146265302, 47.954957483905851 ], [ -108.353927370889181, 47.95715382273729 ], [ -108.35369289012678, 47.958574818205641 ], [ -108.351333015054735, 47.958568299944282 ], [ -108.351329745515628, 47.957148517584528 ], [ -108.351326651860646, 47.953533298839815 ], [ -108.351325981032787, 47.949917863936243 ], [ -108.351328461486659, 47.946304468897281 ], [ -108.351328700203865, 47.942690977358971 ] ] ] } },
{ "type": "Feature", "properties": { "CountyName": "Phillips", "OwnerName_Grouped": "NATURE CONSERVANCY", "OwnerName": "THE NATURE CONSERVANCY", "OwnerAddre": "32 S EWING ST", "OwnerAdd_1": null, "OwnerAdd_2": null, "OwnerCity": "HELENA", "OwnerState": "MT", "PropType": "Vacant Land", "TotalAcres": 640.0, "BlockID": "8-002", "BlockAcres": 30120.1, "BlockParcelCount": 77 }, "geometry": { "type": "Polygon", "coordinates": [ [ [ -108.261754650295558, 48.016434532827816 ], [ -108.267153214940947, 48.016455392582735 ], [ -108.27255154071959, 48.016476075720668 ], [ -108.277949676082287, 48.016496516191928 ], [ -108.283347554377343, 48.016516578348146 ], [ -108.283348881996858, 48.020145866871673 ], [ -108.283358357663928, 48.02377514304397 ], [ -108.283378103075833, 48.027404446036577 ], [ -108.283407787384036, 48.031033729166488 ], [ -108.278008533346764, 48.031025876916068 ], [ -108.272609837642548, 48.031017720583918 ], [ -108.267205466450164, 48.031011353217409 ], [ -108.261801516563494, 48.031004790581306 ], [ -108.261782093418844, 48.027362215742869 ], [ -108.261765762856584, 48.023719665422917 ], [ -108.261756754356682, 48.020077099917813 ], [ -108.261754650295558, 48.016434532827816 ] ] ] } },
{ "type": "Feature", "properties": { "CountyName": "Phillips", "OwnerName_Grouped": "NATURE CONSERVANCY", "OwnerName": "THE NATURE CONSERVANCY", "OwnerAddre": "32 S EWING ST", "OwnerAdd_1": null, "OwnerAdd_2": null, "OwnerCity": "HELENA", "OwnerState": "MT", "PropType": "Vacant Land", "TotalAcres": 387.8, "BlockID": "8-002", "BlockAcres": 30120.1, "BlockParcelCount": 77 }, "geometry": { "type": "Polygon", "coordinates": [ [ [ -108.283358357663928, 48.02377514304397 ], [ -108.288747084472206, 48.023788219372108 ], [ -108.29413565041537, 48.023799404847324 ], [ -108.299525199850819, 48.02380667306651 ], [ -108.299516097925348, 48.020187020658867 ], [ -108.299516184603917, 48.016567362807407 ], [ -108.304541673993626, 48.016586576710615 ], [ -108.304518177694348, 48.02019520094651 ], [ -108.304503787362293, 48.023803890556707 ], [ -108.304503337469896, 48.027412563631117 ], [ -108.304538210549552, 48.031021157387947 ], [ -108.299597125974088, 48.031051954337968 ], [ -108.294198468675546, 48.031058297207565 ], [ -108.288802749336313, 48.031047408121765 ], [ -108.283407787384036, 48.031033729166488 ], [ -108.283378103075833, 48.027404446036577 ], [ -108.283358357663928, 48.02377514304397 ] ] ] } },
{ "type": "Feature", "properties": { "CountyName": "Phillips", "OwnerName_Grouped": "NATURE CONSERVANCY", "OwnerName": "THE NATURE CONSERVANCY", "OwnerAddre": "32 S EWING ST", "OwnerAdd_1": null, "OwnerAdd_2": null, "OwnerCity": "HELENA", "OwnerState": "MT", "PropType": "Vacant Land", "TotalAcres": 640.0, "BlockID": "8-002", "BlockAcres": 30120.1, "BlockParcelCount": 77 }, "geometry": { "type": "Polygon", "coordinates": [ [ [ -108.304541673993626, 48.016586576710615 ], [ -108.310183125519259, 48.016568594786165 ], [ -108.315611275175783, 48.016552787206578 ], [ -108.321038804589335, 48.016537623568972 ], [ -108.326465632574596, 48.016525127837987 ], [ -108.326468365297814, 48.020157458131266 ], [ -108.326438382421273, 48.023789748340015 ], [ -108.32638756963658, 48.027421931693262 ], [ -108.326315748107007, 48.031053893013066 ], [ -108.320873217675796, 48.031057398920211 ], [ -108.315429701140076, 48.031059372366755 ], [ -108.309984802856121, 48.031053905185118 ], [ -108.304538210549552, 48.031021157387947 ], [ -108.304503337469896, 48.027412563631117 ], [ -108.304503787362293, 48.023803890556707 ], [ -108.304518177694348, 48.02019520094651 ], [ -108.304541673993626, 48.016586576710615 ] ] ] } },
{ "type": "Feature", "properties": { "CountyName": "Phillips", "OwnerName_Grouped": "NATURE CONSERVANCY", "OwnerName": "THE NATURE CONSERVANCY", "OwnerAddre": "32 S EWING ST", "OwnerAdd_1": null, "OwnerAdd_2": null, "OwnerCity": "HELENA", "OwnerState": "MT", "PropType": "Vacant Land", "TotalAcres": 480.44, "BlockID": "8-002", "BlockAcres": 30120.1, "BlockParcelCount": 77 }, "geometry": { "type": "Polygon", "coordinates": [ [ [ -108.326465632574596, 48.016525127837987 ], [ -108.331876275211258, 48.016535412803066 ], [ -108.33728636823632, 48.016548923076691 ], [ -108.342693600837634, 48.01656107261315 ], [ -108.343932067533359, 48.01656413963228 ], [ -108.343513705891851, 48.018993576427448 ], [ -108.343324142076128, 48.020045263755435 ], [ -108.343298589851969, 48.020186702661178 ], [ -108.342689674520287, 48.023665772020735 ], [ -108.342663684673724, 48.02381382740046 ], [ -108.342273686410564, 48.026145275295036 ], [ -108.34206090055585, 48.027280584021199 ], [ -108.34203183788776, 48.027439773996946 ], [ -108.341435194649748, 48.030907589041377 ], [ -108.341406572601699, 48.031063716280727 ], [ -108.337186613230429, 48.031050279291492 ], [ -108.331751290501046, 48.031050751029603 ], [ -108.326315748107007, 48.031053893013066 ], [ -108.32638756963658, 48.027421931693262 ], [ -108.326438382421273, 48.023789748340015 ], [ -108.326468365297814, 48.020157458131266 ], [ -108.326465632574596, 48.016525127837987 ] ] ] } },
{ "type": "Feature", "properties": { "CountyName": "Phillips", "OwnerName_Grouped": "NATURE CONSERVANCY", "OwnerName": "THE NATURE CONSERVANCY", "OwnerAddre": "32 S EWING ST", "OwnerAdd_1": null, "OwnerAdd_2": null, "OwnerCity": "HELENA", "OwnerState": "MT", "PropType": "Vacant Land", "TotalAcres": 240.0, "BlockID": "8-002", "BlockAcres": 30120.1, "BlockParcelCount": 77 }, "geometry": { "type": "Polygon", "coordinates": [ [ [ -108.261842627584102, 47.998275021794925 ], [ -108.261816531734524, 47.994643946066169 ], [ -108.26179755856441, 47.991012838819501 ], [ -108.267192674579363, 47.991050069582897 ], [ -108.267214380598773, 47.994680348624605 ], [ -108.272612065604591, 47.994716431299459 ], [ -108.278009580288881, 47.994752122956392 ], [ -108.278048311674453, 47.998380086627115 ], [ -108.283449989215086, 47.998414336066425 ], [ -108.2835069231391, 48.002041232855461 ], [ -108.278095523456201, 48.002007834882917 ], [ -108.272685121627106, 48.001974068640074 ], [ -108.272646453451742, 47.99834530172415 ], [ -108.26724454607411, 47.998310324675714 ], [ -108.261842627584102, 47.998275021794925 ] ] ] } },
{ "type": "Feature", "properties": { "CountyName": "Phillips", "OwnerName_Grouped": "NATURE CONSERVANCY", "OwnerName": "THE NATURE CONSERVANCY", "OwnerAddre": "32 S EWING ST", "OwnerAdd_1": null, "OwnerAdd_2": null, "OwnerCity": "HELENA", "OwnerState": "MT", "PropType": "Vacant Land", "TotalAcres": 393.76, "BlockID": "8-002", "BlockAcres": 30120.1, "BlockParcelCount": 77 }, "geometry": { "type": "Polygon", "coordinates": [ [ [ -108.283449989215086, 47.998414336066425 ], [ -108.283406843216824, 47.994787288688983 ], [ -108.288798677658349, 47.994799770116913 ], [ -108.294190172623686, 47.994814112696275 ], [ -108.299580122626494, 47.994836399848396 ], [ -108.299543444372546, 47.991210910602206 ], [ -108.29951656945353, 47.987585032688074 ], [ -108.30474681494546, 47.987613706325448 ], [ -108.304747959553623, 47.9912454537778 ], [ -108.304759179886531, 47.994877823703604 ], [ -108.304791954998819, 47.9985109903268 ], [ -108.304888451094328, 48.002145073134805 ], [ -108.299740551237278, 48.002090321949076 ], [ -108.294329283620954, 48.002072062734946 ], [ -108.288917374448886, 48.002055722732486 ], [ -108.2835069231391, 48.002041232855461 ], [ -108.283449989215086, 47.998414336066425 ] ] ] } },
{ "type": "Feature", "properties": { "CountyName": "Phillips", "OwnerName_Grouped": "NATURE CONSERVANCY", "OwnerName": "THE NATURE CONSERVANCY", "OwnerAddre": "32 S EWING ST", "OwnerAdd_1": null, "OwnerAdd_2": null, "OwnerCity": "HELENA", "OwnerState": "MT", "PropType": "Vacant Land", "TotalAcres": 40.0, "BlockID": "8-002", "BlockAcres": 30120.1, "BlockParcelCount": 77 }, "geometry": { "type": "Polygon", "coordinates": [ [ [ -108.206178751188233, 47.899270127238097 ], [ -108.20079054255244, 47.899269350337292 ], [ -108.200792355859562, 47.895650278871841 ], [ -108.206180564089095, 47.895651472878264 ], [ -108.206178751188233, 47.899270127238097 ] ] ] } },
{ "type": "Feature", "properties": { "CountyName": "Phillips", "OwnerName_Grouped": "NATURE CONSERVANCY", "OwnerName": "THE NATURE CONSERVANCY", "OwnerAddre": "32 S EWING ST", "OwnerAdd_1": null, "OwnerAdd_2": null, "OwnerCity": "HELENA", "OwnerState": "MT", "PropType": "Vacant Land", "TotalAcres": 40.0, "BlockID": "8-002", "BlockAcres": 30120.1, "BlockParcelCount": 77 }, "geometry": { "type": "Polygon", "coordinates": [ [ [ -108.222343371556462, 47.899272484095057 ], [ -108.216955163316783, 47.899271708039983 ], [ -108.216956946374864, 47.895653387153281 ], [ -108.222345150471909, 47.895654080757154 ], [ -108.222343371556462, 47.899272484095057 ] ] ] } },
{ "type": "Feature", "properties": { "CountyName": "Phillips", "OwnerName_Grouped": "NATURE CONSERVANCY", "OwnerName": "THE NATURE CONSERVANCY", "OwnerAddre": "32 S EWING ST", "OwnerAdd_1": null, "OwnerAdd_2": null, "OwnerCity": "HELENA", "OwnerState": "MT", "PropType": "Vacant Land", "TotalAcres": 200.0, "BlockID": "8-002", "BlockAcres": 30120.1, "BlockParcelCount": 77 }, "geometry": { "type": "Polygon", "coordinates": [ [ [ -108.222345150471909, 47.895654080757154 ], [ -108.227730049407711, 47.895655135125907 ], [ -108.227731775156201, 47.892036843638365 ], [ -108.233116620197308, 47.89203776039254 ], [ -108.233114979325052, 47.895655939957493 ], [ -108.238499905396793, 47.895656718053935 ], [ -108.243884806920803, 47.895657272107549 ], [ -108.2438833086442, 47.899275731994571 ], [ -108.238498321547269, 47.899274927163859 ], [ -108.233113340019656, 47.899274094811851 ], [ -108.227728354712994, 47.899273288833385 ], [ -108.222343371556462, 47.899272484095057 ], [ -108.222345150471909, 47.895654080757154 ] ] ] } },
{ "type": "Feature", "properties": { "CountyName": "Phillips", "OwnerName_Grouped": "NATURE CONSERVANCY", "OwnerName": "THE NATURE CONSERVANCY", "OwnerAddre": "32 S EWING ST", "OwnerAdd_1": null, "OwnerAdd_2": null, "OwnerCity": "HELENA", "OwnerState": "MT", "PropType": "Vacant Land", "TotalAcres": 400.0, "BlockID": "8-002", "BlockAcres": 30120.1, "BlockParcelCount": 77 }, "geometry": { "type": "Polygon", "coordinates": [ [ [ -108.254660408473924, 47.884799853256986 ], [ -108.260046029521916, 47.884798795896579 ], [ -108.265431673871845, 47.884797740774992 ], [ -108.265432338719918, 47.888417337815454 ], [ -108.265432975398312, 47.892036935948845 ], [ -108.26543364344937, 47.895656563689549 ], [ -108.2654343095071, 47.899276160374093 ], [ -108.260046499608833, 47.899276077075186 ], [ -108.254658689892736, 47.899275965035955 ], [ -108.249270931430758, 47.899275870701445 ], [ -108.249271902369031, 47.895657382967215 ], [ -108.249272871638809, 47.892038784991954 ], [ -108.254659548419966, 47.892038439135959 ], [ -108.254659964505791, 47.888419145800242 ], [ -108.254660408473924, 47.884799853256986 ] ] ] } },
{ "type": "Feature", "properties": { "CountyName": "Phillips", "OwnerName_Grouped": "NATURE CONSERVANCY", "OwnerName": "THE NATURE CONSERVANCY", "OwnerAddre": "32 S EWING ST", "OwnerAdd_1": null, "OwnerAdd_2": null, "OwnerCity": "HELENA", "OwnerState": "MT", "PropType": "Vacant Land", "TotalAcres": 40.0, "BlockID": "8-026", "BlockAcres": 40.0, "BlockParcelCount": 1 }, "geometry": { "type": "Polygon", "coordinates": [ [ [ -108.09311798143024, 47.877590341302934 ], [ -108.098499571445075, 47.877588590152499 ], [ -108.098500353594829, 47.881206053997936 ], [ -108.093118206828223, 47.881207303429143 ], [ -108.09311798143024, 47.877590341302934 ] ] ] } },
{ "type": "Feature", "properties": { "CountyName": "Phillips", "OwnerName_Grouped": "NATURE CONSERVANCY", "OwnerName": "THE NATURE CONSERVANCY", "OwnerAddre": "32 S EWING ST", "OwnerAdd_1": null, "OwnerAdd_2": null, "OwnerCity": "HELENA", "OwnerState": "MT", "PropType": "Vacant Land", "TotalAcres": 306.66, "BlockID": "8-010", "BlockAcres": 2706.66, "BlockParcelCount": 8 }, "geometry": { "type": "Polygon", "coordinates": [ [ [ -107.983307022676101, 48.985644196198642 ], [ -107.9888170547638, 48.985651510880928 ], [ -107.994327120543957, 48.985658826282396 ], [ -107.994328629659307, 48.989278255405097 ], [ -107.994330168123525, 48.992897659305171 ], [ -107.994331652486437, 48.996516198698842 ], [ -107.994332883491481, 48.999526657278018 ], [ -107.988819069843416, 48.999528905206439 ], [ -107.983305284382652, 48.999530899908834 ], [ -107.983305662409435, 48.996509855340989 ], [ -107.983306126140846, 48.992889643561028 ], [ -107.983306559134974, 48.989266934288572 ], [ -107.983307022676101, 48.985644196198642 ] ] ] } },
{ "type": "Feature", "properties": { "CountyName": "Phillips", "OwnerName_Grouped": "NATURE CONSERVANCY", "OwnerName": "THE NATURE CONSERVANCY", "OwnerAddre": "32 S EWING ST", "OwnerAdd_1": null, "OwnerAdd_2": null, "OwnerCity": "HELENA", "OwnerState": "MT", "PropType": "Vacant Land", "TotalAcres": 160.0, "BlockID": "8-010", "BlockAcres": 2706.66, "BlockParcelCount": 8 }, "geometry": { "type": "Polygon", "coordinates": [ [ [ -108.016297332474068, 48.985670326227584 ], [ -108.021800399642018, 48.985675918947379 ], [ -108.02730349684505, 48.985681538161771 ], [ -108.032806566122019, 48.98568715706989 ], [ -108.0383096347948, 48.985692776910376 ], [ -108.038311008331007, 48.989307340111544 ], [ -108.032808106971927, 48.989301969991203 ], [ -108.027305232019017, 48.989296323266544 ], [ -108.021801550738857, 48.989290704376018 ], [ -108.016297900047164, 48.989284807963422 ], [ -108.016297332474068, 48.985670326227584 ] ] ] } },
{ "type": "Feature", "properties": { "CountyName": "Phillips", "OwnerName_Grouped": "NATURE CONSERVANCY", "OwnerName": "THE NATURE CONSERVANCY", "OwnerAddre": "32 S EWING ST", "OwnerAdd_1": null, "OwnerAdd_2": null, "OwnerCity": "HELENA", "OwnerState": "MT", "PropType": "Vacant Land", "TotalAcres": 40.0, "BlockID": "8-002", "BlockAcres": 30120.1, "BlockParcelCount": 77 }, "geometry": { "type": "Polygon", "coordinates": [ [ [ -108.213147605201613, 47.987125031685537 ], [ -108.218545806735179, 47.987150226052442 ], [ -108.218554905303122, 47.990784134274335 ], [ -108.213154984367762, 47.990757585567799 ], [ -108.213147605201613, 47.987125031685537 ] ] ] } },
{ "type": "Feature", "properties": { "CountyName": "Phillips", "OwnerName_Grouped": "NATURE CONSERVANCY", "OwnerName": "THE NATURE CONSERVANCY", "OwnerAddre": "32 S EWING ST", "OwnerAdd_1": null, "OwnerAdd_2": null, "OwnerCity": "HELENA", "OwnerState": "MT", "PropType": "Vacant Land", "TotalAcres": 3.17, "BlockID": "8-002", "BlockAcres": 30120.1, "BlockParcelCount": 77 }, "geometry": { "type": "Polygon", "coordinates": [ [ [ -108.348150491566301, 47.987506627103016 ], [ -108.348855770499526, 47.987474927763209 ], [ -108.348849961511561, 47.987509369812372 ], [ -108.348392214326452, 47.990348380229122 ], [ -108.348289570941134, 47.990977744051818 ], [ -108.348267409152214, 47.991112845414854 ], [ -108.348158099213606, 47.99175534424171 ], [ -108.348155881459164, 47.990972900414981 ], [ -108.348150491566301, 47.987506627103016 ] ] ] } },
{ "type": "Feature", "properties": { "CountyName": "Phillips", "OwnerName_Grouped": "NATURE CONSERVANCY", "OwnerName": "THE NATURE CONSERVANCY", "OwnerAddre": "32 S EWING ST", "OwnerAdd_1": null, "OwnerAdd_2": null, "OwnerCity": "HELENA", "OwnerState": "MT", "PropType": "Vacant Land", "TotalAcres": 320.0, "BlockID": "8-010", "BlockAcres": 2706.66, "BlockParcelCount": 8 }, "geometry": { "type": "Polygon", "coordinates": [ [ [ -107.983324893421369, 48.942239399931417 ], [ -107.988826480902887, 48.942244424393856 ], [ -107.99432803874771, 48.942249450246734 ], [ -107.994328382897876, 48.945865740169154 ], [ -107.994328728198951, 48.949482028994439 ], [ -107.994329073154745, 48.953098321185756 ], [ -107.994329419261604, 48.95671461225011 ], [ -107.988824469946294, 48.956710731311318 ], [ -107.983319518946075, 48.9567068213005 ], [ -107.98332087142181, 48.953090223649028 ], [ -107.983322222104903, 48.94947362393507 ], [ -107.983323544638566, 48.945856525363872 ], [ -107.983324893421369, 48.942239399931417 ] ] ] } },
{ "type": "Feature", "properties": { "CountyName": "Phillips", "OwnerName_Grouped": "NATURE CONSERVANCY", "OwnerName": "THE NATURE CONSERVANCY", "OwnerAddre": "32 S EWING ST", "OwnerAdd_1": null, "OwnerAdd_2": null, "OwnerCity": "HELENA", "OwnerState": "MT", "PropType": "Vacant Land", "TotalAcres": 320.0, "BlockID": "8-010", "BlockAcres": 2706.66, "BlockParcelCount": 8 }, "geometry": { "type": "Polygon", "coordinates": [ [ [ -108.005326556485514, 48.942259483629641 ], [ -108.010825816079659, 48.942264525786058 ], [ -108.01632507754158, 48.94226956994585 ], [ -108.016323421772825, 48.945886469274576 ], [ -108.016321796372338, 48.949503339089731 ], [ -108.016320169016566, 48.953120211351518 ], [ -108.016318516625276, 48.956737081260094 ], [ -108.010821251723669, 48.956731456953086 ], [ -108.005323960221489, 48.956725831847791 ], [ -108.005324614777422, 48.953109487598432 ], [ -108.005325270851529, 48.949493171908237 ], [ -108.005325899550854, 48.945876326798938 ], [ -108.005326556485514, 48.942259483629641 ] ] ] } },
{ "type": "Feature", "properties": { "CountyName": "Phillips", "OwnerName_Grouped": "NATURE CONSERVANCY", "OwnerName": "THE NATURE CONSERVANCY", "OwnerAddre": "32 S EWING ST", "OwnerAdd_1": null, "OwnerAdd_2": null, "OwnerCity": "HELENA", "OwnerState": "MT", "PropType": "Vacant Land", "TotalAcres": 390.68, "BlockID": "8-002", "BlockAcres": 30120.1, "BlockParcelCount": 77 }, "geometry": { "type": "Polygon", "coordinates": [ [ [ -108.283396572205717, 48.009278681686332 ], [ -108.2834424294077, 48.005659864600176 ], [ -108.2835069231391, 48.002041232855461 ], [ -108.288917374448886, 48.002055722732486 ], [ -108.294329283620954, 48.002072062734946 ], [ -108.299740551237278, 48.002090321949076 ], [ -108.304888451094328, 48.002145073134805 ], [ -108.3047326910186, 48.005754745164815 ], [ -108.304648696156335, 48.009365196357486 ], [ -108.304588956384976, 48.01297586635296 ], [ -108.304541673993626, 48.016586576710615 ], [ -108.299516184603917, 48.016567362807407 ], [ -108.299538059946443, 48.012947257714906 ], [ -108.299572331080469, 48.009326930076995 ], [ -108.294181512896785, 48.009307114722738 ], [ -108.288789229436645, 48.009292560384168 ], [ -108.283396572205717, 48.009278681686332 ] ] ] } },
{ "type": "Feature", "properties": { "CountyName": "Phillips", "OwnerName_Grouped": "NATURE CONSERVANCY", "OwnerName": "THE NATURE CONSERVANCY", "OwnerAddre": "32 S EWING ST", "OwnerAdd_1": null, "OwnerAdd_2": null, "OwnerCity": "HELENA", "OwnerState": "MT", "PropType": "Vacant Land", "TotalAcres": 640.0, "BlockID": "8-002", "BlockAcres": 30120.1, "BlockParcelCount": 77 }, "geometry": { "type": "Polygon", "coordinates": [ [ [ -108.304888451094328, 48.002145073134805 ], [ -108.31030462960527, 48.002075093785479 ], [ -108.315721610000082, 48.002043377847798 ], [ -108.321138564574241, 48.002018367202801 ], [ -108.32655520522006, 48.001988916726702 ], [ -108.326559096259174, 48.005623208832716 ], [ -108.3265475626865, 48.009257343124716 ], [ -108.326523715188998, 48.012891328392577 ], [ -108.326465632574596, 48.016525127837987 ], [ -108.321038804589335, 48.016537623568972 ], [ -108.315611275175783, 48.016552787206578 ], [ -108.310183125519259, 48.016568594786165 ], [ -108.304541673993626, 48.016586576710615 ], [ -108.304588956384976, 48.01297586635296 ], [ -108.304648696156335, 48.009365196357486 ], [ -108.3047326910186, 48.005754745164815 ], [ -108.304888451094328, 48.002145073134805 ] ] ] } },
{ "type": "Feature", "properties": { "CountyName": "Phillips", "OwnerName_Grouped": "NATURE CONSERVANCY", "OwnerName": "THE NATURE CONSERVANCY", "OwnerAddre": "32 S EWING ST", "OwnerAdd_1": null, "OwnerAdd_2": null, "OwnerCity": "HELENA", "OwnerState": "MT", "PropType": "Vacant Land", "TotalAcres": 80.0, "BlockID": "8-002", "BlockAcres": 30120.1, "BlockParcelCount": 77 }, "geometry": { "type": "Polygon", "coordinates": [ [ [ -108.326523715188998, 48.012891328392577 ], [ -108.331921903603543, 48.012901278337416 ], [ -108.337320574166469, 48.012911948087805 ], [ -108.33728636823632, 48.016548923076691 ], [ -108.331876275211258, 48.016535412803066 ], [ -108.326465632574596, 48.016525127837987 ], [ -108.326523715188998, 48.012891328392577 ] ] ] } },
{ "type": "Feature", "properties": { "CountyName": "Phillips", "OwnerName_Grouped": "NATURE CONSERVANCY", "OwnerName": "THE NATURE CONSERVANCY", "OwnerAddre": "32 S EWING ST", "OwnerAdd_1": null, "OwnerAdd_2": null, "OwnerCity": "HELENA", "OwnerState": "MT", "PropType": "Vacant Land", "TotalAcres": 632.4, "BlockID": "8-002", "BlockAcres": 30120.1, "BlockParcelCount": 77 }, "geometry": { "type": "Polygon", "coordinates": [ [ [ -108.287004755675582, 47.939097943852389 ], [ -108.287007984467436, 47.935479372986208 ], [ -108.287011185293977, 47.931860828236509 ], [ -108.287014414248304, 47.928242258007124 ], [ -108.292408881071239, 47.928228147285061 ], [ -108.297803373367671, 47.928214009433567 ], [ -108.303192924477074, 47.928199039318535 ], [ -108.308312761563926, 47.92818476524841 ], [ -108.308300442660666, 47.931796754196341 ], [ -108.308288154096985, 47.93540874201296 ], [ -108.308275836925361, 47.939020729880795 ], [ -108.308263519279706, 47.94263271717309 ], [ -108.303126797337981, 47.942652548884794 ], [ -108.29774828139071, 47.942673352968498 ], [ -108.292374904189629, 47.942694905276305 ], [ -108.287001526937431, 47.942716487117742 ], [ -108.287004755675582, 47.939097943852389 ] ] ] } },
{ "type": "Feature", "properties": { "CountyName": "Phillips", "OwnerName_Grouped": "NATURE CONSERVANCY", "OwnerName": "THE NATURE CONSERVANCY", "OwnerAddre": "32 S EWING ST", "OwnerAdd_1": null, "OwnerAdd_2": null, "OwnerCity": "HELENA", "OwnerState": "MT", "PropType": "Vacant Land", "TotalAcres": 640.0, "BlockID": "8-002", "BlockAcres": 30120.1, "BlockParcelCount": 77 }, "geometry": { "type": "Polygon", "coordinates": [ [ [ -108.308312761563926, 47.92818476524841 ], [ -108.313702955419956, 47.928186565095885 ], [ -108.319093155563706, 47.928190357359647 ], [ -108.324483364381024, 47.928196543413094 ], [ -108.329873594451357, 47.928204651825112 ], [ -108.329866807415684, 47.93181596185066 ], [ -108.329860523735462, 47.93542723138841 ], [ -108.329854666734789, 47.939038480350945 ], [ -108.329848516861375, 47.942649727596653 ], [ -108.324452282519061, 47.942641521118212 ], [ -108.319056025899684, 47.942635446633261 ], [ -108.313659784408472, 47.942632369329004 ], [ -108.308263519279706, 47.94263271717309 ], [ -108.308275836925361, 47.939020729880795 ], [ -108.308288154096985, 47.93540874201296 ], [ -108.308300442660666, 47.931796754196341 ], [ -108.308312761563926, 47.92818476524841 ] ] ] } },
{ "type": "Feature", "properties": { "CountyName": "Phillips", "OwnerName_Grouped": "NATURE CONSERVANCY", "OwnerName": "THE NATURE CONSERVANCY", "OwnerAddre": "32 S EWING ST", "OwnerAdd_1": null, "OwnerAdd_2": null, "OwnerCity": "HELENA", "OwnerState": "MT", "PropType": "Vacant Land", "TotalAcres": 520.0, "BlockID": "8-002", "BlockAcres": 30120.1, "BlockParcelCount": 77 }, "geometry": { "type": "Polygon", "coordinates": [ [ [ -108.329873594451357, 47.928204651825112 ], [ -108.335233485196184, 47.928211123288577 ], [ -108.340593376859346, 47.928219249728173 ], [ -108.345953311357277, 47.928228914566823 ], [ -108.351313339541875, 47.928238423786581 ], [ -108.351315358953812, 47.93185156467127 ], [ -108.351319520495323, 47.935464735102784 ], [ -108.345954817062619, 47.935454780421985 ], [ -108.345957291355717, 47.939067412773269 ], [ -108.340589772581424, 47.939055799296639 ], [ -108.340588697623943, 47.942667585138416 ], [ -108.335218629462261, 47.942657614023922 ], [ -108.329848516861375, 47.942649727596653 ], [ -108.329854666734789, 47.939038480350945 ], [ -108.329860523735462, 47.93542723138841 ], [ -108.329866807415684, 47.93181596185066 ], [ -108.329873594451357, 47.928204651825112 ] ] ] } },
{ "type": "Feature", "properties": { "CountyName": "Phillips", "OwnerName_Grouped": "NATURE CONSERVANCY", "OwnerName": "THE NATURE CONSERVANCY", "OwnerAddre": "32 S EWING ST", "OwnerAdd_1": null, "OwnerAdd_2": null, "OwnerCity": "HELENA", "OwnerState": "MT", "PropType": "Vacant Land", "TotalAcres": 120.0, "BlockID": "8-002", "BlockAcres": 30120.1, "BlockParcelCount": 77 }, "geometry": { "type": "Polygon", "coordinates": [ [ [ -108.351328700203865, 47.942690977358971 ], [ -108.34595871965405, 47.942679931588515 ], [ -108.340588697623943, 47.942667585138416 ], [ -108.340589772581424, 47.939055799296639 ], [ -108.345957291355717, 47.939067412773269 ], [ -108.345954817062619, 47.935454780421985 ], [ -108.351319520495323, 47.935464735102784 ], [ -108.351324848590863, 47.939077860655189 ], [ -108.351328700203865, 47.942690977358971 ] ] ] } },
{ "type": "Feature", "properties": { "CountyName": "Phillips", "OwnerName_Grouped": "NATURE CONSERVANCY", "OwnerName": "THE NATURE CONSERVANCY", "OwnerAddre": "32 S EWING ST", "OwnerAdd_1": null, "OwnerAdd_2": null, "OwnerCity": "HELENA", "OwnerState": "MT", "PropType": "Vacant Land", "TotalAcres": 39.06, "BlockID": "8-002", "BlockAcres": 30120.1, "BlockParcelCount": 77 }, "geometry": { "type": "Polygon", "coordinates": [ [ [ -108.356703801867994, 47.939081107177586 ], [ -108.356879490370446, 47.939081110653973 ], [ -108.356711481125402, 47.94016503664222 ], [ -108.356706497394626, 47.940196122237758 ], [ -108.356660665483304, 47.940484356360137 ], [ -108.356296308345108, 47.942684887150463 ], [ -108.351328700203865, 47.942690977358971 ], [ -108.351324848590863, 47.939077860655189 ], [ -108.356703801867994, 47.939081107177586 ] ] ] } },
{ "type": "Feature", "properties": { "CountyName": "Phillips", "OwnerName_Grouped": "NATURE CONSERVANCY", "OwnerName": "THE NATURE CONSERVANCY", "OwnerAddre": "32 S EWING ST", "OwnerAdd_1": null, "OwnerAdd_2": null, "OwnerCity": "HELENA", "OwnerState": "MT", "PropType": "Vacant Land", "TotalAcres": 200.0, "BlockID": "8-002", "BlockAcres": 30120.1, "BlockParcelCount": 77 }, "geometry": { "type": "Polygon", "coordinates": [ [ [ -108.195370247408107, 47.942668039002427 ], [ -108.189976111649443, 47.94265067994089 ], [ -108.189978730311324, 47.939034801361338 ], [ -108.195372417634928, 47.939051410732766 ], [ -108.195374594813657, 47.935434646053672 ], [ -108.195376738913737, 47.931817631140483 ], [ -108.195378915535997, 47.928200474732044 ], [ -108.200771242575172, 47.928214778796693 ], [ -108.200769539368807, 47.931832433178485 ], [ -108.200767810290927, 47.935450089397875 ], [ -108.20076610965387, 47.939067771443682 ], [ -108.200764409360545, 47.94268542409278 ], [ -108.195370247408107, 47.942668039002427 ] ] ] } },
{ "type": "Feature", "properties": { "CountyName": "Phillips", "OwnerName_Grouped": "NATURE CONSERVANCY", "OwnerName": "THE NATURE CONSERVANCY", "OwnerAddre": "32 S EWING ST", "OwnerAdd_1": null, "OwnerAdd_2": null, "OwnerCity": "HELENA", "OwnerState": "MT", "PropType": "Vacant Land", "TotalAcres": 520.0, "BlockID": "8-002", "BlockAcres": 30120.1, "BlockParcelCount": 77 }, "geometry": { "type": "Polygon", "coordinates": [ [ [ -108.200771242575172, 47.928214778796693 ], [ -108.206161704804401, 47.928215860912083 ], [ -108.21155214172812, 47.928216969692961 ], [ -108.216942578769121, 47.928218052326912 ], [ -108.216939046334375, 47.93183587156971 ], [ -108.216935485143523, 47.935453581033997 ], [ -108.216931926729671, 47.939071040665766 ], [ -108.222320531206464, 47.939071789065295 ], [ -108.222316362164051, 47.942689303192616 ], [ -108.216928366375214, 47.942688334091898 ], [ -108.211540370086425, 47.942687364329608 ], [ -108.206152374589308, 47.9426863948202 ], [ -108.200764409360545, 47.94268542409278 ], [ -108.20076610965387, 47.939067771443682 ], [ -108.200767810290927, 47.935450089397875 ], [ -108.200769539368807, 47.931832433178485 ], [ -108.200771242575172, 47.928214778796693 ] ] ] } },
{ "type": "Feature", "properties": { "CountyName": "Phillips", "OwnerName_Grouped": "NATURE CONSERVANCY", "OwnerName": "THE NATURE CONSERVANCY", "OwnerAddre": "32 S EWING ST", "OwnerAdd_1": null, "OwnerAdd_2": null, "OwnerCity": "HELENA", "OwnerState": "MT", "PropType": "Vacant Land", "TotalAcres": 320.0, "BlockID": "8-002", "BlockAcres": 30120.1, "BlockParcelCount": 77 }, "geometry": { "type": "Polygon", "coordinates": [ [ [ -108.222320531206464, 47.939071789065295 ], [ -108.222324701538724, 47.935454247355558 ], [ -108.227717224429583, 47.935456494127564 ], [ -108.233109771854089, 47.935458491676989 ], [ -108.238502322296881, 47.935460241567952 ], [ -108.243894841692367, 47.935461710136657 ], [ -108.243898594578511, 47.93907986542547 ], [ -108.243902345882432, 47.942697990387103 ], [ -108.238505849773503, 47.942695824805092 ], [ -108.233109353425505, 47.942693661374008 ], [ -108.227712858194877, 47.942691498309024 ], [ -108.222316362164051, 47.942689303192616 ], [ -108.222320531206464, 47.939071789065295 ] ] ] } },
{ "type": "Feature", "properties": { "CountyName": "Phillips", "OwnerName_Grouped": "NATURE CONSERVANCY", "OwnerName": "THE NATURE CONSERVANCY", "OwnerAddre": "32 S EWING ST", "OwnerAdd_1": null, "OwnerAdd_2": null, "OwnerCity": "HELENA", "OwnerState": "MT", "PropType": "Vacant Land", "TotalAcres": 320.0, "BlockID": "8-002", "BlockAcres": 30120.1, "BlockParcelCount": 77 }, "geometry": { "type": "Polygon", "coordinates": [ [ [ -108.260069888306987, 47.935464366324346 ], [ -108.265461628978315, 47.935464727125805 ], [ -108.265464237593534, 47.939083935444962 ], [ -108.265466877850386, 47.942703117387211 ], [ -108.260075694340898, 47.942701865319947 ], [ -108.254684508532591, 47.942700586177274 ], [ -108.249293367650424, 47.942699320961694 ], [ -108.243902345882432, 47.942697990387103 ], [ -108.243898594578511, 47.93907986542547 ], [ -108.243894841692367, 47.935461710136657 ], [ -108.249286420531121, 47.935462903826242 ], [ -108.254678118366058, 47.935463752197307 ], [ -108.260069888306987, 47.935464366324346 ] ] ] } },
{ "type": "Feature", "properties": { "CountyName": "Phillips", "OwnerName_Grouped": "NATURE CONSERVANCY", "OwnerName": "THE NATURE CONSERVANCY", "OwnerAddre": "32 S EWING ST", "OwnerAdd_1": null, "OwnerAdd_2": null, "OwnerCity": "HELENA", "OwnerState": "MT", "PropType": "Vacant Land", "TotalAcres": 480.0, "BlockID": "8-002", "BlockAcres": 30120.1, "BlockParcelCount": 77 }, "geometry": { "type": "Polygon", "coordinates": [ [ [ -108.351512179520782, 47.873911865081219 ], [ -108.356892670860503, 47.873913077817683 ], [ -108.362273153359041, 47.873913904108292 ], [ -108.367653628615159, 47.873914451960857 ], [ -108.373034046049199, 47.873915520013149 ], [ -108.373014740429241, 47.877525612595846 ], [ -108.372999242391046, 47.88113574802437 ], [ -108.372988283656127, 47.884745966657341 ], [ -108.3676007621888, 47.884750020734934 ], [ -108.362213203362913, 47.884757872100991 ], [ -108.356825682131898, 47.884764100410571 ], [ -108.351438167823716, 47.884769888751066 ], [ -108.351460819805752, 47.881150520159423 ], [ -108.351485431462635, 47.877531187648259 ], [ -108.351512179520782, 47.873911865081219 ] ] ] } },
{ "type": "Feature", "properties": { "CountyName": "Phillips", "OwnerName_Grouped": "NATURE CONSERVANCY", "OwnerName": "THE NATURE CONSERVANCY", "OwnerAddre": "32 S EWING ST", "OwnerAdd_1": null, "OwnerAdd_2": null, "OwnerCity": "HELENA", "OwnerState": "MT", "PropType": "Vacant Land", "TotalAcres": 430.75, "BlockID": "8-002", "BlockAcres": 30120.1, "BlockParcelCount": 77 }, "geometry": { "type": "Polygon", "coordinates": [ [ [ -108.3676007621888, 47.884750020734934 ], [ -108.372988283656127, 47.884745966657341 ], [ -108.372996414440991, 47.886056750924297 ], [ -108.372533926261994, 47.886192287236391 ], [ -108.372329277843519, 47.886257176991542 ], [ -108.369602823554942, 47.887120664887405 ], [ -108.367604769602337, 47.88774777897855 ], [ -108.365601801893462, 47.888382878016145 ], [ -108.36499176994883, 47.888576129854776 ], [ -108.364933458764071, 47.8898832583508 ], [ -108.364927197594696, 47.89002300576734 ], [ -108.364602307499482, 47.892008937144453 ], [ -108.364368172943415, 47.893490644235158 ], [ -108.364184982499424, 47.89463989470071 ], [ -108.364030144933096, 47.895611049902755 ], [ -108.36380044340379, 47.897104616431314 ], [ -108.363797972934989, 47.897120134654521 ], [ -108.36346304106624, 47.899210322693449 ], [ -108.362136156338252, 47.899212026332265 ], [ -108.356760006537996, 47.899229827581578 ], [ -108.351384084503493, 47.899246896114576 ], [ -108.351391233498902, 47.89562761196531 ], [ -108.35140344617308, 47.892008374635026 ], [ -108.351423256673513, 47.888389132651241 ], [ -108.351438167823716, 47.884769888751066 ], [ -108.356825682131898, 47.884764100410571 ], [ -108.362213203362913, 47.884757872100991 ], [ -108.3676007621888, 47.884750020734934 ] ] ] } },
{ "type": "Feature", "properties": { "CountyName": "Phillips", "OwnerName_Grouped": "NATURE CONSERVANCY", "OwnerName": "THE NATURE CONSERVANCY", "OwnerAddre": "32 S EWING ST", "OwnerAdd_1": null, "OwnerAdd_2": null, "OwnerCity": "HELENA", "OwnerState": "MT", "PropType": "Vacant Land", "TotalAcres": 320.0, "BlockID": "8-002", "BlockAcres": 30120.1, "BlockParcelCount": 77 }, "geometry": { "type": "Polygon", "coordinates": [ [ [ -108.261781043822594, 47.972872660930939 ], [ -108.267175452639862, 47.972914420683182 ], [ -108.272569801505355, 47.972956166908325 ], [ -108.272593486469887, 47.972956350470838 ], [ -108.277964090398328, 47.972997901414587 ], [ -108.283358316549368, 47.973039571088258 ], [ -108.283353943078396, 47.976662945980074 ], [ -108.283351800567019, 47.980286316372982 ], [ -108.277958454781157, 47.980246986147215 ], [ -108.272565035374754, 47.980207347225324 ], [ -108.26717156810885, 47.980167389969189 ], [ -108.261778078668911, 47.980127165037466 ], [ -108.261778586800546, 47.97649989673436 ], [ -108.261781043822594, 47.972872660930939 ] ] ] } },
{ "type": "Feature", "properties": { "CountyName": "Phillips", "OwnerName_Grouped": "NATURE CONSERVANCY", "OwnerName": "THE NATURE CONSERVANCY", "OwnerAddre": "32 S EWING ST", "OwnerAdd_1": null, "OwnerAdd_2": null, "OwnerCity": "HELENA", "OwnerState": "MT", "PropType": "Vacant Land", "TotalAcres": 318.4, "BlockID": "8-002", "BlockAcres": 30120.1, "BlockParcelCount": 77 }, "geometry": { "type": "Polygon", "coordinates": [ [ [ -108.283358316549368, 47.973039571088258 ], [ -108.288746973966539, 47.973059332410621 ], [ -108.29413555159185, 47.973080337737962 ], [ -108.299522318308476, 47.973093667562203 ], [ -108.304817383316248, 47.973109661349071 ], [ -108.304795756146945, 47.976735340232203 ], [ -108.304776450840706, 47.980361214924706 ], [ -108.299513849260066, 47.98033613102826 ], [ -108.294127176378282, 47.980316108026017 ], [ -108.288739509293251, 47.980300482848421 ], [ -108.283351800567019, 47.980286316372982 ], [ -108.283353943078396, 47.976662945980074 ], [ -108.283358316549368, 47.973039571088258 ] ] ] } },
{ "type": "Feature", "properties": { "CountyName": "Phillips", "OwnerName_Grouped": "NATURE CONSERVANCY", "OwnerName": "THE NATURE CONSERVANCY", "OwnerAddre": "32 S EWING ST", "OwnerAdd_1": null, "OwnerAdd_2": null, "OwnerCity": "HELENA", "OwnerState": "MT", "PropType": "Vacant Land", "TotalAcres": 520.0, "BlockID": "8-002", "BlockAcres": 30120.1, "BlockParcelCount": 77 }, "geometry": { "type": "Polygon", "coordinates": [ [ [ -108.329975622942868, 47.888402665154018 ], [ -108.335337462470889, 47.888397201633182 ], [ -108.335323536136698, 47.892015258012286 ], [ -108.340683620456105, 47.892012232269174 ], [ -108.34069934983323, 47.88839376490894 ], [ -108.340712486407668, 47.884775256050474 ], [ -108.346075324851853, 47.884772445243236 ], [ -108.351438167823716, 47.884769888751066 ], [ -108.351423256673513, 47.888389132651241 ], [ -108.35140344617308, 47.892008374635026 ], [ -108.351391233498902, 47.89562761196531 ], [ -108.351384084503493, 47.899246896114576 ], [ -108.346026942465215, 47.899247340671828 ], [ -108.340670006097341, 47.899248162721186 ], [ -108.335313292715384, 47.899250630442666 ], [ -108.329956825317055, 47.899258564236845 ], [ -108.32995488189826, 47.89563982785409 ], [ -108.329963374251392, 47.89202120128823 ], [ -108.329975622942868, 47.888402665154018 ] ] ] } },
{ "type": "Feature", "properties": { "CountyName": "Phillips", "OwnerName_Grouped": "NATURE CONSERVANCY", "OwnerName": "THE NATURE CONSERVANCY", "OwnerAddre": "32 S EWING ST", "OwnerAdd_1": null, "OwnerAdd_2": null, "OwnerCity": "HELENA", "OwnerState": "MT", "PropType": "Vacant Land", "TotalAcres": 80.0, "BlockID": "8-018", "BlockAcres": 927.56, "BlockParcelCount": 3 }, "geometry": { "type": "Polygon", "coordinates": [ [ [ -108.281293475440776, 47.863898060879535 ], [ -108.286689351842526, 47.863904418808865 ], [ -108.292085254498147, 47.86391077883647 ], [ -108.292091386520099, 47.867526655063919 ], [ -108.286694204418168, 47.867522435785908 ], [ -108.281296831526262, 47.867516076191727 ], [ -108.281293475440776, 47.863898060879535 ] ] ] } },
{ "type": "Feature", "properties": { "CountyName": "Phillips", "OwnerName_Grouped": "NATURE CONSERVANCY", "OwnerName": "THE NATURE CONSERVANCY", "OwnerAddre": "32 S EWING ST", "OwnerAdd_1": null, "OwnerAdd_2": null, "OwnerCity": "HELENA", "OwnerState": "MT", "PropType": "Vacant Land", "TotalAcres": 636.16, "BlockID": "8-018", "BlockAcres": 927.56, "BlockParcelCount": 3 }, "geometry": { "type": "Polygon", "coordinates": [ [ [ -108.308209174267034, 47.849447430934092 ], [ -108.313470156356402, 47.849451039412493 ], [ -108.313472840633565, 47.853071056372691 ], [ -108.313475549848803, 47.856691045419538 ], [ -108.313478232575861, 47.860311033912126 ], [ -108.313480943627553, 47.863931022394695 ], [ -108.308239216426628, 47.863927078300669 ], [ -108.30285745259259, 47.863922996707473 ], [ -108.29747135441707, 47.86391688821498 ], [ -108.292085254498147, 47.86391077883647 ], [ -108.292079901356715, 47.860291873104558 ], [ -108.292074547427958, 47.856672969764944 ], [ -108.292069190797875, 47.853054094010645 ], [ -108.292063836817064, 47.849435187415828 ], [ -108.297446828531605, 47.849439464040955 ], [ -108.302829794088709, 47.84944373885201 ], [ -108.308209174267034, 47.849447430934092 ] ] ] } },
{ "type": "Feature", "properties": { "CountyName": "Phillips", "OwnerName_Grouped": "NATURE CONSERVANCY", "OwnerName": "THE NATURE CONSERVANCY", "OwnerAddre": "32 S EWING ST", "OwnerAdd_1": null, "OwnerAdd_2": null, "OwnerCity": "HELENA", "OwnerState": "MT", "PropType": "Vacant Land", "TotalAcres": 211.4, "BlockID": "8-018", "BlockAcres": 927.56, "BlockParcelCount": 3 }, "geometry": { "type": "Polygon", "coordinates": [ [ [ -108.292091386520099, 47.867526655063919 ], [ -108.292085254498147, 47.86391077883647 ], [ -108.29747135441707, 47.86391688821498 ], [ -108.30285745259259, 47.863922996707473 ], [ -108.308239216426628, 47.863927078300669 ], [ -108.308243758841456, 47.867545095682409 ], [ -108.308247204803195, 47.870286226208485 ], [ -108.303127518631612, 47.870291171429706 ], [ -108.302863915811429, 47.870291199168008 ], [ -108.297744228625433, 47.870296144314636 ], [ -108.297480151624825, 47.870296424043786 ], [ -108.292357908709661, 47.87030189604863 ], [ -108.292096391392477, 47.870302173922802 ], [ -108.292091386520099, 47.867526655063919 ] ] ] } },
{ "type": "Feature", "properties": { "CountyName": "Phillips", "OwnerName_Grouped": "NATURE CONSERVANCY", "OwnerName": "THE NATURE CONSERVANCY", "OwnerAddre": "32 S EWING ST", "OwnerAdd_1": null, "OwnerAdd_2": null, "OwnerCity": "HELENA", "OwnerState": "MT", "PropType": "Vacant Land", "TotalAcres": 479.94, "BlockID": "8-002", "BlockAcres": 30120.1, "BlockParcelCount": 77 }, "geometry": { "type": "Polygon", "coordinates": [ [ [ -108.304404305447008, 48.03827548198165 ], [ -108.304453135085581, 48.034648620551479 ], [ -108.304538210549552, 48.031021157387947 ], [ -108.309984802856121, 48.031053905185118 ], [ -108.315429701140076, 48.031059372366755 ], [ -108.320873217675796, 48.031057398920211 ], [ -108.326315748107007, 48.031053893013066 ], [ -108.326284225420764, 48.034690077410801 ], [ -108.326237355506848, 48.038326302702963 ], [ -108.326182816434212, 48.041952342727441 ], [ -108.326115916899326, 48.045574604121605 ], [ -108.320689381523607, 48.045576040314273 ], [ -108.315262434584838, 48.045574041049484 ], [ -108.315379276032303, 48.04194985437821 ], [ -108.315439970786443, 48.03832322910516 ], [ -108.310032906684782, 48.038311053914278 ], [ -108.304404305447008, 48.03827548198165 ] ] ] } },
{ "type": "Feature", "properties": { "CountyName": "Phillips", "OwnerName_Grouped": "NATURE CONSERVANCY", "OwnerName": "THE NATURE CONSERVANCY", "OwnerAddre": "32 S EWING ST", "OwnerAdd_1": null, "OwnerAdd_2": null, "OwnerCity": "HELENA", "OwnerState": "MT", "PropType": "Improved Property", "TotalAcres": 409.62, "BlockID": "8-002", "BlockAcres": 30120.1, "BlockParcelCount": 77 }, "geometry": { "type": "Polygon", "coordinates": [ [ [ -108.326315748107007, 48.031053893013066 ], [ -108.331751290501046, 48.031050751029603 ], [ -108.337186613230429, 48.031050279291492 ], [ -108.341406572601699, 48.031063716280727 ], [ -108.340999837540082, 48.033312766935808 ], [ -108.340780447634643, 48.034513979944705 ], [ -108.340745003504523, 48.034705601326962 ], [ -108.340144888253619, 48.038135956877895 ], [ -108.340106096220254, 48.038347908205182 ], [ -108.339730909649191, 48.040452067876544 ], [ -108.33949435759628, 48.041746739354856 ], [ -108.339456418678637, 48.041953484879208 ], [ -108.338900393665497, 48.045270569085488 ], [ -108.338847841937223, 48.045562020229632 ], [ -108.336970181856898, 48.045562209294623 ], [ -108.331542958316078, 48.045568613304994 ], [ -108.326115916899326, 48.045574604121605 ], [ -108.326182816434212, 48.041952342727441 ], [ -108.326237355506848, 48.038326302702963 ], [ -108.326284225420764, 48.034690077410801 ], [ -108.326315748107007, 48.031053893013066 ] ] ] } },
{ "type": "Feature", "properties": { "CountyName": "Phillips", "OwnerName_Grouped": "NATURE CONSERVANCY", "OwnerName": "THE NATURE CONSERVANCY", "OwnerAddre": "32 S EWING ST", "OwnerAdd_1": null, "OwnerAdd_2": null, "OwnerCity": "HELENA", "OwnerState": "MT", "PropType": "Vacant Land", "TotalAcres": 480.0, "BlockID": "8-002", "BlockAcres": 30120.1, "BlockParcelCount": 77 }, "geometry": { "type": "Polygon", "coordinates": [ [ [ -108.304776450840706, 47.980361214924706 ], [ -108.304795756146945, 47.976735340232203 ], [ -108.304817383316248, 47.973109661349071 ], [ -108.310386112244061, 47.973096239625512 ], [ -108.315789799789059, 47.9730832701838 ], [ -108.321193544940272, 47.973072262933023 ], [ -108.326597365591056, 47.973062444138669 ], [ -108.326595915781468, 47.976676045882584 ], [ -108.326596270501994, 47.980289610143849 ], [ -108.321188353044974, 47.980304305595794 ], [ -108.315780543373734, 47.980319842137902 ], [ -108.315773000781604, 47.983937528210483 ], [ -108.315760280616942, 47.98755513125451 ], [ -108.310348987709062, 47.987580014228939 ], [ -108.30474681494546, 47.987613706325448 ], [ -108.304759900579526, 47.983987296144448 ], [ -108.304776450840706, 47.980361214924706 ] ] ] } },
{ "type": "Feature", "properties": { "CountyName": "Phillips", "OwnerName_Grouped": "NATURE CONSERVANCY", "OwnerName": "THE NATURE CONSERVANCY", "OwnerAddre": "32 S EWING ST", "OwnerAdd_1": null, "OwnerAdd_2": null, "OwnerCity": "HELENA", "OwnerState": "MT", "PropType": "Vacant Land", "TotalAcres": 480.0, "BlockID": "8-002", "BlockAcres": 30120.1, "BlockParcelCount": 77 }, "geometry": { "type": "Polygon", "coordinates": [ [ [ -108.326596270501994, 47.980289610143849 ], [ -108.326595915781468, 47.976676045882584 ], [ -108.326597365591056, 47.973062444138669 ], [ -108.331992396623676, 47.973060725197847 ], [ -108.337387500822501, 47.973058218426949 ], [ -108.342782667404279, 47.973053455105031 ], [ -108.348177954633059, 47.973045457635699 ], [ -108.348171423631982, 47.976660943858477 ], [ -108.348173859328085, 47.980276435089422 ], [ -108.348171412912663, 47.983891834154797 ], [ -108.348150491566301, 47.987506627103016 ], [ -108.342758899493631, 47.987510142814457 ], [ -108.337367005157105, 47.987513832016148 ], [ -108.337381811438036, 47.98390014615839 ], [ -108.337384961632409, 47.980286465757828 ], [ -108.331990587349068, 47.980288738752392 ], [ -108.326596270501994, 47.980289610143849 ] ] ] } },
{ "type": "Feature", "properties": { "CountyName": "Phillips", "OwnerName_Grouped": "NATURE CONSERVANCY", "OwnerName": "THE NATURE CONSERVANCY", "OwnerAddre": "32 S EWING ST", "OwnerAdd_1": null, "OwnerAdd_2": null, "OwnerCity": "HELENA", "OwnerState": "MT", "PropType": "Vacant Land", "TotalAcres": 56.88, "BlockID": "8-002", "BlockAcres": 30120.1, "BlockParcelCount": 77 }, "geometry": { "type": "Polygon", "coordinates": [ [ [ -108.348177954633059, 47.973045457635699 ], [ -108.351307219487921, 47.973041756975782 ], [ -108.350811871467897, 47.976018767139223 ], [ -108.350702131393732, 47.976658731323276 ], [ -108.350095433182247, 47.980275710121518 ], [ -108.349613956508321, 47.983174224602664 ], [ -108.349493965611131, 47.983871751409758 ], [ -108.349490122063386, 47.983893774847992 ], [ -108.348855770499526, 47.987474927763209 ], [ -108.348150491566301, 47.987506627103016 ], [ -108.348171412912663, 47.983891834154797 ], [ -108.348173859328085, 47.980276435089422 ], [ -108.348171423631982, 47.976660943858477 ], [ -108.348177954633059, 47.973045457635699 ] ] ] } },
{ "type": "Feature", "properties": { "CountyName": "Phillips", "OwnerName_Grouped": "NATURE CONSERVANCY", "OwnerName": "THE NATURE CONSERVANCY", "OwnerAddre": "32 S EWING ST", "OwnerAdd_1": null, "OwnerAdd_2": null, "OwnerCity": "HELENA", "OwnerState": "MT", "PropType": "Vacant Land", "TotalAcres": 320.0, "BlockID": "8-002", "BlockAcres": 30120.1, "BlockParcelCount": 77 }, "geometry": { "type": "Polygon", "coordinates": [ [ [ -108.250958965977404, 47.972799459828956 ], [ -108.256370032844032, 47.972836035044793 ], [ -108.261781043822594, 47.972872660930939 ], [ -108.261778586800546, 47.97649989673436 ], [ -108.261778078668911, 47.980127165037466 ], [ -108.261779808621924, 47.983754440094202 ], [ -108.256370144912168, 47.983720676170968 ], [ -108.250960426269842, 47.983686728239462 ], [ -108.245550784603367, 47.983652799285856 ], [ -108.245547986941318, 47.980023040058292 ], [ -108.245547125427976, 47.976393029068099 ], [ -108.250957570667239, 47.97642872072425 ], [ -108.250958965977404, 47.972799459828956 ] ] ] } },
{ "type": "Feature", "properties": { "CountyName": "Phillips", "OwnerName_Grouped": "NATURE CONSERVANCY", "OwnerName": "THE NATURE CONSERVANCY", "OwnerAddre": "32 S EWING ST", "OwnerAdd_1": null, "OwnerAdd_2": null, "OwnerCity": "HELENA", "OwnerState": "MT", "PropType": "Vacant Land", "TotalAcres": 80.0, "BlockID": "8-002", "BlockAcres": 30120.1, "BlockParcelCount": 77 }, "geometry": { "type": "Polygon", "coordinates": [ [ [ -108.216935485143523, 47.935453581033997 ], [ -108.216939046334375, 47.93183587156971 ], [ -108.216942578769121, 47.928218052326912 ], [ -108.222333041473021, 47.928219160389411 ], [ -108.222328872527243, 47.931836704168624 ], [ -108.222324701538724, 47.935454247355558 ], [ -108.216935485143523, 47.935453581033997 ] ] ] } },
{ "type": "Feature", "properties": { "CountyName": "Phillips", "OwnerName_Grouped": "NATURE CONSERVANCY", "OwnerName": "THE NATURE CONSERVANCY", "OwnerAddre": "32 S EWING ST", "OwnerAdd_1": null, "OwnerAdd_2": null, "OwnerCity": "HELENA", "OwnerState": "MT", "PropType": "Vacant Land", "TotalAcres": 320.0, "BlockID": "8-002", "BlockAcres": 30120.1, "BlockParcelCount": 77 }, "geometry": { "type": "Polygon", "coordinates": [ [ [ -108.260064082379841, 47.928226110805639 ], [ -108.265456381655213, 47.928226308383053 ], [ -108.265459020574099, 47.931845519108727 ], [ -108.265461628978315, 47.935464727125805 ], [ -108.260069888306987, 47.935464366324346 ], [ -108.254678118366058, 47.935463752197307 ], [ -108.249286420531121, 47.935462903826242 ], [ -108.243894841692367, 47.935461710136657 ], [ -108.243891092479572, 47.931843584886217 ], [ -108.24388736971008, 47.928225433239518 ], [ -108.249279501310738, 47.928225707070119 ], [ -108.254671754411106, 47.928225917198048 ], [ -108.260064082379841, 47.928226110805639 ] ] ] } },
{ "type": "Feature", "properties": { "CountyName": "Phillips", "OwnerName_Grouped": "NATURE CONSERVANCY", "OwnerName": "THE NATURE CONSERVANCY", "OwnerAddre": "32 S EWING ST", "OwnerAdd_1": null, "OwnerAdd_2": null, "OwnerCity": "HELENA", "OwnerState": "MT", "PropType": "Vacant Land", "TotalAcres": 600.0, "BlockID": "8-002", "BlockAcres": 30120.1, "BlockParcelCount": 77 }, "geometry": { "type": "Polygon", "coordinates": [ [ [ -108.200774133507579, 47.924596236272272 ], [ -108.200777003144353, 47.920977720862474 ], [ -108.200779871603373, 47.917359177010781 ], [ -108.200782768288491, 47.913740660855289 ], [ -108.206171478276957, 47.913741965356948 ], [ -108.211560187739494, 47.913743270793333 ], [ -108.216948897404393, 47.913744603270196 ], [ -108.222337635424353, 47.913745907300445 ], [ -108.222336467136117, 47.917364227672124 ], [ -108.222335325980325, 47.920982520825305 ], [ -108.222334182521166, 47.924600841317904 ], [ -108.222333041473021, 47.928219160389411 ], [ -108.216942578769121, 47.928218052326912 ], [ -108.21155214172812, 47.928216969692961 ], [ -108.206161704804401, 47.928215860912083 ], [ -108.206164127365426, 47.924597650150176 ], [ -108.200774133507579, 47.924596236272272 ] ] ] } },
{ "type": "Feature", "properties": { "CountyName": "Phillips", "OwnerName_Grouped": "NATURE CONSERVANCY", "OwnerName": "THE NATURE CONSERVANCY", "OwnerAddre": "32 S EWING ST", "OwnerAdd_1": null, "OwnerAdd_2": null, "OwnerCity": "HELENA", "OwnerState": "MT", "PropType": "Improved Property", "TotalAcres": 640.0, "BlockID": "8-002", "BlockAcres": 30120.1, "BlockParcelCount": 77 }, "geometry": { "type": "Polygon", "coordinates": [ [ [ -108.222337635424353, 47.913745907300445 ], [ -108.227723179818483, 47.91374618297192 ], [ -108.233108750365631, 47.91374645926237 ], [ -108.238494321685792, 47.913746734993204 ], [ -108.243879895078152, 47.91374701287782 ], [ -108.243881758424962, 47.917366636939704 ], [ -108.243883615786572, 47.920986236112057 ], [ -108.243885479988919, 47.924605833916523 ], [ -108.24388736971008, 47.928225433239518 ], [ -108.238498764350624, 47.928223878994984 ], [ -108.2331101915548, 47.928222294623936 ], [ -108.22772161565382, 47.928220714838417 ], [ -108.222333041473021, 47.928219160389411 ], [ -108.222334182521166, 47.924600841317904 ], [ -108.222335325980325, 47.920982520825305 ], [ -108.222336467136117, 47.917364227672124 ], [ -108.222337635424353, 47.913745907300445 ] ] ] } },
{ "type": "Feature", "properties": { "CountyName": "Phillips", "OwnerName_Grouped": "NATURE CONSERVANCY", "OwnerName": "THE NATURE CONSERVANCY", "OwnerAddre": "32 S EWING ST", "OwnerAdd_1": null, "OwnerAdd_2": null, "OwnerCity": "HELENA", "OwnerState": "MT", "PropType": "Vacant Land", "TotalAcres": 640.0, "BlockID": "8-002", "BlockAcres": 30120.1, "BlockParcelCount": 77 }, "geometry": { "type": "Polygon", "coordinates": [ [ [ -108.265441970528897, 47.913752026127227 ], [ -108.270825745958376, 47.913755610073679 ], [ -108.276209549801692, 47.913759193007671 ], [ -108.281593353917529, 47.913762777330405 ], [ -108.28697715765675, 47.913766334237614 ], [ -108.286986457540394, 47.917385322375196 ], [ -108.286995786686006, 47.921004310280964 ], [ -108.287005086182162, 47.924623298226798 ], [ -108.287014414248304, 47.928242258007124 ], [ -108.281624892486789, 47.928238284143227 ], [ -108.276235398567536, 47.928234281799291 ], [ -108.270845904293139, 47.928230310976055 ], [ -108.265456381655213, 47.928226308383053 ], [ -108.265452771967759, 47.924607738339688 ], [ -108.26544916267099, 47.920989166844961 ], [ -108.26544555238425, 47.917370595698706 ], [ -108.265441970528897, 47.913752026127227 ] ] ] } },
{ "type": "Feature", "properties": { "CountyName": "Phillips", "OwnerName_Grouped": "NATURE CONSERVANCY", "OwnerName": "THE NATURE CONSERVANCY", "OwnerAddre": "32 S EWING ST", "OwnerAdd_1": null, "OwnerAdd_2": null, "OwnerCity": "HELENA", "OwnerState": "MT", "PropType": "Vacant Land", "TotalAcres": 634.32, "BlockID": "8-002", "BlockAcres": 30120.1, "BlockParcelCount": 77 }, "geometry": { "type": "Polygon", "coordinates": [ [ [ -108.28697715765675, 47.913766334237614 ], [ -108.292351099658092, 47.913754917417712 ], [ -108.297725067686656, 47.913743475296613 ], [ -108.303102621806289, 47.913731446904123 ], [ -108.308367306764453, 47.913719641124473 ], [ -108.308353685197204, 47.917335936563127 ], [ -108.308340034119311, 47.920952205106722 ], [ -108.308326412639701, 47.924568496840244 ], [ -108.308312761563926, 47.92818476524841 ], [ -108.303192924477074, 47.928199039318535 ], [ -108.297803373367671, 47.928214009433567 ], [ -108.292408881071239, 47.928228147285061 ], [ -108.287014414248304, 47.928242258007124 ], [ -108.287005086182162, 47.924623298226798 ], [ -108.286995786686006, 47.921004310280964 ], [ -108.286986457540394, 47.917385322375196 ], [ -108.28697715765675, 47.913766334237614 ] ] ] } },
{ "type": "Feature", "properties": { "CountyName": "Phillips", "OwnerName_Grouped": "NATURE CONSERVANCY", "OwnerName": "THE NATURE CONSERVANCY", "OwnerAddre": "32 S EWING ST", "OwnerAdd_1": null, "OwnerAdd_2": null, "OwnerCity": "HELENA", "OwnerState": "MT", "PropType": "Vacant Land", "TotalAcres": 338.72, "BlockID": "8-002", "BlockAcres": 30120.1, "BlockParcelCount": 77 }, "geometry": { "type": "Polygon", "coordinates": [ [ [ -108.326115916899326, 48.045574604121605 ], [ -108.331542958316078, 48.045568613304994 ], [ -108.336970181856898, 48.045562209294623 ], [ -108.338847841937223, 48.045562020229632 ], [ -108.338494682846999, 48.047581899792114 ], [ -108.338250287946238, 48.048827326296561 ], [ -108.338186243196034, 48.049169518256484 ], [ -108.337614754849284, 48.052447707384005 ], [ -108.337552728824548, 48.052797507870878 ], [ -108.337201862370605, 48.054825588713818 ], [ -108.336980414642213, 48.056091527778293 ], [ -108.336916871378634, 48.056443874138829 ], [ -108.336320270985766, 48.059718713853364 ], [ -108.336254481452002, 48.060075168120179 ], [ -108.331447116547565, 48.060027118282065 ], [ -108.326045724624109, 48.060039734731873 ], [ -108.326099327174731, 48.056420378074641 ], [ -108.326124735005038, 48.052800941322417 ], [ -108.326136644230473, 48.049181534345841 ], [ -108.326115916899326, 48.045574604121605 ] ] ] } },
{ "type": "Feature", "properties": { "CountyName": "Phillips", "OwnerName_Grouped": "NATURE CONSERVANCY", "OwnerName": "THE NATURE CONSERVANCY", "OwnerAddre": "32 S EWING ST", "OwnerAdd_1": null, "OwnerAdd_2": null, "OwnerCity": "HELENA", "OwnerState": "MT", "PropType": "Vacant Land", "TotalAcres": 440.0, "BlockID": "8-002", "BlockAcres": 30120.1, "BlockParcelCount": 77 }, "geometry": { "type": "Polygon", "coordinates": [ [ [ -108.218565766309283, 47.994418055567444 ], [ -108.218554905303122, 47.990784134274335 ], [ -108.218545806735179, 47.987150226052442 ], [ -108.223946062493766, 47.987175247966192 ], [ -108.229346282662078, 47.987200040184987 ], [ -108.234746404760429, 47.987224857606982 ], [ -108.240146451281092, 47.987249713987111 ], [ -108.240161879370945, 47.990885588309752 ], [ -108.240180812348143, 47.99452147437507 ], [ -108.240200802334641, 47.998157331332706 ], [ -108.234794651484151, 47.998131261776237 ], [ -108.229388617732411, 47.998104924097191 ], [ -108.223982629387834, 47.998078733276827 ], [ -108.223969512800139, 47.994444464403223 ], [ -108.218565766309283, 47.994418055567444 ] ] ] } },
{ "type": "Feature", "properties": { "CountyName": "Phillips", "OwnerName_Grouped": "NATURE CONSERVANCY", "OwnerName": "THE NATURE CONSERVANCY", "OwnerAddre": "32 S EWING ST", "OwnerAdd_1": null, "OwnerAdd_2": null, "OwnerCity": "HELENA", "OwnerState": "MT", "PropType": "Improved Property", "TotalAcres": 360.0, "BlockID": "8-002", "BlockAcres": 30120.1, "BlockParcelCount": 77 }, "geometry": { "type": "Polygon", "coordinates": [ [ [ -108.240146451281092, 47.987249713987111 ], [ -108.245556032345718, 47.98728241394678 ], [ -108.245570877591604, 47.990917322416408 ], [ -108.250979765414101, 47.990949212180496 ], [ -108.256388713145313, 47.990981145146471 ], [ -108.26179755856441, 47.991012838819501 ], [ -108.261816531734524, 47.994643946066169 ], [ -108.261842627584102, 47.998275021794925 ], [ -108.256433161185285, 47.99824570194712 ], [ -108.251023743447007, 47.998216087712791 ], [ -108.245614621247753, 47.998186455317295 ], [ -108.242908498517437, 47.998171093156955 ], [ -108.241554637417934, 47.998164224009017 ], [ -108.240200802334641, 47.998157331332706 ], [ -108.240180812348143, 47.99452147437507 ], [ -108.240161879370945, 47.990885588309752 ], [ -108.240146451281092, 47.987249713987111 ] ] ] } },
{ "type": "Feature", "properties": { "CountyName": "Phillips", "OwnerName_Grouped": "NATURE CONSERVANCY", "OwnerName": "THE NATURE CONSERVANCY", "OwnerAddre": "32 S EWING ST", "OwnerAdd_1": null, "OwnerAdd_2": null, "OwnerCity": "HELENA", "OwnerState": "MT", "PropType": "Vacant Land", "TotalAcres": 472.07, "BlockID": "8-002", "BlockAcres": 30120.1, "BlockParcelCount": 77 }, "geometry": { "type": "Polygon", "coordinates": [ [ [ -108.326585593961056, 47.994752957033569 ], [ -108.32658917729222, 47.991134784948059 ], [ -108.326582703215223, 47.98751645690141 ], [ -108.331974934305464, 47.987516073448191 ], [ -108.337367005157105, 47.987513832016148 ], [ -108.342758899493631, 47.987510142814457 ], [ -108.348150491566301, 47.987506627103016 ], [ -108.348155881459164, 47.990972900414981 ], [ -108.348158099213606, 47.99175534424171 ], [ -108.347913035336319, 47.993212998415068 ], [ -108.347648488138091, 47.994751052133729 ], [ -108.347643498920931, 47.994780316158916 ], [ -108.347176900126485, 47.997513198681652 ], [ -108.347031059507088, 47.998356485311668 ], [ -108.347024055704068, 47.998397062319036 ], [ -108.342757991115022, 47.998395367228539 ], [ -108.337365613787725, 47.998388783426023 ], [ -108.331971319979019, 47.998382399194817 ], [ -108.326577169576524, 47.99837102291891 ], [ -108.326585593961056, 47.994752957033569 ] ] ] } },
{ "type": "Feature", "properties": { "CountyName": "Phillips", "OwnerName_Grouped": "NATURE CONSERVANCY", "OwnerName": "THE NATURE CONSERVANCY", "OwnerAddre": "32 S EWING ST", "OwnerAdd_1": null, "OwnerAdd_2": null, "OwnerCity": "HELENA", "OwnerState": "MT", "PropType": "Vacant Land", "TotalAcres": 320.0, "BlockID": "8-002", "BlockAcres": 30120.1, "BlockParcelCount": 77 }, "geometry": { "type": "Polygon", "coordinates": [ [ [ -108.251007497129777, 47.958271824165664 ], [ -108.25462225876214, 47.958292307160512 ], [ -108.256403039001356, 47.95830271606669 ], [ -108.26000974333742, 47.958323837877415 ], [ -108.261798609213272, 47.958334300744866 ], [ -108.261790806174432, 47.961968872800874 ], [ -108.261784550568777, 47.965603457843144 ], [ -108.261781540570794, 47.969238054085714 ], [ -108.261781043822594, 47.972872660930939 ], [ -108.256370032844032, 47.972836035044793 ], [ -108.250958965977404, 47.972799459828956 ], [ -108.250967880228359, 47.96916809462688 ], [ -108.250979015676208, 47.965536745254511 ], [ -108.25099280479526, 47.961904276187596 ], [ -108.251007497129777, 47.958271824165664 ] ] ] } },
{ "type": "Feature", "properties": { "CountyName": "Phillips", "OwnerName_Grouped": "NATURE CONSERVANCY", "OwnerName": "THE NATURE CONSERVANCY", "OwnerAddre": "32 S EWING ST", "OwnerAdd_1": null, "OwnerAdd_2": null, "OwnerCity": "HELENA", "OwnerState": "MT", "PropType": "Vacant Land", "TotalAcres": 447.31, "BlockID": "8-002", "BlockAcres": 30120.1, "BlockParcelCount": 77 }, "geometry": { "type": "Polygon", "coordinates": [ [ [ -108.261798609213272, 47.958334300744866 ], [ -108.265397255023458, 47.958353896039661 ], [ -108.267211150645508, 47.958364054028245 ], [ -108.269086094114982, 47.958374573603386 ], [ -108.270797953659169, 47.959379359102478 ], [ -108.275403277441512, 47.967188757364219 ], [ -108.279581029712702, 47.966817930031979 ], [ -108.283379071283406, 47.96789701983996 ], [ -108.28337208235493, 47.969395883848691 ], [ -108.283358316549368, 47.973039571088258 ], [ -108.277964090398328, 47.972997901414587 ], [ -108.272593486469887, 47.972956350470838 ], [ -108.272569801505355, 47.972956166908325 ], [ -108.267175452639862, 47.972914420683182 ], [ -108.261781043822594, 47.972872660930939 ], [ -108.261781540570794, 47.969238054085714 ], [ -108.261784550568777, 47.965603457843144 ], [ -108.261790806174432, 47.961968872800874 ], [ -108.261798609213272, 47.958334300744866 ] ] ] } },
{ "type": "Feature", "properties": { "CountyName": "Phillips", "OwnerName_Grouped": "NATURE CONSERVANCY", "OwnerName": "THE NATURE CONSERVANCY", "OwnerAddre": "32 S EWING ST", "OwnerAdd_1": null, "OwnerAdd_2": null, "OwnerCity": "HELENA", "OwnerState": "MT", "PropType": "Vacant Land", "TotalAcres": 318.64, "BlockID": "8-002", "BlockAcres": 30120.1, "BlockParcelCount": 77 }, "geometry": { "type": "Polygon", "coordinates": [ [ [ -108.283379071283406, 47.96789701983996 ], [ -108.283379118502808, 47.967887099905717 ], [ -108.283389072589955, 47.96575219975314 ], [ -108.288783494868994, 47.965776877794369 ], [ -108.29417782467003, 47.965801936138426 ], [ -108.299569863032005, 47.965828150365382 ], [ -108.304870151829959, 47.965855266350495 ], [ -108.304841944700044, 47.969482448683813 ], [ -108.304817383316248, 47.973109661349071 ], [ -108.299522318308476, 47.973093667562203 ], [ -108.29413555159185, 47.973080337737962 ], [ -108.288746973966539, 47.973059332410621 ], [ -108.283358316549368, 47.973039571088258 ], [ -108.28337208235493, 47.969395883848691 ], [ -108.283379071283406, 47.96789701983996 ] ] ] } },
{ "type": "Feature", "properties": { "CountyName": "Phillips", "OwnerName_Grouped": "NATURE CONSERVANCY", "OwnerName": "THE NATURE CONSERVANCY", "OwnerAddre": "32 S EWING ST", "OwnerAdd_1": null, "OwnerAdd_2": null, "OwnerCity": "HELENA", "OwnerState": "MT", "PropType": "Vacant Land", "TotalAcres": 640.0, "BlockID": "8-002", "BlockAcres": 30120.1, "BlockParcelCount": 77 }, "geometry": { "type": "Polygon", "coordinates": [ [ [ -108.304870151829959, 47.965855266350495 ], [ -108.304904451270687, 47.962228080050437 ], [ -108.304949822439255, 47.95860079325773 ], [ -108.308247781480887, 47.958603528246819 ], [ -108.310355749393494, 47.958596736406506 ], [ -108.313647964966023, 47.958583338277023 ], [ -108.315762050037961, 47.958578706696514 ], [ -108.319047411299309, 47.958571797025705 ], [ -108.321170867200479, 47.958568369057694 ], [ -108.324446716388181, 47.958562622142395 ], [ -108.326579414596722, 47.958559987973807 ], [ -108.326589978495477, 47.962210119413456 ], [ -108.326593811519061, 47.965827595599052 ], [ -108.326594977882607, 47.969445030737717 ], [ -108.326597365591056, 47.973062444138669 ], [ -108.321193544940272, 47.973072262933023 ], [ -108.315789799789059, 47.9730832701838 ], [ -108.310386112244061, 47.973096239625512 ], [ -108.304817383316248, 47.973109661349071 ], [ -108.304841944700044, 47.969482448683813 ], [ -108.304870151829959, 47.965855266350495 ] ] ] } },
{ "type": "Feature", "properties": { "CountyName": "Phillips", "OwnerName_Grouped": "NATURE CONSERVANCY", "OwnerName": "THE NATURE CONSERVANCY", "OwnerAddre": "32 S EWING ST", "OwnerAdd_1": null, "OwnerAdd_2": null, "OwnerCity": "HELENA", "OwnerState": "MT", "PropType": "Vacant Land", "TotalAcres": 640.0, "BlockID": "8-002", "BlockAcres": 30120.1, "BlockParcelCount": 77 }, "geometry": { "type": "Polygon", "coordinates": [ [ [ -108.326579414596722, 47.958559987973807 ], [ -108.329845891944288, 47.958557489350511 ], [ -108.331987532315651, 47.958556449617973 ], [ -108.335220671479149, 47.958555301355744 ], [ -108.337395865025286, 47.958555265072754 ], [ -108.340595817535558, 47.958557976137861 ], [ -108.342804643521717, 47.958560106331099 ], [ -108.345965013092268, 47.958565041661679 ], [ -108.348214308434507, 47.958573268775162 ], [ -108.348204809420892, 47.962191375974918 ], [ -108.348194022547887, 47.965809426571823 ], [ -108.348182264865684, 47.969427432683901 ], [ -108.348177954633059, 47.973045457635699 ], [ -108.342782667404279, 47.973053455105031 ], [ -108.337387500822501, 47.973058218426949 ], [ -108.331992396623676, 47.973060725197847 ], [ -108.326597365591056, 47.973062444138669 ], [ -108.326594977882607, 47.969445030737717 ], [ -108.326593811519061, 47.965827595599052 ], [ -108.326589978495477, 47.962210119413456 ], [ -108.326579414596722, 47.958559987973807 ] ] ] } },
{ "type": "Feature", "properties": { "CountyName": "Phillips", "OwnerName_Grouped": "NATURE CONSERVANCY", "OwnerName": "THE NATURE CONSERVANCY", "OwnerAddre": "32 S EWING ST", "OwnerAdd_1": null, "OwnerAdd_2": null, "OwnerCity": "HELENA", "OwnerState": "MT", "PropType": "Vacant Land", "TotalAcres": 127.76, "BlockID": "8-002", "BlockAcres": 30120.1, "BlockParcelCount": 77 }, "geometry": { "type": "Polygon", "coordinates": [ [ [ -108.348214308434507, 47.958573268775162 ], [ -108.351333015054735, 47.958568299944282 ], [ -108.35369289012678, 47.958574818205641 ], [ -108.353187751554557, 47.961698916831416 ], [ -108.35310312248717, 47.962191824751102 ], [ -108.352497632268197, 47.965814810006691 ], [ -108.351992604814512, 47.968868488670942 ], [ -108.351899097409913, 47.96942466212284 ], [ -108.351307219487921, 47.973041756975782 ], [ -108.348177954633059, 47.973045457635699 ], [ -108.348182264865684, 47.969427432683901 ], [ -108.348194022547887, 47.965809426571823 ], [ -108.348204809420892, 47.962191375974918 ], [ -108.348214308434507, 47.958573268775162 ] ] ] } },
{ "type": "Feature", "properties": { "CountyName": "Phillips", "OwnerName_Grouped": "NATURE CONSERVANCY", "OwnerName": "THE NATURE CONSERVANCY", "OwnerAddre": "32 S EWING ST", "OwnerAdd_1": null, "OwnerAdd_2": null, "OwnerCity": "HELENA", "OwnerState": "MT", "PropType": "Vacant Land", "TotalAcres": 480.0, "BlockID": "8-002", "BlockAcres": 30120.1, "BlockParcelCount": 77 }, "geometry": { "type": "Polygon", "coordinates": [ [ [ -108.265461628978315, 47.935464727125805 ], [ -108.265459020574099, 47.931845519108727 ], [ -108.265456381655213, 47.928226308383053 ], [ -108.270845904293139, 47.928230310976055 ], [ -108.276235398567536, 47.928234281799291 ], [ -108.281624892486789, 47.928238284143227 ], [ -108.287014414248304, 47.928242258007124 ], [ -108.287011185293977, 47.931860828236509 ], [ -108.287007984467436, 47.935479372986208 ], [ -108.287004755675582, 47.939097943852389 ], [ -108.281619627279198, 47.939094692111063 ], [ -108.276234498297612, 47.939091188873476 ], [ -108.270849369530382, 47.93908768882131 ], [ -108.265464237593534, 47.939083935444962 ], [ -108.265461628978315, 47.935464727125805 ] ] ] } },
{ "type": "Feature", "properties": { "CountyName": "Phillips", "OwnerName_Grouped": "NATURE CONSERVANCY", "OwnerName": "THE NATURE CONSERVANCY", "OwnerAddre": "32 S EWING ST", "OwnerAdd_1": null, "OwnerAdd_2": null, "OwnerCity": "HELENA", "OwnerState": "MT", "PropType": "Vacant Land", "TotalAcres": 320.0, "BlockID": "8-002", "BlockAcres": 30120.1, "BlockParcelCount": 77 }, "geometry": { "type": "Polygon", "coordinates": [ [ [ -108.243891092479572, 47.931843584886217 ], [ -108.243894841692367, 47.935461710136657 ], [ -108.238502322296881, 47.935460241567952 ], [ -108.233109771854089, 47.935458491676989 ], [ -108.227717224429583, 47.935456494127564 ], [ -108.222324701538724, 47.935454247355558 ], [ -108.222328872527243, 47.931836704168624 ], [ -108.222333041473021, 47.928219160389411 ], [ -108.22772161565382, 47.928220714838417 ], [ -108.2331101915548, 47.928222294623936 ], [ -108.238498764350624, 47.928223878994984 ], [ -108.24388736971008, 47.928225433239518 ], [ -108.243891092479572, 47.931843584886217 ] ] ] } },
{ "type": "Feature", "properties": { "CountyName": "Phillips", "OwnerName_Grouped": "NATURE CONSERVANCY", "OwnerName": "THE NATURE CONSERVANCY", "OwnerAddre": "32 S EWING ST", "OwnerAdd_1": null, "OwnerAdd_2": null, "OwnerCity": "HELENA", "OwnerState": "MT", "PropType": "Vacant Land", "TotalAcres": 560.0, "BlockID": "8-002", "BlockAcres": 30120.1, "BlockParcelCount": 77 }, "geometry": { "type": "Polygon", "coordinates": [ [ [ -108.265431673871845, 47.884797740774992 ], [ -108.270816543854224, 47.884797045739269 ], [ -108.276201411934053, 47.884796349143734 ], [ -108.276201741843948, 47.888417752647193 ], [ -108.281586444266907, 47.888417810220261 ], [ -108.286971144799864, 47.888417642182866 ], [ -108.28697111036135, 47.892040296294425 ], [ -108.286971105205296, 47.895662951179183 ], [ -108.286971070489926, 47.899285605309665 ], [ -108.281586876466079, 47.899283244359509 ], [ -108.276202674462766, 47.899280884609382 ], [ -108.270818477938221, 47.899278521700793 ], [ -108.2654343095071, 47.899276160374093 ], [ -108.26543364344937, 47.895656563689549 ], [ -108.265432975398312, 47.892036935948845 ], [ -108.265432338719918, 47.888417337815454 ], [ -108.265431673871845, 47.884797740774992 ] ] ] } },
{ "type": "Feature", "properties": { "CountyName": "Phillips", "OwnerName_Grouped": "NATURE CONSERVANCY", "OwnerName": "THE NATURE CONSERVANCY", "OwnerAddre": "32 S EWING ST", "OwnerAdd_1": null, "OwnerAdd_2": null, "OwnerCity": "HELENA", "OwnerState": "MT", "PropType": "Vacant Land", "TotalAcres": 398.98, "BlockID": "8-002", "BlockAcres": 30120.1, "BlockParcelCount": 77 }, "geometry": { "type": "Polygon", "coordinates": [ [ [ -108.286971144799864, 47.888417642182866 ], [ -108.292351900794884, 47.888409528589214 ], [ -108.297732685174921, 47.888401197279251 ], [ -108.297731981569413, 47.89202204509192 ], [ -108.303112096562757, 47.89201254560885 ], [ -108.30843570939156, 47.89200290609854 ], [ -108.308422864493537, 47.895622034336554 ], [ -108.308409992328365, 47.899241160077473 ], [ -108.303110634577365, 47.899252660601512 ], [ -108.297730547544518, 47.899264298900938 ], [ -108.292350824004785, 47.899274966248093 ], [ -108.286971070489926, 47.899285605309665 ], [ -108.286971105205296, 47.895662951179183 ], [ -108.28697111036135, 47.892040296294425 ], [ -108.286971144799864, 47.888417642182866 ] ] ] } },
{ "type": "Feature", "properties": { "CountyName": "Phillips", "OwnerName_Grouped": "NATURE CONSERVANCY", "OwnerName": "THE NATURE CONSERVANCY", "OwnerAddre": "32 S EWING ST", "OwnerAdd_1": null, "OwnerAdd_2": null, "OwnerCity": "HELENA", "OwnerState": "MT", "PropType": "Vacant Land", "TotalAcres": 640.0, "BlockID": "8-002", "BlockAcres": 30120.1, "BlockParcelCount": 77 }, "geometry": { "type": "Polygon", "coordinates": [ [ [ -108.2438833086442, 47.899275731994571 ], [ -108.249270931430758, 47.899275870701445 ], [ -108.254658689892736, 47.899275965035955 ], [ -108.260046499608833, 47.899276077075186 ], [ -108.2654343095071, 47.899276160374093 ], [ -108.265436224397007, 47.90289512009862 ], [ -108.265438138043322, 47.906514081143257 ], [ -108.265440055249996, 47.910133066942223 ], [ -108.265441970528897, 47.913752026127227 ], [ -108.260051387776059, 47.913750803600692 ], [ -108.254660805396199, 47.913749553945379 ], [ -108.249270270609472, 47.91374831726516 ], [ -108.243879895078152, 47.91374701287782 ], [ -108.243880726116444, 47.910129192008405 ], [ -108.24388158764495, 47.906511372779654 ], [ -108.243882448969259, 47.90289355127549 ], [ -108.2438833086442, 47.899275731994571 ] ] ] } },
{ "type": "Feature", "properties": { "CountyName": "Phillips", "OwnerName_Grouped": "NATURE CONSERVANCY", "OwnerName": "THE NATURE CONSERVANCY", "OwnerAddre": "32 S EWING ST", "OwnerAdd_1": null, "OwnerAdd_2": null, "OwnerCity": "HELENA", "OwnerState": "MT", "PropType": "Vacant Land", "TotalAcres": 640.0, "BlockID": "8-002", "BlockAcres": 30120.1, "BlockParcelCount": 77 }, "geometry": { "type": "Polygon", "coordinates": [ [ [ -108.2654343095071, 47.899276160374093 ], [ -108.270818477938221, 47.899278521700793 ], [ -108.276202674462766, 47.899280884609382 ], [ -108.281586876466079, 47.899283244359509 ], [ -108.286971070489926, 47.899285605309665 ], [ -108.286972592833735, 47.902905787817019 ], [ -108.28697411260697, 47.906525968927724 ], [ -108.286975636479355, 47.910146149596549 ], [ -108.28697715765675, 47.913766334237614 ], [ -108.281593353917529, 47.913762777330405 ], [ -108.276209549801692, 47.913759193007671 ], [ -108.270825745958376, 47.913755610073679 ], [ -108.265441970528897, 47.913752026127227 ], [ -108.265440055249996, 47.910133066942223 ], [ -108.265438138043322, 47.906514081143257 ], [ -108.265436224397007, 47.90289512009862 ], [ -108.2654343095071, 47.899276160374093 ] ] ] } },
{ "type": "Feature", "properties": { "CountyName": "Phillips", "OwnerName_Grouped": "NATURE CONSERVANCY", "OwnerName": "THE NATURE CONSERVANCY", "OwnerAddre": "32 S EWING ST", "OwnerAdd_1": null, "OwnerAdd_2": null, "OwnerCity": "HELENA", "OwnerState": "MT", "PropType": "Vacant Land", "TotalAcres": 637.12, "BlockID": "8-002", "BlockAcres": 30120.1, "BlockParcelCount": 77 }, "geometry": { "type": "Polygon", "coordinates": [ [ [ -108.286971070489926, 47.899285605309665 ], [ -108.292350824004785, 47.899274966248093 ], [ -108.297730547544518, 47.899264298900938 ], [ -108.303110634577365, 47.899252660601512 ], [ -108.308409992328365, 47.899241160077473 ], [ -108.308399312448671, 47.902860788368969 ], [ -108.308388663154432, 47.906480413821804 ], [ -108.308377983383551, 47.910100014198797 ], [ -108.308367306764453, 47.913719641124473 ], [ -108.303102621806289, 47.913731446904123 ], [ -108.297725067686656, 47.913743475296613 ], [ -108.292351099658092, 47.913754917417712 ], [ -108.28697715765675, 47.913766334237614 ], [ -108.286975636479355, 47.910146149596549 ], [ -108.28697411260697, 47.906525968927724 ], [ -108.286972592833735, 47.902905787817019 ], [ -108.286971070489926, 47.899285605309665 ] ] ] } },
{ "type": "Feature", "properties": { "CountyName": "Phillips", "OwnerName_Grouped": "NATURE CONSERVANCY", "OwnerName": "THE NATURE CONSERVANCY", "OwnerAddre": "32 S EWING ST", "OwnerAdd_1": null, "OwnerAdd_2": null, "OwnerCity": "HELENA", "OwnerState": "MT", "PropType": "Vacant Land", "TotalAcres": 480.0, "BlockID": "8-002", "BlockAcres": 30120.1, "BlockParcelCount": 77 }, "geometry": { "type": "Polygon", "coordinates": [ [ [ -108.308409992328365, 47.899241160077473 ], [ -108.313796534983922, 47.899242303260074 ], [ -108.31918313914764, 47.899244462338672 ], [ -108.319165375776464, 47.902865048960308 ], [ -108.319152747367383, 47.906485663793148 ], [ -108.324534746731601, 47.906490643888482 ], [ -108.329916685155311, 47.906499126437843 ], [ -108.329906572866022, 47.910119543775345 ], [ -108.329896284486566, 47.913740046150664 ], [ -108.324514054551273, 47.913731616690342 ], [ -108.319131821742431, 47.913725711166911 ], [ -108.313749555308988, 47.913721995408054 ], [ -108.308367306764453, 47.913719641124473 ], [ -108.308377983383551, 47.910100014198797 ], [ -108.308388663154432, 47.906480413821804 ], [ -108.308399312448671, 47.902860788368969 ], [ -108.308409992328365, 47.899241160077473 ] ] ] } },
{ "type": "Feature", "properties": { "CountyName": "Phillips", "OwnerName_Grouped": "NATURE CONSERVANCY", "OwnerName": "THE NATURE CONSERVANCY", "OwnerAddre": "32 S EWING ST", "OwnerAdd_1": null, "OwnerAdd_2": null, "OwnerCity": "HELENA", "OwnerState": "MT", "PropType": "Vacant Land", "TotalAcres": 640.0, "BlockID": "8-002", "BlockAcres": 30120.1, "BlockParcelCount": 77 }, "geometry": { "type": "Polygon", "coordinates": [ [ [ -108.329916685155311, 47.906499126437843 ], [ -108.329931021860872, 47.902878790663571 ], [ -108.329956825317055, 47.899258564236845 ], [ -108.335313292715384, 47.899250630442666 ], [ -108.340670006097341, 47.899248162721186 ], [ -108.346026942465215, 47.899247340671828 ], [ -108.351384084503493, 47.899246896114576 ], [ -108.35136301577964, 47.902875698571599 ], [ -108.351349625871009, 47.906504528584094 ], [ -108.351344236491386, 47.910133375797805 ], [ -108.351336485466447, 47.913762200107946 ], [ -108.345976430364615, 47.913755131101979 ], [ -108.340616407725449, 47.913748353055006 ], [ -108.335256350596751, 47.91374307207839 ], [ -108.329896284486566, 47.913740046150664 ], [ -108.329906572866022, 47.910119543775345 ], [ -108.329916685155311, 47.906499126437843 ] ] ] } },
{ "type": "Feature", "properties": { "CountyName": "Phillips", "OwnerName_Grouped": "NATURE CONSERVANCY", "OwnerName": "THE NATURE CONSERVANCY", "OwnerAddre": "32 S EWING ST", "OwnerAdd_1": null, "OwnerAdd_2": null, "OwnerCity": "HELENA", "OwnerState": "MT", "PropType": "Vacant Land", "TotalAcres": 324.12, "BlockID": "8-002", "BlockAcres": 30120.1, "BlockParcelCount": 77 }, "geometry": { "type": "Polygon", "coordinates": [ [ [ -108.362136156338252, 47.899212026332265 ], [ -108.36346304106624, 47.899210322693449 ], [ -108.363221493501925, 47.900717904342102 ], [ -108.362863442199583, 47.902859650828155 ], [ -108.362630583174251, 47.904296565126302 ], [ -108.362624559375419, 47.904332254176076 ], [ -108.362260685344083, 47.906506766609269 ], [ -108.362119186633763, 47.907366690851106 ], [ -108.362023279233071, 47.907947825005685 ], [ -108.361661924959392, 47.910136340746611 ], [ -108.361448970325071, 47.911486344168772 ], [ -108.361435708593532, 47.911564694230272 ], [ -108.361051859771521, 47.913746948607759 ], [ -108.356718925460058, 47.913754184102906 ], [ -108.351336485466447, 47.913762200107946 ], [ -108.351344236491386, 47.910133375797805 ], [ -108.351349625871009, 47.906504528584094 ], [ -108.35136301577964, 47.902875698571599 ], [ -108.351384084503493, 47.899246896114576 ], [ -108.356760006537996, 47.899229827581578 ], [ -108.362136156338252, 47.899212026332265 ] ] ] } },
{ "type": "Feature", "properties": { "CountyName": "Phillips", "OwnerName_Grouped": "NATURE CONSERVANCY", "OwnerName": "THE NATURE CONSERVANCY", "OwnerAddre": "32 S EWING ST", "OwnerAdd_1": null, "OwnerAdd_2": null, "OwnerCity": "HELENA", "OwnerState": "MT", "PropType": "Vacant Land", "TotalAcres": 322.419, "BlockID": "8-002", "BlockAcres": 30120.1, "BlockParcelCount": 77 }, "geometry": { "type": "Polygon", "coordinates": [ [ [ -108.243889901517448, 47.94631844915623 ], [ -108.243902345882432, 47.942697990387103 ], [ -108.249293367650424, 47.942699320961694 ], [ -108.254684508532591, 47.942700586177274 ], [ -108.260075694340898, 47.942701865319947 ], [ -108.265466877850386, 47.942703117387211 ], [ -108.265450208043589, 47.946320910824298 ], [ -108.265433539223181, 47.94993872975548 ], [ -108.260044581621472, 47.94993917431772 ], [ -108.260060248600524, 47.952847876114149 ], [ -108.265407000210217, 47.956119097982878 ], [ -108.265397255023458, 47.958353896039661 ], [ -108.261798609213272, 47.958334300744866 ], [ -108.26000974333742, 47.958323837877415 ], [ -108.260029550751227, 47.953557270574535 ], [ -108.25464115103992, 47.953557684944535 ], [ -108.254655592558848, 47.949939337963315 ], [ -108.254670064357413, 47.946319961178588 ], [ -108.24927992580507, 47.946319363354817 ], [ -108.243889901517448, 47.94631844915623 ] ] ] } },
{ "type": "Feature", "properties": { "CountyName": "Phillips", "OwnerName_Grouped": "NATURE CONSERVANCY", "OwnerName": "THE NATURE CONSERVANCY", "OwnerAddre": "32 S EWING ST", "OwnerAdd_1": null, "OwnerAdd_2": null, "OwnerCity": "HELENA", "OwnerState": "MT", "PropType": "Vacant Land", "TotalAcres": 8.271, "BlockID": "8-002", "BlockAcres": 30120.1, "BlockParcelCount": 77 }, "geometry": { "type": "Polygon", "coordinates": [ [ [ -108.265407000210217, 47.956119097982878 ], [ -108.269086094114982, 47.958374573603386 ], [ -108.267211150645508, 47.958364054028245 ], [ -108.265397255023458, 47.958353896039661 ], [ -108.265407000210217, 47.956119097982878 ] ] ] } },
{ "type": "Feature", "properties": { "CountyName": "Flathead", "OwnerName_Grouped": "NATURE CONSERVANCY", "OwnerName": "NATURE CONSERVANCY", "OwnerAddre": "32 S EWING ST", "OwnerAdd_1": null, "OwnerAdd_2": null, "OwnerCity": "HELENA", "OwnerState": "MT", "PropType": "Vacant Land", "TotalAcres": 52.37, "BlockID": "8-025", "BlockAcres": 52.37, "BlockParcelCount": 1 }, "geometry": { "type": "Polygon", "coordinates": [ [ [ -114.445811171485559, 48.962998252351483 ], [ -114.445767219950852, 48.95937704786661 ], [ -114.445739332122528, 48.957198916123858 ], [ -114.445735749546017, 48.956871914748035 ], [ -114.445821556384558, 48.956864927964553 ], [ -114.445833874424494, 48.959376284655086 ], [ -114.44583439329088, 48.959405842838201 ], [ -114.449043108009576, 48.959437566277252 ], [ -114.449040330583642, 48.959379322380784 ], [ -114.449049690181525, 48.957455720863422 ], [ -114.449844377228686, 48.956830582015492 ], [ -114.449854821927843, 48.95682237627426 ], [ -114.451220423527658, 48.955749355221357 ], [ -114.45124002185176, 48.958573664343952 ], [ -114.451240460762719, 48.95863683532567 ], [ -114.451248959212322, 48.959380248291886 ], [ -114.451326055141237, 48.963011358102655 ], [ -114.445811171485559, 48.962998252351483 ] ] ] } },
{ "type": "Feature", "properties": { "CountyName": "Gallatin", "OwnerName_Grouped": "NATURE CONSERVANCY", "OwnerName": "NATURE CONSERVANCY THE", "OwnerAddre": "32 S EWING ST", "OwnerAdd_1": null, "OwnerAdd_2": null, "OwnerCity": "HELENA", "OwnerState": "MT", "PropType": "Vacant Land", "TotalAcres": 15.152, "BlockID": "8-024", "BlockAcres": 80.973, "BlockParcelCount": 7 }, "geometry": { "type": "Polygon", "coordinates": [ [ [ -111.202558981550254, 44.692911633758783 ], [ -111.197525517362564, 44.692897559369641 ], [ -111.197522034009793, 44.691979497472445 ], [ -111.197520077233648, 44.691515919149481 ], [ -111.202554001715285, 44.691529849725185 ], [ -111.202556038795265, 44.691988938586469 ], [ -111.202558981550254, 44.692911633758783 ] ] ] } },
{ "type": "Feature", "properties": { "CountyName": "Gallatin", "OwnerName_Grouped": "NATURE CONSERVANCY", "OwnerName": "NATURE CONSERVANCY THE", "OwnerAddre": "32 S EWING ST", "OwnerAdd_1": null, "OwnerAdd_2": null, "OwnerCity": "HELENA", "OwnerState": "MT", "PropType": "Vacant Land", "TotalAcres": 15.18, "BlockID": "8-024", "BlockAcres": 80.973, "BlockParcelCount": 7 }, "geometry": { "type": "Polygon", "coordinates": [ [ [ -111.202554001715285, 44.691529849725185 ], [ -111.197520077233648, 44.691515919149481 ], [ -111.197518148008029, 44.691057024561069 ], [ -111.197513432553222, 44.690207306685679 ], [ -111.197513896154604, 44.690057949052097 ], [ -111.200031172921143, 44.690062440621659 ], [ -111.20003205066979, 44.690210883085051 ], [ -111.202550217309451, 44.690220025984303 ], [ -111.202552714090601, 44.691066250676641 ], [ -111.202554001715285, 44.691529849725185 ] ] ] } },
{ "type": "Feature", "properties": { "CountyName": "Gallatin", "OwnerName_Grouped": "NATURE CONSERVANCY", "OwnerName": "NATURE CONSERVANCY THE", "OwnerAddre": "32 S EWING ST", "OwnerAdd_1": null, "OwnerAdd_2": null, "OwnerCity": "HELENA", "OwnerState": "MT", "PropType": "Vacant Land", "TotalAcres": 10.163, "BlockID": "8-024", "BlockAcres": 80.973, "BlockParcelCount": 7 }, "geometry": { "type": "Polygon", "coordinates": [ [ [ -111.197513432553222, 44.690207306685679 ], [ -111.194994940407952, 44.690201701566167 ], [ -111.194990675174552, 44.689198409416818 ], [ -111.200028116855535, 44.689211878081863 ], [ -111.200031172921143, 44.690062440621659 ], [ -111.197513896154604, 44.690057949052097 ], [ -111.197513432553222, 44.690207306685679 ] ] ] } },
{ "type": "Feature", "properties": { "CountyName": "Gallatin", "OwnerName_Grouped": "NATURE CONSERVANCY", "OwnerName": "NATURE CONSERVANCY", "OwnerAddre": "32 S EWING ST", "OwnerAdd_1": null, "OwnerAdd_2": null, "OwnerCity": "HELENA", "OwnerState": "MT", "PropType": "Vacant Land", "TotalAcres": 10.1, "BlockID": "8-024", "BlockAcres": 80.973, "BlockParcelCount": 7 }, "geometry": { "type": "Polygon", "coordinates": [ [ [ -111.202561945424165, 44.693831542002918 ], [ -111.200045841664974, 44.693826383912892 ], [ -111.197529718223748, 44.69382116938143 ], [ -111.197525517362564, 44.692897559369641 ], [ -111.202558981550254, 44.692911633758783 ], [ -111.202561945424165, 44.693831542002918 ] ] ] } },
{ "type": "Feature", "properties": { "CountyName": "Gallatin", "OwnerName_Grouped": "NATURE CONSERVANCY", "OwnerName": "NATURE CONSERVANCY THE", "OwnerAddre": "32 S EWING ST", "OwnerAdd_1": null, "OwnerAdd_2": null, "OwnerCity": "HELENA", "OwnerState": "MT", "PropType": "Vacant Land", "TotalAcres": 10.123, "BlockID": "8-024", "BlockAcres": 80.973, "BlockParcelCount": 7 }, "geometry": { "type": "Polygon", "coordinates": [ [ [ -111.200028116855535, 44.689211878081863 ], [ -111.194990675174552, 44.689198409416818 ], [ -111.194985912690271, 44.688275976215884 ], [ -111.200024736525421, 44.688289344111155 ], [ -111.200028116855535, 44.689211878081863 ] ] ] } },
{ "type": "Feature", "properties": { "CountyName": "Gallatin", "OwnerName_Grouped": "NATURE CONSERVANCY", "OwnerName": "NATURE CONSERVANCY THE", "OwnerAddre": "32 S EWING ST", "OwnerAdd_1": null, "OwnerAdd_2": null, "OwnerCity": "HELENA", "OwnerState": "MT", "PropType": "Vacant Land", "TotalAcres": 10.13, "BlockID": "8-024", "BlockAcres": 80.973, "BlockParcelCount": 7 }, "geometry": { "type": "Polygon", "coordinates": [ [ [ -111.200024736525421, 44.688289344111155 ], [ -111.194985912690271, 44.688275976215884 ], [ -111.194980390565263, 44.687353364403442 ], [ -111.200021488174045, 44.687371309898573 ], [ -111.200021916379356, 44.687488357572391 ], [ -111.200024019478789, 44.688119069224051 ], [ -111.200024736525421, 44.688289344111155 ] ] ] } },
{ "type": "Feature", "properties": { "CountyName": "Gallatin", "OwnerName_Grouped": "NATURE CONSERVANCY", "OwnerName": "NATURE CONSERVANCY THE", "OwnerAddre": "32 S EWING ST", "OwnerAdd_1": null, "OwnerAdd_2": null, "OwnerCity": "HELENA", "OwnerState": "MT", "PropType": "Vacant Land", "TotalAcres": 10.125, "BlockID": "8-024", "BlockAcres": 80.973, "BlockParcelCount": 7 }, "geometry": { "type": "Polygon", "coordinates": [ [ [ -111.200021488174045, 44.687371309898573 ], [ -111.194980390565263, 44.687353364403442 ], [ -111.194976017059062, 44.686588478846367 ], [ -111.194975145135786, 44.686435251913295 ], [ -111.200019754127297, 44.686448772009996 ], [ -111.200018250459365, 44.686601826227033 ], [ -111.200021488174045, 44.687371309898573 ] ] ] } },
{ "type": "Feature", "properties": { "CountyName": "Lewis and Clark", "OwnerName_Grouped": "NATURE CONSERVANCY", "OwnerName": "THE NATURE CONSERVANCY", "OwnerAddre": "32 S EWING ST", "OwnerAdd_1": null, "OwnerAdd_2": null, "OwnerCity": "HELENA", "OwnerState": "MT", "PropType": "Vacant Land", "TotalAcres": 323.0, "BlockID": "8-020", "BlockAcres": 543.0, "BlockParcelCount": 3 }, "geometry": { "type": "Polygon", "coordinates": [ [ [ -112.627576269859162, 47.002081333892484 ], [ -112.627290573510621, 47.002080235037326 ], [ -112.627274801129417, 46.998363035969824 ], [ -112.627258959256139, 46.994745446745284 ], [ -112.632526844668476, 46.994776296210667 ], [ -112.637794504275845, 46.994807080772397 ], [ -112.643115540376684, 46.994837735905861 ], [ -112.648436854766771, 46.994868407359213 ], [ -112.648461002890315, 46.998487981444079 ], [ -112.648486042074708, 47.002143797379013 ], [ -112.64343300059177, 47.002129891203758 ], [ -112.643193704795721, 47.002129137371057 ], [ -112.638147272602652, 47.002115140732833 ], [ -112.63790137122173, 47.002114201181563 ], [ -112.632861969170861, 47.002098192608358 ], [ -112.632595970474981, 47.002097371212344 ], [ -112.627578893851265, 47.002081172097576 ], [ -112.627576269859162, 47.002081333892484 ] ] ] } },
{ "type": "Feature", "properties": { "CountyName": "Lewis and Clark", "OwnerName_Grouped": "NATURE CONSERVANCY", "OwnerName": "THE NATURE CONSERVANCY", "OwnerAddre": "32 S EWING ST", "OwnerAdd_1": null, "OwnerAdd_2": null, "OwnerCity": "HELENA", "OwnerState": "MT", "PropType": "Vacant Land", "TotalAcres": 384.47, "BlockID": "8-021", "BlockAcres": 384.47, "BlockParcelCount": 1 }, "geometry": { "type": "Polygon", "coordinates": [ [ [ -112.585101992343155, 46.973065077992366 ], [ -112.585106995460137, 46.969446848626447 ], [ -112.585109881365739, 46.967195395916818 ], [ -112.585109911935945, 46.967079378147794 ], [ -112.585110388387619, 46.966959654303601 ], [ -112.585112931417498, 46.965888399265907 ], [ -112.585112762589006, 46.965828323572602 ], [ -112.588643927155928, 46.965832307216935 ], [ -112.590247601042549, 46.965834177448443 ], [ -112.590251938222195, 46.964490657444422 ], [ -112.590332469940506, 46.964486228319025 ], [ -112.591644815404536, 46.964363110362648 ], [ -112.591800185833151, 46.964285227559841 ], [ -112.592879127584069, 46.964189756605158 ], [ -112.593089173085403, 46.964972246040645 ], [ -112.594269988630174, 46.964817888675682 ], [ -112.594072995544906, 46.964083961450427 ], [ -112.595546473499709, 46.963953378350602 ], [ -112.605924631407049, 46.963028153896822 ], [ -112.605915633918855, 46.965850955365852 ], [ -112.605991073358012, 46.969452672783646 ], [ -112.606066216537727, 46.973054482840958 ], [ -112.60082508350807, 46.973057165249777 ], [ -112.595583921411375, 46.973059728181113 ], [ -112.590343159035299, 46.973062487024201 ], [ -112.585101992343155, 46.973065077992366 ] ] ] } },
{ "type": "Feature", "properties": { "CountyName": "Lewis and Clark", "OwnerName_Grouped": "NATURE CONSERVANCY", "OwnerName": "THE NATURE CONSERVANCY", "OwnerAddre": "32 S EWING ST", "OwnerAdd_1": null, "OwnerAdd_2": null, "OwnerCity": "HELENA", "OwnerState": "MT", "PropType": "Vacant Land", "TotalAcres": 160.0, "BlockID": "8-020", "BlockAcres": 543.0, "BlockParcelCount": 3 }, "geometry": { "type": "Polygon", "coordinates": [ [ [ -112.676599025912921, 46.987761991813976 ], [ -112.673966611226376, 46.987764170126496 ], [ -112.668666322729749, 46.987769702003078 ], [ -112.66864099064982, 46.984161240385838 ], [ -112.673946235542118, 46.984153630940007 ], [ -112.679249679986398, 46.984146582258575 ], [ -112.684554213753799, 46.984138836790017 ], [ -112.689858749745582, 46.984130842668876 ], [ -112.689864812439311, 46.987748629798304 ], [ -112.684564804074427, 46.987754041585291 ], [ -112.679264825005561, 46.987759453040539 ], [ -112.676599025912921, 46.987761991813976 ] ] ] } },
{ "type": "Feature", "properties": { "CountyName": "Lewis and Clark", "OwnerName_Grouped": "NATURE CONSERVANCY", "OwnerName": "THE NATURE CONSERVANCY", "OwnerAddre": "32 S EWING ST STE 215", "OwnerAdd_1": null, "OwnerAdd_2": null, "OwnerCity": "HELENA", "OwnerState": "MT", "PropType": "Vacant Land", "TotalAcres": 60.0, "BlockID": "8-020", "BlockAcres": 543.0, "BlockParcelCount": 3 }, "geometry": { "type": "Polygon", "coordinates": [ [ [ -112.668684247307397, 46.991367227373559 ], [ -112.668666322729749, 46.987769702003078 ], [ -112.673966611226376, 46.987764170126496 ], [ -112.676599025912921, 46.987761991813976 ], [ -112.676638634373802, 46.991367652037411 ], [ -112.673965974725576, 46.991367245051862 ], [ -112.668684247307397, 46.991367227373559 ] ] ] } },
{ "type": "Feature", "properties": { "CountyName": "Missoula", "OwnerName_Grouped": "NATURE CONSERVANCY", "OwnerName": "MONTANA CHECKERBOARD LLC", "OwnerAddre": "32 S EWING ST STE 215", "OwnerAdd_1": null, "OwnerAdd_2": null, "OwnerCity": "HELENA", "OwnerState": "MT", "PropType": "Vacant Land", "TotalAcres": 360.0, "BlockID": "8-003", "BlockAcres": 25880.166, "BlockParcelCount": 64 }, "geometry": { "type": "Polygon", "coordinates": [ [ [ -113.807006180492465, 46.863584449934656 ], [ -113.807006764957578, 46.863284142399976 ], [ -113.81229709303399, 46.863300099550003 ], [ -113.817587447939673, 46.863316645460628 ], [ -113.822870341604826, 46.863335629711628 ], [ -113.823597346372253, 46.863338151112984 ], [ -113.828153186026015, 46.863353843320454 ], [ -113.828158306732888, 46.864463406355696 ], [ -113.828169871489465, 46.866969313720418 ], [ -113.82818699068271, 46.870584607376422 ], [ -113.828202914321977, 46.874200237710212 ], [ -113.822917467904745, 46.874190953961708 ], [ -113.822902134121904, 46.870572974753898 ], [ -113.817617361991395, 46.870557772635259 ], [ -113.812334215625313, 46.87054379079504 ], [ -113.807083154375078, 46.870530050888057 ], [ -113.80705115159823, 46.870529966312262 ], [ -113.807028637934593, 46.867209262747409 ], [ -113.807027708100591, 46.866907054583606 ], [ -113.807006180492465, 46.863584449934656 ] ] ] } },
{ "type": "Feature", "properties": { "CountyName": "Missoula", "OwnerName_Grouped": "NATURE CONSERVANCY", "OwnerName": "MONTANA CHECKERBOARD LLC", "OwnerAddre": "32 S EWING ST STE 215", "OwnerAdd_1": null, "OwnerAdd_2": null, "OwnerCity": "HELENA", "OwnerState": "MT", "PropType": "Vacant Land", "TotalAcres": 159.99, "BlockID": "8-004", "BlockAcres": 13898.35, "BlockParcelCount": 31 }, "geometry": { "type": "Polygon", "coordinates": [ [ [ -113.734444757221397, 46.9175581810753 ], [ -113.734458551867974, 46.913920181231596 ], [ -113.73974728592745, 46.913934458701888 ], [ -113.739920474841554, 46.913934922248735 ], [ -113.741402518855182, 46.913938876583586 ], [ -113.743245238880064, 46.913943766517058 ], [ -113.745036024016997, 46.913948490519395 ], [ -113.744999225061662, 46.917547930866867 ], [ -113.744962421098691, 46.921147368403837 ], [ -113.739696692711433, 46.921171895887383 ], [ -113.734430960775398, 46.921196179875302 ], [ -113.734444757221397, 46.9175581810753 ] ] ] } },
{ "type": "Feature", "properties": { "CountyName": "Missoula", "OwnerName_Grouped": "NATURE CONSERVANCY", "OwnerName": "MONTANA CHECKERBOARD LLC", "OwnerAddre": "32 S EWING ST STE 215", "OwnerAdd_1": null, "OwnerAdd_2": null, "OwnerCity": "HELENA", "OwnerState": "MT", "PropType": "Vacant Land", "TotalAcres": 591.033, "BlockID": "8-003", "BlockAcres": 25880.166, "BlockParcelCount": 64 }, "geometry": { "type": "Polygon", "coordinates": [ [ [ -113.817906846817721, 46.892377365844638 ], [ -113.817977890515124, 46.89208010413585 ], [ -113.818043537166901, 46.891774532342822 ], [ -113.81804789607061, 46.89175424171944 ], [ -113.81805539302303, 46.891747450550639 ], [ -113.818433997094687, 46.891404519370901 ], [ -113.818689148974158, 46.891116334233139 ], [ -113.818638637228474, 46.891064013417086 ], [ -113.818528964625656, 46.890950408650255 ], [ -113.818445737470242, 46.890864197040443 ], [ -113.818266331433634, 46.890937206023303 ], [ -113.818242431076371, 46.890946713674879 ], [ -113.818004323320849, 46.891047347347168 ], [ -113.817762809127103, 46.891144091378422 ], [ -113.817755319720675, 46.891147006020212 ], [ -113.817669380145247, 46.891180139973301 ], [ -113.817650638301544, 46.891187264542552 ], [ -113.817606040644804, 46.891215023236434 ], [ -113.817523768706764, 46.891266231178591 ], [ -113.817511133786823, 46.891270860281665 ], [ -113.817404738665758, 46.891309322798158 ], [ -113.81713866006929, 46.891401436736345 ], [ -113.816869289307178, 46.891488939051357 ], [ -113.816596796428456, 46.891571774499639 ], [ -113.816602545718496, 46.891611027820822 ], [ -113.816338284926644, 46.892379404864975 ], [ -113.816120106712816, 46.892379688208166 ], [ -113.815393473743299, 46.892362874500733 ], [ -113.814862462454428, 46.892350584760187 ], [ -113.814036071338194, 46.892332508872371 ], [ -113.813721313771154, 46.892325497019129 ], [ -113.813496663205513, 46.89238310305511 ], [ -113.812576503852554, 46.89238428492277 ], [ -113.812510273911073, 46.892384319085849 ], [ -113.812496781056979, 46.892384434940631 ], [ -113.812510211215809, 46.892381576557263 ], [ -113.815559918838204, 46.891733180178427 ], [ -113.815465151955379, 46.891523703711435 ], [ -113.815312370003994, 46.891556185406671 ], [ -113.815229451067466, 46.89137289767497 ], [ -113.812502278889639, 46.891952522015515 ], [ -113.812499482395467, 46.891953116255934 ], [ -113.81045813300797, 46.892386927284015 ], [ -113.807272942669343, 46.892390903777681 ], [ -113.807240942065619, 46.892390943080436 ], [ -113.807190347618871, 46.888749963433604 ], [ -113.807149254583535, 46.885792369759244 ], [ -113.80714887427348, 46.885765017248069 ], [ -113.807147669514009, 46.885678299867266 ], [ -113.807139759960606, 46.885108981037192 ], [ -113.807109102396012, 46.881474550144269 ], [ -113.807078583515107, 46.877856122892169 ], [ -113.812360799851717, 46.877782913057914 ], [ -113.817647277005861, 46.877793233829479 ], [ -113.82293411716077, 46.877809666828007 ], [ -113.828220767314775, 46.877815344271681 ], [ -113.82824383086259, 46.881429510540585 ], [ -113.828333775905676, 46.885143039998923 ], [ -113.828344433502537, 46.888753551170282 ], [ -113.828347918225717, 46.889933917042271 ], [ -113.828349229005994, 46.890377707455009 ], [ -113.827818145577524, 46.890240641615399 ], [ -113.827416826760697, 46.890211334358781 ], [ -113.826971306200093, 46.890209143151864 ], [ -113.826693302922436, 46.890213321391712 ], [ -113.82639066390449, 46.890142106739049 ], [ -113.826007378596074, 46.889991261330231 ], [ -113.825629768517331, 46.88979567597476 ], [ -113.825293246884897, 46.889649416676988 ], [ -113.824843177238051, 46.8894756558675 ], [ -113.824359691078371, 46.889347683104546 ], [ -113.823873089752183, 46.889296153214993 ], [ -113.823253879570032, 46.889325970276623 ], [ -113.823025711083744, 46.889358749975749 ], [ -113.823009192404697, 46.8893611226556 ], [ -113.822712752198115, 46.88940371000038 ], [ -113.822113008364937, 46.889559993545895 ], [ -113.821691047782735, 46.889734984811057 ], [ -113.821255182057897, 46.889967744742577 ], [ -113.820818801767118, 46.890194161711577 ], [ -113.820381908369612, 46.890414235663037 ], [ -113.819812390333425, 46.890715653050151 ], [ -113.819570757461406, 46.890941054601143 ], [ -113.819380987255343, 46.891234457956358 ], [ -113.81920920603136, 46.891520819558814 ], [ -113.819023005861041, 46.891858610483368 ], [ -113.818911825626685, 46.892206284535952 ], [ -113.818846029983476, 46.892376209092525 ], [ -113.817906846817721, 46.892377365844638 ] ] ] } },
{ "type": "Feature", "properties": { "CountyName": "Missoula", "OwnerName_Grouped": "NATURE CONSERVANCY", "OwnerName": "MONTANA CHECKERBOARD LLC", "OwnerAddre": "32 S EWING ST STE 215", "OwnerAdd_1": null, "OwnerAdd_2": null, "OwnerCity": "HELENA", "OwnerState": "MT", "PropType": "Vacant Land", "TotalAcres": 160.0, "BlockID": "8-001", "BlockAcres": 41451.712, "BlockParcelCount": 84 }, "geometry": { "type": "Polygon", "coordinates": [ [ [ -113.574290275443317, 47.032854981521943 ], [ -113.574275798280908, 47.029226140977869 ], [ -113.579575703637516, 47.029224995675271 ], [ -113.58487516052935, 47.02921388369186 ], [ -113.584888968852951, 47.032838695871057 ], [ -113.584887776573069, 47.036463383123611 ], [ -113.579585044442737, 47.036476514658084 ], [ -113.57428191479228, 47.036483695315091 ], [ -113.574290275443317, 47.032854981521943 ] ] ] } },
{ "type": "Feature", "properties": { "CountyName": "Missoula", "OwnerName_Grouped": "NATURE CONSERVANCY", "OwnerName": "MONTANA CHECKERBOARD LLC", "OwnerAddre": "32 S EWING ST STE 215", "OwnerAdd_1": null, "OwnerAdd_2": null, "OwnerCity": "HELENA", "OwnerState": "MT", "PropType": "Vacant Land", "TotalAcres": 51.5, "BlockID": "8-001", "BlockAcres": 41451.712, "BlockParcelCount": 84 }, "geometry": { "type": "Polygon", "coordinates": [ [ [ -113.472341384792401, 47.00083270408259 ], [ -113.472282002560689, 47.005340835821812 ], [ -113.468140463700891, 47.005267872579736 ], [ -113.46692249806641, 47.005236030346595 ], [ -113.466995573533552, 47.000832165487857 ], [ -113.472341384792401, 47.00083270408259 ] ] ] } },
{ "type": "Feature", "properties": { "CountyName": "Missoula", "OwnerName_Grouped": "NATURE CONSERVANCY", "OwnerName": "MONTANA CHECKERBOARD LLC", "OwnerAddre": "32 S EWING ST STE 215", "OwnerAdd_1": null, "OwnerAdd_2": null, "OwnerCity": "HELENA", "OwnerState": "MT", "PropType": "Vacant Land", "TotalAcres": 160.0, "BlockID": "8-001", "BlockAcres": 41451.712, "BlockParcelCount": 84 }, "geometry": { "type": "Polygon", "coordinates": [ [ [ -113.552944391583779, 47.021978358419439 ], [ -113.552913319970457, 47.018347320049742 ], [ -113.552956274716806, 47.014716111478734 ], [ -113.558273097734897, 47.01472875128978 ], [ -113.563618641543883, 47.01472379414011 ], [ -113.56363023730583, 47.018348815841911 ], [ -113.563607036335, 47.021973458553518 ], [ -113.558261597485171, 47.021980980511479 ], [ -113.552944391583779, 47.021978358419439 ] ] ] } },
{ "type": "Feature", "properties": { "CountyName": "Missoula", "OwnerName_Grouped": "NATURE CONSERVANCY", "OwnerName": "MONTANA CHECKERBOARD LLC", "OwnerAddre": "32 S EWING ST STE 215", "OwnerAdd_1": null, "OwnerAdd_2": null, "OwnerCity": "HELENA", "OwnerState": "MT", "PropType": "Vacant Land", "TotalAcres": 329.92, "BlockID": "8-004", "BlockAcres": 13898.35, "BlockParcelCount": 31 }, "geometry": { "type": "Polygon", "coordinates": [ [ [ -113.665122970309284, 46.986204084428763 ], [ -113.670425792693649, 46.986195585472579 ], [ -113.675728849003747, 46.986175522148351 ], [ -113.68151018128836, 46.986166288353552 ], [ -113.681492680537119, 46.98977962999092 ], [ -113.681513709333245, 46.993393220888194 ], [ -113.675759102225641, 46.993403691316431 ], [ -113.67045362409165, 46.993432795594359 ], [ -113.665145737742989, 46.99344162541302 ], [ -113.659838593289322, 46.993466698133211 ], [ -113.65981788795763, 46.989844526258956 ], [ -113.659820765258274, 46.9862225949284 ], [ -113.665122970309284, 46.986204084428763 ] ] ] } },
{ "type": "Feature", "properties": { "CountyName": "Missoula", "OwnerName_Grouped": "NATURE CONSERVANCY", "OwnerName": "MONTANA CHECKERBOARD LLC", "OwnerAddre": "32 S EWING ST STE 215", "OwnerAdd_1": null, "OwnerAdd_2": null, "OwnerCity": "HELENA", "OwnerState": "MT", "PropType": "Vacant Land", "TotalAcres": 165.0, "BlockID": "8-004", "BlockAcres": 13898.35, "BlockParcelCount": 31 }, "geometry": { "type": "Polygon", "coordinates": [ [ [ -113.670425792693649, 46.986195585472579 ], [ -113.670393885937642, 46.982577777613429 ], [ -113.67569867017734, 46.982561274720574 ], [ -113.675697874186241, 46.978946582198006 ], [ -113.67568877416727, 46.975334456804219 ], [ -113.681477523487715, 46.975329846809394 ], [ -113.681506626596786, 46.978939330957949 ], [ -113.681489144507339, 46.982552753863743 ], [ -113.68151018128836, 46.986166288353552 ], [ -113.675728849003747, 46.986175522148351 ], [ -113.670425792693649, 46.986195585472579 ] ] ] } },
{ "type": "Feature", "properties": { "CountyName": "Missoula", "OwnerName_Grouped": "NATURE CONSERVANCY", "OwnerName": "MONTANA CHECKERBOARD LLC", "OwnerAddre": "32 S EWING ST STE 215", "OwnerAdd_1": null, "OwnerAdd_2": null, "OwnerCity": "HELENA", "OwnerState": "MT", "PropType": "Vacant Land", "TotalAcres": 480.0, "BlockID": "8-001", "BlockAcres": 41451.712, "BlockParcelCount": 84 }, "geometry": { "type": "Polygon", "coordinates": [ [ [ -113.574298591530521, 47.040123083405895 ], [ -113.57428191479228, 47.036483695315091 ], [ -113.579585044442737, 47.036476514658084 ], [ -113.584887776573069, 47.036463383123611 ], [ -113.590190845585667, 47.03645618855947 ], [ -113.590211463740118, 47.040100184902762 ], [ -113.590220313309246, 47.043744197409204 ], [ -113.590240948252315, 47.047388052329936 ], [ -113.590249757900153, 47.051031823511401 ], [ -113.584934090848407, 47.051034467974546 ], [ -113.57961876322355, 47.051038452624425 ], [ -113.574303008910007, 47.051041082908021 ], [ -113.574309075102519, 47.047401754294718 ], [ -113.574292448172329, 47.043762389037958 ], [ -113.574298591530521, 47.040123083405895 ] ] ] } },
{ "type": "Feature", "properties": { "CountyName": "Missoula", "OwnerName_Grouped": "NATURE CONSERVANCY", "OwnerName": "MONTANA CHECKERBOARD LLC", "OwnerAddre": "32 S EWING ST STE 215", "OwnerAdd_1": null, "OwnerAdd_2": null, "OwnerCity": "HELENA", "OwnerState": "MT", "PropType": "Vacant Land", "TotalAcres": 251.35, "BlockID": "8-004", "BlockAcres": 13898.35, "BlockParcelCount": 31 }, "geometry": { "type": "Polygon", "coordinates": [ [ [ -113.718626281091176, 46.91393326353684 ], [ -113.718625562441886, 46.912344586191942 ], [ -113.718479986796112, 46.912425360816144 ], [ -113.718329074016481, 46.912501396972289 ], [ -113.71817315226177, 46.912572529309379 ], [ -113.718012560587567, 46.912638603139818 ], [ -113.717847648208902, 46.912699474775934 ], [ -113.717678773740587, 46.912755011842528 ], [ -113.717506304417242, 46.912805093564899 ], [ -113.717330615294372, 46.91284961103166 ], [ -113.717152088432542, 46.9128884674315 ], [ -113.716674052370081, 46.912960952557427 ], [ -113.715923718594539, 46.913078847608205 ], [ -113.715526187184267, 46.913140124162247 ], [ -113.714165582254012, 46.913349839090806 ], [ -113.714150149871628, 46.913321735718704 ], [ -113.713322357652814, 46.913445644646764 ], [ -113.713135349751326, 46.913473635837121 ], [ -113.713064634560524, 46.913237288357578 ], [ -113.713323748473329, 46.913197404862693 ], [ -113.714082185423308, 46.913080659508253 ], [ -113.714108484271748, 46.913076611672011 ], [ -113.71543696787063, 46.912872108517696 ], [ -113.716385861265124, 46.912726028076818 ], [ -113.716589579274626, 46.912697309811996 ], [ -113.717046459750506, 46.91262511768182 ], [ -113.717178185123075, 46.912596167687852 ], [ -113.717308200332269, 46.912563790419256 ], [ -113.717321016854399, 46.912560521890065 ], [ -113.717333813567691, 46.912557218937067 ], [ -113.717346594548204, 46.912553883212489 ], [ -113.717359354903081, 46.912550519404 ], [ -113.717372097860178, 46.912547118378512 ], [ -113.717384822390542, 46.912543683779582 ], [ -113.717397527253468, 46.912540216554433 ], [ -113.717410213760303, 46.912536716654614 ], [ -113.717422880599557, 46.912533184128606 ], [ -113.717435526954432, 46.912529625316196 ], [ -113.717448154387768, 46.912526026639007 ], [ -113.717460761265968, 46.912522400776702 ], [ -113.717473348052479, 46.912518736895564 ], [ -113.717643251370404, 46.912465596519468 ], [ -113.717808929694584, 46.912406523133512 ], [ -113.717969942187764, 46.912341673925361 ], [ -113.718043374691092, 46.912308182833634 ], [ -113.718168443818669, 46.91224692692645 ], [ -113.718289598113273, 46.912182081587261 ], [ -113.718371106567119, 46.91213512994554 ], [ -113.718444422432697, 46.912093441204149 ], [ -113.718465075376599, 46.912081289260101 ], [ -113.718485593704415, 46.91206903141498 ], [ -113.718505977557641, 46.912056669466459 ], [ -113.718516117665175, 46.912050448490781 ], [ -113.718526224101069, 46.912044200815174 ], [ -113.718536295624332, 46.912037927386891 ], [ -113.718546332235093, 46.912031628205952 ], [ -113.718556333933236, 46.912025303272344 ], [ -113.71860495467601, 46.911993795659789 ], [ -113.71860607662731, 46.911993059244267 ], [ -113.718625397483606, 46.911980277739872 ], [ -113.718624821119917, 46.910705293967453 ], [ -113.718624762043675, 46.910573879933089 ], [ -113.718591383393886, 46.910588584276653 ], [ -113.717970909538352, 46.910865201833822 ], [ -113.717968753159482, 46.910962952586615 ], [ -113.717306970007527, 46.911255792800915 ], [ -113.717308961139395, 46.911193020933126 ], [ -113.717308927058014, 46.911156763199422 ], [ -113.717242195608662, 46.911186083564289 ], [ -113.716386104196857, 46.911562228578539 ], [ -113.714910129607631, 46.912212107094433 ], [ -113.714936996801654, 46.912240714912627 ], [ -113.713984785197283, 46.912662336969227 ], [ -113.71332511023904, 46.912954420281153 ], [ -113.713227827891274, 46.912997492787248 ], [ -113.713019962705928, 46.913088591875194 ], [ -113.71253435188315, 46.913290120667256 ], [ -113.712331695207183, 46.913365324313162 ], [ -113.712125430015305, 46.913435771056676 ], [ -113.711915794012, 46.913501379708897 ], [ -113.711703028789259, 46.913562074656468 ], [ -113.71148737954816, 46.913617785948787 ], [ -113.711269094815947, 46.91366844937869 ], [ -113.711048426159493, 46.913714006556475 ], [ -113.710273130299441, 46.913897731105578 ], [ -113.710177011643722, 46.913912083338722 ], [ -113.70973083566065, 46.913978703968631 ], [ -113.708041955917864, 46.914230645315165 ], [ -113.708020781930657, 46.917518588367614 ], [ -113.713295624709176, 46.917532704367289 ], [ -113.713282810353164, 46.920212150638982 ], [ -113.711973892764433, 46.92021286465787 ], [ -113.711971215600727, 46.921102238944016 ], [ -113.710963586965249, 46.921102544373142 ], [ -113.707997693601058, 46.921103393293343 ], [ -113.702716831567969, 46.92110471350334 ], [ -113.702742573554588, 46.917504219520595 ], [ -113.702761959054726, 46.914792465638243 ], [ -113.702762221973259, 46.914755709708295 ], [ -113.702763441420302, 46.914585048527641 ], [ -113.702763625840575, 46.914559257077109 ], [ -113.704781533314488, 46.914264010753811 ], [ -113.705259374657103, 46.914194090290479 ], [ -113.705738283743102, 46.914124011279689 ], [ -113.706215699982749, 46.914054149253197 ], [ -113.707238106457581, 46.913904528277001 ], [ -113.707761013125037, 46.913828001730764 ], [ -113.708037955581574, 46.913787468122131 ], [ -113.708040291203872, 46.913787126063433 ], [ -113.708050367234549, 46.913785651475941 ], [ -113.709941380194763, 46.913516343362943 ], [ -113.710578274227146, 46.913380118715693 ], [ -113.711292565010851, 46.913254788431132 ], [ -113.711819295644858, 46.913119149894762 ], [ -113.712263286613123, 46.913011585012065 ], [ -113.712923209772654, 46.91273920936915 ], [ -113.713327249860981, 46.912572495419219 ], [ -113.713835758063468, 46.91236267253624 ], [ -113.714663114483429, 46.912006714051593 ], [ -113.716027785132013, 46.911402710105058 ], [ -113.717341820952626, 46.910849327201497 ], [ -113.717914376040838, 46.910603746633718 ], [ -113.718274704332188, 46.91043864486776 ], [ -113.718388519698493, 46.910391205391811 ], [ -113.718626940803986, 46.910291828834026 ], [ -113.719101032968211, 46.910103543447988 ], [ -113.719542573167061, 46.909795105619693 ], [ -113.719856732958945, 46.909510926342413 ], [ -113.720056514487254, 46.909283622333241 ], [ -113.72017603166438, 46.909068880628496 ], [ -113.720296125366175, 46.908803215382832 ], [ -113.720568133391538, 46.908218970479737 ], [ -113.720784485823231, 46.90761898961992 ], [ -113.720864517449542, 46.907427674176212 ], [ -113.720964566773802, 46.907188501450754 ], [ -113.72117404360219, 46.906872946059195 ], [ -113.721407105315762, 46.906873079238245 ], [ -113.721871004608815, 46.906873343483426 ], [ -113.72389524760132, 46.906874472408866 ], [ -113.723836984997632, 46.910408786026608 ], [ -113.723779601888381, 46.913889317171062 ], [ -113.723838001174016, 46.917570370393882 ], [ -113.72389436579617, 46.921122697374827 ], [ -113.720371392077439, 46.921115879856771 ], [ -113.718586550160211, 46.921112384486314 ], [ -113.718606214291796, 46.917551364338671 ], [ -113.718626281091176, 46.91393326353684 ] ] ] } },
{ "type": "Feature", "properties": { "CountyName": "Missoula", "OwnerName_Grouped": "NATURE CONSERVANCY", "OwnerName": "MONTANA CHECKERBOARD LLC", "OwnerAddre": "32 S EWING ST STE 215", "OwnerAdd_1": null, "OwnerAdd_2": null, "OwnerCity": "HELENA", "OwnerState": "MT", "PropType": "Vacant Land", "TotalAcres": 560.0, "BlockID": "8-001", "BlockAcres": 41451.712, "BlockParcelCount": 84 }, "geometry": { "type": "Polygon", "coordinates": [ [ [ -113.552944391583779, 47.021978358419439 ], [ -113.558261597485171, 47.021980980511479 ], [ -113.563607036335, 47.021973458553518 ], [ -113.563623019358644, 47.025604655769278 ], [ -113.568953344288062, 47.025607199110318 ], [ -113.574284225345764, 47.025597473202936 ], [ -113.574275798280908, 47.029226140977869 ], [ -113.574290275443317, 47.032854981521943 ], [ -113.57428191479228, 47.036483695315091 ], [ -113.568942102157337, 47.036493264727717 ], [ -113.563601715406207, 47.036496786976308 ], [ -113.558247768062529, 47.036504960857599 ], [ -113.552921516556054, 47.036509878709154 ], [ -113.55289102170785, 47.032876966248004 ], [ -113.552932955472414, 47.029244103957083 ], [ -113.552901967428411, 47.02561122593594 ], [ -113.552944391583779, 47.021978358419439 ] ] ] } },
{ "type": "Feature", "properties": { "CountyName": "Missoula", "OwnerName_Grouped": "NATURE CONSERVANCY", "OwnerName": "MONTANA CHECKERBOARD LLC", "OwnerAddre": "32 S EWING ST STE 215", "OwnerAdd_1": null, "OwnerAdd_2": null, "OwnerCity": "HELENA", "OwnerState": "MT", "PropType": "Vacant Land", "TotalAcres": 51.5, "BlockID": "8-001", "BlockAcres": 41451.712, "BlockParcelCount": 84 }, "geometry": { "type": "Polygon", "coordinates": [ [ [ -113.47763368847653, 47.000843046679691 ], [ -113.477563640119016, 47.005479504335433 ], [ -113.473429706545176, 47.00537120256282 ], [ -113.472282002560689, 47.005340835821812 ], [ -113.472341384792401, 47.00083270408259 ], [ -113.47763368847653, 47.000843046679691 ] ] ] } },
{ "type": "Feature", "properties": { "CountyName": "Missoula", "OwnerName_Grouped": "NATURE CONSERVANCY", "OwnerName": "MONTANA CHECKERBOARD LLC", "OwnerAddre": "32 S EWING ST STE 215", "OwnerAdd_1": null, "OwnerAdd_2": null, "OwnerCity": "HELENA", "OwnerState": "MT", "PropType": "Vacant Land", "TotalAcres": 309.4, "BlockID": "8-001", "BlockAcres": 41451.712, "BlockParcelCount": 84 }, "geometry": { "type": "Polygon", "coordinates": [ [ [ -113.514955286339301, 47.004735137149339 ], [ -113.514938942478409, 47.006476828763944 ], [ -113.510528466089241, 47.006371041128403 ], [ -113.509603441788514, 47.006344807014891 ], [ -113.505219559398256, 47.006220694208416 ], [ -113.504267968289653, 47.006193561014314 ], [ -113.4999063502583, 47.00607582676038 ], [ -113.498902953941553, 47.006047286286453 ], [ -113.494596754751086, 47.005923597618455 ], [ -113.493537922417886, 47.005894785721964 ], [ -113.493554592350421, 47.00448609953645 ], [ -113.493599510489886, 47.000859115452045 ], [ -113.498961252825353, 47.000887534562111 ], [ -113.504321520614539, 47.000965501961758 ], [ -113.509656644610985, 47.000991448743548 ], [ -113.514989153610074, 47.001070111419544 ], [ -113.514955286339301, 47.004735137149339 ] ] ] } },
{ "type": "Feature", "properties": { "CountyName": "Missoula", "OwnerName_Grouped": "NATURE CONSERVANCY", "OwnerName": "MONTANA CHECKERBOARD LLC", "OwnerAddre": "32 S EWING ST STE 215", "OwnerAdd_1": null, "OwnerAdd_2": null, "OwnerCity": "HELENA", "OwnerState": "MT", "PropType": "Vacant Land", "TotalAcres": 640.0, "BlockID": "8-001", "BlockAcres": 41451.712, "BlockParcelCount": 84 }, "geometry": { "type": "Polygon", "coordinates": [ [ [ -113.552921516556054, 47.036509878709154 ], [ -113.558247768062529, 47.036504960857599 ], [ -113.563601715406207, 47.036496786976308 ], [ -113.568942102157337, 47.036493264727717 ], [ -113.57428191479228, 47.036483695315091 ], [ -113.574298591530521, 47.040123083405895 ], [ -113.574292448172329, 47.043762389037958 ], [ -113.574309075102519, 47.047401754294718 ], [ -113.574303008910007, 47.051041082908021 ], [ -113.568955683927413, 47.051037135953969 ], [ -113.563607756743565, 47.05103175409203 ], [ -113.558246549943135, 47.051027400019521 ], [ -113.552912503748303, 47.051022425880028 ], [ -113.552879470773078, 47.047394254211582 ], [ -113.552916997170954, 47.043766151785348 ], [ -113.552883566025542, 47.040137989480755 ], [ -113.552921516556054, 47.036509878709154 ] ] ] } },
{ "type": "Feature", "properties": { "CountyName": "Missoula", "OwnerName_Grouped": "NATURE CONSERVANCY", "OwnerName": "MONTANA CHECKERBOARD LLC", "OwnerAddre": "32 S EWING ST STE 215", "OwnerAdd_1": null, "OwnerAdd_2": null, "OwnerCity": "HELENA", "OwnerState": "MT", "PropType": "Vacant Land", "TotalAcres": 240.12, "BlockID": "8-003", "BlockAcres": 25880.166, "BlockParcelCount": 64 }, "geometry": { "type": "Polygon", "coordinates": [ [ [ -113.781654996466742, 46.849086459542683 ], [ -113.781659464907975, 46.845470055710024 ], [ -113.781648655114836, 46.841853594670219 ], [ -113.776383124270808, 46.841850494144076 ], [ -113.776379554985652, 46.838230667376706 ], [ -113.776382977326932, 46.834686438279782 ], [ -113.776382989909592, 46.834672757735298 ], [ -113.776383017063495, 46.834645322654616 ], [ -113.776589519489875, 46.834645880566157 ], [ -113.780064011174829, 46.834655205337256 ], [ -113.781642131750303, 46.8346594061369 ], [ -113.781756535907661, 46.834659709122853 ], [ -113.786725748537833, 46.834672788259695 ], [ -113.786806499488534, 46.834672999264015 ], [ -113.78686477368106, 46.834673151144194 ], [ -113.786901255645574, 46.834673246142245 ], [ -113.78690141694824, 46.838234423815706 ], [ -113.786913857864221, 46.841857502211944 ], [ -113.786925734507705, 46.845475531496056 ], [ -113.786926462978698, 46.849093689783047 ], [ -113.781654996466742, 46.849086459542683 ] ] ] } },
{ "type": "Feature", "properties": { "CountyName": "Missoula", "OwnerName_Grouped": "NATURE CONSERVANCY", "OwnerName": "MONTANA CHECKERBOARD LLC", "OwnerAddre": "32 S EWING ST STE 215", "OwnerAdd_1": null, "OwnerAdd_2": null, "OwnerCity": "HELENA", "OwnerState": "MT", "PropType": "Vacant Land", "TotalAcres": 480.0, "BlockID": "8-001", "BlockAcres": 41451.712, "BlockParcelCount": 84 }, "geometry": { "type": "Polygon", "coordinates": [ [ [ -113.446835649634707, 47.065405875886619 ], [ -113.452133298963716, 47.065426045656615 ], [ -113.45743104860675, 47.065448323910154 ], [ -113.462728686360379, 47.065468539108139 ], [ -113.462742157029652, 47.069083696640718 ], [ -113.462758700062707, 47.072698722900164 ], [ -113.46277225680744, 47.076313436354191 ], [ -113.462788739944386, 47.079928019064326 ], [ -113.457492657944684, 47.07989979543774 ], [ -113.452196472620258, 47.079868122688538 ], [ -113.446900342685353, 47.079840068838735 ], [ -113.446883058080687, 47.076231484617452 ], [ -113.446867996070836, 47.07262297275738 ], [ -113.446850692960197, 47.06901439327865 ], [ -113.446835649634707, 47.065405875886619 ] ] ] } },
{ "type": "Feature", "properties": { "CountyName": "Missoula", "OwnerName_Grouped": "NATURE CONSERVANCY", "OwnerName": "MONTANA CHECKERBOARD LLC", "OwnerAddre": "32 S EWING ST STE 215", "OwnerAdd_1": null, "OwnerAdd_2": null, "OwnerCity": "HELENA", "OwnerState": "MT", "PropType": "Vacant Land", "TotalAcres": 482.36, "BlockID": "8-003", "BlockAcres": 25880.166, "BlockParcelCount": 64 }, "geometry": { "type": "Polygon", "coordinates": [ [ [ -113.787243710724567, 46.881442793335076 ], [ -113.787251168788913, 46.877880094447072 ], [ -113.792221677834732, 46.87787578336777 ], [ -113.792552359485867, 46.877875489603163 ], [ -113.797567031231651, 46.8778709071929 ], [ -113.797898458122447, 46.877870596925845 ], [ -113.797908136820652, 46.877870587553438 ], [ -113.802788508073903, 46.877862980773635 ], [ -113.803119399808409, 46.877862458287062 ], [ -113.807078583515107, 46.877856122892169 ], [ -113.807109102396012, 46.881474550144269 ], [ -113.807139759960606, 46.885108981037192 ], [ -113.807147669514009, 46.885678299867266 ], [ -113.80714887427348, 46.885765017248069 ], [ -113.807149254583535, 46.885792369759244 ], [ -113.807190347618871, 46.888749963433604 ], [ -113.807240942065619, 46.892390943080436 ], [ -113.80720894505842, 46.892391534821677 ], [ -113.804656099503248, 46.89243873746306 ], [ -113.803973935558176, 46.892451340511506 ], [ -113.803928242424121, 46.892452185451496 ], [ -113.803121291026784, 46.892467089004931 ], [ -113.803120999444673, 46.891789678200283 ], [ -113.803120908123319, 46.891579038958874 ], [ -113.803120792628036, 46.891312481700346 ], [ -113.803119722270694, 46.888763211703669 ], [ -113.797818518273729, 46.888780248880011 ], [ -113.797815347394234, 46.888780272729029 ], [ -113.792511807735764, 46.888820597741592 ], [ -113.787205068200478, 46.888860700004045 ], [ -113.787235866282359, 46.885188997169188 ], [ -113.787243710724567, 46.881442793335076 ] ] ] } },
{ "type": "Feature", "properties": { "CountyName": "Missoula", "OwnerName_Grouped": "NATURE CONSERVANCY", "OwnerName": "MONTANA CHECKERBOARD LLC", "OwnerAddre": "32 S EWING ST STE 215", "OwnerAdd_1": null, "OwnerAdd_2": null, "OwnerCity": "HELENA", "OwnerState": "MT", "PropType": "Vacant Land", "TotalAcres": 640.0, "BlockID": "8-003", "BlockAcres": 25880.166, "BlockParcelCount": 64 }, "geometry": { "type": "Polygon", "coordinates": [ [ [ -113.72375557941524, 46.838168904399957 ], [ -113.723764463188076, 46.834553426108378 ], [ -113.72389955959477, 46.834553623593493 ], [ -113.72392745064127, 46.834553664849985 ], [ -113.725987104807231, 46.834556663868902 ], [ -113.729029505197687, 46.834561024865316 ], [ -113.729666559960904, 46.834561927609798 ], [ -113.731225630392586, 46.834564121921375 ], [ -113.734294568316983, 46.834568380013813 ], [ -113.734452686230483, 46.834568597069925 ], [ -113.736552856579038, 46.834571461132334 ], [ -113.739550888046395, 46.834575481205185 ], [ -113.741876801374943, 46.834578546723328 ], [ -113.744807203902369, 46.834582340516789 ], [ -113.74480345409529, 46.838195257994428 ], [ -113.744800412862929, 46.841818007072455 ], [ -113.744769127665506, 46.845435799681553 ], [ -113.744793651252294, 46.849053647056927 ], [ -113.739526104551672, 46.849048539212255 ], [ -113.734259482212281, 46.849044750424099 ], [ -113.728992115427857, 46.849040131556251 ], [ -113.723725343367562, 46.849035853407614 ], [ -113.723724510325539, 46.845415200018351 ], [ -113.723744917240353, 46.841794653400612 ], [ -113.72375557941524, 46.838168904399957 ] ] ] } },
{ "type": "Feature", "properties": { "CountyName": "Missoula", "OwnerName_Grouped": "NATURE CONSERVANCY", "OwnerName": "MONTANA CHECKERBOARD LLC", "OwnerAddre": "32 S EWING ST STE 215", "OwnerAdd_1": null, "OwnerAdd_2": null, "OwnerCity": "HELENA", "OwnerState": "MT", "PropType": "Vacant Land", "TotalAcres": 640.0, "BlockID": "8-003", "BlockAcres": 25880.166, "BlockParcelCount": 64 }, "geometry": { "type": "Polygon", "coordinates": [ [ [ -113.74480345409529, 46.838195257994428 ], [ -113.744807203902369, 46.834582340516789 ], [ -113.745165664284031, 46.834582952609203 ], [ -113.747213230603933, 46.834586424343044 ], [ -113.750073022764496, 46.834591212271356 ], [ -113.751383430287575, 46.834593382915386 ], [ -113.752466444243851, 46.834595164866613 ], [ -113.755338806600079, 46.834599841545234 ], [ -113.7557446593718, 46.834600495998181 ], [ -113.757674839437371, 46.834603591196441 ], [ -113.760598009215173, 46.834608216948681 ], [ -113.762882306240485, 46.834611779460054 ], [ -113.765857206897323, 46.834616350256859 ], [ -113.765850990247174, 46.838224604418485 ], [ -113.765848531296399, 46.841842513925869 ], [ -113.765860997475414, 46.845455588085976 ], [ -113.765839882753014, 46.849068677244993 ], [ -113.760578770776178, 46.849064756986913 ], [ -113.755316786866047, 46.849061170392034 ], [ -113.750047478641434, 46.84905934583476 ], [ -113.744793651252294, 46.849053647056927 ], [ -113.744769127665506, 46.845435799681553 ], [ -113.744800412862929, 46.841818007072455 ], [ -113.74480345409529, 46.838195257994428 ] ] ] } },
{ "type": "Feature", "properties": { "CountyName": "Missoula", "OwnerName_Grouped": "NATURE CONSERVANCY", "OwnerName": "MONTANA CHECKERBOARD LLC", "OwnerAddre": "32 S EWING ST STE 215", "OwnerAdd_1": null, "OwnerAdd_2": null, "OwnerCity": "HELENA", "OwnerState": "MT", "PropType": "Vacant Land", "TotalAcres": 320.0, "BlockID": "8-003", "BlockAcres": 25880.166, "BlockParcelCount": 64 }, "geometry": { "type": "Polygon", "coordinates": [ [ [ -113.765850990247174, 46.838224604418485 ], [ -113.771115392252383, 46.838227737477133 ], [ -113.776379554985652, 46.838230667376706 ], [ -113.776383124270808, 46.841850494144076 ], [ -113.781648655114836, 46.841853594670219 ], [ -113.781659464907975, 46.845470055710024 ], [ -113.781654996466742, 46.849086459542683 ], [ -113.776383171778164, 46.849081184438433 ], [ -113.771111796365204, 46.849074214945873 ], [ -113.765839882753014, 46.849068677244993 ], [ -113.765860997475414, 46.845455588085976 ], [ -113.765848531296399, 46.841842513925869 ], [ -113.765850990247174, 46.838224604418485 ] ] ] } },
{ "type": "Feature", "properties": { "CountyName": "Missoula", "OwnerName_Grouped": "NATURE CONSERVANCY", "OwnerName": "MONTANA CHECKERBOARD LLC", "OwnerAddre": "32 S EWING ST STE 215", "OwnerAdd_1": null, "OwnerAdd_2": null, "OwnerCity": "HELENA", "OwnerState": "MT", "PropType": "Vacant Land", "TotalAcres": 520.08, "BlockID": "8-001", "BlockAcres": 41451.712, "BlockParcelCount": 84 }, "geometry": { "type": "Polygon", "coordinates": [ [ [ -113.429508235559183, 47.043693659605935 ], [ -113.429505515666563, 47.040765613933729 ], [ -113.429510231338568, 47.040049001127265 ], [ -113.429529434256722, 47.03713071604642 ], [ -113.429534210566317, 47.036404940049792 ], [ -113.43611639810122, 47.036405599810841 ], [ -113.441429878538329, 47.036406338199107 ], [ -113.446743380291153, 47.03640759995168 ], [ -113.446748907387374, 47.04004324915482 ], [ -113.446756530111031, 47.043679003049405 ], [ -113.446762021917777, 47.047314682897969 ], [ -113.446769706657435, 47.050950406387308 ], [ -113.441465505937458, 47.05096011031074 ], [ -113.436161391340875, 47.050971015722503 ], [ -113.429505388541273, 47.050978655536731 ], [ -113.429512333982828, 47.048104241706362 ], [ -113.429511620549377, 47.047336437614646 ], [ -113.429508820662576, 47.044322684483916 ], [ -113.429508235559183, 47.043693659605935 ] ] ] } },
{ "type": "Feature", "properties": { "CountyName": "Missoula", "OwnerName_Grouped": "NATURE CONSERVANCY", "OwnerName": "MONTANA CHECKERBOARD LLC", "OwnerAddre": "32 S EWING ST STE 215", "OwnerAdd_1": null, "OwnerAdd_2": null, "OwnerCity": "HELENA", "OwnerState": "MT", "PropType": "Vacant Land", "TotalAcres": 640.0, "BlockID": "8-001", "BlockAcres": 41451.712, "BlockParcelCount": 84 }, "geometry": { "type": "Polygon", "coordinates": [ [ [ -113.446743380291153, 47.03640759995168 ], [ -113.446755210159353, 47.032761559224511 ], [ -113.446769094477446, 47.029115640743925 ], [ -113.446780917813697, 47.025469570077526 ], [ -113.446787647154579, 47.021977744207156 ], [ -113.452085988289312, 47.021861294345477 ], [ -113.457377285784062, 47.021894154582689 ], [ -113.462668488997636, 47.021931532265853 ], [ -113.467959789589088, 47.021964600610914 ], [ -113.467961972183204, 47.025588983974494 ], [ -113.467967912304829, 47.029213394238347 ], [ -113.467970065068243, 47.032837732482143 ], [ -113.467976035686377, 47.036462157707135 ], [ -113.462667796500853, 47.036448792089139 ], [ -113.457359694580489, 47.036434879375264 ], [ -113.452051515894155, 47.036421624678908 ], [ -113.446743380291153, 47.03640759995168 ] ] ] } },
{ "type": "Feature", "properties": { "CountyName": "Missoula", "OwnerName_Grouped": "NATURE CONSERVANCY", "OwnerName": "MONTANA CHECKERBOARD LLC", "OwnerAddre": "32 S EWING ST STE 215", "OwnerAdd_1": null, "OwnerAdd_2": null, "OwnerCity": "HELENA", "OwnerState": "MT", "PropType": "Vacant Land", "TotalAcres": 506.96, "BlockID": "8-001", "BlockAcres": 41451.712, "BlockParcelCount": 84 }, "geometry": { "type": "Polygon", "coordinates": [ [ [ -113.531103243827161, 47.09161718266752 ], [ -113.526389934869457, 47.091598373804793 ], [ -113.525805873518735, 47.091619384805284 ], [ -113.521079501739507, 47.091609509112061 ], [ -113.520508501549955, 47.09162134320335 ], [ -113.51577344830666, 47.091618354174827 ], [ -113.515211130466056, 47.091623055971482 ], [ -113.510462480710302, 47.091627170743614 ], [ -113.510476017884699, 47.087354360961164 ], [ -113.51048780710785, 47.083731273203711 ], [ -113.510510535296646, 47.080108316263797 ], [ -113.515804976610127, 47.080109566354011 ], [ -113.521099803764002, 47.080112874621378 ], [ -113.52639412158112, 47.0801142124091 ], [ -113.531689046537295, 47.080117405008451 ], [ -113.531678752061964, 47.08375407437029 ], [ -113.53169441845651, 47.087390786494495 ], [ -113.531695438457319, 47.091589513706069 ], [ -113.531103243827161, 47.09161718266752 ] ] ] } },
{ "type": "Feature", "properties": { "CountyName": "Missoula", "OwnerName_Grouped": "NATURE CONSERVANCY", "OwnerName": "MONTANA CHECKERBOARD LLC", "OwnerAddre": "32 S EWING ST STE 215", "OwnerAdd_1": null, "OwnerAdd_2": null, "OwnerCity": "HELENA", "OwnerState": "MT", "PropType": "Vacant Land", "TotalAcres": 640.0, "BlockID": "8-001", "BlockAcres": 41451.712, "BlockParcelCount": 84 }, "geometry": { "type": "Polygon", "coordinates": [ [ [ -113.531705724115923, 47.065527779430951 ], [ -113.537006775742256, 47.065525378731849 ], [ -113.542308858183503, 47.065523777989426 ], [ -113.547609485939745, 47.065521346217139 ], [ -113.552911991861762, 47.065519806036306 ], [ -113.552869873692799, 47.069138684212376 ], [ -113.552896582342171, 47.072757690252331 ], [ -113.552854591093663, 47.076376551424723 ], [ -113.552881173418825, 47.079995574965707 ], [ -113.547582138839161, 47.080025280247654 ], [ -113.542285096217356, 47.080056489766761 ], [ -113.53698653579815, 47.080086340731746 ], [ -113.531689046537295, 47.080117405008451 ], [ -113.531680065117996, 47.076469988151516 ], [ -113.531697399639967, 47.072822605922838 ], [ -113.531688359431442, 47.06917516526142 ], [ -113.531705724115923, 47.065527779430951 ] ] ] } },
{ "type": "Feature", "properties": { "CountyName": "Missoula", "OwnerName_Grouped": "NATURE CONSERVANCY", "OwnerName": "MONTANA CHECKERBOARD LLC", "OwnerAddre": "32 S EWING ST STE 215", "OwnerAdd_1": null, "OwnerAdd_2": null, "OwnerCity": "HELENA", "OwnerState": "MT", "PropType": "Vacant Land", "TotalAcres": 640.0, "BlockID": "8-001", "BlockAcres": 41451.712, "BlockParcelCount": 84 }, "geometry": { "type": "Polygon", "coordinates": [ [ [ -113.493880331594454, 47.091665994790688 ], [ -113.493880321393519, 47.091660507622969 ], [ -113.494642381240936, 47.09165584087593 ], [ -113.499194549633643, 47.091649009932951 ], [ -113.499914069612458, 47.091647470882691 ], [ -113.504508782194463, 47.091639873011943 ], [ -113.505182672270436, 47.091636004039714 ], [ -113.505190682767875, 47.091635958365451 ], [ -113.509820833268151, 47.091628541961022 ], [ -113.510462480710302, 47.091627170743614 ], [ -113.515211130466056, 47.091623055971482 ], [ -113.515211107184115, 47.091628542584658 ], [ -113.515195589180152, 47.095243657656113 ], [ -113.515180045790203, 47.098864256710051 ], [ -113.515164613586961, 47.10248427056041 ], [ -113.51514918054346, 47.106104280807195 ], [ -113.509975830008429, 47.106142889034345 ], [ -113.504802472093743, 47.106181264861846 ], [ -113.499347709200492, 47.106286991903616 ], [ -113.49389292601478, 47.106392458628655 ], [ -113.493891239682512, 47.102683932768656 ], [ -113.493886582958211, 47.098975830280992 ], [ -113.493886998191485, 47.095309785681081 ], [ -113.493880331594454, 47.091665994790688 ] ] ] } },
{ "type": "Feature", "properties": { "CountyName": "Missoula", "OwnerName_Grouped": "NATURE CONSERVANCY", "OwnerName": "NATURE CONSERVANCY (THE)", "OwnerAddre": "32 S EWING ST", "OwnerAdd_1": null, "OwnerAdd_2": null, "OwnerCity": "HELENA", "OwnerState": "MT", "PropType": "Vacant Land", "TotalAcres": 160.0, "BlockID": "8-009", "BlockAcres": 3440.0, "BlockParcelCount": 7 }, "geometry": { "type": "Polygon", "coordinates": [ [ [ -113.34513959961788, 46.960274102517054 ], [ -113.35034444437288, 46.960562343422339 ], [ -113.350350681580352, 46.964152721676314 ], [ -113.35035984265626, 46.967742922816242 ], [ -113.350366557960555, 46.971398482214489 ], [ -113.350174975928439, 46.975090233182925 ], [ -113.344911689015959, 46.974856747498755 ], [ -113.345095661739819, 46.971221780975419 ], [ -113.3451111972105, 46.967572468850051 ], [ -113.345124105194188, 46.96392349429432 ], [ -113.34513959961788, 46.960274102517054 ] ] ] } },
{ "type": "Feature", "properties": { "CountyName": "Missoula", "OwnerName_Grouped": "NATURE CONSERVANCY", "OwnerName": "NATURE CONSERVANCY (THE)", "OwnerAddre": "32 S EWING ST", "OwnerAdd_1": null, "OwnerAdd_2": null, "OwnerCity": "HELENA", "OwnerState": "MT", "PropType": "Vacant Land", "TotalAcres": 480.0, "BlockID": "8-009", "BlockAcres": 3440.0, "BlockParcelCount": 7 }, "geometry": { "type": "Polygon", "coordinates": [ [ [ -113.366201754759629, 46.920322710515279 ], [ -113.366203971049458, 46.916562876711652 ], [ -113.371408030351688, 46.916587720348545 ], [ -113.376611948862617, 46.916626959936295 ], [ -113.381817309027213, 46.916651325550525 ], [ -113.381866107648889, 46.920398361344184 ], [ -113.381899678562249, 46.922776096525737 ], [ -113.381901010563936, 46.922870439128559 ], [ -113.381902342635286, 46.922964782629023 ], [ -113.381919527378997, 46.924181894660769 ], [ -113.3819667481539, 46.927938081341992 ], [ -113.382023545125463, 46.931694850017429 ], [ -113.376758882192206, 46.931680323879661 ], [ -113.371493977176172, 46.931684133224422 ], [ -113.366229282211293, 46.931669553348719 ], [ -113.366212801944826, 46.927880850631084 ], [ -113.366201876599192, 46.924091659546107 ], [ -113.366201754759629, 46.920322710515279 ] ] ] } },
{ "type": "Feature", "properties": { "CountyName": "Missoula", "OwnerName_Grouped": "NATURE CONSERVANCY", "OwnerName": "NATURE CONSERVANCY (THE)", "OwnerAddre": "32 S EWING ST", "OwnerAdd_1": null, "OwnerAdd_2": null, "OwnerCity": "HELENA", "OwnerState": "MT", "PropType": "Vacant Land", "TotalAcres": 560.0, "BlockID": "8-009", "BlockAcres": 3440.0, "BlockParcelCount": 7 }, "geometry": { "type": "Polygon", "coordinates": [ [ [ -113.345083475719534, 46.930965443110175 ], [ -113.350369217243042, 46.931151046817689 ], [ -113.355656379666328, 46.931317498073348 ], [ -113.36094213611635, 46.931502909585589 ], [ -113.366229282211293, 46.931669553348719 ], [ -113.366220513369527, 46.935319426988777 ], [ -113.366216966531169, 46.938969331845385 ], [ -113.360913000686409, 46.93879598451975 ], [ -113.360895843664537, 46.94253240076641 ], [ -113.360882876753166, 46.946268961590143 ], [ -113.355561265522425, 46.946262595092527 ], [ -113.350273286934197, 46.94590472217731 ], [ -113.344986197533004, 46.94554031507711 ], [ -113.345009287809518, 46.941896998758331 ], [ -113.345034822189248, 46.93825289243339 ], [ -113.345057942024766, 46.934609541981828 ], [ -113.345083475719534, 46.930965443110175 ] ] ] } },
{ "type": "Feature", "properties": { "CountyName": "Missoula", "OwnerName_Grouped": "NATURE CONSERVANCY", "OwnerName": "NATURE CONSERVANCY (THE)", "OwnerAddre": "32 S EWING ST", "OwnerAdd_1": null, "OwnerAdd_2": null, "OwnerCity": "HELENA", "OwnerState": "MT", "PropType": "Vacant Land", "TotalAcres": 640.0, "BlockID": "8-009", "BlockAcres": 3440.0, "BlockParcelCount": 7 }, "geometry": { "type": "Polygon", "coordinates": [ [ [ -113.324058725687991, 46.945355081138565 ], [ -113.329290541132977, 46.945404905516874 ], [ -113.334522460903102, 46.945447683705986 ], [ -113.339754296590243, 46.945497712450162 ], [ -113.344986197533004, 46.94554031507711 ], [ -113.345023238362515, 46.949224205681794 ], [ -113.34506291203806, 46.952907208230002 ], [ -113.345099908581744, 46.95659101168431 ], [ -113.34513959961788, 46.960274102517054 ], [ -113.339882214199434, 46.960210760095954 ], [ -113.334625052742425, 46.960145699203146 ], [ -113.329367697956485, 46.960081932876847 ], [ -113.324110477866853, 46.960017294568821 ], [ -113.324097013861277, 46.956351792987832 ], [ -113.324084601616747, 46.952686174848481 ], [ -113.324071155921558, 46.949020709082568 ], [ -113.324058725687991, 46.945355081138565 ] ] ] } },
{ "type": "Feature", "properties": { "CountyName": "Missoula", "OwnerName_Grouped": "NATURE CONSERVANCY", "OwnerName": "MONTANA CHECKERBOARD LLC", "OwnerAddre": "32 S EWING ST STE 215", "OwnerAdd_1": null, "OwnerAdd_2": null, "OwnerCity": "HELENA", "OwnerState": "MT", "PropType": "Vacant Land", "TotalAcres": 354.76, "BlockID": "8-001", "BlockAcres": 41451.712, "BlockParcelCount": 84 }, "geometry": { "type": "Polygon", "coordinates": [ [ [ -113.393491392228412, 47.069843145464461 ], [ -113.393489269013472, 47.068198801627858 ], [ -113.396007742791909, 47.068197255814745 ], [ -113.398631070339746, 47.06819558686152 ], [ -113.399898910740475, 47.068194758927035 ], [ -113.399896322823892, 47.06636040151011 ], [ -113.399895817829631, 47.066002299518878 ], [ -113.40389322413337, 47.065999600225652 ], [ -113.409154407776413, 47.065995835596908 ], [ -113.40915366907376, 47.06629106391491 ], [ -113.409144774070143, 47.069843784846867 ], [ -113.409137891043002, 47.073445940590588 ], [ -113.409130992804293, 47.07705540371537 ], [ -113.4038703603279, 47.07703564854954 ], [ -113.398599035725468, 47.077015610485873 ], [ -113.39328158532787, 47.077094227926523 ], [ -113.393312743756027, 47.073529266563789 ], [ -113.393485568075462, 47.069963337125195 ], [ -113.393491392228412, 47.069843145464461 ] ] ] } },
{ "type": "Feature", "properties": { "CountyName": "Missoula", "OwnerName_Grouped": "NATURE CONSERVANCY", "OwnerName": "MONTANA CHECKERBOARD LLC", "OwnerAddre": "32 S EWING ST STE 215", "OwnerAdd_1": null, "OwnerAdd_2": null, "OwnerCity": "HELENA", "OwnerState": "MT", "PropType": "Vacant Land", "TotalAcres": 640.0, "BlockID": "8-001", "BlockAcres": 41451.712, "BlockParcelCount": 84 }, "geometry": { "type": "Polygon", "coordinates": [ [ [ -113.510498756831396, 47.029181885932672 ], [ -113.510495230208008, 47.025549756783441 ], [ -113.510504827611385, 47.021917590728648 ], [ -113.515815002179281, 47.021922013988934 ], [ -113.521125691747329, 47.021924386718361 ], [ -113.526435752921813, 47.021928822706322 ], [ -113.531746556692212, 47.021931155032554 ], [ -113.531731442497275, 47.025565811944603 ], [ -113.531744982982261, 47.029200452883856 ], [ -113.531730079798464, 47.032835065087994 ], [ -113.531743409590149, 47.036469751085811 ], [ -113.526430390931665, 47.036463856106906 ], [ -113.521118074962814, 47.036457980297129 ], [ -113.515805146153426, 47.036452037422713 ], [ -113.510492713597472, 47.036446209343353 ], [ -113.510489258070422, 47.032814032007302 ], [ -113.510498756831396, 47.029181885932672 ] ] ] } },
{ "type": "Feature", "properties": { "CountyName": "Missoula", "OwnerName_Grouped": "NATURE CONSERVANCY", "OwnerName": "MONTANA CHECKERBOARD LLC", "OwnerAddre": "32 S EWING ST STE 215", "OwnerAdd_1": null, "OwnerAdd_2": null, "OwnerCity": "HELENA", "OwnerState": "MT", "PropType": "Vacant Land", "TotalAcres": 640.0, "BlockID": "8-001", "BlockAcres": 41451.712, "BlockParcelCount": 84 }, "geometry": { "type": "Polygon", "coordinates": [ [ [ -113.531746556692212, 47.021931155032554 ], [ -113.537045447025392, 47.021944055598908 ], [ -113.542345474525604, 47.021954755760518 ], [ -113.547643920577414, 47.021967745153546 ], [ -113.552944391583779, 47.021978358419439 ], [ -113.552901967428411, 47.02561122593594 ], [ -113.552932955472414, 47.029244103957083 ], [ -113.55289102170785, 47.032876966248004 ], [ -113.552921516556054, 47.036509878709154 ], [ -113.54762600093045, 47.036499962982397 ], [ -113.542332461967192, 47.036489801248088 ], [ -113.53703737088253, 47.036479832774134 ], [ -113.531743409590149, 47.036469751085811 ], [ -113.531730079798464, 47.032835065087994 ], [ -113.531744982982261, 47.029200452883856 ], [ -113.531731442497275, 47.025565811944603 ], [ -113.531746556692212, 47.021931155032554 ] ] ] } },
{ "type": "Feature", "properties": { "CountyName": "Missoula", "OwnerName_Grouped": "NATURE CONSERVANCY", "OwnerName": "MONTANA CHECKERBOARD LLC", "OwnerAddre": "32 S EWING ST STE 215", "OwnerAdd_1": null, "OwnerAdd_2": null, "OwnerCity": "HELENA", "OwnerState": "MT", "PropType": "Vacant Land", "TotalAcres": 640.0, "BlockID": "8-001", "BlockAcres": 41451.712, "BlockParcelCount": 84 }, "geometry": { "type": "Polygon", "coordinates": [ [ [ -113.446743380291153, 47.03640759995168 ], [ -113.452051515894155, 47.036421624678908 ], [ -113.457359694580489, 47.036434879375264 ], [ -113.462667796500853, 47.036448792089139 ], [ -113.467976035686377, 47.036462157707135 ], [ -113.467979585636598, 47.040092822452117 ], [ -113.467986992236348, 47.043723589943369 ], [ -113.467990568397894, 47.047354248962399 ], [ -113.467997977413987, 47.050985020553078 ], [ -113.462690843314618, 47.050975789130085 ], [ -113.457383827971441, 47.050967713770333 ], [ -113.452076719858425, 47.050958543366775 ], [ -113.446769706657435, 47.050950406387308 ], [ -113.446762021917777, 47.047314682897969 ], [ -113.446756530111031, 47.043679003049405 ], [ -113.446748907387374, 47.04004324915482 ], [ -113.446743380291153, 47.03640759995168 ] ] ] } },
{ "type": "Feature", "properties": { "CountyName": "Missoula", "OwnerName_Grouped": "NATURE CONSERVANCY", "OwnerName": "MONTANA CHECKERBOARD LLC", "OwnerAddre": "32 S EWING ST STE 215", "OwnerAdd_1": null, "OwnerAdd_2": null, "OwnerCity": "HELENA", "OwnerState": "MT", "PropType": "Vacant Land", "TotalAcres": 640.0, "BlockID": "8-004", "BlockAcres": 13898.35, "BlockParcelCount": 31 }, "geometry": { "type": "Polygon", "coordinates": [ [ [ -113.70275515992887, 47.022220038715069 ], [ -113.70803949582475, 47.022233771942162 ], [ -113.713323407961028, 47.022229474242458 ], [ -113.718607686751554, 47.022243087176953 ], [ -113.723891686842649, 47.022238881875893 ], [ -113.723908568614419, 47.025871967243766 ], [ -113.723913566110809, 47.02950473541727 ], [ -113.723930396167333, 47.033137781121752 ], [ -113.723935417345956, 47.036770616730124 ], [ -113.718635227980272, 47.036773126159822 ], [ -113.713334779943878, 47.036767039771888 ], [ -113.708034660098278, 47.036769792642502 ], [ -113.702734113102125, 47.036763462882455 ], [ -113.702752280552517, 47.033127730322427 ], [ -113.702744649456761, 47.029491751094284 ], [ -113.70276273104497, 47.025856051933651 ], [ -113.70275515992887, 47.022220038715069 ] ] ] } },
{ "type": "Feature", "properties": { "CountyName": "Missoula", "OwnerName_Grouped": "NATURE CONSERVANCY", "OwnerName": "NATURE CONSERVANCY (THE)", "OwnerAddre": "32 S EWING ST", "OwnerAdd_1": null, "OwnerAdd_2": null, "OwnerCity": "HELENA", "OwnerState": "MT", "PropType": "Vacant Land", "TotalAcres": 640.0, "BlockID": "8-009", "BlockAcres": 3440.0, "BlockParcelCount": 7 }, "geometry": { "type": "Polygon", "coordinates": [ [ [ -113.324013693338699, 46.930834510373444 ], [ -113.329281030083294, 46.930876924258335 ], [ -113.334548570547156, 46.930899977283374 ], [ -113.33981587243774, 46.930942481554908 ], [ -113.345083475719534, 46.930965443110175 ], [ -113.345057942024766, 46.934609541981828 ], [ -113.345034822189248, 46.93825289243339 ], [ -113.345009287809518, 46.941896998758331 ], [ -113.344986197533004, 46.94554031507711 ], [ -113.339754296590243, 46.945497712450162 ], [ -113.334522460903102, 46.945447683705986 ], [ -113.329290541132977, 46.945404905516874 ], [ -113.324058725687991, 46.945355081138565 ], [ -113.324046974229063, 46.94172505703763 ], [ -113.324036208770607, 46.938094795204201 ], [ -113.324024482429351, 46.934464872656598 ], [ -113.324013693338699, 46.930834510373444 ] ] ] } },
{ "type": "Feature", "properties": { "CountyName": "Missoula", "OwnerName_Grouped": "NATURE CONSERVANCY", "OwnerName": "MONTANA CHECKERBOARD LLC", "OwnerAddre": "32 S EWING ST STE 215", "OwnerAdd_1": null, "OwnerAdd_2": null, "OwnerCity": "HELENA", "OwnerState": "MT", "PropType": "Vacant Land", "TotalAcres": 640.0, "BlockID": "8-004", "BlockAcres": 13898.35, "BlockParcelCount": 31 }, "geometry": { "type": "Polygon", "coordinates": [ [ [ -113.739659505873306, 46.950101454294249 ], [ -113.744944122705036, 46.950095981882903 ], [ -113.744950563993285, 46.953720034693248 ], [ -113.744957223554877, 46.957343954768852 ], [ -113.744963663567773, 46.960967948552131 ], [ -113.744970322023335, 46.96459192764916 ], [ -113.739685344499549, 46.964595705762093 ], [ -113.734400304418074, 46.964597707883001 ], [ -113.7291153850434, 46.964601483192908 ], [ -113.72383031428231, 46.964603487606901 ], [ -113.723833193432824, 46.96098605552244 ], [ -113.723827109510893, 46.957368620885475 ], [ -113.723829962905256, 46.953751244168622 ], [ -113.723823877366982, 46.950133755013212 ], [ -113.729098575210173, 46.95010581482255 ], [ -113.734384000111646, 46.950114868407553 ], [ -113.739659505873306, 46.950101454294249 ] ] ] } },
{ "type": "Feature", "properties": { "CountyName": "Missoula", "OwnerName_Grouped": "NATURE CONSERVANCY", "OwnerName": "NATURE CONSERVANCY (THE)", "OwnerAddre": "32 S EWING ST STE 215", "OwnerAdd_1": null, "OwnerAdd_2": null, "OwnerCity": "HELENA", "OwnerState": "MT", "PropType": "Vacant Land", "TotalAcres": 320.0, "BlockID": "8-009", "BlockAcres": 3440.0, "BlockParcelCount": 7 }, "geometry": { "type": "Polygon", "coordinates": [ [ [ -113.366212801944826, 46.927880850631084 ], [ -113.366229282211293, 46.931669553348719 ], [ -113.36094213611635, 46.931502909585589 ], [ -113.355656379666328, 46.931317498073348 ], [ -113.350369217243042, 46.931151046817689 ], [ -113.345083475719534, 46.930965443110175 ], [ -113.345112603717709, 46.92736701534696 ], [ -113.345144238956536, 46.923767579226094 ], [ -113.345174031379955, 46.920164328075174 ], [ -113.350432998812664, 46.920194547322303 ], [ -113.35041180581301, 46.923864790956493 ], [ -113.350388986004774, 46.92750760277211 ], [ -113.355666539603419, 46.927624229976743 ], [ -113.355680474944535, 46.923930215962365 ], [ -113.360940624348615, 46.924026801202075 ], [ -113.366201876599192, 46.924091659546107 ], [ -113.366212801944826, 46.927880850631084 ] ] ] } },
{ "type": "Feature", "properties": { "CountyName": "Missoula", "OwnerName_Grouped": "NATURE CONSERVANCY", "OwnerName": "NATURE CONSERVANCY (THE)", "OwnerAddre": "32 S EWING ST", "OwnerAdd_1": null, "OwnerAdd_2": null, "OwnerCity": "HELENA", "OwnerState": "MT", "PropType": "Vacant Land", "TotalAcres": 640.0, "BlockID": "8-009", "BlockAcres": 3440.0, "BlockParcelCount": 7 }, "geometry": { "type": "Polygon", "coordinates": [ [ [ -113.329443982920196, 46.916515960220522 ], [ -113.334697601237608, 46.916538742841546 ], [ -113.339951321927799, 46.916546929777738 ], [ -113.345204974474058, 46.916569713406311 ], [ -113.345174031379955, 46.920164328075174 ], [ -113.345144238956536, 46.923767579226094 ], [ -113.345112603717709, 46.92736701534696 ], [ -113.345083475719534, 46.930965443110175 ], [ -113.33981587243774, 46.930942481554908 ], [ -113.334548570547156, 46.930899977283374 ], [ -113.329281030083294, 46.930876924258335 ], [ -113.324013693338699, 46.930834510373444 ], [ -113.324057379378473, 46.92725320778198 ], [ -113.32410196080707, 46.923671113418386 ], [ -113.324145865636424, 46.920085219616382 ], [ -113.324190255885568, 46.916507744009039 ], [ -113.329443982920196, 46.916515960220522 ] ] ] } },
{ "type": "Feature", "properties": { "CountyName": "Missoula", "OwnerName_Grouped": "NATURE CONSERVANCY", "OwnerName": "MONTANA CHECKERBOARD LLC", "OwnerAddre": "32 S EWING ST STE 215", "OwnerAdd_1": null, "OwnerAdd_2": null, "OwnerCity": "HELENA", "OwnerState": "MT", "PropType": "Vacant Land", "TotalAcres": 320.0, "BlockID": "8-004", "BlockAcres": 13898.35, "BlockParcelCount": 31 }, "geometry": { "type": "Polygon", "coordinates": [ [ [ -113.681499125512417, 47.022165029509338 ], [ -113.686813532255371, 47.022187965381484 ], [ -113.692127129130185, 47.022192519593318 ], [ -113.697441417960619, 47.022215400475176 ], [ -113.70275515992887, 47.022220038715069 ], [ -113.70276273104497, 47.025856051933651 ], [ -113.702744649456761, 47.029491751094284 ], [ -113.702752280552517, 47.033127730322427 ], [ -113.702734113102125, 47.036763462882455 ], [ -113.697408165971495, 47.036771782241424 ], [ -113.692081555914797, 47.036770775520331 ], [ -113.692112173214994, 47.033126617500194 ], [ -113.686793241480515, 47.033131348674758 ], [ -113.681475222319349, 47.033125019472436 ], [ -113.681464061504386, 47.029471573319896 ], [ -113.681509967290978, 47.02581846871805 ], [ -113.681499125512417, 47.022165029509338 ] ] ] } },
{ "type": "Feature", "properties": { "CountyName": "Missoula", "OwnerName_Grouped": "NATURE CONSERVANCY", "OwnerName": "MONTANA CHECKERBOARD LLC", "OwnerAddre": "32 S EWING ST STE 215", "OwnerAdd_1": null, "OwnerAdd_2": null, "OwnerCity": "HELENA", "OwnerState": "MT", "PropType": "Vacant Land", "TotalAcres": 480.0, "BlockID": "8-003", "BlockAcres": 25880.166, "BlockParcelCount": 64 }, "geometry": { "type": "Polygon", "coordinates": [ [ [ -113.828470021387062, 46.852515279495236 ], [ -113.828170365128571, 46.848745212489639 ], [ -113.829361048823287, 46.848764670125668 ], [ -113.82999782895574, 46.848774134466822 ], [ -113.830038003032655, 46.848774731227557 ], [ -113.830078463018751, 46.848775370305226 ], [ -113.830911614965245, 46.848788529273051 ], [ -113.833210643535821, 46.848824807255433 ], [ -113.833451155603086, 46.848827558203425 ], [ -113.838733156718973, 46.848909677307638 ], [ -113.838808685004423, 46.852639444027218 ], [ -113.838884223702877, 46.856369208031346 ], [ -113.844161331081679, 46.856406498429628 ], [ -113.849438445761365, 46.856443544933917 ], [ -113.849438770785738, 46.856454172613887 ], [ -113.849439886253279, 46.856490723530811 ], [ -113.849440749732608, 46.856518991415797 ], [ -113.849548163304618, 46.86003731103829 ], [ -113.849557229311316, 46.863626929259404 ], [ -113.849364720510209, 46.863626931953192 ], [ -113.844663719747999, 46.863632410090837 ], [ -113.844343050691265, 46.863632776959356 ], [ -113.844060531563798, 46.863633626556776 ], [ -113.839122970355092, 46.863639840613864 ], [ -113.838756314643788, 46.863640297565304 ], [ -113.833885170921207, 46.863646261504073 ], [ -113.833698803982699, 46.86364648493484 ], [ -113.82864129217765, 46.863652448317232 ], [ -113.828646655528033, 46.863355809399771 ], [ -113.828707452772207, 46.859993315470433 ], [ -113.828712031277405, 46.859740091552524 ], [ -113.82877360521978, 46.856334207866006 ], [ -113.828757233444065, 46.856128268009186 ], [ -113.828676962884629, 46.855118550537703 ], [ -113.828474522591719, 46.852571899690766 ], [ -113.828470021387062, 46.852515279495236 ] ] ] } },
{ "type": "Feature", "properties": { "CountyName": "Missoula", "OwnerName_Grouped": "NATURE CONSERVANCY", "OwnerName": "MONTANA CHECKERBOARD LLC", "OwnerAddre": "32 S EWING ST STE 215", "OwnerAdd_1": null, "OwnerAdd_2": null, "OwnerCity": "HELENA", "OwnerState": "MT", "PropType": "Vacant Land", "TotalAcres": 640.0, "BlockID": "8-001", "BlockAcres": 41451.712, "BlockParcelCount": 84 }, "geometry": { "type": "Polygon", "coordinates": [ [ [ -113.494548623622919, 47.051010745597225 ], [ -113.489221496764614, 47.051017469411747 ], [ -113.489213949217131, 47.047383774614524 ], [ -113.489212955319715, 47.04375020321568 ], [ -113.489205340759085, 47.040116520331672 ], [ -113.48920444336072, 47.036482938023518 ], [ -113.494526400371953, 47.036473920662836 ], [ -113.499848593562334, 47.036464577471335 ], [ -113.505170487782948, 47.036455526459477 ], [ -113.510492713597472, 47.036446209343353 ], [ -113.510495808049157, 47.040082794074905 ], [ -113.510511613952531, 47.043719448400587 ], [ -113.510514838645307, 47.047356054395713 ], [ -113.510530517080696, 47.05099271651045 ], [ -113.505203085294397, 47.050998471788127 ], [ -113.49987603809106, 47.051005081654601 ], [ -113.494548623622919, 47.051010745597225 ] ] ] } },
{ "type": "Feature", "properties": { "CountyName": "Missoula", "OwnerName_Grouped": "NATURE CONSERVANCY", "OwnerName": "MONTANA CHECKERBOARD LLC", "OwnerAddre": "32 S EWING ST STE 215", "OwnerAdd_1": null, "OwnerAdd_2": null, "OwnerCity": "HELENA", "OwnerState": "MT", "PropType": "Vacant Land", "TotalAcres": 673.92, "BlockID": "8-001", "BlockAcres": 41451.712, "BlockParcelCount": 84 }, "geometry": { "type": "Polygon", "coordinates": [ [ [ -113.510505299693264, 47.018286658664806 ], [ -113.510517788767487, 47.014655683383367 ], [ -113.510528333420126, 47.011026544819835 ], [ -113.510527444353457, 47.007406389057941 ], [ -113.510528466089241, 47.006371041128403 ], [ -113.514938942478409, 47.006476828763944 ], [ -113.515843769039165, 47.006500702557538 ], [ -113.520272720444794, 47.006619435079735 ], [ -113.521153966867871, 47.006643003402083 ], [ -113.525606526809227, 47.00675842945904 ], [ -113.526467033513072, 47.006781415174451 ], [ -113.530934749927283, 47.006900786125584 ], [ -113.531775020115433, 47.006923244663113 ], [ -113.531770899885416, 47.011037004347614 ], [ -113.531763630110788, 47.014672077887916 ], [ -113.531740833534784, 47.018301612676701 ], [ -113.531746556692212, 47.021931155032554 ], [ -113.526435752921813, 47.021928822706322 ], [ -113.521125691747329, 47.021924386718361 ], [ -113.515815002179281, 47.021922013988934 ], [ -113.510504827611385, 47.021917590728648 ], [ -113.510505299693264, 47.018286658664806 ] ] ] } },
{ "type": "Feature", "properties": { "CountyName": "Missoula", "OwnerName_Grouped": "NATURE CONSERVANCY", "OwnerName": "MONTANA CHECKERBOARD LLC", "OwnerAddre": "32 S EWING ST STE 215", "OwnerAdd_1": null, "OwnerAdd_2": null, "OwnerCity": "HELENA", "OwnerState": "MT", "PropType": "Vacant Land", "TotalAcres": 640.0, "BlockID": "8-004", "BlockAcres": 13898.35, "BlockParcelCount": 31 }, "geometry": { "type": "Polygon", "coordinates": [ [ [ -113.744934719461, 46.942852897817261 ], [ -113.744945864329821, 46.946477281097941 ], [ -113.744944122705036, 46.950095981882903 ], [ -113.739659505873306, 46.950101454294249 ], [ -113.734384000111646, 46.950114868407553 ], [ -113.729098575210173, 46.95010581482255 ], [ -113.723823877366982, 46.950133755013212 ], [ -113.723829431127569, 46.946512311886366 ], [ -113.723834422969759, 46.942890860425116 ], [ -113.723898932797809, 46.939225897908464 ], [ -113.723962980817888, 46.935560862612789 ], [ -113.729174019380451, 46.935596306581104 ], [ -113.734385113766663, 46.935628917965467 ], [ -113.739655197768542, 46.935620452069998 ], [ -113.744925286105044, 46.935609842023432 ], [ -113.744957699518451, 46.939233670662553 ], [ -113.744934719461, 46.942852897817261 ] ] ] } },
{ "type": "Feature", "properties": { "CountyName": "Missoula", "OwnerName_Grouped": "NATURE CONSERVANCY", "OwnerName": "MONTANA CHECKERBOARD LLC", "OwnerAddre": "32 S EWING ST STE 215", "OwnerAdd_1": null, "OwnerAdd_2": null, "OwnerCity": "HELENA", "OwnerState": "MT", "PropType": "Vacant Land", "TotalAcres": 160.0, "BlockID": "8-001", "BlockAcres": 41451.712, "BlockParcelCount": 84 }, "geometry": { "type": "Polygon", "coordinates": [ [ [ -113.462728686360379, 47.065468539108139 ], [ -113.468026446611233, 47.065490799846472 ], [ -113.468039267441625, 47.069107894093641 ], [ -113.468055709707102, 47.072725147013557 ], [ -113.468068598493687, 47.076342266421747 ], [ -113.468084945290784, 47.079959522213038 ], [ -113.462788739944386, 47.079928019064326 ], [ -113.46277225680744, 47.076313436354191 ], [ -113.462758700062707, 47.072698722900164 ], [ -113.462742157029652, 47.069083696640718 ], [ -113.462728686360379, 47.065468539108139 ] ] ] } },
{ "type": "Feature", "properties": { "CountyName": "Missoula", "OwnerName_Grouped": "NATURE CONSERVANCY", "OwnerName": "MONTANA CHECKERBOARD LLC", "OwnerAddre": "32 S EWING ST STE 215", "OwnerAdd_1": null, "OwnerAdd_2": null, "OwnerCity": "HELENA", "OwnerState": "MT", "PropType": "Vacant Land", "TotalAcres": 360.0, "BlockID": "8-001", "BlockAcres": 41451.712, "BlockParcelCount": 84 }, "geometry": { "type": "Polygon", "coordinates": [ [ [ -113.510495230208008, 47.025549756783441 ], [ -113.510498756831396, 47.029181885932672 ], [ -113.510489258070422, 47.032814032007302 ], [ -113.510492713597472, 47.036446209343353 ], [ -113.505170487782948, 47.036455526459477 ], [ -113.499848593562334, 47.036464577471335 ], [ -113.494526400371953, 47.036473920662836 ], [ -113.48920444336072, 47.036482938023518 ], [ -113.489210555003794, 47.032853743133586 ], [ -113.489223514366941, 47.029224616268486 ], [ -113.494542204955081, 47.029215103759867 ], [ -113.499861163722187, 47.029203755902373 ], [ -113.505179793286757, 47.029193674872808 ], [ -113.505179101747473, 47.025562556687191 ], [ -113.510495230208008, 47.025549756783441 ] ] ] } },
{ "type": "Feature", "properties": { "CountyName": "Missoula", "OwnerName_Grouped": "NATURE CONSERVANCY", "OwnerName": "MONTANA CHECKERBOARD LLC", "OwnerAddre": "32 S EWING ST STE 215", "OwnerAdd_1": null, "OwnerAdd_2": null, "OwnerCity": "HELENA", "OwnerState": "MT", "PropType": "Vacant Land", "TotalAcres": 654.28, "BlockID": "8-004", "BlockAcres": 13898.35, "BlockParcelCount": 31 }, "geometry": { "type": "Polygon", "coordinates": [ [ [ -113.665088819705176, 47.007581274834031 ], [ -113.6704271901895, 47.007605659014416 ], [ -113.675763112230968, 47.007610609555663 ], [ -113.681503635799373, 47.007609717534564 ], [ -113.681536536180559, 47.011242626634385 ], [ -113.681500131486445, 47.014888514929858 ], [ -113.681527770679182, 47.018526932450527 ], [ -113.681499125512417, 47.022165029509338 ], [ -113.675700561576591, 47.022147511117382 ], [ -113.670390596246889, 47.022122740749886 ], [ -113.665077499329342, 47.022111902786826 ], [ -113.659765065313422, 47.022083834007724 ], [ -113.659749923712354, 47.01846151366091 ], [ -113.659757929468583, 47.014838767705243 ], [ -113.659750553088926, 47.011211251816917 ], [ -113.659750766742803, 47.007593728357193 ], [ -113.665088819705176, 47.007581274834031 ] ] ] } },
{ "type": "Feature", "properties": { "CountyName": "Missoula", "OwnerName_Grouped": "NATURE CONSERVANCY", "OwnerName": "MONTANA CHECKERBOARD LLC", "OwnerAddre": "32 S EWING ST STE 215", "OwnerAdd_1": null, "OwnerAdd_2": null, "OwnerCity": "HELENA", "OwnerState": "MT", "PropType": "Vacant Land", "TotalAcres": 640.0, "BlockID": "8-001", "BlockAcres": 41451.712, "BlockParcelCount": 84 }, "geometry": { "type": "Polygon", "coordinates": [ [ [ -113.467997977413987, 47.050985020553078 ], [ -113.473303752834724, 47.050992536666904 ], [ -113.478609736921811, 47.05100124548327 ], [ -113.483915500549216, 47.051009098122812 ], [ -113.489221496764614, 47.051017469411747 ], [ -113.489238124723954, 47.054645243428084 ], [ -113.489261150375384, 47.058273095886015 ], [ -113.489277864523771, 47.061900875616629 ], [ -113.489300804332032, 47.065528749693662 ], [ -113.483982108742481, 47.065518404468662 ], [ -113.478663625830734, 47.065509774301944 ], [ -113.473344952145084, 47.065499282773466 ], [ -113.468026446611233, 47.065490799846472 ], [ -113.468017468285211, 47.061864269539178 ], [ -113.468012211380668, 47.058237897110175 ], [ -113.468003189171284, 47.054611398551984 ], [ -113.467997977413987, 47.050985020553078 ] ] ] } },
{ "type": "Feature", "properties": { "CountyName": "Missoula", "OwnerName_Grouped": "NATURE CONSERVANCY", "OwnerName": "MONTANA CHECKERBOARD LLC", "OwnerAddre": "32 S EWING ST STE 215", "OwnerAdd_1": null, "OwnerAdd_2": null, "OwnerCity": "HELENA", "OwnerState": "MT", "PropType": "Vacant Land", "TotalAcres": 640.0, "BlockID": "8-001", "BlockAcres": 41451.712, "BlockParcelCount": 84 }, "geometry": { "type": "Polygon", "coordinates": [ [ [ -113.521123624311073, 47.050989518113688 ], [ -113.515826835448067, 47.050990650896082 ], [ -113.510530517080696, 47.05099271651045 ], [ -113.510514838645307, 47.047356054395713 ], [ -113.510511613952531, 47.043719448400587 ], [ -113.510495808049157, 47.040082794074905 ], [ -113.510492713597472, 47.036446209343353 ], [ -113.515805146153426, 47.036452037422713 ], [ -113.521118074962814, 47.036457980297129 ], [ -113.526430390931665, 47.036463856106906 ], [ -113.531743409590149, 47.036469751085811 ], [ -113.531722870919168, 47.040098847460776 ], [ -113.531730084224947, 47.043728049977574 ], [ -113.531709777027174, 47.047357147633512 ], [ -113.531716732781533, 47.050986320992415 ], [ -113.526419846797253, 47.050987556586549 ], [ -113.521123624311073, 47.050989518113688 ] ] ] } },
{ "type": "Feature", "properties": { "CountyName": "Missoula", "OwnerName_Grouped": "NATURE CONSERVANCY", "OwnerName": "MONTANA CHECKERBOARD LLC", "OwnerAddre": "32 S EWING ST STE 215", "OwnerAdd_1": null, "OwnerAdd_2": null, "OwnerCity": "HELENA", "OwnerState": "MT", "PropType": "Vacant Land", "TotalAcres": 640.0, "BlockID": "8-001", "BlockAcres": 41451.712, "BlockParcelCount": 84 }, "geometry": { "type": "Polygon", "coordinates": [ [ [ -113.510530517080696, 47.05099271651045 ], [ -113.515826835448067, 47.050990650896082 ], [ -113.521123624311073, 47.050989518113688 ], [ -113.526419846797253, 47.050987556586549 ], [ -113.531716732781533, 47.050986320992415 ], [ -113.531700532373875, 47.054621676877758 ], [ -113.531711242335547, 47.058257063314379 ], [ -113.531695201582465, 47.061892396782774 ], [ -113.531705724115923, 47.065527779430951 ], [ -113.526403633847934, 47.065535310445981 ], [ -113.521102172863053, 47.065543862846617 ], [ -113.515800199344682, 47.065551268714863 ], [ -113.510498621824595, 47.065559947531987 ], [ -113.510500637335568, 47.061918064995389 ], [ -113.510514583326739, 47.058276317257118 ], [ -113.510516455430249, 47.054634469807525 ], [ -113.510530517080696, 47.05099271651045 ] ] ] } },
{ "type": "Feature", "properties": { "CountyName": "Missoula", "OwnerName_Grouped": "NATURE CONSERVANCY", "OwnerName": "MONTANA CHECKERBOARD LLC", "OwnerAddre": "32 S EWING ST STE 215", "OwnerAdd_1": null, "OwnerAdd_2": null, "OwnerCity": "HELENA", "OwnerState": "MT", "PropType": "Vacant Land", "TotalAcres": 630.82, "BlockID": "8-004", "BlockAcres": 13898.35, "BlockParcelCount": 31 }, "geometry": { "type": "Polygon", "coordinates": [ [ [ -113.686802514685652, 47.007640899629699 ], [ -113.692100503627913, 47.007643738136267 ], [ -113.697400419820184, 47.007673321322784 ], [ -113.702699867777113, 47.007675475402174 ], [ -113.702727805431678, 47.011306806127735 ], [ -113.702727499635984, 47.014947771117932 ], [ -113.702754084800731, 47.018584090130283 ], [ -113.70275515992887, 47.022220038715069 ], [ -113.697441417960619, 47.022215400475176 ], [ -113.692127129130185, 47.022192519593318 ], [ -113.686813532255371, 47.022187965381484 ], [ -113.681499125512417, 47.022165029509338 ], [ -113.681527770679182, 47.018526932450527 ], [ -113.681500131486445, 47.014888514929858 ], [ -113.681536536180559, 47.011242626634385 ], [ -113.681503635799373, 47.007609717534564 ], [ -113.686802514685652, 47.007640899629699 ] ] ] } },
{ "type": "Feature", "properties": { "CountyName": "Missoula", "OwnerName_Grouped": "NATURE CONSERVANCY", "OwnerName": "MONTANA CHECKERBOARD LLC", "OwnerAddre": "32 S EWING ST STE 215", "OwnerAdd_1": null, "OwnerAdd_2": null, "OwnerCity": "HELENA", "OwnerState": "MT", "PropType": "Vacant Land", "TotalAcres": 360.0, "BlockID": "8-004", "BlockAcres": 13898.35, "BlockParcelCount": 31 }, "geometry": { "type": "Polygon", "coordinates": [ [ [ -113.702727805431678, 47.011306806127735 ], [ -113.708020536631295, 47.011324187110503 ], [ -113.713313871501384, 47.011319803802067 ], [ -113.718607582877809, 47.011336917321707 ], [ -113.718602680273932, 47.01497866932899 ], [ -113.71861220733625, 47.018610734470123 ], [ -113.718607686751554, 47.022243087176953 ], [ -113.713323407961028, 47.022229474242458 ], [ -113.70803949582475, 47.022233771942162 ], [ -113.70275515992887, 47.022220038715069 ], [ -113.702754084800731, 47.018584090130283 ], [ -113.702727499635984, 47.014947771117932 ], [ -113.702727805431678, 47.011306806127735 ] ] ] } },
{ "type": "Feature", "properties": { "CountyName": "Missoula", "OwnerName_Grouped": "NATURE CONSERVANCY", "OwnerName": "MONTANA CHECKERBOARD LLC", "OwnerAddre": "32 S EWING ST STE 215", "OwnerAdd_1": null, "OwnerAdd_2": null, "OwnerCity": "HELENA", "OwnerState": "MT", "PropType": "Vacant Land", "TotalAcres": 640.0, "BlockID": "8-001", "BlockAcres": 41451.712, "BlockParcelCount": 84 }, "geometry": { "type": "Polygon", "coordinates": [ [ [ -113.467970065068243, 47.032837732482143 ], [ -113.467967912304829, 47.029213394238347 ], [ -113.467961972183204, 47.025588983974494 ], [ -113.467959789589088, 47.021964600610914 ], [ -113.473276201380529, 47.021972194735909 ], [ -113.478592715109727, 47.021976018424127 ], [ -113.483917167771907, 47.021974594757019 ], [ -113.489242586199424, 47.021966294706417 ], [ -113.489229627642132, 47.025595466946783 ], [ -113.489223514366941, 47.029224616268486 ], [ -113.489210555003794, 47.032853743133586 ], [ -113.48920444336072, 47.036482938023518 ], [ -113.483897213555736, 47.036478702798931 ], [ -113.478590239821145, 47.036472548299329 ], [ -113.473283028372663, 47.036467509892965 ], [ -113.467976035686377, 47.036462157707135 ], [ -113.467970065068243, 47.032837732482143 ] ] ] } },
{ "type": "Feature", "properties": { "CountyName": "Missoula", "OwnerName_Grouped": "NATURE CONSERVANCY", "OwnerName": "MONTANA CHECKERBOARD LLC", "OwnerAddre": "32 S EWING ST STE 215", "OwnerAdd_1": null, "OwnerAdd_2": null, "OwnerCity": "HELENA", "OwnerState": "MT", "PropType": "Vacant Land", "TotalAcres": 376.28, "BlockID": "8-001", "BlockAcres": 41451.712, "BlockParcelCount": 84 }, "geometry": { "type": "Polygon", "coordinates": [ [ [ -113.489276205239179, 47.007315816418306 ], [ -113.489282988021742, 47.005781712230252 ], [ -113.493537922417886, 47.005894785721964 ], [ -113.494596754751086, 47.005923597618455 ], [ -113.498902953941553, 47.006047286286453 ], [ -113.4999063502583, 47.00607582676038 ], [ -113.504267968289653, 47.006193561014314 ], [ -113.505219559398256, 47.006220694208416 ], [ -113.509603441788514, 47.006344807014891 ], [ -113.510528466089241, 47.006371041128403 ], [ -113.510527444353457, 47.007406389057941 ], [ -113.510528333420126, 47.011026544819835 ], [ -113.510517788767487, 47.014655683383367 ], [ -113.505203075741363, 47.01466133036277 ], [ -113.499888695808536, 47.014660499584821 ], [ -113.494565371707964, 47.014665886261255 ], [ -113.489242324514947, 47.014664306146599 ], [ -113.489246539683066, 47.013745738725774 ], [ -113.489272486436192, 47.010988846277222 ], [ -113.489276205239179, 47.007315816418306 ] ] ] } },
{ "type": "Feature", "properties": { "CountyName": "Missoula", "OwnerName_Grouped": "NATURE CONSERVANCY", "OwnerName": "MONTANA CHECKERBOARD LLC", "OwnerAddre": "32 S EWING ST STE 215", "OwnerAdd_1": null, "OwnerAdd_2": null, "OwnerCity": "HELENA", "OwnerState": "MT", "PropType": "Vacant Land", "TotalAcres": 160.0, "BlockID": "8-001", "BlockAcres": 41451.712, "BlockParcelCount": 84 }, "geometry": { "type": "Polygon", "coordinates": [ [ [ -113.446769706657435, 47.050950406387308 ], [ -113.452076719858425, 47.050958543366775 ], [ -113.457383827971441, 47.050967713770333 ], [ -113.457394163529699, 47.05458806762315 ], [ -113.457407452857154, 47.058208504432798 ], [ -113.452105002024652, 47.058192643848841 ], [ -113.44680266474596, 47.058178140986612 ], [ -113.44678506681889, 47.054564253963839 ], [ -113.446769706657435, 47.050950406387308 ] ] ] } },
{ "type": "Feature", "properties": { "CountyName": "Missoula", "OwnerName_Grouped": "NATURE CONSERVANCY", "OwnerName": "MONTANA CHECKERBOARD LLC", "OwnerAddre": "32 S EWING ST STE 215", "OwnerAdd_1": null, "OwnerAdd_2": null, "OwnerCity": "HELENA", "OwnerState": "MT", "PropType": "Vacant Land", "TotalAcres": 640.0, "BlockID": "8-001", "BlockAcres": 41451.712, "BlockParcelCount": 84 }, "geometry": { "type": "Polygon", "coordinates": [ [ [ -113.489221496764614, 47.051017469411747 ], [ -113.494548623622919, 47.051010745597225 ], [ -113.49987603809106, 47.051005081654601 ], [ -113.505203085294397, 47.050998471788127 ], [ -113.510530517080696, 47.05099271651045 ], [ -113.510516455430249, 47.054634469807525 ], [ -113.510514583326739, 47.058276317257118 ], [ -113.510500637335568, 47.061918064995389 ], [ -113.510498621824595, 47.065559947531987 ], [ -113.50519906481216, 47.06555142678728 ], [ -113.499899760086279, 47.065544335776707 ], [ -113.49460015981181, 47.065535672723385 ], [ -113.489300804332032, 47.065528749693662 ], [ -113.489277864523771, 47.061900875616629 ], [ -113.489261150375384, 47.058273095886015 ], [ -113.489238124723954, 47.054645243428084 ], [ -113.489221496764614, 47.051017469411747 ] ] ] } },
{ "type": "Feature", "properties": { "CountyName": "Missoula", "OwnerName_Grouped": "NATURE CONSERVANCY", "OwnerName": "MONTANA CHECKERBOARD LLC", "OwnerAddre": "32 S EWING ST STE 215", "OwnerAdd_1": null, "OwnerAdd_2": null, "OwnerCity": "HELENA", "OwnerState": "MT", "PropType": "Vacant Land", "TotalAcres": 640.0, "BlockID": "8-001", "BlockAcres": 41451.712, "BlockParcelCount": 84 }, "geometry": { "type": "Polygon", "coordinates": [ [ [ -113.468026446611233, 47.065490799846472 ], [ -113.473344952145084, 47.065499282773466 ], [ -113.478663625830734, 47.065509774301944 ], [ -113.483982108742481, 47.065518404468662 ], [ -113.489300804332032, 47.065528749693662 ], [ -113.489308893102319, 47.069155588506121 ], [ -113.489323041252987, 47.072782542738253 ], [ -113.489331240924329, 47.076409378103513 ], [ -113.489345305298897, 47.080036307728662 ], [ -113.48403013185461, 47.080015517169336 ], [ -113.478715125879532, 47.079997915380822 ], [ -113.473399955090798, 47.079977127908386 ], [ -113.468084945290784, 47.079959522213038 ], [ -113.468068598493687, 47.076342266421747 ], [ -113.468055709707102, 47.072725147013557 ], [ -113.468039267441625, 47.069107894093641 ], [ -113.468026446611233, 47.065490799846472 ] ] ] } },
{ "type": "Feature", "properties": { "CountyName": "Missoula", "OwnerName_Grouped": "NATURE CONSERVANCY", "OwnerName": "MONTANA CHECKERBOARD LLC", "OwnerAddre": "32 S EWING ST STE 215", "OwnerAdd_1": null, "OwnerAdd_2": null, "OwnerCity": "HELENA", "OwnerState": "MT", "PropType": "Vacant Land", "TotalAcres": 640.0, "BlockID": "8-001", "BlockAcres": 41451.712, "BlockParcelCount": 84 }, "geometry": { "type": "Polygon", "coordinates": [ [ [ -113.467997977413987, 47.050985020553078 ], [ -113.467990568397894, 47.047354248962399 ], [ -113.467986992236348, 47.043723589943369 ], [ -113.467979585636598, 47.040092822452117 ], [ -113.467976035686377, 47.036462157707135 ], [ -113.473283028372663, 47.036467509892965 ], [ -113.478590239821145, 47.036472548299329 ], [ -113.483897213555736, 47.036478702798931 ], [ -113.48920444336072, 47.036482938023518 ], [ -113.489205340759085, 47.040116520331672 ], [ -113.489212955319715, 47.04375020321568 ], [ -113.489213949217131, 47.047383774614524 ], [ -113.489221496764614, 47.051017469411747 ], [ -113.483915500549216, 47.051009098122812 ], [ -113.478609736921811, 47.05100124548327 ], [ -113.473303752834724, 47.050992536666904 ], [ -113.467997977413987, 47.050985020553078 ] ] ] } },
{ "type": "Feature", "properties": { "CountyName": "Missoula", "OwnerName_Grouped": "NATURE CONSERVANCY", "OwnerName": "MONTANA CHECKERBOARD LLC", "OwnerAddre": "32 S EWING ST STE 215", "OwnerAdd_1": null, "OwnerAdd_2": null, "OwnerCity": "HELENA", "OwnerState": "MT", "PropType": "Vacant Land", "TotalAcres": 480.0, "BlockID": "8-001", "BlockAcres": 41451.712, "BlockParcelCount": 84 }, "geometry": { "type": "Polygon", "coordinates": [ [ [ -113.457383827971441, 47.050967713770333 ], [ -113.462690843314618, 47.050975789130085 ], [ -113.467997977413987, 47.050985020553078 ], [ -113.468003189171284, 47.054611398551984 ], [ -113.468012211380668, 47.058237897110175 ], [ -113.468017468285211, 47.061864269539178 ], [ -113.468026446611233, 47.065490799846472 ], [ -113.462728686360379, 47.065468539108139 ], [ -113.45743104860675, 47.065448323910154 ], [ -113.452133298963716, 47.065426045656615 ], [ -113.446835649634707, 47.065405875886619 ], [ -113.446818036889383, 47.061791962637081 ], [ -113.44680266474596, 47.058178140986612 ], [ -113.452105002024652, 47.058192643848841 ], [ -113.457407452857154, 47.058208504432798 ], [ -113.457394163529699, 47.05458806762315 ], [ -113.457383827971441, 47.050967713770333 ] ] ] } },
{ "type": "Feature", "properties": { "CountyName": "Missoula", "OwnerName_Grouped": "NATURE CONSERVANCY", "OwnerName": "MONTANA CHECKERBOARD LLC", "OwnerAddre": "32 S EWING ST STE 215", "OwnerAdd_1": null, "OwnerAdd_2": null, "OwnerCity": "HELENA", "OwnerState": "MT", "PropType": "Vacant Land", "TotalAcres": 640.0, "BlockID": "8-001", "BlockAcres": 41451.712, "BlockParcelCount": 84 }, "geometry": { "type": "Polygon", "coordinates": [ [ [ -113.510498621824595, 47.065559947531987 ], [ -113.515800199344682, 47.065551268714863 ], [ -113.521102172863053, 47.065543862846617 ], [ -113.526403633847934, 47.065535310445981 ], [ -113.531705724115923, 47.065527779430951 ], [ -113.531688359431442, 47.06917516526142 ], [ -113.531697399639967, 47.072822605922838 ], [ -113.531680065117996, 47.076469988151516 ], [ -113.531689046537295, 47.080117405008451 ], [ -113.52639412158112, 47.0801142124091 ], [ -113.521099803764002, 47.080112874621378 ], [ -113.515804976610127, 47.080109566354011 ], [ -113.510510535296646, 47.080108316263797 ], [ -113.510501848333078, 47.076471166185009 ], [ -113.510504577970437, 47.072834131157499 ], [ -113.510495770309674, 47.069196981121316 ], [ -113.510498621824595, 47.065559947531987 ] ] ] } },
{ "type": "Feature", "properties": { "CountyName": "Missoula", "OwnerName_Grouped": "NATURE CONSERVANCY", "OwnerName": "MONTANA CHECKERBOARD LLC", "OwnerAddre": "32 S EWING ST STE 215", "OwnerAdd_1": null, "OwnerAdd_2": null, "OwnerCity": "HELENA", "OwnerState": "MT", "PropType": "Vacant Land", "TotalAcres": 160.0, "BlockID": "8-001", "BlockAcres": 41451.712, "BlockParcelCount": 84 }, "geometry": { "type": "Polygon", "coordinates": [ [ [ -113.531730084224947, 47.043728049977574 ], [ -113.537026257026454, 47.043737765937557 ], [ -113.542323554013294, 47.043747572396931 ], [ -113.542297592646676, 47.047375942440766 ], [ -113.542314618504847, 47.051004373054646 ], [ -113.537015140919195, 47.050995053050016 ], [ -113.531716732781533, 47.050986320992415 ], [ -113.531709777027174, 47.047357147633512 ], [ -113.531730084224947, 47.043728049977574 ] ] ] } },
{ "type": "Feature", "properties": { "CountyName": "Missoula", "OwnerName_Grouped": "NATURE CONSERVANCY", "OwnerName": "MONTANA CHECKERBOARD LLC", "OwnerAddre": "32 S EWING ST STE 215", "OwnerAdd_1": null, "OwnerAdd_2": null, "OwnerCity": "HELENA", "OwnerState": "MT", "PropType": "Vacant Land", "TotalAcres": 640.0, "BlockID": "8-001", "BlockAcres": 41451.712, "BlockParcelCount": 84 }, "geometry": { "type": "Polygon", "coordinates": [ [ [ -113.489300804332032, 47.065528749693662 ], [ -113.49460015981181, 47.065535672723385 ], [ -113.499899760086279, 47.065544335776707 ], [ -113.50519906481216, 47.06555142678728 ], [ -113.510498621824595, 47.065559947531987 ], [ -113.510495770309674, 47.069196981121316 ], [ -113.510504577970437, 47.072834131157499 ], [ -113.510501848333078, 47.076471166185009 ], [ -113.510510535296646, 47.080108316263797 ], [ -113.505219127121791, 47.080089103878954 ], [ -113.499927953836192, 47.080072312271795 ], [ -113.494636516927713, 47.080052798435993 ], [ -113.489345305298897, 47.080036307728662 ], [ -113.489331240924329, 47.076409378103513 ], [ -113.489323041252987, 47.072782542738253 ], [ -113.489308893102319, 47.069155588506121 ], [ -113.489300804332032, 47.065528749693662 ] ] ] } },
{ "type": "Feature", "properties": { "CountyName": "Missoula", "OwnerName_Grouped": "NATURE CONSERVANCY", "OwnerName": "MONTANA CHECKERBOARD LLC", "OwnerAddre": "32 S EWING ST STE 215", "OwnerAdd_1": null, "OwnerAdd_2": null, "OwnerCity": "HELENA", "OwnerState": "MT", "PropType": "Vacant Land", "TotalAcres": 640.0, "BlockID": "8-004", "BlockAcres": 13898.35, "BlockParcelCount": 31 }, "geometry": { "type": "Polygon", "coordinates": [ [ [ -113.713262631054775, 46.993515380512342 ], [ -113.707967840616064, 46.993493230924656 ], [ -113.702672405868626, 46.993479975743185 ], [ -113.70268492047866, 46.989863022511805 ], [ -113.702670207086896, 46.986246298861154 ], [ -113.702682219305188, 46.982629403810336 ], [ -113.702667980572144, 46.979012621469124 ], [ -113.707958729097882, 46.979026914386644 ], [ -113.713248948674348, 46.979043310545727 ], [ -113.718539579542337, 46.979057603796228 ], [ -113.723829888521081, 46.979073998124385 ], [ -113.723839287066269, 46.982694401991218 ], [ -113.723839621406455, 46.986314947448932 ], [ -113.723850026500742, 46.98993529090356 ], [ -113.723849325893084, 46.993555895447486 ], [ -113.718556203819816, 46.993531172110018 ], [ -113.713262631054775, 46.993515380512342 ] ] ] } },
{ "type": "Feature", "properties": { "CountyName": "Missoula", "OwnerName_Grouped": "NATURE CONSERVANCY", "OwnerName": "MONTANA CHECKERBOARD LLC", "OwnerAddre": "32 S EWING ST STE 215", "OwnerAdd_1": null, "OwnerAdd_2": null, "OwnerCity": "HELENA", "OwnerState": "MT", "PropType": "Vacant Land", "TotalAcres": 640.0, "BlockID": "8-004", "BlockAcres": 13898.35, "BlockParcelCount": 31 }, "geometry": { "type": "Polygon", "coordinates": [ [ [ -113.702659887310247, 46.964555408768994 ], [ -113.707952755216098, 46.964568480031822 ], [ -113.713245100587315, 46.964579434716192 ], [ -113.718537850427055, 46.964592528305282 ], [ -113.72383031428231, 46.964603487606901 ], [ -113.723834700050872, 46.968221094407475 ], [ -113.723830102318217, 46.971838741693219 ], [ -113.723834468650637, 46.975456324247297 ], [ -113.723829888521081, 46.979073998124385 ], [ -113.718539579542337, 46.979057603796228 ], [ -113.713248948674348, 46.979043310545727 ], [ -113.707958729097882, 46.979026914386644 ], [ -113.702667980572144, 46.979012621469124 ], [ -113.702679016805348, 46.975398289835596 ], [ -113.702663947812169, 46.971784001723606 ], [ -113.702674950579791, 46.968169724688735 ], [ -113.702659887310247, 46.964555408768994 ] ] ] } },
{ "type": "Feature", "properties": { "CountyName": "Missoula", "OwnerName_Grouped": "NATURE CONSERVANCY", "OwnerName": "MONTANA CHECKERBOARD LLC", "OwnerAddre": "32 S EWING ST STE 215", "OwnerAdd_1": null, "OwnerAdd_2": null, "OwnerCity": "HELENA", "OwnerState": "MT", "PropType": "Vacant Land", "TotalAcres": 651.04, "BlockID": "8-001", "BlockAcres": 41451.712, "BlockParcelCount": 84 }, "geometry": { "type": "Polygon", "coordinates": [ [ [ -113.531763630110788, 47.014672077887916 ], [ -113.531770899885416, 47.011037004347614 ], [ -113.531775020115433, 47.006923244663113 ], [ -113.536263000385432, 47.007027225603494 ], [ -113.537078348647526, 47.007047851510571 ], [ -113.541557417663071, 47.007163138302502 ], [ -113.542376602742891, 47.007184179605737 ], [ -113.546851832401714, 47.007296883935723 ], [ -113.547678033219256, 47.007320913579825 ], [ -113.552970962865018, 47.007452069489233 ], [ -113.552974706745943, 47.011071197383522 ], [ -113.552956274716806, 47.014716111478734 ], [ -113.552913319970457, 47.018347320049742 ], [ -113.552944391583779, 47.021978358419439 ], [ -113.547643920577414, 47.021967745153546 ], [ -113.542345474525604, 47.021954755760518 ], [ -113.537045447025392, 47.021944055598908 ], [ -113.531746556692212, 47.021931155032554 ], [ -113.531740833534784, 47.018301612676701 ], [ -113.531763630110788, 47.014672077887916 ] ] ] } },
{ "type": "Feature", "properties": { "CountyName": "Missoula", "OwnerName_Grouped": "NATURE CONSERVANCY", "OwnerName": "MONTANA CHECKERBOARD LLC", "OwnerAddre": "32 S EWING ST STE 215", "OwnerAdd_1": null, "OwnerAdd_2": null, "OwnerCity": "HELENA", "OwnerState": "MT", "PropType": "Vacant Land", "TotalAcres": 640.0, "BlockID": "8-004", "BlockAcres": 13898.35, "BlockParcelCount": 31 }, "geometry": { "type": "Polygon", "coordinates": [ [ [ -113.681467070485397, 46.964501413732201 ], [ -113.686758364005669, 46.964514779961796 ], [ -113.692063478555909, 46.96452841052465 ], [ -113.697362177038684, 46.964542818593934 ], [ -113.702659887310247, 46.964555408768994 ], [ -113.702674950579791, 46.968169724688735 ], [ -113.702663947812169, 46.971784001723606 ], [ -113.702679016805348, 46.975398289835596 ], [ -113.702667980572144, 46.979012621469124 ], [ -113.697378141438179, 46.978993166207879 ], [ -113.692087317573566, 46.97897596248864 ], [ -113.68679006887514, 46.978956289770998 ], [ -113.681506626596786, 46.978939330957949 ], [ -113.681477523487715, 46.975329846809394 ], [ -113.681486848153313, 46.971720372005308 ], [ -113.68145777216354, 46.968110910730886 ], [ -113.681467070485397, 46.964501413732201 ] ] ] } },
{ "type": "Feature", "properties": { "CountyName": "Missoula", "OwnerName_Grouped": "NATURE CONSERVANCY", "OwnerName": "MONTANA CHECKERBOARD LLC", "OwnerAddre": "32 S EWING ST STE 215", "OwnerAdd_1": null, "OwnerAdd_2": null, "OwnerCity": "HELENA", "OwnerState": "MT", "PropType": "Vacant Land", "TotalAcres": 629.08, "BlockID": "8-004", "BlockAcres": 13898.35, "BlockParcelCount": 31 }, "geometry": { "type": "Polygon", "coordinates": [ [ [ -113.681513709333245, 46.993393220888194 ], [ -113.686796484780615, 46.993410737199838 ], [ -113.692093071286109, 46.993436597368408 ], [ -113.69738327831368, 46.993453751393965 ], [ -113.702672405868626, 46.993479975743185 ], [ -113.702693390764992, 46.997097160448604 ], [ -113.70268708935059, 47.00071482461928 ], [ -113.702698522151749, 47.004336982609296 ], [ -113.702699867777113, 47.007675475402174 ], [ -113.697400419820184, 47.007673321322784 ], [ -113.692100503627913, 47.007643738136267 ], [ -113.686802514685652, 47.007640899629699 ], [ -113.681503635799373, 47.007609717534564 ], [ -113.681519014996908, 47.004222781946424 ], [ -113.681505277368103, 47.00060585021059 ], [ -113.681490177071083, 46.996999310879744 ], [ -113.681513709333245, 46.993393220888194 ] ] ] } },
{ "type": "Feature", "properties": { "CountyName": "Missoula", "OwnerName_Grouped": "NATURE CONSERVANCY", "OwnerName": "MONTANA CHECKERBOARD LLC", "OwnerAddre": "32 S EWING ST STE 215", "OwnerAdd_1": null, "OwnerAdd_2": null, "OwnerCity": "HELENA", "OwnerState": "MT", "PropType": "Vacant Land", "TotalAcres": 280.0, "BlockID": "8-004", "BlockAcres": 13898.35, "BlockParcelCount": 31 }, "geometry": { "type": "Polygon", "coordinates": [ [ [ -113.71861220733625, 47.018610734470123 ], [ -113.718602680273932, 47.01497866932899 ], [ -113.718607582877809, 47.011336917321707 ], [ -113.713313871501384, 47.011319803802067 ], [ -113.708020536631295, 47.011324187110503 ], [ -113.702727805431678, 47.011306806127735 ], [ -113.702699867777113, 47.007675475402174 ], [ -113.707999251670898, 47.007696074534181 ], [ -113.71329834346362, 47.007689296490788 ], [ -113.718597651798277, 47.007709916474788 ], [ -113.723896818813401, 47.007703117497819 ], [ -113.723901695237871, 47.011332324205739 ], [ -113.723894252821538, 47.014970999845701 ], [ -113.723898906424395, 47.018605187533467 ], [ -113.723891686842649, 47.022238881875893 ], [ -113.718607686751554, 47.022243087176953 ], [ -113.71861220733625, 47.018610734470123 ] ] ] } },
{ "type": "Feature", "properties": { "CountyName": "Missoula", "OwnerName_Grouped": "NATURE CONSERVANCY", "OwnerName": "MONTANA CHECKERBOARD LLC", "OwnerAddre": "32 S EWING ST STE 215", "OwnerAdd_1": null, "OwnerAdd_2": null, "OwnerCity": "HELENA", "OwnerState": "MT", "PropType": "Vacant Land", "TotalAcres": 640.0, "BlockID": "8-004", "BlockAcres": 13898.35, "BlockParcelCount": 31 }, "geometry": { "type": "Polygon", "coordinates": [ [ [ -113.681506626596786, 46.978939330957949 ], [ -113.68679006887514, 46.978956289770998 ], [ -113.692087317573566, 46.97897596248864 ], [ -113.697378141438179, 46.978993166207879 ], [ -113.702667980572144, 46.979012621469124 ], [ -113.702682219305188, 46.982629403810336 ], [ -113.702670207086896, 46.986246298861154 ], [ -113.70268492047866, 46.989863022511805 ], [ -113.702672405868626, 46.993479975743185 ], [ -113.69738327831368, 46.993453751393965 ], [ -113.692093071286109, 46.993436597368408 ], [ -113.686796484780615, 46.993410737199838 ], [ -113.681513709333245, 46.993393220888194 ], [ -113.681492680537119, 46.98977962999092 ], [ -113.68151018128836, 46.986166288353552 ], [ -113.681489144507339, 46.982552753863743 ], [ -113.681506626596786, 46.978939330957949 ] ] ] } },
{ "type": "Feature", "properties": { "CountyName": "Missoula", "OwnerName_Grouped": "NATURE CONSERVANCY", "OwnerName": "MONTANA CHECKERBOARD LLC", "OwnerAddre": "32 S EWING ST STE 215", "OwnerAdd_1": null, "OwnerAdd_2": null, "OwnerCity": "HELENA", "OwnerState": "MT", "PropType": "Vacant Land", "TotalAcres": 511.14, "BlockID": "8-001", "BlockAcres": 41451.712, "BlockParcelCount": 84 }, "geometry": { "type": "Polygon", "coordinates": [ [ [ -113.489350958594713, 47.083656792013407 ], [ -113.489345305298897, 47.080036307728662 ], [ -113.494636516927713, 47.080052798435993 ], [ -113.499927953836192, 47.080072312271795 ], [ -113.505219127121791, 47.080089103878954 ], [ -113.510510535296646, 47.080108316263797 ], [ -113.51048780710785, 47.083731273203711 ], [ -113.510476017884699, 47.087354360961164 ], [ -113.510462480710302, 47.091627170743614 ], [ -113.509820833268151, 47.091628541961022 ], [ -113.505190682767875, 47.091635958365451 ], [ -113.505182672270436, 47.091636004039714 ], [ -113.504508782194463, 47.091639873011943 ], [ -113.499914069612458, 47.091647470882691 ], [ -113.499194549633643, 47.091649009932951 ], [ -113.494642381240936, 47.09165584087593 ], [ -113.493880321393519, 47.091660507622969 ], [ -113.489366143342352, 47.091667938130684 ], [ -113.489362180727042, 47.087277378150731 ], [ -113.489350958594713, 47.083656792013407 ] ] ] } },
{ "type": "Feature", "properties": { "CountyName": "Missoula", "OwnerName_Grouped": "NATURE CONSERVANCY", "OwnerName": "MONTANA CHECKERBOARD LLC", "OwnerAddre": "32 S EWING ST STE 215", "OwnerAdd_1": null, "OwnerAdd_2": null, "OwnerCity": "HELENA", "OwnerState": "MT", "PropType": "Vacant Land", "TotalAcres": 160.0, "BlockID": "8-001", "BlockAcres": 41451.712, "BlockParcelCount": 84 }, "geometry": { "type": "Polygon", "coordinates": [ [ [ -113.541828053148961, 47.149766537399955 ], [ -113.536525036910646, 47.149772250616792 ], [ -113.536504584684565, 47.146133292784036 ], [ -113.536506915013746, 47.142494312668568 ], [ -113.541810451622482, 47.142481754866445 ], [ -113.547114815505566, 47.142489606249022 ], [ -113.547105904848792, 47.146125968355875 ], [ -113.54713165672095, 47.149762295172344 ], [ -113.541828053148961, 47.149766537399955 ] ] ] } },
{ "type": "Feature", "properties": { "CountyName": "Missoula", "OwnerName_Grouped": "NATURE CONSERVANCY", "OwnerName": "MONTANA CHECKERBOARD LLC", "OwnerAddre": "32 S EWING ST STE 215", "OwnerAdd_1": null, "OwnerAdd_2": null, "OwnerCity": "HELENA", "OwnerState": "MT", "PropType": "Vacant Land", "TotalAcres": 130.35, "BlockID": "8-001", "BlockAcres": 41451.712, "BlockParcelCount": 84 }, "geometry": { "type": "Polygon", "coordinates": [ [ [ -113.462789192113476, 47.083540690782549 ], [ -113.462788739944386, 47.079928019064326 ], [ -113.468084945290784, 47.079959522213038 ], [ -113.468081570308584, 47.083572517254773 ], [ -113.468081458361112, 47.087185676078121 ], [ -113.468077172501836, 47.091709694964109 ], [ -113.468077166827342, 47.091715181690667 ], [ -113.467487947144377, 47.091716538995712 ], [ -113.467336035369755, 47.091716887974329 ], [ -113.465076912764573, 47.091720527889215 ], [ -113.462796125174833, 47.091724157874559 ], [ -113.462792448286365, 47.087153165624315 ], [ -113.462789192113476, 47.083540690782549 ] ] ] } },
{ "type": "Feature", "properties": { "CountyName": "Missoula", "OwnerName_Grouped": "NATURE CONSERVANCY", "OwnerName": "MONTANA CHECKERBOARD LLC", "OwnerAddre": "32 S EWING ST STE 215", "OwnerAdd_1": null, "OwnerAdd_2": null, "OwnerCity": "HELENA", "OwnerState": "MT", "PropType": "Vacant Land", "TotalAcres": 517.28, "BlockID": "8-001", "BlockAcres": 41451.712, "BlockParcelCount": 84 }, "geometry": { "type": "Polygon", "coordinates": [ [ [ -113.468081570308584, 47.083572517254773 ], [ -113.468084945290784, 47.079959522213038 ], [ -113.473399955090798, 47.079977127908386 ], [ -113.478715125879532, 47.079997915380822 ], [ -113.48403013185461, 47.080015517169336 ], [ -113.489345305298897, 47.080036307728662 ], [ -113.489350958594713, 47.083656792013407 ], [ -113.489362180727042, 47.087277378150731 ], [ -113.489366143342352, 47.091667938130684 ], [ -113.488570258526693, 47.091669978294668 ], [ -113.484046232077588, 47.091678419035134 ], [ -113.483260223228712, 47.091683670298551 ], [ -113.478721765154162, 47.09169237916911 ], [ -113.478263560306729, 47.091693545078172 ], [ -113.477951994642638, 47.091694336485219 ], [ -113.473401800015921, 47.09170294390492 ], [ -113.472651803575985, 47.091707892030911 ], [ -113.472643792392589, 47.091707944466911 ], [ -113.468077166827342, 47.091715181690667 ], [ -113.468077172501836, 47.091709694964109 ], [ -113.468081458361112, 47.087185676078121 ], [ -113.468081570308584, 47.083572517254773 ] ] ] } },
{ "type": "Feature", "properties": { "CountyName": "Missoula", "OwnerName_Grouped": "NATURE CONSERVANCY", "OwnerName": "MONTANA CHECKERBOARD LLC", "OwnerAddre": "32 S EWING ST STE 215", "OwnerAdd_1": null, "OwnerAdd_2": null, "OwnerCity": "HELENA", "OwnerState": "MT", "PropType": "Vacant Land", "TotalAcres": 393.77, "BlockID": "8-001", "BlockAcres": 41451.712, "BlockParcelCount": 84 }, "geometry": { "type": "Polygon", "coordinates": [ [ [ -113.446915876039483, 47.083451703779161 ], [ -113.446900342685353, 47.079840068838735 ], [ -113.452196472620258, 47.079868122688538 ], [ -113.457492657944684, 47.07989979543774 ], [ -113.462788739944386, 47.079928019064326 ], [ -113.462789192113476, 47.083540690782549 ], [ -113.462792448286365, 47.087153165624315 ], [ -113.462796125174833, 47.091724157874559 ], [ -113.462028306171987, 47.091729135544192 ], [ -113.457510433566014, 47.091736926563541 ], [ -113.456720993304828, 47.091738772690235 ], [ -113.452229508184402, 47.091745613000342 ], [ -113.452221497175017, 47.091745666706515 ], [ -113.451413682172699, 47.091751104704734 ], [ -113.4469440336335, 47.091756089184393 ], [ -113.446933551056091, 47.08706347152377 ], [ -113.446915876039483, 47.083451703779161 ] ] ] } },
{ "type": "Feature", "properties": { "CountyName": "Missoula", "OwnerName_Grouped": "NATURE CONSERVANCY", "OwnerName": "MONTANA CHECKERBOARD LLC", "OwnerAddre": "32 S EWING ST STE 215", "OwnerAdd_1": null, "OwnerAdd_2": null, "OwnerCity": "HELENA", "OwnerState": "MT", "PropType": "Vacant Land", "TotalAcres": 437.21, "BlockID": "8-001", "BlockAcres": 41451.712, "BlockParcelCount": 84 }, "geometry": { "type": "Polygon", "coordinates": [ [ [ -113.429366581690388, 47.080819875143519 ], [ -113.429374333206368, 47.07983222750164 ], [ -113.436279608871615, 47.079834538402103 ], [ -113.441589939053344, 47.079835393407215 ], [ -113.446900342685353, 47.079840068838735 ], [ -113.446915876039483, 47.083451703779161 ], [ -113.446933551056091, 47.08706347152377 ], [ -113.4469440336335, 47.091756089184393 ], [ -113.446113092136741, 47.091756601675733 ], [ -113.441649012886998, 47.091755462723619 ], [ -113.441641002320026, 47.091755503959654 ], [ -113.440812501597861, 47.091759767395089 ], [ -113.436349493434051, 47.091761751253287 ], [ -113.435515246059808, 47.091762237432413 ], [ -113.430221416009815, 47.091763840631643 ], [ -113.430213405757598, 47.091763867540621 ], [ -113.430201330984104, 47.091763907687216 ], [ -113.429340824173849, 47.091766764469817 ], [ -113.429346976879458, 47.088048899877734 ], [ -113.429350147383985, 47.087058991115967 ], [ -113.42935609369745, 47.084432788853555 ], [ -113.429360004127801, 47.083445609812351 ], [ -113.429366581690388, 47.080819875143519 ] ] ] } },
{ "type": "Feature", "properties": { "CountyName": "Missoula", "OwnerName_Grouped": "NATURE CONSERVANCY", "OwnerName": "MONTANA CHECKERBOARD LLC", "OwnerAddre": "32 S EWING ST STE 215", "OwnerAdd_1": null, "OwnerAdd_2": null, "OwnerCity": "HELENA", "OwnerState": "MT", "PropType": "Vacant Land", "TotalAcres": 406.69, "BlockID": "8-001", "BlockAcres": 41451.712, "BlockParcelCount": 84 }, "geometry": { "type": "Polygon", "coordinates": [ [ [ -113.472655312427023, 47.095320846379202 ], [ -113.472643792392589, 47.091707944466911 ], [ -113.472651803575985, 47.091707892030911 ], [ -113.473401800015921, 47.09170294390492 ], [ -113.477951994642638, 47.091694336485219 ], [ -113.478263560306729, 47.091693545078172 ], [ -113.478721765154162, 47.09169237916911 ], [ -113.483260223228712, 47.091683670298551 ], [ -113.483260237604938, 47.091689157284151 ], [ -113.483269671532724, 47.095315281703343 ], [ -113.483270763137682, 47.098963658712535 ], [ -113.483288581241027, 47.102604081618189 ], [ -113.488589401708353, 47.102641345386274 ], [ -113.493891239682512, 47.102683932768656 ], [ -113.49389292601478, 47.106392458628655 ], [ -113.48858589707406, 47.106413224160143 ], [ -113.48328157745614, 47.10644962113296 ], [ -113.477975997098085, 47.106478225484381 ], [ -113.472670256939864, 47.106506783562068 ], [ -113.47266683916142, 47.102570292650235 ], [ -113.472657000045984, 47.09895051553282 ], [ -113.472655312427023, 47.095320846379202 ] ] ] } },
{ "type": "Feature", "properties": { "CountyName": "Missoula", "OwnerName_Grouped": "NATURE CONSERVANCY", "OwnerName": "MONTANA CHECKERBOARD LLC", "OwnerAddre": "32 S EWING ST STE 215", "OwnerAdd_1": null, "OwnerAdd_2": null, "OwnerCity": "HELENA", "OwnerState": "MT", "PropType": "Vacant Land", "TotalAcres": 653.4, "BlockID": "8-001", "BlockAcres": 41451.712, "BlockParcelCount": 84 }, "geometry": { "type": "Polygon", "coordinates": [ [ [ -113.45142223977615, 47.095366181797083 ], [ -113.451413682172699, 47.091751104704734 ], [ -113.452221497175017, 47.091745666706515 ], [ -113.452229508184402, 47.091745613000342 ], [ -113.456720993304828, 47.091738772690235 ], [ -113.457510433566014, 47.091736926563541 ], [ -113.462028306171987, 47.091729135544192 ], [ -113.462796125174833, 47.091724157874559 ], [ -113.465076912764573, 47.091720527889215 ], [ -113.467336035369755, 47.091716887974329 ], [ -113.467487947144377, 47.091716538995712 ], [ -113.468077166827342, 47.091715181690667 ], [ -113.472643792392589, 47.091707944466911 ], [ -113.472655312427023, 47.095320846379202 ], [ -113.472657000045984, 47.09895051553282 ], [ -113.47266683916142, 47.102570292650235 ], [ -113.472670256939864, 47.106506783562068 ], [ -113.467359053609883, 47.106512631663271 ], [ -113.46728079996511, 47.106512754671272 ], [ -113.462043685614461, 47.106518530089943 ], [ -113.46189131466339, 47.106518587075392 ], [ -113.456732502854294, 47.106523944898996 ], [ -113.456488717298086, 47.106524503490547 ], [ -113.451729498373723, 47.10638823560835 ], [ -113.451426065823341, 47.102619432444108 ], [ -113.451415109201236, 47.098998368348802 ], [ -113.45142223977615, 47.095366181797083 ] ] ] } },
{ "type": "Feature", "properties": { "CountyName": "Missoula", "OwnerName_Grouped": "NATURE CONSERVANCY", "OwnerName": "MONTANA CHECKERBOARD LLC", "OwnerAddre": "32 S EWING ST STE 215", "OwnerAdd_1": null, "OwnerAdd_2": null, "OwnerCity": "HELENA", "OwnerState": "MT", "PropType": "Vacant Land", "TotalAcres": 80.0, "BlockID": "8-001", "BlockAcres": 41451.712, "BlockParcelCount": 84 }, "geometry": { "type": "Polygon", "coordinates": [ [ [ -113.536485706042299, 47.13885487751925 ], [ -113.536470839032333, 47.135144881237764 ], [ -113.541793069622997, 47.13520855771705 ], [ -113.547097945470583, 47.135208971696507 ], [ -113.547086533625929, 47.13884870735955 ], [ -113.541786533575305, 47.138845764159591 ], [ -113.536485706042299, 47.13885487751925 ] ] ] } },
{ "type": "Feature", "properties": { "CountyName": "Missoula", "OwnerName_Grouped": "NATURE CONSERVANCY", "OwnerName": "MONTANA CHECKERBOARD LLC", "OwnerAddre": "32 S EWING ST STE 215", "OwnerAdd_1": null, "OwnerAdd_2": null, "OwnerCity": "HELENA", "OwnerState": "MT", "PropType": "Vacant Land", "TotalAcres": 508.76, "BlockID": "8-001", "BlockAcres": 41451.712, "BlockParcelCount": 84 }, "geometry": { "type": "Polygon", "coordinates": [ [ [ -113.541688680453731, 47.091600590454803 ], [ -113.53698757417456, 47.091588257565618 ], [ -113.536400614923366, 47.091614734899856 ], [ -113.531695438457319, 47.091589513706069 ], [ -113.53169441845651, 47.087390786494495 ], [ -113.531678752061964, 47.08375407437029 ], [ -113.531689046537295, 47.080117405008451 ], [ -113.53698653579815, 47.080086340731746 ], [ -113.542285096217356, 47.080056489766761 ], [ -113.547582138839161, 47.080025280247654 ], [ -113.552881173418825, 47.079995574965707 ], [ -113.552836617564552, 47.083610487482183 ], [ -113.552860681466839, 47.08722579265882 ], [ -113.552856450750824, 47.091572684270055 ], [ -113.55228091399033, 47.091574505298588 ], [ -113.54756826970987, 47.091583094025744 ], [ -113.547560258781175, 47.091583136367959 ], [ -113.546976744479522, 47.091586202137336 ], [ -113.542274511689982, 47.091588852140276 ], [ -113.541688680453731, 47.091600590454803 ] ] ] } },
{ "type": "Feature", "properties": { "CountyName": "Missoula", "OwnerName_Grouped": "NATURE CONSERVANCY", "OwnerName": "MONTANA CHECKERBOARD LLC", "OwnerAddre": "32 S EWING ST STE 215", "OwnerAdd_1": null, "OwnerAdd_2": null, "OwnerCity": "HELENA", "OwnerState": "MT", "PropType": "Vacant Land", "TotalAcres": 634.6, "BlockID": "8-001", "BlockAcres": 41451.712, "BlockParcelCount": 84 }, "geometry": { "type": "Polygon", "coordinates": [ [ [ -113.557049199206659, 47.106089575161576 ], [ -113.557049254397555, 47.106082739900948 ], [ -113.557059296156311, 47.106082746756506 ], [ -113.562371389434261, 47.106086457306432 ], [ -113.5676935251863, 47.10608992780157 ], [ -113.573015667844203, 47.10609314665826 ], [ -113.578337811118104, 47.106096118603908 ], [ -113.578324077218426, 47.10984952511167 ], [ -113.578319238858938, 47.113478803569571 ], [ -113.578349096222965, 47.117108241027381 ], [ -113.578336467120522, 47.120737580326619 ], [ -113.572991739971243, 47.120718361064625 ], [ -113.567644171209892, 47.12069818088343 ], [ -113.562366834881828, 47.120669862749985 ], [ -113.557105037957797, 47.120605853056503 ], [ -113.557095007118718, 47.120605730361902 ], [ -113.557094899599065, 47.120598890966214 ], [ -113.557038318917535, 47.11699804559165 ], [ -113.556973506691193, 47.11338850631607 ], [ -113.556973588300437, 47.113381671032613 ], [ -113.557019753447008, 47.109753499287919 ], [ -113.557049199206659, 47.106089575161576 ] ] ] } },
{ "type": "Feature", "properties": { "CountyName": "Missoula", "OwnerName_Grouped": "NATURE CONSERVANCY", "OwnerName": "MONTANA CHECKERBOARD LLC", "OwnerAddre": "32 S EWING ST STE 215", "OwnerAdd_1": null, "OwnerAdd_2": null, "OwnerCity": "HELENA", "OwnerState": "MT", "PropType": "Vacant Land", "TotalAcres": 640.0, "BlockID": "8-003", "BlockAcres": 25880.166, "BlockParcelCount": 64 }, "geometry": { "type": "Polygon", "coordinates": [ [ [ -113.765854911632232, 46.852683493026504 ], [ -113.765839882753014, 46.849068677244993 ], [ -113.771111796365204, 46.849074214945873 ], [ -113.776383171778164, 46.849081184438433 ], [ -113.781654996466742, 46.849086459542683 ], [ -113.786926462978698, 46.849093689783047 ], [ -113.786937348863489, 46.852715831194907 ], [ -113.78693728648949, 46.85428523944374 ], [ -113.786937206155898, 46.856338072684032 ], [ -113.786947899349855, 46.859960238804064 ], [ -113.78694794971706, 46.863582483208937 ], [ -113.781669582869299, 46.863566890587791 ], [ -113.776390905203414, 46.863555229437573 ], [ -113.771112659268013, 46.863540066693005 ], [ -113.765833862952348, 46.863527949217151 ], [ -113.765851661801435, 46.859913099772477 ], [ -113.76583687228117, 46.856298312559225 ], [ -113.765854911632232, 46.852683493026504 ] ] ] } },
{ "type": "Feature", "properties": { "CountyName": "Missoula", "OwnerName_Grouped": "NATURE CONSERVANCY", "OwnerName": "MONTANA CHECKERBOARD LLC", "OwnerAddre": "32 S EWING ST STE 215", "OwnerAdd_1": null, "OwnerAdd_2": null, "OwnerCity": "HELENA", "OwnerState": "MT", "PropType": "Vacant Land", "TotalAcres": 639.55, "BlockID": "8-003", "BlockAcres": 25880.166, "BlockParcelCount": 64 }, "geometry": { "type": "Polygon", "coordinates": [ [ [ -113.702757959569936, 46.838077076397113 ], [ -113.702747308982197, 46.834484177230024 ], [ -113.704957408854568, 46.834491641587121 ], [ -113.708001814145419, 46.834501853113117 ], [ -113.710270839781771, 46.834509411532004 ], [ -113.710290759716727, 46.83450947732878 ], [ -113.713256300405916, 46.834519287011972 ], [ -113.713593618233787, 46.834520398177148 ], [ -113.715519762177223, 46.834526722277239 ], [ -113.717711016282749, 46.834533877568369 ], [ -113.718510388021755, 46.834536477653224 ], [ -113.720747732702932, 46.83454372451817 ], [ -113.723764463188076, 46.834553426108378 ], [ -113.72375557941524, 46.838168904399957 ], [ -113.723744917240353, 46.841794653400612 ], [ -113.723724510325539, 46.845415200018351 ], [ -113.723725343367562, 46.849035853407614 ], [ -113.718457173813064, 46.849033567173862 ], [ -113.713189258602597, 46.849033067397926 ], [ -113.707918612362135, 46.849032126948536 ], [ -113.703219287648579, 46.849031914290158 ], [ -113.703223287994561, 46.848874523678575 ], [ -113.702772348314554, 46.848875139816663 ], [ -113.702767804168971, 46.845342941042162 ], [ -113.702767708821725, 46.845276102647766 ], [ -113.702763065478479, 46.841723880875826 ], [ -113.702763037035282, 46.84168043624193 ], [ -113.702759118407087, 46.838100441670868 ], [ -113.702757959569936, 46.838077076397113 ] ] ] } },
{ "type": "Feature", "properties": { "CountyName": "Missoula", "OwnerName_Grouped": "NATURE CONSERVANCY", "OwnerName": "MONTANA CHECKERBOARD LLC", "OwnerAddre": "32 S EWING ST STE 215", "OwnerAdd_1": null, "OwnerAdd_2": null, "OwnerCity": "HELENA", "OwnerState": "MT", "PropType": "Vacant Land", "TotalAcres": 80.11, "BlockID": "8-003", "BlockAcres": 25880.166, "BlockParcelCount": 64 }, "geometry": { "type": "Polygon", "coordinates": [ [ [ -113.765850990247174, 46.838224604418485 ], [ -113.765857206897323, 46.834616350256859 ], [ -113.766160330368251, 46.834617291889202 ], [ -113.768094603337758, 46.834622674609228 ], [ -113.771120123412302, 46.834631028527674 ], [ -113.773307423608969, 46.834636974686681 ], [ -113.775398044164447, 46.834642658668777 ], [ -113.776351643250962, 46.83464523823973 ], [ -113.776383017063495, 46.834645322654616 ], [ -113.776382989909592, 46.834672757735298 ], [ -113.776382977326932, 46.834686438279782 ], [ -113.776379554985652, 46.838230667376706 ], [ -113.771115392252383, 46.838227737477133 ], [ -113.765850990247174, 46.838224604418485 ] ] ] } },
{ "type": "Feature", "properties": { "CountyName": "Missoula", "OwnerName_Grouped": "NATURE CONSERVANCY", "OwnerName": "MONTANA CHECKERBOARD LLC", "OwnerAddre": "32 S EWING ST STE 215", "OwnerAdd_1": null, "OwnerAdd_2": null, "OwnerCity": "HELENA", "OwnerState": "MT", "PropType": "Vacant Land", "TotalAcres": 608.4, "BlockID": "8-003", "BlockAcres": 25880.166, "BlockParcelCount": 64 }, "geometry": { "type": "Polygon", "coordinates": [ [ [ -113.786937348863489, 46.852715831194907 ], [ -113.786926462978698, 46.849093689783047 ], [ -113.792200177171821, 46.849091878795853 ], [ -113.797473780005561, 46.849092196459402 ], [ -113.80275228393117, 46.849094076004732 ], [ -113.806992856594789, 46.849091495608022 ], [ -113.806994722193537, 46.850953307142433 ], [ -113.806996243171184, 46.852470017395298 ], [ -113.80699614599169, 46.852523456044501 ], [ -113.806995795847925, 46.852716663437825 ], [ -113.806997949845666, 46.854511906833558 ], [ -113.806999824547177, 46.856074652466923 ], [ -113.806999852705459, 46.85633782015411 ], [ -113.807002746284425, 46.859242083119653 ], [ -113.807003182719825, 46.859679397084982 ], [ -113.807002798337024, 46.859856374182392 ], [ -113.80700256572824, 46.859963086055721 ], [ -113.807003731858671, 46.860885290962372 ], [ -113.807006764957578, 46.863284142399976 ], [ -113.807006180492465, 46.863584449934656 ], [ -113.807004180164299, 46.863584449733786 ], [ -113.802789299228706, 46.86358489697259 ], [ -113.797507076204255, 46.863583930391236 ], [ -113.79222755387589, 46.863581253100442 ], [ -113.78694794971706, 46.863582483208937 ], [ -113.786947899349855, 46.859960238804064 ], [ -113.786937206155898, 46.856338072684032 ], [ -113.78693728648949, 46.85428523944374 ], [ -113.786937348863489, 46.852715831194907 ] ] ] } },
{ "type": "Feature", "properties": { "CountyName": "Missoula", "OwnerName_Grouped": "NATURE CONSERVANCY", "OwnerName": "MONTANA CHECKERBOARD LLC", "OwnerAddre": "32 S EWING ST STE 215", "OwnerAdd_1": null, "OwnerAdd_2": null, "OwnerCity": "HELENA", "OwnerState": "MT", "PropType": "Vacant Land", "TotalAcres": 640.0, "BlockID": "8-003", "BlockAcres": 25880.166, "BlockParcelCount": 64 }, "geometry": { "type": "Polygon", "coordinates": [ [ [ -113.495717913565713, 46.744692744623137 ], [ -113.498428462307089, 46.744673939755664 ], [ -113.501005641896924, 46.744666945295904 ], [ -113.501000371132065, 46.748286060273578 ], [ -113.500977720095264, 46.751904450841501 ], [ -113.500972595977132, 46.755522995667583 ], [ -113.500951059993824, 46.759141365967331 ], [ -113.495663363808163, 46.759148429353566 ], [ -113.490374683453965, 46.759146349454959 ], [ -113.485087448305876, 46.759153487271483 ], [ -113.479798305646497, 46.759151332932859 ], [ -113.479846123447714, 46.755542142365961 ], [ -113.479827438467069, 46.751932468319779 ], [ -113.479877426644649, 46.748323393720092 ], [ -113.479856448265892, 46.744713600891465 ], [ -113.48260408238562, 46.744711966285543 ], [ -113.485143497104801, 46.744716650438015 ], [ -113.487892117013232, 46.744697642414934 ], [ -113.490429572496851, 46.744690787178399 ], [ -113.493180180253432, 46.744688124514056 ], [ -113.495717913565713, 46.744692744623137 ] ] ] } },
{ "type": "Feature", "properties": { "CountyName": "Missoula", "OwnerName_Grouped": "NATURE CONSERVANCY", "OwnerName": "MONTANA CHECKERBOARD LLC", "OwnerAddre": "32 S EWING ST STE 215", "OwnerAdd_1": null, "OwnerAdd_2": null, "OwnerCity": "HELENA", "OwnerState": "MT", "PropType": "Vacant Land", "TotalAcres": 268.2, "BlockID": "8-003", "BlockAcres": 25880.166, "BlockParcelCount": 64 }, "geometry": { "type": "Polygon", "coordinates": [ [ [ -113.752467544632282, 46.830453046706765 ], [ -113.752467659534148, 46.828545393343049 ], [ -113.757686716388719, 46.828549133177859 ], [ -113.762905330140171, 46.828564350459288 ], [ -113.76811303946198, 46.828564854935891 ], [ -113.773320666388884, 46.828582307856941 ], [ -113.773302319864811, 46.832172590787444 ], [ -113.773307423608969, 46.834636974686681 ], [ -113.771120123412302, 46.834631028527674 ], [ -113.768094603337758, 46.834622674609228 ], [ -113.766160330368251, 46.834617291889202 ], [ -113.765857206897323, 46.834616350256859 ], [ -113.762882306240485, 46.834611779460054 ], [ -113.760598009215173, 46.834608216948681 ], [ -113.757674839437371, 46.834603591196441 ], [ -113.7557446593718, 46.834600495998181 ], [ -113.755338806600079, 46.834599841545234 ], [ -113.752466444243851, 46.834595164866613 ], [ -113.752467792194096, 46.832152170276984 ], [ -113.752467544632282, 46.830453046706765 ] ] ] } },
{ "type": "Feature", "properties": { "CountyName": "Missoula", "OwnerName_Grouped": "NATURE CONSERVANCY", "OwnerName": "MONTANA CHECKERBOARD LLC", "OwnerAddre": "32 S EWING ST STE 215", "OwnerAdd_1": null, "OwnerAdd_2": null, "OwnerCity": "HELENA", "OwnerState": "MT", "PropType": "Vacant Land", "TotalAcres": 637.03, "BlockID": "8-003", "BlockAcres": 25880.166, "BlockParcelCount": 64 }, "geometry": { "type": "Polygon", "coordinates": [ [ [ -113.689191175620209, 46.808676818162596 ], [ -113.689235739485426, 46.805088366687535 ], [ -113.694529518653312, 46.805086484520928 ], [ -113.699823226486487, 46.805087110318205 ], [ -113.705092057835174, 46.805085912441612 ], [ -113.705104506324133, 46.805085909201523 ], [ -113.709188206333494, 46.805086562941028 ], [ -113.708797236684006, 46.806840304948388 ], [ -113.710441403583346, 46.806838175741902 ], [ -113.710434890357305, 46.808753336014355 ], [ -113.710412275445393, 46.812347363226536 ], [ -113.71036216540972, 46.815918971055574 ], [ -113.710313942998127, 46.819490620993243 ], [ -113.705000213864494, 46.819474423219305 ], [ -113.699686477595961, 46.819466326965035 ], [ -113.69437272991027, 46.819450047089688 ], [ -113.689058982284791, 46.819442032457012 ], [ -113.689102710222173, 46.81585363306673 ], [ -113.68914734730312, 46.812265213861508 ], [ -113.689191175620209, 46.808676818162596 ] ] ] } },
{ "type": "Feature", "properties": { "CountyName": "Missoula", "OwnerName_Grouped": "NATURE CONSERVANCY", "OwnerName": "MONTANA CHECKERBOARD LLC", "OwnerAddre": "32 S EWING ST STE 215", "OwnerAdd_1": null, "OwnerAdd_2": null, "OwnerCity": "HELENA", "OwnerState": "MT", "PropType": "Vacant Land", "TotalAcres": 84.73, "BlockID": "8-003", "BlockAcres": 25880.166, "BlockParcelCount": 64 }, "geometry": { "type": "Polygon", "coordinates": [ [ [ -113.747224563105789, 46.830427306426714 ], [ -113.74723197389369, 46.826823119198032 ], [ -113.75246743963389, 46.826846269809181 ], [ -113.752467659534148, 46.828545393343049 ], [ -113.752467544632282, 46.830453046706765 ], [ -113.752467792194096, 46.832152170276984 ], [ -113.752466444243851, 46.834595164866613 ], [ -113.751383430287575, 46.834593382915386 ], [ -113.750073022764496, 46.834591212271356 ], [ -113.747213230603933, 46.834586424343044 ], [ -113.747213305529257, 46.834558989848837 ], [ -113.747224563105789, 46.830427306426714 ] ] ] } },
{ "type": "Feature", "properties": { "CountyName": "Missoula", "OwnerName_Grouped": "NATURE CONSERVANCY", "OwnerName": "MONTANA CHECKERBOARD LLC", "OwnerAddre": "32 S EWING ST STE 215", "OwnerAdd_1": null, "OwnerAdd_2": null, "OwnerCity": "HELENA", "OwnerState": "MT", "PropType": "Vacant Land", "TotalAcres": 292.36, "BlockID": "8-003", "BlockAcres": 25880.166, "BlockParcelCount": 64 }, "geometry": { "type": "Polygon", "coordinates": [ [ [ -113.678450653344314, 46.82669061478699 ], [ -113.678505562147052, 46.823107350773569 ], [ -113.68376057544107, 46.823076390377871 ], [ -113.683809930515949, 46.819480659538321 ], [ -113.689058982284791, 46.819442032457012 ], [ -113.689015635822869, 46.823052840498363 ], [ -113.688973145322706, 46.826663768553345 ], [ -113.688951648249528, 46.830278232098429 ], [ -113.688924421965368, 46.834455376946671 ], [ -113.686894873349672, 46.83445100769098 ], [ -113.683628103486882, 46.834443898061629 ], [ -113.681589744996231, 46.834439415218306 ], [ -113.679480553329697, 46.834435775221856 ], [ -113.678331393114362, 46.834433775154984 ], [ -113.678387287956099, 46.83029383940552 ], [ -113.678387336054016, 46.830291098386631 ], [ -113.678450653344314, 46.82669061478699 ] ] ] } },
{ "type": "Feature", "properties": { "CountyName": "Missoula", "OwnerName_Grouped": "NATURE CONSERVANCY", "OwnerName": "MONTANA CHECKERBOARD LLC", "OwnerAddre": "32 S EWING ST STE 215", "OwnerAdd_1": null, "OwnerAdd_2": null, "OwnerCity": "HELENA", "OwnerState": "MT", "PropType": "Vacant Land", "TotalAcres": 465.6, "BlockID": "8-003", "BlockAcres": 25880.166, "BlockParcelCount": 64 }, "geometry": { "type": "Polygon", "coordinates": [ [ [ -113.710293563081265, 46.83033493125393 ], [ -113.710297421377945, 46.826718796173147 ], [ -113.715546974070222, 46.826727942681003 ], [ -113.720796606725841, 46.826746950336762 ], [ -113.720818179613957, 46.823145348682658 ], [ -113.726070091289301, 46.823161717916889 ], [ -113.72610555390871, 46.81956783795313 ], [ -113.728810957036515, 46.819582936921684 ], [ -113.731369478711613, 46.819597156732755 ], [ -113.731349875217333, 46.821078625594893 ], [ -113.731321993026512, 46.823185530361727 ], [ -113.731276290378773, 46.826774077613912 ], [ -113.731254144148622, 46.830377231319638 ], [ -113.731225630392586, 46.834564121921375 ], [ -113.729666559960904, 46.834561927609798 ], [ -113.729029505197687, 46.834561024865316 ], [ -113.725987104807231, 46.834556663868902 ], [ -113.72392745064127, 46.834553664849985 ], [ -113.72389955959477, 46.834553623593493 ], [ -113.723764463188076, 46.834553426108378 ], [ -113.720747732702932, 46.83454372451817 ], [ -113.718510388021755, 46.834536477653224 ], [ -113.717711016282749, 46.834533877568369 ], [ -113.715519762177223, 46.834526722277239 ], [ -113.713593618233787, 46.834520398177148 ], [ -113.713256300405916, 46.834519287011972 ], [ -113.710290759716727, 46.83450947732878 ], [ -113.710293563081265, 46.83033493125393 ] ] ] } },
{ "type": "Feature", "properties": { "CountyName": "Missoula", "OwnerName_Grouped": "NATURE CONSERVANCY", "OwnerName": "MONTANA CHECKERBOARD LLC", "OwnerAddre": "32 S EWING ST STE 215", "OwnerAdd_1": null, "OwnerAdd_2": null, "OwnerCity": "HELENA", "OwnerState": "MT", "PropType": "Vacant Land", "TotalAcres": 218.93, "BlockID": "8-003", "BlockAcres": 25880.166, "BlockParcelCount": 64 }, "geometry": { "type": "Polygon", "coordinates": [ [ [ -113.731225630392586, 46.834564121921375 ], [ -113.731254144148622, 46.830377231319638 ], [ -113.736585037898621, 46.830388620759052 ], [ -113.736605322185056, 46.826786519801466 ], [ -113.741075882738514, 46.826806967634262 ], [ -113.741927290105039, 46.826810842185239 ], [ -113.74723197389369, 46.826823119198032 ], [ -113.747224563105789, 46.830427306426714 ], [ -113.747213305529257, 46.834558989848837 ], [ -113.747213230603933, 46.834586424343044 ], [ -113.745165664284031, 46.834582952609203 ], [ -113.744807203902369, 46.834582340516789 ], [ -113.741876801374943, 46.834578546723328 ], [ -113.739550888046395, 46.834575481205185 ], [ -113.736552856579038, 46.834571461132334 ], [ -113.734452686230483, 46.834568597069925 ], [ -113.734294568316983, 46.834568380013813 ], [ -113.731225630392586, 46.834564121921375 ] ] ] } },
{ "type": "Feature", "properties": { "CountyName": "Missoula", "OwnerName_Grouped": "NATURE CONSERVANCY", "OwnerName": "MONTANA CHECKERBOARD LLC", "OwnerAddre": "32 S EWING ST STE 215", "OwnerAdd_1": null, "OwnerAdd_2": null, "OwnerCity": "HELENA", "OwnerState": "MT", "PropType": "Vacant Land", "TotalAcres": 246.28, "BlockID": "8-003", "BlockAcres": 25880.166, "BlockParcelCount": 64 }, "geometry": { "type": "Polygon", "coordinates": [ [ [ -113.710434890357305, 46.808753336014355 ], [ -113.710441403583346, 46.806838175741902 ], [ -113.714842102619855, 46.806841792914248 ], [ -113.715689229108548, 46.806842506077729 ], [ -113.72088696876196, 46.806846752737464 ], [ -113.72093702583183, 46.806846669105504 ], [ -113.72618479557174, 46.806846832911049 ], [ -113.726946222974703, 46.80684685280162 ], [ -113.731432564655535, 46.806846996904113 ], [ -113.731429942737208, 46.808823644343541 ], [ -113.731420107161412, 46.812425070172964 ], [ -113.72615771936735, 46.812405349702388 ], [ -113.720895454487902, 46.812386634127911 ], [ -113.716570602531874, 46.812370122088765 ], [ -113.715653792867315, 46.812366601128986 ], [ -113.710412275445393, 46.812347363226536 ], [ -113.710434890357305, 46.808753336014355 ] ] ] } },
{ "type": "Feature", "properties": { "CountyName": "Missoula", "OwnerName_Grouped": "NATURE CONSERVANCY", "OwnerName": "MONTANA CHECKERBOARD LLC", "OwnerAddre": "32 S EWING ST STE 215", "OwnerAdd_1": null, "OwnerAdd_2": null, "OwnerCity": "HELENA", "OwnerState": "MT", "PropType": "Vacant Land", "TotalAcres": 373.94, "BlockID": "8-003", "BlockAcres": 25880.166, "BlockParcelCount": 64 }, "geometry": { "type": "Polygon", "coordinates": [ [ [ -113.66786158598714, 46.824224492262204 ], [ -113.667875396566473, 46.823141564399187 ], [ -113.667907176501885, 46.820644600271557 ], [ -113.667920970866419, 46.819566360457976 ], [ -113.667976926464647, 46.819566149733262 ], [ -113.667984922001978, 46.819566119687508 ], [ -113.673301273289667, 46.81954599588002 ], [ -113.67856099421833, 46.81952415410251 ], [ -113.683809930515949, 46.819480659538321 ], [ -113.68376057544107, 46.823076390377871 ], [ -113.678505562147052, 46.823107350773569 ], [ -113.678450653344314, 46.82669061478699 ], [ -113.678387336054016, 46.830291098386631 ], [ -113.678387287956099, 46.83029383940552 ], [ -113.678331393114362, 46.834433775154984 ], [ -113.677353137112632, 46.834429939940811 ], [ -113.676285821342574, 46.834425742903932 ], [ -113.673011615809386, 46.834412810589605 ], [ -113.670985315430357, 46.83440977928791 ], [ -113.667730953567286, 46.834403051687538 ], [ -113.667731123642014, 46.83438933487438 ], [ -113.667768215773208, 46.831386759414812 ], [ -113.6677827492978, 46.830292470680597 ], [ -113.667814859223938, 46.827806268217373 ], [ -113.667815040880143, 46.827792599641768 ], [ -113.667829378095462, 46.826716739563409 ], [ -113.66786158598714, 46.824224492262204 ] ] ] } },
{ "type": "Feature", "properties": { "CountyName": "Missoula", "OwnerName_Grouped": "NATURE CONSERVANCY", "OwnerName": "MONTANA CHECKERBOARD LLC", "OwnerAddre": "32 S EWING ST STE 215", "OwnerAdd_1": null, "OwnerAdd_2": null, "OwnerCity": "HELENA", "OwnerState": "MT", "PropType": "Vacant Land", "TotalAcres": 335.74, "BlockID": "8-003", "BlockAcres": 25880.166, "BlockParcelCount": 64 }, "geometry": { "type": "Polygon", "coordinates": [ [ [ -113.650086252544085, 46.759671808216908 ], [ -113.650091076008863, 46.759159534378391 ], [ -113.655307012981822, 46.759160101461859 ], [ -113.660521842905553, 46.759195961488523 ], [ -113.665761797370479, 46.759202993826129 ], [ -113.668209725442139, 46.7592034703259 ], [ -113.668201073625738, 46.761881303312471 ], [ -113.668194630723931, 46.762828507476982 ], [ -113.668190794675837, 46.763563079861299 ], [ -113.66818088957551, 46.765460145843697 ], [ -113.668175246282544, 46.766458016898525 ], [ -113.668167012731985, 46.769038986894245 ], [ -113.668162038045224, 46.769360502862362 ], [ -113.668150771743143, 46.77008864049094 ], [ -113.668126815980955, 46.77008848877346 ], [ -113.665719823427551, 46.770073241398116 ], [ -113.660468835883492, 46.770067842421021 ], [ -113.660492196513545, 46.766433758489015 ], [ -113.655262573486937, 46.766402807226534 ], [ -113.650033008388419, 46.766399889703301 ], [ -113.650056989755299, 46.762779475969261 ], [ -113.650086252544085, 46.759671808216908 ] ] ] } },
{ "type": "Feature", "properties": { "CountyName": "Missoula", "OwnerName_Grouped": "NATURE CONSERVANCY", "OwnerName": "MONTANA CHECKERBOARD LLC", "OwnerAddre": "32 S EWING ST STE 215", "OwnerAdd_1": null, "OwnerAdd_2": null, "OwnerCity": "HELENA", "OwnerState": "MT", "PropType": "Vacant Land", "TotalAcres": 653.76, "BlockID": "8-003", "BlockAcres": 25880.166, "BlockParcelCount": 64 }, "geometry": { "type": "Polygon", "coordinates": [ [ [ -113.806992856594789, 46.849091495608022 ], [ -113.806992829358535, 46.848865383378751 ], [ -113.806994027253367, 46.848865394932119 ], [ -113.812220181957727, 46.848914980536513 ], [ -113.812223569339707, 46.848915014719644 ], [ -113.812265765850825, 46.848915443004095 ], [ -113.817121535093079, 46.848961545735293 ], [ -113.817454309557277, 46.848964697924849 ], [ -113.817538675160861, 46.848963557642705 ], [ -113.822811305514847, 46.848886921574653 ], [ -113.822832389882393, 46.848886610093182 ], [ -113.822835763989389, 46.848886560629353 ], [ -113.828170365128571, 46.848745212489639 ], [ -113.828470021387062, 46.852515279495236 ], [ -113.828474522591719, 46.852571899690766 ], [ -113.828676962884629, 46.855118550537703 ], [ -113.828757233444065, 46.856128268009186 ], [ -113.82877360521978, 46.856334207866006 ], [ -113.828712031277405, 46.859740091552524 ], [ -113.828707452772207, 46.859993315470433 ], [ -113.828646655528033, 46.863355809399771 ], [ -113.828153186026015, 46.863353843320454 ], [ -113.823597346372253, 46.863338151112984 ], [ -113.822870341604826, 46.863335629711628 ], [ -113.817587447939673, 46.863316645460628 ], [ -113.81229709303399, 46.863300099550003 ], [ -113.807006764957578, 46.863284142399976 ], [ -113.807003731858671, 46.860885290962372 ], [ -113.80700256572824, 46.859963086055721 ], [ -113.807002798337024, 46.859856374182392 ], [ -113.807003182719825, 46.859679397084982 ], [ -113.807002746284425, 46.859242083119653 ], [ -113.806999852705459, 46.85633782015411 ], [ -113.806999824547177, 46.856074652466923 ], [ -113.806997949845666, 46.854511906833558 ], [ -113.806995795847925, 46.852716663437825 ], [ -113.80699614599169, 46.852523456044501 ], [ -113.806996243171184, 46.852470017395298 ], [ -113.806994722193537, 46.850953307142433 ], [ -113.806992856594789, 46.849091495608022 ] ] ] } },
{ "type": "Feature", "properties": { "CountyName": "Missoula", "OwnerName_Grouped": "NATURE CONSERVANCY", "OwnerName": "MONTANA CHECKERBOARD LLC", "OwnerAddre": "32 S EWING ST STE 215", "OwnerAdd_1": null, "OwnerAdd_2": null, "OwnerCity": "HELENA", "OwnerState": "MT", "PropType": "Vacant Land", "TotalAcres": 623.66, "BlockID": "8-003", "BlockAcres": 25880.166, "BlockParcelCount": 64 }, "geometry": { "type": "Polygon", "coordinates": [ [ [ -113.78690141694824, 46.838234423815706 ], [ -113.786901255645574, 46.834673246142245 ], [ -113.786920372971323, 46.834673296294831 ], [ -113.786932365470079, 46.834673327668042 ], [ -113.787091808544901, 46.834673742904748 ], [ -113.790340742773239, 46.834682164443869 ], [ -113.792150492934795, 46.834686815848542 ], [ -113.793782014275891, 46.83469098856331 ], [ -113.793782145534564, 46.834663553731559 ], [ -113.793782303102233, 46.834630632652335 ], [ -113.793784832924629, 46.834101360189912 ], [ -113.796769704809591, 46.834392943059783 ], [ -113.797399705556302, 46.834390933651562 ], [ -113.798920899077103, 46.834385991901613 ], [ -113.802641343677919, 46.834373820379454 ], [ -113.804058170835887, 46.834369152617718 ], [ -113.804783544994834, 46.834366756377079 ], [ -113.80721987516732, 46.834358674510405 ], [ -113.807219431746091, 46.834386111493835 ], [ -113.807161093541637, 46.83799564524319 ], [ -113.807154925706016, 46.838331176889575 ], [ -113.807154095204467, 46.838384265633699 ], [ -113.807103284313385, 46.84163003070902 ], [ -113.807098337763904, 46.841930143277381 ], [ -113.807072851645003, 46.843605267930357 ], [ -113.807047861853249, 46.845247720336054 ], [ -113.807043054024334, 46.845512853192901 ], [ -113.806992829358535, 46.848865383378751 ], [ -113.806992856594789, 46.849091495608022 ], [ -113.80275228393117, 46.849094076004732 ], [ -113.797473780005561, 46.849092196459402 ], [ -113.792200177171821, 46.849091878795853 ], [ -113.786926462978698, 46.849093689783047 ], [ -113.786925734507705, 46.845475531496056 ], [ -113.786913857864221, 46.841857502211944 ], [ -113.78690141694824, 46.838234423815706 ] ] ] } },
{ "type": "Feature", "properties": { "CountyName": "Missoula", "OwnerName_Grouped": "NATURE CONSERVANCY", "OwnerName": "MONTANA CHECKERBOARD LLC", "OwnerAddre": "32 S EWING ST STE 215", "OwnerAdd_1": null, "OwnerAdd_2": null, "OwnerCity": "HELENA", "OwnerState": "MT", "PropType": "Vacant Land", "TotalAcres": 700.19, "BlockID": "8-001", "BlockAcres": 41451.712, "BlockParcelCount": 84 }, "geometry": { "type": "Polygon", "coordinates": [ [ [ -113.467995786730626, 47.01831506373842 ], [ -113.468033672613657, 47.014665473244989 ], [ -113.468073209262556, 47.011015343516 ], [ -113.468116860762777, 47.007365039695877 ], [ -113.468140463700891, 47.005267872579736 ], [ -113.472282002560689, 47.005340835821812 ], [ -113.473429706545176, 47.00537120256282 ], [ -113.477563640119016, 47.005479504335433 ], [ -113.478714990716583, 47.005509736580308 ], [ -113.482845250543974, 47.00562036712779 ], [ -113.484000945722258, 47.005649468712356 ], [ -113.48819158671067, 47.005754368909649 ], [ -113.489282988021742, 47.005781712230252 ], [ -113.489276205239179, 47.007315816418306 ], [ -113.489272486436192, 47.010988846277222 ], [ -113.489246539683066, 47.013745738725774 ], [ -113.489242324514947, 47.014664306146599 ], [ -113.483950061568663, 47.014671314858745 ], [ -113.48395000424108, 47.015533875102172 ], [ -113.483949690124376, 47.015627075530212 ], [ -113.483936417689137, 47.016492792204993 ], [ -113.489244558846039, 47.016487023065856 ], [ -113.489240413596974, 47.018316328990807 ], [ -113.489242586199424, 47.021966294706417 ], [ -113.483917167771907, 47.021974594757019 ], [ -113.478592715109727, 47.021976018424127 ], [ -113.473276201380529, 47.021972194735909 ], [ -113.467959789589088, 47.021964600610914 ], [ -113.467995786730626, 47.01831506373842 ] ] ] } },
{ "type": "Feature", "properties": { "CountyName": "Missoula", "OwnerName_Grouped": "NATURE CONSERVANCY", "OwnerName": "MONTANA CHECKERBOARD LLC", "OwnerAddre": "32 S EWING ST STE 215", "OwnerAdd_1": null, "OwnerAdd_2": null, "OwnerCity": "HELENA", "OwnerState": "MT", "PropType": "Vacant Land", "TotalAcres": 640.05, "BlockID": "8-004", "BlockAcres": 13898.35, "BlockParcelCount": 31 }, "geometry": { "type": "Polygon", "coordinates": [ [ [ -113.659838593289322, 46.993466698133211 ], [ -113.665145737742989, 46.99344162541302 ], [ -113.67045362409165, 46.993432795594359 ], [ -113.675759102225641, 46.993403691316431 ], [ -113.681513709333245, 46.993393220888194 ], [ -113.681490177071083, 46.996999310879744 ], [ -113.681505277368103, 47.00060585021059 ], [ -113.681519014996908, 47.004222781946424 ], [ -113.681503635799373, 47.007609717534564 ], [ -113.675763112230968, 47.007610609555663 ], [ -113.6704271901895, 47.007605659014416 ], [ -113.665088819705176, 47.007581274834031 ], [ -113.659750766742803, 47.007593728357193 ], [ -113.659759787853233, 47.00435493443014 ], [ -113.659793929673853, 47.000730361875085 ], [ -113.659804401582761, 46.997098283375827 ], [ -113.659838593289322, 46.993466698133211 ] ] ] } },
{ "type": "Feature", "properties": { "CountyName": "Missoula", "OwnerName_Grouped": "NATURE CONSERVANCY", "OwnerName": "MONTANA CHECKERBOARD LLC", "OwnerAddre": "32 S EWING ST STE 215", "OwnerAdd_1": null, "OwnerAdd_2": null, "OwnerCity": "HELENA", "OwnerState": "MT", "PropType": "Vacant Land", "TotalAcres": 320.0, "BlockID": "8-003", "BlockAcres": 25880.166, "BlockParcelCount": 64 }, "geometry": { "type": "Polygon", "coordinates": [ [ [ -113.628930884949852, 46.788022620894772 ], [ -113.634179368488205, 46.788051243830758 ], [ -113.63942811080959, 46.788066010152086 ], [ -113.639432431012921, 46.791686567059969 ], [ -113.639451684312704, 46.79530689463347 ], [ -113.639468098709045, 46.798921804138523 ], [ -113.639476479860207, 46.802533207603098 ], [ -113.634216885047536, 46.802540191995057 ], [ -113.62897045361818, 46.802548307335186 ], [ -113.628974708290457, 46.798918158306918 ], [ -113.628957317094319, 46.795286257602939 ], [ -113.628941783695964, 46.791654557711198 ], [ -113.628930884949852, 46.788022620894772 ] ] ] } },
{ "type": "Feature", "properties": { "CountyName": "Missoula", "OwnerName_Grouped": "NATURE CONSERVANCY", "OwnerName": "MONTANA CHECKERBOARD LLC", "OwnerAddre": "32 S EWING ST STE 215", "OwnerAdd_1": null, "OwnerAdd_2": null, "OwnerCity": "HELENA", "OwnerState": "MT", "PropType": "Vacant Land", "TotalAcres": 427.27, "BlockID": "8-003", "BlockAcres": 25880.166, "BlockParcelCount": 64 }, "geometry": { "type": "Polygon", "coordinates": [ [ [ -113.828202914321977, 46.874200237710212 ], [ -113.82818699068271, 46.870584607376422 ], [ -113.828169871489465, 46.866969313720418 ], [ -113.828158306732888, 46.864463406355696 ], [ -113.828153186026015, 46.863353843320454 ], [ -113.828646655528033, 46.863355809399771 ], [ -113.82864129217765, 46.863652448317232 ], [ -113.833698803982699, 46.86364648493484 ], [ -113.833885170921207, 46.863646261504073 ], [ -113.838756314643788, 46.863640297565304 ], [ -113.839122970355092, 46.863639840613864 ], [ -113.844060531563798, 46.863633626556776 ], [ -113.844343050691265, 46.863632776959356 ], [ -113.844663719747999, 46.863632410090837 ], [ -113.849364720510209, 46.863626931953192 ], [ -113.849371831569812, 46.866138806153387 ], [ -113.849374120121254, 46.866947202949163 ], [ -113.849376314196348, 46.86721872070278 ], [ -113.849383822768502, 46.869697033988579 ], [ -113.849386443920125, 46.870562220282885 ], [ -113.844087625174367, 46.870568192227729 ], [ -113.844103314246851, 46.874179620445851 ], [ -113.8388039918337, 46.874186611271703 ], [ -113.83350351485737, 46.874194328529718 ], [ -113.828202914321977, 46.874200237710212 ] ] ] } },
{ "type": "Feature", "properties": { "CountyName": "Missoula", "OwnerName_Grouped": "NATURE CONSERVANCY", "OwnerName": "MONTANA CHECKERBOARD LLC", "OwnerAddre": "32 S EWING ST STE 215", "OwnerAdd_1": null, "OwnerAdd_2": null, "OwnerCity": "HELENA", "OwnerState": "MT", "PropType": "Vacant Land", "TotalAcres": 621.64, "BlockID": "8-001", "BlockAcres": 41451.712, "BlockParcelCount": 84 }, "geometry": { "type": "Polygon", "coordinates": [ [ [ -113.536400614923366, 47.091614734899856 ], [ -113.53698757417456, 47.091588257565618 ], [ -113.541688680453731, 47.091600590454803 ], [ -113.542274511689982, 47.091588852140276 ], [ -113.546976744479522, 47.091586202137336 ], [ -113.547560258781175, 47.091583136367959 ], [ -113.54756826970987, 47.091583094025744 ], [ -113.55228091399033, 47.091574505298588 ], [ -113.552856450750824, 47.091572684270055 ], [ -113.556961616980558, 47.091563056790378 ], [ -113.556971658958261, 47.09156303290662 ], [ -113.556971687475837, 47.091568519647673 ], [ -113.556990937037256, 47.095192954480311 ], [ -113.557010223202766, 47.098822875918962 ], [ -113.557022105612532, 47.10247992688064 ], [ -113.557049202477359, 47.106075902122988 ], [ -113.557049254397555, 47.106082739900948 ], [ -113.557039211681797, 47.106082842130142 ], [ -113.552306548857359, 47.10613101928638 ], [ -113.547075406936159, 47.106086898750199 ], [ -113.54176475764217, 47.106088762980555 ], [ -113.536459775901065, 47.106091148791016 ], [ -113.536440735308773, 47.102471473603202 ], [ -113.536427364424924, 47.098852563184806 ], [ -113.536413988769269, 47.095233650356157 ], [ -113.536400614923366, 47.091614734899856 ] ] ] } },
{ "type": "Feature", "properties": { "CountyName": "Missoula", "OwnerName_Grouped": "NATURE CONSERVANCY", "OwnerName": "MONTANA CHECKERBOARD LLC", "OwnerAddre": "32 S EWING ST STE 215", "OwnerAdd_1": null, "OwnerAdd_2": null, "OwnerCity": "HELENA", "OwnerState": "MT", "PropType": "Vacant Land", "TotalAcres": 160.0, "BlockID": "8-004", "BlockAcres": 13898.35, "BlockParcelCount": 31 }, "geometry": { "type": "Polygon", "coordinates": [ [ [ -113.692058974129523, 46.946455599705835 ], [ -113.692037054333781, 46.942839792188387 ], [ -113.692049032634188, 46.942839797980682 ], [ -113.697032335844455, 46.942841187066399 ], [ -113.69733172594988, 46.942841264108182 ], [ -113.702625427828465, 46.942842490530651 ], [ -113.702625237462925, 46.943309333462857 ], [ -113.702625197146048, 46.943407621076325 ], [ -113.702625196803311, 46.943409563538182 ], [ -113.702623952023629, 46.946456879733482 ], [ -113.702628348745492, 46.950079584169316 ], [ -113.697333732302909, 46.950078960124095 ], [ -113.692038140645167, 46.950071192605584 ], [ -113.692048557949363, 46.948263298154892 ], [ -113.692058974129523, 46.946455599705835 ] ] ] } },
{ "type": "Feature", "properties": { "CountyName": "Missoula", "OwnerName_Grouped": "NATURE CONSERVANCY", "OwnerName": "MONTANA CHECKERBOARD LLC", "OwnerAddre": "32 S EWING ST STE 215", "OwnerAdd_1": null, "OwnerAdd_2": null, "OwnerCity": "HELENA", "OwnerState": "MT", "PropType": "Vacant Land", "TotalAcres": 640.0, "BlockID": "8-001", "BlockAcres": 41451.712, "BlockParcelCount": 84 }, "geometry": { "type": "Polygon", "coordinates": [ [ [ -113.633678541254994, 47.193722907211836 ], [ -113.639034567063248, 47.193729394443118 ], [ -113.644390523692579, 47.193736461049831 ], [ -113.64974652882259, 47.193742897766839 ], [ -113.655102531463541, 47.193749987168573 ], [ -113.655097947156904, 47.197380673448862 ], [ -113.655101861164169, 47.201011386193002 ], [ -113.655102726718624, 47.204642037660101 ], [ -113.655101219896522, 47.208272757471143 ], [ -113.649753809006896, 47.208268538679782 ], [ -113.644406408073721, 47.208265923825991 ], [ -113.639059031260558, 47.208261711024726 ], [ -113.633711624737956, 47.208259090060245 ], [ -113.633706214685446, 47.204625005625573 ], [ -113.633695069741634, 47.200990999320446 ], [ -113.633687328163901, 47.197356949476109 ], [ -113.633678541254994, 47.193722907211836 ] ] ] } },
{ "type": "Feature", "properties": { "CountyName": "Missoula", "OwnerName_Grouped": "NATURE CONSERVANCY", "OwnerName": "MONTANA CHECKERBOARD LLC", "OwnerAddre": "32 S EWING ST STE 215", "OwnerAdd_1": null, "OwnerAdd_2": null, "OwnerCity": "HELENA", "OwnerState": "MT", "PropType": "Vacant Land", "TotalAcres": 440.0, "BlockID": "8-001", "BlockAcres": 41451.712, "BlockParcelCount": 84 }, "geometry": { "type": "Polygon", "coordinates": [ [ [ -113.552912503748303, 47.051022425880028 ], [ -113.558246549943135, 47.051027400019521 ], [ -113.558215142385976, 47.054653568207527 ], [ -113.563626767729559, 47.054659885791814 ], [ -113.568972444466738, 47.054666612371669 ], [ -113.56896210808479, 47.058296019080387 ], [ -113.56897881545251, 47.061925206807501 ], [ -113.574327306254361, 47.061935335302955 ], [ -113.574320382089141, 47.065566774883401 ], [ -113.568968558061556, 47.065554237956874 ], [ -113.563616186786945, 47.065543276808633 ], [ -113.558250659744033, 47.065531149458764 ], [ -113.552911991861762, 47.065519806036306 ], [ -113.552877516138366, 47.061895418141113 ], [ -113.552912261899166, 47.058271115026159 ], [ -113.552877467014255, 47.054646729999597 ], [ -113.552912503748303, 47.051022425880028 ] ] ] } },
{ "type": "Feature", "properties": { "CountyName": "Missoula", "OwnerName_Grouped": "NATURE CONSERVANCY", "OwnerName": "MONTANA CHECKERBOARD LLC", "OwnerAddre": "32 S EWING ST STE 215", "OwnerAdd_1": null, "OwnerAdd_2": null, "OwnerCity": "HELENA", "OwnerState": "MT", "PropType": "Vacant Land", "TotalAcres": 280.0, "BlockID": "8-003", "BlockAcres": 25880.166, "BlockParcelCount": 64 }, "geometry": { "type": "Polygon", "coordinates": [ [ [ -113.500972595977132, 46.755522995667583 ], [ -113.500977720095264, 46.751904450841501 ], [ -113.506233846812037, 46.751920339365533 ], [ -113.511489710066257, 46.75192154561153 ], [ -113.516792814796588, 46.751937413726701 ], [ -113.51679119614387, 46.748310521458627 ], [ -113.522077714572504, 46.748301247920246 ], [ -113.522096512593151, 46.751938390931457 ], [ -113.522097387355288, 46.752410725926467 ], [ -113.522103157112539, 46.755523228119188 ], [ -113.52210325408204, 46.755575642280618 ], [ -113.522124137305894, 46.759212690289687 ], [ -113.516793748359333, 46.759160902678623 ], [ -113.512818735960479, 46.759115827928284 ], [ -113.511463637539038, 46.759100430323812 ], [ -113.511466282351975, 46.758378911336621 ], [ -113.511476745281527, 46.75552360124869 ], [ -113.511476790180367, 46.755511244996498 ], [ -113.506224567762146, 46.755522496590075 ], [ -113.500972595977132, 46.755522995667583 ] ] ] } },
{ "type": "Feature", "properties": { "CountyName": "Missoula", "OwnerName_Grouped": "NATURE CONSERVANCY", "OwnerName": "MONTANA CHECKERBOARD LLC", "OwnerAddre": "32 S EWING ST STE 215", "OwnerAdd_1": null, "OwnerAdd_2": null, "OwnerCity": "HELENA", "OwnerState": "MT", "PropType": "Vacant Land", "TotalAcres": 200.0, "BlockID": "8-001", "BlockAcres": 41451.712, "BlockParcelCount": 84 }, "geometry": { "type": "Polygon", "coordinates": [ [ [ -113.558246549943135, 47.051027400019521 ], [ -113.563607756743565, 47.05103175409203 ], [ -113.568955683927413, 47.051037135953969 ], [ -113.574303008910007, 47.051041082908021 ], [ -113.574318633226369, 47.054672488314004 ], [ -113.574311682984131, 47.058303914914916 ], [ -113.574327306254361, 47.061935335302955 ], [ -113.56897881545251, 47.061925206807501 ], [ -113.56896210808479, 47.058296019080387 ], [ -113.568972444466738, 47.054666612371669 ], [ -113.563626767729559, 47.054659885791814 ], [ -113.558215142385976, 47.054653568207527 ], [ -113.558246549943135, 47.051027400019521 ] ] ] } },
{ "type": "Feature", "properties": { "CountyName": "Missoula", "OwnerName_Grouped": "NATURE CONSERVANCY", "OwnerName": "MONTANA CHECKERBOARD LLC", "OwnerAddre": "32 S EWING ST STE 215", "OwnerAdd_1": null, "OwnerAdd_2": null, "OwnerCity": "HELENA", "OwnerState": "MT", "PropType": "Vacant Land", "TotalAcres": 640.0, "BlockID": "8-001", "BlockAcres": 41451.712, "BlockParcelCount": 84 }, "geometry": { "type": "Polygon", "coordinates": [ [ [ -113.612455955379772, 47.208180473316602 ], [ -113.61777329108503, 47.208199469700034 ], [ -113.623090457140862, 47.208219808956507 ], [ -113.628401089500841, 47.208238704247798 ], [ -113.633711624737956, 47.208259090060245 ], [ -113.633716115064956, 47.211893428943171 ], [ -113.633719984580807, 47.215527819521462 ], [ -113.633724464425171, 47.219162155278973 ], [ -113.633728346357486, 47.222796549085608 ], [ -113.628411377574778, 47.222783075825738 ], [ -113.623094318763975, 47.222773015560051 ], [ -113.617777365908339, 47.222759584585411 ], [ -113.612460261678947, 47.22274948404884 ], [ -113.612464042892711, 47.219107217169096 ], [ -113.612458094489796, 47.215464978254907 ], [ -113.612461933370398, 47.211822720116253 ], [ -113.612455955379772, 47.208180473316602 ] ] ] } },
{ "type": "Feature", "properties": { "CountyName": "Missoula", "OwnerName_Grouped": "NATURE CONSERVANCY", "OwnerName": "MONTANA CHECKERBOARD LLC", "OwnerAddre": "32 S EWING ST STE 215", "OwnerAdd_1": null, "OwnerAdd_2": null, "OwnerCity": "HELENA", "OwnerState": "MT", "PropType": "Vacant Land", "TotalAcres": 640.0, "BlockID": "8-001", "BlockAcres": 41451.712, "BlockParcelCount": 84 }, "geometry": { "type": "Polygon", "coordinates": [ [ [ -113.633678541254994, 47.193722907211836 ], [ -113.633691680979808, 47.190085811959669 ], [ -113.633700460257486, 47.186448732740303 ], [ -113.633707641095526, 47.182802245432349 ], [ -113.633722380014376, 47.179174530623165 ], [ -113.633738298306724, 47.179174585484006 ], [ -113.63714351828402, 47.179173371046922 ], [ -113.639062758936134, 47.179190096993061 ], [ -113.642460392664191, 47.179199968188314 ], [ -113.644403166001865, 47.179207303304615 ], [ -113.64781215508529, 47.179209070516904 ], [ -113.649741185379327, 47.179227815992327 ], [ -113.653165707480071, 47.179240963582657 ], [ -113.655063254976227, 47.179248132767363 ], [ -113.655079174910014, 47.179248188218409 ], [ -113.655079605513805, 47.18286428421623 ], [ -113.655090839210771, 47.186499087383318 ], [ -113.655096117535308, 47.190124527776106 ], [ -113.655102531463541, 47.193749987168573 ], [ -113.64974652882259, 47.193742897766839 ], [ -113.644390523692579, 47.193736461049831 ], [ -113.639034567063248, 47.193729394443118 ], [ -113.633678541254994, 47.193722907211836 ] ] ] } },
{ "type": "Feature", "properties": { "CountyName": "Missoula", "OwnerName_Grouped": "NATURE CONSERVANCY", "OwnerName": "MONTANA CHECKERBOARD LLC", "OwnerAddre": "32 S EWING ST STE 215", "OwnerAdd_1": null, "OwnerAdd_2": null, "OwnerCity": "HELENA", "OwnerState": "MT", "PropType": "Vacant Land", "TotalAcres": 640.0, "BlockID": "8-001", "BlockAcres": 41451.712, "BlockParcelCount": 84 }, "geometry": { "type": "Polygon", "coordinates": [ [ [ -113.591093411145195, 47.193604134598651 ], [ -113.596428526681819, 47.19361099996879 ], [ -113.601763250912484, 47.193618271559536 ], [ -113.607098295077506, 47.19362512185851 ], [ -113.612433090604398, 47.193632409366039 ], [ -113.612443791518672, 47.197269440413201 ], [ -113.612444509045673, 47.200906441180869 ], [ -113.612456258449114, 47.204543468271609 ], [ -113.612455955379772, 47.208180473316602 ], [ -113.607126999380185, 47.208178968976348 ], [ -113.601797784149255, 47.208178777911129 ], [ -113.59646892587493, 47.208177286974085 ], [ -113.591139641953959, 47.208177081868143 ], [ -113.591141176505275, 47.204533835580719 ], [ -113.591116526868106, 47.200890607978906 ], [ -113.591117560457064, 47.197247340054446 ], [ -113.591093411145195, 47.193604134598651 ] ] ] } },
{ "type": "Feature", "properties": { "CountyName": "Missoula", "OwnerName_Grouped": "NATURE CONSERVANCY", "OwnerName": "MONTANA CHECKERBOARD LLC", "OwnerAddre": "32 S EWING ST STE 215", "OwnerAdd_1": null, "OwnerAdd_2": null, "OwnerCity": "HELENA", "OwnerState": "MT", "PropType": "Vacant Land", "TotalAcres": 640.0, "BlockID": "8-001", "BlockAcres": 41451.712, "BlockParcelCount": 84 }, "geometry": { "type": "Polygon", "coordinates": [ [ [ -113.61242183239986, 47.18999709688557 ], [ -113.612399086890434, 47.186361793713338 ], [ -113.612379211977299, 47.182717023267308 ], [ -113.612365084597243, 47.179091150044364 ], [ -113.612381029626206, 47.179091178064219 ], [ -113.615878188501085, 47.179086391903724 ], [ -113.617711741916921, 47.179100272374804 ], [ -113.621206964423024, 47.179106225932543 ], [ -113.623058372236414, 47.179109867916637 ], [ -113.626516835148905, 47.179119764578502 ], [ -113.628390362524414, 47.179142129158926 ], [ -113.631828496833776, 47.179162944004112 ], [ -113.633722380014376, 47.179174530623165 ], [ -113.633707641095526, 47.182802245432349 ], [ -113.633700460257486, 47.186448732740303 ], [ -113.633691680979808, 47.190085811959669 ], [ -113.633678541254994, 47.193722907211836 ], [ -113.628367263595848, 47.193700008250602 ], [ -113.623055816601692, 47.193677658656043 ], [ -113.617744566038851, 47.19365479259109 ], [ -113.612433090604398, 47.193632409366039 ], [ -113.61242183239986, 47.18999709688557 ] ] ] } },
{ "type": "Feature", "properties": { "CountyName": "Missoula", "OwnerName_Grouped": "NATURE CONSERVANCY", "OwnerName": "MONTANA CHECKERBOARD LLC", "OwnerAddre": "32 S EWING ST STE 215", "OwnerAdd_1": null, "OwnerAdd_2": null, "OwnerCity": "HELENA", "OwnerState": "MT", "PropType": "Vacant Land", "TotalAcres": 480.0, "BlockID": "8-001", "BlockAcres": 41451.712, "BlockParcelCount": 84 }, "geometry": { "type": "Polygon", "coordinates": [ [ [ -113.531743409590149, 47.036469751085811 ], [ -113.53703737088253, 47.036479832774134 ], [ -113.542332461967192, 47.036489801248088 ], [ -113.54762600093045, 47.036499962982397 ], [ -113.552921516556054, 47.036509878709154 ], [ -113.552883566025542, 47.040137989480755 ], [ -113.552916997170954, 47.043766151785348 ], [ -113.552879470773078, 47.047394254211582 ], [ -113.552912503748303, 47.051022425880028 ], [ -113.547612604757376, 47.051013145681097 ], [ -113.542314618504847, 47.051004373054646 ], [ -113.542297592646676, 47.047375942440766 ], [ -113.542323554013294, 47.043747572396931 ], [ -113.537026257026454, 47.043737765937557 ], [ -113.531730084224947, 47.043728049977574 ], [ -113.531722870919168, 47.040098847460776 ], [ -113.531743409590149, 47.036469751085811 ] ] ] } },
{ "type": "Feature", "properties": { "CountyName": "Missoula", "OwnerName_Grouped": "NATURE CONSERVANCY", "OwnerName": "MONTANA CHECKERBOARD LLC", "OwnerAddre": "32 S EWING ST STE 215", "OwnerAdd_1": null, "OwnerAdd_2": null, "OwnerCity": "HELENA", "OwnerState": "MT", "PropType": "Vacant Land", "TotalAcres": 160.0, "BlockID": "8-003", "BlockAcres": 25880.166, "BlockParcelCount": 64 }, "geometry": { "type": "Polygon", "coordinates": [ [ [ -113.522123904817406, 46.770062305544535 ], [ -113.522139153971636, 46.766441073526806 ], [ -113.526233452567553, 46.76642319002616 ], [ -113.527351480920984, 46.766418281198213 ], [ -113.532568924391626, 46.766390024704464 ], [ -113.532536183588761, 46.769855228171238 ], [ -113.532534881280966, 46.76999304029485 ], [ -113.532532522586195, 46.773596044848297 ], [ -113.527327807994567, 46.773641897386518 ], [ -113.522123702972976, 46.773683433814057 ], [ -113.522123904817406, 46.770062305544535 ] ] ] } },
{ "type": "Feature", "properties": { "CountyName": "Missoula", "OwnerName_Grouped": "NATURE CONSERVANCY", "OwnerName": "MONTANA CHECKERBOARD LLC", "OwnerAddre": "32 S EWING ST STE 215", "OwnerAdd_1": null, "OwnerAdd_2": null, "OwnerCity": "HELENA", "OwnerState": "MT", "PropType": "Vacant Land", "TotalAcres": 640.0, "BlockID": "8-004", "BlockAcres": 13898.35, "BlockParcelCount": 31 }, "geometry": { "type": "Polygon", "coordinates": [ [ [ -113.723892134534154, 46.931981484033287 ], [ -113.723820458091922, 46.928401767659423 ], [ -113.723857693984726, 46.92476254181058 ], [ -113.72389436579617, 46.921122697374827 ], [ -113.729162659678906, 46.921159560017536 ], [ -113.734430960775398, 46.921196179875302 ], [ -113.739696692711433, 46.921171895887383 ], [ -113.744962421098691, 46.921147368403837 ], [ -113.744912529575046, 46.924757647300353 ], [ -113.744910464427818, 46.928374786492149 ], [ -113.744915900619631, 46.931976251808891 ], [ -113.744925286105044, 46.935609842023432 ], [ -113.739655197768542, 46.935620452069998 ], [ -113.734385113766663, 46.935628917965467 ], [ -113.729174019380451, 46.935596306581104 ], [ -113.723962980817888, 46.935560862612789 ], [ -113.723892134534154, 46.931981484033287 ] ] ] } },
{ "type": "Feature", "properties": { "CountyName": "Missoula", "OwnerName_Grouped": "NATURE CONSERVANCY", "OwnerName": "MONTANA CHECKERBOARD LLC", "OwnerAddre": "32 S EWING ST STE 215", "OwnerAdd_1": null, "OwnerAdd_2": null, "OwnerCity": "HELENA", "OwnerState": "MT", "PropType": "Vacant Land", "TotalAcres": 651.2, "BlockID": "8-001", "BlockAcres": 41451.712, "BlockParcelCount": 84 }, "geometry": { "type": "Polygon", "coordinates": [ [ [ -113.567846946608896, 47.17904363930954 ], [ -113.564423314096629, 47.179044935407042 ], [ -113.562523678545276, 47.179044682874803 ], [ -113.559113517685716, 47.179044534563971 ], [ -113.557204259559228, 47.179044247788383 ], [ -113.557242861901003, 47.175206973006304 ], [ -113.557199186571623, 47.171578950053444 ], [ -113.557237092336223, 47.1679397619884 ], [ -113.557196679714238, 47.164300647177384 ], [ -113.562530350208377, 47.164292156211602 ], [ -113.567861885455443, 47.164282333268105 ], [ -113.573195019337618, 47.164269410308712 ], [ -113.57852709152202, 47.16426404796205 ], [ -113.578533132837322, 47.167884462082426 ], [ -113.578511206291324, 47.171504991291705 ], [ -113.578524227682436, 47.175124141189464 ], [ -113.578504038882556, 47.179042189047188 ], [ -113.575064430832754, 47.179042291702679 ], [ -113.573177249496496, 47.179030527361 ], [ -113.56978883638115, 47.179040872531466 ], [ -113.569770462644826, 47.179040900387513 ], [ -113.567846946608896, 47.17904363930954 ] ] ] } },
{ "type": "Feature", "properties": { "CountyName": "Missoula", "OwnerName_Grouped": "NATURE CONSERVANCY", "OwnerName": "MONTANA CHECKERBOARD LLC", "OwnerAddre": "32 S EWING ST STE 215", "OwnerAdd_1": null, "OwnerAdd_2": null, "OwnerCity": "HELENA", "OwnerState": "MT", "PropType": "Vacant Land", "TotalAcres": 40.0, "BlockID": "8-004", "BlockAcres": 13898.35, "BlockParcelCount": 31 }, "geometry": { "type": "Polygon", "coordinates": [ [ [ -113.70270065766789, 47.04403492651322 ], [ -113.708008406122772, 47.04404021011721 ], [ -113.708005821873712, 47.047675287165362 ], [ -113.702697137190782, 47.04767078081138 ], [ -113.70270065766789, 47.04403492651322 ] ] ] } },
{ "type": "Feature", "properties": { "CountyName": "Missoula", "OwnerName_Grouped": "NATURE CONSERVANCY", "OwnerName": "MONTANA CHECKERBOARD LLC", "OwnerAddre": "32 S EWING ST STE 215", "OwnerAdd_1": null, "OwnerAdd_2": null, "OwnerCity": "HELENA", "OwnerState": "MT", "PropType": "Vacant Land", "TotalAcres": 698.96, "BlockID": "8-003", "BlockAcres": 25880.166, "BlockParcelCount": 64 }, "geometry": { "type": "Polygon", "coordinates": [ [ [ -113.522077714572504, 46.748301247920246 ], [ -113.522070874655498, 46.74466355416876 ], [ -113.524812732476619, 46.744660666734681 ], [ -113.527324730474731, 46.74466494120491 ], [ -113.530066964317228, 46.744645562886987 ], [ -113.532578392344362, 46.744638344013786 ], [ -113.53532119474805, 46.744635568551722 ], [ -113.537837920716271, 46.744645101944784 ], [ -113.54058078679563, 46.744630408710222 ], [ -113.545082151206913, 46.744621083895609 ], [ -113.545048315804507, 46.748234054295864 ], [ -113.545054866552292, 46.749023600180621 ], [ -113.545078287326945, 46.751846615733633 ], [ -113.545044334179437, 46.755458517802396 ], [ -113.54504485911427, 46.755519045404739 ], [ -113.545075696279767, 46.759070160397791 ], [ -113.537895508233262, 46.759139805603155 ], [ -113.532613632020343, 46.759182366413597 ], [ -113.527370835751825, 46.759201844947725 ], [ -113.522124137305894, 46.759212690289687 ], [ -113.52210325408204, 46.755575642280618 ], [ -113.522103157112539, 46.755523228119188 ], [ -113.522097387355288, 46.752410725926467 ], [ -113.522096512593151, 46.751938390931457 ], [ -113.522077714572504, 46.748301247920246 ] ] ] } },
{ "type": "Feature", "properties": { "CountyName": "Missoula", "OwnerName_Grouped": "NATURE CONSERVANCY", "OwnerName": "MONTANA CHECKERBOARD LLC", "OwnerAddre": "32 S EWING ST STE 215", "OwnerAdd_1": null, "OwnerAdd_2": null, "OwnerCity": "HELENA", "OwnerState": "MT", "PropType": "Vacant Land", "TotalAcres": 626.12, "BlockID": "8-004", "BlockAcres": 13898.35, "BlockParcelCount": 31 }, "geometry": { "type": "Polygon", "coordinates": [ [ [ -113.71329834346362, 47.007689296490788 ], [ -113.707999251670898, 47.007696074534181 ], [ -113.702699867777113, 47.007675475402174 ], [ -113.702698522151749, 47.004336982609296 ], [ -113.70268708935059, 47.00071482461928 ], [ -113.702693390764992, 46.997097160448604 ], [ -113.702672405868626, 46.993479975743185 ], [ -113.707967840616064, 46.993493230924656 ], [ -113.713262631054775, 46.993515380512342 ], [ -113.718556203819816, 46.993531172110018 ], [ -113.723849325893084, 46.993555895447486 ], [ -113.723866078072618, 46.997182731599779 ], [ -113.723868833034061, 46.998966957702443 ], [ -113.72386927847964, 46.999255042772965 ], [ -113.723870531636962, 47.000066127152387 ], [ -113.723871680209115, 47.000810076493487 ], [ -113.723872645231282, 47.001044948646012 ], [ -113.723886576536671, 47.004437770913682 ], [ -113.723896818813401, 47.007703117497819 ], [ -113.718597651798277, 47.007709916474788 ], [ -113.71329834346362, 47.007689296490788 ] ] ] } },
{ "type": "Feature", "properties": { "CountyName": "Missoula", "OwnerName_Grouped": "NATURE CONSERVANCY", "OwnerName": "MONTANA CHECKERBOARD LLC", "OwnerAddre": "32 S EWING ST STE 215", "OwnerAdd_1": null, "OwnerAdd_2": null, "OwnerCity": "HELENA", "OwnerState": "MT", "PropType": "Vacant Land", "TotalAcres": 640.0, "BlockID": "8-001", "BlockAcres": 41451.712, "BlockParcelCount": 84 }, "geometry": { "type": "Polygon", "coordinates": [ [ [ -113.591139641953959, 47.208177081868143 ], [ -113.59646892587493, 47.208177286974085 ], [ -113.601797784149255, 47.208178777911129 ], [ -113.607126999380185, 47.208178968976348 ], [ -113.612455955379772, 47.208180473316602 ], [ -113.612461933370398, 47.211822720116253 ], [ -113.612458094489796, 47.215464978254907 ], [ -113.612464042892711, 47.219107217169096 ], [ -113.612460261678947, 47.22274948404884 ], [ -113.607133294685966, 47.22275696577983 ], [ -113.601806066401949, 47.222767701447268 ], [ -113.596479174286912, 47.222775189654236 ], [ -113.591151869718885, 47.222785919114472 ], [ -113.591161392953296, 47.21913369386003 ], [ -113.591145755210931, 47.21548150095046 ], [ -113.591155292129926, 47.21182928686305 ], [ -113.591139641953959, 47.208177081868143 ] ] ] } },
{ "type": "Feature", "properties": { "CountyName": "Missoula", "OwnerName_Grouped": "NATURE CONSERVANCY", "OwnerName": "MONTANA CHECKERBOARD LLC", "OwnerAddre": "32 S EWING ST STE 215", "OwnerAdd_1": null, "OwnerAdd_2": null, "OwnerCity": "HELENA", "OwnerState": "MT", "PropType": "Vacant Land", "TotalAcres": 640.0, "BlockID": "8-001", "BlockAcres": 41451.712, "BlockParcelCount": 84 }, "geometry": { "type": "Polygon", "coordinates": [ [ [ -113.591090791007545, 47.189970554954144 ], [ -113.591062210723479, 47.186337022397844 ], [ -113.591045886412573, 47.182693856381221 ], [ -113.591031039031122, 47.179069937971796 ], [ -113.591046985084546, 47.179069965310639 ], [ -113.594541294357882, 47.179063639282425 ], [ -113.596336306511503, 47.179076560718954 ], [ -113.599885169681158, 47.179080985187042 ], [ -113.601641571972252, 47.179082878190478 ], [ -113.605217184510906, 47.179075159495454 ], [ -113.607003342154087, 47.179087333407693 ], [ -113.610551456645354, 47.179090286261619 ], [ -113.612365084597243, 47.179091150044364 ], [ -113.612379211977299, 47.182717023267308 ], [ -113.612399086890434, 47.186361793713338 ], [ -113.61242183239986, 47.18999709688557 ], [ -113.612433090604398, 47.193632409366039 ], [ -113.607098295077506, 47.19362512185851 ], [ -113.601763250912484, 47.193618271559536 ], [ -113.596428526681819, 47.19361099996879 ], [ -113.591093411145195, 47.193604134598651 ], [ -113.591090791007545, 47.189970554954144 ] ] ] } },
{ "type": "Feature", "properties": { "CountyName": "Missoula", "OwnerName_Grouped": "NATURE CONSERVANCY", "OwnerName": "MONTANA CHECKERBOARD LLC", "OwnerAddre": "32 S EWING ST STE 215", "OwnerAdd_1": null, "OwnerAdd_2": null, "OwnerCity": "HELENA", "OwnerState": "MT", "PropType": "Vacant Land", "TotalAcres": 600.0, "BlockID": "8-004", "BlockAcres": 13898.35, "BlockParcelCount": 31 }, "geometry": { "type": "Polygon", "coordinates": [ [ [ -113.70270065766789, 47.04403492651322 ], [ -113.702730423288088, 47.040399330178467 ], [ -113.702734113102125, 47.036763462882455 ], [ -113.708034660098278, 47.036769792642502 ], [ -113.713334779943878, 47.036767039771888 ], [ -113.718635227980272, 47.036773126159822 ], [ -113.723935417345956, 47.036770616730124 ], [ -113.723938959085771, 47.040405978797303 ], [ -113.723930712416731, 47.044041165911963 ], [ -113.723934209436635, 47.047676505831959 ], [ -113.72392600699024, 47.051311715201692 ], [ -113.71861145031572, 47.051312424567861 ], [ -113.713296619021719, 47.051309051476572 ], [ -113.707982113534868, 47.051310251212264 ], [ -113.702667204371323, 47.051306388955204 ], [ -113.702697137190782, 47.04767078081138 ], [ -113.708005821873712, 47.047675287165362 ], [ -113.708008406122772, 47.04404021011721 ], [ -113.70270065766789, 47.04403492651322 ] ] ] } },
{ "type": "Feature", "properties": { "CountyName": "Missoula", "OwnerName_Grouped": "NATURE CONSERVANCY", "OwnerName": "MONTANA CHECKERBOARD LLC", "OwnerAddre": "32 S EWING ST STE 215", "OwnerAdd_1": null, "OwnerAdd_2": null, "OwnerCity": "HELENA", "OwnerState": "MT", "PropType": "Vacant Land", "TotalAcres": 80.0, "BlockID": "8-003", "BlockAcres": 25880.166, "BlockParcelCount": 64 }, "geometry": { "type": "Polygon", "coordinates": [ [ [ -113.607983992931707, 46.766387501282402 ], [ -113.6079949827094, 46.762771057513127 ], [ -113.613225894625117, 46.762769145265068 ], [ -113.614987253753029, 46.762776036693047 ], [ -113.618456680370841, 46.762789532750389 ], [ -113.618451776546095, 46.765491319163544 ], [ -113.618450125920702, 46.766400452515029 ], [ -113.613217074829095, 46.76637978235204 ], [ -113.607983992931707, 46.766387501282402 ] ] ] } },
{ "type": "Feature", "properties": { "CountyName": "Missoula", "OwnerName_Grouped": "NATURE CONSERVANCY", "OwnerName": "MONTANA CHECKERBOARD LLC", "OwnerAddre": "32 S EWING ST STE 215", "OwnerAdd_1": null, "OwnerAdd_2": null, "OwnerCity": "HELENA", "OwnerState": "MT", "PropType": "Vacant Land", "TotalAcres": 510.0, "BlockID": "8-001", "BlockAcres": 41451.712, "BlockParcelCount": 84 }, "geometry": { "type": "Polygon", "coordinates": [ [ [ -113.552836617564552, 47.083610487482183 ], [ -113.552881173418825, 47.079995574965707 ], [ -113.558225071956059, 47.080029196343609 ], [ -113.563595393647702, 47.080065660275416 ], [ -113.568952828683209, 47.080098114534664 ], [ -113.574309613330684, 47.080135773783063 ], [ -113.574319406793606, 47.083767264732451 ], [ -113.574306701331508, 47.087398884461976 ], [ -113.574306441573398, 47.091650420799972 ], [ -113.57296675401733, 47.091643412364739 ], [ -113.568941221141145, 47.091616823408842 ], [ -113.567634563530419, 47.091615632205084 ], [ -113.56357277659167, 47.091598972516557 ], [ -113.562301372369532, 47.091592352494054 ], [ -113.55821302842557, 47.091565858447403 ], [ -113.556971658958261, 47.09156303290662 ], [ -113.556961616980558, 47.091563056790378 ], [ -113.552856450750824, 47.091572684270055 ], [ -113.552860681466839, 47.08722579265882 ], [ -113.552836617564552, 47.083610487482183 ] ] ] } },
{ "type": "Feature", "properties": { "CountyName": "Missoula", "OwnerName_Grouped": "NATURE CONSERVANCY", "OwnerName": "MONTANA CHECKERBOARD LLC", "OwnerAddre": "32 S EWING ST STE 215", "OwnerAdd_1": null, "OwnerAdd_2": null, "OwnerCity": "HELENA", "OwnerState": "MT", "PropType": "Vacant Land", "TotalAcres": 10.4, "BlockID": "8-028", "BlockAcres": 10.4, "BlockParcelCount": 1 }, "geometry": { "type": "Polygon", "coordinates": [ [ [ -113.504817836041696, 46.944089824120248 ], [ -113.504943368355214, 46.944006183945028 ], [ -113.505178943353172, 46.944161429099104 ], [ -113.505676810809874, 46.944558603701537 ], [ -113.506145082699064, 46.94484988336616 ], [ -113.50663381543535, 46.945185573064386 ], [ -113.507208246341705, 46.945537176544221 ], [ -113.507696057819075, 46.945866599191142 ], [ -113.504729165314856, 46.945895495402716 ], [ -113.504671964335373, 46.944187016152576 ], [ -113.504817836041696, 46.944089824120248 ] ] ] } },
{ "type": "Feature", "properties": { "CountyName": "Missoula", "OwnerName_Grouped": "NATURE CONSERVANCY", "OwnerName": "MONTANA CHECKERBOARD LLC", "OwnerAddre": "32 S EWING ST STE 215", "OwnerAdd_1": null, "OwnerAdd_2": null, "OwnerCity": "HELENA", "OwnerState": "MT", "PropType": "Vacant Land", "TotalAcres": 454.81, "BlockID": "8-001", "BlockAcres": 41451.712, "BlockParcelCount": 84 }, "geometry": { "type": "Polygon", "coordinates": [ [ [ -113.429419007548276, 47.07355945955598 ], [ -113.425251372203604, 47.073536459071271 ], [ -113.419839727824581, 47.07350636635995 ], [ -113.414479462867206, 47.073486927817363 ], [ -113.409137891043002, 47.073445940590588 ], [ -113.409144774070143, 47.069843784846867 ], [ -113.40915366907376, 47.06629106391491 ], [ -113.409154407776413, 47.065995835596908 ], [ -113.409157706972422, 47.064678207614314 ], [ -113.409157926711188, 47.064590609541654 ], [ -113.409158145581856, 47.064503180016821 ], [ -113.409159148888833, 47.064102313169016 ], [ -113.409159942698906, 47.063785576307538 ], [ -113.409162665076678, 47.062697972545301 ], [ -113.414487056918773, 47.062709653232957 ], [ -113.419824165019648, 47.062721112859194 ], [ -113.425228245199833, 47.062727422520069 ], [ -113.429465759571727, 47.062732191587749 ], [ -113.429453212844038, 47.065429077375015 ], [ -113.429449377369778, 47.066340814618073 ], [ -113.429438119936634, 47.069016748547959 ], [ -113.429434196086362, 47.069949401986342 ], [ -113.42942294312364, 47.072624051462313 ], [ -113.429419007548276, 47.07355945955598 ] ] ] } },
{ "type": "Feature", "properties": { "CountyName": "Missoula", "OwnerName_Grouped": "NATURE CONSERVANCY", "OwnerName": "MONTANA CHECKERBOARD LLC", "OwnerAddre": "32 S EWING ST STE 215", "OwnerAdd_1": null, "OwnerAdd_2": null, "OwnerCity": "HELENA", "OwnerState": "MT", "PropType": "Vacant Land", "TotalAcres": 640.0, "BlockID": "8-001", "BlockAcres": 41451.712, "BlockParcelCount": 84 }, "geometry": { "type": "Polygon", "coordinates": [ [ [ -113.612433090604398, 47.193632409366039 ], [ -113.617744566038851, 47.19365479259109 ], [ -113.623055816601692, 47.193677658656043 ], [ -113.628367263595848, 47.193700008250602 ], [ -113.633678541254994, 47.193722907211836 ], [ -113.633687328163901, 47.197356949476109 ], [ -113.633695069741634, 47.200990999320446 ], [ -113.633706214685446, 47.204625005625573 ], [ -113.633711624737956, 47.208259090060245 ], [ -113.628401089500841, 47.208238704247798 ], [ -113.623090457140862, 47.208219808956507 ], [ -113.61777329108503, 47.208199469700034 ], [ -113.612455955379772, 47.208180473316602 ], [ -113.612456258449114, 47.204543468271609 ], [ -113.612444509045673, 47.200906441180869 ], [ -113.612443791518672, 47.197269440413201 ], [ -113.612433090604398, 47.193632409366039 ] ] ] } },
{ "type": "Feature", "properties": { "CountyName": "Missoula", "OwnerName_Grouped": "NATURE CONSERVANCY", "OwnerName": "MONTANA CHECKERBOARD LLC", "OwnerAddre": "32 S EWING ST STE 215", "OwnerAdd_1": null, "OwnerAdd_2": null, "OwnerCity": "HELENA", "OwnerState": "MT", "PropType": "Vacant Land", "TotalAcres": 640.0, "BlockID": "8-001", "BlockAcres": 41451.712, "BlockParcelCount": 84 }, "geometry": { "type": "Polygon", "coordinates": [ [ [ -113.569826162913088, 47.197257747819961 ], [ -113.569863375000608, 47.19361730353026 ], [ -113.575171319980825, 47.193613911604032 ], [ -113.58047837939489, 47.193610719613815 ], [ -113.585786204904508, 47.193607211968278 ], [ -113.591093411145195, 47.193604134598651 ], [ -113.591117560457064, 47.197247340054446 ], [ -113.591116526868106, 47.200890607978906 ], [ -113.591141176505275, 47.204533835580719 ], [ -113.591139641953959, 47.208177081868143 ], [ -113.585814138313324, 47.208176910644646 ], [ -113.580487998936121, 47.208178052796008 ], [ -113.575162686161917, 47.208178206819248 ], [ -113.569836383425724, 47.208179023402948 ], [ -113.569815490018726, 47.204538585977986 ], [ -113.569849880573742, 47.200898163342011 ], [ -113.569826162913088, 47.197257747819961 ] ] ] } },
{ "type": "Feature", "properties": { "CountyName": "Missoula", "OwnerName_Grouped": "NATURE CONSERVANCY", "OwnerName": "MONTANA CHECKERBOARD LLC", "OwnerAddre": "32 S EWING ST STE 215", "OwnerAdd_1": null, "OwnerAdd_2": null, "OwnerCity": "HELENA", "OwnerState": "MT", "PropType": "Vacant Land", "TotalAcres": 624.81, "BlockID": "8-001", "BlockAcres": 41451.712, "BlockParcelCount": 84 }, "geometry": { "type": "Polygon", "coordinates": [ [ [ -113.655102531463541, 47.193749987168573 ], [ -113.655096117535308, 47.190124527776106 ], [ -113.655090839210771, 47.186499087383318 ], [ -113.655079605513805, 47.18286428421623 ], [ -113.655079174910014, 47.179248188218409 ], [ -113.658517613385868, 47.179242479774075 ], [ -113.66040894329582, 47.1792565601597 ], [ -113.663871606699246, 47.179261987214268 ], [ -113.665738711266769, 47.179265572685168 ], [ -113.669196636692504, 47.179251519567998 ], [ -113.671076869848449, 47.179260861330818 ], [ -113.674006143176683, 47.17925826633288 ], [ -113.674523948076128, 47.179257453959984 ], [ -113.676415053673594, 47.179254733768197 ], [ -113.676424884645272, 47.18287536928819 ], [ -113.676429549077625, 47.186508636059834 ], [ -113.676432760457416, 47.190135593065435 ], [ -113.676444073209424, 47.193762538956456 ], [ -113.671108539226736, 47.193759064134021 ], [ -113.665773288117535, 47.193756262374883 ], [ -113.660437844318139, 47.193752769253287 ], [ -113.655102531463541, 47.193749987168573 ] ] ] } },
{ "type": "Feature", "properties": { "CountyName": "Missoula", "OwnerName_Grouped": "NATURE CONSERVANCY", "OwnerName": "MONTANA CHECKERBOARD LLC", "OwnerAddre": "32 S EWING ST STE 215", "OwnerAdd_1": null, "OwnerAdd_2": null, "OwnerCity": "HELENA", "OwnerState": "MT", "PropType": "Vacant Land", "TotalAcres": 228.74, "BlockID": "8-003", "BlockAcres": 25880.166, "BlockParcelCount": 64 }, "geometry": { "type": "Polygon", "coordinates": [ [ [ -113.555482369022201, 46.773583784091478 ], [ -113.555490808237323, 46.771865899704039 ], [ -113.555500169734003, 46.769960749848579 ], [ -113.555515375517345, 46.766338435691544 ], [ -113.555524247514597, 46.764526872372755 ], [ -113.555524571161953, 46.76446079737498 ], [ -113.555525002044561, 46.764373013456137 ], [ -113.55552540032015, 46.764291666879551 ], [ -113.556889443530125, 46.764326422487933 ], [ -113.556972472034374, 46.764325208347003 ], [ -113.557054912614149, 46.764318322803994 ], [ -113.557135946901383, 46.764305834210091 ], [ -113.55721477048931, 46.764287866536542 ], [ -113.557290600918179, 46.764264598143974 ], [ -113.557362685443266, 46.764236260011714 ], [ -113.557430308507577, 46.764203133444596 ], [ -113.557492798845345, 46.764165547280477 ], [ -113.558051970323206, 46.763793823602825 ], [ -113.558220537034984, 46.76368654312779 ], [ -113.558395736426348, 46.763584404177585 ], [ -113.55857723665261, 46.763487600192015 ], [ -113.558764693941711, 46.763396314506046 ], [ -113.558957753245082, 46.763310720002757 ], [ -113.559060110378738, 46.763271696300897 ], [ -113.55916712854318, 46.763239107905832 ], [ -113.55927795308024, 46.763213215069584 ], [ -113.559391698938214, 46.763194224572892 ], [ -113.559507457738988, 46.763182288074091 ], [ -113.559624305031491, 46.763177500898117 ], [ -113.559760174341434, 46.763174008058272 ], [ -113.559895676567663, 46.763166311389078 ], [ -113.560030536401285, 46.763154426528338 ], [ -113.560129875065954, 46.763141173857882 ], [ -113.560226958421481, 46.763121557024988 ], [ -113.560320925072247, 46.763095750085292 ], [ -113.560410941279613, 46.763063982017613 ], [ -113.560496208360235, 46.76302653469191 ], [ -113.560575969772941, 46.762983740368135 ], [ -113.560649517831791, 46.76293597874789 ], [ -113.560716199985109, 46.762883673605032 ], [ -113.560775424605424, 46.762827289025459 ], [ -113.560775770271732, 46.762712488541538 ], [ -113.563411145940606, 46.76272154839485 ], [ -113.566018396172055, 46.762730451975322 ], [ -113.566014316039585, 46.766346304052455 ], [ -113.566011695116416, 46.769961561912972 ], [ -113.566007590794342, 46.773577538347176 ], [ -113.560744988646931, 46.773559399894026 ], [ -113.556146306803583, 46.773580721039892 ], [ -113.555482369022201, 46.773583784091478 ] ] ] } },
{ "type": "Feature", "properties": { "CountyName": "Missoula", "OwnerName_Grouped": "NATURE CONSERVANCY", "OwnerName": "MONTANA CHECKERBOARD LLC", "OwnerAddre": "32 S EWING ST STE 215", "OwnerAdd_1": null, "OwnerAdd_2": null, "OwnerCity": "HELENA", "OwnerState": "MT", "PropType": "Vacant Land", "TotalAcres": 640.0, "BlockID": "8-001", "BlockAcres": 41451.712, "BlockParcelCount": 84 }, "geometry": { "type": "Polygon", "coordinates": [ [ [ -113.655101219896522, 47.208272757471143 ], [ -113.655102726718624, 47.204642037660101 ], [ -113.655101861164169, 47.201011386193002 ], [ -113.655097947156904, 47.197380673448862 ], [ -113.655102531463541, 47.193749987168573 ], [ -113.660437844318139, 47.193752769253287 ], [ -113.665773288117535, 47.193756262374883 ], [ -113.671108539226736, 47.193759064134021 ], [ -113.676444073209424, 47.193762538956456 ], [ -113.676432918187317, 47.197385652051203 ], [ -113.676446484977106, 47.201008746072453 ], [ -113.676447703731341, 47.20463183738655 ], [ -113.676448895888186, 47.208254955447039 ], [ -113.671111892672712, 47.208258556798519 ], [ -113.665775057719301, 47.20826386994284 ], [ -113.660438106952711, 47.208267481152077 ], [ -113.655101219896522, 47.208272757471143 ] ] ] } },
{ "type": "Feature", "properties": { "CountyName": "Missoula", "OwnerName_Grouped": "NATURE CONSERVANCY", "OwnerName": "MONTANA CHECKERBOARD LLC", "OwnerAddre": "32 S EWING ST STE 215", "OwnerAdd_1": null, "OwnerAdd_2": null, "OwnerCity": "HELENA", "OwnerState": "MT", "PropType": "Vacant Land", "TotalAcres": 280.0, "BlockID": "8-003", "BlockAcres": 25880.166, "BlockParcelCount": 64 }, "geometry": { "type": "MultiPolygon", "coordinates": [ [ [ [ -113.634225021696892, 46.748349996036616 ], [ -113.634257153719943, 46.74473825669093 ], [ -113.639494530242459, 46.744756597235948 ], [ -113.644738311263623, 46.744738171816373 ], [ -113.649996618132121, 46.744761295969916 ], [ -113.649961002182721, 46.748345386545409 ], [ -113.644716094455887, 46.74834915055613 ], [ -113.639476183924458, 46.74836162572349 ], [ -113.634225021696892, 46.748349996036616 ] ] ], [ [ [ -113.628925545200303, 46.755585566238452 ], [ -113.628931121394416, 46.751968352494281 ], [ -113.634198279820851, 46.751961487767865 ], [ -113.635712560072932, 46.751962907262339 ], [ -113.639464586724486, 46.751966336283495 ], [ -113.639454384208946, 46.753970110314363 ], [ -113.639446189519276, 46.755579466203244 ], [ -113.639434490864232, 46.7591928875446 ], [ -113.634179327533545, 46.759188643014504 ], [ -113.628924302233159, 46.759203128106392 ], [ -113.628925545200303, 46.755585566238452 ] ] ] ] } },
{ "type": "Feature", "properties": { "CountyName": "Missoula", "OwnerName_Grouped": "NATURE CONSERVANCY", "OwnerName": "MONTANA CHECKERBOARD LLC", "OwnerAddre": "32 S EWING ST STE 215", "OwnerAdd_1": null, "OwnerAdd_2": null, "OwnerCity": "HELENA", "OwnerState": "MT", "PropType": "Vacant Land", "TotalAcres": 640.0, "BlockID": "8-001", "BlockAcres": 41451.712, "BlockParcelCount": 84 }, "geometry": { "type": "Polygon", "coordinates": [ [ [ -113.531716732781533, 47.050986320992415 ], [ -113.537015140919195, 47.050995053050016 ], [ -113.542314618504847, 47.051004373054646 ], [ -113.547612604757376, 47.051013145681097 ], [ -113.552912503748303, 47.051022425880028 ], [ -113.552877467014255, 47.054646729999597 ], [ -113.552912261899166, 47.058271115026159 ], [ -113.552877516138366, 47.061895418141113 ], [ -113.552911991861762, 47.065519806036306 ], [ -113.547609485939745, 47.065521346217139 ], [ -113.542308858183503, 47.065523777989426 ], [ -113.537006775742256, 47.065525378731849 ], [ -113.531705724115923, 47.065527779430951 ], [ -113.531695201582465, 47.061892396782774 ], [ -113.531711242335547, 47.058257063314379 ], [ -113.531700532373875, 47.054621676877758 ], [ -113.531716732781533, 47.050986320992415 ] ] ] } },
{ "type": "Feature", "properties": { "CountyName": "Missoula", "OwnerName_Grouped": "NATURE CONSERVANCY", "OwnerName": "NATURE CONSERVANCY (THE)", "OwnerAddre": "32 S EWING ST", "OwnerAdd_1": null, "OwnerAdd_2": null, "OwnerCity": "HELENA", "OwnerState": "MT", "PropType": "Vacant Land", "TotalAcres": 39.73, "BlockID": "8-027", "BlockAcres": 39.73, "BlockParcelCount": 1 }, "geometry": { "type": "Polygon", "coordinates": [ [ [ -113.697544846393228, 47.397281320928293 ], [ -113.69225493532538, 47.397273598582558 ], [ -113.692222840133113, 47.393635722156311 ], [ -113.697521722425989, 47.393645677368617 ], [ -113.697544846393228, 47.397281320928293 ] ] ] } },
{ "type": "Feature", "properties": { "CountyName": "Missoula", "OwnerName_Grouped": "NATURE CONSERVANCY", "OwnerName": "MONTANA CHECKERBOARD LLC", "OwnerAddre": "32 S EWING ST STE 215", "OwnerAdd_1": null, "OwnerAdd_2": null, "OwnerCity": "HELENA", "OwnerState": "MT", "PropType": "Vacant Land", "TotalAcres": 550.4, "BlockID": "8-003", "BlockAcres": 25880.166, "BlockParcelCount": 64 }, "geometry": { "type": "Polygon", "coordinates": [ [ [ -113.649922051155698, 46.806143762761671 ], [ -113.64997469072236, 46.802515128851539 ], [ -113.655178234807721, 46.802567689061746 ], [ -113.660388743860565, 46.802621967216581 ], [ -113.665667465657208, 46.802614708478153 ], [ -113.665779880415258, 46.802614602116968 ], [ -113.666503724295524, 46.802613704755309 ], [ -113.668026078448761, 46.802611799123603 ], [ -113.668023226210337, 46.803151850310016 ], [ -113.668012844691773, 46.80511707465309 ], [ -113.668007206867472, 46.80622545812362 ], [ -113.667994523334215, 46.808729555993558 ], [ -113.667988879267597, 46.809837817525853 ], [ -113.667982982233738, 46.810995027679951 ], [ -113.667976116441082, 46.812342065024268 ], [ -113.667970793792179, 46.813451263451626 ], [ -113.667959072211417, 46.815954212567931 ], [ -113.667953816920516, 46.817063390916843 ], [ -113.6678978698245, 46.817063119185661 ], [ -113.667889875905885, 46.817063080676157 ], [ -113.665677625504756, 46.817052331861085 ], [ -113.660406288394356, 46.817026392731236 ], [ -113.655139321430497, 46.816995856041892 ], [ -113.649871027833683, 46.816990656417147 ], [ -113.649872280107815, 46.813379956048998 ], [ -113.649869407311527, 46.809772278782972 ], [ -113.649922051155698, 46.806143762761671 ] ] ] } },
{ "type": "Feature", "properties": { "CountyName": "Missoula", "OwnerName_Grouped": "NATURE CONSERVANCY", "OwnerName": "MONTANA CHECKERBOARD LLC", "OwnerAddre": "32 S EWING ST STE 215", "OwnerAdd_1": null, "OwnerAdd_2": null, "OwnerCity": "HELENA", "OwnerState": "MT", "PropType": "Vacant Land", "TotalAcres": 81.64, "BlockID": "8-003", "BlockAcres": 25880.166, "BlockParcelCount": 64 }, "geometry": { "type": "Polygon", "coordinates": [ [ [ -113.689278966977113, 46.769099421323737 ], [ -113.689292761090528, 46.766627008368744 ], [ -113.694568228381826, 46.766615428975044 ], [ -113.69991294055221, 46.766609330833724 ], [ -113.699853513766428, 46.770211851639196 ], [ -113.694538378685181, 46.770209055613677 ], [ -113.6892727935046, 46.770206041480435 ], [ -113.689278966977113, 46.769099421323737 ] ] ] } },
{ "type": "Feature", "properties": { "CountyName": "Missoula", "OwnerName_Grouped": "NATURE CONSERVANCY", "OwnerName": "MONTANA CHECKERBOARD LLC", "OwnerAddre": "32 S EWING ST STE 215", "OwnerAdd_1": null, "OwnerAdd_2": null, "OwnerCity": "HELENA", "OwnerState": "MT", "PropType": "Vacant Land", "TotalAcres": 518.84, "BlockID": "8-001", "BlockAcres": 41451.712, "BlockParcelCount": 84 }, "geometry": { "type": "Polygon", "coordinates": [ [ [ -113.429544268471929, 47.03000800464617 ], [ -113.429556138962525, 47.029097187418429 ], [ -113.429561616016287, 47.026360262209906 ], [ -113.42956466298854, 47.025442888320896 ], [ -113.429565113645396, 47.022705575139781 ], [ -113.42959911152478, 47.021907423772596 ], [ -113.436180348980457, 47.021960631619429 ], [ -113.441483996596148, 47.021969311179234 ], [ -113.446787647154579, 47.021977744207156 ], [ -113.446780917813697, 47.025469570077526 ], [ -113.446769094477446, 47.029115640743925 ], [ -113.446755210159353, 47.032761559224511 ], [ -113.446743380291153, 47.03640759995168 ], [ -113.441429878538329, 47.036406338199107 ], [ -113.43611639810122, 47.036405599810841 ], [ -113.429534210566317, 47.036404940049792 ], [ -113.429541038734058, 47.033653276414555 ], [ -113.429544030979201, 47.032751014119377 ], [ -113.429544268471929, 47.03000800464617 ] ] ] } },
{ "type": "Feature", "properties": { "CountyName": "Missoula", "OwnerName_Grouped": "NATURE CONSERVANCY", "OwnerName": "MONTANA CHECKERBOARD LLC", "OwnerAddre": "32 S EWING ST STE 215", "OwnerAdd_1": null, "OwnerAdd_2": null, "OwnerCity": "HELENA", "OwnerState": "MT", "PropType": "Vacant Land", "TotalAcres": 742.76, "BlockID": "8-001", "BlockAcres": 41451.712, "BlockParcelCount": 84 }, "geometry": { "type": "Polygon", "coordinates": [ [ [ -113.468033672613657, 47.014665473244989 ], [ -113.467995786730626, 47.01831506373842 ], [ -113.467959789589088, 47.021964600610914 ], [ -113.462668488997636, 47.021931532265853 ], [ -113.457377285784062, 47.021894154582689 ], [ -113.452085988289312, 47.021861294345477 ], [ -113.446787647154579, 47.021977744207156 ], [ -113.446826487973482, 47.018187694215221 ], [ -113.446859719768838, 47.014552110388081 ], [ -113.446934160709731, 47.010933165363419 ], [ -113.447011548005335, 47.007315486738769 ], [ -113.446911657071126, 47.004724505622661 ], [ -113.45081723555154, 47.004817945794137 ], [ -113.452222727654942, 47.004855200634353 ], [ -113.456190129529617, 47.004958751877417 ], [ -113.457530436102445, 47.004993870191548 ], [ -113.46156302275574, 47.005095834455368 ], [ -113.462837305098574, 47.005129481297011 ], [ -113.46692249806641, 47.005236030346595 ], [ -113.468140463700891, 47.005267872579736 ], [ -113.468116860762777, 47.007365039695877 ], [ -113.468073209262556, 47.011015343516 ], [ -113.468033672613657, 47.014665473244989 ] ] ] } },
{ "type": "Feature", "properties": { "CountyName": "Missoula", "OwnerName_Grouped": "NATURE CONSERVANCY", "OwnerName": "MONTANA CHECKERBOARD LLC", "OwnerAddre": "32 S EWING ST STE 215", "OwnerAdd_1": null, "OwnerAdd_2": null, "OwnerCity": "HELENA", "OwnerState": "MT", "PropType": "Vacant Land", "TotalAcres": 523.96, "BlockID": "8-001", "BlockAcres": 41451.712, "BlockParcelCount": 84 }, "geometry": { "type": "Polygon", "coordinates": [ [ [ -113.446835649634707, 47.065405875886619 ], [ -113.441539258706015, 47.065406165387131 ], [ -113.436242946541853, 47.065408624456175 ], [ -113.429453212844038, 47.065429077375015 ], [ -113.429465759571727, 47.062732191587749 ], [ -113.429469431773626, 47.061802857317474 ], [ -113.429480378490823, 47.059032848097416 ], [ -113.429483685403056, 47.058195935257885 ], [ -113.429494661558223, 47.055418016961333 ], [ -113.429496668037899, 47.054587549298944 ], [ -113.429503639524611, 47.051702405195506 ], [ -113.429505388541273, 47.050978655536731 ], [ -113.436161391340875, 47.050971015722503 ], [ -113.441465505937458, 47.05096011031074 ], [ -113.446769706657435, 47.050950406387308 ], [ -113.44678506681889, 47.054564253963839 ], [ -113.44680266474596, 47.058178140986612 ], [ -113.446818036889383, 47.061791962637081 ], [ -113.446835649634707, 47.065405875886619 ] ] ] } },
{ "type": "Feature", "properties": { "CountyName": "Missoula", "OwnerName_Grouped": "NATURE CONSERVANCY", "OwnerName": "MONTANA CHECKERBOARD LLC", "OwnerAddre": "32 S EWING ST STE 215", "OwnerAdd_1": null, "OwnerAdd_2": null, "OwnerCity": "HELENA", "OwnerState": "MT", "PropType": "Vacant Land", "TotalAcres": 487.2, "BlockID": "8-001", "BlockAcres": 41451.712, "BlockParcelCount": 84 }, "geometry": { "type": "Polygon", "coordinates": [ [ [ -113.446867996070836, 47.07262297275738 ], [ -113.446883058080687, 47.076231484617452 ], [ -113.446900342685353, 47.079840068838735 ], [ -113.441589939053344, 47.079835393407215 ], [ -113.436279608871615, 47.079834538402103 ], [ -113.429374333206368, 47.07983222750164 ], [ -113.429403815644847, 47.077169514641305 ], [ -113.429407777900295, 47.076227965637564 ], [ -113.429419007548276, 47.07355945955598 ], [ -113.42942294312364, 47.072624051462313 ], [ -113.429434196086362, 47.069949401986342 ], [ -113.429438119936634, 47.069016748547959 ], [ -113.429449377369778, 47.066340814618073 ], [ -113.429453212844038, 47.065429077375015 ], [ -113.436242946541853, 47.065408624456175 ], [ -113.441539258706015, 47.065406165387131 ], [ -113.446835649634707, 47.065405875886619 ], [ -113.446850692960197, 47.06901439327865 ], [ -113.441550970831258, 47.069014203638126 ], [ -113.441564584999497, 47.072622073955024 ], [ -113.446867996070836, 47.07262297275738 ] ] ] } },
{ "type": "Feature", "properties": { "CountyName": "Missoula", "OwnerName_Grouped": "NATURE CONSERVANCY", "OwnerName": "MONTANA CHECKERBOARD LLC", "OwnerAddre": "32 S EWING ST STE 215", "OwnerAdd_1": null, "OwnerAdd_2": null, "OwnerCity": "HELENA", "OwnerState": "MT", "PropType": "Vacant Land", "TotalAcres": 4.321, "BlockID": "8-001", "BlockAcres": 41451.712, "BlockParcelCount": 84 }, "geometry": { "type": "Polygon", "coordinates": [ [ [ -113.38454965267043, 47.073663952554647 ], [ -113.384508996733928, 47.073664114633978 ], [ -113.384485861253211, 47.073555711700813 ], [ -113.384469676567008, 47.073446721975323 ], [ -113.384460473508199, 47.073337353376438 ], [ -113.384355881342657, 47.071376998540188 ], [ -113.384319616401626, 47.070697260924533 ], [ -113.38431736968451, 47.070588881973542 ], [ -113.384321976568657, 47.070480537860966 ], [ -113.384333428414038, 47.070372430803928 ], [ -113.384351703805308, 47.070264762575874 ], [ -113.384380768043314, 47.070142998180863 ], [ -113.384404791317408, 47.070063032880952 ], [ -113.384432763373042, 47.070062589860797 ], [ -113.384850804309849, 47.070055971632065 ], [ -113.384793080914065, 47.070212423242154 ], [ -113.384802799310137, 47.070260372378769 ], [ -113.384823986964477, 47.070380350635688 ], [ -113.384807253190459, 47.070464696270463 ], [ -113.384725309365209, 47.070566872333615 ], [ -113.384601606543711, 47.070637805564992 ], [ -113.384427028512448, 47.070666445858265 ], [ -113.384353833910708, 47.070688807517357 ], [ -113.384335247092778, 47.070747656303567 ], [ -113.384361380250169, 47.07121531531314 ], [ -113.384449643368157, 47.071388180810011 ], [ -113.384630806755254, 47.071537206112779 ], [ -113.384652751361727, 47.07163085566502 ], [ -113.384630804696627, 47.071719528752681 ], [ -113.384589400599594, 47.071826965059316 ], [ -113.384595693246268, 47.07188752675173 ], [ -113.384661828733442, 47.072013128738071 ], [ -113.384688770692705, 47.072211541608084 ], [ -113.384674845707679, 47.072367164632531 ], [ -113.384588184192623, 47.072563562537674 ], [ -113.384528259582893, 47.072703507138058 ], [ -113.384526928699557, 47.072839547997702 ], [ -113.384519865586554, 47.072973868272669 ], [ -113.384528550612188, 47.073209172791671 ], [ -113.384588706698551, 47.073375365748255 ], [ -113.384764399133061, 47.073527875690885 ], [ -113.385047171521009, 47.073661971258801 ], [ -113.384964912811839, 47.073662299029905 ], [ -113.384804757562776, 47.07366293713126 ], [ -113.38454965267043, 47.073663952554647 ] ] ] } },
{ "type": "Feature", "properties": { "CountyName": "Missoula", "OwnerName_Grouped": "NATURE CONSERVANCY", "OwnerName": "MONTANA CHECKERBOARD LLC", "OwnerAddre": "32 S EWING ST STE 215", "OwnerAdd_1": null, "OwnerAdd_2": null, "OwnerCity": "HELENA", "OwnerState": "MT", "PropType": "Vacant Land", "TotalAcres": 566.42, "BlockID": "8-003", "BlockAcres": 25880.166, "BlockParcelCount": 64 }, "geometry": { "type": "Polygon", "coordinates": [ [ [ -113.689269971466786, 46.794220913071101 ], [ -113.689232896979789, 46.792144830348029 ], [ -113.694552453206498, 46.792152304819354 ], [ -113.699867854027914, 46.792159576224748 ], [ -113.705134066907334, 46.792159158153417 ], [ -113.705165651770812, 46.792159157889515 ], [ -113.710568605207669, 46.792144871385609 ], [ -113.71053502197347, 46.792602657314809 ], [ -113.710456609006314, 46.794264343009424 ], [ -113.710441547274286, 46.796058913859348 ], [ -113.710426347099741, 46.797867929711934 ], [ -113.71041956306172, 46.799667890699304 ], [ -113.710013786769665, 46.801479883244681 ], [ -113.709607677821182, 46.803254097198817 ], [ -113.709188206333494, 46.805086562941028 ], [ -113.705104506324133, 46.805085909201523 ], [ -113.705092057835174, 46.805085912441612 ], [ -113.699823226486487, 46.805087110318205 ], [ -113.694529518653312, 46.805086484520928 ], [ -113.689235739485426, 46.805088366687535 ], [ -113.689261748323787, 46.801468460656061 ], [ -113.689267156803453, 46.797848381086077 ], [ -113.689269971466786, 46.794220913071101 ] ] ] } },
{ "type": "Feature", "properties": { "CountyName": "Missoula", "OwnerName_Grouped": "NATURE CONSERVANCY", "OwnerName": "MONTANA CHECKERBOARD LLC", "OwnerAddre": "32 S EWING ST STE 215", "OwnerAdd_1": null, "OwnerAdd_2": null, "OwnerCity": "HELENA", "OwnerState": "MT", "PropType": "Vacant Land", "TotalAcres": 320.0, "BlockID": "8-003", "BlockAcres": 25880.166, "BlockParcelCount": 64 }, "geometry": { "type": "Polygon", "coordinates": [ [ [ -113.689254861210415, 46.786995112552695 ], [ -113.689246702541453, 46.784926676893669 ], [ -113.694591185124892, 46.784926753661921 ], [ -113.697228115952797, 46.784926698851379 ], [ -113.699755361844382, 46.784926589488187 ], [ -113.700645227151071, 46.784929048464129 ], [ -113.703893533971041, 46.784937964126605 ], [ -113.705249966264063, 46.784941659715784 ], [ -113.710597774925745, 46.784956072713456 ], [ -113.710618937152219, 46.785296206039099 ], [ -113.71059502253739, 46.788563280064515 ], [ -113.710592843466671, 46.788861100218234 ], [ -113.710590483074412, 46.789180829079022 ], [ -113.71058591875196, 46.789799368695199 ], [ -113.710581356556347, 46.790417400703944 ], [ -113.710573995695242, 46.791413646402354 ], [ -113.710570819414542, 46.791844280073569 ], [ -113.710570786721888, 46.791848687283213 ], [ -113.710569186996537, 46.792065942079425 ], [ -113.710568605207669, 46.792144871385609 ], [ -113.705165651770812, 46.792159157889515 ], [ -113.705134066907334, 46.792159158153417 ], [ -113.699867854027914, 46.792159576224748 ], [ -113.694552453206498, 46.792152304819354 ], [ -113.689232896979789, 46.792144830348029 ], [ -113.68926909891492, 46.79061128586055 ], [ -113.689260953139708, 46.788543906005827 ], [ -113.689254861210415, 46.786995112552695 ] ] ] } },
{ "type": "Feature", "properties": { "CountyName": "Missoula", "OwnerName_Grouped": "NATURE CONSERVANCY", "OwnerName": "MONTANA CHECKERBOARD LLC", "OwnerAddre": "32 S EWING ST STE 215", "OwnerAdd_1": null, "OwnerAdd_2": null, "OwnerCity": "HELENA", "OwnerState": "MT", "PropType": "Vacant Land", "TotalAcres": 640.0, "BlockID": "8-003", "BlockAcres": 25880.166, "BlockParcelCount": 64 }, "geometry": { "type": "Polygon", "coordinates": [ [ [ -113.628918126065699, 46.762807535764551 ], [ -113.628924302233159, 46.759203128106392 ], [ -113.634179327533545, 46.759188643014504 ], [ -113.639434490864232, 46.7591928875446 ], [ -113.644762624039871, 46.759166766740215 ], [ -113.649133314646889, 46.759160852483213 ], [ -113.650091076008863, 46.759159534378391 ], [ -113.650086252544085, 46.759671808216908 ], [ -113.650056989755299, 46.762779475969261 ], [ -113.650033008388419, 46.766399889703301 ], [ -113.649998335624517, 46.770019699181226 ], [ -113.649974968404166, 46.773640273283377 ], [ -113.644708211789151, 46.773613492436709 ], [ -113.639441550861463, 46.773630990754619 ], [ -113.63417482315856, 46.773604325461321 ], [ -113.62890816204883, 46.773621708435954 ], [ -113.62890977512383, 46.770016691449207 ], [ -113.628916232014149, 46.766412405165099 ], [ -113.628916676363289, 46.76556788127121 ], [ -113.628917187648781, 46.764594349124998 ], [ -113.628918126065699, 46.762807535764551 ] ] ] } },
{ "type": "Feature", "properties": { "CountyName": "Missoula", "OwnerName_Grouped": "NATURE CONSERVANCY", "OwnerName": "MONTANA CHECKERBOARD LLC", "OwnerAddre": "32 S EWING ST STE 215", "OwnerAdd_1": null, "OwnerAdd_2": null, "OwnerCity": "HELENA", "OwnerState": "MT", "PropType": "Vacant Land", "TotalAcres": 54.08, "BlockID": "8-004", "BlockAcres": 13898.35, "BlockParcelCount": 31 }, "geometry": { "type": "MultiPolygon", "coordinates": [ [ [ [ -113.708020781930657, 46.917518588367614 ], [ -113.708041955917864, 46.914230645315165 ], [ -113.70973083566065, 46.913978703968631 ], [ -113.709735691522638, 46.914422798315719 ], [ -113.710158366998925, 46.914711005118079 ], [ -113.710341904253568, 46.914616128682781 ], [ -113.710419409371781, 46.914701851210744 ], [ -113.710566453427731, 46.914746579480706 ], [ -113.710779037927409, 46.915019201843407 ], [ -113.711887845159424, 46.914863745895431 ], [ -113.713048887644149, 46.914812788448081 ], [ -113.712869983933999, 46.913918939153149 ], [ -113.713319698413798, 46.913920078245496 ], [ -113.713317155221517, 46.914301605988392 ], [ -113.713310263675808, 46.915335888950892 ], [ -113.713301258293953, 46.916687327762212 ], [ -113.713295624709176, 46.917532704367289 ], [ -113.708020781930657, 46.917518588367614 ] ] ], [ [ [ -113.715709716818822, 46.913968233733705 ], [ -113.715724179402301, 46.913926083068525 ], [ -113.716186446911024, 46.913927126039951 ], [ -113.717496659121693, 46.913930072677537 ], [ -113.718626281091176, 46.91393326353684 ], [ -113.718606214291796, 46.917551364338671 ], [ -113.716176082359212, 46.917542856575146 ], [ -113.716256960635093, 46.917221592240921 ], [ -113.71620387848948, 46.917085527216784 ], [ -113.716028755263821, 46.916896284814214 ], [ -113.716019864895571, 46.916726406257268 ], [ -113.716038685991492, 46.916695395286723 ], [ -113.716207587127002, 46.916417103121965 ], [ -113.716128248892403, 46.916110228646261 ], [ -113.716100352301694, 46.915824930507689 ], [ -113.716019292233426, 46.915665026568384 ], [ -113.715976030940368, 46.915343628396982 ], [ -113.716048817685348, 46.915161963936079 ], [ -113.716212901664278, 46.915066448392118 ], [ -113.715906125587509, 46.914529318560383 ], [ -113.715946397566086, 46.914427968698213 ], [ -113.715685594525638, 46.914205412175249 ], [ -113.715709716818822, 46.913968233733705 ] ] ] ] } },
{ "type": "Feature", "properties": { "CountyName": "Missoula", "OwnerName_Grouped": "NATURE CONSERVANCY", "OwnerName": "MONTANA CHECKERBOARD LLC", "OwnerAddre": "32 S EWING ST STE 215", "OwnerAdd_1": null, "OwnerAdd_2": null, "OwnerCity": "HELENA", "OwnerState": "MT", "PropType": "Vacant Land", "TotalAcres": 686.56, "BlockID": "8-003", "BlockAcres": 25880.166, "BlockParcelCount": 64 }, "geometry": { "type": "Polygon", "coordinates": [ [ [ -113.731432564655535, 46.806846996904113 ], [ -113.726946222974703, 46.80684685280162 ], [ -113.72618479557174, 46.806846832911049 ], [ -113.72093702583183, 46.806846669105504 ], [ -113.72088696876196, 46.806846752737464 ], [ -113.715689229108548, 46.806842506077729 ], [ -113.714842102619855, 46.806841792914248 ], [ -113.710441403583346, 46.806838175741902 ], [ -113.708797236684006, 46.806840304948388 ], [ -113.709188206333494, 46.805086562941028 ], [ -113.709607677821182, 46.803254097198817 ], [ -113.710013786769665, 46.801479883244681 ], [ -113.71041956306172, 46.799667890699304 ], [ -113.710426347099741, 46.797867929711934 ], [ -113.710441547274286, 46.796058913859348 ], [ -113.710456609006314, 46.794264343009424 ], [ -113.71053502197347, 46.792602657314809 ], [ -113.711566439301436, 46.792599465584722 ], [ -113.712200432055681, 46.792597498599243 ], [ -113.715733341993982, 46.792586473201638 ], [ -113.718995153901332, 46.792576181406353 ], [ -113.721076256276618, 46.792569592402565 ], [ -113.727059652067283, 46.792550368236178 ], [ -113.727502599764023, 46.792548932815635 ], [ -113.727528234703598, 46.792548849676372 ], [ -113.728560000079156, 46.792545500279189 ], [ -113.731820894131985, 46.792534849390442 ], [ -113.732582229281959, 46.792532349600748 ], [ -113.732591126762713, 46.792532320130391 ], [ -113.733151510397207, 46.792530476970718 ], [ -113.733154430208117, 46.796117112178926 ], [ -113.733157305492654, 46.799649072939538 ], [ -113.733031021214074, 46.803255049938656 ], [ -113.733025187585412, 46.804075067630784 ], [ -113.733005478739244, 46.806845617782585 ], [ -113.731432564655535, 46.806846996904113 ] ] ] } },
{ "type": "Feature", "properties": { "CountyName": "Missoula", "OwnerName_Grouped": "NATURE CONSERVANCY", "OwnerName": "MONTANA CHECKERBOARD LLC", "OwnerAddre": "32 S EWING ST STE 215", "OwnerAdd_1": null, "OwnerAdd_2": null, "OwnerCity": "HELENA", "OwnerState": "MT", "PropType": "Vacant Land", "TotalAcres": 640.0, "BlockID": "8-003", "BlockAcres": 25880.166, "BlockParcelCount": 64 }, "geometry": { "type": "Polygon", "coordinates": [ [ [ -113.607954437635698, 46.777232565859222 ], [ -113.607960417555617, 46.773619920368716 ], [ -113.613197328582231, 46.773598512840671 ], [ -113.61843427506669, 46.773620814297921 ], [ -113.623671172416977, 46.773599400089196 ], [ -113.62890816204883, 46.773621708435954 ], [ -113.628915060827708, 46.777219906035185 ], [ -113.628920759074219, 46.780820140503707 ], [ -113.628924938974777, 46.784211286648976 ], [ -113.628925202716658, 46.784424700481267 ], [ -113.628930884949852, 46.788022620894772 ], [ -113.623681007366045, 46.788044511857493 ], [ -113.618431047759287, 46.788050537487692 ], [ -113.61318123087753, 46.788071336925206 ], [ -113.607931209448751, 46.788078454076661 ], [ -113.607942756756728, 46.784466702666556 ], [ -113.607947158537144, 46.780847191965833 ], [ -113.607947408366527, 46.780723318617397 ], [ -113.607954437635698, 46.777232565859222 ] ] ] } },
{ "type": "Feature", "properties": { "CountyName": "Missoula", "OwnerName_Grouped": "NATURE CONSERVANCY", "OwnerName": "MONTANA CHECKERBOARD LLC", "OwnerAddre": "32 S EWING ST STE 215", "OwnerAdd_1": null, "OwnerAdd_2": null, "OwnerCity": "HELENA", "OwnerState": "MT", "PropType": "Vacant Land", "TotalAcres": 250.76, "BlockID": "8-003", "BlockAcres": 25880.166, "BlockParcelCount": 64 }, "geometry": { "type": "Polygon", "coordinates": [ [ [ -113.793790167089398, 46.825221399648989 ], [ -113.793855193420214, 46.821343102269104 ], [ -113.799273791198843, 46.821524812069363 ], [ -113.799222140565547, 46.823505398590413 ], [ -113.799170386432294, 46.825489792475473 ], [ -113.799068363401133, 46.829444920458513 ], [ -113.804342027396473, 46.829463159611805 ], [ -113.807951739628834, 46.829534293943198 ], [ -113.809591015698473, 46.829566561006885 ], [ -113.809199666450951, 46.834346452349031 ], [ -113.80721987516732, 46.834358674510405 ], [ -113.804783544994834, 46.834366756377079 ], [ -113.804058170835887, 46.834369152617718 ], [ -113.802641343677919, 46.834373820379454 ], [ -113.798920899077103, 46.834385991901613 ], [ -113.797399705556302, 46.834390933651562 ], [ -113.796769704809591, 46.834392943059783 ], [ -113.793784832924629, 46.834101360189912 ], [ -113.793776282167499, 46.832352508839108 ], [ -113.793809267827612, 46.829424453972607 ], [ -113.793806350933977, 46.828789477948078 ], [ -113.793804938217221, 46.828471748413321 ], [ -113.793791215621042, 46.825385761189928 ], [ -113.793790167089398, 46.825221399648989 ] ] ] } },
{ "type": "Feature", "properties": { "CountyName": "Missoula", "OwnerName_Grouped": "NATURE CONSERVANCY", "OwnerName": "MONTANA CHECKERBOARD LLC", "OwnerAddre": "32 S EWING ST STE 215", "OwnerAdd_1": null, "OwnerAdd_2": null, "OwnerCity": "HELENA", "OwnerState": "MT", "PropType": "Vacant Land", "TotalAcres": 591.41, "BlockID": "8-003", "BlockAcres": 25880.166, "BlockParcelCount": 64 }, "geometry": { "type": "Polygon", "coordinates": [ [ [ -113.786901255645574, 46.834673246142245 ], [ -113.78686477368106, 46.834673151144194 ], [ -113.786806499488534, 46.834672999264015 ], [ -113.786725748537833, 46.834672788259695 ], [ -113.781756535907661, 46.834659709122853 ], [ -113.781642131750303, 46.8346594061369 ], [ -113.780064011174829, 46.834655205337256 ], [ -113.776589519489875, 46.834645880566157 ], [ -113.776383017063495, 46.834645322654616 ], [ -113.776351643250962, 46.83464523823973 ], [ -113.775398044164447, 46.834642658668777 ], [ -113.773307423608969, 46.834636974686681 ], [ -113.773302319864811, 46.832172590787444 ], [ -113.773320666388884, 46.828582307856941 ], [ -113.7733482527794, 46.825614647849093 ], [ -113.773353837135488, 46.825013839215906 ], [ -113.773437294480246, 46.821374022406232 ], [ -113.773437326860346, 46.821372630289446 ], [ -113.773750820389822, 46.821373345901868 ], [ -113.776792556802533, 46.82138024289295 ], [ -113.776787014819945, 46.821067342788481 ], [ -113.781959192979343, 46.821151176335412 ], [ -113.787131346442635, 46.821234774265506 ], [ -113.793855193420214, 46.821343102269104 ], [ -113.793790167089398, 46.825221399648989 ], [ -113.793791215621042, 46.825385761189928 ], [ -113.793804938217221, 46.828471748413321 ], [ -113.793806350933977, 46.828789477948078 ], [ -113.793809267827612, 46.829424453972607 ], [ -113.793776282167499, 46.832352508839108 ], [ -113.793784832924629, 46.834101360189912 ], [ -113.793782303102233, 46.834630632652335 ], [ -113.793782145534564, 46.834663553731559 ], [ -113.793782014275891, 46.83469098856331 ], [ -113.792150492934795, 46.834686815848542 ], [ -113.790340742773239, 46.834682164443869 ], [ -113.787091808544901, 46.834673742904748 ], [ -113.786932365470079, 46.834673327668042 ], [ -113.786920372971323, 46.834673296294831 ], [ -113.786901255645574, 46.834673246142245 ] ] ] } },
{ "type": "Feature", "properties": { "CountyName": "Missoula", "OwnerName_Grouped": "NATURE CONSERVANCY", "OwnerName": "NATURE CONSERVANCY (THE)", "OwnerAddre": "32 S EWING ST", "OwnerAdd_1": null, "OwnerAdd_2": null, "OwnerCity": "HELENA", "OwnerState": "MT", "PropType": "Vacant Land", "TotalAcres": 6.44, "BlockID": "8-029", "BlockAcres": 6.44, "BlockParcelCount": 1 }, "geometry": { "type": "Polygon", "coordinates": [ [ [ -113.528921428520931, 46.95401980149375 ], [ -113.526868263437478, 46.95314990845965 ], [ -113.527519194502972, 46.95314801031229 ], [ -113.531665407987305, 46.95313583413536 ], [ -113.532448350607353, 46.953133518400413 ], [ -113.532751820321053, 46.953132618960197 ], [ -113.531797954111653, 46.953619940630958 ], [ -113.531663385052966, 46.95363864839134 ], [ -113.528921428520931, 46.95401980149375 ] ] ] } },
{ "type": "Feature", "properties": { "CountyName": "Missoula", "OwnerName_Grouped": "NATURE CONSERVANCY", "OwnerName": "MONTANA CHECKERBOARD LLC", "OwnerAddre": "32 S EWING ST STE 215", "OwnerAdd_1": null, "OwnerAdd_2": null, "OwnerCity": "HELENA", "OwnerState": "MT", "PropType": "Vacant Land", "TotalAcres": 109.43, "BlockID": "8-001", "BlockAcres": 41451.712, "BlockParcelCount": 84 }, "geometry": { "type": "Polygon", "coordinates": [ [ [ -113.515211765804551, 47.13516823617578 ], [ -113.515211761936683, 47.135165075720039 ], [ -113.515206733472411, 47.131549261906045 ], [ -113.515201701821638, 47.127930284865414 ], [ -113.519062143237875, 47.127927098936858 ], [ -113.519201878262507, 47.127926981178803 ], [ -113.520127100875598, 47.127926197007852 ], [ -113.520407260331055, 47.127925942666856 ], [ -113.520517730342092, 47.127925841826986 ], [ -113.520518843553816, 47.128381808881905 ], [ -113.52051982593477, 47.128785078472518 ], [ -113.520520809579978, 47.129188347083854 ], [ -113.520521724811616, 47.129563446579958 ], [ -113.520522633967502, 47.129936009303748 ], [ -113.520522707497364, 47.129966158200965 ], [ -113.520523360774376, 47.130234157714014 ], [ -113.520524088505354, 47.130532335813861 ], [ -113.520524815135204, 47.13083055178538 ], [ -113.520525543017655, 47.131128731645383 ], [ -113.520526546613269, 47.13154017529601 ], [ -113.522213565868086, 47.131534244581424 ], [ -113.522414126023079, 47.13153353805685 ], [ -113.522436572210012, 47.131573163592428 ], [ -113.522756745405431, 47.131734045308633 ], [ -113.522878541459576, 47.131805952575839 ], [ -113.5230604828064, 47.131913366967268 ], [ -113.523272197396381, 47.132078778729472 ], [ -113.523281009123593, 47.132078751658547 ], [ -113.523604175268119, 47.132365417075427 ], [ -113.524253010518166, 47.132938681990147 ], [ -113.524323244217712, 47.133000735403407 ], [ -113.524403552405431, 47.133075904101446 ], [ -113.524428948986866, 47.133101622538277 ], [ -113.52447172015772, 47.133147374784592 ], [ -113.524515677049536, 47.133198047574169 ], [ -113.524554951123491, 47.133247031781849 ], [ -113.524591840175219, 47.133296872000699 ], [ -113.524629971602465, 47.133353170635587 ], [ -113.524665060015735, 47.13341038337785 ], [ -113.524715482833869, 47.133505136756312 ], [ -113.524757566806542, 47.133601767178554 ], [ -113.52476326642541, 47.133616710501968 ], [ -113.524791879971687, 47.13370237122372 ], [ -113.524813952223866, 47.133788928478673 ], [ -113.524829423873626, 47.133876149811819 ], [ -113.52470947465234, 47.133883871689967 ], [ -113.524711188770013, 47.133896207041573 ], [ -113.524734266215532, 47.134041200350758 ], [ -113.524763131549904, 47.134185710068905 ], [ -113.524797763333069, 47.134329628625302 ], [ -113.524824080848319, 47.134430376271418 ], [ -113.524844578563432, 47.134528787657203 ], [ -113.524854878307139, 47.134627939333832 ], [ -113.524854928966747, 47.134727339805984 ], [ -113.524844730234065, 47.134826496342399 ], [ -113.524824332607992, 47.134924917418246 ], [ -113.524793837145339, 47.135022115151791 ], [ -113.524743068363733, 47.135160021285131 ], [ -113.524618720314905, 47.135160251314687 ], [ -113.520490888217878, 47.135163850048855 ], [ -113.515220090878671, 47.135168229484137 ], [ -113.515211765804551, 47.13516823617578 ] ] ] } },
{ "type": "Feature", "properties": { "CountyName": "Missoula", "OwnerName_Grouped": "NATURE CONSERVANCY", "OwnerName": "MONTANA CHECKERBOARD LLC", "OwnerAddre": "32 S EWING ST STE 215", "OwnerAdd_1": null, "OwnerAdd_2": null, "OwnerCity": "HELENA", "OwnerState": "MT", "PropType": "Vacant Land", "TotalAcres": 320.0, "BlockID": "8-004", "BlockAcres": 13898.35, "BlockParcelCount": 31 }, "geometry": { "type": "Polygon", "coordinates": [ [ [ -113.713239770415356, 46.939247144161278 ], [ -113.713233738121673, 46.93562670976155 ], [ -113.713268479903633, 46.93562650290059 ], [ -113.71359621273858, 46.935624554042462 ], [ -113.718598437976453, 46.935594692095698 ], [ -113.723962980817888, 46.935560862612789 ], [ -113.723898932797809, 46.939225897908464 ], [ -113.723834422969759, 46.942890860425116 ], [ -113.723829431127569, 46.946512311886366 ], [ -113.723823877366982, 46.950133755013212 ], [ -113.718552807799327, 46.950122688380105 ], [ -113.713226113194111, 46.950106669547154 ], [ -113.713232536783096, 46.94774338698668 ], [ -113.713234396593322, 46.947059122830979 ], [ -113.713235950856159, 46.946487036936006 ], [ -113.713231565415924, 46.943858462282492 ], [ -113.713229911229874, 46.942867190005977 ], [ -113.713239770415356, 46.939247144161278 ] ] ] } },
{ "type": "Feature", "properties": { "CountyName": "Missoula", "OwnerName_Grouped": "NATURE CONSERVANCY", "OwnerName": "MONTANA CHECKERBOARD LLC", "OwnerAddre": "32 S EWING ST STE 215", "OwnerAdd_1": null, "OwnerAdd_2": null, "OwnerCity": "HELENA", "OwnerState": "MT", "PropType": "Vacant Land", "TotalAcres": 640.0, "BlockID": "8-004", "BlockAcres": 13898.35, "BlockParcelCount": 31 }, "geometry": { "type": "Polygon", "coordinates": [ [ [ -113.723823877366982, 46.950133755013212 ], [ -113.723829962905256, 46.953751244168622 ], [ -113.723827109510893, 46.957368620885475 ], [ -113.723833193432824, 46.96098605552244 ], [ -113.72383031428231, 46.964603487606901 ], [ -113.718537850427055, 46.964592528305282 ], [ -113.713245100587315, 46.964579434716192 ], [ -113.707952755216098, 46.964568480031822 ], [ -113.702659887310247, 46.964555408768994 ], [ -113.702665069968063, 46.960936482215644 ], [ -113.702644131554436, 46.957317482023782 ], [ -113.702649302067698, 46.953698593223137 ], [ -113.702628348745492, 46.950079584169316 ], [ -113.707933820470544, 46.950096151328637 ], [ -113.709125987318018, 46.950098541815869 ], [ -113.713226113194111, 46.950106669547154 ], [ -113.718552807799327, 46.950122688380105 ], [ -113.723823877366982, 46.950133755013212 ] ] ] } },
{ "type": "Feature", "properties": { "CountyName": "Missoula", "OwnerName_Grouped": "NATURE CONSERVANCY", "OwnerName": "MONTANA CHECKERBOARD LLC", "OwnerAddre": "32 S EWING ST STE 215", "OwnerAdd_1": null, "OwnerAdd_2": null, "OwnerCity": "HELENA", "OwnerState": "MT", "PropType": "Vacant Land", "TotalAcres": 560.27, "BlockID": "8-001", "BlockAcres": 41451.712, "BlockParcelCount": 84 }, "geometry": { "type": "Polygon", "coordinates": [ [ [ -113.494016560741869, 47.124554674476514 ], [ -113.494001847833417, 47.120908878139232 ], [ -113.499308577931728, 47.120853252815941 ], [ -113.50150577473012, 47.120835672516655 ], [ -113.502449900564017, 47.120828105153485 ], [ -113.503986528984782, 47.120815772850079 ], [ -113.50425492123729, 47.120813616308773 ], [ -113.504535333024918, 47.120811362855768 ], [ -113.504616527236877, 47.120810710508231 ], [ -113.50461641228047, 47.120836897670557 ], [ -113.504616081808138, 47.120927362869665 ], [ -113.504615620627121, 47.121017828126426 ], [ -113.504613068745272, 47.121612890980515 ], [ -113.50461222041541, 47.121805763648325 ], [ -113.504610959207511, 47.122092634441138 ], [ -113.504609699982495, 47.122379479011641 ], [ -113.50460073924593, 47.124418080333442 ], [ -113.506064786996603, 47.124403762575845 ], [ -113.507908857320302, 47.124385701254866 ], [ -113.508899556269824, 47.124375986363674 ], [ -113.509189345747814, 47.124373142862368 ], [ -113.509895180287828, 47.124366214131527 ], [ -113.511190064170876, 47.124353492223328 ], [ -113.513179288750251, 47.124333918759547 ], [ -113.513770946187293, 47.124328090263703 ], [ -113.514553152507787, 47.124320381607333 ], [ -113.515189571456503, 47.124314104151246 ], [ -113.515190719719456, 47.124656671170769 ], [ -113.515191046336781, 47.124754058786927 ], [ -113.515197483023456, 47.126672781981753 ], [ -113.515199722988044, 47.127340438384572 ], [ -113.515201701821638, 47.127930284865414 ], [ -113.515206733472411, 47.131549261906045 ], [ -113.515211761936683, 47.135165075720039 ], [ -113.515211765804551, 47.13516823617578 ], [ -113.509881831746853, 47.135231225021506 ], [ -113.504551886401188, 47.135293965422882 ], [ -113.499233099247746, 47.135341174410158 ], [ -113.493914302655909, 47.135388136034308 ], [ -113.493912664241307, 47.131753023642375 ], [ -113.493911211013611, 47.128119675597794 ], [ -113.494016560741869, 47.124554674476514 ] ] ] } },
{ "type": "Feature", "properties": { "CountyName": "Missoula", "OwnerName_Grouped": "NATURE CONSERVANCY", "OwnerName": "MONTANA CHECKERBOARD LLC", "OwnerAddre": "32 S EWING ST STE 215", "OwnerAdd_1": null, "OwnerAdd_2": null, "OwnerCity": "HELENA", "OwnerState": "MT", "PropType": "Vacant Land", "TotalAcres": 54.22, "BlockID": "8-003", "BlockAcres": 25880.166, "BlockParcelCount": 64 }, "geometry": { "type": "Polygon", "coordinates": [ [ [ -113.689308386020087, 46.747300499160765 ], [ -113.689319229873419, 46.74494513551857 ], [ -113.694383501467541, 46.74490481205077 ], [ -113.696895358504364, 46.744884728458366 ], [ -113.696904618032733, 46.746110471132774 ], [ -113.69944425592459, 46.746080818080422 ], [ -113.699425374264806, 46.747297583537446 ], [ -113.694366892472601, 46.747318337819955 ], [ -113.689308209403066, 46.747338909057845 ], [ -113.689308386020087, 46.747300499160765 ] ] ] } },
{ "type": "Feature", "properties": { "CountyName": "Missoula", "OwnerName_Grouped": "NATURE CONSERVANCY", "OwnerName": "MONTANA CHECKERBOARD LLC", "OwnerAddre": "32 S EWING ST STE 215", "OwnerAdd_1": null, "OwnerAdd_2": null, "OwnerCity": "HELENA", "OwnerState": "MT", "PropType": "Vacant Land", "TotalAcres": 414.0, "BlockID": "8-001", "BlockAcres": 41451.712, "BlockParcelCount": 84 }, "geometry": { "type": "Polygon", "coordinates": [ [ [ -113.451592439116936, 47.120907237921784 ], [ -113.451574566394527, 47.119583826790794 ], [ -113.451573234919664, 47.11948542315799 ], [ -113.45168644295677, 47.119447397211864 ], [ -113.45179611568264, 47.119404816697269 ], [ -113.451901860279122, 47.119357834129517 ], [ -113.452003298000662, 47.119306617790805 ], [ -113.452100065531184, 47.119251351127318 ], [ -113.452191816285421, 47.119192232092139 ], [ -113.454895750990218, 47.117342335298709 ], [ -113.456537549393857, 47.116219005200279 ], [ -113.457249429283635, 47.115731909808325 ], [ -113.457149689285316, 47.115672080758635 ], [ -113.457029924499821, 47.115600243204305 ], [ -113.456582258402619, 47.115451939380037 ], [ -113.456530019335759, 47.115428379111052 ], [ -113.455746966166643, 47.115075211754402 ], [ -113.455440598008423, 47.115034781629539 ], [ -113.455361441138464, 47.115020850138016 ], [ -113.455285377639967, 47.115000408912032 ], [ -113.455213551526484, 47.114973765393636 ], [ -113.455147043075669, 47.114941320308667 ], [ -113.455086852580962, 47.114903561639352 ], [ -113.455033885306648, 47.114861057284429 ], [ -113.454988937872542, 47.114814446517343 ], [ -113.454952686273217, 47.114764430371125 ], [ -113.454925675711735, 47.114711761094142 ], [ -113.454908312401074, 47.114657230835888 ], [ -113.454900857456096, 47.114601659732777 ], [ -113.454903422968073, 47.114545883572944 ], [ -113.454915970320769, 47.114490741226042 ], [ -113.454938310772988, 47.114437062026674 ], [ -113.454970108299079, 47.11438565330144 ], [ -113.455010884644324, 47.114337288227112 ], [ -113.455060026519078, 47.114292694202604 ], [ -113.455116794823724, 47.114252541909408 ], [ -113.455445963205378, 47.114046629107179 ], [ -113.455494860320499, 47.114011375118316 ], [ -113.455535967633281, 47.113971757120403 ], [ -113.455568459842354, 47.113928570531549 ], [ -113.455591684618383, 47.113882682415145 ], [ -113.455605175699588, 47.113835014071327 ], [ -113.455608662251166, 47.113786522539492 ], [ -113.455602074300771, 47.113738181383702 ], [ -113.455594667923307, 47.11371331645838 ], [ -113.455584586454293, 47.113688893876905 ], [ -113.455094169764706, 47.112650156038633 ], [ -113.454849302071807, 47.112291669159532 ], [ -113.454412616849595, 47.112008058885664 ], [ -113.454062309542465, 47.111663799481903 ], [ -113.453207963688143, 47.111277733158168 ], [ -113.452878288278541, 47.111051572107968 ], [ -113.452173927930133, 47.110663401400892 ], [ -113.451451096073143, 47.110438124661094 ], [ -113.451448645653571, 47.110256565084761 ], [ -113.451445425334342, 47.11001874275123 ], [ -113.456513610235262, 47.110141341673561 ], [ -113.46191379364079, 47.110134363909147 ], [ -113.467296277981958, 47.110127450682555 ], [ -113.472679106164478, 47.110120188254953 ], [ -113.472676046253468, 47.113733604686402 ], [ -113.472681310244113, 47.117346988615374 ], [ -113.472681864767011, 47.120960396062927 ], [ -113.46731204957959, 47.120970375185308 ], [ -113.461942090902753, 47.120980170997832 ], [ -113.456572371823867, 47.120990053235701 ], [ -113.451592439116936, 47.120907237921784 ] ] ] } },
{ "type": "Feature", "properties": { "CountyName": "Missoula", "OwnerName_Grouped": "NATURE CONSERVANCY", "OwnerName": "MONTANA CHECKERBOARD LLC", "OwnerAddre": "32 S EWING ST STE 215", "OwnerAdd_1": null, "OwnerAdd_2": null, "OwnerCity": "HELENA", "OwnerState": "MT", "PropType": "Vacant Land", "TotalAcres": 240.0, "BlockID": "8-001", "BlockAcres": 41451.712, "BlockParcelCount": 84 }, "geometry": { "type": "Polygon", "coordinates": [ [ [ -113.562522957276926, 47.157017424590379 ], [ -113.567854823412986, 47.157015696502974 ], [ -113.573190866649838, 47.157012503636928 ], [ -113.578525836611249, 47.15701299166593 ], [ -113.578540366510666, 47.160638526351939 ], [ -113.57852709152202, 47.16426404796205 ], [ -113.573195019337618, 47.164269410308712 ], [ -113.567861885455443, 47.164282333268105 ], [ -113.562530350208377, 47.164292156211602 ], [ -113.562555249632496, 47.16065487973723 ], [ -113.562522957276926, 47.157017424590379 ] ] ] } },
{ "type": "Feature", "properties": { "CountyName": "Missoula", "OwnerName_Grouped": "NATURE CONSERVANCY", "OwnerName": "MONTANA CHECKERBOARD LLC", "OwnerAddre": "32 S EWING ST STE 215", "OwnerAdd_1": null, "OwnerAdd_2": null, "OwnerCity": "HELENA", "OwnerState": "MT", "PropType": "Vacant Land", "TotalAcres": 622.64, "BlockID": "8-001", "BlockAcres": 41451.712, "BlockParcelCount": 84 }, "geometry": { "type": "Polygon", "coordinates": [ [ [ -113.557231299990846, 47.160659025025865 ], [ -113.557196679714238, 47.164300647177384 ], [ -113.552490018173728, 47.164306375357192 ], [ -113.547173120618353, 47.164318063951065 ], [ -113.541870926713543, 47.164334092955784 ], [ -113.536481232512131, 47.164161499604702 ], [ -113.536549996519028, 47.16070889556719 ], [ -113.536547129087793, 47.157063355052081 ], [ -113.536524784073805, 47.153417808435805 ], [ -113.536525036910646, 47.149772250616792 ], [ -113.541828053148961, 47.149766537399955 ], [ -113.54713165672095, 47.149762295172344 ], [ -113.552447963329215, 47.149763383063295 ], [ -113.557170942446263, 47.149767154263493 ], [ -113.557195458438045, 47.151677806351849 ], [ -113.557217458437336, 47.153392275355785 ], [ -113.557189005096021, 47.157017399882257 ], [ -113.557231299990846, 47.160659025025865 ] ] ] } },
{ "type": "Feature", "properties": { "CountyName": "Missoula", "OwnerName_Grouped": "NATURE CONSERVANCY", "OwnerName": "MONTANA CHECKERBOARD LLC", "OwnerAddre": "32 S EWING ST STE 215", "OwnerAdd_1": null, "OwnerAdd_2": null, "OwnerCity": "HELENA", "OwnerState": "MT", "PropType": "Vacant Land", "TotalAcres": 400.421, "BlockID": "8-001", "BlockAcres": 41451.712, "BlockParcelCount": 84 }, "geometry": { "type": "Polygon", "coordinates": [ [ [ -113.494001847833417, 47.120908878139232 ], [ -113.493958222755666, 47.117228450529758 ], [ -113.493811592117183, 47.113542538272284 ], [ -113.493899726705337, 47.109970928387241 ], [ -113.49389292601478, 47.106392458628655 ], [ -113.499347709200492, 47.106286991903616 ], [ -113.504802472093743, 47.106181264861846 ], [ -113.509975830008429, 47.106142889034345 ], [ -113.51514918054346, 47.106104280807195 ], [ -113.515149636606807, 47.106208435189153 ], [ -113.515150869946766, 47.10649026126169 ], [ -113.515152030045329, 47.106755373890373 ], [ -113.515152765491379, 47.106923337192889 ], [ -113.515153601501794, 47.107114349499639 ], [ -113.515157697367215, 47.108050478157978 ], [ -113.515149494131776, 47.108056195416061 ], [ -113.51424412428257, 47.108687196087594 ], [ -113.514100449957198, 47.108787327910733 ], [ -113.513912882727254, 47.10891805036961 ], [ -113.512725729899302, 47.109745395849096 ], [ -113.511226519954988, 47.109763115129923 ], [ -113.511099138490138, 47.10976462023762 ], [ -113.511060388100361, 47.109857430906608 ], [ -113.511030590811728, 47.109951770070055 ], [ -113.511009873679683, 47.110047235617067 ], [ -113.510865687380729, 47.110906392304919 ], [ -113.51083919608952, 47.111042096412874 ], [ -113.510805400825717, 47.111177042232427 ], [ -113.510764347404702, 47.111311046601067 ], [ -113.51066646880399, 47.111603547389144 ], [ -113.510637464583141, 47.111677561774201 ], [ -113.510600618182224, 47.111749931962123 ], [ -113.510556126453949, 47.111820271252036 ], [ -113.510504227105599, 47.111888203793377 ], [ -113.510445197429291, 47.11195336659442 ], [ -113.510379352820905, 47.112015411461996 ], [ -113.510307045095075, 47.112074006862294 ], [ -113.509949761909425, 47.112343155582188 ], [ -113.509949245097573, 47.112465982662378 ], [ -113.509946872248463, 47.11285980895596 ], [ -113.509945877223359, 47.113025019323203 ], [ -113.509944518518864, 47.11333548196562 ], [ -113.509819468187331, 47.113337421517684 ], [ -113.509694496932582, 47.113333819329618 ], [ -113.509626882436734, 47.113333614393426 ], [ -113.509559891660572, 47.113339872944437 ], [ -113.509494843806252, 47.113352471737436 ], [ -113.50944447361303, 47.113361809801731 ], [ -113.509392553070001, 47.11336545554714 ], [ -113.509351389834308, 47.113364256675453 ], [ -113.509310790015974, 47.113359470619393 ], [ -113.509121578571907, 47.113328490853661 ], [ -113.509039820409953, 47.113318648615341 ], [ -113.50895691673189, 47.113315654920662 ], [ -113.508874093857685, 47.113319554052644 ], [ -113.508852234588545, 47.113321500900277 ], [ -113.508789687073715, 47.113335083620598 ], [ -113.508726104960871, 47.113346204563399 ], [ -113.508598035533154, 47.113365958802994 ], [ -113.508601654110592, 47.113281103707628 ], [ -113.508326638244753, 47.113323525793298 ], [ -113.508170226866383, 47.113345512813069 ], [ -113.508012698302238, 47.113363400858702 ], [ -113.507854282967671, 47.113377163765442 ], [ -113.507695212575669, 47.113386781402397 ], [ -113.507515793862169, 47.113392631945793 ], [ -113.50733617256931, 47.113393209355145 ], [ -113.50719480672096, 47.113389952377432 ], [ -113.507053683580878, 47.113383428629653 ], [ -113.506912965092681, 47.113373645598038 ], [ -113.506784831224664, 47.113361868058796 ], [ -113.506620966116529, 47.113348473074474 ], [ -113.506456214941579, 47.113341860966976 ], [ -113.50629117956484, 47.113342055891515 ], [ -113.506126462889313, 47.113349057135956 ], [ -113.50610395239454, 47.113350489085946 ], [ -113.506099983385525, 47.113350744048248 ], [ -113.506081445978666, 47.113351957839079 ], [ -113.505834208454459, 47.11337023268014 ], [ -113.505601450268344, 47.11339099309621 ], [ -113.505599474581658, 47.113391176586838 ], [ -113.505379999644276, 47.113413976603034 ], [ -113.505161245877176, 47.113439805815744 ], [ -113.505073667293942, 47.11345076666862 ], [ -113.504833681636967, 47.113480801046656 ], [ -113.504712842630866, 47.113497457636988 ], [ -113.504708954702608, 47.113497473597945 ], [ -113.504708128271957, 47.113562898705737 ], [ -113.504707875162737, 47.113582892134559 ], [ -113.504598331094712, 47.113601555428751 ], [ -113.50448977567747, 47.113622740616421 ], [ -113.504326557509401, 47.113659710012485 ], [ -113.504314123159446, 47.113662793047673 ], [ -113.504301707168636, 47.11366590968656 ], [ -113.504289309536929, 47.113669059929144 ], [ -113.504276930264098, 47.113672243775468 ], [ -113.50426456935034, 47.113675461225498 ], [ -113.504252228044905, 47.113678711334416 ], [ -113.504239905098359, 47.113681995047067 ], [ -113.504227601827466, 47.113685312317457 ], [ -113.504215318232283, 47.113688663145624 ], [ -113.504203052995877, 47.113692047577565 ], [ -113.504190808684456, 47.113695464622339 ], [ -113.504178584048503, 47.113698915224958 ], [ -113.504154193668526, 47.113705915305765 ], [ -113.504129885805838, 47.113713047682047 ], [ -113.504105626900014, 47.113720322538278 ], [ -113.503840101492955, 47.113800788772735 ], [ -113.50372062626505, 47.113836994597278 ], [ -113.503635623811789, 47.113865836490454 ], [ -113.503549926863926, 47.113901757007355 ], [ -113.503469428355189, 47.113942902140906 ], [ -113.503394809656982, 47.113988923628739 ], [ -113.503326702377365, 47.114039431932852 ], [ -113.503265683014803, 47.114093999536536 ], [ -113.503212268078428, 47.114152164562675 ], [ -113.502816510114258, 47.114630707410512 ], [ -113.502620052084779, 47.114868257736887 ], [ -113.50251513972826, 47.114827820456256 ], [ -113.502120261866168, 47.115305288806532 ], [ -113.502058049064289, 47.115385912545904 ], [ -113.502002820351734, 47.115468872912864 ], [ -113.50195476325824, 47.115553888263776 ], [ -113.501619431659535, 47.116202771257825 ], [ -113.501588168679632, 47.116272206629148 ], [ -113.501565334691719, 47.116343155599189 ], [ -113.501551082911917, 47.116415142205071 ], [ -113.501545508983753, 47.116487683521001 ], [ -113.501548650335678, 47.116560292897987 ], [ -113.501560485929005, 47.11663248322845 ], [ -113.501580936398042, 47.116703770214095 ], [ -113.501609864581738, 47.11677367561493 ], [ -113.501647076442779, 47.116841730457701 ], [ -113.501693786897619, 47.116917530930863 ], [ -113.501594939138755, 47.116969202797691 ], [ -113.501126247392435, 47.117214211588802 ], [ -113.499888936675106, 47.117860992326072 ], [ -113.500572018877193, 47.119764641565894 ], [ -113.500600794731298, 47.119844838983617 ], [ -113.501997363967959, 47.119700606450209 ], [ -113.502107735588723, 47.11969506259917 ], [ -113.502218398156032, 47.119695940136538 ], [ -113.502328551313283, 47.119703232715587 ], [ -113.502437398387571, 47.119716887593377 ], [ -113.502544152150733, 47.119736806012178 ], [ -113.502648040512113, 47.119762843913563 ], [ -113.5027483121019, 47.119794812980196 ], [ -113.502844241704793, 47.119832481997619 ], [ -113.502935135504444, 47.119875578526255 ], [ -113.503020336101272, 47.119923790871638 ], [ -113.503099227266716, 47.119976770338383 ], [ -113.503171238400157, 47.120034133751822 ], [ -113.503235848655905, 47.120095466229195 ], [ -113.503563449025435, 47.120436125177385 ], [ -113.503628426291129, 47.120498157083269 ], [ -113.503700430560684, 47.120556462170555 ], [ -113.50377900500304, 47.120610670504831 ], [ -113.503863651096125, 47.120660438143688 ], [ -113.503953831789644, 47.12070544931926 ], [ -113.504048974912692, 47.120745418441935 ], [ -113.504148476804176, 47.120780091912664 ], [ -113.50425492123729, 47.120813616308773 ], [ -113.503986528984782, 47.120815772850079 ], [ -113.502449900564017, 47.120828105153485 ], [ -113.50150577473012, 47.120835672516655 ], [ -113.499308577931728, 47.120853252815941 ], [ -113.494001847833417, 47.120908878139232 ] ], [ [ -113.497837587276251, 47.110277028699102 ], [ -113.498081852352726, 47.110203398060982 ], [ -113.49805407649724, 47.110054891697274 ], [ -113.498038421277684, 47.109971194554703 ], [ -113.497388220549112, 47.109928765961705 ], [ -113.497214677310225, 47.10991744052545 ], [ -113.497094661872822, 47.109909608745077 ], [ -113.497091999148822, 47.109932350097111 ], [ -113.496999925846083, 47.110718523187977 ], [ -113.496992185848399, 47.110822701074454 ], [ -113.496993337301205, 47.11092700992311 ], [ -113.497003376355224, 47.111031096329661 ], [ -113.49702226904914, 47.111134607641382 ], [ -113.497141409250133, 47.111122058435633 ], [ -113.497837587276251, 47.110277028699102 ] ] ] } },
{ "type": "Feature", "properties": { "CountyName": "Missoula", "OwnerName_Grouped": "NATURE CONSERVANCY", "OwnerName": "MONTANA CHECKERBOARD LLC", "OwnerAddre": "32 S EWING ST STE 215", "OwnerAdd_1": null, "OwnerAdd_2": null, "OwnerCity": "HELENA", "OwnerState": "MT", "PropType": "Vacant Land", "TotalAcres": 160.0, "BlockID": "8-003", "BlockAcres": 25880.166, "BlockParcelCount": 64 }, "geometry": { "type": "Polygon", "coordinates": [ [ [ -113.544961188476279, 46.769959749857776 ], [ -113.545021489888711, 46.76632962368808 ], [ -113.547627139709064, 46.766333284071472 ], [ -113.550254305987707, 46.766336914640512 ], [ -113.552875318455293, 46.76633770234519 ], [ -113.553377977186088, 46.766337846295691 ], [ -113.555515375517345, 46.766338435691544 ], [ -113.555500169734003, 46.769960749848579 ], [ -113.555490808237323, 46.771865899704039 ], [ -113.555482369022201, 46.773583784091478 ], [ -113.550209866754969, 46.773588650886218 ], [ -113.544965618292593, 46.773590001886021 ], [ -113.544961188476279, 46.769959749857776 ] ] ] } },
{ "type": "Feature", "properties": { "CountyName": "Missoula", "OwnerName_Grouped": "NATURE CONSERVANCY", "OwnerName": "MONTANA CHECKERBOARD LLC", "OwnerAddre": "32 S EWING ST STE 215", "OwnerAdd_1": null, "OwnerAdd_2": null, "OwnerCity": "HELENA", "OwnerState": "MT", "PropType": "Vacant Land", "TotalAcres": 80.0, "BlockID": "8-003", "BlockAcres": 25880.166, "BlockParcelCount": 64 }, "geometry": { "type": "Polygon", "coordinates": [ [ [ -113.545049814421859, 46.760644776026638 ], [ -113.545075696279767, 46.759070160397791 ], [ -113.550297872871738, 46.759085799430217 ], [ -113.550607071712662, 46.759086207891457 ], [ -113.551455323326081, 46.759087322992052 ], [ -113.55554835495056, 46.75909261485635 ], [ -113.555547233840826, 46.759359229664504 ], [ -113.55554111524232, 46.760814217301615 ], [ -113.555533120154834, 46.762715307778365 ], [ -113.552884845977431, 46.762713294537903 ], [ -113.551992647583276, 46.76271260259464 ], [ -113.550245752224484, 46.762711226740088 ], [ -113.547797558325783, 46.762705933923883 ], [ -113.547635790281376, 46.762705582042408 ], [ -113.545016032477108, 46.762699856022152 ], [ -113.545034788639924, 46.761558844993722 ], [ -113.545049814421859, 46.760644776026638 ] ] ] } },
{ "type": "Feature", "properties": { "CountyName": "Missoula", "OwnerName_Grouped": "NATURE CONSERVANCY", "OwnerName": "MONTANA CHECKERBOARD LLC", "OwnerAddre": "32 S EWING ST STE 215", "OwnerAdd_1": null, "OwnerAdd_2": null, "OwnerCity": "HELENA", "OwnerState": "MT", "PropType": "Vacant Land", "TotalAcres": 554.36, "BlockID": "8-003", "BlockAcres": 25880.166, "BlockParcelCount": 64 }, "geometry": { "type": "Polygon", "coordinates": [ [ [ -113.649961002182721, 46.748345386545409 ], [ -113.649996618132121, 46.744761295969916 ], [ -113.655255662068285, 46.744780217174991 ], [ -113.660507998223338, 46.744798871432884 ], [ -113.665776958388761, 46.744793652610397 ], [ -113.668219118809745, 46.744791150384827 ], [ -113.668217369231684, 46.745074028189762 ], [ -113.668160293249812, 46.747422238679739 ], [ -113.668160500098793, 46.747460647470042 ], [ -113.668165555863965, 46.748402470859567 ], [ -113.66816557844767, 46.748407940443101 ], [ -113.668176537857661, 46.751035582981729 ], [ -113.668181171048374, 46.752012287396212 ], [ -113.668184115545031, 46.753100409567537 ], [ -113.668188299258702, 46.754646758390372 ], [ -113.668190926324328, 46.755606404509479 ], [ -113.668205311838179, 46.758264016583965 ], [ -113.668209725442139, 46.7592034703259 ], [ -113.665761797370479, 46.759202993826129 ], [ -113.660521842905553, 46.759195961488523 ], [ -113.655307012981822, 46.759160101461859 ], [ -113.650091076008863, 46.759159534378391 ], [ -113.650015284593209, 46.755562135409768 ], [ -113.649939494291246, 46.751964737258078 ], [ -113.649961002182721, 46.748345386545409 ] ] ] } },
{ "type": "Feature", "properties": { "CountyName": "Missoula", "OwnerName_Grouped": "NATURE CONSERVANCY", "OwnerName": "MONTANA CHECKERBOARD LLC", "OwnerAddre": "32 S EWING ST STE 215", "OwnerAdd_1": null, "OwnerAdd_2": null, "OwnerCity": "HELENA", "OwnerState": "MT", "PropType": "Vacant Land", "TotalAcres": 745.69, "BlockID": "8-003", "BlockAcres": 25880.166, "BlockParcelCount": 64 }, "geometry": { "type": "Polygon", "coordinates": [ [ [ -113.668250755691318, 46.731042754246346 ], [ -113.668260755271419, 46.730709261165316 ], [ -113.673570670589044, 46.730696874521172 ], [ -113.678881607895065, 46.730685345689089 ], [ -113.68407373521076, 46.730675425199678 ], [ -113.689282970624049, 46.730665234022972 ], [ -113.689318583690991, 46.734241650902511 ], [ -113.689329327692548, 46.735404834220212 ], [ -113.689339571084346, 46.73651331197275 ], [ -113.689349155558887, 46.737566836712425 ], [ -113.689351847243955, 46.737859541169719 ], [ -113.689348584989204, 46.73856815655418 ], [ -113.689344216644798, 46.739517374623325 ], [ -113.689340061806092, 46.740419954398867 ], [ -113.689336094456294, 46.741281639561493 ], [ -113.689335456717913, 46.741420265982619 ], [ -113.689332296631733, 46.742106711449807 ], [ -113.689329383413877, 46.742739520915379 ], [ -113.689319229873419, 46.74494513551857 ], [ -113.689308386020087, 46.747300499160765 ], [ -113.689308209403066, 46.747338909057845 ], [ -113.683981282894294, 46.747370020628367 ], [ -113.678670706818806, 46.747398797310694 ], [ -113.673383632567692, 46.747408173154248 ], [ -113.668168276154589, 46.747422217704845 ], [ -113.668160293249812, 46.747422238679739 ], [ -113.668217369231684, 46.745074028189762 ], [ -113.668219118809745, 46.744791150384827 ], [ -113.668232583075593, 46.741796775609565 ], [ -113.668232802279746, 46.741460863962061 ], [ -113.668250649289959, 46.738238857904101 ], [ -113.668250809652534, 46.737904269704494 ], [ -113.668250702223489, 46.734640811634051 ], [ -113.668250707819027, 46.734303971959719 ], [ -113.668250743035173, 46.731943673914401 ], [ -113.668250755691318, 46.731042754246346 ] ] ] } },
{ "type": "Feature", "properties": { "CountyName": "Missoula", "OwnerName_Grouped": "NATURE CONSERVANCY", "OwnerName": "MONTANA CHECKERBOARD LLC", "OwnerAddre": "32 S EWING ST STE 215", "OwnerAdd_1": null, "OwnerAdd_2": null, "OwnerCity": "HELENA", "OwnerState": "MT", "PropType": "Vacant Land", "TotalAcres": 440.0, "BlockID": "8-003", "BlockAcres": 25880.166, "BlockParcelCount": 64 }, "geometry": { "type": "Polygon", "coordinates": [ [ [ -113.587018668215634, 46.762748380357998 ], [ -113.587025749670943, 46.759128616694127 ], [ -113.59227122034234, 46.759126375570716 ], [ -113.592262779202528, 46.762743302440114 ], [ -113.597506857835299, 46.7627599667928 ], [ -113.597497803337006, 46.766378520979117 ], [ -113.602740913381552, 46.766368939289343 ], [ -113.607983992931707, 46.766387501282402 ], [ -113.607977168887047, 46.768325648777775 ], [ -113.607971262458079, 46.770003345787224 ], [ -113.607960417555617, 46.773619920368716 ], [ -113.602719694782508, 46.77359531628116 ], [ -113.597478946888728, 46.77361424876635 ], [ -113.592238260148463, 46.773589771942454 ], [ -113.586997504563016, 46.773608576078004 ], [ -113.587002373203291, 46.771083924358891 ], [ -113.587004486420625, 46.769988227893776 ], [ -113.587011641238959, 46.76636859588978 ], [ -113.587018668215634, 46.762748380357998 ] ] ] } },
{ "type": "Feature", "properties": { "CountyName": "Missoula", "OwnerName_Grouped": "NATURE CONSERVANCY", "OwnerName": "MONTANA CHECKERBOARD LLC", "OwnerAddre": "32 S EWING ST STE 215", "OwnerAdd_1": null, "OwnerAdd_2": null, "OwnerCity": "HELENA", "OwnerState": "MT", "PropType": "Vacant Land", "TotalAcres": 479.63, "BlockID": "8-003", "BlockAcres": 25880.166, "BlockParcelCount": 64 }, "geometry": { "type": "Polygon", "coordinates": [ [ [ -113.668194630723931, 46.762828507476982 ], [ -113.668201073625738, 46.761881303312471 ], [ -113.673446000814039, 46.761866689916424 ], [ -113.678711985703643, 46.761870172349873 ], [ -113.683984656603741, 46.761851256954081 ], [ -113.689312819168379, 46.761847921336226 ], [ -113.689313175190605, 46.762967282931186 ], [ -113.68929919415757, 46.765473758814466 ], [ -113.689292761090528, 46.766627008368744 ], [ -113.689278966977113, 46.769099421323737 ], [ -113.6892727935046, 46.770206041480435 ], [ -113.689230643316819, 46.772671256048369 ], [ -113.684057488284139, 46.772634681974303 ], [ -113.678873306863267, 46.772629907187429 ], [ -113.674231344951167, 46.772612249072651 ], [ -113.673589222447035, 46.772609792005085 ], [ -113.66814638450164, 46.772615579568509 ], [ -113.668150771743143, 46.77008864049094 ], [ -113.668162038045224, 46.769360502862362 ], [ -113.668167012731985, 46.769038986894245 ], [ -113.668175246282544, 46.766458016898525 ], [ -113.66818088957551, 46.765460145843697 ], [ -113.668190794675837, 46.763563079861299 ], [ -113.668194630723931, 46.762828507476982 ] ] ] } },
{ "type": "Feature", "properties": { "CountyName": "Missoula", "OwnerName_Grouped": "NATURE CONSERVANCY", "OwnerName": "MONTANA CHECKERBOARD LLC", "OwnerAddre": "32 S EWING ST STE 215", "OwnerAdd_1": null, "OwnerAdd_2": null, "OwnerCity": "HELENA", "OwnerState": "MT", "PropType": "Vacant Land", "TotalAcres": 34.06, "BlockID": "8-003", "BlockAcres": 25880.166, "BlockParcelCount": 64 }, "geometry": { "type": "Polygon", "coordinates": [ [ [ -113.665776958388761, 46.744793652610397 ], [ -113.665794941319632, 46.74177866747911 ], [ -113.665762201397669, 46.73821842596756 ], [ -113.668250649289959, 46.738238857904101 ], [ -113.668232802279746, 46.741460863962061 ], [ -113.668232583075593, 46.741796775609565 ], [ -113.668219118809745, 46.744791150384827 ], [ -113.665776958388761, 46.744793652610397 ] ] ] } },
{ "type": "Feature", "properties": { "CountyName": "Missoula", "OwnerName_Grouped": "NATURE CONSERVANCY", "OwnerName": "MONTANA CHECKERBOARD LLC", "OwnerAddre": "32 S EWING ST STE 215", "OwnerAdd_1": null, "OwnerAdd_2": null, "OwnerCity": "HELENA", "OwnerState": "MT", "PropType": "Vacant Land", "TotalAcres": 240.0, "BlockID": "8-003", "BlockAcres": 25880.166, "BlockParcelCount": 64 }, "geometry": { "type": "Polygon", "coordinates": [ [ [ -113.571271601962863, 46.759697481806882 ], [ -113.571272212027182, 46.759109962024368 ], [ -113.57652336754974, 46.759121829669944 ], [ -113.579408265908242, 46.759118975489187 ], [ -113.581774583587475, 46.759116579751407 ], [ -113.587025749670943, 46.759128616694127 ], [ -113.587018668215634, 46.762748380357998 ], [ -113.587011641238959, 46.76636859588978 ], [ -113.58176232716535, 46.766349481400248 ], [ -113.576512978297728, 46.766357923019854 ], [ -113.571263676437269, 46.76633847440646 ], [ -113.57126845989194, 46.762724512295399 ], [ -113.571271601962863, 46.759697481806882 ] ] ] } },
{ "type": "Feature", "properties": { "CountyName": "Missoula", "OwnerName_Grouped": "NATURE CONSERVANCY", "OwnerName": "MONTANA CHECKERBOARD LLC", "OwnerAddre": "32 S EWING ST STE 215", "OwnerAdd_1": null, "OwnerAdd_2": null, "OwnerCity": "HELENA", "OwnerState": "MT", "PropType": "Vacant Land", "TotalAcres": 639.66, "BlockID": "8-003", "BlockAcres": 25880.166, "BlockParcelCount": 64 }, "geometry": { "type": "Polygon", "coordinates": [ [ [ -113.608016089018307, 46.748286971829771 ], [ -113.608019975837024, 46.744664362087036 ], [ -113.613269985869778, 46.744676854673244 ], [ -113.618519994587317, 46.744695376112219 ], [ -113.623769956507559, 46.744707798749531 ], [ -113.629019985378932, 46.744726389323468 ], [ -113.628973391504061, 46.748347167488646 ], [ -113.628931121394416, 46.751968352494281 ], [ -113.628925545200303, 46.755585566238452 ], [ -113.628924302233159, 46.759203128106392 ], [ -113.623695138154247, 46.759181899353337 ], [ -113.621956891454175, 46.759181001598435 ], [ -113.618465949602083, 46.75917911825907 ], [ -113.613236795991241, 46.759157924189225 ], [ -113.608007597142745, 46.759155108090241 ], [ -113.608008915450213, 46.757080797566779 ], [ -113.608009898682084, 46.755532281784326 ], [ -113.608013867782546, 46.751909743733798 ], [ -113.608016064552785, 46.748327326280112 ], [ -113.608016089018307, 46.748286971829771 ] ], [ [ -113.622718247978568, 46.746821112000887 ], [ -113.62261100518927, 46.746705101033697 ], [ -113.622442235444396, 46.746778818715164 ], [ -113.622104694568378, 46.746926253326585 ], [ -113.622319179308334, 46.74715827610683 ], [ -113.622825491161223, 46.746937121966958 ], [ -113.622718247978568, 46.746821112000887 ] ] ] } },
{ "type": "Feature", "properties": { "CountyName": "Missoula", "OwnerName_Grouped": "NATURE CONSERVANCY", "OwnerName": "MONTANA CHECKERBOARD LLC", "OwnerAddre": "32 S EWING ST STE 215", "OwnerAdd_1": null, "OwnerAdd_2": null, "OwnerCity": "HELENA", "OwnerState": "MT", "PropType": "Vacant Land", "TotalAcres": 240.0, "BlockID": "8-003", "BlockAcres": 25880.166, "BlockParcelCount": 64 }, "geometry": { "type": "Polygon", "coordinates": [ [ [ -113.58701488140585, 46.755499439078115 ], [ -113.587004079355793, 46.751870525542493 ], [ -113.592256522424421, 46.751875546265161 ], [ -113.597508960071551, 46.751890620973256 ], [ -113.597512423141353, 46.75551610599797 ], [ -113.602761196481538, 46.755517373215284 ], [ -113.608009898682084, 46.755532281784326 ], [ -113.608008915450213, 46.757080797566779 ], [ -113.608007597142745, 46.759155108090241 ], [ -113.602762149784539, 46.759139426762935 ], [ -113.597516659214264, 46.759141848561036 ], [ -113.59227122034234, 46.759126375570716 ], [ -113.587025749670943, 46.759128616694127 ], [ -113.587024097547797, 46.758576962313406 ], [ -113.58701488140585, 46.755499439078115 ] ] ] } },
{ "type": "Feature", "properties": { "CountyName": "Missoula", "OwnerName_Grouped": "NATURE CONSERVANCY", "OwnerName": "MONTANA CHECKERBOARD LLC", "OwnerAddre": "32 S EWING ST STE 215", "OwnerAdd_1": null, "OwnerAdd_2": null, "OwnerCity": "HELENA", "OwnerState": "MT", "PropType": "Vacant Land", "TotalAcres": 614.4, "BlockID": "8-003", "BlockAcres": 25880.166, "BlockParcelCount": 64 }, "geometry": { "type": "Polygon", "coordinates": [ [ [ -113.629009771642544, 46.734479004451067 ], [ -113.628990141216761, 46.730865968746883 ], [ -113.629174069288553, 46.730865205712909 ], [ -113.62962058560619, 46.730863478073587 ], [ -113.629889685585894, 46.730862436397402 ], [ -113.631994758610887, 46.730854263499729 ], [ -113.634209707857408, 46.730845621541647 ], [ -113.634280513499746, 46.730845369470615 ], [ -113.634716655821265, 46.730844550327653 ], [ -113.635694671547128, 46.730842704507978 ], [ -113.637541905879786, 46.730839196216905 ], [ -113.637642660485, 46.730839003355555 ], [ -113.639494413739811, 46.730835454131942 ], [ -113.639624517113901, 46.730835203326912 ], [ -113.641303980487052, 46.730831879430504 ], [ -113.643019185763606, 46.730828459067887 ], [ -113.644692792582859, 46.730825096492232 ], [ -113.644773496433984, 46.730824920881837 ], [ -113.649901196131808, 46.730877810752183 ], [ -113.649928110901101, 46.733245352500546 ], [ -113.649942180695675, 46.734482898967229 ], [ -113.649983167427592, 46.738087603024205 ], [ -113.649995169932325, 46.741637643484268 ], [ -113.649996618132121, 46.744761295969916 ], [ -113.644738311263623, 46.744738171816373 ], [ -113.639494530242459, 46.744756597235948 ], [ -113.634257153719943, 46.74473825669093 ], [ -113.629019985378932, 46.744726389323468 ], [ -113.62901753245032, 46.741736211060193 ], [ -113.629015443651824, 46.738111123059326 ], [ -113.629009771642544, 46.734479004451067 ] ] ] } },
{ "type": "Feature", "properties": { "CountyName": "Missoula", "OwnerName_Grouped": "NATURE CONSERVANCY", "OwnerName": "MONTANA CHECKERBOARD LLC", "OwnerAddre": "32 S EWING ST STE 215", "OwnerAdd_1": null, "OwnerAdd_2": null, "OwnerCity": "HELENA", "OwnerState": "MT", "PropType": "Vacant Land", "TotalAcres": 560.0, "BlockID": "8-004", "BlockAcres": 13898.35, "BlockParcelCount": 31 }, "geometry": { "type": "Polygon", "coordinates": [ [ [ -113.766046635093986, 46.913898352787015 ], [ -113.766011763567647, 46.917469079491212 ], [ -113.765964548127954, 46.921017715529281 ], [ -113.760714025597977, 46.921050490710421 ], [ -113.755463496606836, 46.921083023842698 ], [ -113.750212961344616, 46.921115316723139 ], [ -113.744962421098691, 46.921147368403837 ], [ -113.744999225061662, 46.917547930866867 ], [ -113.745036024016997, 46.913948490519395 ], [ -113.74505107086847, 46.911319174722664 ], [ -113.74505650262472, 46.910369986802884 ], [ -113.748790670023794, 46.910364835685101 ], [ -113.750325667043626, 46.910362682730593 ], [ -113.755594830075879, 46.910355136643233 ], [ -113.755638507140304, 46.906786390177125 ], [ -113.760883500951124, 46.906791689485587 ], [ -113.766128495774012, 46.906796748087466 ], [ -113.766087567485954, 46.910347551379743 ], [ -113.766046635093986, 46.913898352787015 ] ] ] } },
{ "type": "Feature", "properties": { "CountyName": "Missoula", "OwnerName_Grouped": "NATURE CONSERVANCY", "OwnerName": "MONTANA CHECKERBOARD LLC", "OwnerAddre": "32 S EWING ST STE 215", "OwnerAdd_1": null, "OwnerAdd_2": null, "OwnerCity": "HELENA", "OwnerState": "MT", "PropType": "Vacant Land", "TotalAcres": 603.68, "BlockID": "8-001", "BlockAcres": 41451.712, "BlockParcelCount": 84 }, "geometry": { "type": "Polygon", "coordinates": [ [ [ -113.51524748433593, 47.14970218424601 ], [ -113.515238551927297, 47.146068701975757 ], [ -113.515229621983039, 47.142435215908627 ], [ -113.515220693320558, 47.138801727903015 ], [ -113.515211765804551, 47.13516823617578 ], [ -113.515220090878671, 47.135168229484137 ], [ -113.520490888217878, 47.135163850048855 ], [ -113.524618720314905, 47.135160251314687 ], [ -113.524743068363733, 47.135160021285131 ], [ -113.524630180223795, 47.135466661785451 ], [ -113.524606997603172, 47.135541015926748 ], [ -113.524591822669521, 47.135616325730396 ], [ -113.524584736264558, 47.13569219016545 ], [ -113.524585776158602, 47.135768205245874 ], [ -113.524594936848644, 47.135843966181653 ], [ -113.52462285426337, 47.13600354401197 ], [ -113.524630099789974, 47.136063547403943 ], [ -113.524630892921607, 47.136123751716823 ], [ -113.524626767357432, 47.13622564074371 ], [ -113.524628196375588, 47.136282194904751 ], [ -113.524637046993888, 47.136338434115011 ], [ -113.524653248009713, 47.136393905786143 ], [ -113.524676669066665, 47.136448163505207 ], [ -113.524707121702846, 47.136500770627357 ], [ -113.524823055573364, 47.136677414610865 ], [ -113.524861724178479, 47.136745041257264 ], [ -113.524890498928585, 47.136814927372434 ], [ -113.524909103015929, 47.136886400760119 ], [ -113.525003221266942, 47.137390468790272 ], [ -113.525017660641169, 47.137493628770883 ], [ -113.525022551262481, 47.137597204463169 ], [ -113.525017873662605, 47.137700784734641 ], [ -113.525003646353355, 47.137803958432258 ], [ -113.52495246929611, 47.138081142115929 ], [ -113.524942699126541, 47.13814127189351 ], [ -113.524935560788862, 47.138201573716259 ], [ -113.524918511422072, 47.138379925012586 ], [ -113.524917382562577, 47.138437107382082 ], [ -113.524924988741517, 47.138494058938043 ], [ -113.524941247238232, 47.138550160098852 ], [ -113.524965981201234, 47.138604800532512 ], [ -113.524998921571068, 47.13865738579667 ], [ -113.525039710006482, 47.138707343805812 ], [ -113.525087902781962, 47.138754131055272 ], [ -113.525142975614457, 47.138797238534501 ], [ -113.525204329366588, 47.138836197264922 ], [ -113.525271296564696, 47.138870583402415 ], [ -113.525272474257335, 47.138871120657285 ], [ -113.525349710505594, 47.138902376074107 ], [ -113.525431575541006, 47.138927555813751 ], [ -113.52551704692641, 47.138946345397123 ], [ -113.525833513154822, 47.139002804982539 ], [ -113.526755835942311, 47.13916734789683 ], [ -113.526863085117085, 47.139183276324111 ], [ -113.52697189770177, 47.139193096946173 ], [ -113.527081527912443, 47.139196742454025 ], [ -113.527191224360493, 47.139194187861904 ], [ -113.527300235203285, 47.139185450678632 ], [ -113.52740781329787, 47.139170590787437 ], [ -113.52751322132265, 47.13914971003561 ], [ -113.527615736831507, 47.139122951536265 ], [ -113.527714657205962, 47.139090498687366 ], [ -113.527809304471404, 47.139052573914547 ], [ -113.528223292526334, 47.138870557521528 ], [ -113.528238133019826, 47.138863888980133 ], [ -113.528314115898326, 47.138825043787499 ], [ -113.528383856067038, 47.138781083572717 ], [ -113.528446617286932, 47.138732472428849 ], [ -113.528501737001932, 47.138679723548059 ], [ -113.528548633333244, 47.138623393803442 ], [ -113.528586811221558, 47.138564077869631 ], [ -113.528615867652704, 47.138502401944542 ], [ -113.528635495911104, 47.138439017138388 ], [ -113.528763672673506, 47.137885927132942 ], [ -113.52879275501131, 47.137773184217714 ], [ -113.52882756827151, 47.137661200001546 ], [ -113.528868070264039, 47.137550110082429 ], [ -113.529442999310845, 47.136082620802817 ], [ -113.5295044091053, 47.135918351901971 ], [ -113.529560289225984, 47.135753166337949 ], [ -113.529610610408042, 47.135587150771677 ], [ -113.529733477809543, 47.135156881386322 ], [ -113.529856287370038, 47.135156805321316 ], [ -113.531173001657208, 47.135155985689416 ], [ -113.536470839032333, 47.135144881237764 ], [ -113.536485706042299, 47.13885487751925 ], [ -113.536506915013746, 47.142494312668568 ], [ -113.536504584684565, 47.146133292784036 ], [ -113.536525036910646, 47.149772250616792 ], [ -113.531228576049685, 47.149795320228691 ], [ -113.525938442870867, 47.149817678138739 ], [ -113.520644946436917, 47.149857428920249 ], [ -113.51524748433593, 47.14970218424601 ] ] ] } },
{ "type": "Feature", "properties": { "CountyName": "Missoula", "OwnerName_Grouped": "NATURE CONSERVANCY", "OwnerName": "MONTANA CHECKERBOARD LLC", "OwnerAddre": "32 S EWING ST STE 215", "OwnerAdd_1": null, "OwnerAdd_2": null, "OwnerCity": "HELENA", "OwnerState": "MT", "PropType": "Vacant Land", "TotalAcres": 608.36, "BlockID": "8-003", "BlockAcres": 25880.166, "BlockParcelCount": 64 }, "geometry": { "type": "Polygon", "coordinates": [ [ [ -113.587070587129332, 46.734489494636492 ], [ -113.587176075662711, 46.730945408652921 ], [ -113.587854847571833, 46.730947578702377 ], [ -113.587910086323092, 46.730947755069401 ], [ -113.592380410191467, 46.730950234822636 ], [ -113.593069480282367, 46.730948513573054 ], [ -113.597577478454994, 46.73092761059312 ], [ -113.598204343267483, 46.730924409654349 ], [ -113.60281127693132, 46.73096472359925 ], [ -113.603298286533516, 46.730968165043514 ], [ -113.60805165847033, 46.730967694840288 ], [ -113.608044806926813, 46.734502746267616 ], [ -113.608031880330515, 46.738122817749321 ], [ -113.608024566897086, 46.741741764221594 ], [ -113.608019975837024, 46.744664362087036 ], [ -113.602760561221004, 46.744648713735259 ], [ -113.597501122514899, 46.744638404608807 ], [ -113.592241711288494, 46.744623119849329 ], [ -113.586982270627459, 46.744612446196129 ], [ -113.586973129965813, 46.741744463421483 ], [ -113.586971884772041, 46.74135347197867 ], [ -113.586961669895786, 46.738148280604655 ], [ -113.587068826107895, 46.73454866471922 ], [ -113.587070587129332, 46.734489494636492 ] ] ] } },
{ "type": "Feature", "properties": { "CountyName": "Missoula", "OwnerName_Grouped": "NATURE CONSERVANCY", "OwnerName": "MONTANA CHECKERBOARD LLC", "OwnerAddre": "32 S EWING ST STE 215", "OwnerAdd_1": null, "OwnerAdd_2": null, "OwnerCity": "HELENA", "OwnerState": "MT", "PropType": "Vacant Land", "TotalAcres": 534.74, "BlockID": "8-003", "BlockAcres": 25880.166, "BlockParcelCount": 64 }, "geometry": { "type": "Polygon", "coordinates": [ [ [ -113.555591156488987, 46.738194611688783 ], [ -113.550341456883899, 46.738185161565596 ], [ -113.550328303635482, 46.74179875995803 ], [ -113.550304162410256, 46.74464262097073 ], [ -113.545082151206913, 46.744621083895609 ], [ -113.545085011914765, 46.741776127012265 ], [ -113.54508090758317, 46.741019669460769 ], [ -113.545091805090024, 46.738173569779825 ], [ -113.545092123829221, 46.737412697074191 ], [ -113.545101738137987, 46.734580512950032 ], [ -113.545104302623173, 46.733818616516345 ], [ -113.545113919926337, 46.73098748222224 ], [ -113.545457475523904, 46.730988073909216 ], [ -113.550368201967515, 46.730996421852346 ], [ -113.551517068793984, 46.730993368970708 ], [ -113.555625771501141, 46.730995774501807 ], [ -113.556772995274514, 46.730996819968922 ], [ -113.560875487852655, 46.731004732958574 ], [ -113.56200287242082, 46.730976340822394 ], [ -113.566124004010476, 46.730953605846231 ], [ -113.566106040370641, 46.734590196908897 ], [ -113.56608306305472, 46.738214652998501 ], [ -113.566058895406954, 46.741812627484123 ], [ -113.566039599655042, 46.744653142425676 ], [ -113.560799916236732, 46.744644346431457 ], [ -113.555560193599263, 46.744638018456577 ], [ -113.555573878247657, 46.74179504534316 ], [ -113.555591156488987, 46.738194611688783 ] ] ] } },
{ "type": "Feature", "properties": { "CountyName": "Missoula", "OwnerName_Grouped": "NATURE CONSERVANCY", "OwnerName": "MONTANA CHECKERBOARD LLC", "OwnerAddre": "32 S EWING ST STE 215", "OwnerAdd_1": null, "OwnerAdd_2": null, "OwnerCity": "HELENA", "OwnerState": "MT", "PropType": "Vacant Land", "TotalAcres": 480.0, "BlockID": "8-003", "BlockAcres": 25880.166, "BlockParcelCount": 64 }, "geometry": { "type": "Polygon", "coordinates": [ [ [ -113.566035683090121, 46.748268577839447 ], [ -113.566039599655042, 46.744653142425676 ], [ -113.571275203303401, 46.744652829426052 ], [ -113.576510754880374, 46.744655655838727 ], [ -113.576514242149358, 46.748266665046032 ], [ -113.576514260731258, 46.748290250860755 ], [ -113.576517118090649, 46.751877819294627 ], [ -113.581760593725505, 46.751869444611003 ], [ -113.587004079355793, 46.751870525542493 ], [ -113.58701488140585, 46.755499439078115 ], [ -113.587024097547797, 46.758576962313406 ], [ -113.587025749670943, 46.759128616694127 ], [ -113.581774583587475, 46.759116579751407 ], [ -113.579408265908242, 46.759118975489187 ], [ -113.57652336754974, 46.759121829669944 ], [ -113.571272212027182, 46.759109962024368 ], [ -113.566021012859608, 46.759115041996111 ], [ -113.566022573267233, 46.758075360672485 ], [ -113.566026420605041, 46.755511175929847 ], [ -113.566026438469478, 46.755499442980444 ], [ -113.566030377005717, 46.751884112082543 ], [ -113.56603567282454, 46.748275987855038 ], [ -113.566035683090121, 46.748268577839447 ] ] ] } },
{ "type": "Feature", "properties": { "CountyName": "Missoula", "OwnerName_Grouped": "NATURE CONSERVANCY", "OwnerName": "MONTANA CHECKERBOARD LLC", "OwnerAddre": "32 S EWING ST STE 215", "OwnerAdd_1": null, "OwnerAdd_2": null, "OwnerCity": "HELENA", "OwnerState": "MT", "PropType": "Vacant Land", "TotalAcres": 135.08, "BlockID": "8-003", "BlockAcres": 25880.166, "BlockParcelCount": 64 }, "geometry": { "type": "Polygon", "coordinates": [ [ [ -113.576531994658524, 46.738183999788383 ], [ -113.581753960997034, 46.738169115772742 ], [ -113.581749825220911, 46.741769479967346 ], [ -113.581748625278607, 46.742814052545079 ], [ -113.581748163941896, 46.743216419861255 ], [ -113.581746535156697, 46.744634171034576 ], [ -113.576510754880374, 46.744655655838727 ], [ -113.571275203303401, 46.744652829426052 ], [ -113.566039599655042, 46.744653142425676 ], [ -113.566058895406954, 46.741812627484123 ], [ -113.57128944710395, 46.741802532132638 ], [ -113.576520030145147, 46.741793224765445 ], [ -113.576531994658524, 46.738183999788383 ] ] ] } },
{ "type": "Feature", "properties": { "CountyName": "Missoula", "OwnerName_Grouped": "NATURE CONSERVANCY", "OwnerName": "MONTANA CHECKERBOARD LLC", "OwnerAddre": "32 S EWING ST STE 215", "OwnerAdd_1": null, "OwnerAdd_2": null, "OwnerCity": "HELENA", "OwnerState": "MT", "PropType": "Vacant Land", "TotalAcres": 640.0, "BlockID": "8-001", "BlockAcres": 41451.712, "BlockParcelCount": 84 }, "geometry": { "type": "Polygon", "coordinates": [ [ [ -113.494001847833417, 47.120908878139232 ], [ -113.488672530860015, 47.120914166505777 ], [ -113.483341855964454, 47.120934651638429 ], [ -113.478011867475303, 47.120947619496526 ], [ -113.472681864767011, 47.120960396062927 ], [ -113.472681310244113, 47.117346988615374 ], [ -113.472676046253468, 47.113733604686402 ], [ -113.472679106164478, 47.110120188254953 ], [ -113.472670256939864, 47.106506783562068 ], [ -113.477975997098085, 47.106478225484381 ], [ -113.48328157745614, 47.10644962113296 ], [ -113.48858589707406, 47.106413224160143 ], [ -113.49389292601478, 47.106392458628655 ], [ -113.493899726705337, 47.109970928387241 ], [ -113.493811592117183, 47.113542538272284 ], [ -113.493958222755666, 47.117228450529758 ], [ -113.494001847833417, 47.120908878139232 ] ] ] } },
{ "type": "Feature", "properties": { "CountyName": "Missoula", "OwnerName_Grouped": "NATURE CONSERVANCY", "OwnerName": "MONTANA CHECKERBOARD LLC", "OwnerAddre": "32 S EWING ST STE 215", "OwnerAdd_1": null, "OwnerAdd_2": null, "OwnerCity": "HELENA", "OwnerState": "MT", "PropType": "Vacant Land", "TotalAcres": 120.0, "BlockID": "8-003", "BlockAcres": 25880.166, "BlockParcelCount": 64 }, "geometry": { "type": "Polygon", "coordinates": [ [ [ -113.787251168788913, 46.877880094447072 ], [ -113.787243710724567, 46.881442793335076 ], [ -113.78200674189506, 46.881421883114911 ], [ -113.776744648431361, 46.881440132836545 ], [ -113.771517354684107, 46.881392881769635 ], [ -113.771598356845288, 46.877865740740212 ], [ -113.776449783616371, 46.877870469475944 ], [ -113.776795994532421, 46.877870798587722 ], [ -113.78171518689355, 46.877875291532426 ], [ -113.782064429164393, 46.877875602713111 ], [ -113.786926779283576, 46.877880330289528 ], [ -113.787251168788913, 46.877880094447072 ] ] ] } },
{ "type": "Feature", "properties": { "CountyName": "Missoula", "OwnerName_Grouped": "NATURE CONSERVANCY", "OwnerName": "MONTANA CHECKERBOARD LLC", "OwnerAddre": "32 S EWING ST STE 215", "OwnerAdd_1": null, "OwnerAdd_2": null, "OwnerCity": "HELENA", "OwnerState": "MT", "PropType": "Vacant Land", "TotalAcres": 642.22, "BlockID": "8-001", "BlockAcres": 41451.712, "BlockParcelCount": 84 }, "geometry": { "type": "Polygon", "coordinates": [ [ [ -113.478265201863877, 47.135596128195843 ], [ -113.478088130572743, 47.135596857877211 ], [ -113.472990682198215, 47.135617752746235 ], [ -113.472696400809212, 47.135618042976837 ], [ -113.47269788649038, 47.131805225249785 ], [ -113.472689627804456, 47.128188994555011 ], [ -113.472688148446579, 47.12457470536134 ], [ -113.472681864767011, 47.120960396062927 ], [ -113.478011867475303, 47.120947619496526 ], [ -113.483341855964454, 47.120934651638429 ], [ -113.488672530860015, 47.120914166505777 ], [ -113.494001847833417, 47.120908878139232 ], [ -113.494016560741869, 47.124554674476514 ], [ -113.493911211013611, 47.128119675597794 ], [ -113.493912664241307, 47.131753023642375 ], [ -113.493914302655909, 47.135388136034308 ], [ -113.493919009476272, 47.135531611632615 ], [ -113.488729364802452, 47.13555305424282 ], [ -113.488675459750439, 47.135553275357523 ], [ -113.483539717237647, 47.135574261268864 ], [ -113.483422947350803, 47.135574747555445 ], [ -113.478265201863877, 47.135596128195843 ] ] ] } },
{ "type": "Feature", "properties": { "CountyName": "Missoula", "OwnerName_Grouped": "NATURE CONSERVANCY", "OwnerName": "MONTANA CHECKERBOARD LLC", "OwnerAddre": "32 S EWING ST STE 215", "OwnerAdd_1": null, "OwnerAdd_2": null, "OwnerCity": "HELENA", "OwnerState": "MT", "PropType": "Vacant Land", "TotalAcres": 320.0, "BlockID": "8-001", "BlockAcres": 41451.712, "BlockParcelCount": 84 }, "geometry": { "type": "Polygon", "coordinates": [ [ [ -113.51524748433593, 47.14970218424601 ], [ -113.520644946436917, 47.149857428920249 ], [ -113.525938442870867, 47.149817678138739 ], [ -113.531228576049685, 47.149795320228691 ], [ -113.536525036910646, 47.149772250616792 ], [ -113.536524784073805, 47.153417808435805 ], [ -113.536547129087793, 47.157063355052081 ], [ -113.531267075913689, 47.157129646858216 ], [ -113.525995506059374, 47.157194691163134 ], [ -113.520761595414967, 47.157260822811054 ], [ -113.51553948559652, 47.157325670657649 ], [ -113.515396430802568, 47.153591126463006 ], [ -113.51524748433593, 47.14970218424601 ] ] ] } },
{ "type": "Feature", "properties": { "CountyName": "Missoula", "OwnerName_Grouped": "NATURE CONSERVANCY", "OwnerName": "MONTANA CHECKERBOARD LLC", "OwnerAddre": "32 S EWING ST STE 215", "OwnerAdd_1": null, "OwnerAdd_2": null, "OwnerCity": "HELENA", "OwnerState": "MT", "PropType": "Vacant Land", "TotalAcres": 629.28, "BlockID": "8-003", "BlockAcres": 25880.166, "BlockParcelCount": 64 }, "geometry": { "type": "Polygon", "coordinates": [ [ [ -113.776449783616371, 46.877870469475944 ], [ -113.771598356845288, 46.877865740740212 ], [ -113.77121348101474, 46.877865356656422 ], [ -113.766340786243731, 46.877860384021687 ], [ -113.765939737255266, 46.877859337470348 ], [ -113.765881001435773, 46.874381548190989 ], [ -113.765858076991563, 46.870763667094174 ], [ -113.765862132641487, 46.867145759935234 ], [ -113.765833862952348, 46.863527949217151 ], [ -113.771112659268013, 46.863540066693005 ], [ -113.776390905203414, 46.863555229437573 ], [ -113.781669582869299, 46.863566890587791 ], [ -113.78694794971706, 46.863582483208937 ], [ -113.786949662965569, 46.867202145724143 ], [ -113.786940858792676, 46.870821893405491 ], [ -113.786946356340636, 46.874440730598643 ], [ -113.786926779283576, 46.877880330289528 ], [ -113.782064429164393, 46.877875602713111 ], [ -113.78171518689355, 46.877875291532426 ], [ -113.776795994532421, 46.877870798587722 ], [ -113.776449783616371, 46.877870469475944 ] ] ] } },
{ "type": "Feature", "properties": { "CountyName": "Missoula", "OwnerName_Grouped": "NATURE CONSERVANCY", "OwnerName": "MONTANA CHECKERBOARD LLC", "OwnerAddre": "32 S EWING ST STE 215", "OwnerAdd_1": null, "OwnerAdd_2": null, "OwnerCity": "HELENA", "OwnerState": "MT", "PropType": "Vacant Land", "TotalAcres": 597.71, "BlockID": "8-003", "BlockAcres": 25880.166, "BlockParcelCount": 64 }, "geometry": { "type": "Polygon", "coordinates": [ [ [ -113.786949662965569, 46.867202145724143 ], [ -113.78694794971706, 46.863582483208937 ], [ -113.79222755387589, 46.863581253100442 ], [ -113.797507076204255, 46.863583930391236 ], [ -113.802789299228706, 46.86358489697259 ], [ -113.807004180164299, 46.863584449733786 ], [ -113.807006180492465, 46.863584449934656 ], [ -113.807027708100591, 46.866907054583606 ], [ -113.807028637934593, 46.867209262747409 ], [ -113.80705115159823, 46.870529966312262 ], [ -113.807051233659507, 46.870830272745792 ], [ -113.80706245412415, 46.874150543836834 ], [ -113.807062425369011, 46.874453006055425 ], [ -113.807076394526362, 46.877395038349874 ], [ -113.80707653705214, 46.877412830150028 ], [ -113.807078583515107, 46.877856122892169 ], [ -113.803119399808409, 46.877862458287062 ], [ -113.802788508073903, 46.877862980773635 ], [ -113.797908136820652, 46.877870587553438 ], [ -113.797898458122447, 46.877870596925845 ], [ -113.797567031231651, 46.8778709071929 ], [ -113.792552359485867, 46.877875489603163 ], [ -113.792221677834732, 46.87787578336777 ], [ -113.787251168788913, 46.877880094447072 ], [ -113.786926779283576, 46.877880330289528 ], [ -113.786946356340636, 46.874440730598643 ], [ -113.786940858792676, 46.870821893405491 ], [ -113.786949662965569, 46.867202145724143 ] ] ] } },
{ "type": "Feature", "properties": { "CountyName": "Missoula", "OwnerName_Grouped": "NATURE CONSERVANCY", "OwnerName": "MONTANA CHECKERBOARD LLC", "OwnerAddre": "32 S EWING ST STE 215", "OwnerAdd_1": null, "OwnerAdd_2": null, "OwnerCity": "HELENA", "OwnerState": "MT", "PropType": "Vacant Land", "TotalAcres": 290.68, "BlockID": "8-001", "BlockAcres": 41451.712, "BlockParcelCount": 84 }, "geometry": { "type": "Polygon", "coordinates": [ [ [ -113.525606526809227, 47.00675842945904 ], [ -113.521153966867871, 47.006643003402083 ], [ -113.520272720444794, 47.006619435079735 ], [ -113.515843769039165, 47.006500702557538 ], [ -113.514938942478409, 47.006476828763944 ], [ -113.514955286339301, 47.004735137149339 ], [ -113.514989153610074, 47.001070111419544 ], [ -113.520344757748404, 47.001018184248899 ], [ -113.525699713673603, 47.001019509359253 ], [ -113.531034284670639, 47.000969372889571 ], [ -113.536366293829161, 47.000973294967189 ], [ -113.536308027738912, 47.004637607230968 ], [ -113.536263000385432, 47.007027225603494 ], [ -113.531775020115433, 47.006923244663113 ], [ -113.530934749927283, 47.006900786125584 ], [ -113.526467033513072, 47.006781415174451 ], [ -113.525606526809227, 47.00675842945904 ] ] ] } },
{ "type": "Feature", "properties": { "CountyName": "Missoula", "OwnerName_Grouped": "NATURE CONSERVANCY", "OwnerName": "MONTANA CHECKERBOARD LLC", "OwnerAddre": "32 S EWING ST STE 215", "OwnerAdd_1": null, "OwnerAdd_2": null, "OwnerCity": "HELENA", "OwnerState": "MT", "PropType": "Vacant Land", "TotalAcres": 640.0, "BlockID": "8-001", "BlockAcres": 41451.712, "BlockParcelCount": 84 }, "geometry": { "type": "Polygon", "coordinates": [ [ [ -113.574320382089141, 47.065566774883401 ], [ -113.574327306254361, 47.061935335302955 ], [ -113.574311682984131, 47.058303914914916 ], [ -113.574318633226369, 47.054672488314004 ], [ -113.574303008910007, 47.051041082908021 ], [ -113.57961876322355, 47.051038452624425 ], [ -113.584934090848407, 47.051034467974546 ], [ -113.590249757900153, 47.051031823511401 ], [ -113.59026508549529, 47.054675843405931 ], [ -113.59026854419929, 47.058319791824644 ], [ -113.595587316487084, 47.058324772163964 ], [ -113.595603316635987, 47.061973191633548 ], [ -113.595609486998484, 47.065621661846123 ], [ -113.590287358985961, 47.065607021009896 ], [ -113.584964934207861, 47.065594218506597 ], [ -113.579642860045297, 47.065579627917565 ], [ -113.574320382089141, 47.065566774883401 ] ] ] } },
{ "type": "Feature", "properties": { "CountyName": "Missoula", "OwnerName_Grouped": "NATURE CONSERVANCY", "OwnerName": "MONTANA CHECKERBOARD LLC", "OwnerAddre": "32 S EWING ST STE 215", "OwnerAdd_1": null, "OwnerAdd_2": null, "OwnerCity": "HELENA", "OwnerState": "MT", "PropType": "Vacant Land", "TotalAcres": 6.793, "BlockID": "8-003", "BlockAcres": 25880.166, "BlockParcelCount": 64 }, "geometry": { "type": "Polygon", "coordinates": [ [ [ -113.699463135762613, 46.744864140851718 ], [ -113.69944425592459, 46.746080818080422 ], [ -113.696904618032733, 46.746110471132774 ], [ -113.696895358504364, 46.744884728458366 ], [ -113.699463135762613, 46.744864140851718 ] ] ] } },
{ "type": "Feature", "properties": { "CountyName": "Missoula", "OwnerName_Grouped": "NATURE CONSERVANCY", "OwnerName": "MONTANA CHECKERBOARD LLC", "OwnerAddre": "32 S EWING ST STE 215", "OwnerAdd_1": null, "OwnerAdd_2": null, "OwnerCity": "HELENA", "OwnerState": "MT", "PropType": "Vacant Land", "TotalAcres": 480.0, "BlockID": "8-004", "BlockAcres": 13898.35, "BlockParcelCount": 31 }, "geometry": { "type": "Polygon", "coordinates": [ [ [ -113.70266852270592, 46.931967203812867 ], [ -113.702669067683573, 46.928401378645916 ], [ -113.707939061315827, 46.928386233137886 ], [ -113.713232730652095, 46.928380924857485 ], [ -113.713240228001027, 46.924763566669874 ], [ -113.7132785552797, 46.921101828240204 ], [ -113.714466758258411, 46.921105324836944 ], [ -113.718586550160211, 46.921112384486314 ], [ -113.720371392077439, 46.921115879856771 ], [ -113.72389436579617, 46.921122697374827 ], [ -113.723857693984726, 46.92476254181058 ], [ -113.723820458091922, 46.928401767659423 ], [ -113.723892134534154, 46.931981484033287 ], [ -113.723962980817888, 46.935560862612789 ], [ -113.718598437976453, 46.935594692095698 ], [ -113.71359621273858, 46.935624554042462 ], [ -113.713268479903633, 46.93562650290059 ], [ -113.713233738121673, 46.93562670976155 ], [ -113.707928205321423, 46.935617168468276 ], [ -113.705959734786305, 46.935612840524087 ], [ -113.705944873988173, 46.935612808067631 ], [ -113.702622506652304, 46.935605425805079 ], [ -113.70266852270592, 46.931967203812867 ] ] ] } },
{ "type": "Feature", "properties": { "CountyName": "Missoula", "OwnerName_Grouped": "NATURE CONSERVANCY", "OwnerName": "MONTANA CHECKERBOARD LLC", "OwnerAddre": "32 S EWING ST STE 215", "OwnerAdd_1": null, "OwnerAdd_2": null, "OwnerCity": "HELENA", "OwnerState": "MT", "PropType": "Vacant Land", "TotalAcres": 187.9, "BlockID": "8-004", "BlockAcres": 13898.35, "BlockParcelCount": 31 }, "geometry": { "type": "Polygon", "coordinates": [ [ [ -113.762269159757537, 46.897868308250828 ], [ -113.766214307177023, 46.896339759018296 ], [ -113.766213535054206, 46.896497748129711 ], [ -113.766212887844233, 46.896655687498445 ], [ -113.76620655796232, 46.899551398044657 ], [ -113.766202293104897, 46.901133136791621 ], [ -113.766167528882164, 46.903174074480262 ], [ -113.766128495774012, 46.906796748087466 ], [ -113.760883500951124, 46.906791689485587 ], [ -113.755638507140304, 46.906786390177125 ], [ -113.755661233382483, 46.903169883642477 ], [ -113.753309748458307, 46.90317092730951 ], [ -113.752746968428823, 46.903171169740794 ], [ -113.752904039329465, 46.90306867100562 ], [ -113.753154198859647, 46.902881272126812 ], [ -113.753441582297498, 46.902639062207406 ], [ -113.753847223401777, 46.902249980740741 ], [ -113.754595081165277, 46.901524038637064 ], [ -113.755039899241382, 46.901104999648986 ], [ -113.75537653904901, 46.900828893322874 ], [ -113.755677176461731, 46.90063252333556 ], [ -113.755763853740433, 46.900575907260077 ], [ -113.756300207625159, 46.900257053626873 ], [ -113.756883573044348, 46.899971901138436 ], [ -113.757771990049875, 46.89961964975025 ], [ -113.757943061818125, 46.899553031715456 ], [ -113.759901006102581, 46.898790544931977 ], [ -113.760952897870013, 46.898380913636608 ], [ -113.762269159757537, 46.897868308250828 ] ] ] } },
{ "type": "Feature", "properties": { "CountyName": "Missoula", "OwnerName_Grouped": "NATURE CONSERVANCY", "OwnerName": "MONTANA CHECKERBOARD LLC", "OwnerAddre": "32 S EWING ST STE 215", "OwnerAdd_1": null, "OwnerAdd_2": null, "OwnerCity": "HELENA", "OwnerState": "MT", "PropType": "Vacant Land", "TotalAcres": 409.76, "BlockID": "8-004", "BlockAcres": 13898.35, "BlockParcelCount": 31 }, "geometry": { "type": "Polygon", "coordinates": [ [ [ -113.681577670714006, 46.921083934950211 ], [ -113.681574654658618, 46.917452334387136 ], [ -113.681571640583329, 46.913820718312436 ], [ -113.68156877890587, 46.911189456522663 ], [ -113.681568618045475, 46.911041405029891 ], [ -113.681567703688458, 46.910201111399893 ], [ -113.681565771581631, 46.908334682455887 ], [ -113.682200197383168, 46.908227562774705 ], [ -113.68289543912492, 46.90815494386829 ], [ -113.683570292508193, 46.908119982042301 ], [ -113.684190316381986, 46.908133934106075 ], [ -113.684786734742033, 46.908177330160598 ], [ -113.685562765355741, 46.908271358690108 ], [ -113.686088332524051, 46.908361791409362 ], [ -113.686641719268636, 46.908496515086171 ], [ -113.686661977154642, 46.908502870545306 ], [ -113.687158983772619, 46.908658793195336 ], [ -113.687746263910469, 46.908870969639295 ], [ -113.688272206067509, 46.909099701375141 ], [ -113.688751799091619, 46.909358749452224 ], [ -113.689187029926515, 46.909628963271999 ], [ -113.689592522647203, 46.90991934680293 ], [ -113.690014885247635, 46.910259700040797 ], [ -113.690116183567483, 46.910341328688986 ], [ -113.690191887537893, 46.910405937663711 ], [ -113.691838916914321, 46.911811557918853 ], [ -113.692037772412803, 46.91198039568053 ], [ -113.693630569652029, 46.913332711465991 ], [ -113.693952541114712, 46.913606057896686 ], [ -113.69426015452396, 46.913860486592618 ], [ -113.694722805015019, 46.914243140376328 ], [ -113.695106610002213, 46.914522378983641 ], [ -113.695537141580402, 46.914776049526452 ], [ -113.696174665836978, 46.915050730343644 ], [ -113.696836354198638, 46.915233893464219 ], [ -113.69736326079412, 46.915318089898953 ], [ -113.697576494712834, 46.915352163170688 ], [ -113.69797200287735, 46.915380550617265 ], [ -113.698358521857259, 46.915383031922673 ], [ -113.698809117186741, 46.91535930843358 ], [ -113.699243967058834, 46.915312311886929 ], [ -113.702761959054726, 46.914792465638243 ], [ -113.702742573554588, 46.917504219520595 ], [ -113.702716831567969, 46.92110471350334 ], [ -113.697394680704193, 46.921130937474075 ], [ -113.692159817691106, 46.921123343461836 ], [ -113.68686874160386, 46.92110376167448 ], [ -113.681577670714006, 46.921083934950211 ] ] ] } },
{ "type": "Feature", "properties": { "CountyName": "Missoula", "OwnerName_Grouped": "NATURE CONSERVANCY", "OwnerName": "MONTANA CHECKERBOARD LLC", "OwnerAddre": "32 S EWING ST STE 215", "OwnerAdd_1": null, "OwnerAdd_2": null, "OwnerCity": "HELENA", "OwnerState": "MT", "PropType": "Vacant Land", "TotalAcres": 183.09, "BlockID": "8-003", "BlockAcres": 25880.166, "BlockParcelCount": 64 }, "geometry": { "type": "MultiPolygon", "coordinates": [ [ [ [ -113.79434190046193, 46.815533844967653 ], [ -113.793047284944379, 46.814727650221265 ], [ -113.794404072468637, 46.814791669621947 ], [ -113.794359556327763, 46.815323079886483 ], [ -113.79434190046193, 46.815533844967653 ] ] ], [ [ [ -113.78202479709563, 46.817675517513237 ], [ -113.782090199634027, 46.814210052506894 ], [ -113.78278556965806, 46.814242932365822 ], [ -113.782888943460961, 46.814247819801331 ], [ -113.783366178969501, 46.814270381808981 ], [ -113.783530646456697, 46.814278156834277 ], [ -113.787303806319088, 46.81445646609771 ], [ -113.789354711393372, 46.814553335068162 ], [ -113.789419996340001, 46.814704716352686 ], [ -113.789495155980347, 46.81485392315787 ], [ -113.789580037559318, 46.815000652072897 ], [ -113.789674468548242, 46.815144604723258 ], [ -113.78977825699512, 46.815285488377675 ], [ -113.78989119191445, 46.815423016543399 ], [ -113.790013043715788, 46.815556909549137 ], [ -113.790143564670203, 46.815686895113828 ], [ -113.790282489413684, 46.815812708900545 ], [ -113.790429535486439, 46.815934095054189 ], [ -113.790584403907076, 46.816050806722018 ], [ -113.790746779780349, 46.816162606555899 ], [ -113.790916332937442, 46.816269267195018 ], [ -113.79185791713796, 46.817011567760979 ], [ -113.79200667926456, 46.817122530491645 ], [ -113.792148026979476, 46.817237970787573 ], [ -113.792281674603416, 46.81735765537077 ], [ -113.792407352011779, 46.817481342384966 ], [ -113.792524805180719, 46.817608781884147 ], [ -113.792633796700756, 46.817739716337542 ], [ -113.79273410625693, 46.817873881149829 ], [ -113.792804363434499, 46.817977765673412 ], [ -113.79286941377498, 46.818083236100215 ], [ -113.792936523224924, 46.818205819714656 ], [ -113.793011895197026, 46.81832611922956 ], [ -113.793095365420129, 46.818443872367936 ], [ -113.793186751963759, 46.81855882240275 ], [ -113.793285855634423, 46.818670718716717 ], [ -113.793392460409493, 46.818779317348756 ], [ -113.793506333907942, 46.81888438152621 ], [ -113.793627227896749, 46.81898568218098 ], [ -113.793754878831834, 46.819082998449197 ], [ -113.793889008432544, 46.819176118152953 ], [ -113.794029324288232, 46.819264838262967 ], [ -113.793855193420214, 46.821343102269104 ], [ -113.787131346442635, 46.821234774265506 ], [ -113.781959192979343, 46.821151176335412 ], [ -113.7820100958415, 46.818454440411713 ], [ -113.78202479709563, 46.817675517513237 ] ] ] ] } },
{ "type": "Feature", "properties": { "CountyName": "Missoula", "OwnerName_Grouped": "NATURE CONSERVANCY", "OwnerName": "MONTANA CHECKERBOARD LLC", "OwnerAddre": "32 S EWING ST STE 215", "OwnerAdd_1": null, "OwnerAdd_2": null, "OwnerCity": "HELENA", "OwnerState": "MT", "PropType": "Vacant Land", "TotalAcres": 280.0, "BlockID": "8-004", "BlockAcres": 13898.35, "BlockParcelCount": 31 }, "geometry": { "type": "Polygon", "coordinates": [ [ [ -113.692095140491247, 47.040413711459422 ], [ -113.692081555914797, 47.036770775520331 ], [ -113.697408165971495, 47.036771782241424 ], [ -113.702734113102125, 47.036763462882455 ], [ -113.702730423288088, 47.040399330178467 ], [ -113.70270065766789, 47.04403492651322 ], [ -113.702697137190782, 47.04767078081138 ], [ -113.702667204371323, 47.051306388955204 ], [ -113.697362937222849, 47.05132634367137 ], [ -113.697390102883645, 47.047687853709427 ], [ -113.692083716252824, 47.047698770294673 ], [ -113.692069796947578, 47.044056376952483 ], [ -113.692095140491247, 47.040413711459422 ] ] ] } },
{ "type": "Feature", "properties": { "CountyName": "Missoula", "OwnerName_Grouped": "NATURE CONSERVANCY", "OwnerName": "MONTANA CHECKERBOARD LLC", "OwnerAddre": "32 S EWING ST STE 215", "OwnerAdd_1": null, "OwnerAdd_2": null, "OwnerCity": "HELENA", "OwnerState": "MT", "PropType": "Vacant Land", "TotalAcres": 373.79, "BlockID": "8-003", "BlockAcres": 25880.166, "BlockParcelCount": 64 }, "geometry": { "type": "Polygon", "coordinates": [ [ [ -113.689313175190605, 46.762967282931186 ], [ -113.689312819168379, 46.761847921336226 ], [ -113.689312011974266, 46.759305925210228 ], [ -113.689311667027184, 46.758223526653914 ], [ -113.689310845546302, 46.755638225969918 ], [ -113.689310504763569, 46.754564938039771 ], [ -113.689309529784111, 46.751494466899672 ], [ -113.689309363714557, 46.750973073058482 ], [ -113.689308209403066, 46.747338909057845 ], [ -113.694366892472601, 46.747318337819955 ], [ -113.699425374264806, 46.747297583537446 ], [ -113.699870635664567, 46.747298098867255 ], [ -113.703945129803273, 46.747302737244922 ], [ -113.704262702154367, 46.747303092287929 ], [ -113.704711451831045, 46.74814685800645 ], [ -113.704765902028342, 46.748249237052988 ], [ -113.704939621456504, 46.748575864972786 ], [ -113.705056817085506, 46.748796208017069 ], [ -113.705245690049779, 46.749027308780924 ], [ -113.705238162076569, 46.750434204621172 ], [ -113.705019978228563, 46.750434214330873 ], [ -113.702306553357587, 46.750434298546061 ], [ -113.699882587228572, 46.750434318787455 ], [ -113.699885790943014, 46.751274994277829 ], [ -113.699886510387969, 46.751463705887119 ], [ -113.699888281070628, 46.751846251165176 ], [ -113.699889672167188, 46.752191169350027 ], [ -113.69989159066148, 46.752666716216041 ], [ -113.699894425122281, 46.753369631543706 ], [ -113.699900190049945, 46.754798873885328 ], [ -113.699901038185573, 46.755009066177429 ], [ -113.69990265091532, 46.755397176921001 ], [ -113.699903511896053, 46.755612672496 ], [ -113.699904309183992, 46.75581561317712 ], [ -113.699905002573587, 46.755991863977108 ], [ -113.699928308013739, 46.758475163182553 ], [ -113.699935897522877, 46.75928385999503 ], [ -113.699943858572269, 46.760137751252728 ], [ -113.699950277176512, 46.760815973791097 ], [ -113.699958627283351, 46.761698150553556 ], [ -113.699962344994944, 46.762090867935036 ], [ -113.699962524414289, 46.762109875189118 ], [ -113.699962703763532, 46.762128881544406 ], [ -113.699965590631635, 46.762433792033143 ], [ -113.699965770053268, 46.762452799286606 ], [ -113.699965949475015, 46.762471806540006 ], [ -113.699971153161954, 46.763021460161944 ], [ -113.699585069250872, 46.763019515148294 ], [ -113.69459780625931, 46.762994270895852 ], [ -113.689313175190605, 46.762967282931186 ] ] ] } },
{ "type": "Feature", "properties": { "CountyName": "Missoula", "OwnerName_Grouped": "NATURE CONSERVANCY", "OwnerName": "MONTANA CHECKERBOARD LLC", "OwnerAddre": "32 S EWING ST STE 215", "OwnerAdd_1": null, "OwnerAdd_2": null, "OwnerCity": "HELENA", "OwnerState": "MT", "PropType": "Vacant Land", "TotalAcres": 565.34, "BlockID": "8-003", "BlockAcres": 25880.166, "BlockParcelCount": 64 }, "geometry": { "type": "Polygon", "coordinates": [ [ [ -113.741973888118736, 46.819638341088634 ], [ -113.736675124825084, 46.819614830782527 ], [ -113.731369478711613, 46.819597156732755 ], [ -113.731393855515194, 46.816011068838868 ], [ -113.731420107161412, 46.812425070172964 ], [ -113.731429942737208, 46.808823644343541 ], [ -113.731432564655535, 46.806846996904113 ], [ -113.733005478739244, 46.806845617782585 ], [ -113.736734504172361, 46.806857854340002 ], [ -113.738240618849915, 46.806862798486215 ], [ -113.738497761049075, 46.806863641037275 ], [ -113.742036414915802, 46.806875240595268 ], [ -113.743981106683393, 46.806862851847349 ], [ -113.747318495476819, 46.806867112054626 ], [ -113.749486016099468, 46.80686982615368 ], [ -113.752584621051312, 46.806873635211872 ], [ -113.75255776049876, 46.808693783327676 ], [ -113.752555942782124, 46.808816995381214 ], [ -113.752530879926098, 46.810515227073878 ], [ -113.752502589998301, 46.812431993553297 ], [ -113.752500260748505, 46.812589831771952 ], [ -113.752499416004298, 46.812647032860973 ], [ -113.752484661766729, 46.81364669414198 ], [ -113.752483582552713, 46.813704748596912 ], [ -113.752481533222493, 46.813848741421964 ], [ -113.752477527301977, 46.814130036904842 ], [ -113.752470056770107, 46.814458212639792 ], [ -113.752469881003435, 46.814465944326166 ], [ -113.752467501631017, 46.81457047196956 ], [ -113.752466724910192, 46.814612311290908 ], [ -113.752436794858482, 46.815948556279281 ], [ -113.752434712163677, 46.816041540126591 ], [ -113.752412898453215, 46.817015347600694 ], [ -113.752396059318158, 46.817767104113905 ], [ -113.752395026874737, 46.817813394226498 ], [ -113.752382515227282, 46.818374497732584 ], [ -113.752381581944888, 46.81841633475829 ], [ -113.752369037462174, 46.818978951110367 ], [ -113.752369006843438, 46.818980355755315 ], [ -113.752368481112725, 46.819004965059584 ], [ -113.75236844561276, 46.819006374393673 ], [ -113.752355591735991, 46.81958188886076 ], [ -113.752355553999593, 46.819583535350233 ], [ -113.752355314127485, 46.819594322513389 ], [ -113.752353885826352, 46.819658370825991 ], [ -113.75234787965654, 46.819658356009363 ], [ -113.752321913678742, 46.819658290735561 ], [ -113.752315945620296, 46.819658276298306 ], [ -113.752114211303791, 46.819657774594646 ], [ -113.752108487482047, 46.819657760050063 ], [ -113.747260722652172, 46.81964558478149 ], [ -113.741973888118736, 46.819638341088634 ] ] ] } },
{ "type": "Feature", "properties": { "CountyName": "Cascade", "OwnerName_Grouped": "NATURE CONSERVANCY", "OwnerName": "NATURE CONSERVANCY", "OwnerAddre": "32 S EWING ST FL 2", "OwnerAdd_1": null, "OwnerAdd_2": null, "OwnerCity": "HELENA", "OwnerState": "MT", "PropType": "Vacant Land", "TotalAcres": 376.6, "BlockID": "8-022", "BlockAcres": 376.6, "BlockParcelCount": 1 }, "geometry": { "type": "Polygon", "coordinates": [ [ [ -111.922668810852116, 47.436967134429352 ], [ -111.922658792175142, 47.433352345140996 ], [ -111.922648776473579, 47.42973755815455 ], [ -111.922628757757224, 47.426125990923865 ], [ -111.928001242129852, 47.426109255123748 ], [ -111.933373735154859, 47.426092242879342 ], [ -111.933385532681498, 47.422832504971808 ], [ -111.934042317826865, 47.423176804134378 ], [ -111.935928078225373, 47.427382270629323 ], [ -111.937792784949636, 47.431305372922822 ], [ -111.940102614453181, 47.430651015965658 ], [ -111.94102481901038, 47.431814647431693 ], [ -111.940987524286868, 47.436970868334278 ], [ -111.938666820819577, 47.436965481126528 ], [ -111.933334137425362, 47.436966021931617 ], [ -111.928001453187193, 47.436966590139434 ], [ -111.922668810852116, 47.436967134429352 ] ] ] } }
]
}
