PARCELID,TaxYear,PropertyID,Assessment,PropType,CountyName,OwnerName,TotalAcres,OwnerAddre,OwnerAdd_1,OwnerAdd_2,OwnerCity,OwnerState,OwnerZipCo,DbaName,CareOfTaxp,normalized_owner_name,normalized_owner_address,match_reason,confidence
46137423401010000,2026,1337157,0001454482,Vacant Land,Granite,MOUNTAIN LION LLC,252.394,PO BOX 16630,,,MISSOULA,MT,59808-6630,,,MOUNTAIN LION LLC,PO BOX 16630 MISSOULA MT 59808 6630,normalized mailing address matches Washington Companies HQ,address_candidate
02256030301010000,2026,139623,0004346300,Vacant Land,Cascade,MOUNTAIN LION LLC,166.91,PO BOX 16630,,,MISSOULA,MT,59808-6630,,,MOUNTAIN LION LLC,PO BOX 16630 MISSOULA MT 59808 6630,normalized mailing address matches Washington Companies HQ,address_candidate
30137625301150000,2026,1283762,0000524350,Mining Claim,Deer Lodge,MOUNTAIN LION LLC,96.29,PO BOX 16630,,,MISSOULA,MT,59808,,,MOUNTAIN LION LLC,PO BOX 16630 MISSOULA MT 59808,normalized mailing address matches Washington Companies HQ,address_candidate
02256030304010000,2026,147702,0006004000,Vacant Land,Cascade,MOUNTAIN LION LLC,73.09,PO BOX 16630,,,MISSOULA,MT,59808-6630,,,MOUNTAIN LION LLC,PO BOX 16630 MISSOULA MT 59808 6630,normalized mailing address matches Washington Companies HQ,address_candidate
04197526102010000,2026,374526,0006002986,Vacant Land,Missoula,MOUNTAIN LION LLC,61.34,101 INTERNATIONAL DR,ATTN: JOHNNA EISENMANN,,MISSOULA,MT,59808-1549,,,MOUNTAIN LION LLC,101 INTERNATIONAL DR ATTN JOHNNA EISENMANN MISSOULA MT 59808 1549,normalized mailing address matches Washington Companies HQ,address_candidate
04197523401010000,2026,370501,0005848873,Vacant Land,Missoula,MOUNTAIN LION LLC,23.01,101 INTERNATIONAL DR,ATTN: JOHNNA EISENMANN,,MISSOULA,MT,59808-1549,,,MOUNTAIN LION LLC,101 INTERNATIONAL DR ATTN JOHNNA EISENMANN MISSOULA MT 59808 1549,normalized mailing address matches Washington Companies HQ,address_candidate
04197523104010000,2026,336480,0000942907,Improved Property,Missoula,MOUNTAIN LION LLC,22.01,101 INTERNATIONAL DR,ATTN: JOHNNA EISENMANN,,MISSOULA,MT,59808-1549,,,MOUNTAIN LION LLC,101 INTERNATIONAL DR ATTN JOHNNA EISENMANN MISSOULA MT 59808 1549,normalized mailing address matches Washington Companies HQ,address_candidate
04197523103010000,2026,370500,0005848860,Improved Property,Missoula,MOUNTAIN LION LLC,22.0,101 INTERNATIONAL DR,ATTN: JOHNNA EISENMANN,,MISSOULA,MT,59808-1549,,,MOUNTAIN LION LLC,101 INTERNATIONAL DR ATTN JOHNNA EISENMANN MISSOULA MT 59808 1549,normalized mailing address matches Washington Companies HQ,address_candidate
04197523401020000,2026,370502,0005848886,Vacant Land,Missoula,MOUNTAIN LION LLC,22.0,101 INTERNATIONAL DR,ATTN: JOHNNA EISENMANN,,MISSOULA,MT,59808-1549,,,MOUNTAIN LION LLC,101 INTERNATIONAL DR ATTN JOHNNA EISENMANN MISSOULA MT 59808 1549,normalized mailing address matches Washington Companies HQ,address_candidate
25078212201010000,2026,929422,0012300100,Mining Claim,Madison,MOUNTAIN LION LLC,20.65,PO BOX 16630,,,MISSOULA,MT,59808-6630,,,MOUNTAIN LION LLC,PO BOX 16630 MISSOULA MT 59808 6630,normalized mailing address matches Washington Companies HQ,address_candidate
51119911401400000,2026,1107042,0000001012,Mining Claim,Jefferson,MOUNTAIN LION LLC,19.55,PO BOX 16630,,,MISSOULA,MT,59808-6630,,,MOUNTAIN LION LLC,PO BOX 16630 MISSOULA MT 59808 6630,normalized mailing address matches Washington Companies HQ,address_candidate
25078212301010000,2026,929425,0012300300,Mining Claim,Madison,MOUNTAIN LION LLC,18.56,PO BOX 16630,,,MISSOULA,MT,59808-6630,,,MOUNTAIN LION LLC,PO BOX 16630 MISSOULA MT 59808 6630,normalized mailing address matches Washington Companies HQ,address_candidate
51119912301200000,2026,1107043,0000001012,Mining Claim,Jefferson,MOUNTAIN LION LLC,18.28,PO BOX 16630,,,MISSOULA,MT,59808-6630,,,MOUNTAIN LION LLC,PO BOX 16630 MISSOULA MT 59808 6630,normalized mailing address matches Washington Companies HQ,address_candidate
51148910301500000,2026,1109219,0000002216,Mining Claim,Jefferson,MOUNTAIN LION LLC,17.88,PO BOX 16630,,,MISSOULA,MT,59808-6630,,,MOUNTAIN LION LLC,PO BOX 16630 MISSOULA MT 59808 6630,normalized mailing address matches Washington Companies HQ,address_candidate
25078212302010000,2026,929426,0012300400,Mining Claim,Madison,MOUNTAIN LION LLC,17.3,PO BOX 16630,,,MISSOULA,MT,59808-6630,,,MOUNTAIN LION LLC,PO BOX 16630 MISSOULA MT 59808 6630,normalized mailing address matches Washington Companies HQ,address_candidate
0111980410105MINE,2026,854021,0001278200,Mining Claim,Silver Bow,MOUNTAIN LION LLC,17.17,101 INTERNATIONAL DR,,,MISSOULA,MT,59808-1549,,,MOUNTAIN LION LLC,101 INTERNATIONAL DR MISSOULA MT 59808 1549,normalized mailing address matches Washington Companies HQ,address_candidate
04220005303010000,2026,353958,0003104001,Vacant Land,Missoula,INLAND PROPERTIES INC,15.18,PO BOX 16630,,,MISSOULA,MT,59808-6630,,,INLAND PROPERTIES INC,PO BOX 16630 MISSOULA MT 59808 6630,normalized mailing address matches Washington Companies HQ,address_candidate
04220017214010000,2026,375023,0006007415,Improved Property,Missoula,GATEWAY LIMITED PARTNERSHIP,12.23,101 INTERNATIONAL DR,ATTN: JOHNNA EISENMANN,,MISSOULA,MT,59808-1549,,,GATEWAY LP,101 INTERNATIONAL DR ATTN JOHNNA EISENMANN MISSOULA MT 59808 1549,normalized mailing address matches Washington Companies HQ,address_candidate
51119911301200000,2026,1107040,0000001010,Mining Claim,Jefferson,MOUNTAIN LION LLC,12.0,PO BOX 16630,,,MISSOULA,MT,59808-6630,,,MOUNTAIN LION LLC,PO BOX 16630 MISSOULA MT 59808 6630,normalized mailing address matches Washington Companies HQ,address_candidate
02267126302010000,2026,142730,0004982900,Vacant Land,Cascade,MOUNTAIN LION LLC,12.0,PO BOX 16630,,,MISSOULA,MT,59808-6630,,,MOUNTAIN LION LLC,PO BOX 16630 MISSOULA MT 59808 6630,normalized mailing address matches Washington Companies HQ,address_candidate
04220007103130000,2026,370157,0005844984,Improved Property,Missoula,WC REAL PROPERTY HOLDINGS LLC,10.92,MAIL TO: WASHINGTON COMPANY,PO BOX 16630,,MISSOULA,MT,59808-6630,,,WC REAL PROPERTY HOLDINGS LLC,MAIL TO WASHINGTON COMPANY PO BOX 16630 MISSOULA MT 59808 6630,normalized mailing address matches Washington Companies HQ,address_candidate
04220017211110000,2026,373481,0005917700,Improved Property,Missoula,GATEWAY LIMITED PARTNERSHIP,10.57,101 INTERNATIONAL DR,ATTN: JOHNNA EISENMANN,,MISSOULA,MT,59808-1549,,,GATEWAY LP,101 INTERNATIONAL DR ATTN JOHNNA EISENMANN MISSOULA MT 59808 1549,normalized mailing address matches Washington Companies HQ,address_candidate
51119911201100000,2026,1107039,0000001010,Mining Claim,Jefferson,MOUNTAIN LION LLC,10.0,PO BOX 16630,,,MISSOULA,MT,59808-6630,,,MOUNTAIN LION LLC,PO BOX 16630 MISSOULA MT 59808 6630,normalized mailing address matches Washington Companies HQ,address_candidate
25078212303010000,2026,929423,0012300200,Mining Claim,Madison,MOUNTAIN LION LLC,9.79,PO BOX 16630,,,MISSOULA,MT,59808-6630,,,MOUNTAIN LION LLC,PO BOX 16630 MISSOULA MT 59808 6630,normalized mailing address matches Washington Companies HQ,address_candidate
01129030101050000,2026,869405,0000477450,Improved Property,Silver Bow,MOUNTAIN LION LLC,8.33,101 INTERNATIONAL DR,,,MISSOULA,MT,59808-1549,,,MOUNTAIN LION LLC,101 INTERNATIONAL DR MISSOULA MT 59808 1549,normalized mailing address matches Washington Companies HQ,address_candidate
04220006101100000,2026,368955,0005831983,Vacant Land,Missoula,RELP,7.79,101 INTERNATIONAL DR,ATTN: JOHNNA EISENMANN,,MISSOULA,MT,59808-1549,,,RELP,101 INTERNATIONAL DR ATTN JOHNNA EISENMANN MISSOULA MT 59808 1549,normalized mailing address matches Washington Companies HQ,address_candidate
25078213101010000,2026,929427,0012300500,Mining Claim,Madison,MOUNTAIN LION LLC,7.65,PO BOX 16630,,,MISSOULA,MT,59808-6630,,,MOUNTAIN LION LLC,PO BOX 16630 MISSOULA MT 59808 6630,normalized mailing address matches Washington Companies HQ,address_candidate
04220006101090000,2026,371260,0005857456,Vacant Land,Missoula,RELP,7.29,101 INTERNATIONAL DR,ATTN: JOHNNA EISENMANN,,MISSOULA,MT,59808-1549,,,RELP,101 INTERNATIONAL DR ATTN JOHNNA EISENMANN MISSOULA MT 59808 1549,normalized mailing address matches Washington Companies HQ,address_candidate
04220011305160000,2026,353849,0003092703,Vacant Land,Missoula,OLD POND HOLDINGS LLC,6.06,101 INTERNATIONAL DR,,,MISSOULA,MT,59808-1549,,,OLD POND HOLDINGS LLC,101 INTERNATIONAL DR MISSOULA MT 59808 1549,normalized mailing address matches Washington Companies HQ,address_candidate
04220029465080000,2026,351840,0002393502,Improved Property,Missoula,MOUNTAIN LION LLC,5.464,101 INTERNATIONAL DR,ATTN: JOHNNA EISENMANN,,MISSOULA,MT,59808-1549,,,MOUNTAIN LION LLC,101 INTERNATIONAL DR ATTN JOHNNA EISENMANN MISSOULA MT 59808 1549,normalized mailing address matches Washington Companies HQ,address_candidate
10062328303040000,2026,34194,0002706700,Vacant Land,Carbon,MOUNTAIN LION LLC,5.0,PO BOX 16630,,,MISSOULA,MT,59808-6630,,,MOUNTAIN LION LLC,PO BOX 16630 MISSOULA MT 59808 6630,normalized mailing address matches Washington Companies HQ,address_candidate
04220018104200000,2026,358365,0003557602,Improved Property,Missoula,GATEWAY LIMITED PARTNERSHIP,4.72,101 INTERNATIONAL DR,ATTN: JOHNNA EISENMANN,,MISSOULA,MT,59808-1549,,,GATEWAY LP,101 INTERNATIONAL DR ATTN JOHNNA EISENMANN MISSOULA MT 59808 1549,normalized mailing address matches Washington Companies HQ,address_candidate
04220007103060000,2026,370162,0005845053,Vacant Land,Missoula,WC REAL PROPERTY HOLDINGS LLC,4.5,MAIL TO: WASHINGTON COMPANY,PO BOX 16630,,MISSOULA,MT,59808-6630,,,WC REAL PROPERTY HOLDINGS LLC,MAIL TO WASHINGTON COMPANY PO BOX 16630 MISSOULA MT 59808 6630,normalized mailing address matches Washington Companies HQ,address_candidate
04220007103100000,2026,370158,0005845011,Improved Property,Missoula,WC REAL PROPERTY HOLDINGS LLC,3.65,MAIL TO: WASHINGTON COMPANY,PO BOX 16630,,MISSOULA,MT,59808-6630,,,WC REAL PROPERTY HOLDINGS LLC,MAIL TO WASHINGTON COMPANY PO BOX 16630 MISSOULA MT 59808 6630,normalized mailing address matches Washington Companies HQ,address_candidate
04220017211180000,2026,354374,0003146601,Vacant Land,Missoula,GATEWAY LIMITED PARTNERSHIP,3.28,101 INTERNATIONAL DR,ATTN: JOHNNA EISENMANN,,MISSOULA,MT,59808-1549,,,GATEWAY LP,101 INTERNATIONAL DR ATTN JOHNNA EISENMANN MISSOULA MT 59808 1549,normalized mailing address matches Washington Companies HQ,address_candidate
46137413203470000,2026,1337153,0001454482,Vacant Land,Granite,MOUNTAIN LION LLC,2.73,PO BOX 16630,,,MISSOULA,MT,59808-6630,,,MOUNTAIN LION LLC,PO BOX 16630 MISSOULA MT 59808 6630,normalized mailing address matches Washington Companies HQ,address_candidate
46137413203480000,2026,1337154,0001454482,Vacant Land,Granite,MOUNTAIN LION LLC,2.72,PO BOX 16630,,,MISSOULA,MT,59808-6630,,,MOUNTAIN LION LLC,PO BOX 16630 MISSOULA MT 59808 6630,normalized mailing address matches Washington Companies HQ,address_candidate
04220007103090000,2026,370159,0005845024,Improved Property,Missoula,WC REAL PROPERTY HOLDINGS LLC,2.72,MAIL TO: WASHINGTON COMPANY,PO BOX 16630,,MISSOULA,MT,59808-6630,,,WC REAL PROPERTY HOLDINGS LLC,MAIL TO WASHINGTON COMPANY PO BOX 16630 MISSOULA MT 59808 6630,normalized mailing address matches Washington Companies HQ,address_candidate
04220017211190000,2026,354375,0003146707,Improved Property,Missoula,GATEWAY LIMITED PARTNERSHIP,2.69,101 INTERNATIONAL DR,ATTN: JOHNNA EISENMANN,,MISSOULA,MT,59808-1549,,,GATEWAY LP,101 INTERNATIONAL DR ATTN JOHNNA EISENMANN MISSOULA MT 59808 1549,normalized mailing address matches Washington Companies HQ,address_candidate
46137413203460000,2026,1337152,0001454482,Vacant Land,Granite,MOUNTAIN LION LLC,2.66,PO BOX 16630,,,MISSOULA,MT,59808-6630,,,MOUNTAIN LION LLC,PO BOX 16630 MISSOULA MT 59808 6630,normalized mailing address matches Washington Companies HQ,address_candidate
46137413203490000,2026,1337155,0001454482,Vacant Land,Granite,MOUNTAIN LION LLC,2.64,PO BOX 16630,,,MISSOULA,MT,59808-6630,,,MOUNTAIN LION LLC,PO BOX 16630 MISSOULA MT 59808 6630,normalized mailing address matches Washington Companies HQ,address_candidate
46137413203440000,2026,1337149,0001454482,Vacant Land,Granite,MOUNTAIN LION LLC,2.61,PO BOX 16630,,,MISSOULA,MT,59808-6630,,,MOUNTAIN LION LLC,PO BOX 16630 MISSOULA MT 59808 6630,normalized mailing address matches Washington Companies HQ,address_candidate
46137413203450000,2026,1337150,0001454482,Vacant Land,Granite,MOUNTAIN LION LLC,2.4,PO BOX 16630,,,MISSOULA,MT,59808-6630,,,MOUNTAIN LION LLC,PO BOX 16630 MISSOULA MT 59808 6630,normalized mailing address matches Washington Companies HQ,address_candidate
04197523401030000,2026,356166,0003331502,Vacant Land,Missoula,MOUNTAIN LION LLC,2.312,101 INTERNATIONAL DR,ATTN: JOHNNA EISENMANN,,MISSOULA,MT,59808-1549,,,MOUNTAIN LION LLC,101 INTERNATIONAL DR ATTN JOHNNA EISENMANN MISSOULA MT 59808 1549,normalized mailing address matches Washington Companies HQ,address_candidate
04220007103150000,2026,371677,0005861693,Vacant Land,Missoula,WC REAL PROPERTY HOLDINGS LLC,2.29,MAIL TO: WASHINGTON COMPANY,PO BOX 16630,,MISSOULA,MT,59808-6630,,,WC REAL PROPERTY HOLDINGS LLC,MAIL TO WASHINGTON COMPANY PO BOX 16630 MISSOULA MT 59808 6630,normalized mailing address matches Washington Companies HQ,address_candidate
04220018104070000,2026,361910,0003933204,Improved Property,Missoula,GATEWAY LIMITED PARTNERSHIP,2.26,101 INTERNATIONAL DR,ATTN: JOHNNA EISENMANN,,MISSOULA,MT,59808-1549,,,GATEWAY LP,101 INTERNATIONAL DR ATTN JOHNNA EISENMANN MISSOULA MT 59808 1549,normalized mailing address matches Washington Companies HQ,address_candidate
04220018104080000,2026,374545,0006003177,Improved Property,Missoula,GATEWAY LIMITED PARTNERSHIP,1.88,101 INTERNATIONAL DR,ATTN: JOHNNA EISENMANN,,MISSOULA,MT,59808-1549,,,GATEWAY LP,101 INTERNATIONAL DR ATTN JOHNNA EISENMANN MISSOULA MT 59808 1549,normalized mailing address matches Washington Companies HQ,address_candidate
04220007103080000,2026,370160,0005845037,Improved Property,Missoula,WC REAL PROPERTY HOLDINGS LLC,1.27,MAIL TO: WASHINGTON COMPANY,PO BOX 16630,,MISSOULA,MT,59808-6630,,,WC REAL PROPERTY HOLDINGS LLC,MAIL TO WASHINGTON COMPANY PO BOX 16630 MISSOULA MT 59808 6630,normalized mailing address matches Washington Companies HQ,address_candidate
04220007103070000,2026,370161,0005845040,Improved Property,Missoula,WC REAL PROPERTY HOLDINGS LLC,1.27,MAIL TO: WASHINGTON COMPANY,PO BOX 16630,,MISSOULA,MT,59808-6630,,,WC REAL PROPERTY HOLDINGS LLC,MAIL TO WASHINGTON COMPANY PO BOX 16630 MISSOULA MT 59808 6630,normalized mailing address matches Washington Companies HQ,address_candidate
04220011306080000,2026,334046,0000716006,Improved Property,Missoula,OLD POND HOLDINGS LLC,1.056,101 INTERNATIONAL DR,,,MISSOULA,MT,59808-1549,,,OLD POND HOLDINGS LLC,101 INTERNATIONAL DR MISSOULA MT 59808 1549,normalized mailing address matches Washington Companies HQ,address_candidate
04220011306090000,2026,342660,0001520903,Improved Property,Missoula,OLD POND HOLDINGS LLC,1.056,101 INTERNATIONAL DR,,,MISSOULA,MT,59808-1549,,,OLD POND HOLDINGS LLC,101 INTERNATIONAL DR MISSOULA MT 59808 1549,normalized mailing address matches Washington Companies HQ,address_candidate
04220011306100000,2026,342662,0001521001,Improved Property,Missoula,OLD POND HOLDINGS LLC,1.01,101 INTERNATIONAL DR,,,MISSOULA,MT,59808-1549,,,OLD POND HOLDINGS LLC,101 INTERNATIONAL DR MISSOULA MT 59808 1549,normalized mailing address matches Washington Companies HQ,address_candidate
0111980529909MINE,2026,871546,0000046600,Industrial Property,Silver Bow,MONTANA RESOURCES LLC,925.53,600 SHIELDS AVE,,,BUTTE,MT,59701-2705,,,MONTANA RESOURCES LLC,600 SHIELDS AVE BUTTE MT 59701 2705,exact normalized owner-name match to confirmed registry; broad keyword in OwnerName: MONTANA RESOURCES; exact normalized address shared with a confirmed entity,confirmed
0112903129909MINE,2026,853632,0000093900,Industrial Property,Silver Bow,MONTANA RESOURCES LLC,643.61,600 SHIELDS AVE,,,BUTTE,MT,59701-2705,,,MONTANA RESOURCES LLC,600 SHIELDS AVE BUTTE MT 59701 2705,exact normalized owner-name match to confirmed registry; broad keyword in OwnerName: MONTANA RESOURCES; exact normalized address shared with a confirmed entity,confirmed
0111981629909MINE,2026,851616,0000076400,Industrial Property,Silver Bow,MONTANA RESOURCES LLC,585.54,600 SHIELDS AVE,,,BUTTE,MT,59701-2705,,,MONTANA RESOURCES LLC,600 SHIELDS AVE BUTTE MT 59701 2705,exact normalized owner-name match to confirmed registry; broad keyword in OwnerName: MONTANA RESOURCES; exact normalized address shared with a confirmed entity,confirmed
0112903229909MINE,2026,853647,0000094000,Industrial Property,Silver Bow,MONTANA RESOURCES LLC,511.25,600 SHIELDS AVE,,,BUTTE,MT,59701-2705,,,MONTANA RESOURCES LLC,600 SHIELDS AVE BUTTE MT 59701 2705,exact normalized owner-name match to confirmed registry; broad keyword in OwnerName: MONTANA RESOURCES; exact normalized address shared with a confirmed entity,confirmed
0111980829909MINE,2026,853754,0000095500,Industrial Property,Silver Bow,MONTANA RESOURCES LLC,405.2,600 SHIELDS AVE,,,BUTTE,MT,59701-2705,,,MONTANA RESOURCES LLC,600 SHIELDS AVE BUTTE MT 59701 2705,exact normalized owner-name match to confirmed registry; broad keyword in OwnerName: MONTANA RESOURCES; exact normalized address shared with a confirmed entity,confirmed
0111982129909MINE,2026,851700,0000076800,Industrial Property,Silver Bow,MONTANA RESOURCES LLC,403.85,600 SHIELDS AVE,,,BUTTE,MT,59701-2705,,,MONTANA RESOURCES LLC,600 SHIELDS AVE BUTTE MT 59701 2705,exact normalized owner-name match to confirmed registry; broad keyword in OwnerName: MONTANA RESOURCES; exact normalized address shared with a confirmed entity,confirmed
0111980629909MINE,2026,871557,0000046700,Industrial Property,Silver Bow,MONTANA RESOURCES LLC,359.85,600 SHIELDS AVE,,,BUTTE,MT,59701-2705,,,MONTANA RESOURCES LLC,600 SHIELDS AVE BUTTE MT 59701 2705,exact normalized owner-name match to confirmed registry; broad keyword in OwnerName: MONTANA RESOURCES; exact normalized address shared with a confirmed entity,confirmed
0111981729909MIN2,2026,862537,0001924200,Industrial Property,Silver Bow,MONTANA RESOURCES LLC,358.92,600 SHIELDS AVE,,,BUTTE,MT,59701-2705,,KYLE CARTER,MONTANA RESOURCES LLC,600 SHIELDS AVE BUTTE MT 59701 2705,exact normalized owner-name match to confirmed registry; broad keyword in OwnerName: MONTANA RESOURCES; exact normalized address shared with a confirmed entity,confirmed
0111980729909MINE,2026,871613,0000046800,Industrial Property,Silver Bow,MONTANA RESOURCES LLC,355.986,600 SHIELDS AVE,,,BUTTE,MT,59701-2705,,,MONTANA RESOURCES LLC,600 SHIELDS AVE BUTTE MT 59701 2705,exact normalized owner-name match to confirmed registry; broad keyword in OwnerName: MONTANA RESOURCES; exact normalized address shared with a confirmed entity,confirmed
0111980929909MINE,2026,851554,0000076100,Industrial Property,Silver Bow,MONTANA RESOURCES LLC,346.83,600 SHIELDS AVE,,,BUTTE,MT,59701-2705,,,MONTANA RESOURCES LLC,600 SHIELDS AVE BUTTE MT 59701 2705,exact normalized owner-name match to confirmed registry; broad keyword in OwnerName: MONTANA RESOURCES; exact normalized address shared with a confirmed entity,confirmed
0112902929909MINE,2026,853610,0000093700,Mining Claim,Silver Bow,MONTANA RESOURCES LLC,298.464,600 SHIELDS AVE,,,BUTTE,MT,59701-2705,,,MONTANA RESOURCES LLC,600 SHIELDS AVE BUTTE MT 59701 2705,exact normalized owner-name match to confirmed registry; broad keyword in OwnerName: MONTANA RESOURCES; exact normalized address shared with a confirmed entity,confirmed
0111981829909MINE,2026,851638,0000076600,Industrial Property,Silver Bow,MONTANA RESOURCES LLC,240.553,600 SHIELDS AVE,,,BUTTE,MT,59701-2705,,,MONTANA RESOURCES LLC,600 SHIELDS AVE BUTTE MT 59701 2705,exact normalized owner-name match to confirmed registry; broad keyword in OwnerName: MONTANA RESOURCES; exact normalized address shared with a confirmed entity,confirmed
01129028401020000,2026,867038,0000293010,Vacant Land,Silver Bow,MONTANA RESOURCES LLC,206.9,600 SHIELDS AVE,,,BUTTE,MT,59701-2705,,,MONTANA RESOURCES LLC,600 SHIELDS AVE BUTTE MT 59701 2705,exact normalized owner-name match to confirmed registry; broad keyword in OwnerName: MONTANA RESOURCES; exact normalized address shared with a confirmed entity,confirmed
0111980429909MINE,2026,871535,0000046500,Mining Claim,Silver Bow,MONTANA RESOURCES LLC,193.035,600 SHIELDS AVE,,,BUTTE,MT,59701-2705,,,MONTANA RESOURCES LLC,600 SHIELDS AVE BUTTE MT 59701 2705,exact normalized owner-name match to confirmed registry; broad keyword in OwnerName: MONTANA RESOURCES; exact normalized address shared with a confirmed entity,confirmed
0111981529909MINE,2026,851605,0000076300,Industrial Property,Silver Bow,MONTANA RESOURCES LLC,154.92,600 SHIELDS AVE,,,BUTTE,MT,59701-2705,,,MONTANA RESOURCES LLC,600 SHIELDS AVE BUTTE MT 59701 2705,exact normalized owner-name match to confirmed registry; broad keyword in OwnerName: MONTANA RESOURCES; exact normalized address shared with a confirmed entity,confirmed
0112902929908MINE,2026,866948,0000285910,Mining Claim,Silver Bow,MONTANA RESOURCES LLC,151.63,600 SHIELDS AVE,,,BUTTE,MT,59701-2705,,,MONTANA RESOURCES LLC,600 SHIELDS AVE BUTTE MT 59701 2705,exact normalized owner-name match to confirmed registry; broad keyword in OwnerName: MONTANA RESOURCES; exact normalized address shared with a confirmed entity,confirmed
0112902829909MINE,2026,853603,0000093600,Mining Claim,Silver Bow,MONTANA RESOURCES LLC,144.12,600 SHIELDS AVE,,,BUTTE,MT,59701-2705,,,MONTANA RESOURCES LLC,600 SHIELDS AVE BUTTE MT 59701 2705,exact normalized owner-name match to confirmed registry; broad keyword in OwnerName: MONTANA RESOURCES; exact normalized address shared with a confirmed entity,confirmed
01119806301010000,2026,871602,0000046740,Vacant Land,Silver Bow,MONTANA RESOURCES LLC,134.52,600 SHIELDS AVE,,,BUTTE,MT,59701-2705,,,MONTANA RESOURCES LLC,600 SHIELDS AVE BUTTE MT 59701 2705,exact normalized owner-name match to confirmed registry; broad keyword in OwnerName: MONTANA RESOURCES; exact normalized address shared with a confirmed entity,confirmed
0112903329909MINE,2026,853656,0000094100,Mining Claim,Silver Bow,MONTANA RESOURCES LLC,127.138,600 SHIELDS AVE,,,BUTTE,MT,59701-2705,,,MONTANA RESOURCES LLC,600 SHIELDS AVE BUTTE MT 59701 2705,exact normalized owner-name match to confirmed registry; broad keyword in OwnerName: MONTANA RESOURCES; exact normalized address shared with a confirmed entity,confirmed
0111981729909MINE,2026,851627,0000076500,Industrial Property,Silver Bow,MONTANA RESOURCES LLC,114.61,600 SHIELDS AVE,,,BUTTE,MT,59701-2705,,,MONTANA RESOURCES LLC,600 SHIELDS AVE BUTTE MT 59701 2705,exact normalized owner-name match to confirmed registry; broad keyword in OwnerName: MONTANA RESOURCES; exact normalized address shared with a confirmed entity,confirmed
0112903120101MINE,2026,853592,0000093500,Mining Claim,Silver Bow,MONTANA RESOURCES LLC,80.46,600 SHIELDS AVE,,,BUTTE,MT,59701-2705,,,MONTANA RESOURCES LLC,600 SHIELDS AVE BUTTE MT 59701 2705,exact normalized owner-name match to confirmed registry; broad keyword in OwnerName: MONTANA RESOURCES; exact normalized address shared with a confirmed entity,confirmed
0112903029909MINE,2026,853621,0000093800,Mining Claim,Silver Bow,MONTANA RESOURCES LLC,80.448,600 SHIELDS AVE,,,BUTTE,MT,59701-2705,,,MONTANA RESOURCES LLC,600 SHIELDS AVE BUTTE MT 59701 2705,exact normalized owner-name match to confirmed registry; broad keyword in OwnerName: MONTANA RESOURCES; exact normalized address shared with a confirmed entity,confirmed
01129030401010000,2026,1483770,0000098320,Vacant Land,Silver Bow,MONTANA RESOURCES LLC,52.94,600 SHIELDS AVE,,,BUTTE,MT,59701-2705,,,MONTANA RESOURCES LLC,600 SHIELDS AVE BUTTE MT 59701 2705,exact normalized owner-name match to confirmed registry; broad keyword in OwnerName: MONTANA RESOURCES; exact normalized address shared with a confirmed entity,confirmed
01119821299090000,2026,853798,0000096200,Vacant Land,Silver Bow,MONTANA RESOURCES LLC,50.23,600 SHIELDS AVE,,,BUTTE,MT,59701-2705,,,MONTANA RESOURCES LLC,600 SHIELDS AVE BUTTE MT 59701 2705,exact normalized owner-name match to confirmed registry; broad keyword in OwnerName: MONTANA RESOURCES; exact normalized address shared with a confirmed entity,confirmed
0112893629909MINE,2026,853667,0000094500,Mining Claim,Silver Bow,MONTANA RESOURCES LLC,49.2,600 SHIELDS AVE,,,BUTTE,MT,59701-2705,,,MONTANA RESOURCES LLC,600 SHIELDS AVE BUTTE MT 59701 2705,exact normalized owner-name match to confirmed registry; broad keyword in OwnerName: MONTANA RESOURCES; exact normalized address shared with a confirmed entity,confirmed
01119807310010000,2026,1508350,0000076650,Vacant Land,Silver Bow,MONTANA RESOURCES LLC,43.21,600 SHIELDS AVE,,,BUTTE,MT,59701-2705,,,MONTANA RESOURCES LLC,600 SHIELDS AVE BUTTE MT 59701 2705,exact normalized owner-name match to confirmed registry; broad keyword in OwnerName: MONTANA RESOURCES; exact normalized address shared with a confirmed entity,confirmed
01129028201300000,2026,870012,0000532130,Vacant Land,Silver Bow,MONTANA RESOURCES LLC,40.42,600 SHIELDS AVE,,,BUTTE,MT,59701-2705,,,MONTANA RESOURCES LLC,600 SHIELDS AVE BUTTE MT 59701 2705,exact normalized owner-name match to confirmed registry; broad keyword in OwnerName: MONTANA RESOURCES; exact normalized address shared with a confirmed entity,confirmed
01119806298090000,2026,1525565,0000095200,Vacant Land,Silver Bow,MONTANA RESOURCES LLC,40.41,600 SHIELDS AVE,,,BUTTE,MT,59701-2705,,,MONTANA RESOURCES LLC,600 SHIELDS AVE BUTTE MT 59701 2705,exact normalized owner-name match to confirmed registry; broad keyword in OwnerName: MONTANA RESOURCES; exact normalized address shared with a confirmed entity,confirmed
01129029301010000,2026,867043,0000293600,Vacant Land,Silver Bow,MONTANA RESOURCES LLC,38.28,600 SHIELDS AVE,,,BUTTE,MT,59701-2705,,,MONTANA RESOURCES LLC,600 SHIELDS AVE BUTTE MT 59701 2705,exact normalized owner-name match to confirmed registry; broad keyword in OwnerName: MONTANA RESOURCES; exact normalized address shared with a confirmed entity,confirmed
01129031299090000,2026,853641,0000093910,Mining Claim,Silver Bow,MONTANA RESOURCES LLC,36.21,600 SHIELDS AVE,,,BUTTE,MT,59701-2705,,,MONTANA RESOURCES LLC,600 SHIELDS AVE BUTTE MT 59701 2705,exact normalized owner-name match to confirmed registry; broad keyword in OwnerName: MONTANA RESOURCES; exact normalized address shared with a confirmed entity,confirmed
01129028299070000,2026,1546408,0000284930,Vacant Land,Silver Bow,MONTANA RESOURCES LLC,30.312,600 SHIELDS AVE,,,BUTTE,MT,59701-2705,,,MONTANA RESOURCES LLC,600 SHIELDS AVE BUTTE MT 59701 2705,exact normalized owner-name match to confirmed registry; broad keyword in OwnerName: MONTANA RESOURCES; exact normalized address shared with a confirmed entity,confirmed
0111981029909MINE,2026,851587,0000076200,Mining Claim,Silver Bow,MONTANA RESOURCES LLC,29.37,600 SHIELDS AVE,,,BUTTE,MT,59701-2705,,,MONTANA RESOURCES LLC,600 SHIELDS AVE BUTTE MT 59701 2705,exact normalized owner-name match to confirmed registry; broad keyword in OwnerName: MONTANA RESOURCES; exact normalized address shared with a confirmed entity,confirmed
0111980440101MINE,2026,853931,0000096640,Mining Claim,Silver Bow,MONTANA RESOURCES LLC,26.2,600 SHIELDS AVE,,,BUTTE,MT,59701-2705,,,MONTANA RESOURCES LLC,600 SHIELDS AVE BUTTE MT 59701 2705,exact normalized owner-name match to confirmed registry; broad keyword in OwnerName: MONTANA RESOURCES; exact normalized address shared with a confirmed entity,confirmed
01128936499090000,2026,1567951,0000094560,Vacant Land,Silver Bow,MONTANA RESOURCES LLC,23.45,600 SHIELDS AVE,,,BUTTE,MT,59701-2705,,,MONTANA RESOURCES LLC,600 SHIELDS AVE BUTTE MT 59701 2705,exact normalized owner-name match to confirmed registry; broad keyword in OwnerName: MONTANA RESOURCES; exact normalized address shared with a confirmed entity,confirmed
01129028101040000,2026,1476423,0000687550,Mining Claim,Silver Bow,MONTANA RESOURCES LLC,20.64,600 SHIELDS AVE,,,BUTTE,MT,59701-2705,,,MONTANA RESOURCES LLC,600 SHIELDS AVE BUTTE MT 59701 2705,exact normalized owner-name match to confirmed registry; broad keyword in OwnerName: MONTANA RESOURCES; exact normalized address shared with a confirmed entity,confirmed
0112902040105MINE,2026,865260,0000226420,Mining Claim,Silver Bow,MONTANA RESOURCES LLC,20.63,600 SHIELDS AVE,,,BUTTE,MT,59701-2705,,,MONTANA RESOURCES LLC,600 SHIELDS AVE BUTTE MT 59701 2705,exact normalized owner-name match to confirmed registry; broad keyword in OwnerName: MONTANA RESOURCES; exact normalized address shared with a confirmed entity,confirmed
01129029399010000,2026,1546412,0000477220,Vacant Land,Silver Bow,MONTANA RESOURCES LLC,20.59,600 SHIELDS AVE,,,BUTTE,MT,59701-2705,,,MONTANA RESOURCES LLC,600 SHIELDS AVE BUTTE MT 59701 2705,exact normalized owner-name match to confirmed registry; broad keyword in OwnerName: MONTANA RESOURCES; exact normalized address shared with a confirmed entity,confirmed
01129028299060000,2026,1546406,0000284920,Vacant Land,Silver Bow,MONTANA RESOURCES LLC,20.5,600 SHIELDS AVE,,,BUTTE,MT,59701-2705,,,MONTANA RESOURCES LLC,600 SHIELDS AVE BUTTE MT 59701 2705,exact normalized owner-name match to confirmed registry; broad keyword in OwnerName: MONTANA RESOURCES; exact normalized address shared with a confirmed entity,confirmed
01129029399030000,2026,1546409,0000477210,Mining Claim,Silver Bow,MONTANA RESOURCES LLC,20.5,600 SHIELDS AVE,,,BUTTE,MT,59701-2705,,,MONTANA RESOURCES LLC,600 SHIELDS AVE BUTTE MT 59701 2705,exact normalized owner-name match to confirmed registry; broad keyword in OwnerName: MONTANA RESOURCES; exact normalized address shared with a confirmed entity,confirmed
0111982229909MINE,2026,851744,0000076900,Mining Claim,Silver Bow,MONTANA RESOURCES LLC,20.473,600 SHIELDS AVE,,,BUTTE,MT,59701-2705,,,MONTANA RESOURCES LLC,600 SHIELDS AVE BUTTE MT 59701 2705,exact normalized owner-name match to confirmed registry; broad keyword in OwnerName: MONTANA RESOURCES; exact normalized address shared with a confirmed entity,confirmed
01129028299080000,2026,1546413,0000093610,Vacant Land,Silver Bow,MONTANA RESOURCES LLC,20.2,600 SHIELDS AVE,,,BUTTE,MT,59701-2705,,,MONTANA RESOURCES LLC,600 SHIELDS AVE BUTTE MT 59701 2705,exact normalized owner-name match to confirmed registry; broad keyword in OwnerName: MONTANA RESOURCES; exact normalized address shared with a confirmed entity,confirmed
01129028201200000,2026,870011,0000532120,Vacant Land,Silver Bow,MONTANA RESOURCES LLC,20.15,600 SHIELDS AVE,,,BUTTE,MT,59701-2705,,,MONTANA RESOURCES LLC,600 SHIELDS AVE BUTTE MT 59701 2705,exact normalized owner-name match to confirmed registry; broad keyword in OwnerName: MONTANA RESOURCES; exact normalized address shared with a confirmed entity,confirmed
01129028201100000,2026,870013,0000532140,Improved Property,Silver Bow,MONTANA RESOURCES LLC,20.01,600 SHIELDS AVE,,,BUTTE,MT,59701-2705,,,MONTANA RESOURCES LLC,600 SHIELDS AVE BUTTE MT 59701 2705,exact normalized owner-name match to confirmed registry; broad keyword in OwnerName: MONTANA RESOURCES; exact normalized address shared with a confirmed entity,confirmed
25088620101020000,2026,929183,0012012350,Mining Claim,Madison,MONTANA RESOURCES LLP,20.0,600 SHIELDS AVE,,,BUTTE,MT,59701-2705,,,MONTANA RESOURCES LLP,600 SHIELDS AVE BUTTE MT 59701 2705,exact normalized owner-name match to confirmed registry; broad keyword in OwnerName: MONTANA RESOURCES; exact normalized address shared with a confirmed entity,confirmed
25088620201010000,2026,929182,0012012340,Mining Claim,Madison,MONTANA RESOURCES LLP,20.0,600 SHIELDS AVE,,,BUTTE,MT,59701-2705,,,MONTANA RESOURCES LLP,600 SHIELDS AVE BUTTE MT 59701 2705,exact normalized owner-name match to confirmed registry; broad keyword in OwnerName: MONTANA RESOURCES; exact normalized address shared with a confirmed entity,confirmed
0112902810103MINE,2026,872274,0000747900,Mining Claim,Silver Bow,MONTANA RESOURCES LLC,19.63,600 SHIELDS AVE,,,BUTTE,MT,59701-2705,,,MONTANA RESOURCES LLC,600 SHIELDS AVE BUTTE MT 59701 2705,exact normalized owner-name match to confirmed registry; broad keyword in OwnerName: MONTANA RESOURCES; exact normalized address shared with a confirmed entity,confirmed
01129027201030000,2026,1546401,0000284910,Vacant Land,Silver Bow,MONTANA RESOURCES LLC,19.522,600 SHIELDS AVE,,,BUTTE,MT,59701-2705,,,MONTANA RESOURCES LLC,600 SHIELDS AVE BUTTE MT 59701 2705,exact normalized owner-name match to confirmed registry; broad keyword in OwnerName: MONTANA RESOURCES; exact normalized address shared with a confirmed entity,confirmed
51129122301400000,2026,1108950,00000A1066,Mining Claim,Jefferson,MONTANA RESOURCES LLC,19.0,600 SHIELDS AVE,,,BUTTE,MT,59701-2705,,,MONTANA RESOURCES LLC,600 SHIELDS AVE BUTTE MT 59701 2705,exact normalized owner-name match to confirmed registry; broad keyword in OwnerName: MONTANA RESOURCES; exact normalized address shared with a confirmed entity,confirmed
0111980910111MINE,2026,867884,0000366100,Mining Claim,Silver Bow,MONTANA RESOURCES LLC,18.81,600 SHIELDS AVE,,,BUTTE,MT,59701-2705,,,MONTANA RESOURCES LLC,600 SHIELDS AVE BUTTE MT 59701 2705,exact normalized owner-name match to confirmed registry; broad keyword in OwnerName: MONTANA RESOURCES; exact normalized address shared with a confirmed entity,confirmed
51129122301500000,2026,1108763,00000A1066,Vacant Land,Jefferson,MONTANA RESOURCES LLC,18.72,600 SHIELDS AVE,,,BUTTE,MT,59701-2705,,,MONTANA RESOURCES LLC,600 SHIELDS AVE BUTTE MT 59701 2705,exact normalized owner-name match to confirmed registry; broad keyword in OwnerName: MONTANA RESOURCES; exact normalized address shared with a confirmed entity,confirmed
01129030299070000,2026,1576478,0000477230,Industrial Property,Silver Bow,MONTANA RESOURCES LLC,18.7,600 SHIELDS AVE,,,BUTTE,MT,59701-2705,,,MONTANA RESOURCES LLC,600 SHIELDS AVE BUTTE MT 59701 2705,exact normalized owner-name match to confirmed registry; broad keyword in OwnerName: MONTANA RESOURCES; exact normalized address shared with a confirmed entity,confirmed
0112902129908MINE,2026,868775,0000429100,Mining Claim,Silver Bow,MONTANA RESOURCES LLC,18.62,600 SHIELDS AVE,,,BUTTE,MT,59701-2705,,,MONTANA RESOURCES LLC,600 SHIELDS AVE BUTTE MT 59701 2705,exact normalized owner-name match to confirmed registry; broad keyword in OwnerName: MONTANA RESOURCES; exact normalized address shared with a confirmed entity,confirmed
51129122201300000,2026,1107691,00000A1066,Mining Claim,Jefferson,MONTANA RESOURCES LLC,18.28,600 SHIELDS AVE,,,BUTTE,MT,59701-2705,,,MONTANA RESOURCES LLC,600 SHIELDS AVE BUTTE MT 59701 2705,exact normalized owner-name match to confirmed registry; broad keyword in OwnerName: MONTANA RESOURCES; exact normalized address shared with a confirmed entity,confirmed
0111980610168MINE,2026,854403,0001308900,Vacant Land,Silver Bow,MONTANA RESOURCES LLC,18.14,600 SHIELDS AVE,,,BUTTE,MT,59701-2705,,,MONTANA RESOURCES LLC,600 SHIELDS AVE BUTTE MT 59701 2705,exact normalized owner-name match to confirmed registry; broad keyword in OwnerName: MONTANA RESOURCES; exact normalized address shared with a confirmed entity,confirmed
51129122201050000,2026,1108757,00000A1066,Vacant Land,Jefferson,MONTANA RESOURCES LLC,18.0,600 SHIELDS AVE,,,BUTTE,MT,59701-2705,,,MONTANA RESOURCES LLC,600 SHIELDS AVE BUTTE MT 59701 2705,exact normalized owner-name match to confirmed registry; broad keyword in OwnerName: MONTANA RESOURCES; exact normalized address shared with a confirmed entity,confirmed
01128936101096002,2026,853670,0000094510,Mining Claim,Silver Bow,MONTANA RESOURCES LLC,17.76,600 SHIELDS AVE,,,BUTTE,MT,59701-2705,,,MONTANA RESOURCES LLC,600 SHIELDS AVE BUTTE MT 59701 2705,exact normalized owner-name match to confirmed registry; broad keyword in OwnerName: MONTANA RESOURCES; exact normalized address shared with a confirmed entity,confirmed
51129122301200000,2026,1109087,00000A1066,Mining Claim,Jefferson,MONTANA RESOURCES LLC,17.52,600 SHIELDS AVE,,,BUTTE,MT,59701-2705,,,MONTANA RESOURCES LLC,600 SHIELDS AVE BUTTE MT 59701 2705,exact normalized owner-name match to confirmed registry; broad keyword in OwnerName: MONTANA RESOURCES; exact normalized address shared with a confirmed entity,confirmed
0112902910102MINE,2026,852486,0001117700,Mining Claim,Silver Bow,MONTANA RESOURCES LLC,17.21,600 SHIELDS AVE,,,BUTTE,MT,59701-2705,,,MONTANA RESOURCES LLC,600 SHIELDS AVE BUTTE MT 59701 2705,exact normalized owner-name match to confirmed registry; broad keyword in OwnerName: MONTANA RESOURCES; exact normalized address shared with a confirmed entity,confirmed
51129122301800000,2026,1110830,00000A1066,Mining Claim,Jefferson,MONTANA RESOURCES LLC,16.95,600 SHIELDS AVE,,,BUTTE,MT,59701-2705,,,MONTANA RESOURCES LLC,600 SHIELDS AVE BUTTE MT 59701 2705,exact normalized owner-name match to confirmed registry; broad keyword in OwnerName: MONTANA RESOURCES; exact normalized address shared with a confirmed entity,confirmed
0112902910103MINE,2026,855065,0001367520,Mining Claim,Silver Bow,MONTANA RESOURCES LLC,16.93,600 SHIELDS AVE,,,BUTTE,MT,59701-2705,,,MONTANA RESOURCES LLC,600 SHIELDS AVE BUTTE MT 59701 2705,exact normalized owner-name match to confirmed registry; broad keyword in OwnerName: MONTANA RESOURCES; exact normalized address shared with a confirmed entity,confirmed
0111981610101MINE,2026,859936,0001756310,Industrial Property,Silver Bow,MONTANA RESOURCES LLC,16.82,600 SHIELDS AVE,,,BUTTE,MT,59701-2705,,,MONTANA RESOURCES LLC,600 SHIELDS AVE BUTTE MT 59701 2705,exact normalized owner-name match to confirmed registry; broad keyword in OwnerName: MONTANA RESOURCES; exact normalized address shared with a confirmed entity,confirmed
51129122301050000,2026,1108761,00000A1066,Vacant Land,Jefferson,MONTANA RESOURCES LLC,16.18,600 SHIELDS AVE,,,BUTTE,MT,59701-2705,,,MONTANA RESOURCES LLC,600 SHIELDS AVE BUTTE MT 59701 2705,exact normalized owner-name match to confirmed registry; broad keyword in OwnerName: MONTANA RESOURCES; exact normalized address shared with a confirmed entity,confirmed
0112903310103MINE,2026,850069,0000893500,Mining Claim,Silver Bow,MONTANA RESOURCES LLC,15.956,600 SHIELDS AVE,,,BUTTE,MT,59701-2705,,,MONTANA RESOURCES LLC,600 SHIELDS AVE BUTTE MT 59701 2705,exact normalized owner-name match to confirmed registry; broad keyword in OwnerName: MONTANA RESOURCES; exact normalized address shared with a confirmed entity,confirmed
51129122401500000,2026,1108769,00000A1066,Vacant Land,Jefferson,MONTANA RESOURCES LLC,15.94,600 SHIELDS AVE,,,BUTTE,MT,59701-2705,,,MONTANA RESOURCES LLC,600 SHIELDS AVE BUTTE MT 59701 2705,exact normalized owner-name match to confirmed registry; broad keyword in OwnerName: MONTANA RESOURCES; exact normalized address shared with a confirmed entity,confirmed
01128936499130000,2026,1567956,0000094580,Vacant Land,Silver Bow,MONTANA RESOURCES LLC,15.65,600 SHIELDS AVE,,,BUTTE,MT,59701-2705,,,MONTANA RESOURCES LLC,600 SHIELDS AVE BUTTE MT 59701 2705,exact normalized owner-name match to confirmed registry; broad keyword in OwnerName: MONTANA RESOURCES; exact normalized address shared with a confirmed entity,confirmed
51129122301600000,2026,1108764,00000A1066,Vacant Land,Jefferson,MONTANA RESOURCES LLC,15.024,600 SHIELDS AVE,,,BUTTE,MT,59701-2705,,,MONTANA RESOURCES LLC,600 SHIELDS AVE BUTTE MT 59701 2705,exact normalized owner-name match to confirmed registry; broad keyword in OwnerName: MONTANA RESOURCES; exact normalized address shared with a confirmed entity,confirmed
51129122401600000,2026,1107895,00000A1066,Vacant Land,Jefferson,MONTANA RESOURCES LLC,14.909,600 SHIELDS AVE,,,BUTTE,MT,59701-2705,,,MONTANA RESOURCES LLC,600 SHIELDS AVE BUTTE MT 59701 2705,exact normalized owner-name match to confirmed registry; broad keyword in OwnerName: MONTANA RESOURCES; exact normalized address shared with a confirmed entity,confirmed
0112902110103MINE,2026,860989,0000155500,Mining Claim,Silver Bow,MONTANA RESOURCES LLC,14.88,600 SHIELDS AVE,,,BUTTE,MT,59701-2705,,,MONTANA RESOURCES LLC,600 SHIELDS AVE BUTTE MT 59701 2705,exact normalized owner-name match to confirmed registry; broad keyword in OwnerName: MONTANA RESOURCES; exact normalized address shared with a confirmed entity,confirmed
0112902810101MINE,2026,867816,0000360900,Mining Claim,Silver Bow,MONTANA RESOURCES LLC,14.87,600 SHIELDS AVE,,,BUTTE,MT,59701-2705,,,MONTANA RESOURCES LLC,600 SHIELDS AVE BUTTE MT 59701 2705,exact normalized owner-name match to confirmed registry; broad keyword in OwnerName: MONTANA RESOURCES; exact normalized address shared with a confirmed entity,confirmed
0111980429909MIN1,2026,853878,0000096600,Vacant Land,Silver Bow,MONTANA RESOURCES LLC,14.7,600 SHIELDS AVE,,,BUTTE,MT,59701-2705,,,MONTANA RESOURCES LLC,600 SHIELDS AVE BUTTE MT 59701 2705,exact normalized owner-name match to confirmed registry; broad keyword in OwnerName: MONTANA RESOURCES; exact normalized address shared with a confirmed entity,confirmed
0112902030110MINE,2026,865249,0000226420,Mining Claim,Silver Bow,MONTANA RESOURCES LLC,14.461,600 SHIELDS AVE,,,BUTTE,MT,59701-2705,,,MONTANA RESOURCES LLC,600 SHIELDS AVE BUTTE MT 59701 2705,exact normalized owner-name match to confirmed registry; broad keyword in OwnerName: MONTANA RESOURCES; exact normalized address shared with a confirmed entity,confirmed
01119820299090000,2026,853787,0000096100,Vacant Land,Silver Bow,MONTANA RESOURCES LLC,13.44,600 SHIELDS AVE,,,BUTTE,MT,59701-2705,,,MONTANA RESOURCES LLC,600 SHIELDS AVE BUTTE MT 59701 2705,exact normalized owner-name match to confirmed registry; broad keyword in OwnerName: MONTANA RESOURCES; exact normalized address shared with a confirmed entity,confirmed
0112902910104MINE,2026,855064,0001367510,Mining Claim,Silver Bow,MONTANA RESOURCES LLC,12.79,600 SHIELDS AVE,,,BUTTE,MT,59701-2705,,,MONTANA RESOURCES LLC,600 SHIELDS AVE BUTTE MT 59701 2705,exact normalized owner-name match to confirmed registry; broad keyword in OwnerName: MONTANA RESOURCES; exact normalized address shared with a confirmed entity,confirmed
0112903040101MINE,2026,853196,0001181310,Mining Claim,Silver Bow,MONTANA RESOURCES LLC,12.2,600 SHIELDS AVE,,,BUTTE,MT,59701-2705,,,MONTANA RESOURCES LLC,600 SHIELDS AVE BUTTE MT 59701 2705,exact normalized owner-name match to confirmed registry; broad keyword in OwnerName: MONTANA RESOURCES; exact normalized address shared with a confirmed entity,confirmed
0111981519906MINE,2026,1629009,0000076250,Vacant Land,Silver Bow,MONTANA RESOURCES LLC,11.41,600 SHIELDS AVE,,,BUTTE,MT,59701-2705,,,MONTANA RESOURCES LLC,600 SHIELDS AVE BUTTE MT 59701 2705,exact normalized owner-name match to confirmed registry; broad keyword in OwnerName: MONTANA RESOURCES; exact normalized address shared with a confirmed entity,confirmed
51129133401010000,2026,1109077,0000002119,Vacant Land,Jefferson,MONTANA RESOURCES LLC,11.36,600 SHIELDS AVE,,,BUTTE,MT,59701-2705,,,MONTANA RESOURCES LLC,600 SHIELDS AVE BUTTE MT 59701 2705,exact normalized owner-name match to confirmed registry; broad keyword in OwnerName: MONTANA RESOURCES; exact normalized address shared with a confirmed entity,confirmed
0112902110106MINE,2026,866704,0000265500,Mining Claim,Silver Bow,MONTANA RESOURCES LLC,10.798,600 SHIELDS AVE,,,BUTTE,MT,59701-2705,,,MONTANA RESOURCES LLC,600 SHIELDS AVE BUTTE MT 59701 2705,exact normalized owner-name match to confirmed registry; broad keyword in OwnerName: MONTANA RESOURCES; exact normalized address shared with a confirmed entity,confirmed
01129027201020000,2026,870008,0000532110,Vacant Land,Silver Bow,MONTANA RESOURCES LLC,10.78,600 SHIELDS AVE,,,BUTTE,MT,59701-2705,,,MONTANA RESOURCES LLC,600 SHIELDS AVE BUTTE MT 59701 2705,exact normalized owner-name match to confirmed registry; broad keyword in OwnerName: MONTANA RESOURCES; exact normalized address shared with a confirmed entity,confirmed
0112903310101MINE,2026,850070,0000893600,Mining Claim,Silver Bow,MONTANA RESOURCES LLC,10.309,600 SHIELDS AVE,,,BUTTE,MT,59701-2705,,,MONTANA RESOURCES LLC,600 SHIELDS AVE BUTTE MT 59701 2705,exact normalized owner-name match to confirmed registry; broad keyword in OwnerName: MONTANA RESOURCES; exact normalized address shared with a confirmed entity,confirmed
0111980610103MINE,2026,857353,0001619300,Mining Claim,Silver Bow,MONTANA RESOURCES LLC,9.463,600 SHIELDS AVE,,,BUTTE,MT,59701-2705,,,MONTANA RESOURCES LLC,600 SHIELDS AVE BUTTE MT 59701 2705,exact normalized owner-name match to confirmed registry; broad keyword in OwnerName: MONTANA RESOURCES; exact normalized address shared with a confirmed entity,confirmed
0111981810120MINE,2026,851649,0000076610,Mining Claim,Silver Bow,MONTANA RESOURCES LLC,9.35,600 SHIELDS AVE,,,BUTTE,MT,59701-2705,,,MONTANA RESOURCES LLC,600 SHIELDS AVE BUTTE MT 59701 2705,exact normalized owner-name match to confirmed registry; broad keyword in OwnerName: MONTANA RESOURCES; exact normalized address shared with a confirmed entity,confirmed
51129122401350000,2026,1107989,00000A1066,Mining Claim,Jefferson,MONTANA RESOURCES LLC,9.0,600 SHIELDS AVE,,,BUTTE,MT,59701-2705,,,MONTANA RESOURCES LLC,600 SHIELDS AVE BUTTE MT 59701 2705,exact normalized owner-name match to confirmed registry; broad keyword in OwnerName: MONTANA RESOURCES; exact normalized address shared with a confirmed entity,confirmed
01129033201020000,2026,867039,0000293010,Vacant Land,Silver Bow,MONTANA RESOURCES LLC,8.43,600 SHIELDS AVE,,,BUTTE,MT,59701-2705,,,MONTANA RESOURCES LLC,600 SHIELDS AVE BUTTE MT 59701 2705,exact normalized owner-name match to confirmed registry; broad keyword in OwnerName: MONTANA RESOURCES; exact normalized address shared with a confirmed entity,confirmed
0111981529903MINE,2026,869289,0000472500,Mining Claim,Silver Bow,MONTANA RESOURCES LLC,7.76,600 SHIELDS AVE,,,BUTTE,MT,59701-2705,,,MONTANA RESOURCES LLC,600 SHIELDS AVE BUTTE MT 59701 2705,exact normalized owner-name match to confirmed registry; broad keyword in OwnerName: MONTANA RESOURCES; exact normalized address shared with a confirmed entity,confirmed
01119810201010000,2026,854017,0000097010,Vacant Land,Silver Bow,MONTANA RESOURCES LLC,7.66,600 SHIELDS AVE,,,BUTTE,MT,59701-2705,,,MONTANA RESOURCES LLC,600 SHIELDS AVE BUTTE MT 59701 2705,exact normalized owner-name match to confirmed registry; broad keyword in OwnerName: MONTANA RESOURCES; exact normalized address shared with a confirmed entity,confirmed
0111980510101MINE,2026,853397,0001199000,Mining Claim,Silver Bow,MONTANA RESOURCES LLC,7.04,600 SHIELDS AVE,,,BUTTE,MT,59701-2705,,,MONTANA RESOURCES LLC,600 SHIELDS AVE BUTTE MT 59701 2705,exact normalized owner-name match to confirmed registry; broad keyword in OwnerName: MONTANA RESOURCES; exact normalized address shared with a confirmed entity,confirmed
51129122301010000,2026,1108760,00000A1066,Mining Claim,Jefferson,MONTANA RESOURCES LLC,6.29,600 SHIELDS AVE,,,BUTTE,MT,59701-2705,,,MONTANA RESOURCES LLC,600 SHIELDS AVE BUTTE MT 59701 2705,exact normalized owner-name match to confirmed registry; broad keyword in OwnerName: MONTANA RESOURCES; exact normalized address shared with a confirmed entity,confirmed
01129028101100000,2026,870010,0000532115,Mining Claim,Silver Bow,MONTANA RESOURCES LLC,4.18,600 SHIELDS AVE,,,BUTTE,MT,59701-2705,,,MONTANA RESOURCES LLC,600 SHIELDS AVE BUTTE MT 59701 2705,exact normalized owner-name match to confirmed registry; broad keyword in OwnerName: MONTANA RESOURCES; exact normalized address shared with a confirmed entity,confirmed
01128936499110000,2026,1567955,0000094570,Vacant Land,Silver Bow,MONTANA RESOURCES LLC,3.58,600 SHIELDS AVE,,,BUTTE,MT,59701-2705,,,MONTANA RESOURCES LLC,600 SHIELDS AVE BUTTE MT 59701 2705,exact normalized owner-name match to confirmed registry; broad keyword in OwnerName: MONTANA RESOURCES; exact normalized address shared with a confirmed entity,confirmed
01119809299090000,2026,853911,0000096620,Vacant Land,Silver Bow,MONTANA RESOURCES LLC,3.4,600 SHIELDS AVE,,,BUTTE,MT,59701-2705,,,MONTANA RESOURCES LLC,600 SHIELDS AVE BUTTE MT 59701 2705,exact normalized owner-name match to confirmed registry; broad keyword in OwnerName: MONTANA RESOURCES; exact normalized address shared with a confirmed entity,confirmed
0111970129909MIN1,2026,853451,0000091110,Vacant Land,Silver Bow,MONTANA RESOURCES LLC,2.94,600 SHIELDS AVE,,,BUTTE,MT,59701-2705,,,MONTANA RESOURCES LLC,600 SHIELDS AVE BUTTE MT 59701 2705,exact normalized owner-name match to confirmed registry; broad keyword in OwnerName: MONTANA RESOURCES; exact normalized address shared with a confirmed entity,confirmed
51129122301810000,2026,1110821,00000A1066,Vacant Land,Jefferson,MONTANA RESOURCES LLC,2.93,600 SHIELDS AVE,,,BUTTE,MT,59701-2705,,,MONTANA RESOURCES LLC,600 SHIELDS AVE BUTTE MT 59701 2705,exact normalized owner-name match to confirmed registry; broad keyword in OwnerName: MONTANA RESOURCES; exact normalized address shared with a confirmed entity,confirmed
51129133101050000,2026,1486818,00000A1174,Vacant Land,Jefferson,MONTANA RESOURCES LLC,2.6,600 SHIELDS AVE,,,BUTTE,MT,59701-2705,,,MONTANA RESOURCES LLC,600 SHIELDS AVE BUTTE MT 59701 2705,exact normalized owner-name match to confirmed registry; broad keyword in OwnerName: MONTANA RESOURCES; exact normalized address shared with a confirmed entity,confirmed
51129122301150000,2026,1110877,00000A1066,Mining Claim,Jefferson,MONTANA RESOURCES LLC,2.599,600 SHIELDS AVE,,,BUTTE,MT,59701-2705,,,MONTANA RESOURCES LLC,600 SHIELDS AVE BUTTE MT 59701 2705,exact normalized owner-name match to confirmed registry; broad keyword in OwnerName: MONTANA RESOURCES; exact normalized address shared with a confirmed entity,confirmed
0111980610102MINE,2026,866085,0000232300,Industrial Property,Silver Bow,MONTANA RESOURCES LLC,2.31,600 SHIELDS AVE,,,BUTTE,MT,59701-2705,,,MONTANA RESOURCES LLC,600 SHIELDS AVE BUTTE MT 59701 2705,exact normalized owner-name match to confirmed registry; broad keyword in OwnerName: MONTANA RESOURCES; exact normalized address shared with a confirmed entity,confirmed
01119809401010000,2026,1533048,0000472100,Mining Claim,Silver Bow,MONTANA RESOURCES LLC,1.69,600 SHIELDS AVE,,,BUTTE,MT,59701-2705,,,MONTANA RESOURCES LLC,600 SHIELDS AVE BUTTE MT 59701 2705,exact normalized owner-name match to confirmed registry; broad keyword in OwnerName: MONTANA RESOURCES; exact normalized address shared with a confirmed entity,confirmed
01119810299090000,2026,853922,0000096630,Vacant Land,Silver Bow,MONTANA RESOURCES LLC,1.3,600 SHIELDS AVE,,,BUTTE,MT,59701-2705,,,MONTANA RESOURCES LLC,600 SHIELDS AVE BUTTE MT 59701 2705,exact normalized owner-name match to confirmed registry; broad keyword in OwnerName: MONTANA RESOURCES; exact normalized address shared with a confirmed entity,confirmed
01129028201010000,2026,870009,0000532110,Vacant Land,Silver Bow,MONTANA RESOURCES LLC,1.18,600 SHIELDS AVE,,,BUTTE,MT,59701-2705,,,MONTANA RESOURCES LLC,600 SHIELDS AVE BUTTE MT 59701 2705,exact normalized owner-name match to confirmed registry; broad keyword in OwnerName: MONTANA RESOURCES; exact normalized address shared with a confirmed entity,confirmed
01119816299090000,2026,853776,0000095900,Industrial Property,Silver Bow,MONTANA RESOURCES LLC,1.1,600 SHIELDS AVE,,,BUTTE,MT,59701-2705,,,MONTANA RESOURCES LLC,600 SHIELDS AVE BUTTE MT 59701 2705,exact normalized owner-name match to confirmed registry; broad keyword in OwnerName: MONTANA RESOURCES; exact normalized address shared with a confirmed entity,confirmed
0111981010103MINE,2026,854962,0001359100,Mining Claim,Silver Bow,MONTANA RESOURCES LLC,0.94,600 SHIELDS AVE,,,BUTTE,MT,59701-2705,,,MONTANA RESOURCES LLC,600 SHIELDS AVE BUTTE MT 59701 2705,exact normalized owner-name match to confirmed registry; broad keyword in OwnerName: MONTANA RESOURCES; exact normalized address shared with a confirmed entity,confirmed
01119713124390000,2026,862081,0001903420,Vacant Land,Silver Bow,MONTANA RESOURCES LLC,0.672,600 SHIELDS AVE,,,BUTTE,MT,59701-2705,,,MONTANA RESOURCES LLC,600 SHIELDS AVE BUTTE MT 59701 2705,exact normalized owner-name match to confirmed registry; broad keyword in OwnerName: MONTANA RESOURCES; exact normalized address shared with a confirmed entity,confirmed
51129122301830000,2026,1110823,00000A1066,Vacant Land,Jefferson,MONTANA RESOURCES LLC,0.53,600 SHIELDS AVE,,,BUTTE,MT,59701-2705,,,MONTANA RESOURCES LLC,600 SHIELDS AVE BUTTE MT 59701 2705,exact normalized owner-name match to confirmed registry; broad keyword in OwnerName: MONTANA RESOURCES; exact normalized address shared with a confirmed entity,confirmed
01119713124350000,2026,862230,0001904335,Vacant Land,Silver Bow,MONTANA RESOURCES LLC,0.516,600 SHIELDS AVE,,,BUTTE,MT,59701-2705,,,MONTANA RESOURCES LLC,600 SHIELDS AVE BUTTE MT 59701 2705,exact normalized owner-name match to confirmed registry; broad keyword in OwnerName: MONTANA RESOURCES; exact normalized address shared with a confirmed entity,confirmed
01119820129060000,2026,862136,0001903735,Vacant Land,Silver Bow,MONTANA RESOURCES LLC,0.511,600 SHIELDS AVE,,,BUTTE,MT,59701-2705,,,MONTANA RESOURCES LLC,600 SHIELDS AVE BUTTE MT 59701 2705,exact normalized owner-name match to confirmed registry; broad keyword in OwnerName: MONTANA RESOURCES; exact normalized address shared with a confirmed entity,confirmed
01119820133160000,2026,862135,0001903730,Vacant Land,Silver Bow,MONTANA RESOURCES LLC,0.483,600 SHIELDS AVE,,,BUTTE,MT,59701-2705,,,MONTANA RESOURCES LLC,600 SHIELDS AVE BUTTE MT 59701 2705,exact normalized owner-name match to confirmed registry; broad keyword in OwnerName: MONTANA RESOURCES; exact normalized address shared with a confirmed entity,confirmed
01119820133010000,2026,862134,0001903730,Vacant Land,Silver Bow,MONTANA RESOURCES LLC,0.461,600 SHIELDS AVE,,,BUTTE,MT,59701-2705,,,MONTANA RESOURCES LLC,600 SHIELDS AVE BUTTE MT 59701 2705,exact normalized owner-name match to confirmed registry; broad keyword in OwnerName: MONTANA RESOURCES; exact normalized address shared with a confirmed entity,confirmed
01119713130220000,2026,862229,0001904330,Vacant Land,Silver Bow,MONTANA RESOURCES LLC,0.366,600 SHIELDS AVE,,,BUTTE,MT,59701-2705,,,MONTANA RESOURCES LLC,600 SHIELDS AVE BUTTE MT 59701 2705,exact normalized owner-name match to confirmed registry; broad keyword in OwnerName: MONTANA RESOURCES; exact normalized address shared with a confirmed entity,confirmed
01119818220160000,2026,1635811,0001903485,Vacant Land,Silver Bow,MONTANA RESOURCES LLC,0.36,600 SHIELDS AVE,,,BUTTE,MT,59701-2705,,,MONTANA RESOURCES LLC,600 SHIELDS AVE BUTTE MT 59701 2705,exact normalized owner-name match to confirmed registry; broad keyword in OwnerName: MONTANA RESOURCES; exact normalized address shared with a confirmed entity,confirmed
01119818220170000,2026,1635737,0001903505,Vacant Land,Silver Bow,MONTANA RESOURCES LLC,0.351,600 SHIELDS AVE,,,BUTTE,MT,59701-2705,,,MONTANA RESOURCES LLC,600 SHIELDS AVE BUTTE MT 59701 2705,exact normalized owner-name match to confirmed registry; broad keyword in OwnerName: MONTANA RESOURCES; exact normalized address shared with a confirmed entity,confirmed
0111981029903MINE,2026,869284,0000472200,Mining Claim,Silver Bow,MONTANA RESOURCES LLC,0.33,600 SHIELDS AVE,,,BUTTE,MT,59701-2705,,,MONTANA RESOURCES LLC,600 SHIELDS AVE BUTTE MT 59701 2705,exact normalized owner-name match to confirmed registry; broad keyword in OwnerName: MONTANA RESOURCES; exact normalized address shared with a confirmed entity,confirmed
01119818218520000,2026,862396,0001906930,Vacant Land,Silver Bow,MONTANA RESOURCES LLC,0.261,600 SHIELDS AVE,,,BUTTE,MT,59701-2705,,,MONTANA RESOURCES LLC,600 SHIELDS AVE BUTTE MT 59701 2705,exact normalized owner-name match to confirmed registry; broad keyword in OwnerName: MONTANA RESOURCES; exact normalized address shared with a confirmed entity,confirmed
0111981829910MINE,2026,1629232,0019069300,Industrial Property,Silver Bow,MONTANA RESOURCES LLC,0.24,600 SHIELDS AVE,,,BUTTE,MT,59701-2705,,,MONTANA RESOURCES LLC,600 SHIELDS AVE BUTTE MT 59701 2705,exact normalized owner-name match to confirmed registry; broad keyword in OwnerName: MONTANA RESOURCES; exact normalized address shared with a confirmed entity,confirmed
01119818220010000,2026,861830,0001900610,Vacant Land,Silver Bow,MONTANA RESOURCES LLC,0.09,600 SHIELDS AVE,,,BUTTE,MT,59701-2705,,,MONTANA RESOURCES LLC,600 SHIELDS AVE BUTTE MT 59701 2705,exact normalized owner-name match to confirmed registry; broad keyword in OwnerName: MONTANA RESOURCES; exact normalized address shared with a confirmed entity,confirmed
01119820129010000,2026,862160,0001903875,Vacant Land,Silver Bow,MONTANA RESOURCES LLC,0.069,600 SHIELDS AVE,,,BUTTE,MT,59701-2705,,,MONTANA RESOURCES LLC,600 SHIELDS AVE BUTTE MT 59701 2705,exact normalized owner-name match to confirmed registry; broad keyword in OwnerName: MONTANA RESOURCES; exact normalized address shared with a confirmed entity,confirmed
01119815299080000,2026,853938,0000096800,Vacant Land,Silver Bow,MONTANA RESOURCES LLC,0.05,600 SHIELDS AVE,,,BUTTE,MT,59701-2705,,,MONTANA RESOURCES LLC,600 SHIELDS AVE BUTTE MT 59701 2705,exact normalized owner-name match to confirmed registry; broad keyword in OwnerName: MONTANA RESOURCES; exact normalized address shared with a confirmed entity,confirmed
01119820120010000,2026,862143,0001903770,Vacant Land,Silver Bow,MONTANA RESOURCES LLC,0.008,600 SHIELDS AVE,,,BUTTE,MT,59701-2705,,,MONTANA RESOURCES LLC,600 SHIELDS AVE BUTTE MT 59701 2705,exact normalized owner-name match to confirmed registry; broad keyword in OwnerName: MONTANA RESOURCES; exact normalized address shared with a confirmed entity,confirmed
46198220101010000,2026,1338163,0001490195,Vacant Land,Granite,WASHINGTON LIMESTONE LLC,640.0,101 INTERNATIONAL DR,,,MISSOULA,MT,59808-1549,,,WASHINGTON LIMESTONE LLC,101 INTERNATIONAL DR MISSOULA MT 59808 1549,exact normalized owner-name match to supplied conditional seed; broad keyword in OwnerName: WASHINGTON; broad keyword in OwnerName: LIMESTONE; normalized mailing address matches Washington Companies HQ,strong_candidate
46198229101010000,2026,1338166,0001490195,Vacant Land,Granite,WASHINGTON LIMESTONE LLC,640.0,101 INTERNATIONAL DR,,,MISSOULA,MT,59808-1549,,,WASHINGTON LIMESTONE LLC,101 INTERNATIONAL DR MISSOULA MT 59808 1549,exact normalized owner-name match to supplied conditional seed; broad keyword in OwnerName: WASHINGTON; broad keyword in OwnerName: LIMESTONE; normalized mailing address matches Washington Companies HQ,strong_candidate
46198235101010000,2026,1338292,0001490271,Vacant Land,Granite,WASHINGTON LIMESTONE LLC,640.0,101 INTERNATIONAL DRIVE,,,MISSOULA,MT,59808,,,WASHINGTON LIMESTONE LLC,101 INTERNATIONAL DR MISSOULA MT 59808,exact normalized owner-name match to supplied conditional seed; broad keyword in OwnerName: WASHINGTON; broad keyword in OwnerName: LIMESTONE; normalized mailing address matches Washington Companies HQ,strong_candidate
46198228101010000,2026,1338165,0001490195,Vacant Land,Granite,WASHINGTON LIMESTONE LLC,480.0,101 INTERNATIONAL DR,,,MISSOULA,MT,59808-1549,,,WASHINGTON LIMESTONE LLC,101 INTERNATIONAL DR MISSOULA MT 59808 1549,exact normalized owner-name match to supplied conditional seed; broad keyword in OwnerName: WASHINGTON; broad keyword in OwnerName: LIMESTONE; normalized mailing address matches Washington Companies HQ,strong_candidate
46187702101010000,2026,1337879,0001490054,Vacant Land,Granite,WASHINGTON LIMESTONE LLC,479.72,101 INTERNATIONAL DR,,,MISSOULA,MT,59808-1549,,,WASHINGTON LIMESTONE LLC,101 INTERNATIONAL DR MISSOULA MT 59808 1549,exact normalized owner-name match to supplied conditional seed; broad keyword in OwnerName: WASHINGTON; broad keyword in OwnerName: LIMESTONE; normalized mailing address matches Washington Companies HQ,strong_candidate
04232629101070000,2026,374555,0006003286,Vacant Land,Missoula,GRANT CREEK RANCH LLC,384.0,101 INTERNATIONAL DR,ATTN: JOHNNA EISENMANN,,MISSOULA,MT,59808-1549,,,GRANT CREEK RANCH LLC,101 INTERNATIONAL DR ATTN JOHNNA EISENMANN MISSOULA MT 59808 1549,exact normalized owner-name match to supplied conditional seed; broad keyword in OwnerName: GRANT CREEK; normalized mailing address matches Washington Companies HQ,strong_candidate
46198221301010000,2026,1338164,0001490195,Vacant Land,Granite,WASHINGTON LIMESTONE LLC,360.0,101 INTERNATIONAL DR,,,MISSOULA,MT,59808-1549,,,WASHINGTON LIMESTONE LLC,101 INTERNATIONAL DR MISSOULA MT 59808 1549,exact normalized owner-name match to supplied conditional seed; broad keyword in OwnerName: WASHINGTON; broad keyword in OwnerName: LIMESTONE; normalized mailing address matches Washington Companies HQ,strong_candidate
04232619101030000,2026,334546,0000770300,Vacant Land,Missoula,GRANT CREEK RANCH LLC,321.025,101 INTERNATIONAL DR,ATTN: JOHNNA EISENMANN,,MISSOULA,MT,59808-1549,,,GRANT CREEK RANCH LLC,101 INTERNATIONAL DR ATTN JOHNNA EISENMANN MISSOULA MT 59808 1549,exact normalized owner-name match to supplied conditional seed; broad keyword in OwnerName: GRANT CREEK; normalized mailing address matches Washington Companies HQ,strong_candidate
46198227101010000,2026,1338083,0001490129,Vacant Land,Granite,WASHINGTON LIMESTONE LLC,320.0,101 INTERNATIONAL DRIVE,,,MISSOULA,MT,59808,,,WASHINGTON LIMESTONE LLC,101 INTERNATIONAL DR MISSOULA MT 59808,exact normalized owner-name match to supplied conditional seed; broad keyword in OwnerName: WASHINGTON; broad keyword in OwnerName: LIMESTONE; normalized mailing address matches Washington Companies HQ,strong_candidate
46198227301010000,2026,1338273,0001495191,Vacant Land,Granite,WASHINGTON LIMESTONE LLC,320.0,101 INTERNATIONAL DRIVE,,,MISSOULA,MT,59808,,,WASHINGTON LIMESTONE LLC,101 INTERNATIONAL DR MISSOULA MT 59808,exact normalized owner-name match to supplied conditional seed; broad keyword in OwnerName: WASHINGTON; broad keyword in OwnerName: LIMESTONE; normalized mailing address matches Washington Companies HQ,strong_candidate
46198234201010000,2026,1338169,0001490195,Vacant Land,Granite,WASHINGTON LIMESTONE LLC,320.0,101 INTERNATIONAL DR,,,MISSOULA,MT,59808-1549,,,WASHINGTON LIMESTONE LLC,101 INTERNATIONAL DR MISSOULA MT 59808 1549,exact normalized owner-name match to supplied conditional seed; broad keyword in OwnerName: WASHINGTON; broad keyword in OwnerName: LIMESTONE; normalized mailing address matches Washington Companies HQ,strong_candidate
46198234101010000,2026,1338291,0001490271,Vacant Land,Granite,WASHINGTON LIMESTONE LLC,320.0,101 INTERNATIONAL DRIVE,,,MISSOULA,MT,59808,,,WASHINGTON LIMESTONE LLC,101 INTERNATIONAL DR MISSOULA MT 59808,exact normalized owner-name match to supplied conditional seed; broad keyword in OwnerName: WASHINGTON; broad keyword in OwnerName: LIMESTONE; normalized mailing address matches Washington Companies HQ,strong_candidate
46198226301010000,2026,1338289,0001490271,Vacant Land,Granite,WASHINGTON LIMESTONE LLC,303.41,101 INTERNATIONAL DRIVE,,,MISSOULA,MT,59808,,,WASHINGTON LIMESTONE LLC,101 INTERNATIONAL DR MISSOULA MT 59808,exact normalized owner-name match to supplied conditional seed; broad keyword in OwnerName: WASHINGTON; broad keyword in OwnerName: LIMESTONE; normalized mailing address matches Washington Companies HQ,strong_candidate
46198217301010000,2026,1338162,0001490195,Vacant Land,Granite,WASHINGTON LIMESTONE LLC,227.532,101 INTERNATIONAL DR,,,MISSOULA,MT,59808-1549,,,WASHINGTON LIMESTONE LLC,101 INTERNATIONAL DR MISSOULA MT 59808 1549,exact normalized owner-name match to supplied conditional seed; broad keyword in OwnerName: WASHINGTON; broad keyword in OwnerName: LIMESTONE; normalized mailing address matches Washington Companies HQ,strong_candidate
04232630101010000,2026,371689,0005861824,Vacant Land,Missoula,GRANT CREEK RANCH LLC,200.0,101 INTERNATIONAL DR,ATTN: JOHNNA EISENMANN,,MISSOULA,MT,59808-1549,,,GRANT CREEK RANCH LLC,101 INTERNATIONAL DR ATTN JOHNNA EISENMANN MISSOULA MT 59808 1549,exact normalized owner-name match to supplied conditional seed; broad keyword in OwnerName: GRANT CREEK; normalized mailing address matches Washington Companies HQ,strong_candidate
04232620301010000,2026,334530,0000769003,Vacant Land,Missoula,GRANT CREEK RANCH LLC,200.0,101 INTERNATIONAL DR,ATTN: JOHNNA EISENMANN,,MISSOULA,MT,59808-1549,,,GRANT CREEK RANCH LLC,101 INTERNATIONAL DR ATTN JOHNNA EISENMANN MISSOULA MT 59808 1549,exact normalized owner-name match to supplied conditional seed; broad keyword in OwnerName: GRANT CREEK; normalized mailing address matches Washington Companies HQ,strong_candidate
46198233202010000,2026,1338168,0001490195,Vacant Land,Granite,WASHINGTON LIMESTONE LLC,200.0,101 INTERNATIONAL DR,,,MISSOULA,MT,59808-1549,,,WASHINGTON LIMESTONE LLC,101 INTERNATIONAL DR MISSOULA MT 59808 1549,exact normalized owner-name match to supplied conditional seed; broad keyword in OwnerName: WASHINGTON; broad keyword in OwnerName: LIMESTONE; normalized mailing address matches Washington Companies HQ,strong_candidate
04232619101010000,2026,370272,0005846308,Vacant Land,Missoula,GRANT CREEK RANCH LLC,169.645,101 INTERNATIONAL DR,ATTN: JOHNNA EISENMANN,,MISSOULA,MT,59808-1549,,,GRANT CREEK RANCH LLC,101 INTERNATIONAL DR ATTN JOHNNA EISENMANN MISSOULA MT 59808 1549,exact normalized owner-name match to supplied conditional seed; broad keyword in OwnerName: GRANT CREEK; normalized mailing address matches Washington Companies HQ,strong_candidate
46198228401010000,2026,1338274,0001495191,Vacant Land,Granite,WASHINGTON LIMESTONE LLC,160.0,101 INTERNATIONAL DRIVE,,,MISSOULA,MT,59808,,,WASHINGTON LIMESTONE LLC,101 INTERNATIONAL DR MISSOULA MT 59808,exact normalized owner-name match to supplied conditional seed; broad keyword in OwnerName: WASHINGTON; broad keyword in OwnerName: LIMESTONE; normalized mailing address matches Washington Companies HQ,strong_candidate
46198236301010000,2026,1333108,0005049104,Vacant Land,Granite,WASHINGTON LIMESTONE LLC,160.0,101 INTERNATIONAL DR,,,MISSOULA,MT,59808-1549,,,WASHINGTON LIMESTONE LLC,101 INTERNATIONAL DR MISSOULA MT 59808 1549,exact normalized owner-name match to supplied conditional seed; broad keyword in OwnerName: WASHINGTON; broad keyword in OwnerName: LIMESTONE; normalized mailing address matches Washington Companies HQ,strong_candidate
46187701201010000,2026,1338287,0001490271,Vacant Land,Granite,WASHINGTON LIMESTONE LLC,159.2,101 INTERNATIONAL DRIVE,,,MISSOULA,MT,59808,,,WASHINGTON LIMESTONE LLC,101 INTERNATIONAL DR MISSOULA MT 59808,exact normalized owner-name match to supplied conditional seed; broad keyword in OwnerName: WASHINGTON; broad keyword in OwnerName: LIMESTONE; normalized mailing address matches Washington Companies HQ,strong_candidate
46198232101010000,2026,1338167,0001490195,Vacant Land,Granite,WASHINGTON LIMESTONE LLC,157.93,101 INTERNATIONAL DR,,,MISSOULA,MT,59808-1549,,,WASHINGTON LIMESTONE LLC,101 INTERNATIONAL DR MISSOULA MT 59808 1549,exact normalized owner-name match to supplied conditional seed; broad keyword in OwnerName: WASHINGTON; broad keyword in OwnerName: LIMESTONE; normalized mailing address matches Washington Companies HQ,strong_candidate
46198236401010000,2026,1338275,0001490270,Improved Property,Granite,WASHINGTON LIMESTONE LLC,154.348,101 INTERNATIONAL DRIVE,,,MISSOULA,MT,59808,,,WASHINGTON LIMESTONE LLC,101 INTERNATIONAL DR MISSOULA MT 59808,exact normalized owner-name match to supplied conditional seed; broad keyword in OwnerName: WASHINGTON; broad keyword in OwnerName: LIMESTONE; normalized mailing address matches Washington Companies HQ,strong_candidate
46198236201010000,2026,1338293,0001490271,Vacant Land,Granite,WASHINGTON LIMESTONE LLC,154.014,101 INTERNATIONAL DRIVE,,,MISSOULA,MT,59808,,,WASHINGTON LIMESTONE LLC,101 INTERNATIONAL DR MISSOULA MT 59808,exact normalized owner-name match to supplied conditional seed; broad keyword in OwnerName: WASHINGTON; broad keyword in OwnerName: LIMESTONE; normalized mailing address matches Washington Companies HQ,strong_candidate
04232630101030000,2026,334533,0000769207,Vacant Land,Missoula,GRANT CREEK RANCH LLC,149.89,101 INTERNATIONAL DR,ATTN: JOHNNA EISENMANN,,MISSOULA,MT,59808-1549,,,GRANT CREEK RANCH LLC,101 INTERNATIONAL DR ATTN JOHNNA EISENMANN MISSOULA MT 59808 1549,exact normalized owner-name match to supplied conditional seed; broad keyword in OwnerName: GRANT CREEK; normalized mailing address matches Washington Companies HQ,strong_candidate
46198226201010000,2026,1338082,0001490129,Vacant Land,Granite,WASHINGTON LIMESTONE LLC,139.42,101 INTERNATIONAL DRIVE,,,MISSOULA,MT,59808,,,WASHINGTON LIMESTONE LLC,101 INTERNATIONAL DR MISSOULA MT 59808,exact normalized owner-name match to supplied conditional seed; broad keyword in OwnerName: WASHINGTON; broad keyword in OwnerName: LIMESTONE; normalized mailing address matches Washington Companies HQ,strong_candidate
04232632101210000,2026,372509,0005898307,Vacant Land,Missoula,GRANT CREEK RANCH LLC,126.19,101 INTERNATIONAL DR,ATTN: JOHNNA EISENMANN,,MISSOULA,MT,59808-1549,,,GRANT CREEK RANCH LLC,101 INTERNATIONAL DR ATTN JOHNNA EISENMANN MISSOULA MT 59808 1549,exact normalized owner-name match to supplied conditional seed; broad keyword in OwnerName: GRANT CREEK; normalized mailing address matches Washington Companies HQ,strong_candidate
04232620201030000,2026,374554,0006003273,Vacant Land,Missoula,GRANT CREEK RANCH LLC,120.0,101 INTERNATIONAL DR,ATTN: JOHNNA EISENMANN,,MISSOULA,MT,59808-1549,,,GRANT CREEK RANCH LLC,101 INTERNATIONAL DR ATTN JOHNNA EISENMANN MISSOULA MT 59808 1549,exact normalized owner-name match to supplied conditional seed; broad keyword in OwnerName: GRANT CREEK; normalized mailing address matches Washington Companies HQ,strong_candidate
04232632101050000,2026,371700,0005861920,Vacant Land,Missoula,GRANT CREEK RANCH LLC,111.76,101 INTERNATIONAL DR,ATTN: JOHNNA EISENMANN,,MISSOULA,MT,59808-1549,,,GRANT CREEK RANCH LLC,101 INTERNATIONAL DR ATTN JOHNNA EISENMANN MISSOULA MT 59808 1549,exact normalized owner-name match to supplied conditional seed; broad keyword in OwnerName: GRANT CREEK; normalized mailing address matches Washington Companies HQ,strong_candidate
04232620101030000,2026,331632,0000500409,Vacant Land,Missoula,GRANT CREEK RANCH LLC,64.54,101 INTERNATIONAL DR,ATTN: JOHNNA EISENMANN,,MISSOULA,MT,59808-1549,,,GRANT CREEK RANCH LLC,101 INTERNATIONAL DR ATTN JOHNNA EISENMANN MISSOULA MT 59808 1549,exact normalized owner-name match to supplied conditional seed; broad keyword in OwnerName: GRANT CREEK; normalized mailing address matches Washington Companies HQ,strong_candidate
46187703401010000,2026,1540990,0001495225,Vacant Land,Granite,WASHINGTON LIMESTONE LLC,59.31,101 INTERNATIONAL DR,,,MISSOULA,MT,59808-1549,,,WASHINGTON LIMESTONE LLC,101 INTERNATIONAL DR MISSOULA MT 59808 1549,exact normalized owner-name match to supplied conditional seed; broad keyword in OwnerName: WASHINGTON; broad keyword in OwnerName: LIMESTONE; normalized mailing address matches Washington Companies HQ,strong_candidate
46198431302020000,2026,1338276,0001490270,Vacant Land,Granite,WASHINGTON LIMESTONE LLC,58.911,101 INTERNATIONAL DRIVE,,,MISSOULA,MT,59808,,,WASHINGTON LIMESTONE LLC,101 INTERNATIONAL DR MISSOULA MT 59808,exact normalized owner-name match to supplied conditional seed; broad keyword in OwnerName: WASHINGTON; broad keyword in OwnerName: LIMESTONE; normalized mailing address matches Washington Companies HQ,strong_candidate
04232621301010000,2026,371687,0005861808,Vacant Land,Missoula,GRANT CREEK RANCH LLC,52.26,101 INTERNATIONAL DR,ATTN: JOHNNA EISENMANN,,MISSOULA,MT,59808-1549,,,GRANT CREEK RANCH LLC,101 INTERNATIONAL DR ATTN JOHNNA EISENMANN MISSOULA MT 59808 1549,exact normalized owner-name match to supplied conditional seed; broad keyword in OwnerName: GRANT CREEK; normalized mailing address matches Washington Companies HQ,strong_candidate
04232629101080000,2026,374553,0006003260,Improved Property,Missoula,GRANT CREEK RANCH LLC,45.21,101 INTERNATIONAL DR,ATTN: JOHNNA EISENMANN,,MISSOULA,MT,59808-1549,,,GRANT CREEK RANCH LLC,101 INTERNATIONAL DR ATTN JOHNNA EISENMANN MISSOULA MT 59808 1549,exact normalized owner-name match to supplied conditional seed; broad keyword in OwnerName: GRANT CREEK; normalized mailing address matches Washington Companies HQ,strong_candidate
46198223303010000,2026,1338081,0001490129,Vacant Land,Granite,WASHINGTON LIMESTONE LLC,44.784,101 INTERNATIONAL DRIVE,,,MISSOULA,MT,59808,,,WASHINGTON LIMESTONE LLC,101 INTERNATIONAL DR MISSOULA MT 59808,exact normalized owner-name match to supplied conditional seed; broad keyword in OwnerName: WASHINGTON; broad keyword in OwnerName: LIMESTONE; normalized mailing address matches Washington Companies HQ,strong_candidate
04232620201010000,2026,372877,0005903672,Vacant Land,Missoula,GRANT CREEK RANCH LLC,40.0,101 INTERNATIONAL DR,ATTN: JOHNNA EISENMANN,,MISSOULA,MT,59808-1549,,,GRANT CREEK RANCH LLC,101 INTERNATIONAL DR ATTN JOHNNA EISENMANN MISSOULA MT 59808 1549,exact normalized owner-name match to supplied conditional seed; broad keyword in OwnerName: GRANT CREEK; normalized mailing address matches Washington Companies HQ,strong_candidate
46198222404010000,2026,1338084,0001490129,Vacant Land,Granite,WASHINGTON LIMESTONE LLC,40.0,101 INTERNATIONAL DRIVE,,,MISSOULA,MT,59808,,,WASHINGTON LIMESTONE LLC,101 INTERNATIONAL DR MISSOULA MT 59808,exact normalized owner-name match to supplied conditional seed; broad keyword in OwnerName: WASHINGTON; broad keyword in OwnerName: LIMESTONE; normalized mailing address matches Washington Companies HQ,strong_candidate
04232620401070000,2026,372510,0005898403,Vacant Land,Missoula,GRANT CREEK RANCH LLC,29.41,101 INTERNATIONAL DR,ATTN: JOHNNA EISENMANN,,MISSOULA,MT,59808-1549,,,GRANT CREEK RANCH LLC,101 INTERNATIONAL DR ATTN JOHNNA EISENMANN MISSOULA MT 59808 1549,exact normalized owner-name match to supplied conditional seed; broad keyword in OwnerName: GRANT CREEK; normalized mailing address matches Washington Companies HQ,strong_candidate
46198225303010000,2026,1338288,0001490271,Vacant Land,Granite,WASHINGTON LIMESTONE LLC,21.615,101 INTERNATIONAL DRIVE,,,MISSOULA,MT,59808,,,WASHINGTON LIMESTONE LLC,101 INTERNATIONAL DR MISSOULA MT 59808,exact normalized owner-name match to supplied conditional seed; broad keyword in OwnerName: WASHINGTON; broad keyword in OwnerName: LIMESTONE; normalized mailing address matches Washington Companies HQ,strong_candidate
46198226103010000,2026,1453962,0001490271,Vacant Land,Granite,WASHINGTON LIMESTONE LLC,20.633,101 INTERNATIONAL DRIVE,,,MISSOULA,MT,59808,,,WASHINGTON LIMESTONE LLC,101 INTERNATIONAL DR MISSOULA MT 59808,exact normalized owner-name match to supplied conditional seed; broad keyword in OwnerName: WASHINGTON; broad keyword in OwnerName: LIMESTONE; normalized mailing address matches Washington Companies HQ,strong_candidate
04232628210030000,2026,334528,0000768801,Vacant Land,Missoula,GRANT CREEK RANCH  LLC,20.0,101 INTERNATIONAL DR,ATTN: JOHNNA EISENMANN,,MISSOULA,MT,59808-1549,,,GRANT CREEK RANCH LLC,101 INTERNATIONAL DR ATTN JOHNNA EISENMANN MISSOULA MT 59808 1549,exact normalized owner-name match to supplied conditional seed; broad keyword in OwnerName: GRANT CREEK; normalized mailing address matches Washington Companies HQ,strong_candidate
04232621301050000,2026,374563,0006003366,Vacant Land,Missoula,GRANT CREEK RANCH LLC,19.2,101 INTERNATIONAL DR,ATTN: JOHNNA EISENMANN,,MISSOULA,MT,59808-1549,,,GRANT CREEK RANCH LLC,101 INTERNATIONAL DR ATTN JOHNNA EISENMANN MISSOULA MT 59808 1549,exact normalized owner-name match to supplied conditional seed; broad keyword in OwnerName: GRANT CREEK; normalized mailing address matches Washington Companies HQ,strong_candidate
04232629101100000,2026,355621,0003276501,Vacant Land,Missoula,GRANT CREEK RANCH LLC,18.0,101 INTERNATIONAL DR,ATTN: JOHNNA EISENMANN,,MISSOULA,MT,59808-1549,,,GRANT CREEK RANCH LLC,101 INTERNATIONAL DR ATTN JOHNNA EISENMANN MISSOULA MT 59808 1549,exact normalized owner-name match to supplied conditional seed; broad keyword in OwnerName: GRANT CREEK; normalized mailing address matches Washington Companies HQ,strong_candidate
04232628210010000,2026,334529,0000768907,Vacant Land,Missoula,GRANT CREEK RANCH LLC,17.21,101 INTERNATIONAL DR,ATTN: JOHNNA EISENMANN,,MISSOULA,MT,59808-1549,,,GRANT CREEK RANCH LLC,101 INTERNATIONAL DR ATTN JOHNNA EISENMANN MISSOULA MT 59808 1549,exact normalized owner-name match to supplied conditional seed; broad keyword in OwnerName: GRANT CREEK; normalized mailing address matches Washington Companies HQ,strong_candidate
04232621301090000,2026,373682,0005939608,Vacant Land,Missoula,GRANT CREEK RANCH LLC,17.04,101 INTERNATIONAL DR,ATTN: JOHNNA EISENMANN,,MISSOULA,MT,59808-1549,,,GRANT CREEK RANCH LLC,101 INTERNATIONAL DR ATTN JOHNNA EISENMANN MISSOULA MT 59808 1549,exact normalized owner-name match to supplied conditional seed; broad keyword in OwnerName: GRANT CREEK; normalized mailing address matches Washington Companies HQ,strong_candidate
04232619203010000,2026,373789,0005951304,Vacant Land,Missoula,GRANT CREEK RANCH LLC,10.43,101 INTERNATIONAL DR,ATTN: JOHNNA EISENMANN,,MISSOULA,MT,59808-1549,,,GRANT CREEK RANCH LLC,101 INTERNATIONAL DR ATTN JOHNNA EISENMANN MISSOULA MT 59808 1549,exact normalized owner-name match to supplied conditional seed; broad keyword in OwnerName: GRANT CREEK; normalized mailing address matches Washington Companies HQ,strong_candidate
04232620401050000,2026,371688,0005861811,Vacant Land,Missoula,GRANT CREEK RANCH LLC,6.02,101 INTERNATIONAL DR,ATTN: JOHNNA EISENMANN,,MISSOULA,MT,59808-1549,,,GRANT CREEK RANCH LLC,101 INTERNATIONAL DR ATTN JOHNNA EISENMANN MISSOULA MT 59808 1549,exact normalized owner-name match to supplied conditional seed; broad keyword in OwnerName: GRANT CREEK; normalized mailing address matches Washington Companies HQ,strong_candidate
04232632101070000,2026,374562,0006003353,Vacant Land,Missoula,GRANT CREEK RANCH LLC,2.94,101 INTERNATIONAL DR,ATTN: JOHNNA EISENMANN,,MISSOULA,MT,59808-1549,,,GRANT CREEK RANCH LLC,101 INTERNATIONAL DR ATTN JOHNNA EISENMANN MISSOULA MT 59808 1549,exact normalized owner-name match to supplied conditional seed; broad keyword in OwnerName: GRANT CREEK; normalized mailing address matches Washington Companies HQ,strong_candidate
46198431303160000,2026,1338283,0001490270,Vacant Land,Granite,WASHINGTON LIMESTONE LLC,2.21,101 INTERNATIONAL DRIVE,,,MISSOULA,MT,59808,,,WASHINGTON LIMESTONE LLC,101 INTERNATIONAL DR MISSOULA MT 59808,exact normalized owner-name match to supplied conditional seed; broad keyword in OwnerName: WASHINGTON; broad keyword in OwnerName: LIMESTONE; normalized mailing address matches Washington Companies HQ,strong_candidate
46198431303110000,2026,1338277,0001490270,Vacant Land,Granite,WASHINGTON LIMESTONE LLC,2.14,101 INTERNATIONAL DRIVE,,,MISSOULA,MT,59808,,,WASHINGTON LIMESTONE LLC,101 INTERNATIONAL DR MISSOULA MT 59808,exact normalized owner-name match to supplied conditional seed; broad keyword in OwnerName: WASHINGTON; broad keyword in OwnerName: LIMESTONE; normalized mailing address matches Washington Companies HQ,strong_candidate
04232629101090000,2026,358559,0003577102,Vacant Land,Missoula,GRANT CREEK RANCH LLC,1.79,101 INTERNATIONAL DR,ATTN: JOHNNA EISENMANN,,MISSOULA,MT,59808-1549,,,GRANT CREEK RANCH LLC,101 INTERNATIONAL DR ATTN JOHNNA EISENMANN MISSOULA MT 59808 1549,exact normalized owner-name match to supplied conditional seed; broad keyword in OwnerName: GRANT CREEK; normalized mailing address matches Washington Companies HQ,strong_candidate
46198431303120000,2026,1338278,0001490270,Vacant Land,Granite,WASHINGTON LIMESTONE LLC,1.77,101 INTERNATIONAL DRIVE,,,MISSOULA,MT,59808,,,WASHINGTON LIMESTONE LLC,101 INTERNATIONAL DR MISSOULA MT 59808,exact normalized owner-name match to supplied conditional seed; broad keyword in OwnerName: WASHINGTON; broad keyword in OwnerName: LIMESTONE; normalized mailing address matches Washington Companies HQ,strong_candidate
46198431303150000,2026,1338282,0001490270,Vacant Land,Granite,WASHINGTON LIMESTONE LLC,1.6,101 INTERNATIONAL DRIVE,,,MISSOULA,MT,59808,,,WASHINGTON LIMESTONE LLC,101 INTERNATIONAL DR MISSOULA MT 59808,exact normalized owner-name match to supplied conditional seed; broad keyword in OwnerName: WASHINGTON; broad keyword in OwnerName: LIMESTONE; normalized mailing address matches Washington Companies HQ,strong_candidate
46198431303140000,2026,1338281,0001490270,Vacant Land,Granite,WASHINGTON LIMESTONE LLC,1.41,101 INTERNATIONAL DRIVE,,,MISSOULA,MT,59808,,,WASHINGTON LIMESTONE LLC,101 INTERNATIONAL DR MISSOULA MT 59808,exact normalized owner-name match to supplied conditional seed; broad keyword in OwnerName: WASHINGTON; broad keyword in OwnerName: LIMESTONE; normalized mailing address matches Washington Companies HQ,strong_candidate
46198431303130000,2026,1338280,0001490270,Vacant Land,Granite,WASHINGTON LIMESTONE LLC,1.34,101 INTERNATIONAL DRIVE,,,MISSOULA,MT,59808,,,WASHINGTON LIMESTONE LLC,101 INTERNATIONAL DR MISSOULA MT 59808,exact normalized owner-name match to supplied conditional seed; broad keyword in OwnerName: WASHINGTON; broad keyword in OwnerName: LIMESTONE; normalized mailing address matches Washington Companies HQ,strong_candidate
46198431303170000,2026,1338284,0001490270,Vacant Land,Granite,WASHINGTON LIMESTONE LLC,1.29,101 INTERNATIONAL DRIVE,,,MISSOULA,MT,59808,,,WASHINGTON LIMESTONE LLC,101 INTERNATIONAL DR MISSOULA MT 59808,exact normalized owner-name match to supplied conditional seed; broad keyword in OwnerName: WASHINGTON; broad keyword in OwnerName: LIMESTONE; normalized mailing address matches Washington Companies HQ,strong_candidate
46198431303180000,2026,1338286,0001490270,Vacant Land,Granite,WASHINGTON LIMESTONE LLC,1.09,101 INTERNATIONAL DRIVE,,,MISSOULA,MT,59808,,,WASHINGTON LIMESTONE LLC,101 INTERNATIONAL DR MISSOULA MT 59808,exact normalized owner-name match to supplied conditional seed; broad keyword in OwnerName: WASHINGTON; broad keyword in OwnerName: LIMESTONE; normalized mailing address matches Washington Companies HQ,strong_candidate
04232522202190000,2026,371844,0005863559,Improved Property,Missoula,GRANT CREEK RANCH LLC,1.064,101 INTERNATIONAL DR,ATTN: JOHNNA EISENMANN,,MISSOULA,MT,59808-1549,,,GRANT CREEK RANCH LLC,101 INTERNATIONAL DR ATTN JOHNNA EISENMANN MISSOULA MT 59808 1549,exact normalized owner-name match to supplied conditional seed; broad keyword in OwnerName: GRANT CREEK; normalized mailing address matches Washington Companies HQ,strong_candidate
46198431303190000,2026,1338285,0001490270,Vacant Land,Granite,WASHINGTON LIMESTONE LLC,1.02,101 INTERNATIONAL DRIVE,,,MISSOULA,MT,59808,,,WASHINGTON LIMESTONE LLC,101 INTERNATIONAL DR MISSOULA MT 59808,exact normalized owner-name match to supplied conditional seed; broad keyword in OwnerName: WASHINGTON; broad keyword in OwnerName: LIMESTONE; normalized mailing address matches Washington Companies HQ,strong_candidate
46198226404010000,2026,1453964,0001490271,Vacant Land,Granite,WASHINGTON LIMESTONE LLC,0.03,101 INTERNATIONAL DRIVE,,,MISSOULA,MT,59808,,,WASHINGTON LIMESTONE LLC,101 INTERNATIONAL DR MISSOULA MT 59808,exact normalized owner-name match to supplied conditional seed; broad keyword in OwnerName: WASHINGTON; broad keyword in OwnerName: LIMESTONE; normalized mailing address matches Washington Companies HQ,strong_candidate
16240324201010000,2026,999774,000RJE2757,Improved Property,Dawson,YELLOWSTONE RANCH PROPERTIES LLC,781.7,22108 9TH AVE SE,,,BOTHELL,WA,98021-8263,,A WASHINGTON LIMITED LIABLITLIY COMPANY,YELLOWSTONE RANCH PROPERTIES LLC,22108 9TH AVE SE BOTHELL WA 98021 8263,broad WASHINGTON keyword in CareOfTaxp; surname/term alone is not a link,unrelated
06100935201010100,2026,632848,00RUT24490,Vacant Land,Gallatin,MONTANA RAIL LINK INC,197.467,PO BOX 16390,,,MISSOULA,MT,59808-6390,,,MONTANA RAIL LINK INC,PO BOX 16390 MISSOULA MT 59808 6390,,unrelated
49111433490900000,2026,667687,0006108900,Vacant Land,Park,MONTANA RAIL LINK INC,139.73,PO BOX 16390,,,MISSOULA,MT,59808-6390,,,MONTANA RAIL LINK INC,PO BOX 16390 MISSOULA MT 59808 6390,,unrelated
25059307101010100,2026,1624777,0003001258,Vacant Land,Madison,MONTANA RAIL LINK INC,125.649,MAIL TO: REAL ESTATE DEPT,PO BOX 16624,,MISSOULA,MT,59808-6624,,,MONTANA RAIL LINK INC,MAIL TO REAL ESTATE DEPT PO BOX 16624 MISSOULA MT 59808 6624,,unrelated
49090916190900000,2026,663154,0003508900,Vacant Land,Park,MONTANA RAIL LINK INC,112.56,PO BOX 16390,,,MISSOULA,MT,59808-6390,,,MONTANA RAIL LINK INC,PO BOX 16390 MISSOULA MT 59808 6390,,unrelated
25059321301010100,2026,1624779,0003001260,Vacant Land,Madison,MONTANA RAIL LINK INC,97.417,MAIL TO: REAL ESTATE DEPT,PO BOX 16624,,MISSOULA,MT,59808-6624,,,MONTANA RAIL LINK INC,MAIL TO REAL ESTATE DEPT PO BOX 16624 MISSOULA MT 59808 6624,,unrelated
48421327302010000,2026,1474796,0000000356,Exempt Property,Liberty,UNITED STATES OF AMERICA OF WASHINGTON DC,97.22,MAIL TO BUREAU OF RECLAMATION,PO BOX 100,,HELENA,MT,59624-0100,,,UNITED STATES OF AMERICA OF WASHINGTON DC,MAIL TO BUREAU OF RECLAMATION PO BOX 100 HELENA MT 59624 0100,broad WASHINGTON keyword in OwnerName; surname/term alone is not a link,unrelated
49121519390900000,2026,668571,0006441900,Vacant Land,Park,MONTANA RAIL LINK INC,93.93,PO BOX 16390,,,MISSOULA,MT,59808-6390,,,MONTANA RAIL LINK INC,PO BOX 16390 MISSOULA MT 59808 6390,,unrelated
25068715101010100,2026,1624780,0003001261,Vacant Land,Madison,MONTANA RAIL LINK INC,67.376,MAIL TO: REAL ESTATE DEPT,PO BOX 16624,,MISSOULA,MT,59808-6624,,,MONTANA RAIL LINK INC,MAIL TO REAL ESTATE DEPT PO BOX 16624 MISSOULA MT 59808 6624,,unrelated
25089615101010100,2026,1624806,0003001265,Vacant Land,Madison,MONTANA RAIL LINK INC,57.391,MAIL TO: REAL ESTATE DEPT,PO BOX 16624,,MISSOULA,MT,59808-6624,,,MONTANA RAIL LINK INC,MAIL TO REAL ESTATE DEPT PO BOX 16624 MISSOULA MT 59808 6624,,unrelated
51109927401990000,2026,1113264,0000004817,CN - Centrally Assessed Non-Valued Property,Jefferson,MONTANA RAIL LINK,53.8,PO BOX 16390,101 INTERNATIONAL WAY,,MISSOULA,MT,59808-6390,,MR MICHAEL BASILE,MONTANA RAIL LINK,PO BOX 16390 101 INTERNATIONAL WAY MISSOULA MT 59808 6390,,unrelated
51109918202010000,2026,1540370,00000A4281,CN - Centrally Assessed Non-Valued Property,Jefferson,MONTANA RAIL LINK INC,50.6,PO BOX 16624,,,MISSOULA,MT,59808-6624,,BECKWITH THERESA,MONTANA RAIL LINK INC,PO BOX 16624 MISSOULA MT 59808 6624,,unrelated
25059603401150000,2026,915031,0027039503,Improved Property,Madison,WASHINGTON BAR RANCH LLC,49.88,334 SEVERN RD,,,ANNAPOLIS,MD,21401-6650,,SAVAGE DARRYL HOWARD,WASHINGTON BAR RANCH LLC,334 SEVERN RD ANNAPOLIS MD 21401 6650,broad WASHINGTON keyword in OwnerName; surname/term alone is not a link,unrelated
05188827201050000,2026,536068,0000038039,Improved Property,Lewis and Clark,COPART OF WASHINGTON INC,44.009,14185 DALLAS PKWY STE 300,,,DALLAS,TX,75254-1327,,,COPART OF WASHINGTON INC,14185 DALLAS PKWY STE 300 DALLAS TX 75254 1327,broad WASHINGTON keyword in OwnerName; surname/term alone is not a link,unrelated
04209226101020000,2026,1624737,0424199206,Vacant Land,Missoula,MONTANA RAIL LINK,39.471,ATTN REAL ESTATE DEPARTMENT,PO BOX 16624,,MISSOULA,MT,59808,,,MONTANA RAIL LINK,ATTN REAL ESTATE DEPARTMENT PO BOX 16624 MISSOULA MT 59808,,unrelated
06100914101010100,2026,632846,00RUT24488,Vacant Land,Gallatin,MONTANA RAIL LINK INC,39.375,PO BOX 16390,,,MISSOULA,MT,59808-6390,,,MONTANA RAIL LINK INC,PO BOX 16390 MISSOULA MT 59808 6390,,unrelated
25089127401010100,2026,1624803,0003001262,Vacant Land,Madison,MONTANA RAIL LINK INC,35.108,MAIL TO: REAL ESTATE DEPT,PO BOX 16624,,MISSOULA,MT,59808-6624,,,MONTANA RAIL LINK INC,MAIL TO REAL ESTATE DEPT PO BOX 16624 MISSOULA MT 59808 6624,,unrelated
04197526101110000,2026,1624736,0424199205,Vacant Land,Missoula,MONTANA RAIL LINK,34.612,ATTN REAL ESTATE DEPARTMENT,PO BOX 16624,,MISSOULA,MT,59808,,,MONTANA RAIL LINK,ATTN REAL ESTATE DEPARTMENT PO BOX 16624 MISSOULA MT 59808,,unrelated
51109920202010000,2026,1540373,0000009285,CN - Centrally Assessed Non-Valued Property,Jefferson,MONTANA RAIL LINK INC,33.0,PO BOX 16624,,,MISSOULA,MT,59808-6624,,BECKWITH THERESA,MONTANA RAIL LINK INC,PO BOX 16624 MISSOULA MT 59808 6624,,unrelated
04220009301082000,2026,358985,0003625806,Vacant Land,Missoula,MONTANA RAIL LINK,31.12,ATTN REAL ESTATE DEPARTMENT,PO BOX 16624,,MISSOULA,MT,59808-6624,,,MONTANA RAIL LINK,ATTN REAL ESTATE DEPARTMENT PO BOX 16624 MISSOULA MT 59808 6624,,unrelated
04209202101110000,2026,1624735,0424199204,Vacant Land,Missoula,MONTANA RAIL LINK,30.89,ATTN REAL ESTATE DEPARTMENT,PO BOX 16624,,MISSOULA,MT,59808,,,MONTANA RAIL LINK,ATTN REAL ESTATE DEPARTMENT PO BOX 16624 MISSOULA MT 59808,,unrelated
25059603401010000,2026,915025,0027039404,Vacant Land,Madison,WASHINGTON BAR RANCH LLC,30.43,334 SEVERN RD,,,ANNAPOLIS,MD,21401-6650,,SAVAGE DARRYL HOWARD,WASHINGTON BAR RANCH LLC,334 SEVERN RD ANNAPOLIS MD 21401 6650,broad WASHINGTON keyword in OwnerName; surname/term alone is not a link,unrelated
35275208101010100,2026,1625076,0000012007,Vacant Land,Sanders,MONTANA RAIL LINK,29.606,MAIL TO: WASHINGTON CORP,PO BOX 16630,,MISSOULA,MT,59808-6630,,,MONTANA RAIL LINK,MAIL TO WASHINGTON CORP PO BOX 16630 MISSOULA MT 59808 6630,normalized mailing address matches Washington Companies HQ; known historical or unrelated record; excluded from current total,unrelated
25089114401010100,2026,1624804,0003001263,Vacant Land,Madison,MONTANA RAIL LINK INC,27.334,MAIL TO: REAL ESTATE DEPT,PO BOX 16624,,MISSOULA,MT,59808-6624,,,MONTANA RAIL LINK INC,MAIL TO REAL ESTATE DEPT PO BOX 16624 MISSOULA MT 59808 6624,,unrelated
15322823101080000,2026,953351,0000030402,Vacant Land,Lake,MONTANA RAIL LINK INC,26.822,PO BOX 16390,,,MISSOULA,MT,59808-6390,,,MONTANA RAIL LINK INC,PO BOX 16390 MISSOULA MT 59808 6390,,unrelated
03103408401010000,2026,256235,000D06329A,Vacant Land,Yellowstone,COPART OF WASHINGTON INC,25.423,14185 DALLAS PKWY STE 300,,,DALLAS,TX,75254-1327,,,COPART OF WASHINGTON INC,14185 DALLAS PKWY STE 300 DALLAS TX 75254 1327,broad WASHINGTON keyword in OwnerName; surname/term alone is not a link,unrelated
51109936302010000,2026,1540397,0000009285,CN - Centrally Assessed Non-Valued Property,Jefferson,MONTANA RAIL LINK INC,24.9,PO BOX 16624,,,MISSOULA,MT,59808-6624,,BECKWITH THERESA,MONTANA RAIL LINK INC,PO BOX 16624 MISSOULA MT 59808 6624,,unrelated
14174005401040000,2026,1090273,000RST4433,Vacant Land,Custer,WASHINGTON PATRICIA C & ROBERT O JR,22.02,PO BOX 1382,,,MILES CITY,MT,59301-1382,,,WASHINGTON PATRICIA C AND ROBERT O JR,PO BOX 1382 MILES CITY MT 59301 1382,broad WASHINGTON keyword in OwnerName; surname/term alone is not a link,unrelated
25059603401050000,2026,915027,0027039405,Vacant Land,Madison,WASHINGTON BAR RANCH LLC,21.67,334 SEVERN RD,,,ANNAPOLIS,MD,21401-6650,,SAVAGE DARRYL HOWARD,WASHINGTON BAR RANCH LLC,334 SEVERN RD ANNAPOLIS MD 21401 6650,broad WASHINGTON keyword in OwnerName; surname/term alone is not a link,unrelated
25059317201010100,2026,1624775,0003001257,Vacant Land,Madison,MONTANA RAIL LINK INC,21.334,MAIL TO: REAL ESTATE DEPT,PO BOX 16624,,MISSOULA,MT,59808-6624,,,MONTANA RAIL LINK INC,MAIL TO REAL ESTATE DEPT PO BOX 16624 MISSOULA MT 59808 6624,,unrelated
25089602101010100,2026,1624807,0003001266,Vacant Land,Madison,MONTANA RAIL LINK INC,21.306,MAIL TO: REAL ESTATE DEPT,PO BOX 16624,,MISSOULA,MT,59808-6624,,,MONTANA RAIL LINK INC,MAIL TO REAL ESTATE DEPT PO BOX 16624 MISSOULA MT 59808 6624,,unrelated
13176435202060000,2026,739773,0000453910,Vacant Land,Ravalli,MONTANA RAIL LINK,21.16,PO BOX 16390,,,MISSOULA,MT,59808-6390,,,MONTANA RAIL LINK,PO BOX 16390 MISSOULA MT 59808 6390,,unrelated
14174005401030000,2026,1090267,000RST4427,Improved Property,Custer,WASHINGTON ROBERT O JR & PATRICIA C,20.58,PO BOX 1382,,,MILES CITY,MT,59301-1382,,,WASHINGTON ROBERT O JR AND PATRICIA C,PO BOX 1382 MILES CITY MT 59301 1382,broad WASHINGTON keyword in OwnerName; surname/term alone is not a link,unrelated
04220032101040000,2026,1624729,0424199198,Vacant Land,Missoula,MONTANA RAIL LINK,20.021,ATTN REAL ESTATE DEPARTMENT,PO BOX 16624,,MISSOULA,MT,59808,,,MONTANA RAIL LINK,ATTN REAL ESTATE DEPARTMENT PO BOX 16624 MISSOULA MT 59808,,unrelated
06079908215010000,2026,632845,00RUT20561,Vacant Land,Gallatin,MONTANA RAIL LINK INC,19.78,PO BOX 16390,,,MISSOULA,MT,59808-6390,,,MONTANA RAIL LINK INC,PO BOX 16390 MISSOULA MT 59808 6390,,unrelated
04209215101160000,2026,1624732,0424199201,Vacant Land,Missoula,MONTANA RAIL LINK,19.467,ATTN REAL ESTATE DEPARTMENT,PO BOX 16624,,MISSOULA,MT,59808-6624,,,MONTANA RAIL LINK,ATTN REAL ESTATE DEPARTMENT PO BOX 16624 MISSOULA MT 59808 6624,,unrelated
51109935202050000,2026,1513598,0000004817,CN - Centrally Assessed Non-Valued Property,Jefferson,MONTANA RAIL LINK,19.2,PO BOX 16390,101 INTERNATIONAL WAY,,MISSOULA,MT,59808-6390,,MR MICHAEL BASILE,MONTANA RAIL LINK,PO BOX 16390 101 INTERNATIONAL WAY MISSOULA MT 59808 6390,,unrelated
13176411101030000,2026,759880,0001493200,Vacant Land,Ravalli,MONTANA RAIL LINK,18.99,PO BOX 16390,,,MISSOULA,MT,59808-6390,,,MONTANA RAIL LINK,PO BOX 16390 MISSOULA MT 59808 6390,,unrelated
03103326301200000,2026,248661,000C16674A,Improved Property,Yellowstone,COPART OF WASHINGTON INC,18.231,14185 DALLAS PKWY STE 300,,,DALLAS,TX,75254-1327,,,COPART OF WASHINGTON INC,14185 DALLAS PKWY STE 300 DALLAS TX 75254 1327,broad WASHINGTON keyword in OwnerName; surname/term alone is not a link,unrelated
51109921203010000,2026,1540395,0000009285,CN - Centrally Assessed Non-Valued Property,Jefferson,MONTANA RAIL LINK INC,16.5,PO BOX 16624,,,MISSOULA,MT,59808-6624,,BECKWITH THERESA,MONTANA RAIL LINK INC,PO BOX 16624 MISSOULA MT 59808 6624,,unrelated
04220021101040000,2026,1624727,0424199196,Vacant Land,Missoula,MONTANA RAIL LINK,16.219,ATTN REAL ESTATE DEPARTMENT,PO BOX 16624,,MISSOULA,MT,59808,,,MONTANA RAIL LINK,ATTN REAL ESTATE DEPARTMENT PO BOX 16624 MISSOULA MT 59808,,unrelated
04197514101060000,2026,1624734,0424199203,Vacant Land,Missoula,MONTANA RAIL LINK,15.978,ATTN REAL ESTATE DEPARTMENT,PO BOX 16624,,MISSOULA,MT,59808,,,MONTANA RAIL LINK,ATTN REAL ESTATE DEPARTMENT PO BOX 16624 MISSOULA MT 59808,,unrelated
25042005101010100,2026,1624778,0003001259,Vacant Land,Madison,MONTANA RAIL LINK INC,15.892,MAIL TO: REAL ESTATE DEPT,PO BOX 16624,,MISSOULA,MT,59808-6624,,,MONTANA RAIL LINK INC,MAIL TO REAL ESTATE DEPT PO BOX 16624 MISSOULA MT 59808 6624,,unrelated
06079616101010100,2026,632847,00RUT24489,Vacant Land,Gallatin,MONTANA RAIL LINK,15.195,PO BOX 16390,,,MISSOULA,MT,59808-6390,,,MONTANA RAIL LINK,PO BOX 16390 MISSOULA MT 59808 6390,,unrelated
04209222101240000,2026,1624733,0424199202,Vacant Land,Missoula,MONTANA RAIL LINK,14.14,ATTN REAL ESTATE DEPARTMEN,PO BOX 16624,,MISSOULA,MT,59808,,,MONTANA RAIL LINK,ATTN REAL ESTATE DEPARTMEN PO BOX 16624 MISSOULA MT 59808,,unrelated
51099805202010000,2026,1540363,00000A4282,CN - Centrally Assessed Non-Valued Property,Jefferson,MONTANA RAIL LINK INC,14.0,PO BOX 16624,,,MISSOULA,MT,59808-6624,,BECKWITH THERESA,MONTANA RAIL LINK INC,PO BOX 16624 MISSOULA MT 59808 6624,,unrelated
49111433190900000,2026,658326,0000029740,Vacant Land,Park,MONTANA RAIL LINK INC,13.53,PO BOX 16390,,,MISSOULA,MT,59808-6390,,,MONTANA RAIL LINK INC,PO BOX 16390 MISSOULA MT 59808 6390,,unrelated
25068727101010100,2026,1624766,0003001254,Vacant Land,Madison,MONTANA RAIL LINK INC,12.32,MAIL TO: REAL ESTATE DEPT,PO BOX 16624,,MISSOULA,MT,59808-6624,,,MONTANA RAIL LINK INC,MAIL TO REAL ESTATE DEPT PO BOX 16624 MISSOULA MT 59808 6624,,unrelated
15322810255010000,2026,951517,0000023009,Vacant Land,Lake,MONTANA RAIL LINK INC,12.12,PO BOX 16390,,,MISSOULA,MT,59808-6390,,,MONTANA RAIL LINK INC,PO BOX 16390 MISSOULA MT 59808 6390,,unrelated
25089610101010100,2026,1624805,0003001264,Vacant Land,Madison,MONTANA RAIL LINK INC,11.744,MAIL TO: REAL ESTATE DEPT,PO BOX 16624,,MISSOULA,MT,59808-6624,,,MONTANA RAIL LINK INC,MAIL TO REAL ESTATE DEPT PO BOX 16624 MISSOULA MT 59808 6624,,unrelated
51110031303100000,2026,1540398,0000009285,CN - Centrally Assessed Non-Valued Property,Jefferson,MONTANA RAIL LINK INC,11.1,PO BOX 16624,,,MISSOULA,MT,59808-6624,,BECKWITH THERESA,MONTANA RAIL LINK INC,PO BOX 16624 MISSOULA MT 59808 6624,,unrelated
04197511101020000,2026,1624738,0424199207,Vacant Land,Missoula,MONTANA RAIL LINK,10.578,ATTN REAL ESTATE DEPARTMENT,PO BOX 16624,,MISSOULA,MT,59808,,,MONTANA RAIL LINK,ATTN REAL ESTATE DEPARTMENT PO BOX 16624 MISSOULA MT 59808,,unrelated
13186935301010000,2026,759882,0001493400,Vacant Land,Ravalli,MONTANA RAIL LINK,10.0,PO BOX 16390,,,MISSOULA,MT,59808-6390,,,MONTANA RAIL LINK,PO BOX 16390 MISSOULA MT 59808 6390,,unrelated
03103408470010000,2026,256237,000D06331A,Improved Property,Yellowstone,MONTANA RAIL LINK,10.0,PO BOX 16624,,,MISSOULA,MT,59808-6624,,,MONTANA RAIL LINK,PO BOX 16624 MISSOULA MT 59808 6624,,unrelated
04219811101090000,2026,352628,0002474778,Improved Property,Missoula,WASHINGTON PROPERTIES LLC,10.0,3590 GALBAVY DR,,,MISSOULA,MT,59804-9317,,,WASHINGTON PROPERTIES LLC,3590 GALBAVY DR MISSOULA MT 59804 9317,broad WASHINGTON keyword in OwnerName; surname/term alone is not a link,unrelated
49080213201900000,2026,658050,0000028096,CN - Centrally Assessed Non-Valued Property,Park,MONTANA RAIL LINK INC,9.487,101 INTERNATIONAL DR,,,MISSOULA,MT,59808-1549,,,MONTANA RAIL LINK INC,101 INTERNATIONAL DR MISSOULA MT 59808 1549,normalized mailing address matches Washington Companies HQ; known historical or unrelated record; excluded from current total,unrelated
15322823101070000,2026,953350,0000030402,Vacant Land,Lake,MONTANA RAIL LINK INC,9.35,PO BOX 16390,,,MISSOULA,MT,59808-6390,,,MONTANA RAIL LINK INC,PO BOX 16390 MISSOULA MT 59808 6390,,unrelated
15322809144030000,2026,951523,0000023017,Vacant Land,Lake,MONTANA RAIL LINK INC,9.071,PO BOX 16624,,,MISSOULA,MT,59808-6624,,,MONTANA RAIL LINK INC,PO BOX 16624 MISSOULA MT 59808 6624,,unrelated
07383427201950000,2026,438154,0000001876,Improved Property,Flathead,WASHINGTON PARK COMMERCIAL CENTER LLC,8.56,2400 OLD FORT RD,,,MISSOULA,MT,59804-7421,,MERCER JOANN,WASHINGTON PARK COMMERCIAL CENTER LLC,2400 OLD FORT RD MISSOULA MT 59804 7421,broad WASHINGTON keyword in OwnerName; surname/term alone is not a link,unrelated
43159130203012000,2026,1040747,0007003020,Industrial Property,Broadwater,MONT RAIL LINK,8.358,PO BOX 16624,,,MISSOULA,MT,59808-6624,,,MONT RAIL LINK,PO BOX 16624 MISSOULA MT 59808 6624,,unrelated
51109917302010000,2026,1540367,00000A4281,CN - Centrally Assessed Non-Valued Property,Jefferson,MONTANA RAIL LINK INC,7.9,PO BOX 16624,,,MISSOULA,MT,59808-6624,,BECKWITH THERESA,MONTANA RAIL LINK INC,PO BOX 16624 MISSOULA MT 59808 6624,,unrelated
25089731301010100,2026,1624772,0003001255,Vacant Land,Madison,MONTANA RAIL LINK INC,7.781,MAIL TO: REAL ESTATE DEPT,PO BOX 16624,,MISSOULA,MT,59808-6624,,,MONTANA RAIL LINK INC,MAIL TO REAL ESTATE DEPT PO BOX 16624 MISSOULA MT 59808 6624,,unrelated
04220021110020000,2026,1624728,0424199197,Vacant Land,Missoula,MONTANA RAIL LINK,7.78,PO BOX 16624,,,MISSOULA,MT,59808-6624,,,MONTANA RAIL LINK,PO BOX 16624 MISSOULA MT 59808 6624,,unrelated
10027217106010000,2026,41315,0607280102,Vacant Land,Carbon,1148 WASHINGTON ST A LLC,7.65,8082 50TH DRIVE,,,DENVER,CO,80238,,,1148 WASHINGTON ST A LLC,8082 50TH DR DENVER CO 80238,broad WASHINGTON keyword in OwnerName; surname/term alone is not a link,unrelated
35275204101010100,2026,1625075,0000015298,Vacant Land,Sanders,MONTANA RAIL LINK,6.602,MAIL TO: WASHINGTON CORP,PO BOX 16630,,MISSOULA,MT,59808-6630,,,MONTANA RAIL LINK,MAIL TO WASHINGTON CORP PO BOX 16630 MISSOULA MT 59808 6630,normalized mailing address matches Washington Companies HQ; known historical or unrelated record; excluded from current total,unrelated
25042009302200100,2026,1624752,0003001252,Vacant Land,Madison,MONTANA RAIL LINK INC,6.344,MAIL TO: REAL ESTATE DEPT,PO BOX 16624,,MISSOULA,MT,59808-6624,,,MONTANA RAIL LINK INC,MAIL TO REAL ESTATE DEPT PO BOX 16624 MISSOULA MT 59808 6624,,unrelated
04220009401030000,2026,375017,0006007175,Vacant Land,Missoula,MONTANA RAIL LINK INC,6.3,PO BOX 16630,,,MISSOULA,MT,59808-6630,,,MONTANA RAIL LINK INC,PO BOX 16630 MISSOULA MT 59808 6630,normalized mailing address matches Washington Companies HQ; known historical or unrelated record; excluded from current total,unrelated
13156533101240000,2026,759832,0001488200,Vacant Land,Ravalli,MONTANA RAIL LINK,5.07,MONTANA RAIL LINK INC - ADD ONLY-,ATTN: REAL ESTATE DEPARTMENT,PO BOX 16624,MISSOULA,MT,59808-6624,,,MONTANA RAIL LINK,MONTANA RAIL LINK INC ADD ONLY ATTN REAL ESTATE DEPARTMENT PO BOX 16624 MISSOULA MT 59808 6624,,unrelated
02301406101080001,2026,134017,0003009202,Vacant Land,Cascade,WASHINGTON MATTHEW,5.03,3409 11TH AVE S APT 11,,,GREAT FALLS,MT,59405-5582,,,WASHINGTON MATTHEW,3409 11TH AVE S APT 11 GREAT FALLS MT 59405 5582,broad WASHINGTON keyword in OwnerName; surname/term alone is not a link,unrelated
51109926303100000,2026,1518710,0000004817,CN - Centrally Assessed Non-Valued Property,Jefferson,MONTANA RAIL LINK,5.0,PO BOX 16390,101 INTERNATIONAL WAY,,MISSOULA,MT,59808-6390,,MR MICHAEL BASILE,MONTANA RAIL LINK,PO BOX 16390 101 INTERNATIONAL WAY MISSOULA MT 59808 6390,,unrelated
07429124302010000,2026,1609437,0000015839,Vacant Land,Flathead,WASHINGTON FOUNDATIONS,4.888,305 E 1ST ST UNIT 1140,,,CLE ELUM,WA,98922-4146,,,WASHINGTON FOUNDATIONS,305 E 1ST ST UNIT 1140 CLE ELUM WA 98922 4146,broad WASHINGTON keyword in OwnerName; surname/term alone is not a link,unrelated
51109935401050000,2026,1540396,0000009285,CN - Centrally Assessed Non-Valued Property,Jefferson,MONTANA RAIL LINK INC,4.8,PO BOX 16624,,,MISSOULA,MT,59808-6624,,BECKWITH THERESA,MONTANA RAIL LINK INC,PO BOX 16624 MISSOULA MT 59808 6624,,unrelated
51099804107062000,2026,1112939,0000004553,Vacant Land,Jefferson,MONTANA RAIL LINK INC,4.57,ATTN: REAL ESTATE DEPARTMENT,PO BOX 16624,,MISSOULA,MT,59808-6624,,,MONTANA RAIL LINK INC,ATTN REAL ESTATE DEPARTMENT PO BOX 16624 MISSOULA MT 59808 6624,,unrelated
35345601101200000,2026,58328,0000011221,Vacant Land,Sanders,WESTERN WASHINGTON CORP OF SEVENTH DAY ADVENTISTS TRUSTEE,3.942,27515 37TH AVE NE,,,ARLINGTON,WA,98223-7375,,,WESTERN WASHINGTON CORP OF SEVENTH DAY ADVENTISTS TRUSTEE,27515 37TH AVE NE ARLINGTON WA 98223 7375,broad WASHINGTON keyword in OwnerName; surname/term alone is not a link,unrelated
25059327406100100,2026,1624763,0003001253,Vacant Land,Madison,MONTANA RAIL LINK INC,3.903,MAIL TO: REAL ESTATE DEPT,PO BOX 16624,,MISSOULA,MT,59808-6624,,,MONTANA RAIL LINK INC,MAIL TO REAL ESTATE DEPT PO BOX 16624 MISSOULA MT 59808 6624,,unrelated
04220031420020000,2026,1624731,0424199200,Vacant Land,Missoula,MONTANA RAIL LINK,3.726,ATTN REAL ESTATE DEPARTMENT,PO BOX 16624,,MISSOULA,MT,59808,,,MONTANA RAIL LINK,ATTN REAL ESTATE DEPARTMENT PO BOX 16624 MISSOULA MT 59808,,unrelated
25089636403202000,2026,930067,0014006300,Vacant Land,Madison,MONTANA RAIL LINK INC,3.665,ATTN RE DEPT/MT RAIL LINK INC-LEASE NO 501651,PO BOX 16624,,MISSOULA,MT,59808-6624,,BECKWITH THERESA-SR RE TECHNICIAN,MONTANA RAIL LINK INC,ATTN RE DEPT MT RAIL LINK INC LEASE NO 501651 PO BOX 16624 MISSOULA MT 59808 6624,,unrelated
51099804207200000,2026,1540361,00000A4282,CN - Centrally Assessed Non-Valued Property,Jefferson,MONTANA RAIL LINK INC,3.2,PO BOX 16624,,,MISSOULA,MT,59808-6624,,BECKWITH THERESA,MONTANA RAIL LINK INC,PO BOX 16624 MISSOULA MT 59808 6624,,unrelated
13176426201100000,2026,737108,0000317510,Industrial Property,Ravalli,MONTANA RAIL LINK,3.021,MONTANA RAIL LINK INC -ADD ONLY-,ATTN: REAL ESTATE DEPARTMENT,PO BOX 16624,MISSOULA,MT,59808-6624,,,MONTANA RAIL LINK,MONTANA RAIL LINK INC ADD ONLY ATTN REAL ESTATE DEPARTMENT PO BOX 16624 MISSOULA MT 59808 6624,,unrelated
13146831301050000,2026,759881,0001493300,CN - Centrally Assessed Non-Valued Property,Ravalli,MONTANA RAIL LINK,2.871,PO BOX 16390,,,MISSOULA,MT,59808-6390,,,MONTANA RAIL LINK,PO BOX 16390 MISSOULA MT 59808 6390,,unrelated
51109927202050000,2026,1513596,0000004817,CN - Centrally Assessed Non-Valued Property,Jefferson,MONTANA RAIL LINK,2.7,PO BOX 16390,101 INTERNATIONAL WAY,,MISSOULA,MT,59808-6390,,MR MICHAEL BASILE,MONTANA RAIL LINK,PO BOX 16390 101 INTERNATIONAL WAY MISSOULA MT 59808 6390,,unrelated
25059333103012000,2026,925939,0008002000,Vacant Land,Madison,MONTANA RAIL LINK INC,2.38,"ATTN RE DEPT/MT RAIL LINK INC-LEASE NO 500,287",PO BOX 16624,,MISSOULA,MT,59808-6624,,BECKWITH THERESA-SR RE TECHNICIAN,MONTANA RAIL LINK INC,ATTN RE DEPT MT RAIL LINK INC LEASE NO 500 287 PO BOX 16624 MISSOULA MT 59808 6624,,unrelated
25059327401012000,2026,925829,0007027100,Vacant Land,Madison,MONTANA RAIL LINK INC,2.286,"ATTN RE DEPT/MT RAIL LINK INC-LEASE 501,368",PO BOX 16624,,MISSOULA,MT,59808-6624,,BECKWITH THERESA-SR RE TECHNICIAN,MONTANA RAIL LINK INC,ATTN RE DEPT MT RAIL LINK INC LEASE 501 368 PO BOX 16624 MISSOULA MT 59808 6624,,unrelated
43159130303032000,2026,1040749,0007003021,Vacant Land,Broadwater,MONT RAIL LINK,2.272,PO BOX 16630,,,MISSOULA,MT,59808-6630,,,MONT RAIL LINK,PO BOX 16630 MISSOULA MT 59808 6630,normalized mailing address matches Washington Companies HQ; known historical or unrelated record; excluded from current total,unrelated
04220033301137000,2026,1527540,0414232004,Non-Valued Property,Missoula,WASHINGTON PARK ONE CONDOMINIUMS,2.25,2727 LYNDON B JOHNSON FWY STE 806,,,DALLAS,TX,75234-7334,,,WASHINGTON PARK ONE CONDOMINIUMS,2727 LYNDON B JOHNSON FWY STE 806 DALLAS TX 75234 7334,broad WASHINGTON keyword in OwnerName; surname/term alone is not a link,unrelated
49080214414010000,2026,672340,0000004915,Exempt Property,Park,WASHINGTON SCHOOL,2.238,315 N 8TH ST,,,LIVINGSTON,MT,59047-1733,,,WASHINGTON SCHOOL,315 N 8TH ST LIVINGSTON MT 59047 1733,broad WASHINGTON keyword in OwnerName; surname/term alone is not a link,unrelated
07383435309200000,2026,443809,0000006766,Vacant Land,Flathead,WASHINGTON PARK COMMERCIAL CENTER LLC,2.08,2400 OLD FORT RD,,,MISSOULA,MT,59804-7421,,MERCER JOANN,WASHINGTON PARK COMMERCIAL CENTER LLC,2400 OLD FORT RD MISSOULA MT 59804 7421,broad WASHINGTON keyword in OwnerName; surname/term alone is not a link,unrelated
13117614212310000,2026,759877,0001492900,Vacant Land,Ravalli,MONTANA RAIL LINK,2.059,PO BOX 16390,,,MISSOULA,MT,59808-6390,,,MONTANA RAIL LINK,PO BOX 16390 MISSOULA MT 59808 6390,,unrelated
14174033140010000,2026,1090162,000RSP0037,Exempt Property,Custer,SCHOOL DIST 1 WASHINGTON,1.837,1604 MAIN ST,,,MILES CITY,MT,59301-3667,,,SCHOOL DIST 1 WASHINGTON,1604 MAIN ST MILES CITY MT 59301 3667,broad WASHINGTON keyword in OwnerName; surname/term alone is not a link,unrelated
51110032303050000,2026,1540400,00000A4282,CN - Centrally Assessed Non-Valued Property,Jefferson,MONTANA RAIL LINK INC,1.7,PO BOX 16624,,,MISSOULA,MT,59808-6624,,BECKWITH THERESA,MONTANA RAIL LINK INC,PO BOX 16624 MISSOULA MT 59808 6624,,unrelated
13146724102050000,2026,759871,0001492500,Vacant Land,Ravalli,MONTANA RAIL LINK,1.638,MONTANA RAIL LINK INC -ADD ONLY-,ATTN: REAL ESTATE DEPARTMENT,PO BOX 16624,MISSOULA,MT,59808-6624,,,MONTANA RAIL LINK,MONTANA RAIL LINK INC ADD ONLY ATTN REAL ESTATE DEPARTMENT PO BOX 16624 MISSOULA MT 59808 6624,,unrelated
15298703101130000,2026,950068,0000017037,Vacant Land,Lake,MONTANA RAIL LINK,1.591,PO BOX 16624,,,MISSOULA,MT,59808-6624,,,MONTANA RAIL LINK,PO BOX 16624 MISSOULA MT 59808 6624,,unrelated
25078901101012000,2026,930689,0015024500,Vacant Land,Madison,MONTANA RAIL LINK INC,1.571,"ATTN RE DEPT/MT RAIL LINK INC-LEASE NO 229,775",PO BOX 16624,,MISSOULA,MT,59808-6624,,BECKWITH THERESA-SR RE TECHNICIAN,MONTANA RAIL LINK INC,ATTN RE DEPT MT RAIL LINK INC LEASE NO 229 775 PO BOX 16624 MISSOULA MT 59808 6624,,unrelated
56428129201030000,2026,776709,0000013760,Vacant Land,Lincoln,"HOME BOYS INC, A WASHINGTON CORP",1.532,15906 E SPRAGUE AVE,,,SPOKANE VALLEY,WA,99037-8964,,,HOME BOYS INC A WASHINGTON CORP,15906 E SPRAGUE AVE SPOKANE VALLEY WA 99037 8964,broad WASHINGTON keyword in OwnerName; surname/term alone is not a link,unrelated
46187735201202001,2026,1340518,0004185087,Vacant Land,Granite,MONTANA RAIL LINK INC,1.527,MONTANA RAIL LINK INC,REAL ESTATE DEPARTMENT,PO BOX 16624,MISSOULA,MT,59808-6624,GRANITE COUNTY ROAD DEPARTMENT,,MONTANA RAIL LINK INC,MONTANA RAIL LINK INC REAL ESTATE DEPARTMENT PO BOX 16624 MISSOULA MT 59808 6624,,unrelated
51099804107082000,2026,1548150,00000A4283,Vacant Land,Jefferson,MONTANA RAIL LINK INC,1.513,ATTN: REAL ESTATE DEPARTMENT,PO BOX 16624,,MISSOULA,MT,59808-6624,,,MONTANA RAIL LINK INC,ATTN REAL ESTATE DEPARTMENT PO BOX 16624 MISSOULA MT 59808 6624,,unrelated
07396608204010000,2026,487403,0000974867,Apartment,Flathead,836 E WASHINGTON ST LLC,1.5,818 SMOKY BAY WAY,PMB 381,,HOMER,AK,99603-7653,,,836 E WASHINGTON ST LLC,818 SMOKY BAY WAY PMB 381 HOMER AK 99603 7653,broad WASHINGTON keyword in OwnerName; surname/term alone is not a link,unrelated
43159131401112000,2026,1036610,0007C03008,Vacant Land,Broadwater,MONT RAIL LINK,1.48,PO BOX 16624,,,MISSOULA,MT,59808-6624,,,MONT RAIL LINK,PO BOX 16624 MISSOULA MT 59808 6624,,unrelated
15298702203030000,2026,950158,0000017120,Vacant Land,Lake,MONTANA RAIL LINK INC,1.337,ATTN: REAL ESTATE,PO BOX 16624,,MISSOULA,MT,59808-6624,,,MONTANA RAIL LINK INC,ATTN REAL ESTATE PO BOX 16624 MISSOULA MT 59808 6624,,unrelated
49121519343012000,2026,660463,0000061615,Vacant Land,Park,MONTANA RAIL LINK INC,1.299,MAIL TO REAL ESTATE DEPT,PO BOX 16624,,MISSOULA,MT,59808-6624,,,MONTANA RAIL LINK INC,MAIL TO REAL ESTATE DEPT PO BOX 16624 MISSOULA MT 59808 6624,,unrelated
13176426401530000,2026,1590645,0001493110,Vacant Land,Ravalli,MONTANA RAIL LINK,1.28,PO BOX 16390,,,MISSOULA,MT,59808-6390,,,MONTANA RAIL LINK,PO BOX 16390 MISSOULA MT 59808 6390,,unrelated
07383435309300000,2026,425326,0000982765,Vacant Land,Flathead,WASHINGTON PARK COMMERCIAL CENTER LLC,1.19,2400 OLD FORT RD,,,MISSOULA,MT,59804-7421,,MERCER JOANN,WASHINGTON PARK COMMERCIAL CENTER LLC,2400 OLD FORT RD MISSOULA MT 59804 7421,broad WASHINGTON keyword in OwnerName; surname/term alone is not a link,unrelated
13146831301260000,2026,759825,0001487500,CN - Centrally Assessed Non-Valued Property,Ravalli,MONTANA RAIL LINK,1.141,MONTANA RAIL LINK INC -ADD ONLY-,ATTN: REAL ESTATE DEPARTMENT,PO BOX 16624,MISSOULA,MT,59808-6624,,,MONTANA RAIL LINK,MONTANA RAIL LINK INC ADD ONLY ATTN REAL ESTATE DEPARTMENT PO BOX 16624 MISSOULA MT 59808 6624,,unrelated
07383435309280000,2026,1560937,0000506782,Vacant Land,Flathead,WASHINGTON PARK COMMERCIAL CENTER LLC,1.137,2400 OLD FORT RD,,,MISSOULA,MT,59804-7421,,MERCER JOANN,WASHINGTON PARK COMMERCIAL CENTER LLC,2400 OLD FORT RD MISSOULA MT 59804 7421,broad WASHINGTON keyword in OwnerName; surname/term alone is not a link,unrelated
13176401302010000,2026,1484427,0001493210,Vacant Land,Ravalli,MONTANA RAIL LINK,1.13,PO BOX 16390,,,MISSOULA,MT,59808-6390,,,MONTANA RAIL LINK,PO BOX 16390 MISSOULA MT 59808 6390,,unrelated
13176426401480000,2026,759879,0001493100,Vacant Land,Ravalli,MONTANA RAIL LINK,1.12,PO BOX 16390,,,MISSOULA,MT,59808-6390,,,MONTANA RAIL LINK,PO BOX 16390 MISSOULA MT 59808 6390,,unrelated
49080213201102000,2026,657984,0000028014,Vacant Land,Park,MONTANA RAIL LINK INC,1.093,MAIL TO REAL ESTATE DEPT,PO BOX 16624,,MISSOULA,MT,59808-6624,,,MONTANA RAIL LINK INC,MAIL TO REAL ESTATE DEPT PO BOX 16624 MISSOULA MT 59808 6624,,unrelated
25042009302202000,2026,1575774,0003001251,On Leased Land,Madison,MONTANA RAIL LINK INC,1.089,MAIL TO: REAL ESTATE DEPT,PO BOX 16624,,MISSOULA,MT,59808-6624,,,MONTANA RAIL LINK INC,MAIL TO REAL ESTATE DEPT PO BOX 16624 MISSOULA MT 59808 6624,,unrelated
49111433205012000,2026,658319,0000029725,Vacant Land,Park,MONTANA RAIL LINK INC,1.084,ATTN REAL ESTATE DEPARTMENT,PO BOX 16624,,MISSOULA,MT,59808-6624,,,MONTANA RAIL LINK INC,ATTN REAL ESTATE DEPARTMENT PO BOX 16624 MISSOULA MT 59808 6624,,unrelated
07383435309310000,2026,1560939,0000506784,Vacant Land,Flathead,WASHINGTON PARK COMMERCIAL CENTER LLC,1.047,2400 OLD FORT RD,,,MISSOULA,MT,59804-7421,,MERCER JOANN,WASHINGTON PARK COMMERCIAL CENTER LLC,2400 OLD FORT RD MISSOULA MT 59804 7421,broad WASHINGTON keyword in OwnerName; surname/term alone is not a link,unrelated
49121519290012000,2026,660464,0000061616,Vacant Land,Park,MONTANA RAIL LINK INC,1.039,MAIL TO REAL ESTATE DEPT,PO BOX 16624,,MISSOULA,MT,59808-6624,,,MONTANA RAIL LINK INC,MAIL TO REAL ESTATE DEPT PO BOX 16624 MISSOULA MT 59808 6624,,unrelated
07383435309230000,2026,451307,0000058799,Vacant Land,Flathead,WASHINGTON PARK COMMERCIAL CENTER LLC,1.03,2400 OLD FORT RD,,,MISSOULA,MT,59804-7421,,MERCER JOANN,WASHINGTON PARK COMMERCIAL CENTER LLC,2400 OLD FORT RD MISSOULA MT 59804 7421,broad WASHINGTON keyword in OwnerName; surname/term alone is not a link,unrelated
07383435309170000,2026,451306,0000016312,Vacant Land,Flathead,WASHINGTON PARK COMMERCIAL CENTER LLC,1.02,2400 OLD FORT RD,,,MISSOULA,MT,59804-7421,,MERCER JOANN,WASHINGTON PARK COMMERCIAL CENTER LLC,2400 OLD FORT RD MISSOULA MT 59804 7421,broad WASHINGTON keyword in OwnerName; surname/term alone is not a link,unrelated
07383435309290000,2026,1560938,0000506783,Vacant Land,Flathead,WASHINGTON PARK COMMERCIAL CENTER LLC,1.001,2400 OLD FORT RD,,,MISSOULA,MT,59804-7421,,MERCER JOANN,WASHINGTON PARK COMMERCIAL CENTER LLC,2400 OLD FORT RD MISSOULA MT 59804 7421,broad WASHINGTON keyword in OwnerName; surname/term alone is not a link,unrelated
07383435309250000,2026,425325,0000982764,Vacant Land,Flathead,WASHINGTON PARK COMMERCIAL CENTER LLC,0.999,2400 OLD FORT RD,,,MISSOULA,MT,59804-7421,,MERCER JOANN,WASHINGTON PARK COMMERCIAL CENTER LLC,2400 OLD FORT RD MISSOULA MT 59804 7421,broad WASHINGTON keyword in OwnerName; surname/term alone is not a link,unrelated
07383435309260000,2026,1560936,0000506781,Vacant Land,Flathead,WASHINGTON PARK COMMERCIAL CENTER LLC,0.999,2400 OLD FORT RD,,,MISSOULA,MT,59804-7421,,MERCER JOANN,WASHINGTON PARK COMMERCIAL CENTER LLC,2400 OLD FORT RD MISSOULA MT 59804 7421,broad WASHINGTON keyword in OwnerName; surname/term alone is not a link,unrelated
13146830301120000,2026,759857,0001490910,Vacant Land,Ravalli,MONTANA RAIL LINK INC,0.976,ATTN: REAL ESTATE DEPARTMENT,PO BOX 16624,,MISSOULA,MT,59808-6624,,,MONTANA RAIL LINK INC,ATTN REAL ESTATE DEPARTMENT PO BOX 16624 MISSOULA MT 59808 6624,,unrelated
15310311130010000,2026,950067,0000017035,Industrial Property,Lake,MONTANA RAIL LINK,0.964,ATTN: REAL ESTATE DEPT,PO BOX 16624,,MISSOULA,MT,59808-6624,,,MONTANA RAIL LINK,ATTN REAL ESTATE DEPT PO BOX 16624 MISSOULA MT 59808 6624,,unrelated
01119713329017000,2026,1477712,WASCONMAST,Non-Valued Property,Silver Bow,WASHINGTON PARK CONDO MASTER,0.909,GENERAL DELIVERY,,,BUTTE,MT,59701,,,WASHINGTON PARK CONDO MASTER,GENERAL DELIVERY BUTTE MT 59701,broad WASHINGTON keyword in OwnerName; surname/term alone is not a link,unrelated
46157325235152000,2026,1339961,0004154077,Vacant Land,Granite,MONTANA RAIL LINK INC,0.907,MONTANA RAIL LINK INC,REAL ESTATE DEPARTMENT,PO BOX 16624,MISSOULA,MT,59808-6624,PINTLER PETROLEUM INC,,MONTANA RAIL LINK INC,MONTANA RAIL LINK INC REAL ESTATE DEPARTMENT PO BOX 16624 MISSOULA MT 59808 6624,,unrelated
13146724408170000,2026,759816,0001486900,Vacant Land,Ravalli,MONTANA RAIL LINK,0.875,MONTANA RAIL LINK INC - ADD ONLY-,ATTN: REAL ESTATE DEPARTMENT,PO BOX 16624,MISSOULA,MT,59808-6624,,BOWLAND WILLIAM & PAT DBA BILL'S AUTO CL,MONTANA RAIL LINK,MONTANA RAIL LINK INC ADD ONLY ATTN REAL ESTATE DEPARTMENT PO BOX 16624 MISSOULA MT 59808 6624,,unrelated
13166628401030000,2026,759883,0001493800,Vacant Land,Ravalli,MONTANA RAIL LINK,0.81,MONTANA RAIL LINK INC -ADD ONLY-,ATTN: REAL ESTATE DEPARTMENT,PO BOX 16624,MISSOULA,MT,59808-6624,,,MONTANA RAIL LINK,MONTANA RAIL LINK INC ADD ONLY ATTN REAL ESTATE DEPARTMENT PO BOX 16624 MISSOULA MT 59808 6624,,unrelated
51099804107042000,2026,1516131,0000004550,Vacant Land,Jefferson,MONTANA RAIL LINK INC,0.778,ATTN: REAL ESTATE DEPARTMENT,PO BOX 16624,,MISSOULA,MT,59808-6630,,,MONTANA RAIL LINK INC,ATTN REAL ESTATE DEPARTMENT PO BOX 16624 MISSOULA MT 59808 6630,,unrelated
25042009311102000,2026,924373,0003001600,Vacant Land,Madison,MONTANA RAIL LINK INC,0.746,"ATTN RE DEPT/MT RAIL LINK INC-LEASE NO 214,702",PO BOX 16624,,MISSOULA,MT,59808-6624,,BECKWITH THERESA-SR RE TECHNICIAN,MONTANA RAIL LINK INC,ATTN RE DEPT MT RAIL LINK INC LEASE NO 214 702 PO BOX 16624 MISSOULA MT 59808 6624,,unrelated
56417515206060000,2026,780071,0000053544,Vacant Land,Lincoln,WASHINGTON LOGAN MARSHALL,0.73,308 E 30TH AVE,,,SPOKANE,WA,99203-2554,,,WASHINGTON LOGAN MARSHALL,308 E 30TH AVE SPOKANE WA 99203 2554,broad WASHINGTON keyword in OwnerName; surname/term alone is not a link,unrelated
25068727301012000,2026,927637,0010023000,Vacant Land,Madison,MONTANA RAIL LINK INC,0.703,"ATTN RE DEPT/MT RAIL LINK INC-LEASE NO 239,001",PO BOX 16624,,MISSOULA,MT,59808-6624,,BECKWITH THERESA-SR RE TECHNICIAN,MONTANA RAIL LINK INC,ATTN RE DEPT MT RAIL LINK INC LEASE NO 239 001 PO BOX 16624 MISSOULA MT 59808 6624,,unrelated
46187735201022000,2026,1340446,0004184075,Vacant Land,Granite,MONTANA RAIL LINK INC,0.696,MONTANA RAIL LINK INC,REAL ESTATE DEPARTMENT,PO BOX 16624,MISSOULA,MT,59808-6624,HOGANS RANCH SUPPLY,,MONTANA RAIL LINK INC,MONTANA RAIL LINK INC REAL ESTATE DEPARTMENT PO BOX 16624 MISSOULA MT 59808 6624,,unrelated
15322809144070000,2026,951524,0000023019,Vacant Land,Lake,MONTANA RAIL LINK INC,0.689,ATTN: REAL ESTATE,PO BOX 16624,,MISSOULA,MT,59808-6624,,,MONTANA RAIL LINK INC,ATTN REAL ESTATE PO BOX 16624 MISSOULA MT 59808 6624,,unrelated
15322823101100000,2026,953586,0000030600,Improved Property,Lake,MONTANA RAIL LINK INC,0.688,ATTN: REAL ESTATE,PO BOX 16624,,MISSOULA,MT,59808-6624,,,MONTANA RAIL LINK INC,ATTN REAL ESTATE PO BOX 16624 MISSOULA MT 59808 6624,,unrelated
56417515206020000,2026,1629046,0000060072,Vacant Land,Lincoln,WASHINGTON LOGAN MARSHALL,0.64,308 E 30TH AVE,,,SPOKANE,WA,99203-2554,,,WASHINGTON LOGAN MARSHALL,308 E 30TH AVE SPOKANE WA 99203 2554,broad WASHINGTON keyword in OwnerName; surname/term alone is not a link,unrelated
25068727301102000,2026,927333,0010003500,Vacant Land,Madison,MONTANA RAIL LINK INC,0.637,"ATTN RE DEPT/MT RAIL LINK INC-LEASE NO 501,273",PO BOX 16624,,MISSOULA,MT,59808-6624,,BECKWITH THERESA-SR RE TECHNICIAN,MONTANA RAIL LINK INC,ATTN RE DEPT MT RAIL LINK INC LEASE NO 501 273 PO BOX 16624 MISSOULA MT 59808 6624,,unrelated
51099804107012000,2026,1112936,00000A4238,Vacant Land,Jefferson,MONTANA RAIL LINK INC,0.605,ATTN: REAL ESTATE DEPARTMENT,PO BOX 16624,,MISSOULA,MT,59808-6630,,,MONTANA RAIL LINK INC,ATTN REAL ESTATE DEPARTMENT PO BOX 16624 MISSOULA MT 59808 6630,,unrelated
43159131101012000,2026,1036607,0007C03006,On Leased Land,Broadwater,MONT RAIL LINK,0.604,PO BOX 16624,,,MISSOULA,MT,59808-6624,,,MONT RAIL LINK,PO BOX 16624 MISSOULA MT 59808 6624,,unrelated
05188829431050000,2026,552312,0000000345,Improved Property,Lewis and Clark,701 WASHINGTON LLC,0.585,750 EL CAMINO REAL,,,TUSTIN,CA,92780-4369,,,701 WASHINGTON LLC,750 EL CAMINO REAL TUSTIN CA 92780 4369,broad WASHINGTON keyword in OwnerName; surname/term alone is not a link,unrelated
15322802108130000,2026,1427040,0000023747,Vacant Land,Lake,WASHINGTON PARK COMMERCIAL CENTER LLC,0.562,2400 OLD FORT RD,,,MISSOULA,MT,59804-7421,,,WASHINGTON PARK COMMERCIAL CENTER LLC,2400 OLD FORT RD MISSOULA MT 59804 7421,broad WASHINGTON keyword in OwnerName; surname/term alone is not a link,unrelated
13146725122190000,2026,759836,0001489100,Vacant Land,Ravalli,MONTANA RAIL LINK,0.557,MONTANA RAIL LINK INC  -ADD ONLY-,ATTN: REAL ESTATE DEPARTMENT,PO BOX 16624,MISSOULA,MT,59808-6624,,,MONTANA RAIL LINK,MONTANA RAIL LINK INC ADD ONLY ATTN REAL ESTATE DEPARTMENT PO BOX 16624 MISSOULA MT 59808 6624,,unrelated
51099804107052000,2026,1112937,0000004551,Vacant Land,Jefferson,MONTANA RAIL LINK INC,0.53,ATTN: REAL ESTATE DEPARTMENT,PO BOX 16624,,MISSOULA,MT,59808-6624,,,MONTANA RAIL LINK INC,ATTN REAL ESTATE DEPARTMENT PO BOX 16624 MISSOULA MT 59808 6624,,unrelated
0230151213107MSTR,2026,113487,0000681700,Non-Valued Property,Cascade,WASHINGTON COURT CONDOMINIUMS,0.517,GENERAL DELIVERY,,,GREAT FALLS,MT,59401-9999,,,WASHINGTON COURT CONDOMINIUMS,GENERAL DELIVERY GREAT FALLS MT 59401 9999,broad WASHINGTON keyword in OwnerName; surname/term alone is not a link,unrelated
13146725122260000,2026,759845,0001489800,Vacant Land,Ravalli,MONTANA RAIL LINK INC,0.512,ATTN REAL ESTATE DEPT,PO BOX 16624,,MISSOULA,MT,59808-6624,CHILD LLC -LESSEE-,ROBERT & TARA CHILD,MONTANA RAIL LINK INC,ATTN REAL ESTATE DEPT PO BOX 16624 MISSOULA MT 59808 6624,,unrelated
51109919201100000,2026,1540372,0000009285,CN - Centrally Assessed Non-Valued Property,Jefferson,MONTANA RAIL LINK INC,0.5,PO BOX 16624,,,MISSOULA,MT,59808-6624,,BECKWITH THERESA,MONTANA RAIL LINK INC,PO BOX 16624 MISSOULA MT 59808 6624,,unrelated
04209201203020000,2026,328692,0000215507,Improved Property,Missoula,WASHINGTON PHEBE TRUSTEE,0.5,4595 MILLER CREEK RD,,,MISSOULA,MT,59803-1065,,,WASHINGTON PHEBE TRUSTEE,4595 MILLER CREEK RD MISSOULA MT 59803 1065,broad WASHINGTON keyword in OwnerName; surname/term alone is not a link,unrelated
15286727101040000,2026,943528,0000011475,Vacant Land,Lake,MONTANA RAIL LINK INC,0.489,ATTN: REAL ESTATE,PO BOX 16624,,MISSOULA,MT,59808-6624,,,MONTANA RAIL LINK INC,ATTN REAL ESTATE PO BOX 16624 MISSOULA MT 59808 6624,,unrelated
15286805116030000,2026,943474,0000011433,Industrial Property,Lake,MONTANA RAIL LINK INC,0.475,ATTN: REAL ESTATE,PO BOX 16624,,MISSOULA,MT,59808-6630,,,MONTANA RAIL LINK INC,ATTN REAL ESTATE PO BOX 16624 MISSOULA MT 59808 6630,,unrelated
04232522201090000,2026,371822,0005863344,Improved Property,Missoula,ISAACS GEORGE WASHINGTON,0.46,9200 PAINTBRUSH LN,,,MISSOULA,MT,59808-9628,,,ISAACS GEORGE WASHINGTON,9200 PAINTBRUSH LN MISSOULA MT 59808 9628,broad WASHINGTON keyword in OwnerName; surname/term alone is not a link,unrelated
51099803218142000,2026,1112938,0000004552,Vacant Land,Jefferson,MONTANA RAIL LINK INC,0.455,ATTN: REAL ESTATE DEPARTMENT,PO BOX 16624,,MISSOULA,MT,59808-6624,,,MONTANA RAIL LINK INC,ATTN REAL ESTATE DEPARTMENT PO BOX 16624 MISSOULA MT 59808 6624,,unrelated
13176426202400000,2026,1573888,0001488020,Improved Property,Ravalli,MONTANA RAIL LINK,0.448,MONTANA RAIL LINK INC,ATTN: REAL ESTATE DEPT,PO BOX 16624,MISSOULA,MT,59808-6624,,,MONTANA RAIL LINK,MONTANA RAIL LINK INC ATTN REAL ESTATE DEPT PO BOX 16624 MISSOULA MT 59808 6624,,unrelated
49121519290052000,2026,660466,0000061617,CN - Centrally Assessed Non-Valued Property,Park,MONTANA RAIL LINK INC,0.448,MAIL TO REAL ESTATE DEPT,PO BOX 16624,,MISSOULA,MT,59808-6624,,,MONTANA RAIL LINK INC,MAIL TO REAL ESTATE DEPT PO BOX 16624 MISSOULA MT 59808 6624,,unrelated
05199507150200000,2026,538139,0000040021,Improved Property,Lewis and Clark,WASHINGTON GREGORY B ETAL,0.415,918 DARTER RD,,,HELENA,MT,59602-8175,,,WASHINGTON GREGORY B ETAL,918 DARTER RD HELENA MT 59602 8175,broad WASHINGTON keyword in OwnerName; surname/term alone is not a link,unrelated
51099803218172000,2026,1112941,0000004555,Vacant Land,Jefferson,MONTANA RAIL LINK INC,0.407,ATTN: REAL ESTATE DEPARTMENT,PO BOX 16624,,MISSOULA,MT,59808-6624,,,MONTANA RAIL LINK INC,ATTN REAL ESTATE DEPARTMENT PO BOX 16624 MISSOULA MT 59808 6624,,unrelated
13146830301060000,2026,759863,0001491400,Vacant Land,Ravalli,MONTANA RAIL LINK INC,0.407,ATTN: REAL ESTATE DEPARTMENT,PO BOX 16624,,MISSOULA,MT,59808-6624,,,MONTANA RAIL LINK INC,ATTN REAL ESTATE DEPARTMENT PO BOX 16624 MISSOULA MT 59808 6624,,unrelated
13146830301070000,2026,759865,0001491600,Vacant Land,Ravalli,MONTANA RAIL LINK INC,0.402,ATTN: REAL ESTATE DEPT,PO BOX 16624,,MISSOULA,MT,59808-6624,,,MONTANA RAIL LINK INC,ATTN REAL ESTATE DEPT PO BOX 16624 MISSOULA MT 59808 6624,,unrelated
04220029116092000,2026,373475,0005917006,Vacant Land,Missoula,MONTANA RAIL LINK,0.361,ATTN REAL ESTATE DEPARTMENT,PO BOX 16624,,MISSOULA,MT,59808-6624,,,MONTANA RAIL LINK,ATTN REAL ESTATE DEPARTMENT PO BOX 16624 MISSOULA MT 59808 6624,,unrelated
06090214215042000,2026,599264,00RFE31172,Vacant Land,Gallatin,MONTANA RAIL LINK,0.345,MAIL TO REAL ESTATE DEPT,PO BOX 16624,,MISSOULA,MT,59808-6624,,WUBBEN TERRY & LORILYN,MONTANA RAIL LINK,MAIL TO REAL ESTATE DEPT PO BOX 16624 MISSOULA MT 59808 6624,,unrelated
46187735201032000,2026,1340447,0004184075,Vacant Land,Granite,MONTANA RAIL LINK INC,0.345,MONTANA RAIL LINK INC,REAL ESTATE DEPARTMENT,PO BOX 16624,MISSOULA,MT,59808-6624,HOGANS RANCH SUPPLY,,MONTANA RAIL LINK INC,MONTANA RAIL LINK INC REAL ESTATE DEPARTMENT PO BOX 16624 MISSOULA MT 59808 6624,,unrelated
06090211201062000,2026,599266,00RFE31174,Vacant Land,Gallatin,MONTANA RAIL LINK,0.343,MAIL TO REAL ESTATE DEPT,PO BOX 16624,,MISSOULA,MT,59808-6630,,DANHOFF FAMILY TRUST,MONTANA RAIL LINK,MAIL TO REAL ESTATE DEPT PO BOX 16624 MISSOULA MT 59808 6630,,unrelated
04220021113140000,2026,1624730,0424199199,Vacant Land,Missoula,MONTANA RAIL LINK,0.342,ATTN REAL ESTATE DEPARTMENT,PO BOX 16624,,MISSOULA,MT,59808,,,MONTANA RAIL LINK,ATTN REAL ESTATE DEPARTMENT PO BOX 16624 MISSOULA MT 59808,,unrelated
04220028228020000,2026,373462,0005914906,CN - Centrally Assessed Non-Valued Property,Missoula,MONTANA RAIL LINK,0.326,ATTN REAL ESTATE DEPARTMENT,PO BOX 16624,,MISSOULA,MT,59808-6624,,,MONTANA RAIL LINK,ATTN REAL ESTATE DEPARTMENT PO BOX 16624 MISSOULA MT 59808 6624,,unrelated
15322803301010000,2026,951513,0000023006,Vacant Land,Lake,MONTANA RAIL LINK INC,0.321,PO BOX 16390,,,MISSOULA,MT,59808-6390,,,MONTANA RAIL LINK INC,PO BOX 16390 MISSOULA MT 59808 6390,,unrelated
51099803218152000,2026,1498315,00000A4236,Vacant Land,Jefferson,MONTANA RAIL LINK INC,0.312,ATTN: REAL ESTATE DEPT,PO BOX 16624,,MISSOULA,MT,59808-6624,,BECKWITH THERESA,MONTANA RAIL LINK INC,ATTN REAL ESTATE DEPT PO BOX 16624 MISSOULA MT 59808 6624,,unrelated
08246715229010001,2026,883244,0000002436,Non-Valued with Specials,Fergus,WASHINGTON SQUARE CONDOMINIUMS,0.31,PO BOX 1203,,,LEWISTOWN,MT,59457-1203,,,WASHINGTON SQUARE CONDOMINIUMS,PO BOX 1203 LEWISTOWN MT 59457 1203,broad WASHINGTON keyword in OwnerName; surname/term alone is not a link,unrelated
13146831201140000,2026,759887,0001494110,Vacant Land,Ravalli,MONTANA RAIL LINK,0.3,MONTANA RAIL LINK INC -ADD ONLY-,ATTN: REAL ESTATE DEPARTMENT,PO BOX 16624,MISSOULA,MT,59808-6624,,,MONTANA RAIL LINK,MONTANA RAIL LINK INC ADD ONLY ATTN REAL ESTATE DEPARTMENT PO BOX 16624 MISSOULA MT 59808 6624,,unrelated
13146830301050000,2026,759861,0001491200,Vacant Land,Ravalli,MONTANA RAIL LINK INC,0.285,ATTN: REAL ESTATE DEPARTMENT,PO BOX 16624,,MISSOULA,MT,59808-6624,,RED ROOSTER ARTISAN BAKERY LLC -LESSEE,MONTANA RAIL LINK INC,ATTN REAL ESTATE DEPARTMENT PO BOX 16624 MISSOULA MT 59808 6624,,unrelated
06100910139040000,2026,646524,0000REE698,Improved Property,Gallatin,203 W WASHINGTON AVE LLC,0.275,PO BOX 591,,,MANHATTAN,MT,59741-0591,,,203 W WASHINGTON AVE LLC,PO BOX 591 MANHATTAN MT 59741 0591,broad WASHINGTON keyword in OwnerName; surname/term alone is not a link,unrelated
06090214215022000,2026,599382,00RFE47978,Vacant Land,Gallatin,MONTANA RAIL LINK,0.273,PO BOX 16624,,,MISSOULA,MT,59808-6624,,D & F FARMS INC,MONTANA RAIL LINK,PO BOX 16624 MISSOULA MT 59808 6624,,unrelated
04220031435132000,2026,373485,0005918102,Vacant Land,Missoula,MONTANA RAIL LINK,0.253,ATTN REAL ESTATE DEPARTMENT,PO BOX 16624,,MISSOULA,MT,59808-6624,,,MONTANA RAIL LINK,ATTN REAL ESTATE DEPARTMENT PO BOX 16624 MISSOULA MT 59808 6624,,unrelated
06090214215052000,2026,599303,00RFE40462,Vacant Land,Gallatin,MONTANA RAIL LINK,0.23,MAIL TO REAL ESTATE DEPT,PO BOX 16624,,MISSOULA,MT,59808-6624,,JAMES ROBERT SELLES,MONTANA RAIL LINK,MAIL TO REAL ESTATE DEPT PO BOX 16624 MISSOULA MT 59808 6624,,unrelated
15298702203010000,2026,942770,0000009877,Industrial Property,Lake,MONTANA RAIL LINK INC,0.227,ATTN: REAL ESTATE DEPT,PO BOX 16624,,MISSOULA,MT,59808-6624,,,MONTANA RAIL LINK INC,ATTN REAL ESTATE DEPT PO BOX 16624 MISSOULA MT 59808 6624,,unrelated
04209210401070000,2026,353264,0003030603,CN - Centrally Assessed Non-Valued Property,Missoula,MONTANA RAIL LINK,0.225,ATTN REAL ESTATE DEPARTMENT,PO BOX 16624,,MISSOULA,MT,59808-6624,,,MONTANA RAIL LINK,ATTN REAL ESTATE DEPARTMENT PO BOX 16624 MISSOULA MT 59808 6624,,unrelated
46187735201042000,2026,1340448,0004184075,Vacant Land,Granite,MONTANA RAIL LINK INC,0.22,MONTANA RAIL LINK INC,REAL ESTATE DEPARTMENT,PO BOX 16624,MISSOULA,MT,59808-6624,HOGANS RANCH SUPPLY,,MONTANA RAIL LINK INC,MONTANA RAIL LINK INC REAL ESTATE DEPARTMENT PO BOX 16624 MISSOULA MT 59808 6624,,unrelated
49080213201122000,2026,1573237,0000028017,Vacant Land,Park,MONTANA RAIL LINK INC,0.216,MAIL TO REAL ESTATE DEPT,PO BOX 16624,,MISSOULA,MT,59808-6624,,,MONTANA RAIL LINK INC,MAIL TO REAL ESTATE DEPT PO BOX 16624 MISSOULA MT 59808 6624,,unrelated
03103235203240000,2026,217096,000A248820,Improved Property,Yellowstone,"WASHINGTON, SCOT J & SARAH M",0.206,2242 DARCY LN,,,BILLINGS,MT,59102-2036,,,WASHINGTON SCOT J AND SARAH M,2242 DARCY LN BILLINGS MT 59102 2036,broad WASHINGTON keyword in OwnerName; surname/term alone is not a link,unrelated
04220032310022000,2026,373484,0005918000,Vacant Land,Missoula,MONTANA RAIL LINK,0.204,ATTN REAL ESTATE DEPARTMENT,PO BOX 16624,,MISSOULA,MT,59808-6624,,,MONTANA RAIL LINK,ATTN REAL ESTATE DEPARTMENT PO BOX 16624 MISSOULA MT 59808 6624,,unrelated
13166628101040000,2026,1472481,0001487910,CN - Centrally Assessed Non-Valued Property,Ravalli,MONTANA RAIL LINK,0.2,MONTANA RAIL LINK IN - ADD ONLY-,ATTN: REAL ESTATE DEPARTMENT,PO BOX 16624,MISSOULA,MT,59808-6624,,,MONTANA RAIL LINK,MONTANA RAIL LINK IN ADD ONLY ATTN REAL ESTATE DEPARTMENT PO BOX 16624 MISSOULA MT 59808 6624,,unrelated
06090214215032000,2026,1532303,00RFE66922,Vacant Land,Gallatin,MONTANA RAIL LINK,0.195,ATTN REAL ESTATE DEPT,PO BOX 16624,,MISSOULA,MT,59808-6624,,,MONTANA RAIL LINK,ATTN REAL ESTATE DEPT PO BOX 16624 MISSOULA MT 59808 6624,,unrelated
13146725122240000,2026,759843,0001489600,Vacant Land,Ravalli,FAMILY HILL TRUST LESSEE,0.194,MONTANA RAIL LINK INC -ADD ONLY-,ATTN:  REAL ESTATE DEPARTMENT,PO BOX 16624,MISSOULA,MT,59808-6624,,MONTANA RAIL LINK,FAMILY HILL TRUST LESSEE,MONTANA RAIL LINK INC ADD ONLY ATTN REAL ESTATE DEPARTMENT PO BOX 16624 MISSOULA MT 59808 6624,,unrelated
51099804107032000,2026,1498309,00000A4232,Vacant Land,Jefferson,MONTANA RAIL LINK INC,0.184,PO BOX 16624,,,MISSOULA,MT,59808-6624,,BECKWITH THERESA,MONTANA RAIL LINK INC,PO BOX 16624 MISSOULA MT 59808 6624,,unrelated
13146725122350000,2026,1544589,0001489200,CN - Centrally Assessed Non-Valued Property,Ravalli,MONTANA RAIL LINK INC,0.184,C/O MONTANA MADE COFFEE CO LLC - LESSEE,ATTN: REAL ESTATE DEPARTMENT,PO BOX 16624,MISSOULA,MT,59808-6624,,MONTANA MADE COFFEE CO LLC,MONTANA RAIL LINK INC,C O MONTANA MADE COFFEE CO LLC LESSEE ATTN REAL ESTATE DEPARTMENT PO BOX 16624 MISSOULA MT 59808 6624,,unrelated
02301619244040000,2026,111204,0000527025,Improved Property,Cascade,WASHINGTON BRYAN O & ASHA D,0.178,1419 25TH AVE S,,,GREAT FALLS,MT,59405-6306,,,WASHINGTON BRYAN O AND ASHA D,1419 25TH AVE S GREAT FALLS MT 59405 6306,broad WASHINGTON keyword in OwnerName; surname/term alone is not a link,unrelated
13146725122230000,2026,759841,0001489500,Vacant Land,Ravalli,FAMILY HILL TRUST LESSEE,0.177,MONTANA RAIL LINK INC -ADD ONLY-,ATTN:  REAL ESTATE DEPARTMENT,PO BOX 16624,MISSOULA,MT,59808-6624,,MONTANA RAIL LINK,FAMILY HILL TRUST LESSEE,MONTANA RAIL LINK INC ADD ONLY ATTN REAL ESTATE DEPARTMENT PO BOX 16624 MISSOULA MT 59808 6624,,unrelated
17405134212010000,2026,1127080,0506405187,Improved Property,Roosevelt,HOLLANDA WASHINGTON VITOR DE,0.177,PO BOX 244,,,BAINVILLE,MT,59212-0244,,,HOLLANDA WASHINGTON VITOR DE,PO BOX 244 BAINVILLE MT 59212 0244,broad WASHINGTON keyword in OwnerName; surname/term alone is not a link,unrelated
06090214215012004,2026,599265,00RFE31173,Vacant Land,Gallatin,MONTANA RAIL LINK,0.175,MAIL TO REAL ESTATE DEPT,PO BOX 16624,,MISSOULA,MT,59808-6624,,PROPERTY MANAGEMENT MRL,MONTANA RAIL LINK,MAIL TO REAL ESTATE DEPT PO BOX 16624 MISSOULA MT 59808 6624,,unrelated
03092709330270000,2026,227010,000A337490,Improved Property,Yellowstone,"WASHINGTON, SANDRA M",0.168,4522 LUX AVE,,,BILLINGS,MT,59101-4800,,,WASHINGTON SANDRA M,4522 LUX AVE BILLINGS MT 59101 4800,broad WASHINGTON keyword in OwnerName; surname/term alone is not a link,unrelated
13146830301140000,2026,1637109,0001490410,Vacant Land,Ravalli,MONTANA RAIL LINK INC,0.162,ATTN: REAL ESTATE DEPARTMENT,PO BOX 16624,,MISSOULA,MT,59808-6624,,C/O IRON HORSE CONDO ASSOC INC -LESSEE-,MONTANA RAIL LINK INC,ATTN REAL ESTATE DEPARTMENT PO BOX 16624 MISSOULA MT 59808 6624,,unrelated
07396607433010000,2026,462095,0000406201,Improved Property,Flathead,30 EAST WASHINGTON LLC,0.161,212 JUNIPER BEND DR,,,KALISPELL,MT,59901-2658,,,30 EAST WASHINGTON LLC,212 JUNIPER BEND DR KALISPELL MT 59901 2658,broad WASHINGTON keyword in OwnerName; surname/term alone is not a link,unrelated
07396607433030000,2026,1629945,0000406201,Vacant Land,Flathead,30 EAST WASHINGTON LLC,0.161,212 JUNIPER BEND DR,,,KALISPELL,MT,59901-2658,,,30 EAST WASHINGTON LLC,212 JUNIPER BEND DR KALISPELL MT 59901 2658,broad WASHINGTON keyword in OwnerName; surname/term alone is not a link,unrelated
15322804304080000,2026,966358,0000008582,Improved Property,Lake,WASHINGTON KATHERINE MC BROOM TRUST,0.161,608 4TH ST W,,,POLSON,MT,59860-2613,,,WASHINGTON KATHERINE MC BROOM TRUST,608 4TH ST W POLSON MT 59860 2613,broad WASHINGTON keyword in OwnerName; surname/term alone is not a link,unrelated
04220031435150000,2026,356927,0003411609,Vacant Land,Missoula,MONTANA RAIL LINK,0.149,ATTN REAL ESTATE DEPARTMENT,PO BOX 16624,,MISSOULA,MT,59808-6624,,,MONTANA RAIL LINK,ATTN REAL ESTATE DEPARTMENT PO BOX 16624 MISSOULA MT 59808 6624,,unrelated
51099804107022000,2026,1498312,00000A4234,Vacant Land,Jefferson,MONTANA RAIL LINK INC,0.148,ATTN: REAL ESTATE DEPT,PO BOX 16624,,MISSOULA,MT,59808-6624,,BECKWITH THERESA,MONTANA RAIL LINK INC,ATTN REAL ESTATE DEPT PO BOX 16624 MISSOULA MT 59808 6624,,unrelated
04220031435140000,2026,1499255,2012050700,CN - Centrally Assessed Non-Valued Property,Missoula,MONTANA RAIL LINK,0.145,ATTN REAL ESTATE DEPARTMENT,PO BOX 16624,,MISSOULA,MT,59808-6624,,,MONTANA RAIL LINK,ATTN REAL ESTATE DEPARTMENT PO BOX 16624 MISSOULA MT 59808 6624,,unrelated
07429226332200000,2026,467661,0000502940,Improved Property,Flathead,WASHINGTON FAMILY TRUST,0.14,8 BLUE  RIVER,,,IRVINE,CA,92604,,WASHINGTON GERALD S TRUSTEE,WASHINGTON FAMILY TRUST,8 BLUE RIVER IRVINE CA 92604,broad WASHINGTON keyword in OwnerName; surname/term alone is not a link; broad WASHINGTON keyword in CareOfTaxp; surname/term alone is not a link,unrelated
04220014303050000,2026,351101,0002319504,Improved Property,Missoula,VANDERPOEL WASHINGTON I III,0.135,510 DICKINSON ST,,,MISSOULA,MT,59802-3118,,,VANDERPOEL WASHINGTON I III,510 DICKINSON ST MISSOULA MT 59802 3118,broad WASHINGTON keyword in OwnerName; surname/term alone is not a link,unrelated
13146830301110000,2026,759889,0001494200,Vacant Land,Ravalli,MONTANA RAIL LINK,0.134,MONTANA RAIL LINK INC -ADD ONLY-,ATTN: REAL ESTATE DEPARTMENT,PO BOX 16624,MISSOULA,MT,59808-6624,,ATTN: CPTS,MONTANA RAIL LINK,MONTANA RAIL LINK INC ADD ONLY ATTN REAL ESTATE DEPARTMENT PO BOX 16624 MISSOULA MT 59808 6624,,unrelated
22073401104060000,2026,973433,000K061500,Improved Property,Big Horn,WASHINGTON FRANCINE,0.129,PO BOX 126,,,CROW AGENCY,MT,59022-0126,,,WASHINGTON FRANCINE,PO BOX 126 CROW AGENCY MT 59022 0126,broad WASHINGTON keyword in OwnerName; surname/term alone is not a link,unrelated
22073401104050000,2026,973432,000K061400,Improved Property,Big Horn,WASHINGTON FRANCINE,0.129,PO BOX 126,,,CROW AGENCY,MT,59022-0126,,,WASHINGTON FRANCINE,PO BOX 126 CROW AGENCY MT 59022 0126,broad WASHINGTON keyword in OwnerName; surname/term alone is not a link,unrelated
04220007103140000,2026,374045,0005979704,CN - Centrally Assessed Non-Valued Property,Missoula,BURLINGTON NORTHERN COMMUNICATIONS,0.122,MAIL TO: MONTANA RAIL LINK,WASHINGTON,PO BOX 16630,MISSOULA,MT,59808-6630,,,BURLINGTON NORTHERN COMMUNICATIONS,MAIL TO MONTANA RAIL LINK WASHINGTON PO BOX 16630 MISSOULA MT 59808 6630,normalized mailing address matches Washington Companies HQ; known historical or unrelated record; excluded from current total,unrelated
13146830301130000,2026,1567331,0001491610,Vacant Land,Ravalli,MONTANA RAIL LINK INC,0.121,ATTN:  REAL ESTATE DEPT,PO BOX 16624,,MISSOULA,MT,59808-6624,,,MONTANA RAIL LINK INC,ATTN REAL ESTATE DEPT PO BOX 16624 MISSOULA MT 59808 6624,,unrelated
04220021320022000,2026,373469,0005915908,Vacant Land,Missoula,MONTANA RAIL LINK INC,0.117,ATTN REAL ESTATE,PO BOX 16624,,MISSOULA,MT,59808-6624,THOMPSON KAREN & DON,,MONTANA RAIL LINK INC,ATTN REAL ESTATE PO BOX 16624 MISSOULA MT 59808 6624,,unrelated
13146830303040000,2026,740458,0000510910,Vacant Land,Ravalli,MONTANA RAIL LINK INC,0.112,ATTN: REAL ESTATE DEPT,PO BOX 16624,,MISSOULA,MT,59808-6624,,,MONTANA RAIL LINK INC,ATTN REAL ESTATE DEPT PO BOX 16624 MISSOULA MT 59808 6624,,unrelated
04220016442020000,2026,337759,0001055852,Improved Property,Missoula,WASHINGTON REAL ESTATE LLC,0.101,2420 WOODLAND AVE,,,MISSOULA,MT,59802-3432,,,WASHINGTON REAL ESTATE LLC,2420 WOODLAND AVE MISSOULA MT 59802 3432,broad WASHINGTON keyword in OwnerName; surname/term alone is not a link,unrelated
04220028228032000,2026,373482,0005917806,Vacant Land,Missoula,MONTANA RAIL LINK INC,0.095,ATTN REAL ESTATE,PO BOX 16624,,MISSOULA,MT,59808-6624,BOYCE LUMBER CO,,MONTANA RAIL LINK INC,ATTN REAL ESTATE PO BOX 16624 MISSOULA MT 59808 6624,,unrelated
13146725122310000,2026,741251,0000565910,Vacant Land,Ravalli,MONTANA RAIL LINK INC,0.092,ATTN REAL ESTATE DEPT,PO BOX 16624,,MISSOULA,MT,59808-6624,CHILD LLC -LESSEE-,ROBERT & TARA CHILD,MONTANA RAIL LINK INC,ATTN REAL ESTATE DEPT PO BOX 16624 MISSOULA MT 59808 6624,,unrelated
04220032311022000,2026,374063,0005981607,Vacant Land,Missoula,MONTANA RAIL LINK  INC,0.09,ATTN REAL ESTATE,PO BOX 16624,,MISSOULA,MT,59808-6624,GERALD HICKS,,MONTANA RAIL LINK INC,ATTN REAL ESTATE PO BOX 16624 MISSOULA MT 59808 6624,,unrelated
14174027306090000,2026,1088017,000RMS3028,Improved Property,Custer,WASHINGTON ROBERT O,0.088,1403 PHILLIPS ST,,,MILES CITY,MT,59301-2638,,,WASHINGTON ROBERT O,1403 PHILLIPS ST MILES CITY MT 59301 2638,broad WASHINGTON keyword in OwnerName; surname/term alone is not a link,unrelated
04220029445422000,2026,373466,0005915408,Vacant Land,Missoula,MONTANA RAIL LINK INC,0.086,ATTN REAL ESTATE,PO BOX 16624,,MISSOULA,MT,59808-6624,VW ICE INC,,MONTANA RAIL LINK INC,ATTN REAL ESTATE PO BOX 16624 MISSOULA MT 59808 6624,,unrelated
04220029435762000,2026,362505,0003991902,CN - Centrally Assessed Non-Valued Property,Missoula,MONTANA RAIL LINK,0.083,ATTN REAL ESTATE DEPARTMENT,PO BOX 16624,,MISSOULA,MT,59808-6624,,,MONTANA RAIL LINK,ATTN REAL ESTATE DEPARTMENT PO BOX 16624 MISSOULA MT 59808 6624,,unrelated
04220032311032000,2026,1631288,0425090031,Vacant Land,Missoula,MONTANA RAIL LINK INC,0.08,ATTN REAL ESTATE,PO BOX 16624,,MISSOULA,MT,59808-6624,JELLYSTONE PARKS OF MONTANA C/O MAUI NIG,,MONTANA RAIL LINK INC,ATTN REAL ESTATE PO BOX 16624 MISSOULA MT 59808 6624,,unrelated
04220028228130000,2026,360287,0003770302,Vacant Land,Missoula,MONTANA RAIL LINK,0.072,ATTN REAL ESTATE DEPARTMENT,PO BOX 16624,,MISSOULA,MT,59808-6624,,,MONTANA RAIL LINK,ATTN REAL ESTATE DEPARTMENT PO BOX 16624 MISSOULA MT 59808 6624,,unrelated
51178513201122000,2026,1104651,0000008364,Vacant Land,Jefferson,MONTANA RAIL LINK INC,0.07,ATTN: REAL ESTATE DEPARTMENT,PO BOX 16624,,MISSOULA,MT,59808-6624,,,MONTANA RAIL LINK INC,ATTN REAL ESTATE DEPARTMENT PO BOX 16624 MISSOULA MT 59808 6624,,unrelated
13146725122250000,2026,759844,0001489700,Vacant Land,Ravalli,MONTANA RAIL LINK,0.057,MONTANA RAIL LINK INC -ADD ONLY-,ATTN: REAL ESTATE DEPARTMENT,PO BOX 16624,MISSOULA,MT,59808-6624,,RAVALLI COUNTY BANK LESSEE,MONTANA RAIL LINK,MONTANA RAIL LINK INC ADD ONLY ATTN REAL ESTATE DEPARTMENT PO BOX 16624 MISSOULA MT 59808 6624,,unrelated
03092719208290000,2026,1597502,000A372070,Improved Property,Yellowstone,"WASHINGTON, DOMINIC",0.057,1769 ST GEORGE BLVD,,,BILLINGS,MT,59101-7171,,,WASHINGTON DOMINIC,1769 ST GEORGE BLVD BILLINGS MT 59101 7171,broad WASHINGTON keyword in OwnerName; surname/term alone is not a link,unrelated
13186914101370000,2026,1472482,0001450470,Vacant Land,Ravalli,MONTANA RAIL LINK- MISSOULA ELECTIC CO-OP- LESSEE,0.049,WASHINGTON CORPORATION - ADD ONLY,PO BOX 16630,,MISSOULA,MT,59808-6630,,,MONTANA RAIL LINK MISSOULA ELECTIC CO OP LESSEE,WASHINGTON CORP ADD ONLY PO BOX 16630 MISSOULA MT 59808 6630,normalized mailing address matches Washington Companies HQ; known historical or unrelated record; excluded from current total,unrelated
04220021321042000,2026,373464,0005915100,Vacant Land,Missoula,MONTANA RAIL LINK INC,0.038,ATTN REAL ESTATE,PO BOX 16624,,MISSOULA,MT,59808-6624,7TH ST DUPLEX LLC,,MONTANA RAIL LINK INC,ATTN REAL ESTATE PO BOX 16624 MISSOULA MT 59808 6624,,unrelated
04220021334142000,2026,1532175,0415014002,Vacant Land,Missoula,MONTANA RAIL LINK INC,0.03,ATTN REAL ESTATE,PO BOX 16624,,MISSOULA,MT,59808-6624,AN BOLICH TRUST,,MONTANA RAIL LINK INC,ATTN REAL ESTATE PO BOX 16624 MISSOULA MT 59808 6624,,unrelated
25042009311012000,2026,924424,0003004510,Vacant Land,Madison,MONTANA RAIL LINK INC,0.024,"ATTN RE DEPT/MT RAIL LINK INC-LEASE NO 500,595",PO BOX 16624,,MISSOULA,MT,59808-6624,,BECKWITH THERESA-SR RE TECHNICIAN,MONTANA RAIL LINK INC,ATTN RE DEPT MT RAIL LINK INC LEASE NO 500 595 PO BOX 16624 MISSOULA MT 59808 6624,,unrelated
04220021321020000,2026,353265,0003030709,Vacant Land,Missoula,MONTANA RAIL LINK INC,0.02,ATTN REAL ESTATE,PO BOX 16624,,MISSOULA,MT,59808-6624,,,MONTANA RAIL LINK INC,ATTN REAL ESTATE PO BOX 16624 MISSOULA MT 59808 6624,,unrelated
25059327414302000,2026,1575773,0007010107,On Leased Land,Madison,MONTANA RAIL LINK INC,0.017,MAIL TO: REAL ESTATE DEPT,PO BOX 16624,,MISSOULA,MT,59808-6624,,,MONTANA RAIL LINK INC,MAIL TO REAL ESTATE DEPT PO BOX 16624 MISSOULA MT 59808 6624,,unrelated
13176426302070000,2026,759828,0001487810,CN - Centrally Assessed Non-Valued Property,Ravalli,MONTANA RAIL LINK,0.0,PO BOX 16390,,,MISSOULA,MT,59808-6390,,,MONTANA RAIL LINK,PO BOX 16390 MISSOULA MT 59808 6390,,unrelated
13146804201400000,2026,759824,0001487350,CN - Centrally Assessed Non-Valued Property,Ravalli,MONTANA RAIL LINK,0.0,PO BOX 16390,,,MISSOULA,MT,59808-6390,,,MONTANA RAIL LINK,PO BOX 16390 MISSOULA MT 59808 6390,,unrelated
13146725122330000,2026,759840,0001489400,CN - Centrally Assessed Non-Valued Property,Ravalli,MONTANA RAIL LINK,0.0,PO BOX 16390,,,MISSOULA,MT,59808-6390,,,MONTANA RAIL LINK,PO BOX 16390 MISSOULA MT 59808 6390,,unrelated
03092703125014002,2026,1432041,000I010160,On Leased Land,Yellowstone,MONTANA RAIL LINK INC,0.0,PO BOX 16624,,,MISSOULA,MT,59808-6624,,,MONTANA RAIL LINK INC,PO BOX 16624 MISSOULA MT 59808 6624,,unrelated
0230151213107C107,2026,113493,0000682300,Condominium,Cascade,WASHINGTON COURT,0.0,925 1ST AVE N # 107,,,GREAT FALLS,MT,59401-2692,,,WASHINGTON COURT,925 1ST AVE N 107 GREAT FALLS MT 59401 2692,broad WASHINGTON keyword in OwnerName; surname/term alone is not a link,unrelated
04220033301137001,2026,370929,0005853621,Condominium,Missoula,WASHINGTON PARK COMMERCIAL CENTER LLC,0.0,2400 OLD FORT RD,,,MISSOULA,MT,59804-7421,,,WASHINGTON PARK COMMERCIAL CENTER LLC,2400 OLD FORT RD MISSOULA MT 59804 7421,broad WASHINGTON keyword in OwnerName; surname/term alone is not a link,unrelated
04220033301137002,2026,372100,0005866340,Condominium,Missoula,WASHINGTON PARK COMMERCIAL CENTER LLC,0.0,2400 OLD FORT RD,,,MISSOULA,MT,59804-7421,,,WASHINGTON PARK COMMERCIAL CENTER LLC,2400 OLD FORT RD MISSOULA MT 59804 7421,broad WASHINGTON keyword in OwnerName; surname/term alone is not a link,unrelated
04220033301137003,2026,372101,0005866353,Condominium,Missoula,WASHINGTON PARK COMMERCIAL CENTER LLC,0.0,2400 OLD FORT RD,,,MISSOULA,MT,59804-7421,,,WASHINGTON PARK COMMERCIAL CENTER LLC,2400 OLD FORT RD MISSOULA MT 59804 7421,broad WASHINGTON keyword in OwnerName; surname/term alone is not a link,unrelated
04220033301137004,2026,372102,0005866379,Condominium,Missoula,WASHINGTON PARK COMMERCIAL CENTER LLC,0.0,2400 OLD FORT RD,,,MISSOULA,MT,59804-7421,,,WASHINGTON PARK COMMERCIAL CENTER LLC,2400 OLD FORT RD MISSOULA MT 59804 7421,broad WASHINGTON keyword in OwnerName; surname/term alone is not a link,unrelated
04220033301137005,2026,372103,0005866382,Condominium,Missoula,WASHINGTON PARK COMMERCIAL CENTER LLC,0.0,2400 OLD FORT RD,,,MISSOULA,MT,59804-7421,,,WASHINGTON PARK COMMERCIAL CENTER LLC,2400 OLD FORT RD MISSOULA MT 59804 7421,broad WASHINGTON keyword in OwnerName; surname/term alone is not a link,unrelated
04220033301137006,2026,372104,0005866395,Condominium,Missoula,WASHINGTON PARK COMMERCIAL CENTER LLC,0.0,2400 OLD FORT RD,,,MISSOULA,MT,59804-7421,,,WASHINGTON PARK COMMERCIAL CENTER LLC,2400 OLD FORT RD MISSOULA MT 59804 7421,broad WASHINGTON keyword in OwnerName; surname/term alone is not a link,unrelated
04220033301137007,2026,372105,0005866404,Condominium,Missoula,WASHINGTON PARK COMMERCIAL CENTER LLC,0.0,2400 OLD FORT RD,,,MISSOULA,MT,59804-7421,,,WASHINGTON PARK COMMERCIAL CENTER LLC,2400 OLD FORT RD MISSOULA MT 59804 7421,broad WASHINGTON keyword in OwnerName; surname/term alone is not a link,unrelated
04220033301137008,2026,372106,0005866417,Condominium,Missoula,WASHINGTON PARK COMMERCIAL CENTER LLC,0.0,2400 OLD FORT RD,,,MISSOULA,MT,59804-7421,,,WASHINGTON PARK COMMERCIAL CENTER LLC,2400 OLD FORT RD MISSOULA MT 59804 7421,broad WASHINGTON keyword in OwnerName; surname/term alone is not a link,unrelated
04220033301137009,2026,372107,0005866420,Condominium,Missoula,WASHINGTON PARK COMMERCIAL CENTER LLC,0.0,2400 OLD FORT RD,,,MISSOULA,MT,59804-7421,,,WASHINGTON PARK COMMERCIAL CENTER LLC,2400 OLD FORT RD MISSOULA MT 59804 7421,broad WASHINGTON keyword in OwnerName; surname/term alone is not a link,unrelated
04220033301137010,2026,372108,0005866433,Condominium,Missoula,WASHINGTON PARK COMMERCIAL CENTER LLC,0.0,2400 OLD FORT RD,,,MISSOULA,MT,59804-7421,,,WASHINGTON PARK COMMERCIAL CENTER LLC,2400 OLD FORT RD MISSOULA MT 59804 7421,broad WASHINGTON keyword in OwnerName; surname/term alone is not a link,unrelated
04220033301137011,2026,372109,0005866446,Condominium,Missoula,WASHINGTON PARK COMMERCIAL CENTER LLC,0.0,2400 OLD FORT RD,,,MISSOULA,MT,59804-7421,,,WASHINGTON PARK COMMERCIAL CENTER LLC,2400 OLD FORT RD MISSOULA MT 59804 7421,broad WASHINGTON keyword in OwnerName; surname/term alone is not a link,unrelated
04220033301137012,2026,372110,0005866459,Condominium,Missoula,WASHINGTON PARK COMMERCIAL CENTER LLC,0.0,2400 OLD FORT RD,,,MISSOULA,MT,59804-7421,,,WASHINGTON PARK COMMERCIAL CENTER LLC,2400 OLD FORT RD MISSOULA MT 59804 7421,broad WASHINGTON keyword in OwnerName; surname/term alone is not a link,unrelated
04220033301137013,2026,372111,0005866462,Condominium,Missoula,WASHINGTON PARK COMMERCIAL CENTER LLC,0.0,2400 OLD FORT RD,,,MISSOULA,MT,59804-7421,,,WASHINGTON PARK COMMERCIAL CENTER LLC,2400 OLD FORT RD MISSOULA MT 59804 7421,broad WASHINGTON keyword in OwnerName; surname/term alone is not a link,unrelated
04220033301137014,2026,372112,0005866475,Condominium,Missoula,WASHINGTON PARK COMMERCIAL CENTER LLC,0.0,2400 OLD FORT RD,,,MISSOULA,MT,59804-7421,,,WASHINGTON PARK COMMERCIAL CENTER LLC,2400 OLD FORT RD MISSOULA MT 59804 7421,broad WASHINGTON keyword in OwnerName; surname/term alone is not a link,unrelated
04220033301137015,2026,372113,0005866488,Condominium,Missoula,WASHINGTON PARK COMMERCIAL CENTER LLC,0.0,2400 OLD FORT RD,,,MISSOULA,MT,59804-7421,,,WASHINGTON PARK COMMERCIAL CENTER LLC,2400 OLD FORT RD MISSOULA MT 59804 7421,broad WASHINGTON keyword in OwnerName; surname/term alone is not a link,unrelated
04220033301137016,2026,372114,0005866491,Condominium,Missoula,WASHINGTON PARK COMMERCIAL CENTER LLC,0.0,2400 OLD FORT RD,,,MISSOULA,MT,59804-7421,,,WASHINGTON PARK COMMERCIAL CENTER LLC,2400 OLD FORT RD MISSOULA MT 59804 7421,broad WASHINGTON keyword in OwnerName; surname/term alone is not a link,unrelated
04220033301137019,2026,372117,0005866526,Condominium,Missoula,WASHINGTON PARK COMMERCIAL CENTER LLC,0.0,2400 OLD FORT RD,,,MISSOULA,MT,59804-7421,,,WASHINGTON PARK COMMERCIAL CENTER LLC,2400 OLD FORT RD MISSOULA MT 59804 7421,broad WASHINGTON keyword in OwnerName; surname/term alone is not a link,unrelated
04220033301137017,2026,372115,0005866500,Condominium,Missoula,WASHINGTON PARK COMMERCIAL CENTER LLC,0.0,2400 OLD FORT RD,,,MISSOULA,MT,59804-7421,,,WASHINGTON PARK COMMERCIAL CENTER LLC,2400 OLD FORT RD MISSOULA MT 59804 7421,broad WASHINGTON keyword in OwnerName; surname/term alone is not a link,unrelated
04220033301137018,2026,372116,0005866513,Condominium,Missoula,WASHINGTON PARK COMMERCIAL CENTER LLC,0.0,2400 OLD FORT RD,,,MISSOULA,MT,59804-7421,,,WASHINGTON PARK COMMERCIAL CENTER LLC,2400 OLD FORT RD MISSOULA MT 59804 7421,broad WASHINGTON keyword in OwnerName; surname/term alone is not a link,unrelated
04220033301137020,2026,372118,0005866539,Condominium,Missoula,WASHINGTON PARK COMMERCIAL CENTER LLC,0.0,2400 OLD FORT RD,,,MISSOULA,MT,59804-7421,,,WASHINGTON PARK COMMERCIAL CENTER LLC,2400 OLD FORT RD MISSOULA MT 59804 7421,broad WASHINGTON keyword in OwnerName; surname/term alone is not a link,unrelated
04220033301137021,2026,372119,0005866542,Condominium,Missoula,WASHINGTON PARK COMMERCIAL CENTER LLC,0.0,2400 OLD FORT RD,,,MISSOULA,MT,59804-7421,,,WASHINGTON PARK COMMERCIAL CENTER LLC,2400 OLD FORT RD MISSOULA MT 59804 7421,broad WASHINGTON keyword in OwnerName; surname/term alone is not a link,unrelated
03092611415090055,2026,217641,000A253100,Condominium,Yellowstone,"WASHINGTON, BLANCA L",0.0,3285 CANYON DR UNIT 55,,,BILLINGS,MT,59102-6098,,,WASHINGTON BLANCA L,3285 CANYON DR UNIT 55 BILLINGS MT 59102 6098,broad WASHINGTON keyword in OwnerName; surname/term alone is not a link,unrelated
03103234418015019,2026,222137,000A292470,Condominium,Yellowstone,"WASHINGTON, JOHN & ANGELA",0.0,3397 AVENUE F,,,BILLINGS,MT,59102-8111,,,WASHINGTON JOHN AND ANGELA,3397 AVE F BILLINGS MT 59102 8111,broad WASHINGTON keyword in OwnerName; surname/term alone is not a link,unrelated
03092601318107030,2026,221589,000A28776A,Condominium,Yellowstone,"WASHINGTON, MARK",0.0,3134 N DAFFODIL DR,,,BILLINGS,MT,59102-4422,,,WASHINGTON MARK,3134 N DAFFODIL DR BILLINGS MT 59102 4422,broad WASHINGTON keyword in OwnerName; surname/term alone is not a link,unrelated
10027725101010000,2026,45781,0001507300,Industrial Property,Carbon,BIGHORN LIMESTONE CO,1515.2,BIGHORN LIMESTONE CO,C/O TAX,1717 EAST INTERSTATE AVE,BISMARK,ND,58503,,ROXANNE WOESTE,BIGHORN LIMESTONE CO,BIGHORN LIMESTONE CO C O TAX 1717 EAST INTERSTATE AVE BISMARK ND 58503,broad keyword in OwnerName: LIMESTONE,weak_candidate
10027726101010000,2026,46185,0001520200,Vacant Land,Carbon,MONTANA LIMESTONE COMPANY,160.0,BASIN ELECTRIC POWER COOP,1717 E INTERSTATE AVE,,BISMARCK,ND,58503-0542,,WOESTE ROXANNE,MONTANA LIMESTONE COMPANY,BASIN ELECTRIC POWER COOP 1717 E INTERSTATE AVE BISMARCK ND 58503 0542,broad keyword in OwnerName: LIMESTONE,weak_candidate
10027723401010000,2026,46181,0001520200,Vacant Land,Carbon,MONTANA LIMESTONE COMPANY,160.0,BASIN ELECTRIC POWER COOP,1717 E INTERSTATE AVE,,BISMARCK,ND,58503-0542,,WOESTE ROXANNE,MONTANA LIMESTONE COMPANY,BASIN ELECTRIC POWER COOP 1717 E INTERSTATE AVE BISMARCK ND 58503 0542,broad keyword in OwnerName: LIMESTONE,weak_candidate
10027725201010000,2026,46184,0001520200,Vacant Land,Carbon,MONTANA LIMESTONE COMPANY,160.0,BASIN ELECTRIC POWER COOP,1717 E INTERSTATE AVE,,BISMARCK,ND,58503-0542,,WOESTE ROXANNE,MONTANA LIMESTONE COMPANY,BASIN ELECTRIC POWER COOP 1717 E INTERSTATE AVE BISMARCK ND 58503 0542,broad keyword in OwnerName: LIMESTONE,weak_candidate
10027724301010000,2026,46182,0001520200,Vacant Land,Carbon,MONTANA LIMESTONE COMPANY,160.0,BASIN ELECTRIC POWER COOP,1717 E INTERSTATE AVE,,BISMARCK,ND,58503-0542,,WOESTE ROXANNE,MONTANA LIMESTONE COMPANY,BASIN ELECTRIC POWER COOP 1717 E INTERSTATE AVE BISMARCK ND 58503 0542,broad keyword in OwnerName: LIMESTONE,weak_candidate
51120021301010000,2026,1108486,0000001746,Vacant Land,Jefferson,PIPESTONE WATER USERS,160.0,12 RANCH LAND RD,,,WHITEHALL,MT,59759-8640,,KOUNTZ ROXCEE,PIPESTONE WATER USERS,12 RANCH LAND RD WHITEHALL MT 59759 8640,broad keyword in OwnerName: PIPESTONE,weak_candidate
51120027201010000,2026,1108487,0000001746,Improved Property,Jefferson,PIPESTONE WATER USERS,158.51,12 RANCH LAND RD,,,WHITEHALL,MT,59759-8640,,KOUNTZ ROXCEE,PIPESTONE WATER USERS,12 RANCH LAND RD WHITEHALL MT 59759 8640,broad keyword in OwnerName: PIPESTONE,weak_candidate
04232610401030000,2026,345845,0001811009,Improved Property,Missoula,GRANT CREEK HOLDINGS LLC,117.0,11440 GRANT CREEK RD,,,MISSOULA,MT,59808-8619,,COCKRELL BRYAN,GRANT CREEK HOLDINGS LLC,11440 GRANT CREEK RD MISSOULA MT 59808 8619,broad keyword in OwnerName: GRANT CREEK,weak_candidate
10019215201010901,2026,45839,0001509302,Industrial Property,Carbon,MONTANA LIMESTONE COMPANY,115.99,BASIN ELECTRIC POWER COOP,1717 E INTERSTATE AVE,,BISMARCK,ND,58503-0542,,WOESTE ROXANNE,MONTANA LIMESTONE COMPANY,BASIN ELECTRIC POWER COOP 1717 E INTERSTATE AVE BISMARCK ND 58503 0542,broad keyword in OwnerName: LIMESTONE,weak_candidate
06101206302600000,2026,598340,00REH28502,Vacant Land,Gallatin,CLIFFS AT LIMESTONE CREEK LLC THE,94.17,PO BOX 1800,,,CORVALLIS,OR,97339-1800,,,CLIFFS AT LIMESTONE CREEK LLC THE,PO BOX 1800 CORVALLIS OR 97339 1800,broad keyword in OwnerName: LIMESTONE,weak_candidate
06101206302011001,2026,1528299,00REH15133,Vacant Land,Gallatin,CLIFFS AT LIMESTONE CREEK LLC,86.72,PO BOX 1800,,,CORVALLIS,OR,97339-1800,,,CLIFFS AT LIMESTONE CREEK LLC,PO BOX 1800 CORVALLIS OR 97339 1800,broad keyword in OwnerName: LIMESTONE,weak_candidate
04220005301120000,2026,357199,0425218017,Vacant Land,Missoula,GRANT CREEK CROSSING MISSOULA LLC,47.82,3605 BRAHMS WAY,,,MISSOULA,MT,59802-3269,,,GRANT CREEK CROSSING MISSOULA LLC,3605 BRAHMS WAY MISSOULA MT 59802 3269,broad keyword in OwnerName: GRANT CREEK,weak_candidate
51109920302100000,2026,1111136,0000003161,Improved Property,Jefferson,PIPESTONE HOLDINGS LLC,34.03,36 DELMOE LAKE RD,,,WHITEHALL,MT,59759-9665,,,PIPESTONE HOLDINGS LLC,36 DELMOE LAKE RD WHITEHALL MT 59759 9665,broad keyword in OwnerName: PIPESTONE,weak_candidate
51109920302010000,2026,1110940,0000003051,Vacant Land,Jefferson,PIPESTONE HOLDINGS LLC,33.71,36 DELMOE LAKE RD,,,WHITEHALL,MT,59759-9665,,,PIPESTONE HOLDINGS LLC,36 DELMOE LAKE RD WHITEHALL MT 59759 9665,broad keyword in OwnerName: PIPESTONE,weak_candidate
06101206302400000,2026,598339,00REH28501,Improved Property,Gallatin,CLIFFS AT LIMESTONE CREEK LLC THE,20.01,PO BOX 1800,,,CORVALLIS,OR,97339-1800,,,CLIFFS AT LIMESTONE CREEK LLC THE,PO BOX 1800 CORVALLIS OR 97339 1800,broad keyword in OwnerName: LIMESTONE,weak_candidate
06101206302011002,2026,1528300,00REH66541,Vacant Land,Gallatin,CLIFFS AT LIMESTONE CREEK LLC,18.28,PO BOX 1800,,,CORVALLIS,OR,97339-1800,,,CLIFFS AT LIMESTONE CREEK LLC,PO BOX 1800 CORVALLIS OR 97339 1800,broad keyword in OwnerName: LIMESTONE,weak_candidate
04220005301030000,2026,345456,0425218016,Vacant Land,Missoula,GRANT CREEK CROSSING MISSOULA LLC,16.78,3605 BRAHMS WAY,,,MISSOULA,MT,59802-3269,,,GRANT CREEK CROSSING MISSOULA LLC,3605 BRAHMS WAY MISSOULA MT 59802 3269,broad keyword in OwnerName: GRANT CREEK,weak_candidate
04220007404020000,2026,357071,0003426200,Improved Property,Missoula,TKG GRANT CREEK DEVELOPMENT LLC,10.64,211 N STADIUM BLVD STE 201,,,COLUMBIA,MO,65203-1161,,,TKG GRANT CREEK DEVELOPMENT LLC,211 N STADIUM BLVD STE 201 COLUMBIA MO 65203 1161,broad keyword in OwnerName: GRANT CREEK,weak_candidate
04220006101270000,2026,1605973,0422119001,Improved Property,Missoula,GRANT CREEK SELF STORAGE LLC,8.28,3605 BRAHMS WAY,,,MISSOULA,MT,59802-3269,,,GRANT CREEK SELF STORAGE LLC,3605 BRAHMS WAY MISSOULA MT 59802 3269,broad keyword in OwnerName: GRANT CREEK,weak_candidate
36256413202010000,2026,387458,0472000133,Improved Property,Judith Basin,LIMESTONE CAMPING LLC,7.726,4129 LIMESTONE CANYON RD,,,RAYNESFORD,MT,59469-9619,,,LIMESTONE CAMPING LLC,4129 LIMESTONE CANYON RD RAYNESFORD MT 59469 9619,broad keyword in OwnerName: LIMESTONE,weak_candidate
04220005201070000,2026,371258,0424277312,Apartment,Missoula,GRANT CREEK VILLAGE PH 1 LLC,7.6,5313 ELYN LOOP,,,MISSOULA,MT,59808-1058,,,GRANT CREEK VILLAGE PH 1 LLC,5313 ELYN LOOP MISSOULA MT 59808 1058,broad keyword in OwnerName: GRANT CREEK,weak_candidate
04220006101250000,2026,1588093,0425218019,Vacant Land,Missoula,GRANT CREEK CROSSING MISSOULA LLC,5.34,3605 BRAHMS WAY,,,MISSOULA,MT,59802-3269,,,GRANT CREEK CROSSING MISSOULA LLC,3605 BRAHMS WAY MISSOULA MT 59802 3269,broad keyword in OwnerName: GRANT CREEK,weak_candidate
04220006101050000,2026,345470,0425218018,Vacant Land,Missoula,GRANT CREEK CROSSING MISSOULA LLC,5.12,3605 BRAHMS WAY,,,MISSOULA,MT,59802-3269,,,GRANT CREEK CROSSING MISSOULA LLC,3605 BRAHMS WAY MISSOULA MT 59802 3269,broad keyword in OwnerName: GRANT CREEK,weak_candidate
10019215203030000,2026,1442847,0001509302,Vacant Land,Carbon,MONTANA LIMESTONE COMPANY,5.09,BASIN ELECTRIC POWER COOP,1717 E INTERSTATE AVE,,BISMARCK,ND,58503-0542,,WOESTE ROXANNE,MONTANA LIMESTONE COMPANY,BASIN ELECTRIC POWER COOP 1717 E INTERSTATE AVE BISMARCK ND 58503 0542,broad keyword in OwnerName: LIMESTONE,weak_candidate
04220005303020000,2026,354872,0003196702,Improved Property,Missoula,GRANT CREEK INN LLC,4.96,5280 GRANT CREEK RD,,,MISSOULA,MT,59808-1492,,,GRANT CREEK INN LLC,5280 GRANT CREEK RD MISSOULA MT 59808 1492,broad keyword in OwnerName: GRANT CREEK,weak_candidate
04220007404010000,2026,357068,0003425804,Improved Property,Missoula,TKG GRANT CREEK DEVELOPMENT LLC,4.27,211 N STADIUM BLVD STE 201,,,COLUMBIA,MO,65203-1161,,,TKG GRANT CREEK DEVELOPMENT LLC,211 N STADIUM BLVD STE 201 COLUMBIA MO 65203 1161,broad keyword in OwnerName: GRANT CREEK,weak_candidate
10019216101010000,2026,45701,0001500400,Industrial Property,Carbon,MONTANA LIMESTONE COMPANY,3.7,BASIN ELECTRIC POWER COOP,1717 E INTERSTATE AVE,,BISMARCK,ND,58503-0542,,BECKY GRASL,MONTANA LIMESTONE COMPANY,BASIN ELECTRIC POWER COOP 1717 E INTERSTATE AVE BISMARCK ND 58503 0542,broad keyword in OwnerName: LIMESTONE,weak_candidate
04220008204047000,2026,1564532,0418005001,Non-Valued Property,Missoula,CONSUMER DIRECT GRANT CREEK CAMPUS LLC,3.51,100 CONSUMER DIRECT WAY,,,MISSOULA,MT,59808-5037,,,CONSUMER DIRECT GRANT CREEK CAMPUS LLC,100 CONSUMER DIRECT WAY MISSOULA MT 59808 5037,broad keyword in OwnerName: GRANT CREEK,weak_candidate
04220008204070000,2026,1560543,0417219002,Vacant Land,Missoula,CONSUMER DIRECT GRANT CREEK CAMPUS LLC,3.41,100 CONSUMER DIRECT WAY,,,MISSOULA,MT,59808-5037,,,CONSUMER DIRECT GRANT CREEK CAMPUS LLC,100 CONSUMER DIRECT WAY MISSOULA MT 59808 5037,broad keyword in OwnerName: GRANT CREEK,weak_candidate
04232628210040000,2026,372468,0005893307,Vacant Land,Missoula,GRANT CREEK CELLARS LLC,3.06,7400 OLD GRANT CREEK RD,,,MISSOULA,MT,59808-9041,,,GRANT CREEK CELLARS LLC,7400 OLD GRANT CREEK RD MISSOULA MT 59808 9041,broad keyword in OwnerName: GRANT CREEK,weak_candidate
04220008204060000,2026,1560565,0417219001,Vacant Land,Missoula,CONSUMER DIRECT GRANT CREEK CAMPUS LLC,2.7,100 CONSUMER DIRECT WAY,,,MISSOULA,MT,59808-5037,,,CONSUMER DIRECT GRANT CREEK CAMPUS LLC,100 CONSUMER DIRECT WAY MISSOULA MT 59808 5037,broad keyword in OwnerName: GRANT CREEK,weak_candidate
10019209401100000,2026,45840,0001509301,Industrial Property,Carbon,MONTANA LIMESTONE COMPANY,2.41,BASIN ELECTRIC POWER COOP,1717 E INTERSTATE AVE,,BISMARCK,ND,58503-0542,,SCOTT JOHNSON,MONTANA LIMESTONE COMPANY,BASIN ELECTRIC POWER COOP 1717 E INTERSTATE AVE BISMARCK ND 58503 0542,broad keyword in OwnerName: LIMESTONE,weak_candidate
04220005202110000,2026,356679,0003385409,Non-Valued Property,Missoula,GRANT CREEK VILLAGE HOMEOWNERS ASSOC,1.13,PO BOX 8182,,,MISSOULA,MT,59807-8182,,,GRANT CREEK VILLAGE HOMEOWNERS ASSOC,PO BOX 8182 MISSOULA MT 59807 8182,broad keyword in OwnerName: GRANT CREEK,weak_candidate
04232534102180000,2026,1562999,0417296001,Improved Property,Missoula,GRANT CREEK EXCAVATING LLC,1.07,316 EXPRESSWAY,,,MISSOULA,MT,59808-1560,,,GRANT CREEK EXCAVATING LLC,316 EXPRESSWAY MISSOULA MT 59808 1560,broad keyword in OwnerName: GRANT CREEK,weak_candidate
02301503202120000,2026,122150,0001490800,Vacant Land,Cascade,LIMESTONE RENTALS LLC,1.036,716 5TH AVE N,,,GREAT FALLS,MT,59401-1530,,,LIMESTONE RENTALS LLC,716 5TH AVE N GREAT FALLS MT 59401 1530,broad keyword in OwnerName: LIMESTONE,weak_candidate
04220008204020000,2026,343982,0001645606,Improved Property,Missoula,OLD GRANT CREEK LLC,1.0,PO BOX 16930,,,MISSOULA,MT,59808-6930,,,OLD GRANT CREEK LLC,PO BOX 16930 MISSOULA MT 59808 6930,broad keyword in OwnerName: GRANT CREEK,weak_candidate
04232629405030000,2026,370637,0005850356,Improved Property,Missoula,GRANT CREEK CELLARS LLC,0.98,7400 OLD GRANT CREEK RD,,,MISSOULA,MT,59808-9041,,,GRANT CREEK CELLARS LLC,7400 OLD GRANT CREEK RD MISSOULA MT 59808 9041,broad keyword in OwnerName: GRANT CREEK,weak_candidate
04220007101120000,2026,1447297,0004584494,Vacant Land,Missoula,GRANT CREEK LLC,0.913,PO BOX 1491,,,IDAHO FALLS,ID,83403-1491,HOLIDAY INN EXPRESS,WILKINSON TRACI,GRANT CREEK LLC,PO BOX 1491 IDAHO FALLS ID 83403 1491,broad keyword in OwnerName: GRANT CREEK,weak_candidate
04220008204200000,2026,1588829,0420167014,Vacant Land,Missoula,OLD GRANT CREEK LLC,0.9,PO BOX 16930,,,MISSOULA,MT,59808-6930,,,OLD GRANT CREEK LLC,PO BOX 16930 MISSOULA MT 59808 6930,broad keyword in OwnerName: GRANT CREEK,weak_candidate
04220008204190000,2026,358355,0003556408,Vacant Land,Missoula,OLD GRANT CREEK LLC,0.9,PO BOX 16930,,,MISSOULA,MT,59808-6930,,,OLD GRANT CREEK LLC,PO BOX 16930 MISSOULA MT 59808 6930,broad keyword in OwnerName: GRANT CREEK,weak_candidate
04220007101110000,2026,1447296,0004584494,Improved Property,Missoula,GRANT CREEK LLC,0.82,PO BOX 1491,,,IDAHO FALLS,ID,83403-1491,HOLIDAY INN EXPRESS,WILKINSON TRACI,GRANT CREEK LLC,PO BOX 1491 IDAHO FALLS ID 83403 1491,broad keyword in OwnerName: GRANT CREEK,weak_candidate
04220018101030000,2026,349722,0002178308,Improved Property,Missoula,GRANT CREEK PROPERTIES LLC,0.693,2700 RADIO WAY,,,MISSOULA,MT,59808-1385,,,GRANT CREEK PROPERTIES LLC,2700 RADIO WAY MISSOULA MT 59808 1385,broad keyword in OwnerName: GRANT CREEK,weak_candidate
04232628203150000,2026,370715,0005851169,Non-Valued with Specials,Missoula,GRANT CREEK WATER USERS ASSOCIATION INC,0.552,PO BOX 17222,,,MISSOULA,MT,59808-7222,,,GRANT CREEK WATER USERS ASSOCIATION INC,PO BOX 17222 MISSOULA MT 59808 7222,broad keyword in OwnerName: GRANT CREEK,weak_candidate
10019215201020000,2026,46196,0001522500,Industrial Property,Carbon,MONTANA LIMESTONE COMPANY,0.13,BASIN ELECTRIC POWER COOP,1717 E INTERSTATE AVE,,BISMARCK,ND,58503-0542,,,MONTANA LIMESTONE COMPANY,BASIN ELECTRIC POWER COOP 1717 E INTERSTATE AVE BISMARCK ND 58503 0542,broad keyword in OwnerName: LIMESTONE,weak_candidate
06079803455315001,2026,1420761,00RGG59506,Townhouse,Gallatin,3803 PIPESTONE LLC,0.104,1001 MAIN STREET,,,KALISPELL,MT,59901,,,3803 PIPESTONE LLC,1001 MAIN ST KALISPELL MT 59901,broad keyword in OwnerName: PIPESTONE,weak_candidate
06079803455435001,2026,1420767,00RGG59512,Townhouse,Gallatin,3879 PIPESTONE LLC,0.072,2215 ARROWLEAF HILLS DR,,,BOZEMAN,MT,59715-9207,,,3879 PIPESTONE LLC,2215 ARROWLEAF HILLS DR BOZEMAN MT 59715 9207,broad keyword in OwnerName: PIPESTONE,weak_candidate
