ownership_group,PARCELID,OwnerName,TotalAcres,CountyName,OwnerAddre,OwnerAdd_1,OwnerAdd_2,OwnerCity,OwnerState,OwnerZip,match_reason,confidence,include_in_defensible_total,TaxYear,PropertyID,Assessment,PropType,DbaName,CareOfTaxp,LegalDescr,Subdivisio,project_category
CROSSHARBOR / LONE MOUNTAIN,25042511102010000,MOONLIGHT CREEK LLC,205.141,Madison,31 SAINT JAMES AVE STE 740,,,BOSTON,MA,02116-4186,owner-name keyword: MOONLIGHT; expected project geography only,weak_candidate,False,2026,1588564,0028001610,Vacant Land,,PAUL MCCOY FAMILY OFFICE SERVICES LLC,"S03, T06 S, R02 E, C.O.S. 7/2566, PARCEL 14, ACRES 205.141",,Moonlight Basin
CROSSHARBOR / LONE MOUNTAIN,46167519301010000,MOONLIGHT MEADOWS LLC,41.314,Granite,PO BOX 4112,,,MISSOULA,MT,59806-4112,owner-name keyword: MOONLIGHT; geography/name indicates unrelated owner or residential/common-area parcel,unrelated,False,2026,1334809,0001450483,Mining Claim,,,"S19, T08 N, R12 W, C.O.S. 80-M, ACRES 41.314, MINOR SUBD. NO. 80: TRACT A",,Moonlight Basin
CROSSHARBOR / LONE MOUNTAIN,25033705301040000,YSC LLC,28.0,Madison,ATTN HOPE NICULESCU,ACCESS INDUSTRIES,40 W 57TH ST 28TH FLOOR,NEW YORK,NY,10019,legal/subdivision context contains YELLOWSTONE MOUNTAIN CLUB; owner field is not a confirmed developer entity; treated as individually owned member/homeowner or other nondeveloper parcel,unrelated,False,2026,920416,0028800182,Vacant Land,,,"YELLOWSTONE MOUNTAIN CLUB PHASE 1 & 2, S05, T07 S, R03 E, Lot 11A, ACRES 28, PLAT 4/513BA",YELLOWSTONE MOUNTAIN CLUB PHASE 1 AND 2,other CrossHarbor/LMLC
CROSSHARBOR / LONE MOUNTAIN,25033602201010000,DYC ESTATES LLC,21.65,Madison,455 N CITYFRONT PLAZA DR STE 1730,,,CHICAGO,IL,60611-5314,legal/subdivision context contains YELLOWSTONE MOUNTAIN CLUB; owner field is not a confirmed developer entity; treated as individually owned member/homeowner or other nondeveloper parcel,unrelated,False,2026,919394,0028003009,Improved Property,,,"YELLOWSTONE MOUNTAIN CLUB PHASE 3, S02, T07 S, R02 E, Lot 309, ACRES 21.65, PLAT 4/499",YELLOWSTONE MOUNTAIN CLUB PHASE 3,Yellowstone Club
CROSSHARBOR / LONE MOUNTAIN,10018908302010000,MOONLIGHT RANCH E LLC,20.0,Carbon,3708 INGLEWOOD BLVD APT 1,,,LOS ANGELES,CA,90066-3274,owner-name keyword: MOONLIGHT; geography/name indicates unrelated owner or residential/common-area parcel,unrelated,False,2026,36382,0033248033,Improved Property,,,"S08, T09 S, R22 E, TR 1 COS 929",,Moonlight Basin
CROSSHARBOR / LONE MOUNTAIN,10018907401010000,MOONLIGHT RANCH W LLC,20.0,Carbon,3708 INGLEWOOD BLVD APT 1,,,LOS ANGELES,CA,90066-3274,owner-name keyword: MOONLIGHT; geography/name indicates unrelated owner or residential/common-area parcel,unrelated,False,2026,36381,0033248034,Vacant Land,,,"S07, T09 S, R22 E, TR 2 COS 929",,Moonlight Basin
CROSSHARBOR / LONE MOUNTAIN,25033612404017000,EGLISE CONDO MASTER,19.89,Madison,PO BOX 161097,,,BIG SKY,MT,59716-1097,known homeowner/common-area/legacy entity; excluded,unrelated,False,2026,1581644,EGLISEMAST,Non-Valued Property,,,"EGLISE CONDO, S12, T07 S, R02 E, EGLISE VILLAGE SUB, LOT 1,  19.98 ACRES",EGLISE CONDO,other CrossHarbor/LMLC
CROSSHARBOR / LONE MOUNTAIN,25033601401010000,ELLIOTT SCOTT M & MIYUKI,17.46,Madison,PO BOX 1197,,,KAMUELA,HI,96743-1197,legal/subdivision context contains YELLOWSTONE MOUNTAIN CLUB; owner field is not a confirmed developer entity; treated as individually owned member/homeowner or other nondeveloper parcel,unrelated,False,2026,920387,0028800145,Improved Property,,,"YELLOWSTONE MOUNTAIN CLUB PHASE 1 & 2, S01, T07 S, R02 E, Lot 189, ACRES 17.46, PLAT 4/408",YELLOWSTONE MOUNTAIN CLUB PHASE 1 AND 2,other CrossHarbor/LMLC
CROSSHARBOR / LONE MOUNTAIN,25033602102170000,GRASSO DONALD PAUL,17.38,Madison,680 S CACHE ST STE 100,BOX 10820,,JACKSON,WY,83001,legal/subdivision context contains YELLOWSTONE MOUNTAIN CLUB; owner field is not a confirmed developer entity; treated as individually owned member/homeowner or other nondeveloper parcel,unrelated,False,2026,919425,0028003039,Improved Property,,,"YELLOWSTONE MOUNTAIN CLUB PHASE 3, S02, T07 S, R02 E, Lot 339, ACRES 17.38, PLAT 4/499",YELLOWSTONE MOUNTAIN CLUB PHASE 3,other CrossHarbor/LMLC
CROSSHARBOR / LONE MOUNTAIN,25033602102150000,FERUS 338 LLC,14.59,Madison,150 CHARLES ST APT M10,,,NEW YORK,NY,10014-3462,legal/subdivision context contains YELLOWSTONE MOUNTAIN CLUB; owner field is not a confirmed developer entity; treated as individually owned member/homeowner or other nondeveloper parcel,unrelated,False,2026,919424,0028003038,Improved Property,,,"YELLOWSTONE MOUNTAIN CLUB PHASE 3, S02, T07 S, R02 E, Lot 338, ACRES 14.59, PLAT 4/499",YELLOWSTONE MOUNTAIN CLUB PHASE 3,other CrossHarbor/LMLC
CROSSHARBOR / LONE MOUNTAIN,25033705301150000,BENSON GARY & LAURIE A SNOW FAMILY TRUST &,13.87,Madison,C/O MARY FICKE,1215 DUNKIRK LANE N,,PLYMOUTH,MN,55447,legal/subdivision context contains YELLOWSTONE MOUNTAIN CLUB; owner field is not a confirmed developer entity; treated as individually owned member/homeowner or other nondeveloper parcel,unrelated,False,2026,920369,0028800128,Improved Property,,,"YELLOWSTONE MOUNTAIN CLUB PHASE 1 & 2, S05, T07 S, R03 E, Lot 6A, ACRES 13.87, PLAT 4/408",YELLOWSTONE MOUNTAIN CLUB PHASE 1 AND 2,other CrossHarbor/LMLC
CROSSHARBOR / LONE MOUNTAIN,25033602102130000,18 APPLE LLC,11.89,Madison,3545 N OCEAN BLVD,,,DELRAY BEACH,FL,33483-7440,legal/subdivision context contains YELLOWSTONE MOUNTAIN CLUB; owner field is not a confirmed developer entity; treated as individually owned member/homeowner or other nondeveloper parcel,unrelated,False,2026,919426,0028003040,Improved Property,,,"YELLOWSTONE MOUNTAIN CLUB PHASE 3, S02, T07 S, R02 E, Lot 340, ACRES 11.89, PLAT 4/499",YELLOWSTONE MOUNTAIN CLUB PHASE 3,other CrossHarbor/LMLC
CROSSHARBOR / LONE MOUNTAIN,25042631301230000,NORTHERN TRUST COMPANY TRUSTEE,10.75,Madison,1301 2ND AVE,,,SEATTLE,WA,98101-3800,legal/subdivision context contains YELLOWSTONE MOUNTAIN CLUB; owner field is not a confirmed developer entity; treated as individually owned member/homeowner or other nondeveloper parcel,unrelated,False,2026,920671,0029000104,Vacant Land,,,"YELLOWSTONE MOUNTAIN CLUB PHASE 1 AND 2, S31, T06 S, R03 E, Lot 202A, ACRES 10.75, PLAT 4/821A, OVERLOOK SUB",YELLOWSTONE MOUNTAIN CLUB PHASE 1 AND 2,other CrossHarbor/LMLC
CROSSHARBOR / LONE MOUNTAIN,25033706201180000,ANDESITE VIEW LLC,10.0,Madison,10115 E BELL RD # 107-485,,,SCOTTSDALE,AZ,85260-2189,legal/subdivision context contains YELLOWSTONE MOUNTAIN CLUB; owner field is not a confirmed developer entity; treated as individually owned member/homeowner or other nondeveloper parcel,unrelated,False,2026,920359,0028800119,Improved Property,,,"YELLOWSTONE MOUNTAIN CLUB PHASE 1 & 2, S06, T07 S, R03 E, Lot 200A-A, ACRES 10, PLAT 4/408",YELLOWSTONE MOUNTAIN CLUB PHASE 1 AND 2,other CrossHarbor/LMLC
CROSSHARBOR / LONE MOUNTAIN,25033602102090000,ELK 329 LLC,9.45,Madison,639 E OCEAN AVE STE 309,,,BOYNTON BEACH,FL,33435-5016,legal/subdivision context contains YELLOWSTONE MOUNTAIN CLUB; owner field is not a confirmed developer entity; treated as individually owned member/homeowner or other nondeveloper parcel,unrelated,False,2026,919415,0028003029,Improved Property,,,"YELLOWSTONE MOUNTAIN CLUB PHASE 3, S02, T07 S, R02 E, Lot 329-A, ACRES 9.45, PLAT 4/758",YELLOWSTONE MOUNTAIN CLUB PHASE 3,other CrossHarbor/LMLC
CROSSHARBOR / LONE MOUNTAIN,25033705201080000,RUBENSTEIN FAMILY YELLOWSTONE TRUST &,8.76,Madison,140 GOLF HOUSE RD,,,HAVERFORD,PA,19041,legal/subdivision context contains YELLOWSTONE MOUNTAIN CLUB; owner field is not a confirmed developer entity; treated as individually owned member/homeowner or other nondeveloper parcel,unrelated,False,2026,920494,0028810139,Improved Property,,,"YELLOWSTONE MOUNTAIN CLUB PHASE 1 & 2, S05, T07 S, R03 E, Lot 39, ACRES 8.76, PLAT 4/408",YELLOWSTONE MOUNTAIN CLUB PHASE 1 AND 2,Yellowstone Club
CROSSHARBOR / LONE MOUNTAIN,25033601101120000,MOUNTAIN POWDER LLC,8.26,Madison,555 TWIN DOLPHIN DR STE 600,,,REDWOOD CITY,CA,94065-2130,legal/subdivision context contains YELLOWSTONE MOUNTAIN CLUB; owner field is not a confirmed developer entity; treated as individually owned member/homeowner or other nondeveloper parcel,unrelated,False,2026,920374,0028800132,Improved Property,,,"YELLOWSTONE MOUNTAIN CLUB PHASE 1 AND 2, S01, T07 S, R02 E, Lot 257A, ACRES 8.26, PLAT 4/467",YELLOWSTONE MOUNTAIN CLUB PHASE 1 AND 2,other CrossHarbor/LMLC
CROSSHARBOR / LONE MOUNTAIN,25033602105030000,STANTON MCBURNEY REVOCABLE TRUST,8.19,Madison,6121 N NAUNI VALLEY DR,,,PARADISE VALLEY,AZ,85253-5163,legal/subdivision context contains YELLOWSTONE MOUNTAIN CLUB; owner field is not a confirmed developer entity; treated as individually owned member/homeowner or other nondeveloper parcel,unrelated,False,2026,919389,0028003004,Improved Property,,,"YELLOWSTONE MOUNTAIN CLUB PHASE 3, S02, T07 S, R02 E, Lot 304, ACRES 8.19, PLAT 4/499",YELLOWSTONE MOUNTAIN CLUB PHASE 3,other CrossHarbor/LMLC
CROSSHARBOR / LONE MOUNTAIN,25033706101010000,YELLOWSTONE 172 LLC,7.75,Madison,C/O TABLE MANAGEMENT,787 11TH AVE 9TH FLOOR,,NEW YORK,NY,10019-3538,legal/subdivision context contains YELLOWSTONE MOUNTAIN CLUB; owner field is not a confirmed developer entity; treated as individually owned member/homeowner or other nondeveloper parcel,unrelated,False,2026,920468,0028803601,Vacant Land,,,"YELLOWSTONE MOUNTAIN CLUB PHASE 1 & 2, S06, T07 S, R03 E, Lot 172, ACRES 7.75, PLAT 4/408",YELLOWSTONE MOUNTAIN CLUB PHASE 1 AND 2,Yellowstone Club
CROSSHARBOR / LONE MOUNTAIN,25033705301050000,PINE BLUFF HOLDINGS LLC,7.56,Madison,115 CENTRAL PARK W APT 19A,,,NEW YORK,NY,10023-4295,legal/subdivision context contains YELLOWSTONE MOUNTAIN CLUB; owner field is not a confirmed developer entity; treated as individually owned member/homeowner or other nondeveloper parcel,unrelated,False,2026,920372,0028800130,Improved Property,,,"YELLOWSTONE MOUNTAIN CLUB PHASE 1 & 2, S05, T07 S, R03 E, Lot 5, ACRES 7.56, PLAT 4/408",YELLOWSTONE MOUNTAIN CLUB PHASE 1 AND 2,other CrossHarbor/LMLC
CROSSHARBOR / LONE MOUNTAIN,25033705201060000,LAVALLEE RANCH LLC,7.548,Madison,1 YELLOWSTONE CLUB TRL STE 161000,18 COPPER CT,,BIG SKY,MT,59716,legal/subdivision context contains YELLOWSTONE MOUNTAIN CLUB; owner field is not a confirmed developer entity; treated as individually owned member/homeowner or other nondeveloper parcel,unrelated,False,2026,920346,0028800107,Improved Property,,LAVALLEE TOM,"YELLOWSTONE MOUNTAIN CLUB PHASE 1 & 2, S05, T07 S, R03 E, Lot 37A-1, ACRES 7.548, PLAT 4/514BA",YELLOWSTONE MOUNTAIN CLUB PHASE 1 AND 2,other CrossHarbor/LMLC
CROSSHARBOR / LONE MOUNTAIN,25033706201060000,HARRIS GREGORY AND CATHERINE TRUST,7.19,Madison,5 N BAY CT,,,LEWES,DE,19958-3126,legal/subdivision context contains YELLOWSTONE MOUNTAIN CLUB; owner field is not a confirmed developer entity; treated as individually owned member/homeowner or other nondeveloper parcel,unrelated,False,2026,920354,0028800114,Improved Property,,,"YELLOWSTONE MOUNTAIN CLUB PHASE 1 & 2, S06, T07 S, R03 E, Lot 68, ACRES 7.19, PLAT 4/408",YELLOWSTONE MOUNTAIN CLUB PHASE 1 AND 2,other CrossHarbor/LMLC
CROSSHARBOR / LONE MOUNTAIN,25033706201010000,ROGERS JOE W JR,7.17,Madison,2950 MOUNT WILKINSON PKWY SE UNIT 1109,,,ATLANTA,GA,30339-5873,legal/subdivision context contains YELLOWSTONE MOUNTAIN CLUB; owner field is not a confirmed developer entity; treated as individually owned member/homeowner or other nondeveloper parcel,unrelated,False,2026,920357,0028800117,Vacant Land,,,"YELLOWSTONE MOUNTAIN CLUB PHASE 1 AND 2, S06, T07 S, R03 E, Lot 184, ACRES 7.17, PLAT 4/408",YELLOWSTONE MOUNTAIN CLUB PHASE 1 AND 2,other CrossHarbor/LMLC
CROSSHARBOR / LONE MOUNTAIN,25033602301070000,YELLOWSTONE RIVER RUN LLC,7.11,Madison,31 SAINT JAMES AVE STE 740,,,BOSTON,MA,02116-4186,legal/subdivision context contains YELLOWSTONE MOUNTAIN CLUB; owner field is not a confirmed developer entity; treated as individually owned member/homeowner or other nondeveloper parcel,unrelated,False,2026,919396,0028003011,Improved Property,,,"YELLOWSTONE MOUNTAIN CLUB PHASE 3, S02, T07 S, R02 E, Lot 311, ACRES 7.11, PLAT 4/499",YELLOWSTONE MOUNTAIN CLUB PHASE 3,Yellowstone Club
CROSSHARBOR / LONE MOUNTAIN,25033602105010000,STANTON MCBURNEY REVOCABLE TRUST,6.86,Madison,6121 N NAUNI VALLEY DR,,,PARADISE VALLEY,AZ,85253-5163,legal/subdivision context contains YELLOWSTONE MOUNTAIN CLUB; owner field is not a confirmed developer entity; treated as individually owned member/homeowner or other nondeveloper parcel,unrelated,False,2026,919390,0028003005,Vacant Land,,,"YELLOWSTONE MOUNTAIN CLUB PHASE 3, S02, T07 S, R02 E, Lot 305, ACRES 6.86, PLAT 4/499",YELLOWSTONE MOUNTAIN CLUB PHASE 3,other CrossHarbor/LMLC
CROSSHARBOR / LONE MOUNTAIN,25033601101140000,LOT 256 YC LLC,6.85,Madison,PO BOX 7,,,BETHEL,CT,06801-0007,legal/subdivision context contains YELLOWSTONE MOUNTAIN CLUB; owner field is not a confirmed developer entity; treated as individually owned member/homeowner or other nondeveloper parcel,unrelated,False,2026,920464,0028800256,Improved Property,,,"YELLOWSTONE MOUNTAIN CLUB PHASE 1 & 2, S01, T07 S, R02 E, Lot 256A, ACRES 6.85, PLAT 4/467",YELLOWSTONE MOUNTAIN CLUB PHASE 1 AND 2,Yellowstone Club
CROSSHARBOR / LONE MOUNTAIN,25033705301080000,28 ANDESITE LLC,6.65,Madison,3406 VIA LIDO STE 1A BOX A109,,,NEWPORT BEACH,CA,92663-3961,legal/subdivision context contains YELLOWSTONE MOUNTAIN CLUB; owner field is not a confirmed developer entity; treated as individually owned member/homeowner or other nondeveloper parcel,unrelated,False,2026,920431,0028800199,Improved Property,,,"YELLOWSTONE MOUNTAIN CLUB PHASE 1 & 2, S05, T07 S, R03 E, Lot 15A, ACRES 6.65, PLAT 4/576-BA",YELLOWSTONE MOUNTAIN CLUB PHASE 1 AND 2,other CrossHarbor/LMLC
CROSSHARBOR / LONE MOUNTAIN,25033705301020000,FERRAGOSTO LLC,6.46,Madison,PO BOX 811,,,LOS ALTOS,CA,94023-0811,legal/subdivision context contains YELLOWSTONE MOUNTAIN CLUB; owner field is not a confirmed developer entity; treated as individually owned member/homeowner or other nondeveloper parcel,unrelated,False,2026,920365,0028800124,Improved Property,,,"YELLOWSTONE MOUNTAIN CLUB PHASE 1 & 2, S05, T07 S, R03 E, Lot 9, ACRES 6.46, PLAT 4/408",YELLOWSTONE MOUNTAIN CLUB PHASE 1 AND 2,other CrossHarbor/LMLC
CROSSHARBOR / LONE MOUNTAIN,25033602102210000,JCA IV PINE RIDGE LLC,6.46,Madison,13941 CUBA RD,,,COCKEYSVILLE,MD,21030-1208,legal/subdivision context contains YELLOWSTONE MOUNTAIN CLUB; owner field is not a confirmed developer entity; treated as individually owned member/homeowner or other nondeveloper parcel,unrelated,False,2026,919421,0028003034,Improved Property,,,"YELLOWSTONE MOUNTAIN CLUB PHASE 3, S02, T07 S, R02 E, Lot 334, ACRES 6.46, PLAT 4/499",YELLOWSTONE MOUNTAIN CLUB PHASE 3,other CrossHarbor/LMLC
CROSSHARBOR / LONE MOUNTAIN,25033602103070000,FOXXX DEN MONTANA LLC,6.27,Madison,PO BOX 962049,,,BOSTON,MA,02196-2049,legal/subdivision context contains YELLOWSTONE MOUNTAIN CLUB; owner field is not a confirmed developer entity; treated as individually owned member/homeowner or other nondeveloper parcel,unrelated,False,2026,919414,0028003030,Improved Property,,,"YELLOWSTONE MOUNTAIN CLUB PHASE 3, S02, T07 S, R02 E, Lot 328-A, ACRES 6.27, PLAT 4/643BA",YELLOWSTONE MOUNTAIN CLUB PHASE 3,other CrossHarbor/LMLC
CROSSHARBOR / LONE MOUNTAIN,25033601202010000,SCHUMACHER CHARLES,6.21,Madison,3031 OKEECHOBEE BLVD,,,WEST PALM BCH,FL,33409-4015,legal/subdivision context contains YELLOWSTONE MOUNTAIN CLUB; owner field is not a confirmed developer entity; treated as individually owned member/homeowner or other nondeveloper parcel,unrelated,False,2026,919388,0028003002,Improved Property,,,"YELLOWSTONE MOUNTAIN CLUB PHASE 3, S01, T07 S, R02 E, Lot 302, ACRES 6.21, PLAT 4/499",YELLOWSTONE MOUNTAIN CLUB PHASE 3,other CrossHarbor/LMLC
CROSSHARBOR / LONE MOUNTAIN,25033601202030000,SKYWOLF LLC,6.21,Madison,2644 BRONSON RD,,,FAIRFIELD,CT,06824-2068,legal/subdivision context contains YELLOWSTONE MOUNTAIN CLUB; owner field is not a confirmed developer entity; treated as individually owned member/homeowner or other nondeveloper parcel,unrelated,False,2026,919387,0028003001,Improved Property,,SUDREAU LAURE,"YELLOWSTONE MOUNTAIN CLUB PHASE 3, S01, T07 S, R02 E, Lot 301, ACRES 6.21, PLAT 4/499",YELLOWSTONE MOUNTAIN CLUB PHASE 3,other CrossHarbor/LMLC
CROSSHARBOR / LONE MOUNTAIN,25033601201030000,TIMBER CREEK ENDEAVORS LLC,5.91,Madison,3460 PRESTON RIDGE RD STE 150,,,ALPHARETTA,GA,30005-2064,legal/subdivision context contains YELLOWSTONE MOUNTAIN CLUB; owner field is not a confirmed developer entity; treated as individually owned member/homeowner or other nondeveloper parcel,unrelated,False,2026,919401,0028003016,Improved Property,,,"YELLOWSTONE MOUNTAIN CLUB PHASE 3, S01, T07 S, R02 E, Lot 316, ACRES 5.91, PLAT 4/499",YELLOWSTONE MOUNTAIN CLUB PHASE 3,other CrossHarbor/LMLC
CROSSHARBOR / LONE MOUNTAIN,25033602301030000,ZEAL MONTANA LLC,5.73,Madison,C/O CASTLE ROCK ADVISORS,200 CLARENDON ST FL 35,,BOSTON,MA,02116,legal/subdivision context contains YELLOWSTONE MOUNTAIN CLUB; owner field is not a confirmed developer entity; treated as individually owned member/homeowner or other nondeveloper parcel,unrelated,False,2026,919392,0028003007,Improved Property,,,"YELLOWSTONE MOUNTAIN CLUB PHASE 3, S02, T07 S, R02 E, Lot 307, ACRES 5.73, PLAT 4/499",YELLOWSTONE MOUNTAIN CLUB PHASE 3,other CrossHarbor/LMLC
CROSSHARBOR / LONE MOUNTAIN,25033705301110000,RUNNING DOG TRUST AGREEMENT &,5.65,Madison,YELLOWSTONE CLUB -161000,45 ANDESTIE RIDGE ROAD,,BIG SKY,MT,59716-1000,legal/subdivision context contains YELLOWSTONE MOUNTAIN CLUB; owner field is not a confirmed developer entity; treated as individually owned member/homeowner or other nondeveloper parcel,unrelated,False,2026,920376,0028800134,Improved Property,,,"YELLOWSTONE MOUNTAIN CLUB PHASE 1 & 2, S05, T07 S, R03 E, Lot 23, ACRES 5.65, PLAT 4/408",YELLOWSTONE MOUNTAIN CLUB PHASE 1 AND 2,other CrossHarbor/LMLC
CROSSHARBOR / LONE MOUNTAIN,25033601201010000,WRIGHT FAMILY TRUST,5.62,Madison,19 RANDOM RD,,,CHERRY HL VLG,CO,80113-6105,legal/subdivision context contains YELLOWSTONE MOUNTAIN CLUB; owner field is not a confirmed developer entity; treated as individually owned member/homeowner or other nondeveloper parcel,unrelated,False,2026,919400,0028003015,Improved Property,,,"YELLOWSTONE MOUNTAIN CLUB PHASE 3, S01, T07 S, R02 E, Lot 315, ACRES 5.62, PLAT 4/499",YELLOWSTONE MOUNTAIN CLUB PHASE 3,other CrossHarbor/LMLC
CROSSHARBOR / LONE MOUNTAIN,25033705301010000,FERRAGOSTO LLC,5.58,Madison,PO BOX 811,,,LOS ALTOS,CA,94023-0811,legal/subdivision context contains YELLOWSTONE MOUNTAIN CLUB; owner field is not a confirmed developer entity; treated as individually owned member/homeowner or other nondeveloper parcel,unrelated,False,2026,920389,0028800147,Improved Property,,,"YELLOWSTONE MOUNTAIN CLUB PHASE 1 & 2, S05, T07 S, R03 E, Lot 8, ACRES 5.58, PLAT 4/408",YELLOWSTONE MOUNTAIN CLUB PHASE 1 AND 2,other CrossHarbor/LMLC
CROSSHARBOR / LONE MOUNTAIN,25042536303070000,MINKOFF DANIEL M & JESSICA M TRUSTEES,5.53,Madison,6272 VIRGO RD,,,OAKLAND,CA,94611-1936,legal/subdivision context contains YELLOWSTONE MOUNTAIN CLUB; owner field is not a confirmed developer entity; treated as individually owned member/homeowner or other nondeveloper parcel,unrelated,False,2026,919202,0028000426,Improved Property,,,"YELLOWSTONE MOUNTAIN CLUB PHASE 3A, S36, T06 S, R02 E, Lot 426A, ACRES 5.53, PLAT 4/602-BA",YELLOWSTONE MOUNTAIN CLUB PHASE 3A,other CrossHarbor/LMLC
CROSSHARBOR / LONE MOUNTAIN,25033706101380000,SONNEBORN WILLIAM CHARLES & KAREN HAMMERBACK JOINT REV TRUST,5.418,Madison,KKR ACCOUNTING SERVICES LLC,155 BOVET RD STE 770,,SAN MATEO,CA,94402,legal/subdivision context contains YELLOWSTONE MOUNTAIN CLUB; owner field is not a confirmed developer entity; treated as individually owned member/homeowner or other nondeveloper parcel,unrelated,False,2026,920390,0028800148,Improved Property,,,"YELLOWSTONE MOUNTAIN CLUB PHASE 1 AND 2, S06, T07 S, R03 E, Lot 56-A, ACRES 5.418, PLAT 4/575BA",YELLOWSTONE MOUNTAIN CLUB PHASE 1 AND 2,other CrossHarbor/LMLC
CROSSHARBOR / LONE MOUNTAIN,25033601203010000,MOOSE MATTERS LLC,5.38,Madison,1727 MANDEVILLE CANYON RD,,,LOS ANGELES,CA,90049-2525,legal/subdivision context contains YELLOWSTONE MOUNTAIN CLUB; owner field is not a confirmed developer entity; treated as individually owned member/homeowner or other nondeveloper parcel,unrelated,False,2026,919386,0028003000,Improved Property,,,"YELLOWSTONE MOUNTAIN CLUB PHASE 3, S01, T07 S, R02 E, Lot 300, ACRES 5.38, PLAT 4/499",YELLOWSTONE MOUNTAIN CLUB PHASE 3,other CrossHarbor/LMLC
CROSSHARBOR / LONE MOUNTAIN,25042536404020000,HILZINGER KURT J & DEBORAH G,5.3,Madison,251 CHESWOLD LN,,,HAVERFORD,PA,19041-1803,legal/subdivision context contains YELLOWSTONE MOUNTAIN CLUB; owner field is not a confirmed developer entity; treated as individually owned member/homeowner or other nondeveloper parcel,unrelated,False,2026,921559,0029006205,Improved Property,,,"YELLOWSTONE MOUNTAIN CLUB PHASE 1 & 2, S36, T06 S, R02 E, Lot 99, ACRES 5.3, PLAT 4/408",YELLOWSTONE MOUNTAIN CLUB PHASE 1 AND 2,other CrossHarbor/LMLC
CROSSHARBOR / LONE MOUNTAIN,25033706101020000,PW HOLDINGS LLC,5.25,Madison,15 STEEPLE CHASE RD,,,GREENWICH,CT,06831,legal/subdivision context contains YELLOWSTONE MOUNTAIN CLUB; owner field is not a confirmed developer entity; treated as individually owned member/homeowner or other nondeveloper parcel,unrelated,False,2026,920364,0028800123,Improved Property,,,"YELLOWSTONE MOUNTAIN CLUB PHASE 1 & 2, S06, T07 S, R03 E, Lot 171, ACRES 5.25, PLAT 4/408",YELLOWSTONE MOUNTAIN CLUB PHASE 1 AND 2,other CrossHarbor/LMLC
CROSSHARBOR / LONE MOUNTAIN,25033602102190000,YELLOWSTONE LOT 335 TRUST,5.1,Madison,9521 LA JOLLA FARMS RD,,,LA JOLLA,CA,92037-1130,legal/subdivision context contains YELLOWSTONE MOUNTAIN CLUB; owner field is not a confirmed developer entity; treated as individually owned member/homeowner or other nondeveloper parcel,unrelated,False,2026,919422,0028003035,Improved Property,,,"YELLOWSTONE MOUNTAIN CLUB PHASE 3, S02, T07 S, R02 E, Lot 335, ACRES 5.1, PLAT 4/499",YELLOWSTONE MOUNTAIN CLUB PHASE 3,Yellowstone Club
CROSSHARBOR / LONE MOUNTAIN,25033706101200000,HALL ANNE W REVOCABLE TRUST,5.06,Madison,220 CORAL LN,,,PALM BEACH,FL,33480-3605,legal/subdivision context contains YELLOWSTONE MOUNTAIN CLUB; owner field is not a confirmed developer entity; treated as individually owned member/homeowner or other nondeveloper parcel,unrelated,False,2026,920432,0028800201,Improved Property,,,"YELLOWSTONE MOUNTAIN CLUB PHASE 1 AND 2, S06, T07 S, R03 E, Lot 62A, ACRES 5.06, PLAT 4/635",YELLOWSTONE MOUNTAIN CLUB PHASE 1 AND 2,other CrossHarbor/LMLC
CROSSHARBOR / LONE MOUNTAIN,25033705201050000,CC13 LLC,5.0,Madison,101 INDIAN RD,,,PALM BEACH,FL,33480-3019,legal/subdivision context contains YELLOWSTONE MOUNTAIN CLUB; owner field is not a confirmed developer entity; treated as individually owned member/homeowner or other nondeveloper parcel,unrelated,False,2026,920345,0028800106,Improved Property,,,"YELLOWSTONE MOUNTAIN CLUB PHASE 1 AND 2, S05, T07 S, R03 E, Lot 36A, ACRES 5, PLAT 4/514BA",YELLOWSTONE MOUNTAIN CLUB PHASE 1 AND 2,other CrossHarbor/LMLC
CROSSHARBOR / LONE MOUNTAIN,25033705301030000,FERRAGOSTO LLC,5.0,Madison,PO BOX 811,,,LOS ALTOS,CA,94023-0811,legal/subdivision context contains YELLOWSTONE MOUNTAIN CLUB; owner field is not a confirmed developer entity; treated as individually owned member/homeowner or other nondeveloper parcel,unrelated,False,2026,920388,0028800146,Improved Property,,,"YELLOWSTONE MOUNTAIN CLUB PHASE 1 & 2, S05, T07 S, R03 E, Lot 10, ACRES 5, PLAT 4/408",YELLOWSTONE MOUNTAIN CLUB PHASE 1 AND 2,other CrossHarbor/LMLC
CROSSHARBOR / LONE MOUNTAIN,25033601101150000,BIG SKY DEVCO LLC,4.97,Madison,120 W CATALDO AVE STE 100,,,SPOKANE,WA,99201-3211,legal/subdivision context contains YELLOWSTONE MOUNTAIN CLUB; owner field is not a confirmed developer entity; treated as individually owned member/homeowner or other nondeveloper parcel,unrelated,False,2026,920414,0028800180,Improved Property,,,"YELLOWSTONE MOUNTAIN CLUB PHASE 1 & 2, S01, T07 S, R02 E, Lot 255A, ACRES 4.97, PLAT 4/467",YELLOWSTONE MOUNTAIN CLUB PHASE 1 AND 2,other CrossHarbor/LMLC
CROSSHARBOR / LONE MOUNTAIN,25033601101130000,TAYLOR JOHN J &,4.96,Madison,655 N HIGHWAY A1A,,,JUPITER,FL,33477-4579,legal/subdivision context contains YELLOWSTONE MOUNTAIN CLUB; owner field is not a confirmed developer entity; treated as individually owned member/homeowner or other nondeveloper parcel,unrelated,False,2026,920413,0028800179,Improved Property,,,"YELLOWSTONE MOUNTAIN CLUB PHASE 1 & 2, S01, T07 S, R02 E, Lot 262A, ACRES 4.96, PLAT 4/467",YELLOWSTONE MOUNTAIN CLUB PHASE 1 AND 2,other CrossHarbor/LMLC
CROSSHARBOR / LONE MOUNTAIN,25042631301210000,BROWN MICHAEL &,4.93,Madison,11508 CANTERBURY CIR,,,LEAWOOD,KS,66211-2917,legal/subdivision context contains YELLOWSTONE MOUNTAIN CLUB; owner field is not a confirmed developer entity; treated as individually owned member/homeowner or other nondeveloper parcel,unrelated,False,2026,921561,0029006207,Improved Property,,,"YELLOWSTONE MOUNTAIN CLUB PHASE 1 AND 2, S31, T06 S, R03 E, Lot 96A, ACRES 4.93, PLAT 4/688AL",YELLOWSTONE MOUNTAIN CLUB PHASE 1 AND 2,other CrossHarbor/LMLC
CROSSHARBOR / LONE MOUNTAIN,25042631401040000,VINITANA LLC,4.9,Madison,282 VINITA RD,,,RICHMOND,VA,23238-7216,legal/subdivision context contains YELLOWSTONE MOUNTAIN CLUB; owner field is not a confirmed developer entity; treated as individually owned member/homeowner or other nondeveloper parcel,unrelated,False,2026,921564,0029006209,Improved Property,,,"YELLOWSTONE MOUNTAIN CLUB PHASE 1 AND 2, S31, T06 S, R03 E, Lot 51A, ACRES 4.9, PLAT 4/476BA",YELLOWSTONE MOUNTAIN CLUB PHASE 1 AND 2,other CrossHarbor/LMLC
CROSSHARBOR / LONE MOUNTAIN,25033705301130000,TRUEGRIT REALTY LLC,4.88,Madison,50 SUMMER ST,,,MANCHESTER BY THE SEA,MA,01944-1518,legal/subdivision context contains YELLOWSTONE MOUNTAIN CLUB; owner field is not a confirmed developer entity; treated as individually owned member/homeowner or other nondeveloper parcel,unrelated,False,2026,920383,0028800140,Improved Property,,ATTENBOROUGH NEALE,"YELLOWSTONE MOUNTAIN CLUB PHASE 1 AND 2, S05, T07 S, R03 E, Lot 17, ACRES 4.88, PLAT 4/408",YELLOWSTONE MOUNTAIN CLUB PHASE 1 AND 2,other CrossHarbor/LMLC
CROSSHARBOR / LONE MOUNTAIN,25042631301160000,WILSON GALLATIN LLC,4.79,Madison,PO BOX 190517,,,SAN FRANCISCO,CA,94119-0517,legal/subdivision context contains YELLOWSTONE MOUNTAIN CLUB; owner field is not a confirmed developer entity; treated as individually owned member/homeowner or other nondeveloper parcel,unrelated,False,2026,921556,0029006201,Improved Property,,,"YELLOWSTONE MOUNTAIN CLUB PHASE 1 & 2, S31, T06 S, R03 E, Lot 112, ACRES 4.79, PLAT 4/408",YELLOWSTONE MOUNTAIN CLUB PHASE 1 AND 2,other CrossHarbor/LMLC
CROSSHARBOR / LONE MOUNTAIN,25033705201040000,TOUSSAINT JOHN &,4.74,Madison,3688 WILLOWICK RD,,,HOUSTON,TX,77019-1114,legal/subdivision context contains YELLOWSTONE MOUNTAIN CLUB; owner field is not a confirmed developer entity; treated as individually owned member/homeowner or other nondeveloper parcel,unrelated,False,2026,920344,0028800105,Improved Property,,,"YELLOWSTONE MOUNTAIN CLUB PHASE 1 AND 2, S05, T07 S, R03 E, Lot 35A, ACRES 4.74, PLAT 4/514BA & 4/669BE",YELLOWSTONE MOUNTAIN CLUB PHASE 1 AND 2,other CrossHarbor/LMLC
CROSSHARBOR / LONE MOUNTAIN,25042536404030000,BALK MARK D,4.72,Madison,3 NEWTON EXECUTIVE PARK STE 304,,,NEWTON,MA,02462-1433,legal/subdivision context contains YELLOWSTONE MOUNTAIN CLUB; owner field is not a confirmed developer entity; treated as individually owned member/homeowner or other nondeveloper parcel,unrelated,False,2026,921565,0029006210,Improved Property,,CASTANEA PARTNERS,"YELLOWSTONE MOUNTAIN CLUB PHASE 1 & 2, S36, T06 S, R02 E, Lot 98, ACRES 4.72, PLAT 4/408",YELLOWSTONE MOUNTAIN CLUB PHASE 1 AND 2,other CrossHarbor/LMLC
CROSSHARBOR / LONE MOUNTAIN,25033705301120000,BEACON MONTANA LLC &,4.72,Madison,300 S NORTHWEST HWY STE 209,,,PARK RIDGE,IL,60068-4257,legal/subdivision context contains YELLOWSTONE MOUNTAIN CLUB; owner field is not a confirmed developer entity; treated as individually owned member/homeowner or other nondeveloper parcel,unrelated,False,2026,920385,0028800142,Improved Property,,,"YELLOWSTONE MOUNTAIN CLUB PHASE 1 & 2, S05, T07 S, R03 E, Lot 18, ACRES 4.72, PLAT 4/408",YELLOWSTONE MOUNTAIN CLUB PHASE 1 AND 2,other CrossHarbor/LMLC
CROSSHARBOR / LONE MOUNTAIN,25033602102250000,RMT LLC,4.66,Madison,PO BOX 350,,,WAPITI,WY,82450-0350,legal/subdivision context contains YELLOWSTONE MOUNTAIN CLUB; owner field is not a confirmed developer entity; treated as individually owned member/homeowner or other nondeveloper parcel,unrelated,False,2026,919419,0028003032,Improved Property,,,"YELLOWSTONE MOUNTAIN CLUB PHASE 3, S02, T07 S, R02 E, Lot 332, ACRES 4.66, PLAT 4/499",YELLOWSTONE MOUNTAIN CLUB PHASE 3,other CrossHarbor/LMLC
CROSSHARBOR / LONE MOUNTAIN,25033602103010000,SM YC LLC,4.65,Madison,140 E 45TH ST FL 28,,,NEW YORK,NY,10017-7159,legal/subdivision context contains YELLOWSTONE MOUNTAIN CLUB; owner field is not a confirmed developer entity; treated as individually owned member/homeowner or other nondeveloper parcel,unrelated,False,2026,919408,0028003022,Improved Property,,,"YELLOWSTONE MOUNTAIN CLUB PHASE 3, S02, T07 S, R02 E, Lot 322, ACRES 4.65, PLAT 4/499",YELLOWSTONE MOUNTAIN CLUB PHASE 3,Yellowstone Club
CROSSHARBOR / LONE MOUNTAIN,25033601101160000,MACDONALD BRIAN P REVOCABLE TRUST,4.45,Madison,54 CATHLOW DR,,,RIVERSIDE,CT,06878-2602,legal/subdivision context contains YELLOWSTONE MOUNTAIN CLUB; owner field is not a confirmed developer entity; treated as individually owned member/homeowner or other nondeveloper parcel,unrelated,False,2026,920366,0028800125,Vacant Land,,,"YELLOWSTONE MOUNTAIN CLUB PHASE 1 & 2, S01, T07 S, R02 E, Lot 190, ACRES 4.45, PLAT 4/408",YELLOWSTONE MOUNTAIN CLUB PHASE 1 AND 2,other CrossHarbor/LMLC
CROSSHARBOR / LONE MOUNTAIN,25042631401020000,EAGLIS YELLOWSTONE LLC,4.44,Madison,C/O BOWDITCH & DEWEY LLC,75 FEDERAL ST STE 1000,,BOSTON,MA,02110-1937,legal/subdivision context contains YELLOWSTONE MOUNTAIN CLUB; owner field is not a confirmed developer entity; treated as individually owned member/homeowner or other nondeveloper parcel,unrelated,False,2026,921557,0029006203,Improved Property,,,"YELLOWSTONE MOUNTAIN CLUB PHASE 1 & 2, S31, T06 S, R03 E, Lot 53A, ACRES 4.44, PLAT 4/456",YELLOWSTONE MOUNTAIN CLUB PHASE 1 AND 2,Yellowstone Club
CROSSHARBOR / LONE MOUNTAIN,25033705301140000,PIPER MICHAEL H &,4.43,Madison,9 SARGENT RD,,,MARBLEHEAD,MA,01945-3721,legal/subdivision context contains YELLOWSTONE MOUNTAIN CLUB; owner field is not a confirmed developer entity; treated as individually owned member/homeowner or other nondeveloper parcel,unrelated,False,2026,920341,0028800102,Improved Property,,,"YELLOWSTONE MOUNTAIN CLUB PHASE 1 & 2, S05, T07 S, R03 E, Lot 14, ACRES 4.43, PLAT 4/408",YELLOWSTONE MOUNTAIN CLUB PHASE 1 AND 2,other CrossHarbor/LMLC
CROSSHARBOR / LONE MOUNTAIN,25033706101070000,43 ROAMING BEAR LLC,4.41,Madison,230 BEARS CLUB DR,,,JUPITER,FL,33477-4202,legal/subdivision context contains YELLOWSTONE MOUNTAIN CLUB; owner field is not a confirmed developer entity; treated as individually owned member/homeowner or other nondeveloper parcel,unrelated,False,2026,920394,0028800151,Improved Property,,,"YELLOWSTONE MOUNTAIN CLUB PHASE 1 & 2, S06, T07 S, R03 E, Lot 43, ACRES 4.41, PLAT 4/408",YELLOWSTONE MOUNTAIN CLUB PHASE 1 AND 2,other CrossHarbor/LMLC
CROSSHARBOR / LONE MOUNTAIN,25033602102050000,ALTON FAMILY TRUST,4.31,Madison,225 CHESNUT ST,,,SAN FRANCISCO,CA,94133,legal/subdivision context contains YELLOWSTONE MOUNTAIN CLUB; owner field is not a confirmed developer entity; treated as individually owned member/homeowner or other nondeveloper parcel,unrelated,False,2026,919410,0028003024,Improved Property,,,"YELLOWSTONE MOUNTAIN CLUB PHASE 3, S02, T07 S, R02 E, Lot 324, ACRES 4.31, PLAT 4/499",YELLOWSTONE MOUNTAIN CLUB PHASE 3,other CrossHarbor/LMLC
CROSSHARBOR / LONE MOUNTAIN,10018931104010000,MOONLIGHT FARM LLC,4.21,Carbon,PO BOX 190,,,SALOME,AZ,85348-0190,owner-name keyword: MOONLIGHT; geography/name indicates unrelated owner or residential/common-area parcel,unrelated,False,2026,1456698,0033254011,Improved Property,,,"S31, T09 S, R22 E, LT 4 PLAT 1975 AM",,Moonlight Basin
CROSSHARBOR / LONE MOUNTAIN,25033602102290000,FOURNIER ALAN P TRUSTEE,4.19,Madison,535 SPRINGFIELD AVE STE 120,,,SUMMIT,NJ,07901-2631,legal/subdivision context contains YELLOWSTONE MOUNTAIN CLUB; owner field is not a confirmed developer entity; treated as individually owned member/homeowner or other nondeveloper parcel,unrelated,False,2026,919398,0028003013,Improved Property,,,"YELLOWSTONE MOUNTAIN CLUB PHASE 3, S02, T07 S, R02 E, Lot 313, ACRES 4.19, PLAT 4/499",YELLOWSTONE MOUNTAIN CLUB PHASE 3,other CrossHarbor/LMLC
CROSSHARBOR / LONE MOUNTAIN,25033601101060000,NJA PROPERTIES LLC,4.17,Madison,6301 NE WINDERMERE RD,,,SEATTLE,WA,98105-2053,legal/subdivision context contains YELLOWSTONE MOUNTAIN CLUB; owner field is not a confirmed developer entity; treated as individually owned member/homeowner or other nondeveloper parcel,unrelated,False,2026,920384,0028800141,Improved Property,,,"YELLOWSTONE MOUNTAIN CLUB PHASE 1 & 2, S01, T07 S, R02 E, Lot 196, ACRES 4.17, PLAT 4/408",YELLOWSTONE MOUNTAIN CLUB PHASE 1 AND 2,other CrossHarbor/LMLC
CROSSHARBOR / LONE MOUNTAIN,25033705201110000,96 ANDESITE RIDGE LLC,4.16,Madison,2299 4TH ST,,,BOULDER,CO,80302-4710,legal/subdivision context contains YELLOWSTONE MOUNTAIN CLUB; owner field is not a confirmed developer entity; treated as individually owned member/homeowner or other nondeveloper parcel,unrelated,False,2026,920335,0028800000,Improved Property,,,"YELLOWSTONE MOUNTAIN CLUB PHASE 1 AND 2, S05, T07 S, R03 E, Lot 30-A, ACRES 4.16, PLAT 4/747",YELLOWSTONE MOUNTAIN CLUB PHASE 1 AND 2,other CrossHarbor/LMLC
CROSSHARBOR / LONE MOUNTAIN,25042631301170000,WILSON GALLATIN LLC,4.14,Madison,PO BOX 190517,,,SAN FRANCISCO,CA,94119-0517,legal/subdivision context contains YELLOWSTONE MOUNTAIN CLUB; owner field is not a confirmed developer entity; treated as individually owned member/homeowner or other nondeveloper parcel,unrelated,False,2026,921605,0029006256,Vacant Land,,,"YELLOWSTONE MOUNTAIN CLUB PHASE 1 & 2, S31, T06 S, R03 E, Lot 111, ACRES 4.14, PLAT 4/408",YELLOWSTONE MOUNTAIN CLUB PHASE 1 AND 2,other CrossHarbor/LMLC
CROSSHARBOR / LONE MOUNTAIN,25033601101070000,BANKERS FINANCIAL CORPORATION,4.11,Madison,PO BOX 15707,,,ST PETERSBURG,FL,33733-5707,legal/subdivision context contains YELLOWSTONE MOUNTAIN CLUB; owner field is not a confirmed developer entity; treated as individually owned member/homeowner or other nondeveloper parcel,unrelated,False,2026,920368,0028800127,Vacant Land,,,"YELLOWSTONE MOUNTAIN CLUB PHASE 1 & 2, S01, T07 S, R02 E, Lot 195, ACRES 4.11, PLAT 4/408",YELLOWSTONE MOUNTAIN CLUB PHASE 1 AND 2,other CrossHarbor/LMLC
CROSSHARBOR / LONE MOUNTAIN,25033601101040000,SASSO FELIX AUGUSTO & ELAN GABRIELLE TRUSTEES,4.1,Madison,429 SUN VLY,,,MABANK,TX,75147-2428,legal/subdivision context contains YELLOWSTONE MOUNTAIN CLUB; owner field is not a confirmed developer entity; treated as individually owned member/homeowner or other nondeveloper parcel,unrelated,False,2026,920446,0028800216,Vacant Land,,,"YELLOWSTONE MOUNTAIN CLUB PHASE 1 & 2, S01, T07 S, R02 E, Lot 199, ACRES 4.1, PLAT 4/408",YELLOWSTONE MOUNTAIN CLUB PHASE 1 AND 2,other CrossHarbor/LMLC
CROSSHARBOR / LONE MOUNTAIN,25042535404140000,YELLOW STONE UNIT TRUST,4.1,Madison,PO BOX R216,ROYAL EXCHANGE,SYDNEY NSW,,,,legal/subdivision context contains YELLOWSTONE MOUNTAIN CLUB; owner field is not a confirmed developer entity; treated as individually owned member/homeowner or other nondeveloper parcel,unrelated,False,2026,1560875,0028000415,Improved Property,,,"YELLOWSTONE MOUNTAIN CLUB PHASE 3A, S35, T06 S, R02 E, Lot 410B, ACRES 4.1, PLAT 4/686BA",YELLOWSTONE MOUNTAIN CLUB PHASE 3A,other CrossHarbor/LMLC
CROSSHARBOR / LONE MOUNTAIN,25042631103020000,DAVIDSON LIVING TRUST,4.08,Madison,1832 FLORIBUNDA AVE,,,HILLSBOROUGH,CA,94010-6422,legal/subdivision context contains YELLOWSTONE MOUNTAIN CLUB; owner field is not a confirmed developer entity; treated as individually owned member/homeowner or other nondeveloper parcel,unrelated,False,2026,921578,0029006222,Improved Property,,,"YELLOWSTONE MOUNTAIN CLUB PHASE 1 AND 2, S31, T06 S, R03 E, Lot 120, ACRES 4.08, PLAT 4/408",YELLOWSTONE MOUNTAIN CLUB PHASE 1 AND 2,other CrossHarbor/LMLC
CROSSHARBOR / LONE MOUNTAIN,25033705201090000,145 ANDESITE RIDGE RD LLC,4.07,Madison,5237 RIVER RD # 356,,,BETHESDA,MD,20816-1415,legal/subdivision context contains YELLOWSTONE MOUNTAIN CLUB; owner field is not a confirmed developer entity; treated as individually owned member/homeowner or other nondeveloper parcel,unrelated,False,2026,920351,0028800111,Improved Property,,,"YELLOWSTONE MOUNTAIN CLUB PHASE 1 & 2, S05, T07 S, R03 E, Lot 42, ACRES 4.07, PLAT 4/408",YELLOWSTONE MOUNTAIN CLUB PHASE 1 AND 2,other CrossHarbor/LMLC
CROSSHARBOR / LONE MOUNTAIN,25033601101080000,KMS FAMILY TRUST,4.05,Madison,7435 VALJEAN AVE,,,VAN NUYS,CA,91406,legal/subdivision context contains YELLOWSTONE MOUNTAIN CLUB; owner field is not a confirmed developer entity; treated as individually owned member/homeowner or other nondeveloper parcel,unrelated,False,2026,920337,0028800099,Improved Property,,KIRKDOFFER NATALIE TRUSTEE,"YELLOWSTONE MOUNTAIN CLUB PHASE 1 AND 2, S01, T07 S, R02 E, Lot 194, ACRES 4.05, PLAT 4/408",YELLOWSTONE MOUNTAIN CLUB PHASE 1 AND 2,other CrossHarbor/LMLC
CROSSHARBOR / LONE MOUNTAIN,25042631103040000,STILLMAN MONTANA LLC,4.04,Madison,37 GLEN EAGLES DR,,,SAINT LOUIS,MO,63124-1653,legal/subdivision context contains YELLOWSTONE MOUNTAIN CLUB; owner field is not a confirmed developer entity; treated as individually owned member/homeowner or other nondeveloper parcel,unrelated,False,2026,921569,0029006214,Improved Property,,,"YELLOWSTONE MOUNTAIN CLUB PHASE 1 AND 2, S31, T06 S, R03 E, Lot 124, ACRES 4.04, PLAT 4/408",YELLOWSTONE MOUNTAIN CLUB PHASE 1 AND 2,other CrossHarbor/LMLC
CROSSHARBOR / LONE MOUNTAIN,25042631301200000,NORTHERN TRUST COMPANY THE,4.021,Madison,1301 2ND AVE STE 2600,,,SEATTLE,WA,98101-3811,legal/subdivision context contains YELLOWSTONE MOUNTAIN CLUB; owner field is not a confirmed developer entity; treated as individually owned member/homeowner or other nondeveloper parcel,unrelated,False,2026,920673,0029000106,Vacant Land,,JONES CHRISTIE,"YELLOWSTONE MOUNTAIN CLUB PHASE 1 AND 2, S31, T06 S, R03 E, Lot 204, ACRES 4.021, PLAT 4/541 OVERLOOK SUB",YELLOWSTONE MOUNTAIN CLUB PHASE 1 AND 2,other CrossHarbor/LMLC
CROSSHARBOR / LONE MOUNTAIN,10018931104030000,MOONLIGHT FARM LLC,4.0,Carbon,PO BOX 190,,,SALOME,AZ,85348-0190,owner-name keyword: MOONLIGHT; geography/name indicates unrelated owner or residential/common-area parcel,unrelated,False,2026,1456697,0033254012,Vacant Land,,,"S31, T09 S, R22 E, LT 3 PLAT 1975 AM",,Moonlight Basin
CROSSHARBOR / LONE MOUNTAIN,25042536301050000,YC414 INVESTMENTS LLC,4.0,Madison,1 BATTERY PARK PLZ,C/O SEWARD & KISSEL ATTN DEBRA FRANZESE,,NEW YORK,NY,10004-1405,legal/subdivision context contains YELLOWSTONE MOUNTAIN CLUB; owner field is not a confirmed developer entity; treated as individually owned member/homeowner or other nondeveloper parcel,unrelated,False,2026,919189,0028000414,Improved Property,,,"YELLOWSTONE MOUNTAIN CLUB PHASE 3A, S36, T06 S, R02 E, Lot 414A, ACRES 4, PLAT 4/609-BA",YELLOWSTONE MOUNTAIN CLUB PHASE 3A,other CrossHarbor/LMLC
CROSSHARBOR / LONE MOUNTAIN,25042536204010000,ZIMMERMAN JORDAN B,4.0,Madison,720 PELICAN POINT CV,,,BOCA RATON,FL,33431-5226,legal/subdivision context contains YELLOWSTONE MOUNTAIN CLUB; owner field is not a confirmed developer entity; treated as individually owned member/homeowner or other nondeveloper parcel,unrelated,False,2026,919215,0028000438,Improved Property,,,"YELLOWSTONE MOUNTAIN CLUB PHASE 3A, S36, T06 S, R02 E, Lot 438-B, ACRES 4, PLAT 4/650",YELLOWSTONE MOUNTAIN CLUB PHASE 3A,other CrossHarbor/LMLC
CROSSHARBOR / LONE MOUNTAIN,25033602102230000,SLAMOWITZ GREG TRUSTEE &,3.96,Madison,PO BOX 161000,,,BIG SKY,MT,59716,legal/subdivision context contains YELLOWSTONE MOUNTAIN CLUB; owner field is not a confirmed developer entity; treated as individually owned member/homeowner or other nondeveloper parcel,unrelated,False,2026,919420,0028003033,Improved Property,,,"YELLOWSTONE MOUNTAIN CLUB PHASE 3, S02, T07 S, R02 E, Lot 333, ACRES 3.96, PLAT 4/499",YELLOWSTONE MOUNTAIN CLUB PHASE 3,other CrossHarbor/LMLC
CROSSHARBOR / LONE MOUNTAIN,25042631301060000,BLAKE JEFFERY IRVING & CAROL RENZ,3.9,Madison,2216 SOUTH SHORE DR,,,ERIE,PA,16505-2144,legal/subdivision context contains YELLOWSTONE MOUNTAIN CLUB; owner field is not a confirmed developer entity; treated as individually owned member/homeowner or other nondeveloper parcel,unrelated,False,2026,921581,0029006225,Vacant Land,,,"YELLOWSTONE MOUNTAIN CLUB PHASE 1 & 2, S31, T06 S, R03 E, Lot 133, ACRES 3.9, PLAT 4/408",YELLOWSTONE MOUNTAIN CLUB PHASE 1 AND 2,other CrossHarbor/LMLC
CROSSHARBOR / LONE MOUNTAIN,25033705201070000,INCHES ROBERT P & JILL M,3.832,Madison,PO BOX 415,,,MATTAPOISETT,MA,02739-0415,legal/subdivision context contains YELLOWSTONE MOUNTAIN CLUB; owner field is not a confirmed developer entity; treated as individually owned member/homeowner or other nondeveloper parcel,unrelated,False,2026,920391,0028800149,Improved Property,,,"YELLOWSTONE MOUNTAIN CLUB PHASE 1 & 2, S05, T07 S, R03 E, Lot 38A, ACRES 3.832, PLAT 4/439BA",YELLOWSTONE MOUNTAIN CLUB PHASE 1 AND 2,other CrossHarbor/LMLC
CROSSHARBOR / LONE MOUNTAIN,25042631301150000,LITOWITZ FAMILY LLC,3.83,Madison,%ACCOUNTING,1001 GREEN BAY RD #317,,WINNETKA,IL,60093,legal/subdivision context contains YELLOWSTONE MOUNTAIN CLUB; owner field is not a confirmed developer entity; treated as individually owned member/homeowner or other nondeveloper parcel,unrelated,False,2026,921594,0029006236,Improved Property,,,"YELLOWSTONE MOUNTAIN CLUB PHASE 1 & 2, S31, T06 S, R03 E, Lot 114, ACRES 3.83, PLAT 4/408",YELLOWSTONE MOUNTAIN CLUB PHASE 1 AND 2,other CrossHarbor/LMLC
CROSSHARBOR / LONE MOUNTAIN,25033705201010000,LIZOTTE JONATHAN & STEPHANIE,3.82,Madison,191 ISLAND ESTATES PKWY,,,PALM COAST,FL,32137-2206,legal/subdivision context contains YELLOWSTONE MOUNTAIN CLUB; owner field is not a confirmed developer entity; treated as individually owned member/homeowner or other nondeveloper parcel,unrelated,False,2026,920342,0028800103,Improved Property,,,"YELLOWSTONE MOUNTAIN CLUB PHASE 1 & 2, S05, T07 S, R03 E, Lot 24, ACRES 3.82, PLAT 4/408",YELLOWSTONE MOUNTAIN CLUB PHASE 1 AND 2,other CrossHarbor/LMLC
CROSSHARBOR / LONE MOUNTAIN,25033706101050000,YELLOW MOON LLC &,3.82,Madison,3450 SACRAMENTO ST # 800,,,SAN FRANCISCO,CA,94118-1914,legal/subdivision context contains YELLOWSTONE MOUNTAIN CLUB; owner field is not a confirmed developer entity; treated as individually owned member/homeowner or other nondeveloper parcel,unrelated,False,2026,920443,0028800212,Vacant Land,,,"YELLOWSTONE MOUNTAIN CLUB PHASE 1 & 2, S06, T07 S, R03 E, Lot 164, ACRES 3.82, PLAT 4/408",YELLOWSTONE MOUNTAIN CLUB PHASE 1 AND 2,other CrossHarbor/LMLC
CROSSHARBOR / LONE MOUNTAIN,25042631401420000,LONE MOUNTAIN PARTNERS LLC,3.76,Madison,1255 N OCEAN BLVD,,,GULF STREAM,FL,33483-7231,legal/subdivision context contains YELLOWSTONE MOUNTAIN CLUB; owner field is not a confirmed developer entity; treated as individually owned member/homeowner or other nondeveloper parcel,unrelated,False,2026,921573,0029006217,Improved Property,,,"YELLOWSTONE MOUNTAIN CLUB PHASE 1 & 2, S31, T06 S, R03 E, Lot 117, ACRES 3.76, PLAT 4/408",YELLOWSTONE MOUNTAIN CLUB PHASE 1 AND 2,other CrossHarbor/LMLC
CROSSHARBOR / LONE MOUNTAIN,25033602301050000,BBB ASSETS LLC,3.75,Madison,150 LIMELIGHT WAY,,,OROVILLE,CA,95966-9282,legal/subdivision context contains YELLOWSTONE MOUNTAIN CLUB; owner field is not a confirmed developer entity; treated as individually owned member/homeowner or other nondeveloper parcel,unrelated,False,2026,919397,0028003012,Improved Property,,,"YELLOWSTONE MOUNTAIN CLUB PHASE 3, S02, T07 S, R02 E, Lot 312, ACRES 3.75, PLAT 4/499",YELLOWSTONE MOUNTAIN CLUB PHASE 3,other CrossHarbor/LMLC
CROSSHARBOR / LONE MOUNTAIN,25042536204070000,GROPIUS LLC,3.75,Madison,10 GRACIE SQUARE 1C,,,NEW YORK,NY,10028,legal/subdivision context contains YELLOWSTONE MOUNTAIN CLUB; owner field is not a confirmed developer entity; treated as individually owned member/homeowner or other nondeveloper parcel,unrelated,False,2026,919218,0028000441,Vacant Land,,,"YELLOWSTONE MOUNTAIN CLUB PHASE 3A, S36, T06 S, R02 E, Lot 440A, ACRES 3.75, PLAT 4/693",YELLOWSTONE MOUNTAIN CLUB PHASE 3A,other CrossHarbor/LMLC
CROSSHARBOR / LONE MOUNTAIN,25042631103030000,MOTT DAVID M & ALICE M,3.73,Madison,7205 MEADOW LN,,,CHEVY CHASE,MD,20815-5011,legal/subdivision context contains YELLOWSTONE MOUNTAIN CLUB; owner field is not a confirmed developer entity; treated as individually owned member/homeowner or other nondeveloper parcel,unrelated,False,2026,921580,0029006224,Improved Property,,,"YELLOWSTONE MOUNTAIN CLUB PHASE 1 & 2, S31, T06 S, R03 E, Lot 122, ACRES 3.73, PLAT 4/408",YELLOWSTONE MOUNTAIN CLUB PHASE 1 AND 2,other CrossHarbor/LMLC
CROSSHARBOR / LONE MOUNTAIN,25033706101060000,LAMBETH GEORGE,3.7,Madison,3990 PENINSULA DR,,,PETOSKEY,MI,49770-8006,legal/subdivision context contains YELLOWSTONE MOUNTAIN CLUB; owner field is not a confirmed developer entity; treated as individually owned member/homeowner or other nondeveloper parcel,unrelated,False,2026,920380,0028800138,Vacant Land,,,"YELLOWSTONE MOUNTAIN CLUB PHASE 1 & 2, S06, T07 S, R03 E, Lot 44, ACRES 3.7, PLAT 4/408",YELLOWSTONE MOUNTAIN CLUB PHASE 1 AND 2,other CrossHarbor/LMLC
CROSSHARBOR / LONE MOUNTAIN,25042631301180000,MANTOLOKING YELLOWSTONE PER RES TRUST,3.7,Madison,% STEVE & GRETCHEN BURKE,PO BOX 1667,,ENNIS,MT,59729-1667,legal/subdivision context contains YELLOWSTONE MOUNTAIN CLUB; owner field is not a confirmed developer entity; treated as individually owned member/homeowner or other nondeveloper parcel,unrelated,False,2026,921568,0029006213,Improved Property,,BURKE STEVE & GRETCHEN,"YELLOWSTONE MOUNTAIN CLUB PHASE 1 & 2, S31, T06 S, R03 E, Lot 109, ACRES 3.7, PLAT 4/408",YELLOWSTONE MOUNTAIN CLUB PHASE 1 AND 2,Yellowstone Club
CROSSHARBOR / LONE MOUNTAIN,25042631401430000,VIEWLAND LLC,3.66,Madison,2502 WESTGATE ST,,,HOUSTON,TX,77019-6610,legal/subdivision context contains YELLOWSTONE MOUNTAIN CLUB; owner field is not a confirmed developer entity; treated as individually owned member/homeowner or other nondeveloper parcel,unrelated,False,2026,921595,0029006237,Vacant Land,,,"YELLOWSTONE MOUNTAIN CLUB PHASE 1 AND 2, S31, T06 S, R03 E, Lot 116, ACRES 3.66, PLAT 4/408",YELLOWSTONE MOUNTAIN CLUB PHASE 1 AND 2,other CrossHarbor/LMLC
CROSSHARBOR / LONE MOUNTAIN,25042536404010000,CHERNIN TRUST,3.65,Madison,C/O GROUND CONTROL BUSINESS MGMT,16030 VENTURA BLD STE 380,,ENCINO,CA,91436,legal/subdivision context contains YELLOWSTONE MOUNTAIN CLUB; owner field is not a confirmed developer entity; treated as individually owned member/homeowner or other nondeveloper parcel,unrelated,False,2026,921570,0029006215,Improved Property,,,"YELLOWSTONE MOUNTAIN CLUB PHASE 1 & 2, S36, T06 S, R02 E, Lot 100, ACRES 3.65, PLAT 4/408",YELLOWSTONE MOUNTAIN CLUB PHASE 1 AND 2,other CrossHarbor/LMLC
CROSSHARBOR / LONE MOUNTAIN,25033706201170000,SHELTON JODI L TRUSTEE,3.64,Madison,4524 PARK LN,,,DALLAS,TX,75220-2023,legal/subdivision context contains YELLOWSTONE MOUNTAIN CLUB; owner field is not a confirmed developer entity; treated as individually owned member/homeowner or other nondeveloper parcel,unrelated,False,2026,920442,0028800211,Improved Property,,,"YELLOWSTONE MOUNTAIN CLUB PHASE 1 & 2, S06, T07 S, R03 E, Lot 91A, ACRES 3.64, PLAT 4/448",YELLOWSTONE MOUNTAIN CLUB PHASE 1 AND 2,other CrossHarbor/LMLC
CROSSHARBOR / LONE MOUNTAIN,25033601201050000,STORM CASTLE LLC,3.59,Madison,345 S JEFFERSON AVE STE 403,,,COOKEVILLE,TN,38501-5147,legal/subdivision context contains YELLOWSTONE MOUNTAIN CLUB; owner field is not a confirmed developer entity; treated as individually owned member/homeowner or other nondeveloper parcel,unrelated,False,2026,919402,0028003017,Improved Property,,,"YELLOWSTONE MOUNTAIN CLUB PHASE 3, S01, T07 S, R02 E, Lot 317, ACRES 3.59, PLAT 4/499",YELLOWSTONE MOUNTAIN CLUB PHASE 3,other CrossHarbor/LMLC
CROSSHARBOR / LONE MOUNTAIN,25033705201100000,DAMICO VENTURES LP,3.52,Madison,89505 OLD HWY,,,TAVERNIER,FL,33070-2144,legal/subdivision context contains YELLOWSTONE MOUNTAIN CLUB; owner field is not a confirmed developer entity; treated as individually owned member/homeowner or other nondeveloper parcel,unrelated,False,2026,920343,0028800104,Improved Property,,DAMICO JOE,"YELLOWSTONE MOUNTAIN CLUB PHASE 1 & 2, S05, T07 S, R03 E, Lot 31, ACRES 3.52, PLAT 4/408",YELLOWSTONE MOUNTAIN CLUB PHASE 1 AND 2,other CrossHarbor/LMLC
CROSSHARBOR / LONE MOUNTAIN,25033601101100000,STRUVE CLAY & DONNA,3.46,Madison,675 ARBOR DR,,,LAKE BLUFF,IL,60044-1357,legal/subdivision context contains YELLOWSTONE MOUNTAIN CLUB; owner field is not a confirmed developer entity; treated as individually owned member/homeowner or other nondeveloper parcel,unrelated,False,2026,920350,0028800110,Improved Property,,,"YELLOWSTONE MOUNTAIN CLUB PHASE 1 & 2, S01, T07 S, R02 E, Lot 191, ACRES 3.46, PLAT 4/408",YELLOWSTONE MOUNTAIN CLUB PHASE 1 AND 2,other CrossHarbor/LMLC
CROSSHARBOR / LONE MOUNTAIN,25033601201090000,STRATEGIC DEVELOPMENT YC LLC,3.45,Madison,12 PENNY LN,,,GALLATIN GATEWAY,MT,59730-9778,legal/subdivision context contains YELLOWSTONE MOUNTAIN CLUB; owner field is not a confirmed developer entity; treated as individually owned member/homeowner or other nondeveloper parcel,unrelated,False,2026,919404,0028003019,Improved Property,,,"YELLOWSTONE MOUNTAIN CLUB PHASE 3, S01, T07 S, R02 E, Lot 319, ACRES 3.45, PLAT 4/499",YELLOWSTONE MOUNTAIN CLUB PHASE 3,Yellowstone Club
CROSSHARBOR / LONE MOUNTAIN,25033705201020000,YELLOWSTONE CABIN 25 LLC,3.33,Madison,1237 N OCEAN WAY,,,PALM BEACH,FL,33480-3138,legal/subdivision context contains YELLOWSTONE MOUNTAIN CLUB; owner field is not a confirmed developer entity; treated as individually owned member/homeowner or other nondeveloper parcel,unrelated,False,2026,920420,0028800186,Improved Property,,,"YELLOWSTONE MOUNTAIN CLUB PHASE 1 & 2, S05, T07 S, R03 E, Lot 25, ACRES 3.33, PLAT 4/408",YELLOWSTONE MOUNTAIN CLUB PHASE 1 AND 2,Yellowstone Club
CROSSHARBOR / LONE MOUNTAIN,25042536303030000,SKY RUN LLC,3.29,Madison,15505 WRIGHT BROTHERS DR,,,ADDISON,TX,75001-4274,legal/subdivision context contains YELLOWSTONE MOUNTAIN CLUB; owner field is not a confirmed developer entity; treated as individually owned member/homeowner or other nondeveloper parcel,unrelated,False,2026,919199,0028000424,Improved Property,,,"YELLOWSTONE MOUNTAIN CLUB PHASE 3A, S36, T06 S, R02 E, Lot 424, ACRES 3.29, PLAT 4/517",YELLOWSTONE MOUNTAIN CLUB PHASE 3A,other CrossHarbor/LMLC
CROSSHARBOR / LONE MOUNTAIN,25042631103050000,MCBV LLC,3.28,Madison,382 NE 191ST ST PMB 60555,,,MIAMI,FL,33162-4345,legal/subdivision context contains YELLOWSTONE MOUNTAIN CLUB; owner field is not a confirmed developer entity; treated as individually owned member/homeowner or other nondeveloper parcel,unrelated,False,2026,924351,0002909999,Improved Property,,,"YELLOWSTONE MOUNTAIN CLUB PHASE 1 & 2, S31, T06 S, R03 E, Lot 126, ACRES 3.28, PLAT 4/408",YELLOWSTONE MOUNTAIN CLUB PHASE 1 AND 2,other CrossHarbor/LMLC
CROSSHARBOR / LONE MOUNTAIN,25033601201070000,YC 318 LLC,3.27,Madison,667 ESPLANADE,,,PELHAM,NY,10803-2405,legal/subdivision context contains YELLOWSTONE MOUNTAIN CLUB; owner field is not a confirmed developer entity; treated as individually owned member/homeowner or other nondeveloper parcel,unrelated,False,2026,919403,0028003018,Vacant Land,,,"YELLOWSTONE MOUNTAIN CLUB PHASE 3, S01, T07 S, R02 E, Lot 318, ACRES 3.27, PLAT 4/499",YELLOWSTONE MOUNTAIN CLUB PHASE 3,Yellowstone Club
CROSSHARBOR / LONE MOUNTAIN,25033602103030000,MAREV YC PROPERTY LLC,3.24,Madison,13 JUNIPER RD,,,DARIEN,CT,06820-5707,legal/subdivision context contains YELLOWSTONE MOUNTAIN CLUB; owner field is not a confirmed developer entity; treated as individually owned member/homeowner or other nondeveloper parcel,unrelated,False,2026,919412,0028003026,Improved Property,,,"YELLOWSTONE MOUNTAIN CLUB PHASE 3, S02, T07 S, R02 E, Lot 326-A, ACRES 3.24, PLAT 4/726-BA",YELLOWSTONE MOUNTAIN CLUB PHASE 3,Yellowstone Club
CROSSHARBOR / LONE MOUNTAIN,25033602301010000,LY BIG SKY LLC,3.21,Madison,PO BOX 3557,,,ASPEN,CO,81612-3557,legal/subdivision context contains YELLOWSTONE MOUNTAIN CLUB; owner field is not a confirmed developer entity; treated as individually owned member/homeowner or other nondeveloper parcel,unrelated,False,2026,919393,0028003008,Improved Property,,,"YELLOWSTONE MOUNTAIN CLUB PHASE 3, S02, T07 S, R02 E, Lot 308, ACRES 3.21, PLAT 4/499",YELLOWSTONE MOUNTAIN CLUB PHASE 3,other CrossHarbor/LMLC
CROSSHARBOR / LONE MOUNTAIN,25042631401100000,RAMALLO FAMILY TRUST &,3.21,Madison,712 JOHN ST,,,MANHATTAN BEACH,CA,90266-5838,legal/subdivision context contains YELLOWSTONE MOUNTAIN CLUB; owner field is not a confirmed developer entity; treated as individually owned member/homeowner or other nondeveloper parcel,unrelated,False,2026,921623,0029006272,Improved Property,,,"YELLOWSTONE MOUNTAIN CLUB PHASE 1 & 2, S31, T06 S, R03 E, Lot 152A, ACRES 3.21, PLAT 4/408",YELLOWSTONE MOUNTAIN CLUB PHASE 1 AND 2,other CrossHarbor/LMLC
CROSSHARBOR / LONE MOUNTAIN,25033706301010000,MAGNANO BEN JOSEPH TRUSTEE,3.19,Madison,1800 77TH AVE NE,,,MEDINA,WA,98039-2307,legal/subdivision context contains YELLOWSTONE MOUNTAIN CLUB; owner field is not a confirmed developer entity; treated as individually owned member/homeowner or other nondeveloper parcel,unrelated,False,2026,920407,0028800163,Improved Property,,,"YELLOWSTONE MOUNTAIN CLUB PHASE 1 & 2, S06, T07 S, R03 E, Lot 185, ACRES 3.19, PLAT 4/432",YELLOWSTONE MOUNTAIN CLUB PHASE 1 AND 2,other CrossHarbor/LMLC
CROSSHARBOR / LONE MOUNTAIN,25033706101040000,PTS YELLOWSTONE LLC,3.15,Madison,2715 WISE AVE NW,,,CANTON,OH,44708-1641,legal/subdivision context contains YELLOWSTONE MOUNTAIN CLUB; owner field is not a confirmed developer entity; treated as individually owned member/homeowner or other nondeveloper parcel,unrelated,False,2026,920445,0028800214,Improved Property,,,"YELLOWSTONE MOUNTAIN CLUB PHASE 1 & 2, S06, T07 S, R03 E, Lot 166, ACRES 3.15, PLAT 4/408",YELLOWSTONE MOUNTAIN CLUB PHASE 1 AND 2,Yellowstone Club
CROSSHARBOR / LONE MOUNTAIN,25033601201130000,THREE MOUNTAIN VIEW LLC,3.11,Madison,225 BROADWAY N,,,FARGO,ND,58102-4800,legal/subdivision context contains YELLOWSTONE MOUNTAIN CLUB; owner field is not a confirmed developer entity; treated as individually owned member/homeowner or other nondeveloper parcel,unrelated,False,2026,919407,0028003021,Improved Property,,,"YELLOWSTONE MOUNTAIN CLUB PHASE 3, S01, T07 S, R02 E, Lot 321, ACRES 3.11, PLAT 4/499",YELLOWSTONE MOUNTAIN CLUB PHASE 3,other CrossHarbor/LMLC
CROSSHARBOR / LONE MOUNTAIN,25033601101030000,ANDESITE POINTE LLC,3.1,Madison,ROOM 1708 DOMINION CENTRE,43 QUEENS ROAD EAST,WAN CHAI,,,,legal/subdivision context contains YELLOWSTONE MOUNTAIN CLUB; owner field is not a confirmed developer entity; treated as individually owned member/homeowner or other nondeveloper parcel,unrelated,False,2026,920373,0028800131,Improved Property,,,"YELLOWSTONE MOUNTAIN CLUB PHASE 1 & 2, S01, T07 S, R02 E, Lot 198, ACRES 3.1, PLAT 4/408",YELLOWSTONE MOUNTAIN CLUB PHASE 1 AND 2,other CrossHarbor/LMLC
CROSSHARBOR / LONE MOUNTAIN,25042631301190000,TELILAK LLC,3.1,Madison,C/O TREVOR MAGYAR,52 E 91ST ST,,NEW YORK,NY,10128-1350,legal/subdivision context contains YELLOWSTONE MOUNTAIN CLUB; owner field is not a confirmed developer entity; treated as individually owned member/homeowner or other nondeveloper parcel,unrelated,False,2026,920674,0029000107,Vacant Land,,,"YELLOWSTONE MOUNTAIN CLUB PHASE 1 & 2, S31, T06 S, R03 E, Lot 205, ACRES 3.1, PLAT 4/541 OVERLOOK SUB",YELLOWSTONE MOUNTAIN CLUB PHASE 1 AND 2,other CrossHarbor/LMLC
CROSSHARBOR / LONE MOUNTAIN,25033705201030000,HILLSIDE 9 REAL ESTATE HOLDINGS LLC,3.04,Madison,50 SUMMER ST,,,MANCHESTER BY THE SEA,MA,01944-1518,legal/subdivision context contains YELLOWSTONE MOUNTAIN CLUB; owner field is not a confirmed developer entity; treated as individually owned member/homeowner or other nondeveloper parcel,unrelated,False,2026,920421,0028800187,Improved Property,,,"YELLOWSTONE MOUNTAIN CLUB PHASE 1 & 2, S05, T07 S, R03 E, Lot 26, ACRES 3.04, PLAT 4/408",YELLOWSTONE MOUNTAIN CLUB PHASE 1 AND 2,other CrossHarbor/LMLC
CROSSHARBOR / LONE MOUNTAIN,25033706101170002,MORTON FAMILY PARTNERSHIP LTD,3.04,Madison,400 SHADES CREEK PKWY,,,BIRMINGHAM,AL,35209-4454,legal/subdivision context contains YELLOWSTONE MOUNTAIN CLUB; owner field is not a confirmed developer entity; treated as individually owned member/homeowner or other nondeveloper parcel,unrelated,False,2026,920399,0028800156,Improved Property,,,"YELLOWSTONE MOUNTAIN CLUB PHASE 1 & 2, S06, T07 S, R03 E, Lot 170, ACRES 3.04, PLAT 4/432",YELLOWSTONE MOUNTAIN CLUB PHASE 1 AND 2,other CrossHarbor/LMLC
CROSSHARBOR / LONE MOUNTAIN,25042536303330000,MLFS LLC,3.01,Madison,892 WASHINGTON ST,,,WELLESLEY,MA,02482-5725,legal/subdivision context contains YELLOWSTONE MOUNTAIN CLUB; owner field is not a confirmed developer entity; treated as individually owned member/homeowner or other nondeveloper parcel,unrelated,False,2026,919246,0028000468,Improved Property,,,"YELLOWSTONE MOUNTAIN CLUB PHASE 3A, S36, T06 S, R02 E, Lot 468, ACRES 3.01, PLAT 4/517",YELLOWSTONE MOUNTAIN CLUB PHASE 3A,other CrossHarbor/LMLC
CROSSHARBOR / LONE MOUNTAIN,25042536303050000,JUNONIA LLC,3.0,Madison,ATTN: MICHAEL CLARK,7354 MANASOTA KEY RD,,ENGLEWOOD,FL,34223-9340,legal/subdivision context contains YELLOWSTONE MOUNTAIN CLUB; owner field is not a confirmed developer entity; treated as individually owned member/homeowner or other nondeveloper parcel,unrelated,False,2026,919200,0028000425,Improved Property,,,"YELLOWSTONE MOUNTAIN CLUB PHASE 3A, S36, T06 S, R02 E, Lot 425, ACRES 3, PLAT 4/517",YELLOWSTONE MOUNTAIN CLUB PHASE 3A,other CrossHarbor/LMLC
CROSSHARBOR / LONE MOUNTAIN,25033706201040000,SANCTUARY PARTNERS LLC,2.99,Madison,456 WESTLAKE PARK BLVD,,,BOZEMAN,MT,59718-8083,legal/subdivision context contains YELLOWSTONE MOUNTAIN CLUB; owner field is not a confirmed developer entity; treated as individually owned member/homeowner or other nondeveloper parcel,unrelated,False,2026,920425,0028800193,Improved Property,,,"YELLOWSTONE MOUNTAIN CLUB PHASE 1 AND 2, S06, T07 S, R03 E, Lot 66A, ACRES 2.99, PLAT 4/467",YELLOWSTONE MOUNTAIN CLUB PHASE 1 AND 2,other CrossHarbor/LMLC
CROSSHARBOR / LONE MOUNTAIN,25042631301020000,YC LOT 95 LLC,2.96,Madison,403 CORPORATE CENTER DR STE 201,,,STOCKBRIDGE,GA,30281-9023,legal/subdivision context contains YELLOWSTONE MOUNTAIN CLUB; owner field is not a confirmed developer entity; treated as individually owned member/homeowner or other nondeveloper parcel,unrelated,False,2026,921625,0029006275,Improved Property,,,"YELLOWSTONE MOUNTAIN CLUB PHASE 1 AND 2, S31, T06 S, R03 E, Lot 95, ACRES 2.96, PLAT 4/408",YELLOWSTONE MOUNTAIN CLUB PHASE 1 AND 2,Yellowstone Club
CROSSHARBOR / LONE MOUNTAIN,25033706101330000,PENNDERBILT LLC,2.95,Madison,2616 TIMBERLOCH PL,,,SPRING,TX,77380-1082,legal/subdivision context contains YELLOWSTONE MOUNTAIN CLUB; owner field is not a confirmed developer entity; treated as individually owned member/homeowner or other nondeveloper parcel,unrelated,False,2026,920356,0028800116,Improved Property,,,"YELLOWSTONE MOUNTAIN CLUB PHASE 1 AND 2, S06, T07 S, R03 E, Lot 82, ACRES 2.95, PLAT 4/408",YELLOWSTONE MOUNTAIN CLUB PHASE 1 AND 2,other CrossHarbor/LMLC
CROSSHARBOR / LONE MOUNTAIN,25042536303270000,HUGHES FAMILY TRUST,2.91,Madison,5514 ROYAL LN,,,DALLAS,TX,75229,legal/subdivision context contains YELLOWSTONE MOUNTAIN CLUB; owner field is not a confirmed developer entity; treated as individually owned member/homeowner or other nondeveloper parcel,unrelated,False,2026,919249,0028000472,Vacant Land,,,"YELLOWSTONE MOUNTAIN CLUB PHASE 3A, S36, T06 S, R02 E, Lot 472, ACRES 2.91, PLAT 4/517",YELLOWSTONE MOUNTAIN CLUB PHASE 3A,other CrossHarbor/LMLC
CROSSHARBOR / LONE MOUNTAIN,25033706301080000,YELLOWSTONE 174 LLC,2.89,Madison,C/O TABLE MANAGEMENT LP,787 11TH AVE 9TH FLOOR,,NEW YORK,NY,10019,legal/subdivision context contains YELLOWSTONE MOUNTAIN CLUB; owner field is not a confirmed developer entity; treated as individually owned member/homeowner or other nondeveloper parcel,unrelated,False,2026,920411,0028800167,Improved Property,,,"YELLOWSTONE MOUNTAIN CLUB PHASE 1 & 2, S06, T07 S, R03 E, Lot 174, ACRES 2.89, PLAT 4/432",YELLOWSTONE MOUNTAIN CLUB PHASE 1 AND 2,Yellowstone Club
CROSSHARBOR / LONE MOUNTAIN,25033602102030000,THREE MOUNTAIN VIEW LLC,2.88,Madison,PO BOX 7160,,,FARGO,ND,58106-7160,legal/subdivision context contains YELLOWSTONE MOUNTAIN CLUB; owner field is not a confirmed developer entity; treated as individually owned member/homeowner or other nondeveloper parcel,unrelated,False,2026,919411,0028003025,Improved Property,,,"YELLOWSTONE MOUNTAIN CLUB PHASE 3, S02, T07 S, R02 E, Lot 325, ACRES 2.88, PLAT 4/499",YELLOWSTONE MOUNTAIN CLUB PHASE 3,other CrossHarbor/LMLC
CROSSHARBOR / LONE MOUNTAIN,25042536301090000,BNLD PROPERTIES LLC,2.87,Madison,26 N MOORE ST APT 8W,,,NEW YORK,NY,10013-2436,legal/subdivision context contains YELLOWSTONE MOUNTAIN CLUB; owner field is not a confirmed developer entity; treated as individually owned member/homeowner or other nondeveloper parcel,unrelated,False,2026,919192,0028000417,Improved Property,,,"YELLOWSTONE MOUNTAIN CLUB PHASE 3A, S36, T06 S, R02 E, Lot 417, ACRES 2.87, PLAT 4/517",YELLOWSTONE MOUNTAIN CLUB PHASE 3A,other CrossHarbor/LMLC
CROSSHARBOR / LONE MOUNTAIN,25042536204030000,GOLDSTROM MONTANA MANAGEMENT LLC,2.87,Madison,2986 NANCY CREEK RD,,,ATLANTA,GA,30327,legal/subdivision context contains YELLOWSTONE MOUNTAIN CLUB; owner field is not a confirmed developer entity; treated as individually owned member/homeowner or other nondeveloper parcel,unrelated,False,2026,919216,0028000439,Improved Property,,GOLDSTROM JULIE,"YELLOWSTONE MOUNTAIN CLUB PHASE 3A, S36, T06 S, R02 E, Lot 439, ACRES 2.87, PLAT 4/517",YELLOWSTONE MOUNTAIN CLUB PHASE 3A,other CrossHarbor/LMLC
CROSSHARBOR / LONE MOUNTAIN,25042536302050000,RED CITY LLC,2.87,Madison,C/O CORMORANT ASSET MANAGMENT,200 CLARENDON ST FL 52,,BOSTON,MA,02116-5021,legal/subdivision context contains YELLOWSTONE MOUNTAIN CLUB; owner field is not a confirmed developer entity; treated as individually owned member/homeowner or other nondeveloper parcel,unrelated,False,2026,919194,0028000419,Improved Property,,TRIPP CALEB,"YELLOWSTONE MOUNTAIN CLUB PHASE 3A, S36, T06 S, R02 E, Lot 419, ACRES 2.87, PLAT 4/517",YELLOWSTONE MOUNTAIN CLUB PHASE 3A,other CrossHarbor/LMLC
CROSSHARBOR / LONE MOUNTAIN,25042535404010000,SPRAGUE FAMILY TRUST &,2.87,Madison,PO BOX 161000,,,BIG SKY,MT,59716-1000,legal/subdivision context contains YELLOWSTONE MOUNTAIN CLUB; owner field is not a confirmed developer entity; treated as individually owned member/homeowner or other nondeveloper parcel,unrelated,False,2026,919176,0028000401,Improved Property,,,"YELLOWSTONE MOUNTAIN CLUB PHASE 3A, S35, T06 S, R02 E, Lot 401, ACRES 2.87, PLAT 4/517",YELLOWSTONE MOUNTAIN CLUB PHASE 3A,other CrossHarbor/LMLC
CROSSHARBOR / LONE MOUNTAIN,25042631401330000,YC LOT 130 LLC,2.85,Madison,3155 BLUESTEM DR # 175,,,WEST FARGO,ND,58078-8002,legal/subdivision context contains YELLOWSTONE MOUNTAIN CLUB; owner field is not a confirmed developer entity; treated as individually owned member/homeowner or other nondeveloper parcel,unrelated,False,2026,921592,0029006234,Vacant Land,,,"YELLOWSTONE MOUNTAIN CLUB PHASE 1 & 2, S31, T06 S, R03 E, Lot 130, ACRES 2.85, PLAT 4/408",YELLOWSTONE MOUNTAIN CLUB PHASE 1 AND 2,Yellowstone Club
CROSSHARBOR / LONE MOUNTAIN,25042631401070000,ALWAN BASIL H TRUST,2.84,Madison,250 WOODED VIEW DR,,,LOS GATOS,CA,95032-5738,legal/subdivision context contains YELLOWSTONE MOUNTAIN CLUB; owner field is not a confirmed developer entity; treated as individually owned member/homeowner or other nondeveloper parcel,unrelated,False,2026,921602,0029006250,Vacant Land,,,"YELLOWSTONE MOUNTAIN CLUB PHASE 1 & 2, S31, T06 S, R03 E, Lot 157B, ACRES 2.84, PLAT 4/544 LONG MINOR SUB",YELLOWSTONE MOUNTAIN CLUB PHASE 1 AND 2,other CrossHarbor/LMLC
CROSSHARBOR / LONE MOUNTAIN,25033601201150000,CAPOBIANCO YELLOWSTONE LLC,2.83,Madison,825 TOWN AND COUNTRY LN STE 700,,,HOUSTON,TX,77024-2326,legal/subdivision context contains YELLOWSTONE MOUNTAIN CLUB; owner field is not a confirmed developer entity; treated as individually owned member/homeowner or other nondeveloper parcel,unrelated,False,2026,919399,0028003014,Improved Property,,,"YELLOWSTONE MOUNTAIN CLUB PHASE 3, S01, T07 S, R02 E, Lot 314, ACRES 2.83, PLAT 4/499",YELLOWSTONE MOUNTAIN CLUB PHASE 3,Yellowstone Club
CROSSHARBOR / LONE MOUNTAIN,25033706101170001,CRESTA CABINA LLC,2.81,Madison,PO BOX 194244,,,SAN FRANCISCO,CA,94119-4244,legal/subdivision context contains YELLOWSTONE MOUNTAIN CLUB; owner field is not a confirmed developer entity; treated as individually owned member/homeowner or other nondeveloper parcel,unrelated,False,2026,920400,0028800157,Improved Property,,,"YELLOWSTONE MOUNTAIN CLUB PHASE 1 & 2, S06, T07 S, R03 E, Lot 173, ACRES 2.81, PLAT 4/432",YELLOWSTONE MOUNTAIN CLUB PHASE 1 AND 2,other CrossHarbor/LMLC
CROSSHARBOR / LONE MOUNTAIN,25033706101100000,3H YELLOWSTONE LLC,2.8,Madison,2102 GOLDSMITH ST,,,HOUSTON,TX,77030-1200,legal/subdivision context contains YELLOWSTONE MOUNTAIN CLUB; owner field is not a confirmed developer entity; treated as individually owned member/homeowner or other nondeveloper parcel,unrelated,False,2026,920348,0028800109,Improved Property,,,"YELLOWSTONE MOUNTAIN CLUB PHASE 1 & 2, S06, T07 S, R03 E, Lot 48, ACRES 2.8, PLAT 4/408",YELLOWSTONE MOUNTAIN CLUB PHASE 1 AND 2,Yellowstone Club
CROSSHARBOR / LONE MOUNTAIN,25033706301060000,DEVRIES TIMOTHY C & GAYLE W,2.8,Madison,141 BRAZILIAN AVE,,,PALM BEACH,FL,33480-4221,legal/subdivision context contains YELLOWSTONE MOUNTAIN CLUB; owner field is not a confirmed developer entity; treated as individually owned member/homeowner or other nondeveloper parcel,unrelated,False,2026,920409,0028800165,Improved Property,,,"YELLOWSTONE MOUNTAIN CLUB PHASE 1 AND 2, S06, T07 S, R03 E, Lot 177, ACRES 2.8, PLAT 4/432",YELLOWSTONE MOUNTAIN CLUB PHASE 1 AND 2,other CrossHarbor/LMLC
CROSSHARBOR / LONE MOUNTAIN,25033705201120000,PLUMMER EDWARD L TRUSTEE &,2.79,Madison,12214 SEAWARD DR W,,,NORTH PALM BEACH,FL,33408-2955,legal/subdivision context contains YELLOWSTONE MOUNTAIN CLUB; owner field is not a confirmed developer entity; treated as individually owned member/homeowner or other nondeveloper parcel,unrelated,False,2026,920392,0028800150,Vacant Land,,,"YELLOWSTONE MOUNTAIN CLUB PHASE 1 AND 2, S05, T07 S, R03 E, Lot 29, ACRES 2.79, PLAT 4/408",YELLOWSTONE MOUNTAIN CLUB PHASE 1 AND 2,other CrossHarbor/LMLC
CROSSHARBOR / LONE MOUNTAIN,25033602102070000,LANEY G TIMOTHY,2.78,Madison,7600 LANDMARK WAY UNIT 1615,,,GREENWOOD VILLAGE,CO,80111-1971,legal/subdivision context contains YELLOWSTONE MOUNTAIN CLUB; owner field is not a confirmed developer entity; treated as individually owned member/homeowner or other nondeveloper parcel,unrelated,False,2026,919423,0028003036,Improved Property,,,"YELLOWSTONE MOUNTAIN CLUB PHASE 3, S02, T07 S, R02 E, Lot 336, ACRES 2.78, PLAT 4/499",YELLOWSTONE MOUNTAIN CLUB PHASE 3,other CrossHarbor/LMLC
CROSSHARBOR / LONE MOUNTAIN,25033705301100000,42 ANDESITE LLC,2.76,Madison,520 S SEPULVEDA BLVD STE 406,,,LOS ANGELES,CA,90049-3547,legal/subdivision context contains YELLOWSTONE MOUNTAIN CLUB; owner field is not a confirmed developer entity; treated as individually owned member/homeowner or other nondeveloper parcel,unrelated,False,2026,920419,0028800185,Improved Property,,,"YELLOWSTONE MOUNTAIN CLUB PHASE 1 & 2, S05, T07 S, R03 E, Lot 22, ACRES 2.76, PLAT 4/408",YELLOWSTONE MOUNTAIN CLUB PHASE 1 AND 2,other CrossHarbor/LMLC
CROSSHARBOR / LONE MOUNTAIN,25042631301040000,NORTHERN TRUST COMPANY THE,2.76,Madison,1301 2ND AVE STE 2600,,,SEATTLE,WA,98101-3811,legal/subdivision context contains YELLOWSTONE MOUNTAIN CLUB; owner field is not a confirmed developer entity; treated as individually owned member/homeowner or other nondeveloper parcel,unrelated,False,2026,921575,0029006219,Improved Property,,JONES KATIE,"YELLOWSTONE MOUNTAIN CLUB PHASE 1 AND 2, S31, T06 S, R03 E, Lot 92, ACRES 2.76, PLAT 4/408",YELLOWSTONE MOUNTAIN CLUB PHASE 1 AND 2,other CrossHarbor/LMLC
CROSSHARBOR / LONE MOUNTAIN,25033602102010000,YOUNG CHERYL L TRUSTEE,2.75,Madison,14742 EASTVIEW DR,,,LOS GATOS,CA,95032-1708,legal/subdivision context contains YELLOWSTONE MOUNTAIN CLUB; owner field is not a confirmed developer entity; treated as individually owned member/homeowner or other nondeveloper parcel,unrelated,False,2026,919409,0028003023,Improved Property,,,"YELLOWSTONE MOUNTAIN CLUB PHASE 3, S02, T07 S, R02 E, Lot 323, ACRES 2.75, PLAT 4/499",YELLOWSTONE MOUNTAIN CLUB PHASE 3,other CrossHarbor/LMLC
CROSSHARBOR / LONE MOUNTAIN,25033601101110000,MAUSEFALLE LLC,2.74,Madison,2325 WELCH ST APT 602,,,HOUSTON,TX,77019-6041,legal/subdivision context contains YELLOWSTONE MOUNTAIN CLUB; owner field is not a confirmed developer entity; treated as individually owned member/homeowner or other nondeveloper parcel,unrelated,False,2026,920358,0028800118,Improved Property,,MOFFET KENNETH & SANDRA,"YELLOWSTONE MOUNTAIN CLUB PHASE 1 & 2, S01, T07 S, R02 E, Lot 192, ACRES 2.74, PLAT 4/408",YELLOWSTONE MOUNTAIN CLUB PHASE 1 AND 2,other CrossHarbor/LMLC
CROSSHARBOR / LONE MOUNTAIN,25033706201020001,GREENBERG SASCHA,2.72,Madison,115 CENTRAL PARK W UNIT 23F,,,NEW YORK,NY,10023-4198,legal/subdivision context contains YELLOWSTONE MOUNTAIN CLUB; owner field is not a confirmed developer entity; treated as individually owned member/homeowner or other nondeveloper parcel,unrelated,False,2026,920402,0028800159,Vacant Land,,,"YELLOWSTONE MOUNTAIN CLUB PHASE 1 & 2, S06, T07 S, R03 E, Lot 180, ACRES 2.72, PLAT 4/432",YELLOWSTONE MOUNTAIN CLUB PHASE 1 AND 2,other CrossHarbor/LMLC
CROSSHARBOR / LONE MOUNTAIN,25033706301050000,SHUFORD STEPHENSON POPE,2.72,Madison,1940 SHOREHAM DR,,,CHARLOTTE,NC,28211-2136,legal/subdivision context contains YELLOWSTONE MOUNTAIN CLUB; owner field is not a confirmed developer entity; treated as individually owned member/homeowner or other nondeveloper parcel,unrelated,False,2026,920408,0028800164,Vacant Land,,,"YELLOWSTONE MOUNTAIN CLUB PHASE 1 & 2, S06, T07 S, R03 E, Lot 179, ACRES 2.72, PLAT 4/432",YELLOWSTONE MOUNTAIN CLUB PHASE 1 AND 2,other CrossHarbor/LMLC
CROSSHARBOR / LONE MOUNTAIN,25042631401310000,YC128 LLC,2.71,Madison,1932 1ST AVE STE 1000,,,SEATTLE,WA,98101-1063,legal/subdivision context contains YELLOWSTONE MOUNTAIN CLUB; owner field is not a confirmed developer entity; treated as individually owned member/homeowner or other nondeveloper parcel,unrelated,False,2026,921586,0029006228,Vacant Land,,,"YELLOWSTONE MOUNTAIN CLUB PHASE 1 & 2, S31, T06 S, R03 E, Lot 128, ACRES 2.71, PLAT 4/408",YELLOWSTONE MOUNTAIN CLUB PHASE 1 AND 2,other CrossHarbor/LMLC
CROSSHARBOR / LONE MOUNTAIN,25033706201140000,GALLEN JONATHAN &,2.69,Madison,101 CENTRAL PARK W,,,NEW YORK,NY,10023-4250,legal/subdivision context contains YELLOWSTONE MOUNTAIN CLUB; owner field is not a confirmed developer entity; treated as individually owned member/homeowner or other nondeveloper parcel,unrelated,False,2026,920362,0028800121,Improved Property,,,"YELLOWSTONE MOUNTAIN CLUB PHASE 1 AND 2, S06, T07 S, R03 E, Lot 88, ACRES 2.69, PLAT 4/408",YELLOWSTONE MOUNTAIN CLUB PHASE 1 AND 2,other CrossHarbor/LMLC
CROSSHARBOR / LONE MOUNTAIN,25033706101260000,HAS YELLOWSTONE HOLDINGS LLC,2.67,Madison,PO BOX 7138,,,GARDEN CITY,NY,11530-7138,legal/subdivision context contains YELLOWSTONE MOUNTAIN CLUB; owner field is not a confirmed developer entity; treated as individually owned member/homeowner or other nondeveloper parcel,unrelated,False,2026,920434,0028800203,Improved Property,,,"YELLOWSTONE MOUNTAIN CLUB PHASE 1 & 2, S06, T07 S, R03 E, Lot 73A, ACRES 2.67, PLAT 4/467",YELLOWSTONE MOUNTAIN CLUB PHASE 1 AND 2,Yellowstone Club
CROSSHARBOR / LONE MOUNTAIN,25033706201020002,BYRNE JAMES B REVOCABLE TRUST,2.66,Madison,2 WALLINGFORD RD,,,MARBLEHEAD,MA,01945-3609,legal/subdivision context contains YELLOWSTONE MOUNTAIN CLUB; owner field is not a confirmed developer entity; treated as individually owned member/homeowner or other nondeveloper parcel,unrelated,False,2026,920401,0028800158,Improved Property,,,"YELLOWSTONE MOUNTAIN CLUB PHASE 1 AND 2, S06, T07 S, R03 E, Lot 178, ACRES 2.66, PLAT 4/432",YELLOWSTONE MOUNTAIN CLUB PHASE 1 AND 2,other CrossHarbor/LMLC
CROSSHARBOR / LONE MOUNTAIN,25042631301030000,KIM SUSAN Y,2.66,Madison,854 MOUNT PLEASANT RD,,,BRYN MAWR,PA,19010-1824,legal/subdivision context contains YELLOWSTONE MOUNTAIN CLUB; owner field is not a confirmed developer entity; treated as individually owned member/homeowner or other nondeveloper parcel,unrelated,False,2026,921566,0029006211,Improved Property,,,"YELLOWSTONE MOUNTAIN CLUB PHASE 1 & 2, S31, T06 S, R03 E, Lot 101, ACRES 2.66, PLAT 4/432",YELLOWSTONE MOUNTAIN CLUB PHASE 1 AND 2,other CrossHarbor/LMLC
CROSSHARBOR / LONE MOUNTAIN,25033706301030000,YELLOWBIRD LLC,2.65,Madison,205 W CLEVELAND ST,,,BOZEMAN,MT,59715-5207,legal/subdivision context contains YELLOWSTONE MOUNTAIN CLUB; owner field is not a confirmed developer entity; treated as individually owned member/homeowner or other nondeveloper parcel,unrelated,False,2026,920406,0028800162,Vacant Land,,,"YELLOWSTONE MOUNTAIN CLUB PHASE 1 & 2, S06, T07 S, R03 E, Lot 183, ACRES 2.65, PLAT 4/432",YELLOWSTONE MOUNTAIN CLUB PHASE 1 AND 2,other CrossHarbor/LMLC
CROSSHARBOR / LONE MOUNTAIN,25042536302010000,411 YUCCA LLC,2.64,Madison,210 PACIFIC ST APT 7,,,BROOKLYN,NY,11201-7058,legal/subdivision context contains YELLOWSTONE MOUNTAIN CLUB; owner field is not a confirmed developer entity; treated as individually owned member/homeowner or other nondeveloper parcel,unrelated,False,2026,919186,0028000411,Vacant Land,,STERN PETER,"YELLOWSTONE MOUNTAIN CLUB PHASE 3A, S36, T06 S, R02 E, Lot 411, ACRES 2.64, PLAT 4/517",YELLOWSTONE MOUNTAIN CLUB PHASE 3A,other CrossHarbor/LMLC
CROSSHARBOR / LONE MOUNTAIN,25033706101160000,GORDON JEAN 2012 REVOCABLE TRUST,2.64,Madison,2660 SOLACE PL STE C,,,MOUNTAIN VIEW,CA,94040-4337,legal/subdivision context contains YELLOWSTONE MOUNTAIN CLUB; owner field is not a confirmed developer entity; treated as individually owned member/homeowner or other nondeveloper parcel,unrelated,False,2026,920375,0028800133,Improved Property,,,"YELLOWSTONE MOUNTAIN CLUB PHASE 1 & 2, S06, T07 S, R03 E, Lot 169, ACRES 2.64, PLAT 4/408",YELLOWSTONE MOUNTAIN CLUB PHASE 1 AND 2,other CrossHarbor/LMLC
CROSSHARBOR / LONE MOUNTAIN,25042536302030000,LEUSCHEN DAVID,2.64,Madison,PO BOX 13,,,ROSCOE,MT,59071-0013,legal/subdivision context contains YELLOWSTONE MOUNTAIN CLUB; owner field is not a confirmed developer entity; treated as individually owned member/homeowner or other nondeveloper parcel,unrelated,False,2026,919193,0028000418,Improved Property,,,"YELLOWSTONE MOUNTAIN CLUB PHASE 3A, S36, T06 S, R02 E, Lot 418, ACRES 2.64, PLAT 4/517",YELLOWSTONE MOUNTAIN CLUB PHASE 3A,other CrossHarbor/LMLC
CROSSHARBOR / LONE MOUNTAIN,25033601201110000,MOOSE HAVEN LLC,2.64,Madison,225 BROADWAY N,,,FARGO,ND,58102-4800,legal/subdivision context contains YELLOWSTONE MOUNTAIN CLUB; owner field is not a confirmed developer entity; treated as individually owned member/homeowner or other nondeveloper parcel,unrelated,False,2026,919405,0028003020,Improved Property,,,"YELLOWSTONE MOUNTAIN CLUB PHASE 3, S01, T07 S, R02 E, Lot 320, ACRES 2.64, PLAT 4/499",YELLOWSTONE MOUNTAIN CLUB PHASE 3,other CrossHarbor/LMLC
CROSSHARBOR / LONE MOUNTAIN,25033706201120000,YC MOUNTAIN SPIRIT LLC,2.64,Madison,17 YARMOUTH RD,,,CHESTNUT HILL,MA,02467-2815,legal/subdivision context contains YELLOWSTONE MOUNTAIN CLUB; owner field is not a confirmed developer entity; treated as individually owned member/homeowner or other nondeveloper parcel,unrelated,False,2026,920361,0028800120,Improved Property,,,"YELLOWSTONE MOUNTAIN CLUB PHASE 1 AND 2, S06, T07 S, R03 E, Lot 86, ACRES 2.64, PLAT 4/408",YELLOWSTONE MOUNTAIN CLUB PHASE 1 AND 2,Yellowstone Club
CROSSHARBOR / LONE MOUNTAIN,25042535404090000,MONTANA FH LLC,2.63,Madison,860 WASHINGTON ST 3RD FL,,,NEW YORK,NY,10014,legal/subdivision context contains YELLOWSTONE MOUNTAIN CLUB; owner field is not a confirmed developer entity; treated as individually owned member/homeowner or other nondeveloper parcel,unrelated,False,2026,919181,0028000406,Vacant Land,,,"YELLOWSTONE MOUNTAIN CLUB PHASE 3A, S35, T06 S, R02 E, Lot 406, ACRES 2.63, PLAT 4/517",YELLOWSTONE MOUNTAIN CLUB PHASE 3A,other CrossHarbor/LMLC
CROSSHARBOR / LONE MOUNTAIN,25033705301070000,RAJEUNIR LLC,2.63,Madison,PO BOX 331121,,TAKAPUNA,,,,legal/subdivision context contains YELLOWSTONE MOUNTAIN CLUB; owner field is not a confirmed developer entity; treated as individually owned member/homeowner or other nondeveloper parcel,unrelated,False,2026,920340,0028800101,Improved Property,,,"YELLOWSTONE MOUNTAIN CLUB PHASE 1 AND 2, S05, T07 S, R03 E, Lot 13, ACRES 2.63, PLAT 4/408",YELLOWSTONE MOUNTAIN CLUB PHASE 1 AND 2,other CrossHarbor/LMLC
CROSSHARBOR / LONE MOUNTAIN,25033706101170000,SPILLER GARTH ANDERSON TRUSTEE &,2.63,Madison,636 VERMONT ST,,,SAN FRANCISCO,CA,94107-2636,legal/subdivision context contains YELLOWSTONE MOUNTAIN CLUB; owner field is not a confirmed developer entity; treated as individually owned member/homeowner or other nondeveloper parcel,unrelated,False,2026,920403,0028800160,Vacant Land,,,"YELLOWSTONE MOUNTAIN CLUB PHASE 1 & 2, S06, T07 S, R03 E, Lot 175, ACRES 2.63, PLAT 4/408",YELLOWSTONE MOUNTAIN CLUB PHASE 1 AND 2,other CrossHarbor/LMLC
CROSSHARBOR / LONE MOUNTAIN,25042631301250000,NORTHERN TRUST COMPANY TRUSTEE,2.62,Madison,1301 2ND AVE,,,SEATTLE,WA,98101-3800,legal/subdivision context contains YELLOWSTONE MOUNTAIN CLUB; owner field is not a confirmed developer entity; treated as individually owned member/homeowner or other nondeveloper parcel,unrelated,False,2026,920670,0029000103,Vacant Land,,,"YELLOWSTONE MOUNTAIN CLUB PHASE 1 AND 2, S31, T06 S, R03 E, Lot 201A, ACRES 2.62, PLAT 4/821 OVERLOOK SUB",YELLOWSTONE MOUNTAIN CLUB PHASE 1 AND 2,other CrossHarbor/LMLC
CROSSHARBOR / LONE MOUNTAIN,25033706101350000,HUTCHESON R SCOTT,2.61,Madison,112-4TH AVE SW STE 1300,,CALGARY AB,,,,legal/subdivision context contains YELLOWSTONE MOUNTAIN CLUB; owner field is not a confirmed developer entity; treated as individually owned member/homeowner or other nondeveloper parcel,unrelated,False,2026,920436,0028800205,Improved Property,,,"YELLOWSTONE MOUNTAIN CLUB PHASE 1 & 2, S06, T07 S, R03 E, Lot 75, ACRES 2.61, PLAT 4/408",YELLOWSTONE MOUNTAIN CLUB PHASE 1 AND 2,other CrossHarbor/LMLC
CROSSHARBOR / LONE MOUNTAIN,25042631401270000,TUCKYEAH LLC,2.61,Madison,% CHRISTOPHER ORTHWEIN,756 N LAKE WAY,,PALM BEACH,FL,33480-3348,legal/subdivision context contains YELLOWSTONE MOUNTAIN CLUB; owner field is not a confirmed developer entity; treated as individually owned member/homeowner or other nondeveloper parcel,unrelated,False,2026,921587,0029006229,Improved Property,,,"YELLOWSTONE MOUNTAIN CLUB PHASE 1 & 2, S31, T06 S, R03 E, Lot 146, ACRES 2.61, PLAT 4/408",YELLOWSTONE MOUNTAIN CLUB PHASE 1 AND 2,other CrossHarbor/LMLC
CROSSHARBOR / LONE MOUNTAIN,25033706101030000,YC 168 LLC,2.58,Madison,PO BOX 1826,,,WENATCHEE,WA,98807-1826,legal/subdivision context contains YELLOWSTONE MOUNTAIN CLUB; owner field is not a confirmed developer entity; treated as individually owned member/homeowner or other nondeveloper parcel,unrelated,False,2026,920339,0028800100,Improved Property,,,"YELLOWSTONE MOUNTAIN CLUB PHASE 1 & 2, S06, T07 S, R03 E, Lot 168, ACRES 2.58, PLAT 4/408",YELLOWSTONE MOUNTAIN CLUB PHASE 1 AND 2,Yellowstone Club
CROSSHARBOR / LONE MOUNTAIN,25033706201020000,RICHARDSON HARTLEY T,2.57,Madison,2880 ASSINIBOINE AVE,WINNIPEG,MANITOBA,,,,legal/subdivision context contains YELLOWSTONE MOUNTAIN CLUB; owner field is not a confirmed developer entity; treated as individually owned member/homeowner or other nondeveloper parcel,unrelated,False,2026,920405,0028800161,Improved Property,,,"YELLOWSTONE MOUNTAIN CLUB PHASE 1 & 2, S06, T07 S, R03 E, Lot 182, ACRES 2.57, PLAT 4/432",YELLOWSTONE MOUNTAIN CLUB PHASE 1 AND 2,other CrossHarbor/LMLC
CROSSHARBOR / LONE MOUNTAIN,25033706201030000,TYRRELL MICHAEL F & LAURA,2.56,Madison,67 GREENLEAF RD,,,BLUFFTON,SC,29910-8335,legal/subdivision context contains YELLOWSTONE MOUNTAIN CLUB; owner field is not a confirmed developer entity; treated as individually owned member/homeowner or other nondeveloper parcel,unrelated,False,2026,920424,0028800192,Improved Property,,,"YELLOWSTONE MOUNTAIN CLUB PHASE 1 & 2, S06, T07 S, R03 E, Lot 65A, ACRES 2.56, PLAT 4/467",YELLOWSTONE MOUNTAIN CLUB PHASE 1 AND 2,other CrossHarbor/LMLC
CROSSHARBOR / LONE MOUNTAIN,25033706101220000,FOSSIL ROAD LLC,2.55,Madison,22285 ROETHEL DR,,,NOVI,MI,48375-4700,legal/subdivision context contains YELLOWSTONE MOUNTAIN CLUB; owner field is not a confirmed developer entity; treated as individually owned member/homeowner or other nondeveloper parcel,unrelated,False,2026,920422,0028800188,Improved Property,,,"YELLOWSTONE MOUNTAIN CLUB PHASE 1 AND 2, S06, T07 S, R03 E, Lot 60A, ACRES 2.55, PLAT 4/645BA",YELLOWSTONE MOUNTAIN CLUB PHASE 1 AND 2,other CrossHarbor/LMLC
CROSSHARBOR / LONE MOUNTAIN,25042631103060000,SCHNEEWING RANDALL S TRUSTEE,2.54,Madison,1001 10TH AVE S UNIT 206,,,NAPLES,FL,34102-8226,legal/subdivision context contains YELLOWSTONE MOUNTAIN CLUB; owner field is not a confirmed developer entity; treated as individually owned member/homeowner or other nondeveloper parcel,unrelated,False,2026,921611,0029006261,Improved Property,,,"YELLOWSTONE MOUNTAIN CLUB PHASE 1 & 2, S31, T06 S, R03 E, Lot 125, ACRES 2.54, PLAT 4/408",YELLOWSTONE MOUNTAIN CLUB PHASE 1 AND 2,other CrossHarbor/LMLC
CROSSHARBOR / LONE MOUNTAIN,25042631401230000,RUSSELL MACE FAMILY TRUST,2.53,Madison,15005 EDMANDS DR,,,RENO,NV,89511-6255,legal/subdivision context contains YELLOWSTONE MOUNTAIN CLUB; owner field is not a confirmed developer entity; treated as individually owned member/homeowner or other nondeveloper parcel,unrelated,False,2026,921616,0029006266,Vacant Land,,,"YELLOWSTONE MOUNTAIN CLUB PHASE 1 & 2, S31, T06 S, R03 E, Lot 141A, ACRES 2.53, PLAT 4/467",YELLOWSTONE MOUNTAIN CLUB PHASE 1 AND 2,other CrossHarbor/LMLC
CROSSHARBOR / LONE MOUNTAIN,25033706101150000,VINSON JUDY B LIVING TRUST (%),2.53,Madison,2710 NE 44TH ST,,,LIGHTHOUSE POINT,FL,33064-7275,legal/subdivision context contains YELLOWSTONE MOUNTAIN CLUB; owner field is not a confirmed developer entity; treated as individually owned member/homeowner or other nondeveloper parcel,unrelated,False,2026,920430,0028800198,Improved Property,,,"YELLOWSTONE MOUNTAIN CLUB PHASE 1 & 2, S06, T07 S, R03 E, Lot 167, ACRES 2.53, PLAT 4/408",YELLOWSTONE MOUNTAIN CLUB PHASE 1 AND 2,other CrossHarbor/LMLC
CROSSHARBOR / LONE MOUNTAIN,25042535404070000,CORNELL INVESTMENT PARTNERS LP,2.51,Madison,PO BOX 7138,,,GARDEN CITY,NY,11530-7138,legal/subdivision context contains YELLOWSTONE MOUNTAIN CLUB; owner field is not a confirmed developer entity; treated as individually owned member/homeowner or other nondeveloper parcel,unrelated,False,2026,919180,0028000405,Vacant Land,,,"YELLOWSTONE MOUNTAIN CLUB PHASE 3A, S35, T06 S, R02 E, Lot 405, ACRES 2.51, PLAT 4/517",YELLOWSTONE MOUNTAIN CLUB PHASE 3A,other CrossHarbor/LMLC
CROSSHARBOR / LONE MOUNTAIN,25042631401320000,YC LOT 131 LLC,2.5,Madison,818 W 7TH ST STE 410,,,LOS ANGELES,CA,90017-3463,legal/subdivision context contains YELLOWSTONE MOUNTAIN CLUB; owner field is not a confirmed developer entity; treated as individually owned member/homeowner or other nondeveloper parcel,unrelated,False,2026,921584,0029006227,Vacant Land,,,"YELLOWSTONE MOUNTAIN CLUB PHASE 1 AND 2, S31, T06 S, R03 E, Lot 131, ACRES 2.5, PLAT 4/408",YELLOWSTONE MOUNTAIN CLUB PHASE 1 AND 2,Yellowstone Club
CROSSHARBOR / LONE MOUNTAIN,25042524301010000,MOONLIGHT SUMMIT LLC,2.49,Madison,120 GLENWOOD AVE,,,WINNETKA,IL,60093-1509,owner-name keyword: MOONLIGHT; small externally addressed project-name parcel treated as homeowner lot,unrelated,False,2026,919947,0028010023,Improved Property,,,"COWBOY HEAVEN SUB PH 1, S24, T06 S, R02 E, Lot CB1, AMENDED PLAT 4/627",COWBOY HEAVEN SUB PH 1,Moonlight Basin
CROSSHARBOR / LONE MOUNTAIN,25042631301130000,PROGIN JAMES A TRUST,2.48,Madison,C/O CORIENT,5950 SHERRY LN STE 600,,DALLAS,TX,75225,legal/subdivision context contains YELLOWSTONE MOUNTAIN CLUB; owner field is not a confirmed developer entity; treated as individually owned member/homeowner or other nondeveloper parcel,unrelated,False,2026,921567,0029006212,Improved Property,,,"YELLOWSTONE MOUNTAIN CLUB PHASE 1 & 2, S31, T06 S, R03 E, Lot 108, ACRES 2.48, PLAT 4/408",YELLOWSTONE MOUNTAIN CLUB PHASE 1 AND 2,other CrossHarbor/LMLC
CROSSHARBOR / LONE MOUNTAIN,25033706101290000,WYLER GREG,2.48,Madison,PO BOX 86,,,HANOVER,NH,03755-0086,legal/subdivision context contains YELLOWSTONE MOUNTAIN CLUB; owner field is not a confirmed developer entity; treated as individually owned member/homeowner or other nondeveloper parcel,unrelated,False,2026,920447,0028800217,Improved Property,,,"YELLOWSTONE MOUNTAIN CLUB PHASE 1 AND 2, S06, T07 S, R03 E, Lot 78A, ACRES 2.48, PLAT 4/467",YELLOWSTONE MOUNTAIN CLUB PHASE 1 AND 2,other CrossHarbor/LMLC
CROSSHARBOR / LONE MOUNTAIN,25042631401300000,BROWN MICHAEL & TAMSEN,2.47,Madison,151 DOVER RD,,,WELLESLEY,MA,02482-7323,legal/subdivision context contains YELLOWSTONE MOUNTAIN CLUB; owner field is not a confirmed developer entity; treated as individually owned member/homeowner or other nondeveloper parcel,unrelated,False,2026,921593,0029006235,Vacant Land,,,"YELLOWSTONE MOUNTAIN CLUB PHASE 1 & 2, S31, T06 S, R03 E, Lot 140A, ACRES 2.47, PLAT 4/467",YELLOWSTONE MOUNTAIN CLUB PHASE 1 AND 2,other CrossHarbor/LMLC
CROSSHARBOR / LONE MOUNTAIN,25033706201090000,HOFFMAN DAVID F,2.47,Madison,1300 MOUNT PLEASANT RD,,,VILLANOVA,PA,19085-2100,legal/subdivision context contains YELLOWSTONE MOUNTAIN CLUB; owner field is not a confirmed developer entity; treated as individually owned member/homeowner or other nondeveloper parcel,unrelated,False,2026,920429,0028800196,Improved Property,,,"YELLOWSTONE MOUNTAIN CLUB PHASE 1 & 2, S06, T07 S, R03 E, Lot 71, ACRES 2.47, PLAT 4/408",YELLOWSTONE MOUNTAIN CLUB PHASE 1 AND 2,other CrossHarbor/LMLC
CROSSHARBOR / LONE MOUNTAIN,25042536302070000,SQUEAKY DEEKY LLC,2.47,Madison,90 W MADISON AVE STE E-244,,,BELGRADE,MT,59714-3955,legal/subdivision context contains YELLOWSTONE MOUNTAIN CLUB; owner field is not a confirmed developer entity; treated as individually owned member/homeowner or other nondeveloper parcel,unrelated,False,2026,919195,0028000420,Vacant Land,,,"YELLOWSTONE MOUNTAIN CLUB PHASE 3A, S36, T06 S, R02 E, Lot 420, ACRES 2.47, PLAT 4/517",YELLOWSTONE MOUNTAIN CLUB PHASE 3A,other CrossHarbor/LMLC
CROSSHARBOR / LONE MOUNTAIN,25042631401180000,THRESHOLD LLC,2.47,Madison,701 5TH AVE STE 7400,,,SEATTLE,WA,98104-7016,legal/subdivision context contains YELLOWSTONE MOUNTAIN CLUB; owner field is not a confirmed developer entity; treated as individually owned member/homeowner or other nondeveloper parcel,unrelated,False,2026,921624,0029006274,Improved Property,,,"YELLOWSTONE MOUNTAIN CLUB PHASE 1 & 2, S31, T06 S, R03 E, Lot 162, ACRES 2.47, PLAT 4/408",YELLOWSTONE MOUNTAIN CLUB PHASE 1 AND 2,other CrossHarbor/LMLC
CROSSHARBOR / LONE MOUNTAIN,25042631301140000,376 ANDESITE RIDGE LLC,2.46,Madison,5931 HAVENS RD,,,COLUMBUS,OH,43230-1928,legal/subdivision context contains YELLOWSTONE MOUNTAIN CLUB; owner field is not a confirmed developer entity; treated as individually owned member/homeowner or other nondeveloper parcel,unrelated,False,2026,921628,0029006328,Vacant Land,,ALVAREZ ELEANOR,"YELLOWSTONE MOUNTAIN CLUB PHASE 1 & 2, S31, T06 S, R03 E, Lot 110, ACRES 2.46, PLAT 4/408",YELLOWSTONE MOUNTAIN CLUB PHASE 1 AND 2,other CrossHarbor/LMLC
CROSSHARBOR / LONE MOUNTAIN,25033706101390000,PV ANDESITE PROPERTY LLC &,2.46,Madison,8020 SANDERLING RD,,,SARASOTA,FL,34242-2741,legal/subdivision context contains YELLOWSTONE MOUNTAIN CLUB; owner field is not a confirmed developer entity; treated as individually owned member/homeowner or other nondeveloper parcel,unrelated,False,2026,920377,0028800135,Improved Property,,,"YELLOWSTONE MOUNTAIN CLUB PHASE 1 & 2, S06, T07 S, R03 E, Lot 55, ACRES 2.46, PLAT 4/408",YELLOWSTONE MOUNTAIN CLUB PHASE 1 AND 2,other CrossHarbor/LMLC
CROSSHARBOR / LONE MOUNTAIN,25042536302090000,SQUEAKY DEEKY LLC,2.46,Madison,90 W MADISON AVE STE E-244,,,BELGRADE,MT,59714-3955,legal/subdivision context contains YELLOWSTONE MOUNTAIN CLUB; owner field is not a confirmed developer entity; treated as individually owned member/homeowner or other nondeveloper parcel,unrelated,False,2026,919196,0028000421,Vacant Land,,,"YELLOWSTONE MOUNTAIN CLUB PHASE 3A, S36, T06 S, R02 E, Lot 421, ACRES 2.46, PLAT 4/517",YELLOWSTONE MOUNTAIN CLUB PHASE 3A,other CrossHarbor/LMLC
CROSSHARBOR / LONE MOUNTAIN,25033706101360000,JELLYSTONE LLC,2.45,Madison,C/O HALL,250 OSCEOLA WAY,,PALM BEACH,FL,33480-3133,legal/subdivision context contains YELLOWSTONE MOUNTAIN CLUB; owner field is not a confirmed developer entity; treated as individually owned member/homeowner or other nondeveloper parcel,unrelated,False,2026,920435,0028800204,Improved Property,,,"YELLOWSTONE MOUNTAIN CLUB PHASE 1 & 2, S06, T07 S, R03 E, Lot 74, ACRES 2.45, PLAT 4/408",YELLOWSTONE MOUNTAIN CLUB PHASE 1 AND 2,other CrossHarbor/LMLC
CROSSHARBOR / LONE MOUNTAIN,25033706301070000,ALPHA BRAVO REAL ESTATE YC LLC,2.44,Madison,2895 W CAPOVILLA AVE STE 140,,,LAS VEGAS,NV,89119-4336,legal/subdivision context contains YELLOWSTONE MOUNTAIN CLUB; owner field is not a confirmed developer entity; treated as individually owned member/homeowner or other nondeveloper parcel,unrelated,False,2026,920410,0028800166,Improved Property,,,"YELLOWSTONE MOUNTAIN CLUB PHASE 1 AND 2, S06, T07 S, R03 E, Lot 176, ACRES 2.44, PLAT 4/432",YELLOWSTONE MOUNTAIN CLUB PHASE 1 AND 2,Yellowstone Club
CROSSHARBOR / LONE MOUNTAIN,25033706101280000,MASCOT HOLDINGS LLC,2.44,Madison,303 S ROSCOE BLVD,,,PONTE VEDRA BEACH,FL,32082-4363,legal/subdivision context contains YELLOWSTONE MOUNTAIN CLUB; owner field is not a confirmed developer entity; treated as individually owned member/homeowner or other nondeveloper parcel,unrelated,False,2026,920453,0028800222,Improved Property,,,"YELLOWSTONE MOUNTAIN CLUB PHASE 1 & 2, S06, T07 S, R03 E, Lot 77A, ACRES 2.44, PLAT 4/467",YELLOWSTONE MOUNTAIN CLUB PHASE 1 AND 2,other CrossHarbor/LMLC
CROSSHARBOR / LONE MOUNTAIN,25033706201070000,TONNSEN ROBERT RUSSELL TRUSTEE,2.44,Madison,2410 FOSSIL TRACE DR,,,GOLDEN,CO,80401-6148,legal/subdivision context contains YELLOWSTONE MOUNTAIN CLUB; owner field is not a confirmed developer entity; treated as individually owned member/homeowner or other nondeveloper parcel,unrelated,False,2026,920355,0028800115,Improved Property,,,"YELLOWSTONE MOUNTAIN CLUB PHASE 1 AND 2, S06, T07 S, R03 E, Lot 69A, ACRES 2.44, PLAT 4/467",YELLOWSTONE MOUNTAIN CLUB PHASE 1 AND 2,other CrossHarbor/LMLC
CROSSHARBOR / LONE MOUNTAIN,25033706301040000,ANDESITE LLC,2.42,Madison,11001 E BETONY DR,,,SCOTTSDALE,AZ,85255-1988,legal/subdivision context contains YELLOWSTONE MOUNTAIN CLUB; owner field is not a confirmed developer entity; treated as individually owned member/homeowner or other nondeveloper parcel,unrelated,False,2026,920395,0028800152,Improved Property,,,"YELLOWSTONE MOUNTAIN CLUB PHASE 1 & 2, S06, T07 S, R03 E, Lot 181, ACRES 2.42, PLAT 4/408",YELLOWSTONE MOUNTAIN CLUB PHASE 1 AND 2,other CrossHarbor/LMLC
CROSSHARBOR / LONE MOUNTAIN,25042631401390000,CONTINENTAL PARTNERS V LLC,2.41,Madison,1150 CENTRAL AVE,,,NAPLES,FL,34102-6214,legal/subdivision context contains YELLOWSTONE MOUNTAIN CLUB; owner field is not a confirmed developer entity; treated as individually owned member/homeowner or other nondeveloper parcel,unrelated,False,2026,921600,0029006245,Improved Property,,,"YELLOWSTONE MOUNTAIN CLUB PHASE 1 & 2, S31, T06 S, R03 E, Lot 119, ACRES 2.41, PLAT 4/408",YELLOWSTONE MOUNTAIN CLUB PHASE 1 AND 2,other CrossHarbor/LMLC
CROSSHARBOR / LONE MOUNTAIN,25042631401410000,ECLIPSE VACATION DREAMS LLC,2.41,Madison,4 BEEBE LN,,,HOUSTON,TX,77024-5071,legal/subdivision context contains YELLOWSTONE MOUNTAIN CLUB; owner field is not a confirmed developer entity; treated as individually owned member/homeowner or other nondeveloper parcel,unrelated,False,2026,921610,0029006260,Improved Property,,,"YELLOWSTONE MOUNTAIN CLUB PHASE 1 & 2, S31, T06 S, R03 E, Lot 123, ACRES 2.41, PLAT 4/408",YELLOWSTONE MOUNTAIN CLUB PHASE 1 AND 2,other CrossHarbor/LMLC
CROSSHARBOR / LONE MOUNTAIN,25033601101020000,OLIVIER KENNETH EDWARD TRUSTEE,2.41,Madison,9810 E MADERA DR,,,SCOTTSDALE,AZ,85262-2986,legal/subdivision context contains YELLOWSTONE MOUNTAIN CLUB; owner field is not a confirmed developer entity; treated as individually owned member/homeowner or other nondeveloper parcel,unrelated,False,2026,920379,0028800137,Improved Property,,,"YELLOWSTONE MOUNTAIN CLUB PHASE 1 & 2, S01, T07 S, R02 E, Lot 197, ACRES 2.41, PLAT 4/408",YELLOWSTONE MOUNTAIN CLUB PHASE 1 AND 2,other CrossHarbor/LMLC
CROSSHARBOR / LONE MOUNTAIN,25033706201080000,AKIT YELLOWSTONE LLC,2.4,Madison,302 DATURA ST STE 100,,,WEST PALM BEACH,FL,33401-5481,legal/subdivision context contains YELLOWSTONE MOUNTAIN CLUB; owner field is not a confirmed developer entity; treated as individually owned member/homeowner or other nondeveloper parcel,unrelated,False,2026,920398,0028800155,Improved Property,,,"YELLOWSTONE MOUNTAIN CLUB PHASE 1 & 2, S06, T07 S, R03 E, Lot 70A, ACRES 2.4, PLAT 4/467",YELLOWSTONE MOUNTAIN CLUB PHASE 1 AND 2,Yellowstone Club
CROSSHARBOR / LONE MOUNTAIN,25042631401400000,CONTINENTAL PARTNERS XI LLC,2.39,Madison,1150 CENTRAL AVE,,,NAPLES,FL,34102-6214,legal/subdivision context contains YELLOWSTONE MOUNTAIN CLUB; owner field is not a confirmed developer entity; treated as individually owned member/homeowner or other nondeveloper parcel,unrelated,False,2026,921609,0029006259,Improved Property,,,"YELLOWSTONE MOUNTAIN CLUB PHASE 1 & 2, S31, T06 S, R03 E, Lot 121, ACRES 2.39, PLAT 4/408",YELLOWSTONE MOUNTAIN CLUB PHASE 1 AND 2,other CrossHarbor/LMLC
CROSSHARBOR / LONE MOUNTAIN,25033706101080000,JACOBSON RICHARD R & SANDRA L,2.37,Madison,PO BOX 2164,,,SAINT GEORGE,UT,84771-2164,legal/subdivision context contains YELLOWSTONE MOUNTAIN CLUB; owner field is not a confirmed developer entity; treated as individually owned member/homeowner or other nondeveloper parcel,unrelated,False,2026,920467,0028800520,Improved Property,,,"YELLOWSTONE MOUNTAIN CLUB PHASE 1 AND 2, S06, T07 S, R03 E, Lot 47, ACRES 2.37, PLAT 4/408",YELLOWSTONE MOUNTAIN CLUB PHASE 1 AND 2,other CrossHarbor/LMLC
CROSSHARBOR / LONE MOUNTAIN,25042631401150000,9 PUMICE ROAD LLC,2.36,Madison,1221 W EMMA AVE STE 300,,,COEUR D ALENE,ID,83814-2530,legal/subdivision context contains YELLOWSTONE MOUNTAIN CLUB; owner field is not a confirmed developer entity; treated as individually owned member/homeowner or other nondeveloper parcel,unrelated,False,2026,920605,0029000036,Improved Property,,,"YELLOWSTONE MOUNTAIN CLUB PHASE 1 & 2, S31, T06 S, R03 E, Lot 156A, ACRES 2.36, PLAT 4/467",YELLOWSTONE MOUNTAIN CLUB PHASE 1 AND 2,other CrossHarbor/LMLC
CROSSHARBOR / LONE MOUNTAIN,25033706201160000,LUMARO LLC DBA LUMARO INC,2.34,Madison,ATT: SALVADOR VERA,AV CONSTITUYENTES 1162,LOMAS ALTAS 11950 MIGUEL HIDALGO,,,,legal/subdivision context contains YELLOWSTONE MOUNTAIN CLUB; owner field is not a confirmed developer entity; treated as individually owned member/homeowner or other nondeveloper parcel,unrelated,False,2026,920381,0028800139,Improved Property,,,"YELLOWSTONE MOUNTAIN CLUB PHASE 1 & 2, S06, T07 S, R03 E, Lot 90, ACRES 2.34, PLAT 4/408",YELLOWSTONE MOUNTAIN CLUB PHASE 1 AND 2,other CrossHarbor/LMLC
CROSSHARBOR / LONE MOUNTAIN,25042631401370000,ELECTRIC PEAK INVESTMENTS LLC,2.32,Madison,2750 WILDERNESS COVE RD,,,BISMARCK,ND,58503-9024,legal/subdivision context contains YELLOWSTONE MOUNTAIN CLUB; owner field is not a confirmed developer entity; treated as individually owned member/homeowner or other nondeveloper parcel,unrelated,False,2026,921551,0029006018,Improved Property,,,"YELLOWSTONE MOUNTAIN CLUB PHASE 1 & 2, S31, T06 S, R03 E, Lot 127A, ACRES 2.32, PLAT 4/467",YELLOWSTONE MOUNTAIN CLUB PHASE 1 AND 2,other CrossHarbor/LMLC
CROSSHARBOR / LONE MOUNTAIN,25042631401060000,TRACY LIVING TRUST,2.32,Madison,351 N CLIFFWOOD AVE,,,LOS ANGELES,CA,90049-2617,legal/subdivision context contains YELLOWSTONE MOUNTAIN CLUB; owner field is not a confirmed developer entity; treated as individually owned member/homeowner or other nondeveloper parcel,unrelated,False,2026,921598,0029006240,Improved Property,,,"YELLOWSTONE MOUNTAIN CLUB PHASE 1 & 2, S31, T06 S, R03 E, Lot 159, ACRES 2.32, PLAT 4/408",YELLOWSTONE MOUNTAIN CLUB PHASE 1 AND 2,other CrossHarbor/LMLC
CROSSHARBOR / LONE MOUNTAIN,25033706101180000,AR LOT 64A LLC,2.31,Madison,115 CENTRAL PARK W APT 19A,,,NEW YORK,NY,10023-4295,legal/subdivision context contains YELLOWSTONE MOUNTAIN CLUB; owner field is not a confirmed developer entity; treated as individually owned member/homeowner or other nondeveloper parcel,unrelated,False,2026,920353,0028800113,Vacant Land,,,"YELLOWSTONE MOUNTAIN CLUB PHASE 1 & 2, S06, T07 S, R03 E, Lot 64A, ACRES 2.31, PLAT 4/467",YELLOWSTONE MOUNTAIN CLUB PHASE 1 AND 2,other CrossHarbor/LMLC
CROSSHARBOR / LONE MOUNTAIN,25033706201050000,WELLES JEFFREY F & MAUD I TRUSTEES,2.31,Madison,PO BOX 161000,,,BIG SKY,MT,59716-1000,legal/subdivision context contains YELLOWSTONE MOUNTAIN CLUB; owner field is not a confirmed developer entity; treated as individually owned member/homeowner or other nondeveloper parcel,unrelated,False,2026,920427,0028800194,Improved Property,,,"YELLOWSTONE MOUNTAIN CLUB PHASE 1 & 2, S06, T07 S, R03 E, Lot 67, ACRES 2.31, PLAT 4/408",YELLOWSTONE MOUNTAIN CLUB PHASE 1 AND 2,other CrossHarbor/LMLC
CROSSHARBOR / LONE MOUNTAIN,25033706201110000,BAKER JALYN MCDONALD,2.29,Madison,4456 TREASURE VLY,,,CLAREMONT,CA,91711-8324,legal/subdivision context contains YELLOWSTONE MOUNTAIN CLUB; owner field is not a confirmed developer entity; treated as individually owned member/homeowner or other nondeveloper parcel,unrelated,False,2026,920378,0028800136,Vacant Land,,,"YELLOWSTONE MOUNTAIN CLUB PHASE 1 & 2, S06, T07 S, R03 E, Lot 85, ACRES 2.29, PLAT 4/408",YELLOWSTONE MOUNTAIN CLUB PHASE 1 AND 2,other CrossHarbor/LMLC
CROSSHARBOR / LONE MOUNTAIN,25042536303370000,HEADWATERS38 LLC,2.28,Madison,16369 MOUNTAIN BREEZE DR,,,ANCHORAGE,AK,99516-4418,legal/subdivision context contains YELLOWSTONE MOUNTAIN CLUB; owner field is not a confirmed developer entity; treated as individually owned member/homeowner or other nondeveloper parcel,unrelated,False,2026,919251,0028000474,Improved Property,,,"YELLOWSTONE MOUNTAIN CLUB PHASE 3A, S36, T06 S, R02 E, Lot 474, ACRES 2.28, PLAT 4/517",YELLOWSTONE MOUNTAIN CLUB PHASE 3A,other CrossHarbor/LMLC
CROSSHARBOR / LONE MOUNTAIN,25042536303010000,KRUTTSCHNITT MARK L REVOCABLE TRUST,2.28,Madison,PO BOX 1036,,,ROSS,CA,94957-1036,legal/subdivision context contains YELLOWSTONE MOUNTAIN CLUB; owner field is not a confirmed developer entity; treated as individually owned member/homeowner or other nondeveloper parcel,unrelated,False,2026,919198,0028000423,Improved Property,,,"YELLOWSTONE MOUNTAIN CLUB PHASE 3A, S36, T06 S, R02 E, Lot 423, ACRES 2.28, PLAT 4/517",YELLOWSTONE MOUNTAIN CLUB PHASE 3A,other CrossHarbor/LMLC
CROSSHARBOR / LONE MOUNTAIN,25033706101090000,ANDESITE MEADOWS LLC,2.26,Madison,% JOSEPH GOKEN,8777 VELOCITY DR,,MACHESNEY PARK,IL,61115,legal/subdivision context contains YELLOWSTONE MOUNTAIN CLUB; owner field is not a confirmed developer entity; treated as individually owned member/homeowner or other nondeveloper parcel,unrelated,False,2026,920347,0028800108,Improved Property,,,"YELLOWSTONE MOUNTAIN CLUB PHASE 1 & 2, S06, T07 S, R03 E, Lot 49, ACRES 2.26, PLAT 4/408",YELLOWSTONE MOUNTAIN CLUB PHASE 1 AND 2,other CrossHarbor/LMLC
CROSSHARBOR / LONE MOUNTAIN,25042631401120000,BRUMBAUGH DAVID & CATHERINE,2.26,Madison,1272 FARM RD,,,BERWYN,PA,19312-2000,legal/subdivision context contains YELLOWSTONE MOUNTAIN CLUB; owner field is not a confirmed developer entity; treated as individually owned member/homeowner or other nondeveloper parcel,unrelated,False,2026,921620,0029006269,Improved Property,,,"YELLOWSTONE MOUNTAIN CLUB PHASE 1 & 2, S31, T06 S, R03 E, Lot 149, ACRES 2.26, PLAT 4/408",YELLOWSTONE MOUNTAIN CLUB PHASE 1 AND 2,other CrossHarbor/LMLC
CROSSHARBOR / LONE MOUNTAIN,25042535404050000,CORNELL INVESTMENT PARTNERS LP,2.25,Madison,PO BOX 7138,,,GARDEN CITY,NY,11530-7138,legal/subdivision context contains YELLOWSTONE MOUNTAIN CLUB; owner field is not a confirmed developer entity; treated as individually owned member/homeowner or other nondeveloper parcel,unrelated,False,2026,919178,0028000404,Vacant Land,,,"YELLOWSTONE MOUNTAIN CLUB PHASE 3A, S35, T06 S, R02 E, Lot 404, ACRES 2.25, PLAT 4/517",YELLOWSTONE MOUNTAIN CLUB PHASE 3A,other CrossHarbor/LMLC
CROSSHARBOR / LONE MOUNTAIN,25042631401340000,YELLOWSTONE MOUNTAIN REAL ESTATE LLC,2.24,Madison,830 S OCEAN BLVD,,,PALM BEACH,FL,33480-4815,legal/subdivision context contains YELLOWSTONE MOUNTAIN CLUB; owner field is not a confirmed developer entity; treated as individually owned member/homeowner or other nondeveloper parcel,unrelated,False,2026,921588,0029006230,Improved Property,,,"YELLOWSTONE MOUNTAIN CLUB PHASE 1 & 2, S31, T06 S, R03 E, Lot 129, ACRES 2.24, PLAT 4/408",YELLOWSTONE MOUNTAIN CLUB PHASE 1 AND 2,Yellowstone Club
CROSSHARBOR / LONE MOUNTAIN,25033706101210000,ANDESITE #61 LLC,2.23,Madison,MAIL TO: KIM ZSITVAY,42522 N 112TH ST,,SCOTTSDALE,AZ,85262,legal/subdivision context contains YELLOWSTONE MOUNTAIN CLUB; owner field is not a confirmed developer entity; treated as individually owned member/homeowner or other nondeveloper parcel,unrelated,False,2026,920423,0028800189,Improved Property,,,"YELLOWSTONE MOUNTAIN CLUB PHASE 1 & 2, S06, T07 S, R03 E, Lot 61, ACRES 2.23, PLAT 4/467",YELLOWSTONE MOUNTAIN CLUB PHASE 1 AND 2,other CrossHarbor/LMLC
CROSSHARBOR / LONE MOUNTAIN,25033706101120000,MALONE JAMES ANTHONY & HERRING ELISA LYNN TRUSTEES,2.23,Madison,8670 RIVER TRCE,,,ROSWELL,GA,30076-3910,legal/subdivision context contains YELLOWSTONE MOUNTAIN CLUB; owner field is not a confirmed developer entity; treated as individually owned member/homeowner or other nondeveloper parcel,unrelated,False,2026,920336,0028800098,Improved Property,,,"YELLOWSTONE MOUNTAIN CLUB PHASE 1 AND 2, S06, T07 S, R03 E, Lot 45, ACRES 2.23, PLAT 4/408",YELLOWSTONE MOUNTAIN CLUB PHASE 1 AND 2,other CrossHarbor/LMLC
CROSSHARBOR / LONE MOUNTAIN,25033601101090000,MONTANA ORCA LLC,2.23,Madison,1631 N 51ST ST,,,SEATTLE,WA,98103-6103,legal/subdivision context contains YELLOWSTONE MOUNTAIN CLUB; owner field is not a confirmed developer entity; treated as individually owned member/homeowner or other nondeveloper parcel,unrelated,False,2026,920396,0028800153,Improved Property,,,"YELLOWSTONE MOUNTAIN CLUB PHASE 1 & 2, S01, T07 S, R02 E, Lot 193, ACRES 2.23, PLAT 4/408",YELLOWSTONE MOUNTAIN CLUB PHASE 1 AND 2,other CrossHarbor/LMLC
CROSSHARBOR / LONE MOUNTAIN,25042631401130000,MOUNTAINHOME DEVELOPMENT ASSOC LP,2.22,Madison,C/O SUMMIT REALTY ADVISORS LLC,201 S MAPLE ST STE 100,,AMBLER,PA,19002-5725,legal/subdivision context contains YELLOWSTONE MOUNTAIN CLUB; owner field is not a confirmed developer entity; treated as individually owned member/homeowner or other nondeveloper parcel,unrelated,False,2026,921621,0029006270,Improved Property,,,"YELLOWSTONE MOUNTAIN CLUB PHASE 1 AND 2, S31, T06 S, R03 E, Lot 150A, ACRES 2.22, PLAT 4/467",YELLOWSTONE MOUNTAIN CLUB PHASE 1 AND 2,other CrossHarbor/LMLC
CROSSHARBOR / LONE MOUNTAIN,25033706101140000,MOOSE CROSSING LLC,2.21,Madison,4331 WYTHE LN,,,INDIANAPOLIS,IN,46250-4240,legal/subdivision context contains YELLOWSTONE MOUNTAIN CLUB; owner field is not a confirmed developer entity; treated as individually owned member/homeowner or other nondeveloper parcel,unrelated,False,2026,920444,0028800213,Improved Property,,,"YELLOWSTONE MOUNTAIN CLUB PHASE 1 AND 2, S06, T07 S, R03 E, Lot 165, ACRES 2.21, PLAT 4/408",YELLOWSTONE MOUNTAIN CLUB PHASE 1 AND 2,other CrossHarbor/LMLC
CROSSHARBOR / LONE MOUNTAIN,25042631401160000,FREEDOM LODGE LLC,2.2,Madison,PO BOX 1063,,,BOCA GRANDE,FL,33921-1063,legal/subdivision context contains YELLOWSTONE MOUNTAIN CLUB; owner field is not a confirmed developer entity; treated as individually owned member/homeowner or other nondeveloper parcel,unrelated,False,2026,921599,0029006241,Improved Property,,DANIEL WILLIAM,"YELLOWSTONE MOUNTAIN CLUB PHASE 1 AND 2, S31, T06 S, R03 E, Lot 160, ACRES 2.2, PLAT 4/408",YELLOWSTONE MOUNTAIN CLUB PHASE 1 AND 2,other CrossHarbor/LMLC
CROSSHARBOR / LONE MOUNTAIN,25033705301090000,BGTG PROPERTIES LLC,2.19,Madison,19060 SE REACH ISLAND LN,,,JUPITER,FL,33458-1124,legal/subdivision context contains YELLOWSTONE MOUNTAIN CLUB; owner field is not a confirmed developer entity; treated as individually owned member/homeowner or other nondeveloper parcel,unrelated,False,2026,920418,0028800184,Vacant Land,,,"YELLOWSTONE MOUNTAIN CLUB PHASE 1 AND 2, S05, T07 S, R03 E, Lot 21A, ACRES 2.19, PLAT 4/576-BA",YELLOWSTONE MOUNTAIN CLUB PHASE 1 AND 2,other CrossHarbor/LMLC
CROSSHARBOR / LONE MOUNTAIN,25042631301120000,COCOPOP LLC,2.19,Madison,2000 GARRAUX RD NW,,,ATLANTA,GA,30327-2508,legal/subdivision context contains YELLOWSTONE MOUNTAIN CLUB; owner field is not a confirmed developer entity; treated as individually owned member/homeowner or other nondeveloper parcel,unrelated,False,2026,921554,0029006197,Improved Property,,,"YELLOWSTONE MOUNTAIN CLUB PHASE 1 & 2, S31, T06 S, R03 E, Lot 106, ACRES 2.19, PLAT 4/408",YELLOWSTONE MOUNTAIN CLUB PHASE 1 AND 2,other CrossHarbor/LMLC
CROSSHARBOR / LONE MOUNTAIN,25042631301070000,Z01 HOLDINGS LLC,2.19,Madison,MAIL TO ROBERT MARTINO,301 W PLATE ST BOX A-500,,TAMPA,FL,33606,legal/subdivision context contains YELLOWSTONE MOUNTAIN CLUB; owner field is not a confirmed developer entity; treated as individually owned member/homeowner or other nondeveloper parcel,unrelated,False,2026,920370,0028800129,Improved Property,,,"YELLOWSTONE MOUNTAIN CLUB PHASE 1 & 2, S31, T06 S, R03 E, Lot 134, ACRES 2.19, PLAT 4/408",YELLOWSTONE MOUNTAIN CLUB PHASE 1 AND 2,other CrossHarbor/LMLC
CROSSHARBOR / LONE MOUNTAIN,25033602103050000,BLOOSTEIN MARC J TRUSTEE,2.18,Madison,PO BOX 2177,,,WOBURN,MA,01888-0277,legal/subdivision context contains YELLOWSTONE MOUNTAIN CLUB; owner field is not a confirmed developer entity; treated as individually owned member/homeowner or other nondeveloper parcel,unrelated,False,2026,919413,0028003027,Improved Property,,,"YELLOWSTONE MOUNTAIN CLUB PHASE 3, S02, T07 S, R02 E, Lot 327-A, ACRES 2.18, PLAT 4/726-BA",YELLOWSTONE MOUNTAIN CLUB PHASE 3,other CrossHarbor/LMLC
CROSSHARBOR / LONE MOUNTAIN,25033706101270000,ZUKE HOLDINGS LLC,2.18,Madison,40 LYNNBROOK RD,,,SAINT LOUIS,MO,63131-2925,legal/subdivision context contains YELLOWSTONE MOUNTAIN CLUB; owner field is not a confirmed developer entity; treated as individually owned member/homeowner or other nondeveloper parcel,unrelated,False,2026,920438,0028800206,Vacant Land,,,"YELLOWSTONE MOUNTAIN CLUB PHASE 1 & 2, S06, T07 S, R03 E, Lot 76A, ACRES 2.18, PLAT 4/467",YELLOWSTONE MOUNTAIN CLUB PHASE 1 AND 2,other CrossHarbor/LMLC
CROSSHARBOR / LONE MOUNTAIN,25033706201130000,84HR HOLDINGS LLC,2.16,Madison,601 UNION ST STE 3920,,,SEATTLE,WA,98101-4054,legal/subdivision context contains YELLOWSTONE MOUNTAIN CLUB; owner field is not a confirmed developer entity; treated as individually owned member/homeowner or other nondeveloper parcel,unrelated,False,2026,920428,0028800195,Improved Property,,,"YELLOWSTONE MOUNTAIN CLUB PHASE 1 & 2, S06, T07 S, R03 E, Lot 87, ACRES 2.16, PLAT 4/408",YELLOWSTONE MOUNTAIN CLUB PHASE 1 AND 2,other CrossHarbor/LMLC
CROSSHARBOR / LONE MOUNTAIN,25033706201100000,NITTCOMM LLC,2.16,Madison,2616 TIMBERLOCH PL,,,SPRING,TX,77380-1082,legal/subdivision context contains YELLOWSTONE MOUNTAIN CLUB; owner field is not a confirmed developer entity; treated as individually owned member/homeowner or other nondeveloper parcel,unrelated,False,2026,920441,0028800209,Vacant Land,,,"YELLOWSTONE MOUNTAIN CLUB PHASE 1 & 2, S06, T07 S, R03 E, Lot 84, ACRES 2.16, PLAT 4/408",YELLOWSTONE MOUNTAIN CLUB PHASE 1 AND 2,other CrossHarbor/LMLC
CROSSHARBOR / LONE MOUNTAIN,25033706101110000,ANDESITE 46 LLC,2.15,Madison,2403 VANCE LN,,,AUSTIN,TX,78746-5734,legal/subdivision context contains YELLOWSTONE MOUNTAIN CLUB; owner field is not a confirmed developer entity; treated as individually owned member/homeowner or other nondeveloper parcel,unrelated,False,2026,920465,0028800500,Improved Property,,,"YELLOWSTONE MOUNTAIN CLUB PHASE 1 AND 2, S06, T07 S, R03 E, Lot 46, ACRES 2.15, PLAT 4/408",YELLOWSTONE MOUNTAIN CLUB PHASE 1 AND 2,other CrossHarbor/LMLC
CROSSHARBOR / LONE MOUNTAIN,25042631401360000,WINKELMAN INFINITY TRUST,2.15,Madison,757 VALLEY RD,,,LONE TREE,CO,80124-9605,legal/subdivision context contains YELLOWSTONE MOUNTAIN CLUB; owner field is not a confirmed developer entity; treated as individually owned member/homeowner or other nondeveloper parcel,unrelated,False,2026,921608,0029006258,Improved Property,,,"YELLOWSTONE MOUNTAIN CLUB PHASE 1 & 2, S31, T06 S, R03 E, Lot 115, ACRES 2.15, PLAT 4/408",YELLOWSTONE MOUNTAIN CLUB PHASE 1 AND 2,other CrossHarbor/LMLC
CROSSHARBOR / LONE MOUNTAIN,25042631301100000,MUSTANGS LLC,2.14,Madison,2005 MAIN ST,,,WAILUKU,HI,96793-1648,legal/subdivision context contains YELLOWSTONE MOUNTAIN CLUB; owner field is not a confirmed developer entity; treated as individually owned member/homeowner or other nondeveloper parcel,unrelated,False,2026,921591,0029006233,Vacant Land,,,"YELLOWSTONE MOUNTAIN CLUB PHASE 1 & 2, S31, T06 S, R03 E, Lot 94, ACRES 2.14, PLAT 4/408",YELLOWSTONE MOUNTAIN CLUB PHASE 1 AND 2,other CrossHarbor/LMLC
CROSSHARBOR / LONE MOUNTAIN,25042631301090000,132 ANDESITE RIDGE TRUST,2.13,Madison,528 PALISADES DR # 127,,,PACIFIC PALISADES,CA,90272-2844,legal/subdivision context contains YELLOWSTONE MOUNTAIN CLUB; owner field is not a confirmed developer entity; treated as individually owned member/homeowner or other nondeveloper parcel,unrelated,False,2026,921589,0029006231,Vacant Land,,,"YELLOWSTONE MOUNTAIN CLUB PHASE 1 AND 2, S31, T06 S, R03 E, Lot 132, ACRES 2.13, PLAT 4/408",YELLOWSTONE MOUNTAIN CLUB PHASE 1 AND 2,other CrossHarbor/LMLC
CROSSHARBOR / LONE MOUNTAIN,25033706101310000,FALCON RIDGE K LLC,2.13,Madison,402 TIMBERWILDE LN,,,HOUSTON,TX,77024-6928,legal/subdivision context contains YELLOWSTONE MOUNTAIN CLUB; owner field is not a confirmed developer entity; treated as individually owned member/homeowner or other nondeveloper parcel,unrelated,False,2026,920439,0028800207,Improved Property,,,"YELLOWSTONE MOUNTAIN CLUB PHASE 1 & 2, S06, T07 S, R03 E, Lot 80, ACRES 2.13, PLAT 4/408",YELLOWSTONE MOUNTAIN CLUB PHASE 1 AND 2,other CrossHarbor/LMLC
CROSSHARBOR / LONE MOUNTAIN,25042631401010000,BETZ PAUL C & RANDA L,2.12,Madison,16004 TREBBIO WAY,,,NAPLES,FL,34110-2702,legal/subdivision context contains YELLOWSTONE MOUNTAIN CLUB; owner field is not a confirmed developer entity; treated as individually owned member/homeowner or other nondeveloper parcel,unrelated,False,2026,921576,0029006220,Improved Property,,LYONS TONY TRUSTEE-PAUL'S,"YELLOWSTONE MOUNTAIN CLUB PHASE 1 & 2, S31, T06 S, R03 E, Lot 50, ACRES 2.12, PLAT 4/408",YELLOWSTONE MOUNTAIN CLUB PHASE 1 AND 2,other CrossHarbor/LMLC
CROSSHARBOR / LONE MOUNTAIN,25033706101320000,RODRIGUEZ-DOYLE TERESITA TRUST,2.12,Madison,8701 COLLINS AVE UNIT 1202,,,SURFSIDE,FL,33154-3447,legal/subdivision context contains YELLOWSTONE MOUNTAIN CLUB; owner field is not a confirmed developer entity; treated as individually owned member/homeowner or other nondeveloper parcel,unrelated,False,2026,920440,0028800208,Improved Property,,,"YELLOWSTONE MOUNTAIN CLUB PHASE 1 & 2, S06, T07 S, R03 E, Lot 81, ACRES 2.12, PLAT 4/408",YELLOWSTONE MOUNTAIN CLUB PHASE 1 AND 2,other CrossHarbor/LMLC
CROSSHARBOR / LONE MOUNTAIN,25033706101340000,SCHLEICHER PAULA U QUALIFIED PERS TRUST,2.12,Madison,1249 N FRANKLIN PL STE 100,,,MILWAUKEE,WI,53202-3392,legal/subdivision context contains YELLOWSTONE MOUNTAIN CLUB; owner field is not a confirmed developer entity; treated as individually owned member/homeowner or other nondeveloper parcel,unrelated,False,2026,920367,0028800126,Improved Property,,,"YELLOWSTONE MOUNTAIN CLUB PHASE 1 & 2, S06, T07 S, R03 E, Lot 83, ACRES 2.12, PLAT 4/408",YELLOWSTONE MOUNTAIN CLUB PHASE 1 AND 2,other CrossHarbor/LMLC
CROSSHARBOR / LONE MOUNTAIN,25042631401110000,YELLOWSTONE CHALET GROUP LLC,2.12,Madison,C/O JOHN MEGRUE,YELLOWSTONE CHALET GROUP,23 SHAGBARK RD,NORALK,CT,06854,legal/subdivision context contains YELLOWSTONE MOUNTAIN CLUB; owner field is not a confirmed developer entity; treated as individually owned member/homeowner or other nondeveloper parcel,unrelated,False,2026,921622,0029006271,Vacant Land,,,"YELLOWSTONE MOUNTAIN CLUB PHASE 1 & 2, S31, T06 S, R03 E, Lot 151, ACRES 2.12, PLAT 4/408",YELLOWSTONE MOUNTAIN CLUB PHASE 1 AND 2,Yellowstone Club
CROSSHARBOR / LONE MOUNTAIN,25042536303110000,MORGRIDGE JOHN D & CARRIE A TRUSTS,2.11,Madison,4242 E AMHERST AVE,,,DENVER,CO,80222-6702,legal/subdivision context contains YELLOWSTONE MOUNTAIN CLUB; owner field is not a confirmed developer entity; treated as individually owned member/homeowner or other nondeveloper parcel,unrelated,False,2026,919204,0028000428,Improved Property,,,"YELLOWSTONE MOUNTAIN CLUB PHASE 3A, S36, T06 S, R02 E, Lot 428, ACRES 2.11, PLAT 4/517",YELLOWSTONE MOUNTAIN CLUB PHASE 3A,other CrossHarbor/LMLC
CROSSHARBOR / LONE MOUNTAIN,25033706201150000,BARTO CRAIG C & GISELE M LIVING TRUST,2.1,Madison,2633 CHERRY AVE,,,SIGNAL HILL,CA,59716,legal/subdivision context contains YELLOWSTONE MOUNTAIN CLUB; owner field is not a confirmed developer entity; treated as individually owned member/homeowner or other nondeveloper parcel,unrelated,False,2026,920412,0028800168,Improved Property,,,"YELLOWSTONE MOUNTAIN CLUB PHASE 1 & 2, S06, T07 S, R03 E, Lot 89, ACRES 2.1, PLAT 4/408",YELLOWSTONE MOUNTAIN CLUB PHASE 1 AND 2,other CrossHarbor/LMLC
CROSSHARBOR / LONE MOUNTAIN,25042631301110000,SCOTT DAVID R &,2.09,Madison,156 S MAIN ST,,,COLCHESTER,CT,06415-1464,legal/subdivision context contains YELLOWSTONE MOUNTAIN CLUB; owner field is not a confirmed developer entity; treated as individually owned member/homeowner or other nondeveloper parcel,unrelated,False,2026,921590,0029006232,Improved Property,,,"YELLOWSTONE MOUNTAIN CLUB PHASE 1 & 2, S31, T06 S, R03 E, Lot 105, ACRES 2.09, PLAT 4/408",YELLOWSTONE MOUNTAIN CLUB PHASE 1 AND 2,other CrossHarbor/LMLC
CROSSHARBOR / LONE MOUNTAIN,25042631401240000,SKI YELLOWSTONE LLC,2.09,Madison,PO BOX 4295,,,WILMINGTON,DE,19807-0295,legal/subdivision context contains YELLOWSTONE MOUNTAIN CLUB; owner field is not a confirmed developer entity; treated as individually owned member/homeowner or other nondeveloper parcel,unrelated,False,2026,921617,0029006267,Vacant Land,,,"YELLOWSTONE MOUNTAIN CLUB PHASE 1 & 2, S31, T06 S, R03 E, Lot 143A, ACRES 2.09, PLAT 4/467",YELLOWSTONE MOUNTAIN CLUB PHASE 1 AND 2,Yellowstone Club
CROSSHARBOR / LONE MOUNTAIN,25042631401290000,BLUE RASPBERRY LLC,2.08,Madison,270 SEA CLIFF AVE,,,SAN FRANCISCO,CA,94121-1028,legal/subdivision context contains YELLOWSTONE MOUNTAIN CLUB; owner field is not a confirmed developer entity; treated as individually owned member/homeowner or other nondeveloper parcel,unrelated,False,2026,921550,0029006017,Improved Property,,,"YELLOWSTONE MOUNTAIN CLUB PHASE 1 & 2, S31, T06 S, R03 E, Lot 142A, ACRES 2.08, PLAT 4/467",YELLOWSTONE MOUNTAIN CLUB PHASE 1 AND 2,other CrossHarbor/LMLC
CROSSHARBOR / LONE MOUNTAIN,25033706101250000,HOWARD FAMILY 1995 TRUST,2.08,Madison,1819 W OLIVE AVE,,,BURBANK,CA,91506-2435,legal/subdivision context contains YELLOWSTONE MOUNTAIN CLUB; owner field is not a confirmed developer entity; treated as individually owned member/homeowner or other nondeveloper parcel,unrelated,False,2026,920386,0028800143,Improved Property,,,"YELLOWSTONE MOUNTAIN CLUB PHASE 1 & 2, S06, T07 S, R03 E, Lot 72A, ACRES 2.08, PLAT 4/467",YELLOWSTONE MOUNTAIN CLUB PHASE 1 AND 2,other CrossHarbor/LMLC
CROSSHARBOR / LONE MOUNTAIN,25042536301010000,WATKINS WILLIAM B V  TRUSTEE,2.08,Madison,1410 SUMMIT RD,,,ALPHARETTA,GA,30004-3589,legal/subdivision context contains YELLOWSTONE MOUNTAIN CLUB; owner field is not a confirmed developer entity; treated as individually owned member/homeowner or other nondeveloper parcel,unrelated,False,2026,919187,0028000412,Vacant Land,,,"YELLOWSTONE MOUNTAIN CLUB PHASE 3A, S36, T06 S, R02 E, Lot 412, ACRES 2.08, PLAT 4/517",YELLOWSTONE MOUNTAIN CLUB PHASE 3A,other CrossHarbor/LMLC
CROSSHARBOR / LONE MOUNTAIN,25042535404130000,408B YELLOWSTONE REALTY LLC,2.07,Madison,1 PATRIOT PL,,,FOXBOROUGH,MA,02035-1374,legal/subdivision context contains YELLOWSTONE MOUNTAIN CLUB; owner field is not a confirmed developer entity; treated as individually owned member/homeowner or other nondeveloper parcel,unrelated,False,2026,919183,0028000408,Vacant Land,,,"YELLOWSTONE MOUNTAIN CLUB PHASE 3A, S35, T06 S, R02 E, Lot 408B, ACRES 2.07, PLAT 4/686BA",YELLOWSTONE MOUNTAIN CLUB PHASE 3A,Yellowstone Club
CROSSHARBOR / LONE MOUNTAIN,25033706101230000,9 FOSSIL ROAD LLC,2.05,Madison,1 STERN LN,,,ATHERTON,CA,94027-5422,legal/subdivision context contains YELLOWSTONE MOUNTAIN CLUB; owner field is not a confirmed developer entity; treated as individually owned member/homeowner or other nondeveloper parcel,unrelated,False,2026,920451,0028800220,Improved Property,,,"YELLOWSTONE MOUNTAIN CLUB PHASE 1 AND 2, S06, T07 S, R03 E, Lot 59-A, ACRES 2.05, PLAT 4/645BA",YELLOWSTONE MOUNTAIN CLUB PHASE 1 AND 2,other CrossHarbor/LMLC
CROSSHARBOR / LONE MOUNTAIN,25042631401260000,ARTHAUD JAMES R REVOCABLE TRUST,2.05,Madison,14630 RIVER DR,,,MEDORA,ND,58645-9402,legal/subdivision context contains YELLOWSTONE MOUNTAIN CLUB; owner field is not a confirmed developer entity; treated as individually owned member/homeowner or other nondeveloper parcel,unrelated,False,2026,921619,0029006268,Improved Property,,,"YELLOWSTONE MOUNTAIN CLUB PHASE 1 & 2, S31, T06 S, R03 E, Lot 147, ACRES 2.05, PLAT 4/467",YELLOWSTONE MOUNTAIN CLUB PHASE 1 AND 2,other CrossHarbor/LMLC
CROSSHARBOR / LONE MOUNTAIN,25042631401250000,BRINKMEYER TODD S &,2.05,Madison,PO BOX 788,,,POST FALLS,ID,83877-0788,legal/subdivision context contains YELLOWSTONE MOUNTAIN CLUB; owner field is not a confirmed developer entity; treated as individually owned member/homeowner or other nondeveloper parcel,unrelated,False,2026,921604,0029006255,Improved Property,,,"YELLOWSTONE MOUNTAIN CLUB PHASE 1 & 2, S31, T06 S, R03 E, Lot 145A, ACRES 2.05, PLAT 4/408",YELLOWSTONE MOUNTAIN CLUB PHASE 1 AND 2,other CrossHarbor/LMLC
CROSSHARBOR / LONE MOUNTAIN,25042536406110000,PCH YELLOWSTONE LLC,2.05,Madison,PO BOX 708,,,THOMASTON,GA,30286-0009,legal/subdivision context contains YELLOWSTONE MOUNTAIN CLUB; owner field is not a confirmed developer entity; treated as individually owned member/homeowner or other nondeveloper parcel,unrelated,False,2026,919221,0028000444,Improved Property,,,"YELLOWSTONE MOUNTAIN CLUB PHASE 3A, S36, T06 S, R02 E, Lot 444, ACRES 2.05, PLAT 4/517",YELLOWSTONE MOUNTAIN CLUB PHASE 3A,Yellowstone Club
CROSSHARBOR / LONE MOUNTAIN,25042536204090000,EAGLE RIDGE YELLOWSTONE LLC,2.04,Madison,110 HIDDEN OAKS TRL,,,RIDGELAND,MS,39157-6084,legal/subdivision context contains YELLOWSTONE MOUNTAIN CLUB; owner field is not a confirmed developer entity; treated as individually owned member/homeowner or other nondeveloper parcel,unrelated,False,2026,919219,0028000442,Improved Property,,,"YELLOWSTONE MOUNTAIN CLUB PHASE 3A, S36, T06 S, R02 E, Lot 442, ACRES 2.04, PLAT 4/517",YELLOWSTONE MOUNTAIN CLUB PHASE 3A,Yellowstone Club
CROSSHARBOR / LONE MOUNTAIN,25042631401190000,NORTHERN TRUST COMPANY TRUSTEE,2.04,Madison,1301 2ND AVE STE 2600,,,SEATTLE,WA,98101-3811,legal/subdivision context contains YELLOWSTONE MOUNTAIN CLUB; owner field is not a confirmed developer entity; treated as individually owned member/homeowner or other nondeveloper parcel,unrelated,False,2026,921612,0029006262,Improved Property,,JONES CHRISTIE,"YELLOWSTONE MOUNTAIN CLUB PHASE 1 & 2, S31, T06 S, R03 E, Lot 136A, ACRES 2.04, PLAT 4/467",YELLOWSTONE MOUNTAIN CLUB PHASE 1 AND 2,other CrossHarbor/LMLC
CROSSHARBOR / LONE MOUNTAIN,25042536204110000,WIQT LLC,2.04,Madison,308 SUNSET DR,,,ENCINITAS,CA,92024-2637,legal/subdivision context contains YELLOWSTONE MOUNTAIN CLUB; owner field is not a confirmed developer entity; treated as individually owned member/homeowner or other nondeveloper parcel,unrelated,False,2026,919220,0028000443,Improved Property,,,"YELLOWSTONE MOUNTAIN CLUB PHASE 3A, S36, T06 S, R02 E, Lot 443, ACRES 2.04, PLAT 4/517",YELLOWSTONE MOUNTAIN CLUB PHASE 3A,other CrossHarbor/LMLC
CROSSHARBOR / LONE MOUNTAIN,25033706101300000,PEYTON NANCY ODLAND & WHITNEY E TRUSTEES,2.03,Madison,25 BELLO DR,,,MINNEAPOLIS,MN,55439-1658,legal/subdivision context contains YELLOWSTONE MOUNTAIN CLUB; owner field is not a confirmed developer entity; treated as individually owned member/homeowner or other nondeveloper parcel,unrelated,False,2026,920466,0028800501,Improved Property,,,"YELLOWSTONE MOUNTAIN CLUB PHASE 1 AND 2, S06, T07 S, R03 E, Lot 79, ACRES 2.03, PLAT 4/408",YELLOWSTONE MOUNTAIN CLUB PHASE 1 AND 2,other CrossHarbor/LMLC
CROSSHARBOR / LONE MOUNTAIN,25042631401170000,COWIE PETER V,2.02,Madison,3835 PGA BLVD STE 207,,,PALM BEACH GARDENS,FL,33410-3006,legal/subdivision context contains YELLOWSTONE MOUNTAIN CLUB; owner field is not a confirmed developer entity; treated as individually owned member/homeowner or other nondeveloper parcel,unrelated,False,2026,921597,0029006239,Improved Property,,,"YELLOWSTONE MOUNTAIN CLUB PHASE 1 & 2, S31, T06 S, R03 E, Lot 161, ACRES 2.02, PLAT 4/408",YELLOWSTONE MOUNTAIN CLUB PHASE 1 AND 2,other CrossHarbor/LMLC
CROSSHARBOR / LONE MOUNTAIN,25042535404030000,VIOLA RANDALL W,2.02,Madison,PO BOX 8549,,,AVON,CO,81620-8519,legal/subdivision context contains YELLOWSTONE MOUNTAIN CLUB; owner field is not a confirmed developer entity; treated as individually owned member/homeowner or other nondeveloper parcel,unrelated,False,2026,919177,0028000402,Vacant Land,,,"YELLOWSTONE MOUNTAIN CLUB PHASE 3A, S35, T06 S, R02 E, Lot 402, ACRES 2.02, PLAT 4/517",YELLOWSTONE MOUNTAIN CLUB PHASE 3A,other CrossHarbor/LMLC
CROSSHARBOR / LONE MOUNTAIN,25042631401220000,BUCKBEAK LLC,2.01,Madison,MAIL TO FERGUSON LANCE,2353 ALEXANDRIA DR STE 350,,LEXINGTON,KY,40504-3208,legal/subdivision context contains YELLOWSTONE MOUNTAIN CLUB; owner field is not a confirmed developer entity; treated as individually owned member/homeowner or other nondeveloper parcel,unrelated,False,2026,921615,0029006265,Vacant Land,,FERGUSON LANCE,"YELLOWSTONE MOUNTAIN CLUB PHASE 1 & 2, S31, T06 S, R03 E, Lot 139A, ACRES 2.01, PLAT 4/467",YELLOWSTONE MOUNTAIN CLUB PHASE 1 AND 2,other CrossHarbor/LMLC
CROSSHARBOR / LONE MOUNTAIN,25033706101130000,DOWD BRIAN &,2.01,Madison,PO BOX 161919,,,BIG SKY,MT,59716-1919,legal/subdivision context contains YELLOWSTONE MOUNTAIN CLUB; owner field is not a confirmed developer entity; treated as individually owned member/homeowner or other nondeveloper parcel,unrelated,False,2026,920452,0028800221,Vacant Land,,,"YELLOWSTONE MOUNTAIN CLUB PHASE 1 & 2, S06, T07 S, R03 E, Lot 163, ACRES 2.01, PLAT 4/408",YELLOWSTONE MOUNTAIN CLUB PHASE 1 AND 2,other CrossHarbor/LMLC
CROSSHARBOR / LONE MOUNTAIN,25042631401350000,FRANK BRIAN H TRUSTE,2.01,Madison,3630 PEACHTREE RD NE UNIT 2804,,,ATLANTA,GA,30326-1548,legal/subdivision context contains YELLOWSTONE MOUNTAIN CLUB; owner field is not a confirmed developer entity; treated as individually owned member/homeowner or other nondeveloper parcel,unrelated,False,2026,921606,0029006257,Improved Property,,,"YELLOWSTONE MOUNTAIN CLUB PHASE 1 & 2, S31, T06 S, R03 E, Lot 113, ACRES 2.01, PLAT 4/408",YELLOWSTONE MOUNTAIN CLUB PHASE 1 AND 2,other CrossHarbor/LMLC
CROSSHARBOR / LONE MOUNTAIN,25042631301050000,JJCD INVESTMENTS II LLC,2.01,Madison,4004 WATERS EDGE DR,,,AUSTIN,TX,78731-5100,legal/subdivision context contains YELLOWSTONE MOUNTAIN CLUB; owner field is not a confirmed developer entity; treated as individually owned member/homeowner or other nondeveloper parcel,unrelated,False,2026,921577,0029006221,Improved Property,,,"YELLOWSTONE MOUNTAIN CLUB PHASE 1 & 2, S31, T06 S, R03 E, Lot 93, ACRES 2.01, PLAT 4/408",YELLOWSTONE MOUNTAIN CLUB PHASE 1 AND 2,other CrossHarbor/LMLC
CROSSHARBOR / LONE MOUNTAIN,25042631401210000,NEDELMAN JEFFREY P & THERESA F,2.01,Madison,210 W 77TH ST APT 14,,,NEW YORK,NY,10024-6793,legal/subdivision context contains YELLOWSTONE MOUNTAIN CLUB; owner field is not a confirmed developer entity; treated as individually owned member/homeowner or other nondeveloper parcel,unrelated,False,2026,921614,0029006264,Improved Property,,,"YELLOWSTONE MOUNTAIN CLUB PHASE 1 & 2, S31, T06 S, R03 E, Lot 138A, ACRES 2.01, PLAT 4/467",YELLOWSTONE MOUNTAIN CLUB PHASE 1 AND 2,other CrossHarbor/LMLC
CROSSHARBOR / LONE MOUNTAIN,25042631401200000,PIERRE JAUNE LLC,2.01,Madison,C/O AMAL FARHAT,2200 VICTORY AVE APT 802,,DALLAS,TX,75219-7677,legal/subdivision context contains YELLOWSTONE MOUNTAIN CLUB; owner field is not a confirmed developer entity; treated as individually owned member/homeowner or other nondeveloper parcel,unrelated,False,2026,921613,0029006263,Improved Property,,FARHAT ELIAS,"YELLOWSTONE MOUNTAIN CLUB PHASE 1 & 2, S31, T06 S, R03 E, Lot 137A, ACRES 2.01, PLAT 4/467",YELLOWSTONE MOUNTAIN CLUB PHASE 1 AND 2,other CrossHarbor/LMLC
CROSSHARBOR / LONE MOUNTAIN,25033706101240000,SLOOTMAN FRANK & BRENDA L TRUSTEES,2.01,Madison,3 FOSSIL ROAD 161000,,,BIG SKY,MT,59715,legal/subdivision context contains YELLOWSTONE MOUNTAIN CLUB; owner field is not a confirmed developer entity; treated as individually owned member/homeowner or other nondeveloper parcel,unrelated,False,2026,920363,0028800122,Improved Property,,,"YELLOWSTONE MOUNTAIN CLUB PHASE 1 AND 2, S06, T07 S, R03 E, Lot 58A, ACRES 2.01, PLAT 4/408",YELLOWSTONE MOUNTAIN CLUB PHASE 1 AND 2,other CrossHarbor/LMLC
CROSSHARBOR / LONE MOUNTAIN,25042631401280000,144 YELLOWSTONE LLC,2.0,Madison,C/O BAKER TILLY,333 BUSH ST 10TH FLOOR,,SAN FRANCISCO,CA,94104,legal/subdivision context contains YELLOWSTONE MOUNTAIN CLUB; owner field is not a confirmed developer entity; treated as individually owned member/homeowner or other nondeveloper parcel,unrelated,False,2026,921549,0029006016,Improved Property,,,"YELLOWSTONE MOUNTAIN CLUB PHASE 1 & 2, S31, T06 S, R03 E, Lot 144A, ACRES 2, PLAT 4/467",YELLOWSTONE MOUNTAIN CLUB PHASE 1 AND 2,Yellowstone Club
CROSSHARBOR / LONE MOUNTAIN,25042536302110000,LOT422 YMC REALTY TRUST,2.0,Madison,14 GREYLOCK RD,,,WELLESLEY,MA,02481-1323,legal/subdivision context contains YELLOWSTONE MOUNTAIN CLUB; owner field is not a confirmed developer entity; treated as individually owned member/homeowner or other nondeveloper parcel,unrelated,False,2026,919197,0028000422,Improved Property,,,"YELLOWSTONE MOUNTAIN CLUB PHASE 3A, S36, T06 S, R02 E, Lot 422, ACRES 2, PLAT 4/517",YELLOWSTONE MOUNTAIN CLUB PHASE 3A,other CrossHarbor/LMLC
CROSSHARBOR / LONE MOUNTAIN,25042536301070000,MEDICI LLC,1.99,Madison,C/O ROBERT MUSSLEWHITE,430 STUART ST APT 22J,,BOSTON,MA,02116-6531,legal/subdivision context contains YELLOWSTONE MOUNTAIN CLUB; owner field is not a confirmed developer entity; treated as individually owned member/homeowner or other nondeveloper parcel,unrelated,False,2026,919191,0028000416,Improved Property,,MUSSLEWHITE ROBERT,"YELLOWSTONE MOUNTAIN CLUB PHASE 3A, S36, T06 S, R02 E, Lot 416A, ACRES 1.99, PLAT 4/609-BA",YELLOWSTONE MOUNTAIN CLUB PHASE 3A,other CrossHarbor/LMLC
CROSSHARBOR / LONE MOUNTAIN,25042536303130000,CONTINENTAL PARTNERS IX LLC,1.96,Madison,1150 CENTRAL AVE STE F,,,NAPLES,FL,34102-6214,legal/subdivision context contains YELLOWSTONE MOUNTAIN CLUB; owner field is not a confirmed developer entity; treated as individually owned member/homeowner or other nondeveloper parcel,unrelated,False,2026,919205,0028000429,Improved Property,,,"YELLOWSTONE MOUNTAIN CLUB PHASE 3A, S36, T06 S, R02 E, Lot 429, ACRES 1.96, PLAT 4/517",YELLOWSTONE MOUNTAIN CLUB PHASE 3A,other CrossHarbor/LMLC
CROSSHARBOR / LONE MOUNTAIN,25042535404110000,3TM MONTANA SKY LLC,1.9,Madison,JUAN DE LEYVA 115,COL LOMAS VIRREYES,,,,,legal/subdivision context contains YELLOWSTONE MOUNTAIN CLUB; owner field is not a confirmed developer entity; treated as individually owned member/homeowner or other nondeveloper parcel,unrelated,False,2026,919182,0028000407,Improved Property,,,"YELLOWSTONE MOUNTAIN CLUB PHASE 3A, S35, T06 S, R02 E, Lot 407, ACRES 1.9, PLAT 4/517",YELLOWSTONE MOUNTAIN CLUB PHASE 3A,other CrossHarbor/LMLC
CROSSHARBOR / LONE MOUNTAIN,25042536303390000,OSTREM SEAN KANOA TRUSTEE,1.9,Madison,710 5TH AVE NW STE 200,,,ISSAQUAH,WA,98027-2841,legal/subdivision context contains YELLOWSTONE MOUNTAIN CLUB; owner field is not a confirmed developer entity; treated as individually owned member/homeowner or other nondeveloper parcel,unrelated,False,2026,919250,0028000473,Vacant Land,,,"YELLOWSTONE MOUNTAIN CLUB PHASE 3A, S36, T06 S, R02 E, Lot 473, ACRES 1.9, PLAT 4/517",YELLOWSTONE MOUNTAIN CLUB PHASE 3A,other CrossHarbor/LMLC
CROSSHARBOR / LONE MOUNTAIN,25042536303210000,POWDER LLC,1.89,Madison,PO BOX 2548,,,SAN FRANCISCO,CA,94126-2548,legal/subdivision context contains YELLOWSTONE MOUNTAIN CLUB; owner field is not a confirmed developer entity; treated as individually owned member/homeowner or other nondeveloper parcel,unrelated,False,2026,919209,0028000433,Improved Property,,,"YELLOWSTONE MOUNTAIN CLUB PHASE 3A, S36, T06 S, R02 E, Lot 433, ACRES 1.89, PLAT 4/517",YELLOWSTONE MOUNTAIN CLUB PHASE 3A,other CrossHarbor/LMLC
CROSSHARBOR / LONE MOUNTAIN,25042536302150000,MONTANA CAFE LLC,1.88,Madison,1055 THOMAS JEFFERSON ST NW STE 250,,,WASHINGTON,DC,20007-5267,legal/subdivision context contains YELLOWSTONE MOUNTAIN CLUB; owner field is not a confirmed developer entity; treated as individually owned member/homeowner or other nondeveloper parcel,unrelated,False,2026,919184,0028000409,Vacant Land,,,"YELLOWSTONE MOUNTAIN CLUB PHASE 3A, S36, T06 S, R02 E, Lot 409, ACRES 1.88, PLAT 4/517",YELLOWSTONE MOUNTAIN CLUB PHASE 3A,other CrossHarbor/LMLC
CROSSHARBOR / LONE MOUNTAIN,25033707205017000,WM LODGE CONDO MASTER,1.87,Madison,GENERAL DELIVERY,,,BIG SKY,MT,59716-9999,legal/subdivision context contains YELLOWSTONE MTN CLUB; owner field is not a confirmed developer entity; treated as individually owned member/homeowner or other nondeveloper parcel,unrelated,False,2026,923795,WRRNMILLER,Non-Valued Property,,,"WM LODGE CONDO, S07, T07 S, R03 E, BUILDING TRACT 1A, WM LODGE CONDO MASTER YELLOWSTONE MTN CLUB PH 4 PLAT 4/644",WM LODGE CONDO,other CrossHarbor/LMLC
CROSSHARBOR / LONE MOUNTAIN,06079814401140000,SPANISH PEAK APARTMENTS LLC,1.868,Gallatin,3424 E US HIGHWAY 12,,,HELENA,MT,59601-9708,owner-name keyword: SPANISH PEAK; small externally addressed project-name parcel treated as homeowner lot,unrelated,False,2026,619416,00RGG56399,Apartment,,,"KAGY CROSSROADS SUB, S14, T02 S, R05 E, BLOCK 2, Lot 3, ACRES 1.868, PLAT J-328-A",KAGY CROSSROADS SUB,Spanish Peaks
CROSSHARBOR / LONE MOUNTAIN,25042536406130000,MOLNAR NICHOLAS DAVID,1.86,Madison,312 N FARING RD,,,LOS ANGELES,CA,90077-3517,legal/subdivision context contains YELLOWSTONE MOUNTAIN CLUB; owner field is not a confirmed developer entity; treated as individually owned member/homeowner or other nondeveloper parcel,unrelated,False,2026,919222,0028000445,Improved Property,,,"YELLOWSTONE MOUNTAIN CLUB PHASE 3A, S36, T06 S, R02 E, Lot 445, ACRES 1.86, PLAT 4/517",YELLOWSTONE MOUNTAIN CLUB PHASE 3A,other CrossHarbor/LMLC
CROSSHARBOR / LONE MOUNTAIN,25042536303310000,MONTANA 470 LLC,1.82,Madison,8383 WILSHIRE BLVD STE 724,,,BEVERLY HILLS,CA,90211-2442,legal/subdivision context contains YELLOWSTONE MOUNTAIN CLUB; owner field is not a confirmed developer entity; treated as individually owned member/homeowner or other nondeveloper parcel,unrelated,False,2026,919247,0028000470,Improved Property,,,"YELLOWSTONE MOUNTAIN CLUB PHASE 3A, S36, T06 S, R02 E, Lot 470, ACRES 1.82, PLAT 4/517",YELLOWSTONE MOUNTAIN CLUB PHASE 3A,other CrossHarbor/LMLC
CROSSHARBOR / LONE MOUNTAIN,25042536406070000,44SEVEN LLC,1.78,Madison,140 DEERFIELD DR,,,TENAFLY,NJ,07670-1203,legal/subdivision context contains YELLOWSTONE MOUNTAIN CLUB; owner field is not a confirmed developer entity; treated as individually owned member/homeowner or other nondeveloper parcel,unrelated,False,2026,919225,0028000447,Improved Property,,,"YELLOWSTONE MOUNTAIN CLUB PHASE 3A, S36, T06 S, R02 E, Lot 447, ACRES 1.78, PLAT 4/517",YELLOWSTONE MOUNTAIN CLUB PHASE 3A,other CrossHarbor/LMLC
CROSSHARBOR / LONE MOUNTAIN,25042536303150000,CIELO MIO LLC,1.77,Madison,1250 S CAPITAL OF TEXAS HWY BLDG 2-285,,,WEST LAKE HILLS,TX,78746-6487,legal/subdivision context contains YELLOWSTONE MOUNTAIN CLUB; owner field is not a confirmed developer entity; treated as individually owned member/homeowner or other nondeveloper parcel,unrelated,False,2026,919206,0028000430,Improved Property,,,"YELLOWSTONE MOUNTAIN CLUB PHASE 3A, S36, T06 S, R02 E, Lot 430, ACRES 1.77, PLAT 4/517",YELLOWSTONE MOUNTAIN CLUB PHASE 3A,other CrossHarbor/LMLC
CROSSHARBOR / LONE MOUNTAIN,25042536303290000,ROCCHIO FAMILY REV TRUST,1.75,Madison,3722 GILLON AVE,,,DALLAS,TX,75205-3168,legal/subdivision context contains YELLOWSTONE MOUNTAIN CLUB; owner field is not a confirmed developer entity; treated as individually owned member/homeowner or other nondeveloper parcel,unrelated,False,2026,919248,0028000471,Improved Property,,,"YELLOWSTONE MOUNTAIN CLUB PHASE 3A, S36, T06 S, R02 E, Lot 471, ACRES 1.75, PLAT 4/517",YELLOWSTONE MOUNTAIN CLUB PHASE 3A,other CrossHarbor/LMLC
CROSSHARBOR / LONE MOUNTAIN,25042619202290000,CASA MOONLIGHT LLC,1.72,Madison,C/O JEREMY J LEFEBER BERG LILLY PC,ONE WEST MAIN ST,,BOZEMAN,MT,59715,owner-name keyword: MOONLIGHT; small externally addressed project-name parcel treated as homeowner lot,unrelated,False,2026,921436,0029004275,Improved Property,,,"CASCADE SUB (BIG SKY), S19, T06 S, R03 E, BLOCK 4, Lot 275A, PLAT 4/358",CASCADE SUB (BIG SKY),Moonlight Basin
CROSSHARBOR / LONE MOUNTAIN,25042536303230000,SPRDM-1 LLP,1.71,Madison,PO BOX 3069,,,JUPITER,FL,33469-1000,legal/subdivision context contains YELLOWSTONE MOUNTAIN CLUB; owner field is not a confirmed developer entity; treated as individually owned member/homeowner or other nondeveloper parcel,unrelated,False,2026,919210,0028000434,Vacant Land,,,"YELLOWSTONE MOUNTAIN CLUB PHASE 3A, S36, T06 S, R02 E, Lot 434, ACRES 1.71, PLAT 4/517",YELLOWSTONE MOUNTAIN CLUB PHASE 3A,other CrossHarbor/LMLC
CROSSHARBOR / LONE MOUNTAIN,25042536303190000,LOHMAN CLINTON L &,1.63,Madison,401 PARK PL,,,BOZEMAN,MT,59715-7159,legal/subdivision context contains YELLOWSTONE MOUNTAIN CLUB; owner field is not a confirmed developer entity; treated as individually owned member/homeowner or other nondeveloper parcel,unrelated,False,2026,919208,0028000432,Vacant Land,,,"YELLOWSTONE MOUNTAIN CLUB PHASE 3A, S36, T06 S, R02 E, Lot 432, ACRES 1.63, PLAT 4/517",YELLOWSTONE MOUNTAIN CLUB PHASE 3A,other CrossHarbor/LMLC
CROSSHARBOR / LONE MOUNTAIN,25042536406030000,OMK MONTANA LLC,1.63,Madison,496 FERRY POINT RD,,,ANNAPOLIS,MD,21403-1348,legal/subdivision context contains YELLOWSTONE MOUNTAIN CLUB; owner field is not a confirmed developer entity; treated as individually owned member/homeowner or other nondeveloper parcel,unrelated,False,2026,919213,0028000436,Vacant Land,,,"YELLOWSTONE MOUNTAIN CLUB PHASE 3A, S36, T06 S, R02 E, Lot 436, ACRES 1.63, PLAT 4/517",YELLOWSTONE MOUNTAIN CLUB PHASE 3A,other CrossHarbor/LMLC
CROSSHARBOR / LONE MOUNTAIN,25042536303170000,WELLES HOPE J REVOCABLE TRUST,1.61,Madison,2 GLEN CREEK LN,,,SAINT LOUIS,MO,63124-1505,legal/subdivision context contains YELLOWSTONE MOUNTAIN CLUB; owner field is not a confirmed developer entity; treated as individually owned member/homeowner or other nondeveloper parcel,unrelated,False,2026,919207,0028000431,Vacant Land,,,"YELLOWSTONE MOUNTAIN CLUB PHASE 3A, S36, T06 S, R02 E, Lot 431, ACRES 1.61, PLAT 4/517",YELLOWSTONE MOUNTAIN CLUB PHASE 3A,other CrossHarbor/LMLC
CROSSHARBOR / LONE MOUNTAIN,25042536303350000,BJORNHEM LLC,1.59,Madison,PO BOX 347,,,MEDINA,WA,98039-0347,legal/subdivision context contains YELLOWSTONE MOUNTAIN CLUB; owner field is not a confirmed developer entity; treated as individually owned member/homeowner or other nondeveloper parcel,unrelated,False,2026,919252,0028000475,Improved Property,,,"YELLOWSTONE MOUNTAIN CLUB PHASE 3A, S36, T06 S, R02 E, Lot 475, ACRES 1.59, PLAT 4/517",YELLOWSTONE MOUNTAIN CLUB PHASE 3A,other CrossHarbor/LMLC
CROSSHARBOR / LONE MOUNTAIN,25042524402067000,MOONLIGHT LODGE CONDO MASTER,1.53,Madison,GENERAL DELIVERY,,,BIG SKY,MT,59716,known homeowner/common-area/legacy entity; excluded,unrelated,False,2026,925018,MNLTLDGECD,Non-Valued Property,,,"COWBOY HEAVEN PENTHOUSES CONDO, S24, T06 S, R02 E, COWBOY HEAVEN PHS 1, COMM UNITS 1-12 & SUITES 13-16",COWBOY HEAVEN PENTHOUSES CONDO,Moonlight Basin
CROSSHARBOR / LONE MOUNTAIN,25033612106290000,MINELLA ELIZABETH S REVOCABLE TRUST &,1.42,Madison,53 HORSESHOE RD,,,DARIEN,CT,06820-2422,legal/subdivision context contains YELLOWSTONE MOUNTAIN CLUB; owner field is not a confirmed developer entity; treated as individually owned member/homeowner or other nondeveloper parcel,unrelated,False,2026,919723,0028006001,Improved Property,,,"YELLOWSTONE MOUNTAIN CLUB PHASE 6, S12, T07 S, R02 E, Lot 601, ACRES 1.42, PLAT 4/492",YELLOWSTONE MOUNTAIN CLUB PHASE 6,other CrossHarbor/LMLC
CROSSHARBOR / LONE MOUNTAIN,25042536406090000,ERDELY JENNIFER,1.35,Madison,200 EDGEWOOD LN,,,ROSTRAVER TOWNSHIP,PA,15012-3630,legal/subdivision context contains YELLOWSTONE MOUNTAIN CLUB; owner field is not a confirmed developer entity; treated as individually owned member/homeowner or other nondeveloper parcel,unrelated,False,2026,919224,0028000446,Vacant Land,,,"YELLOWSTONE MOUNTAIN CLUB PHASE 3A, S36, T06 S, R02 E, Lot 446, ACRES 1.35, PLAT 4/517",YELLOWSTONE MOUNTAIN CLUB PHASE 3A,other CrossHarbor/LMLC
CROSSHARBOR / LONE MOUNTAIN,25042524203030000,HART MOONLIGHT SKI HOME LLC,1.34,Madison,1280 POINT OF VIEW DR,,,GOODVIEW,VA,24095-2557,owner-name keyword: MOONLIGHT; geography/name indicates unrelated owner or residential/common-area parcel,unrelated,False,2026,919128,0028000070,Improved Property,,,"COWBOY HEAVEN SUB PH 3A, S24, T06 S, R02 E, Lot 23, PLAT 4/466",COWBOY HEAVEN SUB PH 3A,Moonlight Basin
CROSSHARBOR / LONE MOUNTAIN,25042536406010000,WAPITI BLUFF LLC,1.3,Madison,PO BOX 1453,,,CHEYENNE,WY,82003-1453,legal/subdivision context contains YELLOWSTONE MOUNTAIN CLUB; owner field is not a confirmed developer entity; treated as individually owned member/homeowner or other nondeveloper parcel,unrelated,False,2026,919214,0028000437,Vacant Land,,,"YELLOWSTONE MOUNTAIN CLUB PHASE 3A, S36, T06 S, R02 E, Lot 437, ACRES 1.3, PLAT 4/517",YELLOWSTONE MOUNTAIN CLUB PHASE 3A,other CrossHarbor/LMLC
CROSSHARBOR / LONE MOUNTAIN,25033612106210000,CGLK LLC,1.25,Madison,28 CONYERS FARM DR,,,GREENWICH,CT,06831-2735,legal/subdivision context contains YELLOWSTONE MOUNTAIN CLUB; owner field is not a confirmed developer entity; treated as individually owned member/homeowner or other nondeveloper parcel,unrelated,False,2026,919726,0028006003,Improved Property,,,"YELLOWSTONE MOUNTAIN CLUB PHASE 6, S12, T07 S, R02 E, Lot 603, ACRES 1.25, PLAT 4/492",YELLOWSTONE MOUNTAIN CLUB PHASE 6,other CrossHarbor/LMLC
CROSSHARBOR / LONE MOUNTAIN,25042536301030000,YC414 INVESTMENTS LLC,1.15,Madison,1 BATTERY PARK PLZ,C/O SEWARD & KISSEL ATTN DEBRA FRANZESE,,NEW YORK,NY,10004-1405,legal/subdivision context contains YELLOWSTONE MOUNTAIN CLUB; owner field is not a confirmed developer entity; treated as individually owned member/homeowner or other nondeveloper parcel,unrelated,False,2026,919188,0028000413,Vacant Land,,,"YELLOWSTONE MOUNTAIN CLUB PHASE 3A, S36, T06 S, R02 E, Lot 413A, ACRES 1.15, PLAT 4/609-BA",YELLOWSTONE MOUNTAIN CLUB PHASE 3A,other CrossHarbor/LMLC
CROSSHARBOR / LONE MOUNTAIN,25033612106250000,HEARTWELL PROPERTIES LLC,1.14,Madison,PO BOX 161000,,,BIG SKY,MT,59716-1000,legal/subdivision context contains YELLOWSTONE MOUNTAIN CLUB; owner field is not a confirmed developer entity; treated as individually owned member/homeowner or other nondeveloper parcel,unrelated,False,2026,919724,0028006002,Improved Property,,,"YELLOWSTONE MOUNTAIN CLUB PHASE 6, S12, T07 S, R02 E, Lot 602, ACRES 1.14, PLAT 4/492",YELLOWSTONE MOUNTAIN CLUB PHASE 6,other CrossHarbor/LMLC
CROSSHARBOR / LONE MOUNTAIN,25042524201310000,MOONLIGHT ESCAPE LLC,1.074,Madison,1816 N BURLING ST,,,CHICAGO,IL,60614-5104,owner-name keyword: MOONLIGHT; small externally addressed project-name parcel treated as homeowner lot,unrelated,False,2026,919357,0028002527,Vacant Land,,,"COWBOY HEAVEN PHASE 2, S24, T06 S, R02 E, Lot 16, PLAT 4/437-A",COWBOY HEAVEN SUB PH 2,Moonlight Basin
CROSSHARBOR / LONE MOUNTAIN,25033612106130000,PONDEROSA VERDE LLC,0.95,Madison,C/O ACCOUNTING,555 BRYANT ST # 268,,PALO ALTO,CA,94301-1704,legal/subdivision context contains YELLOWSTONE MOUNTAIN CLUB; owner field is not a confirmed developer entity; treated as individually owned member/homeowner or other nondeveloper parcel,unrelated,False,2026,919727,0028006004,Vacant Land,,,"YELLOWSTONE MOUNTAIN CLUB PHASE 6, S12, T07 S, R02 E, Lot 604A, ACRES 0.95, PLAT 4/674BA",YELLOWSTONE MOUNTAIN CLUB PHASE 6,other CrossHarbor/LMLC
CROSSHARBOR / LONE MOUNTAIN,25033612106050000,PCG 1993 FAM REV TR,0.93,Madison,191 GREYSTONE LN,,,SUDBURY,MA,01776-1396,legal/subdivision context contains YELLOWSTONE MOUNTAIN CLUB; owner field is not a confirmed developer entity; treated as individually owned member/homeowner or other nondeveloper parcel,unrelated,False,2026,919729,0028006006,Improved Property,,,"YELLOWSTONE MOUNTAIN CLUB PHASE 6, S12, T07 S, R02 E, Lot 606, ACRES 0.93, PLAT 4/492",YELLOWSTONE MOUNTAIN CLUB PHASE 6,other CrossHarbor/LMLC
CROSSHARBOR / LONE MOUNTAIN,25033612106010000,YC 607 LLC,0.86,Madison,PO BOX 2049,,,SAN FRANCISCO,CA,94126-2049,legal/subdivision context contains YELLOWSTONE MOUNTAIN CLUB; owner field is not a confirmed developer entity; treated as individually owned member/homeowner or other nondeveloper parcel,unrelated,False,2026,919730,0028006007,Improved Property,,VERNA,"YELLOWSTONE MOUNTAIN CLUB PHASE 6, S12, T07 S, R02 E, Lot 607, ACRES 0.86, PLAT 4/492",YELLOWSTONE MOUNTAIN CLUB PHASE 6,Yellowstone Club
CROSSHARBOR / LONE MOUNTAIN,25033612106090000,14 MILLER LANE YC LLC,0.78,Madison,C/O SQUARE SEVEN MANAGEMENT LLC,360 PARK AVE S 20TH FL,,NEW YORK,NY,10010,legal/subdivision context contains YELLOWSTONE MOUNTAIN CLUB; owner field is not a confirmed developer entity; treated as individually owned member/homeowner or other nondeveloper parcel,unrelated,False,2026,919728,0028006005,Improved Property,,,"YELLOWSTONE MOUNTAIN CLUB PHASE 6, S12, T07 S, R02 E, Lot 605, ACRES 0.78, PLAT 4/492",YELLOWSTONE MOUNTAIN CLUB PHASE 6,Yellowstone Club
CROSSHARBOR / LONE MOUNTAIN,25042513201430000,PLR MOONLIGHT LLC,0.56,Madison,1717 SPRUCE AVE,,,HIGHLAND PARK,IL,60035-2148,owner-name keyword: MOONLIGHT; small externally addressed project-name parcel treated as homeowner lot,unrelated,False,2026,1598321,0028002189,Improved Property,,,"MADISON OVERLOOK 2 SUB, S13, T06 S, R02 E, Lot 10, ACRES 0.56, PLAT 4/764",MADISON OVERLOOK 2 SUB,Moonlight Basin
CROSSHARBOR / LONE MOUNTAIN,06079810462107000,SPANISH PEAKS CONDO MASTER,0.373,Gallatin,GENERAL DELIVERY,,,BOZEMAN,MT,59718-9999,known homeowner/common-area/legacy entity; excluded,unrelated,False,2026,636174,SPPKSCONDO,Non-Valued Property,,,"SPANISH PEAKS CONDO, S10, T02 S, R05 E, VALLEY UNIT SUB PH 1 BLK 9 LOT 3",SPANISH PEAKS CONDO,Spanish Peaks
CROSSHARBOR / LONE MOUNTAIN,06033802160190000,YELLOWSTONE CLUB COMMUNITY FOUNDATION,0.311,Gallatin,PO BOX 161097,,,BIG SKY,MT,59716-1097,known homeowner/common-area/legacy entity; excluded,unrelated,False,2026,627801,00RLE19302,Improved Property,,,"WEST FORK MEADOWS SUB, S02, T07 S, R03 E, BLOCK 1, Lot 4, ACRES 0.311, PLUS OPEN SPACE",WEST FORK MEADOWS SUB,Yellowstone Club
CROSSHARBOR / LONE MOUNTAIN,25042524202270000,MOONLIGHT 19 LLC,0.3,Madison,PO BOX 1063,,,HOUSTON,TX,77251-1063,owner-name keyword: MOONLIGHT; small externally addressed project-name parcel treated as homeowner lot,unrelated,False,2026,919104,0028000048,Improved Property,,,"COWBOY HEAVEN SUB PH 3A, S24, T06 S, R02 E, Lot MMH19, PLAT 4/466",COWBOY HEAVEN SUB PH 3A,Moonlight Basin
CROSSHARBOR / LONE MOUNTAIN,25042524107190000,MOONLIGHT BASIN CHALET LLC,0.267,Madison,2049 CENTURY PARK E STE 1400,,,LOS ANGELES,CA,90067-3116,owner-name keyword: MOONLIGHT; geography/name indicates unrelated owner or residential/common-area parcel,unrelated,False,2026,920027,0028010076,Improved Property,,,"COWBOY HEAVEN SUB PH 3C, S24, T06 S, R02 E, Lot MMH76, PLAT 4/545",COWBOY HEAVEN SUB PH 3C,Moonlight Basin
CROSSHARBOR / LONE MOUNTAIN,25042524105110000,REISS MOONLIGHT LLC,0.192,Madison,63 NOTRE DAME RD,,,BEDFORD,MA,01730-2031,owner-name keyword: MOONLIGHT; small externally addressed project-name parcel treated as homeowner lot,unrelated,False,2026,919519,0028003560,Improved Property,,,"COWBOY HEAVEN SUB PH 3C, S24, T06 S, R02 E, Lot MMH59, PLAT 4/510",COWBOY HEAVEN SUB PH 3C,Moonlight Basin
CROSSHARBOR / LONE MOUNTAIN,25042524101200000,MOONLIGHT TEN LLC,0.18,Madison,C/O BRENT AND KATHLEEN DOBSCH,826 LINCOLN AVE,,WINNETKA,IL,60093,owner-name keyword: MOONLIGHT; small externally addressed project-name parcel treated as homeowner lot,unrelated,False,2026,1539576,0028009988,Improved Property,,,"SILVERTIP SUB, S24, T06 S, R02 E, Lot 10, ACRES 0.18, 4/648",SILVERTIP SUB,Moonlight Basin
CROSSHARBOR / LONE MOUNTAIN,25042524401505001,A-1 MOONLIGHT LLC,0.042,Madison,376 CHURN CREEK DR,,,BOZEMAN,MT,59715-7847,owner-name keyword: MOONLIGHT; small externally addressed project-name parcel treated as homeowner lot,unrelated,False,2026,920070,0028011111,Townhouse,,,"SADDLE RIDGE TOWNHOUSES  PHASE 1, S24, T06 S, R02 E, UNIT A-1, PLAT 4/319-BA",SADDLE RIDGE TOWNHOUSES  PHASE 1,Moonlight Basin
CROSSHARBOR / LONE MOUNTAIN,07383536101105655,MOONLIGHT HOLDINGS LLC,0.03,Flathead,3746 ROSECREST DR,,,MISSOULA,MT,59804-4615,owner-name keyword: MOONLIGHT; geography/name indicates unrelated owner or residential/common-area parcel,unrelated,False,2026,1467827,0000505747,Townhouse,,,"TIMBER BAY TOWNHOUSES, S36, T27 N, R20 W, Lot 2D, ACRES 0.08, ASSR# 0000505747",TIMBER BAY TOWNHOUSES,Moonlight Basin
CROSSHARBOR / LONE MOUNTAIN,25042524401505027,CASA MOONLIGHT LLC,0.025,Madison,C/O JEREMY J LEFEBER-BERG LILLY & TOLLEFSEN PC,1 W MAIN ST,,BOZEMAN,MT,59715-4642,owner-name keyword: MOONLIGHT; small externally addressed project-name parcel treated as homeowner lot,unrelated,False,2026,920088,0028011152,Townhouse,,,"SADDLE RIDGE TOWNHOUSES  PHASE 1, S24, T06 S, R02 E, UNIT F-2, PLAT 4/319-BA",SADDLE RIDGE TOWNHOUSES  PHASE 1,Moonlight Basin
CROSSHARBOR / LONE MOUNTAIN,25042524401505029,CASA MOONLIGHT LLC,0.025,Madison,C/O JEREMY J LEFEBER-BERG LILLY & TOLLEFSEN PC,1 W MAIN ST,,BOZEMAN,MT,59715-4642,owner-name keyword: MOONLIGHT; small externally addressed project-name parcel treated as homeowner lot,unrelated,False,2026,920090,0028011154,Townhouse,,,"SADDLE RIDGE TOWNHOUSES  PHASE 1, S24, T06 S, R02 E, UNIT F-4, PLAT 4/319-BA",SADDLE RIDGE TOWNHOUSES  PHASE 1,Moonlight Basin
CROSSHARBOR / LONE MOUNTAIN,25042524401505014,MLKC MOONLIGHT LLC,0.025,Madison,1600 STAR RIDGE RD,,,BOZEMAN,MT,59715-8097,owner-name keyword: MOONLIGHT; small externally addressed project-name parcel treated as homeowner lot,unrelated,False,2026,920067,0028011104,Townhouse,,,"SADDLE RIDGE TOWNHOUSES  PHASE 1, S24, T06 S, R02 E, UNIT C-4, PLAT 4/319-BA",SADDLE RIDGE TOWNHOUSES  PHASE 1,Moonlight Basin
CROSSHARBOR / LONE MOUNTAIN,25042524401505003,MOMENTUM MOONLIGHT LLC,0.025,Madison,PO BOX 161462,,,BIG SKY,MT,59716-1462,owner-name keyword: MOONLIGHT; small externally addressed project-name parcel treated as homeowner lot,unrelated,False,2026,920072,0028011113,Townhouse,,,"SADDLE RIDGE TOWNHOUSES  PHASE 1, S24, T06 S, R02 E, UNIT A-3, PLAT 4/319-BA",SADDLE RIDGE TOWNHOUSES  PHASE 1,Moonlight Basin
CROSSHARBOR / LONE MOUNTAIN,25042524401505064,MOONLIGHT M4 LLC &,0.025,Madison,179 ROBERT CT,,,BOZEMAN,MT,59718-7337,owner-name keyword: MOONLIGHT; small externally addressed project-name parcel treated as homeowner lot,unrelated,False,2026,920112,0028011243,Townhouse,,,"SADDLE RIDGE TOWNHOUSES  PHASE 2, S24, T06 S, R02 E, UNIT M-4, PLAT 4/329",SADDLE RIDGE TOWNHOUSES  PHASE 2,Moonlight Basin
CROSSHARBOR / LONE MOUNTAIN,25042524401505008,MOONLIGHT MIRACLES LLC,0.025,Madison,22431 ANTONIO PKWY # B160-211,,,RANCHO SANTA MARGARITA,CA,92688-2804,owner-name keyword: MOONLIGHT; small externally addressed project-name parcel treated as homeowner lot,unrelated,False,2026,920078,0028011123,Townhouse,,,"SADDLE RIDGE TOWNHOUSES  PHASE 1, S24, T06 S, R02 E, UNIT B-3, PLAT 4/319-BA",SADDLE RIDGE TOWNHOUSES  PHASE 1,Moonlight Basin
CROSSHARBOR / LONE MOUNTAIN,25042524401505028,MOONLIGHT STEEP & DEEP LLC,0.025,Madison,4965 BARNETT SHOALS RD,,,ATHENS,GA,30605-4734,owner-name keyword: MOONLIGHT; small externally addressed project-name parcel treated as homeowner lot,unrelated,False,2026,920089,0028011153,Townhouse,,,"SADDLE RIDGE TOWNHOUSES  PHASE 1, S24, T06 S, R02 E, UNIT F-3, PLAT 4/319-BA",SADDLE RIDGE TOWNHOUSES  PHASE 1,Moonlight Basin
CROSSHARBOR / LONE MOUNTAIN,06033801101010000,TOWN CENTER PHASE II LLC,431.82,Gallatin,PO BOX 160040,,,BIG SKY,MT,59716-0040,exact entity seed plus project/geography/address corroboration; beneficial-control review remains,strong_candidate,True,2026,628277,00RLE44752,Vacant Land,,,"S01, T07 S, R03 E, C.O.S. 3088, PARCEL 1, ACRES 431.82",,Big Sky Town Center / miscellaneous Big Sky
CROSSHARBOR / LONE MOUNTAIN,06033801201200000,TOWN CENTER PHASE II LLC,70.625,Gallatin,PO BOX 160040,,,BIG SKY,MT,59716-0040,exact entity seed plus project/geography/address corroboration; beneficial-control review remains,strong_candidate,True,2026,628278,00RLE44752,Vacant Land,,,"S01, T07 S, R03 E, C.O.S. 2343A, PARCEL 1A, ACRES 70.625, AMENDED PLAT J-649A",,Big Sky Town Center / miscellaneous Big Sky
CROSSHARBOR / LONE MOUNTAIN,25042512401656500,MBLP HOTEL OWNER LLC,39.124,Madison,1 BOSTON PL STE 2310,,,BOSTON,MA,02108-4407,exact entity seed plus project/geography/address corroboration; beneficial-control review remains,strong_candidate,True,2026,1618100,0028001830,Vacant Land,,,"LEES POOL SUB PHASE 2, S13, T06 S, R02 E, ACRES 39.124, OS 1 & 2, PLAT 4/796",LEES POOL SUB PHASE 2,Moonlight Basin
CROSSHARBOR / LONE MOUNTAIN,25042512301010000,MBLP HOTEL OWNER LLC,35.498,Madison,%CROSSHARBOR CAPITAL PARTNERS LLC,1 BOSTON PL STE 2310,,BOSTON,MA,02108-4407,exact entity seed plus project/geography/address corroboration; beneficial-control review remains,strong_candidate,True,2026,1596596,0028009610,Improved Property,,,"LEES POOL SUB, S12, T06 S, R02 E, Lot CONDO 1A-1, ACRES 35.498, PLAT 4/790BA",LEES POOL SUB,Moonlight Basin
CROSSHARBOR / LONE MOUNTAIN,25042512301066500,MBLP HOTEL OWNER LLC,21.096,Madison,C/O CROSSHARBOR CAPITAL,1 BOSTON PL STE 2310,,BOSTON,MA,02108,exact entity seed plus project/geography/address corroboration; beneficial-control review remains,strong_candidate,True,2026,1626703,0028009668,Non-Valued Property,,,"LEES POOL SUB, S12, T06 S, R02 E, ACRES 21.096, OPEN SPACE A2, PLAT 4/812A",LEES POOL SUB,Moonlight Basin
CROSSHARBOR / LONE MOUNTAIN,25042512301046500,MBLP HOTEL OWNER LLC,16.497,Madison,C/O CROSSHARBOR CAPITAL,1 BOSTON PL STE 2310,,BOSTON,MA,02108,exact entity seed plus project/geography/address corroboration; beneficial-control review remains,strong_candidate,True,2026,1626701,0028009666,Non-Valued Property,,,"LEES POOL SUB, S12, T06 S, R02 E, ACRES 16.4973, OPEN SPACE A1, PLAT 4/812A",LEES POOL SUB,Moonlight Basin
CROSSHARBOR / LONE MOUNTAIN,25042512401500000,MBLP RESIDENTIAL OWNER LLC,15.391,Madison,C/O CROSSHARBOR CAPITAL,1 BOSTON PLACE STE 2310,,BOSTON,MA,02108,exact entity seed plus project/geography/address corroboration; beneficial-control review remains,strong_candidate,True,2026,1618097,0028001790,Vacant Land,,,"LEES POOL SUB PHASE 2, S13, T06 S, R02 E, ACRES 15.391, CONDO LOT 6, PLAT 4/796",LEES POOL SUB PHASE 2,Moonlight Basin
CROSSHARBOR / LONE MOUNTAIN,25042512302010000,MBLP HOTEL OWNER LLC,12.87,Madison,% CROSSHARBOR CAPITAL PARTNERS LLC,ONE BOSTON PLACE STE 2310,,BOSTON,MA,02108,exact entity seed plus project/geography/address corroboration; beneficial-control review remains,strong_candidate,True,2026,1596597,0028009620,Improved Property,,,"LEES POOL SUB, S12, T06 S, R02 E, Lot CONDO 2A, ACRES 12.87, PLAT 4/751A",LEES POOL SUB,Moonlight Basin
CROSSHARBOR / LONE MOUNTAIN,25042512301036500,MBLP ROAD OWNER LLC,12.317,Madison,C/O CROSSHARBOR CAPITAL,1 BOSTON PL STE 2310,,BOSTON,MA,02108-4407,exact entity seed plus project/geography/address corroboration; beneficial-control review remains,strong_candidate,True,2026,1596600,0028009660,Non-Valued Property,,,"LEES POOL SUB, S12, T06 S, R02 E, ACRES 12.3171, ROAD LOT A1-A, PLAT 4/790 & ROAD B1, PLAT 4/751A",LEES POOL SUB,Moonlight Basin
CROSSHARBOR / LONE MOUNTAIN,25042512301026500,MBLP HOTEL OWNER LLC,10.628,Madison,C/O CROSSHARBOR CAPITAL,1 BOSTON PL STE 2310,,BOSTON,MA,02108,exact entity seed plus project/geography/address corroboration; beneficial-control review remains,strong_candidate,True,2026,1596601,0028009665,Non-Valued Property,,,"LEES POOL SUB, S12, T06 S, R02 E, ACRES 10.6284, OPEN SPACE B, PLAT 4/751A",LEES POOL SUB,Moonlight Basin
CROSSHARBOR / LONE MOUNTAIN,25042512401100000,MBLP CUSTOM HOME LOTS OWNER LLC,5.746,Madison,C/O CROSSHARBOR CAPITAL,1 BOSTON PL STE 2310,,BOSTON,MA,02108-4407,exact entity seed plus project/geography/address corroboration; beneficial-control review remains,strong_candidate,True,2026,1618092,0028001740,Vacant Land,,,"LEES POOL SUB PHASE 2, S13, T06 S, R02 E, Lot 5, ACRES 5.746, PLAT 4/796",LEES POOL SUB PHASE 2,Moonlight Basin
CROSSHARBOR / LONE MOUNTAIN,25042513202010000,MBLP HOTEL OWNER LLC,5.463,Madison,C/O CROSSHARBOR CAPITAL,1 BOSTON PLACE STE 2310,,BOSTON,MA,02108,exact entity seed plus project/geography/address corroboration; beneficial-control review remains,strong_candidate,True,2026,1618101,0028001800,Vacant Land,,,"LEES POOL SUB PHASE 2, S13, T06 S, R02 E, ACRES 5.463, CONDO LOT 7, PLAT 4/796",LEES POOL SUB PHASE 2,Moonlight Basin
CROSSHARBOR / LONE MOUNTAIN,25042512401050000,MBLP CUSTOM HOME LOTS OWNER LLC,5.103,Madison,C/O CROSSHARBOR CAPITAL,1 BOSTON PL STE 2310,,BOSTON,MA,02108-4407,exact entity seed plus project/geography/address corroboration; beneficial-control review remains,strong_candidate,True,2026,1618093,0028001750,Vacant Land,,,"LEES POOL SUB PHASE 2, S13, T06 S, R02 E, Lot 6, ACRES 5.103, PLAT 4/796",LEES POOL SUB PHASE 2,Moonlight Basin
CROSSHARBOR / LONE MOUNTAIN,25042512401010000,MBLP CUSTOM HOME LOTS OWNER LLC,3.974,Madison,C/O CROSSHARBOR CAPITAL,1 BOSTON PL STE 2310,,BOSTON,MA,02108-4407,exact entity seed plus project/geography/address corroboration; beneficial-control review remains,strong_candidate,True,2026,1618094,0028001760,Vacant Land,,,"LEES POOL SUB PHASE 2, S13, T06 S, R02 E, Lot 7, ACRES 3.974, PLAT 4/796",LEES POOL SUB PHASE 2,Moonlight Basin
CROSSHARBOR / LONE MOUNTAIN,25042512401250000,MBLP CUSTOM HOME LOTS OWNER LLC,3.601,Madison,C/O CROSSHARBOR CAPITAL,1 BOSTON PL STE 2310,,BOSTON,MA,02108-4407,exact entity seed plus project/geography/address corroboration; beneficial-control review remains,strong_candidate,True,2026,1618089,0028001710,Vacant Land,,,"LEES POOL SUB PHASE 2, S13, T06 S, R02 E, Lot 2, ACRES 3.601, PLAT 4/796",LEES POOL SUB PHASE 2,Moonlight Basin
CROSSHARBOR / LONE MOUNTAIN,25042512401200000,MBLP CUSTOM HOME LOTS OWNER LLC,3.384,Madison,C/O CROSSHARBOR CAPITAL,1 BOSTON PL STE 2310,,BOSTON,MA,02108-4407,exact entity seed plus project/geography/address corroboration; beneficial-control review remains,strong_candidate,True,2026,1618090,0028001720,Vacant Land,,,"LEES POOL SUB PHASE 2, S13, T06 S, R02 E, Lot 3, ACRES 3.384, PLAT 4/796",LEES POOL SUB PHASE 2,Moonlight Basin
CROSSHARBOR / LONE MOUNTAIN,25042512101050000,MBLP CUSTOM HOME LOTS OWNER LLC,3.277,Madison,C/O CROSSHARBOR CAPITAL,1 BOSTON PL STE 2310,,BOSTON,MA,02108-4407,exact entity seed plus project/geography/address corroboration; beneficial-control review remains,strong_candidate,True,2026,1618095,0028001770,Vacant Land,,,"LEES POOL SUB PHASE 2, S13, T06 S, R02 E, Lot 8, ACRES 3.277, PLAT 4/796",LEES POOL SUB PHASE 2,Moonlight Basin
CROSSHARBOR / LONE MOUNTAIN,25042512401300000,MBLP CUSTOM HOME LOTS OWNER LLC,3.11,Madison,C/O CROSSHARBOR CAPITAL,1 BOSTON PL STE 2310,,BOSTON,MA,02108-4407,exact entity seed plus project/geography/address corroboration; beneficial-control review remains,strong_candidate,True,2026,1618088,0028001700,Vacant Land,,,"LEES POOL SUB PHASE 2, S13, T06 S, R02 E, Lot 1, ACRES 3.11, PLAT 4/796",LEES POOL SUB PHASE 2,Moonlight Basin
CROSSHARBOR / LONE MOUNTAIN,25042512401150000,MBLP CUSTOM HOME LOTS OWNER LLC,3.072,Madison,C/O CROSSHARBOR CAPITAL,1 BOSTON PL STE 2310,,BOSTON,MA,02108-4407,exact entity seed plus project/geography/address corroboration; beneficial-control review remains,strong_candidate,True,2026,1618091,0028001730,Vacant Land,,,"LEES POOL SUB PHASE 2, S13, T06 S, R02 E, Lot 4, ACRES 3.072, PLAT 4/796",LEES POOL SUB PHASE 2,Moonlight Basin
CROSSHARBOR / LONE MOUNTAIN,25042512301050000,MBLP HOTEL OWNER LLC,2.816,Madison,C/O CROSSHARBOR CAPITAL,1 BOSTON PL STE 2310,,BOSTON,MA,02108,exact entity seed plus project/geography/address corroboration; beneficial-control review remains,strong_candidate,True,2026,1626702,0028009667,Improved Property,,,"LEES POOL SUB, S12, T06 S, R02 E, ACRES 2.8157, LOT 1, PLAT 4/812A",LEES POOL SUB,Moonlight Basin
CROSSHARBOR / LONE MOUNTAIN,25042512401606500,MBLP ROAD OWNER LLC,2.422,Madison,C/O CROSSHARBOR CAPITAL,1 BOSTON PL STE 2310,,BOSTON,MA,02108,exact entity seed plus project/geography/address corroboration; beneficial-control review remains,strong_candidate,True,2026,1618099,0028001820,Vacant Land,,,"LEES POOL SUB PHASE 2, S13, T06 S, R02 E, ACRES 2.422, ROAD LOT A, PLAT 4/796",LEES POOL SUB PHASE 2,Moonlight Basin
CROSSHARBOR / LONE MOUNTAIN,25042513202026500,MBLP ROAD OWNER LLC,2.104,Madison,C/O CROSSHARBOR CAPITAL,1 BOSTON PL STE 2310,,BOSTON,MA,02108,exact entity seed plus project/geography/address corroboration; beneficial-control review remains,strong_candidate,True,2026,1618098,0028001820,Vacant Land,,,"LEES POOL SUB PHASE 2, S13, T06 S, R02 E, ACRES 2.104, ROAD LOT B, PLAT 4/796",LEES POOL SUB PHASE 2,Moonlight Basin
CROSSHARBOR / LONE MOUNTAIN,06033801202270000,TOWN CENTER PHASE II LLC,1.463,Gallatin,PO BOX 160040,,,BIG SKY,MT,59716-0040,exact entity seed plus project/geography/address corroboration; beneficial-control review remains,strong_candidate,True,2026,629068,00RLE58774,Vacant Land,,,"BIG SKY TOWN CENTER HUNTLEY ADDN, S01, T07 S, R03 E, BLOCK 9, Lot 5A1, ACRES 1.463, PLAT J-467D",BIG SKY TOWN CENTER HUNTLEY ADDN,Big Sky Town Center / miscellaneous Big Sky
CROSSHARBOR / LONE MOUNTAIN,25042512401700000,MBLP HOTEL OWNER LLC,0.894,Madison,C/O CROSSHARBOR CAPITAL,1 BOSTON PLACE STE 2310,,BOSTON,MA,02108,exact entity seed plus project/geography/address corroboration; beneficial-control review remains,strong_candidate,True,2026,1625666,0028001840,Vacant Land,,,"LEES POOL SUB PHASE 2, S12, T06 S, R02 E, ACRES 0.894, CONDO LOT 8 PLAT 4/796",LEES POOL SUB PHASE 2,Moonlight Basin
CROSSHARBOR / LONE MOUNTAIN,06033801202290000,TOWN CENTER PHASE II LLC,0.295,Gallatin,PO BOX 160040,,,BIG SKY,MT,59716-0040,exact entity seed plus project/geography/address corroboration; beneficial-control review remains,strong_candidate,True,2026,1527029,00RLE66396,Vacant Land,,,"BIG SKY TOWN CENTER HUNTLEY 2ND ADDN, S01, T07 S, R03 E, BLOCK 3, Lot 5A, ACRES 0.295, PLAT J-561-E",BIG SKY TOWN CENTER HUNTLEY 2ND ADDN,Big Sky Town Center / miscellaneous Big Sky
CROSSHARBOR / LONE MOUNTAIN,06033801202430000,TOWN CENTER PHASE II LLC,0.118,Gallatin,PO BOX 160040,,,BIG SKY,MT,59716-0040,exact entity seed plus project/geography/address corroboration; beneficial-control review remains,strong_candidate,True,2026,1537543,00RLE67203,Vacant Land,,,"BIG SKY TOWN CENTER - TOWN CENTER AVE NORTH, S01, T07 S, R03 E, BLOCK 3, Lot 12, ACRES 0.118, PLAT J-561A",BIG SKY TOWN CENTER - TOWN CENTER AVE NORTH,Big Sky Town Center / miscellaneous Big Sky
CROSSHARBOR / LONE MOUNTAIN,06033801202450000,TOWN CENTER PHASE II LLC,0.106,Gallatin,PO BOX 160040,,,BIG SKY,MT,59716-0040,exact entity seed plus project/geography/address corroboration; beneficial-control review remains,strong_candidate,True,2026,1537544,00RLE67204,Vacant Land,,,"BIG SKY TOWN CENTER - TOWN CENTER AVE NORTH, S01, T07 S, R03 E, BLOCK 3, Lot 13, ACRES 0.106, PLAT J-561A",BIG SKY TOWN CENTER - TOWN CENTER AVE NORTH,Big Sky Town Center / miscellaneous Big Sky
CROSSHARBOR / LONE MOUNTAIN,06033801202410000,TOWN CENTER PHASE II LLC,0.085,Gallatin,PO BOX 160040,,,BIG SKY,MT,59716-0040,exact entity seed plus project/geography/address corroboration; beneficial-control review remains,strong_candidate,True,2026,1537542,00RLE67202,Vacant Land,,,"BIG SKY TOWN CENTER - TOWN CENTER AVE NORTH, S01, T07 S, R03 E, BLOCK 3, Lot 11, ACRES 0.085, PLAT J-561A",BIG SKY TOWN CENTER - TOWN CENTER AVE NORTH,Big Sky Town Center / miscellaneous Big Sky
CROSSHARBOR / LONE MOUNTAIN,49111501101010000,CMR RANCH OWNER LLC,727.5,Park,PO BOX 160040,,,BIG SKY,MT,59716-0040,exact normalized cadastral owner match to independently supported current entity,confirmed,True,2026,667670,0006009000,Improved Property,,BOURRET MIKE,"S01, T02 N, R10 E, ACRES 727.5, ALL",,Crazy Mountain Ranch
CROSSHARBOR / LONE MOUNTAIN,49111609101010000,CMR RANCH OWNER LLC,654.12,Park,PO BOX 160040,,,BIG SKY,MT,59716-0040,exact normalized cadastral owner match to independently supported current entity,confirmed,True,2026,667659,0006009000,Vacant Land,,BOURRET MIKE,"S09, T02 N, R11 E, ACRES 654.12, LOTS 1, 2, 3, 4, 7, 8, 9, 10 &  LOTS 11, 12 & POR LOTS, 5 & 6 POR NE4SW4, POR NW4SW4, SW4SW4 SE4SW4(ALL)",,Crazy Mountain Ranch
CROSSHARBOR / LONE MOUNTAIN,25033615101020000,YELLOWSTONE MTN CLUB LLC &,642.0,Madison,1111 RESEARCH DR UNIT B,,,BOZEMAN,MT,59718-6856,exact normalized cadastral owner match to independently supported current entity,confirmed,True,2026,919385,0028002645,Vacant Land,,,"S15, T07 S, R02 E, ACRES 642, ALL",,Yellowstone Club
CROSSHARBOR / LONE MOUNTAIN,25033614101010000,YELLOWSTONE MTN CLUB LLC &,641.0,Madison,1111 RESEARCH DR UNIT B,,,BOZEMAN,MT,59718-6856,exact normalized cadastral owner match to independently supported current entity,confirmed,True,2026,919382,0028002643,Vacant Land,,,"S14, T07 S, R02 E, ACRES 641, ALL",,Yellowstone Club
CROSSHARBOR / LONE MOUNTAIN,49111603101010000,CMR RANCH OWNER LLC,640.0,Park,PO BOX 160040,,,BIG SKY,MT,59716-0040,exact normalized cadastral owner match to independently supported current entity,confirmed,True,2026,667706,0006169000,Improved Property,,BOURRET MIKE,"S03, T02 N, R11 E, ACRES 640, ALL",,Crazy Mountain Ranch
CROSSHARBOR / LONE MOUNTAIN,49111617101010000,CMR RANCH OWNER LLC,640.0,Park,PO BOX 160040,,,BIG SKY,MT,59716-0040,exact normalized cadastral owner match to independently supported current entity,confirmed,True,2026,667661,0006009000,Vacant Land,,BOURRET MIKE,"S17, T02 N, R11 E, ACRES 640, ALL",,Crazy Mountain Ranch
CROSSHARBOR / LONE MOUNTAIN,49111621101010000,CMR RANCH OWNER LLC,640.0,Park,PO BOX 160040,,,BIG SKY,MT,59716-0040,exact normalized cadastral owner match to independently supported current entity,confirmed,True,2026,667665,0006009000,Vacant Land,,BOURRET MIKE,"S21, T02 N, R11 E, ACRES 640, ALL",,Crazy Mountain Ranch
CROSSHARBOR / LONE MOUNTAIN,49121711101010000,CMR RANCH OWNER LLC,640.0,Park,PO BOX 160040,,,BIG SKY,MT,59716-0040,exact normalized cadastral owner match to independently supported current entity,confirmed,True,2026,668461,0006420000,Vacant Land,,BOURRET MIKE,"S11, T03 N, R11 E, ACRES 640, ALL",,Crazy Mountain Ranch
CROSSHARBOR / LONE MOUNTAIN,49121721101010000,CMR RANCH OWNER LLC,640.0,Park,PO BOX 160040,,,BIG SKY,MT,59716-0040,exact normalized cadastral owner match to independently supported current entity,confirmed,True,2026,668463,0006420000,Vacant Land,,BOURRET MIKE,"S21, T03 N, R11 E, ACRES 640, ALL",,Crazy Mountain Ranch
CROSSHARBOR / LONE MOUNTAIN,25042522101010000,MB MT ACQUISITION LLC,640.0,Madison,C/O LONE MOUNTAIN LAND COMPANY,ATTN: STEVE HURST,PO BOX 160040,BIG SKY,MT,59716-0040,exact normalized cadastral owner match to independently supported current entity,confirmed,True,2026,919889,0028009900,Vacant Land,,,"S22, T06 S, R02 E, ACRES 640, ALL",,Moonlight Basin
CROSSHARBOR / LONE MOUNTAIN,25033613101010000,YELLOWSTONE DEVELOPMENT LLC,640.0,Madison,1111 RESEARCH DR UNIT B,,,BOZEMAN,MT,59718-6856,exact normalized cadastral owner match to independently supported current entity,confirmed,True,2026,919373,0028002605,Improved Property,,,"S13, T07 S, R02 E, ACRES 640, ALL",,Yellowstone Club
CROSSHARBOR / LONE MOUNTAIN,25033623101010000,YELLOWSTONE DEVELOPMENT LLC,640.0,Madison,1111 RESEARCH DR UNIT B,,,BOZEMAN,MT,59718-6856,exact normalized cadastral owner match to independently supported current entity,confirmed,True,2026,919374,0028002606,Vacant Land,,,"S23, T07 S, R02 E, ACRES 640, ALL",,Yellowstone Club
CROSSHARBOR / LONE MOUNTAIN,25033609101010000,YELLOWSTONE DEVELOPMENT LLC,640.0,Madison,1111 RESEARCH DR UNIT B,,,BOZEMAN,MT,59718-6856,exact normalized cadastral owner match to independently supported current entity,confirmed,True,2026,919372,0028002604,Vacant Land,,,"S09, T07 S, R02 E, ACRES 640, ALL",,Yellowstone Club
CROSSHARBOR / LONE MOUNTAIN,25033610101010000,YELLOWSTONE MTN CLUB LLC &,640.0,Madison,1111 RESEARCH DR UNIT B,,,BOZEMAN,MT,59718-6856,exact normalized cadastral owner match to independently supported current entity,confirmed,True,2026,919380,0028002641,Vacant Land,,,"S10, T07 S, R02 E, ACRES 640, ALL",,Yellowstone Club
CROSSHARBOR / LONE MOUNTAIN,49111629101010000,CMR RANCH OWNER LLC,638.0,Park,PO BOX 160040,,,BIG SKY,MT,59716-0040,exact normalized cadastral owner match to independently supported current entity,confirmed,True,2026,667668,0006009000,Vacant Land,,BOURRET MIKE,"S29, T02 N, R11 E, ACRES 638, ALL",,Crazy Mountain Ranch
CROSSHARBOR / LONE MOUNTAIN,49111522101010000,CMR RANCH OWNER LLC,638.0,Park,PO BOX 160040,,,BIG SKY,MT,59716-0040,exact normalized cadastral owner match to independently supported current entity,confirmed,True,2026,667647,0006009000,Improved Property,,BOURRET MIKE,"S22, T02 N, R10 E, ACRES 638, ALL",,Crazy Mountain Ranch
CROSSHARBOR / LONE MOUNTAIN,25033624101010000,YELLOWSTONE MTN CLUB LLC &,637.0,Madison,1111 RESEARCH DR UNIT B,,,BOZEMAN,MT,59718-6856,exact normalized cadastral owner match to independently supported current entity,confirmed,True,2026,919381,0028002642,Vacant Land,,,"S24, T07 S, R02 E, ACRES 637, ALL",,Yellowstone Club
CROSSHARBOR / LONE MOUNTAIN,49111527101010000,CMR RANCH OWNER LLC,634.623,Park,PO BOX 160040,,,BIG SKY,MT,59716-0040,exact normalized cadastral owner match to independently supported current entity,confirmed,True,2026,667652,0006009000,Improved Property,,BOURRET MIKE,"S27, T02 N, R10 E, ACRES 636, ALL",,Crazy Mountain Ranch
CROSSHARBOR / LONE MOUNTAIN,49111528201010000,CMR RANCH OWNER LLC,632.0,Park,PO BOX 160040,,,BIG SKY,MT,59716-0040,exact normalized cadastral owner match to independently supported current entity,confirmed,True,2026,667653,0006009000,Gravel Pit,,BOURRET MIKE,"S28, T02 N, R10 E, ACRES 632, ALL",,Crazy Mountain Ranch
CROSSHARBOR / LONE MOUNTAIN,49111521401010000,CMR RANCH OWNER LLC,632.0,Park,PO BOX 160040,,,BIG SKY,MT,59716-0040,exact normalized cadastral owner match to independently supported current entity,confirmed,True,2026,667646,0006009000,Improved Property,,BOURRET MIKE,"S21, T02 N, R10 E, ACRES 632, ALL",,Crazy Mountain Ranch
CROSSHARBOR / LONE MOUNTAIN,49111513101010000,CMR RANCH OWNER LLC,630.432,Park,PO BOX 160040,,,BIG SKY,MT,59716-0040,exact normalized cadastral owner match to independently supported current entity,confirmed,True,2026,667642,0006009000,Improved Property,,BOURRET MIKE,"S13, T02 N, R10 E, ACRES 630.432, ALL LESS ROAD OF COS 1354",,Crazy Mountain Ranch
CROSSHARBOR / LONE MOUNTAIN,49111524301010000,CMR RANCH OWNER LLC,630.106,Park,PO BOX 160040,,,BIG SKY,MT,59716-0040,exact normalized cadastral owner match to independently supported current entity,confirmed,True,2026,667649,0006009000,Improved Property,,BOURRET MIKE,"S24, T02 N, R10 E, ACRES 630.106, ALL",,Crazy Mountain Ranch
CROSSHARBOR / LONE MOUNTAIN,49111607101010000,CMR RANCH OWNER LLC,628.38,Park,PO BOX 160040,,,BIG SKY,MT,59716-0040,exact normalized cadastral owner match to independently supported current entity,confirmed,True,2026,667658,0006009000,Vacant Land,,BOURRET MIKE,"S07, T02 N, R11 E, ACRES 628.38, ALL",,Crazy Mountain Ranch
CROSSHARBOR / LONE MOUNTAIN,49111512101010000,CMR RANCH OWNER LLC,623.507,Park,PO BOX 160040,,,BIG SKY,MT,59716-0040,exact normalized cadastral owner match to independently supported current entity,confirmed,True,2026,667641,0006009000,Improved Property,,BOURRET MIKE,"S12, T02 N, R10 E, ACRES 623.507, ALL",,Crazy Mountain Ranch
CROSSHARBOR / LONE MOUNTAIN,25033719101010000,YELLOWSTONE MTN CLUB LLC &,622.36,Madison,1111 RESEARCH DR UNIT B,,,BOZEMAN,MT,59718-6856,exact normalized cadastral owner match to independently supported current entity,confirmed,True,2026,919565,0028003902,Vacant Land,,,"S19, T07 S, R03 E, ACRES 622.36, ALL",,Yellowstone Club
CROSSHARBOR / LONE MOUNTAIN,49111618101010000,CMR RANCH OWNER LLC,604.68,Park,PO BOX 160040,,,BIG SKY,MT,59716-0040,exact normalized cadastral owner match to independently supported current entity,confirmed,True,2026,667662,0006009000,Vacant Land,,BOURRET MIKE,"S18, T02 N, R11 E, ACRES 604.68, ALL",,Crazy Mountain Ranch
CROSSHARBOR / LONE MOUNTAIN,49111523101010000,CMR RANCH OWNER LLC,601.455,Park,PO BOX 160040,,,BIG SKY,MT,59716-0040,exact normalized cadastral owner match to independently supported current entity,confirmed,True,2026,667648,0006009000,Golf Course,,BOURRET MIKE,"S23, T02 N, R10 E, ACRES 601.455, ALL",,Crazy Mountain Ranch
CROSSHARBOR / LONE MOUNTAIN,25033611101010000,YELLOWSTONE MTN CLUB LLC &,583.614,Madison,1111 RESEARCH DR STE B,STE B,,BOZEMAN,MT,59718-7476,exact normalized cadastral owner match to independently supported current entity,confirmed,True,2026,919378,0028002630,Improved Property,,VERTIN JESSE,"S11,  T07 S,  R02 E,  C.O.S. 4/659, ACRES 583.614",,Yellowstone Club
CROSSHARBOR / LONE MOUNTAIN,49111606101010000,CMR RANCH OWNER LLC,575.52,Park,PO BOX 160040,,,BIG SKY,MT,59716-0040,exact normalized cadastral owner match to independently supported current entity,confirmed,True,2026,667722,0006177000,Vacant Land,,BOURRET MIKE,"S06, T02 N, R11 E, ACRES 575.52, ALL",,Crazy Mountain Ranch
CROSSHARBOR / LONE MOUNTAIN,49111511101010000,CMR RANCH OWNER LLC,562.96,Park,PO BOX 160040,,,BIG SKY,MT,59716-0040,exact normalized cadastral owner match to independently supported current entity,confirmed,True,2026,667669,0006009000,Improved Property,,BOURRET MIKE,"S11, T02 N, R10 E, ACRES 562.96, ALL LESS COS 1401 IN NE4",,Crazy Mountain Ranch
CROSSHARBOR / LONE MOUNTAIN,25033718101010000,YELLOWSTONE MTN CLUB LLC &,560.034,Madison,1111 RESEARCH DR UNIT B,,,BOZEMAN,MT,59718-6856,exact normalized cadastral owner match to independently supported current entity,confirmed,True,2026,919562,0028003900,Golf Course,,YELLOWSTONE DEVELOPMENT LLC,"S18, T07 S, R03 E, ACRES 560.034, E2, E2W2, GVT LT 1-4 LESS TR 1 (COS 7/1943) & LESS YMC GOLF COURSE PH 1 (4/560) & LESS PLAT 4/701 & LESS YMC GOLF COURSE PH 2",,Yellowstone Club
CROSSHARBOR / LONE MOUNTAIN,25042510101010000,MB WEST OWNER LLC,547.563,Madison,C/O CROSSHARBOR CAPITAL PARTNERS,ONE BOSTON PLACE STE 2310,,BOSTON,MA,02108,exact normalized cadastral owner match to independently supported current entity,confirmed,True,2026,919883,0028009500,Golf Course,,,"MOONLIGHT BASIN WEST 1 PUD, S10, T06 S, R02 E, ACRES 547.516, TRACT 2A",MOONLIGHT BASIN WEST 1 PUD,Moonlight Basin
CROSSHARBOR / LONE MOUNTAIN,25033603101010000,YELLOWSTONE DEVELOPMENT LLC,517.44,Madison,1111 RESEARCH DR UNIT B,,,BOZEMAN,MT,59718-6856,exact normalized cadastral owner match to independently supported current entity,confirmed,True,2026,919371,0028002603,Vacant Land,,,"S03, T07 S, R02 E, ACRES 517.44, ALL BEING 663AC LESS 123.93AC BEING POR OF TR 1 (COS 7/1873), LESS TRACTS COS 7/2528",,Yellowstone Club
CROSSHARBOR / LONE MOUNTAIN,49111628201010000,CMR RANCH OWNER LLC,480.0,Park,PO BOX 160040,,,BIG SKY,MT,59716-0040,exact normalized cadastral owner match to independently supported current entity,confirmed,True,2026,667666,0006009000,Vacant Land,,BOURRET MIKE,"S28, T02 N, R11 E, ACRES 480, W2, W2E2",,Crazy Mountain Ranch
CROSSHARBOR / LONE MOUNTAIN,25042514101010000,MB MT ACQUISITION LLC,450.087,Madison,MOONLIGHT BASIN,ATTN: ACCOUNTS PAYABLE,PO BOX 161514,BIG SKY,MT,59716-1514,exact normalized cadastral owner match to independently supported current entity,confirmed,True,2026,919887,0028009700,Golf Course,,,"S14,  T06 S,  R02 E,  C.O.S. 7/2341, ACRES 425.035",,Moonlight Basin
CROSSHARBOR / LONE MOUNTAIN,25042632201010000,CH SP ACQUISITIONS LLC,445.848,Madison,CROSSHARBOR CAPITAL PARTNERS LLC,1 BOSTON PL,,BOSTON,MA,02108-4407,exact normalized cadastral owner match to independently supported current entity,confirmed,True,2026,921558,0029006204,Improved Property,,,"S32,  T06 S,  R03 E, ACRES 445.68,  S2N2 & S2",,Spanish Peaks
CROSSHARBOR / LONE MOUNTAIN,49111526101020000,CMR RANCH OWNER LLC,400.0,Park,PO BOX 160040,,,BIG SKY,MT,59716-0040,exact normalized cadastral owner match to independently supported current entity,confirmed,True,2026,667657,0006009000,Improved Property,,BOURRET MIKE,"S26, T02 N, R10 E, ACRES 400, N2, N2SW4",,Crazy Mountain Ranch
CROSSHARBOR / LONE MOUNTAIN,49111514201010000,CMR RANCH OWNER LLC,400.0,Park,PO BOX 160040,,,BIG SKY,MT,59716-0040,exact normalized cadastral owner match to independently supported current entity,confirmed,True,2026,667656,0006009000,Golf Course,,BOURRET MIKE,"S14, T02 N, R10 E, ACRES 400, W2NE4, W2",,Crazy Mountain Ranch
CROSSHARBOR / LONE MOUNTAIN,25033708101010000,YELLOWSTONE DEVELOPMENT LLC,377.0,Madison,1111 RESEARCH DR UNIT B,,,BOZEMAN,MT,59718-6856,exact normalized cadastral owner match to independently supported current entity,confirmed,True,2026,919546,0028003610,Golf Course,,,"S08, T07 S, R03 E, ACRES 377, ALL BEING 640AC LESS TRACTS",,Yellowstone Club
CROSSHARBOR / LONE MOUNTAIN,25042513101010000,MB MT ACQUISITION LLC,360.423,Madison,PO BOX 161514,ATTN: ACCOUNTS PAYABLE,,BIG SKY,MT,59716-1514,exact normalized cadastral owner match to independently supported current entity,confirmed,True,2026,919324,0028002100,Improved Property,,,"S13, T06 S, R02 E, C.O.S. 4/796, ACRES 343.487, LESS PLAT 4/796, LESS LOWER ULBERY'S 4 SUB 15.16 AC, LESS LOWER ULERY'S 3 SUB 12.33 AC, LESS MADISON OVERLOOK 1",,Moonlight Basin
CROSSHARBOR / LONE MOUNTAIN,06042733101010000,CH SP ACQUISITION LLC,356.147,Gallatin,MAIL TO: LONE MOUNTAIN LAND COMPANY,ATTN: STEVE HURST,PO BOX  160040,BIG SKY,MT,59716,exact normalized cadastral owner match to independently supported current entity,confirmed,True,2026,627198,00RKE46107,Vacant Land,,,"SPANISH PEAKS RESORT PUD SUB PH 8C, S33, T06 S, R03 E, ACRES 356.147, LESS PLATS J-487-A, J-568, J-581, J-647, J-684 & J-729, J-745",SPANISH PEAKS RESORT PUD SUB PH 8C,Spanish Peaks
CROSSHARBOR / LONE MOUNTAIN,06033804110010000,CH SP ACQUISITION LLC,345.867,Gallatin,MAIL TO: LONE MOUNTAIN LAND COMPANY,ATTN: STEVE HURST,PO BOX  160040,BIG SKY,MT,59716,exact normalized cadastral owner match to independently supported current entity,confirmed,True,2026,628271,00RLE44356,Golf Course,,,"S04,   T07 S,   R03 E,   C.O.S. 2190, ACRES 343.04,   TRACT 1 LESS SPANISH PEAKS RESORT,   PH 1B,   PH4,   PH 6A,   PH 6B & PH7,   LESS AMNDED PLAT J-580-A J-63",,Spanish Peaks
CROSSHARBOR / LONE MOUNTAIN,25033612101011000,YELLOWSTONE DEVELOPMENT LLC,339.46,Madison,1111 RESEARCH DR,,,BOZEMAN,MT,59718-6856,exact normalized cadastral owner match to independently supported current entity,confirmed,True,2026,919537,0028003601,Improved Property,,,"S12, T07 S, R02 E, ACRES 327.115, ALL LESS 86.83AC BEING POR OF AMERICAN SPIRIT SUB, LESS 10.538AC BEING POR OF RAINBOW MINOR SUB, LESS 7.494AC BEING POR TR 1A",,Yellowstone Club
CROSSHARBOR / LONE MOUNTAIN,25033601101906500,YELLOWSTONE DEVELOPMENT LLC,330.32,Madison,1111 RESEARCH DR UNIT B,,,BOZEMAN,MT,59718-6856,exact normalized cadastral owner match to independently supported current entity,confirmed,True,2026,920491,0028810020,Improved Property,,,"YELLOWSTONE MOUNTAIN CLUB PHASE 1 AND 2, S01, T07 S, R02 E, Lot OS W-191, ACRES 330.32, PLAT 4/408",YELLOWSTONE MOUNTAIN CLUB PHASE 1 AND 2,Yellowstone Club
CROSSHARBOR / LONE MOUNTAIN,49111515401010000,CMR RANCH OWNER LLC,323.5,Park,PO BOX 160040,,,BIG SKY,MT,59716-0040,exact normalized cadastral owner match to independently supported current entity,confirmed,True,2026,667655,0006009000,Vacant Land,,BOURRET MIKE,"S15, T02 N, R10 E, ACRES 323.5, E2, POR SE4SW4",,Crazy Mountain Ranch
CROSSHARBOR / LONE MOUNTAIN,25033707101011000,YELLOWSTONE DEVELOPMENT LLC,321.54,Madison,1111 RESEARCH DR STE B,,,BOZEMAN,MT,59718-7476,exact normalized cadastral owner match to independently supported current entity,confirmed,True,2026,919536,0028003600,Golf Course,,,"S07,  T07 S,  R03 E, ACRES 321.54,  ALL LESS TRACTS",,Yellowstone Club
CROSSHARBOR / LONE MOUNTAIN,49111616201010000,CMR RANCH OWNER LLC,320.0,Park,PO BOX 160040,,,BIG SKY,MT,59716-0040,exact normalized cadastral owner match to independently supported current entity,confirmed,True,2026,667660,0006009000,Vacant Land,,BOURRET MIKE,"S16, T02 N, R11 E, ACRES 320, W2",,Crazy Mountain Ranch
CROSSHARBOR / LONE MOUNTAIN,49111616101010000,CMR RANCH OWNER LLC,320.0,Park,1 BOSTON PL STE 2310,,,BOSTON,MA,02108-4407,exact normalized cadastral owner match to independently supported current entity,confirmed,True,2026,667606,0005999000,Improved Property,,,"S16, T02 N, R11 E, ACRES 320, E2",,Crazy Mountain Ranch
CROSSHARBOR / LONE MOUNTAIN,49111620101010000,CMR RANCH OWNER LLC,318.0,Park,PO BOX 160040,,,BIG SKY,MT,59716-0040,exact normalized cadastral owner match to independently supported current entity,confirmed,True,2026,667664,0006009000,Vacant Land,,BOURRET MIKE,"S20, T02 N, R11 E, ACRES 318, E2",,Crazy Mountain Ranch
CROSSHARBOR / LONE MOUNTAIN,49111529101010000,CMR RANCH OWNER LLC,314.0,Park,PO BOX 160040,,,BIG SKY,MT,59716-0040,exact normalized cadastral owner match to independently supported current entity,confirmed,True,2026,667654,0006009000,Vacant Land,,BOURRET MIKE,"S29, T02 N, R10 E, ACRES 314, E2 LESS PC, REF COS 1352",,Crazy Mountain Ranch
CROSSHARBOR / LONE MOUNTAIN,49111525101010000,CMR RANCH OWNER LLC,314.0,Park,PO BOX 160040,,,BIG SKY,MT,59716-0040,exact normalized cadastral owner match to independently supported current entity,confirmed,True,2026,667650,0006009000,Improved Property,,BOURRET MIKE,"S25, T02 N, R10 E, ACRES 314, N2",,Crazy Mountain Ranch
CROSSHARBOR / LONE MOUNTAIN,49111515201010000,CMR RANCH OWNER LLC,312.5,Park,PO BOX 160040,,,BIG SKY,MT,59716-0040,exact normalized cadastral owner match to independently supported current entity,confirmed,True,2026,667644,0006009000,Vacant Land,,BOURRET MIKE,"S15, T02 N, R10 E, ACRES 312.5, W2 LESS 7.5 A IN SE4SW4",,Crazy Mountain Ranch
CROSSHARBOR / LONE MOUNTAIN,25042515101010000,MB WEST OWNER LLC,305.0,Madison,C/O CORSSHARBOR CAPITAL PARTNERS,ONE BOSTON PLACE STE 2310,,BOSTON,MA,02108,exact normalized cadastral owner match to independently supported current entity,confirmed,True,2026,919327,0028002200,Vacant Land,,,"S15, T06 S, R02 E, ACRES 305",,Moonlight Basin
CROSSHARBOR / LONE MOUNTAIN,49111619201010000,CMR RANCH OWNER LLC,282.4,Park,PO BOX 160040,,,BIG SKY,MT,59716-0040,exact normalized cadastral owner match to independently supported current entity,confirmed,True,2026,667663,0006009000,Vacant Land,,BOURRET MIKE,"S19, T02 N, R11 E, ACRES 282.4, W2 PLUS PORT OF RELOCATION ON COS 2374RB",,Crazy Mountain Ranch
CROSSHARBOR / LONE MOUNTAIN,06033809110010000,CH SP ACQUISITION LLC,250.553,Gallatin,MAIL TO: LONE MOUNTAIN LAND COMPANY,ATTN: STEVE HURST,PO BOX  160040,BIG SKY,MT,59716,exact normalized cadastral owner match to independently supported current entity,confirmed,True,2026,628243,00RLE43994,Improved Property,,,"S09, T07 S, R03 E, C.O.S. 2189A, PARCEL 2 REMAINDER, ACRES 251.553",,Spanish Peaks
CROSSHARBOR / LONE MOUNTAIN,25033602101010000,YELLOWSTONE DEVELOPMENT LLC,247.375,Madison,1111 RESEARCH DR UNIT B,,,BOZEMAN,MT,59718-6856,exact normalized cadastral owner match to independently supported current entity,confirmed,True,2026,919369,0028002602,Improved Property,,,"S02, T07 S, R02 E, ACRES 247.375, ALL BEING 663.60AC LESS YMC PHS 3 BEING 398.975AC LESS 36.88AC BEING PORTION TRACT 1(COS 1873), LESS TRACTS COS 7/2528",,Yellowstone Club
CROSSHARBOR / LONE MOUNTAIN,49111514401010000,CMR RANCH OWNER LLC,240.0,Park,PO BOX 160040,,,BIG SKY,MT,59716-0040,exact normalized cadastral owner match to independently supported current entity,confirmed,True,2026,667643,0006009000,Golf Course,,BOURRET MIKE,"S14, T02 N, R10 E, ACRES 240, E2NE4, SE4",,Crazy Mountain Ranch
CROSSHARBOR / LONE MOUNTAIN,49111520401010000,CMR RANCH OWNER LLC,237.0,Park,PO BOX 160040,,,BIG SKY,MT,59716-0040,exact normalized cadastral owner match to independently supported current entity,confirmed,True,2026,667645,0006009000,Vacant Land,,BOURRET MIKE,"S20, T02 N, R10 E, ACRES 237, S2NE4, SE4, REF COS 1352",,Crazy Mountain Ranch
CROSSHARBOR / LONE MOUNTAIN,25033602106016500,YELLOWSTONE DEVELOPMENT LLC,231.91,Madison,1111 RESEARCH DR UNIT B,,,BOZEMAN,MT,59718-6856,exact normalized cadastral owner match to independently supported current entity,confirmed,True,2026,919429,0028003101,Non-Valued Property,,,"YELLOWSTONE MOUNTAIN CLUB PHASE 3, S02, T07 S, R02 E, Lot OS, ACRES 231.91, PLAT 4/499",YELLOWSTONE MOUNTAIN CLUB PHASE 3,Yellowstone Club
CROSSHARBOR / LONE MOUNTAIN,49111526401160000,CMR RANCH OWNER LLC,214.67,Park,PO BOX 160040,,,BIG SKY,MT,59716-0040,exact normalized cadastral owner match to independently supported current entity,confirmed,True,2026,667651,0006009000,Vacant Land,,BOURRET MIKE,"S26, T02 N, R10 E, ACRES 214.67, S2SW4, SE4 LESS PLAT 599 IN SE4SE4",,Crazy Mountain Ranch
CROSSHARBOR / LONE MOUNTAIN,25042534401010000,YELLOWSTONE MTN CLUB LLC &,200.0,Madison,1111 RESEARCH DR UNIT B,,,BOZEMAN,MT,59718-6856,exact normalized cadastral owner match to independently supported current entity,confirmed,True,2026,919383,0028002644,Vacant Land,,,"S34, T06 S, R02 E, ACRES 200, SE4, SE4NE4",,Yellowstone Club
CROSSHARBOR / LONE MOUNTAIN,25042516401100000,MB WEST OWNER LLC,189.15,Madison,PO BOX 160040,,,BIG SKY,MT,59716-0040,exact normalized cadastral owner match to independently supported current entity,confirmed,True,2026,1633085,0028009214,Vacant Land,,,"S16, T06 S, R02 E, C.O.S. 7/2780 BA, ACRES 189.15, TRACT 2",,Moonlight Basin
CROSSHARBOR / LONE MOUNTAIN,25042511101010000,MB MT ACQUISITION LLC,180.74,Madison,MOONLIGHT BASIN,ATTN: ACCOUNTS PAYABLE,PO BOX 161514,BIG SKY,MT,59716-1514,exact normalized cadastral owner match to independently supported current entity,confirmed,True,2026,919323,0028002000,Vacant Land,,,"S11, T06 S, R02 E, C.O.S. 7/2508, PARCEL C, ACRES 180.74",,Moonlight Basin
CROSSHARBOR / LONE MOUNTAIN,25033706402016500,YELLOWSTONE DEVELOPMENT LLC,171.38,Madison,1111 RESEARCH DR UNIT B,,,BOZEMAN,MT,59718-6856,exact normalized cadastral owner match to independently supported current entity,confirmed,True,2026,920469,0028810000,Non-Valued Property,,,"YELLOWSTONE MOUNTAIN CLUB PHASE 1 AND 2, S06, T07 S, R03 E, ACRES 171.38, PLAT 4/408 POR OF OS PH 1",YELLOWSTONE MOUNTAIN CLUB PHASE 1 AND 2,Yellowstone Club
CROSSHARBOR / LONE MOUNTAIN,25042502301016500,MB MT ACQUISITION LLC,168.03,Madison,MOONLIGHT BASIN,ATTN: ACCOUNTS PAYABLE,PO BOX 161514,BIG SKY,MT,59716-1514,exact normalized cadastral owner match to independently supported current entity,confirmed,True,2026,919137,0028000077,Non-Valued Property,,,"S02, T06 S, R02 E, C.O.S. 7/2416BA, PARCEL R-2, ACRES 168.03",,Moonlight Basin
CROSSHARBOR / LONE MOUNTAIN,25042512201020000,MB MT ACQUISITION LLC,160.08,Madison,MOONLIGHT BASIN,ATTN: ACCOUNTS PAYABLE,PO BOX 161514,BIG SKY,MT,59716-1514,exact normalized cadastral owner match to independently supported current entity,confirmed,True,2026,1569079,0028009599,Vacant Land,,,"S12, T06 S, R02 E, C.O.S. 7/2508, PARCEL B1, ACRES 160.08",,Moonlight Basin
CROSSHARBOR / LONE MOUNTAIN,25042632101010000,CH SP ACQUISITIONS LLC,160.0,Madison,CROSSHARBOR CAPITAL PARTNERS LLC,1 BOSTON PL,,BOSTON,MA,02108-4407,exact normalized cadastral owner match to independently supported current entity,confirmed,True,2026,921021,0029001404,Vacant Land,,,"S32, T06 S, R03 E, ACRES 160, N2N2",,Spanish Peaks
CROSSHARBOR / LONE MOUNTAIN,25033604401010000,YELLOWSTONE MTN CLUB LLC &,160.0,Madison,1111 RESEARCH DR UNIT B,,,BOZEMAN,MT,59718-6856,exact normalized cadastral owner match to independently supported current entity,confirmed,True,2026,919379,0028002640,Vacant Land,,,"S04, T07 S, R02 E, ACRES 160, SE4",,Yellowstone Club
CROSSHARBOR / LONE MOUNTAIN,25033601101010000,YELLOWSTONE DEVELOPMENT LLC,131.611,Madison,1111 RESEARCH DR UNIT B,,,BOZEMAN,MT,59718-6856,exact normalized cadastral owner match to independently supported current entity,confirmed,True,2026,919367,0028002600,Improved Property,,,"S01, T07 S, R02 E, ALL BEING 665AC LESS YMC PHS1&2 BEING 394.19AC & LESS N1/2 OF RAINBOW MINOR SUB BEING 11.472AC, LESS YMC 3 BEING 127.135AC IN LESS .59AC BEIN",,Yellowstone Club
CROSSHARBOR / LONE MOUNTAIN,25042631101010000,CH SP ACQUISITIONS LLC,112.732,Madison,CROSSHARBOR CAPITAL PARTNERS LLC,1 BOSTON PL,,BOSTON,MA,02108-4407,exact normalized cadastral owner match to independently supported current entity,confirmed,True,2026,921089,0029001702,Improved Property,,,"S31, T06 S, R03 E, S2NE4 & E2NE4NE4 & SE4, EXC ALL YELLOWSTONE MTN CLUB SUB",,Spanish Peaks
CROSSHARBOR / LONE MOUNTAIN,25033706201256500,YELLOWSTONE DEVELOPMENT LLC,108.85,Madison,1111 RESEARCH DR UNIT B,,,BOZEMAN,MT,59718-6856,exact normalized cadastral owner match to independently supported current entity,confirmed,True,2026,920484,0028810013,Non-Valued Property,,,"YELLOWSTONE MOUNTAIN CLUB PHASE 1 AND 2, S06, T07 S, R03 E, Lot OS IN NW4, ACRES 108.85, PLAT 4/408",YELLOWSTONE MOUNTAIN CLUB PHASE 1 AND 2,Yellowstone Club
CROSSHARBOR / LONE MOUNTAIN,25033706402106500,YELLOWSTONE DEVELOPMENT LLC,87.34,Madison,1111 RESEARCH DR UNIT B,,,BOZEMAN,MT,59718-6856,exact normalized cadastral owner match to independently supported current entity,confirmed,True,2026,920449,0028800218,Non-Valued Property,,,"YELLOWSTONE MOUNTAIN CLUB PHASE 1 AND 2, S06, T07 S, R03 E, ACRES 87.34, OS BEING RD TR",YELLOWSTONE MOUNTAIN CLUB PHASE 1 AND 2,Yellowstone Club
CROSSHARBOR / LONE MOUNTAIN,06042831302010000,CH COLD SMOKE LLC,84.421,Gallatin,C/O CROSSHARBOR CAPITAL PARTNERS LLC,1 BOSTON PLACE SUITE 2310,,BOSTON,MA,02108-4407,exact normalized cadastral owner match to independently supported current entity,confirmed,True,2026,627562,00RKF65308,Vacant Land,,,"S31, T06 S, R04 E, C.O.S. 1858D, ACRES 84.421, REMAINDER TRACT",,Moonlight Basin
CROSSHARBOR / LONE MOUNTAIN,25033612201016500,YELLOWSTONE DEVLEOPMENT LLC,80.52,Madison,1111 RESEARCH DR,,,BOZEMAN,MT,59718-6856,exact normalized cadastral owner match to independently supported current entity,confirmed,True,2026,1480478,0028080035,Non-Valued Property,,,"AMERICAN SPIRIT SUB PH 1, S12, T07 S, R02 E, ACRES 80.52, PLAT 4/718-BA OPEN SPACE, 809-A",AMERICAN SPIRIT SUB PH 1,Yellowstone Club
CROSSHARBOR / LONE MOUNTAIN,25033601204016500,YELLOWSTONE DEVELOPMENT LLC,72.498,Madison,1111 RESEARCH DR UNIT B,,,BOZEMAN,MT,59718-6856,exact normalized cadastral owner match to independently supported current entity,confirmed,True,2026,919427,0028003100,Vacant Land,,,"YELLOWSTONE MOUNTAIN CLUB PHASE 3, S01, T07 S, R02 E, Lot OPEN SPACE, ACRES 72.498, PLAT 4/499",YELLOWSTONE MOUNTAIN CLUB PHASE 3,Yellowstone Club
CROSSHARBOR / LONE MOUNTAIN,25033705202016500,CH SP ACQUISITIONS LLC,69.0,Madison,CROSSHARBOR CAPITAL PARTNERS LLC,1 BOSTON PL,,BOSTON,MA,02108-4407,exact normalized cadastral owner match to independently supported current entity,confirmed,True,2026,921293,0029002085,Vacant Land,,,"SPANISH PEAKS RESORT SUB, S05, T07 S, R03 E, Lot OS-7, ACRES 69, PLAT 4/500",SPANISH PEAKS RESORT SUB,Spanish Peaks
CROSSHARBOR / LONE MOUNTAIN,25033705407010000,CH SP ACQUISITIONS LLC,67.37,Madison,CROSSHARBOR CAPITAL PARTNERS LLC,1 BOSTON PL,,BOSTON,MA,02108-4407,exact normalized cadastral owner match to independently supported current entity,confirmed,True,2026,921291,0029002083,Golf Course,,,"SPANISH PEAKS RESORT SUB, S05, T07 S, R03 E, Lot OS-1A, ACRES 67.37, PLAT 4/738",SPANISH PEAKS RESORT SUB,Spanish Peaks
CROSSHARBOR / LONE MOUNTAIN,25033708201106500,YELLOWSTONE DEVELOPMENT LLC,64.8,Madison,PO BOX 161097,,,BIG SKY,MT,59716-1097,exact normalized cadastral owner match to independently supported current entity,confirmed,True,2026,1514772,0028013575,Non-Valued Property,,,"YELLOWSTONE MOUNTAIN CLUB PHASE 1 AND 2, S07, T07 S, R03 E, ACRES 64.8, OS 3, PLAT 4/618",YELLOWSTONE MOUNTAIN CLUB PHASE 1 AND 2,Yellowstone Club
CROSSHARBOR / LONE MOUNTAIN,25033717203016500,YELLOWSTONE MOUNTAIN CLUB LLC,51.36,Madison,1111 RESEARCH DR UNIT B,,,BOZEMAN,MT,59718-6856,exact normalized cadastral owner match to independently supported current entity,confirmed,True,2026,920262,0028220048,Non-Valued Property,,,"YELLOWSTONE MNTN CLUB GOLF COURSE PH 1, S17, T07 S, R03 E, Lot OS 704A, ACRES 51.36, PLAT 4/749",YELLOWSTONE MNTN CLUB GOLF COURSE PH 1,Yellowstone Club
CROSSHARBOR / LONE MOUNTAIN,25042523101010000,MB MT ACQUISITION LLC,46.738,Madison,MONLIGHT BASIN,ATTN: ACCOUNTS PAYABLE,PO BOX 161514,BIG SKY,MT,59716-1514,exact normalized cadastral owner match to independently supported current entity,confirmed,True,2026,919328,0028002500,Vacant Land,,,"S23, T06 S, R02 E, C.O.S. 7/2341, ACRES 46.738, ALL LESS COWBOY HEAVEN PHS 3-D",,Moonlight Basin
CROSSHARBOR / LONE MOUNTAIN,25042536401116500,YELLOWSTONE DEVELOPMENT LLC,44.85,Madison,PO BOX 161097,,,BIG SKY,MT,59716-1097,exact normalized cadastral owner match to independently supported current entity,confirmed,True,2026,919255,0028000478,Non-Valued Property,,,"LONE VIEW III SUB, S36, T06 S, R02 E, Lot OS 3B, ACRES 44.85, PLAT 4/761",LONE VIEW III SUB,Yellowstone Club
CROSSHARBOR / LONE MOUNTAIN,25042524109056500,MB MT ACQUISITION LLC,44.591,Madison,MOONLIGHT BASIN,ATTN: ACCOUNTS PAYABLE,PO BOX 161514,BIG SKY,MT,59716-1514,exact normalized cadastral owner match to independently supported current entity,confirmed,True,2026,1618018,0028000135,Vacant Land,,,"SECTION 24 SUB PUD - BS, S24, T06 S, R02 E, ACRES 44.591, OPEN SPACE 1, 2, 3, PLAT 4/791",SECTION 24 SUB PUD - BS,Moonlight Basin
CROSSHARBOR / LONE MOUNTAIN,25042536401016500,YELLOWSTONE DEVELOPMENT LLC,42.25,Madison,PO BOX 161097,,,BIG SKY,MT,59716-1097,exact normalized cadastral owner match to independently supported current entity,confirmed,True,2026,922416,0029100011,Non-Valued Property,,,"LONE VIEW III SUB, S36, T06 S, R02 E, Lot OS 2C, ACRES 42.25, PLAT 4/711",LONE VIEW III SUB,Yellowstone Club
CROSSHARBOR / LONE MOUNTAIN,25042509101010000,MB MT ACQUISITION LLC,41.074,Madison,MOONLIGHT BASIN,ATTN: ACCOUNTS PAYABLE,PO BOX 161514,BIG SKY,MT,59716-1514,exact normalized cadastral owner match to independently supported current entity,confirmed,True,2026,919321,0028001900,Vacant Land,,,"MOONLIGHT BASIN WEST 1 PUD, S09, T06 S, R02 E, ACRES 41.074, TRACT 1",MOONLIGHT BASIN WEST 1 PUD,Moonlight Basin
CROSSHARBOR / LONE MOUNTAIN,25042631302016500,YELLOWSTONE MOUNTAIN CLUB LLC,41.03,Madison,1111 RESEARCH DR UNIT B,,,BOZEMAN,MT,59718-6856,exact normalized cadastral owner match to independently supported current entity,confirmed,True,2026,922404,0029100000,Non-Valued Property,,,"YELLOWSTONE MOUNTAIN CLUB PHASE 1 & 2, S31, T06 S, R03 E, ACRES 41.03, OS 2A   PLAT 4/516BA",YELLOWSTONE MOUNTAIN CLUB PHASE 1 AND 2,Yellowstone Club
CROSSHARBOR / LONE MOUNTAIN,06042733401406500,CH SP ACQUISITION LLC,41.0,Gallatin,MAIL TO: LONE MOUNTAIN LAND COMPANY,ATTN: STEVE HURST,PO BOX  160040,BIG SKY,MT,59716,exact normalized cadastral owner match to independently supported current entity,confirmed,True,2026,1580713,SPPH6BPRKS,Non-Valued Property,,,"SPANISH PEAKS RESORT PH 6B, S33, T06 S, R03 E, ACRES 41, OPEN SPACE 1-3 PLAT J-647",SPANISH PEAKS RESORT PH 6B,Spanish Peaks
CROSSHARBOR / LONE MOUNTAIN,06042733101106500,CH SP ACQUISITION LLC,40.15,Gallatin,MAIL TO: LONE MOUNTAIN LAND COMPANY,ATTN: STEVE HURST,PO BOX  160040,BIG SKY,MT,59716,exact normalized cadastral owner match to independently supported current entity,confirmed,True,2026,1628125,00RKE88442,Vacant Land,,,"SPANISH PEAKS RESORT PH 8B, S33, T06 S, R03 E, ACRES 40.15, OS 1",SPANISH PEAKS RESORT PH 8B,Spanish Peaks
CROSSHARBOR / LONE MOUNTAIN,25033707401016500,YELLOWSTONE DEVELOPMENT LLC,38.05,Madison,1111 RESEARCH DR UNIT B,,,BOZEMAN,MT,59718-6856,exact normalized cadastral owner match to independently supported current entity,confirmed,True,2026,920260,0028220047,Non-Valued Property,,,"YELLOWSTONE MOUNTAIN CLUB PHASE 1 AND 2, S07, T07 S, R03 E, Lot OS 701A, PLAT 4/560",YELLOWSTONE MOUNTAIN CLUB PHASE 1 AND 2,Yellowstone Club
CROSSHARBOR / LONE MOUNTAIN,25033717202270000,YELLOWSTONE DEVELOPMENT LLC,35.439,Madison,1111 RESEARCH DR UNIT B,,,BOZEMAN,MT,59718-6856,exact normalized cadastral owner match to independently supported current entity,confirmed,True,2026,1426309,0028003920,Golf Course,,,"S17, T07 S, R03 E, ACRES 35.439, ALL (640 AC) LESS RANCH 1-4 C OF S 7/1738 531.908AC LESS YMC GOLF COURSE PHS 1 (77.09)",,Yellowstone Club
CROSSHARBOR / LONE MOUNTAIN,25033612101016500,YELLOWSTONE DEVELOPMENT LLC,33.7,Madison,1111 RESEARCH DR,,,BOZEMAN,MT,59718-6856,exact normalized cadastral owner match to independently supported current entity,confirmed,True,2026,1506690,0028003595,Non-Valued Property,,,"S12, T07 S, R02 E,  Acres 33.7, PLAT 4/615 OPEN SPACE 1",,Yellowstone Club
CROSSHARBOR / LONE MOUNTAIN,25042524406010000,MB MT ACQUISITION LLC,33.031,Madison,MOONLIGHT BASIN,ATTN: ACCOUNTS PAYABLE,PO BOX 161514,BIG SKY,MT,59716-1514,exact normalized cadastral owner match to independently supported current entity,confirmed,True,2026,1618021,0028000138,Vacant Land,,,"SECTION 24 SUB PUD - BS, S24, T06 S, R02 E, ACRES 33.0308, REMAINDER 2, PLAT 4/791",SECTION 24 SUB PUD - BS,Moonlight Basin
CROSSHARBOR / LONE MOUNTAIN,25033706403016500,YELLOWSTONE DEVELOPMENT LLC,32.677,Madison,1111 RESEARCH DR UNIT B,,,BOZEMAN,MT,59718-6856,exact normalized cadastral owner match to independently supported current entity,confirmed,True,2026,920489,0028810018,Non-Valued Property,,,"YELLOWSTONE MOUNTAIN CLUB PHASE 1 AND 2, S06, T07 S, R03 E, Lot OS W OF 8 - 9, ACRES 32.677, PLAT 4/408",YELLOWSTONE MOUNTAIN CLUB PHASE 1 AND 2,Yellowstone Club
CROSSHARBOR / LONE MOUNTAIN,06042734301750000,CH SP ACQUISITION LLC,32.51,Gallatin,MAIL TO: LONE MOUNTAIN LAND COMPANY,ATTN: STEVE HURST,PO BOX  160040,BIG SKY,MT,59716,exact normalized cadastral owner match to independently supported current entity,confirmed,True,2026,626970,00RKE39421,Vacant Land,,,"S34, T06 S, R03 E, C.O.S. 1732C, PARCEL 17A, ACRES 32.51",,Spanish Peaks
CROSSHARBOR / LONE MOUNTAIN,25033705201306500,YELLOWSTONE MOUNTAIN CLUB LLC,32.47,Madison,PO BOX 161097,,,BIG SKY,MT,59716-1097,exact normalized cadastral owner match to independently supported current entity,confirmed,True,2026,920477,0028810007,Non-Valued Property,,,"YELLOWSTONE MOUNTAIN CLUB PHASE 1 AND 2, S05, T07 S, R03 E, ACRES 32.47, PLAT 4/747 OS E OF LTS 43,47,49",YELLOWSTONE MOUNTAIN CLUB PHASE 1 AND 2,Yellowstone Club
CROSSHARBOR / LONE MOUNTAIN,25042514101106500,MB MT ACQUISITION LLC,32.036,Madison,MOONLIGHT BASIN,ATTN: ACCOUNTS PAYABLE,PO BOX 161514,BIG SKY,MT,59716-1514,exact normalized cadastral owner match to independently supported current entity,confirmed,True,2026,1633620,0028009700,Non-Valued Property,,,"MOONLIGHT BASIN WEST 1 PUD, S14, T06 S, R02 E, ACRES 32.036, ROAD LOTS 1 - 7",MOONLIGHT BASIN WEST 1 PUD,Moonlight Basin
CROSSHARBOR / LONE MOUNTAIN,25033707301246500,YELLOWSTONE DEVELOPMENT LLC,31.75,Madison,1111 RESEARCH DR STE B,,,BOZEMAN,MT,59718-7476,exact normalized cadastral owner match to independently supported current entity,confirmed,True,2026,1564510,0028003722,Non-Valued Property,,,"LOWER GOLF COURSE SUB, S07, T07 S, R03 E, Lot OPEN SPACE 1, ACRES 31.75, PLAT 4/701",LOWER GOLF COURSE SUB,Yellowstone Club
CROSSHARBOR / LONE MOUNTAIN,25033705402016500,YELLOWSTONE DEVELOPMENT LLC,31.57,Madison,1111 RESEARCH DR UNIT B,,,BOZEMAN,MT,59718-6856,exact normalized cadastral owner match to independently supported current entity,confirmed,True,2026,920471,0028800183,Non-Valued Property,,,"YELLOWSTONE MOUNTAIN CLUB PHASE 1 AND 2, S05, T07 S, R03 E, Lot OS E OF 13, ACRES 31.57, PLAT 4/747",YELLOWSTONE MOUNTAIN CLUB PHASE 1 AND 2,Yellowstone Club
CROSSHARBOR / LONE MOUNTAIN,25033708101100000,YELLOWSTONE DEVELOPMENT LLC,31.03,Madison,1111 RESEARCH DR UNIT B,,,BOZEMAN,MT,59718-6856,exact normalized cadastral owner match to independently supported current entity,confirmed,True,2026,919545,0028003609,Improved Property,,,"YELLOWSTONE MOUNTAIN CLUB PHASE 1 AND 2, S08, T07 S, R03 E, Lot 1, ACRES 31.03, PLAT 4/408",YELLOWSTONE MOUNTAIN CLUB PHASE 1 AND 2,Yellowstone Club
CROSSHARBOR / LONE MOUNTAIN,25042513401300000,MB MT ACQUISITION LLC,29.137,Madison,MOONLIGHT BASIN,ATTN: ACCOUNTS PAYABLE,PO BOX 161514,BIG SKY,MT,59716-1514,exact normalized cadastral owner match to independently supported current entity,confirmed,True,2026,919912,0028010406,Improved Property,,,"STRAWBERRY RIDGE SUB, S13, T06 S, R02 E, ACRES 29.137, ADMIN TRACT, PLAT 4/547",STRAWBERRY RIDGE SUB,Moonlight Basin
CROSSHARBOR / LONE MOUNTAIN,25033612101106500,YELLOWSTONE DEVELOPMENT LLC,28.14,Madison,1111 RESEARCH DR UNIT B,,,BOZEMAN,MT,59718-6856,exact normalized cadastral owner match to independently supported current entity,confirmed,True,2026,919376,0028002609,Non-Valued Property,,,"SLOPESIDE SUBDIVISION, S12, T07 S, R02 E, Lot OS 1, ACRES 28.14, PLAT 4/536",SLOPESIDE SUBDIVISION,Yellowstone Club
CROSSHARBOR / LONE MOUNTAIN,06042734340240000,CH SP ACQUISITION LLC,27.692,Gallatin,MAIL TO: LONE MOUNTAIN LAND COMPANY,ATTN: STEVE HURST,PO BOX  160040,BIG SKY,MT,59716,exact normalized cadastral owner match to independently supported current entity,confirmed,True,2026,626968,00RKE39418,Vacant Land,,,"S34, T06 S, R03 E, C.O.S. 1732, PARCEL 15, ACRES 27.692",,Spanish Peaks
CROSSHARBOR / LONE MOUNTAIN,25033705102010000,CH SP ACQUISITIONS LLC,27.26,Madison,CROSSHARBOR CAPITAL PARTNERS LLC,1 BOSTON PL,,BOSTON,MA,02108-4407,exact normalized cadastral owner match to independently supported current entity,confirmed,True,2026,921290,0029002082,Golf Course,,,"SPANISH PEAKS RESORT SUB, S05, T07 S, R03 E, Lot OS-9, ACRES 27.26, PLAT 4/500",SPANISH PEAKS RESORT SUB,Spanish Peaks
CROSSHARBOR / LONE MOUNTAIN,25042513301136500,MB MT ACQUISITION LLC,26.19,Madison,PO BOX 161514,ATTN: ACCOUNTS PAYABLE,,BIG SKY,MT,59716-1514,exact normalized cadastral owner match to independently supported current entity,confirmed,True,2026,1580551,0028002150,Non-Valued with Specials,,,"MADISON OVERLOOK 1 SUB, S13, T06 S, R02 E, ACRES 26.19",MADISON OVERLOOK 1 SUB,Moonlight Basin
CROSSHARBOR / LONE MOUNTAIN,25042631301016500,BIG SKY RIDGE LLC,26.175,Madison,1111 RESEARCH DR UNIT B,,,BOZEMAN,MT,59718-6856,exact normalized cadastral owner match to independently supported current entity,confirmed,True,2026,919253,0028000476,Vacant Land,,,"YELLOWSTONE MOUNTAIN CLUB PHASE 3A, S31, T06 S, R03 E, Lot OS 1, ACRES 26.175, PLAT 4/517",YELLOWSTONE MOUNTAIN CLUB PHASE 3A,Yellowstone Club
CROSSHARBOR / LONE MOUNTAIN,25042515201010000,MB WEST OWNER LLC,25.928,Madison,C/O CORSSHARBOR CAPITAL PARTNERS,ONE BOSTON PLACE STE 2310,,BOSTON,MA,02108,exact normalized cadastral owner match to independently supported current entity,confirmed,True,2026,1633486,0028009529,Vacant Land,,,"MOONLIGHT BASIN WEST 1 PUD, S15, T06 S, R02 E, ACRES 54.753, TRACT 4",MOONLIGHT BASIN WEST 1 PUD,Moonlight Basin
CROSSHARBOR / LONE MOUNTAIN,06042733301296500,CH SP ACQUISITION LLC,25.8,Gallatin,MAIL TO: LONE MOUNTAIN LAND COMPANY,ATTN: STEVE HURST,PO BOX  160040,BIG SKY,MT,59716,exact normalized cadastral owner match to independently supported current entity,confirmed,True,2026,1547504,PLJ581OPSP,Non-Valued Property,,,"SPANISH PEAKS RESORT PH 8A, S33, T06 S, R03 E, ACRES 25.8, OS 1A,2A,3A,4 & 5 PLAT J-581, J-581A B & C",SPANISH PEAKS RESORT PH 8A,Spanish Peaks
CROSSHARBOR / LONE MOUNTAIN,25042524101010000,MB MT ACQUISITION LLC,25.438,Madison,MOONLIGHT BASIN,ATTN: ACCOUNTS PAYABLE,PO BOX 161514,BIG SKY,MT,59716-1514,exact normalized cadastral owner match to independently supported current entity,confirmed,True,2026,919893,0028010000,Improved Property,,,"SECTION 24 SUB PUD - BS, S24, T06 S, R02 E, ACRES 25.4385, UTILITY LOT 1, PLAT 4/791",SECTION 24 SUB PUD - BS,Moonlight Basin
CROSSHARBOR / LONE MOUNTAIN,25042536204156500,BIG SKY RIDGE LLC,25.29,Madison,1111 RESEARCH DR UNIT B,,,BOZEMAN,MT,59718-6856,exact normalized cadastral owner match to independently supported current entity,confirmed,True,2026,919260,0028000482,Vacant Land,,,"YELLOWSTONE MOUNTAIN CLUB PHASE 3A, S36, T06 S, R02 E, Lot OP 7B, ACRES 25.29, PLAT 4/637BA",YELLOWSTONE MOUNTAIN CLUB PHASE 3A,Yellowstone Club
CROSSHARBOR / LONE MOUNTAIN,25042631303016500,YELLOWSTONE MOUNTAIN CLUB LLC,20.97,Madison,1111 RESEARCH DR UNIT B,,,BOZEMAN,MT,59718-6856,exact normalized cadastral owner match to independently supported current entity,confirmed,True,2026,922405,0029100001,Non-Valued Property,,,"YELLOWSTONE MOUNTAIN CLUB PHASE 1 AND 2, S31, T06 S, R03 E, ACRES 20.97, OS 2H, PLAT 4/821 A",YELLOWSTONE MOUNTAIN CLUB PHASE 1 AND 2,Yellowstone Club
CROSSHARBOR / LONE MOUNTAIN,25042536301196500,YELLOWSTONE DEVELOPMENT LLC,20.48,Madison,PO BOX 161097,,,BIG SKY,MT,59716-1097,exact normalized cadastral owner match to independently supported current entity,confirmed,True,2026,919262,0028000484,Improved Property,,,"LONE VIEW III SUB, S36, T06 S, R02 E, Lot OS 9B, ACRES 20.48, PLAT 4/711",LONE VIEW III SUB,Yellowstone Club
CROSSHARBOR / LONE MOUNTAIN,06042734201370000,CH SP ACQUISITION LLC,20.274,Gallatin,MAIL TO: LONE MOUNTAIN LAND COMPANY,PO BOX 160040 ATTN: STEVE HURST,,BIG SKY,MT,59716,exact normalized cadastral owner match to independently supported current entity,confirmed,True,2026,626955,00RKE39404,Vacant Land,,,"S34, T06 S, R03 E, C.O.S. 1732B, PARCEL 1, ACRES 20.274",,Spanish Peaks
CROSSHARBOR / LONE MOUNTAIN,06042734201010000,CH SP ACQUISITION LLC,20.236,Gallatin,MAIL TO: LONE MOUNTAIN LAND COMPANY,ATTN: STEVE HURST,PO BOX  160040,BIG SKY,MT,59716,exact normalized cadastral owner match to independently supported current entity,confirmed,True,2026,626967,00RKE39417,Vacant Land,,,"S34, T06 S, R03 E, C.O.S. 1732, PARCEL 14, ACRES 20.236",,Spanish Peaks
CROSSHARBOR / LONE MOUNTAIN,06042734201120000,CH SP ACQUISITION LLC,20.0,Gallatin,MAIL TO: LONE MOUNTAIN LAND COMPANY,ATTN: STEVE HURST,PO BOX  160040,BIG SKY,MT,59716,exact normalized cadastral owner match to independently supported current entity,confirmed,True,2026,626966,00RKE39416,Vacant Land,,,"S34, T06 S, R03 E, C.O.S. 1732B, PARCEL 13, ACRES 20",,Spanish Peaks
CROSSHARBOR / LONE MOUNTAIN,06042734340120000,CH SP ACQUISITION LLC,20.0,Gallatin,MAIL TO: LONE MOUNTAIN LAND COMPANY,ATTN: STEVE HURST,PO BOX  160040,BIG SKY,MT,59716,exact normalized cadastral owner match to independently supported current entity,confirmed,True,2026,626969,00RKE39419,Vacant Land,,,"S34, T06 S, R03 E, C.O.S. 1732, PARCEL 16, ACRES 20",,Spanish Peaks
CROSSHARBOR / LONE MOUNTAIN,06042734201250000,CH SP ACQUISITION LLC,20.0,Gallatin,MAIL TO: LONE MOUNTAIN LAND COMPANY,ATTN: STEVE HURST,PO BOX  160040,BIG SKY,MT,59716,exact normalized cadastral owner match to independently supported current entity,confirmed,True,2026,626965,00RKE39415,Vacant Land,,,"S34, T06 S, R03 E, C.O.S. 1732B, PARCEL 12, ACRES 20",,Spanish Peaks
CROSSHARBOR / LONE MOUNTAIN,25033705304106500,YELLOWSTONE DEVELOPMENT LLC,19.86,Madison,1111 RESEARCH DR UNIT B,,,BOZEMAN,MT,59718-6856,exact normalized cadastral owner match to independently supported current entity,confirmed,True,2026,920482,0028810011,Non-Valued Property,,,"YELLOWSTONE MOUNTAIN CLUB PHASE 1 AND 2, S05, T07 S, R03 E, Lot OS E OF 5, ACRES 19.86, PLAT 4/408",YELLOWSTONE MOUNTAIN CLUB PHASE 1 AND 2,Yellowstone Club
CROSSHARBOR / LONE MOUNTAIN,25042631302036500,BIG SKY RIDGE LLC,17.56,Madison,1111 RESEARCH DR UNIT B,,,BOZEMAN,MT,59718-6856,exact normalized cadastral owner match to independently supported current entity,confirmed,True,2026,919254,0028000477,Non-Valued Property,,,"YELLOWSTONE MOUNTAIN CLUB PHASE 3A, S31, T06 S, R03 E, Lot OS 2A, ACRES 17.56, PLAT 4/569BA",YELLOWSTONE MOUNTAIN CLUB PHASE 3A,Yellowstone Club
CROSSHARBOR / LONE MOUNTAIN,25033707201016500,YELLOWSTONE DEVELOPMENT LLC,17.36,Madison,1111 RESEARCH DR UNIT B,,,BOZEMAN,MT,59718-6856,exact normalized cadastral owner match to independently supported current entity,confirmed,True,2026,919572,0028004000,Non-Valued Property,,,"YELLOWSTONE MOUNTAIN CLUB PHASE 4, S07, T07 S, R03 E, Lot 2A, ACRES 17.36, PLAT 4/679BA",YELLOWSTONE MOUNTAIN CLUB PHASE 4,Yellowstone Club
CROSSHARBOR / LONE MOUNTAIN,25033707401056500,YELLOWSTONE DEVELOPMENT LLC,17.34,Madison,1111 RESEARCH DR UNIT B,,,BOZEMAN,MT,59718-6856,exact normalized cadastral owner match to independently supported current entity,confirmed,True,2026,920257,0028220044,Non-Valued Property,,,"YELLOWSTONE MNTN CLUB GOLF COURSE PH 1, S07, T07 S, R03 E, Lot OS-701B, ACRES 17.34, PLAT 4/560",YELLOWSTONE MNTN CLUB GOLF COURSE PH 1,Yellowstone Club
CROSSHARBOR / LONE MOUNTAIN,25033705303016500,YELLOWSTONE DEVELOPMENT LLC,16.53,Madison,1111 RESEARCH DR UNIT B,,,BOZEMAN,MT,59718-6856,exact normalized cadastral owner match to independently supported current entity,confirmed,True,2026,920478,0028810008,Non-Valued Property,,,"YELLOWSTONE MOUNTAIN CLUB PHASE 1 AND 2, S05, T07 S, R03 E, Lot OS W OF 5, ACRES 16.53, PLAT 4/408",YELLOWSTONE MOUNTAIN CLUB PHASE 1 AND 2,Yellowstone Club
CROSSHARBOR / LONE MOUNTAIN,06042733101300000,CH SP ACQUISITION LLC,15.63,Gallatin,MAIL TO: LONE MOUNTAIN LAND COMPANY,ATTN: STEVE HURST,PO BOX  160040,BIG SKY,MT,59716,exact normalized cadastral owner match to independently supported current entity,confirmed,True,2026,1628127,00RKE88444,Vacant Land,,,"SPANISH PEAKS RESORT PH 8B, S33, T06 S, R03 E, Lot 1, ACRES 15.63",SPANISH PEAKS RESORT PH 8B,Spanish Peaks
CROSSHARBOR / LONE MOUNTAIN,25042536301176500,BIG SKY RIDGE LLC,15.45,Madison,1111 RESEARCH DR UNIT B,,,BOZEMAN,MT,59718-6856,exact normalized cadastral owner match to independently supported current entity,confirmed,True,2026,919261,0028000483,Non-Valued Property,,,"YELLOWSTONE MOUNTAIN CLUB PHASE 3A, S36, T06 S, R02 E, Lot OP8A, ACRES 15.45, PLAT 4/637BA",YELLOWSTONE MOUNTAIN CLUB PHASE 3A,Yellowstone Club
CROSSHARBOR / LONE MOUNTAIN,25042631304016500,YELLOWSTONE MOUNTAIN CLUB LLC,15.21,Madison,1111 RESEARCH DR UNIT B,,,BOZEMAN,MT,59718-6856,exact normalized cadastral owner match to independently supported current entity,confirmed,True,2026,922406,0029100002,Non-Valued Property,,,"YELLOWSTONE MOUNTAIN CLUB PHASE 1 & 2, S31, T06 S, R03 E, ACRES 15.21, OS 2G, PLAT 4/516BA",YELLOWSTONE MOUNTAIN CLUB PHASE 1 AND 2,Yellowstone Club
CROSSHARBOR / LONE MOUNTAIN,25042631404016500,YELLOWSTONE MOUNTAIN CLUB LLC,14.46,Madison,1111 RESEARCH DR UNIT B,,,BOZEMAN,MT,59718-6856,exact normalized cadastral owner match to independently supported current entity,confirmed,True,2026,922407,0029100003,Non-Valued Property,,,"YELLOWSTONE MTN CLUB, S31, T06 S, R03 E, ACRES 14.46, OS 2E , PLAT 4/516BA",YELLOWSTONE MOUNTAIN CLUB PHASE 1 AND 2,Yellowstone Club
CROSSHARBOR / LONE MOUNTAIN,25042536301216500,BIG SKY RIDGE LLC,12.37,Madison,1111 RESEARCH DR UNIT B,,,BOZEMAN,MT,59718-6856,exact normalized cadastral owner match to independently supported current entity,confirmed,True,2026,919263,0028000485,Vacant Land,,,"YELLOWSTONE MOUNTAIN CLUB PHASE 3A, S36, T06 S, R02 E, Lot OS 10, ACRES 12.73, PLAT 4/517",YELLOWSTONE MOUNTAIN CLUB PHASE 3A,Yellowstone Club
CROSSHARBOR / LONE MOUNTAIN,25033705404016500,CH SP ACQUISITIONS LLC,12.12,Madison,CROSSHARBOR CAPITAL PARTNERS LLC,1 BOSTON PL,,BOSTON,MA,02108-4407,exact normalized cadastral owner match to independently supported current entity,confirmed,True,2026,921292,0029002084,Non-Valued Property,,,"SPANISH PEAKS RESORT SUB, S05, T07 S, R03 E, Lot OS-8, ACRES 12.12, PLAT 4/500",SPANISH PEAKS RESORT SUB,Spanish Peaks
CROSSHARBOR / LONE MOUNTAIN,06033804410256500,CH SP ACQUISITION LLC,12.06,Gallatin,MAIL TO: LONE MOUNTAIN LAND COMPANY,ATTN: STEVE HURST,PO BOX  160040,BIG SKY,MT,59716,exact normalized cadastral owner match to independently supported current entity,confirmed,True,2026,1627687,00RLE88332,Non-Valued Property,,,"SPANISH PEAKS EST PH 7, S04, T07 S, R03 E, ACRES 12.06, OS 1",SPANISH PEAKS EST PH 7,Spanish Peaks
CROSSHARBOR / LONE MOUNTAIN,25042631402016500,YELLOWSTONE MOUNTAIN CLUB LLC,11.93,Madison,1111 RESEARCH DR UNIT B,,,BOZEMAN,MT,59718-6856,exact normalized cadastral owner match to independently supported current entity,confirmed,True,2026,922410,0029100006,Non-Valued Property,,,"YELLOWSTONE MOUNTAIN CLUB PHASE 1 & 2, S31, T06 S, R03 E, ACRES 11.93, OS 2D, PLAT 4/516BA",YELLOWSTONE MOUNTAIN CLUB PHASE 1 AND 2,Yellowstone Club
CROSSHARBOR / LONE MOUNTAIN,25033706301096500,YELLOWSTONE MOUNTAIN CLUB LLC,11.5,Madison,1111 RESEARCH DR UNIT B,,,BOZEMAN,MT,59718-6856,exact normalized cadastral owner match to independently supported current entity,confirmed,True,2026,920557,0028810207,Non-Valued Property,,,"SUNRISE RIDGE PHASE 1, S06, T07 S, R03 E, ACRES 11.5, R/W OS PLAT 4/527",SUNRISE RIDGE PHASE 1,Yellowstone Club
CROSSHARBOR / LONE MOUNTAIN,25033708101206500,YELLOWSTONE DEVELOPMENT LLC,11.4,Madison,1111 RESEARCH DR UNIT B,,,BOZEMAN,MT,59718-6856,exact normalized cadastral owner match to independently supported current entity,confirmed,True,2026,920473,0028810003,Non-Valued Property,,,"S08, T07 S, R03 E, C.O.S. 4/408, OS N OF LT 1",,Yellowstone Club
CROSSHARBOR / LONE MOUNTAIN,25042535404196500,BIG SKY RIDGE LLC,11.08,Madison,1111 RESEARCH DR UNIT B,,,BOZEMAN,MT,59718-6856,exact normalized cadastral owner match to independently supported current entity,confirmed,True,2026,919269,0028000490,Vacant Land,,,"YELLOWSTONE MOUNTAIN CLUB PHASE 3A, S35, T06 S, R02 E, Lot OS 15B, ACRES 11.08, PLAT 4/570BA",YELLOWSTONE MOUNTAIN CLUB PHASE 3A,Yellowstone Club
CROSSHARBOR / LONE MOUNTAIN,25042536401156500,BIG SKY RIDGE LLC,10.45,Madison,1111 RESEARCH DR UNIT B,,,BOZEMAN,MT,59718-6856,exact normalized cadastral owner match to independently supported current entity,confirmed,True,2026,919259,0028000481,Non-Valued Property,,,"LONE VIEW III SUB, S36, T06 S, R02 E, Lot OS 6A, ACRES 10.45, PLAT 4/711",LONE VIEW III SUB,Yellowstone Club
CROSSHARBOR / LONE MOUNTAIN,25033705101010000,CH SP ACQUISITIONS LLC,10.44,Madison,CROSSHARBOR CAPITAL PARTNERS LLC,1 BOSTON PL,,BOSTON,MA,02108-4407,exact normalized cadastral owner match to independently supported current entity,confirmed,True,2026,919492,0028003500,Vacant Land,,,"SPANISH PEAKS RESORT SUB, S05, T07 S, R03 E, ACRES 10.44, TR 1",SPANISH PEAKS RESORT SUB,Spanish Peaks
CROSSHARBOR / LONE MOUNTAIN,06042831301260000,CH COLD SMOKE LLC,10.36,Gallatin,C/O CROSSHARBOR CAPITAL PARTNERS LLC,1 BOSTON PL STE 2310,,BOSTON,MA,02108-4407,exact normalized cadastral owner match to independently supported current entity,confirmed,True,2026,627524,00RKF18877,Improved Property,,,"S31, T06 S, R04 E, ACRES 10.36, TRACT IN S2",,Moonlight Basin
CROSSHARBOR / LONE MOUNTAIN,25042513201476500,MB MT ACQUISITION LLC,10.14,Madison,PO BOX 161514,ATTN: ACCOUNTS PAYABLE,,BIG SKY,MT,59716-1514,exact normalized cadastral owner match to independently supported current entity,confirmed,True,2026,1598322,0028002130,Non-Valued Property,,,"MADISON OVERLOOK 2 SUB, S13, T06 S, R02 E, Lot OS 2 & 3, ACRES 10.14, PLAT 4/764A",MADISON OVERLOOK 2 SUB,Moonlight Basin
CROSSHARBOR / LONE MOUNTAIN,06033804410100000,CH SP ACQUISITION LLC,9.59,Gallatin,MAIL TO: LONE MOUNTAIN LAND COMPANY,ATTN: STEVE HURST,PO BOX  160040,BIG SKY,MT,59716,exact normalized cadastral owner match to independently supported current entity,confirmed,True,2026,1627684,00RLE88329,Vacant Land,,,"SPANISH PEAKS EST PH 7, S04, T07 S, R03 E, Lot 2, ACRES 9.59",SPANISH PEAKS EST PH 7,Spanish Peaks
CROSSHARBOR / LONE MOUNTAIN,06033804410010000,CH SP ACQUISITION LLC,9.48,Gallatin,MAIL TO: LONE MOUNTAIN LAND COMPANY,ATTN: STEVE HURST,PO BOX  160040,BIG SKY,MT,59716,exact normalized cadastral owner match to independently supported current entity,confirmed,True,2026,628274,00RLE44359,Vacant Land,,,"SPANISH PEAKS EST PH 7, S04, T07 S, R03 E, Lot 1, ACRES 9.48",SPANISH PEAKS EST PH 7,Spanish Peaks
CROSSHARBOR / LONE MOUNTAIN,25042536204136500,BIG SKY RIDGE LLC,9.28,Madison,1111 RESEARCH DR UNIT B,,,BOZEMAN,MT,59718-6856,exact normalized cadastral owner match to independently supported current entity,confirmed,True,2026,919258,0028000480,Non-Valued with Specials,,,"LONE VIEW III SUB, S36, T06 S, R02 E, Lot OS 5B, ACRES 9.28, PLAT 4/711",LONE VIEW III SUB,Yellowstone Club
CROSSHARBOR / LONE MOUNTAIN,25042632303016500,YELLOWSTONE MOUNTAIN CLUB LLC,8.75,Madison,1111 RESEARCH DR UNIT B,,,BOZEMAN,MT,59718-6856,exact normalized cadastral owner match to independently supported current entity,confirmed,True,2026,922408,0029100004,Non-Valued Property,,,"YELLOWSTONE MTN CLUB, S32, T06 S, R03 E, ACRES 8.75, OS 2F, PLAT 4/516BA",YELLOWSTONE MOUNTAIN CLUB PHASE 1 AND 2,Yellowstone Club
CROSSHARBOR / LONE MOUNTAIN,25042524109126500,MB MT ACQUISITION LLC,8.731,Madison,MOONLIGHT BASIN,ATTN: ACCOUNTS PAYABLE,PO BOX 161514,BIG SKY,MT,59716-1514,exact normalized cadastral owner match to independently supported current entity,confirmed,True,2026,1618025,0028000142,Vacant Land,,,"SECTION 24 SUB PUD - BS, S24, T06 S, R02 E, ACRES 8.7312, ROAD LOT 5, PLAT 4/791",SECTION 24 SUB PUD - BS,Moonlight Basin
CROSSHARBOR / LONE MOUNTAIN,25033705201156500,YELLOWSTONE DEVELOPMENT LLC,8.73,Madison,1111 RESEARCH DR UNIT B,,,BOZEMAN,MT,59718-6856,exact normalized cadastral owner match to independently supported current entity,confirmed,True,2026,920474,0028810004,Non-Valued Property,,,"YELLOWSTONE MOUNTAIN CLUB PHASE 1 AND 2, S05, T07 S, R03 E, Lot OS N-24, ACRES 8.73, PLAT 4/408",YELLOWSTONE MOUNTAIN CLUB PHASE 1 AND 2,Yellowstone Club
CROSSHARBOR / LONE MOUNTAIN,25042515101020000,MB WEST OWNER LLC,8.497,Madison,C/O CORSSHARBOR CAPITAL PARTNERS,ONE BOSTON PLACE STE 2310,,BOSTON,MA,02108,exact normalized cadastral owner match to independently supported current entity,confirmed,True,2026,1633465,0028009508,Vacant Land,,,"MOONLIGHT BASIN WEST 1 PUD, S15, T06 S, R02 E, ACRES 8.497, CONDO LOT 2A",MOONLIGHT BASIN WEST 1 PUD,Moonlight Basin
CROSSHARBOR / LONE MOUNTAIN,25033612107050000,YELLOWSTONE DEVELOPMENT LLC,8.31,Madison,1111 RESEARCH DR,,,BOZEMAN,MT,59718-6856,exact normalized cadastral owner match to independently supported current entity,confirmed,True,2026,1617356,0028003648,Vacant Land,,,"PIONEER LANDING SUB, S12, T07 S, R02 E, Lot 902A, ACRES 8.31, PLAT 4/801 BA",PIONEER LANDING SUB,Yellowstone Club
CROSSHARBOR / LONE MOUNTAIN,25042524109010000,MB MT ACQUISITION LLC,8.245,Madison,MOONLIGHT BASIN,ATTN: ACCOUNTS PAYABLE,PO BOX 161514,BIG SKY,MT,59716-1514,exact normalized cadastral owner match to independently supported current entity,confirmed,True,2026,1618017,0028000134,Vacant Land,,,"SECTION 24 SUB PUD - BS, S24, T06 S, R02 E, ACRES 8.245, CONDO LOT 1, PLAT 4/791",SECTION 24 SUB PUD - BS,Moonlight Basin
CROSSHARBOR / LONE MOUNTAIN,25042515201020000,MB WEST OWNER LLC,7.638,Madison,C/O CORSSHARBOR CAPITAL PARTNERS,ONE BOSTON PLACE STE 2310,,BOSTON,MA,02108,exact normalized cadastral owner match to independently supported current entity,confirmed,True,2026,1633487,0028009530,Improved Property,,,"MOONLIGHT BASIN WEST 1 PUD, S15, T06 S, R02 E, ACRES 7.638, CONDO LOT 5A",MOONLIGHT BASIN WEST 1 PUD,Moonlight Basin
CROSSHARBOR / LONE MOUNTAIN,25042513402456500,MB MT ACQUISITION LLC,7.567,Madison,PO BOX 161514,ATTN: ACCOUNTS PAYABLE,,BIG SKY,MT,59716-1514,exact normalized cadastral owner match to independently supported current entity,confirmed,True,2026,1597184,0028002310,Non-Valued Property,,,"JACK CREEK CABINS SUB, S13, T06 S, R02 E, ACRES 7.567, OS 1, PLAT 7/575",JACK CREEK CABINS SUB,Moonlight Basin
CROSSHARBOR / LONE MOUNTAIN,25042631104016500,YELLOWSTONE MOUNTAIN CLUB LLC,7.53,Madison,1111 RESEARCH DR UNIT B,,,BOZEMAN,MT,59718-6856,exact normalized cadastral owner match to independently supported current entity,confirmed,True,2026,922415,0029100010,Non-Valued Property,,,"YELLOWSTONE MOUNTAIN CLUB PHASE 1 & 2, S31, T06 S, R03 E, ACRES 7.53, OS 2C PLAT 4/516BA",YELLOWSTONE MOUNTAIN CLUB PHASE 1 AND 2,Yellowstone Club
CROSSHARBOR / LONE MOUNTAIN,25033601102016500,YELLOWSTONE DEVELOPMENT,7.2,Madison,1111 RESEARCH DR UNIT B,,,BOZEMAN,MT,59718-6856,exact normalized cadastral owner match to independently supported current entity,confirmed,True,2026,919375,0028002607,Non-Valued Property,,,"YELLOWSTONE MOUNTAIN CLUB PHASE 1 AND 2, S01, T07 S, R02 E, ACRES 7.2, OS BEING RD TR",YELLOWSTONE MOUNTAIN CLUB PHASE 1 AND 2,Yellowstone Club
CROSSHARBOR / LONE MOUNTAIN,25042524301806500,MB MT ACQUISITION LLC,7.069,Madison,MOONLIGHT BASIN,ATTN: ACCOUNTS PAYABLE,PO BOX 161514,BIG SKY,MT,59716-1514,exact normalized cadastral owner match to independently supported current entity,confirmed,True,2026,919973,0028010047,Vacant Land,,,"COWBOY HEAVEN PHASE 1, S24, T06 S, R02 E, Lot REMAINDER, PLAT 4/387",COWBOY HEAVEN SUB PH 1,Moonlight Basin
CROSSHARBOR / LONE MOUNTAIN,25042515101040000,MB WEST OWNER LLC,7.011,Madison,C/O CORSSHARBOR CAPITAL PARTNERS,ONE BOSTON PLACE STE 2310,,BOSTON,MA,02108,exact normalized cadastral owner match to independently supported current entity,confirmed,True,2026,1633467,0028005910,Vacant Land,,,"MOONLIGHT BASIN WEST 1 PUD, S15, T06 S, R02 E, ACRES 26.784, TRACT 3",MOONLIGHT BASIN WEST 1 PUD,Moonlight Basin
CROSSHARBOR / LONE MOUNTAIN,25033707101036500,YELLOWSTONE DEVELOPMENT LLC,6.88,Madison,1111 RESEARCH DR STE B,,,BOZEMAN,MT,59718-7476,exact normalized cadastral owner match to independently supported current entity,confirmed,True,2026,1560900,0028003680,Non-Valued with Specials,,,"CORRAL SUB, S07, T07 S, R03 E, Lot OPEN SPACE 1, ACRES 6.88, PLAT 4/687",CORRAL SUB,Yellowstone Club
CROSSHARBOR / LONE MOUNTAIN,25033612106336500,YELLOWSTONE DEVELOPMENT LLC,6.8,Madison,1111 RESEARCH DR UNIT B,,,BOZEMAN,MT,59718-6856,exact normalized cadastral owner match to independently supported current entity,confirmed,True,2026,919722,0028006000,Non-Valued Property,,,"YELLOWSTONE MOUNTAIN CLUB PHASE 6, S12, T07 S, R02 E, Lot OS 1, ACRES 6.8, PLAT 4/492",YELLOWSTONE MOUNTAIN CLUB PHASE 6,Yellowstone Club
CROSSHARBOR / LONE MOUNTAIN,25033612107010000,YELLOWSTONE DEVELOPMENT LLC,6.65,Madison,1111 RESEARCH DR,,,BOZEMAN,MT,59718-6856,exact normalized cadastral owner match to independently supported current entity,confirmed,True,2026,1617355,0028003624,Vacant Land,,,"PIONEER LANDING SUB, S12, T07 S, R02 E, Lot 901A, ACRES 6.65, PLAT 4/801 BA",PIONEER LANDING SUB,Yellowstone Club
CROSSHARBOR / LONE MOUNTAIN,25033707404016500,YELLOWSTONE DEVELOPMENT LLC,6.34,Madison,1111 RESEARCH DR UNIT B,,,BOZEMAN,MT,59718-6856,exact normalized cadastral owner match to independently supported current entity,confirmed,True,2026,920259,0028220046,Non-Valued Property,,,"YELLOWSTONE MNTN CLUB GOLF COURSE PH 1, S07, T07 S, R03 E, Lot OS-701C, ACRES 6.34, PLAT 4/560",YELLOWSTONE MNTN CLUB GOLF COURSE PH 1,Yellowstone Club
CROSSHARBOR / LONE MOUNTAIN,06033803201406500,CH SP ACQUISITION LLC,6.28,Gallatin,MAIL TO: LONE MOUNTAIN LAND COMPANY,ATTN: STEVE HURST,PO BOX  160040,BIG SKY,MT,59716,exact normalized cadastral owner match to independently supported current entity,confirmed,True,2026,1547346,PLJ580OPSP,Non-Valued Property,,,"SPANISH PEAKS RESORT PH 4, S04, T07 S, R03 E, ACRES 6.28, OPEN SPACE 1A, 2 & 3 PLAT J-580-A",SPANISH PEAKS RESORT PH 4,Spanish Peaks
CROSSHARBOR / LONE MOUNTAIN,25042515301470000,MB WEST OWNER LLC,5.848,Madison,C/O CORSSHARBOR CAPITAL PARTNERS,ONE BOSTON PLACE STE 2310,,BOSTON,MA,02108,exact normalized cadastral owner match to independently supported current entity,confirmed,True,2026,1633513,0028009499,Vacant Land,,,"MOONLIGHT BASIN WEST 1 PUD, S15, T06 S, R02 E, ACRES 5.848, CONDO LOT 6",MOONLIGHT BASIN WEST 1 PUD,Moonlight Basin
CROSSHARBOR / LONE MOUNTAIN,06042734301486500,CH SP ACQUISITION LLC,5.57,Gallatin,MAIL TO: LONE MOUNTAIN LAND COMPANY,ATTN: STEVE HURST,PO BOX  160040,BIG SKY,MT,59716,exact normalized cadastral owner match to independently supported current entity,confirmed,True,2026,1537617,SPPKPH6AOS,Non-Valued Property,,,"SPANISH PEAKS RESORT PH 6A, S34, T06 S, R03 E, ACRES 5.57, OS 201 & OS 202 PLAT J-568",SPANISH PEAKS RESORT PH 6A,Spanish Peaks
CROSSHARBOR / LONE MOUNTAIN,06042733305100000,CH SP ACQUISITION LLC,5.53,Gallatin,MAIL TO: LONE MOUNTAIN LAND COMPANY,ATTN: STEVE HURST,PO BOX  160040,BIG SKY,MT,59716,exact normalized cadastral owner match to independently supported current entity,confirmed,True,2026,1620325,00RKE87423,Vacant Land,,,"SPANISH PEAKS RESORT PUD SUB PH 8C, S33, T06 S, R03 E, Lot 1, ACRES 5.53, PLAT J-729",SPANISH PEAKS RESORT PUD SUB PH 8C,Spanish Peaks
CROSSHARBOR / LONE MOUNTAIN,25042515101086500,MB WEST OWNER LLC,5.481,Madison,C/O CORSSHARBOR CAPITAL PARTNERS,ONE BOSTON PLACE STE 2310,,BOSTON,MA,02108,exact normalized cadastral owner match to independently supported current entity,confirmed,True,2026,1633471,0028009514,Non-Valued Property,,,"MOONLIGHT BASIN WEST 1 PUD, S15, T06 S, R02 E, ACRES 5.481, OS 2",MOONLIGHT BASIN WEST 1 PUD,Moonlight Basin
CROSSHARBOR / LONE MOUNTAIN,06042733101206500,CH SP ACQUISITION LLC,5.39,Gallatin,MAIL TO: LONE MOUNTAIN LAND COMPANY,ATTN: STEVE HURST,PO BOX  160040,BIG SKY,MT,59716,exact normalized cadastral owner match to independently supported current entity,confirmed,True,2026,1628126,00RKE88443,Vacant Land,,,"SPANISH PEAKS RESORT PH 8B, S33, T06 S, R03 E, ACRES 5.39, OS 2",SPANISH PEAKS RESORT PH 8B,Spanish Peaks
CROSSHARBOR / LONE MOUNTAIN,25033707101206500,YELLOWSTONE DEVELOPMENT LLC,5.28,Madison,PO BOX 161097,,,BIG SKY,MT,59716-1097,exact normalized cadastral owner match to independently supported current entity,confirmed,True,2026,1514771,0028013550,Non-Valued Property,,,"SETTLEMENT SUB PHS 1, S07, T07 S, R03 E, ACRES 5.28, OS 2, PLAT 4/618",SETTLEMENT SUB PHS 1,Yellowstone Club
CROSSHARBOR / LONE MOUNTAIN,25042524201766500,MB MT ACQUISITION LLC,5.195,Madison,MOONLIGHT BASIN,ATTN: ACCOUNTS PAYABLE,PO BOX 161514,BIG SKY,MT,59716-1514,exact normalized cadastral owner match to independently supported current entity,confirmed,True,2026,1618024,0028000141,Vacant Land,,,"SECTION 24 SUB PUD - BS, S24, T06 S, R02 E, ACRES 5.1951, ROAD LOT 4, PLAT 4/791",SECTION 24 SUB PUD - BS,Moonlight Basin
CROSSHARBOR / LONE MOUNTAIN,25033612401106500,YELLOWSTONE DEVELOPMENT LLC,5.02,Madison,1111 RESEARCH DR,,,BOZEMAN,MT,59718-6856,exact normalized cadastral owner match to independently supported current entity,confirmed,True,2026,1580468,0028003690,Non-Valued with Specials,,,"EGLISE VILLAGE SUB, S12, T07 S, R02 E, Lot OS 1, ACRES 5.02",EGLISE VILLAGE SUB,Yellowstone Club
CROSSHARBOR / LONE MOUNTAIN,25042632401506500,CH SP ACQUISITIONS LLC,4.97,Madison,CROSSHARBOR CAPITAL PARTNERS LLC,1 BOSTON PL,,BOSTON,MA,02108-4407,exact normalized cadastral owner match to independently supported current entity,confirmed,True,2026,1609551,0029006115,Non-Valued Property,,,"SPANISH PEAKS RESORT PHASE 3, S32, T06 S, R03 E, ACRES 4.97, OS",SPANISH PEAKS RESORT PHASE 3,Spanish Peaks
CROSSHARBOR / LONE MOUNTAIN,25042524203096500,MB MT ACQUISITION LLC,4.893,Madison,MOONLIGHT BASIN,ATTN: ACCOUNTS PAYABLE,PO BOX 161514,BIG SKY,MT,59716-1514,exact normalized cadastral owner match to independently supported current entity,confirmed,True,2026,919171,0028000113,Non-Valued Property,,,"COWBOY HEAVEN SUB PH 3D, S24, T06 S, R02 E, ACRES 4.893, OPEN SPACE D, PLAT 4/528-A",COWBOY HEAVEN SUB PH 3D,Moonlight Basin
CROSSHARBOR / LONE MOUNTAIN,25033602102270000,YELLOWSTONE DEVELOPMENT LLC,4.89,Madison,PO BOX 161097,,,BIG SKY,MT,59716-1097,exact normalized cadastral owner match to independently supported current entity,confirmed,True,2026,919391,0028003006,Vacant Land,,,"YELLOWSTONE MOUNTAIN CLUB PHASE 3, S02, T07 S, R02 E, Lot 306, ACRES 4.89, PLAT 4/499",YELLOWSTONE MOUNTAIN CLUB PHASE 3,Yellowstone Club
CROSSHARBOR / LONE MOUNTAIN,25042524107276500,MB MT ACQUISITION LLC,4.812,Madison,MOONLIGHT BASIN,ATTN: ACCOUNTS PAYABLE,PO BOX 161514,BIG SKY,MT,59716-1514,exact normalized cadastral owner match to independently supported current entity,confirmed,True,2026,920031,0028010219,Non-Valued Property,,,"COWBOY HEAVEN SUB PH 3C, S24, T06 S, R02 E, Lot OPEN SPACE A, ACRES 4.812, PLAT 4/545",COWBOY HEAVEN SUB PH 3C,Moonlight Basin
CROSSHARBOR / LONE MOUNTAIN,25042524302256500,MB MT ACQUISITION LLC,4.614,Madison,MOONLIGHT BASIN,ATTN: ACCOUNTS PAYABLE,PO BOX 161514,BIG SKY,MT,59716-1514,exact normalized cadastral owner match to independently supported current entity,confirmed,True,2026,919329,0028002501,Non-Valued Property,,,"COWBOY HEAVEN PHASE 2, S24, T06 S, R02 E, LAND UNDER MOONLIGHT MOUNTAIN HOME BLOCK",COWBOY HEAVEN SUB PH 2,Moonlight Basin
CROSSHARBOR / LONE MOUNTAIN,25042515101030000,MB WEST OWNER LLC,4.602,Madison,C/O CORSSHARBOR CAPITAL PARTNERS,ONE BOSTON PLACE STE 2310,,BOSTON,MA,02108,exact normalized cadastral owner match to independently supported current entity,confirmed,True,2026,1633466,0028009509,Vacant Land,,,"MOONLIGHT BASIN WEST 1 PUD, S15, T06 S, R02 E, ACRES 4.602, CONDO LOT 1",MOONLIGHT BASIN WEST 1 PUD,Moonlight Basin
CROSSHARBOR / LONE MOUNTAIN,25033706201206500,YELLOWSTONE DEVELOPMENT LLC,4.53,Madison,1111 RESEARCH DR UNIT B,,,BOZEMAN,MT,59718-6856,exact normalized cadastral owner match to independently supported current entity,confirmed,True,2026,920483,0028810012,Non-Valued Property,,,"YELLOWSTONE MOUNTAIN CLUB PHASE 1 AND 2, S06, T07 S, R03 E, Lot OS NEXT-91, ACRES 4.53, PLAT 4/408",YELLOWSTONE MOUNTAIN CLUB PHASE 1 AND 2,Yellowstone Club
CROSSHARBOR / LONE MOUNTAIN,25042515101056500,MB WEST OWNER LLC,4.252,Madison,C/O CORSSHARBOR CAPITAL PARTNERS,ONE BOSTON PLACE STE 2310,,BOSTON,MA,02108,exact normalized cadastral owner match to independently supported current entity,confirmed,True,2026,1633468,0028009511,Vacant Land,,,"MOONLIGHT BASIN WEST 1 PUD, S15, T06 S, R02 E, ACRES 4.252, UTILTY LOT 1",MOONLIGHT BASIN WEST 1 PUD,Moonlight Basin
CROSSHARBOR / LONE MOUNTAIN,25033611103166500,YELLOWSTONE MTN CLUB LLC &,4.22,Madison,1111 RESEARCH DR STE B,STE B,,BOZEMAN,MT,59718-7476,exact normalized cadastral owner match to independently supported current entity,confirmed,True,2026,1526963,0028080111,Non-Valued Property,,VERTIN JESSE,"AMERICAN SPIRIT SUB PH 2, S11, T07 S, R02 E, ACRES 4.22, O. P. 811 PLAT 4/633",AMERICAN SPIRIT SUB PH 2,Yellowstone Club
CROSSHARBOR / LONE MOUNTAIN,06033804410206500,CH SP ACQUISITION LLC,4.1,Gallatin,MAIL TO: LONE MOUNTAIN LAND COMPANY,ATTN: STEVE HURST,PO BOX  160040,BIG SKY,MT,59716,exact normalized cadastral owner match to independently supported current entity,confirmed,True,2026,1627686,00RLE88331,Non-Valued Property,,,"SPANISH PEAKS EST PH 7, S04, T07 S, R03 E, ROAD TRACT 1",SPANISH PEAKS EST PH 7,Spanish Peaks
CROSSHARBOR / LONE MOUNTAIN,25042536301276500,BIG SKY RIDGE LLC,4.08,Madison,1111 RESEARCH DR UNIT B,,,BOZEMAN,MT,59718-6856,exact normalized cadastral owner match to independently supported current entity,confirmed,True,2026,919266,0028000488,Non-Valued Property,,,"YELLOWSTONE MOUNTAIN CLUB PHASE 3A, S36, T06 S, R02 E, Lot OS 13, ACRES 4.08, PLAT 4/517",YELLOWSTONE MOUNTAIN CLUB PHASE 3A,Yellowstone Club
CROSSHARBOR / LONE MOUNTAIN,25033612107100000,YELLOWSTONE DEVELOPMENT LLC,4.01,Madison,1111 RESEARCH DR,,,BOZEMAN,MT,59718-6856,exact normalized cadastral owner match to independently supported current entity,confirmed,True,2026,1617357,0028003658,Vacant Land,,,"PIONEER LANDING SUB, S12, T07 S, R02 E, Lot 903A, ACRES 4.01, PLAT 4/801 BA",PIONEER LANDING SUB,Yellowstone Club
CROSSHARBOR / LONE MOUNTAIN,25042524412056500,MB MT ACQUISITION LLC,4.0,Madison,MOONLIGHT BASIN,ATTN: ACCOUNTS PAYABLE,PO BOX 1601514,BIG SKY,MT,59716-1514,exact normalized cadastral owner match to independently supported current entity,confirmed,True,2026,919156,0028000100,Vacant Land,,,"COWBOY HEAVEN SUB PH 3B, S24, T06 S, R02 E, Lot OPEN 3A, ACRES 4, OPEN SPACE PLAT 4/680",COWBOY HEAVEN SUB PH 3B,Moonlight Basin
CROSSHARBOR / LONE MOUNTAIN,25033718101046500,YELLOWSTONE MTN CLUB LLC &,4.0,Madison,1111 RESEARCH DR UNIT B,,,BOZEMAN,MT,59718-6856,exact normalized cadastral owner match to independently supported current entity,confirmed,True,2026,1539024,0028003897,Non-Valued Property,,YELLOWSTONE DEVELOPMENT LLC,"GOLF COURSE VILLAS, S18, T07 S, R03 E, Lot OS 1, ACRES 4, EXISTING POND PLAT 4/654",GOLF COURSE VILLAS,Yellowstone Club
CROSSHARBOR / LONE MOUNTAIN,25042515301506500,MB WEST OWNER LLC,3.972,Madison,C/O CORSSHARBOR CAPITAL PARTNERS,ONE BOSTON PLACE STE 2310,,BOSTON,MA,02108,exact normalized cadastral owner match to independently supported current entity,confirmed,True,2026,1633516,0028009559,Non-Valued Property,,,"MOONLIGHT BASIN WEST 1 PUD, S15, T06 S, R02 E, ACRES 3.972, OS 3",MOONLIGHT BASIN WEST 1 PUD,Moonlight Basin
CROSSHARBOR / LONE MOUNTAIN,25042515301490000,MB WEST OWNER LLC,3.957,Madison,C/O CORSSHARBOR CAPITAL PARTNERS,ONE BOSTON PLACE STE 2310,,BOSTON,MA,02108,exact normalized cadastral owner match to independently supported current entity,confirmed,True,2026,1633515,0028009558,Vacant Land,,,"MOONLIGHT BASIN WEST 1 PUD, S15, T06 S, R02 E, ACRES 3.957, TRACT 5",MOONLIGHT BASIN WEST 1 PUD,Moonlight Basin
CROSSHARBOR / LONE MOUNTAIN,25042524305010000,MB MT ACQUISITION LLC,3.95,Madison,MOONLIGHT BASIN,ATTN: ACCOUNTS PAYABLE,PO BOX 161514,BIG SKY,MT,59716-1514,exact normalized cadastral owner match to independently supported current entity,confirmed,True,2026,1618019,0028000136,Vacant Land,,,"SECTION 24 SUB PUD - BS, S24, T06 S, R02 E, ACRES 25.2416, UTILITY LOT 2, PLAT 4/791",SECTION 24 SUB PUD - BS,Moonlight Basin
CROSSHARBOR / LONE MOUNTAIN,25042515101070000,MB WEST OWNER LLC,3.861,Madison,C/O CORSSHARBOR CAPITAL PARTNERS,ONE BOSTON PLACE STE 2310,,BOSTON,MA,02108,exact normalized cadastral owner match to independently supported current entity,confirmed,True,2026,1633470,0028009513,Improved Property,,,"MOONLIGHT BASIN WEST 1 PUD, S15, T06 S, R02 E, ACRES 3.861, CONDO LOT 4",MOONLIGHT BASIN WEST 1 PUD,Moonlight Basin
CROSSHARBOR / LONE MOUNTAIN,25033705106016500,CH SP ACQUISITIONS LLC,3.82,Madison,CROSSHARBOR CAPITAL PARTNERS LLC,1 BOSTON PL,,BOSTON,MA,02108-4407,exact normalized cadastral owner match to independently supported current entity,confirmed,True,2026,921298,0029002090,Non-Valued Property,,,"SPANISH PEAKS RESORT SUB, S05, T07 S, R03 E, Lot OS-5, ACRES 3.82, PLAT 4/500",SPANISH PEAKS RESORT SUB,Spanish Peaks
CROSSHARBOR / LONE MOUNTAIN,25033708101156500,YELLOWSTONE DEVELOPMENT LLC,3.8,Madison,1111 RESEARCH DR UNIT B,,,BOZEMAN,MT,59718-6856,exact normalized cadastral owner match to independently supported current entity,confirmed,True,2026,920472,0028810002,Non-Valued Property,,,"S08, T07 S, R03 E, C.O.S. 4/408, OS E OF LT 1",,Yellowstone Club
CROSSHARBOR / LONE MOUNTAIN,25042524109136500,MB MT ACQUISITION LLC,3.721,Madison,MOONLIGHT BASIN,ATTN: ACCOUNTS PAYABLE,PO BOX 161514,BIG SKY,MT,59716-1514,exact normalized cadastral owner match to independently supported current entity,confirmed,True,2026,1618026,0028000143,Vacant Land,,,"SECTION 24 SUB PUD - BS, S24, T06 S, R02 E, ACRES 3.7205, ROAD LOT 6, PLAT 4/791",SECTION 24 SUB PUD - BS,Moonlight Basin
CROSSHARBOR / LONE MOUNTAIN,25033602104016500,YELLOWSTONE DEVELOPMENT LLC,3.645,Madison,1111 RESEARCH DR UNIT B,,,BOZEMAN,MT,59718-6856,exact normalized cadastral owner match to independently supported current entity,confirmed,True,2026,919432,0028003104,Non-Valued Property,,,"YELLOWSTONE MOUNTAIN CLUB PHASE 3, S02, T07 S, R02 E, Lot OS E OF 301, ACRES 3.645, PLAT 4/499",YELLOWSTONE MOUNTAIN CLUB PHASE 3,Yellowstone Club
CROSSHARBOR / LONE MOUNTAIN,06033804410156500,CH SP ACQUISITION LLC,3.57,Gallatin,MAIL TO: LONE MOUNTAIN LAND COMPANY,ATTN: STEVE HURST,PO BOX  160040,BIG SKY,MT,59716,exact normalized cadastral owner match to independently supported current entity,confirmed,True,2026,1627685,00RLE88330,Non-Valued Property,,,"SPANISH PEAKS EST PH 7, S04, T07 S, R03 E, ACRES 3.57, OS 2",SPANISH PEAKS EST PH 7,Spanish Peaks
CROSSHARBOR / LONE MOUNTAIN,25033717202256500,YELLOWSTONE MOUNTAIN CLUB LLC,3.53,Madison,1111 RESEARCH DR UNIT B,,,BOZEMAN,MT,59718-6856,exact normalized cadastral owner match to independently supported current entity,confirmed,True,2026,920256,0028220043,Non-Valued Property,,,"YELLOWSTONE MNTN CLUB GOLF COURSE PH 1, S17, T07 S, R03 E, Lot OS-706, ACRES 3.53, PLAT 4/560",YELLOWSTONE MNTN CLUB GOLF COURSE PH 1,Yellowstone Club
CROSSHARBOR / LONE MOUNTAIN,25033717201056500,YELLOWSTONE MOUNTAIN CLUB LLC,3.43,Madison,1111 RESEARCH DR UNIT B,,,BOZEMAN,MT,59718-6856,exact normalized cadastral owner match to independently supported current entity,confirmed,True,2026,920255,0028220042,Non-Valued Property,,,"YELLOWSTONE MNTN CLUB GOLF COURSE PH 1, S17, T07 S, R03 E, Lot OS-705, ACRES 3.43, PLAT 4/560",YELLOWSTONE MNTN CLUB GOLF COURSE PH 1,Yellowstone Club
CROSSHARBOR / LONE MOUNTAIN,25042513201496500,MB MT ACQUISITION LLC,3.34,Madison,PO BOX 161514,ATTN: ACCOUNTS PAYABLE,,BIG SKY,MT,59716-1514,exact normalized cadastral owner match to independently supported current entity,confirmed,True,2026,1608342,0028002130,Non-Valued Property,,,"MADISON OVERLOOK 2 SUB, S13, T06 S, R02 E, ACRES 3.34, ROAD PARCELS, PLAT 4/764",MADISON OVERLOOK 2 SUB,Moonlight Basin
CROSSHARBOR / LONE MOUNTAIN,25042524201800000,MB MT ACQUISITION LLC,3.2,Madison,MOONLIGHT BASIN,ATTN: ACCOUNTS PAYABLE,PO BOX 161514,BIG SKY,MT,59716-1514,exact normalized cadastral owner match to independently supported current entity,confirmed,True,2026,1618027,0028000144,Vacant Land,,,"SECTION 24 SUB PUD - BS, S24, T06 S, R02 E, ACRES 3.2, UNPLATTED REMAINER OF SECTION 24, PLAT 4/791",SECTION 24 SUB PUD - BS,Moonlight Basin
CROSSHARBOR / LONE MOUNTAIN,25033612202076500,YELLOWSTONE DEVELOPMENT LLC,3.06,Madison,1111 RESEARCH DR,,,BOZEMAN,MT,59718-6856,exact normalized cadastral owner match to independently supported current entity,confirmed,True,2026,1540775,0028003655,Non-Valued Property,,,"AMERICAN SPIRIT SUB PH 3, S12, T07 S, R02 E, Lot 5, ACRES 3.06, PLAT 4/659",AMERICAN SPIRIT SUB PH 3,Yellowstone Club
CROSSHARBOR / LONE MOUNTAIN,25042515101060000,MB WEST OWNER LLC,2.995,Madison,C/O CORSSHARBOR CAPITAL PARTNERS,ONE BOSTON PLACE STE 2310,,BOSTON,MA,02108,exact normalized cadastral owner match to independently supported current entity,confirmed,True,2026,1633469,0028009512,Vacant Land,,,"MOONLIGHT BASIN WEST 1 PUD, S15, T06 S, R02 E, ACRES 2.995, CONDO LOT 3",MOONLIGHT BASIN WEST 1 PUD,Moonlight Basin
CROSSHARBOR / LONE MOUNTAIN,25042536301296500,BIG SKY RIDGE LLC,2.98,Madison,1111 RESEARCH DR UNIT B,,,BOZEMAN,MT,59718-6856,exact normalized cadastral owner match to independently supported current entity,confirmed,True,2026,919268,0028000489,Non-Valued Property,,,"YELLOWSTONE MOUNTAIN CLUB PHASE 3A, S36, T06 S, R02 E, Lot OS 14, ACRES 2.98, PLAT 4/517",YELLOWSTONE MOUNTAIN CLUB PHASE 3A,Yellowstone Club
CROSSHARBOR / LONE MOUNTAIN,25042536301236500,BIG SKY RIDGE LLC,2.91,Madison,1111 RESEARCH DR UNIT B,,,BOZEMAN,MT,59718-6856,exact normalized cadastral owner match to independently supported current entity,confirmed,True,2026,919264,0028000486,Non-Valued Property,,,"YELLOWSTONE MOUNTAIN CLUB PHASE 3A, S36, T06 S, R02 E, Lot OS 11, ACRES 2.91, PLAT 4/517",YELLOWSTONE MOUNTAIN CLUB PHASE 3A,Yellowstone Club
CROSSHARBOR / LONE MOUNTAIN,25042515101100000,MB WEST OWNER LLC,2.869,Madison,C/O CORSSHARBOR CAPITAL PARTNERS,ONE BOSTON PLACE STE 2310,,BOSTON,MA,02108,exact normalized cadastral owner match to independently supported current entity,confirmed,True,2026,1633473,0028009516,Vacant Land,,,"MOONLIGHT BASIN WEST 1 PUD, S15, T06 S, R02 E, Lot 9, ACRES 2.869",MOONLIGHT BASIN WEST 1 PUD,Moonlight Basin
CROSSHARBOR / LONE MOUNTAIN,25042524101056500,MB MT ACQUISITION LLC,2.81,Madison,MOONLIGHT BASIN,ATTN: ACCOUNTS PAYABLE,PO BOX 161514,BIG SKY,MT,59716-1514,exact normalized cadastral owner match to independently supported current entity,confirmed,True,2026,919130,0028000072,Non-Valued Property,,,"COWBOY HEAVEN SUB PH 3A, S24, T06 S, R02 E, ACRES 2.81, ROADS IN NORTH PART, PLAT 4/466",COWBOY HEAVEN SUB PH 3A,Moonlight Basin
CROSSHARBOR / LONE MOUNTAIN,06042733305056500,CH SP ACQUISITION LLC,2.75,Gallatin,MAIL TO: LONE MOUNTAIN LAND COMPANY,ATTN: STEVE HURST,PO BOX  160040,BIG SKY,MT,59716,exact normalized cadastral owner match to independently supported current entity,confirmed,True,2026,1620330,00RKE87425,Non-Valued Property,,,"SPANISH PEAKS RESORT PUD SUB PH 8C, S33, T06 S, R03 E, ACRES 2.75, OS 1       J-729",SPANISH PEAKS RESORT PUD SUB PH 8C,Spanish Peaks
CROSSHARBOR / LONE MOUNTAIN,25042515201260000,MB WEST OWNER LLC,2.734,Madison,C/O CORSSHARBOR CAPITAL PARTNERS,ONE BOSTON PLACE STE 2310,,BOSTON,MA,02108,exact normalized cadastral owner match to independently supported current entity,confirmed,True,2026,1633492,0028009535,Vacant Land,,,"MOONLIGHT BASIN WEST 1 PUD, S15, T06 S, R02 E, Lot 25, ACRES 2.734",MOONLIGHT BASIN WEST 1 PUD,Moonlight Basin
CROSSHARBOR / LONE MOUNTAIN,06033804415010000,YELLOWSTONE DEVELOPMENT LLC,2.69,Gallatin,1111 RESEARCH DR,,,BOZEMAN,MT,59718-7476,exact normalized cadastral owner match to independently supported current entity,confirmed,True,2026,629025,00RLE56599,Vacant Land,,,"SPANISH PEAKS EST PH 6, S04, T07 S, R03 E, Lot 152, ACRES 2.69, PLAT J-452",SPANISH PEAKS EST PH 6,Yellowstone Club
CROSSHARBOR / LONE MOUNTAIN,25033705304016500,YELLOWSTONE DEVELOPMENT LLC,2.67,Madison,1111 RESEARCH DR UNIT B,,,BOZEMAN,MT,59718-6856,exact normalized cadastral owner match to independently supported current entity,confirmed,True,2026,920480,0028810010,Non-Valued Property,,,"YELLOWSTONE MOUNTAIN CLUB PHASE 1 AND 2, S05, T07 S, R03 E, Lot OS S OF 14, ACRES 2.67, PLAT 4/408",YELLOWSTONE MOUNTAIN CLUB PHASE 1 AND 2,Yellowstone Club
CROSSHARBOR / LONE MOUNTAIN,25042524405010000,MB MT ACQUISITION LLC,2.621,Madison,MOONLIGHT BASIN,ATTN: ACCOUNTS PAYABLE,PO BOX 161514,BIG SKY,MT,59716-1514,exact normalized cadastral owner match to independently supported current entity,confirmed,True,2026,1618020,0028000137,Vacant Land,,,"SECTION 24 SUB PUD - BS, S24, T06 S, R02 E, ACRES 2.6205, REMAINDER 1, PLAT 4/791",SECTION 24 SUB PUD - BS,Moonlight Basin
CROSSHARBOR / LONE MOUNTAIN,06033804411360000,YELLOWSTONE DEVELOPMENT LLC,2.61,Gallatin,1111 RESEARCH DR,,,BOZEMAN,MT,59718-7476,exact normalized cadastral owner match to independently supported current entity,confirmed,True,2026,629005,00RLE56579,Vacant Land,,,"SPANISH PEAKS EST PH 6, S04, T07 S, R03 E, Lot 132, ACRES 2.61, PLAT J-452",SPANISH PEAKS EST PH 6,Yellowstone Club
CROSSHARBOR / LONE MOUNTAIN,25042516101016500,MB MT ACQUISITION LLC,2.546,Madison,MOONLIGHT BASIN,ATTN: ACCOUNTS PAYABLE,PO BOX 161514,BIG SKY,MT,59716-1514,exact normalized cadastral owner match to independently supported current entity,confirmed,True,2026,919888,0028009800,Vacant Land,,,"MOONLIGHT BASIN WEST 1 PUD, S16, T06 S, R02 E, ACRES 2.546, UTILITY LOT 2",MOONLIGHT BASIN WEST 1 PUD,Moonlight Basin
CROSSHARBOR / LONE MOUNTAIN,25042631301246500,YELLOWSTONE DEVELOPMENT LLC,2.52,Madison,1111 RESEARCH DR UNIT B,,,BOZEMAN,MT,59718-6856,exact normalized cadastral owner match to independently supported current entity,confirmed,True,2026,921572,0029006216,Non-Valued Property,,,"YELLOWSTONE MOUNTAIN CLUB PHASE 1 AND 2, S31, T06 S, R03 E, Lot OP 102A, ACRES 2.52, PLAT 4/541 OVERLOOK SUB",YELLOWSTONE MOUNTAIN CLUB PHASE 1 AND 2,Yellowstone Club
CROSSHARBOR / LONE MOUNTAIN,06033802417210000,YELLOWSTONE MOUNTAIN CLUB LLC,2.5,Gallatin,1111 RESEARCH DR UNIT B,,,BOZEMAN,MT,59718,exact normalized cadastral owner match to independently supported current entity,confirmed,True,2026,628067,00RLE40530,Vacant Land,,,"FIRELIGHT SUB PH1, S02, T07 S, R03 E, Lot 4, ACRES 2.5, PLAT J-245",FIRELIGHT SUB PH1,Yellowstone Club
CROSSHARBOR / LONE MOUNTAIN,25033705111010000,CH SP ACQUISITIONS LLC,2.41,Madison,CROSSHARBOR CAPITAL PARTNERS LLC,1 BOSTON PL,,BOSTON,MA,02108-4407,exact normalized cadastral owner match to independently supported current entity,confirmed,True,2026,921223,0029002021,Improved Property,,,"SPANISH PEAKS RESORT SUB, S05, T07 S, R03 E, Lot 21A, ACRES 2.41, PLAT 4/738",SPANISH PEAKS RESORT SUB,Spanish Peaks
CROSSHARBOR / LONE MOUNTAIN,25042515301480000,MB WEST OWNER LLC,2.386,Madison,C/O CORSSHARBOR CAPITAL PARTNERS,ONE BOSTON PLACE STE 2310,,BOSTON,MA,02108,exact normalized cadastral owner match to independently supported current entity,confirmed,True,2026,1633514,0028009557,Vacant Land,,,"MOONLIGHT BASIN WEST 1 PUD, S15, T06 S, R02 E, ACRES 2.386, CONDO LOT 7",MOONLIGHT BASIN WEST 1 PUD,Moonlight Basin
CROSSHARBOR / LONE MOUNTAIN,25042515301370000,MB WEST OWNER LLC,2.346,Madison,C/O CORSSHARBOR CAPITAL PARTNERS,ONE BOSTON PLACE STE 2310,,BOSTON,MA,02108,exact normalized cadastral owner match to independently supported current entity,confirmed,True,2026,1633503,0028009546,Vacant Land,,,"MOONLIGHT BASIN WEST 1 PUD, S15, T06 S, R02 E, Lot 36, ACRES 2.346",MOONLIGHT BASIN WEST 1 PUD,Moonlight Basin
CROSSHARBOR / LONE MOUNTAIN,25042515301270000,MB WEST OWNER LLC,2.308,Madison,C/O CORSSHARBOR CAPITAL PARTNERS,ONE BOSTON PLACE STE 2310,,BOSTON,MA,02108,exact normalized cadastral owner match to independently supported current entity,confirmed,True,2026,1633493,0028009536,Vacant Land,,,"MOONLIGHT BASIN WEST 1 PUD, S15, T06 S, R02 E, Lot 26, ACRES 2.308",MOONLIGHT BASIN WEST 1 PUD,Moonlight Basin
CROSSHARBOR / LONE MOUNTAIN,25042515301280000,MB WEST OWNER LLC,2.3,Madison,C/O CORSSHARBOR CAPITAL PARTNERS,ONE BOSTON PLACE STE 2310,,BOSTON,MA,02108,exact normalized cadastral owner match to independently supported current entity,confirmed,True,2026,1633494,0028009537,Vacant Land,,,"MOONLIGHT BASIN WEST 1 PUD, S15, T06 S, R02 E, Lot 27, ACRES 2.3",MOONLIGHT BASIN WEST 1 PUD,Moonlight Basin
CROSSHARBOR / LONE MOUNTAIN,25033707101116500,YELLOWSTONE DEVELOPMENT LLC,2.3,Madison,PO BOX 161097,,,BIG SKY,MT,59716-1097,exact normalized cadastral owner match to independently supported current entity,confirmed,True,2026,1514770,0028013525,Non-Valued Property,,,"SETTLEMENT SUB PHS 1, S07, T07 S, R03 E, ACRES 2.3, OS 1,  PLAT 4/618",SETTLEMENT SUB PHS 1,Yellowstone Club
CROSSHARBOR / LONE MOUNTAIN,06033804201200000,CH SP ACQUISITION LLC,2.29,Gallatin,MAIL TO: LONE MOUNTAIN LAND COMPANY,ATTN: STEVE HURST,PO BOX  160040,BIG SKY,MT,59716,exact normalized cadastral owner match to independently supported current entity,confirmed,True,2026,628959,00RLE54849,Improved Property,,,"SPANISH PEAKS EST PH 1A, S04, T07 S, R03 E, Lot 2, ACRES 2.29, PLAT J-427-A",SPANISH PEAKS EST PH 1A,Spanish Peaks
CROSSHARBOR / LONE MOUNTAIN,25042515301350000,MB WEST OWNER LLC,2.284,Madison,C/O CORSSHARBOR CAPITAL PARTNERS,ONE BOSTON PLACE STE 2310,,BOSTON,MA,02108,exact normalized cadastral owner match to independently supported current entity,confirmed,True,2026,1633501,0028009544,Vacant Land,,,"MOONLIGHT BASIN WEST 1 PUD, S15, T06 S, R02 E, Lot 34, ACRES 2.284",MOONLIGHT BASIN WEST 1 PUD,Moonlight Basin
CROSSHARBOR / LONE MOUNTAIN,25042524201756500,MB MT ACQUISITION LLC,2.189,Madison,MOONLIGHT BASIN,ATTN: ACCOUNTS PAYABLE,PO BOX 161514,BIG SKY,MT,59716-1514,exact normalized cadastral owner match to independently supported current entity,confirmed,True,2026,919133,0028000075,Non-Valued Property,,,"SECTION 24 SUB PUD - BS, S24, T06 S, R02 E, ACRES 2.189, ROAD LOT 3, PLAT 4/791",SECTION 24 SUB PUD - BS,Moonlight Basin
CROSSHARBOR / LONE MOUNTAIN,25042524201556500,MB MT ACQUISITION LLC,2.185,Madison,MONLIGHT BASIN,ATTN:ACCOUNTS PAYABLE,PO BOX 161514,BIG SKY,MT,59716-1514,exact normalized cadastral owner match to independently supported current entity,confirmed,True,2026,919132,0028000074,Non-Valued Property,,,"COWBOY HEAVEN SUB PH 3A, S24, T06 S, R02 E, Lot ROADS, ACRES 2.185, PLAT 4/466",COWBOY HEAVEN SUB PH 3A,Moonlight Basin
CROSSHARBOR / LONE MOUNTAIN,25042515301290000,MB WEST OWNER LLC,2.142,Madison,C/O CORSSHARBOR CAPITAL PARTNERS,ONE BOSTON PLACE STE 2310,,BOSTON,MA,02108,exact normalized cadastral owner match to independently supported current entity,confirmed,True,2026,1633495,0028009538,Vacant Land,,,"MOONLIGHT BASIN WEST 1 PUD, S15, T06 S, R02 E, Lot 28, ACRES 2.142",MOONLIGHT BASIN WEST 1 PUD,Moonlight Basin
CROSSHARBOR / LONE MOUNTAIN,25033706201506500,YELLOWSTONE MOUNTAIN CLUB LLC,2.12,Madison,1111 RESEARCH DR UNIT B,,,BOZEMAN,MT,59718-6856,exact normalized cadastral owner match to independently supported current entity,confirmed,True,2026,920462,0028800230,Non-Valued Property,,,"ANDESITE POINTE SUB, S06, T07 S, R03 E, ACRES 2.12, OPEN SPACE A-1",ANDESITE POINTE SUB,Yellowstone Club
CROSSHARBOR / LONE MOUNTAIN,25033612106416500,YELLOWSTONE DEVELOPMENT LLC,2.07,Madison,1111 RESEARCH DR UNIT B,,,BOZEMAN,MT,59718-6856,exact normalized cadastral owner match to independently supported current entity,confirmed,True,2026,919731,0028006008,Non-Valued Property,,,"YELLOWSTONE MOUNTAIN CLUB PHASE 6, S12, T07 S, R02 E, Lot OS ROADWAYS, ACRES 2.07, PLAT 4/492",YELLOWSTONE MOUNTAIN CLUB PHASE 6,Yellowstone Club
CROSSHARBOR / LONE MOUNTAIN,25033706101456500,YELLOWSTONE DEVELOPMENT LLC,2.03,Madison,1111 RESEARCH DR UNIT B,,,BOZEMAN,MT,59718-6856,exact normalized cadastral owner match to independently supported current entity,confirmed,True,2026,920485,0028810014,Non-Valued Property,,,"YELLOWSTONE MOUNTAIN CLUB PHASE 1 AND 2, S06, T07 S, R03 E, Lot OS N OF 55 - 57 & 74,83, ACRES 2.03, PLAT 4/408",YELLOWSTONE MOUNTAIN CLUB PHASE 1 AND 2,Yellowstone Club
CROSSHARBOR / LONE MOUNTAIN,25042515201240000,MB WEST OWNER LLC,2.004,Madison,C/O CORSSHARBOR CAPITAL PARTNERS,ONE BOSTON PLACE STE 2310,,BOSTON,MA,02108,exact normalized cadastral owner match to independently supported current entity,confirmed,True,2026,1633490,0028009533,Vacant Land,,,"MOONLIGHT BASIN WEST 1 PUD, S15, T06 S, R02 E, Lot 23, ACRES 2.004",MOONLIGHT BASIN WEST 1 PUD,Moonlight Basin
CROSSHARBOR / LONE MOUNTAIN,25042515301380000,MB WEST OWNER LLC,1.966,Madison,C/O CORSSHARBOR CAPITAL PARTNERS,ONE BOSTON PLACE STE 2310,,BOSTON,MA,02108,exact normalized cadastral owner match to independently supported current entity,confirmed,True,2026,1633504,0028009547,Vacant Land,,,"MOONLIGHT BASIN WEST 1 PUD, S15, T06 S, R02 E, Lot 37, ACRES 1.966",MOONLIGHT BASIN WEST 1 PUD,Moonlight Basin
CROSSHARBOR / LONE MOUNTAIN,25042515201310000,MB WEST OWNER LLC,1.923,Madison,C/O CORSSHARBOR CAPITAL PARTNERS,ONE BOSTON PLACE STE 2310,,BOSTON,MA,02108,exact normalized cadastral owner match to independently supported current entity,confirmed,True,2026,1633497,0028009540,Vacant Land,,,"MOONLIGHT BASIN WEST 1 PUD, S15, T06 S, R02 E, Lot 30, ACRES 1.923",MOONLIGHT BASIN WEST 1 PUD,Moonlight Basin
CROSSHARBOR / LONE MOUNTAIN,25033612107206500,YELLOWSTONE DEVELOPMENT LLC,1.92,Madison,1111 RESEARCH DR,,,BOZEMAN,MT,59718-6856,exact normalized cadastral owner match to independently supported current entity,confirmed,True,2026,1617359,0028003681,Non-Valued Property,,,"PIONEER LANDING SUB, S12, T07 S, R02 E, Lot 905A OS, ACRES 1.92, PLAT 4/801 BA",PIONEER LANDING SUB,Yellowstone Club
CROSSHARBOR / LONE MOUNTAIN,25042515301340000,MB WEST OWNER LLC,1.897,Madison,C/O CORSSHARBOR CAPITAL PARTNERS,ONE BOSTON PLACE STE 2310,,BOSTON,MA,02108,exact normalized cadastral owner match to independently supported current entity,confirmed,True,2026,1633500,0028009543,Vacant Land,,,"MOONLIGHT BASIN WEST 1 PUD, S15, T06 S, R02 E, Lot 33, ACRES 1.897",MOONLIGHT BASIN WEST 1 PUD,Moonlight Basin
CROSSHARBOR / LONE MOUNTAIN,25033705401906500,YELLOWSTONE MOUNTAIN CLUB LLC &,1.892,Madison,1111 RESEARCH DR UNIT B,,,BOZEMAN,MT,59718-6856,exact normalized cadastral owner match to independently supported current entity,confirmed,True,2026,919507,0028003530,Non-Valued Property,,,"YELLOWSTONE MOUNTAIN CLUB PHASE 1 AND 2, S05, T07 S, R03 E, Lot OS AT GATE, ACRES 1.892",YELLOWSTONE MOUNTAIN CLUB PHASE 1 AND 2,Yellowstone Club
CROSSHARBOR / LONE MOUNTAIN,25042513402306500,MB MT ACQUISITION LLC,1.89,Madison,PO BOX 161514,ATTN: ACCOUNTS PAYABLE,,BIG SKY,MT,59716-1514,exact normalized cadastral owner match to independently supported current entity,confirmed,True,2026,1572910,0028002139,Non-Valued with Specials,,,"LOWER ULERYS 3 SUB, S13, T06 S, R02 E, Lot ROAD LOT A, ACRES 1.89",LOWER ULERYS 3 SUB,Moonlight Basin
CROSSHARBOR / LONE MOUNTAIN,25033612101026500,YELLOWSTONE DEVELOPMENT LLC,1.89,Madison,1111 RESEARCH DR,,,BOZEMAN,MT,59718-6856,exact normalized cadastral owner match to independently supported current entity,confirmed,True,2026,1569136,0028003520,Non-Valued with Specials,,,"PIONEER POINT SUB, S12, T07 S, R02 E, Lot OPEN SPACE 1, ACRES 1.89, PLAT 4/709",PIONEER POINT SUB,Yellowstone Club
CROSSHARBOR / LONE MOUNTAIN,25042632401350000,CH SP ACQUISITIONS LLC,1.86,Madison,CROSSHARBOR CAPITAL PARTNERS LLC,1 BOSTON PL,,BOSTON,MA,02108-4407,exact normalized cadastral owner match to independently supported current entity,confirmed,True,2026,1609543,0029006103,Vacant Land,,,"SPANISH PEAKS RESORT PHASE 3, S32, T06 S, R03 E, Lot 3, ACRES 1.86",SPANISH PEAKS RESORT PHASE 3,Spanish Peaks
CROSSHARBOR / LONE MOUNTAIN,25042515201230000,MB WEST OWNER LLC,1.845,Madison,C/O CORSSHARBOR CAPITAL PARTNERS,ONE BOSTON PLACE STE 2310,,BOSTON,MA,02108,exact normalized cadastral owner match to independently supported current entity,confirmed,True,2026,1633489,0028009532,Vacant Land,,,"MOONLIGHT BASIN WEST 1 PUD, S15, T06 S, R02 E, Lot 22, ACRES 1.845",MOONLIGHT BASIN WEST 1 PUD,Moonlight Basin
CROSSHARBOR / LONE MOUNTAIN,25033707302156500,YELLOWSTONE DEVELOPMENT LLC,1.84,Madison,1111 RESEARCH DR STE B,,,BOZEMAN,MT,59718-7476,exact normalized cadastral owner match to independently supported current entity,confirmed,True,2026,1598445,0028003748,Non-Valued Property,,,"BIG SPRINGS VILLAGE SUB PH 2, S07, T07 S, R03 E, ACRES 1.84, OS1, PLAT 4/766",BIG SPRINGS VILLAGE SUB PH 2,Yellowstone Club
CROSSHARBOR / LONE MOUNTAIN,25042515301300000,MB WEST OWNER LLC,1.772,Madison,C/O CORSSHARBOR CAPITAL PARTNERS,ONE BOSTON PLACE STE 2310,,BOSTON,MA,02108,exact normalized cadastral owner match to independently supported current entity,confirmed,True,2026,1633496,0028009539,Vacant Land,,,"MOONLIGHT BASIN WEST 1 PUD, S15, T06 S, R02 E, Lot 29, ACRES 1.772",MOONLIGHT BASIN WEST 1 PUD,Moonlight Basin
CROSSHARBOR / LONE MOUNTAIN,25042632401450000,CH SP ACQUISITIONS LLC,1.725,Madison,CROSSHARBOR CAPITAL PARTNERS LLC,1 BOSTON PL,,BOSTON,MA,02108-4407,exact normalized cadastral owner match to independently supported current entity,confirmed,True,2026,1609545,0029006104,Vacant Land,,,"SPANISH PEAKS RESORT PHASE 3, S32, T06 S, R03 E, Lot 5, ACRES 1.97",SPANISH PEAKS RESORT PHASE 3,Spanish Peaks
CROSSHARBOR / LONE MOUNTAIN,25042524101646500,MB MT ACQUISITION LLC,1.717,Madison,MOONLIGHT BASIN,ATTN: ACCOUNTS PAYABLE,PO BOX 161514,BIG SKY,MT,59716-1514,exact normalized cadastral owner match to independently supported current entity,confirmed,True,2026,1541812,0028012013,Non-Valued with Specials,,,"LOWER ULERYS SUB, S24, T06 S, R02 E, Lot D, ACRES 1.717, PLAT 4/663C OPEN SPACE",LOWER ULERYS SUB,Moonlight Basin
CROSSHARBOR / LONE MOUNTAIN,25042515201016500,MB WEST OWNER LLC,1.71,Madison,C/O CORSSHARBOR CAPITAL PARTNERS,ONE BOSTON PLACE STE 2310,,BOSTON,MA,02108,exact normalized cadastral owner match to independently supported current entity,confirmed,True,2026,1633488,0028009531,Vacant Land,,,"MOONLIGHT BASIN WEST 1 PUD, S15, T06 S, R02 E, ACRES 1.71, OS 1",MOONLIGHT BASIN WEST 1 PUD,Moonlight Basin
CROSSHARBOR / LONE MOUNTAIN,25033601101206500,YELLOWSTONE DEVELOPMENT LLC,1.71,Madison,1111 RESEARCH DR UNIT B,,,BOZEMAN,MT,59718-6856,exact normalized cadastral owner match to independently supported current entity,confirmed,True,2026,920490,0028810019,Non-Valued Property,,,"YELLOWSTONE MOUNTAIN CLUB PHASE 1 AND 2, S01, T07 S, R02 E, Lot OS N-192, ACRES 1.71, PLAT 4/408",YELLOWSTONE MOUNTAIN CLUB PHASE 1 AND 2,Yellowstone Club
CROSSHARBOR / LONE MOUNTAIN,25042515201440000,MB WEST OWNER LLC,1.708,Madison,C/O CORSSHARBOR CAPITAL PARTNERS,ONE BOSTON PLACE STE 2310,,BOSTON,MA,02108,exact normalized cadastral owner match to independently supported current entity,confirmed,True,2026,1633510,0028009553,Vacant Land,,,"MOONLIGHT BASIN WEST 1 PUD, S15, T06 S, R02 E, Lot 43, ACRES 1.708",MOONLIGHT BASIN WEST 1 PUD,Moonlight Basin
CROSSHARBOR / LONE MOUNTAIN,25042632401010000,CH SP ACQUISITIONS LLC,1.7,Madison,CROSSHARBOR CAPITAL PARTNERS LLC,1 BOSTON PL,,BOSTON,MA,02108-4407,exact normalized cadastral owner match to independently supported current entity,confirmed,True,2026,1609542,0029006102,Vacant Land,,,"SPANISH PEAKS RESORT PHASE 3, S32, T06 S, R03 E, Lot 2, ACRES 1.7",SPANISH PEAKS RESORT PHASE 3,Spanish Peaks
CROSSHARBOR / LONE MOUNTAIN,25033705201206500,YELLOWSTONE DEVELOPMENT LLC,1.7,Madison,1111 RESEARCH DR UNIT B,,,BOZEMAN,MT,59718-6856,exact normalized cadastral owner match to independently supported current entity,confirmed,True,2026,920475,0028810005,Non-Valued Property,,,"YELLOWSTONE MOUNTAIN CLUB PHASE 1 AND 2, S05, T07 S, R03 E, Lot OS S-30&31, ACRES 1.7, PLAT 4/408",YELLOWSTONE MOUNTAIN CLUB PHASE 1 AND 2,Yellowstone Club
CROSSHARBOR / LONE MOUNTAIN,25042536301250000,BIG SKY RIDGE LLC,1.68,Madison,1111 RESEARCH DR UNIT B,,,BOZEMAN,MT,59718-6856,exact normalized cadastral owner match to independently supported current entity,confirmed,True,2026,919265,0028000487,Non-Valued Property,,,"YELLOWSTONE MOUNTAIN CLUB PHASE 3A, S36, T06 S, R02 E, Lot OS 12, ACRES 1.68, PLAT 4/517",YELLOWSTONE MOUNTAIN CLUB PHASE 3A,Yellowstone Club
CROSSHARBOR / LONE MOUNTAIN,25042513201486500,MB MT ACQUISITION LLC,1.657,Madison,PO BOX 161514,ATTN: ACCOUNTS PAYABLE,,BIG SKY,MT,59716-1514,exact normalized cadastral owner match to independently supported current entity,confirmed,True,2026,1607488,0028002130,Non-Valued Property,,,"MADISON OVERLOOK 2 SUB, S13, T06 S, R02 E, ACRES 1.657, OS 1A, PLAT 4/764A",MADISON OVERLOOK 2 SUB,Moonlight Basin
CROSSHARBOR / LONE MOUNTAIN,25042515301450000,MB WEST OWNER LLC,1.639,Madison,C/O CORSSHARBOR CAPITAL PARTNERS,ONE BOSTON PLACE STE 2310,,BOSTON,MA,02108,exact normalized cadastral owner match to independently supported current entity,confirmed,True,2026,1633511,0028009554,Vacant Land,,,"MOONLIGHT BASIN WEST 1 PUD, S15, T06 S, R02 E, Lot 44, ACRES 1.639",MOONLIGHT BASIN WEST 1 PUD,Moonlight Basin
CROSSHARBOR / LONE MOUNTAIN,25042524412036500,MB MT ACQUISITION LLC,1.62,Madison,MOONLIGHT BASIN,ATTN:  ACCOUNTS PAYABLE,P O BOX 161514,BIG SKY,MT,59716-1514,exact normalized cadastral owner match to independently supported current entity,confirmed,True,2026,919155,0028000099,Non-Valued Property,,,"COWBOY HEAVEN SUB PH 3B, S24, T06 S, R02 E, Lot OPEN SPACE 2, PLAT 4/485",COWBOY HEAVEN SUB PH 3B,Moonlight Basin
CROSSHARBOR / LONE MOUNTAIN,25042524412016500,MB MT ACQUISITION LLC,1.62,Madison,MOONLIGHT BASIN,ATTN: ACCOUNTS PAYABLE,PO BOX 161514,BIG SKY,MT,59716-1514,exact normalized cadastral owner match to independently supported current entity,confirmed,True,2026,919154,0028000098,Non-Valued Property,,,"COWBOY HEAVEN SUB PH 3B, S24, T06 S, R02 E, ACRES 1.62, OPEN SPACE 1A PLAT 4/680",COWBOY HEAVEN SUB PH 3B,Moonlight Basin
CROSSHARBOR / LONE MOUNTAIN,25033718201050000,YELLOWSTONE DEVELOPMENT LLC,1.6,Madison,1111 RESEARCH DR,,,BOZEMAN,MT,59718-7476,exact normalized cadastral owner match to independently supported current entity,confirmed,True,2026,1597152,0028003906,Improved Property,,,"LOWER GOLF COURSE SUB PHS 2, S18, T07 S, R03 E, Lot 769, ACRES 1.6, PLAT 4/753",LOWER GOLF COURSE SUB PHS 2,Yellowstone Club
CROSSHARBOR / LONE MOUNTAIN,25042510301010000,MB WEST OWNER LLC,1.59,Madison,C/O CROSSHARBOR CAPITAL PARTNERS,ONE BOSTON PLACE STE 2310,,BOSTON,MA,02108,exact normalized cadastral owner match to independently supported current entity,confirmed,True,2026,1633454,0028009501,Vacant Land,,,"MOONLIGHT BASIN WEST 1 PUD, S10, T06 S, R02 E, Lot 1, ACRES 1.59, PLAT 4/833",MOONLIGHT BASIN WEST 1 PUD,Moonlight Basin
CROSSHARBOR / LONE MOUNTAIN,25042515201420000,MB WEST OWNER LLC,1.585,Madison,C/O CORSSHARBOR CAPITAL PARTNERS,ONE BOSTON PLACE STE 2310,,BOSTON,MA,02108,exact normalized cadastral owner match to independently supported current entity,confirmed,True,2026,1633508,0028009551,Vacant Land,,,"MOONLIGHT BASIN WEST 1 PUD, S15, T06 S, R02 E, Lot 41, ACRES 1.585",MOONLIGHT BASIN WEST 1 PUD,Moonlight Basin
CROSSHARBOR / LONE MOUNTAIN,25033611101020000,YELLOWSTONE MTN CLUB LLC &,1.58,Madison,1111 RESEARCH DR STE B,STE B,,BOZEMAN,MT,59718-7476,exact normalized cadastral owner match to independently supported current entity,confirmed,True,2026,1540762,0028003659,Improved Property,,VERTIN JESSE,"AMERICAN SPIRIT SUB PH 3, S11, T07 S, R02 E, Lot 3, ACRES 1.58",AMERICAN SPIRIT SUB PH 3,Yellowstone Club
CROSSHARBOR / LONE MOUNTAIN,25042515201250000,MB WEST OWNER LLC,1.554,Madison,C/O CORSSHARBOR CAPITAL PARTNERS,ONE BOSTON PLACE STE 2310,,BOSTON,MA,02108,exact normalized cadastral owner match to independently supported current entity,confirmed,True,2026,1633491,0028009534,Vacant Land,,,"MOONLIGHT BASIN WEST 1 PUD, S15, T06 S, R02 E, Lot 24, ACRES 1.554",MOONLIGHT BASIN WEST 1 PUD,Moonlight Basin
CROSSHARBOR / LONE MOUNTAIN,25042510301050000,MB WEST OWNER LLC,1.515,Madison,C/O CROSSHARBOR CAPITAL PARTNERS,ONE BOSTON PLACE STE 2310,,BOSTON,MA,02108,exact normalized cadastral owner match to independently supported current entity,confirmed,True,2026,1633458,0028009505,Vacant Land,,,"MOONLIGHT BASIN WEST 1 PUD, S10, T06 S, R02 E, Lot 5, ACRES 1.515, PLAT 4/833",MOONLIGHT BASIN WEST 1 PUD,Moonlight Basin
CROSSHARBOR / LONE MOUNTAIN,06042733305010000,CH SP ACQUISITION LLC,1.5,Gallatin,MAIL TO: LONE MOUNTAIN LAND COMPANY,ATTN: STEVE HURST,PO BOX  160040,BIG SKY,MT,59716,exact normalized cadastral owner match to independently supported current entity,confirmed,True,2026,1620327,00RKE87424,Vacant Land,,,"SPANISH PEAKS RESORT PUD SUB PH 8C, S33, T06 S, R03 E, Lot 2, ACRES 1.5, PLAT J-729",SPANISH PEAKS RESORT PUD SUB PH 8C,Spanish Peaks
CROSSHARBOR / LONE MOUNTAIN,25042515101180000,MB WEST OWNER LLC,1.455,Madison,C/O CORSSHARBOR CAPITAL PARTNERS,ONE BOSTON PLACE STE 2310,,BOSTON,MA,02108,exact normalized cadastral owner match to independently supported current entity,confirmed,True,2026,1633481,0028009524,Vacant Land,,,"MOONLIGHT BASIN WEST 1 PUD, S15, T06 S, R02 E, Lot 17, ACRES 1.455",MOONLIGHT BASIN WEST 1 PUD,Moonlight Basin
CROSSHARBOR / LONE MOUNTAIN,25042524109106500,MB MT ACQUISITION LLC,1.453,Madison,MOONLIGHT BASIN,ATTN: ACCOUNTS PAYABLE,PO BOX 161514,BIG SKY,MT,59716-1514,exact normalized cadastral owner match to independently supported current entity,confirmed,True,2026,1618022,0028000139,Vacant Land,,,"SECTION 24 SUB PUD - BS, S24, T06 S, R02 E, ACRES 1.4534, ROAD LOT 1, PLAT 4/791",SECTION 24 SUB PUD - BS,Moonlight Basin
CROSSHARBOR / LONE MOUNTAIN,25033705201256500,YELLOWSTONE DEVELOPMENT LLC,1.42,Madison,1111 RESEARCH DR UNIT B,,,BOZEMAN,MT,59718-6856,exact normalized cadastral owner match to independently supported current entity,confirmed,True,2026,920476,0028810006,Non-Valued Property,,,"YELLOWSTONE MOUNTAIN CLUB PHASE 1 AND 2, S05, T07 S, R03 E, Lot OS N OF 35, ACRES 1.42, PLAT 4/408",YELLOWSTONE MOUNTAIN CLUB PHASE 1 AND 2,Yellowstone Club
CROSSHARBOR / LONE MOUNTAIN,25042510301030000,MB WEST OWNER LLC,1.39,Madison,C/O CROSSHARBOR CAPITAL PARTNERS,ONE BOSTON PLACE STE 2310,,BOSTON,MA,02108,exact normalized cadastral owner match to independently supported current entity,confirmed,True,2026,1633455,0028009503,Vacant Land,,,"MOONLIGHT BASIN WEST 1 PUD, S10, T06 S, R02 E, Lot 3, ACRES 1.39, PLAT 4/823",MOONLIGHT BASIN WEST 1 PUD,Moonlight Basin
CROSSHARBOR / LONE MOUNTAIN,25033705405070000,YELLOWSTONE DEVELOPMENT LLC,1.39,Madison,PO BOX 161097,,,BIG SKY,MT,59716-1097,exact normalized cadastral owner match to independently supported current entity,confirmed,True,2026,921237,0029002034,Improved Property,,,"SPANISH PEAKS RESORT SUB, S05, T07 S, R03 E, Lot 34, ACRES 1.39, PLAT 4/500",SPANISH PEAKS RESORT SUB,Yellowstone Club
CROSSHARBOR / LONE MOUNTAIN,25033718102356500,YELLOWSTONE DEVELOPMENT LLC,1.39,Madison,1111 RESEARCH DR UNIT B,,,BOZEMAN,MT,59718-6856,exact normalized cadastral owner match to independently supported current entity,confirmed,True,2026,920258,0028220045,Non-Valued Property,,,"YELLOWSTONE MNTN CLUB GOLF COURSE PH 1, S18, T07 S, R03 E, Lot OS-703, ACRES 1.39, PLAT 4/560",YELLOWSTONE MNTN CLUB GOLF COURSE PH 1,Yellowstone Club
CROSSHARBOR / LONE MOUNTAIN,25042632401400000,CH SP ACQUISITIONS LLC,1.35,Madison,CROSSHARBOR CAPITAL PARTNERS LLC,1 BOSTON PL,,BOSTON,MA,02108-4407,exact normalized cadastral owner match to independently supported current entity,confirmed,True,2026,1609544,0029006104,Vacant Land,,,"SPANISH PEAKS RESORT PHASE 3, S32, T06 S, R03 E, Lot 4, ACRES 1.35",SPANISH PEAKS RESORT PHASE 3,Spanish Peaks
CROSSHARBOR / LONE MOUNTAIN,25042515101120000,MB WEST OWNER LLC,1.314,Madison,C/O CORSSHARBOR CAPITAL PARTNERS,ONE BOSTON PLACE STE 2310,,BOSTON,MA,02108,exact normalized cadastral owner match to independently supported current entity,confirmed,True,2026,1633475,0028009518,Vacant Land,,,"MOONLIGHT BASIN WEST 1 PUD, S15, T06 S, R02 E, Lot 11, ACRES 1.314",MOONLIGHT BASIN WEST 1 PUD,Moonlight Basin
CROSSHARBOR / LONE MOUNTAIN,25042510301020000,MB WEST OWNER LLC,1.31,Madison,C/O CROSSHARBOR CAPITAL PARTNERS,ONE BOSTON PLACE STE 2310,,BOSTON,MA,02108,exact normalized cadastral owner match to independently supported current entity,confirmed,True,2026,1633456,0028009502,Vacant Land,,,"MOONLIGHT BASIN WEST 1 PUD, S10, T06 S, R02 E, Lot 2, ACRES 1.31, PLAT 4/833",MOONLIGHT BASIN WEST 1 PUD,Moonlight Basin
CROSSHARBOR / LONE MOUNTAIN,25042515301410000,MB WEST OWNER LLC,1.307,Madison,C/O CORSSHARBOR CAPITAL PARTNERS,ONE BOSTON PLACE STE 2310,,BOSTON,MA,02108,exact normalized cadastral owner match to independently supported current entity,confirmed,True,2026,1633507,0028009550,Vacant Land,,,"MOONLIGHT BASIN WEST 1 PUD, S15, T06 S, R02 E, Lot 40, ACRES 1.307",MOONLIGHT BASIN WEST 1 PUD,Moonlight Basin
CROSSHARBOR / LONE MOUNTAIN,25042515201330000,MB WEST OWNER LLC,1.271,Madison,C/O CORSSHARBOR CAPITAL PARTNERS,ONE BOSTON PLACE STE 2310,,BOSTON,MA,02108,exact normalized cadastral owner match to independently supported current entity,confirmed,True,2026,1633499,0028009542,Vacant Land,,,"MOONLIGHT BASIN WEST 1 PUD, S15, T06 S, R02 E, Lot 32, ACRES 1.271",MOONLIGHT BASIN WEST 1 PUD,Moonlight Basin
CROSSHARBOR / LONE MOUNTAIN,25042515301430000,MB WEST OWNER LLC,1.245,Madison,C/O CORSSHARBOR CAPITAL PARTNERS,ONE BOSTON PLACE STE 2310,,BOSTON,MA,02108,exact normalized cadastral owner match to independently supported current entity,confirmed,True,2026,1633509,0028009552,Vacant Land,,,"MOONLIGHT BASIN WEST 1 PUD, S15, T06 S, R02 E, Lot 42, ACRES 1.245",MOONLIGHT BASIN WEST 1 PUD,Moonlight Basin
CROSSHARBOR / LONE MOUNTAIN,25033611103146500,YELLOWSTONE MTN CLUB LLC &,1.23,Madison,1111 RESEARCH DR STE B,STE B,,BOZEMAN,MT,59718-7476,exact normalized cadastral owner match to independently supported current entity,confirmed,True,2026,1526962,0028080109,Non-Valued Property,,VERTIN JESSE,"AMERICAN SPIRIT SUB PH 2, S11, T07 S, R02 E, ACRES 1.23, O.P. 810 PLAT 4/633",AMERICAN SPIRIT SUB PH 2,Yellowstone Club
CROSSHARBOR / LONE MOUNTAIN,25042515101150000,MB WEST OWNER LLC,1.195,Madison,C/O CORSSHARBOR CAPITAL PARTNERS,ONE BOSTON PLACE STE 2310,,BOSTON,MA,02108,exact normalized cadastral owner match to independently supported current entity,confirmed,True,2026,1633478,0028009521,Vacant Land,,,"MOONLIGHT BASIN WEST 1 PUD, S15, T06 S, R02 E, Lot 14, ACRES 1.195",MOONLIGHT BASIN WEST 1 PUD,Moonlight Basin
CROSSHARBOR / LONE MOUNTAIN,25033602102356500,YELLOWSTONE DEVELOPMENT LLC,1.187,Madison,1111 RESEARCH DR UNIT B,,,BOZEMAN,MT,59718-6856,exact normalized cadastral owner match to independently supported current entity,confirmed,True,2026,919431,0028003103,Non-Valued Property,,,"YELLOWSTONE MOUNTAIN CLUB PHASE 3, S02, T07 S, R02 E, Lot OS N-321, ACRES 1.187, PLAT 4/499",YELLOWSTONE MOUNTAIN CLUB PHASE 3,Yellowstone Club
CROSSHARBOR / LONE MOUNTAIN,25042510301040000,MB WEST OWNER LLC,1.185,Madison,C/O CROSSHARBOR CAPITAL PARTNERS,ONE BOSTON PLACE STE 2310,,BOSTON,MA,02108,exact normalized cadastral owner match to independently supported current entity,confirmed,True,2026,1633457,0028009504,Vacant Land,,,"MOONLIGHT BASIN WEST 1 PUD, S10, T06 S, R02 E, Lot 4, ACRES 1.185, PLAT 4/833",MOONLIGHT BASIN WEST 1 PUD,Moonlight Basin
CROSSHARBOR / LONE MOUNTAIN,25042515101140000,MB WEST OWNER LLC,1.12,Madison,C/O CORSSHARBOR CAPITAL PARTNERS,ONE BOSTON PLACE STE 2310,,BOSTON,MA,02108,exact normalized cadastral owner match to independently supported current entity,confirmed,True,2026,1633477,0028009520,Vacant Land,,,"MOONLIGHT BASIN WEST 1 PUD, S15, T06 S, R02 E, Lot 13, ACRES 1.12",MOONLIGHT BASIN WEST 1 PUD,Moonlight Basin
CROSSHARBOR / LONE MOUNTAIN,25042515101210000,MB WEST OWNER LLC,1.116,Madison,C/O CORSSHARBOR CAPITAL PARTNERS,ONE BOSTON PLACE STE 2310,,BOSTON,MA,02108,exact normalized cadastral owner match to independently supported current entity,confirmed,True,2026,1633484,0028009527,Vacant Land,,,"MOONLIGHT BASIN WEST 1 PUD, S15, T06 S, R02 E, Lot 20, ACRES 1.116",MOONLIGHT BASIN WEST 1 PUD,Moonlight Basin
CROSSHARBOR / LONE MOUNTAIN,25042515101090000,MB WEST OWNER LLC,1.091,Madison,C/O CORSSHARBOR CAPITAL PARTNERS,ONE BOSTON PLACE STE 2310,,BOSTON,MA,02108,exact normalized cadastral owner match to independently supported current entity,confirmed,True,2026,1633472,0028009515,Vacant Land,,,"MOONLIGHT BASIN WEST 1 PUD, S15, T06 S, R02 E, Lot 8, ACRES 1.091",MOONLIGHT BASIN WEST 1 PUD,Moonlight Basin
CROSSHARBOR / LONE MOUNTAIN,25042515301360000,MB WEST OWNER LLC,1.09,Madison,C/O CORSSHARBOR CAPITAL PARTNERS,ONE BOSTON PLACE STE 2310,,BOSTON,MA,02108,exact normalized cadastral owner match to independently supported current entity,confirmed,True,2026,1633502,0028009545,Vacant Land,,,"MOONLIGHT BASIN WEST 1 PUD, S15, T06 S, R02 E, Lot 35, ACRES 1.09",MOONLIGHT BASIN WEST 1 PUD,Moonlight Basin
CROSSHARBOR / LONE MOUNTAIN,25033706101606500,YELLOWSTONE DEVELOPMENT LLC,1.09,Madison,1111 RESEARCH DR UNIT B,,,BOZEMAN,MT,59718-6856,exact normalized cadastral owner match to independently supported current entity,confirmed,True,2026,920493,0028810021,Non-Valued Property,,,"YELLOWSTONE MOUNTAIN CLUB PHASE 1 AND 2, S06, T07 S, R03 E, Lot OS SW-168, ACRES 1.09, PLAT 4/408",YELLOWSTONE MOUNTAIN CLUB PHASE 1 AND 2,Yellowstone Club
CROSSHARBOR / LONE MOUNTAIN,25033706101556500,YELLOWSTONE DEVELOPMENT LLC,1.07,Madison,1111 RESEARCH DR UNIT B,,,BOZEMAN,MT,59718-6856,exact normalized cadastral owner match to independently supported current entity,confirmed,True,2026,920488,0028810017,Non-Valued Property,,,"YELLOWSTONE MOUNTAIN CLUB PHASE 1 AND 2, S06, T07 S, R03 E, Lot OS SW-75, ACRES 1.07, PLAT 4/408",YELLOWSTONE MOUNTAIN CLUB PHASE 1 AND 2,Yellowstone Club
CROSSHARBOR / LONE MOUNTAIN,25033612107156500,YELLOWSTONE DEVELOPMENT LLC,1.06,Madison,1111 RESEARCH DR,,,BOZEMAN,MT,59718-6856,exact normalized cadastral owner match to independently supported current entity,confirmed,True,2026,1617358,0028003679,Non-Valued Property,,,"PIONEER LANDING SUB, S12, T07 S, R02 E, Lot 904 OS, ACRES 1.06, PLAP 4/789",PIONEER LANDING SUB,Yellowstone Club
CROSSHARBOR / LONE MOUNTAIN,25042515101110000,MB WEST OWNER LLC,1.022,Madison,C/O CORSSHARBOR CAPITAL PARTNERS,ONE BOSTON PLACE STE 2310,,BOSTON,MA,02108,exact normalized cadastral owner match to independently supported current entity,confirmed,True,2026,1633474,0028009517,Vacant Land,,,"MOONLIGHT BASIN WEST 1 PUD, S15, T06 S, R02 E, Lot 10, ACRES 1.022",MOONLIGHT BASIN WEST 1 PUD,Moonlight Basin
CROSSHARBOR / LONE MOUNTAIN,25033718201076500,YELLOWSTONE MTN CLUB LLC &,1.0,Madison,1111 RESEARCH DR UNIT B,,,BOZEMAN,MT,59718-6856,exact normalized cadastral owner match to independently supported current entity,confirmed,True,2026,1597154,0028003910,Non-Valued Property,,YELLOWSTONE DEVELOPMENT LLC,"LOWER GOLF COURSE SUB PHS 2, S18, T07 S, R03 E, Lot 701, ACRES 1, PLAT 4/753 , OPEN SPACE",LOWER GOLF COURSE SUB PHS 2,Yellowstone Club
CROSSHARBOR / LONE MOUNTAIN,25033706101406500,YELLOWSTONE DEVELOPMENT LLC,0.95,Madison,1111 RESEARCH DR UNIT B,,,BOZEMAN,MT,59718-6856,exact normalized cadastral owner match to independently supported current entity,confirmed,True,2026,920486,0028810015,Non-Valued Property,,,"YELLOWSTONE MOUNTAIN CLUB PHASE 1 AND 2, S06, T07 S, R03 E, Lot OS N OF 48, ACRES 0.95, PLAT 4/408",YELLOWSTONE MOUNTAIN CLUB PHASE 1 AND 2,Yellowstone Club
CROSSHARBOR / LONE MOUNTAIN,25033705109036500,CH SP ACQUISITIONS LLC,0.94,Madison,CROSSHARBOR CAPITAL PARTNERS LLC,1 BOSTON PL,,BOSTON,MA,02108-4407,exact normalized cadastral owner match to independently supported current entity,confirmed,True,2026,921297,0029002089,Non-Valued Property,,,"SPANISH PEAKS RESORT SUB, S05, T07 S, R03 E, Lot OS-10, ACRES 0.94, PLAT 4/500",SPANISH PEAKS RESORT SUB,Spanish Peaks
CROSSHARBOR / LONE MOUNTAIN,25042524109116500,MB MT ACQUISITION LLC,0.914,Madison,MOONLIGHT BASIN,ATTN: ACCOUNTS PAYABLE,PO BOX 161514,BIG SKY,MT,59716-1514,exact normalized cadastral owner match to independently supported current entity,confirmed,True,2026,1618023,0028000140,Vacant Land,,,"SECTION 24 SUB PUD - BS, S24, T06 S, R02 E, ACRES 0.9135, ROAD LOT 2, PLAT 4/791",SECTION 24 SUB PUD - BS,Moonlight Basin
CROSSHARBOR / LONE MOUNTAIN,25033707301066500,YELLOWSTONE DEVELOPMENT LLC,0.86,Madison,1111 RESEARCH DR STE B,,,BOZEMAN,MT,59718-7476,exact normalized cadastral owner match to independently supported current entity,confirmed,True,2026,1564492,0028003704,Non-Valued Property,,,"LOWER GOLF COURSE SUB, S07, T07 S, R03 E, Lot OPEN SPACE 2, ACRES 0.86, PLAT 4/701",LOWER GOLF COURSE SUB,Yellowstone Club
CROSSHARBOR / LONE MOUNTAIN,25033705303056500,YELLOWSTONE DEVELOPMENT LLC,0.85,Madison,1111 RESEARCH DR UNIT B,,,BOZEMAN,MT,59718-6856,exact normalized cadastral owner match to independently supported current entity,confirmed,True,2026,920479,0028810009,Non-Valued Property,,,"YELLOWSTONE MOUNTAIN CLUB PHASE 1 AND 2, S05, T07 S, R03 E, Lot OS BTWN 10 - 11, ACRES 0.85, PLAT 4/408",YELLOWSTONE MOUNTAIN CLUB PHASE 1 AND 2,Yellowstone Club
CROSSHARBOR / LONE MOUNTAIN,25042524201656500,MB MT ACQUISITION LLC,0.79,Madison,MOONLIGHT BASIN,ATTN: ACCOUNTS PAYABLE,PO BOX 161514,BIG SKY,MT,59716-1514,exact normalized cadastral owner match to independently supported current entity,confirmed,True,2026,919134,0028000076,Non-Valued Property,,,"COWBOY HEAVEN SUB PH 3A, S24, T06 S, R02 E, Lot ROADS, ACRES 0.79, PLAT 4/466",COWBOY HEAVEN SUB PH 3A,Moonlight Basin
CROSSHARBOR / LONE MOUNTAIN,25033601301096500,YELLOWSTONE DEVELOPMENT LLC,0.774,Madison,1111 RESEARCH DR UNIT B,,,BOZEMAN,MT,59718-6856,exact normalized cadastral owner match to independently supported current entity,confirmed,True,2026,919430,0028003102,Non-Valued Property,,,"YELLOWSTONE MOUNTAIN CLUB PHASE 3, S01, T07 S, R02 E, Lot OS E OF 312, ACRES 0.774, PLAT 4/499",YELLOWSTONE MOUNTAIN CLUB PHASE 3,Yellowstone Club
CROSSHARBOR / LONE MOUNTAIN,25033602301096500,YELLOWSTONE DEVELOPMENT LLC,0.744,Madison,1111 RESEARCH DR UNIT B,,,BOZEMAN,MT,59718-6856,exact normalized cadastral owner match to independently supported current entity,confirmed,True,2026,919433,0028003135,Non-Valued Property,,,"S02, T07 S, R02 E, ACRES 0.744, OS W OF LT 311 SW4",,Yellowstone Club
CROSSHARBOR / LONE MOUNTAIN,25042513101026500,MB MT ACQUISITION LLC,0.723,Madison,PO BOX 161514,ATTN: ACCOUNTS PAYABLE,,BIG SKY,MT,59716-1514,exact normalized cadastral owner match to independently supported current entity,confirmed,True,2026,1541722,0028002101,Non-Valued with Specials,,,"LOWER ULERYS SUB, S13, T06 S, R02 E, Lot E, ACRES 0.723, PLAT 4/633-C-2 OPEN SPACE",LOWER ULERYS SUB,Moonlight Basin
CROSSHARBOR / LONE MOUNTAIN,25042524101426500,MB MT ACQUISITION LLC,0.652,Madison,MOONLIGHT BASIN,ATTN: ACCOUNTS PAYABLE,PO BOX 161514,BIG SKY,MT,59716-1514,exact normalized cadastral owner match to independently supported current entity,confirmed,True,2026,1541801,0028012001,Non-Valued with Specials,,,"LOWER ULERYS SUB, S24, T06 S, R02 E, Lot C, ACRES 0.652, PLAT 4/663C OPEN SPACE",LOWER ULERYS SUB,Moonlight Basin
CROSSHARBOR / LONE MOUNTAIN,25033707301256500,YELLOWSTONE DEVELOPMENT LLC,0.59,Madison,1111 RESEARCH DR STE B,,,BOZEMAN,MT,59718-7476,exact normalized cadastral owner match to independently supported current entity,confirmed,True,2026,1564496,0028003708,Non-Valued with Specials,,,"LOWER GOLF COURSE SUB, S07, T07 S, R03 E, Lot OPEN SPACE 3, ACRES 0.59, PLAT 4/701",LOWER GOLF COURSE SUB,Yellowstone Club
CROSSHARBOR / LONE MOUNTAIN,06042733402270000,CH SP ACQUISITION LLC,0.53,Gallatin,MAIL TO: LONE MOUNTAIN LAND COMPANY,ATTN: STEVE HURST,PO BOX  160040,BIG SKY,MT,59716,exact normalized cadastral owner match to independently supported current entity,confirmed,True,2026,1547502,00RKE68629,Vacant Land,,,"SPANISH PEAKS RESORT PH 8A, S33, T06 S, R03 E, Lot 63A, ACRES 0.53, PLAT J-581A",SPANISH PEAKS RESORT PH 8A,Spanish Peaks
CROSSHARBOR / LONE MOUNTAIN,25033611103186500,YELLOWSTONE MTN CLUB LLC &,0.51,Madison,1111 RESEARCH DR STE B,STE B,,BOZEMAN,MT,59718-7476,exact normalized cadastral owner match to independently supported current entity,confirmed,True,2026,1526964,0028080113,Non-Valued Property,,VERTIN JESSE,"AMERICAN SPIRIT SUB PH 2, S11, T07 S, R02 E, ACRES 0.51, O.P. 812 PLAT 4/633",AMERICAN SPIRIT SUB PH 2,Yellowstone Club
CROSSHARBOR / LONE MOUNTAIN,25033706101506500,YELLOWSTONE DEVELOPMENT LLC,0.46,Madison,1111 RESEARCH DR UNIT B,,,BOZEMAN,MT,59718-6856,exact normalized cadastral owner match to independently supported current entity,confirmed,True,2026,920487,0028810016,Non-Valued Property,,,"YELLOWSTONE MOUNTAIN CLUB PHASE 1 AND 2, S06, T07 S, R03 E, Lot OS NE-72, ACRES 0.46, PLAT 4/408",YELLOWSTONE MOUNTAIN CLUB PHASE 1 AND 2,Yellowstone Club
CROSSHARBOR / LONE MOUNTAIN,25042524105146500,MB MT ACQUISITION LLC,0.453,Madison,MOONIGHT BASIN,ATTN: ACCOUNTS PAYABLE,P O BOX 161514,BIG SKY,MT,59716-1514,exact normalized cadastral owner match to independently supported current entity,confirmed,True,2026,1549044,0029000954,Non-Valued Property,,,"SILVERTIP 2 SUB, S24, T06 S, R02 E, Lot B, ACRES 0.453, COS 4/665",SILVERTIP 2 SUB,Moonlight Basin
CROSSHARBOR / LONE MOUNTAIN,25033612202090000,YELLOWSTONE DEVELOPMENT LLC,0.45,Madison,1111 RESEARCH DR,,,BOZEMAN,MT,59718-6856,exact normalized cadastral owner match to independently supported current entity,confirmed,True,2026,1540777,0028003657,Improved Property,,,"AMERICAN SPIRIT SUB PH 3, S12, T07 S, R02 E, Lot 4, ACRES 0.45, PLAT 4/659",AMERICAN SPIRIT SUB PH 3,Yellowstone Club
CROSSHARBOR / LONE MOUNTAIN,25033707301146500,YELLOWSTONE DEVELOPMENT LLC,0.44,Madison,1111 RESEARCH DR STE B,,,BOZEMAN,MT,59718-7476,exact normalized cadastral owner match to independently supported current entity,confirmed,True,2026,1564500,0028003712,Non-Valued Property,,,"LOWER GOLF COURSE SUB, S07, T07 S, R03 E, Lot OPEN SPACE 4, ACRES 0.44, PLAT 4/701",LOWER GOLF COURSE SUB,Yellowstone Club
CROSSHARBOR / LONE MOUNTAIN,25033611103326500,YELLOWSTONE MTN CLUB LLC &,0.4,Madison,1111 RESEARCH DR STE B,STE B,,BOZEMAN,MT,59718-7476,exact normalized cadastral owner match to independently supported current entity,confirmed,True,2026,1526971,0028080127,Non-Valued Property,,VERTIN JESSE,"AMERICAN SPIRIT SUB PH 2, S11, T07 S, R02 E, ACRES 0.4, O.P. 819 PLAT 4/633",AMERICAN SPIRIT SUB PH 2,Yellowstone Club
CROSSHARBOR / LONE MOUNTAIN,25033705105096500,CH SP ACQUISITIONS LLC,0.38,Madison,CROSSHARBOR CAPITAL PARTNERS LLC,1 BOSTON PL,,BOSTON,MA,02108-4407,exact normalized cadastral owner match to independently supported current entity,confirmed,True,2026,921295,0029002087,Non-Valued Property,,,"SPANISH PEAKS RESORT SUB, S05, T07 S, R03 E, Lot OS-6, ACRES 0.38, PLAT 4/500",SPANISH PEAKS RESORT SUB,Spanish Peaks
CROSSHARBOR / LONE MOUNTAIN,25033611103226500,YELLOWSTONE MTN CLUB LLC &,0.35,Madison,1111 RESEARCH DR STE B,STE B,,BOZEMAN,MT,59718-7476,exact normalized cadastral owner match to independently supported current entity,confirmed,True,2026,1526966,0028080117,Non-Valued Property,,VERTIN JESSE,"AMERICAN SPIRIT SUB PH 2, S11, T07 S, R02 E, ACRES 0.35, O.P.814 PLAT 4/633",AMERICAN SPIRIT SUB PH 2,Yellowstone Club
CROSSHARBOR / LONE MOUNTAIN,25033611103246500,YELLOWSTONE MTN CLUB LLC &,0.35,Madison,1111 RESEARCH DR STE B,STE B,,BOZEMAN,MT,59718-7476,exact normalized cadastral owner match to independently supported current entity,confirmed,True,2026,1526967,0028080119,Non-Valued Property,,VERTIN JESSE,"AMERICAN SPIRIT SUB PH 2, S11, T07 S, R02 E, ACRES 0.35, O.P.815 PLAT 4/633",AMERICAN SPIRIT SUB PH 2,Yellowstone Club
CROSSHARBOR / LONE MOUNTAIN,25033705110016500,CH SP ACQUISITIONS LLC,0.33,Madison,CROSSHARBOR CAPITAL PARTNERS LLC,1 BOSTON PL,,BOSTON,MA,02108-4407,exact normalized cadastral owner match to independently supported current entity,confirmed,True,2026,921289,0029002081,Non-Valued Property,,,"SPANISH PEAKS RESORT SUB, S05, T07 S, R03 E, Lot OS-4, ACRES 0.33, PLAT 4/500",SPANISH PEAKS RESORT SUB,Spanish Peaks
CROSSHARBOR / LONE MOUNTAIN,06042733301210000,CH SP ACQUISITION LLC,0.27,Gallatin,MAIL TO: LONE MOUNTAIN LAND COMPANY,ATTN: STEVE HURST,PO BOX  160040,BIG SKY,MT,59716,exact normalized cadastral owner match to independently supported current entity,confirmed,True,2026,1547451,00RKE68578,Vacant Land,,,"SPANISH PEAKS RESORT PH 8A, S33, T06 S, R03 E, Lot 11, ACRES 0.27, PLAT J-581",SPANISH PEAKS RESORT PH 8A,Spanish Peaks
CROSSHARBOR / LONE MOUNTAIN,25033611103386500,YELLOWSTONE MTN CLUB LLC &,0.27,Madison,1111 RESEARCH DR STE B,STE B,,BOZEMAN,MT,59718-7476,exact normalized cadastral owner match to independently supported current entity,confirmed,True,2026,1526974,0028080133,Non-Valued Property,,VERTIN JESSE,"AMERICAN SPIRIT SUB PH 2, S11, T07 S, R02 E, ACRES 0.27, O. P. 822 PLAT 4/633",AMERICAN SPIRIT SUB PH 2,Yellowstone Club
CROSSHARBOR / LONE MOUNTAIN,25033612106176500,YELLOWSTONE DEVELOPMENT LLC,0.24,Madison,1111 RESEARCH DR UNIT B,,,BOZEMAN,MT,59718-6856,exact normalized cadastral owner match to independently supported current entity,confirmed,True,2026,919732,0028006009,Non-Valued Property,,,"YELLOWSTONE MOUNTAIN CLUB PHASE 6, S12, T07 S, R02 E, Lot OS 2, ACRES 0.24, PLAT 4/492",YELLOWSTONE MOUNTAIN CLUB PHASE 6,Yellowstone Club
CROSSHARBOR / LONE MOUNTAIN,25033611103206500,YELLOWSTONE MTN CLUB LLC &,0.24,Madison,1111 RESEARCH DR STE B,STE B,,BOZEMAN,MT,59718-7476,exact normalized cadastral owner match to independently supported current entity,confirmed,True,2026,1526965,0028080115,Non-Valued Property,,VERTIN JESSE,"AMERICAN SPIRIT SUB PH 2, S11, T07 S, R02 E, ACRES 0.24, O. P. 813 PLAT 4/633",AMERICAN SPIRIT SUB PH 2,Yellowstone Club
CROSSHARBOR / LONE MOUNTAIN,25033718402010000,YELLOWSTONE MTN CLUB LLC  &,0.23,Madison,1111 RESEARCH DR UNIT B,,,BOZEMAN,MT,59718-6856,exact normalized cadastral owner match to independently supported current entity,confirmed,True,2026,919564,0028003901,Improved Property,,,"S18, T07 S, R03 E, C.O.S. 7/1943, PARCEL 1",,Yellowstone Club
CROSSHARBOR / LONE MOUNTAIN,25042524105076500,MB MT ACQUISITION LLC,0.2,Madison,MOONIGHT BASIN,ATTN: ACCOUNTS PAYABLE,P O BOX 161514,BIG SKY,MT,59716-1514,exact normalized cadastral owner match to independently supported current entity,confirmed,True,2026,926230,0029000950,Non-Valued Property,,,"SILVERTIP 2 SUB, S24, T06 S, R02 E, Lot A, ACRES 0.2, COS 4/665",SILVERTIP 2 SUB,Moonlight Basin
CROSSHARBOR / LONE MOUNTAIN,25033611103366500,YELLOWSTONE MTN CLUB LLC &,0.16,Madison,1111 RESEARCH DR STE B,STE B,,BOZEMAN,MT,59718-7476,exact normalized cadastral owner match to independently supported current entity,confirmed,True,2026,1526973,0028080131,Non-Valued Property,,VERTIN JESSE,"AMERICAN SPIRIT SUB PH 2, S11, T07 S, R02 E, ACRES 0.16, O.P. 821 PLAT 4/633",AMERICAN SPIRIT SUB PH 2,Yellowstone Club
CROSSHARBOR / LONE MOUNTAIN,25033611103286500,YELLOWSTONE MTN CLUB LLC &,0.16,Madison,1111 RESEARCH DR STE B,STE B,,BOZEMAN,MT,59718-7476,exact normalized cadastral owner match to independently supported current entity,confirmed,True,2026,1526969,0028080123,Non-Valued Property,,VERTIN JESSE,"AMERICAN SPIRIT SUB PH 2, S11, T07 S, R02 E, ACRES 0.16, O.P. 817 PLAT 4/633",AMERICAN SPIRIT SUB PH 2,Yellowstone Club
CROSSHARBOR / LONE MOUNTAIN,25033611103346500,YELLOWSTONE MTN CLUB LLC &,0.11,Madison,1111 RESEARCH DR STE B,STE B,,BOZEMAN,MT,59718-7476,exact normalized cadastral owner match to independently supported current entity,confirmed,True,2026,1526972,0028080129,Non-Valued Property,,VERTIN JESSE,"AMERICAN SPIRIT SUB PH 2, S11, T07 S, R02 E, ACRES 0.11, O.P. 820 PLAT 4/633",AMERICAN SPIRIT SUB PH 2,Yellowstone Club
CROSSHARBOR / LONE MOUNTAIN,25033611103266500,YELLOWSTONE MTN CLUB LLC &,0.1,Madison,1111 RESEARCH DR STE B,STE B,,BOZEMAN,MT,59718-7476,exact normalized cadastral owner match to independently supported current entity,confirmed,True,2026,1526968,0028080121,Non-Valued Property,,VERTIN JESSE,"AMERICAN SPIRIT SUB PH 2, S11, T07 S, R02 E, ACRES 0.1, O.P. 816 PLAT 4/633",AMERICAN SPIRIT SUB PH 2,Yellowstone Club
CROSSHARBOR / LONE MOUNTAIN,25033611103306500,YELLOWSTONE MTN CLUB LLC &,0.09,Madison,1111 RESEARCH DR STE B,STE B,,BOZEMAN,MT,59718-7476,exact normalized cadastral owner match to independently supported current entity,confirmed,True,2026,1526970,0028080125,Non-Valued Property,,VERTIN JESSE,"AMERICAN SPIRIT SUB PH 2, S11, T07 S, R02 E, ACRES 0.09, O.P. 818 PLAT 4/633",AMERICAN SPIRIT SUB PH 2,Yellowstone Club
CROSSHARBOR / LONE MOUNTAIN,25033705403416500,CH SP ACQUISITIONS LLC,0.07,Madison,CROSSHARBOR CAPITAL PARTNERS LLC,1 BOSTON PL,,BOSTON,MA,02108-4407,exact normalized cadastral owner match to independently supported current entity,confirmed,True,2026,921296,0029002088,Non-Valued Property,,,"SPANISH PEAKS RESORT SUB, S05, T07 S, R03 E, Lot OS-3, ACRES 0.07, PLAT 4/500",SPANISH PEAKS RESORT SUB,Spanish Peaks
CROSSHARBOR / LONE MOUNTAIN,25033705403496500,CH SP ACQUISITIONS LLC,0.06,Madison,CROSSHARBOR CAPITAL PARTNERS LLC,1 BOSTON PL,,BOSTON,MA,02108-4407,exact normalized cadastral owner match to independently supported current entity,confirmed,True,2026,921294,0029002086,Non-Valued Property,,,"SPANISH PEAKS RESORT SUB, S05, T07 S, R03 E, Lot OS-2, ACRES 0.06, PLAT 4/500",SPANISH PEAKS RESORT SUB,Spanish Peaks
CROSSHARBOR / LONE MOUNTAIN,06033908101450000,HF NORTH 40 LLC,41.924,Gallatin,PO BOX 160040,,,BIG SKY,MT,59716-0040,exact normalized group mailing location: PO BOX 160040 BIG SKY MT 59716,address_candidate,False,2026,629165,00RLF19035,Improved Property,,,"S08, T07 S, R04 E, C.O.S. 1361A, PARCEL A-1, ACRES 41.924, NW4NE4",,Big Sky Town Center / miscellaneous Big Sky
CROSSHARBOR / LONE MOUNTAIN,06069711296010000,HF GGI LLC,14.27,Gallatin,PO BOX 160040,,,BIG SKY,MT,59716-0040,exact normalized group mailing location: PO BOX 160040 BIG SKY MT 59716,address_candidate,False,2026,624210,00RHF27532,Improved Property,,,"S11, T03 S, R04 E, C.O.S. 3122, PARCEL B, ACRES 14.27, TRACT E2NW4  GALLATIN GATEWAY INN SUB",,Big Sky Town Center / miscellaneous Big Sky
CROSSHARBOR / LONE MOUNTAIN,06033802101040000,BSIH BOBSLED LLC,10.0,Gallatin,PO BOX 160040,,,BIG SKY,MT,59716-0040,exact normalized group mailing location: PO BOX 160040 BIG SKY MT 59716,address_candidate,False,2026,627791,00RLE18922,Vacant Land,,,"S02, T07 S, R03 E, C.O.S. 214, ACRES 10, TR IN NE4",,Big Sky Town Center / miscellaneous Big Sky
CROSSHARBOR / LONE MOUNTAIN,06033908101350000,HF BUCKS T4 LLC,9.69,Gallatin,PO BOX 160040,,,BIG SKY,MT,59716-0040,exact normalized group mailing location: PO BOX 160040 BIG SKY MT 59716,address_candidate,False,2026,629171,00RLF19110,Improved Property,,,"MINOR SUB 373A, S08, T07 S, R04 E, Lot 1, ACRES 9.69",MINOR SUB 373A,Big Sky Town Center / miscellaneous Big Sky
CROSSHARBOR / LONE MOUNTAIN,06069711401200000,GV 3 5 LLC,8.52,Gallatin,C/O CROSSHARBOR CAPITAL PARTNERS,ONE BOSTON PLACE STE 2310,,BOSTON,MA,02108,exact normalized group mailing location: C O CROSSHARBOR CAPITAL PARTNERS ONE BOSTON PLACE STE 2310 BOSTON MA 02108,address_candidate,False,2026,623656,00RHF12466,Improved Property,,,"GATEWAY VILLAGE SUB PH 2, S11, T03 S, R04 E, Lot 101-A, ACRES 8.52",GATEWAY VILLAGE SUB PH 2,other CrossHarbor/LMLC
CROSSHARBOR / LONE MOUNTAIN,06033908101400000,HF BUCKS T4 LLC,7.78,Gallatin,PO BOX 160040,,,BIG SKY,MT,59716-0040,exact normalized group mailing location: PO BOX 160040 BIG SKY MT 59716,address_candidate,False,2026,629206,00RLF24748,Improved Property,,,"S08, T07 S, R04 E, C.O.S. 791, TR IN NW4NE4NE4, ACRES 7.78",,Big Sky Town Center / miscellaneous Big Sky
CROSSHARBOR / LONE MOUNTAIN,06042831201300000,PL4 LLC,6.327,Gallatin,PO BOX 161097,,,BIG SKY,MT,59716-1097,exact normalized group mailing location: PO BOX 161097 BIG SKY MT 59716,address_candidate,False,2026,1581569,00RKF83170,Apartment,,,"POWDER LIGHT SUB, S31, T06 S, R04 E, Lot 4A, ACRES 6.327, PLAT J-656B",POWDER LIGHT SUB,other CrossHarbor/LMLC
CROSSHARBOR / LONE MOUNTAIN,06069711410236500,GV 3 5 LLC,5.36,Gallatin,C/O CROSSHARBOR CAPITAL PARTNERS,ONE BOSTON PLACE STE 2310,,BOSTON,MA,02108,exact normalized group mailing location: C O CROSSHARBOR CAPITAL PARTNERS ONE BOSTON PLACE STE 2310 BOSTON MA 02108,address_candidate,False,2026,1607318,GTWYVLPRKS,Non-Valued Property,,,"GATEWAY VILLAGE SUB PH 1, S11, T03 S, R04 E, Lot PARKS, ACRES 5.36, PARKS A,D,E,G,H,I, J,K,M & 0 PER PLAT J-704",GATEWAY VILLAGE SUB PH 1,other CrossHarbor/LMLC
CROSSHARBOR / LONE MOUNTAIN,06069711296150000,HF GGI LLC,4.54,Gallatin,PO BOX 160040,,,BIG SKY,MT,59716-0040,exact normalized group mailing location: PO BOX 160040 BIG SKY MT 59716,address_candidate,False,2026,623709,00RHF12530,Improved Property,,,"S11, T03 S, R04 E, C.O.S. 3122, PARCEL A-1, ACRES 4.54",,Big Sky Town Center / miscellaneous Big Sky
CROSSHARBOR / LONE MOUNTAIN,06042831301010000,HF POWDERLIGHT SOUTH LLC,4.41,Gallatin,PO BOX 160040,,,BIG SKY,MT,59716-0040,exact normalized group mailing location: PO BOX 160040 BIG SKY MT 59716,address_candidate,False,2026,627563,00RKF65235,Apartment,,,"S31, T06 S, R04 E, C.O.S. 2459, PARCEL B",,Big Sky Town Center / miscellaneous Big Sky
CROSSHARBOR / LONE MOUNTAIN,06069711296180000,HF BOZEMAN STREET LLC,3.98,Gallatin,PO BOX 160040,,,BIG SKY,MT,59716-0040,exact normalized group mailing location: PO BOX 160040 BIG SKY MT 59716,address_candidate,False,2026,623623,00RHF12429,Vacant Land,,,"S11, T03 S, R04 E, ACRES 3.98, TR IN E2NW4   PLAT FILM 8 PAGE 1482",,Big Sky Town Center / miscellaneous Big Sky
CROSSHARBOR / LONE MOUNTAIN,06079814108010000,RESEARCH DRIVE LLC,3.19,Gallatin,1111 RESEARCH DR,,,BOZEMAN,MT,59718-7476,exact normalized group mailing location: 1111 RESEARCH DR BOZEMAN MT 59718,address_candidate,False,2026,615498,00RGG43251,Improved Property,,,"MINOR SUB 273, S14, T02 S, R05 E, Lot 5, ACRES 3.19",MINOR SUB 273,other CrossHarbor/LMLC
CROSSHARBOR / LONE MOUNTAIN,06042831201100000,PL2 LLC,2.914,Gallatin,PO BOX 160040,,,BIG SKY,MT,59716-0040,exact normalized group mailing location: PO BOX 160040 BIG SKY MT 59716,address_candidate,False,2026,1581567,00RKF83168,Vacant Land,,,"POWDER LIGHT SUB, S31, T06 S, R04 E, Lot 2, ACRES 2.914, PLAT J-656A",POWDER LIGHT SUB,other CrossHarbor/LMLC
CROSSHARBOR / LONE MOUNTAIN,06042831201200000,PL4 LLC,2.406,Gallatin,PO BOX 161097,,,BIG SKY,MT,59716-1097,exact normalized group mailing location: PO BOX 161097 BIG SKY MT 59716,address_candidate,False,2026,1581568,00RKF83169,Apartment,,,"POWDER LIGHT SUB, S31, T06 S, R04 E, Lot 3, ACRES 2.406, PLAT J-656A",POWDER LIGHT SUB,other CrossHarbor/LMLC
CROSSHARBOR / LONE MOUNTAIN,06033802101050000,BSIH BOBSLED LLC,2.334,Gallatin,PO BOX 160040,,,BIG SKY,MT,59716-0040,exact normalized group mailing location: PO BOX 160040 BIG SKY MT 59716,address_candidate,False,2026,628390,00RLE46575,Vacant Land,,,"SOUTH FORK SUB PH 6 & 7, S02, T07 S, R03 E, Lot 29, ACRES 2.334, PLAT J-562",SOUTH FORK SUB PH 6 & 7,Big Sky Town Center / miscellaneous Big Sky
CROSSHARBOR / LONE MOUNTAIN,06069711415630000,GV 3 5 LLC,2.013,Gallatin,C/O CROSSHARBOR CAPITAL PARTNERS,ONE BOSTON PLACE STE 2310,,BOSTON,MA,02108,exact normalized group mailing location: C O CROSSHARBOR CAPITAL PARTNERS ONE BOSTON PLACE STE 2310 BOSTON MA 02108,address_candidate,False,2026,1607276,00RHF85865,Vacant Land,,,"GATEWAY VILLAGE SUB PH 1, S11, T03 S, R04 E, Lot UTILITY TRACT E, ACRES 2.01331, PER PLAT J-704",GATEWAY VILLAGE SUB PH 1,other CrossHarbor/LMLC
CROSSHARBOR / LONE MOUNTAIN,06090335402050000,214 LAURA LOUISE LANE LLC,2.0,Gallatin,PO BOX 160040,,,BIG SKY,MT,59716-0040,exact normalized group mailing location: PO BOX 160040 BIG SKY MT 59716,address_candidate,False,2026,604713,00RFF58226,Improved Property,,,"KENNEDY SUB, S35, T01 S, R04 E, BLOCK 1, Lot 5, ACRES 2, IN SE4, PLAT J-456",KENNEDY SUB,other CrossHarbor/LMLC
CROSSHARBOR / LONE MOUNTAIN,06042831301360000,HF POWDERLIGHT SOUTH LLC,1.874,Gallatin,PO BOX 160040,,,BIG SKY,MT,59716-0040,exact normalized group mailing location: PO BOX 160040 BIG SKY MT 59716,address_candidate,False,2026,627519,00RKF18836,Improved Property,,,"S31, T06 S, R04 E, C.O.S. 1858C, PARCEL 1A, ACRES 1.874, SW4",,Big Sky Town Center / miscellaneous Big Sky
CROSSHARBOR / LONE MOUNTAIN,06033801208150000,TC MF1 LLC,1.701,Gallatin,PO BOX 160040,,,BIG SKY,MT,59716-0040,exact normalized group mailing location: PO BOX 160040 BIG SKY MT 59716,address_candidate,False,2026,628405,00RLE46657,Apartment,,,"BIG SKY TOWN CENTER PH I, S01, T07 S, R03 E, BLOCK 17, Lot 2A, ACRES 1.701, PLAT J-336-C PLUS OPEN SPACE & ROAD TRACTS",BIG SKY TOWN CENTER PH I,Big Sky Town Center / miscellaneous Big Sky
CROSSHARBOR / LONE MOUNTAIN,06033801202500000,TC HOTEL 1 LLC,1.55,Gallatin,PO BOX 160040,,,BIG SKY,MT,59716-0040,exact normalized group mailing location: PO BOX 160040 BIG SKY MT 59716,address_candidate,False,2026,1537545,00RLE67205,Improved Property,,,"BIG SKY TOWN CENTER - TOWN CENTER AVE NORTH, S01, T07 S, R03 E, BLOCK 3, Lot 14A1, ACRES 1.55, PLAT J-561-E",BIG SKY TOWN CENTER - TOWN CENTER AVE NORTH,Big Sky Town Center / miscellaneous Big Sky
CROSSHARBOR / LONE MOUNTAIN,06033801206010000,TC MF1 LLC,1.384,Gallatin,PO BOX 160040,,,BIG SKY,MT,59716-0040,exact normalized group mailing location: PO BOX 160040 BIG SKY MT 59716,address_candidate,False,2026,628460,00RLE46706,Apartment,,,"BIG SKY TOWN CENTER PH I, S01, T07 S, R03 E, BLOCK 13, Lot 2A, ACRES 1.384, PLAT J-336-C PLUS OPEN SPACE & ROAD TRACTS",BIG SKY TOWN CENTER PH I,Big Sky Town Center / miscellaneous Big Sky
CROSSHARBOR / LONE MOUNTAIN,25033707402010000,YC 701 LLC,1.02,Madison,1 BOSTON PL STE 2310,,,BOSTON,MA,02108-4407,exact normalized group mailing location: 1 BOSTON PL BOSTON MA 02108,address_candidate,False,2026,920211,0028220000,Improved Property,,,"YELLOWSTONE MNTN CLUB GOLF COURSE PH 1, S07, T07 S, R03 E, Lot 701, ACRES 1.02, PLAT 4/560",YELLOWSTONE MNTN CLUB GOLF COURSE PH 1,Yellowstone Club
CROSSHARBOR / LONE MOUNTAIN,06033801209100000,TC HOTEL 2 LLC,1.002,Gallatin,1 BOSTON PL STE 2310,,,BOSTON,MA,02108-4407,exact normalized group mailing location: 1 BOSTON PL BOSTON MA 02108,address_candidate,False,2026,1577387,00RLE82150,Vacant Land,,,"BIG SKY TOWN CENTER - TOWN CENTER AVE SW, S01, T07 S, R03 E, BLOCK 4, Lot 3A, ACRES 1.002, PLAT J-649A",BIG SKY TOWN CENTER - TOWN CENTER AVE SW,Big Sky Town Center / miscellaneous Big Sky
CROSSHARBOR / LONE MOUNTAIN,06069711411450000,GV 3 5 LLC,0.934,Gallatin,C/O CROSSHARBOR CAPITAL PARTNERS,ONE BOSTON PLACE STE 2310,,BOSTON,MA,02108,exact normalized group mailing location: C O CROSSHARBOR CAPITAL PARTNERS ONE BOSTON PLACE STE 2310 BOSTON MA 02108,address_candidate,False,2026,1607317,00RHF85930,Non-Valued Property,,,"GATEWAY VILLAGE SUB PH 1, S11, T03 S, R04 E, Lot UTILITY TRACT A, ACRES 0.934, PER PLAT J-704",GATEWAY VILLAGE SUB PH 1,other CrossHarbor/LMLC
CROSSHARBOR / LONE MOUNTAIN,06069711413530000,GV 3 5 LLC,0.92,Gallatin,C/O CROSSHARBOR CAPITAL PARTNERS,ONE BOSTON PLACE STE 2310,,BOSTON,MA,02108,exact normalized group mailing location: C O CROSSHARBOR CAPITAL PARTNERS ONE BOSTON PLACE STE 2310 BOSTON MA 02108,address_candidate,False,2026,1607239,00RHF85851,Non-Valued Property,,,"GATEWAY VILLAGE SUB PH 1, S11, T03 S, R04 E, BLOCK 24, Lot UTILITY TRACT C, ACRES 0.92, PER PLAT J-704",GATEWAY VILLAGE SUB PH 1,other CrossHarbor/LMLC
CROSSHARBOR / LONE MOUNTAIN,06069711417330000,GV 3 5 LLC,0.689,Gallatin,C/O CROSSHARBOR CAPITAL PARTNERS,ONE BOSTON PLACE STE 2310,,BOSTON,MA,02108,exact normalized group mailing location: C O CROSSHARBOR CAPITAL PARTNERS ONE BOSTON PLACE STE 2310 BOSTON MA 02108,address_candidate,False,2026,1608628,00RHF86310,Vacant Land,,,"GATEWAY VILLAGE SUB PH 2, S11, T03 S, R04 E, UTILITY TRACT B",GATEWAY VILLAGE SUB PH 2,other CrossHarbor/LMLC
CROSSHARBOR / LONE MOUNTAIN,06042734474210000,PARK 292 LLC,0.654,Gallatin,1111 RESEARCH DR,,,BOZEMAN,MT,59718-7476,exact normalized group mailing location: 1111 RESEARCH DR BOZEMAN MT 59718,address_candidate,False,2026,627018,00RKE40514,Improved Property,,,"ASPEN GROVES SUB PH 1, S34, T06 S, R03 E, BLOCK A, Lot 24, ACRES 0.654, PLAT J-240",ASPEN GROVES SUB PH 1,other CrossHarbor/LMLC
CROSSHARBOR / LONE MOUNTAIN,06033802101066500,BSIH BOBSLED LLC,0.64,Gallatin,PO BOX 160040,,,BIG SKY,MT,59716-0040,exact normalized group mailing location: PO BOX 160040 BIG SKY MT 59716,address_candidate,False,2026,1635419,00RLE88860,Non-Valued Property,,,"SOUTH FORK SUB PH 3, S02, T07 S, R03 E, PARK, PLAT J-338A",SOUTH FORK SUB PH 3,Big Sky Town Center / miscellaneous Big Sky
CROSSHARBOR / LONE MOUNTAIN,06033802160170000,HF SPRUCE CONE LLC,0.619,Gallatin,C/O CROSSHARBOR CAPITAL,1 BOSTON PL STE 2310,,BOSTON,MA,02108-4407,exact normalized group mailing location: 1 BOSTON PL BOSTON MA 02108,address_candidate,False,2026,627803,00RLE19304,Apartment,,,"WEST FORK MEADOWS SUB, S02, T07 S, R03 E, BLOCK 1, Lot 5A, ACRES 0.619, PLAT I-37-G",WEST FORK MEADOWS SUB,Big Sky Town Center / miscellaneous Big Sky
CROSSHARBOR / LONE MOUNTAIN,06069711418176500,GV 3 5 LLC,0.43,Gallatin,C/O CROSSHARBOR CAPITAL PARTNERS,ONE BOSTON PLACE STE 2310,,BOSTON,MA,02108,exact normalized group mailing location: C O CROSSHARBOR CAPITAL PARTNERS ONE BOSTON PLACE STE 2310 BOSTON MA 02108,address_candidate,False,2026,1608629,00RHF86319,Vacant Land,,,"GATEWAY VILLAGE SUB PH 2, S11, T03 S, R04 E, PARK B & F",GATEWAY VILLAGE SUB PH 2,other CrossHarbor/LMLC
CROSSHARBOR / LONE MOUNTAIN,06033801209020000,TC BUILDING 4 LLC,0.369,Gallatin,PO BOX 160040,,,BIG SKY,MT,59716-0040,exact normalized group mailing location: PO BOX 160040 BIG SKY MT 59716,address_candidate,False,2026,1577389,00RLE82152,Improved Property,,,"BIG SKY TOWN CENTER - TOWN CENTER AVE SW, S01, T07 S, R03 E, BLOCK 4, Lot 1, ACRES 0.369, PLAT J-649",BIG SKY TOWN CENTER - TOWN CENTER AVE SW,Big Sky Town Center / miscellaneous Big Sky
CROSSHARBOR / LONE MOUNTAIN,06033801202010000,TC BUILDING 1 LLC,0.312,Gallatin,1 BOSTON PL STE 2310,,,BOSTON,MA,02108-4424,exact normalized group mailing location: 1 BOSTON PL BOSTON MA 02108,address_candidate,False,2026,628432,00RLE46681,Improved Property,,,"BIG SKY TOWN CENTER PH I, S01, T07 S, R03 E, BLOCK 3, Lot 1A, ACRES 0.312, PLAT J-336-F PLUS OPEN SPACE & ROAD TRACTS",BIG SKY TOWN CENTER PH I,Big Sky Town Center / miscellaneous Big Sky
CROSSHARBOR / LONE MOUNTAIN,06042733301370000,SP 382 OUTLOOK TRAIL LLC,0.27,Gallatin,1111 RESEARCH DR STE B,,,BOZEMAN,MT,59718-7476,exact normalized group mailing location: 1111 RESEARCH DR BOZEMAN MT 59718,address_candidate,False,2026,1547458,00RKE68585,Improved Property,,,"SPANISH PEAKS RESORT PH 8A, S33, T06 S, R03 E, Lot 32, ACRES 0.27, PLAT J-581",SPANISH PEAKS RESORT PH 8A,other CrossHarbor/LMLC
CROSSHARBOR / LONE MOUNTAIN,06033801202030000,TCL 123 LLC,0.256,Gallatin,MAIL TO: LONE MOUNTAIN LAND COMPANY,ATTN: STEVE HURST,PO BOX 160040,BIG SKY,MT,59716,exact normalized group mailing location: PO BOX 160040 BIG SKY MT 59716,address_candidate,False,2026,628433,00RLE46682,Improved Property,,,"BIG SKY TOWN CENTER PH I, S01, T07 S, R03 E, BLOCK 3, Lot 2 - 3, ACRES 0.256, PLAT J-336-C PLUS OPEN SPACE & ROAD TRACTS",BIG SKY TOWN CENTER PH I,other CrossHarbor/LMLC
CROSSHARBOR / LONE MOUNTAIN,06033802138210000,PARK 292 LLC,0.226,Gallatin,C/O CROSSHARBOR CAPITAL PARTNERS LLC,1 BOSTON PL STE 2310,,BOSTON,MA,02108-4407,exact normalized group mailing location: 1 BOSTON PL BOSTON MA 02108,address_candidate,False,2026,628131,00RLE41420,Improved Property,,,"SOUTH FORK SUB PH 2, S02, T07 S, R03 E, Lot 15, ACRES 0.226, PLAT J-254",SOUTH FORK SUB PH 2,other CrossHarbor/LMLC
CROSSHARBOR / LONE MOUNTAIN,06033801209060000,TC BUILDINGS 5 LLC,0.204,Gallatin,PO BOX 160040,,,BIG SKY,MT,59716-0040,exact normalized group mailing location: PO BOX 160040 BIG SKY MT 59716,address_candidate,False,2026,1577388,00RLE82151,Vacant Land,,,"BIG SKY TOWN CENTER - TOWN CENTER AVE SW, S01, T07 S, R03 E, BLOCK 4, Lot 2, ACRES 0.204, PLAT J-649",BIG SKY TOWN CENTER - TOWN CENTER AVE SW,Big Sky Town Center / miscellaneous Big Sky
CROSSHARBOR / LONE MOUNTAIN,06069711410010000,GV 1A LLC,0.138,Gallatin,MAIL TO CROSSHARBOR CAPITAL PARTNERS,1 BOSTON PL STE 2310,,BOSTON,MA,02108-4407,exact normalized group mailing location: 1 BOSTON PL BOSTON MA 02108,address_candidate,False,2026,1607316,00RHF85927,Apartment,,,"GATEWAY VILLAGE SUB PH 1, S11, T03 S, R04 E, BLOCK 1, Lot 1, ACRES 0.138, PER PLAT J-704",GATEWAY VILLAGE SUB PH 1,other CrossHarbor/LMLC
CROSSHARBOR / LONE MOUNTAIN,06069711410030000,GV 1A LLC,0.138,Gallatin,MAIL TO CROSSHARBOR CAPITAL PARTNERS,1 BOSTON PL STE 2310,,BOSTON,MA,02108-4407,exact normalized group mailing location: 1 BOSTON PL BOSTON MA 02108,address_candidate,False,2026,1607315,00RHF85926,Apartment,,,"GATEWAY VILLAGE SUB PH 1, S11, T03 S, R04 E, BLOCK 1, Lot 2, ACRES 0.138, PER PLAT J-704",GATEWAY VILLAGE SUB PH 1,other CrossHarbor/LMLC
CROSSHARBOR / LONE MOUNTAIN,06069711410050000,GV 1A LLC,0.138,Gallatin,MAIL TO CROSSHARBOR CAPITAL PARTNERS,1 BOSTON PL STE 2310,,BOSTON,MA,02108-4407,exact normalized group mailing location: 1 BOSTON PL BOSTON MA 02108,address_candidate,False,2026,1607314,00RHF85925,Apartment,,,"GATEWAY VILLAGE SUB PH 1, S11, T03 S, R04 E, BLOCK 1, Lot 3, ACRES 0.138, PER PLAT J-704",GATEWAY VILLAGE SUB PH 1,other CrossHarbor/LMLC
CROSSHARBOR / LONE MOUNTAIN,06069711410070000,GV 1A LLC,0.138,Gallatin,MAIL TO CROSSHARBOR CAPITAL PARTNERS,1 BOSTON PL STE 2310,,BOSTON,MA,02108-4407,exact normalized group mailing location: 1 BOSTON PL BOSTON MA 02108,address_candidate,False,2026,1607313,00RHF85924,Apartment,,,"GATEWAY VILLAGE SUB PH 1, S11, T03 S, R04 E, BLOCK 1, Lot 4, ACRES 0.138, PER PLAT J-704",GATEWAY VILLAGE SUB PH 1,other CrossHarbor/LMLC
CROSSHARBOR / LONE MOUNTAIN,06069711410090000,GV 1A LLC,0.138,Gallatin,MAIL TO CROSSHARBOR CAPITAL PARTNERS,1 BOSTON PL STE 2310,,BOSTON,MA,02108-4407,exact normalized group mailing location: 1 BOSTON PL BOSTON MA 02108,address_candidate,False,2026,1607312,00RHF85923,Apartment,,,"GATEWAY VILLAGE SUB PH 1, S11, T03 S, R04 E, BLOCK 1, Lot 5, ACRES 0.138, PER PLAT J-704",GATEWAY VILLAGE SUB PH 1,other CrossHarbor/LMLC
CROSSHARBOR / LONE MOUNTAIN,06069711410110000,GV 1A LLC,0.138,Gallatin,MAIL TO CROSSHARBOR CAPITAL PARTNERS,1 BOSTON PL STE 2310,,BOSTON,MA,02108-4407,exact normalized group mailing location: 1 BOSTON PL BOSTON MA 02108,address_candidate,False,2026,1607311,00RHF85922,Apartment,,,"GATEWAY VILLAGE SUB PH 1, S11, T03 S, R04 E, BLOCK 1, Lot 6, ACRES 0.138, PER PLAT J-704",GATEWAY VILLAGE SUB PH 1,other CrossHarbor/LMLC
CROSSHARBOR / LONE MOUNTAIN,06069711416170000,GV 3 5 LLC,0.138,Gallatin,C/O CROSSHARBOR CAPITAL PARTNERS,ONE BOSTON PLACE STE 2310,,BOSTON,MA,02108,exact normalized group mailing location: C O CROSSHARBOR CAPITAL PARTNERS ONE BOSTON PLACE STE 2310 BOSTON MA 02108,address_candidate,False,2026,1607252,00RHF85871,Non-Valued Property,,,"GATEWAY VILLAGE SUB PH 1, S11, T03 S, R04 E, BLOCK 14, Lot UTILITY TRACT H, ACRES 0.138, PER PLAT J-704",GATEWAY VILLAGE SUB PH 1,other CrossHarbor/LMLC
CROSSHARBOR / LONE MOUNTAIN,06069711412010000,GV 3 5 LLC,0.137,Gallatin,C/O CROSSHARBOR CAPITAL PARTNERS,ONE BOSTON PLACE STE 2310,,BOSTON,MA,02108,exact normalized group mailing location: C O CROSSHARBOR CAPITAL PARTNERS ONE BOSTON PLACE STE 2310 BOSTON MA 02108,address_candidate,False,2026,1607292,00RHF85904,Non-Valued Property,,,"GATEWAY VILLAGE SUB PH 1, S11, T03 S, R04 E, Lot UTILITY TRACT F, ACRES 0.137, PER PLAT J-704",GATEWAY VILLAGE SUB PH 1,other CrossHarbor/LMLC
FLATHEAD RIDGE / N5B,07370435101010000,FLATHEAD RIDGE RANCH LLC,644.4,Flathead,N5B CAPITAL,601 STATE ST STE 300,,SOUTHLAKE,TX,76092,exact normalized cadastral owner match to independently supported current entity,confirmed,True,2026,471971,0000016347,Vacant Land,,,"S35, T26 N, R21 W, ALL TR 1",,Flathead Ridge Ranch / N5B
FLATHEAD RIDGE / N5B,15358108101010000,FLATHEAD RIDGE RANCH LLC,640.0,Lake,MAIL TO: N5B CAPITAL,601 STATE ST STE 300,,SOUTHLAKE,TX,76092,exact normalized cadastral owner match to independently supported current entity,confirmed,True,2026,954807,0000160005,Vacant Land,,,"S08, T25 N, R22 W, ALL OF SECTION",,Flathead Ridge Ranch / N5B
FLATHEAD RIDGE / N5B,15358109101010000,FLATHEAD RIDGE RANCH LLC,640.0,Lake,MAIL TO: N5B CAPITAL,601 STATE ST STE 300,,SOUTHLAKE,TX,76092,exact normalized cadastral owner match to independently supported current entity,confirmed,True,2026,954808,0000160005,Vacant Land,,,"S09, T25 N, R22 W, ALL OF SECTION",,Flathead Ridge Ranch / N5B
FLATHEAD RIDGE / N5B,15358117101010000,FLATHEAD RIDGE RANCH LLC,640.0,Lake,MAIL TO: N5B CAPITAL,601 STATE ST STE 300,,SOUTHLAKE,TX,76092,exact normalized cadastral owner match to independently supported current entity,confirmed,True,2026,954812,0000160005,Vacant Land,,,"S17, T25 N, R22 W, ALL SECTION",,Flathead Ridge Ranch / N5B
FLATHEAD RIDGE / N5B,15358127101010000,FLATHEAD RIDGE RANCH LLC,640.0,Lake,MAIL TO: N5B CAPITAL,601 STATE ST STE 300,,SOUTHLAKE,TX,76092,exact normalized cadastral owner match to independently supported current entity,confirmed,True,2026,954819,0000160005,Vacant Land,,,"S27, T25 N, R22 W, ALL OF SECTION",,Flathead Ridge Ranch / N5B
FLATHEAD RIDGE / N5B,15358128101010000,FLATHEAD RIDGE RANCH LLC,640.0,Lake,MAIL TO: N5B CAPITAL,601 STATE ST STE 300,,SOUTHLAKE,TX,76092,exact normalized cadastral owner match to independently supported current entity,confirmed,True,2026,954820,0000160005,Vacant Land,,,"S28, T25 N, R22 W, ALL OF SECTION",,Flathead Ridge Ranch / N5B
FLATHEAD RIDGE / N5B,15358201101010000,FLATHEAD RIDGE RANCH LLC,640.0,Lake,MAIL TO: N5B CAPITAL,601 STATE ST STE 300,,SOUTHLAKE,TX,76092,exact normalized cadastral owner match to independently supported current entity,confirmed,True,2026,954828,0000160005,Improved Property,,,"S01, T25 N, R21 W, ALL OF SECTION",,Flathead Ridge Ranch / N5B
FLATHEAD RIDGE / N5B,15358205101010000,FLATHEAD RIDGE RANCH LLC,640.0,Lake,MAIL TO: N5B CAPITAL,601 STATE ST STE 300,,SOUTHLAKE,TX,76092,exact normalized cadastral owner match to independently supported current entity,confirmed,True,2026,954832,0000160005,Vacant Land,,,"S05, T25 N, R21 W, ALL",,Flathead Ridge Ranch / N5B
FLATHEAD RIDGE / N5B,15358211101010000,FLATHEAD RIDGE RANCH LLC,640.0,Lake,MAIL TO: N5B CAPITAL,601 STATE ST STE 300,,SOUTHLAKE,TX,76092,exact normalized cadastral owner match to independently supported current entity,confirmed,True,2026,954841,0000160005,Vacant Land,,,"S11, T25 N, R21 W, ALL",,Flathead Ridge Ranch / N5B
FLATHEAD RIDGE / N5B,15358307101010000,FLATHEAD RIDGE RANCH LLC,640.0,Lake,MAIL TO: N5B CAPITAL,601 STATE ST STE 300,,SOUTHLAKE,TX,76092,exact normalized cadastral owner match to independently supported current entity,confirmed,True,2026,954852,0000160005,Vacant Land,,,"S07, T25 N, R20 W, ALL OF SECTION",,Flathead Ridge Ranch / N5B
FLATHEAD RIDGE / N5B,07357912101010000,FRR BROWNS MEADOW LLC,640.0,Flathead,ATTN: N5B CAPITAL,601 STATE ST STE 300,,SOUTHLAKE,TX,76092-7677,exact normalized cadastral owner match to independently supported current entity,confirmed,True,2026,472039,0000460450,Vacant Land,,WILLIAMS SAMANTHA,"S12, T25 N, R24 W, ACRES 640, TR 1 ALL",,Flathead Ridge Ranch / N5B
FLATHEAD RIDGE / N5B,07357913101010000,FRR BROWNS MEADOW LLC,640.0,Flathead,ATTN: N5B CAPITAL,601 STATE ST STE 300,,SOUTHLAKE,TX,76092-7677,exact normalized cadastral owner match to independently supported current entity,confirmed,True,2026,458140,0000460450,Vacant Land,,WILLIAMS SAMANTHA,"S13, T25 N, R24 W, ACRES 640, TR 1 ALL",,Flathead Ridge Ranch / N5B
FLATHEAD RIDGE / N5B,07358001101010000,FRR BROWNS MEADOW LLC,640.0,Flathead,ATTN: N5B CAPITAL,601 STATE ST STE 300,,SOUTHLAKE,TX,76092-7677,exact normalized cadastral owner match to independently supported current entity,confirmed,True,2026,472069,0000629100,Vacant Land,,WILLIAMS SAMANTHA,"S01, T25 N, R23 W, ACRES 640, TR 5 IN SE4NE4 & SE4",,Flathead Ridge Ranch / N5B
FLATHEAD RIDGE / N5B,07358003101010000,FRR BROWNS MEADOW LLC,640.0,Flathead,ATTN: N5B CAPITAL,601 STATE ST STE 300,,SOUTHLAKE,TX,76092-7677,exact normalized cadastral owner match to independently supported current entity,confirmed,True,2026,458120,0000290150,Vacant Land,,WILLIAMS SAMANTHA,"S03, T25 N, R23 W, ACRES 640, TR 1 ALL",,Flathead Ridge Ranch / N5B
FLATHEAD RIDGE / N5B,07358004101010000,FRR BROWNS MEADOW LLC,640.0,Flathead,ATTN: N5B CAPITAL,601 STATE ST STE 300,,SOUTHLAKE,TX,76092-7677,exact normalized cadastral owner match to independently supported current entity,confirmed,True,2026,472070,0000629100,Vacant Land,,WILLIAMS SAMANTHA,"S04, T25 N, R23 W, ACRES 640, TR 1 ALL",,Flathead Ridge Ranch / N5B
FLATHEAD RIDGE / N5B,07358005101010000,FRR BROWNS MEADOW LLC,640.0,Flathead,ATTN: N5B CAPITAL,601 STATE ST STE 300,,SOUTHLAKE,TX,76092-7677,exact normalized cadastral owner match to independently supported current entity,confirmed,True,2026,458121,0000290150,Vacant Land,,WILLIAMS SAMANTHA,"S05, T25 N, R23 W, ACRES 640, TR 1 ALL",,Flathead Ridge Ranch / N5B
FLATHEAD RIDGE / N5B,07358008101010000,FRR BROWNS MEADOW LLC,640.0,Flathead,ATTN: N5B CAPITAL,601 STATE ST STE 300,,SOUTHLAKE,TX,76092-7677,exact normalized cadastral owner match to independently supported current entity,confirmed,True,2026,472072,0000629100,Vacant Land,,WILLIAMS SAMANTHA,"S08, T25 N, R23 W, ACRES 640, TR 1 ALL",,Flathead Ridge Ranch / N5B
FLATHEAD RIDGE / N5B,07358010101010000,FRR BROWNS MEADOW LLC,640.0,Flathead,ATTN: N5B CAPITAL,601 STATE ST STE 300,,SOUTHLAKE,TX,76092-7677,exact normalized cadastral owner match to independently supported current entity,confirmed,True,2026,472073,0000629100,Vacant Land,,WILLIAMS SAMANTHA,"S10, T25 N, R23 W, ACRES 640, TR 1 ALL",,Flathead Ridge Ranch / N5B
FLATHEAD RIDGE / N5B,07358013101010000,FRR BROWNS MEADOW LLC,640.0,Flathead,ATTN: N5B CAPITAL,601 STATE ST STE 300,,SOUTHLAKE,TX,76092-7677,exact normalized cadastral owner match to independently supported current entity,confirmed,True,2026,458125,0000290155,Vacant Land,,WILLIAMS SAMANTHA,"S13, T25 N, R23 W, ACRES 640, TR 1 ALL",,Flathead Ridge Ranch / N5B
FLATHEAD RIDGE / N5B,07358014101010000,FRR BROWNS MEADOW LLC,640.0,Flathead,ATTN: N5B CAPITAL,601 STATE ST STE 300,,SOUTHLAKE,TX,76092-7677,exact normalized cadastral owner match to independently supported current entity,confirmed,True,2026,472075,0000629150,Vacant Land,,WILLIAMS SAMANTHA,"S14, T25 N, R23 W, ACRES 640, TR 1 IN W2, TR 2 IN E2 & SE4SW4",,Flathead Ridge Ranch / N5B
FLATHEAD RIDGE / N5B,07358015101010000,FRR BROWNS MEADOW LLC,640.0,Flathead,ATTN: N5B CAPITAL,601 STATE ST STE 300,,SOUTHLAKE,TX,76092-7677,exact normalized cadastral owner match to independently supported current entity,confirmed,True,2026,458126,0000290155,Vacant Land,,WILLIAMS SAMANTHA,"S15, T25 N, R23 W, ACRES 640, TR 1 ALL",,Flathead Ridge Ranch / N5B
FLATHEAD RIDGE / N5B,07358020101010000,FRR BROWNS MEADOW LLC,640.0,Flathead,ATTN: N5B CAPITAL,601 STATE ST STE 300,,SOUTHLAKE,TX,76092-7677,exact normalized cadastral owner match to independently supported current entity,confirmed,True,2026,472077,0000629150,Vacant Land,,WILLIAMS SAMANTHA,"S20, T25 N, R23 W, ACRES 640, ALL TR 1",,Flathead Ridge Ranch / N5B
FLATHEAD RIDGE / N5B,07358021101010000,FRR BROWNS MEADOW LLC,640.0,Flathead,ATTN: N5B CAPITAL,601 STATE ST STE 300,,SOUTHLAKE,TX,76092-7677,exact normalized cadastral owner match to independently supported current entity,confirmed,True,2026,458128,0000290155,Vacant Land,,WILLIAMS SAMANTHA,"S21, T25 N, R23 W, ACRES 640, TR 1 ALL",,Flathead Ridge Ranch / N5B
FLATHEAD RIDGE / N5B,07357801101010000,FRR HUBBARD LLC,640.0,Flathead,ATTN: N5B CAPITAL,601 STATE ST STE 300,,SOUTHLAKE,TX,76092-7677,exact normalized cadastral owner match to independently supported current entity,confirmed,True,2026,458154,0000290190,Vacant Land,,WILLIAMS SAMANTHA,"S01, T25 N, R25 W, ACRES 640, TR 1 ALL",,Flathead Ridge Ranch / N5B
FLATHEAD RIDGE / N5B,07357812101010000,FRR HUBBARD LLC,640.0,Flathead,ATTN: N5B CAPITAL,601 STATE ST STE 300,,SOUTHLAKE,TX,76092-7677,exact normalized cadastral owner match to independently supported current entity,confirmed,True,2026,458158,0000290190,Vacant Land,,WILLIAMS SAMANTHA,"S12, T25 N, R25 W, ACRES 640, TR 1 NE4, TR 2 NW4, TR 3 SW4, TR 4 SE4",,Flathead Ridge Ranch / N5B
FLATHEAD RIDGE / N5B,07357813101010000,FRR HUBBARD LLC,640.0,Flathead,ATTN: N5B CAPITAL,601 STATE ST STE 300,,SOUTHLAKE,TX,76092-7677,exact normalized cadastral owner match to independently supported current entity,confirmed,True,2026,458164,0000290190,Vacant Land,,WILLIAMS SAMANTHA,"S13, T25 N, R25 W, ACRES 640, TR 1 ALL",,Flathead Ridge Ranch / N5B
FLATHEAD RIDGE / N5B,07357825101010000,FRR HUBBARD LLC,640.0,Flathead,ATTN: N5B CAPITAL,601 STATE ST STE 300,,SOUTHLAKE,TX,76092-7677,exact normalized cadastral owner match to independently supported current entity,confirmed,True,2026,458170,0000290190,Vacant Land,,WILLIAMS SAMANTHA,"S25, T25 N, R25 W, ACRES 640, TR 1 ALL",,Flathead Ridge Ranch / N5B
FLATHEAD RIDGE / N5B,07357901101010000,FRR HUBBARD LLC,640.0,Flathead,ATTN: N5B CAPITAL,601 STATE ST STE 300,,SOUTHLAKE,TX,76092-7677,exact normalized cadastral owner match to independently supported current entity,confirmed,True,2026,458129,0000290165,Vacant Land,,WILLIAMS SAMANTHA,"S01, T25 N, R24 W, ACRES 640, TR 1 ALL",,Flathead Ridge Ranch / N5B
FLATHEAD RIDGE / N5B,07357902101010000,FRR HUBBARD LLC,640.0,Flathead,ATTN: N5B CAPITAL,601 STATE ST STE 300,,SOUTHLAKE,TX,76092-7677,exact normalized cadastral owner match to independently supported current entity,confirmed,True,2026,472036,0000290165,Vacant Land,,WILLIAMS SAMANTHA,"S02, T25 N, R24 W, ACRES 640, TR 1 ALL",,Flathead Ridge Ranch / N5B
FLATHEAD RIDGE / N5B,07357903101010000,FRR HUBBARD LLC,640.0,Flathead,ATTN: N5B CAPITAL,601 STATE ST STE 300,,SOUTHLAKE,TX,76092-7677,exact normalized cadastral owner match to independently supported current entity,confirmed,True,2026,458130,0000290165,Vacant Land,,WILLIAMS SAMANTHA,"S03, T25 N, R24 W, ACRES 640, TR 1 ALL",,Flathead Ridge Ranch / N5B
FLATHEAD RIDGE / N5B,07357904101010000,FRR HUBBARD LLC,640.0,Flathead,ATTN: N5B CAPITAL,601 STATE ST STE 300,,SOUTHLAKE,TX,76092-7677,exact normalized cadastral owner match to independently supported current entity,confirmed,True,2026,458134,0000290165,Vacant Land,,WILLIAMS SAMANTHA,"S04, T25 N, R24 W, ACRES 640, TR 1 IN SW4, TR 2 IN N2, SE4",,Flathead Ridge Ranch / N5B
FLATHEAD RIDGE / N5B,07357909101010000,FRR HUBBARD LLC,640.0,Flathead,ATTN: N5B CAPITAL,601 STATE ST STE 300,,SOUTHLAKE,TX,76092-7677,exact normalized cadastral owner match to independently supported current entity,confirmed,True,2026,458138,0000290170,Vacant Land,,WILLIAMS SAMANTHA,"S09, T25 N, R24 W, ACRES 640, TR 1 ALL",,Flathead Ridge Ranch / N5B
FLATHEAD RIDGE / N5B,07357910101010000,FRR HUBBARD LLC,640.0,Flathead,ATTN: N5B CAPITAL,601 STATE ST STE 300,,SOUTHLAKE,TX,76092-7677,exact normalized cadastral owner match to independently supported current entity,confirmed,True,2026,472038,0000290170,Vacant Land,,WILLIAMS SAMANTHA,"S10, T25 N, R24 W, ACRES 640, TR 1 IN N2, TR 2 IN S2",,Flathead Ridge Ranch / N5B
FLATHEAD RIDGE / N5B,07357911101010000,FRR HUBBARD LLC,640.0,Flathead,ATTN: N5B CAPITAL,601 STATE ST STE 300,,SOUTHLAKE,TX,76092-7677,exact normalized cadastral owner match to independently supported current entity,confirmed,True,2026,458139,0000290170,Vacant Land,,WILLIAMS SAMANTHA,"S11, T25 N, R24 W, ACRES 640, TR 1 ALL",,Flathead Ridge Ranch / N5B
FLATHEAD RIDGE / N5B,07357914101010000,FRR HUBBARD LLC,640.0,Flathead,ATTN: N5B CAPITAL,601 STATE ST STE 300,,SOUTHLAKE,TX,76092-7677,exact normalized cadastral owner match to independently supported current entity,confirmed,True,2026,472040,0000290170,Vacant Land,,WILLIAMS SAMANTHA,"S14, T25 N, R24 W, ACRES 640, TR 1 ALL",,Flathead Ridge Ranch / N5B
FLATHEAD RIDGE / N5B,07357917101010000,FRR HUBBARD LLC,640.0,Flathead,ATTN: N5B CAPITAL,601 STATE ST STE 300,,SOUTHLAKE,TX,76092-7677,exact normalized cadastral owner match to independently supported current entity,confirmed,True,2026,458142,0000290170,Vacant Land,,WILLIAMS SAMANTHA,"S17, T25 N, R24 W, ACRES 640, TR 1 ALL",,Flathead Ridge Ranch / N5B
FLATHEAD RIDGE / N5B,07357920101010000,FRR HUBBARD LLC,640.0,Flathead,ATTN: N5B CAPITAL,601 STATE ST STE 300,,SOUTHLAKE,TX,76092-7677,exact normalized cadastral owner match to independently supported current entity,confirmed,True,2026,472044,0000628800,Vacant Land,,WILLIAMS SAMANTHA,"S20, T25 N, R24 W, ACRES 640, TR 1 ALL",,Flathead Ridge Ranch / N5B
FLATHEAD RIDGE / N5B,07357929101010000,FRR HUBBARD LLC,640.0,Flathead,ATTN: N5B CAPITAL,601 STATE ST STE 300,,SOUTHLAKE,TX,76092-7677,exact normalized cadastral owner match to independently supported current entity,confirmed,True,2026,458150,0000290180,Vacant Land,,WILLIAMS SAMANTHA,"S29, T25 N, R24 W, ACRES 640, TR 1 ALL",,Flathead Ridge Ranch / N5B
FLATHEAD RIDGE / N5B,07382813101010000,FRR LOST PRAIRIE LLC,640.0,Flathead,ATTN: N5B CAPITAL,601 STATE ST STE 300,,SOUTHLAKE,TX,76092-7677,exact normalized cadastral owner match to independently supported current entity,confirmed,True,2026,453625,0000138172,Vacant Land,,WILLIAMS SAMANTHA,"S13, T27 N, R26 W, ACRES 640, TR 1 IN ALL",,Flathead Ridge Ranch / N5B
FLATHEAD RIDGE / N5B,07382825101010000,FRR LOST PRAIRIE LLC,640.0,Flathead,ATTN: N5B CAPITAL,601 STATE ST STE 300,,SOUTHLAKE,TX,76092-7677,exact normalized cadastral owner match to independently supported current entity,confirmed,True,2026,488760,0000138172,Vacant Land,,WILLIAMS SAMANTHA,"S25, T27 N, R26 W, ACRES 640, TR 1 ALL",,Flathead Ridge Ranch / N5B
FLATHEAD RIDGE / N5B,07382913101010000,FRR LOST PRAIRIE LLC,640.0,Flathead,ATTN: N5B CAPITAL,601 STATE ST STE 300,,SOUTHLAKE,TX,76092-7677,exact normalized cadastral owner match to independently supported current entity,confirmed,True,2026,488792,0000138166,Vacant Land,,WILLIAMS SAMANTHA,"S13, T27 N, R25 W, ACRES 640, TR 1 ALL",,Flathead Ridge Ranch / N5B
FLATHEAD RIDGE / N5B,07382923101010000,FRR LOST PRAIRIE LLC,640.0,Flathead,ATTN: N5B CAPITAL,601 STATE ST STE 300,,SOUTHLAKE,TX,76092-7677,exact normalized cadastral owner match to independently supported current entity,confirmed,True,2026,488783,0000627000,Vacant Land,,WILLIAMS SAMANTHA,"S23, T27 N, R25 W, ACRES 640, TR 1 IN ALL",,Flathead Ridge Ranch / N5B
FLATHEAD RIDGE / N5B,07382924101010000,FRR LOST PRAIRIE LLC,640.0,Flathead,ATTN: N5B CAPITAL,601 STATE ST STE 300,,SOUTHLAKE,TX,76092-7677,exact normalized cadastral owner match to independently supported current entity,confirmed,True,2026,471947,0000627000,Vacant Land,,WILLIAMS SAMANTHA,"S24, T27 N, R25 W, ACRES 640, TR 1 ALL",,Flathead Ridge Ranch / N5B
FLATHEAD RIDGE / N5B,07382929101010000,FRR LOST PRAIRIE LLC,640.0,Flathead,ATTN: N5B CAPITAL,601 STATE ST STE 300,,SOUTHLAKE,TX,76092-7677,exact normalized cadastral owner match to independently supported current entity,confirmed,True,2026,453622,0000627050,Vacant Land,,WILLIAMS SAMANTHA,"S29, T27 N, R25 W, ACRES 640, TR 1 ALL",,Flathead Ridge Ranch / N5B
FLATHEAD RIDGE / N5B,07382933101010000,FRR LOST PRAIRIE LLC,640.0,Flathead,ATTN: N5B CAPITAL,601 STATE ST STE 300,,SOUTHLAKE,TX,76092-7677,exact normalized cadastral owner match to independently supported current entity,confirmed,True,2026,488802,0000976506,Vacant Land,,WILLIAMS SAMANTHA,"S33, T27 N, R25 W, ACRES 640, TR 1 ALL",,Flathead Ridge Ranch / N5B
FLATHEAD RIDGE / N5B,07382935101010000,FRR LOST PRAIRIE LLC,640.0,Flathead,ATTN: N5B CAPITAL,601 STATE ST STE 300,,SOUTHLAKE,TX,76092-7677,exact normalized cadastral owner match to independently supported current entity,confirmed,True,2026,488803,0000976506,Vacant Land,,WILLIAMS SAMANTHA,"S35, T27 N, R25 W, ACRES 640, TR 1 ALL",,Flathead Ridge Ranch / N5B
FLATHEAD RIDGE / N5B,07357802101010000,FRR MURR PEAK LLC,640.0,Flathead,ATTN: N5B CAPITAL,601 STATE ST STE 300,,SOUTHLAKE,TX,76092-7677,exact normalized cadastral owner match to independently supported current entity,confirmed,True,2026,458155,0000290200,Vacant Land,,WILLIAMS SAMANTHA,"S02, T25 N, R25 W, ACRES 640, TR 1 IN N2N2, TR 4 S2NS, TR 2 SW4, TR 3 SE4",,Flathead Ridge Ranch / N5B
FLATHEAD RIDGE / N5B,07357803101010000,FRR MURR PEAK LLC,640.0,Flathead,ATTN: N5B CAPITAL,601 STATE ST STE 300,,SOUTHLAKE,TX,76092-7677,exact normalized cadastral owner match to independently supported current entity,confirmed,True,2026,458156,0000290200,Vacant Land,,WILLIAMS SAMANTHA,"S03, T25 N, R25 W, ACRES 640, TR 1 ALL",,Flathead Ridge Ranch / N5B
FLATHEAD RIDGE / N5B,07357805101010000,FRR MURR PEAK LLC,640.0,Flathead,ATTN: N5B CAPITAL,601 STATE ST STE 300,,SOUTHLAKE,TX,76092-7677,exact normalized cadastral owner match to independently supported current entity,confirmed,True,2026,472048,0000628850,Vacant Land,,WILLIAMS SAMANTHA,"S05, T25 N, R25 W, ACRES 640, TR 1 ALL",,Flathead Ridge Ranch / N5B
FLATHEAD RIDGE / N5B,07357809101010000,FRR MURR PEAK LLC,640.0,Flathead,ATTN: N5B CAPITAL,601 STATE ST STE 300,,SOUTHLAKE,TX,76092-7677,exact normalized cadastral owner match to independently supported current entity,confirmed,True,2026,472050,0000628850,Vacant Land,,WILLIAMS SAMANTHA,"S09, T25 N, R25 W, ACRES 640, TR 1 ALL",,Flathead Ridge Ranch / N5B
FLATHEAD RIDGE / N5B,07357811101010000,FRR MURR PEAK LLC,640.0,Flathead,ATTN: N5B CAPITAL,601 STATE ST STE 300,,SOUTHLAKE,TX,76092-7677,exact normalized cadastral owner match to independently supported current entity,confirmed,True,2026,458157,0000290200,Vacant Land,,WILLIAMS SAMANTHA,"S11, T25 N, R25 W, ACRES 640, TR 1 ALL",,Flathead Ridge Ranch / N5B
FLATHEAD RIDGE / N5B,07357815101010000,FRR MURR PEAK LLC,640.0,Flathead,ATTN: N5B CAPITAL,601 STATE ST STE 300,,SOUTHLAKE,TX,76092-7677,exact normalized cadastral owner match to independently supported current entity,confirmed,True,2026,458166,0000290200,Vacant Land,,WILLIAMS SAMANTHA,"S15, T25 N, R25 W, ACRES 640, TR 1 ALL",,Flathead Ridge Ranch / N5B
FLATHEAD RIDGE / N5B,07357817101010000,FRR MURR PEAK LLC,640.0,Flathead,ATTN: N5B CAPITAL,601 STATE ST STE 300,,SOUTHLAKE,TX,76092-7677,exact normalized cadastral owner match to independently supported current entity,confirmed,True,2026,472051,0000628850,Vacant Land,,WILLIAMS SAMANTHA,"S17, T25 N, R25 W, ACRES 640, TR 1 ALL",,Flathead Ridge Ranch / N5B
FLATHEAD RIDGE / N5B,07357821101010000,FRR MURR PEAK LLC,640.0,Flathead,ATTN: N5B CAPITAL,601 STATE ST STE 300,,SOUTHLAKE,TX,76092-7677,exact normalized cadastral owner match to independently supported current entity,confirmed,True,2026,472053,0000628850,Vacant Land,,WILLIAMS SAMANTHA,"S21, T25 N, R25 W, ACRES 640, TR 1 ALL",,Flathead Ridge Ranch / N5B
FLATHEAD RIDGE / N5B,07357823101010000,FRR MURR PEAK LLC,640.0,Flathead,ATTN: N5B CAPITAL,601 STATE ST STE 300,,SOUTHLAKE,TX,76092-7677,exact normalized cadastral owner match to independently supported current entity,confirmed,True,2026,458167,0000290200,Vacant Land,,WILLIAMS SAMANTHA,"S23, T25 N, R25 W, ACRES 640, TR 1 ALL",,Flathead Ridge Ranch / N5B
FLATHEAD RIDGE / N5B,07357829101010000,FRR MURR PEAK LLC,640.0,Flathead,ATTN: N5B CAPITAL,601 STATE ST STE 300,,SOUTHLAKE,TX,76092-7677,exact normalized cadastral owner match to independently supported current entity,confirmed,True,2026,472055,0000628900,Vacant Land,,WILLIAMS SAMANTHA,"S29, T25 N, R25 W, ACRES 640, TR 1 ALL",,Flathead Ridge Ranch / N5B
FLATHEAD RIDGE / N5B,07370022101010000,FRR MURR PEAK LLC,640.0,Flathead,ATTN: N5B CAPITAL,601 STATE ST STE 300,,SOUTHLAKE,TX,76092-7677,exact normalized cadastral owner match to independently supported current entity,confirmed,True,2026,488840,0000628250,Vacant Land,,WILLIAMS SAMANTHA,"S22, T26 N, R25 W, ACRES 640, TR 1 ALL",,Flathead Ridge Ranch / N5B
FLATHEAD RIDGE / N5B,07370023101010000,FRR MURR PEAK LLC,640.0,Flathead,ATTN: N5B CAPITAL,601 STATE ST STE 300,,SOUTHLAKE,TX,76092-7677,exact normalized cadastral owner match to independently supported current entity,confirmed,True,2026,458286,0000628250,Vacant Land,,WILLIAMS SAMANTHA,"S23, T26 N, R25 W, ACRES 640, TR 1 ALL",,Flathead Ridge Ranch / N5B
FLATHEAD RIDGE / N5B,07370027101010000,FRR MURR PEAK LLC,640.0,Flathead,ATTN: N5B CAPITAL,601 STATE ST STE 300,,SOUTHLAKE,TX,76092-7677,exact normalized cadastral owner match to independently supported current entity,confirmed,True,2026,458290,0000975912,Vacant Land,,WILLIAMS SAMANTHA,"S27, T26 N, R25 W, ACRES 640, TR 1 ALL",,Flathead Ridge Ranch / N5B
FLATHEAD RIDGE / N5B,07370029101010000,FRR MURR PEAK LLC,640.0,Flathead,ATTN: N5B CAPITAL,601 STATE ST STE 300,,SOUTHLAKE,TX,76092-7677,exact normalized cadastral owner match to independently supported current entity,confirmed,True,2026,472012,0000628300,Vacant Land,,WILLIAMS SAMANTHA,"S29, T26 N, R25 W, ACRES 640, TR 1 ALL",,Flathead Ridge Ranch / N5B
FLATHEAD RIDGE / N5B,07370035101010000,FRR MURR PEAK LLC,640.0,Flathead,ATTN: N5B CAPITAL,601 STATE ST STE 300,,SOUTHLAKE,TX,76092-7677,exact normalized cadastral owner match to independently supported current entity,confirmed,True,2026,458293,0000628300,Vacant Land,,WILLIAMS SAMANTHA,"S35, T26 N, R25 W, ACRES 640, TR 1 ALL",,Flathead Ridge Ranch / N5B
FLATHEAD RIDGE / N5B,07370112101010000,FRR RODGERS LAKE LLC,640.0,Flathead,ATTN: N5B CAPITAL,601 STATE ST STE 300,,SOUTHLAKE,TX,76092-7677,exact normalized cadastral owner match to independently supported current entity,confirmed,True,2026,458254,0000977222,Vacant Land,,WILLIAMS SAMANTHA,"S12, T26 N, R24 W, ACRES 640, ALL TR 1,2,3,4",,Flathead Ridge Ranch / N5B
FLATHEAD RIDGE / N5B,07370113101010000,FRR RODGERS LAKE LLC,640.0,Flathead,ATTN: N5B CAPITAL,601 STATE ST STE 300,,SOUTHLAKE,TX,76092-7677,exact normalized cadastral owner match to independently supported current entity,confirmed,True,2026,458255,0000977222,Vacant Land,,WILLIAMS SAMANTHA,"S13, T26 N, R24 W, ACRES 640, TR 1 ALL",,Flathead Ridge Ranch / N5B
FLATHEAD RIDGE / N5B,07370205101010000,FRR RODGERS LAKE LLC,640.0,Flathead,ATTN: N5B CAPITAL,601 STATE ST STE 300,,SOUTHLAKE,TX,76092-7677,exact normalized cadastral owner match to independently supported current entity,confirmed,True,2026,471974,0000290210,Vacant Land,,WILLIAMS SAMANTHA,"S05, T26 N, R23 W, ACRES 640, TR 1 ALL",,Flathead Ridge Ranch / N5B
FLATHEAD RIDGE / N5B,07370221101010000,FRR RODGERS LAKE LLC,640.0,Flathead,ATTN: N5B CAPITAL,601 STATE ST STE 300,,SOUTHLAKE,TX,76092-7677,exact normalized cadastral owner match to independently supported current entity,confirmed,True,2026,458179,0000290215,Vacant Land,,WILLIAMS SAMANTHA,"S21, T26 N, R23 W, ACRES 640, TR 1 ALL",,Flathead Ridge Ranch / N5B
FLATHEAD RIDGE / N5B,07370229101010000,FRR RODGERS LAKE LLC,640.0,Flathead,ATTN: N5B CAPITAL,601 STATE ST STE 300,,SOUTHLAKE,TX,76092-7677,exact normalized cadastral owner match to independently supported current entity,confirmed,True,2026,458185,0000971891,Vacant Land,,WILLIAMS SAMANTHA,"S29, T26 N, R23 W, ACRES 640, TR 1 ALL",,Flathead Ridge Ranch / N5B
FLATHEAD RIDGE / N5B,07370232101010000,FRR RODGERS LAKE LLC,640.0,Flathead,ATTN: N5B CAPITAL,601 STATE ST STE 300,,SOUTHLAKE,TX,76092-7677,exact normalized cadastral owner match to independently supported current entity,confirmed,True,2026,471977,0000290195,Vacant Land,,WILLIAMS SAMANTHA,"S32, T26 N, R23 W, ACRES 640, TR 1 ALL",,Flathead Ridge Ranch / N5B
FLATHEAD RIDGE / N5B,07370233101010000,FRR RODGERS LAKE LLC,640.0,Flathead,ATTN: N5B CAPITAL,601 STATE ST STE 300,,SOUTHLAKE,TX,76092-7677,exact normalized cadastral owner match to independently supported current entity,confirmed,True,2026,458161,0000290195,Vacant Land,,WILLIAMS SAMANTHA,"S33, T26 N, R23 W, ACRES 640, TR 1 ALL",,Flathead Ridge Ranch / N5B
FLATHEAD RIDGE / N5B,07383025101010000,FRR RODGERS LAKE LLC,640.0,Flathead,ATTN: N5B CAPITAL,601 STATE ST STE 300,,SOUTHLAKE,TX,76092-7677,exact normalized cadastral owner match to independently supported current entity,confirmed,True,2026,458313,0000016426,Vacant Land,,WILLIAMS SAMANTHA,"S25, T27 N, R24 W, ACRES 640, TR 1 ALL",,Flathead Ridge Ranch / N5B
FLATHEAD RIDGE / N5B,07383035101010000,FRR RODGERS LAKE LLC,640.0,Flathead,ATTN: N5B CAPITAL,601 STATE ST STE 300,,SOUTHLAKE,TX,76092-7677,exact normalized cadastral owner match to independently supported current entity,confirmed,True,2026,458320,0000016426,Vacant Land,,WILLIAMS SAMANTHA,"S35, T27 N, R24 W, ACRES 640, TR 1 ALL",,Flathead Ridge Ranch / N5B
FLATHEAD RIDGE / N5B,07370013101010000,FRR SICKLER CREEK LLC,640.0,Flathead,ATTN: N5B CAPITAL,601 STATE ST STE 300,,SOUTHLAKE,TX,76092-7677,exact normalized cadastral owner match to independently supported current entity,confirmed,True,2026,458281,0000290360,Vacant Land,,WILLIAMS SAMANTHA,"S13, T26 N, R25 W, ACRES 640, TR 1 ALL",,Flathead Ridge Ranch / N5B
FLATHEAD RIDGE / N5B,07370024101010000,FRR SICKLER CREEK LLC,640.0,Flathead,ATTN: N5B CAPITAL,601 STATE ST STE 300,,SOUTHLAKE,TX,76092-7677,exact normalized cadastral owner match to independently supported current entity,confirmed,True,2026,458287,0000290360,Vacant Land,,WILLIAMS SAMANTHA,"S24, T26 N, R25 W, ACRES 640, TR 1 SW4,TR 2 SE4,TR 4 N2NW4,SW4NW4,NW4NE4, TR 3 E2NE4 & SW4NE4 & SE4NW4",,Flathead Ridge Ranch / N5B
FLATHEAD RIDGE / N5B,07370025101010000,FRR SICKLER CREEK LLC,640.0,Flathead,ATTN: N5B CAPITAL,601 STATE ST STE 300,,SOUTHLAKE,TX,76092-7677,exact normalized cadastral owner match to independently supported current entity,confirmed,True,2026,458288,0000290360,Vacant Land,,WILLIAMS SAMANTHA,"S25, T26 N, R25 W, ACRES 640, TR 1 ALL",,Flathead Ridge Ranch / N5B
FLATHEAD RIDGE / N5B,07370115101010000,FRR SICKLER CREEK LLC,640.0,Flathead,ATTN: N5B CAPITAL,601 STATE ST STE 300,,SOUTHLAKE,TX,76092-7677,exact normalized cadastral owner match to independently supported current entity,confirmed,True,2026,458257,0000290325,Vacant Land,,WILLIAMS SAMANTHA,"S15, T26 N, R24 W, ACRES 640, TR 1 ALL",,Flathead Ridge Ranch / N5B
FLATHEAD RIDGE / N5B,07370127101010000,FRR SICKLER CREEK LLC,640.0,Flathead,ATTN: N5B CAPITAL,601 STATE ST STE 300,,SOUTHLAKE,TX,76092-7677,exact normalized cadastral owner match to independently supported current entity,confirmed,True,2026,458268,0000290340,Vacant Land,,WILLIAMS SAMANTHA,"S27, T26 N, R24 W, ACRES 640, TR 1 ALL",,Flathead Ridge Ranch / N5B
FLATHEAD RIDGE / N5B,07370128101010000,FRR SICKLER CREEK LLC,640.0,Flathead,ATTN: N5B CAPITAL,601 STATE ST STE 300,,SOUTHLAKE,TX,76092-7677,exact normalized cadastral owner match to independently supported current entity,confirmed,True,2026,458269,0000290340,Vacant Land,,WILLIAMS SAMANTHA,"S28, T26 N, R24 W, ACRES 640, TR 1 ALL",,Flathead Ridge Ranch / N5B
FLATHEAD RIDGE / N5B,07370129101010000,FRR SICKLER CREEK LLC,640.0,Flathead,ATTN: N5B CAPITAL,601 STATE ST STE 300,,SOUTHLAKE,TX,76092-7677,exact normalized cadastral owner match to independently supported current entity,confirmed,True,2026,458270,0000290340,Vacant Land,,WILLIAMS SAMANTHA,"S29, T26 N, R24 W, ACRES 640, TR 1 ALL",,Flathead Ridge Ranch / N5B
FLATHEAD RIDGE / N5B,07370133101010000,FRR SICKLER CREEK LLC,640.0,Flathead,ATTN: N5B CAPITAL,601 STATE ST STE 300,,SOUTHLAKE,TX,76092-7677,exact normalized cadastral owner match to independently supported current entity,confirmed,True,2026,458274,0000290345,Vacant Land,,WILLIAMS SAMANTHA,"S33, T26 N, R24 W, ACRES 640, TR 1 ALL",,Flathead Ridge Ranch / N5B
FLATHEAD RIDGE / N5B,07370134101010000,FRR SICKLER CREEK LLC,640.0,Flathead,ATTN: N5B CAPITAL,601 STATE ST STE 300,,SOUTHLAKE,TX,76092-7677,exact normalized cadastral owner match to independently supported current entity,confirmed,True,2026,458275,0000290345,Vacant Land,,WILLIAMS SAMANTHA,"S34, T26 N, R24 W, ACRES 640, TR 1 ALL",,Flathead Ridge Ranch / N5B
FLATHEAD RIDGE / N5B,07370135101010000,FRR SICKLER CREEK LLC,640.0,Flathead,ATTN: N5B CAPITAL,601 STATE ST STE 300,,SOUTHLAKE,TX,76092-7677,exact normalized cadastral owner match to independently supported current entity,confirmed,True,2026,458276,0000290345,Vacant Land,,WILLIAMS SAMANTHA,"S35, T26 N, R24 W, ACRES 640, TR 1 ALL",,Flathead Ridge Ranch / N5B
FLATHEAD RIDGE / N5B,07370001101010000,FRR LOST PRAIRIE LLC,639.76,Flathead,ATTN: N5B CAPITAL,601 STATE ST STE 300,,SOUTHLAKE,TX,76092-7677,exact normalized cadastral owner match to independently supported current entity,confirmed,True,2026,458277,0000290350,Vacant Land,,WILLIAMS SAMANTHA,"S01, T26 N, R25 W, ACRES 639.76, TR 1 ALL",,Flathead Ridge Ranch / N5B
FLATHEAD RIDGE / N5B,15358223101010000,FLATHEAD RIDGE RANCH LLC,639.41,Lake,MAIL TO: N5B CAPITAL,601 STATE ST STE 300,,SOUTHLAKE,TX,76092,exact normalized cadastral owner match to independently supported current entity,confirmed,True,2026,954848,0000160005,Vacant Land,,,"S23, T25 N, R21 W, ALL SECTION",,Flathead Ridge Ranch / N5B
FLATHEAD RIDGE / N5B,07370101101010000,FRR RODGERS LAKE LLC,639.28,Flathead,ATTN: N5B CAPITAL,601 STATE ST STE 300,,SOUTHLAKE,TX,76092-7677,exact normalized cadastral owner match to independently supported current entity,confirmed,True,2026,458243,0000334450,Vacant Land,,WILLIAMS SAMANTHA,"S01, T26 N, R24 W, ACRES 639.28, TR 1 ALL",,Flathead Ridge Ranch / N5B
FLATHEAD RIDGE / N5B,07358009101010000,FRR BROWNS MEADOW LLC,637.15,Flathead,ATTN: N5B CAPITAL,601 STATE ST STE 300,,SOUTHLAKE,TX,76092-7677,exact normalized cadastral owner match to independently supported current entity,confirmed,True,2026,458123,0000290150,Vacant Land,,WILLIAMS SAMANTHA,"S09, T25 N, R23 W, ACRES 637.15, TR 1 ALL LESS RDRD",,Flathead Ridge Ranch / N5B
FLATHEAD RIDGE / N5B,07383029101010000,FRR LOST PRAIRIE LLC,633.63,Flathead,ATTN: N5B CAPITAL,601 STATE ST STE 300,,SOUTHLAKE,TX,76092-7677,exact normalized cadastral owner match to independently supported current entity,confirmed,True,2026,458316,0000290400,Vacant Land,,WILLIAMS SAMANTHA,"S29, T27 N, R24 W, ACRES 633.63, TR 1 ALL",,Flathead Ridge Ranch / N5B
FLATHEAD RIDGE / N5B,07370131101010000,FRR SICKLER CREEK LLC,633.08,Flathead,ATTN: N5B CAPITAL,601 STATE ST STE 300,,SOUTHLAKE,TX,76092-7677,exact normalized cadastral owner match to independently supported current entity,confirmed,True,2026,458272,0000290340,Vacant Land,,WILLIAMS SAMANTHA,"S31, T26 N, R24 W, ACRES 633.08, TR 1 ALL",,Flathead Ridge Ranch / N5B
FLATHEAD RIDGE / N5B,07370227101010000,FRR RODGERS LAKE LLC,632.6,Flathead,ATTN: N5B CAPITAL,601 STATE ST STE 300,,SOUTHLAKE,TX,76092-7677,exact normalized cadastral owner match to independently supported current entity,confirmed,True,2026,458184,0000971891,Vacant Land,,WILLIAMS SAMANTHA,"S27, T26 N, R23 W, ACRES 632.6, TR 1 ALL",,Flathead Ridge Ranch / N5B
FLATHEAD RIDGE / N5B,07370130101010000,FRR SICKLER CREEK LLC,632.4,Flathead,ATTN: N5B CAPITAL,601 STATE ST STE 300,,SOUTHLAKE,TX,76092-7677,exact normalized cadastral owner match to independently supported current entity,confirmed,True,2026,458271,0000290340,Vacant Land,,WILLIAMS SAMANTHA,"S30, T26 N, R24 W, ACRES 632.4, TR 1 NW4, TR 2 NE4, TR 3 SE4, TR 4 SW4",,Flathead Ridge Ranch / N5B
FLATHEAD RIDGE / N5B,07357930101010000,FRR HUBBARD LLC,632.12,Flathead,ATTN: N5B CAPITAL,601 STATE ST STE 300,,SOUTHLAKE,TX,76092-7677,exact normalized cadastral owner match to independently supported current entity,confirmed,True,2026,472046,0000628800,Vacant Land,,WILLIAMS SAMANTHA,"S30, T25 N, R24 W, ACRES 632.12, TR 1 ALL",,Flathead Ridge Ranch / N5B
FLATHEAD RIDGE / N5B,07382927101010000,FRR LOST PRAIRIE LLC,631.91,Flathead,ATTN: N5B CAPITAL,601 STATE ST STE 300,,SOUTHLAKE,TX,76092-7677,exact normalized cadastral owner match to independently supported current entity,confirmed,True,2026,488785,0000627050,Vacant Land,,WILLIAMS SAMANTHA,"S27, T27 N, R25 W, ACRES 631.91, TR 1 ALL, LESS RD",,Flathead Ridge Ranch / N5B
FLATHEAD RIDGE / N5B,07370119101010000,FRR SICKLER CREEK LLC,631.88,Flathead,ATTN: N5B CAPITAL,601 STATE ST STE 300,,SOUTHLAKE,TX,76092-7677,exact normalized cadastral owner match to independently supported current entity,confirmed,True,2026,458260,0000290325,Vacant Land,,WILLIAMS SAMANTHA,"S19, T26 N, R24 W, ACRES 631.88, TR 1 ALL",,Flathead Ridge Ranch / N5B
FLATHEAD RIDGE / N5B,07383119101010000,FRR RODGERS LAKE LLC,631.72,Flathead,ATTN: N5B CAPITAL,601 STATE ST STE 300,,SOUTHLAKE,TX,76092-7677,exact normalized cadastral owner match to independently supported current entity,confirmed,True,2026,458300,0000290380,Vacant Land,,WILLIAMS SAMANTHA,"S19, T27 N, R23 W, ACRES 631.72, TR 1 ALL",,Flathead Ridge Ranch / N5B
FLATHEAD RIDGE / N5B,07370118101010000,FRR SICKLER CREEK LLC,631.36,Flathead,ATTN: N5B CAPITAL,601 STATE ST STE 300,,SOUTHLAKE,TX,76092-7677,exact normalized cadastral owner match to independently supported current entity,confirmed,True,2026,458259,0000290325,Vacant Land,,WILLIAMS SAMANTHA,"S18, T26 N, R24 W, ACRES 631.36, TR 2 NW4, TR 3 SW4, TR 4 NE4, TR 5 SE4",,Flathead Ridge Ranch / N5B
FLATHEAD RIDGE / N5B,07357919101010000,FRR HUBBARD LLC,630.72,Flathead,ATTN: N5B CAPITAL,601 STATE ST STE 300,,SOUTHLAKE,TX,76092-7677,exact normalized cadastral owner match to independently supported current entity,confirmed,True,2026,458143,0000628800,Vacant Land,,WILLIAMS SAMANTHA,"S19, T25 N, R24 W, ACRES 630.72, TR 1 ALL",,Flathead Ridge Ranch / N5B
FLATHEAD RIDGE / N5B,07383031101010000,FRR LOST PRAIRIE LLC,630.4,Flathead,ATTN: N5B CAPITAL,601 STATE ST STE 300,,SOUTHLAKE,TX,76092-7677,exact normalized cadastral owner match to independently supported current entity,confirmed,True,2026,458318,0000628700,Vacant Land,,WILLIAMS SAMANTHA,"S31, T27 N, R24 W, ACRES 630.4, TR 1 N2NW4, TR 1B S2N2,N2NE4, TR 1A S2",,Flathead Ridge Ranch / N5B
FLATHEAD RIDGE / N5B,07382925101010000,FRR LOST PRAIRIE LLC,628.55,Flathead,ATTN: N5B CAPITAL,601 STATE ST STE 300,,SOUTHLAKE,TX,76092-7677,exact normalized cadastral owner match to independently supported current entity,confirmed,True,2026,488784,0000627000,Vacant Land,,WILLIAMS SAMANTHA,"S25, T27 N, R25 W, ACRES 628.55, TR 1 IN ALL, LESS RD",,Flathead Ridge Ranch / N5B
FLATHEAD RIDGE / N5B,15358203101010000,FLATHEAD RIDGE RANCH LLC,626.12,Lake,MAIL TO: N5B CAPITAL,601 STATE ST STE 300,,SOUTHLAKE,TX,76092,exact normalized cadastral owner match to independently supported current entity,confirmed,True,2026,954830,0000160005,Vacant Land,,,"S03, T25 N, R21 W, NW4 E2SW4 LTS1-10",,Flathead Ridge Ranch / N5B
FLATHEAD RIDGE / N5B,07357908101010000,FRR HUBBARD LLC,622.6,Flathead,ATTN: N5B CAPITAL,601 STATE ST STE 300,,SOUTHLAKE,TX,76092-7677,exact normalized cadastral owner match to independently supported current entity,confirmed,True,2026,472037,0000290170,Vacant Land,,WILLIAMS SAMANTHA,"S08, T25 N, R24 W, ACRES 622.6, TR 1",,Flathead Ridge Ranch / N5B
FLATHEAD RIDGE / N5B,15358215101010000,FLATHEAD RIDGE RANCH LLC,620.0,Lake,MAIL TO: N5B CAPITAL,601 STATE ST STE 300,,SOUTHLAKE,TX,76092,exact normalized cadastral owner match to independently supported current entity,confirmed,True,2026,954845,0000160005,Vacant Land,,,"S15, T25 N, R21 W, ALL SECTION",,Flathead Ridge Ranch / N5B
FLATHEAD RIDGE / N5B,07357923101200000,FRR HUBBARD LLC,620.0,Flathead,ATTN: N5B CAPITAL,601 STATE ST STE 300,,SOUTHLAKE,TX,76092-7677,exact normalized cadastral owner match to independently supported current entity,confirmed,True,2026,458145,0000628800,Vacant Land,,WILLIAMS SAMANTHA,"S23, T25 N, R24 W, ACRES 620, TR 1 ALL EX E2SE4SE4",,Flathead Ridge Ranch / N5B
FLATHEAD RIDGE / N5B,15358118101010000,FLATHEAD RIDGE RANCH LLC,615.37,Lake,MAIL TO: N5B CAPITAL,601 STATE ST STE 300,,SOUTHLAKE,TX,76092,exact normalized cadastral owner match to independently supported current entity,confirmed,True,2026,954813,0000160005,Vacant Land,,,"S18, T25 N, R22 W, ALL OF SECTION",,Flathead Ridge Ranch / N5B
FLATHEAD RIDGE / N5B,15358107101010000,FLATHEAD RIDGE RANCH LLC,613.76,Lake,MAIL TO: N5B CAPITAL,601 STATE ST STE 300,,SOUTHLAKE,TX,76092,exact normalized cadastral owner match to independently supported current entity,confirmed,True,2026,954806,0000160005,Vacant Land,,,"S07, T25 N, R22 W, ALL OF SECTION",,Flathead Ridge Ranch / N5B
FLATHEAD RIDGE / N5B,07370231101010000,FRR RODGERS LAKE LLC,611.76,Flathead,ATTN: N5B CAPITAL,601 STATE ST STE 300,,SOUTHLAKE,TX,76092-7677,exact normalized cadastral owner match to independently supported current entity,confirmed,True,2026,458160,0000290195,Vacant Land,,WILLIAMS SAMANTHA,"S31, T26 N, R23 W, ACRES 611.76, TR 1 ALL",,Flathead Ridge Ranch / N5B
FLATHEAD RIDGE / N5B,07358019101010000,FRR BROWNS MEADOW LLC,611.44,Flathead,ATTN: N5B CAPITAL,601 STATE ST STE 300,,SOUTHLAKE,TX,76092-7677,exact normalized cadastral owner match to independently supported current entity,confirmed,True,2026,458127,0000290155,Vacant Land,,WILLIAMS SAMANTHA,"S19, T25 N, R23 W, ACRES 611.44, TR 1 ALL",,Flathead Ridge Ranch / N5B
FLATHEAD RIDGE / N5B,07370132101010000,FRR SICKLER CREEK LLC,611.16,Flathead,ATTN: N5B CAPITAL,601 STATE ST STE 300,,SOUTHLAKE,TX,76092-7677,exact normalized cadastral owner match to independently supported current entity,confirmed,True,2026,458273,0000290345,Vacant Land,,WILLIAMS SAMANTHA,"S32, T26 N, R24 W, ACRES 611.16, TR 1 E2W2, TR 2 W2E2, TR 3 E2E2, TR 4 W2W2",,Flathead Ridge Ranch / N5B
FLATHEAD RIDGE / N5B,07358006101010000,FRR BROWNS MEADOW LLC,610.88,Flathead,ATTN: N5B CAPITAL,601 STATE ST STE 300,,SOUTHLAKE,TX,76092-7677,exact normalized cadastral owner match to independently supported current entity,confirmed,True,2026,472071,0000629100,Vacant Land,,WILLIAMS SAMANTHA,"S06, T25 N, R23 W, ACRES 610.88, TR 1 ALL",,Flathead Ridge Ranch / N5B
FLATHEAD RIDGE / N5B,07358018101010000,FRR BROWNS MEADOW LLC,610.56,Flathead,ATTN: N5B CAPITAL,601 STATE ST STE 300,,SOUTHLAKE,TX,76092-7677,exact normalized cadastral owner match to independently supported current entity,confirmed,True,2026,472076,0000629150,Vacant Land,,WILLIAMS SAMANTHA,"S18, T25 N, R23 W, ACRES 610.56, ALL TR 1",,Flathead Ridge Ranch / N5B
FLATHEAD RIDGE / N5B,07370219101010000,FRR RODGERS LAKE LLC,610.52,Flathead,ATTN: N5B CAPITAL,601 STATE ST STE 300,,SOUTHLAKE,TX,76092-7677,exact normalized cadastral owner match to independently supported current entity,confirmed,True,2026,458178,0000290215,Vacant Land,,WILLIAMS SAMANTHA,"S19, T26 N, R23 W, ACRES 610.52, TR 1 ALL",,Flathead Ridge Ranch / N5B
FLATHEAD RIDGE / N5B,07358007101010000,FRR BROWNS MEADOW LLC,608.59,Flathead,ATTN: N5B CAPITAL,601 STATE ST STE 300,,SOUTHLAKE,TX,76092-7677,exact normalized cadastral owner match to independently supported current entity,confirmed,True,2026,458122,0000290150,Vacant Land,,WILLIAMS SAMANTHA,"S07, T25 N, R23 W, ACRES 608.59, TR 1 ALL",,Flathead Ridge Ranch / N5B
FLATHEAD RIDGE / N5B,07357928101010000,FRR HUBBARD LLC,608.46,Flathead,ATTN: N5B CAPITAL,601 STATE ST STE 300,,SOUTHLAKE,TX,76092-7677,exact normalized cadastral owner match to independently supported current entity,confirmed,True,2026,472045,0000628800,Vacant Land,,WILLIAMS SAMANTHA,"S28, T25 N, R24 W, ACRES 608.46, TR 1",,Flathead Ridge Ranch / N5B
FLATHEAD RIDGE / N5B,07357905101010000,FRR HUBBARD LLC,605.5,Flathead,ATTN: N5B CAPITAL,601 STATE ST STE 300,,SOUTHLAKE,TX,76092-7677,exact normalized cadastral owner match to independently supported current entity,confirmed,True,2026,458135,0000290165,Vacant Land,,WILLIAMS SAMANTHA,"S05, T25 N, R24 W, ACRES 605.5, TR 1 ALL",,Flathead Ridge Ranch / N5B
FLATHEAD RIDGE / N5B,07370111101010000,FRR SICKLER CREEK LLC,605.43,Flathead,ATTN: N5B CAPITAL,601 STATE ST STE 300,,SOUTHLAKE,TX,76092-7677,exact normalized cadastral owner match to independently supported current entity,confirmed,True,2026,458253,0000290320,Vacant Land,,WILLIAMS SAMANTHA,"S11, T26 N, R24 W, ACRES 605.43, TR 1 IN W2 & SE4",,Flathead Ridge Ranch / N5B
FLATHEAD RIDGE / N5B,07382919101010000,FRR LOST PRAIRIE LLC,603.6,Flathead,ATTN: N5B CAPITAL,601 STATE ST STE 300,,SOUTHLAKE,TX,76092-7677,exact normalized cadastral owner match to independently supported current entity,confirmed,True,2026,488788,0000138166,Vacant Land,,WILLIAMS SAMANTHA,"S19, T27 N, R25 W, ACRES 603.6, TR 1 IN W2NE4, SE4, W2",,Flathead Ridge Ranch / N5B
FLATHEAD RIDGE / N5B,15358204101010000,FLATHEAD RIDGE RANCH LLC,600.0,Lake,MAIL TO: N5B CAPITAL,601 STATE ST STE 300,,SOUTHLAKE,TX,76092,exact normalized cadastral owner match to independently supported current entity,confirmed,True,2026,954831,0000160005,Vacant Land,,,"S04, T25 N, R21 W, S2 NE4 E2NW4 SW4NW4",,Flathead Ridge Ranch / N5B
FLATHEAD RIDGE / N5B,07370225101200000,FRR BROWNS MEADOW LLC,600.0,Flathead,ATTN: N5B CAPITAL,601 STATE ST STE 300,,SOUTHLAKE,TX,76092-7677,exact normalized cadastral owner match to independently supported current entity,confirmed,True,2026,458183,0000400950,Vacant Land,,WILLIAMS SAMANTHA,"S25, T26 N, R23 W, ACRES 600, TR 1A IN N2, W2SW4, SE4SW4, SE4",,Flathead Ridge Ranch / N5B
FLATHEAD RIDGE / N5B,07370235101200000,FRR BROWNS MEADOW LLC,600.0,Flathead,ATTN: N5B CAPITAL,601 STATE ST STE 300,,SOUTHLAKE,TX,76092-7677,exact normalized cadastral owner match to independently supported current entity,confirmed,True,2026,458163,0000400950,Vacant Land,,WILLIAMS SAMANTHA,"S35, T26 N, R23 W, ACRES 600, TR 1A S2, NW4, NE4NE4, S2NE4",,Flathead Ridge Ranch / N5B
FLATHEAD RIDGE / N5B,07357824101010000,FRR HUBBARD LLC,600.0,Flathead,ATTN: N5B CAPITAL,601 STATE ST STE 300,,SOUTHLAKE,TX,76092-7677,exact normalized cadastral owner match to independently supported current entity,confirmed,True,2026,458168,0000290190,Vacant Land,,WILLIAMS SAMANTHA,"S24, T25 N, R25 W, ACRES 600, TR 1 IN N2SE4, SE4SE4, TR 3 NE4,TR 4 NW4, TR 2 NW4SW4,S2SW4,SW4SE4",,Flathead Ridge Ranch / N5B
FLATHEAD RIDGE / N5B,07357926101200000,FRR HUBBARD LLC,600.0,Flathead,ATTN: N5B CAPITAL,601 STATE ST STE 300,,SOUTHLAKE,TX,76092-7677,exact normalized cadastral owner match to independently supported current entity,confirmed,True,2026,458148,0000290180,Vacant Land,,WILLIAMS SAMANTHA,"S26, T25 N, R24 W, ACRES 600, TR1 E2,TR2 W2,TR4 NE4SE4,TR3 N2,TR 5 SW4",,Flathead Ridge Ranch / N5B
FLATHEAD RIDGE / N5B,15358120101020000,FLATHEAD RIDGE RANCH LLC,595.95,Lake,MAIL TO: N5B CAPITAL,601 STATE ST STE 300,,SOUTHLAKE,TX,76092,exact normalized cadastral owner match to independently supported current entity,confirmed,True,2026,954815,0000019059,Vacant Land,,,"S20, T25 N, R22 W, LTS1-4,NE4,E2NW4,N2SW4,SE4SW4, E2SE4",,Flathead Ridge Ranch / N5B
FLATHEAD RIDGE / N5B,15358101101010000,FLATHEAD RIDGE RANCH LLC,593.27,Lake,MAIL TO: N5B CAPITAL,601 STATE ST STE 300,,SOUTHLAKE,TX,76092,exact normalized cadastral owner match to independently supported current entity,confirmed,True,2026,954800,0000160005,Vacant Land,,,"S01, T25 N, R22 W, LTS 2-5 & 7,SW4NE4,S2NW4,SW4,W 2SE4",,Flathead Ridge Ranch / N5B
FLATHEAD RIDGE / N5B,07370222101200000,FRR RODGERS LAKE LLC,590.78,Flathead,ATTN: N5B CAPITAL,601 STATE ST STE 300,,SOUTHLAKE,TX,76092-7677,exact normalized cadastral owner match to independently supported current entity,confirmed,True,2026,458180,0000290215,Vacant Land,,WILLIAMS SAMANTHA,"S22, T26 N, R23 W, ACRES 590.78, TR 1 IN S2NE4, SE4NW4, NE4SW4, TR 2 IN N2N2, TR 3 IN SE4, TR 4 IN W2",,Flathead Ridge Ranch / N5B
FLATHEAD RIDGE / N5B,07383118101010000,FRR RODGERS LAKE LLC,587.8,Flathead,ATTN: N5B CAPITAL,601 STATE ST STE 300,,SOUTHLAKE,TX,76092-7677,exact normalized cadastral owner match to independently supported current entity,confirmed,True,2026,458299,0000290380,Vacant Land,,WILLIAMS SAMANTHA,"S18, T27 N, R23 W, ACRES 587.8, TR 1 & TR 3 IN E2, TR 2 NW4, TR 4 SW4",,Flathead Ridge Ranch / N5B
FLATHEAD RIDGE / N5B,15358225101020000,FLATHEAD RIDGE RANCH LLC,584.88,Lake,MAIL TO: N5B CAPITAL,601 STATE ST STE 300,,SOUTHLAKE,TX,76092,exact normalized cadastral owner match to independently supported current entity,confirmed,True,2026,954849,0000160005,Vacant Land,,,"S25, T25 N, R21 W, N2,N2S2,LTS 1-3",,Flathead Ridge Ranch / N5B
FLATHEAD RIDGE / N5B,07382915101010000,FRR LOST PRAIRIE LLC,576.02,Flathead,ATTN: N5B CAPITAL,601 STATE ST STE 300,,SOUTHLAKE,TX,76092-7677,exact normalized cadastral owner match to independently supported current entity,confirmed,True,2026,488786,0000138166,Vacant Land,,WILLIAMS SAMANTHA,"S15, T27 N, R25 W, ACRES 576.02, TR 1, EX TR 1A(SELL W/TR 4A & TR 5A SEC 10)",,Flathead Ridge Ranch / N5B
FLATHEAD RIDGE / N5B,07370218101010000,FRR RODGERS LAKE LLC,573.11,Flathead,ATTN: N5B CAPITAL,601 STATE ST STE 300,,SOUTHLAKE,TX,76092-7677,exact normalized cadastral owner match to independently supported current entity,confirmed,True,2026,458177,0000290215,Vacant Land,,WILLIAMS SAMANTHA,"S18, T26 N, R23 W, ACRES 573.11, TR 1 W2, TR 2 S2, TR 3 E2, TR 4 W2",,Flathead Ridge Ranch / N5B
FLATHEAD RIDGE / N5B,15358206101010000,FLATHEAD RIDGE RANCH LLC,567.31,Lake,MAIL TO: N5B CAPITAL,601 STATE ST STE 300,,SOUTHLAKE,TX,76092,exact normalized cadastral owner match to independently supported current entity,confirmed,True,2026,954833,0000160005,Vacant Land,,,"S06, T25 N, R21 W, E2 NW4 S2SW4",,Flathead Ridge Ranch / N5B
FLATHEAD RIDGE / N5B,15358121101010000,FLATHEAD RIDGE RANCH LLC,560.0,Lake,MAIL TO: N5B CAPITAL,601 STATE ST STE 300,,SOUTHLAKE,TX,76092,exact normalized cadastral owner match to independently supported current entity,confirmed,True,2026,954817,0000160005,Vacant Land,,,"S21, T25 N, R22 W, ALL OF SECTION LESS SE4NE4 & LESS NE4SE4",,Flathead Ridge Ranch / N5B
FLATHEAD RIDGE / N5B,07357925101010000,FRR BROWNS MEADOW LLC,560.0,Flathead,ATTN: N5B CAPITAL,601 STATE ST STE 300,,SOUTHLAKE,TX,76092-7677,exact normalized cadastral owner match to independently supported current entity,confirmed,True,2026,458147,0000460450,Vacant Land,,WILLIAMS SAMANTHA,"S25, T25 N, R24 W, ACRES 560, TR 1 IN E2, SW4, S2NW4",,Flathead Ridge Ranch / N5B
FLATHEAD RIDGE / N5B,07370021101010000,FRR MURR PEAK LLC,560.0,Flathead,ATTN: N5B CAPITAL,601 STATE ST STE 300,,SOUTHLAKE,TX,76092-7677,exact normalized cadastral owner match to independently supported current entity,confirmed,True,2026,458285,0000628250,Vacant Land,,WILLIAMS SAMANTHA,"S21, T26 N, R25 W, ACRES 560, TR 1A  E2, N2NW4,SE4NW4,N2SW4,SW4SW4",,Flathead Ridge Ranch / N5B
FLATHEAD RIDGE / N5B,07382931101010000,FRR LOST PRAIRIE LLC,546.0,Flathead,ATTN: N5B CAPITAL,601 STATE ST STE 300,,SOUTHLAKE,TX,76092-7677,exact normalized cadastral owner match to independently supported current entity,confirmed,True,2026,488800,0000627050,Vacant Land,,WILLIAMS SAMANTHA,"S31, T27 N, R25 W, ACRES 546, TR 1 IN W2 & NE4",,Flathead Ridge Ranch / N5B
FLATHEAD RIDGE / N5B,07382930101010000,FRR LOST PRAIRIE LLC,542.6,Flathead,ATTN: N5B CAPITAL,601 STATE ST STE 300,,SOUTHLAKE,TX,76092-7677,exact normalized cadastral owner match to independently supported current entity,confirmed,True,2026,490514,0000627050,Vacant Land,,WILLIAMS SAMANTHA,"S30, T27 N, R25 W, ACRES 542.6, TR 2 IN E2, SW4, E2NW4, L3&4",,Flathead Ridge Ranch / N5B
FLATHEAD RIDGE / N5B,07383013101010000,FRR RODGERS LAKE LLC,525.22,Flathead,ATTN: N5B CAPITAL,601 STATE ST STE 300,,SOUTHLAKE,TX,76092-7677,exact normalized cadastral owner match to independently supported current entity,confirmed,True,2026,458308,0000016426,Vacant Land,,WILLIAMS SAMANTHA,"S13, T27 N, R24 W, ACRES 525.22, TR 1 IN S2NW4, NE4, S2",,Flathead Ridge Ranch / N5B
FLATHEAD RIDGE / N5B,07370125101200000,FRR RODGERS LAKE LLC,520.0,Flathead,ATTN: N5B CAPITAL,601 STATE ST STE 300,,SOUTHLAKE,TX,76092-7677,exact normalized cadastral owner match to independently supported current entity,confirmed,True,2026,458266,0000977222,Vacant Land,,WILLIAMS SAMANTHA,"S25, T26 N, R24 W, ACRES 520, TR 1A N2N2,SW4NW4,SE4NE4,SE4, E2SW4, SW4SW4",,Flathead Ridge Ranch / N5B
FLATHEAD RIDGE / N5B,07370109101010000,FRR SICKLER CREEK LLC,516.83,Flathead,ATTN: N5B CAPITAL,601 STATE ST STE 300,,SOUTHLAKE,TX,76092-7677,exact normalized cadastral owner match to independently supported current entity,confirmed,True,2026,458252,0000290320,Vacant Land,,WILLIAMS SAMANTHA,"S09, T26 N, R24 W, ACRES 516.83, TR 1 IN E2, E2NW4, SW4",,Flathead Ridge Ranch / N5B
FLATHEAD RIDGE / N5B,15358103101010000,FLATHEAD RIDGE RANCH LLC,513.88,Lake,MAIL TO: N5B CAPITAL,601 STATE ST STE 300,,SOUTHLAKE,TX,76092,exact normalized cadastral owner match to independently supported current entity,confirmed,True,2026,954802,0000160005,Vacant Land,,,"S03, T25 N, R22 W, LTS 1,2&4,S2NE4,SE4NW4,NE4SW4, S2S2,N2SE4",,Flathead Ridge Ranch / N5B
FLATHEAD RIDGE / N5B,07370017101300000,FRR MURR PEAK LLC,499.73,Flathead,ATTN: N5B CAPITAL,601 STATE ST STE 300,,SOUTHLAKE,TX,76092-7677,exact normalized cadastral owner match to independently supported current entity,confirmed,True,2026,458284,0000628200,Vacant Land,,WILLIAMS SAMANTHA,"S17, T26 N, R25 W, ACRES 499.73, TR 1AA IN NW4, NE4, N2SW4 & SE4",,Flathead Ridge Ranch / N5B
FLATHEAD RIDGE / N5B,15358112101060000,FLATHEAD RIDGE RANCH LLC,480.62,Lake,MAIL TO: N5B CAPITAL,601 STATE ST STE 300,,SOUTHLAKE,TX,76092,exact normalized cadastral owner match to independently supported current entity,confirmed,True,2026,954810,0000160005,Vacant Land,,,"S12, T25 N, R22 W, N2 N2S2",,Flathead Ridge Ranch / N5B
FLATHEAD RIDGE / N5B,15358212101010000,FLATHEAD RIDGE RANCH LLC,480.0,Lake,MAIL TO: N5B CAPITAL,601 STATE ST STE 300,,SOUTHLAKE,TX,76092,exact normalized cadastral owner match to independently supported current entity,confirmed,True,2026,954842,0000160005,Vacant Land,,,"S12, T25 N, R21 W, N2NE4,SE4NE4,NE4NW4, S2",,Flathead Ridge Ranch / N5B
FLATHEAD RIDGE / N5B,15358214101010000,FLATHEAD RIDGE RANCH LLC,480.0,Lake,MAIL TO: N5B CAPITAL,601 STATE ST STE 300,,SOUTHLAKE,TX,76092,exact normalized cadastral owner match to independently supported current entity,confirmed,True,2026,954844,0000160005,Vacant Land,,,"S14, T25 N, R21 W, NE4NE4,S2N2,W2SW4,SE4SW4,SE4",,Flathead Ridge Ranch / N5B
FLATHEAD RIDGE / N5B,07358011101400000,FRR BROWNS MEADOW LLC,480.0,Flathead,ATTN: N5B CAPITAL,601 STATE ST STE 300,,SOUTHLAKE,TX,76092-7677,exact normalized cadastral owner match to independently supported current entity,confirmed,True,2026,458124,0000290155,Vacant Land,,WILLIAMS SAMANTHA,"S11, T25 N, R23 W, ACRES 480, TR 1A IN W2, N2NE4, S2SE4",,Flathead Ridge Ranch / N5B
FLATHEAD RIDGE / N5B,07370002401010000,FRR LOST PRAIRIE LLC,480.0,Flathead,ATTN: N5B CAPITAL,601 STATE ST STE 300,,SOUTHLAKE,TX,76092-7677,exact normalized cadastral owner match to independently supported current entity,confirmed,True,2026,458278,0000290350,Vacant Land,,WILLIAMS SAMANTHA,"S02, T26 N, R25 W, ACRES 480, TR 1 IN SE4, TR 2 IN SW4, TR 3 IN S2N2",,Flathead Ridge Ranch / N5B
FLATHEAD RIDGE / N5B,07382922101010000,FRR LOST PRAIRIE LLC,480.0,Flathead,ATTN: N5B CAPITAL,601 STATE ST STE 300,,SOUTHLAKE,TX,76092-7677,exact normalized cadastral owner match to independently supported current entity,confirmed,True,2026,488782,0000627000,Vacant Land,,WILLIAMS SAMANTHA,"S22, T27 N, R25 W, ACRES 480, TR 4 IN NE4, TR1 & TR5 IN S2",,Flathead Ridge Ranch / N5B
FLATHEAD RIDGE / N5B,07382926101010000,FRR LOST PRAIRIE LLC,480.0,Flathead,ATTN: N5B CAPITAL,601 STATE ST STE 300,,SOUTHLAKE,TX,76092-7677,exact normalized cadastral owner match to independently supported current entity,confirmed,True,2026,471948,0000627000,Vacant Land,,WILLIAMS SAMANTHA,"S26, T27 N, R25 W, ACRES 480, TR 1 IN E2, E2NW4, S2SW4",,Flathead Ridge Ranch / N5B
FLATHEAD RIDGE / N5B,07382934101010000,FRR LOST PRAIRIE LLC,480.0,Flathead,ATTN: N5B CAPITAL,601 STATE ST STE 300,,SOUTHLAKE,TX,76092-7677,exact normalized cadastral owner match to independently supported current entity,confirmed,True,2026,471951,0000627050,Vacant Land,,WILLIAMS SAMANTHA,"S34, T27 N, R25 W, ACRES 480, TR 1 IN N2, SE4",,Flathead Ridge Ranch / N5B
FLATHEAD RIDGE / N5B,07357814101010000,FRR MURR PEAK LLC,480.0,Flathead,ATTN: N5B CAPITAL,601 STATE ST STE 300,,SOUTHLAKE,TX,76092-7677,exact normalized cadastral owner match to independently supported current entity,confirmed,True,2026,458165,0000290200,Vacant Land,,WILLIAMS SAMANTHA,"S14, T25 N, R25 W, ACRES 480, TR 1 IN NE4, TR 2 IN SW4, TR 3 IN NW4",,Flathead Ridge Ranch / N5B
FLATHEAD RIDGE / N5B,07370034101010000,FRR MURR PEAK LLC,480.0,Flathead,ATTN: N5B CAPITAL,601 STATE ST STE 300,,SOUTHLAKE,TX,76092-7677,exact normalized cadastral owner match to independently supported current entity,confirmed,True,2026,458292,0000628300,Vacant Land,,WILLIAMS SAMANTHA,"S34, T26 N, R25 W, ACRES 480, TR 1 IN N2N2, TR 2 IN S2NW4,SW4NE4,NW4SE4, TR 3 IN SW4",,Flathead Ridge Ranch / N5B
FLATHEAD RIDGE / N5B,07383024201010000,FRR RODGERS LAKE LLC,480.0,Flathead,ATTN: N5B CAPITAL,601 STATE ST STE 300,,SOUTHLAKE,TX,76092-7677,exact normalized cadastral owner match to independently supported current entity,confirmed,True,2026,1595057,0000016426,Vacant Land,,WILLIAMS SAMANTHA,"S24, T27 N, R24 W, ACRES 480, TR 1A IN S2, NW4",,Flathead Ridge Ranch / N5B
FLATHEAD RIDGE / N5B,07370121101010000,FRR SICKLER CREEK LLC,480.0,Flathead,ATTN: N5B CAPITAL,601 STATE ST STE 300,,SOUTHLAKE,TX,76092-7677,exact normalized cadastral owner match to independently supported current entity,confirmed,True,2026,458262,0000290330,Vacant Land,,WILLIAMS SAMANTHA,"S21, T26 N, R24 W, ACRES 480, TR 1 IN W2 & SE4",,Flathead Ridge Ranch / N5B
FLATHEAD RIDGE / N5B,07370122201010000,FRR SICKLER CREEK LLC,480.0,Flathead,ATTN: N5B CAPITAL,601 STATE ST STE 300,,SOUTHLAKE,TX,76092-7677,exact normalized cadastral owner match to independently supported current entity,confirmed,True,2026,458263,0000290330,Vacant Land,,WILLIAMS SAMANTHA,"S22, T26 N, R24 W, ACRES 480, TR 1 IN N2, TR 2 IN W2, TR 3 IN S2S2",,Flathead Ridge Ranch / N5B
FLATHEAD RIDGE / N5B,07370123101200000,FRR SICKLER CREEK LLC,480.0,Flathead,ATTN: N5B CAPITAL,601 STATE ST STE 300,,SOUTHLAKE,TX,76092-7677,exact normalized cadastral owner match to independently supported current entity,confirmed,True,2026,458264,0000290330,Vacant Land,,WILLIAMS SAMANTHA,"S23, T26 N, R24 W, ACRES 480, TR 1A IN NE4, W2NW4, SE4NW4, SW4, NW4SE4",,Flathead Ridge Ranch / N5B
FLATHEAD RIDGE / N5B,07383034301010000,FRR SICKLER CREEK LLC,479.81,Flathead,ATTN: N5B CAPITAL,601 STATE ST STE 300,,SOUTHLAKE,TX,76092-7677,exact normalized cadastral owner match to independently supported current entity,confirmed,True,2026,472030,0000628600,Vacant Land,,WILLIAMS SAMANTHA,"S34, T27 N, R24 W, ACRES 479.81, TR 1 IN S2, S2NW4, NE4NW4, SW4NE4",,Flathead Ridge Ranch / N5B
FLATHEAD RIDGE / N5B,07383030101010000,FRR LOST PRAIRIE LLC,475.2,Flathead,ATTN: N5B CAPITAL,601 STATE ST STE 300,,SOUTHLAKE,TX,76092-7677,exact normalized cadastral owner match to independently supported current entity,confirmed,True,2026,458317,0000628700,Vacant Land,,WILLIAMS SAMANTHA,"S30, T27 N, R24 W, ACRES 475.2, TR 5 NE4, TR 2 E2, TR 4 SE4, TR 3 SW4",,Flathead Ridge Ranch / N5B
FLATHEAD RIDGE / N5B,07357906101010000,FRR HUBBARD LLC,471.84,Flathead,ATTN: N5B CAPITAL,601 STATE ST STE 300,,SOUTHLAKE,TX,76092-7677,exact normalized cadastral owner match to independently supported current entity,confirmed,True,2026,458136,0000290165,Vacant Land,,WILLIAMS SAMANTHA,"S06, T25 N, R24 W, ACRES 471.84, TR 1 IN L1 TO 4 & E2W2, TR 2 IN W2E2",,Flathead Ridge Ranch / N5B
FLATHEAD RIDGE / N5B,07370230201010000,FRR RODGERS LAKE LLC,458.13,Flathead,ATTN: N5B CAPITAL,601 STATE ST STE 300,,SOUTHLAKE,TX,76092-7677,exact normalized cadastral owner match to independently supported current entity,confirmed,True,2026,458159,0000290195,Vacant Land,,WILLIAMS SAMANTHA,"S30, T26 N, R23 W, ACRES 458.13, TR 1, TR 2, TR 3 IN W2E2",,Flathead Ridge Ranch / N5B
FLATHEAD RIDGE / N5B,07370207201010000,FRR RODGERS LAKE LLC,451.0,Flathead,ATTN: N5B CAPITAL,601 STATE ST STE 300,,SOUTHLAKE,TX,76092-7677,exact normalized cadastral owner match to independently supported current entity,confirmed,True,2026,458172,0000290210,Vacant Land,,WILLIAMS SAMANTHA,"S07, T26 N, R23 W, ACRES 451, TR 1A IN L1 TO 4, E2W2, W2E2",,Flathead Ridge Ranch / N5B
FLATHEAD RIDGE / N5B,15358207101020000,FLATHEAD RIDGE RANCH LLC,444.4,Lake,MAIL TO: N5B CAPITAL,601 STATE ST STE 300,,SOUTHLAKE,TX,76092,exact normalized cadastral owner match to independently supported current entity,confirmed,True,2026,954834,0000160005,Vacant Land,,,"S07, T25 N, R21 W, LTS 1&2,E2,NE4NW4",,Flathead Ridge Ranch / N5B
FLATHEAD RIDGE / N5B,07370003401010000,FRR LOST PRAIRIE LLC,440.0,Flathead,ATTN: N5B CAPITAL,601 STATE ST STE 300,,SOUTHLAKE,TX,76092-7677,exact normalized cadastral owner match to independently supported current entity,confirmed,True,2026,458279,0000290350,Vacant Land,,WILLIAMS SAMANTHA,"S03, T26 N, R25 W, ACRES 440, TR 1A IN S2NE4, SE4NW4, S2",,Flathead Ridge Ranch / N5B
FLATHEAD RIDGE / N5B,07357826101010000,FRR MURR PEAK LLC,440.0,Flathead,ATTN: N5B CAPITAL,601 STATE ST STE 300,,SOUTHLAKE,TX,76092-7677,exact normalized cadastral owner match to independently supported current entity,confirmed,True,2026,488288,0000975914,Vacant Land,,WILLIAMS SAMANTHA,"S26, T25 N, R25 W, ACRES 440, TR 3 IN NE4NE4, S2NE4, TR 4 IN NW4NW4, TR 5 IN SW4, NE4SE4, S2SE4",,Flathead Ridge Ranch / N5B
FLATHEAD RIDGE / N5B,07357827101010000,FRR MURR PEAK LLC,440.0,Flathead,ATTN: N5B CAPITAL,601 STATE ST STE 300,,SOUTHLAKE,TX,76092-7677,exact normalized cadastral owner match to independently supported current entity,confirmed,True,2026,458171,0000628900,Vacant Land,,WILLIAMS SAMANTHA,"S27, T25 N, R25 W, ACRES 440, TR 1A IN E2, E2NW4, NE4SW4",,Flathead Ridge Ranch / N5B
FLATHEAD RIDGE / N5B,07370110201010000,FRR SICKLER CREEK LLC,440.0,Flathead,ATTN: N5B CAPITAL,601 STATE ST STE 300,,SOUTHLAKE,TX,76092-7677,exact normalized cadastral owner match to independently supported current entity,confirmed,True,2026,472002,0000290320,Vacant Land,,WILLIAMS SAMANTHA,"S10, T26 N, R24 W, ACRES 440, TR 1 IN NW4NW4, S2NW4, S2",,Flathead Ridge Ranch / N5B
FLATHEAD RIDGE / N5B,07370120101010000,FRR SICKLER CREEK LLC,440.0,Flathead,ATTN: N5B CAPITAL,601 STATE ST STE 300,,SOUTHLAKE,TX,76092-7677,exact normalized cadastral owner match to independently supported current entity,confirmed,True,2026,458261,0000290330,Vacant Land,,WILLIAMS SAMANTHA,"S20, T26 N, R24 W, ACRES 440, TR 1 IN W2W2, NE4NW4, E2NE4, SE4",,Flathead Ridge Ranch / N5B
FLATHEAD RIDGE / N5B,15358105101010000,FLATHEAD RIDGE RANCH LLC,439.1,Lake,MAIL TO: N5B CAPITAL,601 STATE ST STE 300,,SOUTHLAKE,TX,76092,exact normalized cadastral owner match to independently supported current entity,confirmed,True,2026,954804,0000160005,Vacant Land,,,"S05, T25 N, R22 W, LT3, S2NW4, S2",,Flathead Ridge Ranch / N5B
FLATHEAD RIDGE / N5B,07382917101500000,FRR LOST PRAIRIE LLC,438.23,Flathead,ATTN: N5B CAPITAL,601 STATE ST STE 300,,SOUTHLAKE,TX,76092-7677,exact normalized cadastral owner match to independently supported current entity,confirmed,True,2026,488787,0000138166,Vacant Land,,WILLIAMS SAMANTHA,"S17, T27 N, R25 W, ACRES 438.23, TR 1 IN E2, E2NW4, NE4SW4",,Flathead Ridge Ranch / N5B
FLATHEAD RIDGE / N5B,07370007401010000,FRR MURR PEAK LLC,436.07,Flathead,ATTN: N5B CAPITAL,601 STATE ST STE 300,,SOUTHLAKE,TX,76092-7677,exact normalized cadastral owner match to independently supported current entity,confirmed,True,2026,472007,0000628200,Vacant Land,,WILLIAMS SAMANTHA,"S07, T26 N, R25 W, ACRES 436.07, TR 1 IN L 5-6, S2NE4, SE4, E2SW4",,Flathead Ridge Ranch / N5B
FLATHEAD RIDGE / N5B,07357918101010000,FRR HUBBARD LLC,431.35,Flathead,ATTN: N5B CAPITAL,601 STATE ST STE 300,,SOUTHLAKE,TX,76092-7677,exact normalized cadastral owner match to independently supported current entity,confirmed,True,2026,472043,0000628800,Vacant Land,,WILLIAMS SAMANTHA,"S18, T25 N, R24 W, ACRES 431.35, TR 1",,Flathead Ridge Ranch / N5B
FLATHEAD RIDGE / N5B,07370105201010000,FRR LOST PRAIRIE LLC,429.1,Flathead,ATTN: N5B CAPITAL,601 STATE ST STE 300,,SOUTHLAKE,TX,76092-7677,exact normalized cadastral owner match to independently supported current entity,confirmed,True,2026,458248,0000290315,Improved Property,,WILLIAMS SAMANTHA,"S05, T26 N, R24 W, ACRES 429.1, TR 1 IN L 1-2-3-4,S2NW4,SW4NE4,SW4",,Flathead Ridge Ranch / N5B
FLATHEAD RIDGE / N5B,15358102101040000,FLATHEAD RIDGE RANCH LLC,428.8,Lake,MAIL TO: N5B CAPITAL,601 STATE ST STE 300,,SOUTHLAKE,TX,76092,exact normalized cadastral owner match to independently supported current entity,confirmed,True,2026,954801,0000160005,Vacant Land,,,"S02, T25 N, R22 W, LTS 1-4, S2N2, NW4SW4,E2SE4",,Flathead Ridge Ranch / N5B
FLATHEAD RIDGE / N5B,07357907101010000,FRR HUBBARD LLC,420.3,Flathead,ATTN: N5B CAPITAL,601 STATE ST STE 300,,SOUTHLAKE,TX,76092-7677,exact normalized cadastral owner match to independently supported current entity,confirmed,True,2026,458137,0000290165,Vacant Land,,WILLIAMS SAMANTHA,"S07, T25 N, R24 W, ACRES 420.3, TR 1 ALL",,Flathead Ridge Ranch / N5B
FLATHEAD RIDGE / N5B,07383131401010000,FRR RODGERS LAKE LLC,413.86,Flathead,ATTN: N5B CAPITAL,601 STATE ST STE 300,,SOUTHLAKE,TX,76092-7677,exact normalized cadastral owner match to independently supported current entity,confirmed,True,2026,458096,0000290065,Vacant Land,,WILLIAMS SAMANTHA,"S31, T27 N, R23 W, ACRES 413.86, TR 1 IN S2, TR 1B IN N2S2 & N2",,Flathead Ridge Ranch / N5B
FLATHEAD RIDGE / N5B,07358030201010000,FRR BROWNS MEADOW LLC,412.32,Flathead,ATTN: N5B CAPITAL,601 STATE ST STE 300,,SOUTHLAKE,TX,76092-7677,exact normalized cadastral owner match to independently supported current entity,confirmed,True,2026,460588,0000359600,Vacant Land,,WILLIAMS SAMANTHA,"S30, T25 N, R23 W, ACRES 412.32, TR 2 IN L 1-4; TR 3 IN SE4NW4 & E2SW4 & NW4SE4; TR 4 IN E2SE4 & SW4SE4",,Flathead Ridge Ranch / N5B
FLATHEAD RIDGE / N5B,15358202101030000,FLATHEAD RIDGE RANCH LLC,402.0,Lake,MAIL TO: N5B CAPITAL,601 STATE ST STE 300,,SOUTHLAKE,TX,76092,exact normalized cadastral owner match to independently supported current entity,confirmed,True,2026,954829,0000019644,Improved Property,,,"S02, T25 N, R21 W, N2NE4,S2NE4,E2NW4,SE4",,Flathead Ridge Ranch / N5B
FLATHEAD RIDGE / N5B,07383032101010000,FRR LOST PRAIRIE LLC,400.0,Flathead,ATTN: N5B CAPITAL,601 STATE ST STE 300,,SOUTHLAKE,TX,76092-7677,exact normalized cadastral owner match to independently supported current entity,confirmed,True,2026,458319,0000628700,Vacant Land,,WILLIAMS SAMANTHA,"S32, T27 N, R24 W, ACRES 400, TR 1 S2S2,TR 5 N2SW4,TR 4 W2NE4,TR 4A E2NE4",,Flathead Ridge Ranch / N5B
FLATHEAD RIDGE / N5B,07370015401010000,FRR MURR PEAK LLC,400.0,Flathead,ATTN: N5B CAPITAL,601 STATE ST STE 300,,SOUTHLAKE,TX,76092-7677,exact normalized cadastral owner match to independently supported current entity,confirmed,True,2026,458283,0000628200,Vacant Land,,WILLIAMS SAMANTHA,"S15, T26 N, R25 W, ACRES 400, TR 1 IN S2 & S2N2",,Flathead Ridge Ranch / N5B
FLATHEAD RIDGE / N5B,07370217201010000,FRR RODGERS LAKE LLC,395.98,Flathead,ATTN: N5B CAPITAL,601 STATE ST STE 300,,SOUTHLAKE,TX,76092-7677,exact normalized cadastral owner match to independently supported current entity,confirmed,True,2026,458176,0000290210,Vacant Land,,WILLIAMS SAMANTHA,"S17, T26 N, R23 W, ACRES 395.98, TR 1A IN L2 THRU 6, 11 THRU 14 & 16",,Flathead Ridge Ranch / N5B
FLATHEAD RIDGE / N5B,07370102101010000,FRR RODGERS LAKE LLC,393.71,Flathead,ATTN: N5B CAPITAL,601 STATE ST STE 300,,SOUTHLAKE,TX,76092-7677,exact normalized cadastral owner match to independently supported current entity,confirmed,True,2026,459806,0000334450,Vacant Land,,WILLIAMS SAMANTHA,"S02, T26 N, R24 W, ACRES 393.71, TR 3 IN E2E2 (SELL W/1A SEC 11), TR 4 IN L2, SW4NE4 & W2SE4, TR 2A IN E2SW4",,Flathead Ridge Ranch / N5B
FLATHEAD RIDGE / N5B,07357924101200000,FRR BROWNS MEADOW LLC,360.0,Flathead,ATTN: N5B CAPITAL,601 STATE ST STE 300,,SOUTHLAKE,TX,76092-7677,exact normalized cadastral owner match to independently supported current entity,confirmed,True,2026,458146,0000460450,Vacant Land,,WILLIAMS SAMANTHA,"S24, T25 N, R24 W, ACRES 360, TR2 SE4,TR4 NE4NE4, TR1 S2NE4,NW4NE4,NE4NW4",,Flathead Ridge Ranch / N5B
FLATHEAD RIDGE / N5B,07370114201010000,FRR SICKLER CREEK LLC,360.0,Flathead,ATTN: N5B CAPITAL,601 STATE ST STE 300,,SOUTHLAKE,TX,76092-7677,exact normalized cadastral owner match to independently supported current entity,confirmed,True,2026,458256,0000290320,Vacant Land,,WILLIAMS SAMANTHA,"S14, T26 N, R24 W, ACRES 360, TR 1 IN NW4, TR 2 IN S2, TR 4 IN NE4SE4",,Flathead Ridge Ranch / N5B
FLATHEAD RIDGE / N5B,07370117101010000,FRR SICKLER CREEK LLC,360.0,Flathead,ATTN: N5B CAPITAL,601 STATE ST STE 300,,SOUTHLAKE,TX,76092-7677,exact normalized cadastral owner match to independently supported current entity,confirmed,True,2026,458258,0000290325,Vacant Land,,WILLIAMS SAMANTHA,"S17,  T26 N,  R24 W, ACRES 360,  TR 1 IN NW4,  W2NE4,  N2SW4 & SW4SW4,  ASSR #0000290325",,Flathead Ridge Ranch / N5B
FLATHEAD RIDGE / N5B,07370103101010000,FRR SICKLER CREEK LLC,351.51,Flathead,ATTN: N5B CAPITAL,601 STATE ST STE 300,,SOUTHLAKE,TX,76092-7677,exact normalized cadastral owner match to independently supported current entity,confirmed,True,2026,458245,0000016427,Vacant Land,,WILLIAMS SAMANTHA,"S03, T26 N, R24 W, C.O.S. 22866-1, ACRES 351.51, TR 1 IN L 1-4, S2N2, N2SE4, NE4SW4",,Flathead Ridge Ranch / N5B
FLATHEAD RIDGE / N5B,15358129101020000,FLATHEAD RIDGE RANCH LLC,320.0,Lake,MAIL TO: N5B CAPITAL,601 STATE ST STE 300,,SOUTHLAKE,TX,76092,exact normalized cadastral owner match to independently supported current entity,confirmed,True,2026,954821,0000160005,Vacant Land,,,"S29, T25 N, R22 W, E2",,Flathead Ridge Ranch / N5B
FLATHEAD RIDGE / N5B,15358208201010000,FLATHEAD RIDGE RANCH LLC,320.0,Lake,MAIL TO: N5B CAPITAL,601 STATE ST STE 300,,SOUTHLAKE,TX,76092,exact normalized cadastral owner match to independently supported current entity,confirmed,True,2026,954835,0000160005,Vacant Land,,,"S08, T25 N, R21 W, W2 OF SECTION",,Flathead Ridge Ranch / N5B
FLATHEAD RIDGE / N5B,15358224201010000,FLATHEAD RIDGE RANCH LLC,320.0,Lake,MAIL TO: N5B CAPITAL,601 STATE ST STE 300,,SOUTHLAKE,TX,76092,exact normalized cadastral owner match to independently supported current entity,confirmed,True,2026,950769,0000160005,Vacant Land,,,"S24, T25 N, R21 W, W2 OF SECTION",,Flathead Ridge Ranch / N5B
FLATHEAD RIDGE / N5B,15358317201010000,FLATHEAD RIDGE RANCH LLC,320.0,Lake,MAIL TO: N5B CAPITAL,601 STATE ST STE 300,,SOUTHLAKE,TX,76092,exact normalized cadastral owner match to independently supported current entity,confirmed,True,2026,954853,0000160005,Vacant Land,,,"S17, T25 N, R20 W, NW4,SE4",,Flathead Ridge Ranch / N5B
FLATHEAD RIDGE / N5B,15358318101010000,FLATHEAD RIDGE RANCH LLC,320.0,Lake,MAIL TO: N5B CAPITAL,601 STATE ST STE 300,,SOUTHLAKE,TX,76092,exact normalized cadastral owner match to independently supported current entity,confirmed,True,2026,954854,0000160005,Vacant Land,,,"S18, T25 N, R20 W, N2",,Flathead Ridge Ranch / N5B
FLATHEAD RIDGE / N5B,07358002101200000,FRR BROWNS MEADOW LLC,320.0,Flathead,ATTN: N5B CAPITAL,601 STATE ST STE 300,,SOUTHLAKE,TX,76092-7677,exact normalized cadastral owner match to independently supported current entity,confirmed,True,2026,458119,0000290150,Vacant Land,,WILLIAMS SAMANTHA,"S02, T25 N, R23 W, ACRES 320, TR 1 IN E2NW4, TR 4 IN W2NW4, TR 2 IN SW4",,Flathead Ridge Ranch / N5B
FLATHEAD RIDGE / N5B,07358012101400000,FRR BROWNS MEADOW LLC,320.0,Flathead,ATTN: N5B CAPITAL,601 STATE ST STE 300,,SOUTHLAKE,TX,76092-7677,exact normalized cadastral owner match to independently supported current entity,confirmed,True,2026,484813,0000290155,Vacant Land,,WILLIAMS SAMANTHA,"S12, T25 N, R23 W, ACRES 320, TR 1 IN SW4, TR 2 IN SE4",,Flathead Ridge Ranch / N5B
FLATHEAD RIDGE / N5B,07358022101010000,FRR BROWNS MEADOW LLC,320.0,Flathead,ATTN: N5B CAPITAL,601 STATE ST STE 300,,SOUTHLAKE,TX,76092-7677,exact normalized cadastral owner match to independently supported current entity,confirmed,True,2026,472041,0000629150,Vacant Land,,WILLIAMS SAMANTHA,"S22, T25 N, R23 W, ACRES 320, TR 1 IN N2",,Flathead Ridge Ranch / N5B
FLATHEAD RIDGE / N5B,07358029101010000,FRR BROWNS MEADOW LLC,320.0,Flathead,ATTN: N5B CAPITAL,601 STATE ST STE 300,,SOUTHLAKE,TX,76092-7677,exact normalized cadastral owner match to independently supported current entity,confirmed,True,2026,458133,0000359600,Vacant Land,,WILLIAMS SAMANTHA,"S29, T25 N, R23 W, ACRES 320, TR 1 IN N2",,Flathead Ridge Ranch / N5B
FLATHEAD RIDGE / N5B,07370224101010000,FRR BROWNS MEADOW LLC,320.0,Flathead,ATTN: N5B CAPITAL,601 STATE ST STE 300,,SOUTHLAKE,TX,76092-7677,exact normalized cadastral owner match to independently supported current entity,confirmed,True,2026,458182,0000400950,Vacant Land,,WILLIAMS SAMANTHA,"S24, T26 N, R23 W, ACRES 320, TR 1 IN NE4, TR 2 IN SE4",,Flathead Ridge Ranch / N5B
FLATHEAD RIDGE / N5B,07357922101200000,FRR HUBBARD LLC,320.0,Flathead,ATTN: N5B CAPITAL,601 STATE ST STE 300,,SOUTHLAKE,TX,76092-7677,exact normalized cadastral owner match to independently supported current entity,confirmed,True,2026,458144,0000628800,Vacant Land,,WILLIAMS SAMANTHA,"S22, T25 N, R24 W, ACRES 320, TR 2 IN SE4, TR 3 IN NE4",,Flathead Ridge Ranch / N5B
FLATHEAD RIDGE / N5B,07382921101010000,FRR LOST PRAIRIE LLC,320.0,Flathead,ATTN: N5B CAPITAL,601 STATE ST STE 300,,SOUTHLAKE,TX,76092-7677,exact normalized cadastral owner match to independently supported current entity,confirmed,True,2026,453621,0000627000,Vacant Land,,WILLIAMS SAMANTHA,"S21, T27 N, R25 W, ACRES 320, TR 1 IN N2",,Flathead Ridge Ranch / N5B
FLATHEAD RIDGE / N5B,07357822101010000,FRR MURR PEAK LLC,320.0,Flathead,ATTN: N5B CAPITAL,601 STATE ST STE 300,,SOUTHLAKE,TX,76092-7677,exact normalized cadastral owner match to independently supported current entity,confirmed,True,2026,488286,0000975914,Vacant Land,,WILLIAMS SAMANTHA,"S22, T25 N, R25 W, ACRES 320, TR 1 IN E2",,Flathead Ridge Ranch / N5B
FLATHEAD RIDGE / N5B,07370014101010000,FRR MURR PEAK LLC,320.0,Flathead,ATTN: N5B CAPITAL,601 STATE ST STE 300,,SOUTHLAKE,TX,76092-7677,exact normalized cadastral owner match to independently supported current entity,confirmed,True,2026,458282,0000628200,Vacant Land,,WILLIAMS SAMANTHA,"S14, T26 N, R25 W, ACRES 320, TR 1, TR 2 IN N2",,Flathead Ridge Ranch / N5B
FLATHEAD RIDGE / N5B,07370033101010000,FRR MURR PEAK LLC,320.0,Flathead,ATTN: N5B CAPITAL,601 STATE ST STE 300,,SOUTHLAKE,TX,76092-7677,exact normalized cadastral owner match to independently supported current entity,confirmed,True,2026,458291,0000628300,Vacant Land,,WILLIAMS SAMANTHA,"S33, T26 N, R25 W, ACRES 320, TR 1A E2E2,SW4NE4,NE4SW4,W2SE4",,Flathead Ridge Ranch / N5B
FLATHEAD RIDGE / N5B,07370033201010000,FRR MURR PEAK LLC,320.0,Flathead,ATTN: N5B CAPITAL,601 STATE ST STE 300,,SOUTHLAKE,TX,76092-7677,exact normalized cadastral owner match to independently supported current entity,confirmed,True,2026,472014,0000628300,Vacant Land,,WILLIAMS SAMANTHA,"S33, T26 N, R25 W, ACRES 320, TR 1 IN NW4NE4, NW4, NW4SW4, S2SW4",,Flathead Ridge Ranch / N5B
FLATHEAD RIDGE / N5B,07370124201010000,FRR RODGERS LAKE LLC,320.0,Flathead,ATTN: N5B CAPITAL,601 STATE ST STE 300,,SOUTHLAKE,TX,76092-7677,exact normalized cadastral owner match to independently supported current entity,confirmed,True,2026,458265,0000977222,Vacant Land,,WILLIAMS SAMANTHA,"S24, T26 N, R24 W, ACRES 320, TR 2 IN W2E2, TR 1 E2NW4,SW4NW4,NE4SW4",,Flathead Ridge Ranch / N5B
FLATHEAD RIDGE / N5B,07383023101010000,FRR RODGERS LAKE LLC,320.0,Flathead,ATTN: N5B CAPITAL,601 STATE ST STE 300,,SOUTHLAKE,TX,76092-7677,exact normalized cadastral owner match to independently supported current entity,confirmed,True,2026,458312,0000016426,Vacant Land,,WILLIAMS SAMANTHA,"S23, T27 N, R24 W, ACRES 320, TR 1 IN E2",,Flathead Ridge Ranch / N5B
FLATHEAD RIDGE / N5B,07370107101200000,FRR SICKLER CREEK LLC,320.0,Flathead,ATTN: N5B CAPITAL,601 STATE ST STE 300,,SOUTHLAKE,TX,76092-7677,exact normalized cadastral owner match to independently supported current entity,confirmed,True,2026,458250,0000016427,Vacant Land,,WILLIAMS SAMANTHA,"S07, T26 N, R24 W, ACRES 320, TR 1A IN S2",,Flathead Ridge Ranch / N5B
FLATHEAD RIDGE / N5B,07357916101010000,FRR HUBBARD LLC,315.16,Flathead,ATTN: N5B CAPITAL,601 STATE ST STE 300,,SOUTHLAKE,TX,76092-7677,exact normalized cadastral owner match to independently supported current entity,confirmed,True,2026,458141,0000290170,Vacant Land,,WILLIAMS SAMANTHA,"S16, T25 N, R24 W, ACRES 315.16, TR 1 N2 LESS RD, ASSR# 0000290170",,Flathead Ridge Ranch / N5B
FLATHEAD RIDGE / N5B,15358210101020000,FLATHEAD RIDGE RANCH LLC,301.6,Lake,MAIL TO: N5B CAPITAL,601 STATE ST STE 300,,SOUTHLAKE,TX,76092,exact normalized cadastral owner match to independently supported current entity,confirmed,True,2026,954837,0000160005,Vacant Land,,,"S10, T25 N, R21 W, LTS1-4,SE4NW4,E2SW4,&SW4SE4",,Flathead Ridge Ranch / N5B
FLATHEAD RIDGE / N5B,07357927101010000,FRR HUBBARD LLC,296.17,Flathead,ATTN: N5B CAPITAL,601 STATE ST STE 300,,SOUTHLAKE,TX,76092-7677,exact normalized cadastral owner match to independently supported current entity,confirmed,True,2026,458149,0000290180,Vacant Land,,WILLIAMS SAMANTHA,"S27, T25 N, R24 W, ACRES 296.17, TR 1 IN E2",,Flathead Ridge Ranch / N5B
FLATHEAD RIDGE / N5B,15358222101020000,FLATHEAD RIDGE RANCH LLC,293.52,Lake,MAIL TO: N5B CAPITAL,601 STATE ST STE 300,,SOUTHLAKE,TX,76092,exact normalized cadastral owner match to independently supported current entity,confirmed,True,2026,954847,0000160005,Vacant Land,,,"S22, T25 N, R21 W, LTS 1-4,6-9",,Flathead Ridge Ranch / N5B
FLATHEAD RIDGE / N5B,07382914401010000,FRR LOST PRAIRIE LLC,280.0,Flathead,ATTN: N5B CAPITAL,601 STATE ST STE 300,,SOUTHLAKE,TX,76092-7677,exact normalized cadastral owner match to independently supported current entity,confirmed,True,2026,453620,0000138166,Vacant Land,,WILLIAMS SAMANTHA,"S14, T27 N, R25 W, ACRES 280, TR 3 IN NW4SW4, S2SW4 & TR 4 IN SE4",,Flathead Ridge Ranch / N5B
FLATHEAD RIDGE / N5B,07370026101400000,FRR MURR PEAK LLC,280.0,Flathead,ATTN: N5B CAPITAL,601 STATE ST STE 300,,SOUTHLAKE,TX,76092-7677,exact normalized cadastral owner match to independently supported current entity,confirmed,True,2026,488282,0000975912,Vacant Land,,WILLIAMS SAMANTHA,"S26, T26 N, R25 W, ACRES 280, TR 2 IN NE4NW4,S2NW4 NE4SW4, TR 3 IN E2",,Flathead Ridge Ranch / N5B
FLATHEAD RIDGE / N5B,07370117101250000,FRR SICKLER CREEK LLC,280.0,Flathead,ATTN: N5B CAPITAL,601 STATE ST STE 300,,SOUTHLAKE,TX,76092-7677,exact normalized cadastral owner match to independently supported current entity,confirmed,True,2026,1534629,0000290325,Vacant Land,,WILLIAMS SAMANTHA,"S17, T26 N, R24 W, ACRES 280, TR 1A IN NE4NE4, TR 1B IN E2NE4, SE4 & SE4SW4",,Flathead Ridge Ranch / N5B
FLATHEAD RIDGE / N5B,15358104101010000,FLATHEAD RIDGE RANCH LLC,240.0,Lake,MAIL TO: N5B CAPITAL,601 STATE ST STE 300,,SOUTHLAKE,TX,76092,exact normalized cadastral owner match to independently supported current entity,confirmed,True,2026,954803,0000160005,Vacant Land,,,"S04, T25 N, R22 W, S2SW4, SE4",,Flathead Ridge Ranch / N5B
FLATHEAD RIDGE / N5B,07382928301010000,FRR LOST PRAIRIE LLC,240.0,Flathead,ATTN: N5B CAPITAL,601 STATE ST STE 300,,SOUTHLAKE,TX,76092-7677,exact normalized cadastral owner match to independently supported current entity,confirmed,True,2026,471949,0000627050,Vacant Land,,WILLIAMS SAMANTHA,"S28, T27 N, R25 W, ACRES 240, TR 1 IN SW4, S2SE4",,Flathead Ridge Ranch / N5B
FLATHEAD RIDGE / N5B,07370124101010000,FRR RODGERS LAKE LLC,240.0,Flathead,ATTN: N5B CAPITAL,601 STATE ST STE 300,,SOUTHLAKE,TX,76092-7677,exact normalized cadastral owner match to independently supported current entity,confirmed,True,2026,487174,0000977222,Vacant Land,,WILLIAMS SAMANTHA,"S24, T26 N, R24 W, ACRES 240, TR 3 IN NW4NW4 & E2E2 & NW4SW4",,Flathead Ridge Ranch / N5B
FLATHEAD RIDGE / N5B,07370228101200000,FRR RODGERS LAKE LLC,240.0,Flathead,ATTN: N5B CAPITAL,601 STATE ST STE 300,,SOUTHLAKE,TX,76092-7677,exact normalized cadastral owner match to independently supported current entity,confirmed,True,2026,487168,0000971891,Vacant Land,,WILLIAMS SAMANTHA,"S28, T26 N, R23 W, ACRES 240, TR 3 IN S2SW4 & W2SE4, TR 5 IN NE4NE4, TR 6 IN SE4SE4",,Flathead Ridge Ranch / N5B
FLATHEAD RIDGE / N5B,07383026301010000,FRR RODGERS LAKE LLC,240.0,Flathead,ATTN: N5B CAPITAL,601 STATE ST STE 300,,SOUTHLAKE,TX,76092-7677,exact normalized cadastral owner match to independently supported current entity,confirmed,True,2026,472033,0000016426,Vacant Land,,WILLIAMS SAMANTHA,"S26, T27 N, R24 W, ACRES 240, TR 2 IN SW4, N2SE4",,Flathead Ridge Ranch / N5B
FLATHEAD RIDGE / N5B,07370126101010000,FRR SICKLER CREEK LLC,240.0,Flathead,ATTN: N5B CAPITAL,601 STATE ST STE 300,,SOUTHLAKE,TX,76092-7677,exact normalized cadastral owner match to independently supported current entity,confirmed,True,2026,489462,0000290340,Vacant Land,,WILLIAMS SAMANTHA,"S26, T26 N, R24 W, ACRES 240, TR 3 N2NE4, SE4NE4, SE4SW4, NE4SE4, NE4NW4",,Flathead Ridge Ranch / N5B
FLATHEAD RIDGE / N5B,07370126201010000,FRR SICKLER CREEK LLC,240.0,Flathead,ATTN: N5B CAPITAL,601 STATE ST STE 300,,SOUTHLAKE,TX,76092-7677,exact normalized cadastral owner match to independently supported current entity,confirmed,True,2026,487176,0000290340,Vacant Land,,WILLIAMS SAMANTHA,"S26, T26 N, R24 W, ACRES 240, TR 2 IN W2W2 & S2SE4",,Flathead Ridge Ranch / N5B
FLATHEAD RIDGE / N5B,07383019101010000,FRR LOST PRAIRIE LLC,234.88,Flathead,ATTN: N5B CAPITAL,601 STATE ST STE 300,,SOUTHLAKE,TX,76092-7677,exact normalized cadastral owner match to independently supported current entity,confirmed,True,2026,458310,0000290400,Vacant Land,,WILLIAMS SAMANTHA,"S19, T27 N, R24 W, ACRES 234.88, TR 1A IN NE4SW4, SE4, TR 1B IN SE4SW4",,Flathead Ridge Ranch / N5B
FLATHEAD RIDGE / N5B,07370003101010000,FRR LOST PRAIRIE LLC,200.24,Flathead,ATTN: N5B CAPITAL,601 STATE ST STE 300,,SOUTHLAKE,TX,76092-7677,exact normalized cadastral owner match to independently supported current entity,confirmed,True,2026,488824,0000290350,Vacant Land,,WILLIAMS SAMANTHA,"S03, T26 N, R25 W, ACRES 200.24, TR 1 IN L1,2,3 & 4, SW4NW4",,Flathead Ridge Ranch / N5B
FLATHEAD RIDGE / N5B,07383027401010000,FRR SICKLER CREEK LLC,200.19,Flathead,ATTN: N5B CAPITAL,601 STATE ST STE 300,,SOUTHLAKE,TX,76092-7677,exact normalized cadastral owner match to independently supported current entity,confirmed,True,2026,458315,0000628600,Vacant Land,,WILLIAMS SAMANTHA,"S27, T27 N, R24 W, ACRES 200.19, TR 1A IN E2SW4, SE4 PT ABD HWY",,Flathead Ridge Ranch / N5B
FLATHEAD RIDGE / N5B,07358002101400000,FRR BROWNS MEADOW LLC,200.0,Flathead,ATTN: N5B CAPITAL,601 STATE ST STE 300,,SOUTHLAKE,TX,76092-7677,exact normalized cadastral owner match to independently supported current entity,confirmed,True,2026,487164,0000629100,Vacant Land,,WILLIAMS SAMANTHA,"S02, T25 N, R23 W, ACRES 200, TR 5 IN SE4NE4 & SE4",,Flathead Ridge Ranch / N5B
FLATHEAD RIDGE / N5B,07358030101010000,FRR BROWNS MEADOW LLC,200.0,Flathead,ATTN: N5B CAPITAL,601 STATE ST STE 300,,SOUTHLAKE,TX,76092-7677,exact normalized cadastral owner match to independently supported current entity,confirmed,True,2026,472042,0000359600,Vacant Land,,WILLIAMS SAMANTHA,"S30, T25 N, R23 W, ACRES 200, TR 1 IN NE4, NE4NW4",,Flathead Ridge Ranch / N5B
FLATHEAD RIDGE / N5B,07382932101010000,FRR LOST PRAIRIE LLC,200.0,Flathead,ATTN: N5B CAPITAL,601 STATE ST STE 300,,SOUTHLAKE,TX,76092-7677,exact normalized cadastral owner match to independently supported current entity,confirmed,True,2026,488801,0000976506,Vacant Land,,WILLIAMS SAMANTHA,"S32, T27 N, R25 W, ACRES 200, TR 3 IN N2N2, SW4NW4",,Flathead Ridge Ranch / N5B
FLATHEAD RIDGE / N5B,07357810101100000,FRR MURR PEAK LLC,200.0,Flathead,ATTN: N5B CAPITAL,601 STATE ST STE 300,,SOUTHLAKE,TX,76092-7677,exact normalized cadastral owner match to independently supported current entity,confirmed,True,2026,488284,0000975914,Vacant Land,,WILLIAMS SAMANTHA,"S10, T25 N, R25 W, ACRES 200, TR 4 IN W2NW4, TR 5 IN NE4SE4 & S2SE4",,Flathead Ridge Ranch / N5B
FLATHEAD RIDGE / N5B,07357827101200000,FRR MURR PEAK LLC,200.0,Flathead,ATTN: N5B CAPITAL,601 STATE ST STE 300,,SOUTHLAKE,TX,76092-7677,exact normalized cadastral owner match to independently supported current entity,confirmed,True,2026,472054,0000628850,Vacant Land,,WILLIAMS SAMANTHA,"S27, T25 N, R25 W, ACRES 200, TR 1 IN W2W2, SE4SW4",,Flathead Ridge Ranch / N5B
FLATHEAD RIDGE / N5B,07370026101010000,FRR MURR PEAK LLC,200.0,Flathead,ATTN: N5B CAPITAL,601 STATE ST STE 300,,SOUTHLAKE,TX,76092-7677,exact normalized cadastral owner match to independently supported current entity,confirmed,True,2026,458289,0000975912,Vacant Land,,WILLIAMS SAMANTHA,"S26, T26 N, R25 W, ACRES 200, TR 1 N2NE4, SE4NE4, NE4SE4, TR 4 SE4SE4",,Flathead Ridge Ranch / N5B
FLATHEAD RIDGE / N5B,07370106101200000,FRR LOST PRAIRIE LLC,199.64,Flathead,ATTN: N5B CAPITAL,601 STATE ST STE 300,,SOUTHLAKE,TX,76092-7677,exact normalized cadastral owner match to independently supported current entity,confirmed,True,2026,458249,0000290315,Vacant Land,,WILLIAMS SAMANTHA,"S06, T26 N, R24 W, ACRES 199.64, TR 1 IN NE4, TR 4 IN NE4SE4",,Flathead Ridge Ranch / N5B
FLATHEAD RIDGE / N5B,07370106101050000,FRR LOST PRAIRIE LLC,196.286,Flathead,ATTN: N5B CAPITAL,601 STATE ST STE 300,,SOUTHLAKE,TX,76092-7677,exact normalized cadastral owner match to independently supported current entity,confirmed,True,2026,1605666,0000290315,Vacant Land,,WILLIAMS SAMANTHA,"S06, T26 N, R24 W, C.O.S. 22133-2, ACRES 196.29, TR 2 NW4, N2S2",,Flathead Ridge Ranch / N5B
FLATHEAD RIDGE / N5B,07370215301010000,FRR RODGERS LAKE LLC,189.17,Flathead,ATTN: N5B CAPITAL,601 STATE ST STE 300,,SOUTHLAKE,TX,76092-7677,exact normalized cadastral owner match to independently supported current entity,confirmed,True,2026,458175,0000290210,Vacant Land,,WILLIAMS SAMANTHA,"S15, T26 N, R23 W, ACRES 189.17, TR 1A IN L 4-5-6, N2SW4",,Flathead Ridge Ranch / N5B
FLATHEAD RIDGE / N5B,15358131101020000,FLATHEAD RIDGE RANCH LLC,180.06,Lake,MAIL TO: N5B CAPITAL,601 STATE ST STE 300,,SOUTHLAKE,TX,76092,exact normalized cadastral owner match to independently supported current entity,confirmed,True,2026,954822,0000160005,Vacant Land,,,"S31, T25 N, R22 W, LTS 1-4",,Flathead Ridge Ranch / N5B
FLATHEAD RIDGE / N5B,15358132101020000,FLATHEAD RIDGE RANCH LLC,176.0,Lake,MAIL TO: N5B CAPITAL,601 STATE ST STE 300,,SOUTHLAKE,TX,76092,exact normalized cadastral owner match to independently supported current entity,confirmed,True,2026,954823,0000160005,Vacant Land,,,"S32, T25 N, R22 W, LTS 1-4",,Flathead Ridge Ranch / N5B
FLATHEAD RIDGE / N5B,15358133101020000,FLATHEAD RIDGE RANCH LLC,175.01,Lake,MAIL TO: N5B CAPITAL,601 STATE ST STE 300,,SOUTHLAKE,TX,76092,exact normalized cadastral owner match to independently supported current entity,confirmed,True,2026,954824,0000160005,Vacant Land,,,"S33, T25 N, R22 W, LTS 1-4",,Flathead Ridge Ranch / N5B
FLATHEAD RIDGE / N5B,07357935101010000,FRR HUBBARD LLC,163.44,Flathead,ATTN: N5B CAPITAL,601 STATE ST STE 300,,SOUTHLAKE,TX,76092-7677,exact normalized cadastral owner match to independently supported current entity,confirmed,True,2026,458153,0000290180,Vacant Land,,WILLIAMS SAMANTHA,"S35, T25 N, R24 W, ACRES 163.44, TR 1 IN L1 TO 4",,Flathead Ridge Ranch / N5B
FLATHEAD RIDGE / N5B,07370104101010000,FRR SICKLER CREEK LLC,162.11,Flathead,ATTN: N5B CAPITAL,601 STATE ST STE 300,,SOUTHLAKE,TX,76092-7677,exact normalized cadastral owner match to independently supported current entity,confirmed,True,2026,458247,0000016427,Vacant Land,,WILLIAMS SAMANTHA,"S04, T26 N, R24 W, C.O.S. 20868-2, ACRES 162.11, TR 1 E2W2 & NW4SE4",,Flathead Ridge Ranch / N5B
FLATHEAD RIDGE / N5B,15358110101060000,FLATHEAD RIDGE RANCH LLC,160.0,Lake,MAIL TO: N5B CAPITAL,601 STATE ST STE 300,,SOUTHLAKE,TX,76092,exact normalized cadastral owner match to independently supported current entity,confirmed,True,2026,1564521,0000019505,Vacant Land,,,"S10, T25 N, R22 W, ACRES 160, W1/2NW, W1/2WSW",,Flathead Ridge Ranch / N5B
FLATHEAD RIDGE / N5B,15358119101020000,FLATHEAD RIDGE RANCH LLC,160.0,Lake,MAIL TO: N5B CAPITAL,601 STATE ST STE 300,,SOUTHLAKE,TX,76092,exact normalized cadastral owner match to independently supported current entity,confirmed,True,2026,954814,0000160005,Vacant Land,,,"S19, T25 N, R22 W, NE4",,Flathead Ridge Ranch / N5B
FLATHEAD RIDGE / N5B,15358202101010000,FLATHEAD RIDGE RANCH LLC,160.0,Lake,MAIL TO: N5B CAPITAL,601 STATE ST STE 300,,SOUTHLAKE,TX,76092,exact normalized cadastral owner match to independently supported current entity,confirmed,True,2026,946493,0000013787,Vacant Land,,,"S02, T25 N, R21 W, W2NW4  W2SW4",,Flathead Ridge Ranch / N5B
FLATHEAD RIDGE / N5B,15358209101050000,FLATHEAD RIDGE RANCH LLC,160.0,Lake,MAIL TO: N5B CAPITAL,601 STATE ST STE 300,,SOUTHLAKE,TX,76092,exact normalized cadastral owner match to independently supported current entity,confirmed,True,2026,954836,0000160005,Vacant Land,,,"S09, T25 N, R21 W, SE4",,Flathead Ridge Ranch / N5B
FLATHEAD RIDGE / N5B,15358210101010000,FLATHEAD RIDGE RANCH LLC,160.0,Lake,MAIL TO: N5B CAPITAL,601 STATE ST STE 300,,SOUTHLAKE,TX,76092,exact normalized cadastral owner match to independently supported current entity,confirmed,True,2026,946494,0000013788,Vacant Land,,,"S10, T25 N, R21 W, NE4NW4 W2NE4 NE4NE4",,Flathead Ridge Ranch / N5B
FLATHEAD RIDGE / N5B,15358210101030000,FLATHEAD RIDGE RANCH LLC,160.0,Lake,MAIL TO: N5B CAPITAL,601 STATE ST STE 300,,SOUTHLAKE,TX,76092,exact normalized cadastral owner match to independently supported current entity,confirmed,True,2026,950764,0000019059,Vacant Land,,,"S10, T25 N, R21 W, SE4NE4 NW4SE4 E2SE4",,Flathead Ridge Ranch / N5B
FLATHEAD RIDGE / N5B,15358212101020000,FLATHEAD RIDGE RANCH LLC,160.0,Lake,MAIL TO: N5B CAPITAL,601 STATE ST STE 300,,SOUTHLAKE,TX,76092,exact normalized cadastral owner match to independently supported current entity,confirmed,True,2026,950765,0000019059,Vacant Land,,,"S12, T25 N, R21 W, SW4NE4 W2NW4 SE4NW4",,Flathead Ridge Ranch / N5B
FLATHEAD RIDGE / N5B,15358213202010000,FLATHEAD RIDGE RANCH LLC,160.0,Lake,MAIL TO: N5B CAPITAL,601 STATE ST STE 300,,SOUTHLAKE,TX,76092,exact normalized cadastral owner match to independently supported current entity,confirmed,True,2026,954843,0000160005,Vacant Land,,,"S13, T25 N, R21 W",,Flathead Ridge Ranch / N5B
FLATHEAD RIDGE / N5B,15358217101060000,FLATHEAD RIDGE RANCH LLC,160.0,Lake,MAIL TO: N5B CAPITAL,601 STATE ST STE 300,,SOUTHLAKE,TX,76092,exact normalized cadastral owner match to independently supported current entity,confirmed,True,2026,954846,0000160005,Vacant Land,,,"S17, T25 N, R21 W, NW4",,Flathead Ridge Ranch / N5B
FLATHEAD RIDGE / N5B,07357924301010000,FRR BROWNS MEADOW LLC,160.0,Flathead,ATTN: N5B CAPITAL,601 STATE ST STE 300,,SOUTHLAKE,TX,76092-7677,exact normalized cadastral owner match to independently supported current entity,confirmed,True,2026,486792,0000460450,Vacant Land,,WILLIAMS SAMANTHA,"S24, T25 N, R24 W, ACRES 160, TR 3 IN SW4",,Flathead Ridge Ranch / N5B
FLATHEAD RIDGE / N5B,07358011101010000,FRR BROWNS MEADOW LLC,160.0,Flathead,ATTN: N5B CAPITAL,601 STATE ST STE 300,,SOUTHLAKE,TX,76092-7677,exact normalized cadastral owner match to independently supported current entity,confirmed,True,2026,472074,0000629150,Vacant Land,,WILLIAMS SAMANTHA,"S11, T25 N, R23 W, ACRES 160, TR 1 IN S2NE4, N2SE4",,Flathead Ridge Ranch / N5B
FLATHEAD RIDGE / N5B,07358012101010000,FRR BROWNS MEADOW LLC,160.0,Flathead,ATTN: N5B CAPITAL,601 STATE ST STE 300,,SOUTHLAKE,TX,76092-7677,exact normalized cadastral owner match to independently supported current entity,confirmed,True,2026,461864,0000400950,Vacant Land,,WILLIAMS SAMANTHA,"S12, T25 N, R23 W, ACRES 160, TR 3 IN NE4",,Flathead Ridge Ranch / N5B
FLATHEAD RIDGE / N5B,07358012101200000,FRR BROWNS MEADOW LLC,160.0,Flathead,ATTN: N5B CAPITAL,601 STATE ST STE 300,,SOUTHLAKE,TX,76092-7677,exact normalized cadastral owner match to independently supported current entity,confirmed,True,2026,487165,0000290155,Vacant Land,,WILLIAMS SAMANTHA,"S12, T25 N, R23 W, ACRES 160, TR 4 IN NW4",,Flathead Ridge Ranch / N5B
FLATHEAD RIDGE / N5B,07358024201010000,FRR BROWNS MEADOW LLC,160.0,Flathead,ATTN: N5B CAPITAL,601 STATE ST STE 300,,SOUTHLAKE,TX,76092-7677,exact normalized cadastral owner match to independently supported current entity,confirmed,True,2026,458132,0000629150,Vacant Land,,WILLIAMS SAMANTHA,"S24, T25 N, R23 W, ACRES 160, TR 1 IN NW4NE4, N2NW4, SE4NW4",,Flathead Ridge Ranch / N5B
FLATHEAD RIDGE / N5B,07383020201010000,FRR LOST PRAIRIE LLC,160.0,Flathead,ATTN: N5B CAPITAL,601 STATE ST STE 300,,SOUTHLAKE,TX,76092-7677,exact normalized cadastral owner match to independently supported current entity,confirmed,True,2026,458311,0000290400,Vacant Land,,WILLIAMS SAMANTHA,"S20, T27 N, R24 W, ACRES 160, TR 1 IN S2NW4, N2SW4",,Flathead Ridge Ranch / N5B
FLATHEAD RIDGE / N5B,07383032201010000,FRR LOST PRAIRIE LLC,160.0,Flathead,ATTN: N5B CAPITAL,601 STATE ST STE 300,,SOUTHLAKE,TX,76092-7677,exact normalized cadastral owner match to independently supported current entity,confirmed,True,2026,478015,0000628700,Vacant Land,,WILLIAMS SAMANTHA,"S32, T27 N, R24 W, ACRES 160, TR 2 IN NW4",,Flathead Ridge Ranch / N5B
FLATHEAD RIDGE / N5B,07357814101200000,FRR MURR PEAK LLC,160.0,Flathead,ATTN: N5B CAPITAL,601 STATE ST STE 300,,SOUTHLAKE,TX,76092-7677,exact normalized cadastral owner match to independently supported current entity,confirmed,True,2026,488285,0000975914,Vacant Land,,WILLIAMS SAMANTHA,"S14, T25 N, R25 W, ACRES 160, TR 4 IN SE4",,Flathead Ridge Ranch / N5B
FLATHEAD RIDGE / N5B,07357826201010000,FRR MURR PEAK LLC,160.0,Flathead,ATTN: N5B CAPITAL,601 STATE ST STE 300,,SOUTHLAKE,TX,76092-7677,exact normalized cadastral owner match to independently supported current entity,confirmed,True,2026,449588,0000975914,Vacant Land,,WILLIAMS SAMANTHA,"S26, T25 N, R25 W, ACRES 160, TR 2 IN NW4NE4, NE4NW4 & S2NW4",,Flathead Ridge Ranch / N5B
FLATHEAD RIDGE / N5B,07370014301010000,FRR MURR PEAK LLC,160.0,Flathead,ATTN: N5B CAPITAL,601 STATE ST STE 300,,SOUTHLAKE,TX,76092-7677,exact normalized cadastral owner match to independently supported current entity,confirmed,True,2026,488839,0000628200,Vacant Land,,WILLIAMS SAMANTHA,"S14, T26 N, R25 W, ACRES 160, TR 4 IN SW4",,Flathead Ridge Ranch / N5B
FLATHEAD RIDGE / N5B,07370026201010000,FRR MURR PEAK LLC,160.0,Flathead,ATTN: N5B CAPITAL,601 STATE ST STE 300,,SOUTHLAKE,TX,76092-7677,exact normalized cadastral owner match to independently supported current entity,confirmed,True,2026,488290,0000975912,Vacant Land,,WILLIAMS SAMANTHA,"S26, T26 N, R25 W, ACRES 160, TR 5 IN NW4NW4, TR 6 IN W2SW4 & SE4SW4",,Flathead Ridge Ranch / N5B
FLATHEAD RIDGE / N5B,07370034101200000,FRR MURR PEAK LLC,160.0,Flathead,ATTN: N5B CAPITAL,601 STATE ST STE 300,,SOUTHLAKE,TX,76092-7677,exact normalized cadastral owner match to independently supported current entity,confirmed,True,2026,488291,0000628300,Vacant Land,,WILLIAMS SAMANTHA,"S34, T26 N, R25 W, ACRES 160, TR 4 IN SE4NE4, NE4SE4, S2SE4",,Flathead Ridge Ranch / N5B
FLATHEAD RIDGE / N5B,07370207101010000,FRR RODGERS LAKE LLC,160.0,Flathead,ATTN: N5B CAPITAL,601 STATE ST STE 300,,SOUTHLAKE,TX,76092-7677,exact normalized cadastral owner match to independently supported current entity,confirmed,True,2026,471975,0000290210,Vacant Land,,WILLIAMS SAMANTHA,"S07, T26 N, R23 W, ACRES 160, TR 1 IN E2E2",,Flathead Ridge Ranch / N5B
FLATHEAD RIDGE / N5B,07370220101010000,FRR RODGERS LAKE LLC,160.0,Flathead,ATTN: N5B CAPITAL,601 STATE ST STE 300,,SOUTHLAKE,TX,76092-7677,exact normalized cadastral owner match to independently supported current entity,confirmed,True,2026,488816,0000290215,Vacant Land,,WILLIAMS SAMANTHA,"S20, T26 N, R23 W, ACRES 160, TR 3 N2NE4,NE4NW4,SW4NE4",,Flathead Ridge Ranch / N5B
FLATHEAD RIDGE / N5B,07370220201200000,FRR RODGERS LAKE LLC,160.0,Flathead,ATTN: N5B CAPITAL,601 STATE ST STE 300,,SOUTHLAKE,TX,76092-7677,exact normalized cadastral owner match to independently supported current entity,confirmed,True,2026,487166,0000290215,Vacant Land,,WILLIAMS SAMANTHA,"S20, T26 N, R23 W, ACRES 160, TR 4 IN NW4NW4, TR 5 IN S2SW4 & SW4SE4",,Flathead Ridge Ranch / N5B
FLATHEAD RIDGE / N5B,07370228201400000,FRR RODGERS LAKE LLC,160.0,Flathead,ATTN: N5B CAPITAL,601 STATE ST STE 300,,SOUTHLAKE,TX,76092-7677,exact normalized cadastral owner match to independently supported current entity,confirmed,True,2026,485154,0000971891,Vacant Land,,WILLIAMS SAMANTHA,"S28, T26 N, R23 W, ACRES 160, TR 1 IN S2NW4, N2SW4",,Flathead Ridge Ranch / N5B
FLATHEAD RIDGE / N5B,07370234201010000,FRR RODGERS LAKE LLC,160.0,Flathead,ATTN: N5B CAPITAL,601 STATE ST STE 300,,SOUTHLAKE,TX,76092-7677,exact normalized cadastral owner match to independently supported current entity,confirmed,True,2026,458162,0000290065,Vacant Land,,WILLIAMS SAMANTHA,"S34, T26 N, R23 W, ACRES 160, TR 4 IN NW4NE4, N2NW4, SE4NW4",,Flathead Ridge Ranch / N5B
FLATHEAD RIDGE / N5B,07383026101010000,FRR RODGERS LAKE LLC,160.0,Flathead,ATTN: N5B CAPITAL,601 STATE ST STE 300,,SOUTHLAKE,TX,76092-7677,exact normalized cadastral owner match to independently supported current entity,confirmed,True,2026,458314,0000016426,Vacant Land,,WILLIAMS SAMANTHA,"S26, T27 N, R24 W, ACRES 160, TR 3 IN NE4",,Flathead Ridge Ranch / N5B
FLATHEAD RIDGE / N5B,07370114101010000,FRR SICKLER CREEK LLC,160.0,Flathead,ATTN: N5B CAPITAL,601 STATE ST STE 300,,SOUTHLAKE,TX,76092-7677,exact normalized cadastral owner match to independently supported current entity,confirmed,True,2026,487171,0000290320,Vacant Land,,WILLIAMS SAMANTHA,"S14, T26 N, R24 W, ACRES 160, TR 5 IN NE4NE4, TR 6 IN SE4SW4, TR 3A IN SW4SW4, TR 7 IN SE4SE4",,Flathead Ridge Ranch / N5B
FLATHEAD RIDGE / N5B,07370122101010000,FRR SICKLER CREEK LLC,160.0,Flathead,ATTN: N5B CAPITAL,601 STATE ST STE 300,,SOUTHLAKE,TX,76092-7677,exact normalized cadastral owner match to independently supported current entity,confirmed,True,2026,487172,0000290330,Vacant Land,,WILLIAMS SAMANTHA,"S22, T26 N, R24 W, ACRES 160, TR 4 IN E2NE4 & N2SE4",,Flathead Ridge Ranch / N5B
FLATHEAD RIDGE / N5B,07370126101200000,FRR SICKLER CREEK LLC,160.0,Flathead,ATTN: N5B CAPITAL,601 STATE ST STE 300,,SOUTHLAKE,TX,76092-7677,exact normalized cadastral owner match to independently supported current entity,confirmed,True,2026,458267,0000290340,Vacant Land,,WILLIAMS SAMANTHA,"S26, T26 N, R24 W, ACRES 160, TR 1 IN SW4NE4, SE4NW4, NE4SW4, NW4SE4",,Flathead Ridge Ranch / N5B
FLATHEAD RIDGE / N5B,07370002101010000,FRR LOST PRAIRIE LLC,159.84,Flathead,ATTN: N5B CAPITAL,601 STATE ST STE 300,,SOUTHLAKE,TX,76092-7677,exact normalized cadastral owner match to independently supported current entity,confirmed,True,2026,472004,0000290350,Vacant Land,,WILLIAMS SAMANTHA,"S02, T26 N, R25 W, ACRES 159.84, TR 4 IN L 1-2-3-4",,Flathead Ridge Ranch / N5B
FLATHEAD RIDGE / N5B,07370102201010000,FRR RODGERS LAKE LLC,159.52,Flathead,ATTN: N5B CAPITAL,601 STATE ST STE 300,,SOUTHLAKE,TX,76092-7677,exact normalized cadastral owner match to independently supported current entity,confirmed,True,2026,458244,0000334450,Vacant Land,,WILLIAMS SAMANTHA,"S02, T26 N, R24 W, ACRES 159.52, TR 1 IN L 3-4, S2NW4",,Flathead Ridge Ranch / N5B
FLATHEAD RIDGE / N5B,15358105101020000,FLATHEAD RIDGE RANCH LLC,157.79,Lake,MAIL TO: N5B CAPITAL,601 STATE ST STE 300,,SOUTHLAKE,TX,76092,exact normalized cadastral owner match to independently supported current entity,confirmed,True,2026,950760,0000160005,Vacant Land,,,"S05, T25 N, R22 W, NE4",,Flathead Ridge Ranch / N5B
FLATHEAD RIDGE / N5B,07383030201010000,FRR LOST PRAIRIE LLC,155.23,Flathead,ATTN: N5B CAPITAL,601 STATE ST STE 300,,SOUTHLAKE,TX,76092-7677,exact normalized cadastral owner match to independently supported current entity,confirmed,True,2026,472034,0000628700,Vacant Land,,WILLIAMS SAMANTHA,"S30, T27 N, R24 W, ACRES 155.23, TR 1 IN L 1 & 2, E2NW4",,Flathead Ridge Ranch / N5B
FLATHEAD RIDGE / N5B,07370432301010000,FLATHEAD RIDGE RANCH LLC,154.48,Flathead,N5B CAPITAL,601 STATE ST STE 300,,SOUTHLAKE,TX,76092,exact normalized cadastral owner match to independently supported current entity,confirmed,True,2026,458173,0000016345,Vacant Land,,,"S32, T26 N, R21 W, ACRES 154.48, TR 1 IN SW4 LESS RD",,Flathead Ridge Ranch / N5B
FLATHEAD RIDGE / N5B,07357931101010000,FRR HUBBARD LLC,153.02,Flathead,ATTN: N5B CAPITAL,601 STATE ST STE 300,,SOUTHLAKE,TX,76092-7677,exact normalized cadastral owner match to independently supported current entity,confirmed,True,2026,458151,0000290180,Vacant Land,,WILLIAMS SAMANTHA,"S31, T25 N, R24 W, ACRES 153.02, TR 1 IN L1 TO 4",,Flathead Ridge Ranch / N5B
FLATHEAD RIDGE / N5B,07357932101010000,FRR HUBBARD LLC,152.84,Flathead,ATTN: N5B CAPITAL,601 STATE ST STE 300,,SOUTHLAKE,TX,76092-7677,exact normalized cadastral owner match to independently supported current entity,confirmed,True,2026,472047,0000628800,Vacant Land,,WILLIAMS SAMANTHA,"S32, T25 N, R24 W, ACRES 152.84, TR 1 IN L 1,2,3,4",,Flathead Ridge Ranch / N5B
FLATHEAD RIDGE / N5B,07357933101010000,FRR HUBBARD LLC,149.91,Flathead,ATTN: N5B CAPITAL,601 STATE ST STE 300,,SOUTHLAKE,TX,76092-7677,exact normalized cadastral owner match to independently supported current entity,confirmed,True,2026,458152,0000290180,Vacant Land,,WILLIAMS SAMANTHA,"S33, T25 N, R24 W, ACRES 149.91, TR 1 IN L1 TO 4",,Flathead Ridge Ranch / N5B
FLATHEAD RIDGE / N5B,15358134101020000,FLATHEAD RIDGE RANCH LLC,149.29,Lake,MAIL TO: N5B CAPITAL,601 STATE ST STE 300,,SOUTHLAKE,TX,76092,exact normalized cadastral owner match to independently supported current entity,confirmed,True,2026,954825,0000160005,Vacant Land,,,"S34, T25 N, R22 W, LTS 1-3",,Flathead Ridge Ranch / N5B
FLATHEAD RIDGE / N5B,07357833101010000,FRR MURR PEAK LLC,148.36,Flathead,ATTN: N5B CAPITAL,601 STATE ST STE 300,,SOUTHLAKE,TX,76092-7677,exact normalized cadastral owner match to independently supported current entity,confirmed,True,2026,472057,0000628900,Vacant Land,,WILLIAMS SAMANTHA,"S33, T25 N, R25 W, ACRES 148.36, TR 1 IN L1 THRU 4, TR 2 IN L14,15,16",,Flathead Ridge Ranch / N5B
FLATHEAD RIDGE / N5B,15358214101030000,FLATHEAD RIDGE RANCH LLC,120.0,Lake,MAIL TO: N5B CAPITAL,601 STATE ST STE 300,,SOUTHLAKE,TX,76092,exact normalized cadastral owner match to independently supported current entity,confirmed,True,2026,950768,0000019059,Vacant Land,,,"S14, T25 N, R21 W, N2NW4 NW4NE4",,Flathead Ridge Ranch / N5B
FLATHEAD RIDGE / N5B,07357924101010000,FRR BROWNS MEADOW LLC,120.0,Flathead,ATTN: N5B CAPITAL,601 STATE ST STE 300,,SOUTHLAKE,TX,76092-7677,exact normalized cadastral owner match to independently supported current entity,confirmed,True,2026,463650,0000460450,Vacant Land,,WILLIAMS SAMANTHA,"S24, T25 N, R24 W, ACRES 120, TR 5 IN NW4NW4, S2NW4",,Flathead Ridge Ranch / N5B
FLATHEAD RIDGE / N5B,07370125101010000,FRR RODGERS LAKE LLC,120.0,Flathead,ATTN: N5B CAPITAL,601 STATE ST STE 300,,SOUTHLAKE,TX,76092-7677,exact normalized cadastral owner match to independently supported current entity,confirmed,True,2026,487175,0000977222,Vacant Land,,WILLIAMS SAMANTHA,"S25, T26 N, R24 W, ACRES 120, TR 1 IN SW4NE4 & SE4NW4 & NW4SW4",,Flathead Ridge Ranch / N5B
FLATHEAD RIDGE / N5B,07370230101010000,FRR RODGERS LAKE LLC,120.0,Flathead,ATTN: N5B CAPITAL,601 STATE ST STE 300,,SOUTHLAKE,TX,76092-7677,exact normalized cadastral owner match to independently supported current entity,confirmed,True,2026,485155,0000290195,Vacant Land,,WILLIAMS SAMANTHA,"S30, T26 N, R23 W, ACRES 120, TR 4 IN W2NE4, NW4SE4",,Flathead Ridge Ranch / N5B
FLATHEAD RIDGE / N5B,07370108201010000,FRR SICKLER CREEK LLC,120.0,Flathead,ATTN: N5B CAPITAL,601 STATE ST STE 300,,SOUTHLAKE,TX,76092-7677,exact normalized cadastral owner match to independently supported current entity,confirmed,True,2026,458251,0000016427,Vacant Land,,WILLIAMS SAMANTHA,"S08, T26 N, R24 W, ACRES 120, TR 3 SW4, TR 2A SW4, TR 2 IN SE4",,Flathead Ridge Ranch / N5B
FLATHEAD RIDGE / N5B,07370114101200000,FRR SICKLER CREEK LLC,120.0,Flathead,ATTN: N5B CAPITAL,601 STATE ST STE 300,,SOUTHLAKE,TX,76092-7677,exact normalized cadastral owner match to independently supported current entity,confirmed,True,2026,472003,0000290320,Vacant Land,,WILLIAMS SAMANTHA,"S14, T26 N, R24 W, ACRES 120, TR 3 IN NW4NE4, S2NE4",,Flathead Ridge Ranch / N5B
FLATHEAD RIDGE / N5B,07370123401010000,FRR SICKLER CREEK LLC,120.0,Flathead,ATTN: N5B CAPITAL,601 STATE ST STE 300,,SOUTHLAKE,TX,76092-7677,exact normalized cadastral owner match to independently supported current entity,confirmed,True,2026,487173,0000290330,Vacant Land,,WILLIAMS SAMANTHA,"S23, T26 N, R24 W, ACRES 120, TR 1 IN NE4SE4 & S2SE4",,Flathead Ridge Ranch / N5B
FLATHEAD RIDGE / N5B,07382932102010000,FRR LOST PRAIRIE LLC,116.51,Flathead,ATTN: N5B CAPITAL,601 STATE ST STE 300,,SOUTHLAKE,TX,76092-7677,exact normalized cadastral owner match to independently supported current entity,confirmed,True,2026,471950,0000976506,Vacant Land,,WILLIAMS SAMANTHA,"S32, T27 N, R25 W, ACRES 116.51, TR 1 IN S2NE4, NW4SW4",,Flathead Ridge Ranch / N5B
FLATHEAD RIDGE / N5B,07357835101010000,FRR MURR PEAK LLC,108.97,Flathead,ATTN: N5B CAPITAL,601 STATE ST STE 300,,SOUTHLAKE,TX,76092-7677,exact normalized cadastral owner match to independently supported current entity,confirmed,True,2026,472058,0000628900,Vacant Land,,WILLIAMS SAMANTHA,"S35, T25 N, R25 W, ACRES 108.97, TR 1 IN L1 THRU 4",,Flathead Ridge Ranch / N5B
FLATHEAD RIDGE / N5B,07357834101010000,FRR MURR PEAK LLC,107.0,Flathead,ATTN: N5B CAPITAL,601 STATE ST STE 300,,SOUTHLAKE,TX,76092-7677,exact normalized cadastral owner match to independently supported current entity,confirmed,True,2026,488289,0000975914,Vacant Land,,WILLIAMS SAMANTHA,"S34, T25 N, R25 W, ACRES 107, TR 6 IN LOTS 1, 2, 3, 4",,Flathead Ridge Ranch / N5B
FLATHEAD RIDGE / N5B,15358226101020000,FLATHEAD RIDGE RANCH LLC,106.12,Lake,MAIL TO: N5B CAPITAL,601 STATE ST STE 300,,SOUTHLAKE,TX,76092,exact normalized cadastral owner match to independently supported current entity,confirmed,True,2026,954850,0000160005,Vacant Land,,,"S26, T25 N, R21 W, LTS 1,2,8",,Flathead Ridge Ranch / N5B
FLATHEAD RIDGE / N5B,15358110101040000,FLATHEAD RIDGE RANCH LLC,100.0,Lake,MAIL TO: N5B CAPITAL,601 STATE ST STE 300,,SOUTHLAKE,TX,76092,exact normalized cadastral owner match to independently supported current entity,confirmed,True,2026,951064,0000019314,Vacant Land,,,"S10, T25 N, R22 W, SWNE, SENE & N2NWSE (100 AC)",,Flathead Ridge Ranch / N5B
FLATHEAD RIDGE / N5B,15358110101050000,FLATHEAD RIDGE RANCH LLC,100.0,Lake,MAIL TO: N5B CAPITAL,601 STATE ST STE 300,,SOUTHLAKE,TX,76092,exact normalized cadastral owner match to independently supported current entity,confirmed,True,2026,951066,0000019314,Vacant Land,,,"S10, T25 N, R22 W, E2NW & N2NESW (100 AC)",,Flathead Ridge Ranch / N5B
FLATHEAD RIDGE / N5B,15358110101010000,FLATHEAD RIDGE RANCH LLC,80.0,Lake,MAIL TO: N5B CAPITAL,601 STATE ST STE 300,,SOUTHLAKE,TX,76092,exact normalized cadastral owner match to independently supported current entity,confirmed,True,2026,954809,0000019506,Vacant Land,,,"S10, T25 N, R22 W, ACRES 80, N1/2NE",,Flathead Ridge Ranch / N5B
FLATHEAD RIDGE / N5B,15358122401250000,FLATHEAD RIDGE RANCH LLC,80.0,Lake,MAIL TO: N5B CAPITAL,601 STATE ST STE 300,,SOUTHLAKE,TX,76092,exact normalized cadastral owner match to independently supported current entity,confirmed,True,2026,954856,0000019059,Vacant Land,,,"S22, T25 N, R22 W, S2SE4",,Flathead Ridge Ranch / N5B
FLATHEAD RIDGE / N5B,15358123101010000,FLATHEAD RIDGE RANCH LLC,80.0,Lake,MAIL TO: N5B CAPITAL,601 STATE ST STE 300,,SOUTHLAKE,TX,76092,exact normalized cadastral owner match to independently supported current entity,confirmed,True,2026,954818,0000019059,Vacant Land,,,"S23, T25 N, R22 W, ACRES 80, S2SW",,Flathead Ridge Ranch / N5B
FLATHEAD RIDGE / N5B,15358202101020000,FLATHEAD RIDGE RANCH LLC,80.0,Lake,MAIL TO: N5B CAPITAL,601 STATE ST STE 300,,SOUTHLAKE,TX,76092,exact normalized cadastral owner match to independently supported current entity,confirmed,True,2026,950763,0000019059,Vacant Land,,,"S02, T25 N, R21 W, E2SW4",,Flathead Ridge Ranch / N5B
FLATHEAD RIDGE / N5B,07357925101200000,FRR BROWNS MEADOW LLC,80.0,Flathead,ATTN: N5B CAPITAL,601 STATE ST STE 300,,SOUTHLAKE,TX,76092-7677,exact normalized cadastral owner match to independently supported current entity,confirmed,True,2026,486793,0000460450,Vacant Land,,WILLIAMS SAMANTHA,"S25, T25 N, R24 W, ACRES 80, TR 1A IN N2NW4",,Flathead Ridge Ranch / N5B
FLATHEAD RIDGE / N5B,07383032401010000,FRR LOST PRAIRIE LLC,80.0,Flathead,ATTN: N5B CAPITAL,601 STATE ST STE 300,,SOUTHLAKE,TX,76092-7677,exact normalized cadastral owner match to independently supported current entity,confirmed,True,2026,472035,0000628700,Vacant Land,,WILLIAMS SAMANTHA,"S32, T27 N, R24 W, ACRES 80, TR 3 IN N2SE4",,Flathead Ridge Ranch / N5B
FLATHEAD RIDGE / N5B,07370017101200000,FRR MURR PEAK LLC,80.0,Flathead,ATTN: N5B CAPITAL,601 STATE ST STE 300,,SOUTHLAKE,TX,76092-7677,exact normalized cadastral owner match to independently supported current entity,confirmed,True,2026,472008,0000628250,Vacant Land,,WILLIAMS SAMANTHA,"S17, T26 N, R25 W, ACRES 80, TR 1 IN S2SW4",,Flathead Ridge Ranch / N5B
FLATHEAD RIDGE / N5B,07370021101200000,FRR MURR PEAK LLC,80.0,Flathead,ATTN: N5B CAPITAL,601 STATE ST STE 300,,SOUTHLAKE,TX,76092-7677,exact normalized cadastral owner match to independently supported current entity,confirmed,True,2026,472010,0000628250,Vacant Land,,WILLIAMS SAMANTHA,"S21, T26 N, R25 W, ACRES 80, TR 1 IN SE4SW4, SW4NW4",,Flathead Ridge Ranch / N5B
FLATHEAD RIDGE / N5B,07370124201200000,FRR RODGERS LAKE LLC,80.0,Flathead,ATTN: N5B CAPITAL,601 STATE ST STE 300,,SOUTHLAKE,TX,76092-7677,exact normalized cadastral owner match to independently supported current entity,confirmed,True,2026,489463,0000977222,Vacant Land,,WILLIAMS SAMANTHA,"S24, T26 N, R24 W, ACRES 80, TR 4 IN S2SW4",,Flathead Ridge Ranch / N5B
FLATHEAD RIDGE / N5B,07370234301200000,FRR RODGERS LAKE LLC,80.0,Flathead,ATTN: N5B CAPITAL,601 STATE ST STE 300,,SOUTHLAKE,TX,76092-7677,exact normalized cadastral owner match to independently supported current entity,confirmed,True,2026,487170,0000290065,Vacant Land,,WILLIAMS SAMANTHA,"S34, T26 N, R23 W, ACRES 80, TR 5 IN SW4NW4, TR 6 IN SE4SW4",,Flathead Ridge Ranch / N5B
FLATHEAD RIDGE / N5B,07370434301010000,FLATHEAD RIDGE RANCH LLC,79.47,Flathead,N5B CAPITAL,601 STATE ST STE 300,,SOUTHLAKE,TX,76092,exact normalized cadastral owner match to independently supported current entity,confirmed,True,2026,458112,0000016348,Vacant Land,,,"S34, T26 N, R21 W, TR 1 IN L 3 & 4",,Flathead Ridge Ranch / N5B
FLATHEAD RIDGE / N5B,07383019301010000,FRR LOST PRAIRIE LLC,75.12,Flathead,ATTN: N5B CAPITAL,601 STATE ST STE 300,,SOUTHLAKE,TX,76092-7677,exact normalized cadastral owner match to independently supported current entity,confirmed,True,2026,488809,0000290400,Vacant Land,,WILLIAMS SAMANTHA,"S19, T27 N, R24 W, ACRES 75.12, TR 1 IN L3 & L4",,Flathead Ridge Ranch / N5B
FLATHEAD RIDGE / N5B,15358134101030000,FLATHEAD RIDGE RANCH LLC,45.09,Lake,MAIL TO: N5B CAPITAL,601 STATE ST STE 300,,SOUTHLAKE,TX,76092,exact normalized cadastral owner match to independently supported current entity,confirmed,True,2026,950762,0000160005,Vacant Land,,,"S34, T25 N, R22 W, ACRES 45.09, LT 4",,Flathead Ridge Ranch / N5B
FLATHEAD RIDGE / N5B,15358122401050000,FLATHEAD RIDGE RANCH LLC,40.0,Lake,MAIL TO: N5B CAPITAL,601 STATE ST STE 300,,SOUTHLAKE,TX,76092,exact normalized cadastral owner match to independently supported current entity,confirmed,True,2026,954855,0000160005,Vacant Land,,,"S22, T25 N, R22 W, SWSW",,Flathead Ridge Ranch / N5B
FLATHEAD RIDGE / N5B,15358122401150000,FLATHEAD RIDGE RANCH LLC,40.0,Lake,MAIL TO: N5B CAPITAL,601 STATE ST STE 300,,SOUTHLAKE,TX,76092,exact normalized cadastral owner match to independently supported current entity,confirmed,True,2026,950770,0000160005,Vacant Land,,,"S22, T25 N, R22 W, SE4SW4",,Flathead Ridge Ranch / N5B
FLATHEAD RIDGE / N5B,15358214101020000,FLATHEAD RIDGE RANCH LLC,40.0,Lake,MAIL TO: N5B CAPITAL,601 STATE ST STE 300,,SOUTHLAKE,TX,76092,exact normalized cadastral owner match to independently supported current entity,confirmed,True,2026,950767,0000019059,Vacant Land,,,"S14, T25 N, R21 W, NE4SW4",,Flathead Ridge Ranch / N5B
FLATHEAD RIDGE / N5B,07370225101010000,FRR BROWNS MEADOW LLC,40.0,Flathead,ATTN: N5B CAPITAL,601 STATE ST STE 300,,SOUTHLAKE,TX,76092-7677,exact normalized cadastral owner match to independently supported current entity,confirmed,True,2026,471976,0000400950,Vacant Land,,WILLIAMS SAMANTHA,"S25, T26 N, R23 W, ACRES 40, TR 1 IN NE4SW4",,Flathead Ridge Ranch / N5B
FLATHEAD RIDGE / N5B,07370235101010000,FRR BROWNS MEADOW LLC,40.0,Flathead,ATTN: N5B CAPITAL,601 STATE ST STE 300,,SOUTHLAKE,TX,76092-7677,exact normalized cadastral owner match to independently supported current entity,confirmed,True,2026,471978,0000400950,Vacant Land,,WILLIAMS SAMANTHA,"S35, T26 N, R23 W, ACRES 40, TR 1 IN NW4NE4",,Flathead Ridge Ranch / N5B
FLATHEAD RIDGE / N5B,07357824101200000,FRR HUBBARD LLC,40.0,Flathead,ATTN: N5B CAPITAL,601 STATE ST STE 300,,SOUTHLAKE,TX,76092-7677,exact normalized cadastral owner match to independently supported current entity,confirmed,True,2026,488287,0000290190,Vacant Land,,WILLIAMS SAMANTHA,"S24, T25 N, R25 W, ACRES 40, TR 5 IN NE4SW4",,Flathead Ridge Ranch / N5B
FLATHEAD RIDGE / N5B,07357926101300000,FRR HUBBARD LLC,40.0,Flathead,ATTN: N5B CAPITAL,601 STATE ST STE 300,,SOUTHLAKE,TX,76092-7677,exact normalized cadastral owner match to independently supported current entity,confirmed,True,2026,486794,0000290180,Vacant Land,,WILLIAMS SAMANTHA,"S26, T25 N, R24 W, ACRES 40, TR 3A IN NE4NE4",,Flathead Ridge Ranch / N5B
FLATHEAD RIDGE / N5B,07357826401010000,FRR MURR PEAK LLC,40.0,Flathead,ATTN: N5B CAPITAL,601 STATE ST STE 300,,SOUTHLAKE,TX,76092-7677,exact normalized cadastral owner match to independently supported current entity,confirmed,True,2026,449592,0000975914,Vacant Land,,WILLIAMS SAMANTHA,"S26, T25 N, R25 W, ACRES 40, TR 1 IN NW4SE4",,Flathead Ridge Ranch / N5B
FLATHEAD RIDGE / N5B,07370222101010000,FRR RODGERS LAKE LLC,40.0,Flathead,ATTN: N5B CAPITAL,601 STATE ST STE 300,,SOUTHLAKE,TX,76092-7677,exact normalized cadastral owner match to independently supported current entity,confirmed,True,2026,487167,0000290215,Vacant Land,,WILLIAMS SAMANTHA,"S22, T26 N, R23 W, ACRES 40, TR 5 IN NW4NW4",,Flathead Ridge Ranch / N5B
FLATHEAD RIDGE / N5B,15358105101030000,FLATHEAD RIDGE RANCH LLC,39.23,Lake,MAIL TO: N5B CAPITAL,601 STATE ST STE 300,,SOUTHLAKE,TX,76092,exact normalized cadastral owner match to independently supported current entity,confirmed,True,2026,950761,0000160005,Vacant Land,,,"S05, T25 N, R22 W, NW4NW4",,Flathead Ridge Ranch / N5B
FLATHEAD RIDGE / N5B,07370433401010000,FLATHEAD RIDGE RANCH LLC,37.47,Flathead,N5B CAPITAL,601 STATE ST STE 300,,SOUTHLAKE,TX,76092,exact normalized cadastral owner match to independently supported current entity,confirmed,True,2026,458111,0000016346,Vacant Land,,,"S33, T26 N, R21 W, ACRES 37.47, TR 1 IN L 1",,Flathead Ridge Ranch / N5B
FLATHEAD RIDGE / N5B,07370106101010000,FRR LOST PRAIRIE LLC,37.454,Flathead,ATTN: N5B CAPITAL,601 STATE ST STE 300,,SOUTHLAKE,TX,76092-7677,exact normalized cadastral owner match to independently supported current entity,confirmed,True,2026,472254,0000290315,Vacant Land,,WILLIAMS SAMANTHA,"S06, T26 N, R24 W, C.O.S. 22133-1, ACRES 37.45, TR 3 IN L 4",,Flathead Ridge Ranch / N5B
FLATHEAD RIDGE / N5B,07370111101500000,FRR RODGERS LAKE LLC,34.57,Flathead,ATTN: N5B CAPITAL,601 STATE ST STE 300,,SOUTHLAKE,TX,76092-7677,exact normalized cadastral owner match to independently supported current entity,confirmed,True,2026,459807,0000334450,Vacant Land,,WILLIAMS SAMANTHA,"S11, T26 N, R24 W, C.O.S. 14358-A, ACRES 34.57, TR 1A IN NE4 (SELL W/3 SEC 2)",,Flathead Ridge Ranch / N5B
FLATHEAD RIDGE / N5B,07383033401750000,FRR SICKLER CREEK LLC,33.67,Flathead,ATTN: N5B CAPITAL,601 STATE ST STE 300,,SOUTHLAKE,TX,76092-7677,exact normalized cadastral owner match to independently supported current entity,confirmed,True,2026,458321,0000628600,Vacant Land,,WILLIAMS SAMANTHA,"S33, T27 N, R24 W, C.O.S. 14210-B, ACRES 33.67, TR 1AG IN E2SE4",,Flathead Ridge Ranch / N5B
FLATHEAD RIDGE / N5B,07370230201200000,FRR RODGERS LAKE LLC,32.7,Flathead,ATTN: N5B CAPITAL,601 STATE ST STE 300,,SOUTHLAKE,TX,76092-7677,exact normalized cadastral owner match to independently supported current entity,confirmed,True,2026,487169,0000290195,Vacant Land,,WILLIAMS SAMANTHA,"S30, T26 N, R23 W, ACRES 32.7, TR 5 IN SW4SW4",,Flathead Ridge Ranch / N5B
FLATHEAD RIDGE / N5B,07429212401010000,LOOKOUT RIDGE LLC,26.018,Flathead,N5B CAPITAL,601 STATE ST STE 300,,SOUTHLAKE,TX,76092,exact normalized cadastral owner match to independently supported current entity,confirmed,True,2026,448528,0000011078,Improved Property,,,"S12, T31 N, R22 W, C.O.S. 23064-8, ACRES 26.02, TR 4 IN SE4",,Flathead Ridge Ranch / N5B
FLATHEAD RIDGE / N5B,07429212310300000,LOOKOUT RIDGE LLC,25.143,Flathead,N5B CAPITAL,601 STATE ST STE 300,,SOUTHLAKE,TX,76092,exact normalized cadastral owner match to independently supported current entity,confirmed,True,2026,449610,0000012103,Vacant Land,,,"S12, T31 N, R22 W, C.O.S. 23064-10, ACRES 25.14, TR 6CD IN SW4",,Flathead Ridge Ranch / N5B
FLATHEAD RIDGE / N5B,07429212201010000,LOOKOUT RIDGE LLC,22.143,Flathead,N5B CAPITAL,601 STATE ST STE 300,,SOUTHLAKE,TX,76092,exact normalized cadastral owner match to independently supported current entity,confirmed,True,2026,463544,0000455862,Improved Property,,,"S12, T31 N, R22 W, C.O.S. 23064-1, ACRES 21.14, TR 5 IN NW4",,Flathead Ridge Ranch / N5B
FLATHEAD RIDGE / N5B,07429212310100000,LOOKOUT RIDGE LLC,20.698,Flathead,N5B CAPITAL,601 STATE ST STE 300,,SOUTHLAKE,TX,76092,exact normalized cadastral owner match to independently supported current entity,confirmed,True,2026,463540,0000455714,Vacant Land,,,"S12, T31 N, R22 W, C.O.S. 23064-11, ACRES 20.7, TR 5AF IN SW4",,Flathead Ridge Ranch / N5B
FLATHEAD RIDGE / N5B,07429212310010000,LOOKOUT RIDGE LLC,20.556,Flathead,N5B CAPITAL,601 STATE ST STE 300,,SOUTHLAKE,TX,76092,exact normalized cadastral owner match to independently supported current entity,confirmed,True,2026,454102,0000152813,Vacant Land,,,"S12, T31 N, R22 W, C.O.S. 23064-5, ACRES 20.56, TR 6A IN NW4SE4, E2SW4",,Flathead Ridge Ranch / N5B
FLATHEAD RIDGE / N5B,07429212201100000,LOOKOUT RIDGE LLC,20.509,Flathead,N5B CAPITAL,601 STATE ST STE 300,,SOUTHLAKE,TX,76092,exact normalized cadastral owner match to independently supported current entity,confirmed,True,2026,1636549,0000017415,Improved Property,,,"S12, T31 N, R22 W, C.O.S. 23064-3, ACRES 20.51, TR 5H IN NW4, N2SW4",,Flathead Ridge Ranch / N5B
FLATHEAD RIDGE / N5B,07429212201050000,LOOKOUT RIDGE LLC,20.408,Flathead,N5B CAPITAL,601 STATE ST STE 300,,SOUTHLAKE,TX,76092,exact normalized cadastral owner match to independently supported current entity,confirmed,True,2026,1636548,0000017414,Vacant Land,,,"S12, T31 N, R22 W, C.O.S. 23064-2, ACRES 20.41, TR 5G IN NW4, N2SW4",,Flathead Ridge Ranch / N5B
FLATHEAD RIDGE / N5B,07429212401050000,LOOKOUT RIDGE LLC,20.354,Flathead,N5B CAPITAL,601 STATE ST STE 300,,SOUTHLAKE,TX,76092,exact normalized cadastral owner match to independently supported current entity,confirmed,True,2026,1451160,0000013210,Vacant Land,,,"S12, T31 N, R22 W, C.O.S. 23064-7, ACRES 20.35, TR 2C IN SE4",,Flathead Ridge Ranch / N5B
FLATHEAD RIDGE / N5B,07429212310030000,LOOKOUT RIDGE LLC,20.154,Flathead,N5B CAPITAL,601 STATE ST STE 300,,SOUTHLAKE,TX,76092,exact normalized cadastral owner match to independently supported current entity,confirmed,True,2026,1636557,0000017416,Vacant Land,,,"S12, T31 N, R22 W, C.O.S. 23064-6, ACRES 20.15, TR 4E IN W2SE4, E2SW4",,Flathead Ridge Ranch / N5B
FLATHEAD RIDGE / N5B,07429212310070000,LOOKOUT RIDGE LLC,20.02,Flathead,N5B CAPITAL,601 STATE ST STE 300,,SOUTHLAKE,TX,76092,exact normalized cadastral owner match to independently supported current entity,confirmed,True,2026,436545,0000000458,Improved Property,,,"S12, T31 N, R22 W, C.O.S. 23064-9, ACRES 20.02, TR 6CB IN SW4SE4, SE4SW4",,Flathead Ridge Ranch / N5B
FLATHEAD RIDGE / N5B,07429212310090000,LOOKOUT RIDGE LLC,20.012,Flathead,N5B CAPITAL,601 STATE ST STE 300,,SOUTHLAKE,TX,76092,exact normalized cadastral owner match to independently supported current entity,confirmed,True,2026,1636558,0000017417,Improved Property,,,"S12, T31 N, R22 W, C.O.S. 23064-4, ACRES 20.01, TR 6AD IN SE4NW4,SW4NE4,NW4SE4,NE4SW4",,Flathead Ridge Ranch / N5B
FLATHEAD RIDGE / N5B,15358305401090000,FLATHEAD RIDGE RANCH LLC,20.0,Lake,MAIL TO: N5B CAPITAL,601 STATE ST STE 300,,SOUTHLAKE,TX,76092,exact normalized cadastral owner match to independently supported current entity,confirmed,True,2026,950812,0000019104,Improved Property,,,"S05, T25 N, R20 W, C.O.S. 4779, ACRES 20, TR 15 IN E2SE4",,Flathead Ridge Ranch / N5B
FLATHEAD RIDGE / N5B,07357923101010000,FRR HUBBARD LLC,20.0,Flathead,ATTN: N5B CAPITAL,601 STATE ST STE 300,,SOUTHLAKE,TX,76092-7677,exact normalized cadastral owner match to independently supported current entity,confirmed,True,2026,486791,0000628800,Vacant Land,,WILLIAMS SAMANTHA,"S23, T25 N, R24 W, ACRES 20, TR 1A IN E2SE4SE4",,Flathead Ridge Ranch / N5B
FLATHEAD RIDGE / N5B,07429212310150000,LOOKOUT RIDGE LLC,17.565,Flathead,N5B CAPITAL,601 STATE ST STE 300,,SOUTHLAKE,TX,76092,exact normalized cadastral owner match to independently supported current entity,confirmed,True,2026,423074,0000980386,Vacant Land,,,"S12, T31 N, R22 W, C.O.S. 23064-12, ACRES 17.57, TR 6D IN SW4",,Flathead Ridge Ranch / N5B
FLATHEAD RIDGE / N5B,07382910101010000,FRR LOST PRAIRIE LLC,15.1,Flathead,ATTN: N5B CAPITAL,601 STATE ST STE 300,,SOUTHLAKE,TX,76092-7677,exact normalized cadastral owner match to independently supported current entity,confirmed,True,2026,453619,0000138166,Vacant Land,,WILLIAMS SAMANTHA,"S10, T27 N, R25 W, ACRES 15.1, TR 4A & TR 5A S2SW4 (SELL W/TR 1,EX 1A S15)",,Flathead Ridge Ranch / N5B
FLATHEAD RIDGE / N5B,07383029101990000,FRR LOST PRAIRIE LLC,6.37,Flathead,ATTN: N5B CAPITAL,601 STATE ST STE 300,,SOUTHLAKE,TX,76092-7677,exact normalized cadastral owner match to independently supported current entity,confirmed,True,2026,425465,0000290400,Vacant Land,,WILLIAMS SAMANTHA,"S29, T27 N, R24 W, ACRES 6.37, TR 1A IN N2",,Flathead Ridge Ranch / N5B
FLATHEAD RIDGE / N5B,15358111401020000,FLATHEAD RIDGE RANCH LLC,0.0,Lake,MAIL TO: N5B CAPITAL,601 STATE ST STE 300,,SOUTHLAKE,TX,76092,exact normalized cadastral owner match to independently supported current entity,confirmed,True,2026,950961,0000019224,Vacant Land,,,"S11, T25 N, R22 W, C.O.S. 5674, ACRES 0.384, PARCEL B",,Flathead Ridge Ranch / N5B
ROCK CREEK CATTLE COMPANY / FOLEY,06121233101010000,FOLEY FRANK D III,256.0,Gallatin,PO BOX 2447,,,COLUMBUS,GA,31902-2447,owner-name keyword: FOLEY; Foley surname/RCCC token without entity or address corroboration,unrelated,False,2026,592337,00RCH11724,Vacant Land,,,"S33, T03 N, R06 E, ACRES 256, NE4 & N2SE4",,Rock Creek Cattle Company / Foley
ROCK CREEK CATTLE COMPANY / FOLEY,51168717101010000,FIRST SERVICES GROUP LLC,200.67,Jefferson,24 SHINGLE BUTTE RD,,,CLANCY,MT,59634-9667,candidate generator only,unrelated,False,2026,1100447,0000005501,Vacant Land,,FOLEY KEITH A,"S17, T08 N, R03 W, C.O.S. 285158 F1136B, PARCEL 1, ACRES 200.67, E2NE4",,Rock Creek Cattle Company / Foley
ROCK CREEK CATTLE COMPANY / FOLEY,06121234301150000,FOLEY FRANK D III,120.0,Gallatin,PO BOX 2447,,,COLUMBUS,GA,31902-2447,owner-name keyword: FOLEY; Foley surname/RCCC token without entity or address corroboration,unrelated,False,2026,592345,00RCH12927,Vacant Land,,,"S34, T03 N, R06 E, ACRES 120, W2SW4, W2SW4NW4, SE4SW4 LESS COS 1326",,Rock Creek Cattle Company / Foley
ROCK CREEK CATTLE COMPANY / FOLEY,28177533201010000,PAFFHAUSEN JOSH ALLAN & LEIGH ELIZABETH,109.882,Powell,756 WILLOW CREEK LOOP RD,,,DEER LODGE,MT,59722,legal/subdivision context contains ROCK CREEK CATTLE COMPANY; owner field is not a confirmed developer entity; treated as individually owned member/homeowner or other nondeveloper parcel,unrelated,False,2026,1207404,0000703449,Vacant Land,,,"ROCK CREEK CATTLE COMPANY, S33, T09 N, R10 W, Lot 11, ACRES 109.882, WILLOW CREEK HOMSTEAD, PLAT C-571",ROCK CREEK CATTLE COMPANY,Rock Creek Cattle Company / Foley
ROCK CREEK CATTLE COMPANY / FOLEY,28177534102010000,JANSEN JANET MACLEAN REVOCABLE TRUST &,108.0,Powell,8360 SEGO LN,,,VERO BEACH,FL,32963-4236,legal/subdivision context contains ROCK CREEK CATTLE COMPANY; owner field is not a confirmed developer entity; treated as individually owned member/homeowner or other nondeveloper parcel,unrelated,False,2026,1207398,0000500921,Improved Property,,,"ROCK CREEK CATTLE COMPANY, S34, T09 N, R10 W, Lot 1B, ACRES 108, WILLOW CREEK HOMESTEAD AMENDED PLAT COS 764RB",ROCK CREEK CATTLE COMPANY,Rock Creek Cattle Company / Foley
ROCK CREEK CATTLE COMPANY / FOLEY,28177533301010000,VELOCITY CAPITAL LLC,77.631,Powell,26 LONDONDERRY LN,,,GEORGETOWN,MA,01833-2312,legal/subdivision context contains ROCK CREEK CATTLE COMPANY; owner field is not a confirmed developer entity; treated as individually owned member/homeowner or other nondeveloper parcel,unrelated,False,2026,1207406,0000500916,Vacant Land,,,"ROCK CREEK CATTLE COMPANY, S33, T09 N, R10 W, Lot 10, ACRES 77.631, WILLOW CREEK HOMESTEAD, PLAT C-571",ROCK CREEK CATTLE COMPANY,Rock Creek Cattle Company / Foley
ROCK CREEK CATTLE COMPANY / FOLEY,28177534201200000,BURNS BRIAN D TRUSTEE,58.29,Powell,13 WILLOW CREEK LOOP,,,DEER LODGE,MT,59722-8821,legal/subdivision context contains ROCK CREEK CATTLE COMPANY; owner field is not a confirmed developer entity; treated as individually owned member/homeowner or other nondeveloper parcel,unrelated,False,2026,1207400,0000500925,Improved Property,,,"ROCK CREEK CATTLE COMPANY, S34, T09 N, R10 W, Lot 13, ACRES 58.29, WILLOW CREEK HOMESTEAD PLAT C-571 LOT 13 (58.29)",ROCK CREEK CATTLE COMPANY,Rock Creek Cattle Company / Foley
ROCK CREEK CATTLE COMPANY / FOLEY,28177533302010000,VELOCITY CAPITAL LLC,52.74,Powell,26 LONDONDERRY LN,,,GEORGETOWN,MA,01833-2312,legal/subdivision context contains ROCK CREEK CATTLE COMPANY; owner field is not a confirmed developer entity; treated as individually owned member/homeowner or other nondeveloper parcel,unrelated,False,2026,1207407,0000500916,Vacant Land,,,"ROCK CREEK CATTLE COMPANY, S33, T09 N, R10 W, Lot 9, ACRES 52.74, WILLOW CREEK HOMESTEAD, PLAT C-571",ROCK CREEK CATTLE COMPANY,Rock Creek Cattle Company / Foley
ROCK CREEK CATTLE COMPANY / FOLEY,28177534201010000,BLACKROCK EQUITIES LC,52.07,Powell,PO BOX 1275,,,HERMOSA BEACH,CA,90254-1275,legal/subdivision context contains ROCK CREEK CATTLE COMPANY; owner field is not a confirmed developer entity; treated as individually owned member/homeowner or other nondeveloper parcel,unrelated,False,2026,1207399,0000205247,Vacant Land,,,"ROCK CREEK CATTLE COMPANY, S34, T09 N, R10 W, Lot 2A, ACRES 52.07, WILLOW CREEK HOMESTEAD AMENDED PLAT COS 764RB",ROCK CREEK CATTLE COMPANY,Rock Creek Cattle Company / Foley
ROCK CREEK CATTLE COMPANY / FOLEY,28177533402010000,DOGTOWN LIMITED PARTNERSHIP,50.458,Powell,1001 KAVANAUGH BLVD,,,LITTLE ROCK,AR,72205-4315,legal/subdivision context contains ROCK CREEK CATTLE COMPANY; owner field is not a confirmed developer entity; treated as individually owned member/homeowner or other nondeveloper parcel,unrelated,False,2026,1207411,0000500920,Vacant Land,,,"ROCK CREEK CATTLE COMPANY, S33, T09 N, R10 W, Lot 8, ACRES 50.458, WILLOW CREEK HOMESTEAD, PLAT C-571",ROCK CREEK CATTLE COMPANY,Rock Creek Cattle Company / Foley
ROCK CREEK CATTLE COMPANY / FOLEY,28167704101061000,KIENLE STEVEN C & CATHERINE H TRUSTEES &,47.615,Powell,7269 BODEWIN CT,,,RIVERSIDE,CA,92506-7573,legal/subdivision context contains ROCK CREEK CATTLE COMPANY; owner field is not a confirmed developer entity; treated as individually owned member/homeowner or other nondeveloper parcel,unrelated,False,2026,1204325,0000706517,Vacant Land,,,"ROCK CREEK CATTLE COMPANY, S04, T08 N, R10 W, Lot 6, ACRES 49.215, WILLOW CREEK HOMESTEAD, PLAT C-571, 47.615 IN LD1712, SPLIT FOR LEVY DISTRICT PURPOSES ONLY",ROCK CREEK CATTLE COMPANY,Rock Creek Cattle Company / Foley
ROCK CREEK CATTLE COMPANY / FOLEY,28177534202010000,DOGTOWN LIMITED PARTNERSHIP,47.181,Powell,1001 KAVANAUGH BLVD,,,LITTLE ROCK,AR,72205-4315,legal/subdivision context contains ROCK CREEK CATTLE COMPANY; owner field is not a confirmed developer entity; treated as individually owned member/homeowner or other nondeveloper parcel,unrelated,False,2026,1207402,0000860471,Vacant Land,,,"ROCK CREEK CATTLE COMPANY, S34, T09 N, R10 W, Lot 3, ACRES 47.181, WILLOW CREEK HOMESTEAD PLAT C-571",ROCK CREEK CATTLE COMPANY,Rock Creek Cattle Company / Foley
ROCK CREEK CATTLE COMPANY / FOLEY,28177533401010000,DOGTOWN LIMITED PARTNERSHIP,43.671,Powell,1001 KAVANAUGH BLVD,,,LITTLE ROCK,AR,72205-4315,legal/subdivision context contains ROCK CREEK CATTLE COMPANY; owner field is not a confirmed developer entity; treated as individually owned member/homeowner or other nondeveloper parcel,unrelated,False,2026,1207410,0000860472,Vacant Land,,,"ROCK CREEK CATTLE COMPANY, S33, T09 N, R10 W, Lot 4, ACRES 43.671, WILLOW CREEK HOMESTEAD, PLAT C-571",ROCK CREEK CATTLE COMPANY,Rock Creek Cattle Company / Foley
ROCK CREEK CATTLE COMPANY / FOLEY,28167702101250000,YC POWDER LLC,43.52,Powell,C/O DAVID NORTH,7890 SILVER LAKE LN APT 101,,MEMPHIS,TN,38119-4562,legal/subdivision context contains ROCK CREEK CATTLE COMPANY; owner field is not a confirmed developer entity; treated as individually owned member/homeowner or other nondeveloper parcel,unrelated,False,2026,1204346,0000205383,Improved Property,,,"ROCK CREEK CATTLE COMPANY, S02, T08 N, R10 W, Lot 86C, ACRES 43.52, PLAT C-666",ROCK CREEK CATTLE COMPANY,Rock Creek Cattle Company / Foley
ROCK CREEK CATTLE COMPANY / FOLEY,28177533101100000,JABC TRUST,40.935,Powell,2202 WESTOVER RD,,,AUSTIN,TX,78703-1214,legal/subdivision context contains ROCK CREEK CATTLE COMPANY; owner field is not a confirmed developer entity; treated as individually owned member/homeowner or other nondeveloper parcel,unrelated,False,2026,1207403,0000500903,Vacant Land,,LOPEZ JOSE LUIS TRUSTEE,"ROCK CREEK CATTLE COMPANY, S33, T09 N, R10 W, Lot 12, ACRES 40.935, WILLOW CREEK HOMESTEAD,  PLAT C-571",ROCK CREEK CATTLE COMPANY,Rock Creek Cattle Company / Foley
ROCK CREEK CATTLE COMPANY / FOLEY,28177534301100000,KOPPER BRIAN DAVID &,40.35,Powell,320 STRAND AVE,,,MISSOULA,MT,59801-5715,legal/subdivision context contains ROCK CREEK CATTLE COMPANY; owner field is not a confirmed developer entity; treated as individually owned member/homeowner or other nondeveloper parcel,unrelated,False,2026,1488917,0000703467,Improved Property,,,"ROCK CREEK CATTLE COMPANY, S34, T09 N, R10 W, Lot 2, ACRES 40.35, HOME RANCH DEV, PHASE 4, PLAT C-597",ROCK CREEK CATTLE COMPANY,Rock Creek Cattle Company / Foley
ROCK CREEK CATTLE COMPANY / FOLEY,28167704401070000,FARGO AYAD & TRIXIE,40.09,Powell,30654 COUNTRY RD,,,REDLANDS,CA,92374-7621,legal/subdivision context contains ROCK CREEK CATTLE COMPANY; owner field is not a confirmed developer entity; treated as individually owned member/homeowner or other nondeveloper parcel,unrelated,False,2026,1601504,0000206069,Vacant Land,,,"ROCK CREEK CATTLE COMPANY, S04, T08 N, R10 W, Lot 13, ACRES 40.09, HOME RANCH DEV PH 6 PER PLAT C-636",ROCK CREEK CATTLE COMPANY,Rock Creek Cattle Company / Foley
ROCK CREEK CATTLE COMPANY / FOLEY,28167704401010000,BELL NORTHWEST PROPERTIES LLC,40.02,Powell,610 NEWPORT CENTER DR STE 490,,,NEWPORT BEACH,CA,92660-6417,legal/subdivision context contains ROCK CREEK CATTLE COMPANY; owner field is not a confirmed developer entity; treated as individually owned member/homeowner or other nondeveloper parcel,unrelated,False,2026,1601507,0000206066,Vacant Land,,,"ROCK CREEK CATTLE COMPANY, S04, T08 N, R10 W, Lot 10, ACRES 40.02, HOME RANCH DEV PH 6 PER PLAT C-636",ROCK CREEK CATTLE COMPANY,Rock Creek Cattle Company / Foley
ROCK CREEK CATTLE COMPANY / FOLEY,13146918101010000,FOLEY VIVIAN AND,39.449,Ravalli,1193 HAMILTON HEIGHTS RD,,,CORVALLIS,MT,59828-9461,owner-name keyword: FOLEY; Foley surname/RCCC token without entity or address corroboration,unrelated,False,2026,731480,0000055200,Improved Property,,,"S18, T06 N, R19 W, ACRES 39.449, IN LOTS 2 & 3 INDEX 2 CS #719009-CT TRACT B",,Rock Creek Cattle Company / Foley
ROCK CREEK CATTLE COMPANY / FOLEY,10062404101010000,FOLEY KELLY L & SEAN P,38.79,Carbon,10064 US HIGHWAY 212,,,JOLIET,MT,59041-9451,owner-name keyword: FOLEY; Foley surname/RCCC token without entity or address corroboration,unrelated,False,2026,32393,0023051010,Improved Property,,,"S04, T04 S, R23 E, TR 1 AM  COS 1026 AM & TR A-3 & A-4 COS 1026 FT",,Rock Creek Cattle Company / Foley
ROCK CREEK CATTLE COMPANY / FOLEY,28177533403201000,EQUESTRIAN LIFE MT LLC,36.725,Powell,124 W PINE ST,,,MISSOULA,MT,59802-4222,legal/subdivision context contains ROCK CREEK CATTLE COMPANY; owner field is not a confirmed developer entity; treated as individually owned member/homeowner or other nondeveloper parcel,unrelated,False,2026,1207414,0000703460,Vacant Land,,,"ROCK CREEK CATTLE COMPANY, S33, T09 N, R10 W, Lot 5, ACRES 40.725, WILLOW CREEK HOMESTEAD PLAT C-571, 36.725 ACS IN LD0718, SPLIT FOR LEVY DISTRICT PURPOSES ONL",ROCK CREEK CATTLE COMPANY,Rock Creek Cattle Company / Foley
ROCK CREEK CATTLE COMPANY / FOLEY,28177533403011001,KELLY PATRICK BOYD REVOCABLE TRUST,24.938,Powell,4 VASCO DR,,,MILL VALLEY,CA,94941-1428,legal/subdivision context contains ROCK CREEK CATTLE COMPANY; owner field is not a confirmed developer entity; treated as individually owned member/homeowner or other nondeveloper parcel,unrelated,False,2026,1523523,0000500907,Vacant Land,,BOYD KELLY PATRICK TRUSTEE,"ROCK CREEK CATTLE COMPANY, S33, T09 N, R10 W, Lot 7, ACRES 24.938, WILLOW CREEK HOMESTEAD, PLAT C-571, IN LD0718, SPLIT FOR LEVY DISTRICT PURPOSES ONLY",ROCK CREEK CATTLE COMPANY,Rock Creek Cattle Company / Foley
ROCK CREEK CATTLE COMPANY / FOLEY,25015506301150000,FOLEY WILLIAM G & JOY L,22.6,Madison,PO BOX 142,,,CAMERON,MT,59720-0142,owner-name keyword: FOLEY; Foley surname/RCCC token without entity or address corroboration,unrelated,False,2026,913793,0027001502,Improved Property,,,"S06, T09 S, R01 E, C.O.S. 7/733, PARCEL 5",,Rock Creek Cattle Company / Foley
ROCK CREEK CATTLE COMPANY / FOLEY,13136708101010000,531 FOLEY LANE HAMILTON LLC,20.08,Ravalli,400 W MAIN ST STE 102,,,HAMILTON,MT,59840-2441,owner-name keyword: FOLEY; Foley surname/RCCC token without entity or address corroboration,unrelated,False,2026,743379,0000656520,Vacant Land,,,"S08, T05 N, R20 W, ACRES 20.08, N2NENW INDEX 63 CS #3223",,Rock Creek Cattle Company / Foley
ROCK CREEK CATTLE COMPANY / FOLEY,13187020101790000,FOLEY JOANNE M & JAY C BALDWIN RVCBL TR,20.01,Ravalli,701 BITTERROOT DR,,,FLORENCE,MT,59833-6958,owner-name keyword: FOLEY; Foley surname/RCCC token without entity or address corroboration,unrelated,False,2026,756186,0001282400,Improved Property,,,"S20, T10 N, R19 W, ACRES 20.01, IN NE INDEX 27 CS #1316 PARCEL 44",,Rock Creek Cattle Company / Foley
ROCK CREEK CATTLE COMPANY / FOLEY,06121234201010000,FOLEY FRANK D III,20.0,Gallatin,PO BOX 2447,,,COLUMBUS,GA,31902-2447,owner-name keyword: FOLEY; Foley surname/RCCC token without entity or address corroboration,unrelated,False,2026,1464370,00RCH62653,Vacant Land,,,"S34, T03 N, R06 E, ACRES 20, E2SW4NW4",,Rock Creek Cattle Company / Foley
ROCK CREEK CATTLE COMPANY / FOLEY,06121234301010000,FOLEY FRANK D III,20.0,Gallatin,PO BOX 2447,,,COLUMBUS,GA,31902-2447,owner-name keyword: FOLEY; Foley surname/RCCC token without entity or address corroboration,unrelated,False,2026,592380,00RCH27536,Vacant Land,,,"S34, T03 N, R06 E, C.O.S. 1326, PARCEL 1, ACRES 20",,Rock Creek Cattle Company / Foley
ROCK CREEK CATTLE COMPANY / FOLEY,28177533403011000,KELLY PATRICK BOYD REVOCABLE TRUST,19.5,Powell,4 VASCO DR,,,MILL VALLEY,CA,94941-1428,legal/subdivision context contains ROCK CREEK CATTLE COMPANY; owner field is not a confirmed developer entity; treated as individually owned member/homeowner or other nondeveloper parcel,unrelated,False,2026,1207394,0000200907,Improved Property,,BOYD KELLY PATRICK TRUSTEE,"ROCK CREEK CATTLE COMPANY, S33, T09 N, R10 W, Lot 7, ACRES 44.438, WILLOW CREEK HOMESTEAD, PLAT C-571, 19.5 ACS IN LD1712, SPLIT FOR LEVY DISTRICT PURPOSES ONLY",ROCK CREEK CATTLE COMPANY,Rock Creek Cattle Company / Foley
ROCK CREEK CATTLE COMPANY / FOLEY,10044622101010000,FOLEY KELLY &,19.4,Carbon,35 UKKOLA RD,,,ROBERTS,MT,59070-9592,owner-name keyword: FOLEY; Foley surname/RCCC token without entity or address corroboration,unrelated,False,2026,40073,0008013100,Improved Property,,,"S22, T06 S, R20 E, C.O.S. 2336 RE, PARCEL TR 1, ACRES 19.4",,Rock Creek Cattle Company / Foley
ROCK CREEK CATTLE COMPANY / FOLEY,28167702101150000,ERNST NICOLE & JOHN,15.14,Powell,5121 GLENVIEW CT,,,PLANO,TX,75093-7570,legal/subdivision context contains ROCK CREEK CATTLE COMPANY; owner field is not a confirmed developer entity; treated as individually owned member/homeowner or other nondeveloper parcel,unrelated,False,2026,1204344,0000206064,Vacant Land,,,"ROCK CREEK CATTLE COMPANY, S02, T08 N, R10 W, Lot 85A, ACRES 15.14, PER PLAT C-634",ROCK CREEK CATTLE COMPANY,Rock Creek Cattle Company / Foley
ROCK CREEK CATTLE COMPANY / FOLEY,04219933201010000,FOLEY DEBRA L PARKER,13.96,Missoula,10755 CEDAR RIDGE RD,,,MISSOULA,MT,59804-9785,owner-name keyword: FOLEY; Foley surname/RCCC token without entity or address corroboration,unrelated,False,2026,345130,0001750102,Vacant Land,,,"S33, T13 N, R20 W, ACRES 13.96, TRACT 18 IN NW1/4",,Rock Creek Cattle Company / Foley
ROCK CREEK CATTLE COMPANY / FOLEY,05199506101040000,FOLEY MIKE I & JANELL K,13.66,Lewis and Clark,8418 N MONTANA AVE,,,HELENA,MT,59602-8320,owner-name keyword: FOLEY; Foley surname/RCCC token without entity or address corroboration,unrelated,False,2026,525232,0000023099,Vacant Land,,,"S06, T11 N, R03 W, C.O.S. 499474/E, ACRES 13.66, TRACT B, IN E2NE4",,Rock Creek Cattle Company / Foley
ROCK CREEK CATTLE COMPANY / FOLEY,06090517403140000,FOLEY JAMES & KRISTA FAMILY TRUST,12.957,Gallatin,748 HAVERFORD AVE,,,PACIFIC PLSDS,CA,90272-4312,owner-name keyword: FOLEY; Foley surname/RCCC token without entity or address corroboration,unrelated,False,2026,637307,000RFH7348,Improved Property,,,"S17, T01 S, R06 E, C.O.S. 8D, TRACT 1A SE4 12.957AC",,Rock Creek Cattle Company / Foley
ROCK CREEK CATTLE COMPANY / FOLEY,28167702102100000,DENALI MONTANA RCCC LLC,12.91,Powell,12320 SE BIRKDALE RUN,,,JUPITER,FL,33469-1744,known homeowner/common-area/legacy entity; excluded,unrelated,False,2026,1204433,0000205358,Improved Property,,,"ROCK CREEK CATTLE COMPANY, S02, T08 N, R10 W, Lot 57B, ACRES 12.91, COS C-667",ROCK CREEK CATTLE COMPANY,Rock Creek Cattle Company / Foley
ROCK CREEK CATTLE COMPANY / FOLEY,13136708201250000,FOLEY WILLIAM L,12.72,Ravalli,531 FOLEY LN,,,HAMILTON,MT,59840-9008,owner-name keyword: FOLEY; Foley surname/RCCC token without entity or address corroboration,unrelated,False,2026,743377,0000656530,Improved Property,,,"S08, T05 N, R20 W, ACRES 12.72, IN NWNW INDEX 14 CS #727333-CT TRACT D",,Rock Creek Cattle Company / Foley
ROCK CREEK CATTLE COMPANY / FOLEY,46187736404040000,FOLEY KATHERINE G,12.55,Granite,PO BOX 801,,,LOLO,MT,59847-0801,owner-name keyword: FOLEY; Foley surname/RCCC token without entity or address corroboration,unrelated,False,2026,1340506,0004184889,Vacant Land,,,"FLINT VALLEY HEIGHTS, S36, T10 N, R13 W, Lot 4, ACRES 12.55, MS 70-M",FLINT VALLEY HEIGHTS,Rock Creek Cattle Company / Foley
ROCK CREEK CATTLE COMPANY / FOLEY,49070619101050000,FOLEY FRANK & ELIZABETH,11.384,Park,PO BOX 2447,,,COLUMBUS,GA,31902-2447,owner-name keyword: FOLEY; Foley surname/RCCC token without entity or address corroboration,unrelated,False,2026,663813,0004406400,Vacant Land,,,"WEST BOULDER TRACTS, S19, T03 S, R12 E, Lot 8, COS 658A",WEST BOULDER TRACTS,Rock Creek Cattle Company / Foley
ROCK CREEK CATTLE COMPANY / FOLEY,07418520103010000,FOLEY LINDSAY ERIN,10.97,Flathead,160 STAGELINE DR,,,WHITEFISH,MT,59937-8470,owner-name keyword: FOLEY; Foley surname/RCCC token without entity or address corroboration,unrelated,False,2026,491290,0000979170,Improved Property,,,"S20, T30 N, R21 W, 17041-2, PARCEL N/A, TR 1 & TR 4H IN S2NE4",,Rock Creek Cattle Company / Foley
ROCK CREEK CATTLE COMPANY / FOLEY,03113427207100000,"FOLEY, JAMES R & STEPHENIE D",10.74,Yellowstone,5002 MCINTYRE DR,,,BILLINGS,MT,59105-5022,owner-name keyword: FOLEY; Foley surname/RCCC token without entity or address corroboration,unrelated,False,2026,257865,000D076120,Improved Property,,,"S27, T02 N, R27 E, C.O.S. 1124, PARCEL 2A, AMEND",,Rock Creek Cattle Company / Foley
ROCK CREEK CATTLE COMPANY / FOLEY,07429103101420000,FOLEY TAI E,10.318,Flathead,PO BOX 4684,,,WHITEFISH,MT,59937-4684,owner-name keyword: FOLEY; Foley surname/RCCC token without entity or address corroboration,unrelated,False,2026,1594152,0000508120,Vacant Land,,,"LUPFER HEIGHTS, S03, T31 N, R23 W, Lot 10, ACRES 10.32",LUPFER HEIGHTS,Rock Creek Cattle Company / Foley
ROCK CREEK CATTLE COMPANY / FOLEY,13136705301030000,FOLEY RICHARD & LINDA & KIMBERLY,10.18,Ravalli,465 FOLEY LN,,,HAMILTON,MT,59840-9025,owner-name keyword: FOLEY; Foley surname/RCCC token without entity or address corroboration,unrelated,False,2026,1600995,0000656570,Improved Property,,,"S05, T05 N, R20 W, ACRES 10.18, IN SWSW INDEX 37 CS #768253-F PARCEL B",,Rock Creek Cattle Company / Foley
ROCK CREEK CATTLE COMPANY / FOLEY,04310932301110000,FOLEY SHAUNA,10.0,Missoula,1233 9TH AVE,,,HELENA,MT,59601-3906,owner-name keyword: FOLEY; Foley surname/RCCC token without entity or address corroboration,unrelated,False,2026,334858,0000796504,Improved Property,,,"S32, T21 N, R16 W, ACRES 10, N1/2 S1/2 SE1/4 SE1/4",,Rock Creek Cattle Company / Foley
ROCK CREEK CATTLE COMPANY / FOLEY,04310932301130000,FOLEY SHAUNA L,10.0,Missoula,1233 9TH AVE,,,HELENA,MT,59601-3906,owner-name keyword: FOLEY; Foley surname/RCCC token without entity or address corroboration,unrelated,False,2026,373575,0005927503,Vacant Land,,,"S32, T21 N, R16 W, S2 N2 SE4 SE4",,Rock Creek Cattle Company / Foley
ROCK CREEK CATTLE COMPANY / FOLEY,28177534301010000,BARTON JAMES H TRUSTEE,9.97,Powell,4012 BARONNE WAY,,,MEMPHIS,TN,38117-2908,legal/subdivision context contains ROCK CREEK CATTLE COMPANY; owner field is not a confirmed developer entity; treated as individually owned member/homeowner or other nondeveloper parcel,unrelated,False,2026,1488916,0000500800,Improved Property,,,"ROCK CREEK CATTLE COMPANY, S34, T09 N, R10 W, Lot 1, ACRES 9.97, HOME RANCH DEV, PHASE 4, PLAT C-597",ROCK CREEK CATTLE COMPANY,Rock Creek Cattle Company / Foley
ROCK CREEK CATTLE COMPANY / FOLEY,28177534402150000,SANSONE DOUGLAS G TRUSTEE &,9.68,Powell,8 HUNTLEIGH MANOR LN,,,SAINT LOUIS,MO,63131-4806,legal/subdivision context contains ROCK CREEK CATTLE COMPANY; owner field is not a confirmed developer entity; treated as individually owned member/homeowner or other nondeveloper parcel,unrelated,False,2026,1488937,0000860280,Vacant Land,,,"ROCK CREEK CATTLE COMPANY, S34, T09 N, R10 W, Lot 20A, ACRES 9.68, HOME RANCH DEV, PHASE 4, AMENDED PLAT COS 806RB",ROCK CREEK CATTLE COMPANY,Rock Creek Cattle Company / Foley
ROCK CREEK CATTLE COMPANY / FOLEY,28167702101400000,HAGERTY THOMAS M,9.19,Powell,153 BRATTLE ST,,,CAMBRIDGE,MA,02138-2243,legal/subdivision context contains ROCK CREEK CATTLE COMPANY; owner field is not a confirmed developer entity; treated as individually owned member/homeowner or other nondeveloper parcel,unrelated,False,2026,1204349,0000205300,Improved Property,,,"ROCK CREEK CATTLE COMPANY, S02, T08 N, R10 W, Lot 89, ACRES 9.19, HOME RANCH PHASE TWO EAST PLAT C-580",ROCK CREEK CATTLE COMPANY,Rock Creek Cattle Company / Foley
ROCK CREEK CATTLE COMPANY / FOLEY,28167702102010000,HARRIS HUGH R,8.82,Powell,112 CUTTER CT,,,PONTE VEDRA BEACH,FL,32082-1513,legal/subdivision context contains ROCK CREEK CATTLE COMPANY; owner field is not a confirmed developer entity; treated as individually owned member/homeowner or other nondeveloper parcel,unrelated,False,2026,1204431,0000205356,Improved Property,,,"ROCK CREEK CATTLE COMPANY, S02, T08 N, R10 W, Lot 56, ACRES 8.82, HOME RANCH PHASE 2 EAST AMENDED PLAT C-591",ROCK CREEK CATTLE COMPANY,Rock Creek Cattle Company / Foley
ROCK CREEK CATTLE COMPANY / FOLEY,28167710301050000,SEYMOUR JASON C,8.82,Powell,PO BOX 1351,,,AMERICAN FORK,UT,84003-6315,legal/subdivision context contains ROCK CREEK CATTLE COMPANY; owner field is not a confirmed developer entity; treated as individually owned member/homeowner or other nondeveloper parcel,unrelated,False,2026,1456059,0000206059,Vacant Land,,,"ROCK CREEK CATTLE COMPANY, S10, T08 N, R10 W, Lot 13A, ACRES 8.82, PER PLAT C-633",ROCK CREEK CATTLE COMPANY,Rock Creek Cattle Company / Foley
ROCK CREEK CATTLE COMPANY / FOLEY,04219932101140000,FOLEY DEBRA L PARKER,8.78,Missoula,10755 CEDAR RIDGE RD,,,MISSOULA,MT,59804-9785,owner-name keyword: FOLEY; Foley surname/RCCC token without entity or address corroboration,unrelated,False,2026,345132,0001750102,Improved Property,,,"S32, T13 N, R20 W, TRACT 18 IN SE4 NE4",,Rock Creek Cattle Company / Foley
ROCK CREEK CATTLE COMPANY / FOLEY,28167704401090000,MISTERTURNER LIMITED PARTNERSHIP,8.13,Powell,228 DOUGLAS DR,,,,,,legal/subdivision context contains ROCK CREEK CATTLE COMPANY; owner field is not a confirmed developer entity; treated as individually owned member/homeowner or other nondeveloper parcel,unrelated,False,2026,1601508,0000206070,Vacant Land,,,"ROCK CREEK CATTLE COMPANY, S04, T08 N, R10 W, Lot 9, ACRES 8.13, HOME RANCH DEV PH 6 PER PLAT C-636",ROCK CREEK CATTLE COMPANY,Rock Creek Cattle Company / Foley
ROCK CREEK CATTLE COMPANY / FOLEY,28167702401550000,BOYD PATRICK KELLY TRUSTEE &,7.83,Powell,4 VASCO DR,,,MILL VALLEY,CA,94941-1428,legal/subdivision context contains ROCK CREEK CATTLE COMPANY; owner field is not a confirmed developer entity; treated as individually owned member/homeowner or other nondeveloper parcel,unrelated,False,2026,1204363,0000860468,Vacant Land,,,"ROCK CREEK CATTLE COMPANY, S02, T08 N, R10 W, Lot 81, ACRES 7.83, HOME RANCH PHASE 2 EAST PLAT C-591",ROCK CREEK CATTLE COMPANY,Rock Creek Cattle Company / Foley
ROCK CREEK CATTLE COMPANY / FOLEY,28167711101050000,WILLIAMS CHRISTOPHER J B & KRISTINE C TRUSTEES,7.69,Powell,PO BOX 2708,,,NAPLES,FL,34106-2708,legal/subdivision context contains ROCK CREEK CATTLE COMPANY; owner field is not a confirmed developer entity; treated as individually owned member/homeowner or other nondeveloper parcel,unrelated,False,2026,1204368,0000205378,Improved Property,,,"ROCK CREEK CATTLE COMPANY, S11, T08 N, R10 W, Lot 74A, ACRES 7.69, HOME RANCH DEV, PHASE 2 EAST, PLAT C-580",ROCK CREEK CATTLE COMPANY,Rock Creek Cattle Company / Foley
ROCK CREEK CATTLE COMPANY / FOLEY,28167710301100000,PAR 5 RANCH LLC,7.62,Powell,101 S 108TH AVE STE 2,,,OMAHA,NE,68154-2654,legal/subdivision context contains ROCK CREEK CATTLE COMPANY; owner field is not a confirmed developer entity; treated as individually owned member/homeowner or other nondeveloper parcel,unrelated,False,2026,1456058,0000205380,Improved Property,,,"ROCK CREEK CATTLE COMPANY, S10, T08 N, R10 W, Lot 12, ACRES 7.62, HOME RANCH DEV, PHASE 3, PLAT C-593",ROCK CREEK CATTLE COMPANY,Rock Creek Cattle Company / Foley
ROCK CREEK CATTLE COMPANY / FOLEY,28167703302650000,CADENCE INTERESTS LLC,7.15,Powell,1300 MEADOWBROOK RD STE 202,,,JACKSON,MS,39211-6376,legal/subdivision context contains ROCK CREEK CATTLE COMPANY; owner field is not a confirmed developer entity; treated as individually owned member/homeowner or other nondeveloper parcel,unrelated,False,2026,1520202,0000206065,Vacant Land,,,"ROCK CREEK CATTLE COMPANY, S03, T08 N, R10 W, Lot 1, ACRES 7.15, HOME RANCH DEV PH 6 PER PLAT C-636",ROCK CREEK CATTLE COMPANY,Rock Creek Cattle Company / Foley
ROCK CREEK CATTLE COMPANY / FOLEY,28167710204010000,COELPETHANY LLC,6.74,Powell,2110 OAK AVE,,,COLUMBUS,GA,31906-1436,legal/subdivision context contains ROCK CREEK CATTLE COMPANY; owner field is not a confirmed developer entity; treated as individually owned member/homeowner or other nondeveloper parcel,unrelated,False,2026,1456063,0000206056,Improved Property,,,"ROCK CREEK CATTLE COMPANY, S10, T08 N, R10 W, Lot 19A, ACRES 6.74, HOME RANCH DEV, PHASE 3, PLAT C-633",ROCK CREEK CATTLE COMPANY,Rock Creek Cattle Company / Foley
ROCK CREEK CATTLE COMPANY / FOLEY,28167702101350000,WOODS TODD & JENNIFER,6.67,Powell,100 E CHAMBORD DR NW,,,ATLANTA,GA,30327,legal/subdivision context contains ROCK CREEK CATTLE COMPANY; owner field is not a confirmed developer entity; treated as individually owned member/homeowner or other nondeveloper parcel,unrelated,False,2026,1204348,0000205387,Improved Property,,,"ROCK CREEK CATTLE COMPANY, S02, T08 N, R10 W, Lot 88, ACRES 6.67, HOME RANCH PHASE 2 EAST PLAT C-580",ROCK CREEK CATTLE COMPANY,Rock Creek Cattle Company / Foley
ROCK CREEK CATTLE COMPANY / FOLEY,28167710203050000,MILLER DAVID B TRUSTEE,6.64,Powell,4143 MAPLE AVE STE 500,,,DALLAS,TX,75219-3294,legal/subdivision context contains ROCK CREEK CATTLE COMPANY; owner field is not a confirmed developer entity; treated as individually owned member/homeowner or other nondeveloper parcel,unrelated,False,2026,1456068,0000206054,Vacant Land,,,"ROCK CREEK CATTLE COMPANY, S10, T08 N, R10 W, Lot 24A, ACRES 6.64, PER PLAT C-633",ROCK CREEK CATTLE COMPANY,Rock Creek Cattle Company / Foley
ROCK CREEK CATTLE COMPANY / FOLEY,28167703302300000,DAVID B MILLER MANAGEMENT TRUST &,6.53,Powell,4143 MAPLE AVE STE 500,,,DALLAS,TX,75219-3294,legal/subdivision context contains ROCK CREEK CATTLE COMPANY; owner field is not a confirmed developer entity; treated as individually owned member/homeowner or other nondeveloper parcel,unrelated,False,2026,1455904,0000703452,Improved Property,,MILLER DAVID B TRUSTEE,"ROCK CREEK CATTLE COMPANY, S03, T08 N, R10 W, Lot 50A, ACRES 6.53, PER PLAT C-629",ROCK CREEK CATTLE COMPANY,Rock Creek Cattle Company / Foley
ROCK CREEK CATTLE COMPANY / FOLEY,28167710103050000,25 LLC,6.45,Powell,11448 OPAL SPRINGS WAY,,,LAS VEGAS,NV,89135-3421,legal/subdivision context contains ROCK CREEK CATTLE COMPANY; owner field is not a confirmed developer entity; treated as individually owned member/homeowner or other nondeveloper parcel,unrelated,False,2026,1456056,0000706499,Vacant Land,,,"ROCK CREEK CATTLE COMPANY, S10, T08 N, R10 W, Lot 10, ACRES 6.45, HOME RANCH DEV, PHASE 3, PLAT C-593",ROCK CREEK CATTLE COMPANY,Rock Creek Cattle Company / Foley
ROCK CREEK CATTLE COMPANY / FOLEY,28167702102150000,CORONA 50 LP,6.2,Powell,1240 NEXT STEP DR,,,DRIFTWOOD,TX,78619-2234,legal/subdivision context contains ROCK CREEK CATTLE COMPANY; owner field is not a confirmed developer entity; treated as individually owned member/homeowner or other nondeveloper parcel,unrelated,False,2026,1204434,0000205359,Improved Property,,,"ROCK CREEK CATTLE COMPANY, S02, T08 N, R10 W, Lot 59, ACRES 6.2, HOME RANCH PHASE 2 EAST PLAT C-580",ROCK CREEK CATTLE COMPANY,Rock Creek Cattle Company / Foley
ROCK CREEK CATTLE COMPANY / FOLEY,03092707486010000,JAY FOLEY PROPERTIES LLC,6.0,Yellowstone,2612 CASTLE PINES CIRCLE,,,BILLINGS,MT,59101-3200,owner-name keyword: FOLEY; Foley surname/RCCC token without entity or address corroboration,unrelated,False,2026,221261,000A284920,Improved Property,,,"TRILLIUM SUBD, S07, T01 S, R26 E, BLOCK 2, Lot 1",TRILLIUM SUBD,Rock Creek Cattle Company / Foley
ROCK CREEK CATTLE COMPANY / FOLEY,28167702401200000,WILSON WILLIAM B TRUSTEE,5.56,Powell,2660 EASTCHASE LN STE 100,,,MONTGOMERY,AL,36117-7024,legal/subdivision context contains ROCK CREEK CATTLE COMPANY; owner field is not a confirmed developer entity; treated as individually owned member/homeowner or other nondeveloper parcel,unrelated,False,2026,1204355,0000205891,Improved Property,,,"ROCK CREEK CATTLE COMPANY, S02, T08 N, R10 W, ACRES 5.56, HOME RANCH PHASE TWO EAST PLAT C-580 LOT 63",ROCK CREEK CATTLE COMPANY,Rock Creek Cattle Company / Foley
ROCK CREEK CATTLE COMPANY / FOLEY,28167710103010000,25 LLC,5.48,Powell,11448 OPAL SPRINGS WAY,,,LAS VEGAS,NV,89135-3421,legal/subdivision context contains ROCK CREEK CATTLE COMPANY; owner field is not a confirmed developer entity; treated as individually owned member/homeowner or other nondeveloper parcel,unrelated,False,2026,1456057,0000706499,Vacant Land,,,"ROCK CREEK CATTLE COMPANY, S10, T08 N, R10 W, Lot 11, ACRES 5.48, HOME RANCH DEV, PHASE 3, PLAT C-593",ROCK CREEK CATTLE COMPANY,Rock Creek Cattle Company / Foley
ROCK CREEK CATTLE COMPANY / FOLEY,28167702401250000,SANSONE NICK,5.21,Powell,468 OLD POLO RUN,,,SAINT LOUIS,MO,63131-4810,legal/subdivision context contains ROCK CREEK CATTLE COMPANY; owner field is not a confirmed developer entity; treated as individually owned member/homeowner or other nondeveloper parcel,unrelated,False,2026,1204356,0000706478,Vacant Land,,,"ROCK CREEK CATTLE COMPANY, S02, T08 N, R10 W, ACRES 5.21, HOME RANCH PHASE TWO EAST PLAT C-580 LOT 64",ROCK CREEK CATTLE COMPANY,Rock Creek Cattle Company / Foley
ROCK CREEK CATTLE COMPANY / FOLEY,28167702401350000,CARROLL JOHN J III TRUSTEE,5.17,Powell,64 OVERHILLS DR,,,SAINT LOUIS,MO,63124-1532,legal/subdivision context contains ROCK CREEK CATTLE COMPANY; owner field is not a confirmed developer entity; treated as individually owned member/homeowner or other nondeveloper parcel,unrelated,False,2026,1204358,0000706473,Vacant Land,,,"ROCK CREEK CATTLE COMPANY, S02, T08 N, R10 W, Lot 66, ACRES 5.17, HOME RANCH PHASE TWO EAST PLAT C-580",ROCK CREEK CATTLE COMPANY,Rock Creek Cattle Company / Foley
ROCK CREEK CATTLE COMPANY / FOLEY,13136705301040000,FOLEY RICHARD & KIMBERLY & LINDA,5.09,Ravalli,465 FOLEY LN,,,HAMILTON,MT,59840-9025,owner-name keyword: FOLEY; Foley surname/RCCC token without entity or address corroboration,unrelated,False,2026,1600994,0000656560,Improved Property,,,"S05, T05 N, R20 W, ACRES 5.09, IN SWSW INDEX 36 CS #768253-F PARCEL A",,Rock Creek Cattle Company / Foley
ROCK CREEK CATTLE COMPANY / FOLEY,28167710103200000,MARTINEZ JON D & SHERYL TRUSTEES,5.07,Powell,2115 VIA GAVILAN,,,SAN CLEMENTE,CA,92673-5641,legal/subdivision context contains ROCK CREEK CATTLE COMPANY; owner field is not a confirmed developer entity; treated as individually owned member/homeowner or other nondeveloper parcel,unrelated,False,2026,1456054,0000706487,Vacant Land,,,"ROCK CREEK CATTLE COMPANY, S10, T08 N, R10 W, Lot 8, ACRES 5.07, HOME RANCH DEV, PHASE 3, PLAT C-593",ROCK CREEK CATTLE COMPANY,Rock Creek Cattle Company / Foley
ROCK CREEK CATTLE COMPANY / FOLEY,28167709103150000,WOOLVERTON SEAN & ERICA TRUSTEES,5.05,Powell,1081 LONG SHOALS PT,,,GREENSBORO,GA,30642-5073,legal/subdivision context contains ROCK CREEK CATTLE COMPANY; owner field is not a confirmed developer entity; treated as individually owned member/homeowner or other nondeveloper parcel,unrelated,False,2026,1623423,0000706550,Vacant Land,,,"ROCK CREEK CATTLE COMPANY HOME RANCH DEVELOPMENT PHASE 3A, S09, T08 N, R10 W, Lot 5, ACRES 5.05, PLAT C-647",ROCK CREEK CATTLE COMPANY HOME RANCH DEVELOPMENT PHASE 3A,Rock Creek Cattle Company / Foley
ROCK CREEK CATTLE COMPANY / FOLEY,28167710104010000,HARPOLE JORDAN J &,4.96,Powell,405 MONARCH BAY DR,,,DANA POINT,CA,92629-3404,legal/subdivision context contains ROCK CREEK CATTLE COMPANY; owner field is not a confirmed developer entity; treated as individually owned member/homeowner or other nondeveloper parcel,unrelated,False,2026,1456050,0000706512,Improved Property,,,"ROCK CREEK CATTLE COMPANY, S10, T08 N, R10 W, Lot 4, ACRES 4.96, HOME RANCH DEV, PHASE 3, PLAT C-593",ROCK CREEK CATTLE COMPANY,Rock Creek Cattle Company / Foley
ROCK CREEK CATTLE COMPANY / FOLEY,28167709101050000,JOHNSON PETER & KENDRA TRUSTEE,4.92,Powell,1100 BUENA VISTA ST,,,SOUTH PASADENA,CA,91030-1708,legal/subdivision context contains ROCK CREEK CATTLE COMPANY; owner field is not a confirmed developer entity; treated as individually owned member/homeowner or other nondeveloper parcel,unrelated,False,2026,1456079,0000206051,Improved Property,,,"ROCK CREEK CATTLE COMPANY, S09, T08 N, R10 W, Lot 33A, ACRES 4.92, PER PLAT C-633",ROCK CREEK CATTLE COMPANY,Rock Creek Cattle Company / Foley
ROCK CREEK CATTLE COMPANY / FOLEY,28167702402050000,DUBOIS DON & NATALIE TRUSTEES,4.84,Powell,20 PINEHURST LN,,,NEWPORT BEACH,CA,92660-5229,legal/subdivision context contains ROCK CREEK CATTLE COMPANY; owner field is not a confirmed developer entity; treated as individually owned member/homeowner or other nondeveloper parcel,unrelated,False,2026,1204366,0000205277,Improved Property,,,"ROCK CREEK CATTLE COMPANY, S02, T08 N, R10 W, Lot 77A, ACRES 4.84, PER PLAT C-632",ROCK CREEK CATTLE COMPANY,Rock Creek Cattle Company / Foley
ROCK CREEK CATTLE COMPANY / FOLEY,28167704401140000,NEBLETT COLIN REED & ABIGAIL BUCHANAN,4.8,Powell,3115 BRYN MAWR DR,,,DALLAS,TX,75225-7724,legal/subdivision context contains ROCK CREEK CATTLE COMPANY; owner field is not a confirmed developer entity; treated as individually owned member/homeowner or other nondeveloper parcel,unrelated,False,2026,1601515,0000206077,Vacant Land,,,"ROCK CREEK CATTLE COMPANY, S04, T08 N, R10 W, Lot 2, ACRES 4.8, HOME RANCH DEV PH 6 PER PLAT C-636",ROCK CREEK CATTLE COMPANY,Rock Creek Cattle Company / Foley
ROCK CREEK CATTLE COMPANY / FOLEY,28167710103100000,MCMACKIN REED R & NICOLE F &,4.79,Powell,106 PINNACLE TRL,,,IRVINE,CA,92618-4815,legal/subdivision context contains ROCK CREEK CATTLE COMPANY; owner field is not a confirmed developer entity; treated as individually owned member/homeowner or other nondeveloper parcel,unrelated,False,2026,1456055,0000206236,Improved Property,,,"ROCK CREEK CATTLE COMPANY, S10, T08 N, R10 W, Lot 9A, ACRES 4.79, PER PLAT C-633",ROCK CREEK CATTLE COMPANY,Rock Creek Cattle Company / Foley
ROCK CREEK CATTLE COMPANY / FOLEY,28167711102010000,WILLIE JACK LLC &,4.67,Powell,3136 204TH CT NE,,,SAMMAMISH,WA,98074-4360,legal/subdivision context contains ROCK CREEK CATTLE COMPANY; owner field is not a confirmed developer entity; treated as individually owned member/homeowner or other nondeveloper parcel,unrelated,False,2026,1204373,0000206095,Vacant Land,,,"ROCK CREEK CATTLE COMPANY, S11, T08 N, R10 W, Lot 67, ACRES 4.67, HOME RANCH DEV, PHASE 2 EAST, PLAT C-580",ROCK CREEK CATTLE COMPANY,Rock Creek Cattle Company / Foley
ROCK CREEK CATTLE COMPANY / FOLEY,28167711102100000,SINGLE BARREL LLC,4.62,Powell,601 FLINT VIEW RD,,,DEER LODGE,MT,59722-8823,legal/subdivision context contains ROCK CREEK CATTLE COMPANY; owner field is not a confirmed developer entity; treated as individually owned member/homeowner or other nondeveloper parcel,unrelated,False,2026,1204370,0000205272,Improved Property,,,"ROCK CREEK CATTLE COMPANY, S11, T08 N, R10 W, Lot 72, ACRES 4.62, HOME RANCH DEV, PHASE 2 EAST, PLAT C-580",ROCK CREEK CATTLE COMPANY,Rock Creek Cattle Company / Foley
ROCK CREEK CATTLE COMPANY / FOLEY,28167702401300000,AMMERMAN DOUGLAS K TRUSTEE &,4.4,Powell,57 EMERALD BAY,,,LAGUNA BEACH,CA,92651,legal/subdivision context contains ROCK CREEK CATTLE COMPANY; owner field is not a confirmed developer entity; treated as individually owned member/homeowner or other nondeveloper parcel,unrelated,False,2026,1204357,0000706740,Improved Property,,,"ROCK CREEK CATTLE COMPANY, S02, T08 N, R10 W, ACRES 4.4, HOME RANCH PHASE TWO EAST PLAT C-580 LOT 65",ROCK CREEK CATTLE COMPANY,Rock Creek Cattle Company / Foley
ROCK CREEK CATTLE COMPANY / FOLEY,28167711203050000,BAILY FINANCIAL GROUP LP,4.3,Powell,6406 E SHIRE WAY,,,LONG BEACH,CA,90815-4742,legal/subdivision context contains ROCK CREEK CATTLE COMPANY; owner field is not a confirmed developer entity; treated as individually owned member/homeowner or other nondeveloper parcel,unrelated,False,2026,1456023,0000706490,Vacant Land,,,"ROCK CREEK CATTLE COMPANY, S11, T08 N, R10 W, Lot 1A, ACRES 4.3, PER PLAT C-633",ROCK CREEK CATTLE COMPANY,Rock Creek Cattle Company / Foley
ROCK CREEK CATTLE COMPANY / FOLEY,28167702401450000,ESREY WILLIAM T JR & ELIZABETH L TRUSTEES,4.3,Powell,685 STONEHOUSE LN,,,MONTECITO,CA,93108-1547,legal/subdivision context contains ROCK CREEK CATTLE COMPANY; owner field is not a confirmed developer entity; treated as individually owned member/homeowner or other nondeveloper parcel,unrelated,False,2026,1204361,0000205325,Vacant Land,,,"ROCK CREEK CATTLE COMPANY, S02, T08 N, R10 W, Lot 80, ACRES 4.3, HOME RANCH PHASE TWO EAST PLAT C-580",ROCK CREEK CATTLE COMPANY,Rock Creek Cattle Company / Foley
ROCK CREEK CATTLE COMPANY / FOLEY,28167710104050000,RICE DAVID JOSEPH & ELAINE ALVA MURPHY,4.27,Powell,3141 RIVERSHORE LN,,,PORT CHARLOTTE,FL,33953-5698,legal/subdivision context contains ROCK CREEK CATTLE COMPANY; owner field is not a confirmed developer entity; treated as individually owned member/homeowner or other nondeveloper parcel,unrelated,False,2026,1456051,0000706492,Vacant Land,,,"ROCK CREEK CATTLE COMPANY, S10, T08 N, R10 W, Lot 5, ACRES 4.27, HOME RANCH DEV, PHASE 3, PLAT C-593",ROCK CREEK CATTLE COMPANY,Rock Creek Cattle Company / Foley
ROCK CREEK CATTLE COMPANY / FOLEY,28177534402010000,HOLLAND C MALCOLM & ANN M,4.17,Powell,11641 WANDER LN,,,DALLAS,TX,75230-3040,legal/subdivision context contains ROCK CREEK CATTLE COMPANY; owner field is not a confirmed developer entity; treated as individually owned member/homeowner or other nondeveloper parcel,unrelated,False,2026,1488934,0000706474,Vacant Land,,,"ROCK CREEK CATTLE COMPANY, S34, T09 N, R10 W, Lot 19A, ACRES 4.17, HOME RANCH DEV, PHASE 4, AMENDED PLAT COS 806RB",ROCK CREEK CATTLE COMPANY,Rock Creek Cattle Company / Foley
ROCK CREEK CATTLE COMPANY / FOLEY,03082218204930000,RIVER RANCH RETREAT HOA,4.152,Yellowstone,100 N 27TH ST,,,BILLINGS,MT,59101-2086,candidate generator only,unrelated,False,2026,1516473,000C167510,Non-Valued with Specials,,FOLEY GROUP LLC,"RIVER RANCH RETREAT SUB (14), S18, T02 S, R25 E, Lot 23A, OPEN SPACE (21)",RIVER RANCH RETREAT SUB (14),Rock Creek Cattle Company / Foley
ROCK CREEK CATTLE COMPANY / FOLEY,28167710201100000,CRONENBOLD DAVID & DEIDRE TRUSTEES OF THE CRONENBOLD FAMILY TRUST,4.15,Powell,763 HOT SPRINGS RD,,,SANTA BARBARA,CA,93108-1106,legal/subdivision context contains ROCK CREEK CATTLE COMPANY; owner field is not a confirmed developer entity; treated as individually owned member/homeowner or other nondeveloper parcel,unrelated,False,2026,1456067,0000706511,Vacant Land,,,"ROCK CREEK CATTLE COMPANY, S10, T08 N, R10 W, Lot 23, ACRES 4.15, HOME RANCH DEV, PHASE 3, PLAT C-593",ROCK CREEK CATTLE COMPANY,Rock Creek Cattle Company / Foley
ROCK CREEK CATTLE COMPANY / FOLEY,28167702102250000,RUNNELS DAVID G,4.13,Powell,5613 CEDAR CREEK DR,,,HOUSTON,TX,77056-2309,legal/subdivision context contains ROCK CREEK CATTLE COMPANY; owner field is not a confirmed developer entity; treated as individually owned member/homeowner or other nondeveloper parcel,unrelated,False,2026,1204351,0000706485,Improved Property,,,"ROCK CREEK CATTLE COMPANY, S02, T08 N, R10 W, Lot 84, ACRES 4.13, HOME RANCH PHASE TWO EAST PLAT C-580",ROCK CREEK CATTLE COMPANY,Rock Creek Cattle Company / Foley
ROCK CREEK CATTLE COMPANY / FOLEY,28167711203150000,BAILY FINANCIAL GROUP LP,4.06,Powell,6406 E SHIRE WAY,,,LONG BEACH,CA,90815-4742,legal/subdivision context contains ROCK CREEK CATTLE COMPANY; owner field is not a confirmed developer entity; treated as individually owned member/homeowner or other nondeveloper parcel,unrelated,False,2026,1456025,0000206061,Improved Property,,,"ROCK CREEK CATTLE COMPANY, S11, T08 N, R10 W, Lot 3A, ACRES 4.06, PER PLAT C-633",ROCK CREEK CATTLE COMPANY,Rock Creek Cattle Company / Foley
ROCK CREEK CATTLE COMPANY / FOLEY,28167711102150000,WILLIEJACK LLC &,4.01,Powell,3136 204TH CT NE,,,SAMMAMISH,WA,98074-4360,legal/subdivision context contains ROCK CREEK CATTLE COMPANY; owner field is not a confirmed developer entity; treated as individually owned member/homeowner or other nondeveloper parcel,unrelated,False,2026,1204371,0000706502,Improved Property,,,"ROCK CREEK CATTLE COMPANY, S11, T08 N, R10 W, Lot 78, ACRES 4.01, HOME RANCH DEV, PHASE 2 EAST, PLAT C-580",ROCK CREEK CATTLE COMPANY,Rock Creek Cattle Company / Foley
ROCK CREEK CATTLE COMPANY / FOLEY,28177533403201001,EQUESTRIAN LIFE MT LLC,4.0,Powell,124 W PINE ST,,,MISSOULA,MT,59802-4222,legal/subdivision context contains ROCK CREEK CATTLE COMPANY; owner field is not a confirmed developer entity; treated as individually owned member/homeowner or other nondeveloper parcel,unrelated,False,2026,1523522,0000706518,Vacant Land,,,"ROCK CREEK CATTLE COMPANY, S33, T09 N, R10 W, Lot 5, ACRES 4, WILLOW CREEK HOMESTEAD PLAT C-571, IN LD1712, SPLIT FOR LEVY DISTRICT PURPOSES ONLY",ROCK CREEK CATTLE COMPANY,Rock Creek Cattle Company / Foley
ROCK CREEK CATTLE COMPANY / FOLEY,28167711101100000,WHAREN ROBERT E & MARY BETH,3.9,Powell,120 CUELLO CT UNIT 101,,,PONTE VEDRA BEACH,FL,32082-4088,legal/subdivision context contains ROCK CREEK CATTLE COMPANY; owner field is not a confirmed developer entity; treated as individually owned member/homeowner or other nondeveloper parcel,unrelated,False,2026,1204369,0000703459,Improved Property,,,"ROCK CREEK CATTLE COMPANY, S11, T08 N, R10 W, Lot 73, ACRES 3.9, HOME RANCH DEV, PHASE 2 EAST, PLAT C-580",ROCK CREEK CATTLE COMPANY,Rock Creek Cattle Company / Foley
ROCK CREEK CATTLE COMPANY / FOLEY,28167702401400000,GRAY SARAH K & BRAD,3.89,Powell,781 FLINT VIEW RD,,,DEER LODGE,MT,59722-8822,legal/subdivision context contains ROCK CREEK CATTLE COMPANY; owner field is not a confirmed developer entity; treated as individually owned member/homeowner or other nondeveloper parcel,unrelated,False,2026,1204360,0000706510,Improved Property,,,"ROCK CREEK CATTLE COMPANY, S02, T08 N, R10 W, Lot 79, ACRES 3.89, HOME RANCH PHASE TWO EAST PLAT C-580",ROCK CREEK CATTLE COMPANY,Rock Creek Cattle Company / Foley
ROCK CREEK CATTLE COMPANY / FOLEY,28167704401110000,MISTERTURNER LIMITED PARTNERSHIP,3.77,Powell,228 DOUGLAS DR,,,,,,legal/subdivision context contains ROCK CREEK CATTLE COMPANY; owner field is not a confirmed developer entity; treated as individually owned member/homeowner or other nondeveloper parcel,unrelated,False,2026,1601509,0000206071,Vacant Land,,,"ROCK CREEK CATTLE COMPANY, S04, T08 N, R10 W, Lot 8, ACRES 3.77, HOME RANCH DEV PH 6 PER PLAT C-636",ROCK CREEK CATTLE COMPANY,Rock Creek Cattle Company / Foley
ROCK CREEK CATTLE COMPANY / FOLEY,28167711203100000,BAILY FINANCIAL GROUP LP,3.73,Powell,6406 E SHIRE WAY,,,LONG BEACH,CA,90815-4742,legal/subdivision context contains ROCK CREEK CATTLE COMPANY; owner field is not a confirmed developer entity; treated as individually owned member/homeowner or other nondeveloper parcel,unrelated,False,2026,1456024,0000206062,Vacant Land,,,"ROCK CREEK CATTLE COMPANY, S11, T08 N, R10 W, Lot 2A, ACRES 3.73, PER PLAT C-633",ROCK CREEK CATTLE COMPANY,Rock Creek Cattle Company / Foley
ROCK CREEK CATTLE COMPANY / FOLEY,28167711102050000,MACE FAMILY PROPERTIES MONTANA LLC,3.56,Powell,6035 WINTERTHUR DR,,,ATLANTA,GA,30328-4623,legal/subdivision context contains ROCK CREEK CATTLE COMPANY; owner field is not a confirmed developer entity; treated as individually owned member/homeowner or other nondeveloper parcel,unrelated,False,2026,1204372,0000703451,Improved Property,,,"ROCK CREEK CATTLE COMPANY, S11, T08 N, R10 W, Lot 71, ACRES 3.56, HOME RANCH DEV, PHASE 2 EAST, PLAT C-580",ROCK CREEK CATTLE COMPANY,Rock Creek Cattle Company / Foley
ROCK CREEK CATTLE COMPANY / FOLEY,28167709101300000,APPLEBY ROBERT B & CARA C,3.49,Powell,4232 SAN GABRIEL DR,,,DALLAS,TX,75229-4128,legal/subdivision context contains ROCK CREEK CATTLE COMPANY; owner field is not a confirmed developer entity; treated as individually owned member/homeowner or other nondeveloper parcel,unrelated,False,2026,1456084,0000706489,Vacant Land,,,"ROCK CREEK CATTLE COMPANY, S09, T08 N, R10 W, Lot 17, ACRES 3.49, HOME RANCH DEV, PHASE 3, PLAT C-593",ROCK CREEK CATTLE COMPANY,Rock Creek Cattle Company / Foley
ROCK CREEK CATTLE COMPANY / FOLEY,28167702402100000,STR MONTANA LLC,3.48,Powell,PO BOX 1687,,,BELLFLOWER,CA,90707-1687,legal/subdivision context contains ROCK CREEK CATTLE COMPANY; owner field is not a confirmed developer entity; treated as individually owned member/homeowner or other nondeveloper parcel,unrelated,False,2026,1204367,0000703468,Improved Property,,,"ROCK CREEK CATTLE COMPANY, S02, T08 N, R10 W, Lot 76, ACRES 3.48, HOME RANCH PHASE TWO EAST PLAT C-580",ROCK CREEK CATTLE COMPANY,Rock Creek Cattle Company / Foley
ROCK CREEK CATTLE COMPANY / FOLEY,28167710103300000,HAAS-BRENES MICHELLE TRUSTEE &,3.47,Powell,1349 DILEVANTE DR,,,HENDERSON,NV,89052-4151,legal/subdivision context contains ROCK CREEK CATTLE COMPANY; owner field is not a confirmed developer entity; treated as individually owned member/homeowner or other nondeveloper parcel,unrelated,False,2026,1456052,0000706536,Improved Property,,,"ROCK CREEK CATTLE COMPANY, S10, T08 N, R10 W, Lot 6, ACRES 3.47, HOME RANCH DEV, PHASE 3, PLAT C-593",ROCK CREEK CATTLE COMPANY,Rock Creek Cattle Company / Foley
ROCK CREEK CATTLE COMPANY / FOLEY,28167710201200000,SARRAFIAN ZAREH & CARRIE,3.43,Powell,6937 WYNDHAM HILL DR,,,RIVERSIDE,CA,92506-7503,legal/subdivision context contains ROCK CREEK CATTLE COMPANY; owner field is not a confirmed developer entity; treated as individually owned member/homeowner or other nondeveloper parcel,unrelated,False,2026,1456065,0000706491,Improved Property,,,"ROCK CREEK CATTLE COMPANY, S10, T08 N, R10 W, Lot 21, ACRES 3.43, HOME RANCH DEV, PHASE 3, PLAT C-593",ROCK CREEK CATTLE COMPANY,Rock Creek Cattle Company / Foley
ROCK CREEK CATTLE COMPANY / FOLEY,28167710103250000,NEVELL MICHAEL J & SUSAN D TRUSTEES,3.4,Powell,11703 DISCOVERY CANYON DR,,,LAS VEGAS,NV,89135-7928,legal/subdivision context contains ROCK CREEK CATTLE COMPANY; owner field is not a confirmed developer entity; treated as individually owned member/homeowner or other nondeveloper parcel,unrelated,False,2026,1456053,0000706495,Vacant Land,,,"ROCK CREEK CATTLE COMPANY, S10, T08 N, R10 W, Lot 7, ACRES 3.4, HOME RANCH DEV, PHASE 3, PLAT C-593",ROCK CREEK CATTLE COMPANY,Rock Creek Cattle Company / Foley
ROCK CREEK CATTLE COMPANY / FOLEY,28167703105010000,RASCO TODD & CATHY,3.4,Powell,757 PAULY DR,,,DEER LODGE,MT,59722-9640,legal/subdivision context contains ROCK CREEK CATTLE COMPANY; owner field is not a confirmed developer entity; treated as individually owned member/homeowner or other nondeveloper parcel,unrelated,False,2026,1204406,0000205231,Improved Property,,,"ROCK CREEK CATTLE COMPANY, S03, T08 N, R10 W, Lot 31, ACRES 3.4, HOME RANCH DEV PHASE 2 SOUTH, AMENDED PLAT C-584",ROCK CREEK CATTLE COMPANY,Rock Creek Cattle Company / Foley
ROCK CREEK CATTLE COMPANY / FOLEY,28167702401100000,ROY CHARLIE & SHARON TRUSTEES,3.39,Powell,1837 PORT WHEELER PL,,,NEWPORT BEACH,CA,92660-6629,legal/subdivision context contains ROCK CREEK CATTLE COMPANY; owner field is not a confirmed developer entity; treated as individually owned member/homeowner or other nondeveloper parcel,unrelated,False,2026,1204437,0000205362,Vacant Land,,,"ROCK CREEK CATTLE COMPANY, S02, T08 N, R10 W, Lot 62, ACRES 3.39, HOME RANCH PHASE TWO EAST PLAT LOT 62",ROCK CREEK CATTLE COMPANY,Rock Creek Cattle Company / Foley
ROCK CREEK CATTLE COMPANY / FOLEY,28167711101010000,BURZYNSKI MARK A,3.38,Powell,1735 FOREST PARK DR,,,BILLINGS,MT,59102-7950,legal/subdivision context contains ROCK CREEK CATTLE COMPANY; owner field is not a confirmed developer entity; treated as individually owned member/homeowner or other nondeveloper parcel,unrelated,False,2026,1204311,0000205375,Vacant Land,,,"ROCK CREEK CATTLE COMPANY, S11, T08 N, R10 W, Lot 75, ACRES 3.38, HOME RANCH DEV, PHASE 2 EAST, PLAT C-580",ROCK CREEK CATTLE COMPANY,Rock Creek Cattle Company / Foley
ROCK CREEK CATTLE COMPANY / FOLEY,28167703401050000,EHIKIAN FAMILY REVOCABLE INTER VIVOS TRUST,3.37,Powell,296 ATHERTON AVE,,,ATHERTON,CA,94027-5437,legal/subdivision context contains ROCK CREEK CATTLE COMPANY; owner field is not a confirmed developer entity; treated as individually owned member/homeowner or other nondeveloper parcel,unrelated,False,2026,1204399,0000205224,Improved Property,,EHIKIAN BRADLEY R TRUSTEE,"ROCK CREEK CATTLE COMPANY, S03, T08 N, R10 W, Lot 24, ACRES 3.37, PLAT C-583,  HOME RANCH DEV PHASE 2 SOUTH",ROCK CREEK CATTLE COMPANY,Rock Creek Cattle Company / Foley
ROCK CREEK CATTLE COMPANY / FOLEY,07396714301020000,FOLEY ROGER & STACY J,3.28,Flathead,101 MANY LAKES DR,,,KALISPELL,MT,59901-8390,owner-name keyword: FOLEY; Foley surname/RCCC token without entity or address corroboration,unrelated,False,2026,1637006,0000510892,Improved Property,,,"MANY LAKES SUB, S14, T28 N, R20 W, Lot 2, ACRES 3.28",MANY LAKES SUB,Rock Creek Cattle Company / Foley
ROCK CREEK CATTLE COMPANY / FOLEY,28167704401180000,STIVERS MATTHEW & SARAH TRUSTEES OF THE STIVERS FAMILY TRUST,3.26,Powell,2331 GILBERT AVE,,,MISSOULA,MT,59802-3502,legal/subdivision context contains ROCK CREEK CATTLE COMPANY; owner field is not a confirmed developer entity; treated as individually owned member/homeowner or other nondeveloper parcel,unrelated,False,2026,1601513,0000206075,Vacant Land,,,"ROCK CREEK CATTLE COMPANY, S04, T08 N, R10 W, Lot 4, ACRES 3.26, HOME RANCH DEV PH 6 PER PLAT C-636",ROCK CREEK CATTLE COMPANY,Rock Creek Cattle Company / Foley
ROCK CREEK CATTLE COMPANY / FOLEY,10044910101010000,GROVE KENNETH D & FOLEY ELIZABETH A (RLE),3.23,Carbon,1 DERUDDER RD,,,BRIDGER,MT,59014-9572,owner-name keyword: FOLEY; Foley surname/RCCC token without entity or address corroboration,unrelated,False,2026,45021,0001415202,Improved Property,,,"S10, T06 S, R23 E, TR A COS 1174 2ND AM",,Rock Creek Cattle Company / Foley
ROCK CREEK CATTLE COMPANY / FOLEY,03113427211050000,"FOLEY, JAMES R",3.16,Yellowstone,5002 MCINTYRE DR,,,BILLINGS,MT,59105-5022,owner-name keyword: FOLEY; Foley surname/RCCC token without entity or address corroboration,unrelated,False,2026,257878,000D076230,Improved Property,,,"S27, T02 N, R27 E, C.O.S. 1129, PARCEL 6",,Rock Creek Cattle Company / Foley
ROCK CREEK CATTLE COMPANY / FOLEY,28167702401050000,REEDY CHRISTOPHER J & BRIGITTE TRUSTEES,3.14,Powell,404 DRY GULCH WAY,,,DEER LODGE,MT,59722,legal/subdivision context contains ROCK CREEK CATTLE COMPANY; owner field is not a confirmed developer entity; treated as individually owned member/homeowner or other nondeveloper parcel,unrelated,False,2026,1204436,0000205361,Improved Property,,,"ROCK CREEK CATTLE COMPANY, S02, T08 N, R10 W, Lot 61, ACRES 3.14, HOME RANCH PHASE TWO EAST PLAT C-580",ROCK CREEK CATTLE COMPANY,Rock Creek Cattle Company / Foley
ROCK CREEK CATTLE COMPANY / FOLEY,28167710201150000,CRONENBOLD DAVID TRUSTEE &,3.02,Powell,763 HOT SPRINGS ROAD,,,SANTA BARBARA,CA,91308,legal/subdivision context contains ROCK CREEK CATTLE COMPANY; owner field is not a confirmed developer entity; treated as individually owned member/homeowner or other nondeveloper parcel,unrelated,False,2026,1456066,0000206057,Vacant Land,,,"ROCK CREEK CATTLE COMPANY, S10, T08 N, R10 W, Lot 22A, ACRES 3.02, PER PLAT C-633",ROCK CREEK CATTLE COMPANY,Rock Creek Cattle Company / Foley
ROCK CREEK CATTLE COMPANY / FOLEY,28167703201160000,HAMMETT ROBERT L & HILARY J,3.01,Powell,1621 E WESTMINSTER LN,,,SPOKANE,WA,99223-6710,legal/subdivision context contains ROCK CREEK CATTLE COMPANY; owner field is not a confirmed developer entity; treated as individually owned member/homeowner or other nondeveloper parcel,unrelated,False,2026,1601155,0000206046,Vacant Land,,,"ROCK CREEK CATTLE COMPANY, S03, T08 N, R10 W, Lot 3A, ACRES 3.01, PER PLAT C-630",ROCK CREEK CATTLE COMPANY,Rock Creek Cattle Company / Foley
ROCK CREEK CATTLE COMPANY / FOLEY,28167703201120000,WHITE STEWART & MICHELE,2.99,Powell,3626 ROCKCREEK RD,,,SANTA BARBARA,CA,93105-2559,legal/subdivision context contains ROCK CREEK CATTLE COMPANY; owner field is not a confirmed developer entity; treated as individually owned member/homeowner or other nondeveloper parcel,unrelated,False,2026,1601157,0000206047,Improved Property,,,"ROCK CREEK CATTLE COMPANY, S03, T08 N, R10 W, Lot 5A, ACRES 2.99, PER PLAT C-630",ROCK CREEK CATTLE COMPANY,Rock Creek Cattle Company / Foley
ROCK CREEK CATTLE COMPANY / FOLEY,51168708401030000,FOLEY STEPHEN M & KELLEY M,2.89,Jefferson,61 BRANFORD DR UNIT B,,,GALLATIN GATEWAY,MT,59730-1534,owner-name keyword: FOLEY; Foley surname/RCCC token without entity or address corroboration,unrelated,False,2026,1619221,00000A5507,Vacant Land,,,"S08, T08 N, R03 W, C.O.S. 284984 F1135A, PARCEL A1-A2, ACRES 2.89",,Rock Creek Cattle Company / Foley
ROCK CREEK CATTLE COMPANY / FOLEY,51168708401130000,FOLEY KEITH A CUSTODIAN FOR FOLEY KAMDYN,2.86,Jefferson,24 SHINGLE BUTTE RD,,,CLANCY,MT,59634-9667,owner-name keyword: FOLEY; Foley surname/RCCC token without entity or address corroboration,unrelated,False,2026,1619226,00000A5512,Vacant Land,,,"S08, T08 N, R03 W, C.O.S. 284984 F1135A, PARCEL A1-A7, ACRES 2.86",,Rock Creek Cattle Company / Foley
ROCK CREEK CATTLE COMPANY / FOLEY,28167710201250000,GREALISH JOSEPH W & KATHERINE T,2.86,Powell,1103 CANDLELIGHT LN,,,HOUSTON,TX,77018-2005,legal/subdivision context contains ROCK CREEK CATTLE COMPANY; owner field is not a confirmed developer entity; treated as individually owned member/homeowner or other nondeveloper parcel,unrelated,False,2026,1631061,0000706736,Improved Property,,,"ROCK CREEK CATTLE COMPANY, S10, T08 N, R10 W, Lot 1, ACRES 2.86, HOME RANCH DEVELOPMENT PHASE 3B, PLAT C-657",ROCK CREEK CATTLE COMPANY,Rock Creek Cattle Company / Foley
ROCK CREEK CATTLE COMPANY / FOLEY,51168708401090000,FOLEY KEITH A CUSTODIAN FOR FOLEY GRAYSEN,2.85,Jefferson,24 SHINGLE BUTTE RD,,,CLANCY,MT,59634-9667,owner-name keyword: FOLEY; Foley surname/RCCC token without entity or address corroboration,unrelated,False,2026,1619224,00000A5510,Vacant Land,,,"S08, T08 N, R03 W, C.O.S. 284984 F1135A, PARCEL A1-A5, ACRES 2.85",,Rock Creek Cattle Company / Foley
ROCK CREEK CATTLE COMPANY / FOLEY,51168708401070000,FOLEY KEITH A CUSTODIAN FOR FOLEY KENDALL,2.85,Jefferson,24 SHINGLE BUTTE RD,,,CLANCY,MT,59634-9667,owner-name keyword: FOLEY; Foley surname/RCCC token without entity or address corroboration,unrelated,False,2026,1619223,00000A5509,Vacant Land,,,"S08, T08 N, R03 W, C.O.S. 284984 F1135A, PARCEL A1-A4, ACRES 2.85",,Rock Creek Cattle Company / Foley
ROCK CREEK CATTLE COMPANY / FOLEY,51168708401050000,FOLEY PATRICIA,2.81,Jefferson,3044 ARENDELLE DR,,,E HELENA,MT,59635,owner-name keyword: FOLEY; Foley surname/RCCC token without entity or address corroboration,unrelated,False,2026,1619222,00000A5508,Vacant Land,,,"S08, T08 N, R03 W, C.O.S. 284984 F1135A, PARCEL A1-A3, ACRES 2.81",,Rock Creek Cattle Company / Foley
ROCK CREEK CATTLE COMPANY / FOLEY,28167703201180000,HAMMETT ROBERT L & HILARY J,2.8,Powell,1621 E WESTMINSTER LN,,,SPOKANE,WA,99223-6710,legal/subdivision context contains ROCK CREEK CATTLE COMPANY; owner field is not a confirmed developer entity; treated as individually owned member/homeowner or other nondeveloper parcel,unrelated,False,2026,1601156,0000206045,Improved Property,,,"ROCK CREEK CATTLE COMPANY, S03, T08 N, R10 W, Lot 4A, ACRES 2.8, PER PLAT C-630",ROCK CREEK CATTLE COMPANY,Rock Creek Cattle Company / Foley
ROCK CREEK CATTLE COMPANY / FOLEY,28167702401010000,PATTERSON WILLIAM R III & TIFFANI,2.6,Powell,5804 SUMMERFIELD DR,,,TEXARKANA,TX,75503-4305,legal/subdivision context contains ROCK CREEK CATTLE COMPANY; owner field is not a confirmed developer entity; treated as individually owned member/homeowner or other nondeveloper parcel,unrelated,False,2026,1204435,0000205360,Improved Property,,,"ROCK CREEK CATTLE COMPANY, S02, T08 N, R10 W, Lot 60, ACRES 2.6, HOME RANCH PHASE TWO EAST AMENDED PLAT C-591",ROCK CREEK CATTLE COMPANY,Rock Creek Cattle Company / Foley
ROCK CREEK CATTLE COMPANY / FOLEY,28167704401200000,CRONENBOLD DAVID & DEIDRE TRUSTEES OF THE CRONENBOLD FAMILY TRUST,2.59,Powell,763 HOT SPRINGS RD,,,SANTA BARBARA,CA,93108-1106,legal/subdivision context contains ROCK CREEK CATTLE COMPANY; owner field is not a confirmed developer entity; treated as individually owned member/homeowner or other nondeveloper parcel,unrelated,False,2026,1601512,0000206074,Vacant Land,,,"ROCK CREEK CATTLE COMPANY, S04, T08 N, R10 W, Lot 5, ACRES 2.59, HOME RANCH DEV PH 6 PER PLAT C-636",ROCK CREEK CATTLE COMPANY,Rock Creek Cattle Company / Foley
ROCK CREEK CATTLE COMPANY / FOLEY,51168616201050000,FOLEY MICHAEL I & JANELL K,2.59,Jefferson,8418 N MONTANA AVE,,,HELENA,MT,59602-8320,owner-name keyword: FOLEY; Foley surname/RCCC token without entity or address corroboration,unrelated,False,2026,1100204,0000005337,Improved Property,,,"S16, T08 N, R04 W, ACRES 2.59, M&B TRACT PER BK.101-PG.28, IN E2NW4",,Rock Creek Cattle Company / Foley
ROCK CREEK CATTLE COMPANY / FOLEY,28167703105050000,BELLE STARR RANCH LLC,2.54,Powell,400 E BROOKLYN VILLAGE AVE UNIT 1411,,,CHARLOTTE,NC,28202-3631,legal/subdivision context contains ROCK CREEK CATTLE COMPANY; owner field is not a confirmed developer entity; treated as individually owned member/homeowner or other nondeveloper parcel,unrelated,False,2026,1204407,0000205232,Improved Property,,,"ROCK CREEK CATTLE COMPANY, S03, T08 N, R10 W, Lot 32, ACRES 2.54, HOME RANCH DEV PHASE 2 SOUTH, AMENDED PLAT C-584",ROCK CREEK CATTLE COMPANY,Rock Creek Cattle Company / Foley
ROCK CREEK CATTLE COMPANY / FOLEY,28167703105100000,BAIZE BRIAN & TOBI,2.53,Powell,203 E HIGHLAND DR UNIT A,,,BOERNE,TX,78006-2664,legal/subdivision context contains ROCK CREEK CATTLE COMPANY; owner field is not a confirmed developer entity; treated as individually owned member/homeowner or other nondeveloper parcel,unrelated,False,2026,1204382,0000205233,Vacant Land,,,"ROCK CREEK CATTLE COMPANY, S03, T08 N, R10 W, Lot 33, ACRES 2.53, HOME RANCH DEV PHASE 2 SOUTH, AMENDED PLAT C-584",ROCK CREEK CATTLE COMPANY,Rock Creek Cattle Company / Foley
ROCK CREEK CATTLE COMPANY / FOLEY,05188636301170000,FOLEY AMBER J & JONATHON R,2.454,Lewis and Clark,2541 KAIN QUARRY DR,,,HELENA,MT,59601-6631,owner-name keyword: FOLEY; Foley surname/RCCC token without entity or address corroboration,unrelated,False,2026,511817,0000008357,Improved Property,,,"S36, T10 N, R05 W, C.O.S. 283533, ACRES 2.454, M&B TRACT, IN NW4SW4",,Rock Creek Cattle Company / Foley
ROCK CREEK CATTLE COMPANY / FOLEY,28167710206010000,STAVERT RONALD W TRUSTEE,2.43,Powell,2984 LAKERIDGE DR,,,LOS ANGELES,CA,90068-1808,legal/subdivision context contains ROCK CREEK CATTLE COMPANY; owner field is not a confirmed developer entity; treated as individually owned member/homeowner or other nondeveloper parcel,unrelated,False,2026,1456061,0000706497,Vacant Land,,,"ROCK CREEK CATTLE COMPANY, S10, T08 N, R10 W, Lot 15, ACRES 2.43, HOME RANCH DEV, PHASE 3, PLAT C-593",ROCK CREEK CATTLE COMPANY,Rock Creek Cattle Company / Foley
ROCK CREEK CATTLE COMPANY / FOLEY,28167704401220000,CRONENBOLD DAVID & DEIDRE TRUSTEES,2.41,Powell,763 HOT SPRINGS RD,,,SANTA BARBARA,CA,93108-1106,legal/subdivision context contains ROCK CREEK CATTLE COMPANY; owner field is not a confirmed developer entity; treated as individually owned member/homeowner or other nondeveloper parcel,unrelated,False,2026,1601511,0000206073,Vacant Land,,,"ROCK CREEK CATTLE COMPANY, S04, T08 N, R10 W, Lot 6, ACRES 2.41, HOME RANCH DEV PH 6 PER PLAT C-636",ROCK CREEK CATTLE COMPANY,Rock Creek Cattle Company / Foley
ROCK CREEK CATTLE COMPANY / FOLEY,28167703105150000,MARINE RAYMOND P TRUSTEE,2.39,Powell,20542 AMAPOLA AVE,,,ORANGE,CA,92869-2209,legal/subdivision context contains ROCK CREEK CATTLE COMPANY; owner field is not a confirmed developer entity; treated as individually owned member/homeowner or other nondeveloper parcel,unrelated,False,2026,1204409,0000205234,Improved Property,,,"ROCK CREEK CATTLE COMPANY, S03, T08 N, R10 W, Lot 34, ACRES 2.39, HOME RANCH DEV PHASE 2 SOUTH, AMENDED PLAT C-584",ROCK CREEK CATTLE COMPANY,Rock Creek Cattle Company / Foley
ROCK CREEK CATTLE COMPANY / FOLEY,51168616201100000,FOLEY MICHAEL I & JANELL K,2.36,Jefferson,8418 N MONTANA AVE,,,HELENA,MT,59602-8320,owner-name keyword: FOLEY; Foley surname/RCCC token without entity or address corroboration,unrelated,False,2026,1101400,0000006093,Vacant Land,,,"S16, T08 N, R04 W, ACRES 2.36, M&B TRACT PER BK.105-PG.437, IN NE4NW4",,Rock Creek Cattle Company / Foley
ROCK CREEK CATTLE COMPANY / FOLEY,01109514301550000,FOLEY TOM & ERIN,2.34,Silver Bow,546 WHISPER RIDGE RD,,,BUTTE,MT,59701-7671,owner-name keyword: FOLEY; Foley surname/RCCC token without entity or address corroboration,unrelated,False,2026,1476573,0002783430,Improved Property,,,"HOMESTAKE MEADOWS PHASE 2 SUB, S14, T02 N, R07 W, Lot 34, PLAT 301-B",HOMESTAKE MEADOWS PHASE 2 SUB,Rock Creek Cattle Company / Foley
ROCK CREEK CATTLE COMPANY / FOLEY,28167703103010000,PATTERSON 2011 TRUST,2.31,Powell,15 OAKRIDGE CIR,,,TEXARKANA,TX,75503-1709,legal/subdivision context contains ROCK CREEK CATTLE COMPANY; owner field is not a confirmed developer entity; treated as individually owned member/homeowner or other nondeveloper parcel,unrelated,False,2026,1204394,0000205220,Improved Property,,PATTERSON C CARY TRUSTEE,"ROCK CREEK CATTLE COMPANY, S03, T08 N, R10 W, Lot 20, ACRES 2.31, HOME RANCH DEV PHASE 2 SOUTH, AMENDED PLAT C-584",ROCK CREEK CATTLE COMPANY,Rock Creek Cattle Company / Foley
ROCK CREEK CATTLE COMPANY / FOLEY,05199424302280000,FOLEY KEVIN P & JENNIFER M,2.29,Lewis and Clark,4537 DE SILVA ST,,,FREMONT,CA,94538-2506,owner-name keyword: FOLEY; Foley surname/RCCC token without entity or address corroboration,unrelated,False,2026,535622,0000037629,Improved Property,,,"LAZY JC ACRES MINOR SUBD, S24, T11 N, R04 W, Lot A1B, COS #3058824, IN SW4SW4",LAZY JC ACRES MINOR SUBD,Rock Creek Cattle Company / Foley
ROCK CREEK CATTLE COMPANY / FOLEY,28167709103100000,KOPARANYAN ONIK NICK & JOHANNA,2.2,Powell,26483 W 111TH TER,,,OLATHE,KS,66061-8436,legal/subdivision context contains ROCK CREEK CATTLE COMPANY; owner field is not a confirmed developer entity; treated as individually owned member/homeowner or other nondeveloper parcel,unrelated,False,2026,1623422,0000706549,Vacant Land,,,"ROCK CREEK CATTLE COMPANY HOME RANCH DEVELOPMENT PHASE 3A, S09, T08 N, R10 W, Lot 4, ACRES 2.2, PLAT C-647",ROCK CREEK CATTLE COMPANY HOME RANCH DEVELOPMENT PHASE 3A,Rock Creek Cattle Company / Foley
ROCK CREEK CATTLE COMPANY / FOLEY,28167703401270000,PLATT PETER J & KAREN ANNE TRUSTEES,2.17,Powell,10447 E PALO BREA DR,,,SCOTTSDALE,AZ,85262-3333,legal/subdivision context contains ROCK CREEK CATTLE COMPANY; owner field is not a confirmed developer entity; treated as individually owned member/homeowner or other nondeveloper parcel,unrelated,False,2026,1204388,0000205245,Improved Property,,,"ROCK CREEK CATTLE COMPANY, S03, T08 N, R10 W, Lot 45A, ACRES 2.17, PLAT C-643",ROCK CREEK CATTLE COMPANY,Rock Creek Cattle Company / Foley
ROCK CREEK CATTLE COMPANY / FOLEY,56492714101030000,FOLEY CHRISTOPHER JAY & SARAH AUGUSTA,2.06,Lincoln,5900 WEST KOOTENAI RD,,,REXFORD,MT,59930-9408,owner-name keyword: FOLEY; Foley surname/RCCC token without entity or address corroboration,unrelated,False,2026,1498439,0000055720,Improved Property,,,"S14, T37 N, R28 W, C.O.S. 4069, PARCEL B, ACRES 2.06",,Rock Creek Cattle Company / Foley
ROCK CREEK CATTLE COMPANY / FOLEY,01109510301260000,FOLEY BRYCE KYLE & TAYOR MAE,2.05,Silver Bow,25 AMERICAN DR,,,BUTTE,MT,59701-7139,owner-name keyword: FOLEY; Foley surname/RCCC token without entity or address corroboration,unrelated,False,2026,1470429,0002782490,Improved Property,,,"BUFFALO ESTATES PHASE 1, S10, T02 N, R07 W, Lot 26",BUFFALO ESTATES PHASE 1,Rock Creek Cattle Company / Foley
ROCK CREEK CATTLE COMPANY / FOLEY,06069810404010000,FOLEY SUSAN L,2.0,Gallatin,532 PEMBLE DR,,,COLUMBIA FALLS,MT,59912-9297,owner-name keyword: FOLEY; Foley surname/RCCC token without entity or address corroboration,unrelated,False,2026,624892,00RHG13460,Improved Property,,,"HYALITE FOOTHILLS SUB 1, S10, T03 S, R05 E, Lot 23, ACRES 2, PLAT J-3",HYALITE FOOTHILLS SUB 1,Rock Creek Cattle Company / Foley
ROCK CREEK CATTLE COMPANY / FOLEY,03092707477010000,"JAY FOLEY PROPERTIES, L.L.C.",2.0,Yellowstone,2612 CASTLE PINES CIRCLE,,,BILLINGS,MT,59101-3200,owner-name keyword: FOLEY; Foley surname/RCCC token without entity or address corroboration,unrelated,False,2026,222042,000A291830,Improved Property,,,"TRILLIUM SUBD, S07, T01 S, R26 E, BLOCK 2, Lot 2A, AMND  (99)",TRILLIUM SUBD,Rock Creek Cattle Company / Foley
ROCK CREEK CATTLE COMPANY / FOLEY,28167704401240000,PRYGOCKI MARK A TRUSTEE,1.87,Powell,80 N BIGHORN RD,,,DEER LODGE,MT,59722,legal/subdivision context contains ROCK CREEK CATTLE COMPANY; owner field is not a confirmed developer entity; treated as individually owned member/homeowner or other nondeveloper parcel,unrelated,False,2026,1601510,0000206072,Improved Property,,,"ROCK CREEK CATTLE COMPANY, S04, T08 N, R10 W, Lot 7, ACRES 1.87, HOME RANCH DEV PH 6 PER PLAT C-636",ROCK CREEK CATTLE COMPANY,Rock Creek Cattle Company / Foley
ROCK CREEK CATTLE COMPANY / FOLEY,56482317201130000,FOLEY DWIGHT & TRACY,1.828,Lincoln,PO  BOX 57,,TURNER VALLEY AB,,,,owner-name keyword: FOLEY; Foley surname/RCCC token without entity or address corroboration,unrelated,False,2026,1485089,0000055644,Improved Property,,,"KIOWA HILL PH 1, S17, T36 N, R27 W, Lot 8, ACRES 1.828, PM 7057",KIOWA HILL PH 1,Rock Creek Cattle Company / Foley
ROCK CREEK CATTLE COMPANY / FOLEY,28167709101250000,TOPP JASON J TRUSTEE,1.82,Powell,204 39TH ST,,,MISSOULA,MT,59803-2213,legal/subdivision context contains ROCK CREEK CATTLE COMPANY; owner field is not a confirmed developer entity; treated as individually owned member/homeowner or other nondeveloper parcel,unrelated,False,2026,1456082,0000206228,Improved Property,,,"ROCK CREEK CATTLE COMPANY, S09, T08 N, R10 W, Lot 27, ACRES 1.82, HOME RANCH DEV, PHASE 3, PLAT C-593",ROCK CREEK CATTLE COMPANY,Rock Creek Cattle Company / Foley
ROCK CREEK CATTLE COMPANY / FOLEY,47141006302070000,FOLEY BRUCE L,1.78,Meagher,711 N YELLOWSTONE ST,,,LIVINGSTON,MT,59047-1942,owner-name keyword: FOLEY; Foley surname/RCCC token without entity or address corroboration,unrelated,False,2026,1263852,0000000625,Improved Property,,,"SMITH CREEK CABIN SITES, S06, T05 N, R10 E, Lot 23, ACRES 1.78",SMITH CREEK CABIN SITES,Rock Creek Cattle Company / Foley
ROCK CREEK CATTLE COMPANY / FOLEY,28167704101061001,KIENLE STEVEN C & CATHERINE H TRUSTEES &,1.6,Powell,7269 BODEWIN CT,,,RIVERSIDE,CA,92506-7573,legal/subdivision context contains ROCK CREEK CATTLE COMPANY; owner field is not a confirmed developer entity; treated as individually owned member/homeowner or other nondeveloper parcel,unrelated,False,2026,1523510,0000500915,Vacant Land,,,"ROCK CREEK CATTLE COMPANY, S04, T08 N, R10 W, Lot 6, ACRES 1.6, WILLOW CREEK HOMESTEAD, PLAT C-571, IN LD0718, SPLIT FOR LEVY DISTRICT PURPOSES ONLY",ROCK CREEK CATTLE COMPANY,Rock Creek Cattle Company / Foley
ROCK CREEK CATTLE COMPANY / FOLEY,07396724201090000,FOLEY JEFFREY Y & STEPHANIE B,1.47,Flathead,328 S MANY LAKES DR,,,KALISPELL,MT,59901-8393,owner-name keyword: FOLEY; Foley surname/RCCC token without entity or address corroboration,unrelated,False,2026,450546,0000264906,Vacant Land,,,"MANY LAKES VACATION VILLAGE 2, S24, T28 N, R20 W, Lot 352, ACRES 1.47, ASSR# 0000264906",MANY LAKES VACATION VILLAGE 2,Rock Creek Cattle Company / Foley
ROCK CREEK CATTLE COMPANY / FOLEY,51178524201350000,FOLEY KEITH TRUSTEE,1.381,Jefferson,24 SHINGLE BUTTE RD,,,CLANCY,MT,59634-9667,owner-name keyword: FOLEY; Foley surname/RCCC token without entity or address corroboration,unrelated,False,2026,1104106,0000007918,Improved Property,,,"SADDLE MOUNTAIN ESTATES, S24, T09 N, R03 W, SECTION 3, Lot 14, ACRES 1.381, COS 185188 F530B",SADDLE MOUNTAIN ESTATES,Rock Creek Cattle Company / Foley
ROCK CREEK CATTLE COMPANY / FOLEY,28167703103050000,MEINHARDT ERIKA REVOCABLE TRUST,1.33,Powell,1201 1ST ST N APT 1001,,,JACKSONVILLE BEACH,FL,32250-8217,legal/subdivision context contains ROCK CREEK CATTLE COMPANY; owner field is not a confirmed developer entity; treated as individually owned member/homeowner or other nondeveloper parcel,unrelated,False,2026,1204395,0000205221,Improved Property,,,"ROCK CREEK CATTLE COMPANY, S03, T08 N, R10 W, Lot 21A, ACRES 1.33, HOME RANCH DEV PHASE 2 SOUTH, AMENDED PLAT C-596",ROCK CREEK CATTLE COMPANY,Rock Creek Cattle Company / Foley
ROCK CREEK CATTLE COMPANY / FOLEY,07396724201100000,FOLEY JEFFREY Y & STEPHANIE B,1.281,Flathead,328 S MANY LAKES DR,,,KALISPELL,MT,59901-8393,owner-name keyword: FOLEY; Foley surname/RCCC token without entity or address corroboration,unrelated,False,2026,457387,0000264906,Improved Property,,,"MANY LAKES VACATION VILLAGE 2, S24, T28 N, R20 W, Lot 351, ACRES 1.28, ASSR# 0000264906",MANY LAKES VACATION VILLAGE 2,Rock Creek Cattle Company / Foley
ROCK CREEK CATTLE COMPANY / FOLEY,07396714301030000,FOLEY ROGER & STACY J,1.24,Flathead,101 MANY LAKES DR,,,KALISPELL,MT,59901-8390,owner-name keyword: FOLEY; Foley surname/RCCC token without entity or address corroboration,unrelated,False,2026,477957,0000830026,Improved Property,,,"MANY LAKES SUB, S14, T28 N, R20 W, Lot 1, ACRES 1.24",MANY LAKES SUB,Rock Creek Cattle Company / Foley
ROCK CREEK CATTLE COMPANY / FOLEY,28167703302250000,COWBOY UP ALPINE LLC,1.2,Powell,PO BOX 3809,,,ALPINE,WY,83128-0809,legal/subdivision context contains ROCK CREEK CATTLE COMPANY; owner field is not a confirmed developer entity; treated as individually owned member/homeowner or other nondeveloper parcel,unrelated,False,2026,1455905,0000206038,Vacant Land,,,"ROCK CREEK CATTLE COMPANY, S03, T08 N, R10 W, Lot 51A, ACRES 1.2, PER PLAT C-629",ROCK CREEK CATTLE COMPANY,Rock Creek Cattle Company / Foley
ROCK CREEK CATTLE COMPANY / FOLEY,07429103401800000,RICHTER FOLEY BRITTANY SABRIE,1.2,Flathead,5630 US HIGHWAY 93 W,,,WHITEFISH,MT,59937-8632,owner-name keyword: FOLEY; Foley surname/RCCC token without entity or address corroboration,unrelated,False,2026,487501,0000974972,Improved Property,,,"S03, T31 N, R23 W, COS 8172, TR 4B IN SE4SE4, ASSR# 0974972",,Rock Creek Cattle Company / Foley
ROCK CREEK CATTLE COMPANY / FOLEY,07370005101400000,FOLEY FAMILY REVOCABLE TRUST,1.193,Flathead,203 FOX HILL DR,,,KALISPELL,MT,59901-2506,owner-name keyword: FOLEY; Foley surname/RCCC token without entity or address corroboration,unrelated,False,2026,436136,0000000088,Improved Property,,,"MC GREGOR LAKE EST, S05, T26 N, R25 W, Lot 4, ACRES 1.19, ASSR# 0000000088",MC GREGOR LAKE EST,Rock Creek Cattle Company / Foley
ROCK CREEK CATTLE COMPANY / FOLEY,28167703103100000,ANDERSON DICK & MARGARET FAMILY LMTD,1.18,Powell,1800 LODGEPOLE RD,,,HELENA,MT,59601-5835,legal/subdivision context contains ROCK CREEK CATTLE COMPANY; owner field is not a confirmed developer entity; treated as individually owned member/homeowner or other nondeveloper parcel,unrelated,False,2026,1204396,0000205222,Vacant Land,,,"ROCK CREEK CATTLE COMPANY, S03, T08 N, R10 W, Lot 22A, ACRES 1.18, HOME RANCH DEV PHASE 2 SOUTH, AMENDED PLAT C-596",ROCK CREEK CATTLE COMPANY,Rock Creek Cattle Company / Foley
ROCK CREEK CATTLE COMPANY / FOLEY,28167703302150000,ROSSE PHILIP D TTEE,1.18,Powell,9 W WALTON ST APT 1201,,,CHICAGO,IL,60610-7329,legal/subdivision context contains ROCK CREEK CATTLE COMPANY; owner field is not a confirmed developer entity; treated as individually owned member/homeowner or other nondeveloper parcel,unrelated,False,2026,1455907,0000206043,Vacant Land,,,"ROCK CREEK CATTLE COMPANY, S03, T08 N, R10 W, Lot 53A, ACRES 1.18, PER PLAT C-629",ROCK CREEK CATTLE COMPANY,Rock Creek Cattle Company / Foley
ROCK CREEK CATTLE COMPANY / FOLEY,28167703302050000,ROSSE PHILIP D TRUST,1.15,Powell,9 W WALTON ST APT 1201,,,CHICAGO,IL,60610-7329,legal/subdivision context contains ROCK CREEK CATTLE COMPANY; owner field is not a confirmed developer entity; treated as individually owned member/homeowner or other nondeveloper parcel,unrelated,False,2026,1455909,0000206040,Vacant Land,,,"ROCK CREEK CATTLE COMPANY, S03, T08 N, R10 W, Lot 55A, ACRES 1.15, PER PLAT C-629",ROCK CREEK CATTLE COMPANY,Rock Creek Cattle Company / Foley
ROCK CREEK CATTLE COMPANY / FOLEY,28167703302100000,SHEPPARD SEAN AARON & TANIA ALICE,1.15,Powell,996 PINTLER VIEW RD,,,DEER LODGE,MT,59722-8816,legal/subdivision context contains ROCK CREEK CATTLE COMPANY; owner field is not a confirmed developer entity; treated as individually owned member/homeowner or other nondeveloper parcel,unrelated,False,2026,1455910,0000206041,Improved Property,,,"ROCK CREEK CATTLE COMPANY, S03, T08 N, R10 W, Lot 56A, ACRES 1.15, PER PLAT C-629",ROCK CREEK CATTLE COMPANY,Rock Creek Cattle Company / Foley
ROCK CREEK CATTLE COMPANY / FOLEY,05188921205270000,FOLEY PATRICK & PATRICIA M,1.107,Lewis and Clark,3044 ARENDELLE DR,,,EAST HELENA,MT,59635,owner-name keyword: FOLEY; Foley surname/RCCC token without entity or address corroboration,unrelated,False,2026,1549189,0000047014,Improved Property,,,"CANYON RIDGE SUBD PH 2, S21, T10 N, R02 W, Lot 100, ACRES 1.107, N2, COS #3292364",CANYON RIDGE SUBD PH 2,Rock Creek Cattle Company / Foley
ROCK CREEK CATTLE COMPANY / FOLEY,01109506305150000,FOLEY DANIEL J & AMY A,1.05,Silver Bow,4825 UTAH AVE,,,BUTTE,MT,59701-7010,owner-name keyword: FOLEY; Foley surname/RCCC token without entity or address corroboration,unrelated,False,2026,871526,0000669700,Vacant Land,,,"SUB 23, S06, T02 N, R07 W, BLOCK 23, Lot 14, ADJ E2 VAC FOOTHILL RD (COS 990A-RT)",SUB 23,Rock Creek Cattle Company / Foley
ROCK CREEK CATTLE COMPANY / FOLEY,07418703401070000,FOLEY FAMILY TRUST D & G,1.001,Flathead,850 SPOTTED BEAR RD,,,MARTIN CITY,MT,59926,owner-name keyword: FOLEY; Foley surname/RCCC token without entity or address corroboration,unrelated,False,2026,1455550,0000012561,Improved Property,,FOLEY PATRICK D & VIRGINIA L TRUSTEES,"S03, T30 N, R19 W, C.O.S. 18200, PARCEL 1, TR 3 IN HES 1011, 0000012561",,Rock Creek Cattle Company / Foley
ROCK CREEK CATTLE COMPANY / FOLEY,54252403105080000,FOLEY GLORIA M ESTATE,1.0,Mineral,1253 N 25TH AVE APT 201,,,BOZEMAN,MT,59718-4601,owner-name keyword: FOLEY; Foley surname/RCCC token without entity or address corroboration,unrelated,False,2026,1626052,0000603860,Vacant Land,,,"S03, T16 N, R26 W, C.O.S. 681, ACRES 1, TR 1B",,Rock Creek Cattle Company / Foley
ROCK CREEK CATTLE COMPANY / FOLEY,07418710101070000,FOLEY MARION K,1.0,Flathead,PO BOX 260298,,,MARTIN CITY,MT,59926-0298,owner-name keyword: FOLEY; Foley surname/RCCC token without entity or address corroboration,unrelated,False,2026,461008,0000375325,Improved Property,,,"S10, T30 N, R19 W, TR 1D-HES NO 817 IN 103019 TR 1D-HES NO   817 IN 113019",,Rock Creek Cattle Company / Foley
ROCK CREEK CATTLE COMPANY / FOLEY,05199506409050000,FOLEY MICHAEL I & JANELL K,1.0,Lewis and Clark,8418 N MONTANA AVE,,,HELENA,MT,59602-8320,owner-name keyword: FOLEY; Foley surname/RCCC token without entity or address corroboration,unrelated,False,2026,513819,0000010340,Improved Property,,,"PRAIRIE VIEW ACRES, S06, T11 N, R03 W, Lot 6, COS #289745",PRAIRIE VIEW ACRES,Rock Creek Cattle Company / Foley
ROCK CREEK CATTLE COMPANY / FOLEY,07418703101120000,"FOLEY, KATI M",1.0,Flathead,PO BOX 260159,,,MARTIN CITY,MT,59926-0159,owner-name keyword: FOLEY; Foley surname/RCCC token without entity or address corroboration,unrelated,False,2026,425365,0000982806,Improved Property,,,"S03, T30 N, R19 W, 14812-A, PARCEL N/A, TR 3AB IN HES NO 1011",,Rock Creek Cattle Company / Foley
ROCK CREEK CATTLE COMPANY / FOLEY,04232401401160000,FOLEY STEPHANIE LYNN,0.99,Missoula,12894 BUNCHGRASS LN,,,MISSOULA,MT,59808-9140,owner-name keyword: FOLEY; Foley surname/RCCC token without entity or address corroboration,unrelated,False,2026,361781,0003919706,Improved Property,,,"HAWTHORN SPRINGS, S01, T14 N, R21 W, Lot 18",HAWTHORN SPRINGS,Rock Creek Cattle Company / Foley
ROCK CREEK CATTLE COMPANY / FOLEY,05199708403140000,FOLEY JAMES D & PATRICE KOOGLER,0.982,Lewis and Clark,7581 YORK RD,,,HELENA,MT,59602-9735,owner-name keyword: FOLEY; Foley surname/RCCC token without entity or address corroboration,unrelated,False,2026,525782,0000023675,Improved Property,,,"S08, T11 N, R01 W, M&B TRACT, IN SPRATT PLACER MS 2033    FLEETWOOD  26X60 1993 S/N IDFLP04A15784SR",,Rock Creek Cattle Company / Foley
ROCK CREEK CATTLE COMPANY / FOLEY,01109506305100000,FOLEY DANIEL J & AMY A,0.95,Silver Bow,4825 UTAH AVE,,,BUTTE,MT,59701-7010,owner-name keyword: FOLEY; Foley surname/RCCC token without entity or address corroboration,unrelated,False,2026,870542,0000584800,Improved Property,,,"SUB 23, S06, T02 N, R07 W, BLOCK 23, Lot 3, (COS 990A-RT)",SUB 23,Rock Creek Cattle Company / Foley
ROCK CREEK CATTLE COMPANY / FOLEY,28167703302200000,GREYTAK JOHN P,0.92,Powell,1005 SW HIGGINS AVE,,,MISSOULA,MT,59803-1321,legal/subdivision context contains ROCK CREEK CATTLE COMPANY; owner field is not a confirmed developer entity; treated as individually owned member/homeowner or other nondeveloper parcel,unrelated,False,2026,1455906,0000206039,Vacant Land,,,"ROCK CREEK CATTLE COMPANY, S03, T08 N, R10 W, Lot 52A, ACRES 0.92, PER PLAT C-629",ROCK CREEK CATTLE COMPANY,Rock Creek Cattle Company / Foley
ROCK CREEK CATTLE COMPANY / FOLEY,05188920202360000,FOLEY MELISSA F,0.894,Lewis and Clark,3045 VERMILLION WAY,,,EAST HELENA,MT,59635-3511,owner-name keyword: FOLEY; Foley surname/RCCC token without entity or address corroboration,unrelated,False,2026,1623702,0000049365,Improved Property,,,"RED FOX MEADOWS PHASE 1, S20, T10 N, R02 W, Lot 127-13, ACRES 0.894, COS 3420427",RED FOX MEADOWS PHASE 1,Rock Creek Cattle Company / Foley
ROCK CREEK CATTLE COMPANY / FOLEY,28167703103150000,CAMTINEY 3 LLC,0.89,Powell,2100 124TH AVE NE STE 120,,,BELLEVUE,WA,98005-1934,legal/subdivision context contains ROCK CREEK CATTLE COMPANY; owner field is not a confirmed developer entity; treated as individually owned member/homeowner or other nondeveloper parcel,unrelated,False,2026,1204398,0000205223,Improved Property,,SEVERSON ELLIOTT,"ROCK CREEK CATTLE COMPANY, S03, T08 N, R10 W, Lot 23, ACRES 0.89, HOME RANCH DEV PHASE 2 SOUTH, AMENDED PLAT C-584",ROCK CREEK CATTLE COMPANY,Rock Creek Cattle Company / Foley
ROCK CREEK CATTLE COMPANY / FOLEY,28167703302550000,KFRE ROCK CREEK LLC,0.87,Powell,1655 SPECTRUM DR,,,LAWRENCEVILLE,GA,30043-7875,legal/subdivision context contains ROCK CREEK CATTLE COMPANY; owner field is not a confirmed developer entity; treated as individually owned member/homeowner or other nondeveloper parcel,unrelated,False,2026,1455899,0000206042,Vacant Land,,,"ROCK CREEK CATTLE COMPANY, S03, T08 N, R10 W, Lot 45A, ACRES 0.87, PER PLAT C-629",ROCK CREEK CATTLE COMPANY,Rock Creek Cattle Company / Foley
ROCK CREEK CATTLE COMPANY / FOLEY,07383524303200000,FOLEY FAMILY TRUST DAVID & JENNIFER,0.841,Flathead,12 REDTAIL RDG,,,BIGFORK,MT,59911-6283,owner-name keyword: FOLEY; Foley surname/RCCC token without entity or address corroboration,unrelated,False,2026,446330,0000008999,Improved Property,,FOLEY DAVID & JENNIFER LEE TRUSTEES,"THE RIDGES PH 1, S24, T27 N, R20 W, Lot 6, ASSR #0000008999",THE RIDGES PH 1,Rock Creek Cattle Company / Foley
ROCK CREEK CATTLE COMPANY / FOLEY,07396501302120000,FOLEY BRENT A & ALEXX D,0.837,Flathead,178 CHEVIOT LOOP,,,KALISPELL,MT,59901-2505,owner-name keyword: FOLEY; Foley surname/RCCC token without entity or address corroboration,unrelated,False,2026,472658,0000662560,Improved Property,,,"MEADOWLAND UNIT 2, S01, T28 N, R22 W, Lot 006",MEADOWLAND UNIT 2,Rock Creek Cattle Company / Foley
ROCK CREEK CATTLE COMPANY / FOLEY,25051032101180000,FOLEY JAMES PATRICK,0.714,Madison,PO BOX 477,,,GIRDWOOD,AK,99587-0477,owner-name keyword: FOLEY; Foley surname/RCCC token without entity or address corroboration,unrelated,False,2026,918374,0027244216,Improved Property,,,"VALLEY GARDEN GOLF VILLAGE, S32, T05 S, R01 W, Lot 80, ACRES 0.714, & INTEREST IN COMMON AREA 4/259",VALLEY GARDEN GOLF VILLAGE,Rock Creek Cattle Company / Foley
ROCK CREEK CATTLE COMPANY / FOLEY,04219927103090000,FOLEY JAMES P,0.676,Missoula,8223 KINGFISHER PL,,,MISSOULA,MT,59804-9425,owner-name keyword: FOLEY; Foley surname/RCCC token without entity or address corroboration,unrelated,False,2026,364567,0004205784,Improved Property,,,"RIVER PINES ESTATES, S27, T13 N, R20 W, Lot 13",RIVER PINES ESTATES,Rock Creek Cattle Company / Foley
ROCK CREEK CATTLE COMPANY / FOLEY,05199532314030000,FOLEY RYAN,0.614,Lewis and Clark,1424 HILMEN RD,,,HELENA,MT,59602-6613,owner-name keyword: FOLEY; Foley surname/RCCC token without entity or address corroboration,unrelated,False,2026,514914,0000011470,Improved Property,,,"VANDENBERGH VILLAGE EAST SUBD, S32, T11 N, R03 W, Lot 46, COS #133923 IN NE4SW4",VANDENBERGH VILLAGE EAST SUBD,Rock Creek Cattle Company / Foley
ROCK CREEK CATTLE COMPANY / FOLEY,04209235207070000,FOLEY KATHERINE G,0.6,Missoula,PO BOX 801,,,LOLO,MT,59847-0801,owner-name keyword: FOLEY; Foley surname/RCCC token without entity or address corroboration,unrelated,False,2026,326478,0000015707,Improved Property,,,"HUGHES ADDITION, S35, T12 N, R20 W, BLOCK 1, Lot 7",HUGHES ADDITION,Rock Creek Cattle Company / Foley
ROCK CREEK CATTLE COMPANY / FOLEY,03092616108250000,"FOLEY, JASON RUSSELL & KHUANMANY",0.587,Yellowstone,8855 LONGMEADOW DR,,,BILLINGS,MT,59106-4627,owner-name keyword: FOLEY; Foley surname/RCCC token without entity or address corroboration,unrelated,False,2026,1541855,000C170950,Improved Property,,,"DIAMOND FALLS SUBD (16), S16, T01 S, R25 E, BLOCK 7, Lot 10",DIAMOND FALLS SUBD (16),Rock Creek Cattle Company / Foley
ROCK CREEK CATTLE COMPANY / FOLEY,25051032101170000,FOLEY JAMES PATRICK,0.532,Madison,PO BOX 477,,,GIRDWOOD,AK,99587-0477,owner-name keyword: FOLEY; Foley surname/RCCC token without entity or address corroboration,unrelated,False,2026,918373,0027244215,Improved Property,,,"VALLEY GARDEN GOLF VILLAGE, S32, T05 S, R01 W, Lot 79, ACRES 0.532, & INTEREST IN COMMON AREA 4/259",VALLEY GARDEN GOLF VILLAGE,Rock Creek Cattle Company / Foley
ROCK CREEK CATTLE COMPANY / FOLEY,03103322311050000,"FOLEY, JENNIFER R",0.51,Yellowstone,1025 SHINN RD,,,BILLINGS,MT,59105-2419,owner-name keyword: FOLEY; Foley surname/RCCC token without entity or address corroboration,unrelated,False,2026,204605,000A13923A,Improved Property,,,"S22, T01 N, R26 E, C.O.S. 239, PARCEL 7B, .51 AC  1986 CHICKASHA MEDALLION  SN: W1709A/B (detitled)  TAXED W/REAL",,Rock Creek Cattle Company / Foley
ROCK CREEK CATTLE COMPANY / FOLEY,07396501303100000,FOLEY FAMILY REVOCABLE TRUST,0.477,Flathead,203 FOX HILL DR,,,KALISPELL,MT,59901-2506,owner-name keyword: FOLEY; Foley surname/RCCC token without entity or address corroboration,unrelated,False,2026,461244,0000382612,Improved Property,,,"MEADOWLAND UNIT 2, S01, T28 N, R22 W, Lot 41, ASSR# 0000382612",MEADOWLAND UNIT 2,Rock Creek Cattle Company / Foley
ROCK CREEK CATTLE COMPANY / FOLEY,56417505117020000,FOLEY JENNA M,0.382,Lincoln,98 RAINBOW LN,,,LIBBY,MT,59923-2924,owner-name keyword: FOLEY; Foley surname/RCCC token without entity or address corroboration,unrelated,False,2026,794692,0000008026,Improved Property,,,"WESTWOOD, S05, T30 N, R31 W, BLOCK 001, ACRES 0.3817, LOT 2 ASSR#0000008026",WESTWOOD,Rock Creek Cattle Company / Foley
ROCK CREEK CATTLE COMPANY / FOLEY,25068727222050000,FOLEY RICHARD L,0.382,Madison,210 E 9TH AVE,,,TWIN BRIDGES,MT,59754-9600,owner-name keyword: FOLEY; Foley surname/RCCC token without entity or address corroboration,unrelated,False,2026,927366,0010005900,Improved Property,,,"NORMAL ADD (TWIN BRIDGES), S27, T03 S, R06 W, BLOCK 3, Lot 4B, COS 7/1235BA",NORMAL ADD (TWIN BRIDGES),Rock Creek Cattle Company / Foley
ROCK CREEK CATTLE COMPANY / FOLEY,04209305223150000,FOLEY JOHN F,0.379,Missoula,1217 LANDONS WAY,,,MISSOULA,MT,59803-1346,owner-name keyword: FOLEY; Foley surname/RCCC token without entity or address corroboration,unrelated,False,2026,358624,0003586807,Improved Property,,,"WOODBINE, S05, T12 N, R19 W, Lot 14",WOODBINE,Rock Creek Cattle Company / Foley
ROCK CREEK CATTLE COMPANY / FOLEY,03103124416370000,"FOLEY, RICHARD & LISA",0.378,Yellowstone,6271 IRONWOOD DR,,,BILLINGS,MT,59106-9671,owner-name keyword: FOLEY; Foley surname/RCCC token without entity or address corroboration,unrelated,False,2026,223741,000A305420,Improved Property,,,"IRONWOOD ESTATES SUBD 1ST FILING, S24, T01 N, R24 E, BLOCK 4, Lot 44, (03)",IRONWOOD ESTATES SUBD 1ST FILING,Rock Creek Cattle Company / Foley
ROCK CREEK CATTLE COMPANY / FOLEY,05188832404120000,FOLEY IAN A & LESLIE E,0.377,Lewis and Clark,2227 GOLD RUSH AVE,,,HELENA,MT,59601-5819,owner-name keyword: FOLEY; Foley surname/RCCC token without entity or address corroboration,unrelated,False,2026,512331,0000000562,Improved Property,,,"PROSPECT HEIGHTS ADDN, S32, T10 N, R03 W, BLOCK 11, Lot 5, COS #241838",PROSPECT HEIGHTS ADDN,Rock Creek Cattle Company / Foley
ROCK CREEK CATTLE COMPANY / FOLEY,03103219306110000,"FOLEY, SEAN  & MONICA",0.356,Yellowstone,406 GIFFORD DR,,,COPPELL,TX,75019-7535,owner-name keyword: FOLEY; Foley surname/RCCC token without entity or address corroboration,unrelated,False,2026,223748,000A305490,Improved Property,,,"IRONWOOD ESTATES SUBD 1ST FILING, S19, T01 N, R25 E, BLOCK 5, Lot 14, (03)",IRONWOOD ESTATES SUBD 1ST FILING,Rock Creek Cattle Company / Foley
ROCK CREEK CATTLE COMPANY / FOLEY,07383425213070000,"FOLEY, ROBERT D & JANE A",0.348,Flathead,PO BOX 310,,,SOMERS,MT,59932-0310,owner-name keyword: FOLEY; Foley surname/RCCC token without entity or address corroboration,unrelated,False,2026,453729,0000140750,Improved Property,,,"SOMERS TSTE, S25, T27 N, R21 W, BLOCK 006, Lot 07C",SOMERS TSTE,Rock Creek Cattle Company / Foley
ROCK CREEK CATTLE COMPANY / FOLEY,01119821305070000,FOLEY GEORGE M,0.345,Silver Bow,3450 N HILLCREST DR,,,BUTTE,MT,59701-6402,owner-name keyword: FOLEY; Foley surname/RCCC token without entity or address corroboration,unrelated,False,2026,850769,0000964000,Improved Property,,,"HILLCREST ADD, S21, T03 N, R07 W, BLOCK 5, E80' LOT 6 & ALL OF 7",HILLCREST ADD,Rock Creek Cattle Company / Foley
ROCK CREEK CATTLE COMPANY / FOLEY,28167703101260000,JEWKES ROGER TRUSTEES,0.343,Powell,4 PINEHURST LN,,,NEWPORT BEACH,CA,92660-5228,legal/subdivision context contains ROCK CREEK CATTLE COMPANY; owner field is not a confirmed developer entity; treated as individually owned member/homeowner or other nondeveloper parcel,unrelated,False,2026,1517417,0000205215,Improved Property,,,"ROCK CREEK CATTLE COMPANY, S03, T08 N, R10 W, Lot 16, ACRES 0.34, HOME RANCH DEV PHASE 1-A, C-619",ROCK CREEK CATTLE COMPANY,Rock Creek Cattle Company / Foley
ROCK CREEK CATTLE COMPANY / FOLEY,03092727213520000,"FOLEY, ALVIN L JAY & SHIRLEY T",0.338,Yellowstone,2612 CASTLE PINES CIR,,,BILLINGS,MT,59101,owner-name keyword: FOLEY; Foley surname/RCCC token without entity or address corroboration,unrelated,False,2026,224574,000A312910,Improved Property,,,"RIDGEWOOD ESTATES SUBD 2ND FILING, S27, T01 S, R26 E, BLOCK 3, Lot 21, 14738 SQUARE FEET,  (04)",RIDGEWOOD ESTATES SUBD 2ND FILING,Rock Creek Cattle Company / Foley
ROCK CREEK CATTLE COMPANY / FOLEY,35309604118070000,FOLEY ROBIN,0.321,Sanders,3390 QUINCY ST,,,BUTTE,MT,59701-4446,owner-name keyword: FOLEY; Foley surname/RCCC token without entity or address corroboration,unrelated,False,2026,67689,0000025503,Improved Property,,,"MOUNTAIN VIEW 2ND EXT, S04, T21 N, R24 W, BLOCK 001, Lot 005 - 006",MOUNTAIN VIEW 2ND EXT,Rock Creek Cattle Company / Foley
ROCK CREEK CATTLE COMPANY / FOLEY,04220033414100000,FOLEY JAMES P,0.288,Missoula,206 WHITAKER DR,,,MISSOULA,MT,59803-1522,owner-name keyword: FOLEY; Foley surname/RCCC token without entity or address corroboration,unrelated,False,2026,335376,0000842502,Improved Property,,,"FAR VIEWS HOMESITES ADDITION # 01, S33, T13 N, R19 W, BLOCK B, Lot 15",FAR VIEWS HOMESITES ADDITION # 01,Rock Creek Cattle Company / Foley
ROCK CREEK CATTLE COMPANY / FOLEY,02301616208240000,FOLEY JASON B & LISA F,0.282,Cascade,4116 13TH AVE S,,,GREAT FALLS,MT,59405-8027,owner-name keyword: FOLEY; Foley surname/RCCC token without entity or address corroboration,unrelated,False,2026,110086,0000431394,Improved Property,,,"BERKNER HEIGHTS PHASE 10, S16, T20 N, R04 E, BLOCK 002, Lot 005, PLAT 20-04",BERKNER HEIGHTS PHASE 10,Rock Creek Cattle Company / Foley
ROCK CREEK CATTLE COMPANY / FOLEY,07429235220080000,FOLEY DENNIS,0.279,Flathead,1152 MEADOWLARK LN,,,WHITEFISH,MT,59937-1670,owner-name keyword: FOLEY; Foley surname/RCCC token without entity or address corroboration,unrelated,False,2026,445624,0000008320,Improved Property,,,"MOUNTAIN SENIORS SUB PH 2, S35, T31 N, R22 W, Lot 001, MOUNTAIN SENIORS SUB PH2 LOT 1",MOUNTAIN SENIORS SUB PH 2,Rock Creek Cattle Company / Foley
ROCK CREEK CATTLE COMPANY / FOLEY,04209305206130000,FOLEY CHRISTOPHER J,0.276,Missoula,713 SIMONS DR,,,MISSOULA,MT,59803-1311,owner-name keyword: FOLEY; Foley surname/RCCC token without entity or address corroboration,unrelated,False,2026,334163,0000726605,Improved Property,,,"HIGH PARK # 3, S05, T12 N, R19 W, BLOCK 9, Lot 3",HIGH PARK # 3,Rock Creek Cattle Company / Foley
ROCK CREEK CATTLE COMPANY / FOLEY,05188833328130000,FOLEY GERALD P,0.275,Lewis and Clark,1822 WINNE AVE,,,HELENA,MT,59601-4705,owner-name keyword: FOLEY; Foley surname/RCCC token without entity or address corroboration,unrelated,False,2026,521045,0000018211,Apartment,,,"BULL RUN ACRES NO 2, S33, T10 N, R03 W, BLOCK 14, Lot 7A, COS #288531",BULL RUN ACRES NO 2,Rock Creek Cattle Company / Foley
ROCK CREEK CATTLE COMPANY / FOLEY,06079918239070000,FOLEY JAMES D,0.275,Gallatin,1771 MIDFIELD ST,,,BOZEMAN,MT,59715-8508,owner-name keyword: FOLEY; Foley surname/RCCC token without entity or address corroboration,unrelated,False,2026,641920,000RGH2509,Apartment,,,"SPRINGDELL ADD, S18, T02 S, R06 E, BLOCK 2, Lot 3 & 4",SPRINGDELL ADD,Rock Creek Cattle Company / Foley
ROCK CREEK CATTLE COMPANY / FOLEY,06079907127330000,FOLEY JAMES D &            UNDIV 50% INT,0.262,Gallatin,1771 MIDFIELD ST,,,BOZEMAN,MT,59715-8508,owner-name keyword: FOLEY; Foley surname/RCCC token without entity or address corroboration,unrelated,False,2026,642028,000RGH2725,Apartment,,,"MINOR SUB 192, S07, T02 S, R06 E, Lot 1, ACRES 0.309, LESS HWRW",MINOR SUB 192,Rock Creek Cattle Company / Foley
ROCK CREEK CATTLE COMPANY / FOLEY,28177534301450000,BJAX LLC &,0.26,Powell,3136 204TH CT NE,,,SAMMAMISH,WA,98074-4360,legal/subdivision context contains ROCK CREEK CATTLE COMPANY; owner field is not a confirmed developer entity; treated as individually owned member/homeowner or other nondeveloper parcel,unrelated,False,2026,1488927,0000500820,Improved Property,,,"ROCK CREEK CATTLE COMPANY, S34, T09 N, R10 W, Lot 13, ACRES 0.26, HOME RANCH DEV, PHASE 4, PLAT C-597",ROCK CREEK CATTLE COMPANY,Rock Creek Cattle Company / Foley
ROCK CREEK CATTLE COMPANY / FOLEY,05188832111030000,FOLEY GERALD P,0.251,Lewis and Clark,1822 WINNE AVE,,,HELENA,MT,59601-4705,owner-name keyword: FOLEY; Foley surname/RCCC token without entity or address corroboration,unrelated,False,2026,525887,0000001662,Improved Property,,,"LENNOX SUBDIVISION, S32, T10 N, R03 W, BLOCK 44, Lot 26 - 28, W12.5' LT 29",LENNOX SUBDIVISION,Rock Creek Cattle Company / Foley
ROCK CREEK CATTLE COMPANY / FOLEY,01119828304300000,FOLEY ROBIN R,0.249,Silver Bow,3390 QUINCY ST,,,BUTTE,MT,59701-4446,owner-name keyword: FOLEY; Foley surname/RCCC token without entity or address corroboration,unrelated,False,2026,852503,0001119100,Improved Property,,,"WING ADD, S28, T03 N, R07 W, BLOCK 2, Lot 21 - 22",WING ADD,Rock Creek Cattle Company / Foley
ROCK CREEK CATTLE COMPANY / FOLEY,49080213226130000,FOLEY BRUCE L &,0.241,Park,711 N YELLOWSTONE ST,,,LIVINGSTON,MT,59047-1942,owner-name keyword: FOLEY; Foley surname/RCCC token without entity or address corroboration,unrelated,False,2026,671812,0000000550,Improved Property,,,"LIVINGSTON ORIGINAL TOWNSITE, S13, T02 S, R09 E, BLOCK 9, Lot 11 - 13",LIVINGSTON ORIGINAL TOWNSITE,Rock Creek Cattle Company / Foley
ROCK CREEK CATTLE COMPANY / FOLEY,05188829311170000,THOMAS G FOLEY FAMILY TRUST ETAL,0.241,Lewis and Clark,1233 9TH AVE,,,HELENA,MT,59601-3906,owner-name keyword: FOLEY; Foley surname/RCCC token without entity or address corroboration,unrelated,False,2026,532156,0000002140,Improved Property,,,"FLOWEREE ADDN, S29, T10 N, R03 W, BLOCK 2, Lot 6, E2 & ALL LT 7",FLOWEREE ADDN,Rock Creek Cattle Company / Foley
ROCK CREEK CATTLE COMPANY / FOLEY,28167704404100000,BLACKROCK EQUITIES LC,0.24,Powell,PO BOX 1275,,,HERMOSA BEACH,CA,90254-1275,legal/subdivision context contains ROCK CREEK CATTLE COMPANY; owner field is not a confirmed developer entity; treated as individually owned member/homeowner or other nondeveloper parcel,unrelated,False,2026,1442639,0000206222,Improved Property,,,"ROCK CREEK CATTLE COMPANY, S04, T08 N, R10 W, Lot 38, ACRES 0.24, HOME RANCH DEV, PHASE 3, PLAT C-593",ROCK CREEK CATTLE COMPANY,Rock Creek Cattle Company / Foley
ROCK CREEK CATTLE COMPANY / FOLEY,03103430112100000,"FOLEY, JEFFERY &",0.236,Yellowstone,637 STARLIGHT DR,,,BILLINGS,MT,59101-6835,owner-name keyword: FOLEY; Foley surname/RCCC token without entity or address corroboration,unrelated,False,2026,236122,000C041760,Improved Property,,,"BEL AIRE ESTATES SUBD, S30, T01 N, R27 E, BLOCK 1, Lot 10",BEL AIRE ESTATES SUBD,Rock Creek Cattle Company / Foley
ROCK CREEK CATTLE COMPANY / FOLEY,05233624108090000,FOLEY JERRY DEANE & VERNA,0.235,Lewis and Clark,P O BOX 938,,,LINCOLN,MT,59639,owner-name keyword: FOLEY; Foley surname/RCCC token without entity or address corroboration,unrelated,False,2026,518996,0000015905,Improved Property,,,"LAMBKIN ADD LINCOLN VILLA SITE, S24, T14 N, R09 W, BLOCK 6, Lot 17, MAKE GALLATIN, MODEL CIMARRON, 28X62 1985",LAMBKIN ADD LINCOLN VILLA SITE,Rock Creek Cattle Company / Foley
ROCK CREEK CATTLE COMPANY / FOLEY,05233624108100000,FOLEY JUDITH K & JERRY DEANE,0.235,Lewis and Clark,PO BOX 938,,,LINCOLN,MT,59639-0938,owner-name keyword: FOLEY; Foley surname/RCCC token without entity or address corroboration,unrelated,False,2026,518995,0000015904,Improved Property,,,"LAMBKIN ADD LINCOLN VILLA SITE, S24, T14 N, R09 W, BLOCK 6, Lot 19, COS#209505",LAMBKIN ADD LINCOLN VILLA SITE,Rock Creek Cattle Company / Foley
ROCK CREEK CATTLE COMPANY / FOLEY,03103314214140000,"FOLEY, LARRY W & SANDRA J",0.234,Yellowstone,929 CRIST DR,,,BILLINGS,MT,59105-4108,owner-name keyword: FOLEY; Foley surname/RCCC token without entity or address corroboration,unrelated,False,2026,231383,000C00248A,Improved Property,,,"CRIST ACRES AMEND, S14, T01 N, R26 E, BLOCK 1, Lot 23",CRIST ACRES AMEND,Rock Creek Cattle Company / Foley
ROCK CREEK CATTLE COMPANY / FOLEY,03103313305210000,"FOLEY, NOAH E & LINSAY",0.234,Yellowstone,1722 MAURINE ST,,,BILLINGS,MT,59105-4342,owner-name keyword: FOLEY; Foley surname/RCCC token without entity or address corroboration,unrelated,False,2026,231269,000C001460,Improved Property,,,"BITTERROOT SUBD 2ND FILING, S13, T01 N, R26 E, BLOCK 3, Lot 26",BITTERROOT SUBD 2ND FILING,Rock Creek Cattle Company / Foley
ROCK CREEK CATTLE COMPANY / FOLEY,01109506404400000,FOLEY ROBERT T & ALICIA L,0.232,Silver Bow,4818 HELENE DR,,,BUTTE,MT,59701-7037,owner-name keyword: FOLEY; Foley surname/RCCC token without entity or address corroboration,unrelated,False,2026,1457960,0000351570,Improved Property,,,"HOWELL MAJOR SUB, S06, T02 N, R07 W, Lot 14",HOWELL MAJOR SUB,Rock Creek Cattle Company / Foley
ROCK CREEK CATTLE COMPANY / FOLEY,01119712447120000,FOLEY ROBERT W & JOSEPHINE M,0.231,Silver Bow,14 BUFFALO ST,,,BUTTE,MT,59701-8616,owner-name keyword: FOLEY; Foley surname/RCCC token without entity or address corroboration,unrelated,False,2026,872778,0000791200,Improved Property,,,"LITTLE MINA LODE, S12, T03 N, R08 W, LOT 1, 12 - 14",LITTLE MINA LODE,Rock Creek Cattle Company / Foley
ROCK CREEK CATTLE COMPANY / FOLEY,28177534301400000,VELOCITY CAPITAL LLC,0.23,Powell,26 LONDONDERRY LN,,,GEORGETOWN,MA,01833-2312,legal/subdivision context contains ROCK CREEK CATTLE COMPANY; owner field is not a confirmed developer entity; treated as individually owned member/homeowner or other nondeveloper parcel,unrelated,False,2026,1488926,0000500818,Improved Property,,,"ROCK CREEK CATTLE COMPANY, S34, T09 N, R10 W, Lot 12, ACRES 0.23, HOME RANCH DEV, PHASE 4, PLAT C-597",ROCK CREEK CATTLE COMPANY,Rock Creek Cattle Company / Foley
ROCK CREEK CATTLE COMPANY / FOLEY,28177534301550000,ERNST JOHN GIL,0.223,Powell,5121 GLENVIEW CT,,,PLANO,TX,75093-7570,legal/subdivision context contains ROCK CREEK CATTLE COMPANY; owner field is not a confirmed developer entity; treated as individually owned member/homeowner or other nondeveloper parcel,unrelated,False,2026,1488929,0000500824,Improved Property,,,"ROCK CREEK CATTLE COMPANY, S34, T09 N, R10 W, Lot 15, ACRES 0.22, HOME RANCH DEV, PHASE 4, PLAT C-597",ROCK CREEK CATTLE COMPANY,Rock Creek Cattle Company / Foley
ROCK CREEK CATTLE COMPANY / FOLEY,28177534301650000,HOLLAND C MALCOLM,0.223,Powell,11641 WANDER LN,,,DALLAS,TX,75230-3040,legal/subdivision context contains ROCK CREEK CATTLE COMPANY; owner field is not a confirmed developer entity; treated as individually owned member/homeowner or other nondeveloper parcel,unrelated,False,2026,1488931,0000500828,Improved Property,,,"ROCK CREEK CATTLE COMPANY, S34, T09 N, R10 W, Lot 17, ACRES 0.22, HOME RANCH DEV, PHASE 4, PLAT C-597",ROCK CREEK CATTLE COMPANY,Rock Creek Cattle Company / Foley
ROCK CREEK CATTLE COMPANY / FOLEY,28177534301600000,KOPARANYN  ONIK NICK & JOHANNA,0.223,Powell,26483 W 111TH TER,,,OLATHE,KS,66061-8436,legal/subdivision context contains ROCK CREEK CATTLE COMPANY; owner field is not a confirmed developer entity; treated as individually owned member/homeowner or other nondeveloper parcel,unrelated,False,2026,1488930,0000706600,Improved Property,,,"ROCK CREEK CATTLE COMPANY, S34, T09 N, R10 W, Lot 16, ACRES 0.22, HOME RANCH DEV, PHASE 4, PLAT C-597",ROCK CREEK CATTLE COMPANY,Rock Creek Cattle Company / Foley
ROCK CREEK CATTLE COMPANY / FOLEY,28167704404050000,BLACKROCK EQUITIES LLC,0.22,Powell,PO BOX 1275,,,HERMOSA BEACH,CA,90254-1275,legal/subdivision context contains ROCK CREEK CATTLE COMPANY; owner field is not a confirmed developer entity; treated as individually owned member/homeowner or other nondeveloper parcel,unrelated,False,2026,1442637,0000706501,Vacant Land,,,"ROCK CREEK CATTLE COMPANY, S04, T08 N, R10 W, Lot 39, ACRES 0.22, HOME RANCH DEV, PHASE 3 AMENDED PLAT C-593",ROCK CREEK CATTLE COMPANY,Rock Creek Cattle Company / Foley
ROCK CREEK CATTLE COMPANY / FOLEY,28167703103300000,DST HOLDINGS LLC,0.22,Powell,6606 GILBERT DR,,,SHREVEPORT,LA,71106-2300,legal/subdivision context contains ROCK CREEK CATTLE COMPANY; owner field is not a confirmed developer entity; treated as individually owned member/homeowner or other nondeveloper parcel,unrelated,False,2026,1204402,0000205227,Improved Property,,,"ROCK CREEK CATTLE COMPANY, S03, T08 N, R10 W, Lot 27, ACRES 0.22, HOME RANCH DEV PHASE 2 SOUTH, AMENDED PLAT C-584",ROCK CREEK CATTLE COMPANY,Rock Creek Cattle Company / Foley
ROCK CREEK CATTLE COMPANY / FOLEY,28167703302350000,HOLLINGSWORTH DANIEL TRUSTEE OF HOLLINGSWORTH FAMILY TRUST,0.22,Powell,255 OLD MOUNT RD,,,FELTON,CA,95018-9054,legal/subdivision context contains ROCK CREEK CATTLE COMPANY; owner field is not a confirmed developer entity; treated as individually owned member/homeowner or other nondeveloper parcel,unrelated,False,2026,1455903,0000206210,Vacant Land,,,"ROCK CREEK CATTLE COMPANY, S03, T08 N, R10 W, Lot 49, ACRES 0.22, HOME RANCH DEV PHASE 3, PLAT C-593",ROCK CREEK CATTLE COMPANY,Rock Creek Cattle Company / Foley
ROCK CREEK CATTLE COMPANY / FOLEY,28167703302400000,HOLLINGSWORTH FAMILY TRUST (THE),0.22,Powell,255 OLD MOUNT RD,,,FELTON,CA,95018-9054,legal/subdivision context contains ROCK CREEK CATTLE COMPANY; owner field is not a confirmed developer entity; treated as individually owned member/homeowner or other nondeveloper parcel,unrelated,False,2026,1455902,0000206209,Improved Property,,,"ROCK CREEK CATTLE COMPANY, S03, T08 N, R10 W, Lot 48, ACRES 0.22, HOME RANCH DEV PHASE 3, PLAT C-593",ROCK CREEK CATTLE COMPANY,Rock Creek Cattle Company / Foley
ROCK CREEK CATTLE COMPANY / FOLEY,28167704404010000,NABHAN ERIKSSON G,0.22,Powell,142 WESTLAKE PARK BLVD,,,BOZEMAN,MT,59718-8080,legal/subdivision context contains ROCK CREEK CATTLE COMPANY; owner field is not a confirmed developer entity; treated as individually owned member/homeowner or other nondeveloper parcel,unrelated,False,2026,1442634,0000706494,Improved Property,,,"ROCK CREEK CATTLE COMPANY, S04, T08 N, R10 W, Lot 40, ACRES 0.22, HOME RANCH DEV, PHASE 3, AMENDED PLAT C-593",ROCK CREEK CATTLE COMPANY,Rock Creek Cattle Company / Foley
ROCK CREEK CATTLE COMPANY / FOLEY,28167703302450000,NEDRUD CHAD MICHAEL & FARRAH SHAWN,0.22,Powell,2619 WEDGEWOOD CT,,,MISSOULA,MT,59808-9483,legal/subdivision context contains ROCK CREEK CATTLE COMPANY; owner field is not a confirmed developer entity; treated as individually owned member/homeowner or other nondeveloper parcel,unrelated,False,2026,1455901,0000706493,Improved Property,,,"ROCK CREEK CATTLE COMPANY, S03, T08 N, R10 W, Lot 47, ACRES 0.22, HOME RANCH DEV PHASE 3, PLAT C-593",ROCK CREEK CATTLE COMPANY,Rock Creek Cattle Company / Foley
ROCK CREEK CATTLE COMPANY / FOLEY,28177534301500000,YELLOWSTONE RC 14 LLC,0.22,Powell,1407 FANNIN ST,,,HOUSTON,TX,77002-7613,legal/subdivision context contains ROCK CREEK CATTLE COMPANY; owner field is not a confirmed developer entity; treated as individually owned member/homeowner or other nondeveloper parcel,unrelated,False,2026,1488928,0000500822,Improved Property,,,"ROCK CREEK CATTLE COMPANY, S34, T09 N, R10 W, Lot 14, ACRES 0.22, HOME RANCH DEV, PHASE 4, PLAT C-597",ROCK CREEK CATTLE COMPANY,Rock Creek Cattle Company / Foley
ROCK CREEK CATTLE COMPANY / FOLEY,28167703302500000,ZELDIN STEVEN TRUSTEE OF THE STEVEN ZELDIN LIVING TRUST,0.22,Powell,31901 NATIONAL PARK DR,,,LAGUNA NIGUEL,CA,92677-2810,legal/subdivision context contains ROCK CREEK CATTLE COMPANY; owner field is not a confirmed developer entity; treated as individually owned member/homeowner or other nondeveloper parcel,unrelated,False,2026,1455900,0000706509,Improved Property,,,"ROCK CREEK CATTLE COMPANY, S03, T08 N, R10 W, Lot 46, ACRES 0.22, HOME RANCH DEV PHASE 3, PLAT C-593",ROCK CREEK CATTLE COMPANY,Rock Creek Cattle Company / Foley
ROCK CREEK CATTLE COMPANY / FOLEY,01119829156050000,FOLEY MICHAEL E & LEONORA M,0.217,Silver Bow,3101 PRINCETON ST,,,BUTTE,MT,59701-6543,owner-name keyword: FOLEY; Foley surname/RCCC token without entity or address corroboration,unrelated,False,2026,866527,0000252100,Improved Property,,,"HAMILTON, S29, T03 N, R07 W, BLOCK 2, Lot 19 - 21",HAMILTON,Rock Creek Cattle Company / Foley
ROCK CREEK CATTLE COMPANY / FOLEY,05188724319250000,FOLEY DONNA L,0.215,Lewis and Clark,1624 WILDER AVE,,,HELENA,MT,59601-2035,owner-name keyword: FOLEY; Foley surname/RCCC token without entity or address corroboration,unrelated,False,2026,531130,0000029606,Improved Property,,,"MING ADDN, S24, T10 N, R04 W, TITLE # E862822, 9363 SQUARE FEET, MAKE MARLETTE, MODEL RIVERCREST, FRAC LTS 13-14  BROADWATER #2 BLK 3, FRAC LTS 26-28 MING ADDN",MING ADDN,Rock Creek Cattle Company / Foley
ROCK CREEK CATTLE COMPANY / FOLEY,05188725227090000,FOLEY JODIE A & MAIER,0.215,Lewis and Clark,1400 HAUSER BLVD,,,HELENA,MT,59601-2310,owner-name keyword: FOLEY; Foley surname/RCCC token without entity or address corroboration,unrelated,False,2026,528614,0000001884,Improved Property,,,"CANNON ADDN, S25, T10 N, R04 W, BLOCK 123, Lot 17 - 19",CANNON ADDN,Rock Creek Cattle Company / Foley
ROCK CREEK CATTLE COMPANY / FOLEY,03103323305310000,"FOLEY, JOHN E",0.215,Yellowstone,823 S HEIGHTS LN,,,BILLINGS,MT,59105-2515,owner-name keyword: FOLEY; Foley surname/RCCC token without entity or address corroboration,unrelated,False,2026,222651,000A296940,Improved Property,,,"SOUTH HEIGHTS SUBD, S23, T01 N, R26 E, BLOCK 1, Lot 2, 2003 CHAMPIION YORKRIDGE  SN: 050374507195AB (03)  TAXED W/REAL",SOUTH HEIGHTS SUBD,Rock Creek Cattle Company / Foley
ROCK CREEK CATTLE COMPANY / FOLEY,02313835104010000,FOLEY LANCE E & MELISSA M,0.214,Cascade,401 29TH AVE NE,,,GREAT FALLS,MT,59404-1007,owner-name keyword: FOLEY; Foley surname/RCCC token without entity or address corroboration,unrelated,False,2026,116424,0000969904,Improved Property,,,"HENDERSON HEIGHTS ADDITION, S35, T21 N, R03 E, BLOCK 004, Lot 005",HENDERSON HEIGHTS ADDITION,Rock Creek Cattle Company / Foley
ROCK CREEK CATTLE COMPANY / FOLEY,28167703401530000,667 TAVENNER LLC,0.21,Powell,30320 RANCHO VIEJO RD STE 101,,,SAN JUAN CAPISTRANO,CA,92675-1582,legal/subdivision context contains ROCK CREEK CATTLE COMPANY; owner field is not a confirmed developer entity; treated as individually owned member/homeowner or other nondeveloper parcel,unrelated,False,2026,1204208,0000703469,Improved Property,,,"ROCK CREEK CATTLE COMPANY, S03, T08 N, R10 W, Lot 53A, ACRES 0.21, AMENDED PLAT C-611 HOME RANCH DEVELOPMENT PHASE 2 SOUTH",ROCK CREEK CATTLE COMPANY,Rock Creek Cattle Company / Foley
ROCK CREEK CATTLE COMPANY / FOLEY,28167703401130000,HODGES GREGORY J &,0.21,Powell,1720 TAMWORTH CT,,,DUNWOODY,GA,30338-2942,legal/subdivision context contains ROCK CREEK CATTLE COMPANY; owner field is not a confirmed developer entity; treated as individually owned member/homeowner or other nondeveloper parcel,unrelated,False,2026,1204383,0000205238,Vacant Land,,,"ROCK CREEK CATTLE COMPANY, S03, T08 N, R10 W, Lot 38, ACRES 0.21, PLAT C-584 HOME RANCH PHASE 2 DEV SOUTH AMENDED",ROCK CREEK CATTLE COMPANY,Rock Creek Cattle Company / Foley
ROCK CREEK CATTLE COMPANY / FOLEY,28167703401150000,JOHNSON FAMILY TRUST (THE),0.21,Powell,441 ISABELLA TER,,,CORONA DEL MAR,CA,92625-2610,legal/subdivision context contains ROCK CREEK CATTLE COMPANY; owner field is not a confirmed developer entity; treated as individually owned member/homeowner or other nondeveloper parcel,unrelated,False,2026,1204384,0000205239,Improved Property,,,"ROCK CREEK CATTLE COMPANY, S03, T08 N, R10 W, Lot 39, ACRES 0.21, PLAT C-584",ROCK CREEK CATTLE COMPANY,Rock Creek Cattle Company / Foley
ROCK CREEK CATTLE COMPANY / FOLEY,28167703103250000,NOLAN MICHAEL J TRUSTEE,0.21,Powell,600 RIVERSIDE AVE,,,JACKSONVILLE,FL,32204,legal/subdivision context contains ROCK CREEK CATTLE COMPANY; owner field is not a confirmed developer entity; treated as individually owned member/homeowner or other nondeveloper parcel,unrelated,False,2026,1204401,0000205226,Improved Property,,,"ROCK CREEK CATTLE COMPANY, S03, T08 N, R10 W, Lot 26, ACRES 0.19, HOME RANCH DEV PHASE 2 SOUTH, AMENDED PLAT C-584",ROCK CREEK CATTLE COMPANY,Rock Creek Cattle Company / Foley
ROCK CREEK CATTLE COMPANY / FOLEY,28167703401510000,PASQUA BRUCE J TRUSTEE,0.21,Powell,13791 BREEDERS CUP DR,,,RANCHO CUCAMONGA,CA,91739-5141,legal/subdivision context contains ROCK CREEK CATTLE COMPANY; owner field is not a confirmed developer entity; treated as individually owned member/homeowner or other nondeveloper parcel,unrelated,False,2026,1204207,0000205111,Improved Property,,,"ROCK CREEK CATTLE COMPANY, S03, T08 N, R10 W, Lot 52A, ACRES 0.21, AMENDED PLAT C-611 HOME RANCH DEVELOPMENT PHASE 2 SOUTH",ROCK CREEK CATTLE COMPANY,Rock Creek Cattle Company / Foley
ROCK CREEK CATTLE COMPANY / FOLEY,28167703103200000,QUIRK RAYMOND R 2004 LIVING TRUST,0.21,Powell,4731 CAPSTONE POINT CT,,,LAS VEGAS,NV,89135-7902,legal/subdivision context contains ROCK CREEK CATTLE COMPANY; owner field is not a confirmed developer entity; treated as individually owned member/homeowner or other nondeveloper parcel,unrelated,False,2026,1204400,0000205225,Improved Property,,QUIRK RAYMOND R TRUSTEE,"ROCK CREEK CATTLE COMPANY, S03, T08 N, R10 W, Lot 25, ACRES 0.21, HOME RANCH DEV PHASE 2 SOUTH, AMENDED PLAT C-584",ROCK CREEK CATTLE COMPANY,Rock Creek Cattle Company / Foley
ROCK CREEK CATTLE COMPANY / FOLEY,28167703401570000,RHODIN PATRICK SCOTT & EMILY ANN,0.21,Powell,210 PABLO CT,,,PONTE VEDRA BEACH,FL,32082-1802,legal/subdivision context contains ROCK CREEK CATTLE COMPANY; owner field is not a confirmed developer entity; treated as individually owned member/homeowner or other nondeveloper parcel,unrelated,False,2026,1204210,0000206269,Vacant Land,,,"ROCK CREEK CATTLE COMPANY, S03, T08 N, R10 W, Lot 55, ACRES 0.21, PLAT C-584",ROCK CREEK CATTLE COMPANY,Rock Creek Cattle Company / Foley
ROCK CREEK CATTLE COMPANY / FOLEY,02313836220120000,FOLEY DEANNE M,0.209,Cascade,632 36TH AVE NE,,,GREAT FALLS,MT,59404-1122,owner-name keyword: FOLEY; Foley surname/RCCC token without entity or address corroboration,unrelated,False,2026,121459,0001456800,Improved Property,,,"N RIVERVIEW TERR ADD NO 6, S36, T21 N, R03 E, BLOCK 005, Lot 009",N RIVERVIEW TERRACE 6TH,Rock Creek Cattle Company / Foley
ROCK CREEK CATTLE COMPANY / FOLEY,06079810160050000,DIXON FOLEY NICOLE JOLEE &,0.205,Gallatin,415 FLATHEAD AVE,,,BOZEMAN,MT,59718-6343,owner-name keyword: FOLEY; Foley surname/RCCC token without entity or address corroboration,unrelated,False,2026,612578,00RGG20999,Improved Property,,,"VALLEY UNIT SUB PH 1, S10, T02 S, R05 E, BLOCK 39, Lot 5",VALLEY UNIT SUB PH 1,Rock Creek Cattle Company / Foley
ROCK CREEK CATTLE COMPANY / FOLEY,28167703401090000,GLEANNVIEW LLC,0.2,Powell,1649 ATLANTIC BLVD,,,JACKSONVILLE,FL,32207-3346,legal/subdivision context contains ROCK CREEK CATTLE COMPANY; owner field is not a confirmed developer entity; treated as individually owned member/homeowner or other nondeveloper parcel,unrelated,False,2026,1204411,0000205236,Improved Property,,,"ROCK CREEK CATTLE COMPANY, S03, T08 N, R10 W, ACRES 0.2, PLAT C-584 LOT 36  HOME RANCH DEV PHASE 2 SOUTH AMENDED",ROCK CREEK CATTLE COMPANY,Rock Creek Cattle Company / Foley
ROCK CREEK CATTLE COMPANY / FOLEY,28167703401230000,HANSON HAROLD DAVID & COLLETTE MAUREEN,0.2,Powell,9 CARRIAGE LN,,,HELENA,MT,59601-9639,legal/subdivision context contains ROCK CREEK CATTLE COMPANY; owner field is not a confirmed developer entity; treated as individually owned member/homeowner or other nondeveloper parcel,unrelated,False,2026,1204385,0000205243,Improved Property,,,"ROCK CREEK CATTLE COMPANY, S03, T08 N, R10 W, Lot 43, ACRES 0.2, PLAT C-584",ROCK CREEK CATTLE COMPANY,Rock Creek Cattle Company / Foley
ROCK CREEK CATTLE COMPANY / FOLEY,28177534301700000,STOLTZ MARK & PATRICIA REVOCABLE TRUST,0.2,Powell,8718 WILD WIND PARK,,,GARDEN RIDGE,TX,78266-2167,legal/subdivision context contains ROCK CREEK CATTLE COMPANY; owner field is not a confirmed developer entity; treated as individually owned member/homeowner or other nondeveloper parcel,unrelated,False,2026,1488932,0000500830,Improved Property,,,"ROCK CREEK CATTLE COMPANY, S34, T09 N, R10 W, Lot 18, ACRES 0.2, HOME RANCH DEV, PHASE 4, PLAT C-597",ROCK CREEK CATTLE COMPANY,Rock Creek Cattle Company / Foley
ROCK CREEK CATTLE COMPANY / FOLEY,28167703103350000,TPTN LLC,0.2,Powell,3305 HIGHWAY 60 W,,,FARIBAULT,MN,55021-4869,legal/subdivision context contains ROCK CREEK CATTLE COMPANY; owner field is not a confirmed developer entity; treated as individually owned member/homeowner or other nondeveloper parcel,unrelated,False,2026,1204403,0000205228,Improved Property,,,"ROCK CREEK CATTLE COMPANY, S03, T08 N, R10 W, Lot 28, ACRES 0.2, HOME RANCH DEV PHASE 2 SOUTH, AMENDED PLAT C-584",ROCK CREEK CATTLE COMPANY,Rock Creek Cattle Company / Foley
ROCK CREEK CATTLE COMPANY / FOLEY,03082109433070000,"FOLEY, MICHELLE",0.193,Yellowstone,512 IDAHO AVE,,,LAUREL,MT,59044-2413,owner-name keyword: FOLEY; Foley surname/RCCC token without entity or address corroboration,unrelated,False,2026,228655,000B011610,Improved Property,,,"LAUREL REALTY SECOND SUBD, S09, T02 S, R24 E, BLOCK 26, Lot 19 - 20",LAUREL REALTY SECOND SUBD,Rock Creek Cattle Company / Foley
ROCK CREEK CATTLE COMPANY / FOLEY,28167703103400000,TFH LLC,0.19,Powell,1370 JET STREAM DR STE 100,,,HENDERSON,NV,89052-4234,legal/subdivision context contains ROCK CREEK CATTLE COMPANY; owner field is not a confirmed developer entity; treated as individually owned member/homeowner or other nondeveloper parcel,unrelated,False,2026,1204404,0000205229,Improved Property,,,"ROCK CREEK CATTLE COMPANY, S03, T08 N, R10 W, Lot 29, ACRES 0.19, HOME RANCH DEV PHASE 2 SOUTH, AMENDED PLAT C-584",ROCK CREEK CATTLE COMPANY,Rock Creek Cattle Company / Foley
ROCK CREEK CATTLE COMPANY / FOLEY,06090532310230000,FOLEY FAMILY REV LIVING TRUST,0.189,Gallatin,1771 MIDFIELD ST,,,BOZEMAN,MT,59715-8508,owner-name keyword: FOLEY; Foley surname/RCCC token without entity or address corroboration,unrelated,False,2026,1526741,00RFH66341,Improved Property,,FOLEY PETER A & KATHLEEN OBRIEN TRUSTEES,"LEGENDS AT BRIDGER CREEK 2 PH 2, S32, T01 S, R06 E, Lot 49, PLAT J-516",LEGENDS AT BRIDGER CREEK 2 PH 2,Rock Creek Cattle Company / Foley
ROCK CREEK CATTLE COMPANY / FOLEY,03103235119360000,"FOLEY, MICAELA G &",0.186,Yellowstone,2625 BETH DR,,,BILLINGS,MT,59102-1403,owner-name keyword: FOLEY; Foley surname/RCCC token without entity or address corroboration,unrelated,False,2026,204578,000A139070,Improved Property,,,"SHAFFER SUBD, S35, T01 N, R25 E, Lot 24, N70 ' 6 "" LT 24",SHAFFER SUBD,Rock Creek Cattle Company / Foley
ROCK CREEK CATTLE COMPANY / FOLEY,06090301135050000,FOLEY IAN D,0.182,Gallatin,308 PEARL DR,,,BELGRADE,MT,59714-3129,owner-name keyword: FOLEY; Foley surname/RCCC token without entity or address corroboration,unrelated,False,2026,600006,00RFF14270,Improved Property,,,"DYKSTERHOUSE ADD, S01, T01 S, R04 E, BLOCK 6, Lot 3, ACRES 0.182, PLAT J-56",DYKSTERHOUSE ADD,Rock Creek Cattle Company / Foley
ROCK CREEK CATTLE COMPANY / FOLEY,28167703401110000,HODGES GREGORY J,0.18,Powell,1720 TAMWORTH CT,,,DUNWOODY,GA,30338-2942,legal/subdivision context contains ROCK CREEK CATTLE COMPANY; owner field is not a confirmed developer entity; treated as individually owned member/homeowner or other nondeveloper parcel,unrelated,False,2026,1204412,0000205237,Improved Property,,,"ROCK CREEK CATTLE COMPANY, S03, T08 N, R10 W, Lot 37, ACRES 0.18, PLAT C-584  HOME RANCH PHASE 2 SOUTH AMENDED",ROCK CREEK CATTLE COMPANY,Rock Creek Cattle Company / Foley
ROCK CREEK CATTLE COMPANY / FOLEY,01119712487400000,FOLEY DONALD W & SHERI,0.173,Silver Bow,17 WELLS ST,,,BUTTE,MT,59701-8448,owner-name keyword: FOLEY; Foley surname/RCCC token without entity or address corroboration,unrelated,False,2026,850244,0000066400,Improved Property,,,"S12, T03 N, R08 W, C.O.S. 1107A-RB, ACRES 0.1728, LOT 7A, BLK 4 OF CENTERVILLE UPON THE SNOOZER LODE ADDITION",,Rock Creek Cattle Company / Foley
ROCK CREEK CATTLE COMPANY / FOLEY,02301607128100000,FOLEY STEPHAN & REBECCA,0.172,Cascade,2516 2ND AVE N,,,GREAT FALLS,MT,59401-3333,owner-name keyword: FOLEY; Foley surname/RCCC token without entity or address corroboration,unrelated,False,2026,150425,0000143650,Improved Property,,,"GREAT FALLS ELEVENTH ADDITION, S07, T20 N, R04 E, BLOCK 287, Lot 005",GREAT FALLS ELEVENTH ADDITION,Rock Creek Cattle Company / Foley
ROCK CREEK CATTLE COMPANY / FOLEY,05188818316210000,FOLEY JAMES,0.171,Lewis and Clark,PO BOX 5014,,,HELENA,MT,59604-5014,owner-name keyword: FOLEY; Foley surname/RCCC token without entity or address corroboration,unrelated,False,2026,530547,0000029018,Improved Property,,,"PIONEER VILLAGE SUB PH. 1, S18, T10 N, R03 W, Lot 26, COS #552699/E",PIONEER VILLAGE SUB PH. 1,Rock Creek Cattle Company / Foley
ROCK CREEK CATTLE COMPANY / FOLEY,28167703103450000,BUSHWOOD LLC,0.17,Powell,3750 LAS VEGAS BLVD S UNIT 4505,,,LAS VEGAS,NV,89158-4377,legal/subdivision context contains ROCK CREEK CATTLE COMPANY; owner field is not a confirmed developer entity; treated as individually owned member/homeowner or other nondeveloper parcel,unrelated,False,2026,1204405,0000205230,Improved Property,,,"ROCK CREEK CATTLE COMPANY, S03, T08 N, R10 W, Lot 30, ACRES 0.17, HOME RANCH DEV PHASE 2 SOUTH, AMENDED PLAT C-584",ROCK CREEK CATTLE COMPANY,Rock Creek Cattle Company / Foley
ROCK CREEK CATTLE COMPANY / FOLEY,28167703401070000,KECK CHAD W,0.17,Powell,6641 WAHL RD,,,FREELAND,WA,98249-9575,legal/subdivision context contains ROCK CREEK CATTLE COMPANY; owner field is not a confirmed developer entity; treated as individually owned member/homeowner or other nondeveloper parcel,unrelated,False,2026,1204410,0000205235,Improved Property,,,"ROCK CREEK CATTLE COMPANY, S03, T08 N, R10 W, Lot 35, ACRES 0.17, PLAT C-584 HOME RANCH DEV PHASE 2 SOUTH AMENDED",ROCK CREEK CATTLE COMPANY,Rock Creek Cattle Company / Foley
ROCK CREEK CATTLE COMPANY / FOLEY,28167703401170000,KFRE ROCK CREEK LLC,0.17,Powell,1655 SPECTRUM DR,,,LAWRENCEVILLE,GA,30043-7875,legal/subdivision context contains ROCK CREEK CATTLE COMPANY; owner field is not a confirmed developer entity; treated as individually owned member/homeowner or other nondeveloper parcel,unrelated,False,2026,1204413,0000205240,Improved Property,,,"ROCK CREEK CATTLE COMPANY, S03, T08 N, R10 W, Lot 40, ACRES 0.17, PLAT C-584  HOME RANCH DEV PHASE 2 SOUTH AMENDED",ROCK CREEK CATTLE COMPANY,Rock Creek Cattle Company / Foley
ROCK CREEK CATTLE COMPANY / FOLEY,01119820301180000,FOLEY JOSEPH MICHAEL,0.165,Silver Bow,2215 WEST DR,,,BUTTE,MT,59701-6175,owner-name keyword: FOLEY; Foley surname/RCCC token without entity or address corroboration,unrelated,False,2026,868710,0000423200,Improved Property,,,"BUTTE DEVELOPMENT ADD NO 1, S20, T03 N, R07 W, BLOCK 5, Lot 5",BUTTE DEVELOPMENT ADD NO 1,Rock Creek Cattle Company / Foley
ROCK CREEK CATTLE COMPANY / FOLEY,07396618205040000,FOLEY NICHOLAS D & MADELINE R,0.163,Flathead,634 9TH AVE W,,,KALISPELL,MT,59901-4720,owner-name keyword: FOLEY; Foley surname/RCCC token without entity or address corroboration,unrelated,False,2026,459409,0000322315,Improved Property,,,"KAL ADD 1, S18, T28 N, R21 W, BLOCK 182, Lot 004",KAL ADD 1,Rock Creek Cattle Company / Foley
ROCK CREEK CATTLE COMPANY / FOLEY,35309604118050000,FOLEY ROBIN,0.161,Sanders,3390 QUINCY ST,,,BUTTE,MT,59701-4446,owner-name keyword: FOLEY; Foley surname/RCCC token without entity or address corroboration,unrelated,False,2026,67641,0000025488,Improved Property,,,"MOUNTAIN VIEW 2ND EXT, S04, T21 N, R24 W, BLOCK 001, Lot 004, ACRES 0.161",MOUNTAIN VIEW 2ND EXT,Rock Creek Cattle Company / Foley
ROCK CREEK CATTLE COMPANY / FOLEY,14174033418070000,FOLEY TERESA ANN,0.161,Custer,424 YELLOWSTONE AVE,,,MILES CITY,MT,59301-4107,owner-name keyword: FOLEY; Foley surname/RCCC token without entity or address corroboration,unrelated,False,2026,1088647,000RMS3775,Improved Property,,,"MILES CITY ORIGINAL TOWNSITE, S33, T08 N, R47 E, BLOCK 101, Lot 006",MILES CITY ORIGINAL TOWNSITE,Rock Creek Cattle Company / Foley
ROCK CREEK CATTLE COMPANY / FOLEY,03103332320230000,"FOLEY, JAMES R &",0.161,Yellowstone,1009 N 31ST ST,,,BILLINGS,MT,59101-0748,owner-name keyword: FOLEY; Foley surname/RCCC token without entity or address corroboration,unrelated,False,2026,201811,000A116270,Improved Property,,,"NORTH ELEVATION SUB 1ST FILING, S32, T01 N, R26 E, BLOCK 7, Lot 44 - 45",NORTH ELEVATION SUB 1ST FILING,Rock Creek Cattle Company / Foley
ROCK CREEK CATTLE COMPANY / FOLEY,18032619135010000,FOLEY NEIL &,0.156,Beaverhead,436 THOMSEN AVE,,,DILLON,MT,59725-2952,owner-name keyword: FOLEY; Foley surname/RCCC token without entity or address corroboration,unrelated,False,2026,1318504,0000400883,Improved Property,,,"MCVEIGH SORRELLS MINOR SUB, S19, T07 S, R08 W, Lot 4A, ACRES 0.16, N2 LOT 4",MCVEIGH SORRELLS MINOR SUB,Rock Creek Cattle Company / Foley
ROCK CREEK CATTLE COMPANY / FOLEY,01119832410420000,FOLEY EDWARD M JR & TRACEY L PEARSON,0.149,Silver Bow,120 STAR LN,,,BUTTE,MT,59701-3949,owner-name keyword: FOLEY; Foley surname/RCCC token without entity or address corroboration,unrelated,False,2026,863162,0000172900,Improved Property,,,"SKYWAY PARK ESTATES ADD NO 2, S32, T03 N, R07 W, BLOCK 2, Lot 11",SKYWAY PARK ESTATES ADD NO 2,Rock Creek Cattle Company / Foley
ROCK CREEK CATTLE COMPANY / FOLEY,03092715213120000,"FOLEY, CAMERON ANDREW &",0.145,Yellowstone,3793 CHAMBERLAIN DR,,,BILLINGS,MT,59101-5309,owner-name keyword: FOLEY; Foley surname/RCCC token without entity or address corroboration,unrelated,False,2026,221763,000A289330,Improved Property,,,"KINGS GREEN SUBD 2ND FILING, S15, T01 S, R26 E, BLOCK 7, Lot 12, (98)",KINGS GREEN SUBD 2ND FILING,Rock Creek Cattle Company / Foley
ROCK CREEK CATTLE COMPANY / FOLEY,01119819102230000,FOLEY CHRISTINA,0.138,Silver Bow,1616 WHITMAN AVE,,,BUTTE,MT,59701-5381,owner-name keyword: FOLEY; Foley surname/RCCC token without entity or address corroboration,unrelated,False,2026,852741,0001139400,Improved Property,,,"GRAND AVENUE ADD, S19, T03 N, R07 W, BLOCK 5, Lot 5 - 6",GRAND AVENUE ADD,Rock Creek Cattle Company / Foley
ROCK CREEK CATTLE COMPANY / FOLEY,01119820150220000,FOLEY LEO THOMAS JR & KATHLEEN,0.138,Silver Bow,2720 LOCUST ST,,,BUTTE,MT,59701-5031,owner-name keyword: FOLEY; Foley surname/RCCC token without entity or address corroboration,unrelated,False,2026,868711,0000423300,Improved Property,,,"CROSBY ADD, S20, T03 N, R07 W, BLOCK 7, Lot 5 - 6",CROSBY ADD,Rock Creek Cattle Company / Foley
ROCK CREEK CATTLE COMPANY / FOLEY,01119712447010000,FOLEY ROBERT W & JOSEPHINE M,0.137,Silver Bow,14 BUFFALO ST,,,BUTTE,MT,59701-8616,owner-name keyword: FOLEY; Foley surname/RCCC token without entity or address corroboration,unrelated,False,2026,868715,0000423700,Improved Property,,,"LITTLE MINA LODE, S12, T03 N, R08 W, Lot 8 - 9",LITTLE MINA LODE,Rock Creek Cattle Company / Foley
ROCK CREEK CATTLE COMPANY / FOLEY,18032524113030000,FOLEY TRAVIS & TORI WINN,0.132,Beaverhead,931 W 9100 N,,,TETONIA,ID,83452-4965,owner-name keyword: FOLEY; Foley surname/RCCC token without entity or address corroboration,unrelated,False,2026,1561316,0000194549,Improved Property,,,"S24, T07 S, R09 W, C.O.S. 1861BA, ACRES 0.132, LOT 17A",,Rock Creek Cattle Company / Foley
ROCK CREEK CATTLE COMPANY / FOLEY,28167703101110000,DEVLIN THOMAS R,0.128,Powell,1313 N WEBB RD STE 100,,,WICHITA,KS,67206-4070,legal/subdivision context contains ROCK CREEK CATTLE COMPANY; owner field is not a confirmed developer entity; treated as individually owned member/homeowner or other nondeveloper parcel,unrelated,False,2026,1204261,0000205201,Improved Property,,,"ROCK CREEK CATTLE COMPANY, S03, T08 N, R10 W, Lot 1, HOME RANCH DEV PHASE 1, AMENDED PLAT C-590",ROCK CREEK CATTLE COMPANY,Rock Creek Cattle Company / Foley
ROCK CREEK CATTLE COMPANY / FOLEY,28167703101130000,LINEHAN MARK D,0.128,Powell,301 PAULY DR,,,DEER LODGE,MT,59722-9636,legal/subdivision context contains ROCK CREEK CATTLE COMPANY; owner field is not a confirmed developer entity; treated as individually owned member/homeowner or other nondeveloper parcel,unrelated,False,2026,1204428,0000205303,Improved Property,,,"ROCK CREEK CATTLE COMPANY, S03, T08 N, R10 W, Lot 3, ACRES 0.128, HOME RANCH DEV PHASE 1, AMENDED PLAT C-590",ROCK CREEK CATTLE COMPANY,Rock Creek Cattle Company / Foley
ROCK CREEK CATTLE COMPANY / FOLEY,01119819417030000,FOLEY CHRISTIAN DANIELLE,0.126,Silver Bow,1811 A ST,,,BUTTE,MT,59701-6010,owner-name keyword: FOLEY; Foley surname/RCCC token without entity or address corroboration,unrelated,False,2026,867195,0000309500,Improved Property,,,"MAYFLOWER ADD, S19, T03 N, R07 W, BLOCK 1, Lot 8, E 26' OF 9",MAYFLOWER ADD,Rock Creek Cattle Company / Foley
ROCK CREEK CATTLE COMPANY / FOLEY,01119714430140000,FOLEY DANIEL PATRICK,0.115,Silver Bow,910 W PORPHYRY ST,,,BUTTE,MT,59701-2226,owner-name keyword: FOLEY; Foley surname/RCCC token without entity or address corroboration,unrelated,False,2026,869763,0000510700,Improved Property,,,"WEST END ADD, S14, T03 N, R08 W, E 20' OF LOT 2, ALL OF LOT 3, RESERVE LODE - POR OF L",WEST END ADD,Rock Creek Cattle Company / Foley
ROCK CREEK CATTLE COMPANY / FOLEY,28167703101200000,CRONENBOLD FAMILY TRUST,0.114,Powell,763 HOT SPRINGS RD,,,MONTECITO,CA,93108-1106,legal/subdivision context contains ROCK CREEK CATTLE COMPANY; owner field is not a confirmed developer entity; treated as individually owned member/homeowner or other nondeveloper parcel,unrelated,False,2026,1204429,0000205310,Improved Property,,,"ROCK CREEK CATTLE COMPANY, S03, T08 N, R10 W, Lot 10, HOME RANCH DEV PHASE 1, AMENDED PLAT C-590",ROCK CREEK CATTLE COMPANY,Rock Creek Cattle Company / Foley
ROCK CREEK CATTLE COMPANY / FOLEY,28167703101230000,PARK ANTHONY J & DEBORAH L (TRUSTEES),0.114,Powell,4508 SWILCAN BRIDGE LN N,,,JACKSONVILLE,FL,32224-5617,legal/subdivision context contains ROCK CREEK CATTLE COMPANY; owner field is not a confirmed developer entity; treated as individually owned member/homeowner or other nondeveloper parcel,unrelated,False,2026,1204392,0000205213,Improved Property,,,"ROCK CREEK CATTLE COMPANY, S03, T08 N, R10 W, Lot 13, ACRES 0.114, HOME RANCH DEV PHASE 1, AMENDED PLAT C-590",ROCK CREEK CATTLE COMPANY,Rock Creek Cattle Company / Foley
ROCK CREEK CATTLE COMPANY / FOLEY,28167703101220000,SARRAFIAN ZAREH & CARRIE,0.114,Powell,6937 WYNDHAM HILL DR,,,RIVERSIDE,CA,92506-7503,legal/subdivision context contains ROCK CREEK CATTLE COMPANY; owner field is not a confirmed developer entity; treated as individually owned member/homeowner or other nondeveloper parcel,unrelated,False,2026,1204391,0000205212,Improved Property,,,"ROCK CREEK CATTLE COMPANY, S03, T08 N, R10 W, Lot 12, ACRES 0.114, HOME RANCH DEV PHASE 1, AMENDED PLAT C-590",ROCK CREEK CATTLE COMPANY,Rock Creek Cattle Company / Foley
ROCK CREEK CATTLE COMPANY / FOLEY,28167703101240000,VINTAGE TRUST II,0.114,Powell,1400 NEWPORT CENTER DR STE 230,,,NEWPORT BEACH,CA,92660-0946,legal/subdivision context contains ROCK CREEK CATTLE COMPANY; owner field is not a confirmed developer entity; treated as individually owned member/homeowner or other nondeveloper parcel,unrelated,False,2026,1204393,0000205214,Improved Property,,PICKUP TODD MARTIN TRUSTEE,"ROCK CREEK CATTLE COMPANY, S03, T08 N, R10 W, Lot 14, ACRES 0.114, HOME RANCH DEV PHASE 1, AMENDED PLAT C-590",ROCK CREEK CATTLE COMPANY,Rock Creek Cattle Company / Foley
ROCK CREEK CATTLE COMPANY / FOLEY,12444105303060000,SHERRY M FOLEY LIVING TRUST,0.11,Hill,301 2ND ST W,,,HAVRE,MT,59501-3439,owner-name keyword: FOLEY; Foley surname/RCCC token without entity or address corroboration,unrelated,False,2026,833746,0000618601,Improved Property,,,"AUSTIN WEST, S05, T32 N, R16 E, BLOCK 002, Lot 023, S 85' OF LOTS 23 & 24",AUSTIN WEST,Rock Creek Cattle Company / Foley
ROCK CREEK CATTLE COMPANY / FOLEY,05188831138310000,7075 REAL ESTATE LLC,0.107,Lewis and Clark,707 5TH AVE,,,HELENA,MT,59601-4361,candidate generator only,unrelated,False,2026,543441,0000002982,Improved Property,,FOLEY CHRIS,"BLAKE ADDN AMENDED, S31, T10 N, R03 W, BLOCK H, Lot 7",BLAKE ADDN AMENDED,Rock Creek Cattle Company / Foley
ROCK CREEK CATTLE COMPANY / FOLEY,04220029102180000,FOLEY KATHLEEN V,0.103,Missoula,PO BOX 9452,,,MISSOULA,MT,59807-9452,owner-name keyword: FOLEY; Foley surname/RCCC token without entity or address corroboration,unrelated,False,2026,356226,0003338006,Improved Property,,,"DALY'S ADDITION, S29, T13 N, R19 W, BLOCK 69, Lot 11 - 12",DALY'S ADDITION,Rock Creek Cattle Company / Foley
ROCK CREEK CATTLE COMPANY / FOLEY,28167703101210000,FARGO AYAD & TRIXIE,0.092,Powell,30654 COUNTRY RD,,,REDLANDS,CA,92374-7621,legal/subdivision context contains ROCK CREEK CATTLE COMPANY; owner field is not a confirmed developer entity; treated as individually owned member/homeowner or other nondeveloper parcel,unrelated,False,2026,1204390,0000205211,Improved Property,,,"ROCK CREEK CATTLE COMPANY, S03, T08 N, R10 W, Lot 11, ACRES 0.092, HOME RANCH DEV PHASE 1, AMENDED PLAT C-590",ROCK CREEK CATTLE COMPANY,Rock Creek Cattle Company / Foley
ROCK CREEK CATTLE COMPANY / FOLEY,01119724407140000,FOLEY JOHN PATRICK,0.092,Silver Bow,2202 PLACER ST,,,BUTTE,MT,59701,owner-name keyword: FOLEY; Foley surname/RCCC token without entity or address corroboration,unrelated,False,2026,855002,0001363500,Improved Property,,,"MONTANA AVENUE ADD, S24, T03 N, R08 W, BLOCK 6, Lot 1",MONTANA AVENUE ADD,Rock Creek Cattle Company / Foley
ROCK CREEK CATTLE COMPANY / FOLEY,28177534301255000,CAHOON JOHN B IV,0.08,Powell,15735 CAMINO DEL CERRO,,,LOS GATOS,CA,95032-3723,legal/subdivision context contains ROCK CREEK CATTLE COMPANY; owner field is not a confirmed developer entity; treated as individually owned member/homeowner or other nondeveloper parcel,unrelated,False,2026,1488919,0000500804,Townhouse,,,"ROCK CREEK CATTLE COMPANY, S34, T09 N, R10 W, Lot 9D, ACRES 0.08, HOME RANCH DEV, PHASE 4, AMENDED PLAT COS 761RB",ROCK CREEK CATTLE COMPANY,Rock Creek Cattle Company / Foley
ROCK CREEK CATTLE COMPANY / FOLEY,01119714419150000,FOLEY JOHN PATRICK,0.08,Silver Bow,1310 W GOLD ST,,,BUTTE,MT,59701-2112,owner-name keyword: FOLEY; Foley surname/RCCC token without entity or address corroboration,unrelated,False,2026,868712,0000423400,Improved Property,,,"SCHOOL OF MINES ADD, S14, T03 N, R08 W, BLOCK 7, W10' LOT 2 & E 25' OF LOT 3",SCHOOL OF MINES ADD,Rock Creek Cattle Company / Foley
ROCK CREEK CATTLE COMPANY / FOLEY,28177534301295000,PEACH CAMERON AND ERIKA REVOCABLE TRUST,0.08,Powell,6 GEM AVE,,,LOS GATOS,CA,95030-6329,legal/subdivision context contains ROCK CREEK CATTLE COMPANY; owner field is not a confirmed developer entity; treated as individually owned member/homeowner or other nondeveloper parcel,unrelated,False,2026,1488921,0000500808,Townhouse,,PEACH CAMERON S TRUSTEE,"ROCK CREEK CATTLE COMPANY, S34, T09 N, R10 W, Lot 9F, ACRES 0.08, HOME RANCH DEV, PHASE 4, AMENDED PLAT COS 761RB",ROCK CREEK CATTLE COMPANY,Rock Creek Cattle Company / Foley
ROCK CREEK CATTLE COMPANY / FOLEY,04220016109200000,FOLEY KATHERINE G,0.075,Missoula,PO BOX 801,,,LOLO,MT,59847-0801,owner-name keyword: FOLEY; Foley surname/RCCC token without entity or address corroboration,unrelated,False,2026,356246,0003340005,Townhouse,,,"S16, T13 N, R19 W, C.O.S. EXECUTIVE ADDITION NO 1, PARCEL 2A",,Rock Creek Cattle Company / Foley
ROCK CREEK CATTLE COMPANY / FOLEY,01119712314170000,FOLEY WILLIAM J & KIMBERLY,0.073,Silver Bow,804 ZARELDA ST,,,BUTTE,MT,59701-8544,owner-name keyword: FOLEY; Foley surname/RCCC token without entity or address corroboration,unrelated,False,2026,869903,0000522700,Improved Property,,,"KENWOOD ADD, S12, T03 N, R08 W, BLOCK 3, Lot 3, E2' OF L T 4",KENWOOD ADD,Rock Creek Cattle Company / Foley
ROCK CREEK CATTLE COMPANY / FOLEY,28177534403055000,ENGLAND BRANDT A TRUSTEE,0.07,Powell,1500 SAN JUAN HILLS DR UNIT 104,,,LAS VEGAS,NV,89134-6394,legal/subdivision context contains ROCK CREEK CATTLE COMPANY; owner field is not a confirmed developer entity; treated as individually owned member/homeowner or other nondeveloper parcel,unrelated,False,2026,1488942,0000500844,Townhouse,,,"ROCK CREEK CATTLE COMPANY, S34, T09 N, R10 W, Lot 6E, ACRES 0.07, HOME RANCH DEV, PHASE 4, AMENDED PLAT 754RB",ROCK CREEK CATTLE COMPANY,Rock Creek Cattle Company / Foley
ROCK CREEK CATTLE COMPANY / FOLEY,28177534301275000,FURTADO 1998 REVOCABLE TRUST,0.07,Powell,12575 WATSONVILLE RD,,,MORGAN HILL,CA,95037-9417,legal/subdivision context contains ROCK CREEK CATTLE COMPANY; owner field is not a confirmed developer entity; treated as individually owned member/homeowner or other nondeveloper parcel,unrelated,False,2026,1488920,0000500806,Townhouse,,,"ROCK CREEK CATTLE COMPANY, S34, T09 N, R10 W, Lot 9E, ACRES 0.07, HOME RANCH DEV, PHASE 4, AMENDED PLAT COS 761RB",ROCK CREEK CATTLE COMPANY,Rock Creek Cattle Company / Foley
ROCK CREEK CATTLE COMPANY / FOLEY,28177534403095000,YELLOWSTONE REID RANCH LLC,0.07,Powell,1829 PEACEFUL VALLEY RD,,,BANDERA,TX,78003-5964,legal/subdivision context contains ROCK CREEK CATTLE COMPANY; owner field is not a confirmed developer entity; treated as individually owned member/homeowner or other nondeveloper parcel,unrelated,False,2026,1488944,0000500848,Townhouse,,,"ROCK CREEK CATTLE COMPANY, S34, T09 N, R10 W, Lot 6D, ACRES 0.07, HOME RANCH DEV, PHASE 4, AMENDED PLAT 754RB",ROCK CREEK CATTLE COMPANY,Rock Creek Cattle Company / Foley
ROCK CREEK CATTLE COMPANY / FOLEY,01119831240030000,FOLEY BETHANNEY &,0.069,Silver Bow,3740 S WYOMING ST,,,BUTTE,MT,59701-6706,owner-name keyword: FOLEY; Foley surname/RCCC token without entity or address corroboration,unrelated,False,2026,851998,0001068200,Improved Property,,,"SAINT PAUL TOWNSITE, S31, T03 N, R07 W, BLOCK 10, Lot 3, 3000 SQUARE FEET",SAINT PAUL TOWNSITE,Rock Creek Cattle Company / Foley
ROCK CREEK CATTLE COMPANY / FOLEY,01119713215120000,FOLEY ROBIN &,0.065,Silver Bow,3390 QUINCY ST,,,BUTTE,MT,59701-4446,owner-name keyword: FOLEY; Foley surname/RCCC token without entity or address corroboration,unrelated,False,2026,866793,0000273500,Improved Property,,,"COLUMBIA ADD, S13, T03 N, R08 W, BLOCK 1, Lot 6",COLUMBIA ADD,Rock Creek Cattle Company / Foley
ROCK CREEK CATTLE COMPANY / FOLEY,03092720206270000,"FOLEY, SEAN  & MONICA",0.065,Yellowstone,406 GIFFORD DR,,,COPPELL,TX,75019-7535,owner-name keyword: FOLEY; Foley surname/RCCC token without entity or address corroboration,unrelated,False,2026,227303,000A339280,Improved Property,,,"JOSEPHINE CROSSING SUB, S20, T01 S, R26 E, BLOCK 5, Lot 14A1, AMD (13)",JOSEPHINE CROSSING SUB,Rock Creek Cattle Company / Foley
ROCK CREEK CATTLE COMPANY / FOLEY,28177534403175000,ANDERSON DICK,0.06,Powell,1800 LODGEPOLE RD,,,HELENA,MT,59601-5835,legal/subdivision context contains ROCK CREEK CATTLE COMPANY; owner field is not a confirmed developer entity; treated as individually owned member/homeowner or other nondeveloper parcel,unrelated,False,2026,1488948,0000500856,Townhouse,,,"ROCK CREEK CATTLE COMPANY, S34, T09 N, R10 W, Lot 8B, ACRES 0.06, HOME RANCH DEV, PHASE 4, PLAT C-597",ROCK CREEK CATTLE COMPANY,Rock Creek Cattle Company / Foley
ROCK CREEK CATTLE COMPANY / FOLEY,28167703301125000,AYILA LLC,0.06,Powell,150 FAIRVIEW RD STE 333,,,MOORESVILLE,NC,28117-9513,legal/subdivision context contains ROCK CREEK CATTLE COMPANY; owner field is not a confirmed developer entity; treated as individually owned member/homeowner or other nondeveloper parcel,unrelated,False,2026,1563311,0000703453,Townhouse,,,"ROCK CREEK CATTLE COMPANY, S03, T08 N, R10 W, Lot 68A, ACRES 0.06, HOME RANCH DEV PHASE 3, AMENDED PLAT C-614",ROCK CREEK CATTLE COMPANY,Rock Creek Cattle Company / Foley
ROCK CREEK CATTLE COMPANY / FOLEY,28177534301355000,CAHOON JOHN B IV & MELISSA R TRUSTEES,0.06,Powell,15735 CAMINO DEL CERRO,,,LOS GATOS,CA,95032-3723,legal/subdivision context contains ROCK CREEK CATTLE COMPANY; owner field is not a confirmed developer entity; treated as individually owned member/homeowner or other nondeveloper parcel,unrelated,False,2026,1488924,0000500814,Townhouse,,,"ROCK CREEK CATTLE COMPANY, S34, T09 N, R10 W, Lot 11A, ACRES 0.06, HOME RANCH DEV, PHASE 4, PLAT C-597",ROCK CREEK CATTLE COMPANY,Rock Creek Cattle Company / Foley
ROCK CREEK CATTLE COMPANY / FOLEY,28167703301215000,COWBOY UP ALPINE LLC,0.06,Powell,PO BOX 3809,,,ALPINE,WY,83128-0809,legal/subdivision context contains ROCK CREEK CATTLE COMPANY; owner field is not a confirmed developer entity; treated as individually owned member/homeowner or other nondeveloper parcel,unrelated,False,2026,1563318,0000706561,Townhouse,,,"ROCK CREEK CATTLE COMPANY, S03, T08 N, R10 W, Lot 64B, ACRES 0.06, HOME RANCH DEV PHASE 3, AMENDED PLAT C-614",ROCK CREEK CATTLE COMPANY,Rock Creek Cattle Company / Foley
ROCK CREEK CATTLE COMPANY / FOLEY,28177534403155000,CRONENBOLD FAMILY TRUST THE,0.06,Powell,763 HOT SPRINGS RD,,,SANTA BARBARA,CA,93108-1106,legal/subdivision context contains ROCK CREEK CATTLE COMPANY; owner field is not a confirmed developer entity; treated as individually owned member/homeowner or other nondeveloper parcel,unrelated,False,2026,1488947,0000500854,Townhouse,,,"ROCK CREEK CATTLE COMPANY, S34, T09 N, R10 W, Lot 8A, ACRES 0.06, HOME RANCH DEV, PHASE 4, PLAT C-597",ROCK CREEK CATTLE COMPANY,Rock Creek Cattle Company / Foley
ROCK CREEK CATTLE COMPANY / FOLEY,28167703301185000,G THOMAS LANG REVOCABLE TRUST &,0.06,Powell,20619 BROWN RD,,,SAEGERTOWN,PA,16433-6019,legal/subdivision context contains ROCK CREEK CATTLE COMPANY; owner field is not a confirmed developer entity; treated as individually owned member/homeowner or other nondeveloper parcel,unrelated,False,2026,1563316,0000205910,Townhouse,,LANG G THOMAS TRUSTEE,"ROCK CREEK CATTLE COMPANY, S03, T08 N, R10 W, Lot 65B, ACRES 0.06, HOME RANCH DEV PHASE 3, AMENDED PLAT C-614",ROCK CREEK CATTLE COMPANY,Rock Creek Cattle Company / Foley
ROCK CREEK CATTLE COMPANY / FOLEY,28167703301135000,GARDNER ERIC JAMES & JENNIFER MARY TRUSTEES,0.06,Powell,10399 CORFU DR,,,ELK GROVE,CA,95624-9683,legal/subdivision context contains ROCK CREEK CATTLE COMPANY; owner field is not a confirmed developer entity; treated as individually owned member/homeowner or other nondeveloper parcel,unrelated,False,2026,1563312,0000860300,Townhouse,,,"ROCK CREEK CATTLE COMPANY, S03, T08 N, R10 W, Lot 67B, ACRES 0.06, HOME RANCH DEV PHASE 3, AMENDED PLAT C-614",ROCK CREEK CATTLE COMPANY,Rock Creek Cattle Company / Foley
ROCK CREEK CATTLE COMPANY / FOLEY,28167703301145000,HAMM RC JR FAMILY TRUST,0.06,Powell,12014 TIMBERLAKE CT,,,DALLAS,TX,75230-2224,legal/subdivision context contains ROCK CREEK CATTLE COMPANY; owner field is not a confirmed developer entity; treated as individually owned member/homeowner or other nondeveloper parcel,unrelated,False,2026,1563313,0000860461,Townhouse,,,"ROCK CREEK CATTLE COMPANY, S03, T08 N, R10 W, Lot 67A, ACRES 0.06, HOME RANCH DEV PHASE 3, AMENDED PLAT C-614",ROCK CREEK CATTLE COMPANY,Rock Creek Cattle Company / Foley
ROCK CREEK CATTLE COMPANY / FOLEY,28177534301315000,HICKS GARRY L TRUSTEE,0.06,Powell,1243 MORNING GLORY ST,,,HELENA,MT,59601-5666,legal/subdivision context contains ROCK CREEK CATTLE COMPANY; owner field is not a confirmed developer entity; treated as individually owned member/homeowner or other nondeveloper parcel,unrelated,False,2026,1488922,0000500810,Townhouse,,,"ROCK CREEK CATTLE COMPANY, S34, T09 N, R10 W, Lot 10A, ACRES 0.06, HOME RANCH DEV, PHASE 4, PLAT C-597",ROCK CREEK CATTLE COMPANY,Rock Creek Cattle Company / Foley
ROCK CREEK CATTLE COMPANY / FOLEY,28167703301175000,K & K FAMILY TRUST &,0.06,Powell,5917 NW MICHAELBROOK LN,,,CAMAS,WA,98607-9151,legal/subdivision context contains ROCK CREEK CATTLE COMPANY; owner field is not a confirmed developer entity; treated as individually owned member/homeowner or other nondeveloper parcel,unrelated,False,2026,1563315,0000860464,Townhouse,,,"ROCK CREEK CATTLE COMPANY, S03, T08 N, R10 W, Lot 66A, ACRES 0.06, HOME RANCH DEV PHASE 3, AMENDED PLAT C-614",ROCK CREEK CATTLE COMPANY,Rock Creek Cattle Company / Foley
ROCK CREEK CATTLE COMPANY / FOLEY,28167703301165000,MILLER JOEY & KRISTEN,0.06,Powell,817 GUMNUT GRV,,,NEW BRAUNFELS,TX,78132-3889,legal/subdivision context contains ROCK CREEK CATTLE COMPANY; owner field is not a confirmed developer entity; treated as individually owned member/homeowner or other nondeveloper parcel,unrelated,False,2026,1563314,0000860467,Townhouse,,,"ROCK CREEK CATTLE COMPANY, S03, T08 N, R10 W, Lot 66B, ACRES 0.06, HOME RANCH DEV PHASE 3, AMENDED PLAT C-614",ROCK CREEK CATTLE COMPANY,Rock Creek Cattle Company / Foley
ROCK CREEK CATTLE COMPANY / FOLEY,28177534301335000,NORDLUND RICHARD J,0.06,Powell,PO BOX 50739,,,SANTA BARBARA,CA,93150-0739,legal/subdivision context contains ROCK CREEK CATTLE COMPANY; owner field is not a confirmed developer entity; treated as individually owned member/homeowner or other nondeveloper parcel,unrelated,False,2026,1488923,0000500812,Townhouse,,,"ROCK CREEK CATTLE COMPANY, S34, T09 N, R10 W, Lot 10B, ACRES 0.06, HOME RANCH DEV, PHASE 4, PLAT C-597",ROCK CREEK CATTLE COMPANY,Rock Creek Cattle Company / Foley
ROCK CREEK CATTLE COMPANY / FOLEY,28167703301115000,PATE JOHN R & SUSAN J TRUSTEES,0.06,Powell,1840 EUCALYPTUS HILL RD,,,SANTA BARBARA,CA,93108-1829,legal/subdivision context contains ROCK CREEK CATTLE COMPANY; owner field is not a confirmed developer entity; treated as individually owned member/homeowner or other nondeveloper parcel,unrelated,False,2026,1563310,0000706514,Townhouse,,,"ROCK CREEK CATTLE COMPANY, S03, T08 N, R10 W, Lot 68B, ACRES 0.06, HOME RANCH DEV PHASE 3, AMENDED PLAT C-614",ROCK CREEK CATTLE COMPANY,Rock Creek Cattle Company / Foley
ROCK CREEK CATTLE COMPANY / FOLEY,28177534301375000,PEACH CAMERON TRUSTEE,0.06,Powell,6 GEM AVE,,,LOS GATOS,CA,95030-6329,legal/subdivision context contains ROCK CREEK CATTLE COMPANY; owner field is not a confirmed developer entity; treated as individually owned member/homeowner or other nondeveloper parcel,unrelated,False,2026,1488925,0000500816,Townhouse,,,"ROCK CREEK CATTLE COMPANY, S34, T09 N, R10 W, Lot 11B, ACRES 0.06, HOME RANCH DEV, PHASE 4, PLAT C-597",ROCK CREEK CATTLE COMPANY,Rock Creek Cattle Company / Foley
ROCK CREEK CATTLE COMPANY / FOLEY,28167703301225000,RCCCMT LLC,0.06,Powell,7542 COLGATE AVE,,,DALLAS,TX,75225-4509,legal/subdivision context contains ROCK CREEK CATTLE COMPANY; owner field is not a confirmed developer entity; treated as individually owned member/homeowner or other nondeveloper parcel,unrelated,False,2026,1563319,0000706516,Townhouse,,,"ROCK CREEK CATTLE COMPANY, S03, T08 N, R10 W, Lot 64A, ACRES 0.06, HOME RANCH DEV PHASE 3, AMENDED PLAT C-614",ROCK CREEK CATTLE COMPANY,Rock Creek Cattle Company / Foley
ROCK CREEK CATTLE COMPANY / FOLEY,28177534403115000,WILLIAMS CHRISTOPHER JB & KRISTINE C CO-TTEE,0.06,Powell,PO BOX 2708,,,NAPLES,FL,34106-2708,legal/subdivision context contains ROCK CREEK CATTLE COMPANY; owner field is not a confirmed developer entity; treated as individually owned member/homeowner or other nondeveloper parcel,unrelated,False,2026,1488945,0000500850,Townhouse,,,"ROCK CREEK CATTLE COMPANY, S34, T09 N, R10 W, Lot 7A, ACRES 0.06, HOME RANCH DEV, PHASE 4, PLAT C-597",ROCK CREEK CATTLE COMPANY,Rock Creek Cattle Company / Foley
ROCK CREEK CATTLE COMPANY / FOLEY,28177534403135000,WILLIAMS CHRISTOPHER JB & KRISTINE C TRUSTEES,0.06,Powell,PO BOX 2708,,,NAPLES,FL,34106-2708,legal/subdivision context contains ROCK CREEK CATTLE COMPANY; owner field is not a confirmed developer entity; treated as individually owned member/homeowner or other nondeveloper parcel,unrelated,False,2026,1488946,0000500582,Townhouse,,,"ROCK CREEK CATTLE COMPANY, S34, T09 N, R10 W, Lot 7B, ACRES 0.06, HOME RANCH DEV, PHASE 4, PLAT C-597",ROCK CREEK CATTLE COMPANY,Rock Creek Cattle Company / Foley
ROCK CREEK CATTLE COMPANY / FOLEY,06079918340025093,FOLEY MATTHEW W &,0.054,Gallatin,1623 S BLACK AVE,,,BOZEMAN,MT,59715-5701,owner-name keyword: FOLEY; Foley surname/RCCC token without entity or address corroboration,unrelated,False,2026,620932,00RGH21458,Townhouse,,,"WOODBROOK TOWNHOUSES PH 3A, S18, T02 S, R06 E, Lot 93, PLAT J-78-B  PLUS OPEN SPACE",WOODBROOK TOWNHOUSES PH 3A,Rock Creek Cattle Company / Foley
ROCK CREEK CATTLE COMPANY / FOLEY,28167703101195001,BLACKROCK EQUITIES LC,0.04,Powell,PO BOX 1275,,,HERMOSA BEACH,CA,90254-1275,legal/subdivision context contains ROCK CREEK CATTLE COMPANY; owner field is not a confirmed developer entity; treated as individually owned member/homeowner or other nondeveloper parcel,unrelated,False,2026,1204338,0000205334,Townhouse,,,"ROCK CREEK CATTLE COMPANY, S03, T08 N, R10 W, Lot 7B, HOME RANCH DEV PHASE 1, AMENDED PLAT C-590",ROCK CREEK CATTLE COMPANY,Rock Creek Cattle Company / Foley
ROCK CREEK CATTLE COMPANY / FOLEY,28167703101175001,LUCERO FAMILY TRUST,0.04,Powell,9151 BELCARO DR,,,HUNTINGTON BEACH,CA,92646-6320,legal/subdivision context contains ROCK CREEK CATTLE COMPANY; owner field is not a confirmed developer entity; treated as individually owned member/homeowner or other nondeveloper parcel,unrelated,False,2026,1204334,0000205326,Townhouse,,,"ROCK CREEK CATTLE COMPANY, S03, T08 N, R10 W, Lot 9B, HOME RANCH DEV PHASE 1, AMENDED PLAT C-590",ROCK CREEK CATTLE COMPANY,Rock Creek Cattle Company / Foley
ROCK CREEK CATTLE COMPANY / FOLEY,28167703101185000,MARTINEZ JOHN DOUGLAS,0.04,Powell,2115 VIA GAVILAN,,,SAN CLEMENTE,CA,92673-5641,legal/subdivision context contains ROCK CREEK CATTLE COMPANY; owner field is not a confirmed developer entity; treated as individually owned member/homeowner or other nondeveloper parcel,unrelated,False,2026,1204335,0000205328,Townhouse,,,"ROCK CREEK CATTLE COMPANY, S03, T08 N, R10 W, Lot 8A, HOME RANCH DEV PHASE 1, AMENDED PLAT C-590",ROCK CREEK CATTLE COMPANY,Rock Creek Cattle Company / Foley
ROCK CREEK CATTLE COMPANY / FOLEY,28167703101185001,NEVELL LIVING TRUST,0.04,Powell,3001 ENTERPRISE ST,,,BREA,CA,92821-6209,legal/subdivision context contains ROCK CREEK CATTLE COMPANY; owner field is not a confirmed developer entity; treated as individually owned member/homeowner or other nondeveloper parcel,unrelated,False,2026,1204336,0000205330,Townhouse,,NEVELL MICHAEL J TRUSTEE,"ROCK CREEK CATTLE COMPANY, S03, T08 N, R10 W, Lot 8B, HOME RANCH DEV PHASE 1, AMENDED PLAT C-590",ROCK CREEK CATTLE COMPANY,Rock Creek Cattle Company / Foley
ROCK CREEK CATTLE COMPANY / FOLEY,28167703101195000,NEVELL MICHAEL J & SUSAN D LIVING TRUST,0.04,Powell,3001 ENTERPRISE ST,,,BREA,CA,92821-6209,legal/subdivision context contains ROCK CREEK CATTLE COMPANY; owner field is not a confirmed developer entity; treated as individually owned member/homeowner or other nondeveloper parcel,unrelated,False,2026,1204337,0000205332,Townhouse,,,"ROCK CREEK CATTLE COMPANY, S03, T08 N, R10 W, Lot 7A, HOME RANCH DEV PHASE 1, AMENDED PLAT C-590",ROCK CREEK CATTLE COMPANY,Rock Creek Cattle Company / Foley
ROCK CREEK CATTLE COMPANY / FOLEY,28167703101175000,OPITZ DAVID,0.04,Powell,2822 CARLA JO LN,,,MISSOULA,MT,59803-2921,legal/subdivision context contains ROCK CREEK CATTLE COMPANY; owner field is not a confirmed developer entity; treated as individually owned member/homeowner or other nondeveloper parcel,unrelated,False,2026,1204333,0000205324,Townhouse,,,"ROCK CREEK CATTLE COMPANY, S03, T08 N, R10 W, Lot 9A, HOME RANCH DEV PHASE 1, AMENDED PLAT C-590",ROCK CREEK CATTLE COMPANY,Rock Creek Cattle Company / Foley
ROCK CREEK CATTLE COMPANY / FOLEY,28167703101145000,HEY AMIGO 4A LLC,0.038,Powell,291 BENTWOOD DR,,,SPRING BRANCH,TX,78070-6027,legal/subdivision context contains ROCK CREEK CATTLE COMPANY; owner field is not a confirmed developer entity; treated as individually owned member/homeowner or other nondeveloper parcel,unrelated,False,2026,1204327,0000205312,Townhouse,,,"ROCK CREEK CATTLE COMPANY, S03, T08 N, R10 W, Lot 4A, HOME RANCH DEV PHASE 1, AMENDED PLAT C-590",ROCK CREEK CATTLE COMPANY,Rock Creek Cattle Company / Foley
ROCK CREEK CATTLE COMPANY / FOLEY,28167703101145001,HEY AMIGO LLC,0.038,Powell,291 BENTWOOD DR,,,SPRING BRANCH,TX,78070-6027,legal/subdivision context contains ROCK CREEK CATTLE COMPANY; owner field is not a confirmed developer entity; treated as individually owned member/homeowner or other nondeveloper parcel,unrelated,False,2026,1204328,0000205314,Townhouse,,,"ROCK CREEK CATTLE COMPANY, S03, T08 N, R10 W, Lot 4B, ACRES 0.038, HOME RANCH DEV PHASE 1, AMENDED PLAT C-590",ROCK CREEK CATTLE COMPANY,Rock Creek Cattle Company / Foley
ROCK CREEK CATTLE COMPANY / FOLEY,28167703101155001,NEVELL TODD F & KATHERINE M,0.038,Powell,1451 WELLINGTON AVE,,,PASADENA,CA,91103-2320,legal/subdivision context contains ROCK CREEK CATTLE COMPANY; owner field is not a confirmed developer entity; treated as individually owned member/homeowner or other nondeveloper parcel,unrelated,False,2026,1204330,0000205318,Townhouse,,,"ROCK CREEK CATTLE COMPANY, S03, T08 N, R10 W, Lot 5B, HOME RANCH DEV PHASE 1, AMENDED PLAT C-590",ROCK CREEK CATTLE COMPANY,Rock Creek Cattle Company / Foley
ROCK CREEK CATTLE COMPANY / FOLEY,28167703101165001,RCCC BIGSKY 1 LLC,0.038,Powell,6595 W PLANTATION LN,,,BOISE,ID,83703-2644,known homeowner/common-area/legacy entity; excluded,unrelated,False,2026,1204339,0000205322,Townhouse,,,"ROCK CREEK CATTLE COMPANY, S03, T08 N, R10 W, Lot 6B, HOME RANCH DEV PHASE 1, AMENDED PLAT C-590",ROCK CREEK CATTLE COMPANY,Rock Creek Cattle Company / Foley
ROCK CREEK CATTLE COMPANY / FOLEY,28167703101165000,ROCK CREEK WELCH LYNCH LLC,0.038,Powell,61339 TRIPLE KNOT RD,,,BEND,OR,97702-3621,legal/subdivision context contains ROCK CREEK CATTLE COMPANY; owner field is not a confirmed developer entity; treated as individually owned member/homeowner or other nondeveloper parcel,unrelated,False,2026,1204377,0000205320,Townhouse,,,"ROCK CREEK CATTLE COMPANY, S03, T08 N, R10 W, Lot 6A, HOME RANCH DEV PHASE 1, AMENDED PLAT C-590",ROCK CREEK CATTLE COMPANY,Rock Creek Cattle Company / Foley
ROCK CREEK CATTLE COMPANY / FOLEY,28167703101155000,SPOTTED DOG 2021 LLC,0.038,Powell,2984 LAKERIDGE DR,,,LOS ANGELES,CA,90068-1808,legal/subdivision context contains ROCK CREEK CATTLE COMPANY; owner field is not a confirmed developer entity; treated as individually owned member/homeowner or other nondeveloper parcel,unrelated,False,2026,1204329,0000205316,Townhouse,,,"ROCK CREEK CATTLE COMPANY, S03, T08 N, R10 W, Lot 5A, HOME RANCH DEV PHASE 1, AMENDED PLAT C-590",ROCK CREEK CATTLE COMPANY,Rock Creek Cattle Company / Foley
ROCK CREEK CATTLE COMPANY / FOLEY,03103125440035045,"FOLEY, MONICA & SEAN",0.035,Yellowstone,406 GIFFORD DR,,,COPPELL,TX,75019-7535,owner-name keyword: FOLEY; Foley surname/RCCC token without entity or address corroboration,unrelated,False,2026,1579676,000A36409U,Townhouse,,,"SIGNAL PEAK TOWNHOMES (20), S25, T01 N, R24 E, UNIT 45, 0.7% COMMON AREA INTEREST, amd (23) LOC @ LOT 1A1 AMD COAL CREEK SUB (22)",SIGNAL PEAK TOWNHOMES (20),Rock Creek Cattle Company / Foley
ROCK CREEK CATTLE COMPANY / FOLEY,03103125440035043,"FOLEY, SEAN & MONICA",0.035,Yellowstone,406 GIFFORD DR,,,COPPELL,TX,75019-7535,owner-name keyword: FOLEY; Foley surname/RCCC token without entity or address corroboration,unrelated,False,2026,1579674,000A36409S,Townhouse,,,"SIGNAL PEAK TOWNHOMES (20), S25, T01 N, R24 E, UNIT 43, 0.7% COMMON AREA INTEREST, AMD (23) LOC @ LOT 1A1 AMD COAL CREEK SUB (22)",SIGNAL PEAK TOWNHOMES (20),Rock Creek Cattle Company / Foley
ROCK CREEK CATTLE COMPANY / FOLEY,07383536143107254,FOLEY JOHN B & JASON B,0.0,Flathead,405 PARK DR N,,,GREAT FALLS,MT,59401-2385,owner-name keyword: FOLEY; Foley surname/RCCC token without entity or address corroboration,unrelated,False,2026,490183,0000978023,Condominium,,,"MARINA CAY CONDO TR 8NA,TR 8NAA, S36, T27 N, R20 W, UNIT 254, ASSESSOR# 0000978023","MARINA CAY CONDO TR 8NA,TR 8NAA",Rock Creek Cattle Company / Foley
ROCK CREEK CATTLE COMPANY / FOLEY,02301502208187014,FOLEY KATHLEEN ANNE,0.0,Cascade,1500 5TH ST NW APT 14,,,GREAT FALLS,MT,59404-1884,owner-name keyword: FOLEY; Foley surname/RCCC token without entity or address corroboration,unrelated,False,2026,113335,0000671190,Condominium,,,"RIVERVIEW TERRACE CONDO, S02, T20 N, R03 E, UNIT 14",RIVERVIEW TERRACE CONDO,Rock Creek Cattle Company / Foley
ROCK CREEK CATTLE COMPANY / FOLEY,03103236106027024,FOLEY LOUANNE TRUSTEE,0.0,Yellowstone,26 SHADOW PL,,,BILLINGS,MT,59102-2459,owner-name keyword: FOLEY; Foley surname/RCCC token without entity or address corroboration,unrelated,False,2026,213287,000A216560,Condominium,,,"SHADOWOOD CONDOS, S36, T01 N, R25 E, UNIT 4A, 2.83047% COMMON AREA INTEREST, LOC @ LT 6 BLK 2 & LTS 11-13 BLK 3 ROCKY VILLAGE SUB",SHADOWOOD CONDOS,Rock Creek Cattle Company / Foley
ROCK CREEK CATTLE COMPANY / FOLEY,01119820108277002,FOLEY MARY NICHOLAS,0.0,Silver Bow,1702 HANCOCK AVE,,,BUTTE,MT,59701-5192,owner-name keyword: FOLEY; Foley surname/RCCC token without entity or address corroboration,unrelated,False,2026,1599327,0001929805,Condominium,,,"HANCOCK STREET CONDOMINIUM, S20, T03 N, R07 W, UNIT B, 50% COMMON AREA INTEREST",HANCOCK STREET CONDO,Rock Creek Cattle Company / Foley
ROCK CREEK CATTLE COMPANY / FOLEY,03092612218017004,"FOLEY, DAVID NEILL & GAYLE M",0.0,Yellowstone,3016 DAYSTAR DR,,,BILLINGS,MT,59102-6822,owner-name keyword: FOLEY; Foley surname/RCCC token without entity or address corroboration,unrelated,False,2026,221525,000A28733B,Condominium,,,"DAYSTAR TOWNHOMES, S12, T01 S, R25 E, UNIT 4, 25% COMMON AREA INTEREST, LTS 1A & 2A TERRA WEST SUB 3RD FILING AMD LTS 1,2,3 BLK 4",DAYSTAR TOWNHOMES,Rock Creek Cattle Company / Foley
ROCK CREEK CATTLE COMPANY / FOLEY,03103420116059008,"FOLEY, JEFFREY J",0.0,Yellowstone,4073 PINE HILLS RD,,,BILLINGS,MT,59101-7426,owner-name keyword: FOLEY; Foley surname/RCCC token without entity or address corroboration,unrelated,False,2026,1330108,0001008359,Improved Property,,,"S16, T01 N, R27 E, SERIAL 1063C, TITLE # K745759, MAKE MEDALLION, MODEL CHALLENGER, YEAR 1985, SIZE 14X51, 1522 DICKIE RD #I  101  @ D06369",,Rock Creek Cattle Company / Foley
ROCK CREEK CATTLE COMPANY / FOLEY,03092709207059022,"FOLEY, REANNE SHEREE",0.0,Yellowstone,215 CALHOUN LN TRLR 22,,,BILLINGS,MT,59101-4810,owner-name keyword: FOLEY; Foley surname/RCCC token without entity or address corroboration,unrelated,False,2026,269185,0001003643,Improved Property,,,"S09, T01 S, R26 E, SPACE 22, SERIAL 2006, TITLE # AB0237119, MAKE FLEETWOOD, MODEL BROADMORE, YEAR 1978, SIZE 14X66, @ A11251",,Rock Creek Cattle Company / Foley
ROCK CREEK CATTLE COMPANY / FOLEY,03092705205020015,"FOLEY, SEAN & MONICA",0.0,Yellowstone,406 GIFFORD DR,,,COPPELL,TX,75019-7535,owner-name keyword: FOLEY; Foley surname/RCCC token without entity or address corroboration,unrelated,False,2026,208574,000A17357N,Condominium,,,"WESTBROOK VILLAGE CONDOS, S05, T01 S, R26 E, UNIT 15, 5% COMMON AREA INTEREST, LOC @ E15' LT 1, LTS 2-8 BLK 2 VAN ORNUM SUB",WESTBROOK VILLAGE CONDOS,Rock Creek Cattle Company / Foley
ROCK CREEK CATTLE COMPANY / FOLEY,03103332422060401,"NORTHRUP, ASTRID FOLEY",0.0,Yellowstone,PO BOX 111,,,POWELL,WY,82435-0111,owner-name keyword: FOLEY; Foley surname/RCCC token without entity or address corroboration,unrelated,False,2026,219334,000A267960,Condominium,,,"PHOENIX CONDOS, S32, T01 N, R26 E, UNIT 401, 5.933% COMMON AREA INTEREST, LOC @ LT 22-24 BLK 36 FOSTER ADDITION",PHOENIX CONDOS,Rock Creek Cattle Company / Foley
ROCK CREEK CATTLE COMPANY / FOLEY,28167919101010000,CROSSROADS WINERY LP,642.82,Powell,1701 VILLAGE CENTER CIR,,,LAS VEGAS,NV,89134-6368,exact entity seed plus project/geography/address corroboration; beneficial-control review remains,strong_candidate,True,2026,1204098,0000202610,Vacant Land,,,"S19, T08 N, R08 W, ACRES 642.82, ALL",,Rock Creek Cattle Company / Foley
ROCK CREEK CATTLE COMPANY / FOLEY,28167823101010000,CROSSROADS WINERY LP,640.0,Powell,1701 VILLAGE CENTER CIR,,,LAS VEGAS,NV,89134-6368,exact entity seed plus project/geography/address corroboration; beneficial-control review remains,strong_candidate,True,2026,1204093,0000202610,Vacant Land,,,"S23, T08 N, R09 W, ACRES 640, ALL",,Rock Creek Cattle Company / Foley
ROCK CREEK CATTLE COMPANY / FOLEY,28167826101010000,CROSSROADS WINERY LP,640.0,Powell,1701 VILLAGE CENTER CIR,,,LAS VEGAS,NV,89134-6368,exact entity seed plus project/geography/address corroboration; beneficial-control review remains,strong_candidate,True,2026,1204096,0000202610,Improved Property,,,"S26, T08 N, R09 W, ACRES 640, ALL",,Rock Creek Cattle Company / Foley
ROCK CREEK CATTLE COMPANY / FOLEY,28167813101010000,CROSSROADS WINERY LP,600.0,Powell,1701 VILLAGE CENTER CIR,,,LAS VEGAS,NV,89134-6368,exact entity seed plus project/geography/address corroboration; beneficial-control review remains,strong_candidate,True,2026,1204091,0000202610,Vacant Land,,,"S13, T08 N, R09 W, ACRES 600, ALL LESS NW4NW4 AND R/W, SEE COURT DECREE BK 14, PAGE 446",,Rock Creek Cattle Company / Foley
ROCK CREEK CATTLE COMPANY / FOLEY,28167824101010000,CROSSROADS WINERY LP,300.0,Powell,1701 VILLAGE CENTER CIR,,,LAS VEGAS,NV,89134-6368,exact entity seed plus project/geography/address corroboration; beneficial-control review remains,strong_candidate,True,2026,1204095,0000202610,Vacant Land,,,"S24, T08 N, R09 W, ACRES 300, N2NE4, W2NW4, W2SW4, SE4SW4, N2NE4NW4",,Rock Creek Cattle Company / Foley
ROCK CREEK CATTLE COMPANY / FOLEY,28177526102010000,BIGHORN CATTLE RANCH LLC,276.24,Powell,1701 VILLAGE CENTER CIR,,,LAS VEGAS,NV,89134-6368,exact entity seed plus project/geography/address corroboration; beneficial-control review remains,strong_candidate,True,2026,1530315,0000504300,Improved Property,,,"S26, T09 N, R10 W, C.O.S. 794RT, ACRES 276.24, TRACT 6, IN W2E2, E2W2",,Rock Creek Cattle Company / Foley
ROCK CREEK CATTLE COMPANY / FOLEY,28177525201010000,BIGHORN CATTLE RANCH LLC,225.86,Powell,1701 VILLAGE CENTER CIR,,,LAS VEGAS,NV,89134-6368,exact entity seed plus project/geography/address corroboration; beneficial-control review remains,strong_candidate,True,2026,1530316,0000504300,Vacant Land,,,"S25, T09 N, R10 W, C.O.S. 794RT, ACRES 235.86, TRACT 8, IN N2",,Rock Creek Cattle Company / Foley
ROCK CREEK CATTLE COMPANY / FOLEY,28167822101010000,CROSSROADS WINERY LP,221.876,Powell,1701 VILLAGE CENTER CIR,,,LAS VEGAS,NV,89134-6368,exact entity seed plus project/geography/address corroboration; beneficial-control review remains,strong_candidate,True,2026,1204092,0000202610,Vacant Land,,,"S22, T08 N, R09 W, ACRES 221.876, NE4, E2NW4, E2SE4, LESS TRACTS, SEE BK 66, PAGE 621 & LESS PLAT C-562 AND PLAT C-568",,Rock Creek Cattle Company / Foley
ROCK CREEK CATTLE COMPANY / FOLEY,28167812401010000,CROSSROADS WINERY LP,160.0,Powell,1701 VILLAGE CENTER CIR,,,LAS VEGAS,NV,89134-6368,exact entity seed plus project/geography/address corroboration; beneficial-control review remains,strong_candidate,True,2026,1204090,0000202610,Vacant Land,,,"S12, T08 N, R09 W, ACRES 160, SE4SW4, W2SE4, SE4SE4",,Rock Creek Cattle Company / Foley
ROCK CREEK CATTLE COMPANY / FOLEY,28177526401010000,BIGHORN CATTLE RANCH LLC,159.48,Powell,1701 VILLAGE CENTER CIR,,,LAS VEGAS,NV,89134-6368,exact entity seed plus project/geography/address corroboration; beneficial-control review remains,strong_candidate,True,2026,1530317,0000504300,Vacant Land,,,"S26, T09 N, R10 W, C.O.S. 794RT, ACRES 159.48, TRACT 7, IN E2",,Rock Creek Cattle Company / Foley
ROCK CREEK CATTLE COMPANY / FOLEY,28177526201010000,BIGHORN CATTLE RANCH LLC,157.51,Powell,1701 VILLAGE CENTER CIR,,,LAS VEGAS,NV,89134-6368,exact entity seed plus project/geography/address corroboration; beneficial-control review remains,strong_candidate,True,2026,1207515,0000504350,Vacant Land,,,"S26, T09 N, R10 W, C.O.S. 794RT, ACRES 157.51, TRACT 5, W2W2",,Rock Creek Cattle Company / Foley
ROCK CREEK CATTLE COMPANY / FOLEY,28177526101010000,BIGHORN CATTLE RANCH LLC,155.33,Powell,1701 VILLAGE CENTER CIR,,,LAS VEGAS,NV,89134-6368,exact entity seed plus project/geography/address corroboration; beneficial-control review remains,strong_candidate,True,2026,1207513,0000504300,Vacant Land,,,"S26, T09 N, R10 W, C.O.S. 794RT, ACRES 155.33, TRACT 2, IN SEC'S 23-24 & 25-26",,Rock Creek Cattle Company / Foley
ROCK CREEK CATTLE COMPANY / FOLEY,28177523401020000,BIGHORN CATTLE RANCH LLC,76.44,Powell,1701 VILLAGE CENTER CIR,,,LAS VEGAS,NV,89134-6368,exact entity seed plus project/geography/address corroboration; beneficial-control review remains,strong_candidate,True,2026,1207510,0000504300,Vacant Land,,,"S23, T09 N, R10 W, C.O.S. 794RB, ACRES 76.44, TRACT 2, IN S2",,Rock Creek Cattle Company / Foley
ROCK CREEK CATTLE COMPANY / FOLEY,28177524301010000,BIGHORN CATTLE RANCH LLC,49.99,Powell,1701 VILLAGE CENTER CIR,,,LAS VEGAS,NV,89134-6368,exact entity seed plus project/geography/address corroboration; beneficial-control review remains,strong_candidate,True,2026,1207511,0000504300,Vacant Land,,,"S24, T09 N, R10 W, C.O.S. 794RT, ACRES 49.99, TRACT 3, IN SW4",,Rock Creek Cattle Company / Foley
ROCK CREEK CATTLE COMPANY / FOLEY,28167827101020000,CROSSROADS WINERY LP,40.0,Powell,1701 VILLAGE CENTER CIR,,,LAS VEGAS,NV,89134-6368,exact entity seed plus project/geography/address corroboration; beneficial-control review remains,strong_candidate,True,2026,1204097,0000202610,Improved Property,,,"S27, T08 N, R09 W, ACRES 40, NE4NE4",,Rock Creek Cattle Company / Foley
ROCK CREEK CATTLE COMPANY / FOLEY,28177535201010000,BIGHORN CATTLE RANCH LLC,20.36,Powell,1701 VILLAGE CENTER CIR,,,LAS VEGAS,NV,89134-6368,exact entity seed plus project/geography/address corroboration; beneficial-control review remains,strong_candidate,True,2026,1207514,0000504300,Vacant Land,,,"S35, T09 N, R10 W, C.O.S. 794RT, ACRES 20.36, TRACT 10, IN NW4",,Rock Creek Cattle Company / Foley
ROCK CREEK CATTLE COMPANY / FOLEY,28177525101010000,BIGHORN CATTLE RANCH LLC,19.614,Powell,1701 VILLAGE CENTER CIR,,,LAS VEGAS,NV,89134-6368,exact entity seed plus project/geography/address corroboration; beneficial-control review remains,strong_candidate,True,2026,1207512,0000504300,Vacant Land,,,"S25, T09 N, R10 W, C.O.S. 794 RT, ACRES 23.01, TRACT 9, IN NE4NE4",,Rock Creek Cattle Company / Foley
ROCK CREEK CATTLE COMPANY / FOLEY,28177524403010000,BIGHORN CATTLE RANCH LLC,7.04,Powell,1701 VILLAGE CENTER CIR,,,LAS VEGAS,NV,89134-6368,exact entity seed plus project/geography/address corroboration; beneficial-control review remains,strong_candidate,True,2026,1530318,0000504300,Vacant Land,,,"S24, T09 N, R10 W, C.O.S. 794RT, ACRES 7.04, TRACT 4, IN SW4SE4",,Rock Creek Cattle Company / Foley
ROCK CREEK CATTLE COMPANY / FOLEY,28188407101010000,FOLCO DEVELOPMENT CORP,641.2,Powell,1701 VILLAGE CENTER CIR,,,LAS VEGAS,NV,89134-6368,exact normalized cadastral owner match to independently supported current entity,confirmed,True,2026,1207681,0000602410,Vacant Land,,,"S07, T10 N, R06 W, ACRES 641.2, ALL",,Rock Creek Cattle Company / Foley
ROCK CREEK CATTLE COMPANY / FOLEY,28177631101010000,ROCK CREEK CATTLE COMPANY LTD,640.44,Powell,1701 VILLAGE CENTER CIRCLE,,,LAS VEGAS,NV,89134-6303,exact normalized cadastral owner match to independently supported current entity,confirmed,True,2026,1204293,0000205205,Vacant Land,,,"S31, T09 N, R09 W, ACRES 640.44, ALL",,Rock Creek Cattle Company / Foley
ROCK CREEK CATTLE COMPANY / FOLEY,28188417101010000,FOLCO DEVELOPMENT CORP,640.0,Powell,1701 VILLAGE CENTER CIR,,,LAS VEGAS,NV,89134-6368,exact normalized cadastral owner match to independently supported current entity,confirmed,True,2026,1207683,0000602410,Vacant Land,,,"S17, T10 N, R06 W, ACRES 640, ALL",,Rock Creek Cattle Company / Foley
ROCK CREEK CATTLE COMPANY / FOLEY,28177527101010000,ROCK CREEK CATTLE COMPANY LTD,640.0,Powell,C/O FIDELITY NATIONAL FINANCIAL,1701 VILLAGE CENTER CIR FL 2,,LAS VEGAS,NV,89134-6303,exact normalized cadastral owner match to independently supported current entity,confirmed,True,2026,1207388,0000500900,Vacant Land,,,"S27, T09 N, R10 W, ALL",,Rock Creek Cattle Company / Foley
ROCK CREEK CATTLE COMPANY / FOLEY,28177521101010000,ROCK CREEK CATTLE COMPANY LTD,640.0,Powell,C/O FIDELITY NATIONAL FINANCIAL,1701 VILLAGE CENTER CIR FL 2,,LAS VEGAS,NV,89134-6303,exact normalized cadastral owner match to independently supported current entity,confirmed,True,2026,1207387,0000500900,Vacant Land,,,"S21, T09 N, R10 W, ALL",,Rock Creek Cattle Company / Foley
ROCK CREEK CATTLE COMPANY / FOLEY,28167714101010000,ROCK CREEK CATTLE COMPANY LTD,640.0,Powell,1701 VILLAGE CENTER CIR,,,LAS VEGAS,NV,89134-6303,exact normalized cadastral owner match to independently supported current entity,confirmed,True,2026,1204313,0000205210,Vacant Land,,MARTINEZ TAMMY,"S14, T08 N, R10 W, ACRES 640, ALL",,Rock Creek Cattle Company / Foley
ROCK CREEK CATTLE COMPANY / FOLEY,28167713101010000,ROCK CREEK CATTLE COMPANY LTD,640.0,Powell,1701 VILLAGE CENTER CIR,,,LAS VEGAS,NV,89134-6303,exact normalized cadastral owner match to independently supported current entity,confirmed,True,2026,1204312,0000205210,Vacant Land,,MARTINEZ TAMMY,"S13, T08 N, R10 W, ACRES 640, ALL",,Rock Creek Cattle Company / Foley
ROCK CREEK CATTLE COMPANY / FOLEY,28167817101010000,ROCK CREEK CATTLE COMPANY LTD,640.0,Powell,1701 VILLAGE CENTER CIRCLE,,,LAS VEGAS,NV,89134-6303,exact normalized cadastral owner match to independently supported current entity,confirmed,True,2026,1204283,0000205205,Vacant Land,,,"S17, T08 N, R09 W, ACRES 640, ALL",,Rock Creek Cattle Company / Foley
ROCK CREEK CATTLE COMPANY / FOLEY,28167723101010000,ROCK CREEK CATTLE COMPANY LTD,640.0,Powell,1701 VILLAGE CENTER CIR,,,LAS VEGAS,NV,89134-6303,exact normalized cadastral owner match to independently supported current entity,confirmed,True,2026,1204314,0000205210,Improved Property,,MARTINEZ TAMMY,"S23, T08 N, R10 W, ACRES 640, ALL",,Rock Creek Cattle Company / Foley
ROCK CREEK CATTLE COMPANY / FOLEY,28167724101010000,ROCK CREEK CATTLE COMPANY LTD,640.0,Powell,1701 VILLAGE CENTER CIRCLE,,,LAS VEGAS,NV,89134-6303,exact normalized cadastral owner match to independently supported current entity,confirmed,True,2026,1204276,0000205205,Vacant Land,,,"S24, T08 N, R10 W, ACRES 640, ALL",,Rock Creek Cattle Company / Foley
ROCK CREEK CATTLE COMPANY / FOLEY,28167725101010000,ROCK CREEK CATTLE COMPANY LTD,640.0,Powell,1701 VILLAGE CENTER CIRCLE,,,LAS VEGAS,NV,89134-6303,exact normalized cadastral owner match to independently supported current entity,confirmed,True,2026,1204278,0000205205,Vacant Land,,,"S25, T08 N, R10 W, ACRES 640",,Rock Creek Cattle Company / Foley
ROCK CREEK CATTLE COMPANY / FOLEY,28167715101010000,ROCK CREEK CATTLE COMPANY LTD,639.73,Powell,1701 VILLAGE CENTER CIRCLE,,,LAS VEGAS,NV,89134-6303,exact normalized cadastral owner match to independently supported current entity,confirmed,True,2026,1204275,0000205205,Vacant Land,,,"S15, T08 N, R10 W, ACRES 640, ALL",,Rock Creek Cattle Company / Foley
ROCK CREEK CATTLE COMPANY / FOLEY,28167808101010000,ROCK CREEK CATTLE COMPANY LTD,638.0,Powell,1701 VILLAGE CENTER CIR,,,LAS VEGAS,NV,89134-6303,exact normalized cadastral owner match to independently supported current entity,confirmed,True,2026,1204316,0000205210,Improved Property,,MARTINEZ TAMMY,"S08, T08 N, R09 W, ACRES 638, ALL",,Rock Creek Cattle Company / Foley
ROCK CREEK CATTLE COMPANY / FOLEY,28167819101010000,ROCK CREEK CATTLE COMPANY LTD,637.28,Powell,1701 VILLAGE CENTER CIRCLE,,,LAS VEGAS,NV,89134-6303,exact normalized cadastral owner match to independently supported current entity,confirmed,True,2026,1204284,0000205205,Vacant Land,,,"S19, T08 N, R09 W, ACRES 637.28, ALL",,Rock Creek Cattle Company / Foley
ROCK CREEK CATTLE COMPANY / FOLEY,28167818101010000,ROCK CREEK CATTLE COMPANY LTD,637.27,Powell,1701 VILLAGE CENTER CIR,,,LAS VEGAS,NV,89134-6303,exact normalized cadastral owner match to independently supported current entity,confirmed,True,2026,1204317,0000205210,Vacant Land,,MARTINEZ TAMMY,"S18, T08 N, R09 W, ACRES 637.27, ALL",,Rock Creek Cattle Company / Foley
ROCK CREEK CATTLE COMPANY / FOLEY,28167830101010000,ROCK CREEK CATTLE COMPANY LTD,635.2,Powell,1701 VILLAGE CENTER CIRCLE,,,LAS VEGAS,NV,89134-6303,exact normalized cadastral owner match to independently supported current entity,confirmed,True,2026,1204289,0000205205,Vacant Land,,,"S30, T08 N, R09 W, ACRES 635.2, ALL",,Rock Creek Cattle Company / Foley
ROCK CREEK CATTLE COMPANY / FOLEY,28167701101010000,ROCK CREEK CATTLE COMPANY LTD,634.38,Powell,1701 VILLAGE CENTER CIRCLE,,,LAS VEGAS,NV,89134-6303,exact normalized cadastral owner match to independently supported current entity,confirmed,True,2026,1204274,0000205205,Vacant Land,,,"S01, T08 N, R10 W, ACRES 634.38, ALL",,Rock Creek Cattle Company / Foley
ROCK CREEK CATTLE COMPANY / FOLEY,28167831101010000,ROCK CREEK CATTLE COMPANY LTD,631.39,Powell,1701 VILLAGE CENTER CIRCLE,,,LAS VEGAS,NV,89134-6303,exact normalized cadastral owner match to independently supported current entity,confirmed,True,2026,1204290,0000205205,Vacant Land,,,"S31, T08 N, R09 W, ACRES 631.39, ALL",,Rock Creek Cattle Company / Foley
ROCK CREEK CATTLE COMPANY / FOLEY,28167807101010000,ROCK CREEK CATTLE COMPANY LTD,631.0,Powell,1701 VILLAGE CENTER CIR,,,LAS VEGAS,NV,89134-6303,exact normalized cadastral owner match to independently supported current entity,confirmed,True,2026,1204315,0000205210,Vacant Land,,MARTINEZ TAMMY,"S07, T08 N, R09 W, ALL",,Rock Creek Cattle Company / Foley
ROCK CREEK CATTLE COMPANY / FOLEY,28167805101010000,ROCK CREEK CATTLE COMPANY LTD,628.87,Powell,1701 VILLAGE CENTER CIRCLE,,,LAS VEGAS,NV,89134-6303,exact normalized cadastral owner match to independently supported current entity,confirmed,True,2026,1204281,0000205205,Vacant Land,,,"S05, T08 N, R09 W, ACRES 628.87, ALL",,Rock Creek Cattle Company / Foley
ROCK CREEK CATTLE COMPANY / FOLEY,28188312101010000,FOLCO DEVELOPMENT CORP,628.0,Powell,1701 VILLAGE CENTER CIR,,,LAS VEGAS,NV,89134-6368,exact normalized cadastral owner match to independently supported current entity,confirmed,True,2026,1207677,0000602410,Vacant Land,,,"S12, T10 N, R07 W, ACRES 628, ALL",,Rock Creek Cattle Company / Foley
ROCK CREEK CATTLE COMPANY / FOLEY,28167820201010000,ROCK CREEK CATTLE COMPANY LTD,621.174,Powell,1701 VILLAGE CENTER CIRCLE,,,LAS VEGAS,NV,89134-6303,exact normalized cadastral owner match to independently supported current entity,confirmed,True,2026,1204285,0000205205,Improved Property,,,"S20, T08 N, R09 W, ACRES 621.174, ALL OF SECTION, W OF COUNTY RD",,Rock Creek Cattle Company / Foley
ROCK CREEK CATTLE COMPANY / FOLEY,28177535101010000,ROCK CREEK CATTLE COMPANY LTD,619.5,Powell,1701 VILLAGE CENTER CIRCLE,,,LAS VEGAS,NV,89134-6303,exact normalized cadastral owner match to independently supported current entity,confirmed,True,2026,1207397,0000500910,Improved Property,,,"S35, T09 N, R10 W, ACRES 619.5, ALL LESS 20.50 AC",,Rock Creek Cattle Company / Foley
ROCK CREEK CATTLE COMPANY / FOLEY,28167707101010000,ROCK CREEK CATTLE COMPANY LTD,617.31,Powell,1701 VILLAGE CENTER CIRCLE,,,LAS VEGAS,NV,89134-6303,exact normalized cadastral owner match to independently supported current entity,confirmed,True,2026,1204297,0000205205,Vacant Land,,,"S07, T08 N, R10 W, ACRES 617.31, ALL",,Rock Creek Cattle Company / Foley
ROCK CREEK CATTLE COMPANY / FOLEY,28167711201010000,ROCK CREEK CATTLE COMPANY LTD,577.896,Powell,1701 VILLAGE CENTER CIR,,,LAS VEGAS,NV,89134-6303,exact normalized cadastral owner match to independently supported current entity,confirmed,True,2026,1204374,0000205210,Vacant Land,,MARTINEZ TAMMY,"S11, T08 N, R10 W, ACRES 572.94, ALL LESS HOME RANCH DEV, PHASE 2 EAST, C-641",,Rock Creek Cattle Company / Foley
ROCK CREEK CATTLE COMPANY / FOLEY,28177632103010000,ROCK CREEK CATTLE COMPANY LTD,547.0,Powell,1701 VILLAGE CENTER CIRCLE,,,LAS VEGAS,NV,89134-6303,exact normalized cadastral owner match to independently supported current entity,confirmed,True,2026,1204304,0000205205,Gravel Pit,,,"S32, T09 N, R09 W, ACRES 547, ALL LESS NW4NW4, SW OF RR",,Rock Creek Cattle Company / Foley
ROCK CREEK CATTLE COMPANY / FOLEY,28167709101010000,BILCAR LIMITED PARTNERSHIP,488.73,Powell,1701 VILLAGE CENTER CIR,,,LAS VEGAS,NV,89134-6368,exact normalized cadastral owner match to independently supported current entity,confirmed,True,2026,1204309,0000205246,Vacant Land,,,"S09, T08 N, R10 W, C.O.S. 854RT, ACRES 488.73, LOT 1, LESS PLAT C-647",,Rock Creek Cattle Company / Foley
ROCK CREEK CATTLE COMPANY / FOLEY,28167809201010000,ROCK CREEK CATTLE COMPANY LTD,470.45,Powell,1701 VILLAGE CENTER CIRCLE,,,LAS VEGAS,NV,89134-6303,exact normalized cadastral owner match to independently supported current entity,confirmed,True,2026,1204302,0000205205,Improved Property,,,"S09, T08 N, R09 W, ACRES 470.45, W OF R/W",,Rock Creek Cattle Company / Foley
ROCK CREEK CATTLE COMPANY / FOLEY,28188313101010000,FOLCO DEVELOPMENT CORP,429.2,Powell,1701 VILLAGE CENTER CIR,,,LAS VEGAS,NV,89134-6368,exact normalized cadastral owner match to independently supported current entity,confirmed,True,2026,1207678,0000602410,Vacant Land,,,"S13, T10 N, R07 W, ACRES 429.2, N2, LOT 3, S2SE4",,Rock Creek Cattle Company / Foley
ROCK CREEK CATTLE COMPANY / FOLEY,28167829201010000,ROCK CREEK CATTLE COMPANY LTD,426.0,Powell,1701 VILLAGE CENTER CIRCLE,,,LAS VEGAS,NV,89134-6303,exact normalized cadastral owner match to independently supported current entity,confirmed,True,2026,1204287,0000205205,Vacant Land,,,"S29, T08 N, R09 W, ACRES 426, PART OF SECTION 29 LYING WEST OF A LINE DESCRIBED IN BK 111 PAGE 6",,Rock Creek Cattle Company / Foley
ROCK CREEK CATTLE COMPANY / FOLEY,28167804201010000,ROCK CREEK CATTLE COMPANY LTD,406.86,Powell,1701 VILLAGE CENTER CIRCLE,,,LAS VEGAS,NV,89134-6303,exact normalized cadastral owner match to independently supported current entity,confirmed,True,2026,1204280,0000205205,Improved Property,,,"S04, T08 N, R09 W, ACRES 406.86, ALL EXCEPT E2NE4 & BOOK 9 PAGE 598 E OF R/W",,Rock Creek Cattle Company / Foley
ROCK CREEK CATTLE COMPANY / FOLEY,05199231101010000,FOLCO DEVELOPMENT CORPORATION &,392.56,Lewis and Clark,1701 VILLAGE CENTER CIR,,,LAS VEGAS,NV,89134-6368,exact normalized cadastral owner match to independently supported current entity,confirmed,True,2026,514719,0000011283,Improved Property,,,"S31, T11 N, R06 W, G.LOTS 1, 2,4, 5, E2NW4, NE4",,Rock Creek Cattle Company / Foley
ROCK CREEK CATTLE COMPANY / FOLEY,28167703201010000,ROCK CREEK CATTLE COMPANY LTD,392.558,Powell,1701 VILLAGE CENTER CIRCLE,,,LAS VEGAS,NV,89134-6303,exact normalized cadastral owner match to independently supported current entity,confirmed,True,2026,1204326,0000205210,Golf Course,,,"ROCK CREEK CATTLE COMPANY, S03, T08 N, R10 W, ACRES 392.56, ALL OF SECTION 03, HOME RANCH DEV PHASE 1-A, PHASE 2 SOUTH, PHASE 3 & PHASE 6; LESS 786RB, LESS PORT",ROCK CREEK CATTLE COMPANY,Rock Creek Cattle Company / Foley
ROCK CREEK CATTLE COMPANY / FOLEY,28167726101010000,ROCK CREEK CATTLE COMPANY LTD,330.0,Powell,1701 VILLAGE CENTER CIRCLE,,,LAS VEGAS,NV,89134-6303,exact normalized cadastral owner match to independently supported current entity,confirmed,True,2026,1204279,0000205205,Vacant Land,,,"S26, T08 N, R10 W, ACRES 330, PT N & E OF THE DEER LODGE-ROCK CREEK RD",,Rock Creek Cattle Company / Foley
ROCK CREEK CATTLE COMPANY / FOLEY,28167704101010000,ROCK CREEK CATTLE COMPANY LTD,327.618,Powell,1701 VILLAGE CENTER CIR,,,LAS VEGAS,NV,89134-6303,exact normalized cadastral owner match to independently supported current entity,confirmed,True,2026,1204308,0000205210,Vacant Land,,MARTINEZ TAMMY,"S04, T08 N, R10 W, ACRES 322.16, ALL LESS WILLOWCREEK HOMESTEAD PLAT, C-571 & LESS PHASE C-593 & C-636 LESS PHASE C-639.",,Rock Creek Cattle Company / Foley
ROCK CREEK CATTLE COMPANY / FOLEY,28167702201010000,ROCK CREEK CATTLE COMPANY LTD,327.42,Powell,1701 VILLAGE CENTER CIR,,,LAS VEGAS,NV,89134-6303,exact normalized cadastral owner match to independently supported current entity,confirmed,True,2026,1204375,0000205210,Vacant Land,,MARTINEZ TAMMY,"S02, T08 N, R10 W, ACRES 327.42, REM OF SECTION 2, LESS COS 793RB LESS PLAT C-634 LOT 85A LESS PLAT C-666 2.99 ACRES",,Rock Creek Cattle Company / Foley
ROCK CREEK CATTLE COMPANY / FOLEY,28177525301010000,ROCK CREEK CATTLE COMPANY LTD,320.0,Powell,C/O FIDELITY NATIONAL FINANCIAL,1701 VILLAGE CENTER CIR FL 2,,LAS VEGAS,NV,89134-6303,exact normalized cadastral owner match to independently supported current entity,confirmed,True,2026,1207389,0000500900,Vacant Land,,,"S25, T09 N, R10 W, S2",,Rock Creek Cattle Company / Foley
ROCK CREEK CATTLE COMPANY / FOLEY,28188301101010000,FOLCO DEVELOPMENT CORP,313.36,Powell,1701 VILLAGE CENTER CIR,,,LAS VEGAS,NV,89134-6368,exact normalized cadastral owner match to independently supported current entity,confirmed,True,2026,1199388,0000702145,Vacant Land,,,"S01, T10 N, R07 W, ACRES 313.36, LOTS 1, 2, 3, 4, 5, SW4NE4, S2NW4",,Rock Creek Cattle Company / Foley
ROCK CREEK CATTLE COMPANY / FOLEY,28167710301010000,ROCK CREEK CATTLE COMPANY LTD,310.9,Powell,1701 VILLAGE CENTER CIR,,,LAS VEGAS,NV,89134-6303,exact normalized cadastral owner match to independently supported current entity,confirmed,True,2026,1456049,0000205210,Improved Property,,MARTINEZ TAMMY,"S10, T08 N, R10 W, ACRES 310.9, S2, SO OF HOME RANCH DEV",,Rock Creek Cattle Company / Foley
ROCK CREEK CATTLE COMPANY / FOLEY,28188418401010000,FOLCO DEVELOPMENT CORP,280.0,Powell,1701 VILLAGE CENTER CIR,,,LAS VEGAS,NV,89134-6368,exact normalized cadastral owner match to independently supported current entity,confirmed,True,2026,1207842,0000609405,Vacant Land,,,"S18, T10 N, R06 W, ACRES 280, E2NE4, NW4NE4, SE4",,Rock Creek Cattle Company / Foley
ROCK CREEK CATTLE COMPANY / FOLEY,28167710101010000,ROCK CREEK CATTLE COMPANY LTD,212.62,Powell,1701 VILLAGE CENTER CIR,,,LAS VEGAS,NV,89134-6303,exact normalized cadastral owner match to independently supported current entity,confirmed,True,2026,1204389,0000205210,Vacant Land,,MARTINEZ TAMMY,"S10, T08 N, R10 W, C.O.S. 657, ACRES 212.94, N2, LESS PORTION N S2NE4, LESS HOME RANCH DEV, PHASE 3, LESS PLAT C-657",,Rock Creek Cattle Company / Foley
ROCK CREEK CATTLE COMPANY / FOLEY,28177630301011000,ROCK CREEK CATTLE COMPANY LTD,209.907,Powell,C/O FIDELITY NATIONAL FINANCIAL,1701 VILLAGE CENTER CIR FL 2,,LAS VEGAS,NV,89134-6303,exact normalized cadastral owner match to independently supported current entity,confirmed,True,2026,1207390,0000500900,Vacant Land,,,"S30, T09 N, R09 W, ACRES 356.29, NW4, S2 SO OF RR R/W, 216.29 ACS IN LD0718, SPLIT FOR LEVY DISTRICT PURPOSES ONLY",,Rock Creek Cattle Company / Foley
ROCK CREEK CATTLE COMPANY / FOLEY,28177633201010000,ROCK CREEK CATTLE COMPANY LTD,190.658,Powell,1701 VILLAGE CENTER CIRCLE,,,LAS VEGAS,NV,89134-6303,exact normalized cadastral owner match to independently supported current entity,confirmed,True,2026,1204295,0000205205,Vacant Land,,,"S33, T09 N, R09 W, ACRES 196.58, N2, N2SE4 S OF RIVER NO OF ROW",,Rock Creek Cattle Company / Foley
ROCK CREEK CATTLE COMPANY / FOLEY,28177534101010000,ROCK CREEK CATTLE COMPANY LTD,189.642,Powell,1701 VILLAGE CENTER CIRCLE,,,LAS VEGAS,NV,89134-6303,exact normalized cadastral owner match to independently supported current entity,confirmed,True,2026,1207396,0000500910,Improved Property,,,"ROCK CREEK CATTLE COMPANY, S34, T09 N, R10 W, ACRES 189.642, ALL LESS WILLOW CREEK HOMESTEAD PLAT C-571 AND PLAT C-573",ROCK CREEK CATTLE COMPANY,Rock Creek Cattle Company / Foley
ROCK CREEK CATTLE COMPANY / FOLEY,28177629301010000,ROCK CREEK CATTLE COMPANY LTD,181.55,Powell,1701 VILLAGE CENTER CIRCLE,,,LAS VEGAS,NV,89134-6303,exact normalized cadastral owner match to independently supported current entity,confirmed,True,2026,1204292,0000205205,Vacant Land,,,"S29, T09 N, R09 W, ACRES 188.755, PORTION OF NW4 LYING S OF HWY 10, SW4, SE4,S W OF RIVER & NE OF R/W",,Rock Creek Cattle Company / Foley
ROCK CREEK CATTLE COMPANY / FOLEY,28188405301010000,FOLCO DEVELOPMENT CORP,160.76,Powell,1701 VILLAGE CENTER CIR,,,LAS VEGAS,NV,89134-6368,exact normalized cadastral owner match to independently supported current entity,confirmed,True,2026,1207680,0000602410,Vacant Land,,,"S05, T10 N, R06 W, ACRES 160.76, LOTS 5, 6, 10, W2SW4",,Rock Creek Cattle Company / Foley
ROCK CREEK CATTLE COMPANY / FOLEY,28188408301010000,FOLCO DEVELOPMENT CORP,160.0,Powell,1701 VILLAGE CENTER CIR,,,LAS VEGAS,NV,89134-6368,exact normalized cadastral owner match to independently supported current entity,confirmed,True,2026,1207841,0000609405,Vacant Land,,,"S08, T10 N, R06 W, ACRES 160, SW4",,Rock Creek Cattle Company / Foley
ROCK CREEK CATTLE COMPANY / FOLEY,07440329401010000,FOLCO DEVELOPMENT CORPORATION,160.0,Flathead,1701 VILLAGE CENTER CIR,,,LAS VEGAS,NV,89134-6368,exact normalized cadastral owner match to independently supported current entity,confirmed,True,2026,470224,0000566600,Vacant Land,,,"S29, T32 N, R22 W, TR 1 IN SE",,Rock Creek Cattle Company / Foley
ROCK CREEK CATTLE COMPANY / FOLEY,28188324101010000,FOLCO DEVELOPMENT CORP,157.48,Powell,1701 VILLAGE CENTER CIR,,,LAS VEGAS,NV,89134-6368,exact normalized cadastral owner match to independently supported current entity,confirmed,True,2026,1207679,0000602410,Vacant Land,,,"S24, T10 N, R07 W, ACRES 157.48, NW4SE4, W2NE4, NE4NE4",,Rock Creek Cattle Company / Foley
ROCK CREEK CATTLE COMPANY / FOLEY,28177633301010000,ROCK CREEK CATTLE COMPANY LTD,153.18,Powell,1701 VILLAGE CENTER CIRCLE,,,LAS VEGAS,NV,89134-6303,exact normalized cadastral owner match to independently supported current entity,confirmed,True,2026,1204305,0000205205,Vacant Land,,,"S33, T09 N, R09 W, ACRES 153.18, W2 S OF R/W",,Rock Creek Cattle Company / Foley
ROCK CREEK CATTLE COMPANY / FOLEY,28167626102010000,ROCK CREEK CATTLE COMPANY LTD,141.96,Powell,1701 VILLAGE CENTER CIRCLE,,,LAS VEGAS,NV,89134-6303,exact normalized cadastral owner match to independently supported current entity,confirmed,True,2026,1204300,0000205205,Improved Property,,,"S26, T08 N, R11 W, ACRES 141.96, LOTS 1,5,6,7",,Rock Creek Cattle Company / Foley
ROCK CREEK CATTLE COMPANY / FOLEY,28177630301011001,ROCK CREEK CATTLE COMPANY LTD,134.003,Powell,1701 VILLAGE CENTER CIRCLE,,,LAS VEGAS,NV,89134-6303,exact normalized cadastral owner match to independently supported current entity,confirmed,True,2026,1523532,0000205205,Vacant Land,,,"S30, T09 N, R09 W, ACRES 140, NW4, S2 SO OF RR R/W, IN LD1712,SPLIT FOR LEVY DISTRICT PURPOSES ONLY",,Rock Creek Cattle Company / Foley
ROCK CREEK CATTLE COMPANY / FOLEY,28167809101010000,ROCK CREEK CATTLE COMPANY LTD,129.31,Powell,1701 VILLAGE CENTER CIRCLE,,,LAS VEGAS,NV,89134-6303,exact normalized cadastral owner match to independently supported current entity,confirmed,True,2026,1204282,0000205205,Vacant Land,,,"S09, T08 N, R09 W, ACRES 139.9, E OF R/W LESS BK 52 PAGE 387",,Rock Creek Cattle Company / Foley
ROCK CREEK CATTLE COMPANY / FOLEY,28167627401041000,ROCK CREEK CATTLE COMPANY LTD,127.31,Powell,1701 VILLAGE CENTER CIRCLE,,,LAS VEGAS,NV,89134-6303,exact normalized cadastral owner match to independently supported current entity,confirmed,True,2026,1199988,0000802400,Vacant Land,,,"S27, T08 N, R11 W, ACRES 164.71, LOTS 1, 2, 3, 4, 5, 127.31 ACS IN LD0721, SPLIT FOR LEVY DISTRICT PURPOSES ONLY",,Rock Creek Cattle Company / Foley
ROCK CREEK CATTLE COMPANY / FOLEY,28167613401011001,ROCK CREEK CATTLE COMPANY LTD,121.0,Powell,1701 VILLAGE CENTER CIRCLE,,,LAS VEGAS,NV,89134-6303,exact normalized cadastral owner match to independently supported current entity,confirmed,True,2026,1523500,0000802400,Vacant Land,,,"S13, T08 N, R11 W, ACRES 121, LOTS 2&3, W2SE4, SE4SW4, IN LD0721, SPLIT FOR LEVY DISTRICT PURPOSES ONLY",,Rock Creek Cattle Company / Foley
ROCK CREEK CATTLE COMPANY / FOLEY,28188408201010000,FOLCO DEVELOPMENT CORP,120.0,Powell,1701 VILLAGE CENTER CIR,,,LAS VEGAS,NV,89134-6368,exact normalized cadastral owner match to independently supported current entity,confirmed,True,2026,1207682,0000602410,Vacant Land,,,"S08, T10 N, R06 W, ACRES 120, NE4NW4, S2NW4",,Rock Creek Cattle Company / Foley
ROCK CREEK CATTLE COMPANY / FOLEY,28167804102100000,ROCK CREEK CATTLE COMPANY LTD,117.703,Powell,1701 VILLAGE CENTER CIRCLE,,,LAS VEGAS,NV,89134-6303,exact normalized cadastral owner match to independently supported current entity,confirmed,True,2026,1204301,0000205205,Vacant Land,,,"S04, T08 N, R09 W, ACRES 126.914, W OF R/W",,Rock Creek Cattle Company / Foley
ROCK CREEK CATTLE COMPANY / FOLEY,28188324401010000,FOLCO DEVELOPMENT CORP,115.7,Powell,1701 VILLAGE CENTER CIR,,,LAS VEGAS,NV,89134-6368,exact normalized cadastral owner match to independently supported current entity,confirmed,True,2026,1207840,0000609405,Vacant Land,,,"S24, T10 N, R07 W, ACRES 115.7, LOTS 3, 4, SW4SE4",,Rock Creek Cattle Company / Foley
ROCK CREEK CATTLE COMPANY / FOLEY,28167718201010000,ROCK CREEK CATTLE COMPANY LTD,111.35,Powell,1701 VILLAGE CENTER CIRCLE,,,LAS VEGAS,NV,89134-6303,exact normalized cadastral owner match to independently supported current entity,confirmed,True,2026,1204298,0000205205,Vacant Land,,,"S18, T08 N, R10 W, ACRES 111.35, LOT 1 & 2, NE4NW4",,Rock Creek Cattle Company / Foley
ROCK CREEK CATTLE COMPANY / FOLEY,28167623401011000,ROCK CREEK CATTLE COMPANY LTD,96.843,Powell,1701 VILLAGE CENTER CIRCLE,,,LAS VEGAS,NV,89134-6303,exact normalized cadastral owner match to independently supported current entity,confirmed,True,2026,1199985,0000802400,Vacant Land,,,"S23, T08 N, R11 W, ACRES 120, N2SE4, SE4NE4, 96.843 IN LD0721, SPLIT FOR LEVY DISTRICT PURPOSES ONLY",,Rock Creek Cattle Company / Foley
ROCK CREEK CATTLE COMPANY / FOLEY,28188418201010000,FOLCO DEVELOPMENT CORP,80.35,Powell,1701 VILLAGE CENTER CIR,,,LAS VEGAS,NV,89134-6368,exact normalized cadastral owner match to independently supported current entity,confirmed,True,2026,1207684,0000602410,Vacant Land,,,"S18, T10 N, R06 W, ACRES 80.35, LOTS 1, 2",,Rock Creek Cattle Company / Foley
ROCK CREEK CATTLE COMPANY / FOLEY,28167613401011000,ROCK CREEK CATTLE COMPANY LTD,79.97,Powell,1701 VILLAGE CENTER CIRCLE,,,LAS VEGAS,NV,89134-6303,exact normalized cadastral owner match to independently supported current entity,confirmed,True,2026,1199984,0000205205,Vacant Land,,,"S13, T08 N, R11 W, ACRES 200.97, LOTS 2&3, W2SE4, SE4SW4, 79.97 ACS LD 1712, SPLIT FOR LEVY DISTRICT PURPOSES ONLY",,Rock Creek Cattle Company / Foley
ROCK CREEK CATTLE COMPANY / FOLEY,28177533101010000,ROCK CREEK CATTLE COMPANY LTD,79.88,Powell,1701 VILLAGE CENTER CIRCLE,,,LAS VEGAS,NV,89134-6303,exact normalized cadastral owner match to independently supported current entity,confirmed,True,2026,1207395,0000500910,Vacant Land,,,"ROCK CREEK CATTLE COMPANY, S33, T09 N, R10 W, ALL LESS WILLOW CREEK HOMESTEAD PLAT C-571",ROCK CREEK CATTLE COMPANY,Rock Creek Cattle Company / Foley
ROCK CREEK CATTLE COMPANY / FOLEY,28177533202010000,ROCK CREEK CATTLE COMPANY LTD,67.96,Powell,1701 VILLAGE CENTER CIRCLE,,,LAS VEGAS,NV,89134-6303,exact normalized cadastral owner match to independently supported current entity,confirmed,True,2026,1207405,0000500910,Improved Property,,,"ROCK CREEK CATTLE COMPANY, S33, T09 N, R10 W, ACRES 68.96, PT OF LOT 14, WILLOW CREEK HOMESTEAD, PLAT C-571, COMMON AREA",ROCK CREEK CATTLE COMPANY,Rock Creek Cattle Company / Foley
ROCK CREEK CATTLE COMPANY / FOLEY,28167821201010000,ROCK CREEK CATTLE COMPANY LTD,65.1,Powell,1701 VILLAGE CENTER CIRCLE,,,LAS VEGAS,NV,89134-6303,exact normalized cadastral owner match to independently supported current entity,confirmed,True,2026,1204286,0000205205,Vacant Land,,,"S21, T08 N, R09 W, ACRES 65.1, M&B TRACT ON W2W2, SEE BK 111, PG 12",,Rock Creek Cattle Company / Foley
ROCK CREEK CATTLE COMPANY / FOLEY,28167624201011001,ROCK CREEK CATTLE COMPANY LTD,64.0,Powell,1701 VILLAGE CENTER CIRCLE,,,LAS VEGAS,NV,89134-6303,exact normalized cadastral owner match to independently supported current entity,confirmed,True,2026,1523503,0000802400,Vacant Land,,,"S24, T08 N, R11 W, ACRES 64, N2NW4, SW4NW4, IN LD0721, SPLIT FOR LEVY DISTRICT PURPOSES ONLY",,Rock Creek Cattle Company / Foley
ROCK CREEK CATTLE COMPANY / FOLEY,28167703401010000,ROCK CREEK CATTLE COMPANY LTD,62.194,Powell,1701 VILLAGE CENTER CIRCLE,,,LAS VEGAS,NV,89134-6303,exact normalized cadastral owner match to independently supported current entity,confirmed,True,2026,1204378,0000205210,Improved Property,,,"S03, T08 N, R10 W, C.O.S. 791RB, ACRES 61.31, COMMON AREA LOT 19A, HOME RANCH DEV PHASE 2 SOUTH; LESS PORTION A COS807",,Rock Creek Cattle Company / Foley
ROCK CREEK CATTLE COMPANY / FOLEY,28177629303010000,ROCK CREEK CATTLE COMPANY LTD,62.12,Powell,C/O FIDELITY NATIONAL FINANCIAL,1701 VILLAGE CENTER CIRCLE,,LAS VEGAS,NV,89134-6303,exact normalized cadastral owner match to independently supported current entity,confirmed,True,2026,1204303,0000205205,Vacant Land,,,"S29, T09 N, R09 W, ACRES 62.12, SW4, SW4 OF R/W",,Rock Creek Cattle Company / Foley
ROCK CREEK CATTLE COMPANY / FOLEY,28167702302010000,ROCK CREEK CATTLE COMPANY LTD,61.91,Powell,1701 VILLAGE CENTER CIR,,,LAS VEGAS,NV,89134-6303,exact normalized cadastral owner match to independently supported current entity,confirmed,True,2026,1204353,0000205210,Vacant Land,,MARTINEZ TAMMY,"ROCK CREEK CATTLE COMPANY, S02, T08 N, R10 W, Lot 91, ACRES 61.91, HOME RANCH PHASE 2 EAST,  PLAT C-580, COMMON AREA",ROCK CREEK CATTLE COMPANY,Rock Creek Cattle Company / Foley
ROCK CREEK CATTLE COMPANY / FOLEY,28177534301201000,ROCK CREEK CATTLE COMPANY LTD,61.79,Powell,1701 VILLAGE CENTER CIRCLE,,,LAS VEGAS,NV,89134-6303,exact normalized cadastral owner match to independently supported current entity,confirmed,True,2026,1488918,0000500910,Vacant Land,,,"ROCK CREEK CATTLE COMPANY, S34, T09 N, R10 W, Lot 26A, ACRES 69.79, HOME RANCH DEV, PHASE 4, AMENDED PLAT COS 761RB, COMMON AREA, 61.79 ACS IN LD 0718, SPLIT FO",ROCK CREEK CATTLE COMPANY,Rock Creek Cattle Company / Foley
ROCK CREEK CATTLE COMPANY / FOLEY,28167624201011000,ROCK CREEK CATTLE COMPANY LTD,56.0,Powell,1701 VILLAGE CENTER CIRCLE,,,LAS VEGAS,NV,89134-6303,exact normalized cadastral owner match to independently supported current entity,confirmed,True,2026,1199986,0000205205,Vacant Land,,,"S24, T08 N, R11 W, ACRES 120, N2NW4, SW4NW4, 56.0 ACS IN LD1712, SPLIT FOR LEVY DISTRICT PURPOSES ONLY",,Rock Creek Cattle Company / Foley
ROCK CREEK CATTLE COMPANY / FOLEY,28177633401340000,ROCK CREEK CATTLE COMPANY LTD,52.13,Powell,C/O FIDELITY NATIONAL FINANCIAL,1701 VILLAGE CENTER CIR FL 2,,LAS VEGAS,NV,89134-6303,exact normalized cadastral owner match to independently supported current entity,confirmed,True,2026,1205251,0000229021,Improved Property,,,"S33, T09 N, R09 W, C.O.S. 329, ACRES 52.13, TRACTS  A & B, IN E2 PLUS ADDITIONAL TO RIVER",,Rock Creek Cattle Company / Foley
ROCK CREEK CATTLE COMPANY / FOLEY,28177533104010000,ROCK CREEK CATTLE COMPANY LTD,45.86,Powell,1701 VILLAGE CENTER CIRCLE,,,LAS VEGAS,NV,89134-6303,exact normalized cadastral owner match to independently supported current entity,confirmed,True,2026,1207409,0000500910,Improved Property,,,"ROCK CREEK CATTLE COMPANY, S33, T09 N, R10 W, ACRES 45.86, PT OF LOT 14, WILLOW CREEK HOMESTEAD, PLAT C-571, COMMON AREA",ROCK CREEK CATTLE COMPANY,Rock Creek Cattle Company / Foley
ROCK CREEK CATTLE COMPANY / FOLEY,28167626201020000,ROCK CREEK CATTLE COMPANY LTD,43.68,Powell,1701 VILLAGE CENTER CIRCLE,,,LAS VEGAS,NV,89134-6303,exact normalized cadastral owner match to independently supported current entity,confirmed,True,2026,1199987,0000802400,Vacant Land,,,"S26, T08 N, R11 W, ACRES 43.68, LOTS 3 & 4",,Rock Creek Cattle Company / Foley
ROCK CREEK CATTLE COMPANY / FOLEY,28167704401030000,ROCK CREEK CATTLE COMPANY LTD,40.38,Powell,1701 VILLAGE CENTER CIR,,,LAS VEGAS,NV,89134-6303,exact normalized cadastral owner match to independently supported current entity,confirmed,True,2026,1601506,0000206067,Vacant Land,,MARTINEZ TAMMY,"ROCK CREEK CATTLE COMPANY, S04, T08 N, R10 W, Lot 11, ACRES 40.38, HOME RANCH DEV PH 6 PER PLAT C-636",ROCK CREEK CATTLE COMPANY,Rock Creek Cattle Company / Foley
ROCK CREEK CATTLE COMPANY / FOLEY,28167709102010000,BILCAR LIMITED PARTNERSHIP,40.33,Powell,1701 VILLAGE CENTER CIR,,,LAS VEGAS,NV,89134-6368,exact normalized cadastral owner match to independently supported current entity,confirmed,True,2026,1547702,0000205700,Improved Property,,,"ROCK CREEK CATTLE COMPANY, S09, T08 N, R10 W, Lot 1, ACRES 40.33, HOME RANCH DEV PHASE 5, PLAT C-608",ROCK CREEK CATTLE COMPANY,Rock Creek Cattle Company / Foley
ROCK CREEK CATTLE COMPANY / FOLEY,28167704401050000,ROCK CREEK CATTLE COMPANY LTD,40.25,Powell,1701 VILLAGE CENTER CIR,,,LAS VEGAS,NV,89134-6303,exact normalized cadastral owner match to independently supported current entity,confirmed,True,2026,1601505,0000206068,Vacant Land,,MARTINEZ TAMMY,"ROCK CREEK CATTLE COMPANY, S04, T08 N, R10 W, Lot 12, ACRES 40.25, HOME RANCH DEV PH 6 PER PLAT C-636",ROCK CREEK CATTLE COMPANY,Rock Creek Cattle Company / Foley
ROCK CREEK CATTLE COMPANY / FOLEY,28188408201020000,FOLCO DEVELOPMENT CORP,40.0,Powell,1701 VILLAGE CENTER CIR,,,LAS VEGAS,NV,89134-6368,exact normalized cadastral owner match to independently supported current entity,confirmed,True,2026,1207686,0000602450,Vacant Land,,,"S08, T10 N, R06 W, ACRES 40, NW4NW4",,Rock Creek Cattle Company / Foley
ROCK CREEK CATTLE COMPANY / FOLEY,28177632101010000,ROCK CREEK CATTLE COMPANY LTD,38.22,Powell,1701 VILLAGE CENTER CIRCLE,,,LAS VEGAS,NV,89134-6303,exact normalized cadastral owner match to independently supported current entity,confirmed,True,2026,1204294,0000205205,Vacant Land,,,"S32, T09 N, R09 W, ACRES 38.22, NE4, NE OF RR",,Rock Creek Cattle Company / Foley
ROCK CREEK CATTLE COMPANY / FOLEY,28188324101020000,FOLCO DEVELOPMENT CORP,37.62,Powell,1701 VILLAGE CENTER CIR,,,LAS VEGAS,NV,89134-6368,exact normalized cadastral owner match to independently supported current entity,confirmed,True,2026,1207687,0000602450,Vacant Land,,,"S24, T10 N, R07 W, ACRES 37.78, LOT 2",,Rock Creek Cattle Company / Foley
ROCK CREEK CATTLE COMPANY / FOLEY,28167627401041001,ROCK CREEK CATTLE COMPANY LTD,37.4,Powell,1701 VILLAGE CENTER CIRCLE,,,LAS VEGAS,NV,89134-6303,exact normalized cadastral owner match to independently supported current entity,confirmed,True,2026,1523507,0000205205,Vacant Land,,,"S27, T08 N, R11 W, ACRES 37.4, LOTS 1, 2, 3, 4, 5, IN LD1712, SPLIT FOR LEVY DISTRICT PURPOSES ONLY",,Rock Creek Cattle Company / Foley
ROCK CREEK CATTLE COMPANY / FOLEY,28167703302010000,ROCK CREEK CATTLE COMPANY LTD,37.15,Powell,1701 VILLAGE CENTER CIR,,,LAS VEGAS,NV,89134-6303,exact normalized cadastral owner match to independently supported current entity,confirmed,True,2026,1455911,0000205210,Vacant Land,,MARTINEZ TAMMY,"ROCK CREEK CATTLE COMPANY, S03, T08 N, R10 W, Lot 57A, ACRES 37.15, PER PLAT C-629, COMMON AREA",ROCK CREEK CATTLE COMPANY,Rock Creek Cattle Company / Foley
ROCK CREEK CATTLE COMPANY / FOLEY,28167709101020000,ROCK CREEK CATTLE COMPANY LTD,29.9,Powell,1701 VILLAGE CENTER CIR,,,LAS VEGAS,NV,89134-6303,exact normalized cadastral owner match to independently supported current entity,confirmed,True,2026,1571454,0000860340,Improved Property,,MARTINEZ TAMMY,"S09, T08 N, R10 W, C.O.S. 854RT, ACRES 29.9, UNPLATTED PORTION",,Rock Creek Cattle Company / Foley
ROCK CREEK CATTLE COMPANY / FOLEY,28167623304010000,ROCK CREEK CATTLE COMPANY LTD,26.86,Powell,1701 VILLAGE CENTER CIRCLE,,,LAS VEGAS,NV,89134-6303,exact normalized cadastral owner match to independently supported current entity,confirmed,True,2026,1199989,0000802400,Vacant Land,,,"S23, T08 N, R11 W, ACRES 26.86, LOT 1",,Rock Creek Cattle Company / Foley
ROCK CREEK CATTLE COMPANY / FOLEY,28167623403011001,ROCK CREEK CATTLE COMPANY LTD,24.22,Powell,1701 VILLAGE CENTER CIRCLE,,,LAS VEGAS,NV,89134-6303,exact normalized cadastral owner match to independently supported current entity,confirmed,True,2026,1523502,0000205205,Vacant Land,,,"S23, T08 N, R11 W, ACRES 24.22, LOT 2 IN LD1712, SPLIT FOR LEVY DISTRICT PURPOSES ONLY",,Rock Creek Cattle Company / Foley
ROCK CREEK CATTLE COMPANY / FOLEY,28167623401011001,ROCK CREEK CATTLE COMPANY LTD,23.0,Powell,1701 VILLAGE CENTER CIRCLE,,,LAS VEGAS,NV,89134-6303,exact normalized cadastral owner match to independently supported current entity,confirmed,True,2026,1523501,0000205205,Vacant Land,,,"S23, T08 N, R11 W, ACRES 23, N2SE4, SE4NE4, IN LD1712, SPLIT FOR LEVY DISTRICT PURPOSES ONLY",,Rock Creek Cattle Company / Foley
ROCK CREEK CATTLE COMPANY / FOLEY,28167702102200000,ROCK CREEK CATTLE COMPANY LTD,19.82,Powell,1701 VILLAGE CENTER CIR,,,LAS VEGAS,NV,89134-6303,exact normalized cadastral owner match to independently supported current entity,confirmed,True,2026,1204352,0000205210,Vacant Land,,MARTINEZ TAMMY,"ROCK CREEK CATTLE COMPANY, S02, T08 N, R10 W, Lot 91, ACRES 19.82, HOME RANCH PHASE 2 EAST PLAT C-580  COMMON AREA",ROCK CREEK CATTLE COMPANY,Rock Creek Cattle Company / Foley
ROCK CREEK CATTLE COMPANY / FOLEY,28177628201030000,ROCK CREEK CATTLE COMPANY LTD,17.404,Powell,1701 VILLAGE CENTER CIRCLE,,,LAS VEGAS,NV,89134-6303,exact normalized cadastral owner match to independently supported current entity,confirmed,True,2026,1204291,0000205205,Vacant Land,,,"S28, T09 N, R09 W, ACRES 18, SW4 THAT PT LYING S & W OF CLARK FORK RIVER & LESS HWY",,Rock Creek Cattle Company / Foley
ROCK CREEK CATTLE COMPANY / FOLEY,28177534303010000,ROCK CREEK CATTLE COMPANY LTD,17.3,Powell,1701 VILLAGE CENTER CIRCLE,,,LAS VEGAS,NV,89134-6303,exact normalized cadastral owner match to independently supported current entity,confirmed,True,2026,1488933,0000500910,Vacant Land,,,"S34, T09 N, R10 W, ACRES 17.3, SW4, LESS ROCK CREEK CATTLE CO SUBD",,Rock Creek Cattle Company / Foley
ROCK CREEK CATTLE COMPANY / FOLEY,28177534201300000,ROCK CREEK CATTLE COMPANY LTD,16.11,Powell,1701 VILLAGE CENTER CIRCLE,,,LAS VEGAS,NV,89134-6303,exact normalized cadastral owner match to independently supported current entity,confirmed,True,2026,1207401,0000500910,Vacant Land,,,"ROCK CREEK CATTLE COMPANY, S34, T09 N, R10 W, ACRES 16.11, WILLOW CREEK HOMESTEAD PLAT C-571 PT OF LOT 14 COMMON AREA",ROCK CREEK CATTLE COMPANY,Rock Creek Cattle Company / Foley
ROCK CREEK CATTLE COMPANY / FOLEY,28167703101500000,ROCK CREEK CATTLE COMPANY LTD,15.17,Powell,1701 VILLAGE CENTER CIR,,,LAS VEGAS,NV,89134-6303,exact normalized cadastral owner match to independently supported current entity,confirmed,True,2026,1204331,0000205210,Improved Property,,MARTINEZ TAMMY,"ROCK CREEK CATTLE COMPANY, S03, T08 N, R10 W, ACRES 15.17, LOT 15B OF COS 781 & 15E OF COS 590 HOME RANCH DEV PHASE 1-A COMMON AREA LESS COS C-619",ROCK CREEK CATTLE COMPANY,Rock Creek Cattle Company / Foley
ROCK CREEK CATTLE COMPANY / FOLEY,28167710104100000,ROCK CREEK CATTLE COMPANY LTD,14.0,Powell,1701 VILLAGE CENTER CIR,,,LAS VEGAS,NV,89134-6303,exact normalized cadastral owner match to independently supported current entity,confirmed,True,2026,1520201,0000205210,Vacant Land,,MARTINEZ TAMMY,"S10, T08 N, R10 W, ACRES 14, S2NE4 LESS HOME RANCH DEV PLAT C-593",,Rock Creek Cattle Company / Foley
ROCK CREEK CATTLE COMPANY / FOLEY,28167710201010000,ROCK CREEK CATTLE COMPANY LTD,10.83,Powell,1701 VILLAGE CENTER CIR,,,LAS VEGAS,NV,89134-6303,exact normalized cadastral owner match to independently supported current entity,confirmed,True,2026,1456074,0000206050,Vacant Land,,MARTINEZ TAMMY,"ROCK CREEK CATTLE COMPANY, S10, T08 N, R10 W, Lot 35A, ACRES 10.83, COMMON AREA PER PLAT C-633",ROCK CREEK CATTLE COMPANY,Rock Creek Cattle Company / Foley
ROCK CREEK CATTLE COMPANY / FOLEY,28167702402010000,ROCK CREEK CATTLE COMPANY LTD,10.04,Powell,1701 VILLAGE CENTER CIR,,,LAS VEGAS,NV,89134-6303,exact normalized cadastral owner match to independently supported current entity,confirmed,True,2026,1204364,0000205210,Vacant Land,,MARTINEZ TAMMY,"ROCK CREEK CATTLE COMPANY, S02, T08 N, R10 W, ACRES 10.04, HOME RANCH PHASE TWO EAST PLAT C-580 LOT 91  COMMON AREA",ROCK CREEK CATTLE COMPANY,Rock Creek Cattle Company / Foley
ROCK CREEK CATTLE COMPANY / FOLEY,28177630401010000,ROCK CREEK CATTLE COMPANY LTD,10.007,Powell,1701 VILLAGE CENTER CIRCLE,,,LAS VEGAS,NV,89134-6303,exact normalized cadastral owner match to independently supported current entity,confirmed,True,2026,1207391,0000205205,Vacant Land,,,"S30, T09 N, R09 W, ACRES 11.9, E2E2, SO OF I-90 & NO OF RR R/W",,Rock Creek Cattle Company / Foley
ROCK CREEK CATTLE COMPANY / FOLEY,28167702401500000,ROCK CREEK CATTLE COMPANY LTD,9.68,Powell,1701 VILLAGE CENTER CIR,,,LAS VEGAS,NV,89134-6303,exact normalized cadastral owner match to independently supported current entity,confirmed,True,2026,1204362,0000205210,Vacant Land,,MARTINEZ TAMMY,"ROCK CREEK CATTLE COMPANY, S02, T08 N, R10 W, Lot 91, ACRES 9.68, HOME RANCH PHASE 2 EAST PLAT C-580 COMMON AREA",ROCK CREEK CATTLE COMPANY,Rock Creek Cattle Company / Foley
ROCK CREEK CATTLE COMPANY / FOLEY,28167703101510000,ROCK CREEK CATTLE COMPANY LTD,9.09,Powell,1701 VILLAGE CENTER CIRCLE,,,LAS VEGAS,NV,89134-6303,exact normalized cadastral owner match to independently supported current entity,confirmed,True,2026,1496577,0000205210,Vacant Land,,,"ROCK CREEK CATTLE COMPANY, S03, T08 N, R10 W, Lot 15A, ACRES 9.09, HOME RANCH DEV PHASE 1-A, COS 781, COMMON AREA",ROCK CREEK CATTLE COMPANY,Rock Creek Cattle Company / Foley
ROCK CREEK CATTLE COMPANY / FOLEY,28177534301201001,ROCK CREEK CATTLE COMPANY LTD,8.0,Powell,1701 VILLAGE CENTER CIRCLE,,,LAS VEGAS,NV,89134-6303,exact normalized cadastral owner match to independently supported current entity,confirmed,True,2026,1523525,0000205210,Vacant Land,,,"ROCK CREEK CATTLE COMPANY, S34, T09 N, R10 W, Lot 26A, ACRES 8, HOME RANCH DEV, PHASE 4, AMENDED PLAT COS 761RB, COMMON AREA, IN LD1712",ROCK CREEK CATTLE COMPANY,Rock Creek Cattle Company / Foley
ROCK CREEK CATTLE COMPANY / FOLEY,28167626201010000,ROCK CREEK CATTLE COMPANY LTD,7.84,Powell,1701 VILLAGE CENTER CIRCLE,,,LAS VEGAS,NV,89134-6303,exact normalized cadastral owner match to independently supported current entity,confirmed,True,2026,1204296,0000802400,Vacant Land,,,"S26, T08 N, R11 W, ACRES 7.84, LOT 2",,Rock Creek Cattle Company / Foley
ROCK CREEK CATTLE COMPANY / FOLEY,28167703103500000,ROCK CREEK CATTLE COMPANY LTD,7.04,Powell,1701 VILLAGE CENTER CIR,,,LAS VEGAS,NV,89134-6303,exact normalized cadastral owner match to independently supported current entity,confirmed,True,2026,1204379,0000205210,Vacant Land,,MARTINEZ TAMMY,"ROCK CREEK CATTLE COMPANY, S03, T08 N, R10 W, Lot 19, ACRES 7.04, HOME RANCH DEV PHASE 2 SOUTH, AMENDED PLAT C-584, COMMON AREA",ROCK CREEK CATTLE COMPANY,Rock Creek Cattle Company / Foley
ROCK CREEK CATTLE COMPANY / FOLEY,28167623403011000,ROCK CREEK CATTLE COMPANY LTD,6.8,Powell,1701 VILLAGE CENTER CIRCLE,,,LAS VEGAS,NV,89134-6303,exact normalized cadastral owner match to independently supported current entity,confirmed,True,2026,1199990,0000802400,Vacant Land,,,"S23, T08 N, R11 W, ACRES 31.02, LOT 2, 6.8 ACS IN LD0721, SPLIT FOR LEVY DISTRICT PURPOSES ONLY",,Rock Creek Cattle Company / Foley
ROCK CREEK CATTLE COMPANY / FOLEY,28167702101200000,ROCK CREEK CATTLE COMPANY LTD,6.72,Powell,1701 VILLAGE CENTER CIR,,,LAS VEGAS,NV,89134-6303,exact normalized cadastral owner match to independently supported current entity,confirmed,True,2026,1204345,0000205210,Vacant Land,,MARTINEZ TAMMY,"ROCK CREEK CATTLE COMPANY, S02, T08 N, R10 W, Lot 90, ACRES 6.72, HOME RANCH PHASE 2 EAST PLAT C-580 COMMON AREA",ROCK CREEK CATTLE COMPANY,Rock Creek Cattle Company / Foley
ROCK CREEK CATTLE COMPANY / FOLEY,28167703301100000,ROCK CREEK CATTLE COMPANY LTD,6.55,Powell,1701 VILLAGE CENTER CIR,,,LAS VEGAS,NV,89134-6303,exact normalized cadastral owner match to independently supported current entity,confirmed,True,2026,1455897,0000205210,Improved Property,,MARTINEZ TAMMY,"ROCK CREEK CATTLE COMPANY, S03, T08 N, R10 W, Lot 69, ACRES 6.55, HOME RANCH DEV PHASE 3, AMENDED PLAT C-614, COMMON AREA",ROCK CREEK CATTLE COMPANY,Rock Creek Cattle Company / Foley
ROCK CREEK CATTLE COMPANY / FOLEY,28167704404150000,ROCK CREEK CATTLE COMPANY LTD,6.47,Powell,1701 VILLAGE CENTER CIR,,,LAS VEGAS,NV,89134-6303,exact normalized cadastral owner match to independently supported current entity,confirmed,True,2026,1442642,0000206048,Vacant Land,,MARTINEZ TAMMY,"ROCK CREEK CATTLE COMPANY, S04, T08 N, R10 W, Lot 62B, ACRES 6.47, COMMON AREA, PLAT C-633",ROCK CREEK CATTLE COMPANY,Rock Creek Cattle Company / Foley
ROCK CREEK CATTLE COMPANY / FOLEY,28167709104050000,ROCK CREEK CATTLE COMPANY LTD,6.37,Powell,1701 VILLAGE CENTER CIR,,,LAS VEGAS,NV,89134-6368,exact normalized cadastral owner match to independently supported current entity,confirmed,True,2026,1623426,0000706553,Vacant Land,,,"ROCK CREEK CATTLE COMPANY HOME RANCH DEVELOPMENT PHASE 3A, S09, T08 N, R10 W, Lot 8, ACRES 6.37, PLAT C-647",ROCK CREEK CATTLE COMPANY HOME RANCH DEVELOPMENT PHASE 3A,Rock Creek Cattle Company / Foley
ROCK CREEK CATTLE COMPANY / FOLEY,28167710201050000,ROCK CREEK CATTLE COMPANY LTD,6.2,Powell,1701 VILLAGE CENTER CIR,,,LAS VEGAS,NV,89134-6303,exact normalized cadastral owner match to independently supported current entity,confirmed,True,2026,1456071,0000206053,Vacant Land,,MARTINEZ TAMMY,"ROCK CREEK CATTLE COMPANY, S10, T08 N, R10 W, Lot 30A, ACRES 6.2, COMMON AREA PER PLAT C-633",ROCK CREEK CATTLE COMPANY,Rock Creek Cattle Company / Foley
ROCK CREEK CATTLE COMPANY / FOLEY,28167710205010000,ROCK CREEK CATTLE COMPANY LTD,5.69,Powell,1701 VILLAGE CENTER CIR,,,LAS VEGAS,NV,89134-6303,exact normalized cadastral owner match to independently supported current entity,confirmed,True,2026,1456062,0000206058,Vacant Land,,MARTINEZ TAMMY,"ROCK CREEK CATTLE COMPANY, S10, T08 N, R10 W, Lot 16A, ACRES 5.69, COMMON AREA PER PLAT C-633",ROCK CREEK CATTLE COMPANY,Rock Creek Cattle Company / Foley
ROCK CREEK CATTLE COMPANY / FOLEY,28167702303010000,ROCK CREEK CATTLE COMPANY LTD,5.55,Powell,1701 VILLAGE CENTER CIR,,,LAS VEGAS,NV,89134-6303,exact normalized cadastral owner match to independently supported current entity,confirmed,True,2026,1204359,0000205210,Vacant Land,,MARTINEZ TAMMY,"ROCK CREEK CATTLE COMPANY, S02, T08 N, R10 W, Lot 91, ACRES 5.55, HOME RANCH PHASE TWO EAST, PLAT C-580 COMMON AREA",ROCK CREEK CATTLE COMPANY,Rock Creek Cattle Company / Foley
ROCK CREEK CATTLE COMPANY / FOLEY,28167702202010000,ROCK CREEK CATTLE COMPANY LTD,5.35,Powell,1701 VILLAGE CENTER CIR,,,LAS VEGAS,NV,89134-6303,exact normalized cadastral owner match to independently supported current entity,confirmed,True,2026,1204340,0000205210,Improved Property,,MARTINEZ TAMMY,"ROCK CREEK CATTLE COMPANY, S02, T08 N, R10 W, Lot 15D, ACRES 5.35, HOME RANCH DEV PHASE 1-A, COS 781, COMMON AREA",ROCK CREEK CATTLE COMPANY,Rock Creek Cattle Company / Foley
ROCK CREEK CATTLE COMPANY / FOLEY,28167703104010000,ROCK CREEK CATTLE COMPANY LTD,4.95,Powell,1701 VILLAGE CENTER CIR,,,LAS VEGAS,NV,89134-6303,exact normalized cadastral owner match to independently supported current entity,confirmed,True,2026,1204381,0000205210,Vacant Land,,MARTINEZ TAMMY,"ROCK CREEK CATTLE COMPANY, S03, T08 N, R10 W, ACRES 4.95, PLAT C-583 LOT 19 COMMON AREA",ROCK CREEK CATTLE COMPANY,Rock Creek Cattle Company / Foley
ROCK CREEK CATTLE COMPANY / FOLEY,28167703201100000,ROCK CREEK CATTLE COMPANY LTD,4.75,Powell,1701 VILLAGE CENTER CIRCLE,,,LAS VEGAS,NV,89134-6303,exact normalized cadastral owner match to independently supported current entity,confirmed,True,2026,1488958,0000206044,Vacant Land,,,"ROCK CREEK CATTLE COMPANY, S03, T08 N, R10 W, Lot 25B, ACRES 4.75, PER PLAT C-630 COMMON AREA",ROCK CREEK CATTLE COMPANY,Rock Creek Cattle Company / Foley
ROCK CREEK CATTLE COMPANY / FOLEY,28167710202050000,ROCK CREEK CATTLE COMPANY LTD,4.31,Powell,1701 VILLAGE CENTER CIR,,,LAS VEGAS,NV,89134-6368,exact normalized cadastral owner match to independently supported current entity,confirmed,True,2026,1456072,0000206052,Vacant Land,,,"ROCK CREEK CATTLE COMPANY, S10, T08 N, R10 W, Lot 31A, ACRES 4.31, PER PLAT C-633",ROCK CREEK CATTLE COMPANY,Rock Creek Cattle Company / Foley
ROCK CREEK CATTLE COMPANY / FOLEY,28167709103050000,ROCK CREEK CATTLE COMPANY LTD,4.22,Powell,1701 VILLAGE CENTER CIR,,,LAS VEGAS,NV,89134-6368,exact normalized cadastral owner match to independently supported current entity,confirmed,True,2026,1623421,0000706548,Vacant Land,,,"ROCK CREEK CATTLE COMPANY HOME RANCH DEVELOPMENT PHASE 3A, S09, T08 N, R10 W, Lot 3, ACRES 4.22, PLAT C-647",ROCK CREEK CATTLE COMPANY HOME RANCH DEVELOPMENT PHASE 3A,Rock Creek Cattle Company / Foley
ROCK CREEK CATTLE COMPANY / FOLEY,28167702101100000,ROCK CREEK CATTLE COMPANY LTD,3.84,Powell,1701 VILLAGE CENTER CIR,,,LAS VEGAS,NV,89134-6303,exact normalized cadastral owner match to independently supported current entity,confirmed,True,2026,1204342,0000205210,Vacant Land,,MARTINEZ TAMMY,"ROCK CREEK CATTLE COMPANY, S02, T08 N, R10 W, Lot 91, ACRES 3.84, HOME RANCH PHASE 2 EAST PLAT C-580 COMMON AREA",ROCK CREEK CATTLE COMPANY,Rock Creek Cattle Company / Foley
ROCK CREEK CATTLE COMPANY / FOLEY,28167703401420000,BILCAR LIMITED PARTNERSHIP,3.52,Powell,1701 VILLAGE CENTER CIR,,,LAS VEGAS,NV,89134-6368,exact normalized cadastral owner match to independently supported current entity,confirmed,True,2026,1530279,0000206265,Improved Property,,,"S03, T08 N, R10 W, C.O.S. 807RB, ACRES 3.52, LOT 51B, HOME RANCH DEV PHASE 2 SOUTH",,Rock Creek Cattle Company / Foley
ROCK CREEK CATTLE COMPANY / FOLEY,28167709104100000,BILCAR LIMITED PARTNERSHIP,3.51,Powell,1701 VILLAGE CENTER CIR,,,LAS VEGAS,NV,89134-6368,exact normalized cadastral owner match to independently supported current entity,confirmed,True,2026,1623427,0000706554,Vacant Land,,,"ROCK CREEK CATTLE COMPANY HOME RANCH DEVELOPMENT PHASE 3A, S09, T08 N, R10 W, Lot 9, ACRES 3.51, COMMON AREA, PLAT C-647",ROCK CREEK CATTLE COMPANY HOME RANCH DEVELOPMENT PHASE 3A,Rock Creek Cattle Company / Foley
ROCK CREEK CATTLE COMPANY / FOLEY,28167709101150000,ROCK CREEK CATTLE COMPANY LTD,3.42,Powell,1701 VILLAGE CENTER CIR,,,LAS VEGAS,NV,89134-6303,exact normalized cadastral owner match to independently supported current entity,confirmed,True,2026,1456080,0000205210,Vacant Land,,MARTINEZ TAMMY,"ROCK CREEK CATTLE COMPANY, S09, T08 N, R10 W, Lot 28, ACRES 3.42, HOME RANCH DEV, PHASE 3, PLAT C-593",ROCK CREEK CATTLE COMPANY,Rock Creek Cattle Company / Foley
ROCK CREEK CATTLE COMPANY / FOLEY,28167709101200000,ROCK CREEK CATTLE COMPANY LTD,3.26,Powell,1701 VILLAGE CENTER CIR,,,LAS VEGAS,NV,89134-6303,exact normalized cadastral owner match to independently supported current entity,confirmed,True,2026,1456081,0000205210,Vacant Land,,MARTINEZ TAMMY,"ROCK CREEK CATTLE COMPANY, S09, T08 N, R10 W, Lot 26, ACRES 3.26, HOME RANCH DEV, PHASE 3, PLAT C-593",ROCK CREEK CATTLE COMPANY,Rock Creek Cattle Company / Foley
ROCK CREEK CATTLE COMPANY / FOLEY,28177534403010000,ROCK CREEK CATTLE COMPANY LTD,3.26,Powell,1701 VILLAGE CENTER CIRCLE,,,LAS VEGAS,NV,89134-6303,exact normalized cadastral owner match to independently supported current entity,confirmed,True,2026,1488941,0000500910,Improved Property,,,"ROCK CREEK CATTLE COMPANY, S34, T09 N, R10 W, Lot 27, ACRES 3.26, HOME RANCH DEV, PHASE 4, PLAT C-597, COMMON AREA",ROCK CREEK CATTLE COMPANY,Rock Creek Cattle Company / Foley
ROCK CREEK CATTLE COMPANY / FOLEY,28167703101520000,ROCK CREEK CATTLE COMPANY LTD,3.02,Powell,1701 VILLAGE CENTER CIRCLE,,,LAS VEGAS,NV,89134-6303,exact normalized cadastral owner match to independently supported current entity,confirmed,True,2026,1496578,0000205210,Vacant Land,,,"ROCK CREEK CATTLE COMPANY, S03, T08 N, R10 W, Lot 15C, ACRES 3.02, HOME RANCH DEV PHASE 1-A, COS 781,COMMON AREA",ROCK CREEK CATTLE COMPANY,Rock Creek Cattle Company / Foley
ROCK CREEK CATTLE COMPANY / FOLEY,28167710103150000,ROCK CREEK CATTLE COMPANY LTD,2.86,Powell,1701 VILLAGE CENTER CIR,,,LAS VEGAS,NV,89134-6303,exact normalized cadastral owner match to independently supported current entity,confirmed,True,2026,1456075,0000206060,Vacant Land,,MARTINEZ TAMMY,"ROCK CREEK CATTLE COMPANY, S10, T08 N, R10 W, Lot 59A, ACRES 2.86, COMMON AREA PER PLAT C-633",ROCK CREEK CATTLE COMPANY,Rock Creek Cattle Company / Foley
ROCK CREEK CATTLE COMPANY / FOLEY,28167704401160000,ROCK CREEK CATTLE COMPANY LTD,2.84,Powell,1701 VILLAGE CENTER CIR,,,LAS VEGAS,NV,89134-6303,exact normalized cadastral owner match to independently supported current entity,confirmed,True,2026,1601514,0000206076,Vacant Land,,MARTINEZ TAMMY,"ROCK CREEK CATTLE COMPANY, S04, T08 N, R10 W, Lot 3, ACRES 2.84, HOME RANCH DEV PH 6 PER PLAT C-636",ROCK CREEK CATTLE COMPANY,Rock Creek Cattle Company / Foley
ROCK CREEK CATTLE COMPANY / FOLEY,28167709104010000,ROCK CREEK CATTLE COMPANY LTD,2.75,Powell,1701 VILLAGE CENTER CIR,,,LAS VEGAS,NV,89134-6368,exact normalized cadastral owner match to independently supported current entity,confirmed,True,2026,1623419,0000706546,Vacant Land,,,"ROCK CREEK CATTLE COMPANY HOME RANCH DEVELOPMENT PHASE 3A, S09, T08 N, R10 W, Lot 1, ACRES 2.75, PLAT C-647",ROCK CREEK CATTLE COMPANY HOME RANCH DEVELOPMENT PHASE 3A,Rock Creek Cattle Company / Foley
ROCK CREEK CATTLE COMPANY / FOLEY,28167710203010000,ROCK CREEK CATTLE COMPANY LTD,2.71,Powell,1701 VILLAGE CENTER CIR,,,LAS VEGAS,NV,89134-6303,exact normalized cadastral owner match to independently supported current entity,confirmed,True,2026,1456070,0000206055,Vacant Land,,MARTINEZ TAMMY,"ROCK CREEK CATTLE COMPANY, S10, T08 N, R10 W, Lot 29A, ACRES 2.71, COMMON AREA PER PLAT C-633",ROCK CREEK CATTLE COMPANY,Rock Creek Cattle Company / Foley
ROCK CREEK CATTLE COMPANY / FOLEY,28167709103010000,ROCK CREEK CATTLE COMPANY LTD,2.71,Powell,1701 VILLAGE CENTER CIR,,,LAS VEGAS,NV,89134-6368,exact normalized cadastral owner match to independently supported current entity,confirmed,True,2026,1623420,0000706547,Vacant Land,,,"ROCK CREEK CATTLE COMPANY HOME RANCH DEVELOPMENT PHASE 3A, S09, T08 N, R10 W, Lot 2, ACRES 2.71, PLAT C-647",ROCK CREEK CATTLE COMPANY HOME RANCH DEVELOPMENT PHASE 3A,Rock Creek Cattle Company / Foley
ROCK CREEK CATTLE COMPANY / FOLEY,28167709101350000,ROCK CREEK CATTLE COMPANY LTD,2.41,Powell,1701 VILLAGE CENTER CIR,,,LAS VEGAS,NV,89134-6303,exact normalized cadastral owner match to independently supported current entity,confirmed,True,2026,1456083,0000205210,Vacant Land,,MARTINEZ TAMMY,"ROCK CREEK CATTLE COMPANY, S09, T08 N, R10 W, Lot 18, ACRES 2.41, HOME RANCH DEV, PHASE 3, PLAT C-593",ROCK CREEK CATTLE COMPANY,Rock Creek Cattle Company / Foley
ROCK CREEK CATTLE COMPANY / FOLEY,28167709103250000,ROCK CREEK CATTLE COMPANY LTD,2.31,Powell,1701 VILLAGE CENTER CIR,,,LAS VEGAS,NV,89134-6368,exact normalized cadastral owner match to independently supported current entity,confirmed,True,2026,1623425,0000706552,Vacant Land,,,"ROCK CREEK CATTLE COMPANY HOME RANCH DEVELOPMENT PHASE 3A, S09, T08 N, R10 W, Lot 7, ACRES 2.31, PLAT C-647",ROCK CREEK CATTLE COMPANY HOME RANCH DEVELOPMENT PHASE 3A,Rock Creek Cattle Company / Foley
ROCK CREEK CATTLE COMPANY / FOLEY,28167709103200000,ROCK CREEK CATTLE COMPANY LTD,2.15,Powell,1701 VILLAGE CENTER CIR,,,LAS VEGAS,NV,89134-6368,exact normalized cadastral owner match to independently supported current entity,confirmed,True,2026,1623424,0000706551,Vacant Land,,,"ROCK CREEK CATTLE COMPANY HOME RANCH DEVELOPMENT PHASE 3A, S09, T08 N, R10 W, Lot 6, ACRES 2.15, PLAT C-647",ROCK CREEK CATTLE COMPANY HOME RANCH DEVELOPMENT PHASE 3A,Rock Creek Cattle Company / Foley
ROCK CREEK CATTLE COMPANY / FOLEY,28167702102300000,ROCK CREEK CATTLE COMPANY LTD,2.09,Powell,1701 VILLAGE CENTER CIR,,,LAS VEGAS,NV,89134-6303,exact normalized cadastral owner match to independently supported current entity,confirmed,True,2026,1204350,0000205210,Vacant Land,,MARTINEZ TAMMY,"ROCK CREEK CATTLE COMPANY, S02, T08 N, R10 W, Lot 90A, ACRES 2.09, HOME RANCH PHASE TWO EAST PLAT C-667 COMMON AREA (2.09 ACRES)",ROCK CREEK CATTLE COMPANY,Rock Creek Cattle Company / Foley
ROCK CREEK CATTLE COMPANY / FOLEY,28167703301010000,ROCK CREEK CATTLE COMPANY LTD,1.59,Powell,1701 VILLAGE CENTER CIR,,,LAS VEGAS,NV,89134-6303,exact normalized cadastral owner match to independently supported current entity,confirmed,True,2026,1455912,0000205210,Vacant Land,,MARTINEZ TAMMY,"ROCK CREEK CATTLE COMPANY, S03, T08 N, R10 W, Lot 58, ACRES 1.59, HOME RANCH DEV PHASE 3, PLAT C-593, COMMON AREA",ROCK CREEK CATTLE COMPANY,Rock Creek Cattle Company / Foley
ROCK CREEK CATTLE COMPANY / FOLEY,28167703302600000,ROCK CREEK CATTLE COMPANY LTD,1.57,Powell,1701 VILLAGE CENTER CIR,,,LAS VEGAS,NV,89134-6303,exact normalized cadastral owner match to independently supported current entity,confirmed,True,2026,1455894,0000206049,Vacant Land,,MARTINEZ TAMMY,"ROCK CREEK CATTLE COMPANY, S03, T08 N, R10 W, Lot 41A, ACRES 1.57, COMMON AREA PER PLAT C-633",ROCK CREEK CATTLE COMPANY,Rock Creek Cattle Company / Foley
ROCK CREEK CATTLE COMPANY / FOLEY,28167711202010000,ROCK CREEK CATTLE COMPANY LTD,1.36,Powell,1701 VILLAGE CENTER CIR,,,LAS VEGAS,NV,89134-6303,exact normalized cadastral owner match to independently supported current entity,confirmed,True,2026,1456027,0000205210,Vacant Land,,MARTINEZ TAMMY,"ROCK CREEK CATTLE COMPANY, S11, T08 N, R10 W, Lot 60, ACRES 1.36, COMMON AREA, HOME RANCH DEV, PHASE 3, PLAT C-593",ROCK CREEK CATTLE COMPANY,Rock Creek Cattle Company / Foley
ROCK CREEK CATTLE COMPANY / FOLEY,28167703101010000,ROCK CREEK CATTLE COMPANY LTD,0.83,Powell,1701 VILLAGE CENTER CIR,,,LAS VEGAS,NV,89134-6303,exact normalized cadastral owner match to independently supported current entity,confirmed,True,2026,1204307,0000205210,Vacant Land,,MARTINEZ TAMMY,"S03, T08 N, R10 W, ACRES 0.83, HOME RANCH DEV PHASE 1, REM FROM AMENDED PLAT C-590",,Rock Creek Cattle Company / Foley
ROCK CREEK CATTLE COMPANY / FOLEY,28167709103300000,BILCAR LIMITED PARTNERSHIP,0.68,Powell,1701 VILLAGE CENTER CIR,,,LAS VEGAS,NV,89134-6368,exact normalized cadastral owner match to independently supported current entity,confirmed,True,2026,1623428,0000706555,Vacant Land,,,"ROCK CREEK CATTLE COMPANY HOME RANCH DEVELOPMENT PHASE 3A, S09, T08 N, R10 W, Lot 10, ACRES 0.68, PLAT C-647",ROCK CREEK CATTLE COMPANY HOME RANCH DEVELOPMENT PHASE 3A,Rock Creek Cattle Company / Foley
ROCK CREEK CATTLE COMPANY / FOLEY,28167703402010000,ROCK CREEK CATTLE COMPANY LTD,0.56,Powell,C/O FIDELITY NATIONAL FINANCIAL,1701 VILLAGE CENTER CIR FL 2,,LAS VEGAS,NV,89134-6303,exact normalized cadastral owner match to independently supported current entity,confirmed,True,2026,1204198,0000205110,Vacant Land,,,"ROCK CREEK CATTLE COMPANY, S03, T08 N, R10 W, ACRES 0.56, PLAT C-583 COMMON AREA LOT 19",ROCK CREEK CATTLE COMPANY,Rock Creek Cattle Company / Foley
ROCK CREEK CATTLE COMPANY / FOLEY,28177533404010000,ROCK CREEK CATTLE COMPANY LTD,0.41,Powell,1701 VILLAGE CENTER CIRCLE,,,LAS VEGAS,NV,89134-6303,exact normalized cadastral owner match to independently supported current entity,confirmed,True,2026,1207413,0000500910,Vacant Land,,,"ROCK CREEK CATTLE COMPANY, S33, T09 N, R10 W, ACRES 0.41, REM",ROCK CREEK CATTLE COMPANY,Rock Creek Cattle Company / Foley
ROCK CREEK CATTLE COMPANY / FOLEY,07429236110010000,FOLCO DEVELOPMENT CORPORATION,0.224,Flathead,1701 VILLAGE CENTER CIRCLE,,,LAS VEGAS,NV,89134,exact normalized cadastral owner match to independently supported current entity,confirmed,True,2026,481979,0000966000,Improved Property,,,"WFSH, S36, T31 N, R22 W, BLOCK 027, Lot 003, WFSH LOT 3-5 BLK 27",WFSH,Rock Creek Cattle Company / Foley
ROCK CREEK CATTLE COMPANY / FOLEY,28167703301195000,BILCAR LLC,0.06,Powell,1701 VILLAGE CENTER CIR,,,LAS VEGAS,NV,89134-6368,exact normalized cadastral owner match to independently supported current entity,confirmed,True,2026,1563317,0000706515,Townhouse,,,"ROCK CREEK CATTLE COMPANY, S03, T08 N, R10 W, Lot 65A, ACRES 0.06, HOME RANCH DEV PHASE 3, AMENDED PLAT C-614",ROCK CREEK CATTLE COMPANY,Rock Creek Cattle Company / Foley
ROCK CREEK CATTLE COMPANY / FOLEY,07429236122030000,FOLCO DEVELOPMENT CORPORATION,0.046,Flathead,1701 VILLAGE CENTER CIR,,,LAS VEGAS,NV,89134-6368,exact normalized cadastral owner match to independently supported current entity,confirmed,True,2026,480395,0000913301,Improved Property,,,"WFSH, S36, T31 N, R22 W, BLOCK 035, Lot 013, W 80 FT 13",WFSH,Rock Creek Cattle Company / Foley
ROCK CREEK CATTLE COMPANY / FOLEY,28177534404010000,ROCK CREEK CATTLE COMPANY LTD,0.02,Powell,1701 VILLAGE CENTER CIRCLE,,,LAS VEGAS,NV,89134-6303,exact normalized cadastral owner match to independently supported current entity,confirmed,True,2026,1496580,0000500910,Vacant Land,,,"ROCK CREEK CATTLE COMPANY, S34, T09 N, R10 W, Lot 15F, ACRES 0.02, HOME RANCH DEV PHASE 1-A, COS 781, COMMON AREA",ROCK CREEK CATTLE COMPANY,Rock Creek Cattle Company / Foley
ROCK CREEK CATTLE COMPANY / FOLEY,07407803101071012,BILCAR LP,0.0,Flathead,1701 VILLAGE CENTER CIR,,,LAS VEGAS,NV,89134-6368,exact normalized cadastral owner match to independently supported current entity,confirmed,True,2026,487103,0000974492,On Leased Land,,,"S03, T29 N, R21 W, IMP 1012 ON TR 5, ASSR #0000974492",,Rock Creek Cattle Company / Foley
ROCK CREEK CATTLE COMPANY / FOLEY,07407803101071119,BILCAR LP,0.0,Flathead,1701 VILLAGE CENTER CIR,,,LAS VEGAS,NV,89134-6368,exact normalized cadastral owner match to independently supported current entity,confirmed,True,2026,422736,0000980054,On Leased Land,,,"S03, T29 N, R21 W, IMP 1119 ON TR 5, ASSR #0000980054",,Rock Creek Cattle Company / Foley
ROCK CREEK CATTLE COMPANY / FOLEY,07418535101114616,BILCAR LP,0.0,Flathead,1701 VILLAGE CENTER CIR,,,LAS VEGAS,NV,89134-6368,exact normalized cadastral owner match to independently supported current entity,confirmed,True,2026,447604,0000010221,On Leased Land,,,"S35, T30 N, R21 W, IMP 1616 ON TR 4, ASSR #0000010221",,Rock Creek Cattle Company / Foley
ROCK CREEK CATTLE COMPANY / FOLEY,07440328201010000,BOGNOR REGIS INC DEFINED BENEFIT PLAN,320.0,Flathead,601 RIVERSIDE AVE,,,JACKSONVILLE,FL,32204-2901,exact normalized group mailing location: 601 RIVERSIDE AVE JACKSONVILLE FL 32204,address_candidate,False,2026,458201,0000013045,Vacant Land,,,"S28, T32 N, R22 W, ACRES 320, TR 3 W2W2, TR 2 N2SE4, SE4NW4,  NE4SW4, ASSR #0000013045",,Rock Creek Cattle Company / Foley
ROCK CREEK CATTLE COMPANY / FOLEY,07440333101010000,BOGNOR REGIS INC DEFINED BENEFIT PLAN,120.0,Flathead,601 RIVERSIDE AVE,,,JACKSONVILLE,FL,32204-2901,exact normalized group mailing location: 601 RIVERSIDE AVE JACKSONVILLE FL 32204,address_candidate,False,2026,458202,0000013045,Vacant Land,,,"S33, T32 N, R22 W, ACRES 120, TR 3 IN NE4NE4, S2NE4 ASSR #0000013045",,Rock Creek Cattle Company / Foley
ROCK CREEK CATTLE COMPANY / FOLEY,07440332303010000,LRCW TRUST,81.037,Flathead,1701 VILLAGE CENTER CIR,,,LAS VEGAS,NV,89134-6368,exact normalized group mailing location: 1701 VILLAGE CENTER CIR LAS VEGAS NV 89134,address_candidate,False,2026,477611,0000818400,Improved Property,,,"S32, T32 N, R22 W, TR 1 IN S2SW4",,Rock Creek Cattle Company / Foley
ROCK CREEK CATTLE COMPANY / FOLEY,07429205201010000,LRCW TRUST,27.78,Flathead,1701 VILLAGE CENTER CIR,,,LAS VEGAS,NV,89134-6368,exact normalized group mailing location: 1701 VILLAGE CENTER CIR LAS VEGAS NV 89134,address_candidate,False,2026,477612,0000818400,Improved Property,,,"S05, T31 N, R22 W, TR 6AB IN L2&3&4 TR 6 IN L3&5 SE4NW4",,Rock Creek Cattle Company / Foley
ROCK CREEK CATTLE COMPANY / FOLEY,07429205201100000,LRCW TRUST,21.798,Flathead,1701 VILLAGE CENTER CIR,,,LAS VEGAS,NV,89134-6368,exact normalized group mailing location: 1701 VILLAGE CENTER CIR LAS VEGAS NV 89134,address_candidate,False,2026,489677,0000977459,Improved Property,,,"S05, T31 N, R22 W, C.O.S. 9569, ACRES 20.8, TR 6AA IN L2, TR 6D IN L5",,Rock Creek Cattle Company / Foley
ROCK CREEK CATTLE COMPANY / FOLEY,07429224233010000,DUCOMMUN DAVID,0.391,Flathead,1701 VILLAGE CENTER CIR,,,LAS VEGAS,NV,89134-6368,exact normalized group mailing location: 1701 VILLAGE CENTER CIR LAS VEGAS NV 89134,address_candidate,False,2026,485181,0000971924,Improved Property,,,"S24, T31 N, R22 W, C.O.S. 23198-1, TR J IN 29, TR A IN 29, 1/18INT IN TA 12&13",,Rock Creek Cattle Company / Foley
ROCK CREEK CATTLE COMPANY / FOLEY,28167703401550000,REINHARDT JOE A III,0.21,Powell,601 RIVERSIDE AVE,,,JACKSONVILLE,FL,32204-2901,legal/subdivision context contains ROCK CREEK CATTLE COMPANY; owner field is not a confirmed developer entity; exact normalized group mailing location: 601 RIVERSIDE AVE JACKSONVILLE FL 32204,address_candidate,False,2026,1204209,0000206268,Improved Property,,,"ROCK CREEK CATTLE COMPANY, S03, T08 N, R10 W, Lot 54, ACRES 0.21, PLAT C-584",ROCK CREEK CATTLE COMPANY,Rock Creek Cattle Company / Foley
ROCK CREEK CATTLE COMPANY / FOLEY,28167833413030000,DEER LODGE RESIDENCES LLC,0.209,Powell,C/O FIDELITY NATIONAL FINANCIAL,1701 VILLAGE CENTER CIR FL 2,,LAS VEGAS,NV,89134-6303,exact normalized group mailing location: 1701 VILLAGE CENTER CIR LAS VEGAS NV 89134,address_candidate,False,2026,1202867,0000051400,Improved Property,,,"ORIGINAL ADD (DEER LODGE), S33, T08 N, R09 W, BLOCK 13, W 2 LOTS 11-14, S 20.6' OF W2 LOT 15",ORIGINAL ADD (DEER LODGE),Rock Creek Cattle Company / Foley
ROCK CREEK CATTLE COMPANY / FOLEY,28167833323050000,DEER LODGE RESIDENCES LLC,0.087,Powell,C/O FIDELITY NATIONAL FINANCIAL,1701 VILLAGE CENTER CIR FL 2,,LAS VEGAS,NV,89134-6303,exact normalized group mailing location: 1701 VILLAGE CENTER CIR LAS VEGAS NV 89134,address_candidate,False,2026,1203023,0000063200,Improved Property,,,"ORIGINAL ADD (DEER LODGE), S33, T08 N, R09 W, BLOCK 11, Lot 18",ORIGINAL ADD (DEER LODGE),Rock Creek Cattle Company / Foley
ROCK CREEK CATTLE COMPANY / FOLEY,07429236117040000,C & L HOLDINGS LLC,0.078,Flathead,1701 VILLAGE CENTER CIR,,,LAS VEGAS,NV,89134-6368,exact normalized group mailing location: 1701 VILLAGE CENTER CIR LAS VEGAS NV 89134,address_candidate,False,2026,483199,0000969414,Improved Property,,,"WFSH, S36, T31 N, R22 W, BLOCK 038, Lot 010, E 6 FT 11",WFSH,Rock Creek Cattle Company / Foley
TERRITORY 1889 / LAKESIDE,07383231101010000,BLACKTAIL LAKESIDE LLC,479.8,Flathead,345 RIVERHILL DR NW,,,ALANTA,GA,30328,owner-name keyword: LAKESIDE; generic Lakeside/Eagle name without Discovery control evidence,unrelated,False,2026,458086,0000016441,Vacant Land,,,"S31, T27 N, R22 W, ACRES 479.8, TR 1, 2, 3, 4 IN E2, E2W2",,Territory 1889 / Lakeside
TERRITORY 1889 / LAKESIDE,07383230102100000,BLACKTAIL LAKESIDE LLC,155.58,Flathead,345 RIVERHILL DR NW,,,ALANTA,GA,30328,owner-name keyword: LAKESIDE; generic Lakeside/Eagle name without Discovery control evidence,unrelated,False,2026,1595808,0000016441,Vacant Land,,,"S30, T27 N, R22 W,  Acres 155.58, TR 2 IN L4,5,8,13",,Territory 1889 / Lakeside
TERRITORY 1889 / LAKESIDE,07383414101100000,LAKESIDE COUNTY SEWER DISTRICT,110.11,Flathead,PO BOX 300,,,LAKESIDE,MT,59922-0300,owner-name keyword: LAKESIDE; generic Lakeside/Eagle name without Discovery control evidence,unrelated,False,2026,428322,0000012629,Exempt Property,,,"S14, T27 N, R21 W, C.O.S. 17453-2 & 17974-1, ACRES 110.11, TR 3A & TR 4 IN NW4NW4, TR 5A IN E2NE4, TR 3 IN NE4NE4, TR 6C IN SE4NE4",,Territory 1889 / Lakeside
TERRITORY 1889 / LAKESIDE,07383230102200000,BLACKTAIL LAKESIDE LLC,80.04,Flathead,345 RIVERHILL DR NW,,,ALANTA,GA,30328,owner-name keyword: LAKESIDE; generic Lakeside/Eagle name without Discovery control evidence,unrelated,False,2026,1595809,0000016441,Vacant Land,,,"S30, T27 N, R22 W,  Acres 80.04, TR 4 IN L9,12",,Territory 1889 / Lakeside
TERRITORY 1889 / LAKESIDE,07383230102010000,BLACKTAIL LAKESIDE LLC,80.0,Flathead,345 RIVERHILL DR NW,,,ALANTA,GA,30328,owner-name keyword: LAKESIDE; generic Lakeside/Eagle name without Discovery control evidence,unrelated,False,2026,458085,0000016441,Vacant Land,,,"S30, T27 N, R22 W, ACRES 80, TR 1 IN E2NW4",,Territory 1889 / Lakeside
TERRITORY 1889 / LAKESIDE,07383411301200000,LAKESIDE COUNTY SEWER DISTRICT,80.0,Flathead,PO BOX 300,,,LAKESIDE,MT,59922-0300,owner-name keyword: LAKESIDE; generic Lakeside/Eagle name without Discovery control evidence,unrelated,False,2026,428323,0000012629,Exempt Property,,,"S11, T27 N, R21 W, ACRES 80, TR 2A IN SW4SW4, TR 2 IN SE4SW4",,Territory 1889 / Lakeside
TERRITORY 1889 / LAKESIDE,07383411403010000,LAKESIDE COUNTY WATER & SEWER DISTRICT,80.0,Flathead,PO BOX 300,,,LAKESIDE,MT,59922-0300,owner-name keyword: LAKESIDE; generic Lakeside/Eagle name without Discovery control evidence,unrelated,False,2026,427134,000E000953,Exempt Property,,,"S11, T27 N, R21 W, TR 3 IN E2SE4",,Territory 1889 / Lakeside
TERRITORY 1889 / LAKESIDE,05199635201010000,LAKESIDE RANCH  LLC,75.78,Lewis and Clark,2047 N LAST CHANCE GULCH,,,HELENA,MT,59601-0744,owner-name keyword: LAKESIDE; generic Lakeside/Eagle name without Discovery control evidence,unrelated,False,2026,538689,0000040600,Improved Property,,,"S35, T11 N, R02 W, C.O.S. 3245061, ACRES 75.78, LOT 37-A1, IN W2 SEC 35 & NE4 SEC 34",,Territory 1889 / Lakeside
TERRITORY 1889 / LAKESIDE,03092514310010000,LAKESIDE HOMEOWNERS ASSOCIATON INC,60.09,Yellowstone,8535 LONGMEADOW DR,,,BILLINGS,MT,59106-1825,owner-name keyword: LAKESIDE; generic Lakeside/Eagle name without Discovery control evidence,unrelated,False,2026,240028,000C075140,Non-Valued with Specials,,,"TANGLEWOOD LAKES ESTATES 1ST, S14, T01 S, R24 E, BLOCK 4, Lot 13",TANGLEWOOD LAKE ESTATES 1ST,Territory 1889 / Lakeside
TERRITORY 1889 / LAKESIDE,07383411102010000,LAKESIDE COUNTY WATER AND SEWER DISTRICT,36.19,Flathead,253 BIERNEY CREEK RD,,,LAKESIDE,MT,59922-9614,owner-name keyword: LAKESIDE; generic Lakeside/Eagle name without Discovery control evidence,unrelated,False,2026,483411,0000017264,Exempt Property,,,"S11, T27 N, R21 W, C.O.S. 5607, ACRES 36.19, TR 4C IN S2NE4",,Territory 1889 / Lakeside
TERRITORY 1889 / LAKESIDE,12444118301180000,LAKESIDE PLAZA INC,31.516,Hill,1425 US HIGHWAY 87 W,,,HAVRE,MT,59501-6724,owner-name keyword: LAKESIDE; generic Lakeside/Eagle name without Discovery control evidence,unrelated,False,2026,833794,0000634302,Mobile/RV Parks,,,"SMITH, RICHARD L TRACT, S18, T32 N, R16 E, 476240 31.516 AC IN SWNE  PT OF TRACT A","SMITH, RICHARD L TRACT",Territory 1889 / Lakeside
TERRITORY 1889 / LAKESIDE,05199634101400000,LAKESIDE RANCH LLC,31.1,Lewis and Clark,2047 N LAST CHANCE GULCH # 324,,,HELENA,MT,59601-0744,owner-name keyword: LAKESIDE; generic Lakeside/Eagle name without Discovery control evidence,unrelated,False,2026,525675,0000023557,Vacant Land,,,"S34, T11 N, R02 W, C.O.S. 3260503, ACRES 31.1, TRACT C-1, IN NE4",,Territory 1889 / Lakeside
TERRITORY 1889 / LAKESIDE,07407933301050000,OLD APOSTOLIC LUTHERAN CHURCH OF LAKESIDE MT,26.53,Flathead,PO BOX 854,,,KALISPELL,MT,59903-0854,owner-name keyword: LAKESIDE; generic Lakeside/Eagle name without Discovery control evidence,unrelated,False,2026,459369,0000320500,Vacant Land,,,"S33, T29 N, R20 W, C.O.S. 9655, ACRES 26.53, TR 2 IN SE4SW4",,Territory 1889 / Lakeside
TERRITORY 1889 / LAKESIDE,07370412417010000,LAKESIDE LAND DEVELOPMENT LLP,23.7,Flathead,182 FAIRWAY BLVD,,,KALISPELL,MT,59901-2770,owner-name keyword: LAKESIDE; generic Lakeside/Eagle name without Discovery control evidence,unrelated,False,2026,452942,0000119005,Vacant Land,,,"S12,  T26 N,  R21 W,  TR 4H IN W2SE4",,Territory 1889 / Lakeside
TERRITORY 1889 / LAKESIDE,07370519302300000,TAL & PGL LLC,21.68,Flathead,125 SCHOOLHOUSE LOOP STE 200,,,KALISPELL,MT,59901-7925,legacy seller retains a small cadastral parcel; no evidence of common Discovery beneficial ownership,unrelated,False,2026,446115,0000008788,Improved Property,,,"EAGLE DEVELOPMENT PH2 AMD L27, S19, T26 N, R20 W, Lot 1, ACRES 21.68",EAGLE DEVELOPMENT PH2 AMD L27,Territory 1889 / Lakeside
TERRITORY 1889 / LAKESIDE,56482233204200000,LINNELL BRAD H TTEE,20.298,Lincoln,PO BOX 1551,,,EUREKA,MT,59917-1551,candidate generator only,unrelated,False,2026,1456545,0000055523,Vacant Land,,,"EAGLE CREST, S33, T36 N, R28 W, Lot 2, ACRES 20.298, PM 6931",EAGLE CREST,Territory 1889 / Lakeside
TERRITORY 1889 / LAKESIDE,56482233204010000,COSGROVE DANIEL,20.1,Lincoln,PO BOX 170,,,REXFORD,MT,59930-0170,candidate generator only,unrelated,False,2026,1456544,0000012604,Vacant Land,,,"EAGLE CREST, S33, T36 N, R28 W, Lot 1, ACRES 20.1, PM 6931",EAGLE CREST,Territory 1889 / Lakeside
TERRITORY 1889 / LAKESIDE,07383413201700000,LAKESIDE COUNTY SEWER DISTRICT,20.02,Flathead,PO BOX 300,,,LAKESIDE,MT,59922-0300,owner-name keyword: LAKESIDE; generic Lakeside/Eagle name without Discovery control evidence,unrelated,False,2026,426655,000E000524,Exempt Property,,,"S13, T27 N, R21 W, 14194-1, PARCEL N/A, TR 8A IN NW4NW4 (SELL W/TR 5B IN SEC 14)",,Territory 1889 / Lakeside
TERRITORY 1889 / LAKESIDE,05199634102300000,LAKESIDE RANCH LLC & LAKESIDE RANCH II LLC,20.0,Lewis and Clark,2047 N LAST CHANCE GULCH # 324,,,HELENA,MT,59601-0744,owner-name keyword: LAKESIDE; generic Lakeside/Eagle name without Discovery control evidence,unrelated,False,2026,533153,0000035129,Improved Property,,,"S34, T11 N, R02 W, C.O.S. 3223399, PARCEL 5-A1-A, ACRES 20, LOT 5-A1-A, IN NE4 SEC 34 & NW4 IN SEC 35",,Territory 1889 / Lakeside
TERRITORY 1889 / LAKESIDE,05199634101450000,LAKESIDE RANCH II LLC &,16.032,Lewis and Clark,2047 N LAST CHANCE GULCH,,,HELENA,MT,59601-0744,owner-name keyword: LAKESIDE; generic Lakeside/Eagle name without Discovery control evidence,unrelated,False,2026,536579,0000038558,Vacant Land,,,"S34, T11 N, R02 W, TRACT PER BK.M34-PG.8171,  IN S2SE4NE4, W OF YORK HIGHWAY",,Territory 1889 / Lakeside
TERRITORY 1889 / LAKESIDE,07370519301400000,OTTO LAWRENCE,13.94,Flathead,PO BOX 10671,,,KALISPELL,MT,59904-3671,legal/subdivision context contains EAGLES CREST; owner field is not a confirmed developer entity; treated as individually owned member/homeowner or other nondeveloper parcel,unrelated,False,2026,444428,0000007305,Vacant Land,,,"EAGLES CREST BLUFFS AMD L14 & 15, S19, T26 N, R20 W, Lot 15A, ACRES 13.94, ASSR# 0000007305",EAGLES CREST BLUFFS AMD L14 & 15,Territory 1889 / Lakeside
TERRITORY 1889 / LAKESIDE,07370519301200000,YANKEE WILLIAM H,11.97,Flathead,1171 TRAPPERS CREEK RD,,,LAKESIDE,MT,59922-9751,legal/subdivision context contains EAGLES CREST; owner field is not a confirmed developer entity; treated as individually owned member/homeowner or other nondeveloper parcel,unrelated,False,2026,444426,0000007303,Improved Property,,,"EAGLES CREST BLUFFS, S19, T26 N, R20 W, Lot 13, ACRES 11.97, ASSR# 0000007303",EAGLES CREST BLUFFS,Territory 1889 / Lakeside
TERRITORY 1889 / LAKESIDE,03092514304500000,LAKESIDE HOMEOWNERS ASSOCIATION,10.6,Yellowstone,8535 LONGMEADOW DR,,,BILLINGS,MT,59106-1825,owner-name keyword: LAKESIDE; generic Lakeside/Eagle name without Discovery control evidence,unrelated,False,2026,247173,000C146840,Non-Valued with Specials,,,"TANGLEWOOD LAKES ESTATES 2ND, S14, T01 S, R24 E, BLOCK 9, Lot 23, AMD (15)",TANGLEWOOD LAKE ESTATES 2ND,Territory 1889 / Lakeside
TERRITORY 1889 / LAKESIDE,07370528202050000,LAKESIDE HIDEAWAYS LLC,10.38,Flathead,947 WILD SWAN ST,,,HENDERSON,NV,89052-2908,owner-name keyword: LAKESIDE; generic Lakeside/Eagle name without Discovery control evidence,unrelated,False,2026,463420,0000017047,Vacant Land,,,"S28, T26 N, R20 W, C.O.S. 22396-4, ACRES 10.38, TR 4B IN W2NW4",,Territory 1889 / Lakeside
TERRITORY 1889 / LAKESIDE,07370519401390000,WYER RALPH,10.27,Flathead,85 NE 50TH ST,,,MIAMI,FL,33137-2712,legal/subdivision context contains EAGLES CREST; owner field is not a confirmed developer entity; treated as individually owned member/homeowner or other nondeveloper parcel,unrelated,False,2026,444421,0000007298,Vacant Land,,,"EAGLES CREST RIDGE AMD L9,  S19,  T26 N,  R20 W,  Lot 9A, ACRES 10.27",EAGLES CREST RIDGE AMD L9,Territory 1889 / Lakeside
TERRITORY 1889 / LAKESIDE,07383414101070000,LAKESIDE COUNTY SEWER DISTRICT,10.05,Flathead,PO BOX 300,,,LAKESIDE,MT,59922-0300,owner-name keyword: LAKESIDE; generic Lakeside/Eagle name without Discovery control evidence,unrelated,False,2026,443404,000E038911,Exempt Property,,,"S14, T27 N, R21 W, 14194-1, PARCEL N/A, TR 5B IN NE4NE4 (SELL W/TR 8A IN SEC 13)",,Territory 1889 / Lakeside
TERRITORY 1889 / LAKESIDE,07383414101050000,LAKESIDE COUNTY WATER & SEWER DISTRICT,10.05,Flathead,PO BOX 300,,,LAKESIDE,MT,59922-0300,owner-name keyword: LAKESIDE; generic Lakeside/Eagle name without Discovery control evidence,unrelated,False,2026,427135,000E000953,Exempt Property,,,"S14, T27 N, R21 W, TR 5 IN N2NE4NE4",,Territory 1889 / Lakeside
TERRITORY 1889 / LAKESIDE,07383413201440000,LAKESIDE COUNTY WATER & SEWER DISTRICT,10.011,Flathead,PO BOX 300,,,LAKESIDE,MT,59922-0300,owner-name keyword: LAKESIDE; generic Lakeside/Eagle name without Discovery control evidence,unrelated,False,2026,1153620,0000012630,Exempt Property,,,"S13, T27 N, R21 W, ACRES 10.01, TR 5CA IN SW4NW4",,Territory 1889 / Lakeside
TERRITORY 1889 / LAKESIDE,07370519104250000,NOYES JOHN PAUL & DEBBIE,9.43,Flathead,345 SKY RANCH LN,,,KALISPELL,MT,59901-1804,legal/subdivision context contains EAGLES CREST; owner field is not a confirmed developer entity; treated as individually owned member/homeowner or other nondeveloper parcel,unrelated,False,2026,444414,0000007292,Vacant Land,,,"EAGLES CREST VISTAS NO 2, S19, T26 N, R20 W, Lot 3, ACRES 9.43",EAGLES CREST VISTAS NO 2,Territory 1889 / Lakeside
TERRITORY 1889 / LAKESIDE,07370519304070000,EAGLE CREST HOLDINGS LLC,8.99,Flathead,323 STARFIRE CT,,,KALISPELL,MT,59901-1826,known homeowner/common-area/legacy entity; excluded,unrelated,False,2026,466687,0000501926,Vacant Land,,,"EAGLE DEVELOPMENT PH 3 AMD L 27 & 33, S19, T26 N, R20 W, Lot 27, ACRES 8.99",EAGLE DEVELOPMENT PH 3 AMD L 27 & 33,Territory 1889 / Lakeside
TERRITORY 1889 / LAKESIDE,07370506101080000,LAKESIDE LEGACY LLC,7.624,Flathead,395 MARCO BAY DR,,,SOMERS,MT,59932-9808,owner-name keyword: LAKESIDE; generic Lakeside/Eagle name without Discovery control evidence,unrelated,False,2026,436867,0000000752,Improved Property,,,"S06, T26 N, R20 W, ACRES 7.75, CS 21551-2, TR 5DB IN L7 (SELL W/1B SEC 36, 5D 6-26-20), TR 1B IN L1 (SELL W/TR 5DB S35, 5D 6-26-20),  TR 5D IN L1,NE4NW4 (W/5DB",,Territory 1889 / Lakeside
TERRITORY 1889 / LAKESIDE,07370519401280000,NICOLL TRUST AGREEMENT DEREK B,7.59,Flathead,DEREK B & DEANNA M NICOLL,18864 65TH PL N,,MAPLE GROVE,MN,55311-3554,legal/subdivision context contains EAGLES CREST; owner field is not a confirmed developer entity; treated as individually owned member/homeowner or other nondeveloper parcel,unrelated,False,2026,444419,0000007297,Vacant Land,,,"EAGLES CREST RIDGE L8 AMD, S19, T26 N, R20 W, Lot 8A, ACRES 7.59",EAGLES CREST RIDGE L8 AMD,Territory 1889 / Lakeside
TERRITORY 1889 / LAKESIDE,07370519401350000,THOMPSON FAMILY TRUST,7.59,Flathead,GREGORY RAYMOND & ANDREA MARIA THOMPSON,2205 CHANNEL RD,,NEWPORT BEACH,CA,92661-1509,legal/subdivision context contains EAGLES CREST; owner field is not a confirmed developer entity; treated as individually owned member/homeowner or other nondeveloper parcel,unrelated,False,2026,1633613,0000510584,Vacant Land,,,"EAGLES CREST RIDGE L8 AMD, S19, T26 N, R20 W, Lot 8B, ACRES 7.59",EAGLES CREST RIDGE L8 AMD,Territory 1889 / Lakeside
TERRITORY 1889 / LAKESIDE,07370507206010000,LAKESIDE CREST HOLDINGS LLC,7.13,Flathead,64 LAKESIDE CREST DR,,,LAKESIDE,MT,59922-9007,owner-name keyword: LAKESIDE; generic Lakeside/Eagle name without Discovery control evidence,unrelated,False,2026,460035,0000342601,Improved Property,,,"S07, T26 N, R20 W, ACRES 7.13, CS 21903-B, TR 7CAA IN NW4",,Territory 1889 / Lakeside
TERRITORY 1889 / LAKESIDE,07370519401100000,INGRUM FAMILY TRUST,7.03,Flathead,PO BOX 187,,,LAKESIDE,MT,59922-0187,legal/subdivision context contains EAGLE CREST; owner field is not a confirmed developer entity; treated as individually owned member/homeowner or other nondeveloper parcel,unrelated,False,2026,465000,0000500225,Vacant Land,,,"EAGLE CREST RIDGE L6 AMD, S19, T26 N, R20 W, Lot 6B, ACRES 7.03, ASSR# 0000500225",EAGLE CREST RIDGE L6 AMD,Territory 1889 / Lakeside
TERRITORY 1889 / LAKESIDE,07370519401190000,INGRUM FAMILY TRUST,6.24,Flathead,PO BOX 187,,,LAKESIDE,MT,59922-0187,legal/subdivision context contains EAGLES CREST; owner field is not a confirmed developer entity; treated as individually owned member/homeowner or other nondeveloper parcel,unrelated,False,2026,465186,0000500415,Improved Property,,,"EAGLES CREST RIDGE L7&10  AMD, S19, T26 N, R20 W, Lot 7B, ACRES 6.24, ASSR# 0000500415",EAGLES CREST RIDGE L7&10  AMD,Territory 1889 / Lakeside
TERRITORY 1889 / LAKESIDE,07370519104150000,CARTER REVOCABLE TRUST CHERYL,5.8,Flathead,PO BOX 7,,,BIG ARM,MT,59910-0007,legal/subdivision context contains EAGLES CREST; owner field is not a confirmed developer entity; treated as individually owned member/homeowner or other nondeveloper parcel,unrelated,False,2026,444413,0000007291,Vacant Land,,,"EAGLES CREST VISTAS L1&2  AMD, S19, T26 N, R20 W, Lot 2A, ACRES 5.8, COS 17328, ASSR# 0000007291",EAGLES CREST VISTAS L1&2  AMD,Territory 1889 / Lakeside
TERRITORY 1889 / LAKESIDE,07370519301300000,TACKETT RICHARD J,5.64,Flathead,504 RIDGE LINE DR,,,LAKESIDE,MT,59922-9764,legal/subdivision context contains EAGLES CREST; owner field is not a confirmed developer entity; treated as individually owned member/homeowner or other nondeveloper parcel,unrelated,False,2026,444427,0000007304,Improved Property,,,"EAGLES CREST BLUFFS AMD L14 & 15, S19, T26 N, R20 W, Lot 14A, ACRES 5.64, ASSR# 0000007304",EAGLES CREST BLUFFS AMD L14 & 15,Territory 1889 / Lakeside
TERRITORY 1889 / LAKESIDE,07370519401060000,HOWES CAROL SUSAN & HAL I,5.48,Flathead,5614 EVERGREEN ST,,,BELLAIRE,TX,77401-4714,legal/subdivision context contains EAGLE CREST; owner field is not a confirmed developer entity; treated as individually owned member/homeowner or other nondeveloper parcel,unrelated,False,2026,444417,0000007295,Vacant Land,,,"EAGLE CREST RIDGE L6 AMD, S19, T26 N, R20 W, Lot 6A, ACRES 5.48, ASSR# 0000007295",EAGLE CREST RIDGE L6 AMD,Territory 1889 / Lakeside
TERRITORY 1889 / LAKESIDE,07370519104350000,RH 2012 MANAGEMENT TRUST,5.47,Flathead,MAIL TO RICHARD HELLER TRUSTEE,PO BOX 96143,,LAS VEGAS,NV,89193-6143,legal/subdivision context contains EAGLES CREST; owner field is not a confirmed developer entity; treated as individually owned member/homeowner or other nondeveloper parcel,unrelated,False,2026,1450480,0000505059,Improved Property,,,"LOT 5 EAGLES CREST VISTAS REVISITED, S19, T26 N, R20 W, Lot 2, ACRES 5.47, ASSR# 0000505059",LOT 5 EAGLES CREST VISTAS REVISITED,Territory 1889 / Lakeside
TERRITORY 1889 / LAKESIDE,07370519104050000,FISCHER DAN & KRISTI,5.36,Flathead,18789 US HIGHWAY 93,,,LAKESIDE,MT,59922-9511,legal/subdivision context contains EAGLES CREST; owner field is not a confirmed developer entity; treated as individually owned member/homeowner or other nondeveloper parcel,unrelated,False,2026,1450506,0000505306,Vacant Land,,,"EAGLES CREST VISTAS AMD L1A OF AMD L1&2, S19, T26 N, R20 W, Lot 2, ACRES 5.36, ASSR# 0000505306",EAGLES CREST VISTAS AMD L1A OF AMD L1&2,Territory 1889 / Lakeside
TERRITORY 1889 / LAKESIDE,05199627402357000,LAKESIDE VILLAGE ON HAUSER HOA,5.28,Lewis and Clark,5309 HARBOR LN,,,HELENA,MT,59602-6506,owner-name keyword: LAKESIDE; generic Lakeside/Eagle name without Discovery control evidence,unrelated,False,2026,544780,0000KKKKKK,Non-Valued Property,,,"S27, T11 N, R02 W, C.O.S. 3105602, PARCEL 3A, LAKESIDE VILLAGE ON HAUSER CONDO MASTER  LT 3A COS#3105602",,Territory 1889 / Lakeside
TERRITORY 1889 / LAKESIDE,07370519301100000,CARPENTER DAVID,5.14,Flathead,PO BOX 187,,,THORP,WA,98946-0187,legal/subdivision context contains EAGLES CREST; owner field is not a confirmed developer entity; treated as individually owned member/homeowner or other nondeveloper parcel,unrelated,False,2026,444425,0000007302,Vacant Land,,,"EAGLES CREST BLUFFS L12   RESUB, S19, T26 N, R20 W, Lot 1, ACRES 5.14, ASSR# 0000007302",EAGLES CREST BLUFFS L12   RESUB,Territory 1889 / Lakeside
TERRITORY 1889 / LAKESIDE,07370519301150000,DREXEL LLC,4.85,Flathead,PO BOX 803435,,,DALLAS,TX,75380-3435,legal/subdivision context contains EAGLES CREST; owner field is not a confirmed developer entity; treated as individually owned member/homeowner or other nondeveloper parcel,unrelated,False,2026,467387,0000502659,Vacant Land,,,"EAGLES CREST BLUFFS L12   RESUB, S19, T26 N, R20 W, Lot 2, ACRES 4.85, ASSR# 0000502659",EAGLES CREST BLUFFS L12   RESUB,Territory 1889 / Lakeside
TERRITORY 1889 / LAKESIDE,07370519104300000,LEISER PATRICK A & GAYLE L,4.64,Flathead,164 EAGLES CREST RD,,,LAKESIDE,MT,59922-9749,legal/subdivision context contains EAGLES CREST; owner field is not a confirmed developer entity; treated as individually owned member/homeowner or other nondeveloper parcel,unrelated,False,2026,444415,0000007293,Improved Property,,,"EAGLES CREST VISTAS, S19, T26 N, R20 W, Lot 4, ACRES 4.64, ASSR# 0000007293",EAGLES CREST VISTAS,Territory 1889 / Lakeside
TERRITORY 1889 / LAKESIDE,07370519401500000,BOOTH DAVID & ASHLEY,4.59,Flathead,132 ALEA LN,,,LAKESIDE,MT,59922-9553,legal/subdivision context contains EAGLES CREST; owner field is not a confirmed developer entity; treated as individually owned member/homeowner or other nondeveloper parcel,unrelated,False,2026,444422,0000007299,Vacant Land,,,"EAGLES CREST RIDGE L7&10  AMD, S19, T26 N, R20 W, Lot 10A, ACRES 4.59, ASSR# 0000007299",EAGLES CREST RIDGE L7&10  AMD,Territory 1889 / Lakeside
TERRITORY 1889 / LAKESIDE,07370519401450000,BOOTH DAVID & ASHLEY,4.56,Flathead,132 ALEA LN,,,LAKESIDE,MT,59922-9553,legal/subdivision context contains EAGLES CREST; owner field is not a confirmed developer entity; treated as individually owned member/homeowner or other nondeveloper parcel,unrelated,False,2026,465187,0000500416,Vacant Land,,,"EAGLES CREST RIDGE L7&10  AMD, S19, T26 N, R20 W, Lot 10B, ACRES 4.56, ASSR# 0000500416",EAGLES CREST RIDGE L7&10  AMD,Territory 1889 / Lakeside
TERRITORY 1889 / LAKESIDE,07370517101010000,1065 LAKESIDE LLC,4.42,Flathead,60 S MARKET ST STE 500,,,SAN JOSE,CA,95113-2356,owner-name keyword: LAKESIDE; generic Lakeside/Eagle name without Discovery control evidence,unrelated,False,2026,483676,0000969930,Improved Property,,,"S17, T26 N, R20 W, TR 3 IN L 2, TR 2AE IN SE4SE4",,Territory 1889 / Lakeside
TERRITORY 1889 / LAKESIDE,07370519104010000,FISCHER DAN & KRISTI,4.32,Flathead,18789 US HIGHWAY 93,,,LAKESIDE,MT,59922-9511,legal/subdivision context contains EAGLES CREST; owner field is not a confirmed developer entity; treated as individually owned member/homeowner or other nondeveloper parcel,unrelated,False,2026,444411,0000007289,Vacant Land,,,"EAGLES CREST VISTAS AMD L1A OF AMD L1&2, S19, T26 N, R20 W, Lot 1, ACRES 4.32, ASSR# 0000007289",EAGLES CREST VISTAS AMD L1A OF AMD L1&2,Territory 1889 / Lakeside
TERRITORY 1889 / LAKESIDE,07370412101010000,LAKESIDE LAND DEVELOPMENT LLP,4.28,Flathead,182 FAIRWAY BLVD,,,KALISPELL,MT,59901-2770,owner-name keyword: LAKESIDE; generic Lakeside/Eagle name without Discovery control evidence,unrelated,False,2026,476859,0000793301,Vacant Land,,,"S12, T26 N, R21 W, TR 2AD IN SW4NE4",,Territory 1889 / Lakeside
TERRITORY 1889 / LAKESIDE,07396633303250000,LAKESIDE PROPERTIES LLC,4.23,Flathead,2220 SE SPRUCE AVE,,,PORTLAND,OR,97214-5362,owner-name keyword: LAKESIDE; generic Lakeside/Eagle name without Discovery control evidence,unrelated,False,2026,450627,0000033640,Improved Property,,,"S33, T28 N, R21 W, TR 4EC IN SE4SW4",,Territory 1889 / Lakeside
TERRITORY 1889 / LAKESIDE,07370507205600000,LAKESIDE CREST HOLDINGS LLC,4.153,Flathead,64 LAKESIDE CREST DR,,,LAKESIDE,MT,59922-9007,owner-name keyword: LAKESIDE; generic Lakeside/Eagle name without Discovery control evidence,unrelated,False,2026,473101,0000673300,Vacant Land,,,"S07, T26 N, R20 W, ACRES 4.15, CS 21903-C, TR 7C IN L 1 & NW4NW4",,Territory 1889 / Lakeside
TERRITORY 1889 / LAKESIDE,07370519401410000,ROWE MEG CHRISTINE,4.0,Flathead,40 JACKSON RD,,,WHITE SULPHUR SPRINGS,MT,59645-9613,legal/subdivision context contains EAGLES CREST; owner field is not a confirmed developer entity; treated as individually owned member/homeowner or other nondeveloper parcel,unrelated,False,2026,1633614,0000510720,Vacant Land,,,"EAGLES CREST RIDGE AMD L9, S19, T26 N, R20 W, Lot 9B, ACRES 4",EAGLES CREST RIDGE AMD L9,Territory 1889 / Lakeside
TERRITORY 1889 / LAKESIDE,07370519104400000,GETZFRID FAMILY REVOCABLE TRUST MT,3.91,Flathead,MARK T GETZFRID & JAMIE D GETZFRID,183 EAGLES CREST RD,,LAKESIDE,MT,59922,legal/subdivision context contains EAGLES CREST; owner field is not a confirmed developer entity; treated as individually owned member/homeowner or other nondeveloper parcel,unrelated,False,2026,444416,0000007294,Improved Property,,GETZFRID MARK T TRUSTEE,"LOT 5 EAGLES CREST VISTAS REVISITED, S19, T26 N, R20 W, Lot 1, ACRES 3.91, ASSR# 0000007294",LOT 5 EAGLES CREST VISTAS REVISITED,Territory 1889 / Lakeside
TERRITORY 1889 / LAKESIDE,07370519401170000,BOOTH DAVID,3.53,Flathead,132 ALEA LN,,,LAKESIDE,MT,59922-9553,legal/subdivision context contains EAGLES CREST; owner field is not a confirmed developer entity; treated as individually owned member/homeowner or other nondeveloper parcel,unrelated,False,2026,444418,0000007296,Vacant Land,,,"EAGLES CREST RIDGE L7&10  AMD, S19, T26 N, R20 W, Lot 7A, ACRES 3.53",EAGLES CREST RIDGE L7&10  AMD,Territory 1889 / Lakeside
TERRITORY 1889 / LAKESIDE,07370412417980000,LAKESIDE LAND DEVELOPMENT LLP,3.49,Flathead,182 FAIRWAY BLVD,,,KALISPELL,MT,59901-2770,owner-name keyword: LAKESIDE; generic Lakeside/Eagle name without Discovery control evidence,unrelated,False,2026,439383,0000002947,Non-Valued with Specials,,,"LAKESIDE ESTATE PH 1, S12, T26 N, R21 W, ACRES 5.61, COMMONS AREAS A & B, ASSR# 0000002947",LAKESIDE ESTATE PH 1,Territory 1889 / Lakeside
TERRITORY 1889 / LAKESIDE,07370507206100000,LAKESIDE CREST HOLDINGS LLC,3.38,Flathead,64 LAKESIDE CREST DR,,,LAKESIDE,MT,59922-9007,owner-name keyword: LAKESIDE; generic Lakeside/Eagle name without Discovery control evidence,unrelated,False,2026,460723,0000365150,Improved Property,,,"S07, T26 N, R20 W, ACRES 3.38, CS 21903-A, TR 7CAAB IN NW4",,Territory 1889 / Lakeside
TERRITORY 1889 / LAKESIDE,07370412417350000,LAKESIDE LAND DEVELOPMENT LLP,3.136,Flathead,182 FAIRWAY BLVD,,,KALISPELL,MT,59901-2770,owner-name keyword: LAKESIDE; generic Lakeside/Eagle name without Discovery control evidence,unrelated,False,2026,1596236,0000508514,Non-Valued with Specials,,,"LAKESIDE ESTATES PH 3, S12, T26 N, R21 W, COMMON AREA & ROAD",LAKESIDE ESTATES PH 3,Territory 1889 / Lakeside
TERRITORY 1889 / LAKESIDE,07370507201050000,LAKESIDE CABINS LLC,2.661,Flathead,JOHN BEUCHAT,12703 SUNBURST DR,,BIGFORK,MT,59911,owner-name keyword: LAKESIDE; generic Lakeside/Eagle name without Discovery control evidence,unrelated,False,2026,490259,0000978100,Improved Property,,,"S07, T26 N, R20 W, COS 8633, TR 7BC E OF HWY IN L1 & NW4NW4 TR 7AB IN L 1, ASSR #0000978100",,Territory 1889 / Lakeside
TERRITORY 1889 / LAKESIDE,07370507312150000,LAKESIDE RESORT LLC,2.47,Flathead,341 W 2ND ST STE 1,,,SAN BERNARDINO,CA,92401-1804,owner-name keyword: LAKESIDE; generic Lakeside/Eagle name without Discovery control evidence,unrelated,False,2026,1498681,0000505980,Mobile/RV Parks,,,"SAVAGE LAKESIDE LOTS AMD L10, S07, T26 N, R20 W, Lot 10, ACRES 2.47, ASSR #0000505980",SAVAGE LAKESIDE LOTS AMD L10,Territory 1889 / Lakeside
TERRITORY 1889 / LAKESIDE,05199627404100000,LAKESIDE BAR AND GRILLE LLC,2.44,Lewis and Clark,5295 YORK RD,,,HELENA,MT,59602-9748,owner-name keyword: LAKESIDE; generic Lakeside/Eagle name without Discovery control evidence,unrelated,False,2026,541289,0000043123,Improved Property,,,"LAKESIDE VILLAGE ON HAUSER LAKE, S27, T11 N, R02 W, Lot 1A, NW4SE4SW4  COS #3105602",LAKESIDE VILLAGE ON HAUSER LAKE,Territory 1889 / Lakeside
TERRITORY 1889 / LAKESIDE,07370507315100000,LAKESIDE QRU INC,2.02,Flathead,PO BOX 911,,,LAKESIDE,MT,59922-0911,owner-name keyword: LAKESIDE; generic Lakeside/Eagle name without Discovery control evidence,unrelated,False,2026,1471571,0000013774,Exempt Property,,,"S07, T26 N, R20 W, ACRES 2.02, TR 2ABS IN L4 ASSR# 0000013774",,Territory 1889 / Lakeside
TERRITORY 1889 / LAKESIDE,06090436422087000,LAKESIDE CONDO MASTER,2.014,Gallatin,GENERAL DELIVERY,,,BOZEMAN,MT,59718-9999,owner-name keyword: LAKESIDE; generic Lakeside/Eagle name without Discovery control evidence,unrelated,False,2026,606984,LKSDCNDMST,Non-Valued Property,,,"LAKESIDE CONDO,   S36,   T01 S,   R05 E, ACRES 2.0136",LAKESIDE CONDO,Territory 1889 / Lakeside
TERRITORY 1889 / LAKESIDE,07370517101040000,1035 LAKESIDE LLC,1.9,Flathead,1801 PAGE MILL RD STE 100,,,PALO ALTO,CA,94304-1216,owner-name keyword: LAKESIDE; generic Lakeside/Eagle name without Discovery control evidence,unrelated,False,2026,456871,0000246925,Improved Property,,,"S17, T26 N, R20 W, TR 2AA & TR 2B IN L 2",,Territory 1889 / Lakeside
TERRITORY 1889 / LAKESIDE,07407933301040000,OLD APOSTOLIC LUTHERAN CHURCH OF LAKESIDE MT,1.81,Flathead,PO BOX 854,,,KALISPELL,MT,59903-0854,owner-name keyword: LAKESIDE; generic Lakeside/Eagle name without Discovery control evidence,unrelated,False,2026,447903,0000010487,Vacant Land,,,"S33, T29 N, R20 W, C.O.S. 17281-1, ACRES 1.81, TR 2AX IN SE4SW4",,Territory 1889 / Lakeside
TERRITORY 1889 / LAKESIDE,07370507303030000,LAKESIDE MARINA RESORT LLC,1.7,Flathead,341 W 2ND ST STE 1,,,SAN BERNARDINO,CA,92401-1804,owner-name keyword: LAKESIDE; generic Lakeside/Eagle name without Discovery control evidence,unrelated,False,2026,464006,0000473194,Improved Property,,,"S07, T26 N, R20 W, ACRES 1.7, COS 21037-B, TR 1D IN L4",,Territory 1889 / Lakeside
TERRITORY 1889 / LAKESIDE,07370518206170000,LAKESIDE BAPTIST CHURCH,1.69,Flathead,PO BOX 191,,,LAKESIDE,MT,59922-0191,owner-name keyword: LAKESIDE; generic Lakeside/Eagle name without Discovery control evidence,unrelated,False,2026,428363,000E015675,Exempt Property,,,"S18, T26 N, R20 W, TR 4IAC IN NW4NW4",,Territory 1889 / Lakeside
TERRITORY 1889 / LAKESIDE,07370517101070000,1035 LAKESIDE LLC,1.65,Flathead,1801 PAGE MILL RD STE 100,,,PALO ALTO,CA,94304-1216,owner-name keyword: LAKESIDE; generic Lakeside/Eagle name without Discovery control evidence,unrelated,False,2026,461501,0000390461,Vacant Land,,,"S17, T26 N, R20 W, TR 2 & TR 2A IN L 2",,Territory 1889 / Lakeside
TERRITORY 1889 / LAKESIDE,07370507312050000,LAKESIDE MARINA RESORT LLC,1.59,Flathead,341 W 2ND ST STE 1,,,SAN BERNARDINO,CA,92401-1804,owner-name keyword: LAKESIDE; generic Lakeside/Eagle name without Discovery control evidence,unrelated,False,2026,464005,0000473193,Improved Property,,,"S07, T26 N, R20 W, TR 1J IN L 4",,Territory 1889 / Lakeside
TERRITORY 1889 / LAKESIDE,07370507315070000,LAKESIDE HOMES LLC,1.52,Flathead,539 N JUNIPER BAY RD,,,SOMERS,MT,59932-9741,owner-name keyword: LAKESIDE; generic Lakeside/Eagle name without Discovery control evidence,unrelated,False,2026,1616817,0000509881,Vacant Land,,,"SAVAGE LAKESIDE LOTS AMD L23-28 CORR, S07, T26 N, R20 W, Lot 24, ACRES 1.52",SAVAGE LAKESIDE LOTS AMD L23-28 CORR,Territory 1889 / Lakeside
TERRITORY 1889 / LAKESIDE,07370507315090000,LAKESIDE HOMES LLC,1.52,Flathead,539 N JUNIPER BAY RD,,,SOMERS,MT,59932-9741,owner-name keyword: LAKESIDE; generic Lakeside/Eagle name without Discovery control evidence,unrelated,False,2026,1616818,0000509880,Vacant Land,,,"SAVAGE LAKESIDE LOTS AMD L23-28 CORR, S07, T26 N, R20 W, Lot 23, ACRES 1.52",SAVAGE LAKESIDE LOTS AMD L23-28 CORR,Territory 1889 / Lakeside
TERRITORY 1889 / LAKESIDE,07383608202010000,GUNNER'S PLACE LAKESIDE LLC,1.45,Flathead,MARGARET DURIEZ,1260 S FEDERAL HWY,,BOYNTON BEACH,FL,33435,owner-name keyword: LAKESIDE; generic Lakeside/Eagle name without Discovery control evidence,unrelated,False,2026,459952,0000339710,Vacant Land,,,"S08, T27 N, R19 W, ACRES 2.12, TR 4F IN L 6",,Territory 1889 / Lakeside
TERRITORY 1889 / LAKESIDE,07370520206290000,1065 LAKESIDE LLC,1.43,Flathead,60 S MARKET ST STE 500,,,SAN JOSE,CA,95113-2356,owner-name keyword: LAKESIDE; generic Lakeside/Eagle name without Discovery control evidence,unrelated,False,2026,473550,0000686100,Improved Property,,,"PEACEFUL BAY, S20, T26 N, R20 W, BLOCK 001, Lot 001",PEACEFUL BAY,Territory 1889 / Lakeside
TERRITORY 1889 / LAKESIDE,56492726101320000,LAKESIDE FELLOWSHIP CHURCH INC,1.39,Lincoln,MAIL TO RAYMOND STUTZMAN,83 GLORIA DRIVE,,REXFORD,MT,59930-9442,owner-name keyword: LAKESIDE; generic Lakeside/Eagle name without Discovery control evidence,unrelated,False,2026,781089,0000054500,Improved Property,,,"SUSAN'S RETREAT 2, S26, T37 N, R28 W, ACRES 1.39, LOT 1 PM 6518  IN E2NE *54500*",SUSAN'S RETREAT 2,Territory 1889 / Lakeside
TERRITORY 1889 / LAKESIDE,03092514304550000,LAKESIDE HOMEOWNERS ASSN,1.293,Yellowstone,8535 LONGMEADOW DR,,,BILLINGS,MT,59106-1825,owner-name keyword: LAKESIDE; generic Lakeside/Eagle name without Discovery control evidence,unrelated,False,2026,247719,000C151580,Non-Valued with Specials,,,"TANGLEWOOD LAKES ESTATES 3RD, S14, T01 S, R24 E, BLOCK 9, Lot 24",TANGLEWOOD LAKE ESTATES 3RD,Territory 1889 / Lakeside
TERRITORY 1889 / LAKESIDE,15335133203040000,LAKESIDE PROPERTIES LLC,1.146,Lake,108 ROCKY CLIFF DR,,,KALISPELL,MT,59901-7546,owner-name keyword: LAKESIDE; generic Lakeside/Eagle name without Discovery control evidence,unrelated,False,2026,958156,0000002336,Improved Property,,,"EAST BAY, S33, T23 N, R19 W, Lot 006",EAST BAY,Territory 1889 / Lakeside
TERRITORY 1889 / LAKESIDE,07383608201080000,GUNNER'S PLACE LAKESIDE LLC,1.13,Flathead,MARGARET DURIEZ,1260 S FEDERAL HWY,,BOYNTON BEACH,FL,33435,owner-name keyword: LAKESIDE; generic Lakeside/Eagle name without Discovery control evidence,unrelated,False,2026,451503,0000066447,Improved Property,,,"S08, T27 N, R19 W, ACRES 1.13, TR 4FB IN L6",,Territory 1889 / Lakeside
TERRITORY 1889 / LAKESIDE,07370518102280000,LAKESIDE EXCHANGE LLC,1.04,Flathead,2460 PASEO VERDE PKWY,,,HENDERSON,NV,89074-7135,owner-name keyword: LAKESIDE; generic Lakeside/Eagle name without Discovery control evidence,unrelated,False,2026,452648,0000107300,Vacant Land,,,"S18, T26 N, R20 W, TR 4CF IN L 1",,Territory 1889 / Lakeside
TERRITORY 1889 / LAKESIDE,07370518204130000,LAKESIDE COMMUNITY CHAPEL,1.01,Flathead,PO BOX 162,,,LAKESIDE,MT,59922-0162,owner-name keyword: LAKESIDE; generic Lakeside/Eagle name without Discovery control evidence,unrelated,False,2026,428365,0000013610,Partial Exempt Property,,,"LACON, S18, T26 N, R20 W, BLOCK 009, COS 17111 ASSR# 0000013610",LACON,Territory 1889 / Lakeside
TERRITORY 1889 / LAKESIDE,12444118301100000,LAKESIDE PLAZA INC,1.0,Hill,1425 US HIGHWAY 87 W,,,HAVRE,MT,59501-6724,owner-name keyword: LAKESIDE; generic Lakeside/Eagle name without Discovery control evidence,unrelated,False,2026,825375,0000004576,Mobile/RV Parks,,,"S18, T32 N, R16 E, 1 ACRE TRACT IN SWNE",,Territory 1889 / Lakeside
TERRITORY 1889 / LAKESIDE,07370518104010000,LAKESIDE ON FLATHEAD LLC,0.98,Flathead,ATTN: GAIL H PLUMMER,1930 PALACE DR,,GRAND PRAIRIE,TX,75050,owner-name keyword: LAKESIDE; generic Lakeside/Eagle name without Discovery control evidence,unrelated,False,2026,479704,0000890000,Improved Property,,,"S18, T26 N, R20 W, TR 2BA IN L 3",,Territory 1889 / Lakeside
TERRITORY 1889 / LAKESIDE,07370518104030000,LAKESIDE ON FLATHEAD LLC,0.98,Flathead,ATTN: GAIL H PLUMMER,1930 PALACE DR,,GRAND PRAIRIE,TX,75050,owner-name keyword: LAKESIDE; generic Lakeside/Eagle name without Discovery control evidence,unrelated,False,2026,475097,0000735780,Vacant Land,,,"S18, T26 N, R20 W, TR 2B IN L 3",,Territory 1889 / Lakeside
TERRITORY 1889 / LAKESIDE,12444001302050000,LAKESIDE EXCAVATION INC,0.899,Hill,220 22ND AVE W,,,HAVRE,MT,59501-6010,owner-name keyword: LAKESIDE; generic Lakeside/Eagle name without Discovery control evidence,unrelated,False,2026,834926,0000001210,Improved Property,,SMITH TYLER,"JACOBSON SUBDIVISION, S01, T32 N, R15 E, Lot 001, 518049 CONTAINS .8988 AC COS 518049",JACOBSON SUBDIVISION,Territory 1889 / Lakeside
TERRITORY 1889 / LAKESIDE,46137424406330000,LAKESIDE HOLDINGS LLC,0.85,Granite,4611 JUNIPER DR,,,MISSOULA,MT,59802-5200,owner-name keyword: LAKESIDE; generic Lakeside/Eagle name without Discovery control evidence,unrelated,False,2026,1468203,0001455193,Non-Valued with Specials,,,"LAKESIDE AT GEORGETOWN, S24, T05 N, R14 W, ACRES 0.85, COMMON AREA",LAKESIDE AT GEORGETOWN,Territory 1889 / Lakeside
TERRITORY 1889 / LAKESIDE,03092514308310000,LAKESIDE HOMEOWNERS ASSOCIATION,0.813,Yellowstone,8535 LONGMEADOW DR,,,BILLINGS,MT,59106-1825,owner-name keyword: LAKESIDE; generic Lakeside/Eagle name without Discovery control evidence,unrelated,False,2026,247718,000C151570,Non-Valued with Specials,,,"TANGLEWOOD LAKE ESTATES 3RD, S14, T01 S, R24 E, BLOCK 13, Lot 16",TANGLEWOOD LAKE ESTATES 3RD,Territory 1889 / Lakeside
TERRITORY 1889 / LAKESIDE,07370507306140000,LAKESIDE PROPERTIES LLC,0.801,Flathead,2220 SE SPRUCE AVE,,,PORTLAND,OR,97214-5362,owner-name keyword: LAKESIDE; generic Lakeside/Eagle name without Discovery control evidence,unrelated,False,2026,424081,0000981492,Improved Property,,,"S07, T26 N, R20 W, COS 11508-A, TR 2ABX IN L 4, ASSR# 0000981492",,Territory 1889 / Lakeside
TERRITORY 1889 / LAKESIDE,07370507311080000,LAKESIDE COUNTY WATER & SEWER DISTRICT,0.781,Flathead,253 BIERNEY CREEK RD,,,LAKESIDE,MT,59922-9614,owner-name keyword: LAKESIDE; generic Lakeside/Eagle name without Discovery control evidence,unrelated,False,2026,440945,0000013547,Exempt Property,,,"SUNRISE AC 2, S07, T26 N, R20 W, WATER TANK SITE,  TR 2, TR 2X, TR 2ABT IN L4, ASSR #0000013547",SUNRISE AC 2,Territory 1889 / Lakeside
TERRITORY 1889 / LAKESIDE,07370507202020000,LAKESIDE BOULEVARD LLC,0.75,Flathead,364 W BUENA VISTA DR,,,TEMPE,AZ,85284-5219,owner-name keyword: LAKESIDE; generic Lakeside/Eagle name without Discovery control evidence,unrelated,False,2026,423157,0000980464,Apartment,,,"S07, T26 N, R20 W, 12259-B, PARCEL N/A, TR 7CAABB IN GOV L 1",,Territory 1889 / Lakeside
TERRITORY 1889 / LAKESIDE,07370533203050000,MONTANA LAKESIDE RETREAT HOLDINGS LLC,0.75,Flathead,CHARLES PAUL BEVILACQUA,17625 BUTTERFIELD TRL,,POWAY,CA,92064,owner-name keyword: LAKESIDE; generic Lakeside/Eagle name without Discovery control evidence,unrelated,False,2026,464313,0000483725,Improved Property,,,"S33, T26 N, R20 W, 11457 R, PARCEL N/A, TR 2P IN L4 PT OF ABD RD",,Territory 1889 / Lakeside
TERRITORY 1889 / LAKESIDE,07370518102180000,LAKESIDE PROPERTIES LLC,0.73,Flathead,3521 VOLUNTEER BLVD,,,HENDERSON,NV,89044-1755,owner-name keyword: LAKESIDE; generic Lakeside/Eagle name without Discovery control evidence,unrelated,False,2026,454685,0000170300,Improved Property,,,"S18, T26 N, R20 W, 12059-B, PARCEL N/A, TR 4CD IN L 1",,Territory 1889 / Lakeside
TERRITORY 1889 / LAKESIDE,07370533203070000,MONTANA LAKESIDE RETREAT HOLDINGS LLC,0.71,Flathead,CHARLES PAUL BEVILACQUA,17625 BUTTERFIELD TRL,,POWAY,CA,92064,owner-name keyword: LAKESIDE; generic Lakeside/Eagle name without Discovery control evidence,unrelated,False,2026,475440,0000747250,Vacant Land,,,"S33, T26 N, R20 W, TR 2M & 2N IN L4",,Territory 1889 / Lakeside
TERRITORY 1889 / LAKESIDE,07370507303070000,LAKESIDE MARINA RESORT LLC,0.68,Flathead,341 E 2ND ST STE 1,,,SAN BERNARDINO,CA,92401,owner-name keyword: LAKESIDE; generic Lakeside/Eagle name without Discovery control evidence,unrelated,False,2026,484822,0000971511,Vacant Land,,,"EDGEWATER RV PARK, S07, T26 N, R20 W, Lot 1, ASSR# 0000971511",EDGEWATER RV PARK,Territory 1889 / Lakeside
TERRITORY 1889 / LAKESIDE,07370518208210000,LAKESIDE DOWNTOWN DEVELOPMENT NORTH STONER LLC,0.65,Flathead,PO BOX 5328,,,WHITEFISH,MT,59937-5328,owner-name keyword: LAKESIDE; generic Lakeside/Eagle name without Discovery control evidence,unrelated,False,2026,439410,0000002967,Vacant Land,,,"THE VILLAGE AT LAKESIDE, S18, T26 N, R20 W, Lot 5, ASSR# 0000002967",THE VILLAGE AT LAKESIDE,Territory 1889 / Lakeside
TERRITORY 1889 / LAKESIDE,07370518204110000,LAKESIDE COMMUNITY CHAPEL,0.64,Flathead,PO BOX 162,,,LAKESIDE,MT,59922-0162,owner-name keyword: LAKESIDE; generic Lakeside/Eagle name without Discovery control evidence,unrelated,False,2026,455359,0000193650,Exempt Property,,,"LACON, S18, T26 N, R20 W, Lot E 90' 8, COS 17111, TR 4K IN NE4NW4, ASSR #0000193650",LACON,Territory 1889 / Lakeside
TERRITORY 1889 / LAKESIDE,07370518208230000,LAKESIDE DOWNTOWN DEVELOPMENT NORTH STONER LLC,0.63,Flathead,PO BOX 5328,,,WHITEFISH,MT,59937-5328,owner-name keyword: LAKESIDE; generic Lakeside/Eagle name without Discovery control evidence,unrelated,False,2026,439409,0000002966,Vacant Land,,,"THE VILLAGE AT LAKESIDE, S18, T26 N, R20 W, Lot 004, ASSR# 0000002966",THE VILLAGE AT LAKESIDE,Territory 1889 / Lakeside
TERRITORY 1889 / LAKESIDE,12444105101520000,LAKESIDE PLAZA INC,0.61,Hill,1425 US HIGHWAY 87 W,,,HAVRE,MT,59501-6724,owner-name keyword: LAKESIDE; generic Lakeside/Eagle name without Discovery control evidence,unrelated,False,2026,1619900,0000009271,Improved Property,,,"S05, T32 N, R16 E, C.O.S. 623625, ACRES 0.61, OTTO MINOR SUBD LOT 2 IN THE NESE",,Territory 1889 / Lakeside
TERRITORY 1889 / LAKESIDE,46137424406077000,LAKESIDE AT GEORGETOWN CONDO MASTER,0.583,Granite,PO BOX 7846,,,MISSOULA,MT,59807-7846,owner-name keyword: LAKESIDE; generic Lakeside/Eagle name without Discovery control evidence,unrelated,False,2026,1483341,0001455229,Non-Valued Property,,,"LAKESIDE AT GEORGETOWN CONDOS, S24, T05 N, R14 W, UNIT MASTER",LAKESIDE AT GEORGETOWN CONDO,Territory 1889 / Lakeside
TERRITORY 1889 / LAKESIDE,46137424406250000,LAKESIDE HOLDINGS LLC,0.583,Granite,4611 JUNIPER DR,,,MISSOULA,MT,59802-5200,owner-name keyword: LAKESIDE; generic Lakeside/Eagle name without Discovery control evidence,unrelated,False,2026,1468199,0001455189,Improved Property,,,"LAKESIDE AT GEORGETOWN, S24, T05 N, R14 W, Lot 13, ACRES 0.583",LAKESIDE AT GEORGETOWN,Territory 1889 / Lakeside
TERRITORY 1889 / LAKESIDE,46137424406130000,LAKESIDE HOLDINGS LLC,0.583,Granite,4611 JUNIPER DR,,,MISSOULA,MT,59802-5200,owner-name keyword: LAKESIDE; generic Lakeside/Eagle name without Discovery control evidence,unrelated,False,2026,1468193,0001455183,Vacant Land,,,"LAKESIDE AT GEORGETOWN, S24, T05 N, R14 W, Lot 7, ACRES 0.583",LAKESIDE AT GEORGETOWN,Territory 1889 / Lakeside
TERRITORY 1889 / LAKESIDE,07370520103050000,CDN LAKESIDE PROPERTIES LLC,0.58,Flathead,635 CONRAD POINT DR,,,LAKESIDE,MT,59922-9412,owner-name keyword: LAKESIDE; generic Lakeside/Eagle name without Discovery control evidence,unrelated,False,2026,451646,0000071150,Improved Property,,,"CONRAD POINT VILLA SITE, S20, T26 N, R20 W, Lot 017, ASSR# 0000071150",CONRAD POINT VILLA SITE,Territory 1889 / Lakeside
TERRITORY 1889 / LAKESIDE,07370412417140000,LAKESIDE 22 LLC,0.541,Flathead,160 BUFFALO STAGE,,,KALISPELL,MT,59901-2780,owner-name keyword: LAKESIDE; generic Lakeside/Eagle name without Discovery control evidence,unrelated,False,2026,1596215,0000508492,Vacant Land,,,"LAKESIDE ESTATES PH 3, S12, T26 N, R21 W, Lot 4",LAKESIDE ESTATES PH 3,Territory 1889 / Lakeside
TERRITORY 1889 / LAKESIDE,07370518208290000,LAKESIDE DOWNTOWN DEVELOPMENT NORTH STONER LLC,0.52,Flathead,PO BOX 5328,,,WHITEFISH,MT,59937-5328,owner-name keyword: LAKESIDE; generic Lakeside/Eagle name without Discovery control evidence,unrelated,False,2026,490506,0000978361,Apartment,,,"VILLAGE LKSD AMD L1,8,9 &CMCL1 STNR CR PL, S18, T26 N, R20 W, Lot 1A, ASSR #0000978361","VILLAGE LKSD AMD L1,8,9 &CMCL1 STNR CR PL",Territory 1889 / Lakeside
TERRITORY 1889 / LAKESIDE,07370507318020000,LAKESIDE PROPERTIES LLC,0.52,Flathead,2220 SE SPRUCE AVE,,,PORTLAND,OR,97214-5362,owner-name keyword: LAKESIDE; generic Lakeside/Eagle name without Discovery control evidence,unrelated,False,2026,477814,0000825403,Vacant Land,,,"S07, T26 N, R20 W, TR 4-2 IN NW4SW4",,Territory 1889 / Lakeside
TERRITORY 1889 / LAKESIDE,07370507318030000,LAKESIDE PROPERTIES LLC,0.52,Flathead,108 ROCKY CLIFF DR,,,KALISPELL,MT,59901-7546,owner-name keyword: LAKESIDE; generic Lakeside/Eagle name without Discovery control evidence,unrelated,False,2026,477813,0000825401,Improved Property,,,"S07, T26 N, R20 W, TR 4-1 IN NW4SW4",,Territory 1889 / Lakeside
TERRITORY 1889 / LAKESIDE,07370518208270000,LAKESIDE DOWNTOWN DEVELOPMENT NORTH STONER LLC,0.49,Flathead,PO BOX 5328,,,WHITEFISH,MT,59937-5328,owner-name keyword: LAKESIDE; generic Lakeside/Eagle name without Discovery control evidence,unrelated,False,2026,439407,0000002964,Improved Property,,,"THE VILLAGE AT LAKESIDE, S18, T26 N, R20 W, Lot 2, ASSR# 0000002964",THE VILLAGE AT LAKESIDE,Territory 1889 / Lakeside
TERRITORY 1889 / LAKESIDE,07370412417130000,LAKESIDE 22 LLC,0.48,Flathead,160 BUFFALO STAGE,,,KALISPELL,MT,59901-2780,owner-name keyword: LAKESIDE; generic Lakeside/Eagle name without Discovery control evidence,unrelated,False,2026,1596214,0000508491,Vacant Land,,,"LAKESIDE ESTATES PH 3, S12, T26 N, R21 W, Lot 3",LAKESIDE ESTATES PH 3,Territory 1889 / Lakeside
TERRITORY 1889 / LAKESIDE,07370533204090000,MONTANA LAKESIDE RETREAT HOLDINGS LLC,0.48,Flathead,CHARLES PAUL BEVILACQUA,17625 BUTTERFIELD TRL,,POWAY,CA,92064,owner-name keyword: LAKESIDE; generic Lakeside/Eagle name without Discovery control evidence,unrelated,False,2026,464314,0000483726,Improved Property,,,"HUGHES BAY, S33, T26 N, R20 W, BLOCK 1, Lot 2, 11457 R HUGHES BAY PT OF ABD RD",HUGHES BAY,Territory 1889 / Lakeside
TERRITORY 1889 / LAKESIDE,03103230320150000,DKF LAKESIDE REVOCABLE TRUST &,0.455,Yellowstone,3637 SPALDING AVE,,,BILLINGS,MT,59106-1023,owner-name keyword: LAKESIDE; generic Lakeside/Eagle name without Discovery control evidence,unrelated,False,2026,223597,000A304160,Improved Property,,,"AUGUSTA RANCH ESTATES SUB, S30, T01 N, R25 E, BLOCK 6, Lot 6, 19,819 SF  (04)",AUGUSTA RANCH ESTATES SUB,Territory 1889 / Lakeside
TERRITORY 1889 / LAKESIDE,07370533204110000,MONTANA LAKESIDE RETREAT HOLDINGS LLC,0.44,Flathead,CHARLES PAUL BEVILACQUA,17625 BUTTERFIELD TRL,,POWAY,CA,92064,owner-name keyword: LAKESIDE; generic Lakeside/Eagle name without Discovery control evidence,unrelated,False,2026,464316,0000483728,Improved Property,,,"HUGHES BAY, S33, T26 N, R20 W, BLOCK 1, Lot 1, 11457 R HUGHES BAY PT ABD RD",HUGHES BAY,Territory 1889 / Lakeside
TERRITORY 1889 / LAKESIDE,07370412417320000,LAKESIDE 22 LLC,0.437,Flathead,160 BUFFALO STAGE,,,KALISPELL,MT,59901-2780,owner-name keyword: LAKESIDE; generic Lakeside/Eagle name without Discovery control evidence,unrelated,False,2026,1596233,0000508511,Vacant Land,,,"LAKESIDE ESTATES PH 3, S12, T26 N, R21 W, Lot 22",LAKESIDE ESTATES PH 3,Territory 1889 / Lakeside
TERRITORY 1889 / LAKESIDE,07370412417330000,LAKESIDE 22 LLC,0.415,Flathead,160 BUFFALO STAGE,,,KALISPELL,MT,59901-2780,owner-name keyword: LAKESIDE; generic Lakeside/Eagle name without Discovery control evidence,unrelated,False,2026,1596234,0000508512,Vacant Land,,,"LAKESIDE ESTATES PH 3, S12, T26 N, R21 W, Lot 23",LAKESIDE ESTATES PH 3,Territory 1889 / Lakeside
TERRITORY 1889 / LAKESIDE,07370518208250000,LAKESIDE DOWNTOWN DEVELOPMENT NORTH STONER LLC,0.37,Flathead,PO BOX 5328,,,WHITEFISH,MT,59937-5328,owner-name keyword: LAKESIDE; generic Lakeside/Eagle name without Discovery control evidence,unrelated,False,2026,439408,0000002965,Vacant Land,,,"THE VILLAGE AT LAKESIDE, S18, T26 N, R20 W, Lot 003, ASSR# 0000002965",THE VILLAGE AT LAKESIDE,Territory 1889 / Lakeside
TERRITORY 1889 / LAKESIDE,07370518102170000,LAKESIDE PROPERTIES LLC,0.37,Flathead,3521 VOLUNTEER BLVD,,,HENDERSON,NV,89044-1755,owner-name keyword: LAKESIDE; generic Lakeside/Eagle name without Discovery control evidence,unrelated,False,2026,425372,0000982814,Improved Property,,,"S18, T26 N, R20 W, 12059-A, PARCEL N/A, TR 4CDB IN L 1",,Territory 1889 / Lakeside
TERRITORY 1889 / LAKESIDE,07370507303060000,LAKESIDE MARINA RESORT LLC,0.36,Flathead,341 W 2ND ST STE 1,,,SAN BERNARDINO,CA,92401-1804,owner-name keyword: LAKESIDE; generic Lakeside/Eagle name without Discovery control evidence,unrelated,False,2026,444595,0000007449,Improved Property,,,"S07, T26 N, R20 W, COS 21037-C, TR 1F IN L4",,Territory 1889 / Lakeside
TERRITORY 1889 / LAKESIDE,07370506406010000,LAKESIDE SUITES LLC,0.342,Flathead,2750 S PRESTON RD STE 116 #333,,,CELINA,TX,75009-3807,owner-name keyword: LAKESIDE; generic Lakeside/Eagle name without Discovery control evidence,unrelated,False,2026,481923,0000964160,Improved Property,,,"S06, T26 N, R20 W, CS 11345-2, TR 6AD IN L 4",,Territory 1889 / Lakeside
TERRITORY 1889 / LAKESIDE,07370507326030000,LAKESIDE COUNTY SEWER DISTRICT,0.34,Flathead,253 BIERNEY CREEK RD,,,LAKESIDE,MT,59922-9614,owner-name keyword: LAKESIDE; generic Lakeside/Eagle name without Discovery control evidence,unrelated,False,2026,428367,0000013528,Exempt Property,,,"S07, T26 N, R20 W, TR 4NA IN NW4SW4 & L3, ASSR #0000013528",,Territory 1889 / Lakeside
TERRITORY 1889 / LAKESIDE,07370507332050000,LAKESIDE RESORT LLC,0.32,Flathead,341 W 2ND ST STE 1,,,SAN BERNARDINO,CA,92401-1804,owner-name keyword: LAKESIDE; generic Lakeside/Eagle name without Discovery control evidence,unrelated,False,2026,443248,0000004900,Vacant Land,,,"S07, T26 N, R20 W, CS 14735-B, TR 1KB IN L4",,Territory 1889 / Lakeside
TERRITORY 1889 / LAKESIDE,07370518204140000,LAKESIDE COMMUNITY CHAPEL,0.26,Flathead,PO BOX 162,,,LAKESIDE,MT,59922-0162,owner-name keyword: LAKESIDE; generic Lakeside/Eagle name without Discovery control evidence,unrelated,False,2026,428364,0000013527,Exempt Property,,,"LACON, S18, T26 N, R20 W, BLOCK 10, COS 17111, N2W2 & 2' STRIP, ASSR# 0000013527",LACON,Territory 1889 / Lakeside
TERRITORY 1889 / LAKESIDE,07370518103130000,LAKESIDE ON FLATHEAD LLC,0.26,Flathead,ATTN: GAIL H PLUMMER,1930 PALACE DR,,GRAND PRAIRIE,TX,75050,owner-name keyword: LAKESIDE; generic Lakeside/Eagle name without Discovery control evidence,unrelated,False,2026,464173,0000478500,Vacant Land,,,"WILMAR, S18, T26 N, R20 W, Lot 014, ASSR# 0000478500",WILMAR,Territory 1889 / Lakeside
TERRITORY 1889 / LAKESIDE,07370506401040000,LAKESIDE SUITES LLC,0.26,Flathead,2750 S PRESTON RD STE 116 #333,,,CELINA,TX,75009-3807,owner-name keyword: LAKESIDE; generic Lakeside/Eagle name without Discovery control evidence,unrelated,False,2026,481924,0000964161,Improved Property,,,"WHIPPS PT CAROLINE VIL STS, S06, T26 N, R20 W, 3A TR 2 E 115' OF 2 200' ASSR# 0000964161",WHIPPS PT CAROLINE VIL STS,Territory 1889 / Lakeside
TERRITORY 1889 / LAKESIDE,07370507314020000,LAKESIDE RESORT LLC,0.25,Flathead,341 W 2ND ST STE 1,,,SAN BERNARDINO,CA,92401-1804,owner-name keyword: LAKESIDE; generic Lakeside/Eagle name without Discovery control evidence,unrelated,False,2026,475737,0000757150,Vacant Land,,,"SAVAGE LAKESIDE LOTS, S07, T26 N, R20 W, LOTS 12 & 13 ASSR# 00007571750",SAVAGE LAKESIDE LOTS,Territory 1889 / Lakeside
TERRITORY 1889 / LAKESIDE,07370507313100000,LAKESIDE RESORT LLC,0.249,Flathead,341 W 2ND ST STE 1,,,SAN BERNARDINO,CA,92401-1804,owner-name keyword: LAKESIDE; generic Lakeside/Eagle name without Discovery control evidence,unrelated,False,2026,452649,0000107350,Vacant Land,,,"SAVAGE LAKESIDE LOTS, S07, T26 N, R20 W, Lot 9, ASSR #0000107350",SAVAGE LAKESIDE LOTS,Territory 1889 / Lakeside
TERRITORY 1889 / LAKESIDE,07370507331010000,LAKESIDE RESORT LLC,0.23,Flathead,341 W 2ND ST STE 1,,,SAN BERNARDINO,CA,92401-1804,owner-name keyword: LAKESIDE; generic Lakeside/Eagle name without Discovery control evidence,unrelated,False,2026,441632,0000004900,Vacant Land,,,"S07, T26 N, R20 W, CS 14735-A, TR 1KA IN L4",,Territory 1889 / Lakeside
TERRITORY 1889 / LAKESIDE,07370533204130000,MONTANA LAKESIDE RETREAT HOLDINGS LLC,0.22,Flathead,CHARLES PAUL BEVILACQUA,17625 BUTTERFIELD TRL,,POWAY,CA,92064,owner-name keyword: LAKESIDE; generic Lakeside/Eagle name without Discovery control evidence,unrelated,False,2026,475401,0000746150,Improved Property,,,"S33, T26 N, R20 W, TR 2K IN L4",,Territory 1889 / Lakeside
TERRITORY 1889 / LAKESIDE,07370518204150000,LAKESIDE COMMUNITY CHAPEL,0.19,Flathead,PO BOX 162,,,LAKESIDE,MT,59922-0162,owner-name keyword: LAKESIDE; generic Lakeside/Eagle name without Discovery control evidence,unrelated,False,2026,428366,0000013526,Exempt Property,,,"LAKESIDE CHAPEL IN LACON, S18, T26 N, R20 W, Lot 1",LAKESIDE CHAPEL IN LACON,Territory 1889 / Lakeside
TERRITORY 1889 / LAKESIDE,07370412101980000,LAKESIDE COUNTY WATER AND SEWER DISTRICT,0.18,Flathead,253 BIERNEY CREEK RD,,,LAKESIDE,MT,59922-9614,owner-name keyword: LAKESIDE; generic Lakeside/Eagle name without Discovery control evidence,unrelated,False,2026,441784,0000005026,Exempt Property,,,"LAKESIDE EST PH 1 AMD     COMMON AREA C CORR, S12, T26 N, R21 W, Lot C-A, ASSR #0000005026",LAKESIDE EST PH 1 AMD     COMMON AREA C CORR,Territory 1889 / Lakeside
TERRITORY 1889 / LAKESIDE,07370507326050000,LAKESIDE COUNTY WATER AND SEWER DISTRICT,0.17,Flathead,253 BIERNEY CREEK RD,,,LAKESIDE,MT,59922-9614,owner-name keyword: LAKESIDE; generic Lakeside/Eagle name without Discovery control evidence,unrelated,False,2026,476851,0000792850,Exempt Property,,,"S07, T26 N, R20 W, TR 4Q IN L 3",,Territory 1889 / Lakeside
TERRITORY 1889 / LAKESIDE,07370507326060000,LAKESIDE COUNTY WATER AND SEWER DISTRICT,0.17,Flathead,253 BIERNEY CREEK RD,,,LAKESIDE,MT,59922-9614,owner-name keyword: LAKESIDE; generic Lakeside/Eagle name without Discovery control evidence,unrelated,False,2026,476853,0000793000,Exempt Property,,OLSON RODNEY,"S07, T26 N, R20 W, TR 4P IN L 3",,Territory 1889 / Lakeside
TERRITORY 1889 / LAKESIDE,07370507318010000,LAKESIDE PROPERTIES LLC,0.17,Flathead,2220 SE SPRUCE AVE,,,PORTLAND,OR,97214-5362,owner-name keyword: LAKESIDE; generic Lakeside/Eagle name without Discovery control evidence,unrelated,False,2026,477815,0000825404,Vacant Land,,,"S07, T26 N, R20 W, TR 4-3 IN NW4SW4",,Territory 1889 / Lakeside
TERRITORY 1889 / LAKESIDE,0310332111130MSTR,EAGLE CREST TOWNHOMES,0.164,Yellowstone,346 ARISTOCRAT DR,,,BILLINGS,MT,59105-1620,owner-name keyword: EAGLE CREST; generic Lakeside/Eagle name without Discovery control evidence,unrelated,False,2026,216293,000A24163M,Non-Valued Property,,,"EAGLE CREST TOWNHOMES, S21, T01 N, R26 E, MASTERCARD LOC @  LT 4 BLK 3 EAGLES NEST SUB AMND  (96)",EAGLE CREST TOWNHOMES,Territory 1889 / Lakeside
TERRITORY 1889 / LAKESIDE,30128502323190000,LAKESIDE RENTALS LLC,0.161,Deer Lodge,PO BOX 1177,,,PHILIPSBURG,MT,59858-1177,owner-name keyword: LAKESIDE; generic Lakeside/Eagle name without Discovery control evidence,unrelated,False,2026,1287091,0000179000,Improved Property,,,"EASTERN ADDITION (ANACONDA), S02, T04 N, R11 W, BLOCK 26, Lot 11 - 12",EASTERN ADDITION (ANACONDA),Territory 1889 / Lakeside
TERRITORY 1889 / LAKESIDE,07370533203030000,MONTANA LAKESIDE RETREAT HOLDINGS LLC,0.14,Flathead,CHARLES PAUL BEVILACQUA,17625 BUTTERFIELD TRL,,POWAY,CA,92064,owner-name keyword: LAKESIDE; generic Lakeside/Eagle name without Discovery control evidence,unrelated,False,2026,485667,0000972620,Vacant Land,,,"S33, T26 N, R20 W, C.O.S. 11457-2, TR 2 IN L5",,Territory 1889 / Lakeside
TERRITORY 1889 / LAKESIDE,07370507302070000,LAKESIDE DOCKERS LLC,0.12,Flathead,PO BOX 1031,,,LAKESIDE,MT,59922-1031,owner-name keyword: LAKESIDE; generic Lakeside/Eagle name without Discovery control evidence,unrelated,False,2026,490262,0000978104,Improved Property,,,"S07, T26 N, R20 W, C.O.S. 23017-1, TR 5D IN L3",,Territory 1889 / Lakeside
TERRITORY 1889 / LAKESIDE,07370412417970000,LAKESIDE COUNTY WATER AND SEWER DISTRICT,0.11,Flathead,253 BIERNEY CREEK RD,,,LAKESIDE,MT,59922-9614,owner-name keyword: LAKESIDE; generic Lakeside/Eagle name without Discovery control evidence,unrelated,False,2026,441783,0000005025,Exempt Property,,,"LAKESIDE EST PH 1 AMD     COMMON AREA C CORR, S12, T26 N, R21 W, Lot C, ASSR# 0000005025",LAKESIDE EST PH 1 AMD     COMMON AREA C CORR,Territory 1889 / Lakeside
TERRITORY 1889 / LAKESIDE,12444109303010000,LAKESIDE EXCAVATION INC,0.106,Hill,220 22ND AVE W,,,HAVRE,MT,59501-6010,owner-name keyword: LAKESIDE; generic Lakeside/Eagle name without Discovery control evidence,unrelated,False,2026,825224,0000004464,Improved Property,,,"GOEHRING ADD, S09, T32 N, R16 E, BLOCK 002, Lot 026",GOEHRING ADD,Territory 1889 / Lakeside
TERRITORY 1889 / LAKESIDE,30128502322140000,LAKESIDE RENTAL LLC,0.08,Deer Lodge,823 E PARK AVE,,,ANACONDA,MT,59711-2562,owner-name keyword: LAKESIDE; generic Lakeside/Eagle name without Discovery control evidence,unrelated,False,2026,1288159,0000285700,Improved Property,,,"EASTERN ADDITION (ANACONDA), S02, T04 N, R11 W, BLOCK 25, Lot 2",EASTERN ADDITION (ANACONDA),Territory 1889 / Lakeside
TERRITORY 1889 / LAKESIDE,07370412405200000,LAKESIDE COUNTY WATER AND SEWER DISTRICT,0.077,Flathead,253 BIERNEY CREEK RD,,,LAKESIDE,MT,59922-9614,owner-name keyword: LAKESIDE; generic Lakeside/Eagle name without Discovery control evidence,unrelated,False,2026,441750,0000004998,Exempt Property,,,"TROUTBECK RISE SUB PH 2, S12, T26 N, R21 W, WATER STORAGE AREA ASSR# 0000004998",TROUTBECK RISE SUB PH 2,Territory 1889 / Lakeside
TERRITORY 1889 / LAKESIDE,04220028244075004,RYKER LAKESIDE PROPERTY LLC,0.041,Missoula,1008 BARKDULL ST,,,HOUSTON,TX,77006-6569,owner-name keyword: LAKESIDE; generic Lakeside/Eagle name without Discovery control evidence,unrelated,False,2026,1581497,0419093004,Improved Property,,,"MARSHALL STREET TOWNHOMES, S28, T13 N, R19 W, UNIT 4",MARSHALL STREET TOWNHOMES,Territory 1889 / Lakeside
TERRITORY 1889 / LAKESIDE,30128502322130000,LAKESIDE RENTAL LLC,0.04,Deer Lodge,823 E PARK AVE,,,ANACONDA,MT,59711-2562,owner-name keyword: LAKESIDE; generic Lakeside/Eagle name without Discovery control evidence,unrelated,False,2026,1286759,0000145200,Improved Property,,,"EASTERN ADDITION (ANACONDA), S02, T04 N, R11 W, BLOCK 25, Lot 1, N 2 LT 1",EASTERN ADDITION (ANACONDA),Territory 1889 / Lakeside
TERRITORY 1889 / LAKESIDE,30128502322120000,LAKESIDE RENTAL LLC,0.04,Deer Lodge,823 E PARK AVE,,,ANACONDA,MT,59711-2562,owner-name keyword: LAKESIDE; generic Lakeside/Eagle name without Discovery control evidence,unrelated,False,2026,1286761,0000145400,Vacant Land,,,"EASTERN ADDITION (ANACONDA), S02, T04 N, R11 W, BLOCK 25, Lot 1, S2 LT 1",EASTERN ADDITION (ANACONDA),Territory 1889 / Lakeside
TERRITORY 1889 / LAKESIDE,07370518207020000,LAKESIDE COUNTY WATER DISTRICT,0.01,Flathead,253 BIERNEY CREEK RD,,,LAKESIDE,MT,59922-9614,owner-name keyword: LAKESIDE; generic Lakeside/Eagle name without Discovery control evidence,unrelated,False,2026,440934,0000013546,Exempt Property,,,"S18, T26 N, R20 W, TR 4P IN NE4NW4, ASSR #0000013546",,Territory 1889 / Lakeside
TERRITORY 1889 / LAKESIDE,07370506401050000,LAKESIDE SUITES LLC,0.007,Flathead,2750 S PRESTON RD STE 116 #333,,,CELINA,TX,75009-3807,owner-name keyword: LAKESIDE; generic Lakeside/Eagle name without Discovery control evidence,unrelated,False,2026,488044,0000975647,Vacant Land,,,"WHIPPS PT CAROLINE VIL STS, S06, T26 N, R20 W, 3A TR 3 E3' OF W203' ASSR# 0000975647",WHIPPS PT CAROLINE VIL STS,Territory 1889 / Lakeside
TERRITORY 1889 / LAKESIDE,0310332111130346A,"BONE, BRANDON",0.0,Yellowstone,346 ARISTOCRAT DR APT A,,,BILLINGS,MT,59105-1655,candidate generator only,unrelated,False,2026,216294,000A241630,Condominium,,,"EAGLE CREST TOWNHOMES, S21, T01 N, R26 E, UNIT A, 50% COMMON AREA INTEREST, LOC @ LT 4 BLK 3 EAGLES NEST SUB AMD",EAGLE CREST TOWNHOMES,Territory 1889 / Lakeside
TERRITORY 1889 / LAKESIDE,0310332111130346B,"BONE, PAMELA G",0.0,Yellowstone,346 ARISTOCRAT DR UNIT B,,,BILLINGS,MT,59105-1620,candidate generator only,unrelated,False,2026,216292,000A24163A,Condominium,,,"EAGLE CREST TOWNHOMES, S21, T01 N, R26 E, UNIT B, 50% COMMON AREA INTEREST, LOC @ LT 4 BLK 3 EAGLES NEST SUB AMD",EAGLE CREST TOWNHOMES,Territory 1889 / Lakeside
TERRITORY 1889 / LAKESIDE,07370507350027204,LAKESIDE ESCAPE LLC,0.0,Flathead,1318 CLEMONS WAY,,,MIDLOTHIAN,VA,23114-4351,owner-name keyword: LAKESIDE; generic Lakeside/Eagle name without Discovery control evidence,unrelated,False,2026,448836,0000011360,Condominium,,,"WATERSIDE CONDO IN L 4, S07, T26 N, R20 W, BUILDING 2, UNIT 204, ASSESSOR# 0000011360",WATERSIDE CONDO IN L 4,Territory 1889 / Lakeside
TERRITORY 1889 / LAKESIDE,07370507312117101,LAKESIDE RESORT LLC,0.0,Flathead,341 W 2ND ST STE 1,,,SAN BERNARDINO,CA,92401-1804,owner-name keyword: LAKESIDE; generic Lakeside/Eagle name without Discovery control evidence,unrelated,False,2026,1498708,0000272500,Condominium,,,"EDGEWATER CONDO ON GOV L4, S07, T26 N, R20 W, BUILDING 1, UNIT A, 7.14% COMMON AREA INTEREST, ASSR #0000272500",EDGEWATER CONDO ON GOV L4,Territory 1889 / Lakeside
TERRITORY 1889 / LAKESIDE,07370507312117102,LAKESIDE RESORT LLC,0.0,Flathead,341 W 2ND ST STE 1,,,SAN BERNARDINO,CA,92401-1804,owner-name keyword: LAKESIDE; generic Lakeside/Eagle name without Discovery control evidence,unrelated,False,2026,1498709,0000014127,Condominium,,,"EDGEWATER CONDO ON GOV L4, S07, T26 N, R20 W, BUILDING 1, UNIT B, 7.14% COMMON AREA INTEREST, ASSR #0000014127",EDGEWATER CONDO ON GOV L4,Territory 1889 / Lakeside
TERRITORY 1889 / LAKESIDE,07370507312117103,LAKESIDE RESORT LLC,0.0,Flathead,341 W 2ND ST STE 1,,,SAN BERNARDINO,CA,92401-1804,owner-name keyword: LAKESIDE; generic Lakeside/Eagle name without Discovery control evidence,unrelated,False,2026,1498710,0000014128,Condominium,,,"EDGEWATER CONDO ON GOV L4, S07, T26 N, R20 W, BUILDING 1, UNIT C, 7.14% COMMON AREA INTEREST, ASSR #0000014128",EDGEWATER CONDO ON GOV L4,Territory 1889 / Lakeside
TERRITORY 1889 / LAKESIDE,07370507312117104,LAKESIDE RESORT LLC,0.0,Flathead,341 W 2ND ST STE 1,,,SAN BERNARDINO,CA,92401-1804,owner-name keyword: LAKESIDE; generic Lakeside/Eagle name without Discovery control evidence,unrelated,False,2026,1498711,0000014129,Condominium,,,"EDGEWATER CONDO ON GOV L4, S07, T26 N, R20 W, BUILDING 1, UNIT D, 7.14% COMMON AREA INTEREST, ASSR #0000014129",EDGEWATER CONDO ON GOV L4,Territory 1889 / Lakeside
TERRITORY 1889 / LAKESIDE,07370507312117105,LAKESIDE RESORT LLC,0.0,Flathead,341 W 2ND ST STE 1,,,SAN BERNARDINO,CA,92401-1804,owner-name keyword: LAKESIDE; generic Lakeside/Eagle name without Discovery control evidence,unrelated,False,2026,1498712,0000014130,Condominium,,,"EDGEWATER CONDO ON GOV L4, S07, T26 N, R20 W, BUILDING 1, UNIT E, 7.14% COMMON AREA INTEREST, ASSR #0000014130",EDGEWATER CONDO ON GOV L4,Territory 1889 / Lakeside
TERRITORY 1889 / LAKESIDE,07370507312117206,LAKESIDE RESORT LLC,0.0,Flathead,341 W 2ND ST STE 1,,,SAN BERNARDINO,CA,92401-1804,owner-name keyword: LAKESIDE; generic Lakeside/Eagle name without Discovery control evidence,unrelated,False,2026,1498713,0000014131,Condominium,,,"EDGEWATER CONDO ON GOV L4, S07, T26 N, R20 W, BUILDING 2, UNIT F, 7.14% COMMON AREA INTEREST, ASSR #0000014131",EDGEWATER CONDO ON GOV L4,Territory 1889 / Lakeside
TERRITORY 1889 / LAKESIDE,07370507312117207,LAKESIDE RESORT LLC,0.0,Flathead,341 W 2ND ST STE 1,,,SAN BERNARDINO,CA,92401-1804,owner-name keyword: LAKESIDE; generic Lakeside/Eagle name without Discovery control evidence,unrelated,False,2026,1498714,0000014132,Condominium,,,"EDGEWATER CONDO ON GOV L4, S07, T26 N, R20 W, BUILDING 2, UNIT G, 7.14% COMMON AREA INTEREST, ASSR #0000014132",EDGEWATER CONDO ON GOV L4,Territory 1889 / Lakeside
TERRITORY 1889 / LAKESIDE,07370507312117208,LAKESIDE RESORT LLC,0.0,Flathead,341 W 2ND ST STE 1,,,SAN BERNARDINO,CA,92401-1804,owner-name keyword: LAKESIDE; generic Lakeside/Eagle name without Discovery control evidence,unrelated,False,2026,1498715,0000014133,Condominium,,,"EDGEWATER CONDO ON GOV L4, S07, T26 N, R20 W, BUILDING 2, UNIT H, 7.14% COMMON AREA INTEREST, ASSR #0000014133",EDGEWATER CONDO ON GOV L4,Territory 1889 / Lakeside
TERRITORY 1889 / LAKESIDE,07370507312117209,LAKESIDE RESORT LLC,0.0,Flathead,341 W 2ND ST STE 1,,,SAN BERNARDINO,CA,92401-1804,owner-name keyword: LAKESIDE; generic Lakeside/Eagle name without Discovery control evidence,unrelated,False,2026,1498716,0000014134,Condominium,,,"EDGEWATER CONDO ON GOV L4, S07, T26 N, R20 W, BUILDING 2, UNIT I, 7.14% COMMON AREA INTEREST, ASSR #0000014134",EDGEWATER CONDO ON GOV L4,Territory 1889 / Lakeside
TERRITORY 1889 / LAKESIDE,07370507312117210,LAKESIDE RESORT LLC,0.0,Flathead,341 W 2ND ST STE 1,,,SAN BERNARDINO,CA,92401-1804,owner-name keyword: LAKESIDE; generic Lakeside/Eagle name without Discovery control evidence,unrelated,False,2026,1498717,0000014135,Condominium,,,"EDGEWATER CONDO ON GOV L4, S07, T26 N, R20 W, BUILDING 2, UNIT J, 7.14% COMMON AREA INTEREST, ASSR #0000014135",EDGEWATER CONDO ON GOV L4,Territory 1889 / Lakeside
TERRITORY 1889 / LAKESIDE,07370507312117211,LAKESIDE RESORT LLC,0.0,Flathead,341 W 2ND ST STE 1,,,SAN BERNARDINO,CA,92401-1804,owner-name keyword: LAKESIDE; generic Lakeside/Eagle name without Discovery control evidence,unrelated,False,2026,1498718,0000014136,Condominium,,,"EDGEWATER CONDO ON GOV L4, S07, T26 N, R20 W, BUILDING 2, UNIT K, 7.14% COMMON AREA INTEREST, ASSR #0000014136",EDGEWATER CONDO ON GOV L4,Territory 1889 / Lakeside
TERRITORY 1889 / LAKESIDE,07370507312117212,LAKESIDE RESORT LLC,0.0,Flathead,341 W 2ND ST STE 1,,,SAN BERNARDINO,CA,92401-1804,owner-name keyword: LAKESIDE; generic Lakeside/Eagle name without Discovery control evidence,unrelated,False,2026,1498719,0000014137,Condominium,,,"EDGEWATER CONDO ON GOV L4, S07, T26 N, R20 W, BUILDING 2, UNIT L, 7.14% COMMON AREA INTEREST, ASSR #0000014137",EDGEWATER CONDO ON GOV L4,Territory 1889 / Lakeside
TERRITORY 1889 / LAKESIDE,07370507312117313,LAKESIDE RESORT LLC,0.0,Flathead,341 W 2ND ST STE 1,,,SAN BERNARDINO,CA,92401-1804,owner-name keyword: LAKESIDE; generic Lakeside/Eagle name without Discovery control evidence,unrelated,False,2026,1498720,0000014138,Condominium,,,"EDGEWATER CONDO ON GOV L4, S07, T26 N, R20 W, BUILDING 2, UNIT M, 7.14% COMMON AREA INTEREST, ASSR #0000014138",EDGEWATER CONDO ON GOV L4,Territory 1889 / Lakeside
TERRITORY 1889 / LAKESIDE,07370507312117314,LAKESIDE RESORT LLC,0.0,Flathead,341 W 2ND ST STE 1,,,SAN BERNARDINO,CA,92401-1804,owner-name keyword: LAKESIDE; generic Lakeside/Eagle name without Discovery control evidence,unrelated,False,2026,1498721,0000014139,Condominium,,,"EDGEWATER CONDO ON GOV L4, S07, T26 N, R20 W, BUILDING 2, UNIT N, 7.14% COMMON AREA INTEREST, ASSR #0000014139",EDGEWATER CONDO ON GOV L4,Territory 1889 / Lakeside
TERRITORY 1889 / LAKESIDE,07370530301010000,FLATHEAD FRIENDS LLC,455.62,Flathead,109 W 7TH ST STE 200,,,GEORGETOWN,TX,78626-5766,exact normalized cadastral owner match to independently supported current entity,confirmed,True,2026,1605088,0000016193,Vacant Land,,,"S30, T26 N, R20 W, C.O.S. 23203-4, ACRES 455.62, TR 2 IN ALL (SELL W/ TR 1AA IN 25-26-21 & 1B IN 29-26-20)",,Territory 1889 / Lakeside
TERRITORY 1889 / LAKESIDE,07370529201010000,FLATHEAD FRIENDS LLC,342.28,Flathead,109 W 7TH ST STE 200,,,GEORGETOWN,TX,78626-5766,exact normalized cadastral owner match to independently supported current entity,confirmed,True,2026,458104,0000016877,Vacant Land,,,"S29, T26 N, R20 W, C.O.S. 23203-1 BLA, ACRES 342.28, TR 1 IN ALL (SELL W/ TR 4 & 1A IN SEC 30)",,Territory 1889 / Lakeside
TERRITORY 1889 / LAKESIDE,07370425301300000,FLATHEAD FRIENDS LLC,169.47,Flathead,109 W 7TH ST STE 200,,,GEORGETOWN,TX,78626-5766,exact normalized cadastral owner match to independently supported current entity,confirmed,True,2026,1637564,0000011711,Vacant Land,,,"S25, T26 N, R21 W, C.O.S. 23203-12 BLA, ACRES 169.47, TR 1AB IN ALL",,Territory 1889 / Lakeside
TERRITORY 1889 / LAKESIDE,07370425101010000,FLATHEAD FRIENDS LLC,146.92,Flathead,109 W 7TH ST STE 200,,,GEORGETOWN,TX,78626-5766,exact normalized cadastral owner match to independently supported current entity,confirmed,True,2026,449197,0000011711,Vacant Land,,,"S25, T26 N, R21 W, C.O.S. 23203-11, ACRES 146.92, TR 1A IN NW4 & SW4",,Territory 1889 / Lakeside
TERRITORY 1889 / LAKESIDE,07370530201010000,FLATHEAD FRIENDS LLC,82.75,Flathead,109 W 7TH ST STE 200,,,GEORGETOWN,TX,78626-5766,exact normalized cadastral owner match to independently supported current entity,confirmed,True,2026,458105,0000016193,Vacant Land,,,"S30, T26 N, R20 W, C.O.S. 22014-7, ACRES 82.75, TR 1 IN N2 (W/ PA EAGLE DEV PH 2 AMD L27)",,Territory 1889 / Lakeside
TERRITORY 1889 / LAKESIDE,07370425301010000,FLATHEAD FRIENDS LLC,76.67,Flathead,109 W 7TH ST STE 200,,,GEORGETOWN,TX,78626-5766,exact normalized cadastral owner match to independently supported current entity,confirmed,True,2026,449198,0000011711,Vacant Land,,,"S25, T26 N, R21 W, C.O.S. 23203-9 BLA, ACRES 76.67, TR 1 IN SW4",,Territory 1889 / Lakeside
TERRITORY 1889 / LAKESIDE,07370425101050000,FLATHEAD FRIENDS LLC,72.18,Flathead,109 W 7TH ST STE 200,,,GEORGETOWN,TX,78626-5766,exact normalized cadastral owner match to independently supported current entity,confirmed,True,2026,458102,0000016193,Vacant Land,,,"S25, T26 N, R21 W, C.O.S. 23203-4 BLA, ACRES 72.18, TR 1AA IN NE4&SE4(SELL W/ 2 IN 30-26-20 & 1B IN 29-26-20)",,Territory 1889 / Lakeside
TERRITORY 1889 / LAKESIDE,07370425301200000,FLATHEAD FRIENDS LLC,60.48,Flathead,109 W 7TH ST STE 200,,,GEORGETOWN,TX,78626-5766,exact normalized cadastral owner match to independently supported current entity,confirmed,True,2026,1637563,0000011711,Vacant Land,,,"S25, T26 N, R21 W, C.O.S. 23203-8 BLA, ACRES 60.48, TR 1C IN SW4 & SE4",,Territory 1889 / Lakeside
TERRITORY 1889 / LAKESIDE,07370425301500000,FLATHEAD FRIENDS LLC,51.72,Flathead,109 W 7TH ST STE 200,,,GEORGETOWN,TX,78626-5766,exact normalized cadastral owner match to independently supported current entity,confirmed,True,2026,1637567,0000011711,Vacant Land,,,"S25, T26 N, R21 W, C.O.S. 23203-7, ACRES 51.72, TR 1AD IN SE4",,Territory 1889 / Lakeside
TERRITORY 1889 / LAKESIDE,07370530401100000,FLATHEAD FRIENDS LLC,49.42,Flathead,109 W 7TH ST STE 200,,,GEORGETOWN,TX,78626-5766,exact normalized cadastral owner match to independently supported current entity,confirmed,True,2026,1591768,0000016877,Vacant Land,,,"S30, T26 N, R20 W, C.O.S. 23203-1, ACRES 49.42, TR 4 IN NE4&SE4 (W/ TR 1A IN S30 & 1 IN S29)",,Territory 1889 / Lakeside
TERRITORY 1889 / LAKESIDE,07370425301100000,FLATHEAD FRIENDS LLC,30.47,Flathead,109 W 7TH ST STE 200,,,GEORGETOWN,TX,78626-5766,exact normalized cadastral owner match to independently supported current entity,confirmed,True,2026,1637562,0000011711,Vacant Land,,,"S25, T26 N, R21 W, C.O.S. 23203-10 BLA, ACRES 30.47, TR 1B IN NW4 & SW4",,Territory 1889 / Lakeside
TERRITORY 1889 / LAKESIDE,07370529301400000,FLATHEAD FRIENDS LLC,29.18,Flathead,109 W 7TH ST STE 200,,,GEORGETOWN,TX,78626-5766,exact normalized cadastral owner match to independently supported current entity,confirmed,True,2026,1591769,0000016191,Vacant Land,,,"S29, T26 N, R20 W, C.O.S. 23203-3 BLA, ACRES 29.18, TR 1J IN NW4 & SW4 (W/ TR 4A IN SEC 30)",,Territory 1889 / Lakeside
TERRITORY 1889 / LAKESIDE,07370425301400000,FLATHEAD FRIENDS LLC,26.39,Flathead,109 W 7TH ST STE 200,,,GEORGETOWN,TX,78626-5766,exact normalized cadastral owner match to independently supported current entity,confirmed,True,2026,1637565,0000011711,Vacant Land,,,"S25, T26 N, R21 W, C.O.S. 23203-6 BLA, ACRES 26.39, TR 1AC IN SE4 (SELL W/ 2B IN 30-26-20)",,Territory 1889 / Lakeside
TERRITORY 1889 / LAKESIDE,07370425301600000,FLATHEAD FRIENDS LLC,24.44,Flathead,109 W 7TH ST STE 200,,,GEORGETOWN,TX,78626-5766,exact normalized cadastral owner match to independently supported current entity,confirmed,True,2026,1637569,0000011711,Vacant Land,,,"S30, T26 N, R20 W, C.O.S. 23203-5 BLA, ACRES 24.44, TR 2C IN SW4 (SELL W/ 1AE IN 25-26-21)",,Territory 1889 / Lakeside
TERRITORY 1889 / LAKESIDE,07370529301200000,FLATHEAD FRIENDS LLC,20.59,Flathead,109 W 7TH ST STE 200,,,GEORGETOWN,TX,78626-5766,exact normalized cadastral owner match to independently supported current entity,confirmed,True,2026,1591766,0000016192,Vacant Land,,,"S29, T26 N, R20 W, C.O.S. 23203-2, ACRES 20.59, TR 1K IN NW4 & SW4",,Territory 1889 / Lakeside
TERRITORY 1889 / LAKESIDE,07370530401010000,FLATHEAD FRIENDS LLC,18.03,Flathead,109 W 7TH ST STE 200,,,GEORGETOWN,TX,78626-5766,exact normalized cadastral owner match to independently supported current entity,confirmed,True,2026,1591767,0000016191,Vacant Land,,,"S30, T26 N, R20 W, C.O.S. 23203-3 BLA, ACRES 18.03, TR 4A IN NE4 & SE4 (W/ 1J IN SEC 29)",,Territory 1889 / Lakeside
TERRITORY 1889 / LAKESIDE,07370529201100000,FLATHEAD FRIENDS LLC,9.2,Flathead,109 W 7TH ST STE 200,,,GEORGETOWN,TX,78626-5766,exact normalized cadastral owner match to independently supported current entity,confirmed,True,2026,1591764,0000016193,Vacant Land,,,"S29, T26 N, R20 W, C.O.S. 23203-4, ACRES 9.2, TR 1B IN NW4 (SELL W/ 1AA IN 25-26-21 &2 IN 30-26-20)",,Territory 1889 / Lakeside
TERRITORY 1889 / LAKESIDE,07370519302400000,FLATHEAD FRIENDS LLC,7.35,Flathead,109 W 7TH ST STE 200,,,GEORGETOWN,TX,78626-5766,exact normalized cadastral owner match to independently supported current entity,confirmed,True,2026,1636489,0000016193,Vacant Land,,,"EAGLE DEVELOPMENT PH2 AMD L27, S19, T26 N, R20 W, ACRES 7.35, PARCEL A",EAGLE DEVELOPMENT PH2 AMD L27,Territory 1889 / Lakeside
TERRITORY 1889 / LAKESIDE,07370425301550000,FLATHEAD FRIENDS LLC,6.21,Flathead,109 W 7TH ST STE 200,,,GEORGETOWN,TX,78626-5766,exact normalized cadastral owner match to independently supported current entity,confirmed,True,2026,1637568,0000011711,Vacant Land,,,"S25, T26 N, R21 W, C.O.S. 23203-5 BLA, ACRES 6.21, TR 1AE IN SE4 (SELL W/ 2C IN 30-26-20)",,Territory 1889 / Lakeside
TERRITORY 1889 / LAKESIDE,07370425301450000,FLATHEAD FRIENDS LLC,5.7,Flathead,109 W 7TH ST STE 200,,,GEORGETOWN,TX,78626-5766,exact normalized cadastral owner match to independently supported current entity,confirmed,True,2026,1637566,0000011711,Vacant Land,,,"S30, T26 N, R20 W, C.O.S. 23203-6 BLA, ACRES 5.7, TR 2B IN SW4 (SELL W/ 1AC IN 25-26-21)",,Territory 1889 / Lakeside
TERRITORY 1889 / LAKESIDE,07370518102270000,FLATHEAD LAKE LAND PARTNERS LLC,3.8,Flathead,109 W 7TH ST STE 200,,,GEORGETOWN,TX,78626-5766,exact normalized cadastral owner match to independently supported current entity,confirmed,True,2026,455771,0000207850,Improved Property,,,"S18, T26 N, R20 W, C.O.S. 9268-A, ACRES 3.8, TR 5 IN L1",,Territory 1889 / Lakeside
TERRITORY 1889 / LAKESIDE,07370519103010000,FLATHEAD LAKE LAND PARTNERS LLC,3.37,Flathead,109 W 7TH ST STE 200,,,GEORGETOWN,TX,78626-5766,exact normalized cadastral owner match to independently supported current entity,confirmed,True,2026,443564,0000006559,Vacant Land,,,"S19, T26 N, R20 W, TR 1B IN SE4NE4",,Territory 1889 / Lakeside
TERRITORY 1889 / LAKESIDE,07370520301030000,FLATHEAD LAKE LAND PARTNERS LLC,3.308,Flathead,109 W 7TH ST STE 200,,,GEORGETOWN,TX,78626-5766,exact normalized cadastral owner match to independently supported current entity,confirmed,True,2026,470658,0000583000,Vacant Land,,,"S20, T26 N, R20 W, ACRES 3.31, COS 10815-A, TR 1ACA IN NW4SW4, LESS RD, ASSR# 0000583000",,Territory 1889 / Lakeside
TERRITORY 1889 / LAKESIDE,07370519106600000,FLATHEAD LAKE LAND PARTNERS LLC,3.2,Flathead,109 W 7TH ST STE 200,,,GEORGETOWN,TX,78626-5766,exact normalized cadastral owner match to independently supported current entity,confirmed,True,2026,448541,0000011091,Vacant Land,,,"S19, T26 N, R20 W, TR 1BC IN SE4",,Territory 1889 / Lakeside
TERRITORY 1889 / LAKESIDE,07370520208020000,FLATHEAD LAKE LAND PARTNERS LLC,1.37,Flathead,109 W 7TH ST STE 200,,,GEORGETOWN,TX,78626-5766,exact normalized cadastral owner match to independently supported current entity,confirmed,True,2026,424766,0000982156,Vacant Land,,,"S20, T26 N, R20 W, TR 2-2 IN SWNW",,Territory 1889 / Lakeside
TERRITORY 1889 / LAKESIDE,07370518102290000,FLATHEAD LAKE LAND PARTNERS LLC,1.1,Flathead,109 W 7TH ST STE 200,,,GEORGETOWN,TX,78626-5766,exact normalized cadastral owner match to independently supported current entity,confirmed,True,2026,462935,0000434155,Improved Property,,,"S18, T26 N, R20 W, C.O.S. 9576-A, ACRES 1.1, TR 1VA IN L 2 & L 1",,Territory 1889 / Lakeside
TERRITORY 1889 / LAKESIDE,07370530101010000,FLATHEAD FRIENDS LLC,0.04,Flathead,109 W 7TH ST STE 200,,,GEORGETOWN,TX,78626-5766,exact normalized cadastral owner match to independently supported current entity,confirmed,True,2026,458101,0000016877,Vacant Land,,,"S30, T26 N, R20 W, C.O.S. 23203-1 BLA, TR 1A IN NE4 (W/ TR 4 IN S30 & 1 IN S29)",,Territory 1889 / Lakeside
TERRITORY 1889 / LAKESIDE,07370528105070000,PALS CABINS AT LAKESIDE I LLC,16.242,Flathead,109 W 7TH ST STE 200,,,GEORGETOWN,TX,78626-5766,owner-name keyword: LAKESIDE; exact normalized group mailing location: 109 W 7TH ST STE 200 GEORGETOWN TX 78626,address_candidate,False,2026,484997,0000971714,Vacant Land,,,"S28, T26 N, R20 W, C.O.S. 21552-2, ACRES 16.24, TR 2A IN W2NE4",,Territory 1889 / Lakeside
TERRITORY 1889 / LAKESIDE,07370528105030000,PALS CABINS AT LAKESIDE I LLC,12.03,Flathead,109 W 7TH ST STE 200,,,GEORGETOWN,TX,78626-5766,owner-name keyword: LAKESIDE; exact normalized group mailing location: 109 W 7TH ST STE 200 GEORGETOWN TX 78626,address_candidate,False,2026,460913,0000370450,Improved Property,,,"ANGEL PT ACREAGE L37 A &  38A AMD, S28, T26 N, R20 W, Lot 38B, ACRES 12.03",ANGEL PT ACREAGE L37 A &  38A AMD,Territory 1889 / Lakeside
TERRITORY 1889 / LAKESIDE,07370528105010000,PALS CABINS AT LAKESIDE I LLC,3.62,Flathead,109 W 7TH ST STE 200,,,GEORGETOWN,TX,78626-5766,owner-name keyword: LAKESIDE; exact normalized group mailing location: 109 W 7TH ST STE 200 GEORGETOWN TX 78626,address_candidate,False,2026,460914,0000370540,Improved Property,,PRESTON LOUIS,"ANGEL PT ACREAGE, S28, T26 N, R20 W, Lot 39 & ABND RD, ACRES 3.62",ANGEL PT ACREAGE,Territory 1889 / Lakeside
