CountyName,OwnerName_Grouped,OwnerName,OwnerAddre,OwnerAdd_1,OwnerAdd_2,OwnerCity,OwnerState,PropType,TotalAcres,Rank
Lincoln,GREEN DIAMOND MONTANA TIMBERLANDS LLC,GREEN DIAMOND MONTANA TIMBERLANDS LLC,C/O ORBIS INC,8809 LENOX POINTE DR UNIT B,,CHARLOTTE,NC,Vacant Land,271.52,4
Lincoln,GREEN DIAMOND MONTANA TIMBERLANDS LLC,GREEN DIAMOND MONTANA TIMBERLANDS LLC,C/O ORBIS INC,8809 LENOX POINTE DR UNIT B,,CHARLOTTE,NC,Vacant Land,329.18,4
Lincoln,GREEN DIAMOND MONTANA TIMBERLANDS LLC,GREEN DIAMOND MONTANA TIMBERLANDS LLC,C/O ORBIS INC,8809 LENOX POINTE DR UNIT B,,CHARLOTTE,NC,Vacant Land,908.36,4
Lincoln,GREEN DIAMOND MONTANA TIMBERLANDS LLC,GREEN DIAMOND MONTANA TIMBERLANDS LLC,C/O ORBIS INC,8809 LENOX POINTE DR UNIT B,,CHARLOTTE,NC,Vacant Land,640.0,4
Lincoln,GREEN DIAMOND MONTANA TIMBERLANDS LLC,GREEN DIAMOND MONTANA TIMBERLANDS LLC,C/O ORBIS INC,8809 LENOX POINTE DR UNIT B,,CHARLOTTE,NC,Vacant Land,860.32,4
Lincoln,GREEN DIAMOND MONTANA TIMBERLANDS LLC,GREEN DIAMOND MONTANA TIMBERLANDS LLC,C/O ORBIS INC,8809 LENOX POINTE DR UNIT B,,CHARLOTTE,NC,Vacant Land,604.6,4
Lincoln,GREEN DIAMOND MONTANA TIMBERLANDS LLC,GREEN DIAMOND MONTANA TIMBERLANDS LLC,C/O ORBIS INC,8809 LENOX POINTE DR UNIT B,,CHARLOTTE,NC,Vacant Land,247.88,4
Lincoln,GREEN DIAMOND MONTANA TIMBERLANDS LLC,GREEN DIAMOND MONTANA TIMBERLANDS LLC,C/O ORBIS INC,8809 LENOX POINTE DR UNIT B,,CHARLOTTE,NC,Vacant Land,250.345,4
Lincoln,GREEN DIAMOND MONTANA TIMBERLANDS LLC,GREEN DIAMOND MONTANA TIMBERLANDS LLC,C/O ORBIS INC,8809 LENOX POINTE DR UNIT B,,CHARLOTTE,NC,Vacant Land,7.102,4
Lincoln,GREEN DIAMOND MONTANA TIMBERLANDS LLC,GREEN DIAMOND MONTANA TIMBERLANDS LLC,C/O ORBIS INC,8809 LENOX POINTE DR UNIT B,,CHARLOTTE,NC,Vacant Land,6.38,4
Lincoln,GREEN DIAMOND MONTANA TIMBERLANDS LLC,GREEN DIAMOND MONTANA TIMBERLANDS LLC,C/O ORBIS INC,8809 LENOX POINTE DR UNIT B,,CHARLOTTE,NC,Vacant Land,8.159,4
Lincoln,GREEN DIAMOND MONTANA TIMBERLANDS LLC,GREEN DIAMOND MONTANA TIMBERLANDS LLC,C/O ORBIS INC,8809 LENOX POINTE DR UNIT B,,CHARLOTTE,NC,Vacant Land,590.723,4
Lincoln,GREEN DIAMOND MONTANA TIMBERLANDS LLC,GREEN DIAMOND MONTANA TIMBERLANDS LLC,C/O ORBIS INC,8809 LENOX POINTE DR UNIT B,,CHARLOTTE,NC,Vacant Land,640.84,4
Lincoln,GREEN DIAMOND MONTANA TIMBERLANDS LLC,GREEN DIAMOND MONTANA TIMBERLANDS LLC,C/O ORBIS INC,8809 LENOX POINTE DR UNIT B,,CHARLOTTE,NC,Vacant Land,640.6,4
Lincoln,GREEN DIAMOND MONTANA TIMBERLANDS LLC,GREEN DIAMOND MONTANA TIMBERLANDS LLC,C/O ORBIS INC,8809 LENOX POINTE DR UNIT B,,CHARLOTTE,NC,Vacant Land,514.71,4
Lincoln,GREEN DIAMOND MONTANA TIMBERLANDS LLC,GREEN DIAMOND MONTANA TIMBERLANDS LLC,C/O ORBIS INC,8809 LENOX POINTE DR UNIT B,,CHARLOTTE,NC,Vacant Land,128.0,4
Lincoln,GREEN DIAMOND MONTANA TIMBERLANDS LLC,GREEN DIAMOND MONTANA TIMBERLANDS LLC,C/O ORBIS INC,8809 LENOX POINTE DR UNIT B,,CHARLOTTE,NC,Vacant Land,320.0,4
Lincoln,GREEN DIAMOND MONTANA TIMBERLANDS LLC,GREEN DIAMOND MONTANA TIMBERLANDS LLC,C/O ORBIS INC,8809 LENOX POINTE DR UNIT B,,CHARLOTTE,NC,Vacant Land,200.0,4
Lincoln,GREEN DIAMOND MONTANA TIMBERLANDS LLC,GREEN DIAMOND MONTANA TIMBERLANDS LLC,C/O ORBIS INC,8809 LENOX POINTE DR UNIT B,,CHARLOTTE,NC,Vacant Land,270.12,4
Lincoln,GREEN DIAMOND MONTANA TIMBERLANDS LLC,GREEN DIAMOND MONTANA TIMBERLANDS LLC,C/O ORBIS INC,8809 LENOX POINTE DR UNIT B,,CHARLOTTE,NC,Vacant Land,449.842,4
Lincoln,GREEN DIAMOND MONTANA TIMBERLANDS LLC,GREEN DIAMOND MONTANA TIMBERLANDS LLC,C/O ORBIS INC,8809 LENOX POINTE DR UNIT B,,CHARLOTTE,NC,Vacant Land,28.4,4
Lincoln,GREEN DIAMOND MONTANA TIMBERLANDS LLC,GREEN DIAMOND MONTANA TIMBERLANDS LLC,C/O ORBIS INC,8809 LENOX POINTE DR UNIT B,,CHARLOTTE,NC,Vacant Land,640.0,4
Lincoln,GREEN DIAMOND MONTANA TIMBERLANDS LLC,GREEN DIAMOND MONTANA TIMBERLANDS LLC,C/O ORBIS INC,8809 LENOX POINTE DR UNIT B,,CHARLOTTE,NC,Vacant Land,520.0,4
Lincoln,GREEN DIAMOND MONTANA TIMBERLANDS LLC,GREEN DIAMOND MONTANA TIMBERLANDS LLC,C/O ORBIS INC,8809 LENOX POINTE DR UNIT B,,CHARLOTTE,NC,Vacant Land,146.52,4
Lincoln,GREEN DIAMOND MONTANA TIMBERLANDS LLC,GREEN DIAMOND MONTANA TIMBERLANDS LLC,C/O ORBIS INC,8809 LENOX POINTE DR UNIT B,,CHARLOTTE,NC,Vacant Land,70.1,4
Lincoln,GREEN DIAMOND MONTANA TIMBERLANDS LLC,GREEN DIAMOND MONTANA TIMBERLANDS LLC,C/O ORBIS INC,8809 LENOX POINTE DR UNIT B,,CHARLOTTE,NC,Vacant Land,39.927,4
Lincoln,GREEN DIAMOND MONTANA TIMBERLANDS LLC,GREEN DIAMOND MONTANA TIMBERLANDS LLC,C/O ORBIS INC,8809 LENOX POINTE DR UNIT B,,CHARLOTTE,NC,Vacant Land,229.77,4
Lincoln,GREEN DIAMOND MONTANA TIMBERLANDS LLC,GREEN DIAMOND MONTANA TIMBERLANDS LLC,C/O ORBIS INC,8809 LENOX POINTE DR UNIT B,,CHARLOTTE,NC,Vacant Land,273.28,4
Lincoln,GREEN DIAMOND MONTANA TIMBERLANDS LLC,GREEN DIAMOND MONTANA TIMBERLANDS LLC,C/O ORBIS INC,8809 LENOX POINTE DR UNIT B,,CHARLOTTE,NC,Vacant Land,640.0,4
Lincoln,GREEN DIAMOND MONTANA TIMBERLANDS LLC,GREEN DIAMOND MONTANA TIMBERLANDS LLC,C/O ORBIS INC,8809 LENOX POINTE DR UNIT B,,CHARLOTTE,NC,Vacant Land,640.0,4
Lincoln,GREEN DIAMOND MONTANA TIMBERLANDS LLC,GREEN DIAMOND MONTANA TIMBERLANDS LLC,C/O ORBIS INC,8809 LENOX POINTE DR UNIT B,,CHARLOTTE,NC,Vacant Land,75.23,4
Lincoln,GREEN DIAMOND MONTANA TIMBERLANDS LLC,GREEN DIAMOND MONTANA TIMBERLANDS LLC,C/O ORBIS INC,8809 LENOX POINTE DR UNIT B,,CHARLOTTE,NC,Vacant Land,553.74,4
Lincoln,GREEN DIAMOND MONTANA TIMBERLANDS LLC,GREEN DIAMOND MONTANA TIMBERLANDS LLC,C/O ORBIS INC,8809 LENOX POINTE DR UNIT B,,CHARLOTTE,NC,Vacant Land,638.28,4
Lincoln,GREEN DIAMOND MONTANA TIMBERLANDS LLC,GREEN DIAMOND MONTANA TIMBERLANDS LLC,C/O ORBIS INC,8809 LENOX POINTE DR UNIT B,,CHARLOTTE,NC,Vacant Land,480.0,4
Lincoln,GREEN DIAMOND MONTANA TIMBERLANDS LLC,GREEN DIAMOND MONTANA TIMBERLANDS LLC,C/O ORBIS INC,8809 LENOX POINTE DR UNIT B,,CHARLOTTE,NC,Vacant Land,160.0,4
Lincoln,GREEN DIAMOND MONTANA TIMBERLANDS LLC,GREEN DIAMOND MONTANA TIMBERLANDS LLC,C/O ORBIS INC,8809 LENOX POINTE DR UNIT B,,CHARLOTTE,NC,Vacant Land,27.12,4
Lincoln,GREEN DIAMOND MONTANA TIMBERLANDS LLC,GREEN DIAMOND MONTANA TIMBERLANDS LLC,C/O ORBIS INC,8809 LENOX POINTE DR UNIT B,,CHARLOTTE,NC,Vacant Land,564.05,4
Lincoln,GREEN DIAMOND MONTANA TIMBERLANDS LLC,GREEN DIAMOND MONTANA TIMBERLANDS LLC,C/O ORBIS INC,8809 LENOX POINTE DR UNIT B,,CHARLOTTE,NC,Vacant Land,303.2,4
Lincoln,GREEN DIAMOND MONTANA TIMBERLANDS LLC,GREEN DIAMOND MONTANA TIMBERLANDS LLC,C/O ORBIS INC,8809 LENOX POINTE DR UNIT B,,CHARLOTTE,NC,Vacant Land,607.44,4
Lincoln,GREEN DIAMOND MONTANA TIMBERLANDS LLC,GREEN DIAMOND MONTANA TIMBERLANDS LLC,C/O ORBIS INC,8809 LENOX POINTE DR UNIT B,,CHARLOTTE,NC,Vacant Land,593.63,4
Lincoln,GREEN DIAMOND MONTANA TIMBERLANDS LLC,GREEN DIAMOND MONTANA TIMBERLANDS LLC,C/O ORBIS INC,8809 LENOX POINTE DR UNIT B,,CHARLOTTE,NC,Vacant Land,640.0,4
Lincoln,GREEN DIAMOND MONTANA TIMBERLANDS LLC,GREEN DIAMOND MONTANA TIMBERLANDS LLC,C/O ORBIS INC,8809 LENOX POINTE DR UNIT B,,CHARLOTTE,NC,Vacant Land,640.0,4
Lincoln,GREEN DIAMOND MONTANA TIMBERLANDS LLC,GREEN DIAMOND MONTANA TIMBERLANDS LLC,C/O ORBIS INC,8809 LENOX POINTE DR UNIT B,,CHARLOTTE,NC,Vacant Land,640.0,4
Lincoln,GREEN DIAMOND MONTANA TIMBERLANDS LLC,GREEN DIAMOND MONTANA TIMBERLANDS LLC,C/O ORBIS INC,8809 LENOX POINTE DR UNIT B,,CHARLOTTE,NC,Vacant Land,903.68,4
Lincoln,GREEN DIAMOND MONTANA TIMBERLANDS LLC,GREEN DIAMOND MONTANA TIMBERLANDS LLC,C/O ORBIS INC,8809 LENOX POINTE DR UNIT B,,CHARLOTTE,NC,Vacant Land,146.24,4
Lincoln,GREEN DIAMOND MONTANA TIMBERLANDS LLC,GREEN DIAMOND MONTANA TIMBERLANDS LLC,C/O ORBIS INC,8809 LENOX POINTE DR UNIT B,,CHARLOTTE,NC,Vacant Land,759.16,4
Lincoln,GREEN DIAMOND MONTANA TIMBERLANDS LLC,GREEN DIAMOND MONTANA TIMBERLANDS LLC,C/O ORBIS INC,8809 LENOX POINTE DR UNIT B,,CHARLOTTE,NC,Vacant Land,264.64,4
Lincoln,GREEN DIAMOND MONTANA TIMBERLANDS LLC,GREEN DIAMOND MONTANA TIMBERLANDS LLC,C/O ORBIS INC,8809 LENOX POINTE DR UNIT B,,CHARLOTTE,NC,Vacant Land,640.0,4
Lincoln,GREEN DIAMOND MONTANA TIMBERLANDS LLC,GREEN DIAMOND MONTANA TIMBERLANDS LLC,C/O ORBIS INC,8809 LENOX POINTE DR UNIT B,,CHARLOTTE,NC,Vacant Land,904.2,4
Lincoln,GREEN DIAMOND MONTANA TIMBERLANDS LLC,GREEN DIAMOND MONTANA TIMBERLANDS LLC,C/O ORBIS INC,8809 LENOX POINTE DR UNIT B,,CHARLOTTE,NC,Vacant Land,586.0,4
Lincoln,GREEN DIAMOND MONTANA TIMBERLANDS LLC,GREEN DIAMOND MONTANA TIMBERLANDS LLC,C/O ORBIS INC,8809 LENOX POINTE DR UNIT B,,CHARLOTTE,NC,Vacant Land,173.3,4
Lincoln,GREEN DIAMOND MONTANA TIMBERLANDS LLC,GREEN DIAMOND MONTANA TIMBERLANDS LLC,C/O ORBIS INC,8809 LENOX POINTE DR UNIT B,,CHARLOTTE,NC,Vacant Land,640.0,4
Lincoln,GREEN DIAMOND MONTANA TIMBERLANDS LLC,GREEN DIAMOND MONTANA TIMBERLANDS LLC,C/O ORBIS INC,8809 LENOX POINTE DR UNIT B,,CHARLOTTE,NC,Vacant Land,640.0,4
Lincoln,GREEN DIAMOND MONTANA TIMBERLANDS LLC,GREEN DIAMOND MONTANA TIMBERLANDS LLC,C/O ORBIS INC,8809 LENOX POINTE DR UNIT B,,CHARLOTTE,NC,Vacant Land,640.0,4
Lincoln,GREEN DIAMOND MONTANA TIMBERLANDS LLC,GREEN DIAMOND MONTANA TIMBERLANDS LLC,C/O ORBIS INC,8809 LENOX POINTE DR UNIT B,,CHARLOTTE,NC,Vacant Land,640.0,4
Lincoln,GREEN DIAMOND MONTANA TIMBERLANDS LLC,GREEN DIAMOND MONTANA TIMBERLANDS LLC,C/O ORBIS INC,8809 LENOX POINTE DR UNIT B,,CHARLOTTE,NC,Vacant Land,315.787,4
Lincoln,GREEN DIAMOND MONTANA TIMBERLANDS LLC,GREEN DIAMOND MONTANA TIMBERLANDS LLC,C/O ORBIS INC,8809 LENOX POINTE DR UNIT B,,CHARLOTTE,NC,Vacant Land,396.07,4
Lincoln,GREEN DIAMOND MONTANA TIMBERLANDS LLC,GREEN DIAMOND MONTANA TIMBERLANDS LLC,C/O ORBIS INC,8809 LENOX POINTE DR UNIT B,,CHARLOTTE,NC,Vacant Land,480.0,4
Lincoln,GREEN DIAMOND MONTANA TIMBERLANDS LLC,GREEN DIAMOND MONTANA TIMBERLANDS LLC,C/O ORBIS INC,8809 LENOX POINTE DR UNIT B,,CHARLOTTE,NC,Vacant Land,626.12,4
Lincoln,GREEN DIAMOND MONTANA TIMBERLANDS LLC,GREEN DIAMOND MONTANA TIMBERLANDS LLC,C/O ORBIS INC,8809 LENOX POINTE DR UNIT B,,CHARLOTTE,NC,Vacant Land,440.0,4
Lincoln,GREEN DIAMOND MONTANA TIMBERLANDS LLC,GREEN DIAMOND MONTANA TIMBERLANDS LLC,C/O ORBIS INC,8809 LENOX POINTE DR UNIT B,,CHARLOTTE,NC,Vacant Land,160.0,4
Lincoln,GREEN DIAMOND MONTANA TIMBERLANDS LLC,GREEN DIAMOND MONTANA TIMBERLANDS LLC,C/O ORBIS INC,8809 LENOX POINTE DR UNIT B,,CHARLOTTE,NC,Vacant Land,629.91,4
Lincoln,GREEN DIAMOND MONTANA TIMBERLANDS LLC,GREEN DIAMOND MONTANA TIMBERLANDS LLC,C/O ORBIS INC,8809 LENOX POINTE DR UNIT B,,CHARLOTTE,NC,Vacant Land,174.1,4
Lincoln,GREEN DIAMOND MONTANA TIMBERLANDS LLC,GREEN DIAMOND MONTANA TIMBERLANDS LLC,C/O ORBIS INC,8809 LENOX POINTE DR UNIT B,,CHARLOTTE,NC,Vacant Land,100.0,4
Lincoln,GREEN DIAMOND MONTANA TIMBERLANDS LLC,GREEN DIAMOND MONTANA TIMBERLANDS LLC,C/O ORBIS INC,8809 LENOX POINTE DR UNIT B,,CHARLOTTE,NC,Vacant Land,240.0,4
Lincoln,GREEN DIAMOND MONTANA TIMBERLANDS LLC,GREEN DIAMOND MONTANA TIMBERLANDS LLC,C/O ORBIS INC,8809 LENOX POINTE DR UNIT B,,CHARLOTTE,NC,Vacant Land,152.86,4
Lincoln,GREEN DIAMOND MONTANA TIMBERLANDS LLC,GREEN DIAMOND MONTANA TIMBERLANDS LLC,C/O ORBIS INC,8809 LENOX POINTE DR UNIT B,,CHARLOTTE,NC,Vacant Land,118.87,4
Lincoln,GREEN DIAMOND MONTANA TIMBERLANDS LLC,GREEN DIAMOND MONTANA TIMBERLANDS LLC,C/O ORBIS INC,8809 LENOX POINTE DR UNIT B,,CHARLOTTE,NC,Vacant Land,193.04,4
Lincoln,GREEN DIAMOND MONTANA TIMBERLANDS LLC,GREEN DIAMOND MONTANA TIMBERLANDS LLC,C/O ORBIS INC,8809 LENOX POINTE DR UNIT B,,CHARLOTTE,NC,Vacant Land,565.2,4
Lincoln,GREEN DIAMOND MONTANA TIMBERLANDS LLC,GREEN DIAMOND MONTANA TIMBERLANDS LLC,C/O ORBIS INC,8809 LENOX POINTE DR UNIT B,,CHARLOTTE,NC,Vacant Land,320.0,4
Lincoln,GREEN DIAMOND MONTANA TIMBERLANDS LLC,GREEN DIAMOND MONTANA TIMBERLANDS LLC,C/O ORBIS INC,8809 LENOX POINTE DR UNIT B,,CHARLOTTE,NC,Vacant Land,141.57,4
Lincoln,GREEN DIAMOND MONTANA TIMBERLANDS LLC,GREEN DIAMOND MONTANA TIMBERLANDS LLC,C/O ORBIS INC,8809 LENOX POINTE DR UNIT B,,CHARLOTTE,NC,Vacant Land,744.43,4
Lincoln,GREEN DIAMOND MONTANA TIMBERLANDS LLC,GREEN DIAMOND MONTANA TIMBERLANDS LLC,C/O ORBIS INC,8809 LENOX POINTE DR UNIT B,,CHARLOTTE,NC,Vacant Land,884.4,4
Lincoln,GREEN DIAMOND MONTANA TIMBERLANDS LLC,GREEN DIAMOND MONTANA TIMBERLANDS LLC,C/O ORBIS INC,8809 LENOX POINTE DR UNIT B,,CHARLOTTE,NC,Vacant Land,803.48,4
Lincoln,GREEN DIAMOND MONTANA TIMBERLANDS LLC,GREEN DIAMOND MONTANA TIMBERLANDS LLC,C/O ORBIS INC,8809 LENOX POINTE DR UNIT B,,CHARLOTTE,NC,Vacant Land,884.68,4
Lincoln,GREEN DIAMOND MONTANA TIMBERLANDS LLC,GREEN DIAMOND MONTANA TIMBERLANDS LLC,C/O ORBIS INC,8809 LENOX POINTE DR UNIT B,,CHARLOTTE,NC,Vacant Land,868.673,4
Lincoln,GREEN DIAMOND MONTANA TIMBERLANDS LLC,GREEN DIAMOND MONTANA TIMBERLANDS LLC,C/O ORBIS INC,8809 LENOX POINTE DR UNIT B,,CHARLOTTE,NC,Vacant Land,626.0,4
Lincoln,GREEN DIAMOND MONTANA TIMBERLANDS LLC,GREEN DIAMOND MONTANA TIMBERLANDS LLC,C/O ORBIS INC,8809 LENOX POINTE DR UNIT B,,CHARLOTTE,NC,Vacant Land,640.0,4
Lincoln,GREEN DIAMOND MONTANA TIMBERLANDS LLC,GREEN DIAMOND MONTANA TIMBERLANDS LLC,C/O ORBIS INC,8809 LENOX POINTE DR UNIT B,,CHARLOTTE,NC,Vacant Land,640.0,4
Lincoln,GREEN DIAMOND MONTANA TIMBERLANDS LLC,GREEN DIAMOND MONTANA TIMBERLANDS LLC,C/O ORBIS INC,8809 LENOX POINTE DR UNIT B,,CHARLOTTE,NC,Vacant Land,640.0,4
Lincoln,GREEN DIAMOND MONTANA TIMBERLANDS LLC,GREEN DIAMOND MONTANA TIMBERLANDS LLC,C/O ORBIS INC,8809 LENOX POINTE DR UNIT B,,CHARLOTTE,NC,Vacant Land,640.0,4
Lincoln,GREEN DIAMOND MONTANA TIMBERLANDS LLC,GREEN DIAMOND MONTANA TIMBERLANDS LLC,C/O ORBIS INC,8809 LENOX POINTE DR UNIT B,,CHARLOTTE,NC,Vacant Land,640.0,4
Lincoln,GREEN DIAMOND MONTANA TIMBERLANDS LLC,GREEN DIAMOND MONTANA TIMBERLANDS LLC,C/O ORBIS INC,8809 LENOX POINTE DR UNIT B,,CHARLOTTE,NC,Vacant Land,200.0,4
Lincoln,GREEN DIAMOND MONTANA TIMBERLANDS LLC,GREEN DIAMOND MONTANA TIMBERLANDS LLC,C/O ORBIS INC,8809 LENOX POINTE DR UNIT B,,CHARLOTTE,NC,Vacant Land,440.0,4
Lincoln,GREEN DIAMOND MONTANA TIMBERLANDS LLC,GREEN DIAMOND MONTANA TIMBERLANDS LLC,C/O ORBIS INC,8809 LENOX POINTE DR UNIT B,,CHARLOTTE,NC,Vacant Land,640.0,4
Lincoln,GREEN DIAMOND MONTANA TIMBERLANDS LLC,GREEN DIAMOND MONTANA TIMBERLANDS LLC,C/O ORBIS INC,8809 LENOX POINTE DR UNIT B,,CHARLOTTE,NC,Vacant Land,509.76,4
Lincoln,GREEN DIAMOND MONTANA TIMBERLANDS LLC,GREEN DIAMOND MONTANA TIMBERLANDS LLC,C/O ORBIS INC,8809 LENOX POINTE DR UNIT B,,CHARLOTTE,NC,Vacant Land,335.038,4
Lincoln,GREEN DIAMOND MONTANA TIMBERLANDS LLC,GREEN DIAMOND MONTANA TIMBERLANDS LLC,C/O ORBIS INC,8809 LENOX POINTE DR UNIT B,,CHARLOTTE,NC,Vacant Land,640.0,4
Lincoln,GREEN DIAMOND MONTANA TIMBERLANDS LLC,GREEN DIAMOND MONTANA TIMBERLANDS LLC,C/O ORBIS INC,8809 LENOX POINTE DR UNIT B,,CHARLOTTE,NC,Vacant Land,640.0,4
Lincoln,GREEN DIAMOND MONTANA TIMBERLANDS LLC,GREEN DIAMOND MONTANA TIMBERLANDS LLC,C/O ORBIS INC,8809 LENOX POINTE DR UNIT B,,CHARLOTTE,NC,Vacant Land,160.0,4
Lincoln,GREEN DIAMOND MONTANA TIMBERLANDS LLC,GREEN DIAMOND MONTANA TIMBERLANDS LLC,C/O ORBIS INC,8809 LENOX POINTE DR UNIT B,,CHARLOTTE,NC,Vacant Land,320.0,4
Lincoln,GREEN DIAMOND MONTANA TIMBERLANDS LLC,GREEN DIAMOND MONTANA TIMBERLANDS LLC,C/O ORBIS INC,8809 LENOX POINTE DR UNIT B,,CHARLOTTE,NC,Vacant Land,560.0,4
Lincoln,GREEN DIAMOND MONTANA TIMBERLANDS LLC,GREEN DIAMOND MONTANA TIMBERLANDS LLC,C/O ORBIS INC,8809 LENOX POINTE DR UNIT B,,CHARLOTTE,NC,Vacant Land,80.0,4
Lincoln,GREEN DIAMOND MONTANA TIMBERLANDS LLC,GREEN DIAMOND MONTANA TIMBERLANDS LLC,C/O ORBIS INC,8809 LENOX POINTE DR UNIT B,,CHARLOTTE,NC,Vacant Land,640.0,4
Lincoln,GREEN DIAMOND MONTANA TIMBERLANDS LLC,GREEN DIAMOND MONTANA TIMBERLANDS LLC,C/O ORBIS INC,8809 LENOX POINTE DR UNIT B,,CHARLOTTE,NC,Vacant Land,320.018,4
Lincoln,GREEN DIAMOND MONTANA TIMBERLANDS LLC,GREEN DIAMOND MONTANA TIMBERLANDS LLC,C/O ORBIS INC,8809 LENOX POINTE DR UNIT B,,CHARLOTTE,NC,Vacant Land,640.0,4
Lincoln,GREEN DIAMOND MONTANA TIMBERLANDS LLC,GREEN DIAMOND MONTANA TIMBERLANDS LLC,C/O ORBIS INC,8809 LENOX POINTE DR UNIT B,,CHARLOTTE,NC,Vacant Land,640.0,4
Lincoln,GREEN DIAMOND MONTANA TIMBERLANDS LLC,GREEN DIAMOND MONTANA TIMBERLANDS LLC,C/O ORBIS INC,8809 LENOX POINTE DR UNIT B,,CHARLOTTE,NC,Vacant Land,600.0,4
Lincoln,GREEN DIAMOND MONTANA TIMBERLANDS LLC,GREEN DIAMOND MONTANA TIMBERLANDS LLC,C/O ORBIS INC,8809 LENOX POINTE DR UNIT B,,CHARLOTTE,NC,Vacant Land,640.0,4
Lincoln,GREEN DIAMOND MONTANA TIMBERLANDS LLC,GREEN DIAMOND MONTANA TIMBERLANDS LLC,C/O ORBIS INC,8809 LENOX POINTE DR UNIT B,,CHARLOTTE,NC,Vacant Land,320.0,4
Lincoln,GREEN DIAMOND MONTANA TIMBERLANDS LLC,GREEN DIAMOND MONTANA TIMBERLANDS LLC,C/O ORBIS INC,8809 LENOX POINTE DR UNIT B,,CHARLOTTE,NC,Vacant Land,606.88,4
Lincoln,GREEN DIAMOND MONTANA TIMBERLANDS LLC,GREEN DIAMOND MONTANA TIMBERLANDS LLC,C/O ORBIS INC,8809 LENOX POINTE DR UNIT B,,CHARLOTTE,NC,Vacant Land,607.96,4
Lincoln,GREEN DIAMOND MONTANA TIMBERLANDS LLC,GREEN DIAMOND MONTANA TIMBERLANDS LLC,C/O ORBIS INC,8809 LENOX POINTE DR UNIT B,,CHARLOTTE,NC,Vacant Land,419.88,4
Lincoln,GREEN DIAMOND MONTANA TIMBERLANDS LLC,GREEN DIAMOND MONTANA TIMBERLANDS LLC,C/O ORBIS INC,8809 LENOX POINTE DR UNIT B,,CHARLOTTE,NC,Vacant Land,414.64,4
Lincoln,GREEN DIAMOND MONTANA TIMBERLANDS LLC,GREEN DIAMOND MONTANA TIMBERLANDS LLC,C/O ORBIS INC,8809 LENOX POINTE DR UNIT B,,CHARLOTTE,NC,Vacant Land,200.0,4
Lincoln,GREEN DIAMOND MONTANA TIMBERLANDS LLC,GREEN DIAMOND MONTANA TIMBERLANDS LLC,C/O ORBIS INC,8809 LENOX POINTE DR UNIT B,,CHARLOTTE,NC,Vacant Land,640.0,4
Lincoln,GREEN DIAMOND MONTANA TIMBERLANDS LLC,GREEN DIAMOND MONTANA TIMBERLANDS LLC,C/O ORBIS INC,8809 LENOX POINTE DR UNIT B,,CHARLOTTE,NC,Vacant Land,640.0,4
Lincoln,GREEN DIAMOND MONTANA TIMBERLANDS LLC,GREEN DIAMOND MONTANA TIMBERLANDS LLC,C/O ORBIS INC,8809 LENOX POINTE DR UNIT B,,CHARLOTTE,NC,Vacant Land,615.0,4
Lincoln,GREEN DIAMOND MONTANA TIMBERLANDS LLC,GREEN DIAMOND MONTANA TIMBERLANDS LLC,C/O ORBIS INC,8809 LENOX POINTE DR UNIT B,,CHARLOTTE,NC,Vacant Land,615.52,4
Lincoln,GREEN DIAMOND MONTANA TIMBERLANDS LLC,GREEN DIAMOND MONTANA TIMBERLANDS LLC,C/O ORBIS INC,8809 LENOX POINTE DR UNIT B,,CHARLOTTE,NC,Vacant Land,640.0,4
Lincoln,GREEN DIAMOND MONTANA TIMBERLANDS LLC,GREEN DIAMOND MONTANA TIMBERLANDS LLC,C/O ORBIS INC,8809 LENOX POINTE DR UNIT B,,CHARLOTTE,NC,Vacant Land,640.0,4
Lincoln,GREEN DIAMOND MONTANA TIMBERLANDS LLC,GREEN DIAMOND MONTANA TIMBERLANDS LLC,C/O ORBIS INC,8809 LENOX POINTE DR UNIT B,,CHARLOTTE,NC,Vacant Land,240.0,4
Lincoln,GREEN DIAMOND MONTANA TIMBERLANDS LLC,GREEN DIAMOND MONTANA TIMBERLANDS LLC,C/O ORBIS INC,8809 LENOX POINTE DR UNIT B,,CHARLOTTE,NC,Vacant Land,640.0,4
Lincoln,GREEN DIAMOND MONTANA TIMBERLANDS LLC,GREEN DIAMOND MONTANA TIMBERLANDS LLC,C/O ORBIS INC,8809 LENOX POINTE DR UNIT B,,CHARLOTTE,NC,Vacant Land,200.0,4
Lincoln,GREEN DIAMOND MONTANA TIMBERLANDS LLC,GREEN DIAMOND MONTANA TIMBERLANDS LLC,C/O ORBIS INC,8809 LENOX POINTE DR UNIT B,,CHARLOTTE,NC,Vacant Land,640.0,4
Lincoln,GREEN DIAMOND MONTANA TIMBERLANDS LLC,GREEN DIAMOND MONTANA TIMBERLANDS LLC,C/O ORBIS INC,8809 LENOX POINTE DR UNIT B,,CHARLOTTE,NC,Vacant Land,480.0,4
Lincoln,GREEN DIAMOND MONTANA TIMBERLANDS LLC,GREEN DIAMOND MONTANA TIMBERLANDS LLC,C/O ORBIS INC,8809 LENOX POINTE DR UNIT B,,CHARLOTTE,NC,Vacant Land,160.0,4
Lincoln,GREEN DIAMOND MONTANA TIMBERLANDS LLC,GREEN DIAMOND MONTANA TIMBERLANDS LLC,C/O ORBIS INC,8809 LENOX POINTE DR UNIT B,,CHARLOTTE,NC,Vacant Land,614.76,4
Lincoln,GREEN DIAMOND MONTANA TIMBERLANDS LLC,GREEN DIAMOND MONTANA TIMBERLANDS LLC,C/O ORBIS INC,8809 LENOX POINTE DR UNIT B,,CHARLOTTE,NC,Vacant Land,295.4,4
Lincoln,GREEN DIAMOND MONTANA TIMBERLANDS LLC,GREEN DIAMOND MONTANA TIMBERLANDS LLC,C/O ORBIS INC,8809 LENOX POINTE DR UNIT B,,CHARLOTTE,NC,Vacant Land,320.0,4
Lincoln,GREEN DIAMOND MONTANA TIMBERLANDS LLC,GREEN DIAMOND MONTANA TIMBERLANDS LLC,C/O ORBIS INC,8809 LENOX POINTE DR UNIT B,,CHARLOTTE,NC,Vacant Land,640.0,4
Lincoln,GREEN DIAMOND MONTANA TIMBERLANDS LLC,GREEN DIAMOND MONTANA TIMBERLANDS LLC,C/O ORBIS INC,8809 LENOX POINTE DR UNIT B,,CHARLOTTE,NC,Vacant Land,480.0,4
Lincoln,GREEN DIAMOND MONTANA TIMBERLANDS LLC,GREEN DIAMOND MONTANA TIMBERLANDS LLC,C/O ORBIS INC,8809 LENOX POINTE DR UNIT B,,CHARLOTTE,NC,Vacant Land,160.0,4
Lincoln,GREEN DIAMOND MONTANA TIMBERLANDS LLC,GREEN DIAMOND MONTANA TIMBERLANDS LLC,C/O ORBIS INC,8809 LENOX POINTE DR UNIT B,,CHARLOTTE,NC,Vacant Land,640.0,4
Lincoln,GREEN DIAMOND MONTANA TIMBERLANDS LLC,GREEN DIAMOND MONTANA TIMBERLANDS LLC,C/O ORBIS INC,8809 LENOX POINTE DR UNIT B,,CHARLOTTE,NC,Vacant Land,160.0,4
Lincoln,GREEN DIAMOND MONTANA TIMBERLANDS LLC,GREEN DIAMOND MONTANA TIMBERLANDS LLC,C/O ORBIS INC,8809 LENOX POINTE DR UNIT B,,CHARLOTTE,NC,Vacant Land,480.0,4
Lincoln,GREEN DIAMOND MONTANA TIMBERLANDS LLC,GREEN DIAMOND MONTANA TIMBERLANDS LLC,C/O ORBIS INC,8809 LENOX POINTE DR UNIT B,,CHARLOTTE,NC,Vacant Land,640.0,4
Lincoln,GREEN DIAMOND MONTANA TIMBERLANDS LLC,GREEN DIAMOND MONTANA TIMBERLANDS LLC,C/O ORBIS INC,8809 LENOX POINTE DR UNIT B,,CHARLOTTE,NC,Vacant Land,640.0,4
Lincoln,GREEN DIAMOND MONTANA TIMBERLANDS LLC,GREEN DIAMOND MONTANA TIMBERLANDS LLC,C/O ORBIS INC,8809 LENOX POINTE DR UNIT B,,CHARLOTTE,NC,Vacant Land,520.7,4
Lincoln,GREEN DIAMOND MONTANA TIMBERLANDS LLC,GREEN DIAMOND MONTANA TIMBERLANDS LLC,C/O ORBIS INC,8809 LENOX POINTE DR UNIT B,,CHARLOTTE,NC,Vacant Land,640.08,4
Lincoln,GREEN DIAMOND MONTANA TIMBERLANDS LLC,GREEN DIAMOND MONTANA TIMBERLANDS LLC,C/O ORBIS INC,8809 LENOX POINTE DR UNIT B,,CHARLOTTE,NC,Vacant Land,640.0,4
Lincoln,GREEN DIAMOND MONTANA TIMBERLANDS LLC,GREEN DIAMOND MONTANA TIMBERLANDS LLC,C/O ORBIS INC,8809 LENOX POINTE DR UNIT B,,CHARLOTTE,NC,Vacant Land,379.6,4
Lincoln,GREEN DIAMOND MONTANA TIMBERLANDS LLC,GREEN DIAMOND MONTANA TIMBERLANDS LLC,C/O ORBIS INC,8809 LENOX POINTE DR UNIT B,,CHARLOTTE,NC,Vacant Land,378.28,4
Lincoln,GREEN DIAMOND MONTANA TIMBERLANDS LLC,GREEN DIAMOND MONTANA TIMBERLANDS LLC,C/O ORBIS INC,8809 LENOX POINTE DR UNIT B,,CHARLOTTE,NC,Vacant Land,640.0,4
Lincoln,GREEN DIAMOND MONTANA TIMBERLANDS LLC,GREEN DIAMOND MONTANA TIMBERLANDS LLC,C/O ORBIS INC,8809 LENOX POINTE DR UNIT B,,CHARLOTTE,NC,Vacant Land,634.4,4
Lincoln,GREEN DIAMOND MONTANA TIMBERLANDS LLC,GREEN DIAMOND MONTANA TIMBERLANDS LLC,C/O ORBIS INC,8809 LENOX POINTE DR UNIT B,,CHARLOTTE,NC,Vacant Land,617.32,4
Lincoln,GREEN DIAMOND MONTANA TIMBERLANDS LLC,GREEN DIAMOND MONTANA TIMBERLANDS LLC,C/O ORBIS INC,8809 LENOX POINTE DR UNIT B,,CHARLOTTE,NC,Vacant Land,640.0,4
Lincoln,GREEN DIAMOND MONTANA TIMBERLANDS LLC,GREEN DIAMOND MONTANA TIMBERLANDS LLC,C/O ORBIS INC,8809 LENOX POINTE DR UNIT B,,CHARLOTTE,NC,Vacant Land,640.0,4
Lincoln,GREEN DIAMOND MONTANA TIMBERLANDS LLC,GREEN DIAMOND MONTANA TIMBERLANDS LLC,C/O ORBIS INC,8809 LENOX POINTE DR UNIT B,,CHARLOTTE,NC,Vacant Land,120.0,4
Lincoln,GREEN DIAMOND MONTANA TIMBERLANDS LLC,GREEN DIAMOND MONTANA TIMBERLANDS LLC,C/O ORBIS INC,8809 LENOX POINTE DR UNIT B,,CHARLOTTE,NC,Vacant Land,613.4,4
Lincoln,GREEN DIAMOND MONTANA TIMBERLANDS LLC,GREEN DIAMOND MONTANA TIMBERLANDS LLC,C/O ORBIS INC,8809 LENOX POINTE DR UNIT B,,CHARLOTTE,NC,Vacant Land,480.0,4
Lincoln,GREEN DIAMOND MONTANA TIMBERLANDS LLC,GREEN DIAMOND MONTANA TIMBERLANDS LLC,C/O ORBIS INC,8809 LENOX POINTE DR UNIT B,,CHARLOTTE,NC,Vacant Land,160.0,4
Lincoln,GREEN DIAMOND MONTANA TIMBERLANDS LLC,GREEN DIAMOND MONTANA TIMBERLANDS LLC,C/O ORBIS INC,8809 LENOX POINTE DR UNIT B,,CHARLOTTE,NC,Vacant Land,640.0,4
Lincoln,GREEN DIAMOND MONTANA TIMBERLANDS LLC,GREEN DIAMOND MONTANA TIMBERLANDS LLC,C/O ORBIS INC,8809 LENOX POINTE DR UNIT B,,CHARLOTTE,NC,Vacant Land,40.0,4
Lincoln,GREEN DIAMOND MONTANA TIMBERLANDS LLC,GREEN DIAMOND MONTANA TIMBERLANDS LLC,C/O ORBIS INC,8809 LENOX POINTE DR UNIT B,,CHARLOTTE,NC,Vacant Land,320.0,4
Lincoln,GREEN DIAMOND MONTANA TIMBERLANDS LLC,GREEN DIAMOND MONTANA TIMBERLANDS LLC,C/O ORBIS INC,8809 LENOX POINTE DR UNIT B,,CHARLOTTE,NC,Vacant Land,240.0,4
Lincoln,GREEN DIAMOND MONTANA TIMBERLANDS LLC,GREEN DIAMOND MONTANA TIMBERLANDS LLC,C/O ORBIS INC,8809 LENOX POINTE DR UNIT B,,CHARLOTTE,NC,Vacant Land,80.0,4
Lincoln,GREEN DIAMOND MONTANA TIMBERLANDS LLC,GREEN DIAMOND MONTANA TIMBERLANDS LLC,C/O ORBIS INC,8809 LENOX POINTE DR UNIT B,,CHARLOTTE,NC,Vacant Land,536.64,4
Lincoln,GREEN DIAMOND MONTANA TIMBERLANDS LLC,GREEN DIAMOND MONTANA TIMBERLANDS LLC,C/O ORBIS INC,8809 LENOX POINTE DR UNIT B,,CHARLOTTE,NC,Vacant Land,618.84,4
Lincoln,GREEN DIAMOND MONTANA TIMBERLANDS LLC,GREEN DIAMOND MONTANA TIMBERLANDS LLC,C/O ORBIS INC,8809 LENOX POINTE DR UNIT B,,CHARLOTTE,NC,Vacant Land,640.0,4
Lincoln,GREEN DIAMOND MONTANA TIMBERLANDS LLC,GREEN DIAMOND MONTANA TIMBERLANDS LLC,C/O ORBIS INC,8809 LENOX POINTE DR UNIT B,,CHARLOTTE,NC,Vacant Land,640.0,4
Lincoln,GREEN DIAMOND MONTANA TIMBERLANDS LLC,GREEN DIAMOND MONTANA TIMBERLANDS LLC,C/O ORBIS INC,8809 LENOX POINTE DR UNIT B,,CHARLOTTE,NC,Vacant Land,640.0,4
Lincoln,GREEN DIAMOND MONTANA TIMBERLANDS LLC,GREEN DIAMOND MONTANA TIMBERLANDS LLC,C/O ORBIS INC,8809 LENOX POINTE DR UNIT B,,CHARLOTTE,NC,Vacant Land,400.0,4
Lincoln,GREEN DIAMOND MONTANA TIMBERLANDS LLC,GREEN DIAMOND MONTANA TIMBERLANDS LLC,C/O ORBIS INC,8809 LENOX POINTE DR UNIT B,,CHARLOTTE,NC,Vacant Land,240.0,4
Lincoln,GREEN DIAMOND MONTANA TIMBERLANDS LLC,GREEN DIAMOND MONTANA TIMBERLANDS LLC,C/O ORBIS INC,8809 LENOX POINTE DR UNIT B,,CHARLOTTE,NC,Vacant Land,640.0,4
Lincoln,GREEN DIAMOND MONTANA TIMBERLANDS LLC,GREEN DIAMOND MONTANA TIMBERLANDS LLC,C/O ORBIS INC,8809 LENOX POINTE DR UNIT B,,CHARLOTTE,NC,Vacant Land,590.0,4
Lincoln,GREEN DIAMOND MONTANA TIMBERLANDS LLC,GREEN DIAMOND MONTANA TIMBERLANDS LLC,C/O ORBIS INC,8809 LENOX POINTE DR UNIT B,,CHARLOTTE,NC,Vacant Land,160.0,4
Lincoln,GREEN DIAMOND MONTANA TIMBERLANDS LLC,GREEN DIAMOND MONTANA TIMBERLANDS LLC,C/O ORBIS INC,8809 LENOX POINTE DR UNIT B,,CHARLOTTE,NC,Vacant Land,160.0,4
Lincoln,GREEN DIAMOND MONTANA TIMBERLANDS LLC,GREEN DIAMOND MONTANA TIMBERLANDS LLC,C/O ORBIS INC,8809 LENOX POINTE DR UNIT B,,CHARLOTTE,NC,Vacant Land,601.37,4
Lincoln,GREEN DIAMOND MONTANA TIMBERLANDS LLC,GREEN DIAMOND MONTANA TIMBERLANDS LLC,C/O ORBIS INC,8809 LENOX POINTE DR UNIT B,,CHARLOTTE,NC,Vacant Land,635.2,4
Lincoln,GREEN DIAMOND MONTANA TIMBERLANDS LLC,GREEN DIAMOND MONTANA TIMBERLANDS LLC,C/O ORBIS INC,8809 LENOX POINTE DR UNIT B,,CHARLOTTE,NC,Vacant Land,636.0,4
Lincoln,GREEN DIAMOND MONTANA TIMBERLANDS LLC,GREEN DIAMOND MONTANA TIMBERLANDS LLC,C/O ORBIS INC,8809 LENOX POINTE DR UNIT B,,CHARLOTTE,NC,Vacant Land,636.0,4
Lincoln,GREEN DIAMOND MONTANA TIMBERLANDS LLC,GREEN DIAMOND MONTANA TIMBERLANDS LLC,C/O ORBIS INC,8809 LENOX POINTE DR UNIT B,,CHARLOTTE,NC,Vacant Land,320.0,4
Lincoln,GREEN DIAMOND MONTANA TIMBERLANDS LLC,GREEN DIAMOND MONTANA TIMBERLANDS LLC,C/O ORBIS INC,8809 LENOX POINTE DR UNIT B,,CHARLOTTE,NC,Vacant Land,640.0,4
Lincoln,GREEN DIAMOND MONTANA TIMBERLANDS LLC,GREEN DIAMOND MONTANA TIMBERLANDS LLC,C/O ORBIS INC,8809 LENOX POINTE DR UNIT B,,CHARLOTTE,NC,Vacant Land,640.0,4
Lincoln,GREEN DIAMOND MONTANA TIMBERLANDS LLC,GREEN DIAMOND MONTANA TIMBERLANDS LLC,C/O ORBIS INC,8809 LENOX POINTE DR UNIT B,,CHARLOTTE,NC,Vacant Land,480.0,4
Lincoln,GREEN DIAMOND MONTANA TIMBERLANDS LLC,GREEN DIAMOND MONTANA TIMBERLANDS LLC,C/O ORBIS INC,8809 LENOX POINTE DR UNIT B,,CHARLOTTE,NC,Vacant Land,160.0,4
Lincoln,GREEN DIAMOND MONTANA TIMBERLANDS LLC,GREEN DIAMOND MONTANA TIMBERLANDS LLC,C/O ORBIS INC,8809 LENOX POINTE DR UNIT B,,CHARLOTTE,NC,Vacant Land,640.0,4
Lincoln,GREEN DIAMOND MONTANA TIMBERLANDS LLC,GREEN DIAMOND MONTANA TIMBERLANDS LLC,C/O ORBIS INC,8809 LENOX POINTE DR UNIT B,,CHARLOTTE,NC,Vacant Land,640.0,4
Lincoln,GREEN DIAMOND MONTANA TIMBERLANDS LLC,GREEN DIAMOND MONTANA TIMBERLANDS LLC,C/O ORBIS INC,8809 LENOX POINTE DR UNIT B,,CHARLOTTE,NC,Vacant Land,347.9,4
Lincoln,GREEN DIAMOND MONTANA TIMBERLANDS LLC,GREEN DIAMOND MONTANA TIMBERLANDS LLC,C/O ORBIS INC,8809 LENOX POINTE DR UNIT B,,CHARLOTTE,NC,Vacant Land,598.04,4
Lincoln,GREEN DIAMOND MONTANA TIMBERLANDS LLC,GREEN DIAMOND MONTANA TIMBERLANDS LLC,C/O ORBIS INC,8809 LENOX POINTE DR UNIT B,,CHARLOTTE,NC,Vacant Land,560.0,4
Lincoln,GREEN DIAMOND MONTANA TIMBERLANDS LLC,GREEN DIAMOND MONTANA TIMBERLANDS LLC,C/O ORBIS INC,8809 LENOX POINTE DR UNIT B,,CHARLOTTE,NC,Vacant Land,640.0,4
Lincoln,GREEN DIAMOND MONTANA TIMBERLANDS LLC,GREEN DIAMOND MONTANA TIMBERLANDS LLC,C/O ORBIS INC,8809 LENOX POINTE DR UNIT B,,CHARLOTTE,NC,Vacant Land,640.0,4
Lincoln,GREEN DIAMOND MONTANA TIMBERLANDS LLC,GREEN DIAMOND MONTANA TIMBERLANDS LLC,C/O ORBIS INC,8809 LENOX POINTE DR UNIT B,,CHARLOTTE,NC,Vacant Land,480.0,4
Lincoln,GREEN DIAMOND MONTANA TIMBERLANDS LLC,GREEN DIAMOND MONTANA TIMBERLANDS LLC,C/O ORBIS INC,8809 LENOX POINTE DR UNIT B,,CHARLOTTE,NC,Vacant Land,640.0,4
Lincoln,GREEN DIAMOND MONTANA TIMBERLANDS LLC,GREEN DIAMOND MONTANA TIMBERLANDS LLC,C/O ORBIS INC,8809 LENOX POINTE DR UNIT B,,CHARLOTTE,NC,Vacant Land,374.72,4
Lincoln,GREEN DIAMOND MONTANA TIMBERLANDS LLC,GREEN DIAMOND MONTANA TIMBERLANDS LLC,C/O ORBIS INC,8809 LENOX POINTE DR UNIT B,,CHARLOTTE,NC,Vacant Land,569.71,4
Lincoln,GREEN DIAMOND MONTANA TIMBERLANDS LLC,GREEN DIAMOND MONTANA TIMBERLANDS LLC,C/O ORBIS INC,8809 LENOX POINTE DR UNIT B,,CHARLOTTE,NC,Vacant Land,40.0,4
Lincoln,GREEN DIAMOND MONTANA TIMBERLANDS LLC,GREEN DIAMOND MONTANA TIMBERLANDS LLC,C/O ORBIS INC,8809 LENOX POINTE DR UNIT B,,CHARLOTTE,NC,Vacant Land,617.52,4
Lincoln,GREEN DIAMOND MONTANA TIMBERLANDS LLC,GREEN DIAMOND MONTANA TIMBERLANDS LLC,C/O ORBIS INC,8809 LENOX POINTE DR UNIT B,,CHARLOTTE,NC,Vacant Land,604.92,4
Lincoln,GREEN DIAMOND MONTANA TIMBERLANDS LLC,GREEN DIAMOND MONTANA TIMBERLANDS LLC,C/O ORBIS INC,8809 LENOX POINTE DR UNIT B,,CHARLOTTE,NC,Vacant Land,152.24,4
Lincoln,GREEN DIAMOND MONTANA TIMBERLANDS LLC,GREEN DIAMOND MONTANA TIMBERLANDS LLC,C/O ORBIS INC,8809 LENOX POINTE DR UNIT B,,CHARLOTTE,NC,Vacant Land,120.0,4
Lincoln,GREEN DIAMOND MONTANA TIMBERLANDS LLC,GREEN DIAMOND MONTANA TIMBERLANDS LLC,C/O ORBIS INC,8809 LENOX POINTE DR UNIT B,,CHARLOTTE,NC,Vacant Land,640.0,4
Lincoln,GREEN DIAMOND MONTANA TIMBERLANDS LLC,GREEN DIAMOND MONTANA TIMBERLANDS LLC,C/O ORBIS INC,8809 LENOX POINTE DR UNIT B,,CHARLOTTE,NC,Vacant Land,640.0,4
Lincoln,GREEN DIAMOND MONTANA TIMBERLANDS LLC,GREEN DIAMOND MONTANA TIMBERLANDS LLC,C/O ORBIS INC,8809 LENOX POINTE DR UNIT B,,CHARLOTTE,NC,Vacant Land,640.0,4
Lincoln,GREEN DIAMOND MONTANA TIMBERLANDS LLC,GREEN DIAMOND MONTANA TIMBERLANDS LLC,C/O ORBIS INC,8809 LENOX POINTE DR UNIT B,,CHARLOTTE,NC,Vacant Land,632.28,4
Lincoln,GREEN DIAMOND MONTANA TIMBERLANDS LLC,GREEN DIAMOND MONTANA TIMBERLANDS LLC,C/O ORBIS INC,8809 LENOX POINTE DR UNIT B,,CHARLOTTE,NC,Vacant Land,120.0,4
Lincoln,GREEN DIAMOND MONTANA TIMBERLANDS LLC,GREEN DIAMOND MONTANA TIMBERLANDS LLC,C/O ORBIS INC,8809 LENOX POINTE DR UNIT B,,CHARLOTTE,NC,Vacant Land,640.0,4
Lincoln,GREEN DIAMOND MONTANA TIMBERLANDS LLC,GREEN DIAMOND MONTANA TIMBERLANDS LLC,C/O ORBIS INC,8809 LENOX POINTE DR UNIT B,,CHARLOTTE,NC,Vacant Land,640.0,4
Lincoln,GREEN DIAMOND MONTANA TIMBERLANDS LLC,GREEN DIAMOND MONTANA TIMBERLANDS LLC,C/O ORBIS INC,8809 LENOX POINTE DR UNIT B,,CHARLOTTE,NC,Vacant Land,120.0,4
Lincoln,GREEN DIAMOND MONTANA TIMBERLANDS LLC,GREEN DIAMOND MONTANA TIMBERLANDS LLC,C/O ORBIS INC,8809 LENOX POINTE DR UNIT B,,CHARLOTTE,NC,Vacant Land,640.0,4
Lincoln,GREEN DIAMOND MONTANA TIMBERLANDS LLC,GREEN DIAMOND MONTANA TIMBERLANDS LLC,C/O ORBIS INC,8809 LENOX POINTE DR UNIT B,,CHARLOTTE,NC,Vacant Land,351.51,4
Lincoln,GREEN DIAMOND MONTANA TIMBERLANDS LLC,GREEN DIAMOND MONTANA TIMBERLANDS LLC,C/O ORBIS INC,8809 LENOX POINTE DR UNIT B,,CHARLOTTE,NC,Vacant Land,636.08,4
Lincoln,GREEN DIAMOND MONTANA TIMBERLANDS LLC,GREEN DIAMOND MONTANA TIMBERLANDS LLC,C/O ORBIS INC,8809 LENOX POINTE DR UNIT B,,CHARLOTTE,NC,Vacant Land,640.0,4
Lincoln,GREEN DIAMOND MONTANA TIMBERLANDS LLC,GREEN DIAMOND MONTANA TIMBERLANDS LLC,C/O ORBIS INC,8809 LENOX POINTE DR UNIT B,,CHARLOTTE,NC,Vacant Land,644.86,4
Lincoln,GREEN DIAMOND MONTANA TIMBERLANDS LLC,GREEN DIAMOND MONTANA TIMBERLANDS LLC,C/O ORBIS INC,8809 LENOX POINTE DR UNIT B,,CHARLOTTE,NC,Vacant Land,640.0,4
Lincoln,GREEN DIAMOND MONTANA TIMBERLANDS LLC,GREEN DIAMOND MONTANA TIMBERLANDS LLC,C/O ORBIS INC,8809 LENOX POINTE DR UNIT B,,CHARLOTTE,NC,Vacant Land,628.53,4
Lincoln,GREEN DIAMOND MONTANA TIMBERLANDS LLC,GREEN DIAMOND MONTANA TIMBERLANDS LLC,C/O ORBIS INC,8809 LENOX POINTE DR UNIT B,,CHARLOTTE,NC,Vacant Land,640.0,4
Lincoln,GREEN DIAMOND MONTANA TIMBERLANDS LLC,GREEN DIAMOND MONTANA TIMBERLANDS LLC,C/O ORBIS INC,8809 LENOX POINTE DR UNIT B,,CHARLOTTE,NC,Vacant Land,637.5,4
Lincoln,GREEN DIAMOND MONTANA TIMBERLANDS LLC,GREEN DIAMOND MONTANA TIMBERLANDS LLC,C/O ORBIS INC,8809 LENOX POINTE DR UNIT B,,CHARLOTTE,NC,Vacant Land,629.81,4
Lincoln,GREEN DIAMOND MONTANA TIMBERLANDS LLC,GREEN DIAMOND MONTANA TIMBERLANDS LLC,C/O ORBIS INC,8809 LENOX POINTE DR UNIT B,,CHARLOTTE,NC,Vacant Land,631.45,4
Lincoln,NATURE CONSERVANCY,NATURE CONSERVANCY,MAIL TO BIG SKY FIELD OFFICE,32 S EWING ST,,HELENA,MT,Vacant Land,120.0,8
Lincoln,NATURE CONSERVANCY,NATURE CONSERVANCY,32 S EWING ST,,,HELENA,MT,Vacant Land,400.0,8
Lincoln,NATURE CONSERVANCY,NATURE CONSERVANCY,32 S EWING ST,,,HELENA,MT,Vacant Land,160.0,8
Petroleum,AMERICAN PRAIRIE,AMERICAN PRAIRIE FOUNDATION,PO BOX 908,,,BOZEMAN,MT,Improved Property,400.0,9
Petroleum,AMERICAN PRAIRIE,AMERICAN PRAIRIE FOUNDATION,PO BOX 908,,,BOZEMAN,MT,Vacant Land,600.0,9
Petroleum,AMERICAN PRAIRIE,AMERICAN PRAIRIE FOUNDATION,PO BOX 908,,,BOZEMAN,MT,Vacant Land,55.22,9
Petroleum,AMERICAN PRAIRIE,5 MOUNTAIN RANCH LLC,PO BOX 908,,,BOZEMAN,MT,Vacant Land,400.0,9
Petroleum,AMERICAN PRAIRIE,5 MOUNTAIN RANCH LLC,PO BOX 908,,,BOZEMAN,MT,Vacant Land,120.0,9
Petroleum,AMERICAN PRAIRIE,AMERICAN PRAIRIE FOUNDATION,PO BOX 908,,,BOZEMAN,MT,Vacant Land,160.36,9
Petroleum,AMERICAN PRAIRIE,AMERICAN PRAIRIE FOUNDATION,PO BOX 908,,,BOZEMAN,MT,Vacant Land,120.0,9
Petroleum,AMERICAN PRAIRIE,AMERICAN PRAIRIE FOUNDATION,PO BOX 908,,,BOZEMAN,MT,Vacant Land,40.0,9
Petroleum,AMERICAN PRAIRIE,AMERICAN PRAIRIE FOUNDATION,PO BOX 908,,,BOZEMAN,MT,Vacant Land,320.0,9
Petroleum,AMERICAN PRAIRIE,AMERICAN PRAIRIE FOUNDATION,PO BOX 908,,,BOZEMAN,MT,Vacant Land,640.0,9
Petroleum,AMERICAN PRAIRIE,AMERICAN PRAIRIE FOUNDATION,PO BOX 908,,,BOZEMAN,MT,Vacant Land,320.0,9
Petroleum,AMERICAN PRAIRIE,AMERICAN PRAIRIE FOUNDATION,PO BOX 908,,,BOZEMAN,MT,Vacant Land,37.86,9
Petroleum,AMERICAN PRAIRIE,5 MOUNTAIN RANCH LLC,PO BOX 908,,,BOZEMAN,MT,Vacant Land,79.87,9
Petroleum,AMERICAN PRAIRIE,5 MOUNTAIN RANCH LLC,PO BOX 908,,,BOZEMAN,MT,Vacant Land,40.0,9
Petroleum,AMERICAN PRAIRIE,5 MOUNTAIN RANCH LLC,PO BOX 908,,,BOZEMAN,MT,Vacant Land,80.0,9
Petroleum,AMERICAN PRAIRIE,5 MOUNTAIN RANCH LLC,PO BOX 908,,,BOZEMAN,MT,Vacant Land,80.0,9
Petroleum,AMERICAN PRAIRIE,AMERICAN PRAIRIE FOUNDATION,PO BOX 908,,,BOZEMAN,MT,Vacant Land,722.42,9
Petroleum,AMERICAN PRAIRIE,AMERICAN PRAIRIE FOUNDATION,PO BOX 908,,,BOZEMAN,MT,Vacant Land,240.0,9
Petroleum,AMERICAN PRAIRIE,AMERICAN PRAIRIE FOUNDATION,PO BOX 908,,,BOZEMAN,MT,Vacant Land,289.7,9
Petroleum,AMERICAN PRAIRIE,5 MOUNTAIN RANCH LLC,PO BOX 908,,,BOZEMAN,MT,Vacant Land,480.0,9
Petroleum,AMERICAN PRAIRIE,5 MOUNTAIN RANCH LLC,PO BOX 908,,,BOZEMAN,MT,Vacant Land,240.0,9
Petroleum,AMERICAN PRAIRIE,5 MOUNTAIN RANCH LLC,PO BOX 908,,,BOZEMAN,MT,Vacant Land,40.0,9
Petroleum,AMERICAN PRAIRIE,5 MOUNTAIN RANCH LLC,PO BOX 908,,,BOZEMAN,MT,Vacant Land,200.0,9
Petroleum,AMERICAN PRAIRIE,5 MOUNTAIN RANCH LLC,PO BOX 908,,,BOZEMAN,MT,Vacant Land,80.0,9
Petroleum,AMERICAN PRAIRIE,AMERICAN PRAIRIE FOUNDATION,PO BOX 908,,,BOZEMAN,MT,Vacant Land,40.0,9
Petroleum,AMERICAN PRAIRIE,AMERICAN PRAIRIE FOUNDATION,PO BOX 908,,,BOZEMAN,MT,Vacant Land,200.0,9
Petroleum,AMERICAN PRAIRIE,AMERICAN PRAIRIE FOUNDATION,PO BOX 908,,,BOZEMAN,MT,Vacant Land,320.0,9
Petroleum,AMERICAN PRAIRIE,AMERICAN PRAIRIE FOUNDATION,PO BOX 908,,,BOZEMAN,MT,Vacant Land,600.0,9
Petroleum,AMERICAN PRAIRIE,AMERICAN PRAIRIE FOUNDATION,PO BOX 908,,,BOZEMAN,MT,Vacant Land,159.76,9
Petroleum,AMERICAN PRAIRIE,AMERICAN PRAIRIE FOUNDATION,PO BOX 908,,,BOZEMAN,MT,Vacant Land,119.82,9
Petroleum,AMERICAN PRAIRIE,AMERICAN PRAIRIE FOUNDATION,PO BOX 908,,,BOZEMAN,MT,Vacant Land,80.0,9
Petroleum,AMERICAN PRAIRIE,AMERICAN PRAIRIE FOUNDATION,PO BOX 908,,,BOZEMAN,MT,Vacant Land,154.97,9
Petroleum,AMERICAN PRAIRIE,5 MOUNTAIN RANCH LLC,PO BOX 908,,,BOZEMAN,MT,Vacant Land,80.0,9
Petroleum,AMERICAN PRAIRIE,5 MOUNTAIN RANCH LLC,PO BOX 908,,,BOZEMAN,MT,Improved Property,320.0,9
Petroleum,AMERICAN PRAIRIE,5 MOUNTAIN RANCH LLC,PO BOX 908,,,BOZEMAN,MT,Vacant Land,81.45,9
Mineral,GALT RANCH,SUN COULEE LLC,40 71 RANCH LN,,,MARTINSDALE,MT,Improved Property,4.48,1
Golden Valley,WILKS BROTHERS,WILKS RANCH MONTANA LTD,PO BOX 1032,,,CISCO,TX,Vacant Land,633.96,5
Golden Valley,WILKS BROTHERS,WILKS RANCH MONTANA LTD,PO BOX 111,,,CISCO,TX,Vacant Land,160.0,5
Golden Valley,WILKS BROTHERS,WILKS RANCH MONTANA LTD,PO BOX 1032,,,CISCO,TX,Improved Property,640.0,5
Golden Valley,WILKS BROTHERS,WILKS RANCH MONTANA LTD,PO BOX 1032,,,CISCO,TX,Vacant Land,640.0,5
Golden Valley,WILKS BROTHERS,WILKS RANCH MONTANA LTD,PO BOX 1032,,,CISCO,TX,Vacant Land,160.0,5
Golden Valley,WILKS BROTHERS,WILKS RANCH MONTANA LTD,PO BOX 1032,,,CISCO,TX,Vacant Land,640.0,5
Golden Valley,WILKS BROTHERS,WILKS RANCH MONTANA LTD,PO BOX 111,,,CISCO,TX,Vacant Land,80.0,5
Golden Valley,WILKS BROTHERS,WILKS RANCH MONTANA LTD,PO BOX 1032,,,CISCO,TX,Vacant Land,280.0,5
Golden Valley,WILKS BROTHERS,WILKS RANCH MONTANA LTD,PO BOX 1032,,,CISCO,TX,Vacant Land,40.0,5
Golden Valley,WILKS BROTHERS,WILKS RANCH MONTANA LTD,PO BOX 111,,,CISCO,TX,Vacant Land,638.8,5
Golden Valley,WILKS BROTHERS,WILKS RANCH MONTANA LTD,PO BOX 111,,,CISCO,TX,Vacant Land,637.2,5
Golden Valley,WILKS BROTHERS,WILKS RANCH MONTANA LTD,PO BOX 111,,,CISCO,TX,Vacant Land,200.0,5
Golden Valley,WILKS BROTHERS,WILKS RANCH MONTANA LTD,PO BOX 1032,,,CISCO,TX,Vacant Land,640.0,5
Golden Valley,WILKS BROTHERS,WILKS RANCH MONTANA LTD,PO BOX 1032,,,CISCO,TX,Vacant Land,480.0,5
Golden Valley,WILKS BROTHERS,WILKS RANCH MONTANA LTD,PO BOX 1032,,,CISCO,TX,Vacant Land,635.78,5
Golden Valley,WILKS BROTHERS,WILKS RANCH MONTANA LTD,PO BOX 1032,,,CISCO,TX,Vacant Land,640.0,5
Golden Valley,WILKS BROTHERS,WILKS RANCH MONTANA LTD,PO BOX 1032,,,CISCO,TX,Vacant Land,640.0,5
Golden Valley,WILKS BROTHERS,WILKS RANCH MONTANA LTD,PO BOX 1032,,,CISCO,TX,Vacant Land,627.8,5
Golden Valley,WILKS BROTHERS,WILKS RANCH MONTANA LTD,PO BOX 1032,,,CISCO,TX,Vacant Land,117.0,5
Golden Valley,WILKS BROTHERS,WILKS RANCH MONTANA LTD,PO BOX 111,,,CISCO,TX,Vacant Land,640.0,5
Golden Valley,WILKS BROTHERS,WILKS RANCH MONTANA LTD,PO BOX 111,,,CISCO,TX,Improved Property,523.0,5
Golden Valley,WILKS BROTHERS,WILKS RANCH MONTANA LTD,PO BOX 111,,,CISCO,TX,Improved Property,640.96,5
Golden Valley,WILKS BROTHERS,WILKS RANCH MONTANA LTD,PO BOX 111,,,CISCO,TX,Vacant Land,160.0,5
Golden Valley,WILKS BROTHERS,WILKS RANCH MONTANA LTD,PO BOX 111,,,CISCO,TX,Vacant Land,640.0,5
Golden Valley,WILKS BROTHERS,WILKS RANCH MONTANA LTD,PO BOX 111,,,CISCO,TX,Vacant Land,160.0,5
Golden Valley,WILKS BROTHERS,WILKS RANCH MONTANA LTD,PO BOX 1032,,,CISCO,TX,Vacant Land,640.0,5
Golden Valley,WILKS BROTHERS,WILKS RANCH MONTANA LTD,PO BOX 1032,,,CISCO,TX,Vacant Land,640.0,5
Golden Valley,WILKS BROTHERS,WILKS RANCH MONTANA LTD,PO BOX 111,,,CISCO,TX,Vacant Land,318.15,5
Golden Valley,WILKS BROTHERS,WILKS RANCH MONTANA LTD,PO BOX 1032,,,CISCO,TX,Vacant Land,640.0,5
Golden Valley,WILKS BROTHERS,WILKS RANCH MONTANA LTD,PO BOX 1032,,,CISCO,TX,Vacant Land,640.0,5
Golden Valley,WILKS BROTHERS,WILKS RANCH MONTANA LTD,PO BOX 111,,,CISCO,TX,Vacant Land,215.887,5
Golden Valley,WILKS BROTHERS,WILKS RANCH MONTANA LTD,PO BOX 111,,,CISCO,TX,Vacant Land,642.47,5
Golden Valley,WILKS BROTHERS,WILKS RANCH MONTANA LTD,PO BOX 111,,,CISCO,TX,Vacant Land,320.0,5
Golden Valley,WILKS BROTHERS,WILKS RANCH MONTANA LTD,PO BOX 111,,,CISCO,TX,Vacant Land,560.0,5
Golden Valley,WILKS BROTHERS,WILKS RANCH MONTANA LTD,PO BOX 111,,,CISCO,TX,Vacant Land,480.0,5
Golden Valley,WILKS BROTHERS,WILKS RANCH MONTANA LTD,PO BOX 111,,,CISCO,TX,Vacant Land,170.83,5
Golden Valley,WILKS BROTHERS,WILKS RANCH MONTANA LTD,PO BOX 111,,,CISCO,TX,Vacant Land,560.16,5
Golden Valley,WILKS BROTHERS,WILKS RANCH MONTANA LTD,PO BOX 111,,,CISCO,TX,Vacant Land,559.3,5
Golden Valley,WILKS BROTHERS,WILKS RANCH MONTANA LTD,PO BOX 111,,,CISCO,TX,Vacant Land,200.0,5
Golden Valley,WILKS BROTHERS,WILKS RANCH MONTANA LTD,PO BOX 111,,,CISCO,TX,Vacant Land,80.03,5
Golden Valley,WILKS BROTHERS,WILKS RANCH MONTANA LTD,PO BOX 1032,,,CISCO,TX,Vacant Land,640.0,5
Golden Valley,WILKS BROTHERS,WILKS RANCH MONTANA LTD,PO BOX 1032,,,CISCO,TX,Vacant Land,160.0,5
Golden Valley,WILKS BROTHERS,WILKS RANCH MONTANA LTD,PO BOX 1032,,,CISCO,TX,Vacant Land,478.96,5
Golden Valley,WILKS BROTHERS,WILKS RANCH MONTANA LTD,PO BOX 1032,,,CISCO,TX,Vacant Land,439.08,5
Golden Valley,WILKS BROTHERS,WILKS RANCH MONTANA LTD,PO BOX 1032,,,CISCO,TX,Vacant Land,547.8,5
Golden Valley,WILKS BROTHERS,WILKS RANCH MONTANA LTD,PO BOX 111,,,CISCO,TX,Vacant Land,360.0,5
Golden Valley,WILKS BROTHERS,WILKS RANCH MONTANA LTD,PO BOX 111,,,CISCO,TX,Improved Property,640.0,5
Golden Valley,WILKS BROTHERS,WILKS RANCH MONTANA LTD,PO BOX 111,,,CISCO,TX,Vacant Land,320.0,5
Golden Valley,WILKS BROTHERS,WILKS RANCH MONTANA LTD,PO BOX 111,,,CISCO,TX,Improved Property,320.0,5
Golden Valley,WILKS BROTHERS,WILKS RANCH MONTANA LTD,PO BOX 111,,,CISCO,TX,Vacant Land,240.0,5
Golden Valley,WILKS BROTHERS,WILKS RANCH MONTANA LTD,PO BOX 111,,,CISCO,TX,Vacant Land,647.4,5
Golden Valley,WILKS BROTHERS,WILKS RANCH MONTANA LTD,PO BOX 111,,,CISCO,TX,Vacant Land,320.0,5
Golden Valley,WILKS BROTHERS,WILKS RANCH MONTANA LTD,PO BOX 111,,,CISCO,TX,Vacant Land,160.0,5
Golden Valley,WILKS BROTHERS,WILKS RANCH MONTANA LTD,PO BOX 111,,,CISCO,TX,Vacant Land,640.0,5
Golden Valley,WILKS BROTHERS,WILKS RANCH MONTANA LTD,PO BOX 111,,,CISCO,TX,Vacant Land,640.0,5
Golden Valley,WILKS BROTHERS,WILKS RANCH MONTANA LTD,PO BOX 111,,,CISCO,TX,Vacant Land,320.0,5
Golden Valley,WILKS BROTHERS,WILKS RANCH MONTANA LTD,PO BOX 111,,,CISCO,TX,Vacant Land,621.65,5
Golden Valley,WILKS BROTHERS,WILKS RANCH MONTANA LTD,PO BOX 111,,,CISCO,TX,Vacant Land,82.91,5
Golden Valley,WILKS BROTHERS,WILKS RANCH MONTANA LTD,PO BOX 1032,,,CISCO,TX,Improved Property,640.0,5
Golden Valley,WILKS BROTHERS,WILKS RANCH MONTANA LTD,PO BOX 111,,,CISCO,TX,Improved Property,480.0,5
Golden Valley,WILKS BROTHERS,WILKS RANCH MONTANA LTD,PO BOX 111,,,CISCO,TX,Vacant Land,558.56,5
Golden Valley,WILKS BROTHERS,WILKS RANCH MONTANA LTD,PO BOX 111,,,CISCO,TX,Vacant Land,40.0,5
Golden Valley,WILKS BROTHERS,WILKS RANCH MONTANA LTD,PO BOX 1032,,,CISCO,TX,Vacant Land,558.68,5
Golden Valley,WILKS BROTHERS,WILKS RANCH MONTANA LTD,PO BOX 1032,,,CISCO,TX,Vacant Land,440.87,5
Golden Valley,WILKS BROTHERS,WILKS RANCH MONTANA LTD,PO BOX 1032,,,CISCO,TX,Vacant Land,640.0,5
Golden Valley,WILKS BROTHERS,WILKS RANCH MONTANA LTD,PO BOX 1032,,,CISCO,TX,Vacant Land,280.0,5
Golden Valley,WILKS BROTHERS,WILKS RANCH MONTANA LTD,PO BOX 111,,,CISCO,TX,Vacant Land,320.0,5
Golden Valley,WILKS BROTHERS,WILKS RANCH MONTANA LTD,PO BOX 111,,,CISCO,TX,Vacant Land,160.0,5
Golden Valley,WILKS BROTHERS,WILKS RANCH MONTANA LTD,PO BOX 111,,,CISCO,TX,Vacant Land,80.0,5
Golden Valley,WILKS BROTHERS,WILKS RANCH MONTANA LTD,PO BOX 111,,,CISCO,TX,Vacant Land,640.0,5
Golden Valley,WILKS BROTHERS,WILKS RANCH MONTANA LTD,PO BOX 111,,,CISCO,TX,Vacant Land,640.0,5
Golden Valley,WILKS BROTHERS,WILKS RANCH MONTANA LTD,PO BOX 111,,,CISCO,TX,Vacant Land,359.12,5
Golden Valley,WILKS BROTHERS,WILKS RANCH MONTANA LTD,PO BOX 111,,,CISCO,TX,Vacant Land,477.12,5
Golden Valley,WILKS BROTHERS,WILKS RANCH MONTANA LTD,PO BOX 111,,,CISCO,TX,Vacant Land,482.97,5
Golden Valley,WILKS BROTHERS,WILKS RANCH MONTANA LTD,PO BOX 111,,,CISCO,TX,Vacant Land,40.0,5
Golden Valley,WILKS BROTHERS,WILKS RANCH MONTANA LTD,PO BOX 111,,,CISCO,TX,Improved Property,319.0,5
Golden Valley,WILKS BROTHERS,WILKS RANCH MONTANA LTD,PO BOX 111,,,CISCO,TX,Vacant Land,640.0,5
Golden Valley,WILKS BROTHERS,WILKS RANCH MONTANA LTD,PO BOX 111,,,CISCO,TX,Vacant Land,80.0,5
Golden Valley,WILKS BROTHERS,WILKS RANCH MONTANA LTD,PO BOX 111,,,CISCO,TX,Vacant Land,0.86,5
Golden Valley,WILKS BROTHERS,WILKS RANCH MONTANA LTD,PO BOX 111,,,CISCO,TX,Vacant Land,323.6,5
Golden Valley,WILKS BROTHERS,WILKS RANCH MONTANA LTD,PO BOX 1032,,,CISCO,TX,Vacant Land,640.0,5
Golden Valley,WILKS BROTHERS,WILKS RANCH MONTANA LTD,PO BOX 111,,,CISCO,TX,Vacant Land,640.0,5
Golden Valley,WILKS BROTHERS,WILKS RANCH MONTANA LTD,PO BOX 111,,,CISCO,TX,Vacant Land,480.0,5
Golden Valley,WILKS BROTHERS,WILKS RANCH MONTANA LTD,PO BOX 111,,,CISCO,TX,Vacant Land,163.18,5
Golden Valley,WILKS BROTHERS,WILKS RANCH MONTANA LTD,PO BOX 111,,,CISCO,TX,Vacant Land,40.0,5
Golden Valley,WILKS BROTHERS,WILKS RANCH MONTANA LTD,PO BOX 111,,,CISCO,TX,Vacant Land,80.0,5
Golden Valley,WILKS BROTHERS,WILKS RANCH MONTANA LTD,PO BOX 1032,,,CISCO,TX,Vacant Land,520.44,5
Golden Valley,WILKS BROTHERS,WILKS RANCH MONTANA LTD,PO BOX 111,,,CISCO,TX,Vacant Land,640.0,5
Golden Valley,WILKS BROTHERS,WILKS RANCH MONTANA LTD,PO BOX 111,,,CISCO,TX,Vacant Land,280.0,5
Golden Valley,WILKS BROTHERS,WILKS RANCH MONTANA LTD,PO BOX 111,,,CISCO,TX,Vacant Land,120.0,5
Golden Valley,WILKS BROTHERS,WILKS RANCH MONTANA LTD,PO BOX 111,,,CISCO,TX,Vacant Land,480.0,5
Golden Valley,WILKS BROTHERS,WILKS RANCH MONTANA LTD,PO BOX 111,,,CISCO,TX,Vacant Land,80.0,5
Golden Valley,WILKS BROTHERS,WILKS RANCH MONTANA LTD,PO BOX 1032,,,CISCO,TX,Vacant Land,90.72,5
Golden Valley,WILKS BROTHERS,WILKS RANCH MONTANA LTD,PO BOX 1032,,,CISCO,TX,Vacant Land,640.16,5
Golden Valley,WILKS BROTHERS,WILKS RANCH MONTANA LTD,PO BOX 1032,,,CISCO,TX,Vacant Land,640.0,5
Golden Valley,WILKS BROTHERS,WILKS RANCH MONTANA LTD,PO BOX 1032,,,CISCO,TX,Vacant Land,511.04,5
Golden Valley,WILKS BROTHERS,WILKS RANCH MONTANA LTD,PO BOX 1032,,,CISCO,TX,Vacant Land,240.0,5
Golden Valley,WILKS BROTHERS,WILKS RANCH MONTANA LTD,PO BOX 1032,,,CISCO,TX,Vacant Land,80.0,5
Golden Valley,WILKS BROTHERS,WILKS RANCH MONTANA LTD,PO BOX 1032,,,CISCO,TX,Vacant Land,640.0,5
Golden Valley,WILKS BROTHERS,WILKS RANCH MONTANA LTD,PO BOX 1032,,,CISCO,TX,Vacant Land,360.0,5
Golden Valley,WILKS BROTHERS,WILKS RANCH MONTANA LTD,PO BOX 1032,,,CISCO,TX,Vacant Land,242.33,5
Golden Valley,WILKS BROTHERS,WILKS RANCH MONTANA LTD,PO BOX 1032,,,CISCO,TX,Vacant Land,640.0,5
Golden Valley,WILKS BROTHERS,WILKS RANCH MONTANA LTD,PO BOX 111,,,CISCO,TX,Vacant Land,30.35,5
Golden Valley,WILKS BROTHERS,WILKS RANCH MONTANA LTD,PO BOX 111,,,CISCO,TX,Vacant Land,80.0,5
Golden Valley,WILKS BROTHERS,WILKS RANCH MONTANA LTD,PO BOX 111,,,CISCO,TX,Vacant Land,320.0,5
Golden Valley,WILKS BROTHERS,WILKS RANCH MONTANA LTD,PO BOX 1032,,,CISCO,TX,Vacant Land,516.0,5
Golden Valley,WILKS BROTHERS,WILKS RANCH MONTANA LTD,PO BOX 1032,,,CISCO,TX,Vacant Land,240.0,5
Golden Valley,WILKS BROTHERS,WILKS RANCH MONTANA LTD,PO BOX 111,,,CISCO,TX,Improved Property,480.0,5
Golden Valley,WILKS BROTHERS,WILKS RANCH MONTANA LTD,PO BOX 111,,,CISCO,TX,Vacant Land,640.0,5
Golden Valley,WILKS BROTHERS,WILKS RANCH MONTANA LTD,PO BOX 111,,,CISCO,TX,Vacant Land,160.0,5
Golden Valley,WILKS BROTHERS,WILKS RANCH MONTANA LTD,PO BOX 111,,,CISCO,TX,Vacant Land,80.0,5
Golden Valley,WILKS BROTHERS,WILKS RANCH MONTANA LTD,PO BOX 1032,,,CISCO,TX,Vacant Land,640.44,5
Golden Valley,WILKS BROTHERS,WILKS RANCH MONTANA LTD,PO BOX 111,,,CISCO,TX,Vacant Land,160.0,5
Golden Valley,WILKS BROTHERS,WILKS RANCH MONTANA LTD,PO BOX 111,,,CISCO,TX,Vacant Land,640.0,5
Golden Valley,WILKS BROTHERS,WILKS RANCH MONTANA LTD,PO BOX 111,,,CISCO,TX,Vacant Land,640.0,5
Golden Valley,WILKS BROTHERS,WILKS RANCH MONTANA LTD,PO BOX 111,,,CISCO,TX,Vacant Land,640.0,5
Golden Valley,WILKS BROTHERS,WILKS RANCH MONTANA LTD,PO BOX 111,,,CISCO,TX,Vacant Land,80.0,5
Golden Valley,WILKS BROTHERS,WILKS RANCH MONTANA LTD,PO BOX 111,,,CISCO,TX,Improved Property,320.0,5
Golden Valley,WILKS BROTHERS,WILKS RANCH MONTANA LTD,PO BOX 111,,,CISCO,TX,Vacant Land,117.36,5
Golden Valley,WILKS BROTHERS,WILKS RANCH MONTANA LTD,PO BOX 111,,,CISCO,TX,Vacant Land,640.0,5
Golden Valley,WILKS BROTHERS,WILKS RANCH MONTANA LTD,PO BOX 111,,,CISCO,TX,Vacant Land,483.4,5
Golden Valley,WILKS BROTHERS,WILKS RANCH MONTANA LTD,PO BOX 111,,,CISCO,TX,Vacant Land,1.205,5
Golden Valley,WILKS BROTHERS,WILKS RANCH MONTANA LTD,PO BOX 1032,,,CISCO,TX,Vacant Land,360.0,5
Golden Valley,WILKS BROTHERS,WILKS RANCH MONTANA LTD,PO BOX 1032,,,CISCO,TX,Vacant Land,640.0,5
Garfield,GALT RANCH,71 RANCH LP,40 71 RANCH LN,,,MARTINSDALE,MT,Vacant Land,640.0,1
Garfield,GALT RANCH,71 RANCH LP,40 71 RANCH LN,,,MARTINSDALE,MT,Vacant Land,320.0,1
Garfield,GALT RANCH,71 RANCH LP,40 71 RANCH LN,,,MARTINSDALE,MT,Vacant Land,640.0,1
Garfield,FARMLAND RESERVE INC,"FARMLAND RESERVE, INC",PO BOX 3688,,,SALT LAKE CITY,UT,Vacant Land,639.6,3
Garfield,GALT RANCH,71 RANCH LP,40 71 RANCH LN,,,MARTINSDALE,MT,Vacant Land,640.0,1
Garfield,GALT RANCH,71 RANCH LP,40 71 RANCH LN,,,MARTINSDALE,MT,Vacant Land,640.0,1
Garfield,FARMLAND RESERVE INC,"FARMLAND RESERVE, INC",PO BOX 3688,,,SALT LAKE CITY,UT,Vacant Land,640.0,3
Garfield,GALT RANCH,71 RANCH LP,40 71 RANCH LN,,,MARTINSDALE,MT,Vacant Land,640.0,1
Garfield,GALT RANCH,71 RANCH LP,40 71 RANCH LN,,,MARTINSDALE,MT,Vacant Land,640.0,1
Garfield,GALT RANCH,71 RANCH LP,40 71 RANCH LN,,,MARTINSDALE,MT,Vacant Land,640.0,1
Garfield,GALT RANCH,71 RANCH LP,40 71 RANCH LN,,,MARTINSDALE,MT,Vacant Land,320.0,1
Garfield,GALT RANCH,71 RANCH LP,40 71 RANCH LN,,,MARTINSDALE,MT,Vacant Land,638.56,1
Garfield,GALT RANCH,71 RANCH LP,40 71 RANCH LN,,,MARTINSDALE,MT,Vacant Land,640.0,1
Garfield,GALT RANCH,71 RANCH LP,40 71 RANCH LN,,,MARTINSDALE,MT,Vacant Land,237.16,1
Garfield,GALT RANCH,71 RANCH LP,40 71 RANCH LN,,,MARTINSDALE,MT,Vacant Land,640.0,1
Garfield,AMERICAN PRAIRIE,AMERICAN PRAIRIE FOUNDATION,PO BOX 908,,,BOZEMAN,MT,Vacant Land,40.0,9
Garfield,GALT RANCH,71 RANCH LP,40 71 RANCH LN,,,MARTINSDALE,MT,Vacant Land,640.0,1
Garfield,FARMLAND RESERVE INC,"FARMLAND RESERVE, INC",PO BOX 3688,,,SALT LAKE CITY,UT,Vacant Land,638.0,3
Garfield,GALT RANCH,71 RANCH LP,40 71 RANCH LN,,,MARTINSDALE,MT,Vacant Land,640.0,1
Garfield,GALT RANCH,71 RANCH LP,40 71 RANCH LN,,,MARTINSDALE,MT,Vacant Land,646.68,1
Garfield,GALT RANCH,71 RANCH LP,40 71 RANCH LN,,,MARTINSDALE,MT,Vacant Land,640.0,1
Garfield,GALT RANCH,71 RANCH LP,40 71 RANCH LN,,,MARTINSDALE,MT,Vacant Land,640.0,1
Garfield,GALT RANCH,71 RANCH LP,40 71 RANCH LN,,,MARTINSDALE,MT,Vacant Land,640.0,1
Garfield,GALT RANCH,71 RANCH LP,40 71 RANCH LN,,,MARTINSDALE,MT,Vacant Land,320.0,1
Garfield,FARMLAND RESERVE INC,"FARMLAND RESERVE, INC",PO BOX 3688,,,SALT LAKE CITY,UT,Vacant Land,640.0,3
Garfield,GALT RANCH,71 RANCH LP,40 71 RANCH LN,,,MARTINSDALE,MT,Vacant Land,320.0,1
Garfield,FARMLAND RESERVE INC,"FARMLAND RESERVE, INC",PO BOX 3688,,,SALT LAKE CITY,UT,Vacant Land,640.0,3
Garfield,GALT RANCH,71 RANCH LP,40 71 RANCH LN,,,MARTINSDALE,MT,Vacant Land,640.0,1
Garfield,GALT RANCH,71 RANCH LP,40 71 RANCH LN,,,MARTINSDALE,MT,Vacant Land,638.0,1
Garfield,GALT RANCH,71 RANCH LP,40 71 RANCH LN,,,MARTINSDALE,MT,Vacant Land,320.0,1
Garfield,GALT RANCH,71 RANCH LP,40 71 RANCH LN,,,MARTINSDALE,MT,Vacant Land,640.0,1
Garfield,GALT RANCH,71 RANCH LP,40 71 RANCH LN,,,MARTINSDALE,MT,Vacant Land,639.2,1
Garfield,AMERICAN PRAIRIE,AMERICAN PRAIRIE FOUNDATION,PO BOX 908,,,BOZEMAN,MT,Vacant Land,159.7,9
Garfield,AMERICAN PRAIRIE,AMERICAN PRAIRIE FOUNDATION,PO BOX 908,,,BOZEMAN,MT,Vacant Land,320.0,9
Garfield,AMERICAN PRAIRIE,AMERICAN PRAIRIE FOUNDATION,PO BOX 908,,,BOZEMAN,MT,Vacant Land,80.0,9
Garfield,GALT RANCH,71 RANCH LP,40 71 RANCH LN,,,MARTINSDALE,MT,Vacant Land,320.0,1
Garfield,GALT RANCH,71 RANCH LP,40 71 RANCH LN,,,MARTINSDALE,MT,Vacant Land,320.0,1
Garfield,GALT RANCH,71 RANCH LP,40 71 RANCH LN,,,MARTINSDALE,MT,Vacant Land,640.0,1
Garfield,FARMLAND RESERVE INC,"FARMLAND RESERVE, INC",PO BOX 3688,,,SALT LAKE CITY,UT,Vacant Land,636.4,3
Garfield,FARMLAND RESERVE INC,"FARMLAND RESERVE, INC",PO BOX 3688,,,SALT LAKE CITY,UT,Vacant Land,637.6,3
Garfield,GALT RANCH,71 RANCH LP,40 71 RANCH LN,,,MARTINSDALE,MT,Vacant Land,640.0,1
Garfield,GALT RANCH,71 RANCH LP,40 71 RANCH LN,,,MARTINSDALE,MT,Vacant Land,640.0,1
Garfield,GALT RANCH,71 RANCH LP,40 71 RANCH LN,,,MARTINSDALE,MT,Vacant Land,640.0,1
Garfield,GALT RANCH,71 RANCH LP,40 71 RANCH LN,,,MARTINSDALE,MT,Vacant Land,235.52,1
Garfield,GALT RANCH,71 RANCH LP,40 71 RANCH LN,,,MARTINSDALE,MT,Vacant Land,320.0,1
Garfield,FARMLAND RESERVE INC,"FARMLAND RESERVE, INC",PO BOX 3688,,,SALT LAKE CITY,UT,Vacant Land,640.0,3
Garfield,GALT RANCH,71 RANCH LP,40 71 RANCH LN,,,MARTINSDALE,MT,Vacant Land,640.0,1
Garfield,GALT RANCH,71 RANCH LP,40 71 RANCH LN,,,MARTINSDALE,MT,Vacant Land,640.0,1
Garfield,GALT RANCH,71 RANCH LP,40 71 RANCH LN,,,MARTINSDALE,MT,Vacant Land,640.0,1
Garfield,GALT RANCH,71 RANCH LP,40 71 RANCH LN,,,MARTINSDALE,MT,Vacant Land,640.0,1
Garfield,GALT RANCH,71 RANCH LP,40 71 RANCH LN,,,MARTINSDALE,MT,Vacant Land,640.0,1
Garfield,GALT RANCH,71 RANCH LP,40 71 RANCH LN,,,MARTINSDALE,MT,Vacant Land,320.0,1
Garfield,GALT RANCH,71 RANCH LP,40 71 RANCH LN,,,MARTINSDALE,MT,Vacant Land,640.0,1
Garfield,GALT RANCH,71 RANCH LP,40 71 RANCH LN,,,MARTINSDALE,MT,Vacant Land,320.0,1
Garfield,AMERICAN PRAIRIE,AMERICAN PRAIRIE FOUNDATION,PO BOX 908,,,BOZEMAN,MT,Vacant Land,440.92,9
Garfield,FARMLAND RESERVE INC,"FARMLAND RESERVE, INC",PO BOX 3688,,,SALT LAKE CITY,UT,Vacant Land,640.0,3
Garfield,GALT RANCH,71 RANCH LP,40 71 RANCH LN,,,MARTINSDALE,MT,Vacant Land,634.48,1
Garfield,GALT RANCH,71 RANCH LP,40 71 RANCH LN,,,MARTINSDALE,MT,Vacant Land,640.0,1
Garfield,GALT RANCH,71 RANCH LP,40 71 RANCH LN,,,MARTINSDALE,MT,Vacant Land,640.0,1
Garfield,FARMLAND RESERVE INC,"FARMLAND RESERVE, INC",PO BOX 3688,,,SALT LAKE CITY,UT,Vacant Land,638.8,3
Garfield,FARMLAND RESERVE INC,"FARMLAND RESERVE, INC",PO BOX 3688,,,SALT LAKE CITY,UT,Vacant Land,639.36,3
Garfield,FARMLAND RESERVE INC,"FARMLAND RESERVE, INC",PO BOX 3688,,,SALT LAKE CITY,UT,Vacant Land,640.0,3
Garfield,GALT RANCH,71 RANCH LP,40 71 RANCH LN,,,MARTINSDALE,MT,Vacant Land,640.0,1
Garfield,GALT RANCH,71 RANCH LP,40 71 RANCH LN,,,MARTINSDALE,MT,Vacant Land,647.16,1
Garfield,GALT RANCH,71 RANCH LP,40 71 RANCH LN,,,MARTINSDALE,MT,Vacant Land,640.0,1
Garfield,GALT RANCH,71 RANCH LP,106 71 RANCH RD,,,MARTINSDALE,MT,Vacant Land,640.0,1
Garfield,GALT RANCH,71 RANCH LP,40 71 RANCH LN,,,MARTINSDALE,MT,Vacant Land,640.0,1
Garfield,GALT RANCH,71 RANCH LP,40 71 RANCH LN,,,MARTINSDALE,MT,Vacant Land,640.0,1
Garfield,GALT RANCH,71 RANCH LP,40 71 RANCH LN,,,MARTINSDALE,MT,Vacant Land,640.0,1
Garfield,AMERICAN PRAIRIE,AMERICAN PRAIRIE FOUNDATION,PO BOX 908,,,BOZEMAN,MT,Vacant Land,40.0,9
Garfield,AMERICAN PRAIRIE,AMERICAN PRAIRIE FOUNDATION,PO BOX 908,,,BOZEMAN,MT,Vacant Land,78.61,9
Garfield,AMERICAN PRAIRIE,AMERICAN PRAIRIE FOUNDATION,PO BOX 908,,,BOZEMAN,MT,Vacant Land,520.0,9
Garfield,AMERICAN PRAIRIE,AMERICAN PRAIRIE FOUNDATION,PO BOX 908,,,BOZEMAN,MT,Vacant Land,37.11,9
Garfield,AMERICAN PRAIRIE,AMERICAN PRAIRIE FOUNDATION,PO BOX 908,,,BOZEMAN,MT,Vacant Land,40.0,9
Garfield,AMERICAN PRAIRIE,AMERICAN PRAIRIE FOUNDATION,PO BOX 908,,,BOZEMAN,MT,Vacant Land,40.0,9
Garfield,AMERICAN PRAIRIE,AMERICAN PRAIRIE FOUNDATION,PO BOX 908,,,BOZEMAN,MT,Vacant Land,240.0,9
Garfield,AMERICAN PRAIRIE,AMERICAN PRAIRIE FOUNDATION,PO BOX 908,,,BOZEMAN,MT,Vacant Land,40.0,9
Garfield,AMERICAN PRAIRIE,AMERICAN PRAIRIE FOUNDATION,PO BOX 908,,,BOZEMAN,MT,Vacant Land,320.0,9
Garfield,AMERICAN PRAIRIE,AMERICAN PRAIRIE FOUNDATION,PO BOX 908,,,BOZEMAN,MT,Vacant Land,640.0,9
Garfield,AMERICAN PRAIRIE,AMERICAN PRAIRIE FOUNDATION,PO BOX 908,,,BOZEMAN,MT,Vacant Land,275.02,9
Garfield,AMERICAN PRAIRIE,AMERICAN PRAIRIE FOUNDATION,PO BOX 908,,,BOZEMAN,MT,Vacant Land,120.0,9
Garfield,AMERICAN PRAIRIE,AMERICAN PRAIRIE FOUNDATION,PO BOX 908,,,BOZEMAN,MT,Vacant Land,202.17,9
Garfield,AMERICAN PRAIRIE,AMERICAN PRAIRIE FOUNDATION,PO BOX 908,,,BOZEMAN,MT,Vacant Land,80.0,9
Garfield,AMERICAN PRAIRIE,AMERICAN PRAIRIE FOUNDATION,PO BOX 908,,,BOZEMAN,MT,Vacant Land,360.0,9
Garfield,AMERICAN PRAIRIE,AMERICAN PRAIRIE FOUNDATION,PO BOX 908,,,BOZEMAN,MT,Vacant Land,160.0,9
Garfield,AMERICAN PRAIRIE,AMERICAN PRAIRIE FOUNDATION,PO BOX 908,,,BOZEMAN,MT,Vacant Land,40.0,9
Garfield,AMERICAN PRAIRIE,AMERICAN PRAIRIE FOUNDATION,PO BOX 908,,,BOZEMAN,MT,Vacant Land,400.0,9
Garfield,AMERICAN PRAIRIE,AMERICAN PRAIRIE FOUNDATION,PO BOX 908,,,BOZEMAN,MT,Improved Property,515.96,9
Garfield,GREAT NORTHERN PROPERTIES,GREAT NORTHERN PROPERTIES,"MAIL TO GNL, LP",PO BOX 1745,,MILES CITY,MT,Vacant Land,640.0,10
Garfield,AMERICAN PRAIRIE,AMERICAN PRAIRIE FOUNDATION,PO BOX 908,,,BOZEMAN,MT,Vacant Land,400.0,9
Garfield,AMERICAN PRAIRIE,AMERICAN PRAIRIE FOUNDATION,PO BOX 908,,,BOZEMAN,MT,Vacant Land,80.0,9
Garfield,AMERICAN PRAIRIE,AMERICAN PRAIRIE FOUNDATION,PO BOX 908,,,BOZEMAN,MT,Improved Property,119.0,9
Garfield,AMERICAN PRAIRIE,AMERICAN PRAIRIE FOUNDATION,PO BOX 908,,,BOZEMAN,MT,Vacant Land,280.0,9
Garfield,AMERICAN PRAIRIE,AMERICAN PRAIRIE FOUNDATION,PO BOX 908,,,BOZEMAN,MT,Vacant Land,160.15,9
Garfield,AMERICAN PRAIRIE,AMERICAN PRAIRIE FOUNDATION,PO BOX 908,,,BOZEMAN,MT,Vacant Land,40.0,9
Garfield,AMERICAN PRAIRIE,AMERICAN PRAIRIE FOUNDATION,PO BOX 908,,,BOZEMAN,MT,Vacant Land,240.0,9
Garfield,AMERICAN PRAIRIE,AMERICAN PRAIRIE FOUNDATION,PO BOX 908,,,BOZEMAN,MT,Vacant Land,634.88,9
Garfield,GREAT NORTHERN PROPERTIES,GREAT NORTHERN PROPERTIES,"MAIL TO GNL, LP",PO BOX 1745,,MILES CITY,MT,Vacant Land,640.0,10
Garfield,AMERICAN PRAIRIE,AMERICAN PRAIRIE FOUNDATION,PO BOX 908,,,BOZEMAN,MT,Vacant Land,320.0,9
Garfield,AMERICAN PRAIRIE,AMERICAN PRAIRIE FOUNDATION,PO BOX 908,,,BOZEMAN,MT,Vacant Land,168.37,9
Garfield,AMERICAN PRAIRIE,AMERICAN PRAIRIE FOUNDATION,PO BOX 908,,,BOZEMAN,MT,Vacant Land,77.12,9
Garfield,AMERICAN PRAIRIE,AMERICAN PRAIRIE FOUNDATION,PO BOX 908,,,BOZEMAN,MT,Vacant Land,17.61,9
Garfield,AMERICAN PRAIRIE,AMERICAN PRAIRIE FOUNDATION,PO BOX 908,,,BOZEMAN,MT,Vacant Land,480.0,9
Garfield,GREAT NORTHERN PROPERTIES,GREAT NORTHERN PROPERTIES,"MAIL TO GNL, LP",PO BOX 1745,,MILES CITY,MT,Vacant Land,640.56,10
Garfield,AMERICAN PRAIRIE,AMERICAN PRAIRIE FOUNDATION,PO BOX 908,,,BOZEMAN,MT,Vacant Land,360.0,9
Garfield,AMERICAN PRAIRIE,AMERICAN PRAIRIE FOUNDATION,PO BOX 908,,,BOZEMAN,MT,Vacant Land,122.87,9
Garfield,AMERICAN PRAIRIE,AMERICAN PRAIRIE FOUNDATION,PO BOX 908,,,BOZEMAN,MT,Vacant Land,440.0,9
Garfield,AMERICAN PRAIRIE,AMERICAN PRAIRIE FOUNDATION,PO BOX 908,,,BOZEMAN,MT,Vacant Land,40.0,9
Garfield,AMERICAN PRAIRIE,AMERICAN PRAIRIE FOUNDATION,PO BOX 908,,,BOZEMAN,MT,Vacant Land,40.0,9
Garfield,AMERICAN PRAIRIE,AMERICAN PRAIRIE FOUNDATION,PO BOX 908,,,BOZEMAN,MT,Vacant Land,160.0,9
Garfield,GREAT NORTHERN PROPERTIES,GREAT NORTHERN PROPERTIES,"MAIL TO GNP, LP",PO BOX 1745,,MILES CITY,MT,Vacant Land,766.56,10
Garfield,GREAT NORTHERN PROPERTIES,GREAT NORTHERN PROPERTIES,"MAIL TO GNP, LP",PO BOX 1745,,MILES CITY,MT,Vacant Land,320.0,10
Garfield,GREAT NORTHERN PROPERTIES,GREAT NORTHERN PROPERTIES,"MAIL TO GNP, LP",PO BOX 1745,,MILES CITY,MT,Vacant Land,640.0,10
Garfield,AMERICAN PRAIRIE,AMERICAN PRAIRIE FOUNDATION,PO BOX 908,,,BOZEMAN,MT,Vacant Land,320.0,9
Garfield,AMERICAN PRAIRIE,AMERICAN PRAIRIE FOUNDATION,PO BOX 908,,,BOZEMAN,MT,Vacant Land,40.0,9
Garfield,AMERICAN PRAIRIE,AMERICAN PRAIRIE FOUNDATION,PO BOX 908,,,BOZEMAN,MT,Improved Property,332.71,9
Garfield,AMERICAN PRAIRIE,AMERICAN PRAIRIE FOUNDATION,PO BOX 908,,,BOZEMAN,MT,Vacant Land,120.0,9
Garfield,AMERICAN PRAIRIE,AMERICAN PRAIRIE FOUNDATION,PO BOX 908,,,BOZEMAN,MT,Vacant Land,440.0,9
Garfield,AMERICAN PRAIRIE,AMERICAN PRAIRIE FOUNDATION,PO BOX 908,,,BOZEMAN,MT,Vacant Land,80.0,9
Garfield,AMERICAN PRAIRIE,AMERICAN PRAIRIE FOUNDATION,PO BOX 908,,,BOZEMAN,MT,Vacant Land,320.0,9
Garfield,GREAT NORTHERN PROPERTIES,GREAT NORTHERN PROPERTIES,"MAIL TO GNL, LP",PO BOX 1745,,MILES CITY,MT,Vacant Land,320.0,10
Garfield,AMERICAN PRAIRIE,AMERICAN PRAIRIE FOUNDATION,PO BOX 908,,,BOZEMAN,MT,Vacant Land,80.19,9
Garfield,GREAT NORTHERN PROPERTIES,GREAT NORTHERN PROPERTIES,"MAIL TO GNP, LP",PO BOX 1745,,MILES CITY,MT,Vacant Land,520.0,10
Garfield,AMERICAN PRAIRIE,AMERICAN PRAIRIE FOUNDATION,PO BOX 908,,,BOZEMAN,MT,Vacant Land,120.0,9
Garfield,GREAT NORTHERN PROPERTIES,GREAT NORTHERN PROPERTIES,"MAIL TO GNP, LP",PO BOX 1745,,MILES CITY,MT,Vacant Land,640.0,10
Garfield,FARMLAND RESERVE INC,"FARMLAND RESERVE, INC",PO BOX 3688,,,SALT LAKE CITY,UT,Vacant Land,628.84,3
Garfield,FARMLAND RESERVE INC,"FARMLAND RESERVE, INC",PO BOX 3688,,,SALT LAKE CITY,UT,Vacant Land,630.08,3
Garfield,FARMLAND RESERVE INC,"FARMLAND RESERVE, INC",PO BOX 3688,,,SALT LAKE CITY,UT,Vacant Land,639.16,3
Garfield,GALT RANCH,71 RANCH LP,40 71 RANCH LN,,,MARTINSDALE,MT,Vacant Land,639.44,1
Garfield,GALT RANCH,71 RANCH LP,40 71 RANCH LN,,,MARTINSDALE,MT,Vacant Land,320.66,1
Garfield,AMERICAN PRAIRIE,AMERICAN PRAIRIE FOUNDATION,PO BOX 908,,,BOZEMAN,MT,Vacant Land,40.0,9
Garfield,AMERICAN PRAIRIE,AMERICAN PRAIRIE FOUNDATION,PO BOX 908,,,BOZEMAN,MT,Vacant Land,40.0,9
Garfield,AMERICAN PRAIRIE,AMERICAN PRAIRIE FOUNDATION,PO BOX 908,,,BOZEMAN,MT,Vacant Land,360.0,9
Garfield,AMERICAN PRAIRIE,AMERICAN PRAIRIE FOUNDATION,PO BOX 908,,,BOZEMAN,MT,Vacant Land,200.0,9
Garfield,AMERICAN PRAIRIE,AMERICAN PRAIRIE FOUNDATION,PO BOX 908,,,BOZEMAN,MT,Vacant Land,80.0,9
Garfield,AMERICAN PRAIRIE,AMERICAN PRAIRIE FOUNDATION,PO BOX 908,,,BOZEMAN,MT,Vacant Land,40.0,9
Garfield,AMERICAN PRAIRIE,AMERICAN PRAIRIE FOUNDATION,PO BOX 908,,,BOZEMAN,MT,Vacant Land,400.0,9
Garfield,AMERICAN PRAIRIE,AMERICAN PRAIRIE FOUNDATION,PO BOX 908,,,BOZEMAN,MT,Vacant Land,313.04,9
Garfield,FARMLAND RESERVE INC,"FARMLAND RESERVE, INC",PO BOX 3688,,,SALT LAKE CITY,UT,Vacant Land,640.0,3
Garfield,FARMLAND RESERVE INC,"FARMLAND RESERVE, INC",PO BOX 3688,,,SALT LAKE CITY,UT,Vacant Land,640.0,3
Garfield,FARMLAND RESERVE INC,"FARMLAND RESERVE, INC",PO BOX 3688,,,SALT LAKE CITY,UT,Vacant Land,318.81,3
Garfield,GALT RANCH,71 RANCH LP,40 71 RANCH LN,,,MARTINSDALE,MT,Vacant Land,320.0,1
Garfield,FARMLAND RESERVE INC,"FARMLAND RESERVE, INC",PO BOX 3688,,,SALT LAKE CITY,UT,Improved Property,640.0,3
Garfield,FARMLAND RESERVE INC,"FARMLAND RESERVE, INC",PO BOX 3688,,,SALT LAKE CITY,UT,Vacant Land,640.0,3
Garfield,FARMLAND RESERVE INC,"FARMLAND RESERVE, INC",PO BOX 3688,,,SALT LAKE CITY,UT,Vacant Land,320.0,3
Garfield,FARMLAND RESERVE INC,"FARMLAND RESERVE, INC",PO BOX 3688,,,SALT LAKE CITY,UT,Vacant Land,640.0,3
Garfield,FARMLAND RESERVE INC,"FARMLAND RESERVE, INC",PO BOX 3688,,,SALT LAKE CITY,UT,Vacant Land,642.08,3
Garfield,GALT RANCH,71 RANCH LP,40 71 RANCH LN,,,MARTINSDALE,MT,Vacant Land,40.0,1
Garfield,GALT RANCH,71 RANCH LP,40 71 RANCH LN,,,MARTINSDALE,MT,Vacant Land,641.6,1
Garfield,FARMLAND RESERVE INC,"FARMLAND RESERVE, INC",PO BOX 3688,,,SALT LAKE CITY,UT,Vacant Land,640.0,3
Garfield,FARMLAND RESERVE INC,"FARMLAND RESERVE, INC",PO BOX 3688,,,SALT LAKE CITY,UT,Vacant Land,635.44,3
Garfield,GALT RANCH,71 RANCH LP,40 71 RANCH LN,,,MARTINSDALE,MT,Vacant Land,640.76,1
Garfield,GALT RANCH,71 RANCH LP,40 71 RANCH LN,,,MARTINSDALE,MT,Vacant Land,320.0,1
Garfield,FARMLAND RESERVE INC,"FARMLAND RESERVE, INC",PO BOX 3688,,,SALT LAKE CITY,UT,Vacant Land,640.0,3
Garfield,GALT RANCH,71 RANCH LP,40 71 RANCH LN,,,MARTINSDALE,MT,Vacant Land,642.44,1
Garfield,FARMLAND RESERVE INC,"FARMLAND RESERVE, INC",PO BOX 3688,,,SALT LAKE CITY,UT,Vacant Land,640.0,3
Garfield,FARMLAND RESERVE INC,"FARMLAND RESERVE, INC",PO BOX 3688,,,SALT LAKE CITY,UT,Vacant Land,631.84,3
Garfield,FARMLAND RESERVE INC,"FARMLAND RESERVE, INC",PO BOX 3688,,,SALT LAKE CITY,UT,Vacant Land,320.92,3
Garfield,GALT RANCH,71 RANCH LP,40 71 RANCH LN,,,MARTINSDALE,MT,Improved Property,640.8,1
Garfield,GALT RANCH,71 RANCH LP,40 71 RANCH LN,,,MARTINSDALE,MT,Vacant Land,640.76,1
Garfield,FARMLAND RESERVE INC,"FARMLAND RESERVE, INC",PO BOX 3688,,,SALT LAKE CITY,UT,Vacant Land,640.0,3
Garfield,GALT RANCH,71 RANCH LP,40 71 RANCH LN,,,MARTINSDALE,MT,Vacant Land,160.0,1
Liberty,FARMLAND RESERVE INC,FARMLAND RESERVE INC,PO BOX 3688,,,SALT LAKE CITY,UT,Vacant Land,650.16,3
Liberty,FARMLAND RESERVE INC,FARMLAND RESERVE INC,PO BOX 3688,,,SALT LAKE CITY,UT,Vacant Land,42.5,3
Meagher,GALT RANCH,GALT RANCH LP,543 BIRCH CREEK RD,,,WHITE SULPHUR SPRINGS,MT,Vacant Land,640.0,1
Meagher,GALT RANCH,GALT RANCH LP,543 BIRCH CREEK RD,,,WHITE SULPHUR SPRINGS,MT,Vacant Land,586.55,1
Meagher,GALT RANCH,GALT RANCH LP,543 BIRCH CREEK RD,,,WHT SPHR SPGS,MT,Vacant Land,640.0,1
Meagher,GALT RANCH,GALT RANCH LP,543 BIRCH CREEK RD,,,WHITE SULPHUR SPRINGS,MT,Vacant Land,640.0,1
Meagher,GALT RANCH,GALT RANCH LP,543 BIRCH CREEK RD,,,WHITE SULPHUR SPRINGS,MT,Improved Property,560.0,1
Meagher,GALT RANCH,GALT RANCH LP,543 BIRCH CREEK RD,,,WHT SPHR SPGS,MT,Vacant Land,640.0,1
Meagher,GALT RANCH,GALT RANCH LP,543 BIRCH CREEK RD,,,WHT SPHR SPGS,MT,Vacant Land,640.0,1
Meagher,GALT RANCH,GALT RANCH LP,543 BIRCH CREEK RD,,,WHT SPHR SPGS,MT,Vacant Land,640.0,1
Meagher,GALT RANCH,GALT ERROL T,40 71 RANCH LN,,,MARTINSDALE,MT,Improved Property,0.803,1
Meagher,GALT RANCH,71 RANCH LP,40 71 RANCH LN,,,MARTINSDALE,MT,Vacant Land,80.0,1
Meagher,GALT RANCH,GALT RANCH LP,543 BIRCH CREEK RD,,,WHITE SULPHUR SPRINGS,MT,Vacant Land,640.0,1
Meagher,GALT RANCH,71 RANCH LP,40 71 RANCH LN,,,MARTINSDALE,MT,Vacant Land,141.0,1
Meagher,GALT RANCH,71 RANCH LP,40 71 RANCH LN,,,MARTINSDALE,MT,Vacant Land,621.27,1
Meagher,GALT RANCH,71 RANCH LP,40 71 RANCH LN,,,MARTINSDALE,MT,Vacant Land,640.0,1
Meagher,GALT RANCH,71 RANCH LP,40 71 RANCH LN,,,MARTINSDALE,MT,Vacant Land,640.0,1
Meagher,GALT RANCH,GALT RANCH LP,543 BIRCH CREEK RD,,,WHT SPHR SPGS,MT,Vacant Land,160.0,1
Meagher,GALT RANCH,GALT RANCH LP,543 BIRCH CREEK RD,,,WHT SPHR SPGS,MT,Vacant Land,638.92,1
Meagher,GALT RANCH,GALT RANCH LP,543 BIRCH CREEK RD,,,WHT SPHR SPGS,MT,Vacant Land,640.96,1
Meagher,GALT RANCH,GALT RANCH LP,543 BIRCH CREEK RD,,,WHT SPHR SPGS,MT,Vacant Land,640.96,1
Meagher,GALT RANCH,GALT RANCH LP,543 BIRCH CREEK RD,,,WHT SPHR SPGS,MT,Vacant Land,640.0,1
Meagher,GALT RANCH,71 RANCH LP,40 71 RANCH LN,,,MARTINSDALE,MT,Vacant Land,639.58,1
Meagher,GALT RANCH,71 RANCH LP,40 71 RANCH LN,,,MARTINSDALE,MT,Vacant Land,664.76,1
Meagher,GALT RANCH,71 RANCH LP,40 71 RANCH LN,,,MARTINSDALE,MT,Vacant Land,640.0,1
Meagher,GALT RANCH,71 RANCH LP,40 71 RANCH LN,,,MARTINSDALE,MT,Vacant Land,640.0,1
Meagher,GALT RANCH,71 RANCH LP,40 71 RANCH LN,,,MARTINSDALE,MT,Vacant Land,629.32,1
Meagher,GALT RANCH,GALT RANCH LP,543 BIRCH CREEK RD,,,WHT SPHR SPGS,MT,Vacant Land,160.0,1
Meagher,GALT RANCH,71 RANCH LP,40 71 RANCH LN,,,MARTINSDALE,MT,Vacant Land,354.75,1
Meagher,GALT RANCH,71 RANCH LP,40 71 RANCH LN,,,MARTINSDALE,MT,Vacant Land,640.0,1
Meagher,GALT RANCH,71 RANCH LP,40 71 RANCH LN,,,MARTINSDALE,MT,Vacant Land,59.836,1
Meagher,GALT RANCH,71 RANCH LP,40 71 RANCH LN,,,MARTINSDALE,MT,Vacant Land,640.0,1
Meagher,GALT RANCH,GALT RANCH LP,543 BIRCH CREEK RD,,,WHT SPHR SPGS,MT,Vacant Land,80.0,1
Meagher,GALT RANCH,71 RANCH LP,40 71 RANCH LN,,,MARTINSDALE,MT,Vacant Land,645.36,1
Meagher,GALT RANCH,GALT RANCH LP,543 BIRCH CREEK RD,,,WHITE SULPHUR SPRINGS,MT,Vacant Land,642.56,1
Meagher,GALT RANCH,GALT RANCH LP,543 BIRCH CREEK RD,,,WHITE SULPHUR SPRINGS,MT,Vacant Land,643.1,1
Meagher,GALT RANCH,GALT RANCH LP,543 BIRCH CREEK RD,,,WHITE SULPHUR SPRINGS,MT,Vacant Land,640.0,1
Meagher,GALT RANCH,71 RANCH LP,40 71 RANCH LN,,,MARTINSDALE,MT,Vacant Land,644.52,1
Meagher,GALT RANCH,GALT RANCH LP,543 BIRCH CREEK RD,,,WHITE SULPHUR SPRINGS,MT,Vacant Land,639.8,1
Meagher,GALT RANCH,GALT RANCH LP,543 BIRCH CREEK RD,,,WHT SPHR SPGS,MT,Vacant Land,125.184,1
Meagher,GALT RANCH,71 RANCH LP,40 71 RANCH LN,,,MARTINSDALE,MT,Vacant Land,458.29,1
Meagher,GALT RANCH,71 RANCH LP,40 71 RANCH LN,,,MARTINSDALE,MT,Vacant Land,613.04,1
Meagher,GALT RANCH,GALT RANCH LP,543 BIRCH CREEK RD,,,WHITE SULPHUR SPRINGS,MT,Vacant Land,640.0,1
Meagher,GALT RANCH,GALT RANCH LP,543 BIRCH CREEK RD,,,WHITE SULPHUR SPRINGS,MT,Improved Property,640.0,1
Meagher,GALT RANCH,GALT RANCH LP,543 BIRCH CREEK RD,,,WHITE SULPHUR SPRINGS,MT,Vacant Land,218.05,1
Meagher,GALT RANCH,GALT RANCH LP,543 BIRCH CREEK RD,,,WHITE SULPHUR SPRINGS,MT,Vacant Land,615.4,1
Meagher,GALT RANCH,GALT RANCH LP,543 BIRCH CREEK RD,,,WHT SPHR SPGS,MT,Vacant Land,283.08,1
Meagher,GALT RANCH,GALT RANCH LP,543 BIRCH CREEK RD,,,WHITE SULPHUR SPRINGS,MT,Vacant Land,595.71,1
Meagher,GALT RANCH,GALT RANCH LP,543 BIRCH CREEK RD,,,WHITE SULPHUR SPRINGS,MT,Vacant Land,716.8,1
Meagher,GALT RANCH,GALT RANCH LP,543 BIRCH CREEK RD,,,WHT SPHR SPGS,MT,Improved Property,641.0,1
Meagher,GALT RANCH,GALT RANCH LP,543 BIRCH CREEK RD,,,WHT SPHR SPGS,MT,Improved Property,640.0,1
Meagher,GALT RANCH,GALT RANCH LP,543 BIRCH CREEK RD,,,WHT SPHR SPGS,MT,Vacant Land,640.0,1
Meagher,GALT RANCH,GALT RANCH LP,543 BIRCH CREEK RD,,,WHT SPHR SPGS,MT,Vacant Land,511.0,1
Meagher,GALT RANCH,GALT RANCH LP,543 BIRCH CREEK RD,,,WHT SPHR SPGS,MT,Vacant Land,619.84,1
Meagher,GALT RANCH,GALT RANCH LP,543 BIRCH CREEK RD,,,WHT SPHR SPGS,MT,Vacant Land,640.0,1
Meagher,GALT RANCH,GALT RANCH LP,543 BIRCH CREEK RD,,,WHITE SULPHUR SPRINGS,MT,Vacant Land,400.0,1
Meagher,GALT RANCH,71 RANCH LP,40 71 RANCH LN,,,MARTINSDALE,MT,Vacant Land,640.0,1
Meagher,GALT RANCH,SUN COULEE LLC,40 71 RANCH LN,,,MARTINSDALE,MT,Vacant Land,0.163,1
Meagher,GALT RANCH,GALT RANCH LP,543 BIRCH CREEK RD,,,WHITE SULPHUR SPRINGS,MT,Vacant Land,635.12,1
Meagher,GALT RANCH,GALT RANCH LP,543 BIRCH CREEK RD,,,WHITE SULPHUR SPRINGS,MT,Vacant Land,636.68,1
Meagher,GALT RANCH,GALT RANCH LP,543 BIRCH CREEK RD,,,WHITE SULPHUR SPRINGS,MT,Vacant Land,120.0,1
Meagher,GALT RANCH,71 RANCH LP,40 71 RANCH LN,,,MARTINSDALE,MT,Vacant Land,542.28,1
Meagher,GALT RANCH,71 RANCH LP,40 71 RANCH LN,,,MARTINSDALE,MT,Improved Property,562.9,1
Meagher,GALT RANCH,71 RANCH LP,40 71 RANCH LN,,,MARTINSDALE,MT,Vacant Land,616.45,1
Meagher,GALT RANCH,GALT RANCH LP,543 BIRCH CREEK RD,,,WHT SPHR SPGS,MT,Vacant Land,640.0,1
Meagher,GALT RANCH,GALT RANCH LP,543 BIRCH CREEK RD,,,WHT SPHR SPGS,MT,Vacant Land,640.0,1
Meagher,GALT RANCH,GALT RANCH LP,543 BIRCH CREEK RD,,,WHT SPHR SPGS,MT,Vacant Land,640.0,1
Meagher,GALT RANCH,GALT RANCH LP,543 BIRCH CREEK RD,,,WHT SPHR SPGS,MT,Vacant Land,640.0,1
Meagher,GALT RANCH,GALT RANCH LP,543 BIRCH CREEK RD,,,WHT SPHR SPGS,MT,Vacant Land,644.36,1
Meagher,GALT RANCH,71 RANCH LP,40 71 RANCH LN,,,MARTINSDALE,MT,Vacant Land,265.13,1
Meagher,GALT RANCH,71 RANCH LP,40 71 RANCH LN,,,MARTINSDALE,MT,Vacant Land,337.37,1
Meagher,GALT RANCH,GALT RANCH LP,543 BIRCH CREEK RD,,,WHITE SULPHUR SPRINGS,MT,Vacant Land,640.0,1
Meagher,GALT RANCH,GALT RANCH LP,543 BIRCH CREEK RD,,,WHITE SULPHUR SPRINGS,MT,Vacant Land,322.04,1
Meagher,GALT RANCH,GALT RANCH LP,543 BIRCH CREEK RD,,,WHT SPHR SPGS,MT,Vacant Land,480.0,1
Meagher,GALT RANCH,GALT RANCH LP,543 BIRCH CREEK RD,,,WHITE SULPHUR SPRINGS,MT,Vacant Land,639.84,1
Meagher,GALT RANCH,GALT RANCH LP,543 BIRCH CREEK RD,,,WHITE SULPHUR SPRINGS,MT,Vacant Land,640.0,1
Meagher,GALT RANCH,71 RANCH LP,40 71 RANCH LN,,,MARTINSDALE,MT,Vacant Land,640.0,1
Meagher,GALT RANCH,GALT RANCH LP,543 BIRCH CREEK RD,,,WHITE SULPHUR SPRINGS,MT,Vacant Land,644.04,1
Meagher,GALT RANCH,GALT RANCH LP,543 BIRCH CREEK RD,,,WHITE SULPHUR SPRINGS,MT,Vacant Land,642.97,1
Meagher,GALT RANCH,GALT RANCH LP,543 BIRCH CREEK RD,,,WHITE SULPHUR SPRINGS,MT,Vacant Land,638.64,1
Meagher,GALT RANCH,GALT RANCH LP,543 BIRCH CREEK RD,,,WHT SPHR SPGS,MT,Vacant Land,640.0,1
Meagher,GALT RANCH,GALT RANCH LP,543 BIRCH CREEK RD,,,WHT SPHR SPGS,MT,Vacant Land,633.78,1
Meagher,GALT RANCH,GALT RANCH LP,543 BIRCH CREEK RD,,,WHT SPHR SPGS,MT,Vacant Land,160.0,1
Meagher,GALT RANCH,GALT RANCH LP,543 BIRCH CREEK RD,,,WHT SPHR SPGS,MT,Vacant Land,640.0,1
Meagher,GALT RANCH,GALT RANCH LP,543 BIRCH CREEK RD,,,WHT SPHR SPGS,MT,Vacant Land,618.76,1
Meagher,GALT RANCH,71 RANCH LP,40 71 RANCH LN,,,MARTINSDALE,MT,Vacant Land,320.0,1
Meagher,GALT RANCH,71 RANCH LP,40 71 RANCH LN,,,MARTINSDALE,MT,Vacant Land,625.4,1
Meagher,GALT RANCH,GALT RANCH LP,543 BIRCH CREEK RD,,,WHITE SULPHUR SPRINGS,MT,Vacant Land,641.42,1
Meagher,GALT RANCH,GALT RANCH LP,543 BIRCH CREEK RD,,,WHITE SULPHUR SPRINGS,MT,Vacant Land,152.17,1
Meagher,GALT RANCH,71 RANCH LP,40 71 RANCH LN,,,MARTINSDALE,MT,Vacant Land,13.76,1
Meagher,GALT RANCH,71 RANCH LP,40 71 RANCH LN,,,MARTINSDALE,MT,Improved Property,143.47,1
Meagher,GALT RANCH,71 RANCH LP,40 71 RANCH LN,,,MARTINSDALE,MT,Vacant Land,379.3,1
Meagher,GALT RANCH,71 RANCH LP,40 71 RANCH LN,,,MARTINSDALE,MT,Vacant Land,640.0,1
Meagher,GALT RANCH,71 RANCH LP,40 71 RANCH LN,,,MARTINSDALE,MT,Vacant Land,640.0,1
Meagher,GALT RANCH,71 RANCH LP,40 71 RANCH LN,,,MARTINSDALE,MT,Vacant Land,640.0,1
Meagher,GALT RANCH,GALT RANCH LP,543 BIRCH CREEK RD,,,WHT SPHR SPGS,MT,Improved Property,673.05,1
Meagher,GALT RANCH,GALT RANCH LP,543 BIRCH CREEK RD,,,WHT SPHR SPGS,MT,Vacant Land,696.96,1
Meagher,GALT RANCH,GALT RANCH LP,543 BIRCH CREEK RD,,,WHT SPHR SPGS,MT,Vacant Land,690.0,1
Meagher,GALT RANCH,GALT RANCH LP,543 BIRCH CREEK RD,,,WHT SPHR SPGS,MT,Vacant Land,690.0,1
Meagher,GALT RANCH,GALT RANCH LP,543 BIRCH CREEK RD,,,WHT SPHR SPGS,MT,Vacant Land,690.0,1
Meagher,GALT RANCH,GALT RANCH LP,543 BIRCH CREEK RD,,,WHT SPHR SPGS,MT,Vacant Land,640.0,1
Meagher,GALT RANCH,GALT RANCH LP,543 BIRCH CREEK RD,,,WHT SPHR SPGS,MT,Vacant Land,522.283,1
Meagher,GALT RANCH,GALT RANCH LP,543 BIRCH CREEK RD,,,WHT SPHR SPGS,MT,Vacant Land,640.0,1
Meagher,GALT RANCH,GALT RANCH LP,543 BIRCH CREEK RD,,,WHT SPHR SPGS,MT,Vacant Land,640.0,1
Meagher,GALT RANCH,GALT RANCH LP,543 BIRCH CREEK RD,,,WHT SPHR SPGS,MT,Vacant Land,640.0,1
Meagher,GALT RANCH,GALT RANCH LP,543 BIRCH CREEK RD,,,WHT SPHR SPGS,MT,Vacant Land,640.0,1
Meagher,GALT RANCH,71 RANCH LP,40 71 RANCH LN,,,MARTINSDALE,MT,Vacant Land,640.0,1
Meagher,GALT RANCH,GALT RANCH LP,543 BIRCH CREEK RD,,,WHT SPHR SPGS,MT,Vacant Land,320.0,1
Meagher,GALT RANCH,GALT RANCH LP,543 BIRCH CREEK RD,,,WHT SPHR SPGS,MT,Vacant Land,640.0,1
Meagher,GALT RANCH,GALT RANCH LP,543 BIRCH CREEK RD,,,WHT SPHR SPGS,MT,Vacant Land,653.88,1
Meagher,GALT RANCH,71 RANCH LP,40 71 RANCH LN,,,MARTINSDALE,MT,Vacant Land,545.27,1
Meagher,GALT RANCH,71 RANCH LP,40 71 RANCH LN,,,MARTINSDALE,MT,Vacant Land,200.0,1
Meagher,GALT RANCH,GALT RANCH LP,543 BIRCH CREEK RD,,,WHITE SULPHUR SPRINGS,MT,Vacant Land,640.0,1
Meagher,GALT RANCH,GALT RANCH LP,543 BIRCH CREEK RD,,,WHITE SULPHUR SPRINGS,MT,Vacant Land,320.0,1
Meagher,GALT RANCH,GALT RANCH LP,543 BIRCH CREEK RD,,,WHT SPHR SPGS,MT,Vacant Land,199.56,1
Meagher,GALT RANCH,GALT RANCH LP,543 BIRCH CREEK RD,,,WHT SPHR SPGS,MT,Vacant Land,198.6,1
Meagher,GALT RANCH,GALT RANCH LP,543 BIRCH CREEK RD,,,WHT SPHR SPGS,MT,Vacant Land,195.36,1
Meagher,GALT RANCH,GALT RANCH LP,543 BIRCH CREEK RD,,,WHT SPHR SPGS,MT,Vacant Land,195.36,1
Meagher,GALT RANCH,GALT RANCH LP,543 BIRCH CREEK RD,,,WHT SPHR SPGS,MT,Vacant Land,194.48,1
Meagher,GALT RANCH,GALT RANCH LP,543 BIRCH CREEK RD,,,WHT SPHR SPGS,MT,Vacant Land,190.42,1
Meagher,GALT RANCH,71 RANCH LP,40 71 RANCH LN,,,MARTINSDALE,MT,Vacant Land,160.0,1
Meagher,GALT RANCH,71 RANCH LP,40 71 RANCH LN,,,MARTINSDALE,MT,Vacant Land,120.0,1
Meagher,GALT RANCH,GALT RANCH LP,543 BIRCH CREEK RD,,,WHITE SULPHUR SPRINGS,MT,Improved Property,638.0,1
Meagher,GALT RANCH,GALT RANCH LP,543 BIRCH CREEK RD,,,WHITE SULPHUR SPRINGS,MT,Vacant Land,640.0,1
Meagher,GALT RANCH,71 RANCH LP,40 71 RANCH LN,,,MARTINSDALE,MT,Vacant Land,160.0,1
Meagher,GALT RANCH,GALT RANCH LP,543 BIRCH CREEK RD,,,WHT SPHR SPGS,MT,Improved Property,80.0,1
Meagher,GALT RANCH,GALT RANCH LP,543 BIRCH CREEK RD,,,WHT SPHR SPGS,MT,Vacant Land,400.53,1
Meagher,GALT RANCH,GALT RANCH LP,543 BIRCH CREEK RD,,,WHT SPHR SPGS,MT,Vacant Land,642.32,1
Meagher,GALT RANCH,71 RANCH LP,40 71 RANCH LN,,,MARTINSDALE,MT,Vacant Land,480.0,1
Meagher,GALT RANCH,71 RANCH LP,40 71 RANCH LN,,,MARTINSDALE,MT,Vacant Land,640.0,1
Meagher,GALT RANCH,71 RANCH LP,40 71 RANCH LN,,,MARTINSDALE,MT,Vacant Land,626.84,1
Meagher,GALT RANCH,71 RANCH LP,40 71 RANCH LN,,,MARTINSDALE,MT,Vacant Land,320.0,1
Meagher,GALT RANCH,GALT RANCH LP,543 BIRCH CREEK RD,,,WHITE SULPHUR SPRINGS,MT,Vacant Land,642.96,1
Meagher,GALT RANCH,71 RANCH LP,40 71 RANCH LN,,,MARTINSDALE,MT,Improved Property,640.0,1
Meagher,GALT RANCH,71 RANCH LP,40 71 RANCH LN,,,MARTINSDALE,MT,Vacant Land,626.56,1
Meagher,GALT RANCH,71 RANCH LP,40 71 RANCH LN,,,MARTINSDALE,MT,Vacant Land,640.0,1
Meagher,GALT RANCH,71 RANCH LP,40 71 RANCH LN,,,MARTINSDALE,MT,Vacant Land,232.4,1
Meagher,GALT RANCH,GALT RANCH LP,543 BIRCH CREEK RD,,,WHT SPHR SPGS,MT,Vacant Land,259.0,1
Meagher,GALT RANCH,GALT RANCH LP,543 BIRCH CREEK RD,,,WHT SPHR SPGS,MT,Vacant Land,640.0,1
Meagher,GALT RANCH,GALT RANCH LP,543 BIRCH CREEK RD,,,WHT SPHR SPGS,MT,Vacant Land,640.0,1
Meagher,GALT RANCH,GALT RANCH LP,543 BIRCH CREEK RD,,,WHT SPHR SPGS,MT,Vacant Land,640.0,1
Meagher,GALT RANCH,GALT RANCH LP,543 BIRCH CREEK RD,,,WHT SPHR SPGS,MT,Vacant Land,640.0,1
Meagher,GALT RANCH,GALT RANCH LP,543 BIRCH CREEK RD,,,WHITE SULPHUR SPRINGS,MT,Vacant Land,590.0,1
Meagher,GALT RANCH,GALT RANCH LP,543 BIRCH CREEK RD,,,WHITE SULPHUR SPRINGS,MT,Vacant Land,636.88,1
Meagher,GALT RANCH,GALT RANCH LP,543 BIRCH CREEK RD,,,WHITE SULPHUR SPRINGS,MT,Vacant Land,640.0,1
Meagher,GALT RANCH,GALT RANCH LP,543 BIRCH CREEK RD,,,WHITE SULPHUR SPRINGS,MT,Vacant Land,640.0,1
Meagher,GALT RANCH,71 RANCH LP,40 71 RANCH LN,,,MARTINSDALE,MT,Vacant Land,538.27,1
Meagher,GALT RANCH,GALT RANCH LP,543 BIRCH CREEK RD,,,WHT SPHR SPGS,MT,Vacant Land,640.0,1
Meagher,GALT RANCH,GALT RANCH LP,543 BIRCH CREEK RD,,,WHT SPHR SPGS,MT,Vacant Land,159.539,1
Meagher,GALT RANCH,GALT RANCH LP,543 BIRCH CREEK RD,,,WHT SPHR SPGS,MT,Vacant Land,639.36,1
Meagher,GALT RANCH,GALT RANCH LP,543 BIRCH CREEK RD,,,WHT SPHR SPGS,MT,Vacant Land,640.0,1
Meagher,GALT RANCH,GALT RANCH LP,543 BIRCH CREEK RD,,,WHT SPHR SPGS,MT,Vacant Land,640.0,1
Meagher,GALT RANCH,GALT RANCH LP,543 BIRCH CREEK RD,,,WHT SPHR SPGS,MT,Vacant Land,640.0,1
Meagher,GALT RANCH,GALT RANCH LP,543 BIRCH CREEK RD,,,WHT SPHR SPGS,MT,Vacant Land,640.0,1
Meagher,GALT RANCH,71 RANCH LP,40 71 RANCH LN,,,MARTINSDALE,MT,Vacant Land,63.5,1
Meagher,GALT RANCH,71 RANCH LP,40 71 RANCH LN,,,MARTINSDALE,MT,Vacant Land,591.05,1
Meagher,GALT RANCH,71 RANCH LP,40 71 RANCH LN,,,MARTINSDALE,MT,Vacant Land,640.0,1
Meagher,GALT RANCH,71 RANCH LP,40 71 RANCH LN,,,MARTINSDALE,MT,Vacant Land,640.0,1
Meagher,GALT RANCH,71 RANCH LP,40 71 RANCH LN,,,MARTINSDALE,MT,Vacant Land,640.0,1
Meagher,GALT RANCH,71 RANCH LP,40 71 RANCH LN,,,MARTINSDALE,MT,Vacant Land,320.0,1
Meagher,GALT RANCH,71 RANCH LP,40 71 RANCH LN,,,MARTINSDALE,MT,Vacant Land,486.78,1
Meagher,GALT RANCH,71 RANCH LP,40 71 RANCH LN,,,MARTINSDALE,MT,Vacant Land,337.71,1
Meagher,GALT RANCH,71 RANCH LP,40 71 RANCH LN,,,MARTINSDALE,MT,Vacant Land,289.03,1
Meagher,GALT RANCH,GALT RANCH LP,543 BIRCH CREEK RD,,,WHITE SULPHUR SPRINGS,MT,Vacant Land,480.0,1
Meagher,GALT RANCH,GALT RANCH LP,543 BIRCH CREEK RD,,,WHITE SULPHUR SPRINGS,MT,Vacant Land,571.0,1
Meagher,GALT RANCH,GALT RANCH LP,543 BIRCH CREEK RD,,,WHT SPHR SPGS,MT,Vacant Land,640.0,1
Meagher,GALT RANCH,GALT RANCH LP,543 BIRCH CREEK RD,,,WHT SPHR SPGS,MT,Vacant Land,640.0,1
Meagher,GALT RANCH,GALT RANCH LP,543 BIRCH CREEK RD,,,WHT SPHR SPGS,MT,Vacant Land,654.48,1
Meagher,GALT RANCH,GALT RANCH LP,543 BIRCH CREEK RD,,,WHT SPHR SPGS,MT,Vacant Land,640.0,1
Meagher,GALT RANCH,GALT RANCH LP,543 BIRCH CREEK RD,,,WHT SPHR SPGS,MT,Vacant Land,640.0,1
Meagher,GALT RANCH,GALT RANCH LP,543 BIRCH CREEK RD,,,WHT SPHR SPGS,MT,Vacant Land,640.0,1
Meagher,GALT RANCH,GALT RANCH LP,543 BIRCH CREEK RD,,,WHT SPHR SPGS,MT,Vacant Land,640.0,1
Meagher,GALT RANCH,GALT RANCH LP,543 BIRCH CREEK RD,,,WHITE SULPHUR SPRINGS,MT,Vacant Land,638.04,1
Meagher,GALT RANCH,71 RANCH LP,40 71 RANCH LN,,,MARTINSDALE,MT,Vacant Land,24.489,1
Meagher,GALT RANCH,GALT RANCH LP,543 BIRCH CREEK RD,,,WHT SPHR SPGS,MT,Vacant Land,641.12,1
Meagher,GALT RANCH,GALT RANCH LP,543 BIRCH CREEK RD,,,WHT SPHR SPGS,MT,Vacant Land,640.0,1
Meagher,GALT RANCH,GALT RANCH LP,543 BIRCH CREEK RD,,,WHT SPHR SPGS,MT,Vacant Land,640.0,1
Meagher,GALT RANCH,GALT RANCH LP,543 BIRCH CREEK RD,,,WHT SPHR SPGS,MT,Vacant Land,640.0,1
Meagher,GALT RANCH,GALT RANCH LP,543 BIRCH CREEK RD,,,WHT SPHR SPGS,MT,Vacant Land,640.0,1
Meagher,GALT RANCH,GALT RANCH LP,543 BIRCH CREEK RD,,,WHT SPHR SPGS,MT,Vacant Land,640.0,1
Meagher,GALT RANCH,GALT RANCH LP,543 BIRCH CREEK RD,,,WHT SPHR SPGS,MT,Vacant Land,320.0,1
Meagher,GALT RANCH,GALT RANCH LP,543 BIRCH CREEK RD,,,WHITE SULPHUR SPRINGS,MT,Vacant Land,638.71,1
Meagher,GALT RANCH,71 RANCH LP,40 71 RANCH LN,,,MARTINSDALE,MT,Vacant Land,320.0,1
Meagher,GALT RANCH,GALT RANCH LP,543 BIRCH CREEK RD,,,WHT SPHR SPGS,MT,Vacant Land,640.0,1
Meagher,GALT RANCH,GALT RANCH LP,543 BIRCH CREEK RD,,,WHT SPHR SPGS,MT,Vacant Land,640.0,1
Meagher,GALT RANCH,GALT RANCH LP,543 BIRCH CREEK RD,,,WHT SPHR SPGS,MT,Vacant Land,80.0,1
Meagher,GALT RANCH,GALT RANCH LP,543 BIRCH CREEK RD,,,WHITE SULPHUR SPRINGS,MT,Vacant Land,640.0,1
Meagher,GALT RANCH,GALT RANCH LP,543 BIRCH CREEK RD,,,WHT SPHR SPGS,MT,Vacant Land,480.0,1
Meagher,GALT RANCH,GALT RANCH LP,543 BIRCH CREEK RD,,,WHT SPHR SPGS,MT,Vacant Land,318.801,1
Meagher,GALT RANCH,GALT RANCH LP,543 BIRCH CREEK RD,,,WHT SPHR SPGS,MT,Vacant Land,640.0,1
Meagher,GALT RANCH,GALT RANCH LP,543 BIRCH CREEK RD,,,WHT SPHR SPGS,MT,Vacant Land,480.0,1
Meagher,GALT RANCH,GALT RANCH LP,543 BIRCH CREEK RD,,,WHITE SULPHUR SPRINGS,MT,Vacant Land,120.0,1
Meagher,GALT RANCH,GALT RANCH LP,543 BIRCH CREEK RD,,,WHT SPHR SPGS,MT,Vacant Land,520.0,1
Meagher,GALT RANCH,GALT RANCH LP,543 BIRCH CREEK RD,,,WHITE SULPHUR SPRINGS,MT,Vacant Land,640.0,1
Meagher,GALT RANCH,GALT RANCH LP,543 BIRCH CREEK RD,,,WHT SPHR SPGS,MT,Vacant Land,641.37,1
Meagher,GALT RANCH,GALT RANCH LP,543 BIRCH CREEK RD,,,WHT SPHR SPGS,MT,Vacant Land,320.0,1
Meagher,GALT RANCH,GALT RANCH LP,543 BIRCH CREEK RD,,,WHITE SULPHUR SPRINGS,MT,Vacant Land,40.0,1
Meagher,GALT RANCH,71 RANCH LP,40 71 RANCH LN,,,MARTINSDALE,MT,Vacant Land,95.26,1
Meagher,GALT RANCH,71 RANCH LP,40 71 RANCH LN,,,MARTINSDALE,MT,Vacant Land,480.0,1
Meagher,GALT RANCH,71 RANCH LP,40 71 RANCH LN,,,MARTINSDALE,MT,Vacant Land,640.0,1
Meagher,GALT RANCH,GALT RANCH LP,543 BIRCH CREEK RD,,,WHITE SULPHUR SPRINGS,MT,Vacant Land,641.48,1
Meagher,GALT RANCH,GALT RANCH LP,543 BIRCH CREEK RD,,,WHITE SULPHUR SPRINGS,MT,Vacant Land,640.0,1
Meagher,GALT RANCH,71 RANCH LP,40 71 RANCH LN,,,MARTINSDALE,MT,Vacant Land,640.0,1
Meagher,GALT RANCH,GALT RANCH LP,543 BIRCH CREEK RD,,,WHT SPHR SPGS,MT,Vacant Land,585.0,1
Meagher,GALT RANCH,GALT RANCH LP,543 BIRCH CREEK RD,,,WHITE SULPHUR SPRINGS,MT,Vacant Land,460.0,1
Meagher,GALT RANCH,GALT RANCH LP,543 BIRCH CREEK RD,,,WHITE SULPHUR SPRINGS,MT,Vacant Land,180.0,1
Meagher,GALT RANCH,GALT RANCH LP,543 BIRCH CREEK RD,,,WHITE SULPHUR SPRINGS,MT,Vacant Land,640.0,1
Meagher,GALT RANCH,71 RANCH LP,40 71 RANCH LN,,,MARTINSDALE,MT,Vacant Land,385.08,1
Meagher,GALT RANCH,71 RANCH LP,40 71 RANCH LN,,,MARTINSDALE,MT,Vacant Land,323.01,1
Meagher,GALT RANCH,71 RANCH LP,40 71 RANCH LN,,,MARTINSDALE,MT,Improved Property,640.0,1
Meagher,GALT RANCH,GALT RANCH LP,543 BIRCH CREEK RD,,,WHITE SULPHUR SPRINGS,MT,Vacant Land,400.0,1
Meagher,GALT RANCH,71 RANCH LP,40 71 RANCH LN,,,MARTINSDALE,MT,Vacant Land,632.46,1
Meagher,GALT RANCH,GALT RANCH LP,543 BIRCH CREEK RD,,,WHITE SULPHUR SPRINGS,MT,Vacant Land,67.474,1
Meagher,GALT RANCH,GALT RANCH LP,543 BIRCH CREEK RD,,,WHT SPHR SPGS,MT,Vacant Land,640.0,1
Meagher,GALT RANCH,GALT RANCH LP,543 BIRCH CREEK RD,,,WHT SPHR SPGS,MT,Vacant Land,640.0,1
Meagher,GALT RANCH,GALT RANCH LP,543 BIRCH CREEK RD,,,WHITE SULPHUR SPRINGS,MT,Vacant Land,320.0,1
Meagher,GALT RANCH,GALT RANCH LP,543 BIRCH CREEK RD,,,WHITE SULPHUR SPRINGS,MT,Vacant Land,601.67,1
Meagher,GALT RANCH,GALT RANCH LP,543 BIRCH CREEK RD,,,WHITE SULPHUR SPRINGS,MT,Vacant Land,160.0,1
Meagher,GALT RANCH,GALT RANCH LP,543 BIRCH CREEK RD,,,WHITE SULPHUR SPRINGS,MT,Improved Property,315.0,1
Meagher,GALT RANCH,71 RANCH LP,40 71 RANCH LN,,,MARTINSDALE,MT,Vacant Land,636.23,1
Meagher,GALT RANCH,GALT RANCH LP,543 BIRCH CREEK RD,,,WHT SPHR SPGS,MT,Vacant Land,66.084,1
Meagher,GALT RANCH,GALT RANCH LP,543 BIRCH CREEK RD,,,WHT SPHR SPGS,MT,Vacant Land,640.0,1
Meagher,GALT RANCH,GALT RANCH LP,543 BIRCH CREEK RD,,,WHT SPHR SPGS,MT,Vacant Land,640.08,1
Meagher,GALT RANCH,GALT RANCH LP,543 BIRCH CREEK RD,,,WHT SPHR SPGS,MT,Vacant Land,640.0,1
Meagher,GALT RANCH,GALT RANCH LP,543 BIRCH CREEK RD,,,WHT SPHR SPGS,MT,Vacant Land,640.0,1
Meagher,GALT RANCH,GALT RANCH LP,543 BIRCH CREEK RD,,,WHT SPHR SPGS,MT,Vacant Land,640.0,1
Meagher,GALT RANCH,GALT RANCH LP,543 BIRCH CREEK RD,,,WHT SPHR SPGS,MT,Vacant Land,588.92,1
Meagher,GALT RANCH,71 RANCH LP,40 71 RANCH LN,,,MARTINSDALE,MT,Vacant Land,637.6,1
Meagher,GALT RANCH,GALT RANCH LP,543 BIRCH CREEK RD,,,WHITE SULPHUR SPRINGS,MT,Vacant Land,384.17,1
Meagher,GALT RANCH,71 RANCH LP,40 71 RANCH LN,,,MARTINSDALE,MT,Vacant Land,640.0,1
Meagher,GALT RANCH,71 RANCH LP,40 71 RANCH LN,,,MARTINSDALE,MT,Vacant Land,640.0,1
Meagher,GALT RANCH,GALT RANCH LP,543 BIRCH CREEK RD,,,WHT SPHR SPGS,MT,Vacant Land,617.68,1
Meagher,GALT RANCH,SUN COULEE LLC,40 71 RANCH LN,,,MARTINSDALE,MT,Improved Property,0.057,1
Meagher,GALT RANCH,SUN COULEE LLC,40 71 RANCH LN,,,MARTINSDALE,MT,Vacant Land,0.115,1
Meagher,GALT RANCH,GALT RANCH LP,543 BIRCH CREEK RD,,,WHITE SULPHUR SPRINGS,MT,Improved Property,120.0,1
Meagher,GALT RANCH,71 RANCH LP,40 71 RANCH LN,,,MARTINSDALE,MT,Vacant Land,265.09,1
Meagher,GALT RANCH,71 RANCH LP,40 71 RANCH LN,,,MARTINSDALE,MT,Vacant Land,637.36,1
Meagher,GALT RANCH,GALT RANCH LP,543 BIRCH CREEK RD,,,WHITE SULPHUR SPRINGS,MT,Vacant Land,615.0,1
Meagher,GALT RANCH,GALT RANCH LP,543 BIRCH CREEK RD,,,WHITE SULPHUR SPRINGS,MT,Vacant Land,137.0,1
Meagher,GALT RANCH,71 RANCH LP,40 71 RANCH LN,,,MARTINSDALE,MT,Improved Property,269.61,1
Meagher,GALT RANCH,GALT RANCH LP,543 BIRCH CREEK RD,,,WHITE SULPHUR SPRINGS,MT,Vacant Land,640.0,1
Meagher,GALT RANCH,GALT RANCH LP,543 BIRCH CREEK RD,,,WHITE SULPHUR SPRINGS,MT,Vacant Land,640.0,1
Meagher,GALT RANCH,GALT RANCH LP,543 BIRCH CREEK RD,,,WHITE SULPHUR SPRINGS,MT,Vacant Land,643.84,1
Meagher,GALT RANCH,GALT RANCH LP,543 BIRCH CREEK RD,,,WHITE SULPHUR SPRINGS,MT,Vacant Land,640.0,1
Meagher,GALT RANCH,GALT RANCH LP,543 BIRCH CREEK RD,,,WHITE SULPHUR SPRINGS,MT,Vacant Land,340.0,1
Meagher,GALT RANCH,GALT RANCH LP,543 BIRCH CREEK RD,,,WHITE SULPHUR SPRINGS,MT,Vacant Land,624.34,1
Meagher,GALT RANCH,GALT RANCH LP,543 BIRCH CREEK RD,,,WHT SPHR SPGS,MT,Vacant Land,320.0,1
Meagher,GALT RANCH,GALT RANCH LP,543 BIRCH CREEK RD,,,WHT SPHR SPGS,MT,Vacant Land,160.0,1
Meagher,GALT RANCH,71 RANCH LP,40 71 RANCH LN,,,MARTINSDALE,MT,Vacant Land,639.36,1
Meagher,GALT RANCH,71 RANCH LP,40 71 RANCH LN,,,MARTINSDALE,MT,Vacant Land,633.05,1
Meagher,GALT RANCH,71 RANCH LP,40 71 RANCH LN,,,MARTINSDALE,MT,Vacant Land,629.81,1
Meagher,GALT RANCH,71 RANCH LP,40 71 RANCH LN,,,MARTINSDALE,MT,Vacant Land,580.997,1
Meagher,GALT RANCH,71 RANCH LP,40 71 RANCH LN,,,MARTINSDALE,MT,Vacant Land,640.0,1
Meagher,GALT RANCH,71 RANCH LP,40 71 RANCH LN,,,MARTINSDALE,MT,Vacant Land,640.0,1
Meagher,GALT RANCH,71 RANCH LP,40 71 RANCH LN,,,MARTINSDALE,MT,Vacant Land,280.0,1
Meagher,GALT RANCH,71 RANCH LP,40 71 RANCH LN,,,MARTINSDALE,MT,Vacant Land,280.0,1
Meagher,GALT RANCH,GALT RANCH LP,543 BIRCH CREEK RD,,,WHITE SULPHUR SPRINGS,MT,Vacant Land,234.483,1
Meagher,GALT RANCH,GALT RANCH LP,543 BIRCH CREEK RD,,,WHITE SULPHUR SPRINGS,MT,Vacant Land,133.702,1
Meagher,GALT RANCH,GALT RANCH LP,543 BIRCH CREEK RD,,,WHITE SULPHUR SPRINGS,MT,Vacant Land,115.448,1
Prairie,GREAT NORTHERN PROPERTIES,GREAT NORTHERN PROPERTIES LP,PO BOX 1745,,,MILES CITY,MT,Vacant Land,640.0,10
Prairie,GREAT NORTHERN PROPERTIES,GREAT NORTHERN PROPERTIES LP,PO BOX 1745,,,MILES CITY,MT,Vacant Land,640.0,10
Prairie,GREAT NORTHERN PROPERTIES,GREAT NORTHERN PROPERTIES LP,PO BOX 1745,,,MILES CITY,MT,Vacant Land,618.24,10
Prairie,GREAT NORTHERN PROPERTIES,GREAT NORTHERN PROPERTIES LP,PO BOX 1745,,,MILES CITY,MT,Vacant Land,640.0,10
Prairie,GREAT NORTHERN PROPERTIES,GREAT NORTHERN PROPERTIES LP,PO BOX 1745,,,MILES CITY,MT,Vacant Land,640.0,10
Prairie,GREAT NORTHERN PROPERTIES,GREAT NORTHERN PROPERTIES LP,PO BOX 1745,,,MILES CITY,MT,Vacant Land,640.0,10
Prairie,GREAT NORTHERN PROPERTIES,GREAT NORTHERN PROPERTIES LP,PO BOX 1745,,,MILES CITY,MT,Vacant Land,640.0,10
Prairie,GREAT NORTHERN PROPERTIES,GREAT NORTHERN PROPERTIES LP,PO BOX 1745,,,MILES CITY,MT,Vacant Land,640.0,10
Prairie,GREAT NORTHERN PROPERTIES,GREAT NORTHERN PROPERTIES LP,PO BOX 1745,,,MILES CITY,MT,Vacant Land,320.0,10
Prairie,GREAT NORTHERN PROPERTIES,GREAT NORTHERN PROPERTIES LP,PO BOX 1745,,,MILES CITY,MT,Vacant Land,639.68,10
Prairie,GREAT NORTHERN PROPERTIES,GREAT NORTHERN PROPERTIES LP,PO BOX 1745,,,MILES CITY,MT,Vacant Land,640.0,10
Prairie,GREAT NORTHERN PROPERTIES,GREAT NORTHERN PROPERTIES LP,PO BOX 1745,,,MILES CITY,MT,Vacant Land,640.0,10
Prairie,GREAT NORTHERN PROPERTIES,GREAT NORTHERN PROPERTIES LP,PO BOX 1745,,,MILES CITY,MT,Vacant Land,640.0,10
Prairie,GREAT NORTHERN PROPERTIES,GREAT NORTHERN PROPERTIES LP,PO BOX 1745,,,MILES CITY,MT,Vacant Land,320.0,10
Wheatland,FARMLAND RESERVE INC,FARMLAND RESERVE INC,PO BOX 3688,,,SALT LAKE CITY,UT,Vacant Land,640.0,3
Wheatland,FARMLAND RESERVE INC,FARMLAND RESERVE INC,PO BOX 3688,,,SALT LAKE CITY,UT,Vacant Land,320.0,3
Wheatland,WILKS BROTHERS,WILKS RANCH MONTANA LTD,ATTN:  JESSICA SULLIVAN,PO BOX 111,,CISCO,TX,Vacant Land,308.66,5
Wheatland,WILKS BROTHERS,WILKS RANCH MONTANA LTD,PO BOX 1032,,,CISCO,TX,Improved Property,625.6,5
Wheatland,WILKS BROTHERS,WILKS RANCH MONTANA LTD,PO BOX 1032,,,CISCO,TX,Improved Property,640.0,5
Wheatland,FARMLAND RESERVE INC,FARMLAND RESERVE INC,PO BOX 3688,,,SALT LAKE CITY,UT,Vacant Land,640.0,3
Wheatland,FARMLAND RESERVE INC,FARMLAND RESERVE INC,PO BOX 3688,,,SALT LAKE CITY,UT,Vacant Land,640.0,3
Wheatland,FARMLAND RESERVE INC,FARMLAND RESERVE INC,PO BOX 3688,,,SALT LAKE CITY,UT,Vacant Land,640.0,3
Wheatland,FARMLAND RESERVE INC,FARMLAND RESERVE INC,PO BOX 3688,,,SALT LAKE CITY,UT,Vacant Land,640.0,3
Wheatland,FARMLAND RESERVE INC,FARMLAND RESERVE INC,PO BOX 3688,,,SALT LAKE CITY,UT,Vacant Land,320.0,3
Wheatland,FARMLAND RESERVE INC,FARMLAND RESERVE INC,PO BOX 3688,,,SALT LAKE CITY,UT,Vacant Land,640.0,3
Wheatland,FARMLAND RESERVE INC,FARMLAND RESERVE INC,PO BOX 3688,,,SALT LAKE CITY,UT,Vacant Land,223.0,3
Wheatland,FARMLAND RESERVE INC,FARMLAND RESERVE INC,PO BOX 3688,,,SALT LAKE CITY,UT,Vacant Land,640.0,3
Wheatland,FARMLAND RESERVE INC,FARMLAND RESERVE INC,PO BOX 3688,,,SALT LAKE CITY,UT,Vacant Land,634.55,3
Wheatland,FARMLAND RESERVE INC,FARMLAND RESERVE INC,PO BOX 3688,,,SALT LAKE CITY,UT,Vacant Land,640.0,3
Wheatland,FARMLAND RESERVE INC,FARMLAND RESERVE INC,PO BOX 3688,,,SALT LAKE CITY,UT,Vacant Land,626.08,3
Wheatland,FARMLAND RESERVE INC,FARMLAND RESERVE INC,PO BOX 3688,,,SALT LAKE CITY,UT,Vacant Land,480.0,3
Wheatland,WILKS BROTHERS,WILKS RANCH MONTANA LTD,PO BOX 1032,,,CISCO,TX,Vacant Land,642.47,5
Wheatland,WILKS BROTHERS,WILKS RANCH MONTANA LTD,PO BOX 1032,,,CISCO,TX,Vacant Land,480.0,5
Wheatland,FARMLAND RESERVE INC,FARMLAND RESERVE INC,PO BOX 3688,,,SALT LAKE CITY,UT,Vacant Land,612.567,3
Wheatland,FARMLAND RESERVE INC,FARMLAND RESERVE INC,PO BOX 3688,,,SALT LAKE CITY,UT,Vacant Land,628.64,3
Wheatland,FARMLAND RESERVE INC,FARMLAND RESERVE INC,PO BOX 3688,,,SALT LAKE CITY,UT,Vacant Land,440.0,3
Wheatland,WILKS BROTHERS,WILKS RANCH MONTANA LTD,PO BOX 1032,,,CISCO,TX,Vacant Land,640.0,5
Wheatland,WILKS BROTHERS,WILKS RANCH MONTANA LTD,PO BOX 1032,,,CISCO,TX,Vacant Land,640.0,5
Wheatland,WILKS BROTHERS,WILKS RANCH MONTANA LTD,PO BOX 1032,,,CISCO,TX,Vacant Land,20.0,5
Wheatland,FARMLAND RESERVE INC,FARMLAND RESERVE INC,PO BOX 3688,,,SALT LAKE CITY,UT,Vacant Land,640.0,3
Wheatland,FARMLAND RESERVE INC,FARMLAND RESERVE INC,PO BOX 3688,,,SALT LAKE CITY,UT,Vacant Land,638.47,3
Wheatland,FARMLAND RESERVE INC,FARMLAND RESERVE INC,PO BOX 3688,,,SALT LAKE CITY,UT,Vacant Land,314.91,3
Wheatland,FARMLAND RESERVE INC,FARMLAND RESERVE INC,PO BOX 3688,,,SALT LAKE CITY,UT,Vacant Land,640.0,3
Wheatland,WILKS BROTHERS,WILKS RANCH MONTANA LTD,PO BOX 1032,,,CISCO,TX,Vacant Land,345.0,5
Wheatland,FARMLAND RESERVE INC,FARMLAND RESERVE INC,PO BOX 3688,,,SALT LAKE CITY,UT,Vacant Land,628.92,3
Wheatland,WILKS BROTHERS,WILKS RANCH MONTANA LTD,PO BOX 111,,,CISCO,TX,Vacant Land,640.0,5
Wheatland,FARMLAND RESERVE INC,FARMLAND RESERVE INC,PO BOX 3688,,,SALT LAKE CITY,UT,Vacant Land,640.0,3
Wheatland,FARMLAND RESERVE INC,FARMLAND RESERVE INC,PO BOX 3688,,,SALT LAKE CITY,UT,Vacant Land,640.0,3
Wheatland,FARMLAND RESERVE INC,FARMLAND RESERVE INC,PO BOX 3688,,,SALT LAKE CITY,UT,Vacant Land,624.4,3
Wheatland,FARMLAND RESERVE INC,FARMLAND RESERVE INC,PO BOX 3688,,,SALT LAKE CITY,UT,Vacant Land,640.0,3
Wheatland,WILKS BROTHERS,WILKS RANCH MONTANA LTD,PO BOX 1032,,,CISCO,TX,Vacant Land,640.0,5
Wheatland,WILKS BROTHERS,WILKS RANCH MONTANA LTD,PO BOX 111,,,CISCO,TX,Vacant Land,40.0,5
Wheatland,FARMLAND RESERVE INC,FARMLAND RESERVE INC,PO BOX 3688,,,SALT LAKE CITY,UT,Vacant Land,640.0,3
Wheatland,WILKS BROTHERS,WILKS RANCH MONTANA LTD,PO BOX 1032,,,CISCO,TX,Vacant Land,320.0,5
Wheatland,WILKS BROTHERS,WILKS RANCH MONTANA LTD,PO BOX 1032,,,CISCO,TX,Vacant Land,640.96,5
Wheatland,FARMLAND RESERVE INC,FARMLAND RESERVE INC,PO BOX 3688,,,SALT LAKE CITY,UT,Vacant Land,600.0,3
Wheatland,FARMLAND RESERVE INC,FARMLAND RESERVE INC,PO BOX 3688,,,SALT LAKE CITY,UT,Vacant Land,640.0,3
Wheatland,WILKS BROTHERS,WILKS RANCH MONTANA LTD,PO BOX 1032,,,CISCO,TX,Vacant Land,320.0,5
Wheatland,FARMLAND RESERVE INC,FARMLAND RESERVE INC,PO BOX 3688,,,SALT LAKE CITY,UT,Vacant Land,626.0,3
Wheatland,WILKS BROTHERS,WILKS RANCH MONTANA LTD,PO BOX 1032,,,CISCO,TX,Vacant Land,640.0,5
Wheatland,WILKS BROTHERS,WILKS RANCH MONTANA LTD,PO BOX 1032,,,CISCO,TX,Vacant Land,640.0,5
Wheatland,FARMLAND RESERVE INC,FARMLAND RESERVE INC,PO BOX 3688,,,SALT LAKE CITY,UT,Vacant Land,192.72,3
Wheatland,FARMLAND RESERVE INC,FARMLAND RESERVE INC,PO BOX 3688,,,SALT LAKE CITY,UT,Vacant Land,400.0,3
Wheatland,FARMLAND RESERVE INC,FARMLAND RESERVE INC,PO BOX 3688,,,SALT LAKE CITY,UT,Vacant Land,9.0,3
Wheatland,WILKS BROTHERS,WILKS RANCH MONTANA LTD,PO BOX 1032,,,CISCO,TX,Improved Property,636.21,5
Wheatland,WILKS BROTHERS,WILKS RANCH MONTANA LTD,PO BOX 1032,,,CISCO,TX,Improved Property,620.17,5
Wheatland,FARMLAND RESERVE INC,FARMLAND RESERVE INC,PO BOX 3688,,,SALT LAKE CITY,UT,Vacant Land,240.0,3
Wheatland,WILKS BROTHERS,WILKS RANCH MONTANA LTD,PO BOX 111,,,CISCO,TX,Vacant Land,80.0,5
Wheatland,FARMLAND RESERVE INC,FARMLAND RESERVE INC,PO BOX 3688,,,SALT LAKE CITY,UT,Vacant Land,484.45,3
Wheatland,FARMLAND RESERVE INC,FARMLAND RESERVE INC,PO BOX 3688,,,SALT LAKE CITY,UT,Vacant Land,3.0,3
Wheatland,FARMLAND RESERVE INC,FARMLAND RESERVE INC,PO BOX 3688,,,SALT LAKE CITY,UT,Vacant Land,629.41,3
Wheatland,FARMLAND RESERVE INC,FARMLAND RESERVE INC,PO BOX 3688,,,SALT LAKE CITY,UT,Vacant Land,320.0,3
Wheatland,WILKS BROTHERS,WILKS RANCH MONTANA LTD,PO BOX 1032,,,CISCO,TX,Vacant Land,640.0,5
Wheatland,FARMLAND RESERVE INC,FARMLAND RESERVE INC,PO BOX 3688,,,SALT LAKE CITY,UT,Vacant Land,640.0,3
Wheatland,FARMLAND RESERVE INC,FARMLAND RESERVE INC,PO BOX 3688,,,SALT LAKE CITY,UT,Vacant Land,320.0,3
Wheatland,WILKS BROTHERS,WILKS RANCH MONTANA LTD,PO BOX 111,,,CISCO,TX,Vacant Land,640.0,5
Wheatland,WILKS BROTHERS,WILKS RANCH MONTANA LTD,PO BOX 1032,,,CISCO,TX,Vacant Land,640.0,5
Wheatland,FARMLAND RESERVE INC,FARMLAND RESERVE INC,PO BOX 3688,,,SALT LAKE CITY,UT,Improved Property,609.3,3
Wheatland,WILKS BROTHERS,WILKS RANCH MONTANA LTD,PO BOX 1032,,,CISCO,TX,Vacant Land,480.0,5
Wheatland,FARMLAND RESERVE INC,FARMLAND RESERVE INC,PO BOX 3688,,,SALT LAKE CITY,UT,Improved Property,524.578,3
Wheatland,WILKS BROTHERS,WILKS RANCH MONTANA LTD,PO BOX 1032,,,CISCO,TX,Vacant Land,640.0,5
Wheatland,WILKS BROTHERS,WILKS RANCH MONTANA LTD,PO BOX 1032,,,CISCO,TX,Vacant Land,640.0,5
Wheatland,WILKS BROTHERS,WILKS RANCH MONTANA LTD,PO BOX 1032,,,CISCO,TX,Vacant Land,640.0,5
Wheatland,FARMLAND RESERVE INC,FARMLAND RESERVE INC,PO BOX 3688,,,SALT LAKE CITY,UT,Vacant Land,640.0,3
Wheatland,WILKS BROTHERS,WILKS RANCH MONTANA LTD,PO BOX 1032,,,CISCO,TX,Improved Property,520.0,5
Wheatland,FARMLAND RESERVE INC,FARMLAND RESERVE INC,PO BOX 3688,,,SALT LAKE CITY,UT,Vacant Land,640.0,3
Wheatland,FARMLAND RESERVE INC,FARMLAND RESERVE INC,PO BOX 3688,,,SALT LAKE CITY,UT,Vacant Land,640.0,3
Wheatland,FARMLAND RESERVE INC,FARMLAND RESERVE INC,PO BOX 3688,,,SALT LAKE CITY,UT,Vacant Land,695.0,3
Wheatland,WILKS BROTHERS,WILKS RANCH MONTANA LTD,PO BOX 1032,,,CISCO,TX,Vacant Land,628.24,5
Wheatland,FARMLAND RESERVE INC,FARMLAND RESERVE INC,PO BOX 3688,,,SALT LAKE CITY,UT,Vacant Land,640.0,3
Wheatland,FARMLAND RESERVE INC,FARMLAND RESERVE INC,PO BOX 3688,,,SALT LAKE CITY,UT,Vacant Land,640.0,3
Wheatland,WILKS BROTHERS,WILKS RANCH MONTANA LTD,PO BOX 1032,,,CISCO,TX,Vacant Land,640.0,5
Wheatland,WILKS BROTHERS,WILKS RANCH MONTANA LTD,PO BOX 1032,,,CISCO,TX,Vacant Land,640.0,5
Wheatland,WILKS BROTHERS,WILKS RANCH MONTANA LTD,PO BOX 111,,,CISCO,TX,Vacant Land,601.6,5
Wheatland,FARMLAND RESERVE INC,FARMLAND RESERVE INC,PO BOX 3688,,,SALT LAKE CITY,UT,Vacant Land,596.19,3
Wheatland,FARMLAND RESERVE INC,FARMLAND RESERVE INC,PO BOX 3688,,,SALT LAKE CITY,UT,Vacant Land,640.0,3
Wheatland,FARMLAND RESERVE INC,FARMLAND RESERVE INC,PO BOX 3688,,,SALT LAKE CITY,UT,Vacant Land,628.52,3
Wheatland,FARMLAND RESERVE INC,FARMLAND RESERVE INC,PO BOX 3688,,,SALT LAKE CITY,UT,Vacant Land,640.0,3
Wheatland,WILKS BROTHERS,WILKS RANCH MONTANA LTD,PO BOX 111,,,CISCO,TX,Vacant Land,520.0,5
Wheatland,FARMLAND RESERVE INC,FARMLAND RESERVE INC,PO BOX 3688,,,SALT LAKE CITY,UT,Vacant Land,320.0,3
Wheatland,FARMLAND RESERVE INC,FARMLAND RESERVE INC,PO BOX 3688,,,SALT LAKE CITY,UT,Vacant Land,640.0,3
Wheatland,FARMLAND RESERVE INC,FARMLAND RESERVE INC,PO BOX 3688,,,SALT LAKE CITY,UT,Vacant Land,622.4,3
Wheatland,FARMLAND RESERVE INC,FARMLAND RESERVE INC,PO BOX 3688,,,SALT LAKE CITY,UT,Improved Property,640.0,3
Wheatland,FARMLAND RESERVE INC,FARMLAND RESERVE INC,PO BOX 3688,,,SALT LAKE CITY,UT,Vacant Land,30.51,3
Wheatland,FARMLAND RESERVE INC,FARMLAND RESERVE INC,PO BOX 3688,,,SALT LAKE CITY,UT,Vacant Land,635.66,3
Wheatland,FARMLAND RESERVE INC,FARMLAND RESERVE INC,PO BOX 3688,,,SALT LAKE CITY,UT,Vacant Land,640.47,3
Wheatland,FARMLAND RESERVE INC,FARMLAND RESERVE INC,PO BOX 3688,,,SALT LAKE CITY,UT,Vacant Land,640.0,3
Wheatland,FARMLAND RESERVE INC,FARMLAND RESERVE INC,PO BOX 3688,,,SALT LAKE CITY,UT,Vacant Land,640.0,3
Wheatland,FARMLAND RESERVE INC,FARMLAND RESERVE INC,PO BOX 3688,,,SALT LAKE CITY,UT,Vacant Land,640.0,3
Wheatland,FARMLAND RESERVE INC,FARMLAND RESERVE INC,PO BOX 3688,,,SALT LAKE CITY,UT,Vacant Land,640.0,3
Wheatland,WILKS BROTHERS,WILKS RANCH MONTANA LTD,PO BOX 1032,,,CISCO,TX,Vacant Land,320.0,5
Wheatland,WILKS BROTHERS,WILKS RANCH MONTANA LTD,PO BOX 111,,,CISCO,TX,Vacant Land,80.0,5
Wheatland,WILKS BROTHERS,WILKS RANCH MONTANA LTD,PO BOX 1032,,,CISCO,TX,Vacant Land,640.0,5
Wheatland,WILKS BROTHERS,WILKS RANCH MONTANA LTD,PO BOX 111,,,CISCO,TX,Vacant Land,640.0,5
Wheatland,FARMLAND RESERVE INC,FARMLAND RESERVE INC,PO BOX 3688,,,SALT LAKE CITY,UT,Vacant Land,320.0,3
Wheatland,WILKS BROTHERS,WILKS RANCH MONTANA LTD,PO BOX 1032,,,CISCO,TX,Vacant Land,640.0,5
Wheatland,WILKS BROTHERS,WILKS RANCH MONTANA LTD,PO BOX 111,,,CISCO,TX,Vacant Land,400.0,5
Wheatland,WILKS BROTHERS,WILKS RANCH MONTANA LTD,PO BOX 1032,,,CISCO,TX,Vacant Land,560.0,5
Wheatland,FARMLAND RESERVE INC,FARMLAND RESERVE INC,PO BOX 3688,,,SALT LAKE CITY,UT,Vacant Land,640.0,3
Wheatland,FARMLAND RESERVE INC,FARMLAND RESERVE INC,PO BOX 3688,,,SALT LAKE CITY,UT,Vacant Land,646.16,3
Wheatland,FARMLAND RESERVE INC,FARMLAND RESERVE INC,PO BOX 3688,,,SALT LAKE CITY,UT,Vacant Land,313.01,3
Wheatland,WILKS BROTHERS,WILKS RANCH MONTANA LTD,PO BOX 111,,,CISCO,TX,Vacant Land,25.0,5
Wheatland,WILKS BROTHERS,WILKS RANCH MONTANA LTD,PO BOX 1032,,,CISCO,TX,Vacant Land,617.8,5
Wheatland,WILKS BROTHERS,WILKS RANCH MONTANA LTD,PO BOX 1032,,,CISCO,TX,Vacant Land,320.0,5
Wheatland,FARMLAND RESERVE INC,FARMLAND RESERVE INC,PO BOX 3688,,,SALT LAKE CITY,UT,Vacant Land,640.0,3
Wheatland,FARMLAND RESERVE INC,FARMLAND RESERVE INC,PO BOX 3688,,,SALT LAKE CITY,UT,Vacant Land,640.0,3
Wheatland,FARMLAND RESERVE INC,FARMLAND RESERVE INC,PO BOX 3688,,,SALT LAKE CITY,UT,Vacant Land,29.13,3
Wheatland,FARMLAND RESERVE INC,FARMLAND RESERVE INC,PO BOX 3688,,,SALT LAKE CITY,UT,Vacant Land,640.0,3
Wheatland,FARMLAND RESERVE INC,FARMLAND RESERVE INC,PO BOX 3688,,,SALT LAKE CITY,UT,Vacant Land,40.0,3
Wheatland,FARMLAND RESERVE INC,FARMLAND RESERVE INC,PO BOX 3688,,,SALT LAKE CITY,UT,Vacant Land,322.95,3
Wheatland,FARMLAND RESERVE INC,FARMLAND RESERVE INC,PO BOX 3688,,,SALT LAKE CITY,UT,Vacant Land,656.72,3
Wheatland,WILKS BROTHERS,WILKS RANCH MONTANA LTD,PO BOX 1032,,,CISCO,TX,Vacant Land,641.3,5
Wheatland,WILKS BROTHERS,WILKS RANCH MONTANA LTD,PO BOX 1032,,,CISCO,TX,Vacant Land,640.0,5
Wheatland,FARMLAND RESERVE INC,FARMLAND RESERVE INC,PO BOX 3688,,,SALT LAKE CITY,UT,Vacant Land,14.68,3
Wheatland,WILKS BROTHERS,WILKS RANCH MONTANA LTD,PO BOX 1032,,,CISCO,TX,Vacant Land,657.6,5
Wheatland,WILKS BROTHERS,WILKS RANCH MONTANA LTD,PO BOX 1032,,,CISCO,TX,Vacant Land,631.55,5
Wheatland,FARMLAND RESERVE INC,FARMLAND RESERVE INC,PO BOX 3688,,,SALT LAKE CITY,UT,Vacant Land,111.73,3
Wheatland,FARMLAND RESERVE INC,FARMLAND RESERVE INC,PO BOX 3688,,,SALT LAKE CITY,UT,Vacant Land,640.0,3
Wheatland,WILKS BROTHERS,WILKS RANCH MONTANA LTD,PO BOX 1032,,,CISCO,TX,Vacant Land,640.0,5
Wheatland,FARMLAND RESERVE INC,FARMLAND RESERVE INC,PO BOX 3688,,,SALT LAKE CITY,UT,Vacant Land,628.72,3
Wheatland,FARMLAND RESERVE INC,FARMLAND RESERVE INC,PO BOX 3688,,,SALT LAKE CITY,UT,Vacant Land,627.4,3
Wheatland,FARMLAND RESERVE INC,FARMLAND RESERVE INC,PO BOX 3688,,,SALT LAKE CITY,UT,Vacant Land,638.76,3
Wheatland,FARMLAND RESERVE INC,FARMLAND RESERVE INC,PO BOX 3688,,,SALT LAKE CITY,UT,Vacant Land,640.0,3
Wheatland,FARMLAND RESERVE INC,FARMLAND RESERVE INC,PO BOX 3688,,,SALT LAKE CITY,UT,Vacant Land,388.1,3
Wheatland,WILKS BROTHERS,WILKS RANCH MONTANA LTD,PO BOX 111,,,CISCO,TX,Vacant Land,640.0,5
Wheatland,WILKS BROTHERS,WILKS RANCH MONTANA LTD,PO BOX 111,,,CISCO,TX,Vacant Land,643.11,5
Wheatland,WILKS BROTHERS,WILKS RANCH MONTANA LTD,PO BOX 111,,,CISCO,TX,Vacant Land,640.0,5
Wheatland,FARMLAND RESERVE INC,FARMLAND RESERVE INC,PO BOX 3688,,,SALT LAKE CITY,UT,Vacant Land,640.0,3
Wheatland,FARMLAND RESERVE INC,FARMLAND RESERVE INC,PO BOX 3688,,,SALT LAKE CITY,UT,Vacant Land,179.4,3
Wheatland,FARMLAND RESERVE INC,FARMLAND RESERVE INC,PO BOX 3688,,,SALT LAKE CITY,UT,Vacant Land,320.0,3
Wheatland,FARMLAND RESERVE INC,FARMLAND RESERVE INC,PO BOX 3688,,,SALT LAKE CITY,UT,Vacant Land,78.28,3
Wheatland,FARMLAND RESERVE INC,FARMLAND RESERVE INC,PO BOX 3688,,,SALT LAKE CITY,UT,Vacant Land,2.0,3
Wheatland,WILKS BROTHERS,WILKS RANCH MONTANA LTD,PO BOX 1032,,,CISCO,TX,Vacant Land,640.0,5
Wheatland,WILKS BROTHERS,WILKS RANCH MONTANA LTD,PO BOX 1032,,,CISCO,TX,Vacant Land,640.0,5
Wheatland,FARMLAND RESERVE INC,FARMLAND RESERVE INC,PO BOX 3688,,,SALT LAKE CITY,UT,Vacant Land,596.217,3
Wheatland,FARMLAND RESERVE INC,FARMLAND RESERVE INC,PO BOX 3688,,,SALT LAKE CITY,UT,Vacant Land,640.0,3
Wheatland,FARMLAND RESERVE INC,FARMLAND RESERVE INC,PO BOX 3688,,,SALT LAKE CITY,UT,Vacant Land,638.45,3
Wheatland,FARMLAND RESERVE INC,FARMLAND RESERVE INC,PO BOX 3688,,,SALT LAKE CITY,UT,Vacant Land,640.0,3
Wheatland,WILKS BROTHERS,WILKS RANCH MONTANA LTD,PO BOX 1032,,,CISCO,TX,Vacant Land,642.72,5
Wheatland,FARMLAND RESERVE INC,FARMLAND RESERVE INC,PO BOX 3688,,,SALT LAKE CITY,UT,Vacant Land,640.0,3
Wheatland,WILKS BROTHERS,WILKS RANCH MONTANA LTD,PO BOX 111,,,CISCO,TX,Vacant Land,640.0,5
Wheatland,FARMLAND RESERVE INC,FARMLAND RESERVE INC,PO BOX 3688,,,SALT LAKE CITY,UT,Vacant Land,622.68,3
Wheatland,FARMLAND RESERVE INC,FARMLAND RESERVE INC,PO BOX 3688,,,SALT LAKE CITY,UT,Vacant Land,160.0,3
Wheatland,WILKS BROTHERS,WILKS RANCH MONTANA LTD,PO BOX 111,,,CISCO,TX,Vacant Land,640.0,5
Wheatland,FARMLAND RESERVE INC,FARMLAND RESERVE INC,PO BOX 3688,,,SALT LAKE CITY,UT,Vacant Land,628.54,3
Wheatland,FARMLAND RESERVE INC,FARMLAND RESERVE INC,PO BOX 3688,,,SALT LAKE CITY,UT,Vacant Land,160.0,3
Wheatland,FARMLAND RESERVE INC,FARMLAND RESERVE INC,PO BOX 3688,,,SALT LAKE CITY,UT,Vacant Land,642.9,3
Wheatland,FARMLAND RESERVE INC,FARMLAND RESERVE INC,PO BOX 3688,,,SALT LAKE CITY,UT,Vacant Land,308.8,3
Wheatland,FARMLAND RESERVE INC,FARMLAND RESERVE INC,PO BOX 3688,,,SALT LAKE CITY,UT,Vacant Land,291.74,3
Wheatland,FARMLAND RESERVE INC,FARMLAND RESERVE INC,PO BOX 3688,,,SALT LAKE CITY,UT,Vacant Land,636.84,3
Wheatland,FARMLAND RESERVE INC,FARMLAND RESERVE INC,PO BOX 3688,,,SALT LAKE CITY,UT,Vacant Land,160.0,3
Wheatland,FARMLAND RESERVE INC,FARMLAND RESERVE INC,PO BOX 3688,,,SALT LAKE CITY,UT,Vacant Land,640.0,3
Wheatland,FARMLAND RESERVE INC,FARMLAND RESERVE INC,PO BOX 3688,,,SALT LAKE CITY,UT,Vacant Land,640.0,3
Wheatland,WILKS BROTHERS,WILKS RANCH MONTANA LTD,PO BOX 1032,,,CISCO,TX,Improved Property,618.62,5
Wheatland,FARMLAND RESERVE INC,FARMLAND RESERVE INC,PO BOX 3688,,,SALT LAKE CITY,UT,Vacant Land,640.0,3
Wheatland,WILKS BROTHERS,WILKS RANCH MONTANA LTD,PO BOX 1032,,,CISCO,TX,Vacant Land,658.32,5
Wheatland,WILKS BROTHERS,WILKS RANCH MONTANA LTD,PO BOX 1032,,,CISCO,TX,Vacant Land,640.0,5
Wheatland,WILKS BROTHERS,WILKS RANCH MONTANA LTD,PO BOX 1032,,,CISCO,TX,Vacant Land,623.84,5
Wheatland,WILKS BROTHERS,WILKS RANCH MONTANA LTD,PO BOX 1032,,,CISCO,TX,Vacant Land,640.0,5
Wheatland,WILKS BROTHERS,WILKS RANCH MONTANA LTD,PO BOX 1032,,,CISCO,TX,Vacant Land,640.0,5
Wheatland,FARMLAND RESERVE INC,FARMLAND RESERVE INC,PO BOX 3688,,,SALT LAKE CITY,UT,Vacant Land,327.68,3
Wheatland,FARMLAND RESERVE INC,FARMLAND RESERVE INC,PO BOX 3688,,,SALT LAKE CITY,UT,Vacant Land,307.98,3
Wheatland,WILKS BROTHERS,WILKS RANCH MONTANA LTD,PO BOX 1032,,,CISCO,TX,Vacant Land,80.0,5
Wheatland,FARMLAND RESERVE INC,FARMLAND RESERVE INC,PO BOX 3688,,,SALT LAKE CITY,UT,Vacant Land,640.0,3
Wheatland,FARMLAND RESERVE INC,FARMLAND RESERVE INC,PO BOX 3688,,,SALT LAKE CITY,UT,Vacant Land,638.618,3
Wheatland,FARMLAND RESERVE INC,FARMLAND RESERVE INC,PO BOX 3688,,,SALT LAKE CITY,UT,Vacant Land,611.499,3
Wheatland,FARMLAND RESERVE INC,FARMLAND RESERVE INC,PO BOX 3688,,,SALT LAKE CITY,UT,Vacant Land,320.0,3
Wheatland,WILKS BROTHERS,WILKS RANCH MONTANA LTD,PO BOX 1032,,,CISCO,TX,Vacant Land,656.84,5
Wheatland,FARMLAND RESERVE INC,FARMLAND RESERVE INC,PO BOX 3688,,,SALT LAKE CITY,UT,Vacant Land,460.94,3
Wheatland,FARMLAND RESERVE INC,FARMLAND RESERVE INC,PO BOX 3688,,,SALT LAKE CITY,UT,Vacant Land,160.0,3
Wheatland,FARMLAND RESERVE INC,FARMLAND RESERVE INC,PO BOX 3688,,,SALT LAKE CITY,UT,Vacant Land,640.0,3
Wheatland,FARMLAND RESERVE INC,FARMLAND RESERVE INC,PO BOX 3688,,,SALT LAKE CITY,UT,Vacant Land,80.0,3
Wheatland,FARMLAND RESERVE INC,FARMLAND RESERVE INC,PO BOX 3688,,,SALT LAKE CITY,UT,Vacant Land,575.44,3
Wheatland,WILKS BROTHERS,WILKS RANCH MONTANA LTD,PO BOX 1032,,,CISCO,TX,Vacant Land,655.64,5
Wheatland,FARMLAND RESERVE INC,FARMLAND RESERVE INC,PO BOX 3688,,,SALT LAKE CITY,UT,Improved Property,584.87,3
Wheatland,FARMLAND RESERVE INC,FARMLAND RESERVE INC,PO BOX 3688,,,SALT LAKE CITY,UT,Vacant Land,640.0,3
Wheatland,WILKS BROTHERS,WILKS RANCH MONTANA LTD,PO BOX 1032,,,CISCO,TX,Vacant Land,439.5,5
Wheatland,FARMLAND RESERVE INC,FARMLAND RESERVE INC,PO BOX 3688,,,SALT LAKE CITY,UT,Improved Property,628.014,3
Wheatland,FARMLAND RESERVE INC,FARMLAND RESERVE INC,PO BOX 3688,,,SALT LAKE CITY,UT,Vacant Land,640.0,3
Wheatland,FARMLAND RESERVE INC,FARMLAND RESERVE INC,PO BOX 3688,,,SALT LAKE CITY,UT,Vacant Land,640.0,3
Wheatland,WILKS BROTHERS,WILKS RANCH MONTANA LTD,PO BOX 1032,,,CISCO,TX,Vacant Land,640.0,5
Wheatland,WILKS BROTHERS,WILKS RANCH MONTANA LTD,PO BOX 111,,,CISCO,TX,Vacant Land,19.72,5
Wheatland,FARMLAND RESERVE INC,FARMLAND RESERVE INC,PO BOX 3688,,,SALT LAKE CITY,UT,Vacant Land,160.0,3
Wheatland,WILKS BROTHERS,WILKS RANCH MONTANA LTD,PO BOX 111,,,CISCO,TX,Vacant Land,640.0,5
Wheatland,FARMLAND RESERVE INC,FARMLAND RESERVE INC,PO BOX 3688,,,SALT LAKE CITY,UT,Vacant Land,481.0,3
Wheatland,FARMLAND RESERVE INC,FARMLAND RESERVE INC,PO BOX 3688,,,SALT LAKE CITY,UT,Vacant Land,320.0,3
Wheatland,FARMLAND RESERVE INC,FARMLAND RESERVE INC,PO BOX 3688,,,SALT LAKE CITY,UT,Vacant Land,638.88,3
Wheatland,FARMLAND RESERVE INC,FARMLAND RESERVE INC,PO BOX 3688,,,SALT LAKE CITY,UT,Vacant Land,472.19,3
Wheatland,FARMLAND RESERVE INC,FARMLAND RESERVE INC,PO BOX 3688,,,SALT LAKE CITY,UT,Vacant Land,161.2,3
Wheatland,WILKS BROTHERS,WILKS RANCH MONTANA LTD,PO BOX 111,,,CISCO,TX,Vacant Land,643.41,5
Wheatland,FARMLAND RESERVE INC,FARMLAND RESERVE INC,PO BOX 3688,,,SALT LAKE CITY,UT,Vacant Land,641.64,3
Wheatland,FARMLAND RESERVE INC,FARMLAND RESERVE INC,PO BOX 3688,,,SALT LAKE CITY,UT,Vacant Land,160.0,3
Wheatland,FARMLAND RESERVE INC,FARMLAND RESERVE INC,PO BOX 3688,,,SALT LAKE CITY,UT,Improved Property,637.8,3
Wheatland,FARMLAND RESERVE INC,FARMLAND RESERVE INC,PO BOX 3688,,,SALT LAKE CITY,UT,Vacant Land,640.0,3
Wheatland,FARMLAND RESERVE INC,FARMLAND RESERVE INC,PO BOX 3688,,,SALT LAKE CITY,UT,Vacant Land,73.9,3
Wheatland,FARMLAND RESERVE INC,FARMLAND RESERVE INC,PO BOX 3688,,,SALT LAKE CITY,UT,Vacant Land,631.28,3
Wheatland,FARMLAND RESERVE INC,FARMLAND RESERVE INC,PO BOX 3688,,,SALT LAKE CITY,UT,Vacant Land,260.24,3
Wheatland,FARMLAND RESERVE INC,FARMLAND RESERVE INC,PO BOX 3688,,,SALT LAKE CITY,UT,Vacant Land,160.0,3
Wheatland,FARMLAND RESERVE INC,FARMLAND RESERVE INC,PO BOX 3688,,,SALT LAKE CITY,UT,Vacant Land,640.0,3
Wheatland,FARMLAND RESERVE INC,FARMLAND RESERVE INC,PO BOX 3688,,,SALT LAKE CITY,UT,Vacant Land,632.73,3
Wheatland,FARMLAND RESERVE INC,FARMLAND RESERVE INC,PO BOX 3688,,,SALT LAKE CITY,UT,Vacant Land,480.0,3
Wheatland,FARMLAND RESERVE INC,FARMLAND RESERVE INC,PO BOX 3688,,,SALT LAKE CITY,UT,Vacant Land,616.04,3
Wheatland,FARMLAND RESERVE INC,FARMLAND RESERVE INC,PO BOX 3688,,,SALT LAKE CITY,UT,Vacant Land,627.12,3
Wheatland,FARMLAND RESERVE INC,FARMLAND RESERVE INC,PO BOX 3688,,,SALT LAKE CITY,UT,Vacant Land,640.0,3
Wheatland,FARMLAND RESERVE INC,FARMLAND RESERVE INC,PO BOX 3688,,,SALT LAKE CITY,UT,Vacant Land,640.0,3
Wheatland,FARMLAND RESERVE INC,FARMLAND RESERVE INC,PO BOX 3688,,,SALT LAKE CITY,UT,Vacant Land,640.0,3
Wheatland,FARMLAND RESERVE INC,FARMLAND RESERVE INC,PO BOX 3688,,,SALT LAKE CITY,UT,Vacant Land,305.53,3
Wheatland,WILKS BROTHERS,WILKS RANCH MONTANA LTD,PO BOX 1032,,,CISCO,TX,Vacant Land,20.0,5
Wheatland,WILKS BROTHERS,WILKS RANCH MONTANA LTD,PO BOX 1032,,,CISCO,TX,Vacant Land,656.34,5
Wheatland,FARMLAND RESERVE INC,FARMLAND RESERVE INC,PO BOX 3688,,,SALT LAKE CITY,UT,Vacant Land,613.57,3
Wheatland,FARMLAND RESERVE INC,FARMLAND RESERVE INC,PO BOX 3688,,,SALT LAKE CITY,UT,Vacant Land,640.0,3
Wheatland,FARMLAND RESERVE INC,FARMLAND RESERVE INC,PO BOX 3688,,,SALT LAKE CITY,UT,Vacant Land,320.0,3
Wheatland,WILKS BROTHERS,WILKS RANCH MONTANA LTD,PO BOX 1032,,,CISCO,TX,Vacant Land,640.0,5
Wheatland,FARMLAND RESERVE INC,FARMLAND RESERVE INC,PO BOX 3688,,,SALT LAKE CITY,UT,Vacant Land,640.0,3
Wheatland,WILKS BROTHERS,WILKS RANCH MONTANA LTD,PO BOX 1032,,,CISCO,TX,Vacant Land,476.02,5
Wheatland,WILKS BROTHERS,WILKS RANCH MONTANA LTD,PO BOX 111,,,CISCO,TX,Vacant Land,160.0,5
Wheatland,WILKS BROTHERS,WILKS RANCH MONTANA LTD,PO BOX 1032,,,CISCO,TX,Vacant Land,640.0,5
Wheatland,FARMLAND RESERVE INC,FARMLAND RESERVE INC,PO BOX 3688,,,SALT LAKE CITY,UT,Vacant Land,480.0,3
Wheatland,FARMLAND RESERVE INC,FARMLAND RESERVE INC,PO BOX 3688,,,SALT LAKE CITY,UT,Vacant Land,640.0,3
Wheatland,FARMLAND RESERVE INC,FARMLAND RESERVE INC,PO BOX 3688,,,SALT LAKE CITY,UT,Vacant Land,607.61,3
Wheatland,FARMLAND RESERVE INC,FARMLAND RESERVE INC,PO BOX 3688,,,SALT LAKE CITY,UT,Improved Property,448.33,3
Wheatland,WILKS BROTHERS,WILKS RANCH MONTANA LTD,PO BOX 1032,,,CISCO,TX,Vacant Land,132.0,5
Wheatland,FARMLAND RESERVE INC,FARMLAND RESERVE INC,PO BOX 3688,,,SALT LAKE CITY,UT,Vacant Land,462.26,3
Wheatland,FARMLAND RESERVE INC,FARMLAND RESERVE INC,PO BOX 3688,,,SALT LAKE CITY,UT,Vacant Land,480.88,3
Wheatland,FARMLAND RESERVE INC,FARMLAND RESERVE INC,PO BOX 3688,,,SALT LAKE CITY,UT,Vacant Land,321.2,3
Wheatland,FARMLAND RESERVE INC,FARMLAND RESERVE INC,PO BOX 3688,,,SALT LAKE CITY,UT,Vacant Land,584.42,3
Broadwater,GALT RANCH,71 RANCH LP,40 71 RANCH LN,,,MARTINSDALE,MT,Improved Property,640.0,1
Broadwater,GALT RANCH,71 RANCH LP,40 71 RANCH LN,,,MARTINSDALE,MT,Vacant Land,323.0,1
Broadwater,GALT RANCH,71 RANCH LP,40 71 RANCH LN,,,MARTINSDALE,MT,Vacant Land,636.0,1
Broadwater,GALT RANCH,71 RANCH LP,40 71 RANCH LN,,,MARTINSDALE,MT,Improved Property,625.0,1
Broadwater,GALT RANCH,71 RANCH LP,40 71 RANCH LN,,,MARTINSDALE,MT,Vacant Land,397.0,1
Broadwater,GALT RANCH,71 RANCH LP,40 71 RANCH LN,,,MARTINSDALE,MT,Vacant Land,571.0,1
Broadwater,GALT RANCH,71 RANCH LP,40 71 RANCH LN,,,MARTINSDALE,MT,Improved Property,639.0,1
Broadwater,GALT RANCH,71 RANCH LP,40 71 RANCH LN,,,MARTINSDALE,MT,Vacant Land,636.0,1
Broadwater,GALT RANCH,71 RANCH LP,40 71 RANCH LN,,,MARTINSDALE,MT,Improved Property,239.937,1
Broadwater,GALT RANCH,71 RANCH LP,40 71 RANCH LN,,,MARTINSDALE,MT,Vacant Land,80.0,1
Broadwater,GALT RANCH,71 RANCH LP,40 71 RANCH LN,,,MARTINSDALE,MT,Vacant Land,81.0,1
Broadwater,GALT RANCH,71 RANCH LP,40 71 RANCH LN,,,MARTINSDALE,MT,Vacant Land,80.0,1
Broadwater,GALT RANCH,71 RANCH LP,40 71 RANCH LN,,,MARTINSDALE,MT,Vacant Land,640.0,1
Broadwater,GALT RANCH,71 RANCH LP,40 71 RANCH LN,,,MARTINSDALE,MT,Vacant Land,160.0,1
Broadwater,GALT RANCH,71 RANCH LP,40 71 RANCH LN,,,MARTINSDALE,MT,Vacant Land,479.0,1
Broadwater,GALT RANCH,71 RANCH LP,40 71 RANCH LN,,,MARTINSDALE,MT,Vacant Land,39.0,1
Broadwater,GALT RANCH,71 RANCH LP,40 71 RANCH LN,,,MARTINSDALE,MT,Vacant Land,400.7,1
Broadwater,GALT RANCH,71 RANCH LP,40 71 RANCH LN,,,MARTINSDALE,MT,Improved Property,632.0,1
Broadwater,GALT RANCH,71 RANCH LP,40 71 RANCH LN,,,MARTINSDALE,MT,Vacant Land,435.0,1
Broadwater,GALT RANCH,71 RANCH LP,40 71 RANCH LN,,,MARTINSDALE,MT,Vacant Land,532.0,1
Broadwater,GALT RANCH,71 RANCH LP,40 71 RANCH LN,,,MARTINSDALE,MT,Vacant Land,117.0,1
Broadwater,GALT RANCH,71 RANCH LP,40 71 RANCH LN,,,MARTINSDALE,MT,Vacant Land,605.0,1
Broadwater,GALT RANCH,71 RANCH LP,40 71 RANCH LN,,,MARTINSDALE,MT,Improved Property,554.0,1
Broadwater,GALT RANCH,71 RANCH LP,40 71 RANCH LN,,,MARTINSDALE,MT,Vacant Land,629.0,1
Broadwater,GALT RANCH,71 RANCH LP,40 71 RANCH LN,,,MARTINSDALE,MT,Vacant Land,637.0,1
Broadwater,GALT RANCH,GALT RANCH LP,543 BIRCH CREEK RD,,,WHITE SULPHUR SPRINGS,MT,Vacant Land,638.0,1
Broadwater,GALT RANCH,71 RANCH LP,40 71 RANCH LN,,,MARTINSDALE,MT,Vacant Land,630.0,1
Broadwater,GALT RANCH,71 RANCH LP,40 71 RANCH LN,,,MARTINSDALE,MT,Vacant Land,160.0,1
Broadwater,GALT RANCH,71 RANCH LP,40 71 RANCH LN,,,MARTINSDALE,MT,Vacant Land,318.0,1
Broadwater,GALT RANCH,71 RANCH LP,40 71 RANCH LN,,,MARTINSDALE,MT,Improved Property,400.0,1
Broadwater,GALT RANCH,71 RANCH LP,40 71 RANCH LN,,,MARTINSDALE,MT,Vacant Land,636.0,1
Broadwater,GALT RANCH,GALT RANCH LP,543 BIRCH CREEK RD,,,WHITE SULPHUR SPRINGS,MT,Vacant Land,640.0,1
Broadwater,GALT RANCH,71 RANCH LP,40 71 RANCH RD,,,MARTINSDALE,MT,Improved Property,275.0,1
Broadwater,GALT RANCH,GALT RANCH LP,543 BIRCH CREEK RD,,,WHT SPHR SPGS,MT,Vacant Land,233.0,1
Broadwater,GREAT NORTHERN PROPERTIES,GREAT NORTHERN PROPERTIES,PO BOX 1745,,,MILES CITY,MT,Vacant Land,13.0,10
Broadwater,GALT RANCH,71 RANCH LP,40 71 RANCH LN,,,MARTINSDALE,MT,Vacant Land,627.0,1
Broadwater,GALT RANCH,71 RANCH LP,40 71 RANCH LN,,,MARTINSDALE,MT,Vacant Land,54.93,1
Broadwater,GALT RANCH,71 RANCH LP,40 71 RANCH LN,,,MARTINSDALE,MT,Vacant Land,21.45,1
Broadwater,GALT RANCH,71 RANCH LP,40 71 RANCH LN,,,MARTINSDALE,MT,Vacant Land,72.88,1
Broadwater,GALT RANCH,71 RANCH LP,40 71 RANCH LN,,,MARTINSDALE,MT,Vacant Land,232.5,1
Broadwater,GALT RANCH,71 RANCH LP,40 71 RANCH LN,,,MARTINSDALE,MT,Vacant Land,54.8,1
Broadwater,GALT RANCH,71 RANCH LP,40 71 RANCH LN,,,MARTINSDALE,MT,Vacant Land,26.03,1
Broadwater,GALT RANCH,71 RANCH LP,40 71 RANCH LN,,,MARTINSDALE,MT,Vacant Land,105.3,1
Carter,FARMLAND RESERVE INC,FARMLAND RESERVE INC,TAX DIVISION - MAIL TO,PO BOX 3688,,SALT LAKE CTY,UT,Vacant Land,40.0,3
Carter,FARMLAND RESERVE INC,FARMLAND RESERVE INC,TAX DIVISION - MAIL TO,PO BOX 3688,,SALT LAKE CTY,UT,Vacant Land,488.72,3
Carter,FARMLAND RESERVE INC,FARMLAND RESERVE INC,TAX DIVISION - MAIL TO,PO BOX 3688,,SALT LAKE CTY,UT,Vacant Land,686.24,3
Carter,FARMLAND RESERVE INC,FARMLAND RESERVE INC,TAX DIVISION - MAIL TO,PO BOX 3688,,SALT LAKE CTY,UT,Vacant Land,346.59,3
Carter,FARMLAND RESERVE INC,FARMLAND RESERVE INC,TAX DIVISION - MAIL TO,PO BOX 3688,,SALT LAKE CTY,UT,Vacant Land,320.0,3
Carter,FARMLAND RESERVE INC,FARMLAND RESERVE INC,TAX DIVISION - MAIL TO,PO BOX 3688,,SALT LAKE CTY,UT,Vacant Land,320.0,3
Carter,FARMLAND RESERVE INC,FARMLAND RESERVE INC,TAX DIVISION - MAIL TO,PO BOX 3688,,SALT LAKE CTY,UT,Vacant Land,623.0,3
Carter,FARMLAND RESERVE INC,FARMLAND RESERVE INC,TAX DIVISION - MAIL TO,PO BOX 3688,,SALT LAKE CTY,UT,Vacant Land,694.4,3
Carter,FARMLAND RESERVE INC,FARMLAND RESERVE INC,TAX DIVISION - MAIL TO,PO BOX 3688,,SALT LAKE CTY,UT,Vacant Land,244.88,3
Carter,FARMLAND RESERVE INC,FARMLAND RESERVE INC,TAX DIVISION - MAIL TO,PO BOX 3688,,SALT LAKE CTY,UT,Vacant Land,312.2,3
Carter,FARMLAND RESERVE INC,FARMLAND RESERVE INC,TAX DIVISION - MAIL TO,PO BOX 3688,,SALT LAKE CTY,UT,Vacant Land,80.0,3
Carter,FARMLAND RESERVE INC,FARMLAND RESERVE INC,TAX DIVISION - MAIL TO,PO BOX 3688,,SALT LAKE CTY,UT,Vacant Land,640.0,3
Carter,FARMLAND RESERVE INC,FARMLAND RESERVE INC,TAX DIVISION - MAIL TO,PO BOX 3688,,SALT LAKE CTY,UT,Vacant Land,640.0,3
Carter,FARMLAND RESERVE INC,FARMLAND RESERVE INC,TAX DIVISION - MAIL TO,PO BOX 3688,,SALT LAKE CTY,UT,Vacant Land,626.0,3
Carter,FARMLAND RESERVE INC,FARMLAND RESERVE INC,TAX DIVISION - MAIL TO,PO BOX 3688,,SALT LAKE CTY,UT,Vacant Land,640.0,3
Carter,FARMLAND RESERVE INC,FARMLAND RESERVE INC,TAX DIVISION - MAIL TO,PO BOX 3688,,SALT LAKE CTY,UT,Vacant Land,640.0,3
Carter,FARMLAND RESERVE INC,FARMLAND RESERVE INC,TAX DIVISION - MAIL TO,PO BOX 3688,,SALT LAKE CTY,UT,Vacant Land,326.96,3
Carter,FARMLAND RESERVE INC,FARMLAND RESERVE INC,TAX DIVISION - MAIL TO,PO BOX 3688,,SALT LAKE CTY,UT,Vacant Land,640.0,3
Carter,FARMLAND RESERVE INC,FARMLAND RESERVE INC,TAX DIVISION - MAIL TO,PO BOX 3688,,SALT LAKE CTY,UT,Vacant Land,320.0,3
Carter,FARMLAND RESERVE INC,FARMLAND RESERVE INC,TAX DIVISION - MAIL TO,PO BOX 3688,,SALT LAKE CTY,UT,Vacant Land,625.6,3
Carter,FARMLAND RESERVE INC,FARMLAND RESERVE INC,TAX DIVISION - MAIL TO,PO BOX 3688,,SALT LAKE CTY,UT,Vacant Land,640.0,3
Carter,FARMLAND RESERVE INC,FARMLAND RESERVE INC,TAX DIVISION - MAIL TO,PO BOX 3688,,SALT LAKE CTY,UT,Vacant Land,320.0,3
Carter,FARMLAND RESERVE INC,FARMLAND RESERVE INC,TAX DIVISION - MAIL TO,PO BOX 3688,,SALT LAKE CTY,UT,Vacant Land,640.0,3
Carter,FARMLAND RESERVE INC,FARMLAND RESERVE INC,TAX DIVISION - MAIL TO,PO BOX 3688,,SALT LAKE CTY,UT,Vacant Land,640.0,3
Carter,FARMLAND RESERVE INC,FARMLAND RESERVE INC,TAX DIVISION - MAIL TO,PO BOX 3688,,SALT LAKE CTY,UT,Vacant Land,640.0,3
Carter,FARMLAND RESERVE INC,FARMLAND RESERVE INC,TAX DIVISION - MAIL TO,PO BOX 3688,,SALT LAKE CTY,UT,Vacant Land,40.0,3
Carter,FARMLAND RESERVE INC,FARMLAND RESERVE INC,TAX DIVISION - MAIL TO,PO BOX 3688,,SALT LAKE CTY,UT,Vacant Land,328.92,3
Carter,FARMLAND RESERVE INC,FARMLAND RESERVE INC,TAX DIVISION - MAIL TO,PO BOX 3688,,SALT LAKE CTY,UT,Vacant Land,640.0,3
Carter,FARMLAND RESERVE INC,FARMLAND RESERVE INC,TAX DIVISION - MAIL TO,PO BOX 3688,,SALT LAKE CTY,UT,Vacant Land,640.0,3
Carter,FARMLAND RESERVE INC,FARMLAND RESERVE INC,TAX DIVISION - MAIL TO,PO BOX 3688,,SALT LAKE CTY,UT,Vacant Land,640.0,3
Carter,FARMLAND RESERVE INC,FARMLAND RESERVE INC,TAX DIVISION - MAIL TO,PO BOX 3688,,SALT LAKE CTY,UT,Vacant Land,329.36,3
Carter,FARMLAND RESERVE INC,FARMLAND RESERVE INC,TAX DIVISION - MAIL TO,PO BOX 3688,,SALT LAKE CTY,UT,Vacant Land,640.0,3
Carter,FARMLAND RESERVE INC,FARMLAND RESERVE INC,TAX DIVISION - MAIL TO,PO BOX 3688,,SALT LAKE CTY,UT,Vacant Land,640.0,3
Carter,FARMLAND RESERVE INC,FARMLAND RESERVE INC,TAX DIVISION - MAIL TO,PO BOX 3688,,SALT LAKE CTY,UT,Vacant Land,640.0,3
Carter,FARMLAND RESERVE INC,FARMLAND RESERVE INC,TAX DIVISION - MAIL TO,PO BOX 3688,,SALT LAKE CTY,UT,Vacant Land,329.76,3
Carter,FARMLAND RESERVE INC,FARMLAND RESERVE INC,TAX DIVISION - MAIL TO,PO BOX 3688,,SALT LAKE CTY,UT,Vacant Land,640.0,3
Carter,FARMLAND RESERVE INC,FARMLAND RESERVE INC,TAX DIVISION - MAIL TO,PO BOX 3688,,SALT LAKE CTY,UT,Vacant Land,320.0,3
Carter,FARMLAND RESERVE INC,FARMLAND RESERVE INC,TAX DIVISION - MAIL TO,PO BOX 3688,,SALT LAKE CTY,UT,Vacant Land,640.0,3
Carter,FARMLAND RESERVE INC,FARMLAND RESERVE INC,TAX DIVISION - MAIL TO,PO BOX 3688,,SALT LAKE CTY,UT,Vacant Land,330.76,3
Carter,FARMLAND RESERVE INC,FARMLAND RESERVE INC,TAX DIVISION - MAIL TO,PO BOX 3688,,SALT LAKE CTY,UT,Vacant Land,602.76,3
Carter,FARMLAND RESERVE INC,FARMLAND RESERVE INC,TAX DIVISION - MAIL TO,PO BOX 3688,,SALT LAKE CTY,UT,Vacant Land,644.48,3
Carter,FARMLAND RESERVE INC,FARMLAND RESERVE INC,TAX DIVISION - MAIL TO,PO BOX 3688,,SALT LAKE CTY,UT,Vacant Land,643.84,3
Carter,FARMLAND RESERVE INC,FARMLAND RESERVE INC,TAX DIVISION - MAIL TO,PO BOX 3688,,SALT LAKE CTY,UT,Vacant Land,640.0,3
Carter,FARMLAND RESERVE INC,FARMLAND RESERVE INC,TAX DIVISION - MAIL TO,PO BOX 3688,,SALT LAKE CTY,UT,Vacant Land,640.0,3
Carter,FARMLAND RESERVE INC,FARMLAND RESERVE INC,TAX DIVISION - MAIL TO,PO BOX 3688,,SALT LAKE CTY,UT,Vacant Land,329.16,3
Carter,FARMLAND RESERVE INC,FARMLAND RESERVE INC,TAX DIVISION - MAIL TO,PO BOX 3688,,SALT LAKE CTY,UT,Vacant Land,320.0,3
Carter,FARMLAND RESERVE INC,FARMLAND RESERVE INC,TAX DIVISION - MAIL TO,PO BOX 3688,,SALT LAKE CTY,UT,Vacant Land,640.0,3
Carter,FARMLAND RESERVE INC,FARMLAND RESERVE INC,TAX DIVISION - MAIL TO,PO BOX 3688,,SALT LAKE CTY,UT,Vacant Land,640.0,3
Carter,FARMLAND RESERVE INC,FARMLAND RESERVE INC,TAX DIVISION - MAIL TO,PO BOX 3688,,SALT LAKE CTY,UT,Vacant Land,640.0,3
Carter,FARMLAND RESERVE INC,FARMLAND RESERVE INC,TAX DIVISION - MAIL TO,PO BOX 3688,,SALT LAKE CTY,UT,Vacant Land,640.0,3
Carter,FARMLAND RESERVE INC,FARMLAND RESERVE INC,TAX DIVISION - MAIL TO,PO BOX 3688,,SALT LAKE CTY,UT,Vacant Land,640.0,3
McCone,GREAT NORTHERN PROPERTIES,GREAT NORTHERN PROPERTIES LP,PO BOX 1745,,,MILES CITY,MT,Vacant Land,640.0,10
McCone,GREAT NORTHERN PROPERTIES,GREAT NORTHERN PROPERTIES LP,PO BOX 1745,,,MILES CITY,MT,Vacant Land,320.0,10
McCone,GREAT NORTHERN PROPERTIES,GREAT NORTHERN PROPERTIES LP,PO BOX 1745,,,MILES CITY,MT,Vacant Land,640.4,10
McCone,GREAT NORTHERN PROPERTIES,GREAT NORTHERN PROPERTIES LP,PO BOX 1745,,,MILES CITY,MT,Vacant Land,320.3,10
McCone,GREAT NORTHERN PROPERTIES,GREAT NORTHERN PROPERTIES LP,PO BOX 1745,,,MILES CITY,MT,Vacant Land,320.0,10
McCone,GREAT NORTHERN PROPERTIES,GREAT NORTHERN PROPERTIES LP,PO BOX 1745,,,MILES CITY,MT,Vacant Land,640.0,10
McCone,GREAT NORTHERN PROPERTIES,GREAT NORTHERN PROPERTIES LP,PO BOX 1745,,,MILES CITY,MT,Vacant Land,640.0,10
McCone,GREAT NORTHERN PROPERTIES,GREAT NORTHERN PROPERTIES LP,PO BOX 1745,,,MILES CITY,MT,Vacant Land,640.0,10
McCone,GREAT NORTHERN PROPERTIES,GREAT NORTHERN PROPERTIES LP,PO BOX 1745,,,MILES CITY,MT,Vacant Land,640.0,10
McCone,GREAT NORTHERN PROPERTIES,GREAT NORTHERN PROPERTIES LP,PO BOX 1745,,,MILES CITY,MT,Vacant Land,640.0,10
McCone,GREAT NORTHERN PROPERTIES,GREAT NORTHERN PROPERTIES LP,PO BOX 1745,,,MILES CITY,MT,Vacant Land,640.0,10
McCone,GREAT NORTHERN PROPERTIES,GREAT NORTHERN PROPERTIES LP,PO BOX 1745,,,MILES CITY,MT,Vacant Land,640.0,10
McCone,GREAT NORTHERN PROPERTIES,GREAT NORTHERN PROPERTIES LP,PO BOX 1745,,,MILES CITY,MT,Vacant Land,640.0,10
McCone,GREAT NORTHERN PROPERTIES,GREAT NORTHERN PROPERTIES LP,PO BOX 1745,,,MILES CITY,MT,Vacant Land,152.01,10
McCone,GREAT NORTHERN PROPERTIES,GREAT NORTHERN PROPERTIES LP,PO BOX 1745,,,MILES CITY,MT,Vacant Land,640.0,10
McCone,GREAT NORTHERN PROPERTIES,GREAT NORTHERN PROPERTIES LP,PO BOX 1745,,,MILES CITY,MT,Vacant Land,640.0,10
McCone,GREAT NORTHERN PROPERTIES,GREAT NORTHERN PROPERTIES LP,PO BOX 1745,,,MILES CITY,MT,Vacant Land,640.0,10
McCone,GREAT NORTHERN PROPERTIES,GREAT NORTHERN PROPERTIES LP,PO BOX 1745,,,MILES CITY,MT,Vacant Land,319.15,10
McCone,GREAT NORTHERN PROPERTIES,GREAT NORTHERN PROPERTIES LP,PO BOX 1745,,,MILES CITY,MT,Vacant Land,320.0,10
McCone,GREAT NORTHERN PROPERTIES,GREAT NORTHERN PROPERTIES LP,PO BOX 1745,,,MILES CITY,MT,Vacant Land,319.45,10
McCone,GREAT NORTHERN PROPERTIES,GREAT NORTHERN PROPERTIES LP,PO BOX 1745,,,MILES CITY,MT,Vacant Land,639.6,10
McCone,GREAT NORTHERN PROPERTIES,GREAT NORTHERN PROPERTIES LP,PO BOX 1745,,,MILES CITY,MT,Vacant Land,640.0,10
McCone,GREAT NORTHERN PROPERTIES,GREAT NORTHERN PROPERTIES LP,PO BOX 1745,,,MILES CITY,MT,Improved Property,640.0,10
McCone,GREAT NORTHERN PROPERTIES,GREAT NORTHERN PROPERTIES LP,PO BOX 1745,,,MILES CITY,MT,Vacant Land,640.0,10
McCone,GREAT NORTHERN PROPERTIES,GREAT NORTHERN PROPERTIES LP,PO BOX 1745,,,MILES CITY,MT,Vacant Land,600.0,10
McCone,GREAT NORTHERN PROPERTIES,GREAT NORTHERN PROPERTIES LP,PO BOX 1745,,,MILES CITY,MT,Vacant Land,40.0,10
McCone,GREAT NORTHERN PROPERTIES,GREAT NORTHERN PROPERTIES LP,PO BOX 1745,,,MILES CITY,MT,Vacant Land,639.6,10
McCone,GREAT NORTHERN PROPERTIES,GREAT NORTHERN PROPERTIES LP,PO BOX 1745,,,MILES CITY,MT,Vacant Land,665.6,10
McCone,GREAT NORTHERN PROPERTIES,GREAT NORTHERN PROPERTIES LP,PO BOX 1745,,,MILES CITY,MT,Vacant Land,630.19,10
McCone,GREAT NORTHERN PROPERTIES,GREAT NORTHERN PROPERTIES LP,PO BOX 1745,,,MILES CITY,MT,Vacant Land,680.48,10
McCone,GREAT NORTHERN PROPERTIES,GREAT NORTHERN PROPERTIES LP,PO BOX 1745,,,MILES CITY,MT,Vacant Land,679.2,10
McCone,GREAT NORTHERN PROPERTIES,GREAT NORTHERN PROPERTIES LP,PO BOX 1745,,,MILES CITY,MT,Vacant Land,678.8,10
McCone,GREAT NORTHERN PROPERTIES,GREAT NORTHERN PROPERTIES LP,PO BOX 1745,,,MILES CITY,MT,Vacant Land,49.6,10
McCone,GREAT NORTHERN PROPERTIES,GREAT NORTHERN PROPERTIES LP,PO BOX 1745,,,MILES CITY,MT,Vacant Land,628.64,10
McCone,GREAT NORTHERN PROPERTIES,GREAT NORTHERN PROPERTIES LP,PO BOX 1745,,,MILES CITY,MT,Vacant Land,640.0,10
McCone,GREAT NORTHERN PROPERTIES,GREAT NORTHERN PROPERTIES LP,PO BOX 1745,,,MILES CITY,MT,Vacant Land,320.0,10
McCone,GREAT NORTHERN PROPERTIES,GREAT NORTHERN PROPERTIES LP,PO BOX 1745,,,MILES CITY,MT,Vacant Land,598.17,10
McCone,GREAT NORTHERN PROPERTIES,GREAT NORTHERN PROPERTIES LP,PO BOX 1745,,,MILES CITY,MT,Vacant Land,320.0,10
McCone,GREAT NORTHERN PROPERTIES,GREAT NORTHERN PROPERTIES LP,PO BOX 1745,,,MILES CITY,MT,Vacant Land,640.0,10
McCone,GREAT NORTHERN PROPERTIES,GREAT NORTHERN PROPERTIES LP,PO BOX 1745,,,MILES CITY,MT,Vacant Land,639.0,10
McCone,GREAT NORTHERN PROPERTIES,GREAT NORTHERN PROPERTIES LP,PO BOX 1745,,,MILES CITY,MT,Vacant Land,640.0,10
McCone,GREAT NORTHERN PROPERTIES,GREAT NORTHERN PROPERTIES LP,PO BOX 1745,,,MILES CITY,MT,Vacant Land,640.0,10
McCone,GREAT NORTHERN PROPERTIES,GREAT NORTHERN PROPERTIES LP,PO BOX 1745,,,MILES CITY,MT,Vacant Land,480.0,10
McCone,GREAT NORTHERN PROPERTIES,GREAT NORTHERN PROPERTIES LP,PO BOX 1745,,,MILES CITY,MT,Vacant Land,640.0,10
McCone,GREAT NORTHERN PROPERTIES,GREAT NORTHERN PROPERTIES LP,PO BOX 1745,,,MILES CITY,MT,Vacant Land,640.0,10
McCone,GREAT NORTHERN PROPERTIES,GREAT NORTHERN PROPERTIES LP,PO BOX 1745,,,MILES CITY,MT,Vacant Land,640.0,10
McCone,GREAT NORTHERN PROPERTIES,GREAT NORTHERN PROPERTIES LP,PO BOX 1745,,,MILES CITY,MT,Vacant Land,500.09,10
McCone,GREAT NORTHERN PROPERTIES,GREAT NORTHERN PROPERTIES LP,PO BOX 1745,,,MILES CITY,MT,Vacant Land,640.0,10
McCone,GREAT NORTHERN PROPERTIES,GREAT NORTHERN PROPERTIES LP,PO BOX 1745,,,MILES CITY,MT,Vacant Land,627.32,10
McCone,GREAT NORTHERN PROPERTIES,GREAT NORTHERN PROPERTIES LP,PO BOX 1745,,,MILES CITY,MT,Vacant Land,640.0,10
McCone,GREAT NORTHERN PROPERTIES,GREAT NORTHERN PROPERTIES LP,PO BOX 1745,,,MILES CITY,MT,Vacant Land,640.0,10
McCone,GREAT NORTHERN PROPERTIES,GREAT NORTHERN PROPERTIES LP,PO BOX 1745,,,MILES CITY,MT,Vacant Land,640.0,10
McCone,GREAT NORTHERN PROPERTIES,GREAT NORTHERN PROPERTIES LP,PO BOX 1745,,,MILES CITY,MT,Vacant Land,480.0,10
McCone,GREAT NORTHERN PROPERTIES,GREAT NORTHERN PROPERTIES LP,PO BOX 1745,,,MILES CITY,MT,Vacant Land,40.0,10
McCone,GREAT NORTHERN PROPERTIES,GREAT NORTHERN PROPERTIES LP,PO BOX 1745,,,MILES CITY,MT,Vacant Land,640.0,10
McCone,GREAT NORTHERN PROPERTIES,GREAT NORTHERN PROPERTIES LP,PO BOX 1745,,,MILES CITY,MT,Vacant Land,640.0,10
McCone,GREAT NORTHERN PROPERTIES,GREAT NORTHERN PROPERTIES LP,PO BOX 1745,,,MILES CITY,MT,Vacant Land,640.0,10
McCone,GREAT NORTHERN PROPERTIES,GREAT NORTHERN PROPERTIES LP,PO BOX 1745,,,MILES CITY,MT,Vacant Land,640.0,10
McCone,GREAT NORTHERN PROPERTIES,GREAT NORTHERN PROPERTIES LP,PO BOX 1745,,,MILES CITY,MT,Vacant Land,640.0,10
McCone,GREAT NORTHERN PROPERTIES,GREAT NORTHERN PROPERTIES LP,PO BOX 1745,,,MILES CITY,MT,Vacant Land,628.12,10
McCone,GREAT NORTHERN PROPERTIES,GREAT NORTHERN PROPERTIES LP,PO BOX 1745,,,MILES CITY,MT,Vacant Land,640.0,10
McCone,GREAT NORTHERN PROPERTIES,GREAT NORTHERN PROPERTIES LP,PO BOX 1745,,,MILES CITY,MT,Vacant Land,640.0,10
McCone,GREAT NORTHERN PROPERTIES,GREAT NORTHERN PROPERTIES LP,PO BOX 1745,,,MILES CITY,MT,Vacant Land,480.0,10
McCone,GREAT NORTHERN PROPERTIES,GREAT NORTHERN PROPERTIES LP,PO BOX 1745,,,MILES CITY,MT,Vacant Land,640.0,10
McCone,GREAT NORTHERN PROPERTIES,GREAT NORTHERN PROPERTIES LP,PO BOX 1745,,,MILES CITY,MT,Vacant Land,462.6,10
McCone,GREAT NORTHERN PROPERTIES,GREAT NORTHERN PROPERTIES LP,PO BOX 1745,,,MILES CITY,MT,Vacant Land,640.0,10
McCone,GREAT NORTHERN PROPERTIES,GREAT NORTHERN PROPERTIES LP,PO BOX 1745,,,MILES CITY,MT,Vacant Land,640.0,10
McCone,GREAT NORTHERN PROPERTIES,GREAT NORTHERN PROPERTIES LP,PO BOX 1745,,,MILES CITY,MT,Vacant Land,640.0,10
McCone,GREAT NORTHERN PROPERTIES,GREAT NORTHERN PROPERTIES LP,PO BOX 1745,,,MILES CITY,MT,Vacant Land,640.0,10
McCone,GREAT NORTHERN PROPERTIES,GREAT NORTHERN PROPERTIES LP,PO BOX 1745,,,MILES CITY,MT,Vacant Land,628.8,10
McCone,GREAT NORTHERN PROPERTIES,GREAT NORTHERN PROPERTIES LP,PO BOX 1745,,,MILES CITY,MT,Vacant Land,640.0,10
McCone,GREAT NORTHERN PROPERTIES,GREAT NORTHERN PROPERTIES LP,PO BOX 1745,,,MILES CITY,MT,Vacant Land,640.0,10
McCone,GREAT NORTHERN PROPERTIES,GREAT NORTHERN PROPERTIES LP,PO BOX 1745,,,MILES CITY,MT,Vacant Land,640.0,10
McCone,GREAT NORTHERN PROPERTIES,GREAT NORTHERN PROPERTIES LP,PO BOX 1745,,,MILES CITY,MT,Vacant Land,600.92,10
McCone,GREAT NORTHERN PROPERTIES,GREAT NORTHERN PROPERTIES LP,PO BOX 1745,,,MILES CITY,MT,Vacant Land,640.0,10
McCone,GREAT NORTHERN PROPERTIES,GREAT NORTHERN PROPERTIES LP,PO BOX 1745,,,MILES CITY,MT,Vacant Land,640.0,10
McCone,GREAT NORTHERN PROPERTIES,GREAT NORTHERN PROPERTIES LP,PO BOX 1745,,,MILES CITY,MT,Vacant Land,509.6,10
McCone,GREAT NORTHERN PROPERTIES,GREAT NORTHERN PROPERTIES LP,PO BOX 1745,,,MILES CITY,MT,Vacant Land,640.0,10
McCone,GREAT NORTHERN PROPERTIES,GREAT NORTHERN PROPERTIES LP,PO BOX 1745,,,MILES CITY,MT,Vacant Land,320.0,10
McCone,GREAT NORTHERN PROPERTIES,GREAT NORTHERN PROPERTIES LP,PO BOX 1745,,,MILES CITY,MT,Vacant Land,120.0,10
McCone,GREAT NORTHERN PROPERTIES,GREAT NORTHERN PROPERTIES LP,PO BOX 1745,,,MILES CITY,MT,Vacant Land,641.68,10
McCone,GREAT NORTHERN PROPERTIES,GREAT NORTHERN PROPERTIES LP,PO BOX 1745,,,MILES CITY,MT,Vacant Land,640.08,10
McCone,GREAT NORTHERN PROPERTIES,GREAT NORTHERN PROPERTIES LP,PO BOX 1745,,,MILES CITY,MT,Vacant Land,631.88,10
McCone,GREAT NORTHERN PROPERTIES,GREAT NORTHERN PROPERTIES LP,PO BOX 1745,,,MILES CITY,MT,Vacant Land,640.0,10
McCone,GREAT NORTHERN PROPERTIES,GREAT NORTHERN PROPERTIES LP,PO BOX 1745,,,MILES CITY,MT,Vacant Land,633.32,10
McCone,GREAT NORTHERN PROPERTIES,GREAT NORTHERN PROPERTIES LP,PO BOX 1745,,,MILES CITY,MT,Vacant Land,640.0,10
McCone,GREAT NORTHERN PROPERTIES,GREAT NORTHERN PROPERTIES LP,PO BOX 1745,,,MILES CITY,MT,Vacant Land,640.0,10
McCone,GREAT NORTHERN PROPERTIES,GREAT NORTHERN PROPERTIES LP,PO BOX 1745,,,MILES CITY,MT,Vacant Land,635.72,10
McCone,GREAT NORTHERN PROPERTIES,GREAT NORTHERN PROPERTIES LP,PO BOX 1745,,,MILES CITY,MT,Vacant Land,639.44,10
McCone,GREAT NORTHERN PROPERTIES,GREAT NORTHERN PROPERTIES LP,PO BOX 1745,,,MILES CITY,MT,Vacant Land,640.04,10
McCone,GREAT NORTHERN PROPERTIES,GREAT NORTHERN PROPERTIES LP,PO BOX 1745,,,MILES CITY,MT,Vacant Land,640.48,10
McCone,GREAT NORTHERN PROPERTIES,GREAT NORTHERN PROPERTIES LP,PO BOX 1745,,,MILES CITY,MT,Vacant Land,634.21,10
McCone,GREAT NORTHERN PROPERTIES,GREAT NORTHERN PROPERTIES LP,PO BOX 1745,,,MILES CITY,MT,Vacant Land,629.83,10
McCone,GREAT NORTHERN PROPERTIES,GREAT NORTHERN PROPERTIES LP,PO BOX 1745,,,MILES CITY,MT,Vacant Land,313.31,10
McCone,GREAT NORTHERN PROPERTIES,GREAT NORTHERN PROPERTIES LP,PO BOX 1745,,,MILES CITY,MT,Vacant Land,620.0,10
McCone,GREAT NORTHERN PROPERTIES,GREAT NORTHERN PROPERTIES LP,PO BOX 1745,,,MILES CITY,MT,Vacant Land,623.61,10
McCone,GREAT NORTHERN PROPERTIES,GREAT NORTHERN PROPERTIES LP,PO BOX 1745,,,MILES CITY,MT,Vacant Land,640.0,10
McCone,GREAT NORTHERN PROPERTIES,GREAT NORTHERN PROPERTIES LP,PO BOX 1745,,,MILES CITY,MT,Vacant Land,640.0,10
McCone,GREAT NORTHERN PROPERTIES,GREAT NORTHERN PROPERTIES LP,PO BOX 1745,,,MILES CITY,MT,Vacant Land,637.12,10
McCone,GREAT NORTHERN PROPERTIES,GREAT NORTHERN PROPERTIES LP,PO BOX 1745,,,MILES CITY,MT,Vacant Land,639.88,10
McCone,GREAT NORTHERN PROPERTIES,GREAT NORTHERN PROPERTIES LP,PO BOX 1745,,,MILES CITY,MT,Vacant Land,640.0,10
McCone,GREAT NORTHERN PROPERTIES,GREAT NORTHERN PROPERTIES LP,PO BOX 1745,,,MILES CITY,MT,Vacant Land,638.08,10
McCone,GREAT NORTHERN PROPERTIES,GREAT NORTHERN PROPERTIES LP,PO BOX 1745,,,MILES CITY,MT,Vacant Land,642.24,10
Fallon,FARMLAND RESERVE INC,"FARMLAND RESERVE, INC.",TAX DIVISION- MAIL TO,PO BOX 3688,,SALT LAKE CITY,UT,Vacant Land,76.89,3
Fallon,FARMLAND RESERVE INC,"FARMLAND RESERVE, INC.",TAX DIVISION- MAIL TO,PO BOX 3688,,SALT LAKE CITY,UT,Vacant Land,640.0,3
Fallon,FARMLAND RESERVE INC,"FARMLAND RESERVE, INC.",TAX DIVISION- MAIL TO,PO BOX 3688,,SALT LAKE CITY,UT,Vacant Land,640.0,3
Fallon,FARMLAND RESERVE INC,"FARMLAND RESERVE, INC.",TAX DIVISION- MAIL TO,PO BOX 3688,,SALT LAKE CITY,UT,Vacant Land,640.0,3
Fallon,FARMLAND RESERVE INC,"FARMLAND RESERVE, INC.",TAX DIVISION- MAIL TO,PO BOX 3688,,SALT LAKE CITY,UT,Vacant Land,320.0,3
Fallon,FARMLAND RESERVE INC,"FARMLAND RESERVE, INC.",TAX DIVISION- MAIL TO,PO BOX 3688,,SALT LAKE CITY,UT,Vacant Land,625.76,3
Fallon,FARMLAND RESERVE INC,"FARMLAND RESERVE, INC.",TAX DIVISION- MAIL TO,PO BOX 3688,,SALT LAKE CITY,UT,Vacant Land,639.48,3
Fallon,FARMLAND RESERVE INC,"FARMLAND RESERVE, INC.",TAX DIVISION- MAIL TO,PO BOX 3688,,SALT LAKE CITY,UT,Vacant Land,637.2,3
Fallon,FARMLAND RESERVE INC,"FARMLAND RESERVE, INC.",TAX DIVISION- MAIL TO,PO BOX 3688,,SALT LAKE CITY,UT,Vacant Land,314.56,3
Fallon,FARMLAND RESERVE INC,"FARMLAND RESERVE, INC.",TAX DIVISION- MAIL TO,PO BOX 3688,,SALT LAKE CITY,UT,Improved Property,640.0,3
Fallon,FARMLAND RESERVE INC,"FARMLAND RESERVE, INC.",TAX DIVISION- MAIL TO,PO BOX 3688,,SALT LAKE CITY,UT,Vacant Land,632.12,3
Fallon,FARMLAND RESERVE INC,"FARMLAND RESERVE, INC.",TAX DIVISION- MAIL TO,PO BOX 3688,,SALT LAKE CITY,UT,Vacant Land,320.0,3
Fallon,FARMLAND RESERVE INC,"FARMLAND RESERVE, INC.",TAX DIVISION- MAIL TO,PO BOX 3688,,SALT LAKE CITY,UT,Vacant Land,640.0,3
Fallon,FARMLAND RESERVE INC,"FARMLAND RESERVE, INC.",TAX DIVISION- MAIL TO,PO BOX 3688,,SALT LAKE CITY,UT,Vacant Land,320.0,3
Fallon,FARMLAND RESERVE INC,"FARMLAND RESERVE, INC.",TAX DIVISION- MAIL TO,PO BOX 3688,,SALT LAKE CITY,UT,Vacant Land,320.0,3
Fallon,FARMLAND RESERVE INC,"FARMLAND RESERVE, INC.",TAX DIVISION- MAIL TO,PO BOX 3688,,SALT LAKE CITY,UT,Vacant Land,240.0,3
Fallon,FARMLAND RESERVE INC,"FARMLAND RESERVE, INC.",TAX DIVISION- MAIL TO,PO BOX 3688,,SALT LAKE CITY,UT,Vacant Land,311.55,3
Glacier,NATURE CONSERVANCY,NATURE CONSERVANCY,32 S EWING ST,,,HELENA,MT,Vacant Land,320.0,8
Glacier,NATURE CONSERVANCY,NATURE CONSERVANCY,32 S EWING ST,,,HELENA,MT,Vacant Land,317.93,8
Glacier,NATURE CONSERVANCY,NATURE CONSERVANCY,32 S EWING ST,,,HELENA,MT,Vacant Land,20.0,8
Glacier,NATURE CONSERVANCY,NATURE CONSERVANCY,32 S EWING ST,,,HELENA,MT,Vacant Land,217.45,8
Glacier,NATURE CONSERVANCY,NATURE CONSERVANCY,32 S EWING ST,,,HELENA,MT,Vacant Land,79.51,8
Sanders,GREEN DIAMOND MONTANA TIMBERLANDS LLC,GREEN DIAMOND MONTANA TIMBERLANDS LLC,C/O ORBIS INC,8809 LENOX POINTE DR STE B,,CHARLOTTE,NC,Vacant Land,120.53,4
Sanders,GREEN DIAMOND MONTANA TIMBERLANDS LLC,GREEN DIAMOND MONTANA TIMBERLANDS LLC,C/O ORBIS INC,8809 LENOX POINTE DR STE B,,CHARLOTTE,NC,Vacant Land,431.13,4
Sanders,GALT RANCH,SUN COULEE LLC,4071 RANCH LANE,,,MARTINSDALE,MT,Vacant Land,9.16,1
Sanders,GALT RANCH,SUN COULEE LLC,4071 RANCH LANE,,,MARTINSDALE,MT,Vacant Land,0.05,1
Sanders,GREEN DIAMOND MONTANA TIMBERLANDS LLC,GREEN DIAMOND MONTANA TIMBERLANDS LLC,C/O ORBIS INC,8809 LENOX POINTE DR STE B,,CHARLOTTE,NC,Vacant Land,120.0,4
Sanders,GREEN DIAMOND MONTANA TIMBERLANDS LLC,GREEN DIAMOND MONTANA TIMBERLANDS LLC,C/O ORBIS INC,8809 LENOX POINTE DR STE B,,CHARLOTTE,NC,Vacant Land,160.0,4
Sanders,GREEN DIAMOND MONTANA TIMBERLANDS LLC,GREEN DIAMOND MONTANA TIMBERLANDS LLC,C/O ORBIS INC,8809 LENOX POINTE DR STE B,,CHARLOTTE,NC,Vacant Land,80.0,4
Sanders,GREEN DIAMOND MONTANA TIMBERLANDS LLC,GREEN DIAMOND MONTANA TIMBERLANDS LLC,C/O ORBIS INC,8809 LENOX POINTE DR STE B,,CHARLOTTE,NC,Vacant Land,480.0,4
Sanders,GREEN DIAMOND MONTANA TIMBERLANDS LLC,GREEN DIAMOND MONTANA TIMBERLANDS LLC,C/O ORBIS INC,8809 LENOX POINTE DR STE B,,CHARLOTTE,NC,Vacant Land,320.0,4
Sanders,GREEN DIAMOND MONTANA TIMBERLANDS LLC,GREEN DIAMOND MONTANA TIMBERLANDS LLC,C/O ORBIS INC,8809 LENOX POINTE DR STE B,,CHARLOTTE,NC,Vacant Land,560.0,4
Sanders,GREEN DIAMOND MONTANA TIMBERLANDS LLC,GREEN DIAMOND MONTANA TIMBERLANDS LLC,C/O ORBIS INC,8809 LENOX POINTE DR UNIT B,,CHARLOTTE,NC,Vacant Land,480.0,4
Sanders,GREEN DIAMOND MONTANA TIMBERLANDS LLC,GREEN DIAMOND MONTANA TIMBERLANDS LLC,C/O ORBIS INC,8809 LENOX POINTE DR STE B,,CHARLOTTE,NC,Vacant Land,640.0,4
Sanders,GREEN DIAMOND MONTANA TIMBERLANDS LLC,GREEN DIAMOND MONTANA TIMBERLANDS LLC,C/O ORBIS INC,8809 LENOX POINTE DR STE B,,CHARLOTTE,NC,Vacant Land,657.32,4
Sanders,GREEN DIAMOND MONTANA TIMBERLANDS LLC,GREEN DIAMOND MONTANA TIMBERLANDS LLC,C/O ORBIS INC,8809 LENOX POINTE DR STE B,,CHARLOTTE,NC,Vacant Land,656.12,4
Sanders,GREEN DIAMOND MONTANA TIMBERLANDS LLC,GREEN DIAMOND MONTANA TIMBERLANDS LLC,C/O ORBIS INC,8809 LENOX POINTE DR STE B,,CHARLOTTE,NC,Vacant Land,640.0,4
Sanders,GREEN DIAMOND MONTANA TIMBERLANDS LLC,GREEN DIAMOND MONTANA TIMBERLANDS LLC,C/O ORBIS INC,8809 LENOX POINTE DR STE B,,CHARLOTTE,NC,Vacant Land,480.0,4
Sanders,GREEN DIAMOND MONTANA TIMBERLANDS LLC,GREEN DIAMOND MONTANA TIMBERLANDS LLC,C/O ORBIS INC,8809 LENOX POINTE DR STE B,,CHARLOTTE,NC,Vacant Land,640.0,4
Sanders,GREEN DIAMOND MONTANA TIMBERLANDS LLC,GREEN DIAMOND MONTANA TIMBERLANDS LLC,C/O ORBIS INC,8809 LENOX POINTE DR STE B,,CHALOTTE,NC,Vacant Land,656.52,4
Sanders,GREEN DIAMOND MONTANA TIMBERLANDS LLC,GREEN DIAMOND MONTANA TIMBERLANDS LLC,C/O ORBIS INC,8809 LENOX POINTE DR STE B,,CHARLOTTE,NC,Vacant Land,656.4,4
Sanders,GREEN DIAMOND MONTANA TIMBERLANDS LLC,GREEN DIAMOND MONTANA TIMBERLANDS LLC,C/O ORBIS INC,8809 LENOX POINTE DR STE B,,CHARLOTTE,NC,Vacant Land,560.0,4
Sanders,GREEN DIAMOND MONTANA TIMBERLANDS LLC,GREEN DIAMOND MONTANA TIMBERLANDS LLC,C/O ORBIS INC,8809 LENOX POINTE DR STE B,,CHARLOTTE,NC,Vacant Land,640.0,4
Sanders,GREEN DIAMOND MONTANA TIMBERLANDS LLC,GREEN DIAMOND MONTANA TIMBERLANDS LLC,C/O ORBIS INC,8809 LENOX POINTE DR STE B,,CHARLOTTE,NC,Vacant Land,640.0,4
Sanders,GREEN DIAMOND MONTANA TIMBERLANDS LLC,GREEN DIAMOND MONTANA TIMBERLANDS LLC,C/O ORBIS INC,8809 LENOX POINTE DR STE B,,CHARLOTTE,NC,Vacant Land,80.0,4
Sanders,GREEN DIAMOND MONTANA TIMBERLANDS LLC,GREEN DIAMOND MONTANA TIMBERLANDS LLC,C/O ORBIS INC,8809 LENOX POINTE DR STE B,,CHARLOTTE,NC,Vacant Land,80.0,4
Sanders,GREEN DIAMOND MONTANA TIMBERLANDS LLC,GREEN DIAMOND MONTANA TIMBERLANDS LLC,C/O ORBIS INC,8809 LENOX POINTE DR STE B,,CHARLOTTE,NC,Vacant Land,640.0,4
Sanders,GREEN DIAMOND MONTANA TIMBERLANDS LLC,GREEN DIAMOND MONTANA TIMBERLANDS LLC,C/O ORBIS INC,8809 LENOX POINTE DR STE B,,CHARLOTTE,NC,Vacant Land,440.0,4
Sanders,GREEN DIAMOND MONTANA TIMBERLANDS LLC,GREEN DIAMOND MONTANA TIMBERLANDS LLC,C/O ORBIS INC,8809 LENOX POINTE DR STE B,,CHARLOTTE,NC,Vacant Land,309.91,4
Sanders,GREEN DIAMOND MONTANA TIMBERLANDS LLC,GREEN DIAMOND MONTANA TIMBERLANDS LLC,C/O ORBIS INC,8809 LENOX POINTE DR STE B,,CHARLOTTE,NC,Vacant Land,605.48,4
Sanders,GREEN DIAMOND MONTANA TIMBERLANDS LLC,GREEN DIAMOND MONTANA TIMBERLANDS LLC,C/O ORBIS INC,8809 LENOX POINTE DR STE B,,CHARLOTTE,NC,Vacant Land,581.31,4
Sanders,GREEN DIAMOND MONTANA TIMBERLANDS LLC,GREEN DIAMOND MONTANA TIMBERLANDS LLC,C/O ORBIS INC,8809 LENOX POINTE DR STE B,,CHARLOTTE,NC,Vacant Land,480.0,4
Sanders,GREEN DIAMOND MONTANA TIMBERLANDS LLC,GREEN DIAMOND MONTANA TIMBERLANDS LLC,C/O ORBIS INC,8809 LENOX POINTE DR STE B,,CHARLOTTE,NC,Vacant Land,120.0,4
Sanders,GREEN DIAMOND MONTANA TIMBERLANDS LLC,GREEN DIAMOND MONTANA TIMBERLANDS LLC,C/O ORBIS INC,8809 LENOX POINTE DR STE B,,CHARLOTTE,NC,Vacant Land,120.08,4
Sanders,GALT RANCH,SUN COULEE LLC,4071 RANCH LANE,,,MARTINSDALE,MT,Vacant Land,320.0,1
Sanders,GREEN DIAMOND MONTANA TIMBERLANDS LLC,GREEN DIAMOND MONTANA TIMBERLANDS LLC,C/O ORBIS INC,8809 LENOX POINTE DR STE B,,CHARLOTTE,NC,Vacant Land,637.0,4
Sanders,GREEN DIAMOND MONTANA TIMBERLANDS LLC,GREEN DIAMOND MONTANA TIMBERLANDS LLC,C/O ORBIS INC,8809 LENOX POINTE DR STE B,,CHARLOTTE,NC,Vacant Land,316.88,4
Sanders,GREEN DIAMOND MONTANA TIMBERLANDS LLC,GREEN DIAMOND MONTANA TIMBERLANDS LLC,C/O ORBIS INC,8809 LENOX POINTE DR STE B,,CHARLOTTE,NC,Vacant Land,632.92,4
Sanders,GREEN DIAMOND MONTANA TIMBERLANDS LLC,GREEN DIAMOND MONTANA TIMBERLANDS LLC,C/O ORBIS INC,8809 LENOX POINTE DR STE B,,CHARLOTTE,NC,Vacant Land,237.3,4
Sanders,GREEN DIAMOND MONTANA TIMBERLANDS LLC,GREEN DIAMOND MONTANA TIMBERLANDS LLC,C/O ORBIS INC,8809 LENOX POINTE DR STE B,,CHARLOTTE,NC,Vacant Land,636.52,4
Sanders,GREEN DIAMOND MONTANA TIMBERLANDS LLC,GREEN DIAMOND MONTANA TIMBERLANDS LLC,C/O ORBIS INC,8809 LENOX POINTE DR STE B,,CHARLOTTE,NC,Vacant Land,560.0,4
Sanders,GREEN DIAMOND MONTANA TIMBERLANDS LLC,GREEN DIAMOND MONTANA TIMBERLANDS LLC,C/O ORBIS INC,8809 LENOX POINTE DR STE B,,CHARLOTTE,NC,Vacant Land,80.0,4
Sanders,GREEN DIAMOND MONTANA TIMBERLANDS LLC,GREEN DIAMOND MONTANA TIMBERLANDS LLC,C/O ORBIS INC,8809 LENOX POINTE DR STE B,,CHALOTTE,NC,Vacant Land,280.0,4
Sanders,GREEN DIAMOND MONTANA TIMBERLANDS LLC,GREEN DIAMOND MONTANA TIMBERLANDS LLC,C/O ORBIS INC,8809 LENOX POINTE DR STE B,,CHARLOTTE,NC,Vacant Land,520.0,4
Sanders,GREEN DIAMOND MONTANA TIMBERLANDS LLC,GREEN DIAMOND MONTANA TIMBERLANDS LLC,C/O ORBIS INC,8809 LENOX POINTE DR STE B,,CHARLOTTE,NC,Vacant Land,120.0,4
Sanders,GREEN DIAMOND MONTANA TIMBERLANDS LLC,GREEN DIAMOND MONTANA TIMBERLANDS LLC,C/O ORBIS INC,8809 LENOX POINTE DR STE B,,CHARLOTTE,NC,Vacant Land,40.0,4
Sanders,GREEN DIAMOND MONTANA TIMBERLANDS LLC,GREEN DIAMOND MONTANA TIMBERLANDS LLC,C/0 ORBIS INC,8809 LENOX POINTE DR STE B,,CHARLOTTE,NC,Vacant Land,440.0,4
Sanders,GREEN DIAMOND MONTANA TIMBERLANDS LLC,GREEN DIAMOND MONTANA TIMBERLANDS LLC,C/O ORBIS INC,8809 LENOX POINTE DR STE B,,CHARLOTTE,NC,Vacant Land,640.0,4
Sanders,GREEN DIAMOND MONTANA TIMBERLANDS LLC,GREEN DIAMOND MONTANA TIMBERLANDS LLC,C/O ORBIS INC,8809 LENOX POINTE DR STE B,,CHARLOTTE,NC,Vacant Land,640.0,4
Sanders,GREEN DIAMOND MONTANA TIMBERLANDS LLC,GREEN DIAMOND MONTANA TIMBERLANDS LLC,C/O ORBIS INC,8809 LENOX POINTE DR STE B,,CHARLOTTE,NC,Vacant Land,640.0,4
Sanders,GREEN DIAMOND MONTANA TIMBERLANDS LLC,GREEN DIAMOND MONTANA TIMBERLANDS LLC,C/O ORBIS INC,8809 LENOX POINTE DR STE B,,CHARLOTTE,NC,Vacant Land,633.27,4
Sanders,GREEN DIAMOND MONTANA TIMBERLANDS LLC,GREEN DIAMOND MONTANA TIMBERLANDS LLC,C/O ORBIS INC,8809 LENOX POINTE DR STE B,,CHARLOTTE,NC,Vacant Land,160.0,4
Sanders,GREEN DIAMOND MONTANA TIMBERLANDS LLC,GREEN DIAMOND MONTANA TIMBERLANDS LLC,C/O ORBIS INC,8809 LENOX POINTE DR STE B,,CHARLOTTE,NC,Vacant Land,480.0,4
Sanders,GREEN DIAMOND MONTANA TIMBERLANDS LLC,GREEN DIAMOND MONTANA TIMBERLANDS LLC,C/O ORBIS INC,8809 LENOX POINTE DR STE B,,CHARLOTTE,NC,Vacant Land,600.0,4
Sanders,GREEN DIAMOND MONTANA TIMBERLANDS LLC,GREEN DIAMOND MONTANA TIMBERLANDS LLC,C/O ORBIS INC,8809 LENOX POINTE DR STE B,,CHARLOTTE,NC,Vacant Land,40.0,4
Sanders,GREEN DIAMOND MONTANA TIMBERLANDS LLC,GREEN DIAMOND MONTANA TIMBERLANDS LLC,C/O ORBIS INC,8809 LENOX POINTE DR STE B,,CHARLOTTE,NC,Vacant Land,480.0,4
Sanders,GREEN DIAMOND MONTANA TIMBERLANDS LLC,GREEN DIAMOND MONTANA TIMBERLANDS LLC,C/O ORBIS INC,8809 LENOX POINTE DR STE B,,CHARLOTTE,NC,Vacant Land,160.0,4
Sanders,GREEN DIAMOND MONTANA TIMBERLANDS LLC,GREEN DIAMOND MONTANA TIMBERLANDS LLC,C/O ORBIS INC,8809 LENOX POINTE DR STE B,,CHARLOTTE,NC,Vacant Land,120.0,4
Sanders,GREEN DIAMOND MONTANA TIMBERLANDS LLC,GREEN DIAMOND MONTANA TIMBERLANDS LLC,C/O ORBIS INC,8809 LENOX POINTE DR STE B,,CHARLOTTE,NC,Vacant Land,520.0,4
Sanders,GREEN DIAMOND MONTANA TIMBERLANDS LLC,GREEN DIAMOND MONTANA TIMBERLANDS LLC,C/O ORBIS INC,8809 LENOX POINTE DR STE B,,CHARLOTTE,NC,Vacant Land,640.0,4
Sanders,GREEN DIAMOND MONTANA TIMBERLANDS LLC,GREEN DIAMOND MONTANA TIMBERLANDS LLC,C/O ORBIS INC,8809 LENOX POINTE DR STE B,,CHARLOTTE,NC,Vacant Land,626.477,4
Sanders,GREEN DIAMOND MONTANA TIMBERLANDS LLC,GREEN DIAMOND MONTANA TIMBERLANDS LLC,C/O ORBIS INC,8809 LENOX POINTE DR STE B,,CHARLOTTE,NC,Vacant Land,633.04,4
Sanders,GREEN DIAMOND MONTANA TIMBERLANDS LLC,GREEN DIAMOND MONTANA TIMBERLANDS LLC,C/O ORBIS INC,8809 LENOX POINTE DR STE B,,CHARLOTTE,NC,Vacant Land,636.52,4
Sanders,GREEN DIAMOND MONTANA TIMBERLANDS LLC,GREEN DIAMOND MONTANA TIMBERLANDS LLC,C/O ORBIS INC,8809 LENOX POINTE DR STE B,,CHARLOTTE,NC,Vacant Land,640.24,4
Sanders,GREEN DIAMOND MONTANA TIMBERLANDS LLC,GREEN DIAMOND MONTANA TIMBERLANDS LLC,C/O ORBIS INC,8809 LENOX POINTE DR STE B,,CHARLOTTE,NC,Vacant Land,280.0,4
Sanders,GREEN DIAMOND MONTANA TIMBERLANDS LLC,GREEN DIAMOND MONTANA TIMBERLANDS LLC,C/O ORBIS INC,8809 LENOX POINTE DR STE B,,CHARLOTTE,NC,Vacant Land,640.8,4
Sanders,GREEN DIAMOND MONTANA TIMBERLANDS LLC,GREEN DIAMOND MONTANA TIMBERLANDS LLC,C/O ORBIS INC,8809 LENOX POINTE DR STE B,,CHARLOTTE,NC,Vacant Land,638.08,4
Sanders,GREEN DIAMOND MONTANA TIMBERLANDS LLC,GREEN DIAMOND MONTANA TIMBERLANDS LLC,C/O ORBIS INC,8809 LENOX POINTE DR STE B,,CHARLOTTE,NC,Vacant Land,656.47,4
Sanders,GREEN DIAMOND MONTANA TIMBERLANDS LLC,GREEN DIAMOND MONTANA TIMBERLANDS LLC,C/O ORBIS INC,8809 LENOX POINTE DR STE B,,CHARLOTTE,NC,Vacant Land,644.26,4
Sanders,GREEN DIAMOND MONTANA TIMBERLANDS LLC,GREEN DIAMOND MONTANA TIMBERLANDS LLC,C/O ORBIS INC,8809 LENOX POINTE DR STE B,,CHARLOTTE,NC,Vacant Land,520.0,4
Sanders,GREEN DIAMOND MONTANA TIMBERLANDS LLC,GREEN DIAMOND MONTANA TIMBERLANDS LLC,C/O ORBIS INC,8809 LENOX POINTE DR STE B,,CHARLOTTE,NC,Vacant Land,240.0,4
Sanders,GREEN DIAMOND MONTANA TIMBERLANDS LLC,GREEN DIAMOND MONTANA TIMBERLANDS LLC,C/O ORBIS INC,8809 LENOX POINTE DR STE B,,CHARLOTTE,NC,Vacant Land,400.0,4
Sanders,GREEN DIAMOND MONTANA TIMBERLANDS LLC,GREEN DIAMOND MONTANA TIMBERLANDS LLC,C/O ORBIS INC,8809 LENOX POINTE DR STE B,,CHARLOTTE,NC,Vacant Land,520.0,4
Sanders,GREEN DIAMOND MONTANA TIMBERLANDS LLC,GREEN DIAMOND MONTANA TIMBERLANDS LLC,C/O ORBIS INC,8809 LENOX POINTE DR STE B,,CHARLOTTE,NC,Vacant Land,120.0,4
Sanders,GREEN DIAMOND MONTANA TIMBERLANDS LLC,GREEN DIAMOND MONTANA TIMBERLANDS LLC,C/O ORBIS INC,8809 LENOX POINTE DR STE B,,CHARLOTTE,NC,Vacant Land,640.0,4
Sanders,GREEN DIAMOND MONTANA TIMBERLANDS LLC,GREEN DIAMOND MONTANA TIMBERLANDS LLC,C/O ORBIS INC,8809 LENOX POINTE DR STE B,,CHARLOTTE,NC,Vacant Land,640.0,4
Sanders,GREEN DIAMOND MONTANA TIMBERLANDS LLC,GREEN DIAMOND MONTANA TIMBERLANDS LLC,C/O ORBIS INC,8809 LENOX POINTE DR STE B,,CHARLOTTE,NC,Vacant Land,640.0,4
Sanders,GREEN DIAMOND MONTANA TIMBERLANDS LLC,GREEN DIAMOND MONTANA TIMBERLANDS LLC,C/O ORBIS INC,8809 LENOX POINTE DR STE B,,CHARLOTTE,NC,Vacant Land,655.92,4
Sanders,GREEN DIAMOND MONTANA TIMBERLANDS LLC,GREEN DIAMOND MONTANA TIMBERLANDS LLC,C/O ORBIS INC,8809 LENOX POINTE DR STE B,,CHARLOTTE,NC,Vacant Land,640.0,4
Sanders,GREEN DIAMOND MONTANA TIMBERLANDS LLC,GREEN DIAMOND MONTANA TIMBERLANDS LLC,C/O ORBIS INC,8809 LENOX POINTE DR STE B,,CHARLOTTE,NC,Vacant Land,640.0,4
Sanders,GREEN DIAMOND MONTANA TIMBERLANDS LLC,GREEN DIAMOND MONTANA TIMBERLANDS LLC,C/O ORBIS INC,8809 LENOX POINTE DR STE B,,CHARLOTTE,NC,Vacant Land,640.0,4
Sanders,GREEN DIAMOND MONTANA TIMBERLANDS LLC,GREEN DIAMOND MONTANA TIMBERLANDS LLC,C/O ORBIS INC,8809 LENOX POINTE DR STE B,,CHARLOTTE,NC,Vacant Land,640.0,4
Sanders,GREEN DIAMOND MONTANA TIMBERLANDS LLC,GREEN DIAMOND MONTANA TIMBERLANDS LLC,C/O ORBIS INC,8809 LENOX POINTE DR STE B,,CHARLOTTE,NC,Vacant Land,640.0,4
Sanders,GREEN DIAMOND MONTANA TIMBERLANDS LLC,GREEN DIAMOND MONTANA TIMBERLANDS LLC,C/O ORBIS INC,8809 LENOX POINTE DR STE B,,CHARLOTTE,NC,Vacant Land,640.0,4
Sanders,GREEN DIAMOND MONTANA TIMBERLANDS LLC,GREEN DIAMOND MONTANA TIMBERLANDS LLC,C/O ORBIS INC,8809 LENOX POINTE DR STE B,,CHARLOTTE,NC,Vacant Land,640.0,4
Sanders,GREEN DIAMOND MONTANA TIMBERLANDS LLC,GREEN DIAMOND MONTANA TIMBERLANDS LLC,C/O ORBIS INC,8809 LENOX POINTE DR STE B,,CHARLOTTE,NC,Vacant Land,640.0,4
Sanders,GREEN DIAMOND MONTANA TIMBERLANDS LLC,GREEN DIAMOND MONTANA TIMBERLANDS LLC,C/O ORBIS INC,8809 LENOX POINTE DR STE B,,CHARLOTTE,NC,Vacant Land,40.0,4
Sanders,GREEN DIAMOND MONTANA TIMBERLANDS LLC,GREEN DIAMOND MONTANA TIMBERLANDS LLC,C/O ORBIS INC,8809 LENOX POINTE DR STE B,,CHARLOTTE,NC,Vacant Land,337.12,4
Sanders,GREEN DIAMOND MONTANA TIMBERLANDS LLC,GREEN DIAMOND MONTANA TIMBERLANDS LLC,C/O ORBIS INC,8809 LENOX POINTE DR STE B,,CHARLOTTE,NC,Vacant Land,618.4,4
Sanders,GREEN DIAMOND MONTANA TIMBERLANDS LLC,GREEN DIAMOND MONTANA TIMBERLANDS LLC,C/O ORBIS INC,8809 LENOX POINTE DR STE B,,CHARLOTTE,NC,Vacant Land,40.0,4
Sanders,GREEN DIAMOND MONTANA TIMBERLANDS LLC,GREEN DIAMOND MONTANA TIMBERLANDS LLC,C/O ORBIS INC,8809 LENOX POINTE DR STE B,,CHARLOTTE,NC,Vacant Land,160.0,4
Sanders,GREEN DIAMOND MONTANA TIMBERLANDS LLC,GREEN DIAMOND MONTANA TIMBERLANDS LLC,C/O ORBIS INC,8809 LENOX POINTE DR STE B,,CHARLOTTE,NC,Vacant Land,160.0,4
Sanders,GREEN DIAMOND MONTANA TIMBERLANDS LLC,GREEN DIAMOND MONTANA TIMBERLANDS LLC,C/O ORBIS INC,8809 LENOX POINTE DR STE B,,CHARLOTTE,NC,Vacant Land,560.0,4
Sanders,GREEN DIAMOND MONTANA TIMBERLANDS LLC,GREEN DIAMOND MONTANA TIMBERLANDS LLC,C/O ORBIS INC,8809 LENOX POINTE DR STE B,,CHARLOTTE,NC,Vacant Land,80.0,4
Sanders,GREEN DIAMOND MONTANA TIMBERLANDS LLC,GREEN DIAMOND MONTANA TIMBERLANDS LLC,C/O ORBIS INC,8809 LENOX POINTE DR STE B,,CHARLOTTE,NC,Vacant Land,640.0,4
Sanders,GREEN DIAMOND MONTANA TIMBERLANDS LLC,GREEN DIAMOND MONTANA TIMBERLANDS LLC,C/O ORBIS INC,8809 LENOX POINTE DR STE B,,CHARLOTTE,NC,Vacant Land,640.0,4
Sanders,GREEN DIAMOND MONTANA TIMBERLANDS LLC,GREEN DIAMOND MONTANA TIMBERLANDS LLC,C/O ORBIS INC,8809 LENOX POINTE DR STE B,,CHARLOTTE,NC,Vacant Land,658.28,4
Sanders,GREEN DIAMOND MONTANA TIMBERLANDS LLC,GREEN DIAMOND MONTANA TIMBERLANDS LLC,C/O ORBIS INC,8809 LENOX POINTE DR STE B,,CHARLOTTE,NC,Vacant Land,664.16,4
Sanders,GREEN DIAMOND MONTANA TIMBERLANDS LLC,GREEN DIAMOND MONTANA TIMBERLANDS LLC,C/O ORBIS INC,8809 LENOX POINTE DR STE B,,CHARLOTTE,NC,Vacant Land,640.0,4
Sanders,GREEN DIAMOND MONTANA TIMBERLANDS LLC,GREEN DIAMOND MONTANA TIMBERLANDS LLC,C/O ORBIS INC,8809 LENOX POINTE DR STE B,,CHARLOTTE,NC,Vacant Land,640.0,4
Sanders,GREEN DIAMOND MONTANA TIMBERLANDS LLC,GREEN DIAMOND MONTANA TIMBERLANDS LLC,C/O ORBIS INC,8809 LENOX POINTE DR STE B,,CHARLOTTE,NC,Vacant Land,640.0,4
Sanders,GREEN DIAMOND MONTANA TIMBERLANDS LLC,GREEN DIAMOND MONTANA TIMBERLANDS LLC,C/O ORBIS INC,8809 LENOX POINTE DR STE B,,CHARLOTTE,NC,Vacant Land,320.0,4
Sanders,GREEN DIAMOND MONTANA TIMBERLANDS LLC,GREEN DIAMOND MONTANA TIMBERLANDS LLC,C/O ORBIS INC,8809 LENOX POINTE DR STE B,,CHARLOTTE,NC,Vacant Land,80.0,4
Sanders,GREEN DIAMOND MONTANA TIMBERLANDS LLC,GREEN DIAMOND MONTANA TIMBERLANDS LLC,C/O ORBIS INC,8809 LENOX POINTE DR STE B,,CHARLOTTE,NC,Vacant Land,640.0,4
Sanders,GREEN DIAMOND MONTANA TIMBERLANDS LLC,GREEN DIAMOND MONTANA TIMBERLANDS LLC,C/O ORBIS INC,8809 LENOX POINTE DR STE B,,CHARLOTTE,NC,Vacant Land,640.0,4
Sanders,GREEN DIAMOND MONTANA TIMBERLANDS LLC,GREEN DIAMOND MONTANA TIMBERLANDS LLC,C/O ORBIS INC,8809 LENOX POINTE DR STE B,,CHARLOTTE,NC,Vacant Land,602.32,4
Sanders,GREEN DIAMOND MONTANA TIMBERLANDS LLC,GREEN DIAMOND MONTANA TIMBERLANDS LLC,C/O ORBIS INC,8809 LENOX POINTE DR STE B,,CHARLOTTE,NC,Vacant Land,484.6,4
Sanders,GREEN DIAMOND MONTANA TIMBERLANDS LLC,GREEN DIAMOND MONTANA TIMBERLANDS LLC,C/O ORBIS INC,8809 LENOX POINTE DR STE B,,CHARLOTTE,NC,Vacant Land,643.88,4
Sanders,GREEN DIAMOND MONTANA TIMBERLANDS LLC,GREEN DIAMOND MONTANA TIMBERLANDS LLC,C/O ORBIS INC,8809 LENOX POINTE DR STE B,,CHARLOTTE,NC,Vacant Land,160.0,4
Sanders,GREEN DIAMOND MONTANA TIMBERLANDS LLC,GREEN DIAMOND MONTANA TIMBERLANDS LLC,C/O ORBIS INC,8809 LENOX POINTE DR STE B,,CHARLOTTE,NC,Vacant Land,80.0,4
Sanders,GREEN DIAMOND MONTANA TIMBERLANDS LLC,GREEN DIAMOND MONTANA TIMBERLANDS LLC,C/O ORBIS INC,8809 LENOX POINTE DR STE B,,CHARLOTTE,NC,Vacant Land,647.6,4
Sanders,GREEN DIAMOND MONTANA TIMBERLANDS LLC,GREEN DIAMOND MONTANA TIMBERLANDS LLC,C/O ORBIS INC,8809 LENOX POINTE DR STE B,,CHARLOTTE,NC,Vacant Land,628.85,4
Sanders,GREEN DIAMOND MONTANA TIMBERLANDS LLC,GREEN DIAMOND MONTANA TIMBERLANDS LLC,C/O ORBIS INC,8809 LENOX POINTE DR STE B,,CHARLOTTE,NC,Vacant Land,629.16,4
Sanders,GREEN DIAMOND MONTANA TIMBERLANDS LLC,GREEN DIAMOND MONTANA TIMBERLANDS LLC,C/O ORBIS INC,8809 LENOX POINTE DR STE B,,CHARLOTTE,NC,Vacant Land,640.0,4
Sanders,GREEN DIAMOND MONTANA TIMBERLANDS LLC,GREEN DIAMOND MONTANA TIMBERLANDS LLC,C/O ORBIS INC,8809 LENOX POINTE DR STE B,,CHARLOTTE,NC,Vacant Land,640.0,4
Sanders,GREEN DIAMOND MONTANA TIMBERLANDS LLC,GREEN DIAMOND MONTANA TIMBERLANDS LLC,C/O ORBIS INC,8809 LENOX POINTE DR STE B,,CHALOTTE,NC,Vacant Land,640.0,4
Sanders,GREEN DIAMOND MONTANA TIMBERLANDS LLC,GREEN DIAMOND MONTANA TIMBERLANDS LLC,C/O ORBIS INC,8809 LENOX POINTE DR STE B,,CHARLOTTE,NC,Vacant Land,640.0,4
Sanders,GREEN DIAMOND MONTANA TIMBERLANDS LLC,GREEN DIAMOND MONTANA TIMBERLANDS LLC,C/O ORBIS INC,8809 LENOX POINTE DR STE B,,CHARLOTTE,NC,Vacant Land,640.0,4
Sanders,GREEN DIAMOND MONTANA TIMBERLANDS LLC,GREEN DIAMOND MONTANA TIMBERLANDS LLC,C/O ORBIS INC,8809 LENOX POINTE DR STE B,,CHARLOTTE,NC,Vacant Land,640.0,4
Sanders,GREEN DIAMOND MONTANA TIMBERLANDS LLC,GREEN DIAMOND MONTANA TIMBERLANDS LLC,C/O ORBIS INC,8809 LENOX POINTE DR STE B,,CHARLOTTE,NC,Vacant Land,640.0,4
Sanders,GREEN DIAMOND MONTANA TIMBERLANDS LLC,GREEN DIAMOND MONTANA TIMBERLANDS LLC,C/O ORBIS INC,8809 LENOX POINTE DR STE B,,CHARLOTTE,NC,Vacant Land,630.0,4
Sanders,GREEN DIAMOND MONTANA TIMBERLANDS LLC,GREEN DIAMOND MONTANA TIMBERLANDS LLC,C/O ORBIS INC,8809 LENOX POINTE DR STE B,,CHARLOTTE,NC,Vacant Land,631.48,4
Sanders,GREEN DIAMOND MONTANA TIMBERLANDS LLC,GREEN DIAMOND MONTANA TIMBERLANDS LLC,C/O ORBIS INC,8809 LENOX POINTE DR STE B,,CHARLOTTE,NC,Vacant Land,640.0,4
Sanders,GREEN DIAMOND MONTANA TIMBERLANDS LLC,GREEN DIAMOND MONTANA TIMBERLANDS LLC,C/O ORBIS INC,8809 LENOX POINTE DR STE B,,CHARLOTTE,NC,Vacant Land,160.0,4
Sanders,GREEN DIAMOND MONTANA TIMBERLANDS LLC,GREEN DIAMOND MONTANA TIMBERLANDS LLC,C/O ORBIS INC,8809 LENOX POINTE DR STE B,,CHARLOTTE,NC,Vacant Land,640.0,4
Sanders,GREEN DIAMOND MONTANA TIMBERLANDS LLC,GREEN DIAMOND MONTANA TIMBERLANDS LLC,C/O ORBIS INC,8809 LENOX POINTE DR STE B,,CHARLOTTE,NC,Vacant Land,40.0,4
Sanders,GREEN DIAMOND MONTANA TIMBERLANDS LLC,GREEN DIAMOND MONTANA TIMBERLANDS LLC,C/O ORBIS INC,8809 LENOX POINTE DR STE B,,CHARLOTTE,NC,Vacant Land,640.0,4
Sanders,GREEN DIAMOND MONTANA TIMBERLANDS LLC,GREEN DIAMOND MONTANA TIMBERLANDS LLC,C/O ORBIS INC,8809 LENOX POINTE DR STE B,,CHARLOTTE,NC,Vacant Land,360.0,4
Sanders,GREEN DIAMOND MONTANA TIMBERLANDS LLC,GREEN DIAMOND MONTANA TIMBERLANDS LLC,C/O ORBIS INC,8809 LENOX POINTE DR STE B,,CHARLOTTE,NC,Vacant Land,629.69,4
Sanders,GREEN DIAMOND MONTANA TIMBERLANDS LLC,GREEN DIAMOND MONTANA TIMBERLANDS LLC,C/O ORBIS INC,8809 LENOX POINTE DR STE B,,CHARLOTTE,NC,Vacant Land,477.0,4
Sanders,GREEN DIAMOND MONTANA TIMBERLANDS LLC,GREEN DIAMOND MONTANA TIMBERLANDS LLC,C/O ORBIS INC,8809 LENOX POINTE DR STE B,,CHARLOTTE,NC,Vacant Land,640.0,4
Sanders,GREEN DIAMOND MONTANA TIMBERLANDS LLC,GREEN DIAMOND MONTANA TIMBERLANDS LLC,C/O ORBIS INC,8809 LENOX POINTE DR STE B,,CHARLOTTE,NC,Vacant Land,632.6,4
Sanders,GREEN DIAMOND MONTANA TIMBERLANDS LLC,GREEN DIAMOND MONTANA TIMBERLANDS LLC,C/O ORBIS INC,8809 LENOX POINTE DR STE B,,CHARLOTTE,NC,Vacant Land,630.04,4
Sanders,GREEN DIAMOND MONTANA TIMBERLANDS LLC,GREEN DIAMOND MONTANA TIMBERLANDS LLC,C/O ORBIS INC,8809 LENOX POINTE DR STE B,,CHARLOTTE,NC,Vacant Land,120.0,4
Sanders,GREEN DIAMOND MONTANA TIMBERLANDS LLC,GREEN DIAMOND MONTANA TIMBERLANDS LLC,C/O ORBIS INC,8809 LENOX POINTE DR STE B,,CHARLOTTE,NC,Vacant Land,120.68,4
Sanders,GREEN DIAMOND MONTANA TIMBERLANDS LLC,GREEN DIAMOND MONTANA TIMBERLANDS LLC,C/O ORBIS INC,8809 LENOX POINTE DR STE B,,CHARLOTTE,NC,Vacant Land,640.0,4
Sanders,GREEN DIAMOND MONTANA TIMBERLANDS LLC,GREEN DIAMOND MONTANA TIMBERLANDS LLC,C/O ORBIS INC,8809 LENOX POINTE DR STE B,,CHARLOTTE,NC,Vacant Land,40.0,4
Sanders,GREEN DIAMOND MONTANA TIMBERLANDS LLC,GREEN DIAMOND MONTANA TIMBERLANDS LLC,C/O ORBIS INC,8809 LENOX POINTE DR STE B,,CHARLOTTE,NC,Vacant Land,400.0,4
Sanders,GREEN DIAMOND MONTANA TIMBERLANDS LLC,GREEN DIAMOND MONTANA TIMBERLANDS LLC,C/O ORBIS INC,8809 LENOX POINTE DR STE B,,CHARLOTTE,NC,Vacant Land,640.0,4
Sanders,GREEN DIAMOND MONTANA TIMBERLANDS LLC,GREEN DIAMOND MONTANA TIMBERLANDS LLC,C/O ORBIS INC,8809 LENOX POINTE DR STE B,,CHARLOTTE,NC,Vacant Land,639.56,4
Sanders,GREEN DIAMOND MONTANA TIMBERLANDS LLC,GREEN DIAMOND MONTANA TIMBERLANDS LLC,C/O ORBIS INC,8809 LENOX POINTE DR STE B,,CHARLOTTE,NC,Vacant Land,638.96,4
Sanders,GREEN DIAMOND MONTANA TIMBERLANDS LLC,GREEN DIAMOND MONTANA TIMBERLANDS LLC,C/O ORBIS INC,8809 LENOX POINTE DR STE B,,CHARLOTTE,NC,Vacant Land,638.68,4
Sanders,GREEN DIAMOND MONTANA TIMBERLANDS LLC,GREEN DIAMOND MONTANA TIMBERLANDS LLC,C/O ORBIS INC,8809 LENOX POINTE DR STE B,,CHARLOTTE,NC,Vacant Land,640.0,4
Sanders,GREEN DIAMOND MONTANA TIMBERLANDS LLC,GREEN DIAMOND MONTANA TIMBERLANDS LLC,C/O ORBIS INC,8809 LENOX POINTE DR STE B,,CHARLOTTE,NC,Vacant Land,560.0,4
Sanders,GREEN DIAMOND MONTANA TIMBERLANDS LLC,GREEN DIAMOND MONTANA TIMBERLANDS LLC,C/O ORBIS INC,8809 LENOX POINTE DR STE B,,CHARLOTTE,NC,Vacant Land,80.0,4
Sanders,GREEN DIAMOND MONTANA TIMBERLANDS LLC,GREEN DIAMOND MONTANA TIMBERLANDS LLC,C/O ORBIS INC,8809 LENOX POINTE DR STE B,,CHARLOTTE,NC,Vacant Land,640.0,4
Sanders,GREEN DIAMOND MONTANA TIMBERLANDS LLC,GREEN DIAMOND MONTANA TIMBERLANDS LLC,C/O ORBIS INC,8809 LENOX POINTE DR STE B,,CHALOTTE,NC,Vacant Land,643.28,4
Sanders,GREEN DIAMOND MONTANA TIMBERLANDS LLC,GREEN DIAMOND MONTANA TIMBERLANDS LLC,C/O ORBIS INC,8809 LENOX POINTE DR STE B,,CHARLOTTE,NC,Vacant Land,640.0,4
Sanders,GREEN DIAMOND MONTANA TIMBERLANDS LLC,GREEN DIAMOND MONTANA TIMBERLANDS LLC,C/O ORBIS INC,8809 LENOX PIONTE DR STE B,,CHARLOTTE,NC,Vacant Land,320.0,4
Sanders,GREEN DIAMOND MONTANA TIMBERLANDS LLC,GREEN DIAMOND MONTANA TIMBERLANDS LLC,C/O ORBIS INC,8809 LENOX POINTE DR STE B,,CHARLOTTE,NC,Vacant Land,640.0,4
Sanders,GREEN DIAMOND MONTANA TIMBERLANDS LLC,GREEN DIAMOND MONTANA TIMBERLANDS LLC,C/O ORBIS INC,8809 LENOX POINTE DR STE B,,CHARLOTTE,NC,Vacant Land,320.0,4
Sanders,GREEN DIAMOND MONTANA TIMBERLANDS LLC,GREEN DIAMOND MONTANA TIMBERLANDS LLC,C/O ORBIS INC,8809 LENOX POINTE DR STE B,,CHARLOTTE,NC,Vacant Land,645.32,4
Sanders,GREEN DIAMOND MONTANA TIMBERLANDS LLC,GREEN DIAMOND MONTANA TIMBERLANDS LLC,C/O ORBIS INC,8809 LENOX POINTE DR STE B,,CHARLOTTE,NC,Vacant Land,640.0,4
Sanders,GREEN DIAMOND MONTANA TIMBERLANDS LLC,GREEN DIAMOND MONTANA TIMBERLANDS LLC,C/O ORBIS INC,8809 LENOX POINTE DR STE B,,CHARLOTTE,NC,Vacant Land,445.24,4
Sanders,GREEN DIAMOND MONTANA TIMBERLANDS LLC,GREEN DIAMOND MONTANA TIMBERLANDS LLC,C/O ORBIS INC,8809 LENOX POINTE DR STE B,,CHARLOTTE,NC,Vacant Land,446.0,4
Sanders,GREEN DIAMOND MONTANA TIMBERLANDS LLC,GREEN DIAMOND MONTANA TIMBERLANDS LLC,C/O ORBIS INC,8809 LENOX POINTE DR STE B,,CHARLOTTE,NC,Vacant Land,447.28,4
Sanders,GREEN DIAMOND MONTANA TIMBERLANDS LLC,GREEN DIAMOND MONTANA TIMBERLANDS LLC,C/O ORBIS INC,8809 LENOX POINTE DR STE B,,CHARLOTTE,NC,Vacant Land,249.2,4
Sanders,GREEN DIAMOND MONTANA TIMBERLANDS LLC,GREEN DIAMOND MONTANA TIMBERLANDS LLC,C/O ORBIS INC,8809 LENOX POINTE DR STE B,,CHARLOTTE,NC,Vacant Land,450.44,4
Sanders,GREEN DIAMOND MONTANA TIMBERLANDS LLC,GREEN DIAMOND MONTANA TIMBERLANDS LLC,C/O ORBIS INC,8809 LENOX POINTE DR STE B,,CHARLOTTE,NC,Vacant Land,434.36,4
Sanders,GREEN DIAMOND MONTANA TIMBERLANDS LLC,GREEN DIAMOND MONTANA TIMBERLANDS LLC,C/O ORBIS INC,8809 LENOX POINTE DR STE B,,CHARLOTTE,NC,Vacant Land,306.72,4
Sanders,GREEN DIAMOND MONTANA TIMBERLANDS LLC,GREEN DIAMOND MONTANA TIMBERLANDS LLC,C/O ORBIS INC,8809 LENOX POINTE DR STE B,,CHARLOTTE,NC,Vacant Land,306.64,4
Sanders,GREEN DIAMOND MONTANA TIMBERLANDS LLC,GREEN DIAMOND MONTANA TIMBERLANDS LLC,C/O ORBIS INC,8809 LENOX POINTE DR STE B,,CHARLOTTE,NC,Vacant Land,640.0,4
Sanders,GREEN DIAMOND MONTANA TIMBERLANDS LLC,GREEN DIAMOND MONTANA TIMBERLANDS LLC,C/O ORBIS INC,8809 LENOX POINTE DR STE B,,CHARLOTTE,NC,Vacant Land,280.0,4
Sanders,GREEN DIAMOND MONTANA TIMBERLANDS LLC,GREEN DIAMOND MONTANA TIMBERLANDS LLC,C/O ORBIS INC,8809 LENOX POINTE DR STE B,,CHARLOTTE,NC,Vacant Land,122.13,4
Sanders,GREEN DIAMOND MONTANA TIMBERLANDS LLC,GREEN DIAMOND MONTANA TIMBERLANDS LLC,C/O ORBIS INC,8809 LENOX POINTE DR STE B,,CHARLOTTE,NC,Vacant Land,640.0,4
Sanders,GREEN DIAMOND MONTANA TIMBERLANDS LLC,GREEN DIAMOND MONTANA TIMBERLANDS LLC,C/O ORBIS INC,8809 LENOX POINTE DR STE B,,CHARLOTTE,NC,Vacant Land,640.0,4
Sanders,GREEN DIAMOND MONTANA TIMBERLANDS LLC,GREEN DIAMOND MONTANA TIMBERLANDS LLC,C/O ORBIS INC,8809 LENOX POINTE DR STE B,,CHARLOTTE,NC,Vacant Land,640.0,4
Sanders,GREEN DIAMOND MONTANA TIMBERLANDS LLC,GREEN DIAMOND MONTANA TIMBERLANDS LLC,C/O ORBIS INC,8809 LENOX POINTE DR STE B,,CHARLOTTE,NC,Vacant Land,640.0,4
Sanders,GREEN DIAMOND MONTANA TIMBERLANDS LLC,GREEN DIAMOND MONTANA TIMBERLANDS LLC,C/O ORBIS INC,8809 LENOX POINTE DR STE B,,CHARLOTTE,NC,Vacant Land,640.0,4
Sanders,GREEN DIAMOND MONTANA TIMBERLANDS LLC,GREEN DIAMOND MONTANA TIMBERLANDS LLC,C/O ORBIS INC,8809 LENOX POINTE DR STE B,,CHARLOTTE,NC,Vacant Land,640.0,4
Sanders,GREEN DIAMOND MONTANA TIMBERLANDS LLC,GREEN DIAMOND MONTANA TIMBERLANDS LLC,C/O ORBIS INC,8809 LENOX POINTE DR STE B,,CHARLOTTE,NC,Vacant Land,640.0,4
Sanders,GREEN DIAMOND MONTANA TIMBERLANDS LLC,GREEN DIAMOND MONTANA TIMBERLANDS LLC,C/O ORBIS INC,8809 LENOX POINTE DR STE B,,CHARLOTTE,NC,Vacant Land,160.0,4
Sanders,GREEN DIAMOND MONTANA TIMBERLANDS LLC,GREEN DIAMOND MONTANA TIMBERLANDS LLC,C/O ORBIS INC,8809 LENOX POINTE DR STE B,,CHARLOTTE,NC,Vacant Land,400.0,4
Sanders,GREEN DIAMOND MONTANA TIMBERLANDS LLC,GREEN DIAMOND MONTANA TIMBERLANDS LLC,C/O ORBIS INC,8809 LENOX POINTE DR STE B,,CHARLOTTE,NC,Vacant Land,80.0,4
Sanders,GREEN DIAMOND MONTANA TIMBERLANDS LLC,GREEN DIAMOND MONTANA TIMBERLANDS LLC,C/O ORBIS INC,8809 LENOX POINTE DR STE B,,CHARLOTTE,NC,Vacant Land,640.0,4
Sanders,GREEN DIAMOND MONTANA TIMBERLANDS LLC,GREEN DIAMOND MONTANA TIMBERLANDS LLC,C/O ORBIS INC,8809 LENOX POINTE DR STE B,,CHARLOTTE,NC,Vacant Land,520.0,4
Sanders,GREEN DIAMOND MONTANA TIMBERLANDS LLC,GREEN DIAMOND MONTANA TIMBERLANDS LLC,C/O ORBIS INC,8809 LENOX POINTE DR STE B,,CHARLOTTE,NC,Vacant Land,120.0,4
Sanders,GREEN DIAMOND MONTANA TIMBERLANDS LLC,GREEN DIAMOND MONTANA TIMBERLANDS LLC,C/O ORBIS INC,8809 LENOX POINTE DR STE B,,CHARLOTEE,NC,Vacant Land,640.0,4
Sanders,GREEN DIAMOND MONTANA TIMBERLANDS LLC,GREEN DIAMOND MONTANA TIMBERLANDS LLC,C/O ORBIS INC,8809 LENOX POINTE DR STE B,,CHARLOTTE,NC,Vacant Land,400.0,4
Sanders,GREEN DIAMOND MONTANA TIMBERLANDS LLC,GREEN DIAMOND MONTANA TIMBERLANDS LLC,C/O ORBIS INC,8809 LENOX POINTE DR STE B,,CHARLOTTE,NC,Vacant Land,40.23,4
Sanders,GREEN DIAMOND MONTANA TIMBERLANDS LLC,GREEN DIAMOND MONTANA TIMBERLANDS LLC,C/O ORBIS INC,8809 LENOX POINTE DR STE B,,CHARLOTTE,NC,Vacant Land,600.0,4
Sanders,GREEN DIAMOND MONTANA TIMBERLANDS LLC,GREEN DIAMOND MONTANA TIMBERLANDS LLC,C/O ORBIS INC,8809 LENOX POINTE DR STE B,,CHARLOTTE,NC,Vacant Land,40.0,4
Sanders,GREEN DIAMOND MONTANA TIMBERLANDS LLC,GREEN DIAMOND MONTANA TIMBERLANDS LLC,C/O ORBIS INC,8809 LENOX POINTE DR STE B,,CHARLOTTE,NC,Vacant Land,400.0,4
Sanders,GREEN DIAMOND MONTANA TIMBERLANDS LLC,GREEN DIAMOND MONTANA TIMBERLANDS LLC,C/O ORBIS INC,8809 LENOX POINTE DR STE B,,CHARLOTTE,NC,Vacant Land,81.14,4
Sanders,GREEN DIAMOND MONTANA TIMBERLANDS LLC,GREEN DIAMOND MONTANA TIMBERLANDS LLC,C/O ORBIS INC,8809 LENOX POINTE DR STE B,,CHARLOTTE,NC,Vacant Land,209.52,4
Sanders,GREEN DIAMOND MONTANA TIMBERLANDS LLC,GREEN DIAMOND MONTANA TIMBERLANDS LLC,C/O ORBIS INC,8809 LENOX POINTE DR STE B,,CHARLOTTE,NC,Vacant Land,615.24,4
Sanders,GREEN DIAMOND MONTANA TIMBERLANDS LLC,GREEN DIAMOND MONTANA TIMBERLANDS LLC,C/O ORBIS INC,8809 LENOX POINTE DR STE B,,CHARLOTTE,NC,Vacant Land,520.0,4
Sanders,GREEN DIAMOND MONTANA TIMBERLANDS LLC,GREEN DIAMOND MONTANA TIMBERLANDS LLC,C/O ORBIS INC,8809 LENOX POINTE DR STE B,,CHARLOTTE,NC,Vacant Land,120.0,4
Sanders,GREEN DIAMOND MONTANA TIMBERLANDS LLC,GREEN DIAMOND MONTANA TIMBERLANDS LLC,C/O ORBIS INC,8809 LENOX POINTE DR STE B,,CHARLOTTE,NC,Vacant Land,40.0,4
Sanders,GREEN DIAMOND MONTANA TIMBERLANDS LLC,GREEN DIAMOND MONTANA TIMBERLANDS LLC,C/O ORBIS INC,8809 LENOX POINTE DR STE B,,CHARLOTTE,NC,Vacant Land,600.0,4
Sanders,GREEN DIAMOND MONTANA TIMBERLANDS LLC,GREEN DIAMOND MONTANA TIMBERLANDS LLC,C/O ORBIS INC,8809 LENOX POINTE DR STE B,,CHARLOTTE,NC,Vacant Land,640.0,4
Sanders,GREEN DIAMOND MONTANA TIMBERLANDS LLC,GREEN DIAMOND MONTANA TIMBERLANDS LLC,C/O ORBIS INC,8809 LENOX POINTE DR STE B,,CHARLOTTE,NC,Vacant Land,509.24,4
Sanders,GREEN DIAMOND MONTANA TIMBERLANDS LLC,GREEN DIAMOND MONTANA TIMBERLANDS LLC,C/O ORBIS INC,8809 LENOX POINTE DR STE B,,CHARLOTTE,NC,Vacant Land,505.44,4
Sanders,GREEN DIAMOND MONTANA TIMBERLANDS LLC,GREEN DIAMOND MONTANA TIMBERLANDS LLC,C/O ORBIS INC,8809 LENOX POINTE DR STE B,,CHARLOTTE,NC,Vacant Land,485.65,4
Sanders,GREEN DIAMOND MONTANA TIMBERLANDS LLC,GREEN DIAMOND MONTANA TIMBERLANDS LLC,C/O ORBIS INC,8809 LENOX POINTE DR STE B,,CHARLOTTE,NC,Vacant Land,625.52,4
Sanders,GREEN DIAMOND MONTANA TIMBERLANDS LLC,GREEN DIAMOND MONTANA TIMBERLANDS LLC,C/O ORBIS INC,8809 LENOX POINTE DR STE B,,CHARLOTTE,NC,Vacant Land,200.0,4
Sanders,GREEN DIAMOND MONTANA TIMBERLANDS LLC,GREEN DIAMOND MONTANA TIMBERLANDS LLC,C/O ORBIS INC,8809 LENOX POINTE DR STE B,,CHARLOTTE,NC,Vacant Land,400.0,4
Sanders,GREEN DIAMOND MONTANA TIMBERLANDS LLC,GREEN DIAMOND MONTANA TIMBERLANDS LLC,C/O ORBIS INC,8809 LENOX POINTE DR STE B,,CHARLOTTE,NC,Vacant Land,240.0,4
Sanders,GREEN DIAMOND MONTANA TIMBERLANDS LLC,GREEN DIAMOND MONTANA TIMBERLANDS LLC,C/O ORBIS INC,8809 LENOX POINTE DR STE B,,CHARLOTTE,NC,Vacant Land,640.0,4
Sanders,GREEN DIAMOND MONTANA TIMBERLANDS LLC,GREEN DIAMOND MONTANA TIMBERLANDS LLC,C/O ORBIS,8809 LENOX POINTE DR STE B,,CHARLOTTE,NC,Vacant Land,630.36,4
Sanders,GREEN DIAMOND MONTANA TIMBERLANDS LLC,GREEN DIAMOND MONTANA TIMBERLANDS LLC,C/O ORBIS INC,8809 LENOX POINTE DR STE B,,CHARLOTTE,NC,Vacant Land,634.24,4
Sanders,GREEN DIAMOND MONTANA TIMBERLANDS LLC,GREEN DIAMOND MONTANA TIMBERLANDS LLC,C/O ORBIS INC,8809 LENOX POINTE DR STE B,,CHARLOTTE,NC,Vacant Land,600.0,4
Sanders,GREEN DIAMOND MONTANA TIMBERLANDS LLC,GREEN DIAMOND MONTANA TIMBERLANDS LLC,C/O ORBIS INC,8809 LENOX POINTE DR STE B,,CHARLOTTE,NC,Vacant Land,40.0,4
Sanders,GREEN DIAMOND MONTANA TIMBERLANDS LLC,GREEN DIAMOND MONTANA TIMBERLANDS LLC,C/O ORBIS INC,8809 LENOX POINTE DR STE B,,CHARLOTTE,NC,Vacant Land,360.0,4
Sanders,GREEN DIAMOND MONTANA TIMBERLANDS LLC,GREEN DIAMOND MONTANA TIMBERLANDS LLC,C/O ORBIS INC,8809 LENOX POINTE DR STE B,,CHARLOTTE,NC,Vacant Land,280.0,4
Sanders,GREEN DIAMOND MONTANA TIMBERLANDS LLC,GREEN DIAMOND MONTANA TIMBERLANDS LLC,C/O ORBIS INC,8809 LENOX POINTE DR STE B,,CHARLOTTE,NC,Vacant Land,640.0,4
Sanders,GREEN DIAMOND MONTANA TIMBERLANDS LLC,GREEN DIAMOND MONTANA TIMBERLANDS LLC,C/O ORBIS INC,8809 LENOX POINTE DR STE B,,CHARLOTTE,NC,Vacant Land,634.96,4
Sanders,GREEN DIAMOND MONTANA TIMBERLANDS LLC,GREEN DIAMOND MONTANA TIMBERLANDS LLC,C/O ORBIS INC,8809 LENOX POINTE DR STE B,,CHARLOTTE,NC,Vacant Land,633.2,4
Sanders,GREEN DIAMOND MONTANA TIMBERLANDS LLC,GREEN DIAMOND MONTANA TIMBERLANDS LLC,C/O ORBIS INC,8809 LENOX POINTE DR STE B,,CHALOTTE,NC,Vacant Land,480.0,4
Sanders,GREEN DIAMOND MONTANA TIMBERLANDS LLC,GREEN DIAMOND MONTANA TIMBERLANDS LLC,C/O ORBIS INC,8809 LENOX POINTE DR STE B,,CHARLOTTE,NC,Vacant Land,160.0,4
Sanders,GREEN DIAMOND MONTANA TIMBERLANDS LLC,GREEN DIAMOND MONTANA TIMBERLANDS LLC,C/O ORBIS INC,8809 LENOX POINTE DR STE B,,CHARLOTTE,NC,Vacant Land,240.0,4
Sanders,GREEN DIAMOND MONTANA TIMBERLANDS LLC,GREEN DIAMOND MONTANA TIMBERLANDS LLC,C/O ORBIS INC,8809 LENOX POINTE DR STE B,,CHARLOTTE,NC,Vacant Land,400.0,4
Sanders,GREEN DIAMOND MONTANA TIMBERLANDS LLC,GREEN DIAMOND MONTANA TIMBERLANDS LLC,C/O ORBIS INC,8809 LENOX POINTE DR STE B,,CHARLOTTE,NC,Vacant Land,435.44,4
Sanders,GREEN DIAMOND MONTANA TIMBERLANDS LLC,GREEN DIAMOND MONTANA TIMBERLANDS LLC,C/O ORBIS INC,8809 LENOX POINTE DR STE B,,CHARLOTTE,NC,Vacant Land,640.0,4
Sanders,GREEN DIAMOND MONTANA TIMBERLANDS LLC,GREEN DIAMOND MONTANA TIMBERLANDS LLC,C/O ORBIS INC,8809 LENOX POINTE DR STE B,,CHARLOTTE,NC,Vacant Land,520.38,4
Sanders,GREEN DIAMOND MONTANA TIMBERLANDS LLC,GREEN DIAMOND MONTANA TIMBERLANDS LLC,C/O ORBIS INC,8809 LENOX POINTE DR STE B,,CHARLOTTE,NC,Vacant Land,121.14,4
Sanders,GREEN DIAMOND MONTANA TIMBERLANDS LLC,GREEN DIAMOND MONTANA TIMBERLANDS LLC,C/O ORBIS INC,8809 LENOX POINTE DR STE B,,CHARLOTTE,NC,Vacant Land,643.32,4
Sanders,GREEN DIAMOND MONTANA TIMBERLANDS LLC,GREEN DIAMOND MONTANA TIMBERLANDS LLC,C/O ORBIS INC,8809 LENOX POINTE DR STE B,,CHARLOTTE,NC,Vacant Land,643.32,4
Sanders,GREEN DIAMOND MONTANA TIMBERLANDS LLC,GREEN DIAMOND MONTANA TIMBERLANDS LLC,C/O ORBIS INC,8809 LENOX POINTE DR STE B,,CHARLOTTE,NC,Vacant Land,40.89,4
Sanders,GREEN DIAMOND MONTANA TIMBERLANDS LLC,GREEN DIAMOND MONTANA TIMBERLANDS LLC,C/O ORBIS INC,8809 LENOX POINTE DR STE B,,CHARLOTTE,NC,Vacant Land,480.93,4
Sanders,GREEN DIAMOND MONTANA TIMBERLANDS LLC,GREEN DIAMOND MONTANA TIMBERLANDS LLC,C/O ORBIS INC,8809 LENOX POINTE DR STE B,,CHARLOTTE,NC,Vacant Land,641.4,4
Sanders,GREEN DIAMOND MONTANA TIMBERLANDS LLC,GREEN DIAMOND MONTANA TIMBERLANDS LLC,C/O ORBIS INC,8809 LENOX POINTE DR STE B,,CHARLOTTE,NC,Vacant Land,637.68,4
Sanders,GREEN DIAMOND MONTANA TIMBERLANDS LLC,GREEN DIAMOND MONTANA TIMBERLANDS LLC,C/O ORBIS INC,8809 LENOX POINTE DR STE B,,CHARLOTTE,NC,Vacant Land,637.2,4
Sanders,GREEN DIAMOND MONTANA TIMBERLANDS LLC,GREEN DIAMOND MONTANA TIMBERLANDS LLC,C/O ORBIS INC,8809 LENOX POINTE DR STE B,,CHARLOTTE,NC,Vacant Land,640.0,4
Sanders,GREEN DIAMOND MONTANA TIMBERLANDS LLC,GREEN DIAMOND MONTANA TIMBERLANDS LLC,C/O ORBIS INC,8809 LENOX POINTE DR STE B,,CHARLOTTE,NC,Vacant Land,640.0,4
Sanders,GREEN DIAMOND MONTANA TIMBERLANDS LLC,GREEN DIAMOND MONTANA TIMBERLANDS LLC,C/O ORBIS INC,8809 LENOX POINTE DR STE B,,CHARLOTEE,NC,Vacant Land,640.0,4
Sanders,GREEN DIAMOND MONTANA TIMBERLANDS LLC,GREEN DIAMOND MONTANA TIMBERLANDS LLC,C/O ORBIS INC,8809 LENOX POINTE DR STE B,,CHARLOTTE,NC,Vacant Land,640.0,4
Sanders,GREEN DIAMOND MONTANA TIMBERLANDS LLC,GREEN DIAMOND MONTANA TIMBERLANDS LLC,C/O ORBIS INC,8809 LENOX POINTE DR STE B,,CHALOTTE,NC,Vacant Land,40.0,4
Sanders,GREEN DIAMOND MONTANA TIMBERLANDS LLC,GREEN DIAMOND MONTANA TIMBERLANDS LLC,C/O ORBIS INC,8809 LENOX POINTE DR STE B,,CHARLOTTE,NC,Vacant Land,360.0,4
Sanders,GREEN DIAMOND MONTANA TIMBERLANDS LLC,GREEN DIAMOND MONTANA TIMBERLANDS LLC,C/O ORBIS INC,8809 LENOX POINTE DR STE B,,CHARLOTTE,NC,Vacant Land,632.39,4
Sanders,GREEN DIAMOND MONTANA TIMBERLANDS LLC,GREEN DIAMOND MONTANA TIMBERLANDS LLC,C/O ORBIS INC,8809 LENOX POINTE DR STE B,,CHARLOTTE,NC,Vacant Land,560.0,4
Sanders,GREEN DIAMOND MONTANA TIMBERLANDS LLC,GREEN DIAMOND MONTANA TIMBERLANDS LLC,C/O ORBIS INC,8809 LENOX POINTE DR STE B,,CHARLOTTE,NC,Vacant Land,640.0,4
Sanders,GREEN DIAMOND MONTANA TIMBERLANDS LLC,GREEN DIAMOND MONTANA TIMBERLANDS LLC,C/O ORBIS INC,8809 LENOX POINTE DR STE B,,CHARLOTTE,NC,Vacant Land,640.0,4
Sanders,GREEN DIAMOND MONTANA TIMBERLANDS LLC,GREEN DIAMOND MONTANA TIMBERLANDS LLC,C/O ORBIS INC,8809 LENOX POINTE DR STE B,,CHARLOTTE,NC,Vacant Land,120.0,4
Sanders,GREEN DIAMOND MONTANA TIMBERLANDS LLC,GREEN DIAMOND MONTANA TIMBERLANDS LLC,C/O ORBIS INC,8809 LENOX POINTE DR STE B,,CHARLOTTE,NC,Vacant Land,158.28,4
Sanders,GREEN DIAMOND MONTANA TIMBERLANDS LLC,GREEN DIAMOND MONTANA TIMBERLANDS LLC,C/O ORBIS INC,8809 LENOX POINTE DR STE B,,CHARLOTTE,NC,Vacant Land,39.98,4
Sanders,GREEN DIAMOND MONTANA TIMBERLANDS LLC,GREEN DIAMOND MONTANA TIMBERLANDS LLC,C/O ORBIS INC,8809 LENOX POINTE DR STE B,,CHARLOTTE,NC,Vacant Land,39.96,4
Sanders,GREEN DIAMOND MONTANA TIMBERLANDS LLC,GREEN DIAMOND MONTANA TIMBERLANDS LLC,C/O ORBIS INC,8809 LENOX POINTE RD STE B,,CHARLOTTE,NC,Vacant Land,479.81,4
Sanders,GREEN DIAMOND MONTANA TIMBERLANDS LLC,GREEN DIAMOND MONTANA TIMBERLANDS LLC,C/O ORBIS INC,8809 LENOX POINTE DR STE B,,CHARLOTTE,NC,Vacant Land,159.15,4
Sanders,GREEN DIAMOND MONTANA TIMBERLANDS LLC,GREEN DIAMOND MONTANA TIMBERLANDS LLC,C/O ORBIS INC,8809 LENOX POINTE DR STE B,,CHARLOTTE,NC,Vacant Land,160.0,4
Sanders,GREEN DIAMOND MONTANA TIMBERLANDS LLC,GREEN DIAMOND MONTANA TIMBERLANDS LLC,C/O ORBIS INC,8809 LENOX POINTE DR STE B,,CHARLOTTE,NC,Vacant Land,440.0,4
Sanders,GREEN DIAMOND MONTANA TIMBERLANDS LLC,GREEN DIAMOND MONTANA TIMBERLANDS LLC,C/O ORBIS INC,8809 LENOX POINTE DR STE B,,CHARLOTTE,NC,Vacant Land,640.0,4
Sanders,GREEN DIAMOND MONTANA TIMBERLANDS LLC,GREEN DIAMOND MONTANA TIMBERLANDS LLC,C/O ORBIS INC,8809 LENOX POINTE DR STE B,,CHARLOTTE,NC,Vacant Land,480.0,4
Sanders,GREEN DIAMOND MONTANA TIMBERLANDS LLC,GREEN DIAMOND MONTANA TIMBERLANDS LLC,C/O ORBIS INC,8809 LENOX POINTE DR STE B,,CHARLOTTE,NC,Vacant Land,160.0,4
Sanders,GREEN DIAMOND MONTANA TIMBERLANDS LLC,GREEN DIAMOND MONTANA TIMBERLANDS LLC,C/O ORBIS INC,8809 LENOX POINTE DR STE B,,CHARLOTTE,NC,Vacant Land,440.0,4
Sanders,GREEN DIAMOND MONTANA TIMBERLANDS LLC,GREEN DIAMOND MONTANA TIMBERLANDS LLC,C/O ORBIS INC,8809 LENOX POINTE DR STE B,,CHARLOTTE,NC,Vacant Land,40.0,4
Sanders,GREEN DIAMOND MONTANA TIMBERLANDS LLC,GREEN DIAMOND MONTANA TIMBERLANDS LLC,C/O ORBIS INC,8809 LENOX POINTE DR STE B,,CHARLOTTE,NC,Vacant Land,160.0,4
Sanders,GREEN DIAMOND MONTANA TIMBERLANDS LLC,GREEN DIAMOND MONTANA TIMBERLANDS LLC,C/O ORBIS INC,8809 LENOX POINTE DR STE B,,CHARLOTTE,NC,Vacant Land,140.0,4
Sanders,GREEN DIAMOND MONTANA TIMBERLANDS LLC,GREEN DIAMOND MONTANA TIMBERLANDS LLC,C/O ORBIS INC,8809 LENOX POINTE DR STE B,,CHARLOTTE,NC,Vacant Land,640.0,4
Sanders,GREEN DIAMOND MONTANA TIMBERLANDS LLC,GREEN DIAMOND MONTANA TIMBERLANDS LLC,C/O ORBIS INC,8809 LENOX POINTE DR STE B,,CHARLOTTE,NC,Vacant Land,360.0,4
Sanders,GREEN DIAMOND MONTANA TIMBERLANDS LLC,GREEN DIAMOND MONTANA TIMBERLANDS LLC,C/O ORBIS INC,8809 LENOX POINTE DR STE B,,CHARLOTTE,NC,Vacant Land,640.0,4
Sanders,GREEN DIAMOND MONTANA TIMBERLANDS LLC,GREEN DIAMOND MONTANA TIMBERLANDS LLC,C/O ORBIS INC,8809 LENOX POINTE DR STE B,,CHARLOTTE,NC,Vacant Land,480.0,4
Sanders,GREEN DIAMOND MONTANA TIMBERLANDS LLC,GREEN DIAMOND MONTANA TIMBERLANDS LLC,C/O ORBIS INC,8809 LENOX POINTE DR STE B,,CHARLOTTE,NC,Vacant Land,520.0,4
Sanders,GREEN DIAMOND MONTANA TIMBERLANDS LLC,GREEN DIAMOND MONTANA TIMBERLANDS LLC,C/O ORBIS INC,8809 LENOX POINTE DR STE B,,CHARLOTTE,NC,Vacant Land,120.0,4
Sanders,GREEN DIAMOND MONTANA TIMBERLANDS LLC,GREEN DIAMOND MONTANA TIMBERLANDS LLC,C/O ORBIS INC,8809 LENOX POINTE DR STE B,,CHARLOTTE,NC,Vacant Land,319.35,4
Sanders,GREEN DIAMOND MONTANA TIMBERLANDS LLC,GREEN DIAMOND MONTANA TIMBERLANDS LLC,C/O ORBIS INC,8809 LENOX POINTE DR STE B,,CHARLOTTE,NC,Vacant Land,319.49,4
Sanders,GREEN DIAMOND MONTANA TIMBERLANDS LLC,GREEN DIAMOND MONTANA TIMBERLANDS LLC,C/O ORBIS INC,8809 LENOX POINTE DR STE B,,CHARLOTTE,NC,Vacant Land,559.56,4
Sanders,GREEN DIAMOND MONTANA TIMBERLANDS LLC,GREEN DIAMOND MONTANA TIMBERLANDS LLC,C/O ORBIS INC,8809 LENOX POINTE DR STE B,,CHARLOTTE,NC,Vacant Land,80.0,4
Sanders,GREEN DIAMOND MONTANA TIMBERLANDS LLC,GREEN DIAMOND MONTANA TIMBERLANDS LLC,C/O ORBIS INC,8809 LENOX POINTE DR STE B,,CHARLOTTE,NC,Vacant Land,200.0,4
Sanders,GREEN DIAMOND MONTANA TIMBERLANDS LLC,GREEN DIAMOND MONTANA TIMBERLANDS LLC,C/O ORBIS INC,8809 LENOX POINTE DR STE B,,CHARLOTTE,NC,Vacant Land,600.0,4
Sanders,GREEN DIAMOND MONTANA TIMBERLANDS LLC,GREEN DIAMOND MONTANA TIMBERLANDS LLC,C/O ORBIS INC,8809 LENOX POINTE DR STE B,,CHARLOTTE,NC,Vacant Land,40.0,4
Sanders,GREEN DIAMOND MONTANA TIMBERLANDS LLC,GREEN DIAMOND MONTANA TIMBERLANDS LLC,C/O ORBIS INC,8809 LENOX POINTE DR STE B,,CHARLOTTE,NC,Vacant Land,520.0,4
Sanders,GREEN DIAMOND MONTANA TIMBERLANDS LLC,GREEN DIAMOND MONTANA TIMBERLANDS LLC,C/O ORBIS INC,8809 LENOX POINTE DR STE B,,CHARLOTTE,NC,Vacant Land,640.0,4
Sanders,GREEN DIAMOND MONTANA TIMBERLANDS LLC,GREEN DIAMOND MONTANA TIMBERLANDS LLC,C/O ORBIS INC,8809 LENOX POINTE DR STE B,,CHARLOTTE,NC,Vacant Land,79.4,4
Sanders,GREEN DIAMOND MONTANA TIMBERLANDS LLC,GREEN DIAMOND MONTANA TIMBERLANDS LLC,C/O ORBIS INC,8809 LENOX POINTE DR STE B,,CHARLOTTE,NC,Vacant Land,240.0,4
Sanders,GREEN DIAMOND MONTANA TIMBERLANDS LLC,GREEN DIAMOND MONTANA TIMBERLANDS LLC,C/O ORBIS INC,8809 LENOX POINTE DR UNIT B,,CHARLOTTE,NC,Vacant Land,627.08,4
Sanders,GREEN DIAMOND MONTANA TIMBERLANDS LLC,GREEN DIAMOND MONTANA TIMBERLANDS LLC,C/O ORBIS INC,8809 LENOX POINTE DR STE B,,CHARLOTTE,NC,Vacant Land,587.88,4
Sanders,GREEN DIAMOND MONTANA TIMBERLANDS LLC,GREEN DIAMOND MONTANA TIMBERLANDS LLC,C/O ORBIS INC,8809 LENOX POINTE DR STE B,,CHALOTTE,NC,Vacant Land,628.56,4
Sanders,GREEN DIAMOND MONTANA TIMBERLANDS LLC,GREEN DIAMOND MONTANA TIMBERLANDS LLC,C/O ORBIS INC,8809 LENOX POINTE DR STE B,,CHARLOTTE,NC,Vacant Land,467.68,4
Sanders,GREEN DIAMOND MONTANA TIMBERLANDS LLC,GREEN DIAMOND MONTANA TIMBERLANDS LLC,C/O ORBIS INC,8809 LENOX POINTE DR STE B,,CHARLOTTE,NC,Vacant Land,627.2,4
Sanders,GREEN DIAMOND MONTANA TIMBERLANDS LLC,GREEN DIAMOND MONTANA TIMBERLANDS LLC,C/O ORBIS INC,8809 LENOX POINTE DR STE B,,CHARLOTTE,NC,Vacant Land,7.657,4
Sanders,GREEN DIAMOND MONTANA TIMBERLANDS LLC,GREEN DIAMOND MONTANA TIMBERLANDS LLC,8809 LENOX POINTE DR UNIT B,,,CHARLOTTE,NC,Vacant Land,41.62,4
Sanders,GREEN DIAMOND MONTANA TIMBERLANDS LLC,GREEN DIAMOND MONTANA TIMBERLANDS LLC,C/O ORBIS INC,8809 LENOX POINTE DR STE B,,CHARLOTTE,NC,Vacant Land,280.0,4
Sanders,GREEN DIAMOND MONTANA TIMBERLANDS LLC,GREEN DIAMOND MONTANA TIMBERLANDS LLC,C/O ORBIS INC,8809 LENOX POINTE DR STE B,,CHARLOTTE,NC,Vacant Land,637.9,4
Sanders,GREEN DIAMOND MONTANA TIMBERLANDS LLC,GREEN DIAMOND MONTANA TIMBERLANDS LLC,C/O ORBIS INC,8809 LENOX POINTE DR STE B,,CHARLOTTE,NC,Vacant Land,640.0,4
Sanders,GREEN DIAMOND MONTANA TIMBERLANDS LLC,GREEN DIAMOND MONTANA TIMBERLANDS LLC,C/O ORBIS INC,8809 LENOX POINTE DR STE B,,CHARLOTTE,NC,Vacant Land,640.0,4
Sanders,GREEN DIAMOND MONTANA TIMBERLANDS LLC,GREEN DIAMOND MONTANA TIMBERLANDS LLC,C/O ORBIS INC,8809 LENOX POINTE DR STE B,,CHARLOTTE,NC,Vacant Land,641.52,4
Sanders,GREEN DIAMOND MONTANA TIMBERLANDS LLC,GREEN DIAMOND MONTANA TIMBERLANDS LLC,C/O ORBIS INC,8809 LENOX POINTE DR STE B,,CHARLOTTE,NC,Vacant Land,640.0,4
Sanders,GREEN DIAMOND MONTANA TIMBERLANDS LLC,GREEN DIAMOND MONTANA TIMBERLANDS LLC,C/O ORBIS INC,8809 LENOX POINTE DR STE B,,CHARLOTTE,NC,Vacant Land,640.0,4
Sanders,GREEN DIAMOND MONTANA TIMBERLANDS LLC,GREEN DIAMOND MONTANA TIMBERLANDS LLC,C/O ORBIS INC,8809 LENOX POINTE DR STE B,,CHARLOTTE,NC,Vacant Land,40.0,4
Sanders,GREEN DIAMOND MONTANA TIMBERLANDS LLC,GREEN DIAMOND MONTANA TIMBERLANDS LLC,C/O ORBIS INC,8809 LENOX POINTE DR STE B,,CHARLOTTE,NC,Vacant Land,478.33,4
Sanders,GREEN DIAMOND MONTANA TIMBERLANDS LLC,GREEN DIAMOND MONTANA TIMBERLANDS LLC,C/O ORBIS INC,8809 LENOX POINTE DR STE B,,CHARLOTTE,NC,Vacant Land,640.0,4
Sanders,GREEN DIAMOND MONTANA TIMBERLANDS LLC,GREEN DIAMOND MONTANA TIMBERLANDS LLC,C/O ORBIS INC,8809 LENOX POINTE DR STE B,,CHARLOTTE,NC,Vacant Land,240.0,4
Sanders,GREEN DIAMOND MONTANA TIMBERLANDS LLC,GREEN DIAMOND MONTANA TIMBERLANDS LLC,C/O ORBIS INC,8809 LENOX POINTE DR STE B,,CHARLOTTE,NC,Vacant Land,320.0,4
Sanders,GREEN DIAMOND MONTANA TIMBERLANDS LLC,GREEN DIAMOND MONTANA TIMBERLANDS LLC,C/O ORBIS INC,8809 LENOX POINTE DR STE B,,CHARLOTTE,NC,Vacant Land,640.0,4
Sanders,GREEN DIAMOND MONTANA TIMBERLANDS LLC,GREEN DIAMOND MONTANA TIMBERLANDS LLC,C/O ORBIS INC,8809 LENOX POINTE DR STE B,,CHARLOTTE,NC,Vacant Land,40.0,4
Sanders,GREEN DIAMOND MONTANA TIMBERLANDS LLC,GREEN DIAMOND MONTANA TIMBERLANDS LLC,C/O ORBIS INC,8809 LENOX POINTE DR STE B,,CHARLOTTE,NC,Vacant Land,40.0,4
Sanders,GREEN DIAMOND MONTANA TIMBERLANDS LLC,GREEN DIAMOND MONTANA TIMBERLANDS LLC,C/O ORBIS INC,8809 LENOX POINTE DR STE B,,CHARLOTTE,NC,Vacant Land,640.0,4
Sanders,GREEN DIAMOND MONTANA TIMBERLANDS LLC,GREEN DIAMOND MONTANA TIMBERLANDS LLC,C/O ORBIS INC,8809 LENOX POINTE DR STE B,,CHARLOTTE,NC,Vacant Land,480.0,4
Sanders,GREEN DIAMOND MONTANA TIMBERLANDS LLC,GREEN DIAMOND MONTANA TIMBERLANDS LLC,C/O ORBIS INC,8809 LENOX POINTE DR STE B,,CHARLOTTE,NC,Vacant Land,640.0,4
Sanders,GREEN DIAMOND MONTANA TIMBERLANDS LLC,GREEN DIAMOND MONTANA TIMBERLANDS LLC,C/O ORBIS INC,8809 LENOX POINTE DR STE B,,CHARLOTTE,NC,Vacant Land,642.68,4
Sanders,GREEN DIAMOND MONTANA TIMBERLANDS LLC,GREEN DIAMOND MONTANA TIMBERLANDS LLC,C/O ORBIS INC,8809 LENOX POINTE DR STE B,,CHARLOTTE,NC,Vacant Land,641.0,4
Sanders,GREEN DIAMOND MONTANA TIMBERLANDS LLC,GREEN DIAMOND MONTANA TIMBERLANDS LLC,C/O ORBIS INC,8809 LENOX POINTE DR STE B,,CHARLOTTE,NC,Vacant Land,640.0,4
Sanders,GREEN DIAMOND MONTANA TIMBERLANDS LLC,GREEN DIAMOND MONTANA TIMBERLANDS LLC,C/O ORBIS INC,8809 LENOX POINTE DR STE B,,CHARLOTTE,NC,Vacant Land,640.0,4
Sanders,GREEN DIAMOND MONTANA TIMBERLANDS LLC,GREEN DIAMOND MONTANA TIMBERLANDS LLC,C/O ORBIS INC,8809 LENOX POINTE DR STE B,,CHARLOTTE,NC,Vacant Land,40.0,4
Sanders,GREEN DIAMOND MONTANA TIMBERLANDS LLC,GREEN DIAMOND MONTANA TIMBERLANDS LLC,C/O ORBIS INC,8809 LENOX POINTE DR STE B,,CHARLOTTE,NC,Vacant Land,280.0,4
Sanders,GREEN DIAMOND MONTANA TIMBERLANDS LLC,GREEN DIAMOND MONTANA TIMBERLANDS LLC,C/O ORBIS INC,8809 LENOX POINTE DR STE B,,CHARLOTTE,NC,Vacant Land,640.0,4
Sanders,GREEN DIAMOND MONTANA TIMBERLANDS LLC,GREEN DIAMOND MONTANA TIMBERLANDS LLC,C/O ORBIS INC,8809 LENOX POINTE DR STE B,,CHARLOTTE,NC,Vacant Land,551.08,4
Sanders,GREEN DIAMOND MONTANA TIMBERLANDS LLC,GREEN DIAMOND MONTANA TIMBERLANDS LLC,C/O ORBIS INC,8809 LENOX POINTE DR STE B,,CHARLOTTE,NC,Vacant Land,80.0,4
Sanders,GREEN DIAMOND MONTANA TIMBERLANDS LLC,GREEN DIAMOND MONTANA TIMBERLANDS LLC,C/O ORBID INC,8809 LENOX POINTE DR STE B,,CHARLOTTE,NC,Vacant Land,40.0,4
Sanders,GREEN DIAMOND MONTANA TIMBERLANDS LLC,GREEN DIAMOND MONTANA TIMBERLANDS LLC,C/0 ORBIS INC,8809 LENOX POINTE DR STE B,,CHARLOTTE,NC,Vacant Land,632.67,4
Sheridan,NATURE CONSERVANCY,NATURE CONSERVANCY THE,32 S EWING ST,,,HELENA,MT,Vacant Land,311.07,8
Sheridan,NATURE CONSERVANCY,NATURE CONSERVANCY THE,32 S EWING ST,,,HELENA,MT,Vacant Land,439.51,8
Sheridan,NATURE CONSERVANCY,NATURE CONSERVANCY OF MONTANA,32 S EWING ST,,,HELENA,MT,Vacant Land,1.0,8
Sheridan,NATURE CONSERVANCY,NATURE CONSERVANCY THE,32 S EWING ST,,,HELENA,MT,Vacant Land,5.0,8
Sheridan,NATURE CONSERVANCY,NATURE CONSERVANCY THE,32 S EWING ST,,,HELENA,MT,Vacant Land,78.0,8
Sheridan,NATURE CONSERVANCY,NATURE CONSERVANCY THE,32 S EWING ST,,,HELENA,MT,Vacant Land,308.18,8
Sheridan,NATURE CONSERVANCY,NATURE CONSERVANCY  THE,32 S EWING ST,,,HELENA,MT,Vacant Land,0.298,8
Sheridan,NATURE CONSERVANCY,NATURE CONSERVANCY  THE,32 S EWING ST,,,HELENA,MT,Vacant Land,0.895,8
Sheridan,NATURE CONSERVANCY,NATURE CONSERVANCY  THE,32 S EWING ST,,,HELENA,MT,Vacant Land,0.895,8
Treasure,GALT RANCH,71 RANCH LP,40 71 RANCH LN,,,MARTINSDALE,MT,Vacant Land,641.2,1
Treasure,KROENKE GROUP,PV RANCH COMPANY LLC,PO BOX 11350,,,BOZEMAN,MT,Vacant Land,637.4,2
Treasure,KROENKE GROUP,PV RANCH COMPANY LLC,PO BOX 11350,,,BOZEMAN,MT,Vacant Land,633.8,2
Treasure,GALT RANCH,71 RANCH LP,40 71 RANCH LN,,,MARTINSDALE,MT,Vacant Land,320.0,1
Treasure,KROENKE GROUP,PV RANCH COMPANY LLC,PO BOX 11350,,,BOZEMAN,MT,Vacant Land,640.0,2
Treasure,KROENKE GROUP,PV RANCH COMPANY LLC,PO BOX 11350,,,BOZEMAN,MT,Vacant Land,640.0,2
Treasure,GALT RANCH,71 RANCH LP,40 71 RANCH LN,,,MARTINSDALE,MT,Vacant Land,80.0,1
Treasure,KROENKE GROUP,PV RANCH COMPANY LLC,PO BOX 11350,,,BOZEMAN,MT,Vacant Land,320.0,2
Treasure,KROENKE GROUP,PV RANCH COMPANY LLC,PO BOX 11350,,,BOZEMAN,MT,Vacant Land,320.48,2
Treasure,KROENKE GROUP,PV RANCH COMPANY LLC,PO BOX 11350,,,BOZEMAN,MT,Vacant Land,640.0,2
Treasure,KROENKE GROUP,PV RANCH CO LLC,PO BOX 11350,,,BOZEMAN,MT,Vacant Land,640.0,2
Treasure,KROENKE GROUP,PV RANCH COMPANY LLC,PO BOX 11350,,,BOZEMAN,MT,Vacant Land,320.0,2
Treasure,KROENKE GROUP,PV RANCH CO LLC,PO BOX 11350,,,BOZEMAN,MT,Vacant Land,640.4,2
Treasure,KROENKE GROUP,PV RANCH COMPANY LLC,PO BOX 11350,,,BOZEMAN,MT,Vacant Land,117.96,2
Treasure,KROENKE GROUP,PV RANCH COMPANY LLC,PO BOX 11350,,,BOZEMAN,MT,Vacant Land,638.44,2
Treasure,KROENKE GROUP,PV RANCH COMPANY LLC,PO BOX 11350,,,BOZEMAN,MT,Vacant Land,640.0,2
Treasure,KROENKE GROUP,PV RANCH COMPANY LLC,PO BOX 11350,,,BOZEMAN,MT,Improved Property,480.6,2
Treasure,KROENKE GROUP,PV RANCH COMPANY LLC,PO BOX 11350,,,BOZEMAN,MT,Vacant Land,145.0,2
Treasure,KROENKE GROUP,PV RANCH COMPANY LLC,PO BOX 11350,,,BOZEMAN,MT,Vacant Land,640.0,2
Treasure,KROENKE GROUP,PV RANCH CO LLC,PO BOX 11350,,,BOZEMAN,MT,Vacant Land,297.2,2
Treasure,KROENKE GROUP,PV RANCH COMPANY LLC,PO BOX 11350,,,BOZEMAN,MT,Vacant Land,640.0,2
Treasure,KROENKE GROUP,PV RANCH COMPANY LLC,PO BOX 11350,,,BOZEMAN,MT,Vacant Land,623.64,2
Treasure,KROENKE GROUP,PV RANCH COMPANY LLC,PO BOX 11350,,,BOZEMAN,MT,Vacant Land,320.0,2
Treasure,KROENKE GROUP,PV RANCH COMPANY LLC,PO BOX 11350,,,BOZEMAN,MT,Vacant Land,640.0,2
Treasure,KROENKE GROUP,PV RANCH COMPANY LLC,PO BOX 11350,,,BOZEMAN,MT,Vacant Land,640.0,2
Treasure,KROENKE GROUP,PV RANCH COMPANY LLC,PO BOX 11350,,,BOZEMAN,MT,Vacant Land,635.12,2
Treasure,KROENKE GROUP,PV RANCH COMPANY LLC,PO BOX 11350,,,BOZEMAN,MT,Vacant Land,637.52,2
Treasure,KROENKE GROUP,PV RANCH COMPANY LLC,PO BOX 11350,,,BOZEMAN,MT,Vacant Land,318.74,2
Treasure,KROENKE GROUP,PV RANCH COMPANY LLC,PO BOX 11350,,,BOZEMAN,MT,Vacant Land,626.4,2
Treasure,KROENKE GROUP,PV RANCH COMPANY LLC,PO BOX 11350,,,BOZEMAN,MT,Vacant Land,640.0,2
Treasure,KROENKE GROUP,PV RANCH COMPANY LLC,PO BOX 11350,,,BOZEMAN,MT,Vacant Land,7.461,2
Treasure,KROENKE GROUP,PV RANCH COMPANY LLC,PO BOX 11350,,,BOZEMAN,MT,Vacant Land,640.0,2
Treasure,KROENKE GROUP,PV RANCH COMPANY LLC,PO BOX 11350,,,BOZEMAN,MT,Vacant Land,640.0,2
Treasure,KROENKE GROUP,PV RANCH COMPANY LLC,PO BOX 11350,,,BOZEMAN,MT,Vacant Land,640.0,2
Treasure,KROENKE GROUP,PV RANCH COMPANY LLC,PO BOX 11350,,,BOZEMAN,MT,Vacant Land,625.48,2
Treasure,KROENKE GROUP,PV RANCH COMPANY LLC,PO BOX 11350,,,BOZEMAN,MT,Vacant Land,640.0,2
Treasure,KROENKE GROUP,PV RANCH COMPANY LLC,PO BOX 11350,,,BOZEMAN,MT,Vacant Land,640.0,2
Treasure,KROENKE GROUP,PV RANCH COMPANY LLC,PO BOX 11350,,,BOZEMAN,MT,Vacant Land,640.0,2
Treasure,KROENKE GROUP,PV RANCH COMPANY LLC,PO BOX 11350,,,BOZEMAN,MT,Improved Property,520.0,2
Treasure,KROENKE GROUP,PV RANCH COMPANY LLC,PO BOX 11350,,,BOZEMAN,MT,Vacant Land,626.12,2
Treasure,KROENKE GROUP,PV RANCH COMPANY LLC,PO BOX 11350,,,BOZEMAN,MT,Vacant Land,120.0,2
Treasure,KROENKE GROUP,PV RANCH COMPANY LLC,PO BOX 11350,,,BOZEMAN,MT,Vacant Land,320.0,2
Treasure,KROENKE GROUP,PV RANCH COMPANY LLC,PO BOX 11350,,,BOZEMAN,MT,Vacant Land,640.0,2
Treasure,KROENKE GROUP,PV RANCH COMPANY LLC,PO BOX 11350,,,BOZEMAN,MT,Vacant Land,640.0,2
Treasure,KROENKE GROUP,PV RANCH CO LLC,PO BOX 11350,,,BOZEMAN,MT,Vacant Land,640.0,2
Treasure,KROENKE GROUP,PV RANCH CO LLC,PO BOX 11350,,,BOZEMAN,MT,Vacant Land,640.0,2
Treasure,KROENKE GROUP,PV RANCH COMPANY LLC,PO BOX 11350,,,BOZEMAN,MT,Vacant Land,640.0,2
Treasure,KROENKE GROUP,PV RANCH COMPANY LLC,PO BOX 11350,,,BOZEMAN,MT,Vacant Land,640.0,2
Treasure,KROENKE GROUP,PV RANCH COMPANY LLC,PO BOX 11350,,,BOZEMAN,MT,Vacant Land,640.0,2
Treasure,KROENKE GROUP,PV RANCH COMPANY LLC,PO BOX 11350,,,BOZEMAN,MT,Vacant Land,640.0,2
Treasure,KROENKE GROUP,PV RANCH CO LLC,PO BOX 11350,,,BOZEMAN,MT,Vacant Land,640.0,2
Treasure,KROENKE GROUP,FORT PEASE COMM PASTURE,PO BOX 11350,,,BOZEMAN,MT,Vacant Land,640.0,2
Treasure,KROENKE GROUP,FORT PEASE COMM PASTURE,PO BOX 11350,,,BOZEMAN,MT,Vacant Land,640.0,2
Treasure,KROENKE GROUP,PV RANCH COMPANY LLC,PO BOX 11350,,,BOZEMAN,MT,Vacant Land,640.0,2
Treasure,KROENKE GROUP,FORT PEASE COMM PASTURE,PO BOX 11350,,,BOZEMAN,MT,Vacant Land,640.0,2
Treasure,KROENKE GROUP,FORT PEASE COMM PASTURE,PO BOX 11350,,,BOZEMAN,MT,Vacant Land,313.63,2
Treasure,KROENKE GROUP,PV RANCH HOLDINGS LLC,200 S 23RD AVE STE D9,,,BOZEMAN,MT,Vacant Land,640.0,2
Treasure,KROENKE GROUP,PV RANCH CO LLC,PO BOX 11350,,,BOZEMAN,MT,Vacant Land,640.0,2
Treasure,KROENKE GROUP,FORT PEASE COMM PASTURE,PO BOX 11350,,,BOZEMAN,MT,Vacant Land,440.0,2
Treasure,KROENKE GROUP,PV RANCH HOLDINGS LLC,200 S 23RD AVE STE D9,,,BOZEMAN,MT,Vacant Land,640.0,2
Treasure,KROENKE GROUP,PV RANCH HOLDINGS LLC,200 S 23RD AVE STE D9,,,BOZEMAN,MT,Vacant Land,560.0,2
Treasure,KROENKE GROUP,PV RANCH HOLDINGS LLC,200 S 23RD AVE STE D9,,,BOZEMAN,MT,Vacant Land,640.0,2
Treasure,KROENKE GROUP,PV RANCH HOLDINGS LLC,200 S 23RD AVE STE D9,,,BOZEMAN,MT,Improved Property,269.32,2
Treasure,KROENKE GROUP,FORT PEASE COMM PASTURE,PO BOX 11350,,,BOZEMAN,MT,Vacant Land,640.0,2
Treasure,KROENKE GROUP,PV RANCH HOLDINGS LLC,200 S 23RD AVE STE D9,,,BOZEMAN,MT,Vacant Land,0.32,2
Treasure,KROENKE GROUP,PV RANCH HOLDINGS LLC,200 S 23RD AVE STE D9,,,BOZEMAN,MT,Vacant Land,2.6,2
Treasure,KROENKE GROUP,FORT PEASE COMM PASTURE,PO BOX 11350,,,BOZEMAN,MT,Vacant Land,40.0,2
Treasure,KROENKE GROUP,PV RANCH CO LLC,PO BOX 11350,,,BOZEMAN,MT,Vacant Land,480.0,2
Treasure,KROENKE GROUP,FORT PEASE COMM PASTURE,PO BOX 11350,,,BOZEMAN,MT,Vacant Land,320.0,2
Treasure,KROENKE GROUP,PV RANCH COMPANY LLC,PO BOX 11350,,,BOZEMAN,MT,Vacant Land,640.68,2
Treasure,KROENKE GROUP,PV RANCH COMPANY LLC,PO BOX 11350,,,BOZEMAN,MT,Vacant Land,627.8,2
Treasure,KROENKE GROUP,FORT PEASE COMM PASTURE,PO BOX 11350,,,BOZEMAN,MT,Vacant Land,640.0,2
Treasure,SUNLIGHT RANCH COMPANY,SUNLIGHT RANCH COMPANY,ATTN TAX DEPARTMENT,PO BOX 30825,,SALT LAKE CTY,UT,Vacant Land,640.0,6
Treasure,SUNLIGHT RANCH COMPANY,SUNLIGHT RANCH COMPANY,ATTN TAX DEPARTMENT,PO BOX 30825,,SALT LAKE CTY,UT,Vacant Land,628.56,6
Treasure,GREAT NORTHERN PROPERTIES,GREAT NORTHERN PROPERTIES,PO BOX 1745,,,MILES CITY,MT,Vacant Land,240.0,10
Treasure,KROENKE GROUP,PV RANCH CO LLC,PO BOX 11350,,,BOZEMAN,MT,Vacant Land,34.882,2
Treasure,KROENKE GROUP,FORT PEASE COMM PASTURE,PO BOX 11350,,,BOZEMAN,MT,Vacant Land,640.0,2
Treasure,FARMLAND RESERVE INC,FARMLAND RESERVE INC,PO BOX 3688,,,SALT LAKE CITY,UT,Vacant Land,280.0,3
Treasure,FARMLAND RESERVE INC,FARMLAND RESERVE INC,PO BOX 3688,,,SALT LAKE CITY,UT,Vacant Land,633.69,3
Treasure,KROENKE GROUP,PV RANCH CO LLC,PO BOX 11350,,,BOZEMAN,MT,Vacant Land,640.0,2
Treasure,KROENKE GROUP,PV RANCH COMPANY LLC,PO BOX 11350,,,BOZEMAN,MT,Vacant Land,640.0,2
Treasure,KROENKE GROUP,PV RANCH COMPANY LLC,PO BOX 11350,,,BOZEMAN,MT,Vacant Land,640.0,2
Treasure,KROENKE GROUP,PV RANCH COMPANY LLC,PO BOX 11350,,,BOZEMAN,MT,Vacant Land,320.0,2
Treasure,KROENKE GROUP,PV RANCH CO LLC,PO BOX 11350,,,BOZEMAN,MT,Vacant Land,640.0,2
Treasure,KROENKE GROUP,PV RANCH COMPANY LLC,PO BOX 11350,,,BOZEMAN,MT,Vacant Land,639.2,2
Treasure,KROENKE GROUP,PV RANCH COMPANY LLC,PO BOX 11350,,,BOZEMAN,MT,Vacant Land,640.0,2
Treasure,KROENKE GROUP,PV RANCH COMPANY LLC,PO BOX 11350,,,BOZEMAN,MT,Vacant Land,637.28,2
Treasure,KROENKE GROUP,PV RANCH CO LLC,PO BOX 11350,,,BOZEMAN,MT,Vacant Land,320.0,2
Treasure,KROENKE GROUP,FORT PEASE COMM PASTURE,PO BOX 11350,,,BOZEMAN,MT,Vacant Land,639.88,2
Treasure,KROENKE GROUP,PV RANCH COMPANY LLC,PO BOX 11350,,,BOZEMAN,MT,Vacant Land,320.0,2
Treasure,KROENKE GROUP,FORT PEASE COMM PASTURE,PO BOX 11350,,,BOZEMAN,MT,Vacant Land,640.0,2
Treasure,KROENKE GROUP,FORT PEASE COMM PASTURE,PO BOX 11350,,,BOZEMAN,MT,Vacant Land,640.0,2
Treasure,KROENKE GROUP,PV RANCH COMPANY LLC,PO BOX 11350,,,BOZEMAN,MT,Vacant Land,320.0,2
Treasure,KROENKE GROUP,PV RANCH COMPANY LLC,PO BOX 11350,,,BOZEMAN,MT,Vacant Land,320.0,2
Treasure,KROENKE GROUP,PV RANCH COMPANY LLC,PO BOX 11350,,,BOZEMAN,MT,Vacant Land,635.56,2
Treasure,KROENKE GROUP,PV RANCH COMPANY LLC,PO BOX 11350,,,BOZEMAN,MT,Vacant Land,640.0,2
Treasure,KROENKE GROUP,PV RANCH CO LLC,PO BOX 11350,,,BOZEMAN,MT,Vacant Land,480.0,2
Treasure,KROENKE GROUP,FORT PEASE COMM PASTURE,PO BOX 11350,,,BOZEMAN,MT,Vacant Land,147.76,2
Treasure,KROENKE GROUP,FORT PEASE COMM PASTURE,PO BOX 11350,,,BOZEMAN,MT,Vacant Land,640.0,2
Treasure,KROENKE GROUP,FORT PEASE COMM PASTURE,PO BOX 11350,,,BOZEMAN,MT,Vacant Land,640.0,2
Treasure,KROENKE GROUP,PV RANCH HOLDINGS LLC,200 S 23RD AVE STE D9,,,BOZEMAN,MT,Vacant Land,296.56,2
Treasure,KROENKE GROUP,PV RANCH HOLDINGS LLC,200 S 23RD AVE STE D9,,,BOZEMAN,MT,Vacant Land,616.61,2
Treasure,FARMLAND RESERVE INC,FARMLAND RESERVE INC,PO BOX 3688,,,SALT LAKE CITY,UT,Vacant Land,320.0,3
Treasure,KROENKE GROUP,FORT PEASE COMM PASTURE,PO BOX 11350,,,BOZEMAN,MT,Vacant Land,320.0,2
Treasure,FARMLAND RESERVE INC,FARMLAND RESERVE INC,PO BOX 3688,,,SALT LAKE CITY,UT,Vacant Land,320.0,3
Treasure,KROENKE GROUP,PV RANCH HOLDINGS LLC,200 S 23RD AVE STE D9,,,BOZEMAN,MT,Vacant Land,182.8,2
Treasure,KROENKE GROUP,PV RANCH HOLDINGS LLC,200 S 23RD AVE STE D9,,,BOZEMAN,MT,Vacant Land,383.03,2
Treasure,KROENKE GROUP,PV RANCH COMPANY LLC,PO BOX 11350,,,BOZEMAN,MT,Vacant Land,640.0,2
Treasure,KROENKE GROUP,PV RANCH COMPANY LLC,PO BOX 11350,,,BOZEMAN,MT,Vacant Land,640.0,2
Treasure,KROENKE GROUP,PV RANCH COMPANY LLC,PO BOX 11350,,,BOZEMAN,MT,Vacant Land,640.0,2
Treasure,GREAT NORTHERN PROPERTIES,GREAT NORTHERN PROPERTIES,PO BOX 1745,,,MILES CITY,MT,Vacant Land,640.32,10
Treasure,GREAT NORTHERN PROPERTIES,GREAT NORTHERN PROPERTIES,PO BOX 1745,,,MILES CITY,MT,Vacant Land,40.0,10
Treasure,GREAT NORTHERN PROPERTIES,GREAT NORTHERN PROPERTIES LP,PO BOX 1745,,,MILES CITY,MT,Vacant Land,600.0,10
Treasure,KROENKE GROUP,FORT PEASE COMM PASTURE,PO BOX 11350,,,BOZEMAN,MT,Vacant Land,640.0,2
Treasure,KROENKE GROUP,FORT PEASE COMM PASTURE,PO BOX 11350,,,BOZEMAN,MT,Vacant Land,640.0,2
Treasure,KROENKE GROUP,FORT PEASE COMM PASTURE,PO BOX 11350,,,BOZEMAN,MT,Vacant Land,632.2,2
Treasure,KROENKE GROUP,PV RANCH CO LLC,PO BOX 11350,,,BOZEMAN,MT,Vacant Land,144.8,2
Treasure,FARMLAND RESERVE INC,FARMLAND RESERVE INC,PO BOX 3688,,,SALT LAKE CITY,UT,Vacant Land,473.12,3
Treasure,FARMLAND RESERVE INC,FARMLAND RESERVE INC,PO BOX 3688,,,SALT LAKE CITY,UT,Vacant Land,160.0,3
Treasure,GALT RANCH,71 RANCH LP,40 71 RANCH LN,,,MARTINSDALE,MT,Vacant Land,327.8,1
Treasure,KROENKE GROUP,PV RANCH COMPANY LLC,PO BOX 11350,,,BOZEMAN,MT,Vacant Land,318.14,2
Treasure,KROENKE GROUP,PV RANCH COMPANY LLC,PO BOX 11350,,,BOZEMAN,MT,Vacant Land,640.0,2
Treasure,KROENKE GROUP,PV RANCH COMPANY LLC,PO BOX 11350,,,BOZEMAN,MT,Vacant Land,624.56,2
Treasure,KROENKE GROUP,FORT PEASE COMM PASTURE,PO BOX 11350,,,BOZEMAN,MT,Vacant Land,495.0,2
Treasure,KROENKE GROUP,PV RANCH COMPANY LLC,PO BOX 11350,,,BOZEMAN,MT,Vacant Land,640.0,2
Treasure,KROENKE GROUP,PV RANCH COMPANY LLC,PO BOX 11350,,,BOZEMAN,MT,Vacant Land,640.0,2
Treasure,KROENKE GROUP,PV RANCH COMPANY LLC,PO BOX 11350,,,BOZEMAN,MT,Vacant Land,640.0,2
Treasure,KROENKE GROUP,PV RANCH CO LLC,PO BOX 11350,,,BOZEMAN,MT,Vacant Land,320.0,2
Treasure,KROENKE GROUP,PV RANCH COMPANY LLC,PO BOX 11350,,,BOZEMAN,MT,Vacant Land,320.0,2
Treasure,KROENKE GROUP,PV RANCH COMPANY LLC,PO BOX 11350,,,BOZEMAN,MT,Vacant Land,640.0,2
Treasure,KROENKE GROUP,PV RANCH COMPANY LLC,PO BOX 11350,,,BOZEMAN,MT,Vacant Land,640.0,2
Treasure,KROENKE GROUP,PV RANCH COMPANY LLC,PO BOX 11350,,,BOZEMAN,MT,Vacant Land,640.0,2
Treasure,KROENKE GROUP,PV RANCH CO LLC,PO BOX 11350,,,BOZEMAN,MT,Vacant Land,640.0,2
Treasure,KROENKE GROUP,PV RANCH COMPANY LLC,PO BOX 11350,,,BOZEMAN,MT,Vacant Land,640.0,2
Treasure,KROENKE GROUP,PV RANCH COMPANY LLC,PO BOX 11350,,,BOZEMAN,MT,Vacant Land,640.0,2
Treasure,KROENKE GROUP,PV RANCH COMPANY LLC,PO BOX 11350,,,BOZEMAN,MT,Vacant Land,626.2,2
Treasure,KROENKE GROUP,PV RANCH COMPANY LLC,PO BOX 11350,,,BOZEMAN,MT,Vacant Land,646.76,2
Treasure,KROENKE GROUP,PV RANCH COMPANY LLC,PO BOX 11350,,,BOZEMAN,MT,Vacant Land,640.0,2
Treasure,KROENKE GROUP,PV RANCH COMPANY LLC,PO BOX 11350,,,BOZEMAN,MT,Vacant Land,626.0,2
Treasure,KROENKE GROUP,PV RANCH COMPANY LLC,PO BOX 11350,,,BOZEMAN,MT,Vacant Land,640.0,2
Treasure,KROENKE GROUP,PV RANCH COMPANY LLC,PO BOX 11350,,,BOZEMAN,MT,Vacant Land,312.61,2
Treasure,KROENKE GROUP,PV RANCH CO LLC,PO BOX 11350,,,BOZEMAN,MT,Vacant Land,640.0,2
Treasure,KROENKE GROUP,PV RANCH CO LLC,PO BOX 11350,,,BOZEMAN,MT,Vacant Land,640.0,2
Treasure,KROENKE GROUP,PV RANCH CO LLC,PO BOX 11350,,,BOZEMAN,MT,Vacant Land,640.0,2
Treasure,KROENKE GROUP,PV RANCH CO LLC,PO BOX 11350,,,BOZEMAN,MT,Vacant Land,640.0,2
Treasure,KROENKE GROUP,PV RANCH COMPANY LLC,PO BOX 11350,,,BOZEMAN,MT,Vacant Land,320.0,2
Treasure,KROENKE GROUP,FORT PEASE COMM PASTURE,PO BOX 11350,,,BOZEMAN,MT,Vacant Land,626.64,2
Treasure,KROENKE GROUP,FORT PEASE COMM PASTURE,PO BOX 11350,,,BOZEMAN,MT,Vacant Land,640.0,2
Treasure,KROENKE GROUP,PV RANCH COMPANY LLC,PO BOX 11350,,,BOZEMAN,MT,Vacant Land,640.0,2
Treasure,KROENKE GROUP,PV RANCH COMPANY LLC,PO BOX 11350,,,BOZEMAN,MT,Vacant Land,640.0,2
Treasure,KROENKE GROUP,PV RANCH CO LLC,PO BOX 11350,,,BOZEMAN,MT,Vacant Land,640.0,2
Treasure,KROENKE GROUP,PV RANCH COMPANY LLC,PO BOX 11350,,,BOZEMAN,MT,Vacant Land,313.45,2
Treasure,KROENKE GROUP,PV RANCH COMPANY LLC,PO BOX 11350,,,BOZEMAN,MT,Vacant Land,640.0,2
Treasure,KROENKE GROUP,PV RANCH COMPANY LLC,PO BOX 11350,,,BOZEMAN,MT,Vacant Land,640.0,2
Treasure,KROENKE GROUP,PV RANCH HOLDINGS LLC,200 S 23RD AVE STE D9,,,BOZEMAN,MT,Vacant Land,640.0,2
Treasure,KROENKE GROUP,PV RANCH HOLDINGS LLC,200 S 23RD AVE STE D9,,,BOZEMAN,MT,Vacant Land,160.0,2
Treasure,FARMLAND RESERVE INC,FARMLAND RESERVE INC,PO BOX 3688,,,SALT LAKE CITY,UT,Vacant Land,200.0,3
Treasure,KROENKE GROUP,PV RANCH HOLDINGS LLC,200 S 23RD AVE STE D9,,,BOZEMAN,MT,Vacant Land,640.0,2
Treasure,KROENKE GROUP,PV RANCH HOLDINGS LLC,200 S 23RD AVE STE D9,,,BOZEMAN,MT,Vacant Land,640.0,2
Treasure,KROENKE GROUP,PV RANCH CO LLC,PO BOX 11350,,,BOZEMAN,MT,Vacant Land,640.0,2
Treasure,KROENKE GROUP,PV RANCH CO LLC,PO BOX 11350,,,BOZEMAN,MT,Vacant Land,640.0,2
Treasure,KROENKE GROUP,PV RANCH CO LLC,PO BOX 11350,,,BOZEMAN,MT,Vacant Land,480.0,2
Treasure,KROENKE GROUP,FORT PEASE COMM PASTURE,PO BOX 11350,,,BOZEMAN,MT,Vacant Land,148.86,2
Treasure,KROENKE GROUP,PV RANCH HOLDINGS LLC,200 S 23RD AVE STE D9,,,BOZEMAN,MT,Vacant Land,640.0,2
Treasure,KROENKE GROUP,PV RANCH HOLDINGS LLC,200 S 23RD AVE STE D9,,,BOZEMAN,MT,Vacant Land,640.0,2
Treasure,KROENKE GROUP,FORT PEASE COMM PASTURE,PO BOX 11350,,,BOZEMAN,MT,Vacant Land,640.0,2
Treasure,KROENKE GROUP,PV RANCH COMPANY LLC,PO BOX 11350,,,BOZEMAN,MT,Vacant Land,320.48,2
Treasure,SUNLIGHT RANCH COMPANY,SUNLIGHT RANCH COMPANY,ATTN TAX DEPARTMENT,PO BOX 30825,,SALT LAKE CTY,UT,Vacant Land,320.0,6
Treasure,SUNLIGHT RANCH COMPANY,SUNLIGHT RANCH COMPANY,ATTN TAX DEPARTMENT,PO BOX 30825,,SALT LAKE CTY,UT,Vacant Land,640.0,6
Treasure,SUNLIGHT RANCH COMPANY,SUNLIGHT RANCH COMPANY,710 ROAD 8VE,,,POWELL,WY,Vacant Land,632.49,6
Treasure,SUNLIGHT RANCH COMPANY,SUNLIGHT RANCH COMPANY,710 ROAD 8VE,,,POWELL,WY,Vacant Land,634.8,6
Treasure,KROENKE GROUP,PV RANCH HOLDINGS LLC,200 S 23RD AVE STE D9,,,BOZEMAN,MT,Vacant Land,556.91,2
Treasure,KROENKE GROUP,PV RANCH CO LLC,PO BOX 11350,,,BOZEMAN,MT,Vacant Land,397.5,2
Treasure,KROENKE GROUP,FORT PEASE COMM PASTURE,PO BOX 11350,,,BOZEMAN,MT,Vacant Land,640.0,2
Treasure,KROENKE GROUP,FORT PEASE COMM PASTURE,PO BOX 11350,,,BOZEMAN,MT,Vacant Land,640.0,2
Treasure,KROENKE GROUP,PV RANCH COMPANY LLC,PO BOX 11350,,,BOZEMAN,MT,Vacant Land,640.0,2
Treasure,KROENKE GROUP,PV RANCH COMPANY LLC,PO BOX 11350,,,BOZEMAN,MT,Vacant Land,640.0,2
Treasure,KROENKE GROUP,PV RANCH COMPANY LLC,PO BOX 11350,,,BOZEMAN,MT,Vacant Land,640.0,2
Treasure,KROENKE GROUP,PV RANCH CO LLC,PO BOX 11350,,,BOZEMAN,MT,Vacant Land,320.0,2
Treasure,KROENKE GROUP,PV RANCH COMPANY LLC,PO BOX 11350,,,BOZEMAN,MT,Vacant Land,640.0,2
Treasure,KROENKE GROUP,PV RANCH COMPANY LLC,PO BOX 11350,,,BOZEMAN,MT,Vacant Land,640.0,2
Treasure,KROENKE GROUP,PV RANCH CO LLC,PO BOX 11350,,,BOZEMAN,MT,Vacant Land,640.0,2
Treasure,KROENKE GROUP,PV RANCH CO LLC,PO BOX 11350,,,BOZEMAN,MT,Vacant Land,640.0,2
Treasure,KROENKE GROUP,PV RANCH COMPANY LLC,PO BOX 11350,,,BOZEMAN,MT,Vacant Land,640.0,2
Treasure,KROENKE GROUP,PV RANCH COMPANY LLC,PO BOX 11350,,,BOZEMAN,MT,Vacant Land,324.04,2
Treasure,KROENKE GROUP,FORT PEASE COMM PASTURE,PO BOX 11350,,,BOZEMAN,MT,Vacant Land,626.16,2
Treasure,KROENKE GROUP,FORT PEASE COMM PASTURE,PO BOX 11350,,,BOZEMAN,MT,Vacant Land,640.0,2
Treasure,KROENKE GROUP,PV RANCH COMPANY LLC,PO BOX 11350,,,BOZEMAN,MT,Improved Property,635.56,2
Treasure,KROENKE GROUP,PV RANCH CO LLC,PO BOX 11350,,,BOZEMAN,MT,Vacant Land,640.0,2
Treasure,KROENKE GROUP,FORT PEASE COMM PASTURE,PO BOX 11350,,,BOZEMAN,MT,Vacant Land,640.0,2
Treasure,KROENKE GROUP,PV RANCH COMPANY LLC,PO BOX 11350,,,BOZEMAN,MT,Vacant Land,640.0,2
Treasure,KROENKE GROUP,FORT PEASE COMM PASTURE,PO BOX 11350,,,BOZEMAN,MT,Vacant Land,640.0,2
Treasure,KROENKE GROUP,FORT PEASE COMM PASTURE,PO BOX 11350,,,BOZEMAN,MT,Vacant Land,640.0,2
Treasure,KROENKE GROUP,PV RANCH CO LLC,PO BOX 11350,,,BOZEMAN,MT,Vacant Land,640.0,2
Treasure,KROENKE GROUP,FORT PEASE COMM PASTURE,PO BOX 11350,,,BOZEMAN,MT,Vacant Land,640.0,2
Treasure,KROENKE GROUP,PV RANCH HOLDINGS LLC,200 S 23RD AVE STE D9,,,BOZEMAN,MT,Vacant Land,80.0,2
Treasure,KROENKE GROUP,PV RANCH HOLDINGS LLC,200 S 23RD AVE STE D9,,,BOZEMAN,MT,Vacant Land,639.92,2
Treasure,KROENKE GROUP,PV RANCH HOLDINGS LLC,200 S 23RD AVE STE D9,,,BOZEMAN,MT,Vacant Land,640.0,2
Treasure,KROENKE GROUP,FORT PEASE COMM PASTURE,PO BOX 11350,,,BOZEMAN,MT,Vacant Land,640.0,2
Treasure,KROENKE GROUP,FORT PEASE COMM PASTURE,PO BOX 11350,,,BOZEMAN,MT,Vacant Land,240.0,2
Treasure,KROENKE GROUP,PV RANCH HOLDINGS LLC,200 S 23RD AVE STE D9,,,BOZEMAN,MT,Vacant Land,115.73,2
Treasure,KROENKE GROUP,PV RANCH HOLDINGS LLC,200 S 23RD AVE STE D9,,,BOZEMAN,MT,Vacant Land,82.13,2
Treasure,KROENKE GROUP,FORT PEASE COMM PASTURE,PO BOX 11350,,,BOZEMAN,MT,Vacant Land,40.0,2
Treasure,KROENKE GROUP,PV RANCH COMPANY LLC,PO BOX 11350,,,BOZEMAN,MT,Vacant Land,640.0,2
Treasure,KROENKE GROUP,FORT PEASE COMM PASTURE,PO BOX 11350,,,BOZEMAN,MT,Vacant Land,148.32,2
Treasure,KROENKE GROUP,FORT PEASE COMM PASTURE,PO BOX 11350,,,BOZEMAN,MT,Vacant Land,200.0,2
Treasure,KROENKE GROUP,FORT PEASE COMM PASTURE,PO BOX 11350,,,BOZEMAN,MT,Vacant Land,640.0,2
Treasure,KROENKE GROUP,FORT PEASE COMM PASTURE,PO BOX 11350,,,BOZEMAN,MT,Vacant Land,120.0,2
Treasure,GREAT NORTHERN PROPERTIES,GREAT NORTHERN PROPERTIES,PO BOX 1745,,,MILES CITY,MT,Vacant Land,640.0,10
Treasure,SUNLIGHT RANCH COMPANY,SUNLIGHT RANCH COMPANY,ATTN TAX DEPARTMENT,PO BOX 30825,,SALT LAKE CTY,UT,Vacant Land,640.0,6
Treasure,SUNLIGHT RANCH COMPANY,SUNLIGHT RANCH COMPANY,ATTN TAX DEPARTMENT,PO BOX 30825,,SALT LAKE CTY,UT,Vacant Land,640.0,6
Treasure,SUNLIGHT RANCH COMPANY,SUNLIGHT RANCH COMPANY,710 ROAD 8VE,,,POWELL,WY,Vacant Land,635.68,6
Treasure,GALT RANCH,71 RANCH LP,40 71 RANCH LN,,,MARTINSDALE,MT,Improved Property,61.02,1
Treasure,KROENKE GROUP,FORT PEASE COMM PASTURE,PO BOX 11350,,,BOZEMAN,MT,Vacant Land,628.61,2
Treasure,FARMLAND RESERVE INC,FARMLAND RESERVE INC,PO BOX 3688,,,SALT LAKE CITY,UT,Vacant Land,360.0,3
Treasure,KROENKE GROUP,PV RANCH CO LLC,PO BOX 11350,,,BOZEMAN,MT,Vacant Land,77.65,2
Treasure,KROENKE GROUP,PV RANCH CO LLC,PO BOX 11350,,,BOZEMAN,MT,Vacant Land,160.0,2
Treasure,SUNLIGHT RANCH COMPANY,SUNLIGHT RANCH COMPANY,ATTN TAX DEPARTMENT,PO BOX 30825,,SALT LAKE CTY,UT,Vacant Land,640.0,6
Treasure,SUNLIGHT RANCH COMPANY,SUNLIGHT RANCH COMPANY,ATTN TAX DEPARTMENT,PO BOX 30825,,SALT LAKE CTY,UT,Vacant Land,640.0,6
Treasure,SUNLIGHT RANCH COMPANY,SUNLIGHT RANCH COMPANY,ATTN TAX DEPARTMENT,PO BOX 30825,,SALT LAKE CTY,UT,Vacant Land,626.36,6
Treasure,SUNLIGHT RANCH COMPANY,SUNLIGHT RANCH COMPANY,ATTN TAX DEPARTMENT,PO BOX 30825,,SALT LAKE CTY,UT,Vacant Land,600.0,6
Treasure,SUNLIGHT RANCH COMPANY,SUNLIGHT RANCH COMPANY,ATTN TAX DEPARTMENT,PO BOX 30825,,SALT LAKE CTY,UT,Vacant Land,640.0,6
Treasure,SUNLIGHT RANCH COMPANY,SUNLIGHT RANCH COMPANY,ATTN TAX DEPARTMENT,PO BOX 30825,,SALT LAKE CTY,UT,Vacant Land,640.0,6
Treasure,SUNLIGHT RANCH COMPANY,SUNLIGHT RANCH COMPANY,ATTN TAX DEPARTMENT,PO BOX 30825,,SALT LAKE CTY,UT,Vacant Land,473.76,6
Treasure,SUNLIGHT RANCH COMPANY,SUNLIGHT RANCH COMPANY,ATTN TAX DEPARTMENT,PO BOX 30825,,SALT LAKE CTY,UT,Vacant Land,440.0,6
Treasure,SUNLIGHT RANCH COMPANY,SUNLIGHT RANCH COMPANY,ATTN TAX DEPARTMENT,PO BOX 30825,,SALT LAKE CTY,UT,Vacant Land,320.0,6
Treasure,SUNLIGHT RANCH COMPANY,SUNLIGHT RANCH COMPANY,ATTN TAX DEPARTMENT,PO BOX 30825,,SALT LAKE CTY,UT,Vacant Land,440.0,6
Treasure,GREAT NORTHERN PROPERTIES,GREAT NORTHERN PROPERTIES LP,PO BOX 1745,,,MILES CITY,MT,Vacant Land,120.0,10
Treasure,GREAT NORTHERN PROPERTIES,GREAT NORTHERN PROPERTIES LP,PO BOX 1745,,,MILES CITY,MT,Vacant Land,40.0,10
Teton,NATURE CONSERVANCY,NATURE CONSERVANCY THE,32 S EWING ST,,,HELENA,MT,Vacant Land,320.68,8
Teton,KROENKE GROUP,BROKEN O LAND & LIVESTOCK LLC,200 S 23RD AVE STE D9,,,BOZEMAN,MT,Vacant Land,5.4,2
Teton,NATURE CONSERVANCY,NATURE CONSERVANCY  (DURR),32 S EWING ST,,,HELENA,MT,Vacant Land,160.0,8
Teton,NATURE CONSERVANCY,NATURE CONSERVANCY,32 S EWING ST STE 215,,,HELENA,MT,Improved Property,634.42,8
Teton,NATURE CONSERVANCY,NATURE CONSERVANCY THE,32 S EWING ST STE 215,,,HELENA,MT,Vacant Land,160.0,8
Teton,NATURE CONSERVANCY,NATURE CONSERVANCY (PEEBLES),32 S EWING ST,,,HELENA,MT,Vacant Land,160.0,8
Teton,KROENKE GROUP,BROKEN O LAND & LIVESTOCK LLC,200 S 23RD AVE STE D9,,,BOZEMAN,MT,Vacant Land,160.0,2
Teton,NATURE CONSERVANCY,NATURE CONSERVANCY (PEEBLES),32 S EWING ST,,,HELENA,MT,Vacant Land,38.2,8
Teton,NATURE CONSERVANCY,NATURE CONSERVANCY,32 S EWING ST,,,HELENA,MT,Vacant Land,155.8,8
Teton,NATURE CONSERVANCY,NATURE CONSERVANCY THE,32 S EWING ST,,,HELENA,MT,Vacant Land,245.64,8
Teton,KROENKE GROUP,BROKEN O LAND & LIVESTOCK LLC,AD% KROENKE RANCHES,PO BOX 11350,,BOZEMAN,MT,Vacant Land,480.0,2
Teton,NATURE CONSERVANCY,NATURE CONSERVANCY  (DURR),32 S EWING ST,,,HELENA,MT,Vacant Land,224.75,8
Teton,KROENKE GROUP,BROKEN O LAND & LIVESTOCK LLC,C/O KROENKE RANCHES,PO BOX 11350,,BOZEMAN,MT,Vacant Land,165.79,2
Teton,KROENKE GROUP,BROKEN O LAND & LIVESTOCK LLC,200 S 23RD AVE STE D9,,,BOZEMAN,MT,Improved Property,76.0,2
Teton,KROENKE GROUP,BROKEN O LAND & LIVESTOCK LLC,200 S 23RD AVE STE D9,,,BOZEMAN,MT,Vacant Land,622.92,2
Teton,KROENKE GROUP,BROKEN O LAND & LIVESTOCK LLC,% KROENKE RANCHES,PO BOX 11350,,BOZEMAN,MT,Vacant Land,240.0,2
Teton,KROENKE GROUP,BROKEN O LAND & LIVESTOCK LLC,AD% KROENKE RANCHES,PO BOX 11350,,BOZEMAN,MT,Vacant Land,640.0,2
Teton,NATURE CONSERVANCY,NATURE CONSERVANCY THE,32 S EWING ST,,,HELENA,MT,Vacant Land,40.0,8
Teton,KROENKE GROUP,BROKEN O LAND & LIVESTOCK LLC,% KROENKE RANCHES,PO BOX 11350,,BOZEMAN,MT,Vacant Land,320.0,2
Teton,NATURE CONSERVANCY,NATURE CONSERVANCY -GLEASON,32 S EWING ST,,,HELENA,MT,Vacant Land,120.25,8
Teton,NATURE CONSERVANCY,NATURE CONSERVANCY -GLEASON,32 S EWING ST,,,HELENA,MT,Vacant Land,544.66,8
Teton,KROENKE GROUP,BROKEN O LAND & LIVESTOCK LLC,AD% KROENKE RANCHES,PO BOX 11350,,BOZEMAN,MT,Vacant Land,160.0,2
Teton,NATURE CONSERVANCY,NATURE CONSERVANCY,32 S EWING ST STE 215,,,HELENA,MT,Vacant Land,640.0,8
Teton,KROENKE GROUP,BROKEN O LAND & LIVESTOCK LLC,AD% KROENKE RANCHES,PO BOX 11350,,BOZEMAN,MT,Vacant Land,80.0,2
Teton,KROENKE GROUP,BROKEN O LAND & LIVESTOCK LLC,AD% KROENKE RANCHES,PO BOX 11350,,BOZEMAN,MT,Vacant Land,273.08,2
Teton,NATURE CONSERVANCY,NATURE CONSERVANCY THE,32 S EWING ST,,,HELENA,MT,Vacant Land,162.94,8
Teton,NATURE CONSERVANCY,NATURE CONSERVANCY THE,32 S EWING ST,,,HELENA,MT,Vacant Land,120.0,8
Teton,KROENKE GROUP,BROKEN O LAND & LIVESTOCK LLC,% KROENKE RANCHES,PO BOX 11350,,BOZEMAN,MT,Vacant Land,20.0,2
Teton,KROENKE GROUP,BROKEN O LAND & LIVESTOCK LLC,200 S 23RD AVE STE D9,,,BOZEMAN,MT,Vacant Land,475.92,2
Teton,KROENKE GROUP,BROKEN O LAND & LIVESTOCK LLC,AD% KROENKE RANCHES,PO BOX 11350,,BOZEMAN,MT,Vacant Land,308.61,2
Teton,NATURE CONSERVANCY,NATURE CONSERVANCY THE,32 S EWING ST,,,HELENA,MT,Vacant Land,40.0,8
Teton,NATURE CONSERVANCY,NATURE CONSERVANCY  (DURR),32 S EWING ST,,,HELENA,MT,Vacant Land,120.0,8
Teton,NATURE CONSERVANCY,NATURE CONSERVANCY THE,32 S EWING ST,,,HELENA,MT,Vacant Land,40.0,8
Teton,KROENKE GROUP,BROKEN O LAND & LIVESTOCK LLC,AD% KROENKE RANCHES,PO BOX 11350,,BOZEMAN,MT,Vacant Land,119.1,2
Teton,KROENKE GROUP,BROKEN O LAND & LIVESTOCK LLC,AD% KROENKE RANCHES,PO BOX 11350,,BOZEMAN,MT,Improved Property,320.0,2
Teton,KROENKE GROUP,BROKEN O LAND & LIVESTOCK LLC,% KROENKE RANCHES,PO BOX 11350,,BOZEMAN,MT,Vacant Land,40.0,2
Teton,KROENKE GROUP,BROKEN O LAND & LIVESTOCK LLC,AD% KROENKE RANCHES,PO BOX 11350,,BOZEMAN,MT,Vacant Land,7.95,2
Teton,KROENKE GROUP,BROKEN O LAND & LIVESTOCK LLC,% KROENKE RANCHES,PO BOX 11350,,BOZEMAN,MT,Vacant Land,151.45,2
Teton,NATURE CONSERVANCY,NATURE CONSERVANCY  (DURR),32 S EWING ST,,,HELENA,MT,Vacant Land,40.0,8
Teton,KROENKE GROUP,BROKEN O LAND & LIVESTOCK LLC,200 S 23RD AVE STE D9,,,BOZEMAN,MT,Improved Property,510.0,2
Teton,KROENKE GROUP,BROKEN O LAND & LIVESTOCK LLC,% KROENKE RANCHES,PO BOX 11350,,BOZEMAN,MT,Vacant Land,199.082,2
Teton,KROENKE GROUP,BROKEN O LAND & LIVESTOCK LLC,% KROENKE RANCHES,PO BOX 11350,,BOZEMAN,MT,Vacant Land,182.28,2
Teton,KROENKE GROUP,BROKEN O LAND & LIVESTOCK LLC,200 S 23RD AVE STE D9,,,BOZEMAN,MT,Vacant Land,480.0,2
Teton,NATURE CONSERVANCY,NATURE CONSERVANCY THE,32 S EWING ST,,,HELENA,MT,Vacant Land,40.0,8
Teton,NATURE CONSERVANCY,NATURE CONSERVANCY  (DURR),32 S EWING ST,,,HELENA,MT,Vacant Land,77.24,8
Teton,KROENKE GROUP,BROKEN O LAND & LIVESTOCK LLC,% KROENKE RANCHES,PO BOX 11350,,BOZEMAN,MT,Improved Property,152.64,2
Teton,KROENKE GROUP,BROKEN O LAND & LIVESTOCK LLC,% KROENKE RANCHES,PO BOX 11350,,BOZEMAN,MT,Vacant Land,320.0,2
Teton,KROENKE GROUP,BROKEN O LAND & LIVESTOCK LLC,200 S 23RD AVE STE D9,,,BOZEMAN,MT,Vacant Land,640.0,2
Teton,KROENKE GROUP,BROKEN O LAND & LIVESTOCK LLC,AD% KROENKE RANCHES,PO BOX 11350,,BOZEMAN,MT,Improved Property,240.0,2
Teton,NATURE CONSERVANCY,NATURE CONSERVANCY (PEEBLES),32 S EWING ST,,,HELENA,MT,Vacant Land,80.0,8
Teton,KROENKE GROUP,BROKEN O LAND & LIVESTOCK LLC,% KROENKE RANCHES,PO BOX 11350,,BOZEMAN,MT,Vacant Land,80.0,2
Teton,KROENKE GROUP,BROKEN O LAND & LIVESTOCK LLC,% KROENKE RANCHES,PO BOX 11350,,BOZEMAN,MT,Vacant Land,40.0,2
Teton,KROENKE GROUP,BROKEN O LAND & LIVESTOCK LLC,200 S 23RD AVE STE D9,,,BOZEMAN,MT,Vacant Land,618.36,2
Teton,NATURE CONSERVANCY,NATURE CONSERVANCY,32 S EWING ST STE 215,,,HELENA,MT,Vacant Land,280.0,8
Teton,NATURE CONSERVANCY,NATURE CONSERVANCY THE,32 S EWING ST,,,HELENA,MT,Vacant Land,520.0,8
Teton,KROENKE GROUP,BROKEN O LAND & LIVESTOCK LLC,% KROENKE RANCHES,PO BOX 11350,,BOZEMAN,MT,Vacant Land,120.0,2
Teton,NATURE CONSERVANCY,NATURE CONSERVANCY (PEEBLES),32 S EWING ST,,,HELENA,MT,Vacant Land,466.64,8
Teton,NATURE CONSERVANCY,NATURE CONSERVANCY THE,32 S EWING ST,,,HELENA,MT,Vacant Land,240.0,8
Teton,NATURE CONSERVANCY,NATURE CONSERVANCY THE  (GUTHRIE),32 S EWING ST,,,HELENA,MT,Vacant Land,80.0,8
Teton,KROENKE GROUP,BROKEN O LAND & LIVESTOCK LLC,% KROENKE RANCHES,PO BOX 11350,,BOZEMAN,MT,Vacant Land,320.0,2
Teton,KROENKE GROUP,BROKEN O LAND & LIVESTOCK LLC,AD% KROENKE RANCHES,PO BOX 11350,,BOZEMAN,MT,Vacant Land,3.2,2
Teton,NATURE CONSERVANCY,NATURE CONSERVANCY THE,32 S EWING ST,,,HELENA,MT,Vacant Land,160.0,8
Teton,NATURE CONSERVANCY,NATURE CONSERVANCY THE,32 S EWING ST,,,HELENA,MT,Vacant Land,120.0,8
Teton,NATURE CONSERVANCY,NATURE CONSERVANCY,32 S EWING ST STE 215,,,HELENA,MT,Vacant Land,480.0,8
Teton,KROENKE GROUP,BROKEN O LAND & LIVESTOCK LLC,200 S 23RD AVE STE D9,,,BOZEMAN,MT,Vacant Land,146.88,2
Teton,NATURE CONSERVANCY,NATURE CONSERVANCY THE,32 S EWING ST,,,HELENA,MT,Vacant Land,80.0,8
Teton,NATURE CONSERVANCY,NATURE CONSERVANCY THE,32 S EWING ST,,,HELENA,MT,Vacant Land,40.0,8
Teton,KROENKE GROUP,BROKEN O LAND & LIVESTOCK LLC,AD% KROENKE RANCHES,PO BOX 11350,,BOZEMAN,MT,Vacant Land,480.0,2
Teton,KROENKE GROUP,BROKEN O LAND & LIVESTOCK LLC,AD% KROENKE RANCHES,PO BOX 11350,,BOZEMAN,MT,Vacant Land,160.0,2
Teton,KROENKE GROUP,BROKEN O LAND & LIVESTOCK LLC,AD% KROENKE RANCHES,PO BOX 11350,,BOZEMAN,MT,Vacant Land,160.0,2
Teton,KROENKE GROUP,BROKEN O LAND & LIVESTOCK LLC,200 S 23RD AVE STE D9,,,BOZEMAN,MT,Vacant Land,360.0,2
Teton,NATURE CONSERVANCY,NATURE CONSERVANCY  (DURR),32 S EWING ST,,,HELENA,MT,Vacant Land,40.0,8
Teton,KROENKE GROUP,BROKEN O LAND & LIVESTOCK LLC,% KROENKE RANCHES,PO BOX 11350,,BOZEMAN,MT,Vacant Land,480.0,2
Teton,KROENKE GROUP,BROKEN O LAND & LIVESTOCK LLC,AD% KROENKE RANCHES,PO BOX 11350,,BOZEMAN,MT,Vacant Land,232.88,2
Teton,KROENKE GROUP,BROKEN O LAND & LIVESTOCK LLC,% KROENKE RANCHES,PO BOX 11350,,BOZEMAN,MT,Vacant Land,140.3,2
Teton,KROENKE GROUP,BROKEN O LAND & LIVESTOCK LLC,AD% KROENKE RANCHES,PO BOX 11350,,BOZEMAN,MT,Vacant Land,160.0,2
Teton,KROENKE GROUP,BROKEN O LAND & LIVESTOCK LLC,200 S 23RD AVE STE D9,,,BOZEMAN,MT,Vacant Land,160.0,2
Teton,NATURE CONSERVANCY,NATURE CONSERVANCY  (DURR),32 S EWING ST,,,HELENA,MT,Vacant Land,320.0,8
Teton,KROENKE GROUP,BROKEN O LAND & LIVESTOCK LLC,% KROENKE RANCHES,PO BOX 11350,,BOZEMAN,MT,Vacant Land,40.0,2
Teton,NATURE CONSERVANCY,NATURE CONSERVANCY THE,32 S EWING ST,,,HELENA,MT,Vacant Land,160.0,8
Teton,NATURE CONSERVANCY,NATURE CONSERVANCY THE,32 S EWING ST,,,HELENA,MT,Vacant Land,80.0,8
Teton,NATURE CONSERVANCY,NATURE CONSERVANCY  (DURR),32 S EWING ST,,,HELENA,MT,Vacant Land,80.0,8
Teton,NATURE CONSERVANCY,NATURE CONSERVANCY THE,32 S EWING ST,,,HELENA,MT,Vacant Land,40.0,8
Teton,NATURE CONSERVANCY,NATURE CONSERVANCY THE,32 S EWING ST,,,HELENA,MT,Vacant Land,80.0,8
Teton,NATURE CONSERVANCY,NATURE CONSERVANCY  (DURR),32 S EWING ST,,,HELENA,MT,Vacant Land,120.0,8
Teton,KROENKE GROUP,BROKEN O LAND & LIVESTOCK LLC,% KROENKE RANCHES,PO BOX 11350,,BOZEMAN,MT,Vacant Land,20.0,2
Teton,KROENKE GROUP,BROKEN O LAND & LIVESTOCK LLC,AD% KROENKE RANCHES,PO BOX 11350,,BOZEMAN,MT,Vacant Land,639.92,2
Teton,KROENKE GROUP,BROKEN O LAND & LIVESTOCK LLC,AD% KROENKE RANCHES,PO BOX 11350,,BOZEMAN,MT,Vacant Land,160.0,2
Teton,KROENKE GROUP,BROKEN O LAND & LIVESTOCK LLC,AD% KROENKE RANCHES,PO BOX 11350,,BOZEMAN,MT,Vacant Land,160.0,2
Teton,NATURE CONSERVANCY,NATURE CONSERVANCY  (DURR),32 S EWING ST,,,HELENA,MT,Vacant Land,320.0,8
Teton,NATURE CONSERVANCY,NATURE CONSERVANCY  (DURR),32 S EWING ST,,,HELENA,MT,Improved Property,198.18,8
Teton,KROENKE GROUP,BROKEN O LAND & LIVESTOCK LLC,% KROENKE RANCHES,PO BOX 11350,,BOZEMAN,MT,Improved Property,281.0,2
Teton,KROENKE GROUP,BROKEN O LAND & LIVESTOCK LLC,% KROENKE RANCHES,PO BOX 11350,,BOZEMAN,MT,Vacant Land,40.0,2
Teton,KROENKE GROUP,BROKEN O LAND & LIVESTOCK LLC,AD% KROENKE RANCHES,PO BOX 11350,,BOZEMAN,MT,Vacant Land,80.0,2
Teton,NATURE CONSERVANCY,NATURE CONSERVANCY  (DURR),32 S EWING ST,,,HELENA,MT,Vacant Land,160.0,8
Teton,KROENKE GROUP,BROKEN O LAND & LIVESTOCK LLC,AD% KROENKE RANCHES,PO BOX 11350,,BOZEMAN,MT,Vacant Land,278.36,2
Teton,KROENKE GROUP,BROKEN O LAND & LIVESTOCK LLC,% KROENKE RANCHES,PO BOX 11350,,BOZEMAN,MT,Vacant Land,80.0,2
Teton,KROENKE GROUP,BROKEN O LAND & LIVESTOCK LLC,AD% KROENKE RANCHES,PO BOX 11350,,BOZEMAN,MT,Vacant Land,200.0,2
Teton,NATURE CONSERVANCY,NATURE CONSERVANCY  (DURR),32 S EWING ST,,,HELENA,MT,Vacant Land,40.0,8
Teton,NATURE CONSERVANCY,NATURE CONSERVANCY  (DURR),32 S EWING ST,,,HELENA,MT,Vacant Land,316.36,8
Teton,KROENKE GROUP,BROKEN O LAND & LIVESTOCK LLC,AD% KROENKE RANCHES,PO BOX 11350,,BOZEMAN,MT,Vacant Land,79.22,2
Teton,KROENKE GROUP,BROKEN O LAND & LIVESTOCK LLC,AD% KROENKE RANCHES,PO BOX 11350,,BOZEMAN,MT,Vacant Land,200.0,2
Teton,KROENKE GROUP,BROKEN O LAND & LIVESTOCK LLC,AD% KROENKE RANCHES,PO BOX 11350,,BOZEMAN,MT,Vacant Land,560.0,2
Teton,KROENKE GROUP,BROKEN O LAND & LIVESTOCK LLC,200 S 23RD AVE STE D9,,,BOZEMAN,MT,Vacant Land,640.0,2
Teton,KROENKE GROUP,BROKEN O LAND & LIVESTOCK LLC,200 S 23RD AVE STE D9,,,BOZEMAN,MT,Vacant Land,141.5,2
Teton,KROENKE GROUP,BROKEN O LAND & LIVESTOCK LLC,200 S 23RD AVE STE D9,,,BOZEMAN,MT,Vacant Land,33.2,2
Teton,NATURE CONSERVANCY,NATURE CONSERVANCY  (DURR),32 S EWING ST,,,HELENA,MT,Vacant Land,320.0,8
Teton,NATURE CONSERVANCY,NATURE CONSERVANCY THE,32 S EWING ST,,,HELENA,MT,Vacant Land,244.0,8
Teton,KROENKE GROUP,BROKEN O LAND & LIVESTOCK LLC,AD% KROENKE RANCHES,PO BOX 11350,,BOZEMAN,MT,Vacant Land,160.0,2
Teton,NATURE CONSERVANCY,NATURE CONSERVANCY,32 S EWING ST STE 215,,,HELENA,MT,Vacant Land,240.0,8
Teton,NATURE CONSERVANCY,NATURE CONSERVANCY,32 S EWING ST,,,HELENA,MT,Improved Property,309.2,8
Teton,NATURE CONSERVANCY,NATURE CONSERVANCY THE,32 S EWING ST STE 215,,,HELENA,MT,Vacant Land,80.0,8
Teton,KROENKE GROUP,BROKEN O LAND & LIVESTOCK LLC,AD% KROENKE RANCHES,PO BOX 11350,,BOZEMAN,MT,Vacant Land,160.0,2
Teton,KROENKE GROUP,BROKEN O LAND & LIVESTOCK LLC,200 S 23RD AVE STE D9,,,BOZEMAN,MT,Vacant Land,480.0,2
Teton,NATURE CONSERVANCY,NATURE CONSERVANCY THE,32 S EWING ST,,,HELENA,MT,Vacant Land,80.0,8
Teton,KROENKE GROUP,BROKEN O LAND & LIVESTOCK LLC,AD% KROENKE RANCHES,PO BOX 11350,,BOZEMAN,MT,Vacant Land,79.34,2
Teton,KROENKE GROUP,BROKEN O LAND & LIVESTOCK LLC,AD% KROENKE RANCHES,PO BOX 11350,,BOZEMAN,MT,Vacant Land,80.0,2
Teton,KROENKE GROUP,BROKEN O LAND & LIVESTOCK LLC,% KROENKE RANCHES,PO BOX 11350,,BOZEMAN,MT,Vacant Land,1.0,2
Teton,KROENKE GROUP,BROKEN O LAND & LIVESTOCK LLC,% KROENKE RANCHES,PO BOX 11350,,BOZEMAN,MT,Vacant Land,633.52,2
Teton,KROENKE GROUP,BROKEN O LAND & LIVESTOCK LLC,% KROENKE RANCHES,PO BOX 11350,,BOZEMAN,MT,Vacant Land,270.5,2
Teton,KROENKE GROUP,BROKEN O LAND & LIVESTOCK LLC,% KROENKE RANCHES,PO BOX 11350,,BOZEMAN,MT,Vacant Land,640.0,2
Teton,KROENKE GROUP,BROKEN O LAND & LIVESTOCK LLC,% KROENKE RANCHES,PO BOX 11350,,BOZEMAN,MT,Vacant Land,198.81,2
Teton,KROENKE GROUP,BROKEN O LAND & LIVESTOCK LLC,200 S 23RD AVE STE D9,,,BOZEMAN,MT,Vacant Land,38.0,2
Teton,NATURE CONSERVANCY,NATURE CONSERVANCY  (DURR),32 S EWING ST,,,HELENA,MT,Vacant Land,461.31,8
Teton,NATURE CONSERVANCY,NATURE CONSERVANCY THE,32 S EWING ST,,,HELENA,MT,Vacant Land,120.0,8
Teton,KROENKE GROUP,BROKEN O LAND & LIVESTOCK LLC,C/O KROENKE RANCHES,PO BOX 11350,,BOZEMAN,MT,Vacant Land,180.0,2
Teton,KROENKE GROUP,BROKEN O LAND & LIVESTOCK LLC,AD% KROENKE RANCHES,PO BOX 11350,,BOZEMAN,MT,Vacant Land,480.0,2
Teton,NATURE CONSERVANCY,NATURE CONSERVANCY THE,32 S EWING ST,,,HELENA,MT,Vacant Land,160.0,8
Teton,KROENKE GROUP,BROKEN O LAND & LIVESTOCK LLC,AD% KROENKE RANCHES,PO BOX 11350,,BOZEMAN,MT,Vacant Land,400.0,2
Teton,KROENKE GROUP,BROKEN O LAND & LIVESTOCK LLC,AD% KROENKE RANCHES,PO BOX 11350,,BOZEMAN,MT,Vacant Land,600.0,2
Teton,NATURE CONSERVANCY,NATURE CONSERVANCY THE,32 S EWING ST,,,HELENA,MT,Vacant Land,136.21,8
Teton,NATURE CONSERVANCY,NATURE CONSERVANCY,32 S EWING ST STE 215,,,HELENA,MT,Vacant Land,640.0,8
Teton,KROENKE GROUP,BROKEN O LAND & LIVESTOCK LLC,AD% KROENKE RANCHES,PO BOX 11350,,BOZEMAN,MT,Vacant Land,40.0,2
Teton,KROENKE GROUP,BROKEN O LAND & LIVESTOCK LLC,AD% KROENKE RANCHES,PO BOX 11350,,BOZEMAN,MT,Vacant Land,320.0,2
Teton,NATURE CONSERVANCY,NATURE CONSERVANCY THE,32 S EWING ST,,,HELENA,MT,Vacant Land,40.0,8
Teton,KROENKE GROUP,BROKEN O LAND & LIVESTOCK LLC,AD% KROENKE RANCHES,PO BOX 11350,,BOZEMAN,MT,Vacant Land,440.0,2
Teton,KROENKE GROUP,BROKEN O LAND & LIVESTOCK LLC,% KROENKE RANCHES,PO BOX 11350,,BOZEMAN,MT,Vacant Land,22.98,2
Teton,KROENKE GROUP,BROKEN O LAND & LIVESTOCK LLC,% KROENKE RANCHES,PO BOX 11350,,BOZEMAN,MT,Vacant Land,36.4,2
Teton,KROENKE GROUP,BROKEN O LAND & LIVESTOCK LLC,% KROENKE RANCHES,PO BOX 11350,,BOZEMAN,MT,Vacant Land,10.0,2
Teton,KROENKE GROUP,BROKEN O LAND & LIVESTOCK LLC,% KROENKE RANCHES,PO BOX 11350,,BOZEMAN,MT,Vacant Land,34.0,2
Teton,KROENKE GROUP,BROKEN O LAND & LIVESTOCK LLC,200 S 23RD AVE STE D9,,,BOZEMAN,MT,Vacant Land,400.0,2
Teton,KROENKE GROUP,BROKEN O LAND & LIVESTOCK LLC,AD% KROENKE RANCHES,PO BOX 11350,,BOZEMAN,MT,Vacant Land,640.0,2
Teton,NATURE CONSERVANCY,NATURE CONSERVANCY THE,32 S EWING ST,,,HELENA,MT,Improved Property,31.88,8
Teton,NATURE CONSERVANCY,NATURE CONSERVANCY (PEEBLES),32 S EWING ST,,,HELENA,MT,Vacant Land,203.01,8
Teton,KROENKE GROUP,BROKEN O LAND & LIVESTOCK LLC,% KROENKE RANCHES,PO BOX 11350,,BOZEMAN,MT,Vacant Land,65.2,2
Teton,KROENKE GROUP,BROKEN O LAND & LIVESTOCK LLC,200 S 23RD AVE STE D9,,,BOZEMAN,MT,Vacant Land,480.0,2
Teton,KROENKE GROUP,BROKEN O LAND & LIVESTOCK LLC,% KROENKE RANCHES,PO BOX 11350,,BOZEMAN,MT,Vacant Land,265.8,2
Teton,KROENKE GROUP,BROKEN O LAND & LIVESTOCK LLC,AD% KROENKE RANCHES,PO BOX 11350,,BOZEMAN,MT,Vacant Land,22.4,2
Teton,KROENKE GROUP,BROKEN O LAND & LIVESTOCK LLC,AD% KROENKE RANCHES,PO BOX 11350,,BOZEMAN,MT,Vacant Land,29.0,2
Teton,NATURE CONSERVANCY,NATURE CONSERVANCY (PEEBLES),32 S EWING ST,,,HELENA,MT,Vacant Land,474.6,8
Teton,NATURE CONSERVANCY,NATURE CONSERVANCY THE,32 S EWING ST,,,HELENA,MT,Vacant Land,160.0,8
Teton,NATURE CONSERVANCY,NATURE CONSERVANCY THE,32 S EWING ST,,,HELENA,MT,Vacant Land,40.0,8
Teton,NATURE CONSERVANCY,NATURE CONSERVANCY THE,32 S EWING ST,,,HELENA,MT,Vacant Land,445.9,8
Teton,NATURE CONSERVANCY,NATURE CONSERVANCY THE,32 S EWING ST,,,HELENA,MT,Vacant Land,118.77,8
Teton,KROENKE GROUP,BROKEN O LAND & LIVESTOCK LLC,AD% KROENKE RANCHES,PO BOX 11350,,BOZEMAN,MT,Vacant Land,320.0,2
Teton,KROENKE GROUP,BROKEN O LAND & LIVESTOCK LLC,AD% KROENKE RANCHES,PO BOX 11350,,BOZEMAN,MT,Vacant Land,160.0,2
Teton,KROENKE GROUP,BROKEN O LAND & LIVESTOCK LLC,AD% KROENKE RANCHES,PO BOX 11350,,BOZEMAN,MT,Vacant Land,119.7,2
Teton,KROENKE GROUP,BROKEN O LAND & LIVESTOCK LLC,% KROENKE RANCHES,PO BOX 11350,,BOZEMAN,MT,Vacant Land,72.4,2
Teton,KROENKE GROUP,BROKEN O LAND & LIVESTOCK LLC,% KROENKE RANCHES,PO BOX 11350,,BOZEMAN,MT,Improved Property,640.0,2
Teton,KROENKE GROUP,BROKEN O LAND & LIVESTOCK LLC,% KROENKE RANCHES,PO BOX 11350,,BOZEMAN,MT,Vacant Land,600.0,2
Teton,KROENKE GROUP,BROKEN O LAND & LIVESTOCK LLC,AD% KROENKE RANCHES,PO BOX 11350,,BOZEMAN,MT,Vacant Land,80.0,2
Teton,KROENKE GROUP,BROKEN O LAND & LIVESTOCK LLC,% KROENKE RANCHES,PO BOX 11350,,BOZEMAN,MT,Improved Property,640.0,2
Teton,KROENKE GROUP,BROKEN O LAND & LIVESTOCK LLC,AD% KROENKE RANCHES,PO BOX 11350,,BOZEMAN,MT,Vacant Land,622.4,2
Teton,NATURE CONSERVANCY,NATURE CONSERVANCY THE,32 S EWING ST,,,HELENA,MT,Vacant Land,120.0,8
Teton,KROENKE GROUP,BROKEN O LAND & LIVESTOCK LLC,% KROENKE RANCHES,PO BOX 11350,,BOZEMAN,MT,Vacant Land,60.0,2
Teton,NATURE CONSERVANCY,NATURE CONSERVANCY (PEEBLES),32 S EWING ST,,,HELENA,MT,Vacant Land,316.6,8
Teton,NATURE CONSERVANCY,NATURE CONSERVANCY THE,32 S EWING ST,,,HELENA,MT,Vacant Land,40.0,8
Teton,KROENKE GROUP,BROKEN O LAND & LIVESTOCK LLC,% KROENKE RANCHES,PO BOX 11350,,BOZEMAN,MT,Vacant Land,160.0,2
Teton,NATURE CONSERVANCY,NATURE CONSERVANCY THE,32 S EWING ST,,,HELENA,MT,Vacant Land,168.16,8
Teton,NATURE CONSERVANCY,NATURE CONSERVANCY THE,32 S EWING ST,,,HELENA,MT,Vacant Land,360.0,8
Teton,KROENKE GROUP,BROKEN O LAND & LIVESTOCK LLC,% KROENKE RANCHES,PO BOX 11350,,BOZEMAN,MT,Vacant Land,286.25,2
Teton,KROENKE GROUP,BROKEN O LAND & LIVESTOCK LLC,% KROENKE RANCHES,PO BOX 11350,,BOZEMAN,MT,Vacant Land,320.0,2
Teton,KROENKE GROUP,BROKEN O LAND & LIVESTOCK LLC,AD% KROENKE RANCHES,PO BOX 11350,,BOZEMAN,MT,Vacant Land,440.0,2
Teton,KROENKE GROUP,BROKEN O LAND & LIVESTOCK LLC,AD% KROENKE RANCHES,PO BOX 11350,,BOZEMAN,MT,Vacant Land,156.36,2
Teton,KROENKE GROUP,BROKEN O LAND & LIVESTOCK LLC,200 S 23RD AVE STE D9,,,BOZEMAN,MT,Vacant Land,160.0,2
Teton,NATURE CONSERVANCY,NATURE CONSERVANCY THE,32 S EWING ST,,,HELENA,MT,Vacant Land,40.0,8
Teton,KROENKE GROUP,BROKEN O LAND & LIVESTOCK LLC,AD% KROENKE RANCHES,PO BOX 11350,,BOZEMAN,MT,Vacant Land,108.29,2
Teton,KROENKE GROUP,BROKEN O LAND & LIVESTOCK LLC,AD% KROENKE RANCHES,PO BOX 11350,,BOZEMAN,MT,Vacant Land,160.0,2
Teton,KROENKE GROUP,BROKEN O LAND & LIVESTOCK LLC,200 S 23RD AVE STE D9,,,BOZEMAN,MT,Vacant Land,40.0,2
Teton,NATURE CONSERVANCY,NATURE CONSERVANCY THE,32 S EWING ST,,,HELENA,MT,Vacant Land,240.0,8
Teton,KROENKE GROUP,BROKEN O LAND & LIVESTOCK LLC,% KROENKE RANCHES,PO BOX 11350,,BOZEMAN,MT,Vacant Land,3.92,2
Teton,KROENKE GROUP,BROKEN O LAND & LIVESTOCK LLC,C/O KROENKE RANCHES,PO BOX 11350,,BOZEMAN,MT,Vacant Land,60.0,2
Teton,KROENKE GROUP,BROKEN O LAND & LIVESTOCK LLC,% KROENKE RANCHES,PO BOX 11350,,BOZEMAN,MT,Vacant Land,93.96,2
Teton,KROENKE GROUP,BROKEN O LAND & LIVESTOCK LLC,C/O KROENKE RANCHES,PO BOX 11350,,BOZEMAN,MT,Vacant Land,120.0,2
Teton,NATURE CONSERVANCY,NATURE CONSERVANCY,32 S EWING ST STE 215,,,HELENA,MT,Vacant Land,640.0,8
Teton,KROENKE GROUP,BROKEN O LAND & LIVESTOCK LLC,AD% KROENKE RANCHES,PO BOX 11350,,BOZEMAN,MT,Vacant Land,479.9,2
Teton,KROENKE GROUP,BROKEN O LAND & LIVESTOCK LLC,AD% KROENKE RANCHES,PO BOX 11350,,BOZEMAN,MT,Vacant Land,80.0,2
Teton,KROENKE GROUP,BROKEN O LAND & LIVESTOCK LLC,% KROENKE RANCHES,PO BOX 11350,,BOZEMAN,MT,Vacant Land,160.0,2
Teton,NATURE CONSERVANCY,NATURE CONSERVANCY THE,32 S EWING ST,,,HELENA,MT,Vacant Land,360.0,8
Teton,KROENKE GROUP,BROKEN O LAND & LIVESTOCK LLC,% KROENKE RANCHES,PO BOX 11350,,BOZEMAN,MT,Vacant Land,150.0,2
Teton,KROENKE GROUP,BROKEN O LAND & LIVESTOCK LLC,% KROENKE RANCHES,PO BOX 11350,,BOZEMAN,MT,Vacant Land,37.1,2
Teton,KROENKE GROUP,BROKEN O LAND & LIVESTOCK LLC,AD% KROENKE RANCHES,PO BOX 11350,,BOZEMAN,MT,Vacant Land,200.0,2
Teton,KROENKE GROUP,BROKEN O LAND & LIVESTOCK LLC,AD% KROENKE RANCHES,PO BOX 11350,,BOZEMAN,MT,Vacant Land,77.06,2
Teton,KROENKE GROUP,BROKEN O LAND & LIVESTOCK LLC,AD% KROENKE RANCHES,PO BOX 11350,,BOZEMAN,MT,Vacant Land,308.56,2
Teton,KROENKE GROUP,BROKEN O LAND & LIVESTOCK LLC,% KROENKE RANCHES,PO BOX 11350,,BOZEMAN,MT,Vacant Land,40.0,2
Teton,KROENKE GROUP,BROKEN O LAND & LIVESTOCK LLC,AD% KROENKE RANCHES,PO BOX 11350,,BOZEMAN,MT,Vacant Land,320.0,2
Teton,KROENKE GROUP,BROKEN O LAND & LIVESTOCK LLC,% KROENKE RANCHES,PO BOX 11350,,BOZEMAN,MT,Vacant Land,200.0,2
Teton,KROENKE GROUP,BROKEN O LAND & LIVESTOCK LLC,% KROENKE RANCHES,PO BOX 11350,,BOZEMAN,MT,Vacant Land,128.38,2
Teton,KROENKE GROUP,BROKEN O LAND & LIVESTOCK LLC,% KROENKE RANCHES,PO BOX 11350,,BOZEMAN,MT,Vacant Land,608.76,2
Teton,KROENKE GROUP,BROKEN O LAND & LIVESTOCK LLC,AD% KROENKE RANCHES,PO BOX 11350,,BOZEMAN,MT,Vacant Land,72.51,2
Teton,KROENKE GROUP,BROKEN O LAND & LIVESTOCK LLC,AD% KROENKE RANCHES,PO BOX 11350,,BOZEMAN,MT,Vacant Land,160.0,2
Teton,KROENKE GROUP,BROKEN O LAND & LIVESTOCK LLC,% KROENKE RANCHES,PO BOX 11350,,BOZEMAN,MT,Vacant Land,58.26,2
Teton,KROENKE GROUP,BROKEN O LAND & LIVESTOCK LLC,200 S 23RD AVE STE D9,,,BOZEMAN,MT,Vacant Land,600.0,2
Teton,KROENKE GROUP,BROKEN O LAND & LIVESTOCK LLC,% KROENKE RANCHES,PO BOX 11350,,BOZEMAN,MT,Improved Property,652.61,2
Teton,KROENKE GROUP,BROKEN O LAND & LIVESTOCK LLC,% KROENKE RANCHES,PO BOX 11350,,BOZEMAN,MT,Vacant Land,653.2,2
Teton,NATURE CONSERVANCY,NATURE CONSERVANCY  (DURR),32 S EWING ST,,,HELENA,MT,Vacant Land,120.0,8
Teton,NATURE CONSERVANCY,NATURE CONSERVANCY,32 S EWING ST STE 215,,,HELENA,MT,Vacant Land,640.0,8
Teton,KROENKE GROUP,BROKEN O LAND & LIVESTOCK LLC,C/O KROENKE RANCHES,PO BOX 11350,,BOZEMAN,MT,Vacant Land,200.0,2
Teton,KROENKE GROUP,BROKEN O LAND & LIVESTOCK LLC,% KROENKE RANCHES,PO BOX 11350,,BOZEMAN,MT,Vacant Land,60.0,2
Teton,KROENKE GROUP,BROKEN O LAND & LIVESTOCK LLC,% KROENKE RANCHES,PO BOX 11350,,BOZEMAN,MT,Vacant Land,180.0,2
Teton,KROENKE GROUP,BROKEN O LAND & LIVESTOCK LLC,AD% KROENKE RANCHES,PO BOX 11350,,BOZEMAN,MT,Vacant Land,160.0,2
Teton,NATURE CONSERVANCY,NATURE CONSERVANCY THE,32 S EWING ST,,,HELENA,MT,Vacant Land,240.0,8
Teton,KROENKE GROUP,BROKEN O LAND & LIVESTOCK LLC,% KROENKE RANCHES,PO BOX 11350,,BOZEMAN,MT,Vacant Land,21.876,2
Teton,NATURE CONSERVANCY,NATURE CONSERVANCY  (DURR),32 S EWING ST,,,HELENA,MT,Vacant Land,637.83,8
Teton,KROENKE GROUP,BROKEN O LAND & LIVESTOCK LLC,AD% KROENKE RANCHES,PO BOX 11350,,BOZEMAN,MT,Vacant Land,160.0,2
Teton,KROENKE GROUP,BROKEN O LAND & LIVESTOCK LLC,AD% KROENKE RANCHES,PO BOX 11350,,BOZEMAN,MT,Vacant Land,236.1,2
Teton,NATURE CONSERVANCY,NATURE CONSERVANCY -GLEASON,32 S EWING ST,,,HELENA,MT,Vacant Land,360.0,8
Teton,NATURE CONSERVANCY,NATURE CONSERVANCY (PEEBLES),32 S EWING ST,,,HELENA,MT,Vacant Land,639.5,8
Teton,KROENKE GROUP,BROKEN O LAND & LIVESTOCK LLC,200 S 23RD AVE STE D9,,,BOZEMAN,MT,Vacant Land,640.0,2
Teton,KROENKE GROUP,BROKEN O LAND & LIVESTOCK LLC,% KROENKE RANCHES,PO BOX 11350,,BOZEMAN,MT,Vacant Land,160.0,2
Teton,KROENKE GROUP,BROKEN O LAND & LIVESTOCK LLC,AD% KROENKE RANCHES,PO BOX 11350,,BOZEMAN,MT,Vacant Land,440.0,2
Teton,KROENKE GROUP,BROKEN O LAND & LIVESTOCK LLC,% KROENKE RANCHES,PO BOX 11350,,BOZEMAN,MT,Vacant Land,240.0,2
Teton,KROENKE GROUP,BROKEN O LAND & LIVESTOCK LLC,AD% KROENKE RANCHES,PO BOX 11350,,BOZEMAN,MT,Vacant Land,640.0,2
Teton,NATURE CONSERVANCY,NATURE CONSERVANCY THE,32 S EWING ST,,,HELENA,MT,Vacant Land,40.0,8
Teton,KROENKE GROUP,BROKEN O LAND & LIVESTOCK LLC,% KROENKE RANCHES,PO BOX 11350,,BOZEMAN,MT,Vacant Land,320.0,2
Teton,NATURE CONSERVANCY,NATURE CONSERVANCY,32 S EWING ST STE 215,,,HELENA,MT,Vacant Land,640.0,8
Teton,NATURE CONSERVANCY,NATURE CONSERVANCY THE,32 S EWING ST,,,HELENA,MT,Vacant Land,40.0,8
Teton,KROENKE GROUP,BROKEN O LAND & LIVESTOCK LLC,AD% KROENKE RANCHES,PO BOX 11350,,BOZEMAN,MT,Vacant Land,160.0,2
Teton,NATURE CONSERVANCY,NATURE CONSERVANCY,32 S EWING ST,,,HELENA,MT,Vacant Land,80.0,8
Teton,NATURE CONSERVANCY,NATURE CONSERVANCY,32 S EWING ST,,,HELENA,MT,Vacant Land,76.01,8
Teton,KROENKE GROUP,BROKEN O LAND & LIVESTOCK LLC,200 S 23RD AVE STE D9,,,BOZEMAN,MT,Vacant Land,160.0,2
Teton,KROENKE GROUP,BROKEN O LAND & LIVESTOCK LLC,AD% KROENKE RANCHES,PO BOX 11350,,BOZEMAN,MT,Vacant Land,146.07,2
Teton,KROENKE GROUP,BROKEN O LAND & LIVESTOCK LLC,AD% KROENKE RANCHES,PO BOX 11350,,BOZEMAN,MT,Vacant Land,440.0,2
Teton,KROENKE GROUP,BROKEN O LAND & LIVESTOCK LLC,AD% KROENKE RANCHES,PO BOX 11350,,BOZEMAN,MT,Vacant Land,160.0,2
Teton,NATURE CONSERVANCY,NATURE CONSERVANCY THE,32 S EWING ST STE 215,,,HELENA,MT,Vacant Land,20.0,8
Teton,KROENKE GROUP,BROKEN O LAND & LIVESTOCK LLC,AD% KROENKE RANCHES,PO BOX 11350,,BOZEMAN,MT,Vacant Land,320.0,2
Teton,NATURE CONSERVANCY,NATURE CONSERVANCY  (DURR),32 S EWING ST,,,HELENA,MT,Vacant Land,673.44,8
Teton,NATURE CONSERVANCY,NATURE CONSERVANCY  (DURR),32 S EWING ST,,,HELENA,MT,Improved Property,12.54,8
Teton,NATURE CONSERVANCY,NATURE CONSERVANCY THE,32 S EWING ST STE 215,,,HELENA,MT,Vacant Land,327.45,8
Teton,KROENKE GROUP,BROKEN O LAND & LIVESTOCK LLC,AD% KROENKE RANCHES,PO BOX 11350,,BOZEMAN,MT,Vacant Land,40.0,2
Teton,KROENKE GROUP,BROKEN O LAND & LIVESTOCK LLC,AD% KROENKE RANCHES,PO BOX 11350,,BOZEMAN,MT,Vacant Land,40.0,2
Teton,KROENKE GROUP,BROKEN O LAND & LIVESTOCK LLC,AD% KROENKE RANCHES,PO BOX 11350,,BOZEMAN,MT,Vacant Land,69.9,2
Teton,KROENKE GROUP,BROKEN O LAND & LIVESTOCK LLC,AD% KROENKE RANCHES,PO BOX 11350,,BOZEMAN,MT,Vacant Land,480.0,2
Teton,KROENKE GROUP,BROKEN O LAND & LIVESTOCK LLC,AD% KROENKE RANCHES,PO BOX 11350,,BOZEMAN,MT,Vacant Land,560.0,2
Teton,KROENKE GROUP,BROKEN O LAND & LIVESTOCK LLC,AD% KROENKE RANCHES,PO BOX 11350,,BOZEMAN,MT,Improved Property,640.0,2
Teton,NATURE CONSERVANCY,NATURE CONSERVANCY  (DURR),32 S EWING ST,,,HELENA,MT,Vacant Land,120.0,8
Teton,KROENKE GROUP,BROKEN O LAND & LIVESTOCK LLC,AD% KROENKE RANCHES,PO BOX 11350,,BOZEMAN,MT,Vacant Land,77.9,2
Teton,KROENKE GROUP,BROKEN O LAND & LIVESTOCK LLC,AD% KROENKE RANCHES,PO BOX 11350,,BOZEMAN,MT,Vacant Land,79.74,2
Teton,NATURE CONSERVANCY,NATURE CONSERVANCY THE,32 S EWING ST,,,HELENA,MT,Vacant Land,160.0,8
Teton,KROENKE GROUP,BROKEN O LAND & LIVESTOCK LLC,200 S 23RD AVE STE D9,,,BOZEMAN,MT,Vacant Land,640.0,2
Teton,KROENKE GROUP,BROKEN O LAND & LIVESTOCK LLC,% KROENKE RANCHES,PO BOX 11350,,BOZEMAN,MT,Vacant Land,483.86,2
Teton,KROENKE GROUP,BROKEN O LAND & LIVESTOCK LLC,AD% KROENKE RANCHES,PO BOX 11350,,BOZEMAN,MT,Vacant Land,320.0,2
Teton,KROENKE GROUP,BROKEN O LAND & LIVESTOCK LLC,AD% KROENKE RANCHES,PO BOX 11350,,BOZEMAN,MT,Vacant Land,80.0,2
Teton,KROENKE GROUP,BROKEN O LAND & LIVESTOCK LLC,AD% KROENKE RANCHES,PO BOX 11350,,BOZEMAN,MT,Vacant Land,459.06,2
Teton,KROENKE GROUP,BROKEN O LAND & LIVESTOCK LLC,AD% KROENKE RANCHES,PO BOX 11350,,BOZEMAN,MT,Vacant Land,80.0,2
Teton,KROENKE GROUP,BROKEN O LAND & LIVESTOCK LLC,AD% KROENKE RANCHES,PO BOX 11350,,BOZEMAN,MT,Vacant Land,80.0,2
Teton,KROENKE GROUP,BROKEN O LAND & LIVESTOCK LLC,AD% KROENKE RANCHES,PO BOX 11350,,BOZEMAN,MT,Vacant Land,40.0,2
Teton,KROENKE GROUP,BROKEN O LAND & LIVESTOCK LLC,AD% KROENKE RANCHES,PO BOX 11350,,BOZEMAN,MT,Vacant Land,520.0,2
Teton,KROENKE GROUP,BROKEN O LAND & LIVESTOCK LLC,AD% KROENKE RANCHES,PO BOX 11350,,BOZEMAN,MT,Vacant Land,560.0,2
Teton,KROENKE GROUP,BROKEN O LAND & LIVESTOCK LLC,AD% KROENKE RANCHES,PO BOX 11350,,BOZEMAN,MT,Vacant Land,640.0,2
Teton,KROENKE GROUP,BROKEN O LAND & LIVESTOCK LLC,AD% KROENKE RANCHES,PO BOX 11350,,BOZEMAN,MT,Vacant Land,640.0,2
Teton,KROENKE GROUP,BROKEN O LAND & LIVESTOCK LLC,% KROENKE RANCHES,PO BOX 11350,,BOZEMAN,MT,Vacant Land,160.0,2
Teton,KROENKE GROUP,BROKEN O LAND & LIVESTOCK LLC,AD% KROENKE RANCHES,PO BOX 11350,,BOZEMAN,MT,Vacant Land,40.0,2
Teton,KROENKE GROUP,BROKEN O LAND & LIVESTOCK LLC,% KROENKE RANCHES,PO BOX 11350,,BOZEMAN,MT,Vacant Land,480.0,2
Teton,KROENKE GROUP,BROKEN O LAND & LIVESTOCK LLC,AD% KROENKE RANCHES,PO BOX 11350,,BOZEMAN,MT,Vacant Land,640.0,2
Teton,KROENKE GROUP,BROKEN O LAND & LIVESTOCK LLC,% KROENKE RANCHES,PO BOX 11350,,BOZEMAN,MT,Vacant Land,98.0,2
Teton,KROENKE GROUP,BROKEN O LAND & LIVESTOCK LLC,% KROENKE RANCHES,PO BOX 11350,,BOZEMAN,MT,Vacant Land,569.486,2
Teton,KROENKE GROUP,BROKEN O LAND & LIVESTOCK LLC,AD% KROENKE RANCHES,PO BOX 11350,,BOZEMAN,MT,Vacant Land,80.0,2
Teton,KROENKE GROUP,BROKEN O LAND & LIVESTOCK LLC,% KROENKE RANCHES,PO BOX 11350,,BOZEMAN,MT,Vacant Land,40.0,2
Teton,KROENKE GROUP,BROKEN O LAND & LIVESTOCK LLC,% KROENKE RANCHES,PO BOX 11350,,BOZEMAN,MT,Vacant Land,535.54,2
Teton,KROENKE GROUP,BROKEN O LAND & LIVESTOCK LLC,% KROENKE RANCHES,PO BOX 11350,,BOZEMAN,MT,Vacant Land,40.0,2
Teton,NATURE CONSERVANCY,NATURE CONSERVANCY,32 S EWING ST,,,HELENA,MT,Vacant Land,298.44,8
Teton,NATURE CONSERVANCY,NATURE CONSERVANCY -GLEASON,32 S EWING ST,,,HELENA,MT,Vacant Land,76.36,8
Teton,KROENKE GROUP,BROKEN O LAND & LIVESTOCK LLC,% KROENKE RANCHES,PO BOX 11350,,BOZEMAN,MT,Vacant Land,640.0,2
Teton,KROENKE GROUP,BROKEN O LAND & LIVESTOCK LLC,AD% KROENKE RANCHES,PO BOX 11350,,BOZEMAN,MT,Vacant Land,80.0,2
Teton,KROENKE GROUP,BROKEN O LAND & LIVESTOCK LLC,AD% KROENKE RANCHES,PO BOX 11350,,BOZEMAN,MT,Vacant Land,640.0,2
Teton,KROENKE GROUP,BROKEN O LAND & LIVESTOCK LLC,% KROENKE RANCHES,PO BOX 11350,,BOZEMAN,MT,Vacant Land,400.0,2
Teton,KROENKE GROUP,BROKEN O LAND & LIVESTOCK LLC,AD% KROENKE RANCHES,PO BOX 11350,,BOZEMAN,MT,Vacant Land,640.0,2
Teton,KROENKE GROUP,BROKEN O LAND & LIVESTOCK LLC,AD% KROENKE RANCHES,PO BOX 11350,,BOZEMAN,MT,Improved Property,640.0,2
Teton,KROENKE GROUP,BROKEN O LAND & LIVESTOCK LLC,AD% KROENKE RANCHES,PO BOX 11350,,BOZEMAN,MT,Vacant Land,77.47,2
Teton,KROENKE GROUP,BROKEN O LAND & LIVESTOCK LLC,C/O KROENKE RANCHES,PO BOX 11350,,BOZEMAN,MT,Vacant Land,160.0,2
Teton,KROENKE GROUP,BROKEN O LAND & LIVESTOCK LLC,AD% KROENKE RANCHES,PO BOX 11350,,BOZEMAN,MT,Vacant Land,592.61,2
Teton,KROENKE GROUP,BROKEN O LAND & LIVESTOCK LLC,AD% KROENKE RANCHES,PO BOX 11350,,BOZEMAN,MT,Vacant Land,472.46,2
Teton,KROENKE GROUP,BROKEN O LAND & LIVESTOCK LLC,AD% KROENKE RANCHES,PO BOX 11350,,BOZEMAN,MT,Vacant Land,198.56,2
Teton,KROENKE GROUP,BROKEN O LAND & LIVESTOCK LLC,AD% KROENKE RANCHES,PO BOX 11350,,BOZEMAN,MT,Improved Property,60.0,2
Teton,KROENKE GROUP,BROKEN O LAND & LIVESTOCK LLC,C/O KROENKE RANCHES,PO BOX 11350,,BOZEMAN,MT,Vacant Land,221.82,2
Teton,KROENKE GROUP,BROKEN O LAND & LIVESTOCK LLC,% KROENKE RANCHES,PO BOX 11350,,BOZEMAN,MT,Vacant Land,40.0,2
Teton,KROENKE GROUP,BROKEN O LAND & LIVESTOCK LLC,% KROENKE RANCHES,PO BOX 11350,,BOZEMAN,MT,Improved Property,88.36,2
Teton,KROENKE GROUP,BROKEN O LAND & LIVESTOCK LLC,C/O KROENKE RANCHES,PO BOX 11350,,BOZEMAN,MT,Vacant Land,80.0,2
Teton,KROENKE GROUP,BROKEN O LAND & LIVESTOCK LLC,% KROENKE RANCHES,PO BOX 11350,,BOZEMAN,MT,Vacant Land,637.98,2
Teton,KROENKE GROUP,BROKEN O LAND & LIVESTOCK LLC,% KROENKE RANCHES,PO BOX 11350,,BOZEMAN,MT,Vacant Land,120.75,2
Teton,NATURE CONSERVANCY,NATURE CONSERVANCY,32 S EWING ST,,,HELENA,MT,Vacant Land,80.0,8
Teton,KROENKE GROUP,BROKEN O LAND & LIVESTOCK LLC,% KROENKE RANCHES,PO BOX 11350,,BOZEMAN,MT,Vacant Land,20.96,2
Teton,KROENKE GROUP,BROKEN O LAND & LIVESTOCK LLC,C/O KROENKE RANCHES,PO BOX 11350,,BOZEMAN,MT,Vacant Land,120.0,2
Teton,KROENKE GROUP,BROKEN O LAND & LIVESTOCK LLC,AD% KROENKE RANCHES,PO BOX 11350,,BOZEMAN,MT,Vacant Land,39.52,2
Teton,KROENKE GROUP,BROKEN O LAND & LIVESTOCK LLC,AD% KROENKE RANCHES,PO BOX 11350,,BOZEMAN,MT,Vacant Land,120.0,2
Teton,KROENKE GROUP,BROKEN O LAND & LIVESTOCK LLC,% KROENKE RANCHES,PO BOX 11350,,BOZEMAN,MT,Vacant Land,646.797,2
Teton,KROENKE GROUP,BROKEN O LAND & LIVESTOCK LLC,AD% KROENKE RANCHES,PO BOX 11350,,BOZEMAN,MT,Improved Property,403.04,2
Teton,KROENKE GROUP,BROKEN O LAND & LIVESTOCK LLC,200 S 23RD AVE STE D9,,,BOZEMAN,MT,Vacant Land,160.0,2
Teton,KROENKE GROUP,BROKEN O LAND & LIVESTOCK LLC,AD% KROENKE RANCHES,PO BOX 11350,,BOZEMAN,MT,Vacant Land,78.41,2
Teton,KROENKE GROUP,BROKEN O LAND & LIVESTOCK LLC,200 S 23RD AVE STE D9,,,BOZEMAN,MT,Vacant Land,472.32,2
Teton,KROENKE GROUP,BROKEN O LAND & LIVESTOCK LLC,% KROENKE RANCHES,PO BOX 11350,,BOZEMAN,MT,Vacant Land,480.0,2
Teton,KROENKE GROUP,BROKEN O LAND & LIVESTOCK LLC,% KROENKE RANCHES,PO BOX 11350,,BOZEMAN,MT,Vacant Land,160.0,2
Teton,KROENKE GROUP,BROKEN O LAND & LIVESTOCK LLC,AD% KROENKE RANCHES,PO BOX 11350,,BOZEMAN,MT,Vacant Land,417.33,2
Teton,KROENKE GROUP,BROKEN O LAND & LIVESTOCK LLC,% KROENKE RANCHES,PO BOX 11350,,BOZEMAN,MT,Vacant Land,80.0,2
Teton,KROENKE GROUP,BROKEN O LAND & LIVESTOCK LLC,% KROENKE RANCHES,PO BOX 11350,,BOZEMAN,MT,Vacant Land,67.02,2
Teton,NATURE CONSERVANCY,NATURE CONSERVANCY,32 S EWING ST STE 215,,,HELENA,MT,Vacant Land,80.0,8
Teton,KROENKE GROUP,BROKEN O LAND & LIVESTOCK LLC,AD% KROENKE RANCHES,PO BOX 11350,,BOZEMAN,MT,Vacant Land,548.24,2
Teton,KROENKE GROUP,BROKEN O LAND & LIVESTOCK LLC,AD% KROENKE RANCHES,PO BOX 11350,,BOZEMAN,MT,Vacant Land,80.0,2
Teton,KROENKE GROUP,BROKEN O LAND & LIVESTOCK LLC,AD% KROENKE RANCHES,PO BOX 11350,,BOZEMAN,MT,Vacant Land,280.0,2
Teton,KROENKE GROUP,BROKEN O LAND & LIVESTOCK LLC,AD% KROENKE RANCHES,PO BOX 11350,,BOZEMAN,MT,Vacant Land,155.0,2
Teton,KROENKE GROUP,BROKEN O LAND & LIVESTOCK LLC,AD% KROENKE RANCHES,PO BOX 11350,,BOZEMAN,MT,Vacant Land,120.0,2
Teton,KROENKE GROUP,BROKEN O LAND & LIVESTOCK LLC,AD% KROENKE RANCHES,PO BOX 11350,,BOZEMAN,MT,Vacant Land,320.0,2
Teton,KROENKE GROUP,BROKEN O LAND & LIVESTOCK LLC,% KROENKE RANCHES,PO BOX 11350,,BOZEMAN,MT,Improved Property,430.9,2
Teton,KROENKE GROUP,BROKEN O LAND & LIVESTOCK LLC,AD% KROENKE RANCHES,PO BOX 11350,,BOZEMAN,MT,Improved Property,605.92,2
Teton,KROENKE GROUP,BROKEN O LAND & LIVESTOCK LLC,% KROENKE RANCHES,PO BOX 11350,,BOZEMAN,MT,Vacant Land,90.35,2
Teton,KROENKE GROUP,BROKEN O LAND & LIVESTOCK LLC,AD% KROENKE RANCHES,PO BOX 11350,,BOZEMAN,MT,Vacant Land,74.74,2
Teton,KROENKE GROUP,BROKEN O LAND & LIVESTOCK LLC,AD% KROENKE RANCHES,PO BOX 11350,,BOZEMAN,MT,Vacant Land,138.67,2
Teton,KROENKE GROUP,BROKEN O LAND & LIVESTOCK LLC,% KROENKE RANCHES,PO BOX 11350,,BOZEMAN,MT,Vacant Land,164.48,2
Teton,KROENKE GROUP,BROKEN O LAND & LIVESTOCK LLC,% KROENKE RANCHES,PO BOX 11350,,BOZEMAN,MT,Vacant Land,6.084,2
Rosebud,GALT RANCH,71 RANCH LP,40 71 RANCH LN,,,MARTINSDALE,MT,Vacant Land,639.0,1
Rosebud,FARMLAND RESERVE INC,FARMLAND RESERVE INC,PO BOX 3688,,,SALT LAKE CITY,UT,Vacant Land,640.0,3
Rosebud,GALT RANCH,71 RANCH LP,40 71 RANCH LN,,,MARTINSDALE,MT,Vacant Land,640.0,1
Rosebud,GALT RANCH,71 RANCH LP,40 71 RANCH LN,,,MARTINSDALE,MT,Vacant Land,320.0,1
Rosebud,GALT RANCH,71 RANCH LP,40 71 RANCH LN,,,MARTINSDALE,MT,Vacant Land,640.0,1
Rosebud,GALT RANCH,71 RANCH LP,40 71 RANCH LN,,,MARTINSDALE,MT,Vacant Land,320.0,1
Rosebud,GALT RANCH,71 RANCH LP,40 71 RANCH LN,,,MARTINSDALE,MT,Vacant Land,314.0,1
Rosebud,KROENKE GROUP,PV RANCH COMPANY LLC,PO BOX 11350,,,BOZEMAN,MT,Vacant Land,315.0,2
Rosebud,GALT RANCH,71 RANCH LP,40 71 RANCH LN,,,MARTINSDALE,MT,Vacant Land,298.0,1
Rosebud,GALT RANCH,71 RANCH LP,40 71 RANCH LN,,,MARTINSDALE,MT,Vacant Land,640.0,1
Rosebud,GALT RANCH,71 RANCH LP,40 71 RANCH LN,,,MARTINSDALE,MT,Vacant Land,650.0,1
Rosebud,KROENKE GROUP,PV RANCH COMPANY LLC,PO BOX 11350,,,BOZEMAN,MT,Improved Property,307.33,2
Rosebud,GALT RANCH,71 RANCH LP,40 71 RANCH LN,,,MARTINSDALE,MT,Vacant Land,640.0,1
Rosebud,KROENKE GROUP,PV RANCH COMPANY LLC,PO BOX 11350,,,BOZEMAN,MT,Vacant Land,640.0,2
Rosebud,KROENKE GROUP,PV RANCH COMPANY LLC,PO BOX 11350,,,BOZEMAN,MT,Vacant Land,80.0,2
Rosebud,GALT RANCH,71 RANCH LP,40 71 RANCH LN,,,MARTINSDALE,MT,Vacant Land,320.0,1
Rosebud,KROENKE GROUP,PV ANTELOPE CREEK HOLDINGS LLC,200 S 23RD AVE STE D9,,,BOZEMAN,MT,Vacant Land,0.544,2
Rosebud,KROENKE GROUP,PV ANTELOPE CREEK HOLDINGS LLC,200 S 23RD AVE STE D9,,,BOZEMAN,MT,Vacant Land,0.321,2
Rosebud,GALT RANCH,71 RANCH LP,40 71 RANCH LN,,,MARTINSDALE,MT,Vacant Land,625.0,1
Rosebud,KROENKE GROUP,PV ANTELOPE CREEK HOLDINGS LLC,200 S 23RD AVE STE D9,,,BOZEMAN,MT,Vacant Land,0.163,2
Rosebud,GALT RANCH,71 RANCH LP,40 71 RANCH LN,,,MARTINSDALE,MT,Vacant Land,640.0,1
Rosebud,GALT RANCH,71 RANCH LP,40 71 RANCH LN,,,MARTINSDALE,MT,Vacant Land,476.0,1
Rosebud,COFFEE-NEFSY,COFFEE NEFSY LIMITED PARTNERSHIP,PO BOX 575,,,MILES CITY,MT,Vacant Land,320.0,7
Rosebud,COFFEE-NEFSY,COFFEE NEFSY LIMITED PARTNERSHIP,PO BOX 575,,,MILES CITY,MT,Vacant Land,640.0,7
Rosebud,COFFEE-NEFSY,COFFEE NEFSY LIMITED PARTNERSHIP,PO BOX 575,,,MILES CITY,MT,Vacant Land,600.0,7
Rosebud,FARMLAND RESERVE INC,FARMLAND RESERVE INC,PO BOX 3688,,,SALT LAKE CITY,UT,Vacant Land,640.0,3
Rosebud,FARMLAND RESERVE INC,FARMLAND RESERVE INC,PO BOX 3688,,,SALT LAKE CITY,UT,Vacant Land,640.0,3
Rosebud,FARMLAND RESERVE INC,FARMLAND RESERVE INC,PO BOX 3688,,,SALT LAKE CITY,UT,Vacant Land,320.0,3
Rosebud,GALT RANCH,71 RANCH LP,40 71 RANCH LN,,,MARTINSDALE,MT,Vacant Land,640.0,1
Rosebud,GALT RANCH,71 RANCH LP,40 71 RANCH LN,,,MARTINSDALE,MT,Vacant Land,636.0,1
Rosebud,FARMLAND RESERVE INC,FARMLAND RESERVE INC,PO BOX 3688,,,SALT LAKE CITY,UT,Vacant Land,319.0,3
Rosebud,GALT RANCH,71 RANCH LP,40 71 RANCH LN,,,MARTINSDALE,MT,Vacant Land,640.0,1
Rosebud,GALT RANCH,71 RANCH LP,40 71 RANCH LN,,,MARTINSDALE,MT,Vacant Land,640.0,1
Rosebud,GALT RANCH,71 RANCH LP,40 71 RANCH LN,,,MARTINSDALE,MT,Vacant Land,640.0,1
Rosebud,GALT RANCH,71 RANCH LP,40 71 RANCH LN,,,MARTINSDALE,MT,Vacant Land,640.0,1
Rosebud,GALT RANCH,71 RANCH LP,40 71 RANCH LN,,,MARTINSDALE,MT,Vacant Land,640.0,1
Rosebud,GALT RANCH,71 RANCH LP,40 71 RANCH LN,,,MARTINSDALE,MT,Vacant Land,330.0,1
Rosebud,GALT RANCH,71 RANCH LP,40 71 RANCH LN,,,MARTINSDALE,MT,Vacant Land,640.0,1
Rosebud,KROENKE GROUP,PV RANCH COMPANY LLC,PO BOX 11350,,,BOZEMAN,MT,Vacant Land,635.0,2
Rosebud,KROENKE GROUP,PV RANCH COMPANY LLC,PO BOX 11350,,,BOZEMAN,MT,Vacant Land,635.0,2
Rosebud,KROENKE GROUP,PV RANCH COMPANY LLC,PO BOX 11350,,,BOZEMAN,MT,Vacant Land,320.0,2
Rosebud,KROENKE GROUP,PV RANCH COMPANY LLC,PO BOX 11350,,,BOZEMAN,MT,Vacant Land,614.56,2
Rosebud,GALT RANCH,71 RANCH LP,40 71 RANCH LN,,,MARTINSDALE,MT,Vacant Land,640.0,1
Rosebud,KROENKE GROUP,PV ANTELOPE CREEK HOLDINGS LLC,200 S 23RD AVE STE D9,,,BOZEMAN,MT,Vacant Land,0.244,2
Rosebud,GALT RANCH,71 RANCH LP,40 71 RANCH LN,,,MARTINSDALE,MT,Vacant Land,320.0,1
Rosebud,KROENKE GROUP,PV ANTELOPE CREEK HOLDINGS LLC,200 S 23RD AVE STE D9,,,BOZEMAN,MT,Vacant Land,0.163,2
Rosebud,KROENKE GROUP,PV ANTELOPE CREEK HOLDINGS LLC,200 S 23RD AVE STE D9,,,BOZEMAN,MT,Vacant Land,0.326,2
Rosebud,KROENKE GROUP,PV ANTELOPE CREEK HOLDINGS LLC,200 S 23RD AVE STE D9,,,BOZEMAN,MT,Vacant Land,0.57,2
Rosebud,COFFEE-NEFSY,COFFEE NEFSY LIMITED PARTNERSHIP,PO BOX 575,,,MILES CITY,MT,Vacant Land,320.0,7
Rosebud,COFFEE-NEFSY,COFFEE NEFSY LIMITED PARTNERSHIP,PO BOX 575,,,MILES CITY,MT,Vacant Land,640.0,7
Rosebud,COFFEE-NEFSY,COFFEE NEFSY LIMITED PARTNERSHIP,PO BOX 575,,,MILES CITY,MT,Vacant Land,640.0,7
Rosebud,GALT RANCH,71 RANCH LP,40 71 RANCH LN,,,MARTINSDALE,MT,Vacant Land,318.0,1
Rosebud,GALT RANCH,71 RANCH LP,40 71 RANCH LN,,,MARTINSDALE,MT,Vacant Land,314.0,1
Rosebud,GALT RANCH,71 RANCH LP,40 71 RANCH LN,,,MARTINSDALE,MT,Vacant Land,640.0,1
Rosebud,GALT RANCH,71 RANCH LP,40 71 RANCH LN,,,MARTINSDALE,MT,Vacant Land,640.0,1
Rosebud,GALT RANCH,71 RANCH LP,40 71 RANCH LN,,,MARTINSDALE,MT,Vacant Land,634.0,1
Rosebud,GALT RANCH,71 RANCH LP,40 71 RANCH LN,,,MARTINSDALE,MT,Vacant Land,468.0,1
Rosebud,GALT RANCH,71 RANCH LP,40 71 RANCH LN,,,MARTINSDALE,MT,Vacant Land,622.0,1
Rosebud,COFFEE-NEFSY,COFFEE NEFSY LIMITED PARTNERSHIP,PO BOX 575,,,MILES CITY,MT,Vacant Land,20.0,7
Rosebud,GALT RANCH,71 RANCH LP,40 71 RANCH LN,,,MARTINSDALE,MT,Vacant Land,48.0,1
Rosebud,GALT RANCH,71 RANCH LP,40 71 RANCH LN,,,MARTINSDALE,MT,Vacant Land,640.0,1
Rosebud,GALT RANCH,71 RANCH LP,40 71 RANCH LN,,,MARTINSDALE,MT,Vacant Land,635.0,1
Rosebud,COFFEE-NEFSY,COFFEE NEFSY LIMITED PARTNERSHIP,PO BOX 575,,,MILES CITY,MT,Vacant Land,640.0,7
Rosebud,COFFEE-NEFSY,COFFEE NEFSY LIMITED PARTNERSHIP,PO BOX 575,,,MILES CITY,MT,Vacant Land,640.0,7
Rosebud,GALT RANCH,71 RANCH LP,40 71 RANCH LN,,,MARTINSDALE,MT,Vacant Land,640.0,1
Rosebud,GALT RANCH,71 RANCH LP,40 71 RANCH LN,,,MARTINSDALE,MT,Vacant Land,633.0,1
Rosebud,GALT RANCH,71 RANCH LP,40 71 RANCH LN,,,MARTINSDALE,MT,Vacant Land,549.0,1
Rosebud,COFFEE-NEFSY,COFFEE NEFSY LIMITED PARTNERSHIP,PO BOX 575,,,MILES CITY,MT,Vacant Land,640.0,7
Rosebud,COFFEE-NEFSY,COFFEE NEFSY LIMITED PARTNERSHIP,PO BOX 575,,,MILES CITY,MT,Vacant Land,313.0,7
Rosebud,GALT RANCH,71 RANCH LP,40 71 RANCH LN,,,MARTINSDALE,MT,Improved Property,2.75,1
Rosebud,GALT RANCH,71 RANCH LP,40 71 RANCH LN,,,MARTINSDALE,MT,Vacant Land,1.212,1
Rosebud,COFFEE-NEFSY,COFFEE NEFSY LIMITED PARTNERSHIP,PO BOX 575,,,MILES CITY,MT,Vacant Land,640.0,7
Rosebud,COFFEE-NEFSY,COFFEE NEFSY LIMITED PARTNERSHIP,PO BOX 575,,,MILES CITY,MT,Vacant Land,640.0,7
Rosebud,COFFEE-NEFSY,COFFEE NEFSY LIMITED PARTNERSHIP,PO BOX 575,,,MILES CITY,MT,Vacant Land,480.0,7
Rosebud,GALT RANCH,71 RANCH LP,40 71 RANCH LN,,,MARTINSDALE,MT,Vacant Land,304.0,1
Rosebud,COFFEE-NEFSY,COFFEE NEFSY LIMITED PARTNERSHIP,PO BOX 575,,,MILES CITY,MT,Vacant Land,604.0,7
Rosebud,COFFEE-NEFSY,COFFEE NEFSY LIMITED PARTNERSHIP,PO BOX 575,,,MILES CITY,MT,Vacant Land,640.0,7
Rosebud,COFFEE-NEFSY,COFFEE NEFSY LIMITED PARTNERSHIP,PO BOX 575,,,MILES CITY,MT,Vacant Land,605.0,7
Rosebud,COFFEE-NEFSY,COFFEE NEFSY LIMITED PARTNERSHIP,PO BOX 575,,,MILES CITY,MT,Vacant Land,640.0,7
Rosebud,GALT RANCH,71 RANCH LP,40 71 RANCH LN,,,MARTINSDALE,MT,Vacant Land,320.0,1
Rosebud,COFFEE-NEFSY,COFFEE NEFSY LIMITED PARTNERSHIP,PO BOX 575,,,MILES CITY,MT,Vacant Land,607.0,7
Rosebud,COFFEE-NEFSY,COFFEE-NEFSY LIMITED PARTNERSHIP,PO BOX 575,,,MILES CITY,MT,Vacant Land,640.0,7
Rosebud,COFFEE-NEFSY,COFFEE NEFSY LIMITED PARTNERSHIP,PO BOX 575,,,MILES CITY,MT,Vacant Land,640.0,7
Rosebud,GALT RANCH,71 RANCH LP,40 71 RANCH LN,,,MARTINSDALE,MT,Vacant Land,320.0,1
Rosebud,KROENKE GROUP,PV RANCH COMPANY LLC,PO BOX 11350,,,BOZEMAN,MT,Vacant Land,636.0,2
Rosebud,GALT RANCH,71 RANCH LP,40 71 RANCH LN,,,MARTINSDALE,MT,Vacant Land,320.0,1
Rosebud,KROENKE GROUP,PV RANCH COMPANY LLC,PO BOX 11350,,,BOZEMAN,MT,Improved Property,311.0,2
Rosebud,KROENKE GROUP,PV RANCH COMPANY LLC,PO BOX 11350,,,BOZEMAN,MT,Vacant Land,640.0,2
Rosebud,GALT RANCH,71 RANCH LP,40 71 RANCH LN,,,MARTINSDALE,MT,Vacant Land,640.0,1
Rosebud,KROENKE GROUP,PV ANTELOPE CREEK HOLDINGS LLC,200 S 23RD AVE STE D9,,,BOZEMAN,MT,Vacant Land,80.0,2
Rosebud,KROENKE GROUP,PV ANTELOPE CREEK HOLDINGS LLC,200 S 23RD AVE STE D9,,,BOZEMAN,MT,Vacant Land,300.0,2
Rosebud,GALT RANCH,71 RANCH LP,40 71 RANCH LN,,,MARTINSDALE,MT,Vacant Land,320.0,1
Rosebud,GALT RANCH,71 RANCH LP,40 71 RANCH LN,,,MARTINSDALE,MT,Vacant Land,640.0,1
Rosebud,GALT RANCH,71 RANCH LP,40 71 RANCH LN,,,MARTINSDALE,MT,Vacant Land,316.0,1
Rosebud,GALT RANCH,71 RANCH LP,40 71 RANCH LN,,,MARTINSDALE,MT,Vacant Land,320.0,1
Rosebud,GALT RANCH,71 RANCH LP,40 71 RANCH LN,,,MARTINSDALE,MT,Vacant Land,160.0,1
Rosebud,KROENKE GROUP,PV ANTELOPE CREEK HOLDINGS LLC,200 S 23RD AVE STE D9,,,BOZEMAN,MT,Vacant Land,160.0,2
Rosebud,GALT RANCH,SUN COULEE LLC,40 71 RANCH LN,,,MARTINSDALE,MT,Vacant Land,640.0,1
Rosebud,GALT RANCH,71 RANCH LP,40 71 RANCH LN,,,MARTINSDALE,MT,Vacant Land,320.0,1
Rosebud,GALT RANCH,71 RANCH LP,40 71 RANCH LN,,,MARTINSDALE,MT,Vacant Land,640.0,1
Rosebud,GALT RANCH,71 RANCH LP,40 71 RANCH LN,,,MARTINSDALE,MT,Improved Property,299.0,1
Rosebud,GALT RANCH,71 RANCH LP,40 71 RANCH LN,,,MARTINSDALE,MT,Vacant Land,640.0,1
Rosebud,COFFEE-NEFSY,COFFEE NEFSY LIMITED PARTNERSHIP,PO BOX 575,,,MILES CITY,MT,Vacant Land,640.0,7
Rosebud,GALT RANCH,71 RANCH LP,40 71 RANCH LN,,,MARTINSDALE,MT,Vacant Land,152.0,1
Rosebud,GALT RANCH,71 RANCH LP,40 71 RANCH LN,,,MARTINSDALE,MT,Vacant Land,79.0,1
Rosebud,COFFEE-NEFSY,COFFEE NEFSY LIMITED PARTNERSHIP,PO BOX 575,,,MILES CITY,MT,Vacant Land,640.0,7
Rosebud,GALT RANCH,71 RANCH LP,40 71 RANCH LN,,,MARTINSDALE,MT,Vacant Land,0.16,1
Rosebud,GALT RANCH,71 RANCH LP,40 71 RANCH LN,,,MARTINSDALE,MT,Vacant Land,0.606,1
Rosebud,GALT RANCH,71 RANCH LP,40 71 RANCH LN,,,MARTINSDALE,MT,Vacant Land,1.212,1
Rosebud,GALT RANCH,71 RANCH LP,40 71 RANCH LN,,,MARTINSDALE,MT,Vacant Land,2.0,1
Rosebud,COFFEE-NEFSY,COFFEE-NEFSY LP,PO BOX 575,,,MILES CITY,MT,Vacant Land,640.0,7
Rosebud,COFFEE-NEFSY,COFFEE NEFSY LIMITED PARTNERSHIP,PO BOX 575,,,MILES CITY,MT,Vacant Land,640.0,7
Rosebud,GALT RANCH,71 RANCH LP,40 71 RANCH LN,,,MARTINSDALE,MT,Vacant Land,185.0,1
Rosebud,COFFEE-NEFSY,COFFEE-NEFSY LP,PO BOX 575,,,MILES CITY,MT,Vacant Land,640.0,7
Rosebud,COFFEE-NEFSY,COFFEE NEFSY LIMITED PARTNERSHIP,PO BOX 575,,,MILES CITY,MT,Vacant Land,320.0,7
Rosebud,GALT RANCH,71 RANCH LP,40 71 RANCH LN,,,MARTINSDALE,MT,Vacant Land,320.0,1
Rosebud,GALT RANCH,71 RANCH LP,40 71 RANCH LN,,,MARTINSDALE,MT,Vacant Land,609.0,1
Rosebud,COFFEE-NEFSY,COFFEE NEFSY LIMITED PARTNERSHIP,PO BOX 575,,,MILES CITY,MT,Vacant Land,320.0,7
Rosebud,GALT RANCH,71 RANCH LP,40 71 RANCH LN,,,MARTINSDALE,MT,Vacant Land,640.0,1
Rosebud,COFFEE-NEFSY,COFFEE NEFSY LIMITED PARTNERSHIP,PO BOX 575,,,MILES CITY,MT,Vacant Land,480.0,7
Rosebud,COFFEE-NEFSY,COFFEE NEFSY LIMITED PARTNERSHIP,PO BOX 575,,,MILES CITY,MT,Improved Property,609.0,7
Rosebud,KROENKE GROUP,PV ANTELOPE CREEK HOLDINGS LLC,200 S 23RD AVE STE D9,,,BOZEMAN,MT,Vacant Land,290.0,2
Rosebud,KROENKE GROUP,PV RANCH COMPANY LLC,PO BOX 11350,,,BOZEMAN,MT,Vacant Land,40.0,2
Rosebud,GALT RANCH,71 RANCH LP,40 71 RANCH LN,,,MARTINSDALE,MT,Vacant Land,320.0,1
Rosebud,KROENKE GROUP,PV ANTELOPE CREEK HOLDINGS LLC,200 S 23RD AVE STE D9,,,BOZEMAN,MT,Vacant Land,560.0,2
Rosebud,GALT RANCH,71 RANCH LP,40 71 RANCH LN,,,MARTINSDALE,MT,Vacant Land,320.0,1
Rosebud,KROENKE GROUP,PV RANCH COMPANY LLC,PO BOX 11350,,,BOZEMAN,MT,Vacant Land,637.0,2
Rosebud,GALT RANCH,71 RANCH LP,40 71 RANCH LN,,,MARTINSDALE,MT,Vacant Land,320.0,1
Rosebud,GALT RANCH,71 RANCH LP,40 71 RANCH LN,,,MARTINSDALE,MT,Vacant Land,320.0,1
Rosebud,KROENKE GROUP,PV ANTELOPE CREEK HOLDINGS LLC,200 S 23RD AVE STE D9,,,BOZEMAN,MT,Vacant Land,640.0,2
Rosebud,GALT RANCH,71 RANCH LP,40 71 RANCH LN,,,MARTINSDALE,MT,Vacant Land,640.0,1
Rosebud,KROENKE GROUP,PV ANTELOPE CREEK HOLDINGS LLC,200 S 23RD AVE STE D9,,,BOZEMAN,MT,Improved Property,317.0,2
Rosebud,GALT RANCH,SUN COULEE LLC,40 71 RANCH LN,,,MARTINSDALE,MT,Vacant Land,474.0,1
Rosebud,GALT RANCH,71 RANCH LP,40 71 RANCH LN,,,MARTINSDALE,MT,Vacant Land,480.0,1
Rosebud,GALT RANCH,71 RANCH LP,40 71 RANCH LN,,,MARTINSDALE,MT,Vacant Land,616.0,1
Rosebud,COFFEE-NEFSY,COFFEE NEFSY LIMITED PARTNERSHIP,PO BOX 575,,,MILES CITY,MT,Vacant Land,624.0,7
Rosebud,GALT RANCH,71 RANCH LP,40 71 RANCH LN,,,MARTINSDALE,MT,Vacant Land,160.0,1
Rosebud,FARMLAND RESERVE INC,FARMLAND RESERVE INC,PO BOX 3688,,,SALT LAKE CITY,UT,Vacant Land,640.0,3
Rosebud,GALT RANCH,71 RANCH LP,40 71 RANCH LN,,,MARTINSDALE,MT,Vacant Land,322.12,1
Rosebud,GALT RANCH,71 RANCH LP,40 71 RANCH LN,,,MARTINSDALE,MT,Vacant Land,640.0,1
Rosebud,FARMLAND RESERVE INC,FARMLAND RESERVE INC,PO BOX 3688,,,SALT LAKE CITY,UT,Vacant Land,595.0,3
Rosebud,GALT RANCH,71 RANCH LP,40 71 RANCH LN,,,MARTINSDALE,MT,Vacant Land,320.0,1
Rosebud,GALT RANCH,71 RANCH LP,40 71 RANCH LN,,,MARTINSDALE,MT,Vacant Land,640.0,1
Rosebud,GALT RANCH,71 RANCH LP,40 71 RANCH LN,,,MARTINSDALE,MT,Vacant Land,320.0,1
Rosebud,GALT RANCH,71 RANCH LP,40 71 RANCH LN,,,MARTINSDALE,MT,Vacant Land,236.0,1
Rosebud,GALT RANCH,71 RANCH LP,40 71 RANCH LN,,,MARTINSDALE,MT,Vacant Land,870.0,1
Rosebud,GALT RANCH,71 RANCH LP,40 71 RANCH LN,,,MARTINSDALE,MT,Vacant Land,325.0,1
Rosebud,GALT RANCH,71 RANCH LP,40 71 RANCH LN,,,MARTINSDALE,MT,Vacant Land,304.0,1
Rosebud,GALT RANCH,71 RANCH LP,40 71 RANCH LN,,,MARTINSDALE,MT,Vacant Land,344.0,1
Rosebud,GALT RANCH,71 RANCH LP,40 71 RANCH LN,,,MARTINSDALE,MT,Vacant Land,636.0,1
Rosebud,GALT RANCH,71 RANCH LP,40 71 RANCH LN,,,MARTINSDALE,MT,Vacant Land,638.0,1
Rosebud,GALT RANCH,71 RANCH LP,40 71 RANCH LN,,,MARTINSDALE,MT,Vacant Land,640.0,1
Rosebud,KROENKE GROUP,PV ANTELOPE CREEK HOLDINGS LLC,200 S 23RD AVE STE D9,,,BOZEMAN,MT,Vacant Land,616.0,2
Rosebud,KROENKE GROUP,PV RANCH COMPANY LLC,PO BOX 11350,,,BOZEMAN,MT,Vacant Land,632.0,2
Rosebud,KROENKE GROUP,PV RANCH COMPANY LLC,PO BOX 11350,,,BOZEMAN,MT,Vacant Land,604.0,2
Rosebud,GALT RANCH,71 RANCH LP,40 71 RANCH LN,,,MARTINSDALE,MT,Vacant Land,640.0,1
Rosebud,GALT RANCH,71 RANCH LP,40 71 RANCH LN,,,MARTINSDALE,MT,Vacant Land,320.0,1
Rosebud,GALT RANCH,71 RANCH LP,40 71 RANCH LN,,,MARTINSDALE,MT,Vacant Land,147.0,1
Rosebud,KROENKE GROUP,PV ANTELOPE CREEK HOLDINGS LLC,200 S 23RD AVE STE D9,,,BOZEMAN,MT,Vacant Land,1.928,2
Rosebud,GALT RANCH,71 RANCH LP,40 71 RANCH LN,,,MARTINSDALE,MT,Vacant Land,640.0,1
Rosebud,KROENKE GROUP,PV ANTELOPE CREEK HOLDINGS LLC,200 S 23RD AVE STE D9,,,BOZEMAN,MT,Vacant Land,0.489,2
Rosebud,GALT RANCH,71 RANCH LP,40 71 RANCH LN,,,MARTINSDALE,MT,Vacant Land,318.0,1
Rosebud,COFFEE-NEFSY,COFFEE NEFSY LIMITED PARTNERSHIP,PO BOX 575,,,MILES CITY,MT,Vacant Land,640.0,7
Rosebud,COFFEE-NEFSY,COFFEE NEFSY LIMITED PARTNERSHIP,PO BOX 575,,,MILES CITY,MT,Vacant Land,640.0,7
Rosebud,GALT RANCH,71 RANCH LP,40 71 RANCH LN,,,MARTINSDALE,MT,Vacant Land,632.0,1
Rosebud,COFFEE-NEFSY,COFFEE NEFSY LIMITED PARTNERSHIP,PO BOX 575,,,MILES CITY,MT,Vacant Land,640.0,7
Rosebud,COFFEE-NEFSY,COFFEE CATTLE COMPANY,PO BOX 575,,,MILES CITY,MT,Vacant Land,20.0,7
Rosebud,COFFEE-NEFSY,COFFEE NEFSY LIMITED PARTNERSHIP,PO BOX 575,,,MILES CITY,MT,Vacant Land,640.0,7
Rosebud,COFFEE-NEFSY,COFFEE NEFSY LIMITED PARTNERSHIP,PO BOX 575,,,MILES CITY,MT,Improved Property,320.0,7
Rosebud,COFFEE-NEFSY,COFFEE NEFSY LIMITED PARTNERSHIP,PO BOX 575,,,MILES CITY,MT,Vacant Land,320.0,7
Rosebud,COFFEE-NEFSY,COFFEE NEFSY LIMITED PARTNERSHIP,PO BOX 575,,,MILES CITY,MT,Vacant Land,320.0,7
Rosebud,GALT RANCH,71 RANCH LP,40 71 RANCH LN,,,MARTINSDALE,MT,Vacant Land,30.0,1
Rosebud,GALT RANCH,71 RANCH LP,40 71 RANCH LN,,,MARTINSDALE,MT,Vacant Land,57.91,1
Rosebud,GALT RANCH,71 RANCH LP,40 71 RANCH LN,,,MARTINSDALE,MT,Vacant Land,329.0,1
Rosebud,COFFEE-NEFSY,COFFEE NEFSY LIMITED PARTNERSHIP,PO BOX 575,,,MILES CITY,MT,Vacant Land,589.0,7
Rosebud,GALT RANCH,71 RANCH LP,40 71 RANCH LN,,,MARTINSDALE,MT,Vacant Land,0.16,1
Rosebud,COFFEE-NEFSY,COFFEE NEFSY LIMITED PARTNERSHIP,PO BOX 575,,,MILES CITY,MT,Vacant Land,640.0,7
Rosebud,GALT RANCH,71 RANCH LP,40 71 RANCH LN,,,MARTINSDALE,MT,Vacant Land,11.68,1
Rosebud,GALT RANCH,71 RANCH LP,40 71 RANCH LN,,,MARTINSDALE,MT,Vacant Land,1.667,1
Rosebud,KROENKE GROUP,PV RANCH COMPANY LLC,PO BOX 11350,,,BOZEMAN,MT,Vacant Land,640.0,2
Rosebud,GALT RANCH,71 RANCH LP,40 71 RANCH LN,,,MARTINSDALE,MT,Vacant Land,618.18,1
Rosebud,COFFEE-NEFSY,COFFEE NEFSY LIMITED PARTNERSHIP,PO BOX 575,,,MILES CITY,MT,Vacant Land,281.0,7
Rosebud,COFFEE-NEFSY,COFFEE NEFSY LIMITED PARTNERSHIP,PO BOX 575,,,MILES CITY,MT,Vacant Land,638.0,7
Rosebud,COFFEE-NEFSY,COFFEE NEFSY LIMITED PARTNERSHIP,PO BOX 575,,,MILES CITY,MT,Vacant Land,320.0,7
Rosebud,GALT RANCH,71 RANCH LP,40 71 RANCH LN,,,MARTINSDALE,MT,Vacant Land,640.0,1
Rosebud,GALT RANCH,71 RANCH LP,40 71 RANCH LN,,,MARTINSDALE,MT,Vacant Land,160.0,1
Rosebud,GALT RANCH,71 RANCH LP,40 71 RANCH LN,,,MARTINSDALE,MT,Vacant Land,320.0,1
Rosebud,GALT RANCH,71 RANCH LP,40 71 RANCH LN,,,MARTINSDALE,MT,Vacant Land,640.0,1
Rosebud,GALT RANCH,71 RANCH LP,40 71 RANCH LN,,,MARTINSDALE,MT,Vacant Land,615.0,1
Rosebud,KROENKE GROUP,PV ANTELOPE CREEK HOLDINGS LLC,200 S 23RD AVE STE D9,,,BOZEMAN,MT,Improved Property,1260.0,2
Rosebud,KROENKE GROUP,PV RANCH COMPANY LLC,PO BOX 11350,,,BOZEMAN,MT,Vacant Land,636.0,2
Rosebud,KROENKE GROUP,PV RANCH COMPANY LLC,PO BOX 11350,,,BOZEMAN,MT,Vacant Land,640.0,2
Rosebud,KROENKE GROUP,PV RANCH COMPANY LLC,PO BOX 11350,,,BOZEMAN,MT,Vacant Land,640.0,2
Rosebud,KROENKE GROUP,PV RANCH COMPANY LLC,PO BOX 11350,,,BOZEMAN,MT,Vacant Land,259.0,2
Rosebud,GALT RANCH,71 RANCH LP,40 71 RANCH LN,,,MARTINSDALE,MT,Vacant Land,640.0,1
Rosebud,GALT RANCH,71 RANCH LP,40 71 RANCH LN,,,MARTINSDALE,MT,Vacant Land,640.0,1
Rosebud,GALT RANCH,71 RANCH LP,40 71 RANCH LN,,,MARTINSDALE,MT,Vacant Land,309.0,1
Rosebud,GALT RANCH,71 RANCH LP,40 71 RANCH LN,,,MARTINSDALE,MT,Vacant Land,640.0,1
Rosebud,KROENKE GROUP,PV ANTELOPE CREEK HOLDINGS LLC,200 S 23RD AVE STE D9,,,BOZEMAN,MT,Vacant Land,640.0,2
Rosebud,GALT RANCH,71 RANCH LP,40 71 RANCH LN,,,MARTINSDALE,MT,Vacant Land,640.0,1
Rosebud,GALT RANCH,71 RANCH LP,40 71 RANCH LN,,,MARTINSDALE,MT,Vacant Land,640.0,1
Rosebud,GALT RANCH,71 RANCH LP,40 71 RANCH LN,,,MARTINSDALE,MT,Vacant Land,320.0,1
Rosebud,GALT RANCH,SUN COULEE LLC,40 71 RANCH LN,,,MARTINSDALE,MT,Vacant Land,458.0,1
Rosebud,GALT RANCH,71 RANCH LP,40 71 RANCH LN,,,MARTINSDALE,MT,Vacant Land,160.0,1
Rosebud,KROENKE GROUP,PV ANTELOPE CREEK HOLDINGS LLC,200 S 23RD AVE STE D9,,,BOZEMAN,MT,Vacant Land,320.0,2
Rosebud,GALT RANCH,SUN COULEE LLC,40 71 RANCH LN,,,MARTINSDALE,MT,Vacant Land,318.0,1
Rosebud,GALT RANCH,71 RANCH LP,40 71 RANCH LN,,,MARTINSDALE,MT,Vacant Land,640.0,1
Rosebud,KROENKE GROUP,PV ANTELOPE CREEK HOLDINGS LLC,200 S 23RD AVE STE D9,,,BOZEMAN,MT,Vacant Land,636.0,2
Rosebud,GALT RANCH,71 RANCH LP,40 71 RANCH LN,,,MARTINSDALE,MT,Vacant Land,640.0,1
Rosebud,GALT RANCH,71 RANCH LP,40 71 RANCH LN,,,MARTINSDALE,MT,Vacant Land,640.0,1
Rosebud,KROENKE GROUP,PV ANTELOPE CREEK HOLDINGS LLC,200 S 23RD AVE STE D9,,,BOZEMAN,MT,Vacant Land,316.0,2
Rosebud,KROENKE GROUP,PV ANTELOPE CREEK HOLDINGS LLC,200 S 23RD AVE STE D9,,,BOZEMAN,MT,Vacant Land,320.0,2
Rosebud,GALT RANCH,71 RANCH LP,40 71 RANCH LN,,,MARTINSDALE,MT,Vacant Land,636.0,1
Rosebud,GALT RANCH,71 RANCH LP,40 71 RANCH LN,,,MARTINSDALE,MT,Vacant Land,640.0,1
Rosebud,COFFEE-NEFSY,COFFEE NEFSY LIMITED PARTNERSHIP,PO BOX 575,,,MILES CITY,MT,Vacant Land,628.0,7
Rosebud,GALT RANCH,71 RANCH LP,40 71 RANCH LN,,,MARTINSDALE,MT,Vacant Land,640.0,1
Rosebud,GALT RANCH,71 RANCH LP,40 71 RANCH LN,,,MARTINSDALE,MT,Vacant Land,636.0,1
Rosebud,GALT RANCH,71 RANCH LP,40 71 RANCH LN,,,MARTINSDALE,MT,Vacant Land,640.0,1
Rosebud,GALT RANCH,71 RANCH LP,40 71 RANCH LN,,,MARTINSDALE,MT,Vacant Land,320.0,1
Rosebud,KROENKE GROUP,PV ANTELOPE CREEK HOLDINGS LLC,200 S 23RD AVE STE D9,,,BOZEMAN,MT,Vacant Land,320.0,2
Rosebud,GALT RANCH,71 RANCH LP,40 71 RANCH LN,,,MARTINSDALE,MT,Vacant Land,148.0,1
Rosebud,KROENKE GROUP,PV RANCH COMPANY LLC,PO BOX 11350,,,BOZEMAN,MT,Vacant Land,612.0,2
Rosebud,KROENKE GROUP,PV RANCH COMPANY LLC,PO BOX 11350,,,BOZEMAN,MT,Vacant Land,630.0,2
Rosebud,KROENKE GROUP,PV RANCH COMPANY LLC,PO BOX 11350,,,BOZEMAN,MT,Vacant Land,320.0,2
Rosebud,KROENKE GROUP,PV RANCH COMPANY LLC,PO BOX 11350,,,BOZEMAN,MT,Vacant Land,254.0,2
Rosebud,KROENKE GROUP,PV RANCH COMPANY LLC,PO BOX 11350,,,BOZEMAN,MT,Vacant Land,640.0,2
Rosebud,GALT RANCH,71 RANCH LP,40 71 RANCH LN,,,MARTINSDALE,MT,Vacant Land,615.0,1
Rosebud,GALT RANCH,71 RANCH LP,40 71 RANCH LN,,,MARTINSDALE,MT,Vacant Land,636.0,1
Rosebud,GALT RANCH,71 RANCH LP,40 71 RANCH LN,,,MARTINSDALE,MT,Vacant Land,320.0,1
Rosebud,GALT RANCH,71 RANCH LP,40 71 RANCH LN,,,MARTINSDALE,MT,Vacant Land,640.0,1
Rosebud,KROENKE GROUP,PV RANCH COMPANY LLC,PO BOX 11350,,,BOZEMAN,MT,Vacant Land,640.0,2
Rosebud,KROENKE GROUP,PV RANCH COMPANY LLC,PO BOX 11350,,,BOZEMAN,MT,Vacant Land,318.0,2
Rosebud,KROENKE GROUP,PV RANCH COMPANY LLC,PO BOX 11350,,,BOZEMAN,MT,Vacant Land,640.0,2
Rosebud,GALT RANCH,71 RANCH LP,40 71 RANCH LN,,,MARTINSDALE,MT,Vacant Land,640.0,1
Rosebud,KROENKE GROUP,PV ANTELOPE CREEK HOLDINGS LLC,200 S 23RD AVE STE D9,,,BOZEMAN,MT,Vacant Land,372.0,2
Rosebud,KROENKE GROUP,PV ANTELOPE CREEK HOLDINGS LLC,200 S 23RD AVE STE D9,,,BOZEMAN,MT,Vacant Land,640.0,2
Rosebud,KROENKE GROUP,PV RANCH COMPANY LLC,PO BOX 11350,,,BOZEMAN,MT,Vacant Land,640.0,2
Rosebud,GALT RANCH,71 RANCH LP,40 71 RANCH LN,,,MARTINSDALE,MT,Vacant Land,318.0,1
Rosebud,KROENKE GROUP,PV RANCH COMPANY LLC,PO BOX 11350,,,BOZEMAN,MT,Vacant Land,640.0,2
Rosebud,KROENKE GROUP,PV ANTELOPE CREEK HOLDINGS LLC,200 S 23RD AVE STE D9,,,BOZEMAN,MT,Vacant Land,320.0,2
Rosebud,GALT RANCH,71 RANCH LP,40 71 RANCH LN,,,MARTINSDALE,MT,Vacant Land,638.0,1
Rosebud,KROENKE GROUP,PV ANTELOPE CREEK HOLDINGS LLC,200 S 23RD AVE STE D9,,,BOZEMAN,MT,Vacant Land,54.64,2
Rosebud,KROENKE GROUP,PV ANTELOPE CREEK HOLDINGS LLC,200 S 23RD AVE STE D9,,,BOZEMAN,MT,Vacant Land,560.0,2
Rosebud,KROENKE GROUP,PV RANCH COMPANY LLC,PO BOX 11350,,,BOZEMAN,MT,Vacant Land,640.0,2
Rosebud,KROENKE GROUP,PV RANCH COMPANY LLC,PO BOX 11350,,,BOZEMAN,MT,Vacant Land,640.0,2
Rosebud,KROENKE GROUP,PV RANCH COMPANY LLC,PO BOX 11350,,,BOZEMAN,MT,Vacant Land,320.0,2
Rosebud,GALT RANCH,71 RANCH LP,40 71 RANCH LN,,,MARTINSDALE,MT,Vacant Land,640.0,1
Rosebud,COFFEE-NEFSY,COFFEE NEFSY LIMITED PARTNERSHIP,PO BOX 575,,,MILES CITY,MT,Vacant Land,612.0,7
Rosebud,COFFEE-NEFSY,COFFEE NEFSY LIMITED PARTNERSHIP,PO BOX 575,,,MILES CITY,MT,Vacant Land,640.0,7
Rosebud,COFFEE-NEFSY,COFFEE-NEFSY LP,PO BOX 575,,,MILES CITY,MT,Vacant Land,393.27,7
Rosebud,GALT RANCH,71 RANCH LP,40 71 RANCH LN,,,MARTINSDALE,MT,Vacant Land,640.0,1
Rosebud,GALT RANCH,71 RANCH LP,40 71 RANCH LN,,,MARTINSDALE,MT,Vacant Land,642.0,1
Rosebud,GALT RANCH,71 RANCH LP,40 71 RANCH LN,,,MARTINSDALE,MT,Vacant Land,640.0,1
Rosebud,GALT RANCH,71 RANCH LP,40 71 RANCH LN,,,MARTINSDALE,MT,Vacant Land,640.0,1
Rosebud,GALT RANCH,71 RANCH LP,40 71 RANCH LN,,,MARTINSDALE,MT,Vacant Land,640.0,1
Rosebud,GALT RANCH,71 RANCH LP,40 71 RANCH LN,,,MARTINSDALE,MT,Vacant Land,320.0,1
Rosebud,GALT RANCH,71 RANCH LP,40 71 RANCH LN,,,MARTINSDALE,MT,Vacant Land,640.0,1
Rosebud,GALT RANCH,71 RANCH LP,40 71 RANCH LN,,,MARTINSDALE,MT,Vacant Land,640.0,1
Rosebud,GALT RANCH,71 RANCH LP,40 71 RANCH LN,,,MARTINSDALE,MT,Vacant Land,640.0,1
Rosebud,GALT RANCH,71 RANCH LP,40 71 RANCH LN,,,MARTINSDALE,MT,Vacant Land,635.0,1
Rosebud,GALT RANCH,71 RANCH LP,40 71 RANCH LN,,,MARTINSDALE,MT,Vacant Land,345.0,1
Rosebud,GALT RANCH,71 RANCH LP,40 71 RANCH LN,,,MARTINSDALE,MT,Vacant Land,343.24,1
Rosebud,GALT RANCH,71 RANCH LP,40 71 RANCH LN,,,MARTINSDALE,MT,Vacant Land,638.0,1
Rosebud,GALT RANCH,71 RANCH LP,40 71 RANCH LN,,,MARTINSDALE,MT,Vacant Land,320.0,1
Rosebud,GALT RANCH,71 RANCH LP,40 71 RANCH LN,,,MARTINSDALE,MT,Vacant Land,640.0,1
Rosebud,GALT RANCH,71 RANCH LP,40 71 RANCH LN,,,MARTINSDALE,MT,Vacant Land,640.0,1
Rosebud,KROENKE GROUP,PV RANCH COMPANY LLC,PO BOX 11350,,,BOZEMAN,MT,Vacant Land,160.0,2
Rosebud,GALT RANCH,71 RANCH LP,40 71 RANCH LN,,,MARTINSDALE,MT,Vacant Land,640.0,1
Rosebud,KROENKE GROUP,PV RANCH COMPANY LLC,PO BOX 11350,,,BOZEMAN,MT,Vacant Land,320.0,2
Rosebud,GALT RANCH,71 RANCH LP,40 71 RANCH LN,,,MARTINSDALE,MT,Vacant Land,640.0,1
Rosebud,KROENKE GROUP,PV ANTELOPE CREEK HOLDINGS LLC,200 S 23RD AVE STE D9,,,BOZEMAN,MT,Vacant Land,0.163,2
Rosebud,KROENKE GROUP,PV ANTELOPE CREEK HOLDINGS LLC,200 S 23RD AVE STE D9,,,BOZEMAN,MT,Vacant Land,0.244,2
Rosebud,GALT RANCH,71 RANCH LP,40 71 RANCH LN,,,MARTINSDALE,MT,Vacant Land,315.0,1
Rosebud,KROENKE GROUP,PV ANTELOPE CREEK HOLDINGS LLC,200 S 23RD AVE STE D9,,,BOZEMAN,MT,Vacant Land,0.163,2
Rosebud,KROENKE GROUP,PV ANTELOPE CREEK HOLDINGS LLC,200 S 23RD AVE STE D9,,,BOZEMAN,MT,Vacant Land,0.643,2
Rosebud,GALT RANCH,71 RANCH LP,40 71 RANCH LN,,,MARTINSDALE,MT,Vacant Land,640.0,1
Rosebud,COFFEE-NEFSY,COFFEE NEFSY LIMITED PARTNERSHIP,PO BOX 575,,,MILES CITY,MT,Vacant Land,317.06,7
Rosebud,COFFEE-NEFSY,COFFEE NEFSY LIMITED PARTNERSHIP,PO BOX 575,,,MILES CITY,MT,Vacant Land,311.0,7
Rosebud,GALT RANCH,71 RANCH LP,40 71 RANCH LN,,,MARTINSDALE,MT,Improved Property,640.0,1
Rosebud,GALT RANCH,71 RANCH LP,40 71 RANCH LN,,,MARTINSDALE,MT,Vacant Land,640.0,1
Rosebud,KROENKE GROUP,PV RANCH COMPANY LLC,PO BOX 11350,,,BOZEMAN,MT,Vacant Land,319.0,2
Rosebud,KROENKE GROUP,PV ANTELOPE CREEK HOLDINGS LLC,200 S 23RD AVE STE D9,,,BOZEMAN,MT,Vacant Land,296.0,2
Rosebud,KROENKE GROUP,PV RANCH COMPANY LLC,PO BOX 11350,,,BOZEMAN,MT,Vacant Land,640.0,2
Rosebud,KROENKE GROUP,PV RANCH COMPANY LLC,PO BOX 11350,,,BOZEMAN,MT,Vacant Land,640.0,2
Rosebud,GALT RANCH,71 RANCH LP,40 71 RANCH LN,,,MARTINSDALE,MT,Vacant Land,318.0,1
Rosebud,GALT RANCH,71 RANCH LP,40 71 RANCH LN,,,MARTINSDALE,MT,Vacant Land,640.0,1
Rosebud,KROENKE GROUP,PV ANTELOPE CREEK HOLDINGS LLC,200 S 23RD AVE STE D9,,,BOZEMAN,MT,Vacant Land,640.0,2
Rosebud,KROENKE GROUP,PV ANTELOPE CREEK HOLDINGS LLC,200 S 23RD AVE STE D9,,,BOZEMAN,MT,Vacant Land,320.0,2
Rosebud,KROENKE GROUP,PV RANCH COMPANY LLC,PO BOX 11350,,,BOZEMAN,MT,Vacant Land,615.0,2
Rosebud,KROENKE GROUP,PV RANCH COMPANY LLC,PO BOX 11350,,,BOZEMAN,MT,Vacant Land,120.0,2
Rosebud,GALT RANCH,71 RANCH LP,40 71 RANCH LN,,,MARTINSDALE,MT,Vacant Land,320.0,1
Rosebud,KROENKE GROUP,PV ANTELOPE CREEK HOLDINGS LLC,200 S 23RD AVE STE D9,,,BOZEMAN,MT,Vacant Land,640.0,2
Rosebud,KROENKE GROUP,PV ANTELOPE CREEK HOLDINGS LLC,200 S 23RD AVE STE D9,,,BOZEMAN,MT,Vacant Land,640.0,2
Rosebud,KROENKE GROUP,PV RANCH COMPANY LLC,PO BOX 11350,,,BOZEMAN,MT,Vacant Land,320.0,2
Rosebud,KROENKE GROUP,PV RANCH COMPANY LLC,PO BOX 11350,,,BOZEMAN,MT,Vacant Land,320.0,2
Rosebud,KROENKE GROUP,PV RANCH COMPANY LLC,PO BOX 11350,,,BOZEMAN,MT,Vacant Land,320.0,2
Rosebud,GALT RANCH,71 RANCH LP,40 71 RANCH LN,,,MARTINSDALE,MT,Vacant Land,640.0,1
Rosebud,KROENKE GROUP,PV RANCH COMPANY LLC,PO BOX 11350,,,BOZEMAN,MT,Vacant Land,634.0,2
Rosebud,KROENKE GROUP,PV RANCH COMPANY LLC,PO BOX 11350,,,BOZEMAN,MT,Vacant Land,640.0,2
Rosebud,GALT RANCH,71 RANCH LP,40 71 RANCH LN,,,MARTINSDALE,MT,Vacant Land,614.0,1
Rosebud,COFFEE-NEFSY,COFFEE-NEFSY LP,PO BOX 575,,,MILES CITY,MT,Vacant Land,640.0,7
Rosebud,COFFEE-NEFSY,COFFEE-NEFSY LP,PO BOX 575,,,MILES CITY,MT,Vacant Land,612.6,7
Rosebud,KROENKE GROUP,PV ANTELOPE CREEK HOLDINGS LLC,200 S 23RD AVE STE D9,,,BOZEMAN,MT,Vacant Land,636.0,2
Rosebud,GALT RANCH,71 RANCH LP,40 71 RANCH LN,,,MARTINSDALE,MT,Vacant Land,640.0,1
Rosebud,GALT RANCH,71 RANCH LP,40 71 RANCH LN,,,MARTINSDALE,MT,Vacant Land,320.0,1
Rosebud,GALT RANCH,71 RANCH LP,40 71 RANCH LN,,,MARTINSDALE,MT,Vacant Land,640.0,1
Rosebud,GALT RANCH,71 RANCH LP,40 71 RANCH LN,,,MARTINSDALE,MT,Vacant Land,361.0,1
Rosebud,KROENKE GROUP,PV RANCH COMPANY LLC,PO BOX 11350,,,BOZEMAN,MT,Vacant Land,320.0,2
Rosebud,KROENKE GROUP,PV RANCH COMPANY LLC,PO BOX 11350,,,BOZEMAN,MT,Vacant Land,640.0,2
Rosebud,GALT RANCH,71 RANCH LP,40 71 RANCH LN,,,MARTINSDALE,MT,Vacant Land,640.0,1
Rosebud,GALT RANCH,71 RANCH LP,40 71 RANCH LN,,,MARTINSDALE,MT,Vacant Land,640.0,1
Rosebud,GALT RANCH,71 RANCH LP,40 71 RANCH LN,,,MARTINSDALE,MT,Vacant Land,320.0,1
Rosebud,GALT RANCH,71 RANCH LP,40 71 RANCH LN,,,MARTINSDALE,MT,Vacant Land,320.0,1
Rosebud,KROENKE GROUP,PV ANTELOPE CREEK HOLDINGS LLC,200 S 23RD AVE STE D9,,,BOZEMAN,MT,Vacant Land,616.0,2
Rosebud,GALT RANCH,71 RANCH LP,40 71 RANCH LN,,,MARTINSDALE,MT,Vacant Land,318.0,1
Rosebud,KROENKE GROUP,PV RANCH COMPANY LLC,PO BOX 11350,,,BOZEMAN,MT,Vacant Land,640.0,2
Rosebud,KROENKE GROUP,PV RANCH COMPANY LLC,PO BOX 11350,,,BOZEMAN,MT,Vacant Land,616.0,2
Rosebud,GALT RANCH,71 RANCH LP,40 71 RANCH LN,,,MARTINSDALE,MT,Vacant Land,320.0,1
Rosebud,GALT RANCH,71 RANCH LP,40 71 RANCH LN,,,MARTINSDALE,MT,Vacant Land,638.0,1
Rosebud,KROENKE GROUP,PV ANTELOPE CREEK HOLDINGS LLC,200 S 23RD AVE STE D9,,,BOZEMAN,MT,Vacant Land,640.0,2
Rosebud,KROENKE GROUP,PV ANTELOPE CREEK HOLDINGS LLC,200 S 23RD AVE STE D9,,,BOZEMAN,MT,Vacant Land,640.0,2
Rosebud,KROENKE GROUP,PV ANTELOPE CREEK HOLDINGS LLC,200 S 23RD AVE STE D9,,,BOZEMAN,MT,Vacant Land,320.0,2
Rosebud,KROENKE GROUP,PV ANTELOPE CREEK HOLDINGS LLC,200 S 23RD AVE STE D9,,,BOZEMAN,MT,Vacant Land,640.0,2
Rosebud,KROENKE GROUP,PV RANCH COMPANY LLC,PO BOX 11350,,,BOZEMAN,MT,Vacant Land,636.0,2
Rosebud,KROENKE GROUP,PV RANCH COMPANY LLC,PO BOX 11350,,,BOZEMAN,MT,Vacant Land,318.0,2
Rosebud,GALT RANCH,71 RANCH LP,40 71 RANCH LN,,,MARTINSDALE,MT,Vacant Land,320.0,1
Rosebud,KROENKE GROUP,PV ANTELOPE CREEK HOLDINGS LLC,200 S 23RD AVE STE D9,,,BOZEMAN,MT,Vacant Land,1252.0,2
Rosebud,KROENKE GROUP,PV RANCH COMPANY LLC,PO BOX 11350,,,BOZEMAN,MT,Vacant Land,636.0,2
Rosebud,KROENKE GROUP,PV RANCH COMPANY LLC,PO BOX 11350,,,BOZEMAN,MT,Vacant Land,640.0,2
Rosebud,GALT RANCH,71 RANCH LP,40 71 RANCH LN,,,MARTINSDALE,MT,Vacant Land,320.0,1
Rosebud,KROENKE GROUP,PV RANCH COMPANY LLC,PO BOX 11350,,,BOZEMAN,MT,Vacant Land,616.0,2
Rosebud,KROENKE GROUP,PV ANTELOPE CREEK HOLDINGS LLC,200 S 23RD AVE STE D9,,,BOZEMAN,MT,Improved Property,640.0,2
Rosebud,KROENKE GROUP,PV RANCH COMPANY LLC,PO BOX 11350,,,BOZEMAN,MT,Vacant Land,616.0,2
Rosebud,GALT RANCH,71 RANCH LP,40 71 RANCH LN,,,MARTINSDALE,MT,Vacant Land,320.0,1
Rosebud,KROENKE GROUP,PV RANCH COMPANY LLC,PO BOX 11350,,,BOZEMAN,MT,Vacant Land,320.0,2
Rosebud,GALT RANCH,71 RANCH LP,40 71 RANCH LN,,,MARTINSDALE,MT,Vacant Land,640.0,1
Rosebud,GALT RANCH,71 RANCH LP,40 71 RANCH LN,,,MARTINSDALE,MT,Vacant Land,320.0,1
Rosebud,GALT RANCH,71 RANCH LP,40 71 RANCH LN,,,MARTINSDALE,MT,Vacant Land,320.0,1
Rosebud,KROENKE GROUP,PV ANTELOPE CREEK HOLDINGS LLC,200 S 23RD AVE STE D9,,,BOZEMAN,MT,Vacant Land,472.0,2
Rosebud,GALT RANCH,71 RANCH LP,40 71 RANCH LN,,,MARTINSDALE,MT,Vacant Land,640.0,1
Rosebud,GALT RANCH,SUN COULEE LLC,40 71 RANCH LN,,,MARTINSDALE,MT,Improved Property,104.54,1
Rosebud,COFFEE-NEFSY,COFFEE NEFSY LIMITED PARTNERSHIP,PO BOX 575,,,MILES CITY,MT,Vacant Land,320.0,7
Rosebud,GALT RANCH,71 RANCH LP,40 71 RANCH LN,,,MARTINSDALE,MT,Vacant Land,640.0,1
Rosebud,GALT RANCH,71 RANCH LP,40 71 RANCH LN,,,MARTINSDALE,MT,Vacant Land,320.0,1
Rosebud,GALT RANCH,71 RANCH LP,40 71 RANCH LN,,,MARTINSDALE,MT,Vacant Land,320.0,1
Rosebud,GALT RANCH,71 RANCH LP,40 71 RANCH LN,,,MARTINSDALE,MT,Vacant Land,640.0,1
Rosebud,KROENKE GROUP,PV ANTELOPE CREEK HOLDINGS LLC,200 S 23RD AVE STE D9,,,BOZEMAN,MT,Vacant Land,318.0,2
Rosebud,GALT RANCH,71 RANCH LP,40 71 RANCH LN,,,MARTINSDALE,MT,Vacant Land,320.12,1
Rosebud,GALT RANCH,71 RANCH LP,40 71 RANCH LN,,,MARTINSDALE,MT,Vacant Land,640.12,1
Rosebud,GALT RANCH,71 RANCH LP,40 71 RANCH LN,,,MARTINSDALE,MT,Vacant Land,640.0,1
Rosebud,KROENKE GROUP,PV ANTELOPE CREEK HOLDINGS LLC,200 S 23RD AVE STE D9,,,BOZEMAN,MT,Vacant Land,636.0,2
Rosebud,COFFEE-NEFSY,COFFEE NEFSY LIMITED PARTNERSHIP,PO BOX 575,,,MILES CITY,MT,Vacant Land,320.0,7
Rosebud,GALT RANCH,71 RANCH LP,40 71 RANCH LN,,,MARTINSDALE,MT,Vacant Land,316.0,1
Rosebud,GALT RANCH,71 RANCH LP,40 71 RANCH LN,,,MARTINSDALE,MT,Vacant Land,636.0,1
Rosebud,KROENKE GROUP,PV ANTELOPE CREEK HOLDINGS LLC,200 S 23RD AVE STE D9,,,BOZEMAN,MT,Vacant Land,311.4,2
Rosebud,COFFEE-NEFSY,COFFEE NEFSY LIMITED PARTNERSHIP,PO BOX 575,,,MILES CITY,MT,Vacant Land,640.0,7
Rosebud,GALT RANCH,71 RANCH LP,40 71 RANCH LN,,,MARTINSDALE,MT,Vacant Land,620.0,1
Rosebud,COFFEE-NEFSY,COFFEE NEFSY LIMITED PARTNERSHIP,PO BOX 575,,,MILES CITY,MT,Vacant Land,320.0,7
Rosebud,KROENKE GROUP,PV ANTELOPE CREEK HOLDINGS LLC,200 S 23RD AVE STE D9,,,BOZEMAN,MT,Vacant Land,388.98,2
Rosebud,COFFEE-NEFSY,COFFEE NEFSY LIMITED PARTNERSHIP,PO BOX 575,,,MILES CITY,MT,Vacant Land,640.0,7
Rosebud,COFFEE-NEFSY,COFFEE NEFSY LIMITED PARTNERSHIP,PO BOX 575,,,MILES CITY,MT,Vacant Land,309.0,7
Rosebud,COFFEE-NEFSY,COFFEE NEFSY LIMITED PARTNERSHIP,PO BOX 575,,,MILES CITY,MT,Vacant Land,640.0,7
Rosebud,GALT RANCH,71 RANCH LP,40 71 RANCH LN,,,MARTINSDALE,MT,Vacant Land,640.0,1
Rosebud,GALT RANCH,71 RANCH LP,40 71 RANCH LN,,,MARTINSDALE,MT,Vacant Land,56.0,1
Rosebud,GALT RANCH,71 RANCH LP,40 71 RANCH LN,,,MARTINSDALE,MT,Vacant Land,635.0,1
Rosebud,GALT RANCH,71 RANCH LP,40 71 RANCH LN,,,MARTINSDALE,MT,Vacant Land,2.273,1
Rosebud,GALT RANCH,71 RANCH LP,40 71 RANCH LN,,,MARTINSDALE,MT,Vacant Land,0.606,1
Rosebud,KROENKE GROUP,PV RANCH COMPANY LLC,PO BOX 11350,,,BOZEMAN,MT,Vacant Land,640.0,2
Rosebud,KROENKE GROUP,PV RANCH COMPANY LLC,PO BOX 11350,,,BOZEMAN,MT,Vacant Land,627.0,2
Rosebud,COFFEE-NEFSY,COFFEE NEFSY LIMITED PARTNERSHIP,PO BOX 575,,,MILES CITY,MT,Vacant Land,280.0,7
Rosebud,COFFEE-NEFSY,COFFEE NEFSY LIMITED PARTNERSHIP,PO BOX 575,,,MILES CITY,MT,Vacant Land,150.0,7
Rosebud,COFFEE-NEFSY,COFFEE-NEFSY LP,PO BOX 575,,,MILES CITY,MT,Vacant Land,640.0,7
Rosebud,GALT RANCH,71 RANCH LP,40 71 RANCH LN,,,MARTINSDALE,MT,Vacant Land,4.3,1
Rosebud,GALT RANCH,71 RANCH LP,40 71 RANCH LN,,,MARTINSDALE,MT,Vacant Land,18.3,1
Rosebud,COFFEE-NEFSY,COFFEE NEFSY LIMITED PARTNERSHIP,PO BOX 575,,,MILES CITY,MT,Vacant Land,320.0,7
Rosebud,GALT RANCH,71 RANCH LP,40 71 RANCH LN,,,MARTINSDALE,MT,Vacant Land,575.672,1
Rosebud,GALT RANCH,71 RANCH LP,40 71 RANCH LN,,,MARTINSDALE,MT,Vacant Land,24.0,1
Rosebud,COFFEE-NEFSY,COFFEE NEFSY LIMITED PARTNERSHIP,PO BOX 575,,,MILES CITY,MT,Vacant Land,320.0,7
Rosebud,GALT RANCH,71 RANCH LP,40 71 RANCH LN,,,MARTINSDALE,MT,Vacant Land,320.0,1
Rosebud,COFFEE-NEFSY,COFFEE NEFSY LIMITED PARTNERSHIP,PO BOX 575,,,MILES CITY,MT,Vacant Land,640.0,7
Rosebud,KROENKE GROUP,PV ANTELOPE CREEK HOLDINGS LLC,200 S 23RD AVE STE D9,,,BOZEMAN,MT,Vacant Land,68.0,2
Rosebud,KROENKE GROUP,PV RANCH COMPANY LLC,PO BOX 11350,,,BOZEMAN,MT,Vacant Land,640.0,2
Rosebud,GALT RANCH,71 RANCH LP,40 71 RANCH LN,,,MARTINSDALE,MT,Vacant Land,320.0,1
Rosebud,GALT RANCH,71 RANCH LP,40 71 RANCH LN,,,MARTINSDALE,MT,Vacant Land,640.0,1
Rosebud,GALT RANCH,71 RANCH LP,40 71 RANCH LN,,,MARTINSDALE,MT,Vacant Land,636.0,1
Rosebud,GALT RANCH,71 RANCH LP,40 71 RANCH LN,,,MARTINSDALE,MT,Vacant Land,320.0,1
Rosebud,GALT RANCH,71 RANCH LP,40 71 RANCH LN,,,MARTINSDALE,MT,Vacant Land,640.0,1
Rosebud,KROENKE GROUP,PV ANTELOPE CREEK HOLDINGS LLC,200 S 23RD AVE STE D9,,,BOZEMAN,MT,Vacant Land,640.0,2
Rosebud,GALT RANCH,71 RANCH LP,40 71 RANCH LN,,,MARTINSDALE,MT,Vacant Land,640.0,1
Rosebud,GALT RANCH,71 RANCH LP,40 71 RANCH LN,,,MARTINSDALE,MT,Vacant Land,613.0,1
Rosebud,KROENKE GROUP,PV ANTELOPE CREEK HOLDINGS LLC,200 S 23RD AVE STE D9,,,BOZEMAN,MT,Vacant Land,160.0,2
Rosebud,GALT RANCH,71 RANCH LP,40 71 RANCH LN,,,MARTINSDALE,MT,Vacant Land,480.0,1
Rosebud,GALT RANCH,71 RANCH LP,40 71 RANCH LN,,,MARTINSDALE,MT,Vacant Land,640.0,1
Rosebud,GALT RANCH,71 RANCH LP,40 71 RANCH LN,,,MARTINSDALE,MT,Vacant Land,640.0,1
Rosebud,KROENKE GROUP,PV ANTELOPE CREEK HOLDINGS LLC,200 S 23RD AVE STE D9,,,BOZEMAN,MT,Vacant Land,320.0,2
Rosebud,GALT RANCH,SUN COULEE LLC,40 71 RANCH LN,,,MARTINSDALE,MT,Vacant Land,640.0,1
Rosebud,GALT RANCH,71 RANCH LP,40 71 RANCH LN,,,MARTINSDALE,MT,Vacant Land,640.0,1
Rosebud,GALT RANCH,SUN COULEE LLC,40 71 RANCH LN,,,MARTINSDALE,MT,Vacant Land,318.0,1
Rosebud,GALT RANCH,71 RANCH LP,40 71 RANCH LN,,,MARTINSDALE,MT,Vacant Land,318.0,1
Rosebud,GALT RANCH,71 RANCH LP,40 71 RANCH LN,,,MARTINSDALE,MT,Vacant Land,640.0,1
Rosebud,GALT RANCH,71 RANCH LP,40 71 RANCH LN,,,MARTINSDALE,MT,Vacant Land,616.0,1
Rosebud,GALT RANCH,71 RANCH LP,40 71 RANCH LN,,,MARTINSDALE,MT,Vacant Land,640.0,1
Rosebud,GALT RANCH,71 RANCH LP,40 71 RANCH LN,,,MARTINSDALE,MT,Vacant Land,480.0,1
Rosebud,GALT RANCH,71 RANCH LP,40 71 RANCH LN,,,MARTINSDALE,MT,Vacant Land,640.0,1
Rosebud,GALT RANCH,71 RANCH LP,40 71 RANCH LN,,,MARTINSDALE,MT,Vacant Land,640.0,1
Rosebud,GALT RANCH,71 RANCH LP,40 71 RANCH LN,,,MARTINSDALE,MT,Vacant Land,320.0,1
Rosebud,KROENKE GROUP,PV RANCH COMPANY LLC,PO BOX 11350,,,BOZEMAN,MT,Vacant Land,478.0,2
Rosebud,KROENKE GROUP,PV RANCH COMPANY LLC,PO BOX 11350,,,BOZEMAN,MT,Vacant Land,640.0,2
Rosebud,GALT RANCH,71 RANCH LP,40 71 RANCH LN,,,MARTINSDALE,MT,Vacant Land,640.0,1
Rosebud,KROENKE GROUP,PV RANCH COMPANY LLC,PO BOX 11350,,,BOZEMAN,MT,Vacant Land,632.0,2
Rosebud,KROENKE GROUP,PV RANCH COMPANY LLC,PO BOX 11350,,,BOZEMAN,MT,Vacant Land,320.0,2
Rosebud,KROENKE GROUP,PV ANTELOPE CREEK HOLDINGS LLC,200 S 23RD AVE STE D9,,,BOZEMAN,MT,Vacant Land,320.0,2
Rosebud,GALT RANCH,71 RANCH LP,40 71 RANCH LN,,,MARTINSDALE,MT,Vacant Land,640.0,1
Rosebud,GALT RANCH,71 RANCH LP,40 71 RANCH LN,,,MARTINSDALE,MT,Vacant Land,612.0,1
Rosebud,GALT RANCH,71 RANCH LP,40 71 RANCH LN,,,MARTINSDALE,MT,Vacant Land,638.0,1
Rosebud,KROENKE GROUP,PV RANCH COMPANY LLC,PO BOX 11350,,,BOZEMAN,MT,Vacant Land,200.0,2
Rosebud,KROENKE GROUP,PV ANTELOPE CREEK HOLDINGS LLC,200 S 23RD AVE STE D9,,,BOZEMAN,MT,Vacant Land,640.0,2
Rosebud,KROENKE GROUP,PV ANTELOPE CREEK HOLDINGS LLC,200 S 23RD AVE STE D9,,,BOZEMAN,MT,Vacant Land,618.0,2
Rosebud,KROENKE GROUP,PV RANCH COMPANY LLC,PO BOX 11350,,,BOZEMAN,MT,Vacant Land,636.0,2
Rosebud,KROENKE GROUP,PV RANCH COMPANY LLC,PO BOX 11350,,,BOZEMAN,MT,Vacant Land,640.0,2
Rosebud,KROENKE GROUP,PV RANCH COMPANY LLC,PO BOX 11350,,,BOZEMAN,MT,Vacant Land,640.0,2
Rosebud,KROENKE GROUP,PV RANCH COMPANY LLC,PO BOX 11350,,,BOZEMAN,MT,Vacant Land,640.0,2
Rosebud,GALT RANCH,71 RANCH LP,40 71 RANCH LN,,,MARTINSDALE,MT,Vacant Land,636.0,1
Rosebud,KROENKE GROUP,PV ANTELOPE CREEK HOLDINGS LLC,200 S 23RD AVE STE D9,,,BOZEMAN,MT,Vacant Land,1248.0,2
Rosebud,KROENKE GROUP,PV ANTELOPE CREEK HOLDINGS LLC,200 S 23RD AVE STE D9,,,BOZEMAN,MT,Vacant Land,1256.0,2
Rosebud,KROENKE GROUP,PV RANCH COMPANY LLC,PO BOX 11350,,,BOZEMAN,MT,Vacant Land,640.0,2
Rosebud,GALT RANCH,71 RANCH LP,40 71 RANCH LN,,,MARTINSDALE,MT,Vacant Land,320.0,1
Rosebud,GALT RANCH,71 RANCH LP,40 71 RANCH LN,,,MARTINSDALE,MT,Vacant Land,640.0,1
Rosebud,GALT RANCH,71 RANCH LP,40 71 RANCH LN,,,MARTINSDALE,MT,Vacant Land,640.0,1
Rosebud,COFFEE-NEFSY,COFFEE-NEFSY LP,PO BOX 575,,,MILES CITY,MT,Vacant Land,614.2,7
Rosebud,KROENKE GROUP,PV ANTELOPE CREEK HOLDINGS LLC,200 S 23RD AVE STE D9,,,BOZEMAN,MT,Vacant Land,320.0,2
Rosebud,COFFEE-NEFSY,COFFEE NEFSY LIMITED PARTNERSHIP,PO BOX 575,,,MILES CITY,MT,Vacant Land,636.0,7
Rosebud,GALT RANCH,71 RANCH LP,40 71 RANCH LN,,,MARTINSDALE,MT,Vacant Land,640.0,1
Rosebud,GALT RANCH,71 RANCH LP,40 71 RANCH LN,,,MARTINSDALE,MT,Vacant Land,616.0,1
Rosebud,COFFEE-NEFSY,COFFEE NEFSY LIMITED PARTNERSHIP,PO BOX 575,,,MILES CITY,MT,Vacant Land,512.0,7
Rosebud,KROENKE GROUP,PV ANTELOPE CREEK HOLDINGS LLC,200 S 23RD AVE STE D9,,,BOZEMAN,MT,Vacant Land,318.0,2
Rosebud,GALT RANCH,71 RANCH LP,40 71 RANCH LN,,,MARTINSDALE,MT,Vacant Land,640.24,1
Rosebud,GALT RANCH,71 RANCH LP,40 71 RANCH LN,,,MARTINSDALE,MT,Vacant Land,616.0,1
Rosebud,GALT RANCH,71 RANCH LP,40 71 RANCH LN,,,MARTINSDALE,MT,Vacant Land,640.0,1
Rosebud,GALT RANCH,71 RANCH LP,40 71 RANCH LN,,,MARTINSDALE,MT,Vacant Land,640.0,1
Rosebud,COFFEE-NEFSY,COFFEE NEFSY LIMITED PARTNERSHIP,PO BOX 575,,,MILES CITY,MT,Vacant Land,80.0,7
Rosebud,GALT RANCH,71 RANCH LP,40 71 RANCH LN,,,MARTINSDALE,MT,Vacant Land,480.0,1
Rosebud,GALT RANCH,71 RANCH LP,40 71 RANCH LN,,,MARTINSDALE,MT,Vacant Land,640.0,1
Rosebud,GALT RANCH,71 RANCH LP,40 71 RANCH LN,,,MARTINSDALE,MT,Vacant Land,640.0,1
Rosebud,GALT RANCH,71 RANCH LP,40 71 RANCH LN,,,MARTINSDALE,MT,Vacant Land,320.0,1
Rosebud,COFFEE-NEFSY,COFFEE NEFSY LIMITED PARTNERSHIP,PO BOX 575,,,MILES CITY,MT,Vacant Land,640.0,7
Rosebud,GALT RANCH,71 RANCH LP,40 71 RANCH LN,,,MARTINSDALE,MT,Vacant Land,632.0,1
Rosebud,GALT RANCH,71 RANCH LP,40 71 RANCH LN,,,MARTINSDALE,MT,Vacant Land,640.0,1
Rosebud,GALT RANCH,71 RANCH LP,40 71 RANCH LN,,,MARTINSDALE,MT,Vacant Land,640.0,1
Rosebud,COFFEE-NEFSY,COFFEE NEFSY LIMITED PARTNERSHIP,PO BOX 575,,,MILES CITY,MT,Vacant Land,640.0,7
Rosebud,COFFEE-NEFSY,COFFEE NEFSY LIMITED PARTNERSHIP,PO BOX 575,,,MILES CITY,MT,Vacant Land,640.0,7
Rosebud,COFFEE-NEFSY,COFFEE NEFSY LIMITED PARTNERSHIP,PO BOX 575,,,MILES CITY,MT,Vacant Land,640.0,7
Rosebud,GALT RANCH,71 RANCH LP,40 71 RANCH LN,,,MARTINSDALE,MT,Vacant Land,320.0,1
Rosebud,GALT RANCH,71 RANCH LP,40 71 RANCH LN,,,MARTINSDALE,MT,Vacant Land,40.01,1
Rosebud,GALT RANCH,71 RANCH LP,40 71 RANCH LN,,,MARTINSDALE,MT,Vacant Land,147.0,1
Rosebud,GALT RANCH,71 RANCH LP,40 71 RANCH LN,,,MARTINSDALE,MT,Vacant Land,636.0,1
Rosebud,KROENKE GROUP,PV ANTELOPE CREEK HOLDINGS LLC,200 S 23RD AVE STE D9,,,BOZEMAN,MT,Vacant Land,640.0,2
Rosebud,COFFEE-NEFSY,COFFEE NEFSY LIMITED PARTNERSHIP,PO BOX 575,,,MILES CITY,MT,Vacant Land,628.0,7
Rosebud,KROENKE GROUP,PV ANTELOPE CREEK HOLDINGS LLC,200 S 23RD AVE STE D9,,,BOZEMAN,MT,Vacant Land,280.0,2
Rosebud,COFFEE-NEFSY,COFFEE NEFSY LIMITED PARTNERSHIP,PO BOX 575,,,MILES CITY,MT,Vacant Land,640.0,7
Rosebud,GALT RANCH,71 RANCH LP,40 71 RANCH LN,,,MARTINSDALE,MT,Vacant Land,320.0,1
Rosebud,GALT RANCH,71 RANCH LP,40 71 RANCH LN,,,MARTINSDALE,MT,Vacant Land,640.0,1
Rosebud,GALT RANCH,71 RANCH LP,40 71 RANCH LN,,,MARTINSDALE,MT,Vacant Land,640.0,1
Rosebud,KROENKE GROUP,PV ANTELOPE CREEK HOLDINGS LLC,200 S 23RD AVE STE D9,,,BOZEMAN,MT,Vacant Land,320.0,2
Rosebud,KROENKE GROUP,PV ANTELOPE CREEK HOLDINGS LLC,200 S 23RD AVE STE D9,,,BOZEMAN,MT,Vacant Land,634.0,2
Rosebud,COFFEE-NEFSY,COFFEE NEFSY LIMITED PARTNERSHIP,PO BOX 575,,,MILES CITY,MT,Vacant Land,308.0,7
Rosebud,COFFEE-NEFSY,COFFEE NEFSY LIMITED PARTNERSHIP,PO BOX 575,,,MILES CITY,MT,Vacant Land,640.0,7
Rosebud,KROENKE GROUP,PV ANTELOPE CREEK HOLDINGS LLC,200 S 23RD AVE STE D9,,,BOZEMAN,MT,Vacant Land,637.0,2
Rosebud,GALT RANCH,71 RANCH LP,40 71 RANCH LN,,,MARTINSDALE,MT,Vacant Land,640.0,1
Rosebud,COFFEE-NEFSY,COFFEE NEFSY LIMITED PARTNERSHIP,PO BOX 80850,,,BILLINGS,MT,Vacant Land,20.0,7
Rosebud,COFFEE-NEFSY,COFFEE-NEFSY LP,PO BOX 575,,,MILES CITY,MT,Vacant Land,60.0,7
Rosebud,COFFEE-NEFSY,COFFEE NEFSY LIMITED PARTNERSHIP,PO BOX 575,,,MILES CITY,MT,Vacant Land,40.0,7
Rosebud,COFFEE-NEFSY,COFFEE NEFSY LIMITED PARTNERSHIP,PO BOX 575,,,MILES CITY,MT,Vacant Land,40.0,7
Rosebud,COFFEE-NEFSY,COFFEE NEFSY LIMITED PARTNERSHIP,PO BOX 575,,,MILES CITY,MT,Vacant Land,320.0,7
Rosebud,COFFEE-NEFSY,COFFEE NEFSY LIMITED PARTNERSHIP,PO BOX 575,,,MILES CITY,MT,Vacant Land,40.0,7
Rosebud,COFFEE-NEFSY,COFFEE NEFSY LIMITED PARTNERSHIP,PO BOX 80850,,,BILLINGS,MT,Vacant Land,10.0,7
Rosebud,GALT RANCH,71 RANCH LP,40 71 RANCH LN,,,MARTINSDALE,MT,Vacant Land,640.0,1
Rosebud,KROENKE GROUP,PV ANTELOPE CREEK HOLDINGS LLC,200 S 23RD AVE STE D9,,,BOZEMAN,MT,Vacant Land,0.244,2
Rosebud,GREAT NORTHERN PROPERTIES,GREAT NORTHERN PROP LTD PTNSH,PO BOX 1745,,,MILES CITY,MT,Vacant Land,640.0,10
Rosebud,GREAT NORTHERN PROPERTIES,GREAT NORTHERN PROP LTD PTNSH,PO BOX 1745,,,MILES CITY,MT,Vacant Land,640.0,10
Rosebud,GREAT NORTHERN PROPERTIES,GREAT NORTHERN PROP LTD PTNSH,PO BOX 1745,,,MILES CITY,MT,Vacant Land,640.0,10
Rosebud,GREAT NORTHERN PROPERTIES,GREAT NORTHERN PROP LTD PTNSH,PO BOX 1745,,,MILES CITY,MT,Vacant Land,640.0,10
Rosebud,GREAT NORTHERN PROPERTIES,GREAT NORTHERN PROP LTD PTNSH,PO BOX 1745,,,MILES CITY,MT,Vacant Land,640.0,10
Rosebud,COFFEE-NEFSY,COFFEE-NEFSY LP,PO BOX 575,,,MILES CITY,MT,Vacant Land,640.0,7
Rosebud,COFFEE-NEFSY,COFFEE-NEFSY LP,PO BOX 575,,,MILES CITY,MT,Vacant Land,40.0,7
Rosebud,GREAT NORTHERN PROPERTIES,GREAT NORTHERN PROPERTIES LIMITED PARTNERSHIP,PO BOX 1745,,,MILES CITY,MT,Vacant Land,160.0,10
Rosebud,GREAT NORTHERN PROPERTIES,GREAT NORTHERN PROP LTD PTNSH,PO BOX 1745,,,MILES CITY,MT,Vacant Land,84.82,10
Rosebud,COFFEE-NEFSY,COFFEE-NEFSY LP,PO BOX 575,,,MILES CITY,MT,Vacant Land,640.0,7
Rosebud,GREAT NORTHERN PROPERTIES,GREAT NORTHERN PROP LTD PTNSH,PO BOX 1745,,,MILES CITY,MT,Vacant Land,640.0,10
Rosebud,GREAT NORTHERN PROPERTIES,GREAT NORTHERN PROP LTD PTNSH,PO BOX 1745,,,MILES CITY,MT,Vacant Land,640.0,10
Rosebud,GREAT NORTHERN PROPERTIES,GREAT NORTHERN PROP LTD PTNSH,PO BOX 1745,,,MILES CITY,MT,Vacant Land,640.0,10
Rosebud,GREAT NORTHERN PROPERTIES,GREAT NORTHERN PROP LTD PTNSH,PO BOX 1745,,,MILES CITY,MT,Vacant Land,586.84,10
Rosebud,GREAT NORTHERN PROPERTIES,GREAT NORTHERN PROP LTD PTNSH,PO BOX 1745,,,MILES CITY,MT,Vacant Land,640.0,10
Rosebud,COFFEE-NEFSY,COFFEE NEFSY LIMITED PARTNERSHIP,PO BOX 575,,,MILES CITY,MT,Vacant Land,320.0,7
Rosebud,KROENKE GROUP,PV ANTELOPE CREEK HOLDINGS LLC,200 S 23RD AVE STE D9,,,BOZEMAN,MT,Vacant Land,0.489,2
Rosebud,GREAT NORTHERN PROPERTIES,GREAT NORTHERN PROP LTD PTNSH,PO BOX 1745,,,MILES CITY,MT,Vacant Land,640.0,10
Rosebud,GREAT NORTHERN PROPERTIES,GREAT NORTHERN PROP LTD PTNSH,PO BOX 1745,,,MILES CITY,MT,Vacant Land,419.42,10
Rosebud,GREAT NORTHERN PROPERTIES,GREAT NORTHERN PROP LTD PTNSH,PO BOX 1745,,,MILES CITY,MT,Vacant Land,640.48,10
Rosebud,GREAT NORTHERN PROPERTIES,GREAT NORTHERN PROP LTD PTNSH,PO BOX 1745,,,MILES CITY,MT,Vacant Land,640.76,10
Rosebud,COFFEE-NEFSY,COFFEE-NEFSY LP,PO BOX 575,,,MILES CITY,MT,Vacant Land,640.0,7
Rosebud,GREAT NORTHERN PROPERTIES,GREAT NORTHERN PROP LTD PTNSH,PO BOX 1745,,,MILES CITY,MT,Vacant Land,640.0,10
Rosebud,COFFEE-NEFSY,COFFEE-NEFSY LP,PO BOX 575,,,MILES CITY,MT,Vacant Land,640.0,7
Rosebud,COFFEE-NEFSY,COFFEE-NEFSY LIMITED PARTNERSHIP,PO BOX 575,,,MILES CITY,MT,Vacant Land,640.0,7
Rosebud,COFFEE-NEFSY,COFFEE-NEFSY LP,PO BOX 575,,,MILES CITY,MT,Vacant Land,640.0,7
Rosebud,GREAT NORTHERN PROPERTIES,GREAT NORTHERN PROPERTIES LIMITED PARTNERSHIP,PO BOX 1745,,,MILES CITY,MT,Vacant Land,640.0,10
Rosebud,GREAT NORTHERN PROPERTIES,GREAT NORTHERN PROPERTIES LIMITED PARTNERSHIP,PO BOX 1745,,,MILES CITY,MT,Vacant Land,200.0,10
Rosebud,GREAT NORTHERN PROPERTIES,GREAT NORTHERN PROP LTD PTNSH,PO BOX 1745,,,MILES CITY,MT,Vacant Land,600.0,10
Rosebud,COFFEE-NEFSY,COFFEE-NEFSY LP,PO BOX 575,,,MILES CITY,MT,Vacant Land,520.0,7
Rosebud,GREAT NORTHERN PROPERTIES,GREAT NORTHERN PROPERTIES LP,PO BOX 1745,,,MILES CITY,MT,Industrial Property,640.0,10
Rosebud,COFFEE-NEFSY,COFFEE-NEFSY LP,PO BOX 575,,,MILES CITY,MT,Vacant Land,400.0,7
Rosebud,GREAT NORTHERN PROPERTIES,GREAT NORTHERN PROP LTD PTNSH,PO BOX 1745,,,MILES CITY,MT,Vacant Land,632.0,10
Rosebud,GREAT NORTHERN PROPERTIES,GREAT NORTHERN PROPERTIES LP,PO BOX 1745,,,MILES CITY,MT,Vacant Land,40.0,10
Rosebud,GREAT NORTHERN PROPERTIES,GREAT NORTHERN PROPERTIES LTD PTNSHP,PO BOX 1745,,,MILES CITY,MT,Vacant Land,21.63,10
Rosebud,COFFEE-NEFSY,COFFEE-NEFSY LP,PO BOX 575,,,MILES CITY,MT,Improved Property,461.0,7
Rosebud,GREAT NORTHERN PROPERTIES,GREAT NORTHERN PROPERTIES LMTD PTNSHP,PO BOX 1745,,,MILES CITY,MT,Vacant Land,49.5,10
Rosebud,COFFEE-NEFSY,COFFEE-NEFSY LP,PO BOX 575,,,MILES CITY,MT,Vacant Land,635.0,7
Rosebud,GREAT NORTHERN PROPERTIES,GREAT NORTHERN PROPERTIES LTD PTNSHP,PO BOX 1745,,,MILES CITY,MT,Vacant Land,160.0,10
Rosebud,GREAT NORTHERN PROPERTIES,GREAT NORTHERN PROPERTIES LIMITED PARTNERSHIP,PO BOX 1745,,,MILES CITY,MT,Vacant Land,203.0,10
Rosebud,COFFEE-NEFSY,COFFEE-NEFSY LP,PO BOX 575,,,MILES CITY,MT,Vacant Land,640.0,7
Rosebud,GREAT NORTHERN PROPERTIES,GREAT NORTHERN PROPERTIES LTD PTNSHP,PO BOX 1745,,,MILES CITY,MT,Vacant Land,42.0,10
Rosebud,COFFEE-NEFSY,COFFEE-NEFSY LP,PO BOX 575,,,MILES CITY,MT,Vacant Land,640.0,7
Rosebud,COFFEE-NEFSY,COFFEE-NEFSY LP,PO BOX 575,,,MILES CITY,MT,Vacant Land,640.0,7
Rosebud,COFFEE-NEFSY,COFFEE-NEFSY LP,PO BOX 575,,,MILES CITY,MT,Vacant Land,169.0,7
Rosebud,COFFEE-NEFSY,COFFEE-NEFSY LP,PO BOX 575,,,MILES CITY,MT,Improved Property,188.0,7
Rosebud,COFFEE-NEFSY,COFFEE-NEFSY LP,PO BOX 575,,,MILES CITY,MT,Vacant Land,640.0,7
Rosebud,COFFEE-NEFSY,COFFEE-NEFSY LP,PO BOX 575,,,MILES CITY,MT,Vacant Land,648.0,7
Rosebud,GREAT NORTHERN PROPERTIES,GREAT NORTHERN PROPERTIES LTD PTNSHP,PO BOX 1745,,,MILES CITY,MT,Vacant Land,158.45,10
Rosebud,COFFEE-NEFSY,COFFEE-NEFSY LP,PO BOX 575,,,MILES CITY,MT,Improved Property,516.0,7
Rosebud,COFFEE-NEFSY,COFFEE-NEFSY LP,PO BOX 575,,,MILES CITY,MT,Improved Property,372.0,7
Rosebud,COFFEE-NEFSY,COFFEE-NEFSY LP,PO BOX 575,,,MILES CITY,MT,Vacant Land,640.0,7
Rosebud,COFFEE-NEFSY,COFFEE-NEFSY LP,PO BOX 575,,,MILES CITY,MT,Vacant Land,360.0,7
Rosebud,COFFEE-NEFSY,COFFEE-NEFSY LP,PO BOX 575,,,MILES CITY,MT,Vacant Land,640.0,7
Rosebud,GREAT NORTHERN PROPERTIES,GREAT NORTHERN PROP LTD PTNSH,PO BOX 1745,,,MILES CITY,MT,Vacant Land,640.0,10
Rosebud,GREAT NORTHERN PROPERTIES,GREAT NORTHERN PROP LTD PTNSH,PO BOX 1745,,,MILES CITY,MT,Vacant Land,640.0,10
Rosebud,GREAT NORTHERN PROPERTIES,GREAT NORTHERN PROP LTD PTNSH,PO BOX 1745,,,MILES CITY,MT,Vacant Land,684.34,10
Rosebud,GREAT NORTHERN PROPERTIES,GREAT NORTHERN PROP LTD PTNSH,PO BOX 1745,,,MILES CITY,MT,Vacant Land,480.0,10
Rosebud,GREAT NORTHERN PROPERTIES,GREAT NORTHERN PROPERTIES LIMITED PARTNERSHIP,PO BOX 1745,,,MILES CITY,MT,Vacant Land,680.0,10
Rosebud,GREAT NORTHERN PROPERTIES,GREAT NORTHERN PROP LTD PTNSH,PO BOX 1745,,,MILES CITY,MT,Vacant Land,669.06,10
Rosebud,GREAT NORTHERN PROPERTIES,GREAT NORTHERN PROPERTIES LTD PTNSH,PO BOX 1745,,,MILES CITY,MT,Vacant Land,640.0,10
Rosebud,GREAT NORTHERN PROPERTIES,GREAT NORTHERN PROPERTIES LP,PO BOX 1745,,,MILES CITY,MT,Vacant Land,40.0,10
Rosebud,COFFEE-NEFSY,COFFEE-NEFSY LP,PO BOX 575,,,MILES CITY,MT,Vacant Land,640.0,7
Rosebud,GREAT NORTHERN PROPERTIES,GREAT NORTHERN PROP LTD PTNSH,PO BOX 1745,,,MILES CITY,MT,Vacant Land,640.0,10
Rosebud,GREAT NORTHERN PROPERTIES,GREAT NORTHERN PROP LTD PTNSH,PO BOX 1745,,,MILES CITY,MT,Vacant Land,622.54,10
Rosebud,GREAT NORTHERN PROPERTIES,GREAT NORTHERN PROP LTD PTNSH,PO BOX 1745,,,MILES CITY,MT,Vacant Land,462.59,10
Rosebud,COFFEE-NEFSY,COFFEE NEFSY LIMITED PARTNERSHIP,PO BOX 575,,,MILES CITY,MT,Vacant Land,642.0,7
Rosebud,GALT RANCH,71 RANCH LP,40 71 RANCH LN,,,MARTINSDALE,MT,Vacant Land,640.0,1
Rosebud,GALT RANCH,71 RANCH LP,40 71 RANCH LN,,,MARTINSDALE,MT,Vacant Land,453.09,1
Rosebud,KROENKE GROUP,PV ANTELOPE CREEK HOLDINGS LLC,200 S 23RD AVE STE D9,,,BOZEMAN,MT,Vacant Land,315.0,2
Rosebud,KROENKE GROUP,PV ANTELOPE CREEK HOLDINGS LLC,200 S 23RD AVE STE D9,,,BOZEMAN,MT,Vacant Land,317.0,2
Rosebud,KROENKE GROUP,PV ANTELOPE CREEK HOLDINGS LLC,200 S 23RD AVE STE D9,,,BOZEMAN,MT,Vacant Land,40.0,2
Rosebud,COFFEE-NEFSY,COFFEE NEFSY LIMITED PARTNERSHIP,PO BOX 575,,,MILES CITY,MT,Vacant Land,640.0,7
Rosebud,COFFEE-NEFSY,COFFEE NEFSY LIMITED PARTNERSHIP,PO BOX 575,,,MILES CITY,MT,Vacant Land,638.0,7
Rosebud,GALT RANCH,71 RANCH LP,40 71 RANCH LN,,,MARTINSDALE,MT,Vacant Land,640.0,1
Rosebud,GALT RANCH,71 RANCH LP,40 71 RANCH LN,,,MARTINSDALE,MT,Vacant Land,616.0,1
Rosebud,KROENKE GROUP,PV ANTELOPE CREEK HOLDINGS LLC,200 S 23RD AVE STE D9,,,BOZEMAN,MT,Vacant Land,120.0,2
Rosebud,COFFEE-NEFSY,COFFEE NEFSY LIMITED PARTNERSHIP,PO BOX 575,,,MILES CITY,MT,Vacant Land,319.0,7
Rosebud,GALT RANCH,71 RANCH LP,40 71 RANCH LN,,,MARTINSDALE,MT,Vacant Land,320.0,1
Rosebud,KROENKE GROUP,PV ANTELOPE CREEK HOLDINGS LLC,200 S 23RD AVE STE D9,,,BOZEMAN,MT,Vacant Land,200.0,2
Rosebud,KROENKE GROUP,PV ANTELOPE CREEK HOLDINGS LLC,200 S 23RD AVE STE D9,,,BOZEMAN,MT,Vacant Land,12.0,2
Rosebud,GALT RANCH,71 RANCH LP,40 71 RANCH LN,,,MARTINSDALE,MT,Vacant Land,636.0,1
Rosebud,GALT RANCH,71 RANCH LP,40 71 RANCH LN,,,MARTINSDALE,MT,Vacant Land,640.0,1
Rosebud,COFFEE-NEFSY,COFFEE NEFSY LIMITED PARTNERSHIP,PO BOX 575,,,MILES CITY,MT,Vacant Land,320.0,7
Rosebud,COFFEE-NEFSY,COFFEE NEFSY LIMITED PARTNERSHIP,PO BOX 575,,,MILES CITY,MT,Vacant Land,640.0,7
Rosebud,COFFEE-NEFSY,COFFEE NEFSY LIMITED PARTNERSHIP,PO BOX 575,,,MILES CITY,MT,Vacant Land,80.0,7
Rosebud,COFFEE-NEFSY,COFFEE NEFSY LIMITED PARTNERSHIP,PO BOX 575,,,MILES CITY,MT,Vacant Land,628.0,7
Rosebud,KROENKE GROUP,PV ANTELOPE CREEK HOLDINGS LLC,200 S 23RD AVE STE D9,,,BOZEMAN,MT,Vacant Land,14.0,2
Rosebud,GREAT NORTHERN PROPERTIES,GREAT NORTHERN PROP LTD PTNSH,PO BOX 1745,,,MILES CITY,MT,Vacant Land,616.0,10
Rosebud,COFFEE-NEFSY,COFFEE-NEFSY LP,PO BOX 575,,,MILES CITY,MT,Vacant Land,640.0,7
Rosebud,COFFEE-NEFSY,COFFEE-NEFSY LP,PO BOX 575,,,MILES CITY,MT,Vacant Land,154.0,7
Rosebud,COFFEE-NEFSY,COFFEE-NEFSY LP,PO BOX 575,,,MILES CITY,MT,Vacant Land,199.0,7
Rosebud,GREAT NORTHERN PROPERTIES,GREAT NORTHERN PROPERTIES LTD PTNSHP,PO BOX 1745,,,MILES CITY,MT,Vacant Land,80.0,10
Rosebud,GREAT NORTHERN PROPERTIES,GREAT NORTHERN PROP LTD PTNSH,PO BOX 1745,,,MILES CITY,MT,Vacant Land,129.0,10
Rosebud,GREAT NORTHERN PROPERTIES,GREAT NORTHERN PROP LTD PTNSH,PO BOX 1745,,,MILES CITY,MT,Vacant Land,640.0,10
Rosebud,COFFEE-NEFSY,COFFEE-NEFSY LP,PO BOX 575,,,MILES CITY,MT,Vacant Land,640.0,7
Rosebud,GREAT NORTHERN PROPERTIES,GREAT NORTHERN PROPERTIES LTD PTNSHP,PO BOX 1745,,,MILES CITY,MT,Vacant Land,560.0,10
Rosebud,COFFEE-NEFSY,COFFEE-NEFSY LP,PO BOX 575,,,MILES CITY,MT,Vacant Land,320.0,7
Rosebud,GREAT NORTHERN PROPERTIES,GREAT NORTHERN PROPERTIES LTD PTNSHP,PO BOX 1745,,,MILES CITY,MT,Vacant Land,160.0,10
Rosebud,GREAT NORTHERN PROPERTIES,GREAT NORTHERN PROP LTD PTNSH,PO BOX 1745,,,MILES CITY,MT,Vacant Land,644.28,10
Rosebud,GREAT NORTHERN PROPERTIES,GREAT NORTHERN PROP LTD PTNSH,PO BOX 1745,,,MILES CITY,MT,Vacant Land,19.0,10
Rosebud,GREAT NORTHERN PROPERTIES,GREAT NORTHERN PROP LTD PTNSH,PO BOX 1745,,,MILES CITY,MT,Vacant Land,40.0,10
Rosebud,GREAT NORTHERN PROPERTIES,GREAT NORTHERN PROPERTIES LTD PNTSHP,PO BOX 1745,,,MILES CITY,MT,Vacant Land,240.0,10
Rosebud,COFFEE-NEFSY,COFFEE-NEFSY LP,PO BOX 575,,,MILES CITY,MT,Vacant Land,644.56,7
Rosebud,GREAT NORTHERN PROPERTIES,GREAT NORTHERN PROPERTIES LTD PTNSHP,PO BOX 1745,,,MILES CITY,MT,Vacant Land,43.56,10
Rosebud,GREAT NORTHERN PROPERTIES,GREAT NORTHERN PROP LTD PTNSH,PO BOX 1745,,,MILES CITY,MT,Vacant Land,39.0,10
Rosebud,GREAT NORTHERN PROPERTIES,GREAT NORTHERN PROP LTD PTNSH,PO BOX 1745,,,MILES CITY,MT,Vacant Land,320.03,10
Rosebud,GREAT NORTHERN PROPERTIES,GREAT NORTHERN PROP LTD PTNSH,PO BOX 1745,,,MILES CITY,MT,Vacant Land,640.0,10
Rosebud,GREAT NORTHERN PROPERTIES,GREAT NORTHERN PROP LTD PTNSH,PO BOX 1745,,,MILES CITY,MT,Vacant Land,0.18,10
Rosebud,GREAT NORTHERN PROPERTIES,GREAT NORTHERN PROPERTIES LP,PO BOX 1745,,,MILES CITY,MT,Vacant Land,575.0,10
Rosebud,COFFEE-NEFSY,COFFEE-NEFSY LP,PO BOX 575,,,MILES CITY,MT,Vacant Land,1.0,7
Rosebud,COFFEE-NEFSY,COFFEE-NEFSY LP,PO BOX 575,,,MILES CITY,MT,Vacant Land,284.52,7
Rosebud,GREAT NORTHERN PROPERTIES,GREAT NORTHERN PROPERTIES LP,PO BOX 1745,,,MILES CITY,MT,Industrial Property,259.74,10
Rosebud,COFFEE-NEFSY,COFFEE-NEFSY LP,PO BOX 575,,,MILES CITY,MT,Improved Property,157.0,7
Rosebud,GREAT NORTHERN PROPERTIES,GREAT NORTHERN PROPERTIES LTD PTNSHP,PO BOX 1745,,,MILES CITY,MT,Vacant Land,360.0,10
Rosebud,GREAT NORTHERN PROPERTIES,GREAT NORTHERN PROPERTY LTD PTNSHP,PO BOX 1745,,,MILES CITY,MT,Vacant Land,80.0,10
Rosebud,COFFEE-NEFSY,COFFEE-NEFSY LP,PO BOX 575,,,MILES CITY,MT,Vacant Land,651.0,7
Rosebud,GREAT NORTHERN PROPERTIES,GREAT NORTHERN PROPERTIES LTD PTNSHP,PO BOX 1745,,,MILES CITY,MT,Vacant Land,40.0,10
Rosebud,GREAT NORTHERN PROPERTIES,GREAT NORTHERN PROPERTY LTD PTNSHP,PO BOX 1745,,,MILES CITY,MT,Vacant Land,160.0,10
Rosebud,COFFEE-NEFSY,COFFEE-NEFSY LP,PO BOX 575,,,MILES CITY,MT,Vacant Land,640.0,7
Rosebud,GREAT NORTHERN PROPERTIES,GREAT NORTHERN PROP LTD PTNSH,PO BOX 1745,,,MILES CITY,MT,Vacant Land,160.0,10
Rosebud,GREAT NORTHERN PROPERTIES,GREAT NORTHERN PROPERTIES LIMITED PARTNERSHIP,PO BOX 1745,,,MILES CITY,MT,Vacant Land,320.0,10
Rosebud,GREAT NORTHERN PROPERTIES,GREAT NORTHERN PROP LTD PTNSH,PO BOX 1745,,,MILES CITY,MT,Vacant Land,320.0,10
Rosebud,GREAT NORTHERN PROPERTIES,GREAT NORTHERN PROP LTD PTNSH,PO BOX 1745,,,MILES CITY,MT,Vacant Land,111.0,10
Rosebud,GREAT NORTHERN PROPERTIES,GREAT NORTHERN PROP LTD PTNSH,PO BOX 1745,,,MILES CITY,MT,Vacant Land,364.74,10
Rosebud,COFFEE-NEFSY,COFFEE-NEFSY LP,PO BOX 575,,,MILES CITY,MT,Vacant Land,317.0,7
Rosebud,COFFEE-NEFSY,COFFEE-NEFSY LP,PO BOX 575,,,MILES CITY,MT,Vacant Land,640.0,7
Rosebud,COFFEE-NEFSY,COFFEE-NEFSY LP,PO BOX 575,,,MILES CITY,MT,Vacant Land,120.0,7
Rosebud,COFFEE-NEFSY,COFFEE-NEFSY LP,PO BOX 575,,,MILES CITY,MT,Vacant Land,642.0,7
Rosebud,COFFEE-NEFSY,COFFEE-NEFSY LP,PO BOX 575,,,MILES CITY,MT,Vacant Land,542.0,7
Rosebud,GREAT NORTHERN PROPERTIES,GREAT NORTHERN PROP LTD PTNSH,PO BOX 1745,,,MILES CITY,MT,Vacant Land,40.0,10
Rosebud,COFFEE-NEFSY,COFFEE-NEFSY LP,PO BOX 575,,,MILES CITY,MT,Vacant Land,632.0,7
Rosebud,GREAT NORTHERN PROPERTIES,GREAT NORTHERN PROP LTD PTNSH,PO BOX 1745,,,MILES CITY,MT,Vacant Land,280.0,10
Rosebud,KROENKE GROUP,PV ANTELOPE CREEK HOLDINGS LLC,200 S 23RD AVE STE D9,,,BOZEMAN,MT,Vacant Land,0.163,2
Rosebud,GREAT NORTHERN PROPERTIES,GREAT NORTHERN PROP LTD PTNSH,PO BOX 1745,,,MILES CITY,MT,Vacant Land,640.0,10
Rosebud,GREAT NORTHERN PROPERTIES,GREAT NORTHERN PROP LTD PTNSH,PO BOX 1745,,,MILES CITY,MT,Vacant Land,640.48,10
Rosebud,GREAT NORTHERN PROPERTIES,GREAT NORTHERN PROP LTD PTNSH,PO BOX 1745,,,MILES CITY,MT,Vacant Land,640.52,10
Rosebud,GREAT NORTHERN PROPERTIES,GREAT NORTHERN PROP LTD PTNSH,PO BOX 1745,,,MILES CITY,MT,Vacant Land,640.0,10
Rosebud,GREAT NORTHERN PROPERTIES,GREAT NORTHERN PROP LTD PTNSH,PO BOX 1745,,,MILES CITY,MT,Vacant Land,630.0,10
Rosebud,GREAT NORTHERN PROPERTIES,GREAT NORTHERN PROP LTD PTNSH,PO BOX 1745,,,MILES CITY,MT,Vacant Land,520.0,10
Rosebud,GREAT NORTHERN PROPERTIES,GREAT NORTHERN PROP LTD PTNSH,PO BOX 1745,,,MILES CITY,MT,Vacant Land,640.0,10
Rosebud,COFFEE-NEFSY,COFFEE-NEFSY LP,PO BOX 575,,,MILES CITY,MT,Vacant Land,640.0,7
Rosebud,GREAT NORTHERN PROPERTIES,GREAT NORTHERN PROP LTD PTNSH,PO BOX 1745,,,MILES CITY,MT,Vacant Land,640.0,10
Rosebud,GREAT NORTHERN PROPERTIES,GREAT NORTHERN PROP LTD PTNSH,PO BOX 1745,,,MILES CITY,MT,Vacant Land,640.0,10
Rosebud,GREAT NORTHERN PROPERTIES,GREAT NORTHERN PROP LTD PTNSH,PO BOX 1745,,,MILES CITY,MT,Vacant Land,662.84,10
Rosebud,GREAT NORTHERN PROPERTIES,GREAT NORTHERN PROP LTD PTNSH,PO BOX 1745,,,MILES CITY,MT,Vacant Land,640.0,10
Rosebud,GREAT NORTHERN PROPERTIES,GREAT NORTHERN PROP LTD PTNSH,PO BOX 1745,,,MILES CITY,MT,Vacant Land,578.69,10
Rosebud,GREAT NORTHERN PROPERTIES,GREAT NORTHERN PROP LTD PTNSH,PO BOX 1745,,,MILES CITY,MT,Vacant Land,440.0,10
Rosebud,COFFEE-NEFSY,COFFEE-NEFSY LP,PO BOX 575,,,MILES CITY,MT,Vacant Land,4.0,7
Rosebud,GREAT NORTHERN PROPERTIES,GREAT NORTHERN PROPERTIES LIMITED PARTNERSHIP,PO BOX 1745,,,MILES CITY,MT,Vacant Land,358.1,10
Rosebud,COFFEE-NEFSY,COFFEE-NEFSY LP,PO BOX 575,,,MILES CITY,MT,Vacant Land,3.0,7
Rosebud,COFFEE-NEFSY,COFFEE-NEFSY LP,PO BOX 575,,,MILES CITY,MT,Vacant Land,168.38,7
Rosebud,GREAT NORTHERN PROPERTIES,GREAT NORTHERN PROPERTIES LP,PO BOX 1745,,,MILES CITY,MT,Vacant Land,40.0,10
Rosebud,COFFEE-NEFSY,COFFEE-NEFSY LP,PO BOX 575,,,MILES CITY,MT,Vacant Land,145.0,7
Rosebud,COFFEE-NEFSY,COFFEE NEFSY LIMITED PARTNERSHIP,PO BOX 575,,,MILES CITY,MT,Vacant Land,7.109,7
Rosebud,COFFEE-NEFSY,COFFEE-NEFSY LP,PO BOX 575,,,MILES CITY,MT,Vacant Land,640.0,7
Rosebud,COFFEE-NEFSY,COFFEE-NEFSY LP,PO BOX 575,,,MILES CITY,MT,Vacant Land,640.0,7
Rosebud,GREAT NORTHERN PROPERTIES,GREAT NORTHERN PROPERTIES LTD PTNSHP,PO BOX 1745,,,MILES CITY,MT,Vacant Land,40.0,10
Rosebud,GREAT NORTHERN PROPERTIES,GREAT NORTHERN PROPERTIES LTD PTNSHP,PO BOX 1745,,,MILES CITY,MT,Vacant Land,160.0,10
Rosebud,COFFEE-NEFSY,COFFEE-NEFSY LP,PO BOX 575,,,MILES CITY,MT,Vacant Land,648.0,7
Rosebud,COFFEE-NEFSY,COFFEE-NEFSY LP,PO BOX 575,,,MILES CITY,MT,Vacant Land,648.0,7
Rosebud,GREAT NORTHERN PROPERTIES,GREAT NORTHERN PROPERTIES LTD PTNSHP,PO BOX 1745,,,MILES CITY,MT,Vacant Land,320.0,10
Rosebud,KROENKE GROUP,PV ANTELOPE CREEK HOLDINGS LLC,200 S 23RD AVE STE D9,,,BOZEMAN,MT,Vacant Land,270.0,2
Rosebud,KROENKE GROUP,PV ANTELOPE CREEK HOLDINGS LLC,200 S 23RD AVE STE D9,,,BOZEMAN,MT,Vacant Land,295.0,2
Rosebud,KROENKE GROUP,PV ANTELOPE CREEK HOLDINGS LLC,200 S 23RD AVE STE D9,,,BOZEMAN,MT,Vacant Land,11.0,2
Rosebud,GALT RANCH,71 RANCH LP,40 71 RANCH LN,,,MARTINSDALE,MT,Vacant Land,317.76,1
Rosebud,KROENKE GROUP,PV ANTELOPE CREEK HOLDINGS LLC,200 S 23RD AVE STE D9,,,BOZEMAN,MT,Vacant Land,480.0,2
Rosebud,KROENKE GROUP,PV ANTELOPE CREEK HOLDINGS LLC,200 S 23RD AVE STE D9,,,BOZEMAN,MT,Vacant Land,15.0,2
Rosebud,KROENKE GROUP,PV ANTELOPE CREEK HOLDINGS LLC,200 S 23RD AVE STE D9,,,BOZEMAN,MT,Vacant Land,24.0,2
Rosebud,COFFEE-NEFSY,COFFEE-NEFSY LP,PO BOX 575,,,MILES CITY,MT,Vacant Land,74.0,7
Rosebud,GALT RANCH,71 RANCH LP,40 71 RANCH LN,,,MARTINSDALE,MT,Vacant Land,18.9,1
Rosebud,KROENKE GROUP,PV ANTELOPE CREEK HOLDINGS LLC,200 S 23RD AVE STE D9,,,BOZEMAN,MT,Vacant Land,32.0,2
Rosebud,GALT RANCH,SUN COULEE LLC,40 71 RANCH LN,,,MARTINSDALE,MT,Vacant Land,0.321,1
Rosebud,GALT RANCH,71 RANCH LP,40 71 RANCH LN,,,MARTINSDALE,MT,Vacant Land,0.933,1
Rosebud,GALT RANCH,71 RANCH LP,40 71 RANCH LN,,,MARTINSDALE,MT,Vacant Land,480.0,1
Rosebud,GALT RANCH,71 RANCH LP,40 71 RANCH LN,,,MARTINSDALE,MT,Vacant Land,318.0,1
Rosebud,GALT RANCH,71 RANCH LP,40 71 RANCH LN,,,MARTINSDALE,MT,Vacant Land,636.0,1
Rosebud,COFFEE-NEFSY,COFFEE NEFSY LIMITED PARTNERSHIP,PO BOX 575,,,MILES CITY,MT,Vacant Land,320.0,7
Rosebud,COFFEE-NEFSY,COFFEE NEFSY LIMITED PARTNERSHIP,PO BOX 575,,,MILES CITY,MT,Vacant Land,640.0,7
Rosebud,GALT RANCH,71 RANCH LP,40 71 RANCH LN,,,MARTINSDALE,MT,Vacant Land,136.16,1
Rosebud,GALT RANCH,71 RANCH LP,40 71 RANCH LN,,,MARTINSDALE,MT,Vacant Land,619.0,1
Rosebud,GALT RANCH,71 RANCH LP,40 71 RANCH LN,,,MARTINSDALE,MT,Vacant Land,640.0,1
Rosebud,COFFEE-NEFSY,COFFEE NEFSY LIMITED PARTNERSHIP,PO BOX 575,,,MILES CITY,MT,Vacant Land,640.0,7
Rosebud,GALT RANCH,71 RANCH LP,40 71 RANCH LN,,,MARTINSDALE,MT,Vacant Land,318.0,1
Rosebud,GALT RANCH,71 RANCH LP,40 71 RANCH LN,,,MARTINSDALE,MT,Vacant Land,640.0,1
Rosebud,GALT RANCH,71 RANCH LP,40 71 RANCH LN,,,MARTINSDALE,MT,Vacant Land,253.0,1
Rosebud,GALT RANCH,71 RANCH LP,40 71 RANCH LN,,,MARTINSDALE,MT,Vacant Land,640.0,1
Rosebud,GALT RANCH,71 RANCH LP,40 71 RANCH LN,,,MARTINSDALE,MT,Vacant Land,632.0,1
Rosebud,COFFEE-NEFSY,COFFEE NEFSY LIMITED PARTNERSHIP,PO BOX 575,,,MILES CITY,MT,Vacant Land,640.0,7
Rosebud,GALT RANCH,71 RANCH LP,40 71 RANCH LN,,,MARTINSDALE,MT,Vacant Land,640.0,1
Rosebud,COFFEE-NEFSY,COFFEE NEFSY LIMITED PARTNERSHIP,PO BOX 575,,,MILES CITY,MT,Vacant Land,480.0,7
Rosebud,COFFEE-NEFSY,COFFEE NEFSY LIMITED PARTNERSHIP,PO BOX 575,,,MILES CITY,MT,Vacant Land,632.0,7
Rosebud,GALT RANCH,71 RANCH LP,40 71 RANCH LN,,,MARTINSDALE,MT,Vacant Land,1.928,1
Rosebud,GALT RANCH,71 RANCH LP,40 71 RANCH LN,,,MARTINSDALE,MT,Vacant Land,1.928,1
Rosebud,GALT RANCH,71 RANCH LP,40 71 RANCH LN,,,MARTINSDALE,MT,Vacant Land,1.527,1
Rosebud,GALT RANCH,71 RANCH LP,40 71 RANCH LN,,,MARTINSDALE,MT,Vacant Land,1.928,1
Rosebud,GALT RANCH,71 RANCH LP,40 71 RANCH LN,,,MARTINSDALE,MT,Vacant Land,1.928,1
Rosebud,GALT RANCH,71 RANCH LP,40 71 RANCH LN,,,MARTINSDALE,MT,Vacant Land,1.125,1
Rosebud,GALT RANCH,71 RANCH LP,40 71 RANCH LN,,,MARTINSDALE,MT,Vacant Land,0.964,1
Rosebud,GALT RANCH,71 RANCH LP,40 71 RANCH LN,,,MARTINSDALE,MT,Vacant Land,318.0,1
Rosebud,GALT RANCH,71 RANCH LP,40 71 RANCH LN,,,MARTINSDALE,MT,Vacant Land,0.161,1
Rosebud,GALT RANCH,71 RANCH LP,40 71 RANCH LN,,,MARTINSDALE,MT,Vacant Land,0.321,1
Rosebud,GALT RANCH,71 RANCH LP,40 71 RANCH LN,,,MARTINSDALE,MT,Vacant Land,0.161,1
Rosebud,GALT RANCH,71 RANCH LP,40 71 RANCH LN,,,MARTINSDALE,MT,Vacant Land,0.321,1
Rosebud,GALT RANCH,71 RANCH LP,40 71 RANCH LN,,,MARTINSDALE,MT,Vacant Land,0.643,1
Rosebud,GALT RANCH,71 RANCH LP,40 71 RANCH LN,,,MARTINSDALE,MT,Vacant Land,0.08,1
Rosebud,GALT RANCH,71 RANCH LP,40 71 RANCH LN,,,MARTINSDALE,MT,Vacant Land,1.928,1
Rosebud,GALT RANCH,71 RANCH LP,40 71 RANCH LN,,,MARTINSDALE,MT,Vacant Land,1.928,1
Rosebud,GALT RANCH,71 RANCH LP,40 71 RANCH LN,,,MARTINSDALE,MT,Vacant Land,1.928,1
Rosebud,GALT RANCH,71 RANCH LP,40 71 RANCH LN,,,MARTINSDALE,MT,Vacant Land,1.527,1
Rosebud,GALT RANCH,71 RANCH LP,40 71 RANCH LN,,,MARTINSDALE,MT,Vacant Land,1.928,1
Rosebud,GALT RANCH,71 RANCH LP,40 71 RANCH LN,,,MARTINSDALE,MT,Vacant Land,0.402,1
Rosebud,GALT RANCH,71 RANCH LP,40 71 RANCH LN,,,MARTINSDALE,MT,Vacant Land,0.321,1
Rosebud,GALT RANCH,71 RANCH LP,40 71 RANCH LN,,,MARTINSDALE,MT,Vacant Land,1.928,1
Rosebud,GALT RANCH,71 RANCH LP,40 71 RANCH LN,,,MARTINSDALE,MT,Vacant Land,0.721,1
Rosebud,GALT RANCH,SUN COULEE LLC,40 71 RANCH LN,,,MARTINSDALE,MT,Improved Property,0.161,1
Rosebud,COFFEE-NEFSY,COFFEE NEFSY LIMITED PARTNERSHIP,PO BOX 575,,,MILES CITY,MT,Vacant Land,316.0,7
Rosebud,GALT RANCH,71 RANCH LP,40 71 RANCH LN,,,MARTINSDALE,MT,Vacant Land,314.0,1
Rosebud,GALT RANCH,71 RANCH LP,40 71 RANCH LN,,,MARTINSDALE,MT,Vacant Land,624.0,1
Rosebud,COFFEE-NEFSY,COFFEE NEFSY LIMITED PARTNERSHIP,PO BOX 575,,,MILES CITY,MT,Vacant Land,320.0,7
Rosebud,GALT RANCH,71 RANCH LP,40 71 RANCH LN,,,MARTINSDALE,MT,Vacant Land,1.56,1
Rosebud,COFFEE-NEFSY,COFFEE NEFSY LIMITED PARTNERSHIP,PO BOX 575,,,MILES CITY,MT,Vacant Land,631.0,7
Rosebud,GALT RANCH,71 RANCH LP,40 71 RANCH LN,,,MARTINSDALE,MT,Vacant Land,161.0,1
Rosebud,GALT RANCH,71 RANCH LP,40 71 RANCH LN,,,MARTINSDALE,MT,Vacant Land,161.0,1
Rosebud,GALT RANCH,71 RANCH LP,40 71 RANCH LN,,,MARTINSDALE,MT,Vacant Land,160.0,1
Rosebud,GALT RANCH,71 RANCH LP,40 71 RANCH LN,,,MARTINSDALE,MT,Vacant Land,310.0,1
Rosebud,GALT RANCH,71 RANCH LP,40 71 RANCH LN,,,MARTINSDALE,MT,Vacant Land,160.0,1
Rosebud,GALT RANCH,71 RANCH LP,40 71 RANCH LN,,,MARTINSDALE,MT,Vacant Land,640.0,1
Rosebud,GALT RANCH,71 RANCH LP,40 71 RANCH LN,,,MARTINSDALE,MT,Vacant Land,640.0,1
Rosebud,COFFEE-NEFSY,COFFEE NEFSY LIMITED PARTNERSHIP,PO BOX 575,,,MILES CITY,MT,Vacant Land,640.0,7
Rosebud,GALT RANCH,71 RANCH LP,40 71 RANCH LN,,,MARTINSDALE,MT,Vacant Land,160.0,1
Rosebud,GALT RANCH,71 RANCH LP,40 71 RANCH LN,,,MARTINSDALE,MT,Vacant Land,596.0,1
Rosebud,GALT RANCH,71 RANCH LP,40 71 RANCH LN,,,MARTINSDALE,MT,Vacant Land,640.0,1
Rosebud,COFFEE-NEFSY,COFFEE NEFSY LIMITED PARTNERSHIP,PO BOX 575,,,MILES CITY,MT,Vacant Land,320.0,7
Rosebud,GALT RANCH,71 RANCH LP,40 71 RANCH LN,,,MARTINSDALE,MT,Vacant Land,1.928,1
Rosebud,GALT RANCH,71 RANCH LP,40 71 RANCH LN,,,MARTINSDALE,MT,Vacant Land,1.928,1
Rosebud,KROENKE GROUP,PV RANCH COMPANY LLC,PO BOX 11350,,,BOZEMAN,MT,Vacant Land,640.0,2
Rosebud,KROENKE GROUP,PV RANCH COMPANY LLC,PO BOX 11350,,,BOZEMAN,MT,Vacant Land,640.0,2
Rosebud,GALT RANCH,71 RANCH LP,40 71 RANCH LN,,,MARTINSDALE,MT,Vacant Land,1.928,1
Rosebud,GALT RANCH,71 RANCH LP,40 71 RANCH LN,,,MARTINSDALE,MT,Vacant Land,1.928,1
Rosebud,GALT RANCH,71 RANCH LP,40 71 RANCH LN,,,MARTINSDALE,MT,Vacant Land,1.928,1
Rosebud,GALT RANCH,71 RANCH LP,40 71 RANCH LN,,,MARTINSDALE,MT,Vacant Land,1.928,1
Rosebud,GALT RANCH,71 RANCH LP,40 71 RANCH LN,,,MARTINSDALE,MT,Vacant Land,1.928,1
Rosebud,GALT RANCH,71 RANCH LP,40 71 RANCH LN,,,MARTINSDALE,MT,Vacant Land,0.08,1
Rosebud,GALT RANCH,71 RANCH LP,40 71 RANCH LN,,,MARTINSDALE,MT,Vacant Land,0.643,1
Rosebud,GALT RANCH,71 RANCH LP,40 71 RANCH LN,,,MARTINSDALE,MT,Vacant Land,0.562,1
Rosebud,GALT RANCH,71 RANCH LP,40 71 RANCH LN,,,MARTINSDALE,MT,Vacant Land,1.205,1
Rosebud,GALT RANCH,71 RANCH LP,40 71 RANCH LN,,,MARTINSDALE,MT,Vacant Land,1.286,1
Rosebud,KROENKE GROUP,PV RANCH COMPANY LLC,PO BOX 11350,,,BOZEMAN,MT,Vacant Land,398.0,2
Rosebud,GALT RANCH,71 RANCH LP,40 71 RANCH LN,,,MARTINSDALE,MT,Vacant Land,1.928,1
Rosebud,GALT RANCH,71 RANCH LP,40 71 RANCH LN,,,MARTINSDALE,MT,Vacant Land,1.928,1
Rosebud,GALT RANCH,71 RANCH LP,40 71 RANCH LN,,,MARTINSDALE,MT,Vacant Land,1.928,1
Rosebud,GALT RANCH,71 RANCH LP,40 71 RANCH LN,,,MARTINSDALE,MT,Vacant Land,0.321,1
Rosebud,KROENKE GROUP,PV RANCH COMPANY LLC,PO BOX 11350,,,BOZEMAN,MT,Vacant Land,480.0,2
Rosebud,COFFEE-NEFSY,COFFEE CATTLE COMPANY,PO BOX 575,,,MILES CITY,MT,Vacant Land,27.0,7
Rosebud,GALT RANCH,71 RANCH LP,40 71 RANCH LN,,,MARTINSDALE,MT,Vacant Land,493.84,1
Rosebud,GALT RANCH,71 RANCH LP,40 71 RANCH LN,,,MARTINSDALE,MT,Vacant Land,320.0,1
Rosebud,GALT RANCH,71 RANCH LP,40 71 RANCH LN,,,MARTINSDALE,MT,Vacant Land,274.63,1
Rosebud,GALT RANCH,71 RANCH LP,40 71 RANCH LN,,,MARTINSDALE,MT,Vacant Land,640.0,1
Rosebud,COFFEE-NEFSY,COFFEE NEFSY LIMITED PARTNERSHIP,PO BOX 575,,,MILES CITY,MT,Vacant Land,640.0,7
Rosebud,GALT RANCH,71 RANCH LP,40 71 RANCH LN,,,MARTINSDALE,MT,Vacant Land,636.0,1
Rosebud,GALT RANCH,71 RANCH LP,40 71 RANCH LN,,,MARTINSDALE,MT,Vacant Land,331.84,1
Rosebud,GALT RANCH,71 RANCH LP,40 71 RANCH LN,,,MARTINSDALE,MT,Vacant Land,640.0,1
Rosebud,GALT RANCH,71 RANCH LP,40 71 RANCH LN,,,MARTINSDALE,MT,Vacant Land,397.0,1
Rosebud,GALT RANCH,71 RANCH LP,40 71 RANCH LN,,,MARTINSDALE,MT,Vacant Land,632.0,1
Rosebud,GALT RANCH,71 RANCH LP,40 71 RANCH LN,,,MARTINSDALE,MT,Vacant Land,320.0,1
Rosebud,COFFEE-NEFSY,COFFEE NEFSY LIMITED PARTNERSHIP,PO BOX 575,,,MILES CITY,MT,Vacant Land,640.0,7
Rosebud,GALT RANCH,71 RANCH LP,40 71 RANCH LN,,,MARTINSDALE,MT,Vacant Land,636.0,1
Rosebud,COFFEE-NEFSY,COFFEE NEFSY LIMITED PARTNERSHIP,PO BOX 575,,,MILES CITY,MT,Vacant Land,600.0,7
Rosebud,GALT RANCH,71 RANCH LP,40 71 RANCH LN,,,MARTINSDALE,MT,Vacant Land,1.928,1
Rosebud,GALT RANCH,71 RANCH LP,40 71 RANCH LN,,,MARTINSDALE,MT,Vacant Land,1.928,1
Rosebud,GALT RANCH,71 RANCH LP,40 71 RANCH LN,,,MARTINSDALE,MT,Vacant Land,1.928,1
Rosebud,GALT RANCH,71 RANCH LP,40 71 RANCH LN,,,MARTINSDALE,MT,Vacant Land,1.928,1
Rosebud,GALT RANCH,71 RANCH LP,40 71 RANCH LN,,,MARTINSDALE,MT,Vacant Land,1.928,1
Rosebud,GALT RANCH,71 RANCH LP,40 71 RANCH LN,,,MARTINSDALE,MT,Vacant Land,1.928,1
Rosebud,GALT RANCH,71 RANCH LP,40 71 RANCH LN,,,MARTINSDALE,MT,Vacant Land,1.928,1
Rosebud,GALT RANCH,71 RANCH LP,40 71 RANCH LN,,,MARTINSDALE,MT,Vacant Land,1.928,1
Rosebud,GALT RANCH,71 RANCH LP,40 71 RANCH LN,,,MARTINSDALE,MT,Vacant Land,1.928,1
Rosebud,GALT RANCH,71 RANCH LP,40 71 RANCH LN,,,MARTINSDALE,MT,Vacant Land,1.928,1
Rosebud,GALT RANCH,71 RANCH LP,40 71 RANCH LN,,,MARTINSDALE,MT,Vacant Land,0.321,1
Rosebud,GALT RANCH,71 RANCH LP,40 71 RANCH LN,,,MARTINSDALE,MT,Vacant Land,1.928,1
Rosebud,GALT RANCH,71 RANCH LP,40 71 RANCH LN,,,MARTINSDALE,MT,Vacant Land,1.687,1
Rosebud,GALT RANCH,71 RANCH LP,40 71 RANCH LN,,,MARTINSDALE,MT,Vacant Land,1.928,1
Rosebud,GALT RANCH,71 RANCH LP,40 71 RANCH LN,,,MARTINSDALE,MT,Vacant Land,1.928,1
Rosebud,GALT RANCH,71 RANCH LP,40 71 RANCH LN,,,MARTINSDALE,MT,Vacant Land,1.928,1
Rosebud,GALT RANCH,71 RANCH LP,40 71 RANCH LN,,,MARTINSDALE,MT,Vacant Land,1.928,1
Rosebud,COFFEE-NEFSY,COFFEE NEFSY LIMITED PARTNERSHIP,PO BOX 575,,,MILES CITY,MT,Vacant Land,150.0,7
Rosebud,GALT RANCH,71 RANCH LP,40 71 RANCH LN,,,MARTINSDALE,MT,Vacant Land,1.928,1
Rosebud,GALT RANCH,71 RANCH LP,40 71 RANCH LN,,,MARTINSDALE,MT,Vacant Land,1.928,1
Rosebud,GALT RANCH,71 RANCH LP,40 71 RANCH LN,,,MARTINSDALE,MT,Vacant Land,1.607,1
Rosebud,GREAT NORTHERN PROPERTIES,GREAT NORTHERN PROP LTD PTNSH,PO BOX 1745,,,MILES CITY,MT,Vacant Land,315.0,10
Rosebud,GREAT NORTHERN PROPERTIES,GREAT NORTHERN PROP LTD PTNSH,PO BOX 1745,,,MILES CITY,MT,Vacant Land,567.59,10
Rosebud,GREAT NORTHERN PROPERTIES,GREAT NORTHERN PROP LTD PTNSH,PO BOX 1745,,,MILES CITY,MT,Vacant Land,2.74,10
Rosebud,GREAT NORTHERN PROPERTIES,GREAT NORTHERN PROP LTD PTNSH,PO BOX 1745,,,MILES CITY,MT,Vacant Land,428.83,10
Rosebud,COFFEE-NEFSY,COFFEE-NEFSY LP,PO BOX 575,,,MILES CITY,MT,Improved Property,582.0,7
Rosebud,COFFEE-NEFSY,COFFEE-NEFSY LP,PO BOX 575,,,MILES CITY,MT,Vacant Land,646.0,7
Rosebud,GREAT NORTHERN PROPERTIES,GREAT NORTHERN PROPERTIES LTD PTNSHP,PO BOX 1745,,,MILES CITY,MT,Vacant Land,193.85,10
Rosebud,GREAT NORTHERN PROPERTIES,GREAT NORTHERN PROP LTD PTNSH,PO BOX 1745,,,MILES CITY,MT,Vacant Land,640.0,10
Rosebud,GREAT NORTHERN PROPERTIES,GREAT NORTHERN PROPERTIES LIMITED PARTNERSHIP,PO BOX 1745,,,MILES CITY,MT,Vacant Land,640.0,10
Rosebud,GREAT NORTHERN PROPERTIES,GREAT NORTHERN PROPERTIES LTD PTNSHP,PO BOX 1745,,,MILES CITY,MT,Vacant Land,240.0,10
Rosebud,COFFEE-NEFSY,COFFEE-NEFSY LP,PO BOX 575,,,MILES CITY,MT,Vacant Land,320.0,7
Rosebud,GREAT NORTHERN PROPERTIES,GREAT NORTHERN PROPERTIES LP,PO BOX 1745,,,MILES CITY,MT,Vacant Land,80.0,10
Rosebud,GREAT NORTHERN PROPERTIES,GREAT NORTHERN PROP LTD PTNSH,PO BOX 1745,,,MILES CITY,MT,Vacant Land,320.0,10
Rosebud,COFFEE-NEFSY,COFFEE-NEFSY LP,PO BOX 575,,,MILES CITY,MT,Vacant Land,642.0,7
Rosebud,GREAT NORTHERN PROPERTIES,GREAT NORTHERN PROPERTIES LTD PTNSHP,PO BOX 1745,,,MILES CITY,MT,Vacant Land,38.29,10
Rosebud,GREAT NORTHERN PROPERTIES,GREAT NORTHERN PROPERTIES LTD PTNSHP,PO BOX 1745,,,MILES CITY,MT,Vacant Land,120.0,10
Rosebud,COFFEE-NEFSY,COFFEE-NEFSY LP,PO BOX 575,,,MILES CITY,MT,Vacant Land,234.0,7
Rosebud,COFFEE-NEFSY,COFFEE-NEFSY LP,PO BOX 575,,,MILES CITY,MT,Vacant Land,330.0,7
Rosebud,COFFEE-NEFSY,COFFEE-NEFSY LP,PO BOX 575,,,MILES CITY,MT,Vacant Land,480.0,7
Rosebud,COFFEE-NEFSY,COFFEE-NEFSY LP,PO BOX 575,,,MILES CITY,MT,Vacant Land,634.0,7
Rosebud,GREAT NORTHERN PROPERTIES,GREAT NORTHERN PROPERTIES LP,PO BOX 1745,,,MILES CITY,MT,Industrial Property,320.0,10
Rosebud,GREAT NORTHERN PROPERTIES,GREAT NORTHERN PROP LTD PTNSH,PO BOX 1745,,,MILES CITY,MT,Improved Property,608.55,10
Rosebud,KROENKE GROUP,PV ANTELOPE CREEK HOLDINGS LLC,200 S 23RD AVE STE D9,,,BOZEMAN,MT,Vacant Land,24.0,2
Rosebud,KROENKE GROUP,PV ANTELOPE CREEK HOLDINGS LLC,200 S 23RD AVE STE D9,,,BOZEMAN,MT,Vacant Land,124.17,2
Rosebud,COFFEE-NEFSY,COFFEE-NEFSY LIMITED PARTNERSHIP,PO BOX 575,,,MILES CITY,MT,Vacant Land,599.0,7
Rosebud,GALT RANCH,71 RANCH LP,40 71 RANCH LN,,,MARTINSDALE,MT,Vacant Land,160.0,1
Rosebud,GALT RANCH,71 RANCH LP,40 71 RANCH LN,,,MARTINSDALE,MT,Vacant Land,0.93,1
Rosebud,GALT RANCH,71 RANCH LP,40 71 RANCH LN,,,MARTINSDALE,MT,Improved Property,0.321,1
Rosebud,GALT RANCH,71 RANCH LP,40 71 RANCH LN,,,MARTINSDALE,MT,Vacant Land,53.0,1
Rosebud,GALT RANCH,71 RANCH LP,40 71 RANCH LN,,,MARTINSDALE,MT,Vacant Land,640.0,1
Rosebud,GALT RANCH,71 RANCH LP,40 71 RANCH LN,,,MARTINSDALE,MT,Vacant Land,628.0,1
Rosebud,GALT RANCH,71 RANCH LP,40 71 RANCH LN,,,MARTINSDALE,MT,Vacant Land,34.779,1
Rosebud,GALT RANCH,71 RANCH LP,40 71 RANCH LN,,,MARTINSDALE,MT,Vacant Land,628.44,1
Rosebud,COFFEE-NEFSY,COFFEE NEFSY LIMITED PARTNERSHIP,PO BOX 575,,,MILES CITY,MT,Vacant Land,320.0,7
Rosebud,COFFEE-NEFSY,COFFEE NEFSY LIMITED PARTNERSHIP,PO BOX 575,,,MILES CITY,MT,Vacant Land,320.0,7
Rosebud,GALT RANCH,71 RANCH LP,40 71 RANCH LN,,,MARTINSDALE,MT,Vacant Land,320.0,1
Rosebud,GALT RANCH,71 RANCH LP,40 71 RANCH LN,,,MARTINSDALE,MT,Vacant Land,509.0,1
Rosebud,GALT RANCH,71 RANCH LP,40 71 RANCH LN,,,MARTINSDALE,MT,Vacant Land,320.0,1
Rosebud,GALT RANCH,71 RANCH LP,40 71 RANCH LN,,,MARTINSDALE,MT,Vacant Land,640.0,1
Rosebud,COFFEE-NEFSY,COFFEE NEFSY LIMITED PARTNERSHIP,PO BOX 575,,,MILES CITY,MT,Vacant Land,640.0,7
Rosebud,COFFEE-NEFSY,COFFEE NEFSY LIMITED PARTNERSHIP,PO BOX 575,,,MILES CITY,MT,Vacant Land,628.76,7
Rosebud,GALT RANCH,71 RANCH LP,40 71 RANCH LN,,,MARTINSDALE,MT,Vacant Land,320.0,1
Rosebud,GALT RANCH,71 RANCH LP,40 71 RANCH LN,,,MARTINSDALE,MT,Vacant Land,318.0,1
Rosebud,GALT RANCH,71 RANCH LP,40 71 RANCH LN,,,MARTINSDALE,MT,Vacant Land,640.0,1
Rosebud,GALT RANCH,71 RANCH LP,40 71 RANCH LN,,,MARTINSDALE,MT,Vacant Land,640.0,1
Rosebud,COFFEE-NEFSY,COFFEE NEFSY LIMITED PARTNERSHIP,PO BOX 575,,,MILES CITY,MT,Vacant Land,160.0,7
Rosebud,COFFEE-NEFSY,COFFEE NEFSY LIMITED PARTNERSHIP,PO BOX 575,,,MILES CITY,MT,Vacant Land,480.0,7
Rosebud,KROENKE GROUP,PV RANCH COMPANY LLC,PO BOX 11350,,,BOZEMAN,MT,Vacant Land,640.0,2
Rosebud,GALT RANCH,71 RANCH LP,40 71 RANCH LN,,,MARTINSDALE,MT,Vacant Land,1.928,1
Rosebud,GALT RANCH,71 RANCH LP,40 71 RANCH LN,,,MARTINSDALE,MT,Vacant Land,1.928,1
Rosebud,GALT RANCH,71 RANCH LP,40 71 RANCH LN,,,MARTINSDALE,MT,Vacant Land,36.0,1
Rosebud,GALT RANCH,71 RANCH LP,40 71 RANCH LN,,,MARTINSDALE,MT,Vacant Land,1.928,1
Rosebud,GALT RANCH,71 RANCH LP,40 71 RANCH LN,,,MARTINSDALE,MT,Vacant Land,1.928,1
Rosebud,GALT RANCH,71 RANCH LP,40 71 RANCH LN,,,MARTINSDALE,MT,Vacant Land,1.928,1
Rosebud,GALT RANCH,71 RANCH LP,40 71 RANCH LN,,,MARTINSDALE,MT,Vacant Land,0.321,1
Rosebud,COFFEE-NEFSY,COFFEE-NEFSY LIMITED PARTNERSHIP,PO BOX 575,,,MILES CITY,MT,Vacant Land,320.0,7
Rosebud,GALT RANCH,71 RANCH LP,40 71 RANCH LN,,,MARTINSDALE,MT,Vacant Land,0.08,1
Rosebud,GALT RANCH,71 RANCH LP,40 71 RANCH LN,,,MARTINSDALE,MT,Vacant Land,1.928,1
Rosebud,GALT RANCH,71 RANCH LP,40 71 RANCH LN,,,MARTINSDALE,MT,Vacant Land,0.643,1
Rosebud,GALT RANCH,71 RANCH LP,40 71 RANCH LN,,,MARTINSDALE,MT,Vacant Land,1.928,1
Rosebud,GALT RANCH,71 RANCH LP,40 71 RANCH LN,,,MARTINSDALE,MT,Vacant Land,1.928,1
Rosebud,GALT RANCH,71 RANCH LP,40 71 RANCH LN,,,MARTINSDALE,MT,Vacant Land,1.446,1
Rosebud,GALT RANCH,71 RANCH LP,40 71 RANCH LN,,,MARTINSDALE,MT,Vacant Land,1.286,1
Rosebud,GALT RANCH,71 RANCH LP,40 71 RANCH LN,,,MARTINSDALE,MT,Vacant Land,0.643,1
Rosebud,GALT RANCH,71 RANCH LP,40 71 RANCH LN,,,MARTINSDALE,MT,Vacant Land,1.928,1
Rosebud,GALT RANCH,71 RANCH LP,40 71 RANCH LN,,,MARTINSDALE,MT,Vacant Land,1.928,1
Rosebud,GALT RANCH,71 RANCH LP,40 71 RANCH LN,,,MARTINSDALE,MT,Vacant Land,1.928,1
Rosebud,GALT RANCH,71 RANCH LP,40 71 RANCH LN,,,MARTINSDALE,MT,Vacant Land,1.928,1
Rosebud,GALT RANCH,71 RANCH LP,40 71 RANCH LN,,,MARTINSDALE,MT,Vacant Land,0.723,1
Rosebud,GALT RANCH,71 RANCH LP,40 71 RANCH LN,,,MARTINSDALE,MT,Vacant Land,1.928,1
Rosebud,GALT RANCH,71 RANCH LP,40 71 RANCH LN,,,MARTINSDALE,MT,Vacant Land,640.0,1
Rosebud,GALT RANCH,71 RANCH LP,40 71 RANCH LN,,,MARTINSDALE,MT,Vacant Land,1.607,1
Rosebud,COFFEE-NEFSY,COFFEE NEFSY LIMITED PARTNERSHIP,PO BOX 575,,,MILES CITY,MT,Vacant Land,10.0,7
Rosebud,GALT RANCH,71 RANCH LP,40 71 RANCH LN,,,MARTINSDALE,MT,Vacant Land,1.928,1
Rosebud,GALT RANCH,71 RANCH LP,40 71 RANCH LN,,,MARTINSDALE,MT,Vacant Land,0.964,1
Rosebud,KROENKE GROUP,PV RANCH COMPANY LLC,PO BOX 11350,,,BOZEMAN,MT,Vacant Land,320.0,2
Rosebud,COFFEE-NEFSY,COFFEE NEFSY LIMITED PARTNERSHIP,PO BOX 575,,,MILES CITY,MT,Vacant Land,640.0,7
Rosebud,GALT RANCH,71 RANCH LP,40 71 RANCH LN,,,MARTINSDALE,MT,Vacant Land,640.0,1
Rosebud,COFFEE-NEFSY,COFFEE NEFSY LIMITED PARTNERSHIP,PO BOX 575,,,MILES CITY,MT,Vacant Land,640.0,7
Rosebud,KROENKE GROUP,PV RANCH COMPANY LLC,PO BOX 11350,,,BOZEMAN,MT,Vacant Land,640.0,2
Rosebud,KROENKE GROUP,PV RANCH COMPANY LLC,PO BOX 11350,,,BOZEMAN,MT,Vacant Land,640.0,2
Rosebud,GALT RANCH,71 RANCH LP,40 71 RANCH LN,,,MARTINSDALE,MT,Vacant Land,636.0,1
Rosebud,GALT RANCH,71 RANCH LP,40 71 RANCH LN,,,MARTINSDALE,MT,Vacant Land,631.0,1
Rosebud,COFFEE-NEFSY,COFFEE NEFSY LIMITED PARTNERSHIP,PO BOX 575,,,MILES CITY,MT,Vacant Land,640.0,7
Rosebud,GALT RANCH,71 RANCH LP,40 71 RANCH LN,,,MARTINSDALE,MT,Vacant Land,640.0,1
Rosebud,COFFEE-NEFSY,COFFEE NEFSY LIMITED PARTNERSHIP,PO BOX 575,,,MILES CITY,MT,Vacant Land,640.0,7
Rosebud,KROENKE GROUP,PV RANCH COMPANY LLC,PO BOX 11350,,,BOZEMAN,MT,Vacant Land,640.0,2
Rosebud,GALT RANCH,71 RANCH LP,40 71 RANCH LN,,,MARTINSDALE,MT,Vacant Land,1.928,1
Rosebud,COFFEE-NEFSY,COFFEE-NEFSY LP,PO BOX 575,,,MILES CITY,MT,Vacant Land,320.0,7
Rosebud,GALT RANCH,71 RANCH LP,40 71 RANCH LN,,,MARTINSDALE,MT,Vacant Land,640.0,1
Rosebud,COFFEE-NEFSY,COFFEE NEFSY LIMITED PARTNERSHIP,PO BOX 575,,,MILES CITY,MT,Vacant Land,640.0,7
Rosebud,KROENKE GROUP,PV RANCH COMPANY LLC,PO BOX 11350,,,BOZEMAN,MT,Improved Property,640.0,2
Rosebud,KROENKE GROUP,PV RANCH COMPANY LLC,PO BOX 11350,,,BOZEMAN,MT,Vacant Land,640.0,2
Rosebud,GALT RANCH,71 RANCH LP,40 71 RANCH LN,,,MARTINSDALE,MT,Vacant Land,625.63,1
Rosebud,GALT RANCH,71 RANCH LP,40 71 RANCH LN,,,MARTINSDALE,MT,Vacant Land,640.0,1
Rosebud,COFFEE-NEFSY,COFFEE-NEFSY LP,PO BOX 575,,,MILES CITY,MT,Vacant Land,612.0,7
Rosebud,GALT RANCH,71 RANCH LP,40 71 RANCH LN,,,MARTINSDALE,MT,Vacant Land,320.0,1
Rosebud,GALT RANCH,71 RANCH LP,40 71 RANCH LN,,,MARTINSDALE,MT,Vacant Land,640.0,1
Rosebud,GALT RANCH,71 RANCH LP,40 71 RANCH LN,,,MARTINSDALE,MT,Vacant Land,640.0,1
Rosebud,KROENKE GROUP,PV RANCH COMPANY LLC,PO BOX 11350,,,BOZEMAN,MT,Vacant Land,640.0,2
Rosebud,KROENKE GROUP,PV RANCH COMPANY LLC,PO BOX 11350,,,BOZEMAN,MT,Vacant Land,640.0,2
Rosebud,KROENKE GROUP,PV RANCH COMPANY LLC,PO BOX 11350,,,BOZEMAN,MT,Vacant Land,640.0,2
Rosebud,KROENKE GROUP,PV RANCH COMPANY LLC,PO BOX 11350,,,BOZEMAN,MT,Vacant Land,640.0,2
Rosebud,GALT RANCH,71 RANCH LP,40 71 RANCH LN,,,MARTINSDALE,MT,Vacant Land,317.0,1
Rosebud,COFFEE-NEFSY,COFFEE-NEFSY LP,PO BOX 575,,,MILES CITY,MT,Vacant Land,640.0,7
Rosebud,COFFEE-NEFSY,COFFEE-NEFSY LP,PO BOX 575,,,MILES CITY,MT,Vacant Land,640.0,7
Rosebud,COFFEE-NEFSY,COFFEE NEFSY LIMITED PARTNERSHIP,PO BOX 575,,,MILES CITY,MT,Vacant Land,90.0,7
Rosebud,GALT RANCH,71 RANCH LP,40 71 RANCH LN,,,MARTINSDALE,MT,Vacant Land,631.0,1
Rosebud,KROENKE GROUP,PV RANCH COMPANY LLC,PO BOX 11350,,,BOZEMAN,MT,Vacant Land,640.0,2
Rosebud,GALT RANCH,71 RANCH LP,40 71 RANCH LN,,,MARTINSDALE,MT,Vacant Land,322.6,1
Rosebud,COFFEE-NEFSY,COFFEE NEFSY LIMITED PARTNERSHIP,PO BOX 575,,,MILES CITY,MT,Vacant Land,596.0,7
Rosebud,KROENKE GROUP,PV RANCH COMPANY LLC,PO BOX 11350,,,BOZEMAN,MT,Vacant Land,636.0,2
Rosebud,KROENKE GROUP,PV RANCH COMPANY LLC,PO BOX 11350,,,BOZEMAN,MT,Vacant Land,640.0,2
Rosebud,GALT RANCH,71 RANCH LP,40 71 RANCH LN,,,MARTINSDALE,MT,Vacant Land,4.0,1
Rosebud,GALT RANCH,71 RANCH LP,40 71 RANCH LN,,,MARTINSDALE,MT,Vacant Land,632.0,1
Rosebud,GALT RANCH,71 RANCH LP,40 71 RANCH LN,,,MARTINSDALE,MT,Improved Property,636.0,1
Rosebud,COFFEE-NEFSY,COFFEE NEFSY LIMITED PARTNERSHIP,PO BOX 575,,,MILES CITY,MT,Vacant Land,640.0,7
Rosebud,GALT RANCH,71 RANCH LP,40 71 RANCH LN,,,MARTINSDALE,MT,Vacant Land,640.0,1
Rosebud,KROENKE GROUP,PV RANCH COMPANY LLC,PO BOX 11350,,,BOZEMAN,MT,Vacant Land,640.0,2
Rosebud,KROENKE GROUP,PV RANCH COMPANY LLC,PO BOX 11350,,,BOZEMAN,MT,Vacant Land,640.0,2
Rosebud,GALT RANCH,71 RANCH LP,40 71 RANCH LN,,,MARTINSDALE,MT,Vacant Land,6.0,1
Rosebud,GALT RANCH,71 RANCH LP,40 71 RANCH LN,,,MARTINSDALE,MT,Vacant Land,638.53,1
Rosebud,GALT RANCH,71 RANCH LP,40 71 RANCH LN,,,MARTINSDALE,MT,Vacant Land,312.0,1
Rosebud,COFFEE-NEFSY,COFFEE-NEFSY LP,PO BOX 575,,,MILES CITY,MT,Vacant Land,614.0,7
Rosebud,COFFEE-NEFSY,COFFEE NEFSY LIMITED PARTNERSHIP,PO BOX 575,,,MILES CITY,MT,Vacant Land,640.0,7
Rosebud,GALT RANCH,71 RANCH LP,40 71 RANCH LN,,,MARTINSDALE,MT,Vacant Land,640.0,1
Rosebud,COFFEE-NEFSY,COFFEE NEFSY LIMITED PARTNERSHIP,PO BOX 575,,,MILES CITY,MT,Vacant Land,640.0,7
Rosebud,KROENKE GROUP,PV RANCH COMPANY LLC,PO BOX 11350,,,BOZEMAN,MT,Vacant Land,636.0,2
Rosebud,KROENKE GROUP,PV RANCH COMPANY LLC,PO BOX 11350,,,BOZEMAN,MT,Vacant Land,640.0,2
Rosebud,GALT RANCH,71 RANCH LP,40 71 RANCH LN,,,MARTINSDALE,MT,Vacant Land,640.0,1
Rosebud,GALT RANCH,71 RANCH LP,40 71 RANCH LN,,,MARTINSDALE,MT,Vacant Land,640.0,1
Rosebud,COFFEE-NEFSY,COFFEE NEFSY LIMITED PARTNERSHIP,PO BOX 575,,,MILES CITY,MT,Vacant Land,314.0,7
Rosebud,GALT RANCH,71 RANCH LP,40 71 RANCH LN,,,MARTINSDALE,MT,Vacant Land,640.0,1
Rosebud,GALT RANCH,71 RANCH LP,40 71 RANCH LN,,,MARTINSDALE,MT,Vacant Land,320.0,1
Rosebud,KROENKE GROUP,PV RANCH COMPANY LLC,PO BOX 11350,,,BOZEMAN,MT,Vacant Land,640.0,2
Rosebud,GALT RANCH,71 RANCH LP,40 71 RANCH LN,,,MARTINSDALE,MT,Vacant Land,160.0,1
Rosebud,COFFEE-NEFSY,COFFEE NEFSY LIMITED PARTNERSHIP,PO BOX 575,,,MILES CITY,MT,Vacant Land,40.0,7
Rosebud,GALT RANCH,71 RANCH LP,40 71 RANCH LN,,,MARTINSDALE,MT,Vacant Land,629.0,1
Rosebud,COFFEE-NEFSY,COFFEE NEFSY LIMITED PARTNERSHIP,PO BOX 575,,,MILES CITY,MT,Vacant Land,640.0,7
Rosebud,GALT RANCH,71 RANCH LP,40 71 RANCH LN,,,MARTINSDALE,MT,Vacant Land,640.0,1
Rosebud,COFFEE-NEFSY,COFFEE NEFSY LIMITED PARTNERSHIP,PO BOX 575,,,MILES CITY,MT,Vacant Land,635.0,7
Rosebud,COFFEE-NEFSY,COFFEE NEFSY LIMITED PARTNERSHIP,PO BOX 575,,,MILES CITY,MT,Vacant Land,320.0,7
Rosebud,KROENKE GROUP,PV RANCH COMPANY LLC,PO BOX 11350,,,BOZEMAN,MT,Vacant Land,640.0,2
Rosebud,GALT RANCH,71 RANCH LP,40 71 RANCH LN,,,MARTINSDALE,MT,Vacant Land,318.0,1
Rosebud,GALT RANCH,71 RANCH LP,40 71 RANCH LN,,,MARTINSDALE,MT,Vacant Land,640.0,1
Rosebud,COFFEE-NEFSY,COFFEE NEFSY LIMITED PARTNERSHIP,PO BOX 575,,,MILES CITY,MT,Vacant Land,640.0,7
Rosebud,COFFEE-NEFSY,COFFEE NEFSY LIMITED PARTNERSHIP,PO BOX 575,,,MILES CITY,MT,Vacant Land,640.0,7
Rosebud,KROENKE GROUP,PV RANCH COMPANY LLC,PO BOX 11350,,,BOZEMAN,MT,Vacant Land,640.0,2
Rosebud,KROENKE GROUP,PV RANCH COMPANY LLC,PO BOX 11350,,,BOZEMAN,MT,Vacant Land,636.0,2
Rosebud,KROENKE GROUP,PV RANCH COMPANY LLC,PO BOX 11350,,,BOZEMAN,MT,Vacant Land,640.0,2
Rosebud,GALT RANCH,71 RANCH LP,40 71 RANCH LN,,,MARTINSDALE,MT,Vacant Land,636.0,1
Rosebud,GALT RANCH,71 RANCH LP,40 71 RANCH LN,,,MARTINSDALE,MT,Vacant Land,635.0,1
Rosebud,GALT RANCH,71 RANCH LP,40 71 RANCH LN,,,MARTINSDALE,MT,Vacant Land,320.0,1
Rosebud,COFFEE-NEFSY,COFFEE NEFSY LIMITED PARTNERSHIP,PO BOX 575,,,MILES CITY,MT,Vacant Land,591.0,7
Rosebud,KROENKE GROUP,PV RANCH COMPANY LLC,PO BOX 11350,,,BOZEMAN,MT,Vacant Land,638.0,2
Rosebud,KROENKE GROUP,PV RANCH COMPANY LLC,PO BOX 11350,,,BOZEMAN,MT,Vacant Land,640.0,2
Rosebud,GREAT NORTHERN PROPERTIES,GREAT NORTHERN PROPERTIES LP,PO BOX 1745,,,MILES CITY,MT,Industrial Property,32.1,10
Rosebud,GREAT NORTHERN PROPERTIES,GREAT NORTHERN PROPERTIES LP,PO BOX 1745,,,MILES CITY,MT,Vacant Land,116.6,10
Rosebud,GALT RANCH,SUN COULEE LLC,40 71 RANCH LN,,,MARTINSDALE,MT,Improved Property,22.54,1
Powell,NATURE CONSERVANCY,NATURE CONSERVANCY,32 S EWING ST,,,HELENA,MT,Vacant Land,423.9,8
Powell,NATURE CONSERVANCY,NATURE CONSERVANCY,32 S EWING ST,,,HELENA,MT,Vacant Land,200.0,8
Powell,NATURE CONSERVANCY,NATURE CONSERVANCY,32 S EWING ST,,,HELENA,MT,Vacant Land,478.64,8
Powell,NATURE CONSERVANCY,NATURE CONSERVANCY,32 S EWING ST,,,HELENA,MT,Vacant Land,640.0,8
Powell,NATURE CONSERVANCY,NATURE CONSERVANCY,32 S EWING ST,,,HELENA,MT,Vacant Land,640.0,8
Powell,NATURE CONSERVANCY,NATURE CONSERVANCY,32 S EWING ST,,,HELENA,MT,Vacant Land,637.96,8
Powell,NATURE CONSERVANCY,NATURE CONSERVANCY,32 S EWING ST,,,HELENA,MT,Vacant Land,573.98,8
Richland,GREAT NORTHERN PROPERTIES,GREAT NORTHERN PROPERTIES,PO BOX 1745,,,MILES CITY,MT,Vacant Land,640.0,10
Richland,GREAT NORTHERN PROPERTIES,GREAT NORTHERN PROPERTIES,PO BOX 1745,,,MILES CITY,MT,Vacant Land,640.0,10
Richland,GREAT NORTHERN PROPERTIES,GREAT NORTHERN PROPERTIES LIMITED PARTNERSHIP,C/O THOMAS & CHANTEL VERSCHOOT,31091 COUNTY RD 126,,RICHEY,MT,Vacant Land,640.0,10
Richland,GREAT NORTHERN PROPERTIES,GREAT NORTHERN PROPERTIES LIMITED PARTNERSHIP,C/O THOMAS & CHANTEL VERSCHOOT,31091 COUNTY RD 126,,RICHEY,MT,Vacant Land,160.0,10
Richland,GREAT NORTHERN PROPERTIES,GREAT NORTHERN PROPERTIES,PO BOX 1745,,,MILES CITY,MT,Vacant Land,617.07,10
Richland,GREAT NORTHERN PROPERTIES,GREAT NORTHERN PROPERTIES,PO BOX 1745,,,MILES CITY,MT,Vacant Land,627.12,10
Richland,GREAT NORTHERN PROPERTIES,GREAT NORTHERN PROPERTIES,PO BOX 1745,,,MILES CITY,MT,Vacant Land,109.4,10
Pondera,FARMLAND RESERVE INC,FARMLAND RESERVE INC,PO BOX 511196,,,SALT LAKE CITY,UT,Improved Property,630.43,3
Pondera,NATURE CONSERVANCY,NATURE CONSERVANCY DISTRICT OF COLUMBIA NON PROFIT CORP,32 S EWING ST,,,HELENA,MT,Vacant Land,40.0,8
Pondera,NATURE CONSERVANCY,NATURE CONSERVANCY DISTRICT OF COLUMBIA NON PROFIT CORP,32 S EWING ST,,,HELENA,MT,Vacant Land,240.0,8
Pondera,FARMLAND RESERVE INC,FARMLAND RESERVE INC,C/O TAX DIVISION,PO BOX 3688,,SALT LAKE CITY,UT,Vacant Land,160.0,3
Pondera,FARMLAND RESERVE INC,FARMLAND RESERVE INC,C/O TAX DIVISION,PO BOX 3688,,SALT LAKE CITY,UT,Vacant Land,160.0,3
Pondera,NATURE CONSERVANCY,NATURE CONSERVANCY DISTRICT OF COLUMBIA NON PROFIT CORP,32 S EWING ST,,,HELENA,MT,Vacant Land,200.0,8
Pondera,NATURE CONSERVANCY,NATURE CONSERVANCY DISTRICT OF COLUMBIA NON PROFIT CORP,32 S EWING ST,,,HELENA,MT,Vacant Land,80.0,8
Pondera,FARMLAND RESERVE INC,FARMLAND RESERVE INC,C/O TAX DIVISION,PO BOX 3688,,SALT LAKE CITY,UT,Vacant Land,160.0,3
Pondera,FARMLAND RESERVE INC,FARMLAND RESERVE INC,C/O TAX DIVISION,PO BOX 3688,,SALT LAKE CITY,UT,Vacant Land,640.0,3
Pondera,NATURE CONSERVANCY,NATURE CONSERVANCY DISTRICT OF COLUMBIA NON PROFIT CORP,32 S EWING ST,,,HELENA,MT,Vacant Land,240.0,8
Pondera,NATURE CONSERVANCY,NATURE CONSERVANCY DISTRICT OF COLUMBIA NON PROFIT CORP,32 S EWING ST,,,HELENA,MT,Vacant Land,320.0,8
Pondera,FARMLAND RESERVE INC,FARMLAND RESERVE INC,C/O TAX DIVISION,PO BOX 3688,,SALT LAKE CITY,UT,Vacant Land,160.0,3
Pondera,NATURE CONSERVANCY,NATURE CONSERVANCY DISTRICT OF COLUMBIA NON PROFIT CORP,32 S EWING ST,,,HELENA,MT,Vacant Land,40.0,8
Pondera,NATURE CONSERVANCY,NATURE CONSERVANCY DISTRICT OF COLUMBIA NON PROFIT CORP,32 S EWING ST,,,HELENA,MT,Vacant Land,280.0,8
Pondera,NATURE CONSERVANCY,NATURE CONSERVANCY DISTRICT OF COLUMBIA NON PROFIT CORP,32 S EWING ST,,,HELENA,MT,Vacant Land,40.0,8
Pondera,NATURE CONSERVANCY,NATURE CONSERVANCY A DISTRICT OF COLUMBIA NON PROFIT CORPORATION,32 S EWING ST,,,HELENA,MT,Vacant Land,200.0,8
Pondera,FARMLAND RESERVE INC,FARMLAND RESERVE INC,C/O TAX DIVISION,PO BOX 3688,,SALT LAKE CITY,UT,Vacant Land,469.27,3
Pondera,FARMLAND RESERVE INC,FARMLAND RESERVE INC,C/O TAX DIVISION,PO BOX 3688,,SALT LAKE CITY,UT,Vacant Land,315.13,3
Pondera,NATURE CONSERVANCY,NATURE CONSERVANCY DISTRICT OF COLUMBIA NON PROFIT CORP,32 S EWING ST,,,HELENA,MT,Vacant Land,80.0,8
Pondera,NATURE CONSERVANCY,NATURE CONSERVANCY DISTRICT OF COLUMBIA NON PROFIT CORP,32 S EWING ST,,,HELENA,MT,Vacant Land,320.0,8
Pondera,NATURE CONSERVANCY,NATURE CONSERVANCY DISTRICT OF COLUMBIA NON PROFIT CORP,32 S EWING ST,,,HELENA,MT,Vacant Land,560.0,8
Pondera,NATURE CONSERVANCY,NATURE CONSERVANCY DISTRICT OF COLUMBIA NON PROFIT CORP,32 S EWING ST,,,HELENA,MT,Vacant Land,160.0,8
Pondera,FARMLAND RESERVE INC,FARMLAND RESERVE INC,C/O TAX DIVISION,PO BOX 3688,,SALT LAKE CITY,UT,Vacant Land,320.0,3
Pondera,NATURE CONSERVANCY,NATURE CONSERVANCY DISTRICT OF COLUMBIA NON PROFIT CORP,32 S EWING ST,,,HELENA,MT,Vacant Land,363.83,8
Pondera,NATURE CONSERVANCY,NATURE CONSERVANCY DISTRICT OF COLUMBIA NON PROFIT CORP,32 S EWING ST,,,HELENA,MT,Vacant Land,280.0,8
Pondera,NATURE CONSERVANCY,NATURE CONSERVANCY DISTRICT OF COLUMBIA NON PROFIT CORP,32 S EWING ST,,,HELENA,MT,Vacant Land,200.0,8
Pondera,FARMLAND RESERVE INC,FARMLAND RESERVE INC,C/O TAX DIVISION,PO BOX 3688,,SALT LAKE CITY,UT,Vacant Land,238.17,3
Pondera,NATURE CONSERVANCY,NATURE CONSERVANCY DISTRICT OF COLUMBIA NON PROFIT CORP,32 S EWING ST,,,HELENA,MT,Vacant Land,400.0,8
Pondera,NATURE CONSERVANCY,NATURE CONSERVANCY DISTRICT OF COLUMBIA NON PROFIT CORP,32 S EWING ST,,,HELENA,MT,Vacant Land,120.0,8
Pondera,NATURE CONSERVANCY,NATURE CONSERVANCY DISTRICT OF COLUMBIA NON PROFIT CORP,32 S EWING ST,,,HELENA,MT,Vacant Land,80.0,8
Pondera,NATURE CONSERVANCY,NATURE CONSERVANCY DISTRICT OF COLUMBIA NON PROFIT CORP,32 S EWING ST,,,HELENA,MT,Vacant Land,320.0,8
Pondera,NATURE CONSERVANCY,NATURE CONSERVANCY DISTRICT OF COLUMBIA NON PROFIT CORP,32 S EWING ST,,,HELENA,MT,Vacant Land,614.3,8
Pondera,FARMLAND RESERVE INC,FARMLAND RESERVE INC,C/O TAX DIVISION,PO BOX 3688,,SALT LAKE CITY,UT,Vacant Land,80.0,3
Pondera,FARMLAND RESERVE INC,FARMLAND RESERVE INC,C/O TAX DIVISION,PO BOX 3688,,SALT LAKE CITY,UT,Vacant Land,160.0,3
Pondera,FARMLAND RESERVE INC,FARMLAND RESERVE INC,C/O TAX DIVISION,PO BOX 3688,,SALT LAKE CITY,UT,Vacant Land,320.0,3
Pondera,FARMLAND RESERVE INC,FARMLAND RESERVE INC,C/O TAX DIVISION,PO BOX 511196,,SALT LAKE CITY,UT,Vacant Land,160.0,3
Pondera,FARMLAND RESERVE INC,FARMLAND RESERVE INC,C/O TAX DIVISION,PO BOX 3688,,SALT LAKE CITY,UT,Vacant Land,320.0,3
Pondera,FARMLAND RESERVE INC,FARMLAND RESERVE INC,C/O TAX DIVISION,PO BOX 3688,,SALT LAKE CITY,UT,Vacant Land,155.68,3
Pondera,NATURE CONSERVANCY,NATURE CONSERVANCY DISTRICT OF COLUMBIA NON PROFIT CORP,32 S EWING ST,,,HELENA,MT,Vacant Land,40.0,8
Pondera,FARMLAND RESERVE INC,FARMLAND RESERVE INC,C/O TAX DIVISION,PO BOX 3688,,SALT LAKE CITY,UT,Improved Property,354.99,3
Pondera,FARMLAND RESERVE INC,FARMLAND RESERVE INC,C/O TAX DIVISION,PO BOX 511196,,SALT LAKE CITY,UT,Vacant Land,372.76,3
Pondera,FARMLAND RESERVE INC,FARMLAND RESERVE INC,C/O TAX DIVISION,PO BOX 3688,,SALT LAKE CITY,UT,Vacant Land,184.37,3
Pondera,FARMLAND RESERVE INC,FARMLAND RESERVE INC,C/O TAX DIVISION,PO BOX 3688,,SALT LAKE CITY,UT,Vacant Land,179.84,3
Pondera,FARMLAND RESERVE INC,FARMLAND RESERVE INC,C/O TAX DIVISION,PO BOX 3688,,SALT LAKE CITY,UT,Improved Property,628.35,3
Pondera,FARMLAND RESERVE INC,FARMLAND RESERVE INC,C/O TAX DIVISION,PO BOX 3688,,SALT LAKE CITY,UT,Vacant Land,236.53,3
Pondera,FARMLAND RESERVE INC,FARMLAND RESERVE INC,C/O TAX DIVISION,PO BOX 3688,,SALT LAKE CITY,UT,Vacant Land,76.25,3
Pondera,FARMLAND RESERVE INC,FARMLAND RESERVE INC,C/O TAX DIVISION,PO BOX 3688,,SALT LAKE CITY,UT,Vacant Land,159.2,3
Pondera,FARMLAND RESERVE INC,FARMLAND RESERVE INC,C/O TAX DIVISION,PO BOX 3688,,SALT LAKE CITY,UT,Vacant Land,66.7,3
Pondera,FARMLAND RESERVE INC,FARMLAND RESERVE INC,C/O TAX DIVISION,PO BOX 3688,,SALT LAKE CITY,UT,Vacant Land,235.87,3
Pondera,FARMLAND RESERVE INC,FARMLAND RESERVE INC,C/O TAX DIVISION,PO BOX 511196,,SALT LAKE CITY,UT,Vacant Land,79.09,3
Pondera,FARMLAND RESERVE INC,FARMLAND RESERVE INC,C/O TAX DIVISION,PO BOX 511196,,SALT LAKE CITY,UT,Vacant Land,160.0,3
Pondera,FARMLAND RESERVE INC,FARMLAND RESERVE INC,C/O TAX DIVISION,PO BOX 511196,,SALT LAKE CITY,UT,Improved Property,225.63,3
Pondera,FARMLAND RESERVE INC,FARMLAND RESERVE INC,C/O TAX DIVISION,PO BOX 511196,,SALT LAKE CITY,UT,Vacant Land,160.0,3
Pondera,FARMLAND RESERVE INC,FARMLAND RESERVE INC,C/O TAX DIVISION,PO BOX 511196,,SALT LAKE CITY,UT,Vacant Land,80.0,3
Pondera,FARMLAND RESERVE INC,FARMLAND RESERVE INC,C/O TAX DIVISION,PO BOX 511196,,SALT LAKE CITY,UT,Vacant Land,396.59,3
Pondera,FARMLAND RESERVE INC,FARMLAND RESERVE INC,C/O TAX DIVISION,PO BOX 3688,,SALT LAKE CITY,UT,Vacant Land,240.0,3
Pondera,FARMLAND RESERVE INC,FARMLAND RESERVE INC,C/O TAX DIVISION,PO BOX 3688,,SALT LAKE CITY,UT,Vacant Land,160.0,3
Pondera,FARMLAND RESERVE INC,FARMLAND RESERVE INC,C/O TAX DIVISION,PO BOX 511196,,SALT LAKE CITY,UT,Vacant Land,16.74,3
Pondera,FARMLAND RESERVE INC,FARMLAND RESERVE INC,C/O TAX DIVISION,PO BOX 3688,,SALT LAKE CITY,UT,Vacant Land,20.79,3
Pondera,FARMLAND RESERVE INC,FARMLAND RESERVE INC,C/O TAX DIVISION,PO BOX 3688,,SALT LAKE CITY,UT,Vacant Land,160.0,3
Pondera,FARMLAND RESERVE INC,FARMLAND RESERVE INC,C/O TAX DIVISION,PO BOX 3688,,SALT LAKE CITY,UT,Improved Property,636.0,3
Pondera,FARMLAND RESERVE INC,FARMLAND RESERVE INC,C/O TAX DIVISION,PO BOX 3688,,SALT LAKE CITY,UT,Vacant Land,313.76,3
Pondera,FARMLAND RESERVE INC,FARMLAND RESERVE INC,C/O TAX DIVISION,PO BOX 3688,,SALT LAKE CITY,UT,Improved Property,313.76,3
Pondera,FARMLAND RESERVE INC,FARMLAND RESERVE INC,C/O TAX DIVISION,PO BOX 3688,,SALT LAKE CITY,UT,Vacant Land,636.0,3
Pondera,FARMLAND RESERVE INC,FARMLAND RESERVE INC,C/O TAX DIVISION,PO BOX 3688,,SALT LAKE CITY,UT,Vacant Land,160.0,3
Pondera,FARMLAND RESERVE INC,FARMLAND RESERVE INC,C/O TAX DIVISION,PO BOX 3688,,SALT LAKE CITY,UT,Vacant Land,480.0,3
Pondera,FARMLAND RESERVE INC,FARMLAND RESERVE INC,C/O TAX DIVISION,PO BOX 511196,,SALT LAKE CITY,UT,Vacant Land,636.0,3
Pondera,FARMLAND RESERVE INC,FARMLAND RESERVE INC,C/O TAX DIVISION,PO BOX 3688,,SALT LAKE CITY,UT,Vacant Land,320.0,3
Pondera,FARMLAND RESERVE INC,FARMLAND RESERVE INC,C/O TAX DIVISION,PO BOX 3688,,SALT LAKE CITY,UT,Vacant Land,320.0,3
Pondera,FARMLAND RESERVE INC,FARMLAND RESERVE INC,C/O TAX DIVISION,PO BOX 3688,,SALT LAKE CITY,UT,Vacant Land,160.0,3
Pondera,FARMLAND RESERVE INC,FARMLAND RESERVE INC,C/O TAX DIVISION,PO BOX 3688,,SALT LAKE CITY,UT,Vacant Land,320.0,3
Pondera,FARMLAND RESERVE INC,FARMLAND RESERVE INC,C/O TAX DIVISION,PO BOX 3688,,SALT LAKE CITY,UT,Improved Property,640.0,3
Pondera,FARMLAND RESERVE INC,FARMLAND RESERVE INC,C/O TAX DIVISION,PO BOX 3688,,SALT LAKE CITY,UT,Vacant Land,320.0,3
Pondera,FARMLAND RESERVE INC,FARMLAND RESERVE INC,C/O TAX DIVISION,PO BOX 511196,,SALT LAKE CITY,UT,Vacant Land,320.0,3
Pondera,NATURE CONSERVANCY,NATURE CONSERVANCY DISTRICT OF COLUMBIA NON PROFIT CORP,32 S EWING ST,,,HELENA,MT,Vacant Land,560.0,8
Pondera,NATURE CONSERVANCY,NATURE CONSERVANCY DISTRICT OF COLUMBIA NON PROFIT CORP,32 S EWING ST,,,HELENA,MT,Vacant Land,440.0,8
Pondera,NATURE CONSERVANCY,NATURE CONSERVANCY A DISTRICT OF COLUMBIA NON PROFIT CORPORATION,32 S EWING ST,,,HELENA,MT,Vacant Land,80.0,8
Pondera,NATURE CONSERVANCY,NATURE CONSERVANCY DISTRICT OF COLUMBIA NON PROFIT CORP,32 S EWING ST,,,HELENA,MT,Vacant Land,196.8,8
Pondera,FARMLAND RESERVE INC,FARMLAND RESERVE INC,C/O TAX DIVISION,PO BOX 3688,,SALT LAKE CITY,UT,Vacant Land,255.78,3
Madison,KROENKE GROUP,KROENKE LAND & LIVESTOCK LLC,PO BOX 11350,,,BOZEMAN,MT,Vacant Land,640.0,2
Madison,KROENKE GROUP,KROENKE LAND & LIVESTOCK LLC,PO BOX 11350,,,BOZEMAN,MT,Improved Property,634.6,2
Madison,KROENKE GROUP,KROENKE LAND & LIVESTOCK CO LLC,PO BOX 11350,,,BOZEMAN,MT,Improved Property,5.0,2
Madison,KROENKE GROUP,KROENKE LAND & LIVESTOCK CO LLC,PO BOX 11350,,,BOZEMAN,MT,Vacant Land,584.04,2
Madison,KROENKE GROUP,KROENKE LAND & LIVESTOCK CO LLC,PO BOX 11350,,,BOZEMAN,MT,Vacant Land,1.0,2
Madison,GALT RANCH,GALT ERROL T & SHARRIE K,40 71 RANCH LN,,,MARTINSDALE,MT,Vacant Land,0.108,1
Madison,KROENKE GROUP,KROENKE LAND & LIVESTOCK LLC,PO BOX 11350,,,BOZEMAN,MT,Vacant Land,120.0,2
Madison,KROENKE GROUP,KROENKE LAND & LIVESTOCK LLC,PO BOX 11350,,,BOZEMAN,MT,Vacant Land,115.777,2
Madison,KROENKE GROUP,KROENKE LAND & LIVESTOCK,PO BOX 11350,,,BOZEMAN,MT,Vacant Land,160.0,2
Madison,KROENKE GROUP,KROENKE LAND & LIVESTOCK LLC,PO BOX 11350,,,BOZEMAN,MT,Vacant Land,640.0,2
Madison,KROENKE GROUP,KROENKE LAND & LIVESTOCK LLC,PO BOX 11350,,,BOZEMAN,MT,Improved Property,640.0,2
Madison,KROENKE GROUP,KROENKE LAND & LIVESTOCK LLC,PO BOX 11350,,,BOZEMAN,MT,Vacant Land,640.0,2
Madison,KROENKE GROUP,KROENKE LAND & LIVESTOCK CO LLC,PO BOX 11350,,,BOZEMAN,MT,Vacant Land,640.0,2
Madison,KROENKE GROUP,KROENKE LAND & LIVESTOCK LLC,PO BOX 11350,,,BOZEMAN,MT,Vacant Land,172.01,2
Madison,KROENKE GROUP,KROENKE LAND & LIVESTOCK CO LLC,PO BOX 11350,,,BOZEMAN,MT,Vacant Land,160.0,2
Madison,KROENKE GROUP,KROENKE LAND & LIVESTOCK LLC,PO BOX 11350,,,BOZEMAN,MT,Improved Property,640.0,2
Madison,KROENKE GROUP,KROENKE LAND & LIVESTOCK CO LLC,PO BOX 11350,,,BOZEMAN,MT,Vacant Land,320.0,2
Madison,KROENKE GROUP,KROENKE LAND & LIVESTOCK LLC,PO BOX 11350,,,BOZEMAN,MT,Improved Property,686.8,2
Madison,KROENKE GROUP,KROENKE LAND & LIVESTOCK LLC,PO BOX 11350,,,BOZEMAN,MT,Vacant Land,640.71,2
Madison,KROENKE GROUP,KROENKE LAND & LIVESTOCK LLC,PO BOX 11350,,,BOZEMAN,MT,Vacant Land,640.0,2
Madison,KROENKE GROUP,KROENKE LAND & LIVESTOCK LLC,PO BOX 11350,,,BOZEMAN,MT,Vacant Land,640.0,2
Madison,KROENKE GROUP,KROENKE LAND & LIVESTOCK CO LLC,PO BOX 11350,,,BOZEMAN,MT,Vacant Land,334.626,2
Madison,KROENKE GROUP,KROENKE LAND & LIVESTOCK LLC,PO BOX 11350,,,BOZEMAN,MT,Vacant Land,489.42,2
Madison,KROENKE GROUP,KROENKE LAND & LIVESTOCK CO LLC,PO BOX 11350,,,BOZEMAN,MT,Vacant Land,320.0,2
Madison,KROENKE GROUP,KROENKE LAND & LIVESTOCK LLC,PO BOX 11350,,,BOZEMAN,MT,Vacant Land,640.0,2
Madison,KROENKE GROUP,KROENKE LAND & LIVESTOCK LLC,PO BOX 11350,,,BOZEMAN,MT,Improved Property,489.67,2
Madison,KROENKE GROUP,KROENKE LAND & LIVESTOCK LLC,PO BOX 11350,,,BOZEMAN,MT,Vacant Land,638.24,2
Madison,KROENKE GROUP,KROENKE LAND & LIVESTOCK LLC,PO BOX 11350,,,BOZEMAN,MT,Vacant Land,716.47,2
Madison,KROENKE GROUP,KROENKE LAND & LIVESTOCK LLC,PO BOX 11350,,,BOZEMAN,MT,Vacant Land,83.903,2
Madison,KROENKE GROUP,KROENKE LAND & LIVESTOCK LLC,PO BOX 11350,,,BOZEMAN,MT,Vacant Land,359.0,2
Madison,KROENKE GROUP,KROENKE LAND & LIVESTOCK LLC,PO BOX 11350,,,BOZEMAN,MT,Vacant Land,144.0,2
Madison,KROENKE GROUP,KROENKE LAND & LIVESTOCK LLC,PO BOX 11350,,,BOZEMAN,MT,Vacant Land,164.02,2
Madison,KROENKE GROUP,KROENKE LAND & LIVESTOCK CO LLC,PO BOX 11350,,,BOZEMAN,MT,Vacant Land,922.08,2
Madison,KROENKE GROUP,KROENKE LAND & LIVESTOCK LLC,PO BOX 11350,,,BOZEMAN,MT,Vacant Land,640.0,2
Madison,KROENKE GROUP,KROENKE LAND & LIVESTOCK COMPANY LLC,PO BOX 11350,,,BOZEMAN,MT,Improved Property,539.454,2
Madison,KROENKE GROUP,KROENKE LAND & LIVESTOCK CO LLC,PO BOX 11350,,,BOZEMAN,MT,Vacant Land,45.0,2
Madison,KROENKE GROUP,KROENKE LAND & LIVESTOCK LLC,PO BOX 11350,,,BOZEMAN,MT,Vacant Land,635.0,2
Madison,KROENKE GROUP,KROENKE LAND & LIVESTOCK LLC,PO BOX 11350,,,BOZEMAN,MT,Vacant Land,635.12,2
Madison,KROENKE GROUP,KROENKE LAND & LIVESTOCK,PO BOX 11350,,,BOZEMAN,MT,Improved Property,491.0,2
Blaine,AMERICAN PRAIRIE,AMERICAN PRAIRIE FOUNDATION,PO BOX 908,,,BOZEMAN,MT,Vacant Land,240.0,9
Blaine,AMERICAN PRAIRIE,AMERICAN PRAIRIE FOUNDATION,PO BOX 908,,,BOZEMAN,MT,Vacant Land,42.6,9
Blaine,AMERICAN PRAIRIE,AMERICAN PRAIRIE FOUNDATION,PO BOX 908,,,BOZEMAN,MT,Vacant Land,100.0,9
Blaine,AMERICAN PRAIRIE,AMERICAN PRAIRIE FOUNDATION,PO BOX 908,,,BOZEMAN,MT,Vacant Land,40.0,9
Blaine,AMERICAN PRAIRIE,AMERICAN PRAIRIE FOUNDATION,PO BOX 908,,,BOZEMAN,MT,Vacant Land,205.16,9
Blaine,AMERICAN PRAIRIE,AMERICAN PRAIRIE FOUNDATION,PO BOX 908,,,BOZEMAN,MT,Vacant Land,20.0,9
Blaine,AMERICAN PRAIRIE,AMERICAN PRAIRIE FOUNDATION,PO BOX 908,,,BOZEMAN,MT,Vacant Land,40.0,9
Blaine,AMERICAN PRAIRIE,AMERICAN PRAIRIE FOUNDATION,PO BOX 908,,,BOZEMAN,MT,Vacant Land,60.0,9
Blaine,AMERICAN PRAIRIE,AMERICAN PRAIRIE FOUNDATION,PO BOX 908,,,BOZEMAN,MT,Vacant Land,40.0,9
Blaine,AMERICAN PRAIRIE,AMERICAN PRAIRIE FOUNDATION,PO BOX 908,,,BOZEMAN,MT,Vacant Land,80.0,9
Blaine,AMERICAN PRAIRIE,AMERICAN PRAIRIE FOUNDATION,PO BOX 908,,,BOZEMAN,MT,Vacant Land,60.0,9
Blaine,AMERICAN PRAIRIE,AMERICAN PRAIRIE FOUNDATION,PO BOX 908,,,BOZEMAN,MT,Improved Property,432.39,9
Blaine,AMERICAN PRAIRIE,AMERICAN PRAIRIE FOUNDATION,PO BOX 908,,,BOZEMAN,MT,Vacant Land,395.71,9
Blaine,AMERICAN PRAIRIE,AMERICAN PRAIRIE FOUNDATION,PO BOX 908,,,BOZEMAN,MT,Vacant Land,40.0,9
Blaine,AMERICAN PRAIRIE,AMERICAN PRAIRIE FOUNDATION,PO BOX 908,,,BOZEMAN,MT,Vacant Land,120.0,9
Blaine,AMERICAN PRAIRIE,AMERICAN PRAIRIE FOUNDATION,PO BOX 908,,,BOZEMAN,MT,Vacant Land,240.0,9
Blaine,AMERICAN PRAIRIE,AMERICAN PRAIRIE FOUNDATION,PO BOX 908,,,BOZEMAN,MT,Vacant Land,120.0,9
Blaine,AMERICAN PRAIRIE,AMERICAN PRAIRIE FOUNDATION,PO BOX 908,,,BOZEMAN,MT,Vacant Land,160.0,9
Blaine,AMERICAN PRAIRIE,AMERICAN PRAIRIE FOUNDATION,PO BOX 908,,,BOZEMAN,MT,Vacant Land,40.0,9
Blaine,AMERICAN PRAIRIE,AMERICAN PRAIRIE FOUNDATION,PO BOX 908,,,BOZEMAN,MT,Improved Property,360.0,9
Blaine,AMERICAN PRAIRIE,AMERICAN PRAIRIE FOUNDATION,PO BOX 908,,,BOZEMAN,MT,Vacant Land,240.0,9
Blaine,AMERICAN PRAIRIE,AMERICAN PRAIRIE FOUNDATION,PO BOX 908,,,BOZEMAN,MT,Vacant Land,200.0,9
Blaine,AMERICAN PRAIRIE,AMERICAN PRAIRIE FOUNDATION,PO BOX 908,,,BOZEMAN,MT,Vacant Land,40.0,9
Blaine,AMERICAN PRAIRIE,AMERICAN PRAIRIE FOUNDATION,PO BOX 908,,,BOZEMAN,MT,Vacant Land,60.0,9
Blaine,AMERICAN PRAIRIE,AMERICAN PRAIRIE FOUNDATION,PO BOX 908,,,BOZEMAN,MT,Vacant Land,262.96,9
Blaine,AMERICAN PRAIRIE,AMERICAN PRAIRIE FOUNDATION,PO BOX 908,,,BOZEMAN,MT,Vacant Land,20.0,9
Blaine,AMERICAN PRAIRIE,AMERICAN PRAIRIE FOUNDATION,PO BOX 908,,,BOZEMAN,MT,Vacant Land,40.0,9
Blaine,AMERICAN PRAIRIE,AMERICAN PRAIRIE FOUNDATION,PO BOX 908,,,BOZEMAN,MT,Vacant Land,20.0,9
Blaine,AMERICAN PRAIRIE,AMERICAN PRAIRIE FOUNDATION,PO BOX 908,,,BOZEMAN,MT,Vacant Land,20.0,9
Blaine,AMERICAN PRAIRIE,AMERICAN PRAIRIE FOUNDATION,PO BOX 908,,,BOZEMAN,MT,Vacant Land,20.0,9
Blaine,AMERICAN PRAIRIE,AMERICAN PRAIRIE FOUNDATION,PO BOX 908,,,BOZEMAN,MT,Vacant Land,160.0,9
Blaine,AMERICAN PRAIRIE,AMERICAN PRAIRIE FOUNDATION,PO BOX 908,,,BOZEMAN,MT,Vacant Land,320.0,9
Blaine,AMERICAN PRAIRIE,AMERICAN PRAIRIE FOUNDATION,PO BOX 908,,,BOZEMAN,MT,Vacant Land,240.0,9
Blaine,AMERICAN PRAIRIE,AMERICAN PRAIRIE FOUNDATION,PO BOX 908,,,BOZEMAN,MT,Vacant Land,80.0,9
Blaine,AMERICAN PRAIRIE,AMERICAN PRAIRIE FOUNDATION,PO BOX 908,,,BOZEMAN,MT,Vacant Land,80.0,9
Blaine,AMERICAN PRAIRIE,AMERICAN PRAIRIE FOUNDATION,PO BOX 908,,,BOZEMAN,MT,Vacant Land,280.0,9
Blaine,AMERICAN PRAIRIE,AMERICAN PRAIRIE FOUNDATION,PO BOX 908,,,BOZEMAN,MT,Vacant Land,120.0,9
Blaine,AMERICAN PRAIRIE,AMERICAN PRAIRIE FOUNDATION,PO BOX 908,,,BOZEMAN,MT,Vacant Land,113.36,9
Blaine,AMERICAN PRAIRIE,AMERICAN PRAIRIE FOUNDATION,PO BOX 908,,,BOZEMAN,MT,Vacant Land,18.98,9
Blaine,AMERICAN PRAIRIE,AMERICAN PRAIRIE FOUNDATION,PO BOX 908,,,BOZEMAN,MT,Vacant Land,124.28,9
Musselshell,WILKS BROTHERS,WILKS RANCH MONTANA LTD,PO BOX 1032,,,CISCO,TX,Vacant Land,638.76,5
Musselshell,WILKS BROTHERS,WILKS RANCH MONTANA LTD,PO BOX 1032,,,CISCO,TX,Vacant Land,80.0,5
Musselshell,WILKS BROTHERS,WILKS RANCH MONTANA LTD,PO BOX 1032,,,CISCO,TX,Vacant Land,80.0,5
Musselshell,WILKS BROTHERS,WILKS RANCH MONTANA LTD,PO BOX 1032,,,CISCO,TX,Vacant Land,76.45,5
Musselshell,WILKS BROTHERS,WILKS RANCH MONTANA LTD,PO BOX 1032,,,CISCO,TX,Vacant Land,240.0,5
Musselshell,WILKS BROTHERS,WILKS RANCH MONTANA LTD,PO BOX 1032,,,CISCO,TX,Vacant Land,598.48,5
Musselshell,WILKS BROTHERS,WILKS RANCH MONTANA LTD,PO BOX 1032,,,CISCO,TX,Vacant Land,120.0,5
Musselshell,WILKS BROTHERS,WILKS RANCH MONTANA LTD,PO BOX 1032,,,CISCO,TX,Vacant Land,280.0,5
Musselshell,WILKS BROTHERS,WILKS RANCH MONTANA LTD,PO BOX 1032,,,CISCO,TX,Vacant Land,640.0,5
Musselshell,WILKS BROTHERS,WILKS RANCH MONTANA LTD,PO BOX 1032,,,CISCO,TX,Vacant Land,160.0,5
Musselshell,WILKS BROTHERS,WILKS RANCH MONTANA LTD,PO BOX 1032,,,CISCO,TX,Vacant Land,360.0,5
Musselshell,WILKS BROTHERS,WILKS RANCH MONTANA LTD,PO BOX 1032,,,CISCO,TX,Vacant Land,80.0,5
Musselshell,WILKS BROTHERS,WILKS RANCH MONTANA LTD,PO BOX 1032,,,CISCO,TX,Vacant Land,160.0,5
Musselshell,WILKS BROTHERS,WILKS RANCH MONTANA LTD,PO BOX 1032,,,CISCO,TX,Vacant Land,40.0,5
Musselshell,WILKS BROTHERS,WILKS RANCH MONTANA LTD,PO BOX 1032,,,CISCO,TX,Vacant Land,80.0,5
Musselshell,WILKS BROTHERS,WILKS RANCH MONTANA LTD,PO BOX 1032,,,CISCO,TX,Vacant Land,240.0,5
Musselshell,WILKS BROTHERS,WILKS RANCH MONTANA LTD,PO BOX 1032,,,CISCO,TX,Vacant Land,40.0,5
Musselshell,WILKS BROTHERS,WILKS RANCH MONTANA LTD,PO BOX 111,,,CISCO,TX,Vacant Land,317.38,5
Musselshell,WILKS BROTHERS,WILKS RANCH MONTANA LTD,PO BOX 1032,,,CISCO,TX,Vacant Land,618.85,5
Musselshell,WILKS BROTHERS,WILKS RANCH MONTANA LTD,PO BOX 1032,,,CISCO,TX,Vacant Land,40.0,5
Musselshell,WILKS BROTHERS,WILKS RANCH MONTANA LTD,PO BOX 1032,,,CISCO,TX,Vacant Land,40.0,5
Musselshell,WILKS BROTHERS,WILKS RANCH MONTANA LTD,PO BOX 1032,,,CISCO,TX,Vacant Land,640.0,5
Musselshell,WILKS BROTHERS,WILKS RANCH MONTANA LTD,PO BOX 1032,,,CISCO,TX,Vacant Land,480.0,5
Musselshell,WILKS BROTHERS,WILKS RANCH MONTANA LTD,PO BOX 111,,,CISCO,TX,Vacant Land,37.25,5
Musselshell,WILKS BROTHERS,WILKS RANCH MONTANA LTD,PO BOX 1032,,,CISCO,TX,Vacant Land,320.0,5
Musselshell,WILKS BROTHERS,WILKS RANCH MONTANA LTD,PO BOX 1032,,,CISCO,TX,Vacant Land,37.87,5
Musselshell,WILKS BROTHERS,WILKS RANCH MONTANA LTD,PO BOX 1032,,,CISCO,TX,Vacant Land,631.6,5
Musselshell,WILKS BROTHERS,WILKS RANCH MONTANA LTD,PO BOX 1032,,,CISCO,TX,Vacant Land,80.0,5
Musselshell,WILKS BROTHERS,WILKS RANCH MONTANA LTD,PO BOX 1032,,,CISCO,TX,Vacant Land,510.2,5
Musselshell,WILKS BROTHERS,WILKS RANCH MONTANA LTD,PO BOX 1032,,,CISCO,TX,Vacant Land,360.0,5
Musselshell,GREAT NORTHERN PROPERTIES,GREAT NORTHERN PROPERTIES LIMITED PARTNE,MAIL TO: GNPLP,PO BOX 1745,,MILES CITY,MT,Vacant Land,645.03,10
Musselshell,WILKS BROTHERS,WILKS RANCH MONTANA LTD,PO BOX 1032,,,CISCO,TX,Vacant Land,80.0,5
Musselshell,WILKS BROTHERS,WILKS RANCH MONTANA LTD,PO BOX 1032,,,CISCO,TX,Vacant Land,321.08,5
Musselshell,WILKS BROTHERS,WILKS RANCH MONTANA LTD,PO BOX 1032,,,CISCO,TX,Vacant Land,324.04,5
Musselshell,WILKS BROTHERS,WILKS RANCH MONTANA LTD,PO BOX 1032,,,CISCO,TX,Vacant Land,640.0,5
Musselshell,WILKS BROTHERS,WILKS RANCH MONTANA LTD,PO BOX 1032,,,CISCO,TX,Vacant Land,640.0,5
Musselshell,WILKS BROTHERS,WILKS RANCH MONTANA LTD,PO BOX 1032,,,CISCO,TX,Vacant Land,79.13,5
Musselshell,WILKS BROTHERS,WILKS RANCH MONTANA LTD,PO BOX 1032,,,CISCO,TX,Vacant Land,644.44,5
Musselshell,GREAT NORTHERN PROPERTIES,GREAT NORTHERN PROPERTIES,MAIL TO: GNP LP,PO BOX 1745,,MILES CITY,MT,Vacant Land,617.8,10
Musselshell,WILKS BROTHERS,WILKS RANCH MONTANA LTD,PO BOX 1032,,,CISCO,TX,Vacant Land,320.52,5
Musselshell,WILKS BROTHERS,WILKS RANCH MONTANA LTD,PO BOX 1032,,,CISCO,TX,Vacant Land,320.98,5
Musselshell,WILKS BROTHERS,WILKS RANCH MONTANA LTD,PO BOX 1032,,,CISCO,TX,Vacant Land,640.0,5
Musselshell,WILKS BROTHERS,WILKS RANCH MONTANA LTD,PO BOX 1032,,,CISCO,TX,Vacant Land,640.0,5
Musselshell,WILKS BROTHERS,WILKS RANCH MONTANA LTD,PO BOX 1032,,,CISCO,TX,Vacant Land,39.94,5
Musselshell,WILKS BROTHERS,WILKS RANCH MONTANA LTD,PO BOX 1032,,,CISCO,TX,Vacant Land,640.0,5
Musselshell,WILKS BROTHERS,WILKS RANCH MONTANA LTD,PO BOX 1032,,,CISCO,TX,Vacant Land,40.0,5
Musselshell,WILKS BROTHERS,WILKS RANCH MONTANA LTD,PO BOX 1032,,,CISCO,TX,Vacant Land,640.0,5
Musselshell,WILKS BROTHERS,WILKS RANCH MONTANA LTD,PO BOX 1032,,,CISCO,TX,Vacant Land,560.36,5
Musselshell,WILKS BROTHERS,WILKS RANCH MONTANA LTD,PO BOX 1032,,,CISCO,TX,Vacant Land,640.0,5
Musselshell,WILKS BROTHERS,WILKS RANCH MONTANA LTD,PO BOX 1032,,,CISCO,TX,Vacant Land,640.0,5
Musselshell,WILKS BROTHERS,WILKS RANCH MONTANA LTD,PO BOX 1032,,,CISCO,TX,Vacant Land,640.0,5
Musselshell,WILKS BROTHERS,WILKS RANCH MONTANA LTD,PO BOX 1032,,,CISCO,TX,Vacant Land,308.28,5
Musselshell,WILKS BROTHERS,WILKS RANCH MONTANA LTD,PO BOX 1032,,,CISCO,TX,Vacant Land,640.0,5
Musselshell,WILKS BROTHERS,WILKS RANCH MONTANA LTD,PO BOX 1032,,,CISCO,TX,Vacant Land,640.0,5
Musselshell,WILKS BROTHERS,WILKS RANCH MONTANA LTD,PO BOX 1032,,,CISCO,TX,Vacant Land,320.0,5
Musselshell,GREAT NORTHERN PROPERTIES,GREAT NORTHERN PROPERTIES LIMITED PARTNE,MAIL TO: GNPLP,PO BOX 1745,,MILES CITY,MT,Vacant Land,649.28,10
Musselshell,WILKS BROTHERS,WILKS RANCH MONTANA LTD,PO BOX 1032,,,CISCO,TX,Improved Property,640.0,5
Musselshell,WILKS BROTHERS,WILKS RANCH MONTANA LTD,PO BOX 1032,,,CISCO,TX,Vacant Land,640.0,5
Musselshell,WILKS BROTHERS,WILKS RANCH MONTANA LTD,PO BOX 1032,,,CISCO,TX,Vacant Land,360.0,5
Musselshell,WILKS BROTHERS,WILKS RANCH MONTANA LTD,PO BOX 1032,,,CISCO,TX,Vacant Land,480.0,5
Musselshell,WILKS BROTHERS,WILKS RANCH MONTANA LTD,PO BOX 1032,,,CISCO,TX,Vacant Land,640.0,5
Musselshell,WILKS BROTHERS,WILKS RANCH MONTANA LTD,PO BOX 1032,,,CISCO,TX,Vacant Land,640.0,5
Musselshell,WILKS BROTHERS,WILKS RANCH MONTANA LTD,PO BOX 1032,,,CISCO,TX,Vacant Land,320.0,5
Musselshell,WILKS BROTHERS,WILKS RANCH MONTANA LTD,PO BOX 1032,,,CISCO,TX,Vacant Land,640.0,5
Musselshell,WILKS BROTHERS,WILKS RANCH MONTANA LTD,PO BOX 1032,,,CISCO,TX,Vacant Land,80.0,5
Musselshell,WILKS BROTHERS,WILKS RANCH MONTANA LTD,PO BOX 1032,,,CISCO,TX,Vacant Land,118.08,5
Musselshell,WILKS BROTHERS,WILKS RANCH MONTANA LTD,PO BOX 1032,,,CISCO,TX,Vacant Land,437.63,5
Musselshell,WILKS BROTHERS,WILKS RANCH MONTANA LTD,PO BOX 1032,,,CISCO,TX,Vacant Land,80.0,5
Musselshell,WILKS BROTHERS,WILKS RANCH MONTANA LTD,PO BOX 1032,,,CISCO,TX,Improved Property,560.0,5
Musselshell,WILKS BROTHERS,WILKS RANCH MONTANA LTD,PO BOX 1032,,,CISCO,TX,Vacant Land,640.0,5
Musselshell,WILKS BROTHERS,WILKS RANCH MONTANA LTD,PO BOX 1032,,,CISCO,TX,Vacant Land,640.0,5
Musselshell,WILKS BROTHERS,WILKS RANCH MONTANA LTD,PO BOX 1032,,,CISCO,TX,Vacant Land,600.84,5
Musselshell,WILKS BROTHERS,WILKS RANCH MONTANA LTD,PO BOX 1032,,,CISCO,TX,Vacant Land,560.0,5
Musselshell,WILKS BROTHERS,WILKS RANCH MONTANA LTD,PO BOX 1032,,,CISCO,TX,Vacant Land,480.0,5
Musselshell,WILKS BROTHERS,WILKS RANCH MONTANA LTD,PO BOX 1032,,,CISCO,TX,Vacant Land,280.0,5
Musselshell,WILKS BROTHERS,WILKS RANCH MONTANA LTD,PO BOX 1032,,,CISCO,TX,Vacant Land,147.88,5
Musselshell,GREAT NORTHERN PROPERTIES,GREAT NORTHERN PROPERTIES,MAIL TO: GNP LP,PO BOX 1745,,MILES CITY,MT,Vacant Land,320.0,10
Musselshell,WILKS BROTHERS,WILKS RANCH MONTANA LTD,PO BOX 1032,,,CISCO,TX,Vacant Land,280.0,5
Musselshell,WILKS BROTHERS,WILKS RANCH MONTANA LTD,PO BOX 1032,,,CISCO,TX,Vacant Land,640.0,5
Musselshell,WILKS BROTHERS,WILKS RANCH MONTANA LTD,PO BOX 1032,,,CISCO,TX,Vacant Land,628.68,5
Musselshell,WILKS BROTHERS,WILKS RANCH MONTANA LTD,PO BOX 1032,,,CISCO,TX,Vacant Land,40.0,5
Musselshell,WILKS BROTHERS,WILKS RANCH MONTANA LTD,PO BOX 1032,,,CISCO,TX,Vacant Land,40.0,5
Musselshell,WILKS BROTHERS,WILKS RANCH MONTANA LTD,PO BOX 1032,,,CISCO,TX,Vacant Land,191.99,5
Musselshell,GALT RANCH,SUN COULEE LLC,40 71 RANCH LN,,,MARTINSDALE,MT,Vacant Land,75.88,1
Musselshell,WILKS BROTHERS,WILKS RANCH MONTANA LTD,PO BOX 1032,,,CISCO,TX,Vacant Land,634.64,5
Musselshell,WILKS BROTHERS,WILKS RANCH MONTANA LTD,PO BOX 1032,,,CISCO,TX,Vacant Land,640.0,5
Musselshell,WILKS BROTHERS,WILKS RANCH MONTANA LTD,PO BOX 1032,,,CISCO,TX,Vacant Land,640.0,5
Musselshell,WILKS BROTHERS,WILKS RANCH MONTANA LTD,PO BOX 1032,,,CISCO,TX,Vacant Land,640.0,5
Musselshell,WILKS BROTHERS,WILKS RANCH MONTANA LTD,PO BOX 1032,,,CISCO,TX,Vacant Land,480.0,5
Musselshell,WILKS BROTHERS,WILKS RANCH MONTANA LTD,PO BOX 1032,,,CISCO,TX,Vacant Land,475.28,5
Musselshell,WILKS BROTHERS,WILKS RANCH MONTANA LTD,PO BOX 1032,,,CISCO,TX,Vacant Land,636.14,5
Musselshell,WILKS BROTHERS,WILKS RANCH MONTANA LTD,PO BOX 1032,,,CISCO,TX,Vacant Land,426.64,5
Musselshell,WILKS BROTHERS,WILKS RANCH MONTANA LTD,PO BOX 1032,,,CISCO,TX,Vacant Land,640.0,5
Musselshell,WILKS BROTHERS,WILKS RANCH MONTANA LTD,PO BOX 1032,,,CISCO,TX,Vacant Land,640.0,5
Musselshell,WILKS BROTHERS,WILKS RANCH MONTANA LTD,PO BOX 1032,,,CISCO,TX,Vacant Land,80.0,5
Musselshell,WILKS BROTHERS,WILKS RANCH MONTANA LTD,PO BOX 1032,,,CISCO,TX,Vacant Land,40.0,5
Musselshell,WILKS BROTHERS,WILKS RANCH MONTANA LTD,PO BOX 1032,,,CISCO,TX,Vacant Land,640.44,5
Musselshell,GALT RANCH,SUN COULEE LLC,40 71 RANCH LN,,,MARTINSDALE,MT,Vacant Land,298.1,1
Musselshell,WILKS BROTHERS,WILKS RANCH MONTANA LTD,PO BOX 1032,,,CISCO,TX,Vacant Land,630.96,5
Musselshell,WILKS BROTHERS,WILKS RANCH MONTANA LTD,PO BOX 1032,,,CISCO,TX,Vacant Land,80.0,5
Musselshell,WILKS BROTHERS,WILKS RANCH MONTANA LTD,PO BOX 1032,,,CISCO,TX,Vacant Land,561.44,5
Musselshell,WILKS BROTHERS,WILKS RANCH MONTANA LTD,PO BOX 1032,,,CISCO,TX,Vacant Land,640.0,5
Musselshell,WILKS BROTHERS,WILKS RANCH MONTANA LTD,PO BOX 1032,,,CISCO,TX,Vacant Land,640.0,5
Musselshell,WILKS BROTHERS,WILKS RANCH MONTANA LTD,PO BOX 1032,,,CISCO,TX,Vacant Land,640.0,5
Musselshell,WILKS BROTHERS,WILKS RANCH MONTANA LTD,PO BOX 1032,,,CISCO,TX,Vacant Land,629.24,5
Musselshell,WILKS BROTHERS,WILKS RANCH MONTANA LTD,PO BOX 1032,,,CISCO,TX,Vacant Land,149.03,5
Musselshell,WILKS BROTHERS,WILKS RANCH MONTANA LTD,PO BOX 1032,,,CISCO,TX,Vacant Land,640.0,5
Musselshell,WILKS BROTHERS,WILKS RANCH MONTANA LTD,PO BOX 1032,,,CISCO,TX,Vacant Land,640.0,5
Musselshell,WILKS BROTHERS,WILKS RANCH MONTANA LTD,PO BOX 1032,,,CISCO,TX,Vacant Land,480.0,5
Musselshell,WILKS BROTHERS,WILKS RANCH MONTANA LTD,PO BOX 1032,,,CISCO,TX,Vacant Land,240.0,5
Musselshell,WILKS BROTHERS,WILKS RANCH MONTANA LTD,PO BOX 1032,,,CISCO,TX,Vacant Land,640.0,5
Musselshell,WILKS BROTHERS,WILKS RANCH MONTANA LTD,PO BOX 1032,,,CISCO,TX,Vacant Land,160.0,5
Musselshell,WILKS BROTHERS,WILKS RANCH MONTANA LTD,PO BOX 1032,,,CISCO,TX,Vacant Land,628.22,5
Musselshell,WILKS BROTHERS,WILKS RANCH MONTANA LTD,PO BOX 1032,,,CISCO,TX,Vacant Land,630.52,5
Musselshell,WILKS BROTHERS,WILKS RANCH MONTANA LTD,PO BOX 1032,,,CISCO,TX,Improved Property,640.73,5
Musselshell,WILKS BROTHERS,WILKS RANCH MONTANA LTD,PO BOX 1032,,,CISCO,TX,Vacant Land,640.0,5
Musselshell,WILKS BROTHERS,WILKS RANCH MONTANA LTD,PO BOX 1032,,,CISCO,TX,Vacant Land,480.0,5
Musselshell,WILKS BROTHERS,WILKS RANCH MONTANA LTD,PO BOX 1032,,,CISCO,TX,Vacant Land,400.0,5
Musselshell,WILKS BROTHERS,WILKS RANCH MONTANA LTD,PO BOX 1032,,,CISCO,TX,Vacant Land,320.0,5
Musselshell,WILKS BROTHERS,WILKS RANCH MONTANA LTD,PO BOX 1032,,,CISCO,TX,Vacant Land,635.32,5
Musselshell,WILKS BROTHERS,WILKS RANCH MONTANA LTD,PO BOX 1032,,,CISCO,TX,Vacant Land,638.8,5
Musselshell,WILKS BROTHERS,WILKS RANCH MONTANA LTD,PO BOX 1032,,,CISCO,TX,Vacant Land,640.0,5
Musselshell,WILKS BROTHERS,WILKS RANCH MONTANA LTD,PO BOX 1032,,,CISCO,TX,Vacant Land,480.0,5
Musselshell,WILKS BROTHERS,WILKS RANCH MONTANA LTD,PO BOX 1032,,,CISCO,TX,Vacant Land,480.0,5
Musselshell,GREAT NORTHERN PROPERTIES,GREAT NORTHERN PROPERTIES,MAIL TO: GNP LP,PO BOX 1745,,MILES CITY,MT,Vacant Land,634.84,10
Musselshell,WILKS BROTHERS,WILKS RANCH MONTANA LTD,PO BOX 1032,,,CISCO,TX,Vacant Land,640.0,5
Musselshell,WILKS BROTHERS,WILKS RANCH MONTANA LTD,PO BOX 1032,,,CISCO,TX,Vacant Land,640.48,5
Musselshell,WILKS BROTHERS,WILKS RANCH MONTANA LTD,PO BOX 1032,,,CISCO,TX,Vacant Land,640.0,5
Musselshell,WILKS BROTHERS,WILKS RANCH MONTANA LTD,PO BOX 1032,,,CISCO,TX,Vacant Land,200.0,5
Musselshell,WILKS BROTHERS,WILKS RANCH MONTANA LTD,PO BOX 1032,,,CISCO,TX,Vacant Land,480.0,5
Musselshell,WILKS BROTHERS,WILKS RANCH MONTANA LTD,PO BOX 1032,,,CISCO,TX,Vacant Land,640.0,5
Musselshell,WILKS BROTHERS,WILKS RANCH MONTANA LTD,PO BOX 1032,,,CISCO,TX,Vacant Land,629.8,5
Musselshell,WILKS BROTHERS,WILKS RANCH MONTANA LTD,PO BOX 1032,,,CISCO,TX,Vacant Land,438.16,5
Musselshell,GREAT NORTHERN PROPERTIES,GREAT NORTHERN PROPERTIES,MAIL TO: GNP LP,PO BOX 1745,,MILES CITY,MT,Vacant Land,640.0,10
Musselshell,WILKS BROTHERS,WILKS RANCH MONTANA LTD,PO BOX 1032,,,CISCO,TX,Vacant Land,320.0,5
Musselshell,WILKS BROTHERS,WILKS RANCH MONTANA LTD,PO BOX 1032,,,CISCO,TX,Vacant Land,640.0,5
Musselshell,WILKS BROTHERS,WILKS RANCH MONTANA LTD,PO BOX 1032,,,CISCO,TX,Vacant Land,380.0,5
Musselshell,WILKS BROTHERS,WILKS RANCH MONTANA LTD,PO BOX 1032,,,CISCO,TX,Vacant Land,140.0,5
Musselshell,GREAT NORTHERN PROPERTIES,GREAT NORTHERN PROPERTIES,MAIL TO: GNP LP,PO BOX 1745,,MILES CITY,MT,Vacant Land,320.0,10
Musselshell,WILKS BROTHERS,WILKS RANCH MONTANA LTD,PO BOX 1032,,,CISCO,TX,Vacant Land,640.0,5
Musselshell,WILKS BROTHERS,WILKS RANCH MONTANA LTD,PO BOX 1032,,,CISCO,TX,Vacant Land,640.0,5
Musselshell,WILKS BROTHERS,WILKS RANCH MONTANA LTD,PO BOX 1032,,,CISCO,TX,Vacant Land,240.0,5
Musselshell,WILKS BROTHERS,WILKS RANCH MONTANA LTD,PO BOX 1032,,,CISCO,TX,Improved Property,640.0,5
Musselshell,WILKS BROTHERS,WILKS RANCH MONTANA LTD,PO BOX 1032,,,CISCO,TX,Vacant Land,400.0,5
Musselshell,WILKS BROTHERS,WILKS RANCH MONTANA LTD,PO BOX 1032,,,CISCO,TX,Vacant Land,480.0,5
Musselshell,WILKS BROTHERS,WILKS RANCH MONTANA LTD,PO BOX 1032,,,CISCO,TX,Vacant Land,640.0,5
Musselshell,WILKS BROTHERS,WILKS RANCH MONTANA LTD,PO BOX 1032,,,CISCO,TX,Vacant Land,120.0,5
Musselshell,WILKS BROTHERS,WILKS RANCH MONTANA LTD,PO BOX 1032,,,CISCO,TX,Vacant Land,160.0,5
Musselshell,WILKS BROTHERS,WILKS RANCH MONTANA LTD,PO BOX 1032,,,CISCO,TX,Vacant Land,480.0,5
Musselshell,GREAT NORTHERN PROPERTIES,GREAT NORTHERN PROPERTIES,MAIL TO: GNP LP,PO BOX 1745,,MILES CITY,MT,Vacant Land,635.46,10
Musselshell,WILKS BROTHERS,WILKS RANCH MONTANA LTD,PO BOX 1032,,,CISCO,TX,Vacant Land,640.0,5
Musselshell,WILKS BROTHERS,WILKS RANCH MONTANA LTD,PO BOX 1032,,,CISCO,TX,Vacant Land,320.0,5
Musselshell,WILKS BROTHERS,WILKS RANCH MONTANA LTD,PO BOX 1032,,,CISCO,TX,Vacant Land,320.0,5
Musselshell,WILKS BROTHERS,WILKS RANCH MONTANA LTD,PO BOX 1032,,,CISCO,TX,Vacant Land,160.0,5
Musselshell,WILKS BROTHERS,WILKS RANCH MONTANA LTD,PO BOX 1032,,,CISCO,TX,Vacant Land,512.81,5
Musselshell,WILKS BROTHERS,WILKS RANCH MONTANA LTD,PO BOX 1032,,,CISCO,TX,Vacant Land,280.0,5
Musselshell,WILKS BROTHERS,WILKS RANCH MONTANA LTD,PO BOX 1032,,,CISCO,TX,Vacant Land,639.08,5
Musselshell,WILKS BROTHERS,WILKS RANCH MONTANA LTD,PO BOX 1032,,,CISCO,TX,Vacant Land,320.0,5
Musselshell,WILKS BROTHERS,WILKS RANCH MONTANA LTD,PO BOX 1032,,,CISCO,TX,Vacant Land,640.0,5
Musselshell,WILKS BROTHERS,WILKS RANCH MONTANA LTD,PO BOX 1032,,,CISCO,TX,Vacant Land,629.8,5
Musselshell,WILKS BROTHERS,WILKS RANCH MONTANA LTD,PO BOX 1032,,,CISCO,TX,Vacant Land,320.0,5
Musselshell,WILKS BROTHERS,WILKS RANCH MONTANA LTD,PO BOX 1032,,,CISCO,TX,Vacant Land,160.0,5
Musselshell,GREAT NORTHERN PROPERTIES,GREAT NORTHERN PROPERTIES,MAIL TO: GNP LP,PO BOX 1745,,MILES CITY,MT,Vacant Land,640.0,10
Big Horn,SUNLIGHT RANCH COMPANY,SUNLIGHT RANCH COMPANY,ATTN: PROPERTY TAX DEPT,PO BOX 30825,,SALT LAKE CITY,UT,Vacant Land,240.0,6
Big Horn,SUNLIGHT RANCH COMPANY,SUNLIGHT RANCH COMPANY,ATTN: PROPERTY TAX DEPT,PO BOX 30825,,SALT LAKE CITY,UT,Vacant Land,40.05,6
Big Horn,SUNLIGHT RANCH COMPANY,SUNLIGHT RANCH COMPANY,ATTN: PROPERTY TAX DEPT,PO BOX 30825,,SALT LAKE CITY,UT,Vacant Land,560.0,6
Big Horn,SUNLIGHT RANCH COMPANY,SUNLIGHT RANCH COMPANY,ATTN: PROPERTY TAX DEPT,PO BOX 30825,,SALT LAKE CITY,UT,Vacant Land,120.0,6
Big Horn,SUNLIGHT RANCH COMPANY,SUNLIGHT RANCH COMPANY,ATTN: PROPERTY TAX DEPT,PO BOX 30825,,SALT LAKE CITY,UT,Vacant Land,640.0,6
Big Horn,SUNLIGHT RANCH COMPANY,SUNLIGHT RANCH COMPANY,ATTN: PROPERTY TAX DEPT,PO BOX 30825,,SALT LAKE CITY,UT,Vacant Land,200.0,6
Big Horn,SUNLIGHT RANCH COMPANY,SUNLIGHT RANCH COMPANY,ATTN: PROPERTY TAX DEPT,PO BOX 30825,,SALT LAKE CITY,UT,Vacant Land,560.0,6
Big Horn,SUNLIGHT RANCH COMPANY,SUNLIGHT RANCH COMPANY,ATTN: PROPERTY TAX DEPT,PO BOX 30825,,SALT LAKE CITY,UT,Vacant Land,317.5,6
Big Horn,SUNLIGHT RANCH COMPANY,SUNLIGHT RANCH COMPANY,ATTN: PROPERTY TAX DEPT,PO BOX 30825,,SALT LAKE CITY,UT,Vacant Land,2.5,6
Big Horn,SUNLIGHT RANCH COMPANY,SUNLIGHT RANCH COMPANY,ATTN: PROPERTY TAX DEPT,PO BOX 30825,,SALT LAKE CITY,UT,Vacant Land,640.0,6
Big Horn,SUNLIGHT RANCH COMPANY,SUNLIGHT RANCH COMPANY,ATTN: PROPERTY TAX DEPT,PO BOX 30825,,SALT LAKE CITY,UT,Vacant Land,120.0,6
Big Horn,SUNLIGHT RANCH COMPANY,SUNLIGHT RANCH COMPANY,ATTN: PROPERTY TAX DEPT,PO BOX 30825,,SALT LAKE CITY,UT,Vacant Land,440.0,6
Big Horn,SUNLIGHT RANCH COMPANY,SUNLIGHT RANCH COMPANY,ATTN: PROPERTY TAX DEPT,PO BOX 30825,,SALT LAKE CITY,UT,Vacant Land,80.0,6
Big Horn,SUNLIGHT RANCH COMPANY,SUNLIGHT RANCH COMPANY,ATTN: PROPERTY TAX DEPT,PO BOX 30825,,SALT LAKE CITY,UT,Vacant Land,640.0,6
Big Horn,SUNLIGHT RANCH COMPANY,SUNLIGHT RANCH COMPANY,ATTN: PROPERTY TAX DEPT,PO BOX 30825,,SALT LAKE CITY,UT,Vacant Land,100.0,6
Big Horn,SUNLIGHT RANCH COMPANY,SUNLIGHT RANCH COMPANY,ATTN: PROPERTY TAX DEPT,PO BOX 30825,,SALT LAKE CITY,UT,Vacant Land,240.0,6
Big Horn,SUNLIGHT RANCH COMPANY,SUNLIGHT RANCH COMPANY,ATTN: PROPERTY TAX DEPT,PO BOX 30825,,SALT LAKE CITY,UT,Vacant Land,160.0,6
Big Horn,SUNLIGHT RANCH COMPANY,SUNLIGHT RANCH COMPANY,ATTN: PROPERTY TAX DEPT,PO BOX 30825,,SALT LAKE CITY,UT,Vacant Land,640.0,6
Big Horn,SUNLIGHT RANCH COMPANY,SUNLIGHT RANCH COMPANY,ATTN: PROPERTY TAX DEPT,PO BOX 30825,,SALT LAKE CITY,UT,Vacant Land,200.0,6
Big Horn,SUNLIGHT RANCH COMPANY,SUNLIGHT RANCH COMPANY,ATTN: PROPERTY TAX DEPT,PO BOX 30825,,SALT LAKE CITY,UT,Vacant Land,141.21,6
Big Horn,SUNLIGHT RANCH COMPANY,SUNLIGHT RANCH COMPANY,ATTN: PROPERTY TAX DEPT,PO BOX 30825,,SALT LAKE CITY,UT,Vacant Land,360.0,6
Big Horn,SUNLIGHT RANCH COMPANY,SUNLIGHT RANCH COMPANY,ATTN: PROPERTY TAX DEPT,PO BOX 30825,,SALT LAKE CITY,UT,Vacant Land,640.0,6
Big Horn,SUNLIGHT RANCH COMPANY,SUNLIGHT RANCH COMPANY,ATTN: PROPERTY TAX DEPT,PO BOX 30825,,SALT LAKE CITY,UT,Vacant Land,320.0,6
Big Horn,SUNLIGHT RANCH COMPANY,SUNLIGHT RANCH COMPANY,ATTN: PROPERTY TAX DEPT,PO BOX 30825,,SALT LAKE CITY,UT,Vacant Land,480.0,6
Big Horn,SUNLIGHT RANCH COMPANY,SUNLIGHT RANCH COMPANY,ATTN: PROPERTY TAX DEPT,PO BOX 30825,,SALT LAKE CITY,UT,Vacant Land,319.98,6
Big Horn,SUNLIGHT RANCH COMPANY,SUNLIGHT RANCH COMPANY,ATTN: PROPERTY TAX DEPT,PO BOX 30825,,SALT LAKE CITY,UT,Vacant Land,636.84,6
Big Horn,SUNLIGHT RANCH COMPANY,SUNLIGHT RANCH COMPANY,ATTN: PROPERTY TAX DEPT,PO BOX 30825,,SALT LAKE CITY,UT,Vacant Land,640.0,6
Big Horn,SUNLIGHT RANCH COMPANY,SUNLIGHT RANCH COMPANY,ATTN: PROPERTY TAX DEPT,PO BOX 30825,,SALT LAKE CITY,UT,Vacant Land,640.0,6
Big Horn,SUNLIGHT RANCH COMPANY,SUNLIGHT RANCH COMPANY,ATTN: PROPERTY TAX DEPT,PO BOX 30825,,SALT LAKE CITY,UT,Vacant Land,40.0,6
Big Horn,SUNLIGHT RANCH COMPANY,SUNLIGHT RANCH COMPANY,ATTN: PROPERTY TAX DEPT,PO BOX 30825,,SALT LAKE CITY,UT,Vacant Land,640.0,6
Big Horn,SUNLIGHT RANCH COMPANY,SUNLIGHT RANCH COMPANY,ATTN: PROPERTY TAX DEPT,PO BOX 30825,,SALT LAKE CITY,UT,Vacant Land,160.0,6
Big Horn,SUNLIGHT RANCH COMPANY,SUNLIGHT RANCH COMPANY,ATTN: PROPERTY TAX DEPT,PO BOX 30825,,SALT LAKE CITY,UT,Vacant Land,640.0,6
Big Horn,SUNLIGHT RANCH COMPANY,SUNLIGHT RANCH COMPANY,ATTN: PROPERTY TAX DEPT,PO BOX 30825,,SALT LAKE CITY,UT,Vacant Land,640.0,6
Big Horn,SUNLIGHT RANCH COMPANY,SUNLIGHT RANCH COMPANY,ATTN: PROPERTY TAX DEPT,PO BOX 30825,,SALT LAKE CITY,UT,Vacant Land,344.01,6
Big Horn,SUNLIGHT RANCH COMPANY,SUNLIGHT RANCH COMPANY,ATTN: PROPERTY TAX DEPT,PO BOX 30825,,SALT LAKE CITY,UT,Vacant Land,640.0,6
Big Horn,SUNLIGHT RANCH COMPANY,SUNLIGHT RANCH COMPANY,ATTN: PROPERTY TAX DEPT,PO BOX 30825,,SALT LAKE CITY,UT,Vacant Land,40.0,6
Big Horn,SUNLIGHT RANCH COMPANY,SUNLIGHT RANCH COMPANY,ATTN: PROPERTY TAX DEPT,PO BOX 30825,,SALT LAKE CITY,UT,Vacant Land,600.0,6
Big Horn,SUNLIGHT RANCH COMPANY,SUNLIGHT RANCH COMPANY,ATTN: PROPERTY TAX DEPT,PO BOX 30825,,SALT LAKE CITY,UT,Improved Property,643.56,6
Big Horn,SUNLIGHT RANCH COMPANY,SUNLIGHT RANCH COMPANY,ATTN: PROPERTY TAX DEPT,PO BOX 30825,,SALT LAKE CITY,UT,Improved Property,640.0,6
Big Horn,SUNLIGHT RANCH COMPANY,SUNLIGHT RANCH COMPANY,ATTN: PROPERTY TAX DEPT,PO BOX 30825,,SALT LAKE CITY,UT,Vacant Land,120.0,6
Big Horn,SUNLIGHT RANCH COMPANY,SUNLIGHT RANCH COMPANY,ATTN: PROPERTY TAX DEPT,PO BOX 30825,,SALT LAKE CITY,UT,Vacant Land,240.0,6
Big Horn,SUNLIGHT RANCH COMPANY,SUNLIGHT RANCH COMPANY,ATTN: PROPERTY TAX DEPT,PO BOX 30825,,SALT LAKE CITY,UT,Vacant Land,640.0,6
Big Horn,SUNLIGHT RANCH COMPANY,SUNLIGHT RANCH COMPANY,ATTN: PROPERTY TAX DEPT,PO BOX 30825,,SALT LAKE CITY,UT,Vacant Land,160.84,6
Big Horn,SUNLIGHT RANCH COMPANY,SUNLIGHT RANCH COMPANY,ATTN: PROPERTY TAX DEPT,PO BOX 30825,,SALT LAKE CITY,UT,Vacant Land,40.0,6
Big Horn,SUNLIGHT RANCH COMPANY,SUNLIGHT RANCH COMPANY,ATTN: PROPERTY TAX DEPT,PO BOX 30825,,SALT LAKE CITY,UT,Vacant Land,40.0,6
Big Horn,SUNLIGHT RANCH COMPANY,SUNLIGHT RANCH COMPANY,ATTN: PROPERTY TAX DEPT,PO BOX 30825,,SALT LAKE CITY,UT,Vacant Land,640.0,6
Big Horn,SUNLIGHT RANCH COMPANY,SUNLIGHT RANCH COMPANY,ATTN: PROPERTY TAX DEPT,PO BOX 30825,,SALT LAKE CITY,UT,Vacant Land,640.0,6
Big Horn,SUNLIGHT RANCH COMPANY,SUNLIGHT RANCH COMPANY,ATTN: PROPERTY TAX DEPT,PO BOX 30825,,SALT LAKE CITY,UT,Vacant Land,200.0,6
Big Horn,SUNLIGHT RANCH COMPANY,SUNLIGHT RANCH COMPANY,ATTN: PROPERTY TAX DEPT,PO BOX 30825,,SALT LAKE CITY,UT,Vacant Land,639.8,6
Big Horn,SUNLIGHT RANCH COMPANY,SUNLIGHT RANCH COMPANY,ATTN: PROPERTY TAX DEPT,PO BOX 30825,,SALT LAKE CITY,UT,Vacant Land,540.0,6
Big Horn,SUNLIGHT RANCH COMPANY,SUNLIGHT RANCH COMPANY,ATTN: PROPERTY TAX DEPT,PO BOX 30825,,SALT LAKE CITY,UT,Vacant Land,100.0,6
Big Horn,SUNLIGHT RANCH COMPANY,SUNLIGHT RANCH COMPANY,ATTN: PROPERTY TAX DEPT,PO BOX 30825,,SALT LAKE CITY,UT,Vacant Land,640.0,6
Big Horn,SUNLIGHT RANCH COMPANY,SUNLIGHT RANCH COMPANY,ATTN: PROPERTY TAX DEPT,PO BOX 30825,,SALT LAKE CITY,UT,Vacant Land,630.52,6
Big Horn,SUNLIGHT RANCH COMPANY,SUNLIGHT RANCH COMPANY,ATTN: PROPERTY TAX DEPT,PO BOX 30825,,SALT LAKE CITY,UT,Vacant Land,639.68,6
Big Horn,SUNLIGHT RANCH COMPANY,SUNLIGHT RANCH COMPANY,ATTN: PROPERTY TAX DEPT,PO BOX 30825,,SALT LAKE CITY,UT,Vacant Land,639.6,6
Big Horn,SUNLIGHT RANCH COMPANY,SUNLIGHT RANCH COMPANY,ATTN: PROPERTY TAX DEPT,PO BOX 30825,,SALT LAKE CITY,UT,Vacant Land,40.0,6
Big Horn,SUNLIGHT RANCH COMPANY,SUNLIGHT RANCH COMPANY,ATTN: PROPERTY TAX DEPT,PO BOX 30825,,SALT LAKE CITY,UT,Vacant Land,160.0,6
Big Horn,SUNLIGHT RANCH COMPANY,SUNLIGHT RANCH COMPANY,ATTN: PROPERTY TAX DEPT,PO BOX 30825,,SALT LAKE CITY,UT,Vacant Land,640.0,6
Big Horn,SUNLIGHT RANCH COMPANY,SUNLIGHT RANCH COMPANY,ATTN: PROPERTY TAX DEPT,PO BOX 30825,,SALT LAKE CITY,UT,Vacant Land,110.0,6
Big Horn,SUNLIGHT RANCH COMPANY,SUNLIGHT RANCH COMPANY,ATTN: PROPERTY TAX DEPT,PO BOX 30825,,SALT LAKE CITY,UT,Vacant Land,714.54,6
Big Horn,SUNLIGHT RANCH COMPANY,SUNLIGHT RANCH COMPANY,ATTN: PROPERTY TAX DEPT,PO BOX 30825,,SALT LAKE CITY,UT,Vacant Land,640.0,6
Big Horn,SUNLIGHT RANCH COMPANY,SUNLIGHT RANCH COMPANY,ATTN: PROPERTY TAX DEPT,PO BOX 30825,,SALT LAKE CITY,UT,Vacant Land,80.0,6
Big Horn,SUNLIGHT RANCH COMPANY,SUNLIGHT RANCH COMPANY,ATTN: PROPERTY TAX DEPT,PO BOX 30825,,SALT LAKE CITY,UT,Vacant Land,116.85,6
Big Horn,SUNLIGHT RANCH COMPANY,SUNLIGHT RANCH COMPANY,ATTN: PROPERTY TAX DEPT,PO BOX 30825,,SALT LAKE CITY,UT,Vacant Land,637.64,6
Big Horn,SUNLIGHT RANCH COMPANY,SUNLIGHT RANCH COMPANY,ATTN: PROPERTY TAX DEPT,PO BOX 30825,,SALT LAKE CITY,UT,Vacant Land,640.0,6
Big Horn,SUNLIGHT RANCH COMPANY,SUNLIGHT RANCH COMPANY,ATTN: PROPERTY TAX DEPT,PO BOX 30825,,SALT LAKE CITY,UT,Vacant Land,636.16,6
Big Horn,SUNLIGHT RANCH COMPANY,SUNLIGHT RANCH COMPANY,ATTN: PROPERTY TAX DEPT,PO BOX 30825,,SALT LAKE CITY,UT,Vacant Land,639.8,6
Big Horn,SUNLIGHT RANCH COMPANY,SUNLIGHT RANCH COMPANY,ATTN: PROPERTY TAX DEPT,PO BOX 30825,,SALT LAKE CITY,UT,Vacant Land,160.0,6
Big Horn,SUNLIGHT RANCH COMPANY,SUNLIGHT RANCH COMPANY,ATTN: PROPERTY TAX DEPT,PO BOX 30825,,SALT LAKE CITY,UT,Vacant Land,240.0,6
Big Horn,SUNLIGHT RANCH COMPANY,SUNLIGHT RANCH COMPANY,ATTN: PROPERTY TAX DEPT,PO BOX 30825,,SALT LAKE CITY,UT,Vacant Land,160.0,6
Big Horn,SUNLIGHT RANCH COMPANY,SUNLIGHT RANCH COMPANY,ATTN: PROPERTY TAX DEPT,PO BOX 30825,,SALT LAKE CITY,UT,Vacant Land,560.0,6
Big Horn,SUNLIGHT RANCH COMPANY,SUNLIGHT RANCH COMPANY,ATTN: PROPERTY TAX DEPT,PO BOX 30825,,SALT LAKE CITY,UT,Vacant Land,80.0,6
Big Horn,SUNLIGHT RANCH COMPANY,SUNLIGHT RANCH LLC,710 ROAD 8VE,,,POWELL,WY,Vacant Land,240.0,6
Big Horn,SUNLIGHT RANCH COMPANY,SUNLIGHT RANCH COMPANY,ATTN: PROPERTY TAX DEPT,PO BOX 30825,,SALT LAKE CITY,UT,Vacant Land,640.0,6
Big Horn,SUNLIGHT RANCH COMPANY,SUNLIGHT RANCH COMPANY,ATTN: PROPERTY TAX DEPT,PO BOX 30825,,SALT LAKE CITY,UT,Vacant Land,640.0,6
Big Horn,SUNLIGHT RANCH COMPANY,SUNLIGHT RANCH COMPANY,ATTN: PROPERTY TAX DEPT,PO BOX 30825,,SALT LAKE CITY,UT,Vacant Land,639.28,6
Big Horn,SUNLIGHT RANCH COMPANY,SUNLIGHT RANCH COMPANY,ATTN: PROPERTY TAX DEPT,PO BOX 30825,,SALT LAKE CITY,UT,Vacant Land,633.29,6
Big Horn,SUNLIGHT RANCH COMPANY,SUNLIGHT RANCH COMPANY,ATTN: PROPERTY TAX DEPT,PO BOX 30825,,SALT LAKE CITY,UT,Vacant Land,637.9,6
Big Horn,SUNLIGHT RANCH COMPANY,SUNLIGHT RANCH COMPANY,ATTN: PROPERTY TAX DEPT,PO BOX 30825,,SALT LAKE CITY,UT,Vacant Land,120.0,6
Big Horn,SUNLIGHT RANCH COMPANY,SUNLIGHT RANCH COMPANY,ATTN: PROPERTY TAX DEPT,PO BOX 30825,,SALT LAKE CITY,UT,Vacant Land,280.0,6
Big Horn,SUNLIGHT RANCH COMPANY,SUNLIGHT RANCH COMPANY,ATTN: PROPERTY TAX DEPT,PO BOX 30825,,SALT LAKE CITY,UT,Vacant Land,640.0,6
Big Horn,SUNLIGHT RANCH COMPANY,SUNLIGHT RANCH COMPANY,ATTN: PROPERTY TAX DEPT,PO BOX 30825,,SALT LAKE CITY,UT,Vacant Land,489.04,6
Big Horn,SUNLIGHT RANCH COMPANY,SUNLIGHT RANCH COMPANY,ATTN: PROPERTY TAX DEPT,PO BOX 30825,,SALT LAKE CITY,UT,Vacant Land,80.0,6
Big Horn,SUNLIGHT RANCH COMPANY,SUNLIGHT RANCH COMPANY,ATTN: PROPERTY TAX DEPT,PO BOX 30825,,SALT LAKE CITY,UT,Vacant Land,640.0,6
Big Horn,SUNLIGHT RANCH COMPANY,SUNLIGHT RANCH COMPANY,ATTN: PROPERTY TAX DEPT,PO BOX 30825,,SALT LAKE CITY,UT,Vacant Land,640.0,6
Big Horn,SUNLIGHT RANCH COMPANY,SUNLIGHT RANCH COMPANY,ATTN: PROPERTY TAX DEPT,PO BOX 30825,,SALT LAKE CITY,UT,Vacant Land,232.0,6
Big Horn,SUNLIGHT RANCH COMPANY,SUNLIGHT RANCH COMPANY,ATTN: PROPERTY TAX DEPT,PO BOX 30825,,SALT LAKE CITY,UT,Vacant Land,656.41,6
Big Horn,SUNLIGHT RANCH COMPANY,SUNLIGHT RANCH COMPANY,ATTN: PROPERTY TAX DEPT,PO BOX 30825,,SALT LAKE CITY,UT,Vacant Land,163.17,6
Big Horn,SUNLIGHT RANCH COMPANY,SUNLIGHT RANCH COMPANY,ATTN: PROPERTY TAX DEPT,PO BOX 30825,,SALT LAKE CITY,UT,Vacant Land,268.76,6
Big Horn,SUNLIGHT RANCH COMPANY,SUNLIGHT RANCH COMPANY,ATTN: PROPERTY TAX DEPT,PO BOX 30825,,SALT LAKE CITY,UT,Vacant Land,80.0,6
Big Horn,SUNLIGHT RANCH COMPANY,SUNLIGHT RANCH COMPANY,ATTN: PROPERTY TAX DEPT,PO BOX 30825,,SALT LAKE CITY,UT,Vacant Land,640.0,6
Big Horn,SUNLIGHT RANCH COMPANY,SUNLIGHT RANCH COMPANY,ATTN: PROPERTY TAX DEPT,PO BOX 30825,,SALT LAKE CITY,UT,Vacant Land,658.52,6
Big Horn,SUNLIGHT RANCH COMPANY,SUNLIGHT RANCH COMPANY A WYOMING CORPORATION,ATTN: PROPERTY TAX DEPT,PO BOX 30825,,SALT LAKE CITY,UT,Improved Property,2.38,6
Big Horn,SUNLIGHT RANCH COMPANY,SUNLIGHT RANCH COMPANY,ATTN: PROPERTY TAX DEPT,PO BOX 30825,,SALT LAKE CITY,UT,Vacant Land,658.96,6
Big Horn,SUNLIGHT RANCH COMPANY,SUNLIGHT RANCH COMPANY,ATTN: PROPERTY TAX DEPT,PO BOX 30825,,SALT LAKE CITY,UT,Vacant Land,640.0,6
Big Horn,SUNLIGHT RANCH COMPANY,SUNLIGHT RANCH COMPANY,ATTN: PROPERTY TAX DEPT,PO BOX 30825,,SALT LAKE CITY,UT,Vacant Land,638.64,6
Big Horn,SUNLIGHT RANCH COMPANY,SUNLIGHT RANCH COMPANY,ATTN: PROPERTY TAX DEPT,PO BOX 30825,,SALT LAKE CITY,UT,Vacant Land,80.0,6
Big Horn,SUNLIGHT RANCH COMPANY,SUNLIGHT RANCH COMPANY,ATTN: PROPERTY TAX DEPT,PO BOX 30825,,SALT LAKE CITY,UT,Vacant Land,640.0,6
Big Horn,SUNLIGHT RANCH COMPANY,SUNLIGHT RANCH COMPANY,ATTN: PROPERTY TAX DEPT,PO BOX 30825,,SALT LAKE CITY,UT,Vacant Land,640.0,6
Big Horn,SUNLIGHT RANCH COMPANY,SUNLIGHT RANCH COMPANY,ATTN: PROPERTY TAX DEPT,PO BOX 30825,,SALT LAKE CITY,UT,Improved Property,640.0,6
Big Horn,SUNLIGHT RANCH COMPANY,SUNLIGHT RANCH COMPANY,ATTN: PROPERTY TAX DEPT,PO BOX 30825,,SALT LAKE CITY,UT,Vacant Land,40.0,6
Big Horn,SUNLIGHT RANCH COMPANY,SUNLIGHT RANCH COMPANY,ATTN: PROPERTY TAX DEPT,PO BOX 30825,,SALT LAKE CITY,UT,Vacant Land,640.0,6
Big Horn,SUNLIGHT RANCH COMPANY,SUNLIGHT RANCH COMPANY,ATTN: PROPERTY TAX DEPT,PO BOX 30825,,SALT LAKE CITY,UT,Vacant Land,639.84,6
Big Horn,SUNLIGHT RANCH COMPANY,SUNLIGHT RANCH COMPANY,ATTN: PROPERTY TAX DEPT,PO BOX 30825,,SALT LAKE CITY,UT,Vacant Land,120.0,6
Big Horn,SUNLIGHT RANCH COMPANY,SUNLIGHT RANCH COMPANY,ATTN: PROPERTY TAX DEPT,PO BOX 30825,,SALT LAKE CITY,UT,Vacant Land,171.56,6
Big Horn,SUNLIGHT RANCH COMPANY,SUNLIGHT RANCH COMPANY,ATTN: PROPERTY TAX DEPT,PO BOX 30825,,SALT LAKE CITY,UT,Vacant Land,160.0,6
Big Horn,SUNLIGHT RANCH COMPANY,SUNLIGHT RANCH COMPANY,ATTN: PROPERTY TAX DEPT,PO BOX 30825,,SALT LAKE CITY,UT,Vacant Land,640.8,6
Big Horn,SUNLIGHT RANCH COMPANY,SUNLIGHT RANCH COMPANY,ATTN: PROPERTY TAX DEPT,PO BOX 30825,,SALT LAKE CITY,UT,Vacant Land,640.0,6
Big Horn,SUNLIGHT RANCH COMPANY,SUNLIGHT RANCH COMPANY,ATTN: PROPERTY TAX DEPT,PO BOX 30825,,SALT LAKE CITY,UT,Vacant Land,640.0,6
Big Horn,SUNLIGHT RANCH COMPANY,SUNLIGHT RANCH COMPANY,ATTN: PROPERTY TAX DEPT,PO BOX 30825,,SALT LAKE CITY,UT,Vacant Land,640.0,6
Big Horn,SUNLIGHT RANCH COMPANY,SUNLIGHT RANCH COMPANY,ATTN: PROPERTY TAX DEPT,PO BOX 30825,,SALT LAKE CITY,UT,Vacant Land,160.0,6
Big Horn,SUNLIGHT RANCH COMPANY,SUNLIGHT RANCH COMPANY,ATTN: PROPERTY TAX DEPT,PO BOX 30825,,SALT LAKE CITY,UT,Vacant Land,640.0,6
Big Horn,SUNLIGHT RANCH COMPANY,SUNLIGHT RANCH COMPANY,ATTN: PROPERTY TAX DEPT,PO BOX 30825,,SALT LAKE CITY,UT,Vacant Land,640.0,6
Big Horn,SUNLIGHT RANCH COMPANY,SUNLIGHT RANCH COMPANY,ATTN: PROPERTY TAX DEPT,PO BOX 30825,,SALT LAKE CITY,UT,Vacant Land,640.0,6
Big Horn,SUNLIGHT RANCH COMPANY,SUNLIGHT RANCH COMPANY,ATTN: PROPERTY TAX DEPT,PO BOX 30825,,SALT LAKE CITY,UT,Vacant Land,640.0,6
Big Horn,SUNLIGHT RANCH COMPANY,SUNLIGHT RANCH COMPANY,ATTN: PROPERTY TAX DEPT,PO BOX 30825,,SALT LAKE CITY,UT,Vacant Land,120.0,6
Big Horn,SUNLIGHT RANCH COMPANY,SUNLIGHT RANCH LLC,710 ROAD 8VE,,,POWELL,WY,Vacant Land,240.0,6
Big Horn,SUNLIGHT RANCH COMPANY,SUNLIGHT RANCH COMPANY,ATTN: PROPERTY TAX DEPT,PO BOX 30825,,SALT LAKE CITY,UT,Vacant Land,520.0,6
Big Horn,SUNLIGHT RANCH COMPANY,SUNLIGHT RANCH COMPANY,ATTN: PROPERTY TAX DEPT,PO BOX 30825,,SALT LAKE CITY,UT,Vacant Land,280.0,6
Big Horn,SUNLIGHT RANCH COMPANY,SUNLIGHT RANCH COMPANY,ATTN: PROPERTY TAX DEPT,PO BOX 30825,,SALT LAKE CITY,UT,Vacant Land,120.0,6
Big Horn,SUNLIGHT RANCH COMPANY,SUNLIGHT RANCH COMPANY,ATTN: PROPERTY TAX DEPT,PO BOX 30825,,SALT LAKE CITY,UT,Vacant Land,40.0,6
Big Horn,SUNLIGHT RANCH COMPANY,SUNLIGHT RANCH COMPANY,ATTN: PROPERTY TAX DEPT,PO BOX 30825,,SALT LAKE CITY,UT,Vacant Land,640.0,6
Big Horn,SUNLIGHT RANCH COMPANY,SUNLIGHT RANCH COMPANY,ATTN: PROPERTY TAX DEPT,PO BOX 30825,,SALT LAKE CITY,UT,Vacant Land,240.0,6
Big Horn,SUNLIGHT RANCH COMPANY,SUNLIGHT RANCH COMPANY,ATTN: PROPERTY TAX DEPT,PO BOX 30825,,SALT LAKE CITY,UT,Vacant Land,200.0,6
Big Horn,SUNLIGHT RANCH COMPANY,SUNLIGHT RANCH COMPANY,ATTN: PROPERTY TAX DEPT,PO BOX 30825,,SALT LAKE CITY,UT,Vacant Land,160.0,6
Big Horn,SUNLIGHT RANCH COMPANY,SUNLIGHT RANCH LLC,710 ROAD 8VE,,,POWELL,WY,Vacant Land,336.862,6
Big Horn,SUNLIGHT RANCH COMPANY,SUNLIGHT RANCH COMPANY,ATTN: PROPERTY TAX DEPT,PO BOX 30825,,SALT LAKE CITY,UT,Vacant Land,639.52,6
Big Horn,SUNLIGHT RANCH COMPANY,SUNLIGHT RANCH COMPANY,ATTN: PROPERTY TAX DEPT,PO BOX 30825,,SALT LAKE CITY,UT,Vacant Land,320.0,6
Big Horn,SUNLIGHT RANCH COMPANY,SUNLIGHT RANCH COMPANY,ATTN: PROPERTY TAX DEPT,PO BOX 30825,,SALT LAKE CITY,UT,Vacant Land,164.55,6
Big Horn,SUNLIGHT RANCH COMPANY,SUNLIGHT RANCH COMPANY,ATTN: PROPERTY TAX DEPT,PO BOX 30825,,SALT LAKE CITY,UT,Vacant Land,480.0,6
Big Horn,SUNLIGHT RANCH COMPANY,SUNLIGHT RANCH COMPANY,ATTN: PROPERTY TAX DEPT,PO BOX 30825,,SALT LAKE CITY,UT,Vacant Land,160.0,6
Big Horn,SUNLIGHT RANCH COMPANY,SUNLIGHT RANCH COMPANY,ATTN: PROPERTY TAX DEPT,PO BOX 30825,,SALT LAKE CITY,UT,Improved Property,162.44,6
Big Horn,SUNLIGHT RANCH COMPANY,SUNLIGHT RANCH COMPANY,ATTN: PROPERTY TAX DEPT,PO BOX 30825,,SALT LAKE CITY,UT,Vacant Land,640.0,6
Big Horn,SUNLIGHT RANCH COMPANY,SUNLIGHT RANCH COMPANY,ATTN: PROPERTY TAX DEPT,PO BOX 30825,,SALT LAKE CITY,UT,Vacant Land,40.0,6
Big Horn,SUNLIGHT RANCH COMPANY,SUNLIGHT RANCH COMPANY,ATTN: PROPERTY TAX DEPT,PO BOX 30825,,SALT LAKE CITY,UT,Vacant Land,639.04,6
Big Horn,SUNLIGHT RANCH COMPANY,SUNLIGHT RANCH COMPANY,ATTN: PROPERTY TAX DEPT,PO BOX 30825,,SALT LAKE CITY,UT,Vacant Land,40.0,6
Big Horn,SUNLIGHT RANCH COMPANY,SUNLIGHT RANCH COMPANY,ATTN: PROPERTY TAX DEPT,PO BOX 30825,,SALT LAKE CITY,UT,Vacant Land,200.6,6
Big Horn,SUNLIGHT RANCH COMPANY,SUNLIGHT RANCH COMPANY,ATTN: PROPERTY TAX DEPT,PO BOX 30825,,SALT LAKE CITY,UT,Vacant Land,640.0,6
Big Horn,SUNLIGHT RANCH COMPANY,SUNLIGHT RANCH COMPANY,ATTN: PROPERTY TAX DEPT,PO BOX 30825,,SALT LAKE CITY,UT,Vacant Land,638.64,6
Big Horn,SUNLIGHT RANCH COMPANY,SUNLIGHT RANCH COMPANY,ATTN: PROPERTY TAX DEPT,PO BOX 30825,,SALT LAKE CITY,UT,Vacant Land,636.44,6
Big Horn,SUNLIGHT RANCH COMPANY,SUNLIGHT RANCH COMPANY,ATTN: PROPERTY TAX DEPT,PO BOX 30825,,SALT LAKE CITY,UT,Vacant Land,320.0,6
Big Horn,SUNLIGHT RANCH COMPANY,SUNLIGHT RANCH COMPANY,ATTN: PROPERTY TAX DEPT,PO BOX 30825,,SALT LAKE CITY,UT,Vacant Land,640.0,6
Big Horn,SUNLIGHT RANCH COMPANY,SUNLIGHT RANCH COMPANY,ATTN: PROPERTY TAX DEPT,PO BOX 30825,,SALT LAKE CITY,UT,Vacant Land,23.15,6
Big Horn,SUNLIGHT RANCH COMPANY,SUNLIGHT RANCH COMPANY,ATTN: PROPERTY TAX DEPT,PO BOX 30825,,SALT LAKE CITY,UT,Vacant Land,640.0,6
Big Horn,SUNLIGHT RANCH COMPANY,SUNLIGHT RANCH COMPANY,ATTN: PROPERTY TAX DEPT,PO BOX 30825,,SALT LAKE CITY,UT,Vacant Land,80.0,6
Big Horn,SUNLIGHT RANCH COMPANY,SUNLIGHT RANCH COMPANY,ATTN: PROPERTY TAX DEPT,PO BOX 30825,,SALT LAKE CITY,UT,Vacant Land,600.0,6
Big Horn,SUNLIGHT RANCH COMPANY,SUNLIGHT RANCH COMPANY,ATTN: PROPERTY TAX DEPT,PO BOX 30825,,SALT LAKE CITY,UT,Vacant Land,640.0,6
Big Horn,SUNLIGHT RANCH COMPANY,SUNLIGHT RANCH COMPANY,ATTN: PROPERTY TAX DEPT,PO BOX 30825,,SALT LAKE CITY,UT,Vacant Land,480.0,6
Big Horn,SUNLIGHT RANCH COMPANY,SUNLIGHT RANCH COMPANY,ATTN: PROPERTY TAX DEPT,PO BOX 30825,,SALT LAKE CITY,UT,Vacant Land,640.0,6
Big Horn,SUNLIGHT RANCH COMPANY,SUNLIGHT RANCH COMPANY,ATTN: PROPERTY TAX DEPT,PO BOX 30825,,SALT LAKE CITY,UT,Vacant Land,640.0,6
Big Horn,SUNLIGHT RANCH COMPANY,SUNLIGHT RANCH COMPANY,ATTN: PROPERTY TAX DEPT,PO BOX 30825,,SALT LAKE CITY,UT,Vacant Land,559.2,6
Big Horn,SUNLIGHT RANCH COMPANY,SUNLIGHT RANCH COMPANY,ATTN: PROPERTY TAX DEPT,PO BOX 30825,,SALT LAKE CITY,UT,Vacant Land,640.0,6
Big Horn,SUNLIGHT RANCH COMPANY,SUNLIGHT RANCH COMPANY,ATTN: PROPERTY TAX DEPT,PO BOX 30825,,SALT LAKE CITY,UT,Vacant Land,180.0,6
Big Horn,SUNLIGHT RANCH COMPANY,SUNLIGHT RANCH COMPANY,ATTN: PROPERTY TAX DEPT,PO BOX 30825,,SALT LAKE CITY,UT,Vacant Land,640.0,6
Big Horn,SUNLIGHT RANCH COMPANY,SUNLIGHT RANCH COMPANY,ATTN: PROPERTY TAX DEPT,PO BOX 30825,,SALT LAKE CITY,UT,Vacant Land,40.36,6
Big Horn,SUNLIGHT RANCH COMPANY,SUNLIGHT RANCH COMPANY,ATTN: PROPERTY TAX DEPT,PO BOX 30825,,SALT LAKE CITY,UT,Vacant Land,640.0,6
Big Horn,SUNLIGHT RANCH COMPANY,SUNLIGHT RANCH COMPANY,ATTN: PROPERTY TAX DEPT,PO BOX 30825,,SALT LAKE CITY,UT,Improved Property,479.77,6
Big Horn,SUNLIGHT RANCH COMPANY,SUNLIGHT RANCH COMPANY,ATTN: PROPERTY TAX DEPT,PO BOX 30825,,SALT LAKE CITY,UT,Vacant Land,80.0,6
Big Horn,SUNLIGHT RANCH COMPANY,SUNLIGHT RANCH COMPANY,ATTN: PROPERTY TAX DEPT,PO BOX 30825,,SALT LAKE CITY,UT,Vacant Land,80.0,6
Big Horn,SUNLIGHT RANCH COMPANY,SUNLIGHT RANCH COMPANY,ATTN: PROPERTY TAX DEPT,PO BOX 30825,,SALT LAKE CITY,UT,Vacant Land,657.64,6
Big Horn,SUNLIGHT RANCH COMPANY,SUNLIGHT RANCH COMPANY,ATTN: PROPERTY TAX DEPT,PO BOX 30825,,SALT LAKE CITY,UT,Vacant Land,640.0,6
Big Horn,SUNLIGHT RANCH COMPANY,SUNLIGHT RANCH COMPANY,ATTN: PROPERTY TAX DEPT,PO BOX 30825,,SALT LAKE CITY,UT,Vacant Land,640.0,6
Big Horn,SUNLIGHT RANCH COMPANY,SUNLIGHT RANCH COMPANY,ATTN: PROPERTY TAX DEPT,PO BOX 30825,,SALT LAKE CITY,UT,Vacant Land,640.0,6
Big Horn,SUNLIGHT RANCH COMPANY,SUNLIGHT RANCH COMPANY,ATTN: PROPERTY TAX DEPT,PO BOX 30825,,SALT LAKE CITY,UT,Vacant Land,480.0,6
Big Horn,SUNLIGHT RANCH COMPANY,SUNLIGHT RANCH COMPANY,ATTN: PROPERTY TAX DEPT,PO BOX 30825,,SALT LAKE CITY,UT,Vacant Land,640.0,6
Big Horn,SUNLIGHT RANCH COMPANY,SUNLIGHT RANCH COMPANY,ATTN: PROPERTY TAX DEPT,PO BOX 30825,,SALT LAKE CITY,UT,Vacant Land,640.0,6
Big Horn,SUNLIGHT RANCH COMPANY,SUNLIGHT RANCH COMPANY,ATTN: PROPERTY TAX DEPT,PO BOX 30825,,SALT LAKE CITY,UT,Vacant Land,160.84,6
Big Horn,SUNLIGHT RANCH COMPANY,SUNLIGHT RANCH COMPANY,ATTN: PROPERTY TAX DEPT,PO BOX 30825,,SALT LAKE CITY,UT,Vacant Land,240.0,6
Big Horn,SUNLIGHT RANCH COMPANY,SUNLIGHT RANCH COMPANY,ATTN: PROPERTY TAX DEPT,PO BOX 30825,,SALT LAKE CITY,UT,Vacant Land,160.0,6
Big Horn,SUNLIGHT RANCH COMPANY,SUNLIGHT RANCH COMPANY,ATTN: PROPERTY TAX DEPT,PO BOX 30825,,SALT LAKE CITY,UT,Vacant Land,120.0,6
Big Horn,SUNLIGHT RANCH COMPANY,SUNLIGHT RANCH COMPANY,ATTN: PROPERTY TAX DEPT,PO BOX 30825,,SALT LAKE CITY,UT,Vacant Land,640.16,6
Big Horn,SUNLIGHT RANCH COMPANY,SUNLIGHT RANCH COMPANY,ATTN: PROPERTY TAX DEPT,PO BOX 30825,,SALT LAKE CITY,UT,Vacant Land,60.0,6
Big Horn,SUNLIGHT RANCH COMPANY,SUNLIGHT RANCH COMPANY,ATTN: PROPERTY TAX DEPT,PO BOX 30825,,SALT LAKE CITY,UT,Vacant Land,80.0,6
Big Horn,SUNLIGHT RANCH COMPANY,SUNLIGHT RANCH COMPANY,ATTN: PROPERTY TAX DEPT,PO BOX 30825,,SALT LAKE CITY,UT,Improved Property,118.0,6
Big Horn,SUNLIGHT RANCH COMPANY,SUNLIGHT RANCH COMPANY,ATTN: PROPERTY TAX DEPT,PO BOX 30825,,SALT LAKE CITY,UT,Vacant Land,160.0,6
Big Horn,SUNLIGHT RANCH COMPANY,SUNLIGHT RANCH COMPANY,ATTN: PROPERTY TAX DEPT,PO BOX 30825,,SALT LAKE CITY,UT,Vacant Land,640.0,6
Big Horn,SUNLIGHT RANCH COMPANY,SUNLIGHT RANCH COMPANY,ATTN: PROPERTY TAX DEPT,PO BOX 30825,,SALT LAKE CITY,UT,Vacant Land,640.0,6
Big Horn,SUNLIGHT RANCH COMPANY,SUNLIGHT RANCH COMPANY,ATTN: PROPERTY TAX DEPT,PO BOX 30825,,SALT LAKE CITY,UT,Vacant Land,640.0,6
Big Horn,SUNLIGHT RANCH COMPANY,SUNLIGHT RANCH COMPANY,ATTN: PROPERTY TAX DEPT,PO BOX 30825,,SALT LAKE CITY,UT,Vacant Land,240.0,6
Big Horn,SUNLIGHT RANCH COMPANY,SUNLIGHT RANCH COMPANY,ATTN: PROPERTY TAX DEPT,PO BOX 30825,,SALT LAKE CITY,UT,Vacant Land,640.0,6
Big Horn,SUNLIGHT RANCH COMPANY,SUNLIGHT RANCH COMPANY,ATTN: PROPERTY TAX DEPT,PO BOX 30825,,SALT LAKE CITY,UT,Vacant Land,640.0,6
Big Horn,SUNLIGHT RANCH COMPANY,SUNLIGHT RANCH COMPANY,ATTN: PROPERTY TAX DEPT,PO BOX 30825,,SALT LAKE CITY,UT,Vacant Land,357.4,6
Big Horn,SUNLIGHT RANCH COMPANY,SUNLIGHT RANCH COMPANY,ATTN: PROPERTY TAX DEPT,PO BOX 30825,,SALT LAKE CITY,UT,Vacant Land,160.0,6
Big Horn,SUNLIGHT RANCH COMPANY,SUNLIGHT RANCH COMPANY,ATTN: PROPERTY TAX DEPT,PO BOX 30825,,SALT LAKE CITY,UT,Vacant Land,120.0,6
Big Horn,SUNLIGHT RANCH COMPANY,SUNLIGHT RANCH COMPANY,ATTN: PROPERTY TAX DEPT,PO BOX 30825,,SALT LAKE CITY,UT,Vacant Land,640.0,6
Big Horn,SUNLIGHT RANCH COMPANY,SUNLIGHT RANCH COMPANY,ATTN: PROPERTY TAX DEPT,PO BOX 30825,,SALT LAKE CITY,UT,Vacant Land,640.0,6
Big Horn,SUNLIGHT RANCH COMPANY,SUNLIGHT RANCH COMPANY,ATTN: PROPERTY TAX DEPT,PO BOX 30825,,SALT LAKE CITY,UT,Vacant Land,600.0,6
Big Horn,SUNLIGHT RANCH COMPANY,SUNLIGHT RANCH COMPANY,ATTN: PROPERTY TAX DEPT,PO BOX 30825,,SALT LAKE CITY,UT,Vacant Land,640.0,6
Big Horn,SUNLIGHT RANCH COMPANY,SUNLIGHT RANCH COMPANY,ATTN: PROPERTY TAX DEPT,PO BOX 30825,,SALT LAKE CITY,UT,Vacant Land,640.0,6
Big Horn,SUNLIGHT RANCH COMPANY,SUNLIGHT RANCH COMPANY,ATTN: PROPERTY TAX DEPT,PO BOX 30825,,SALT LAKE CITY,UT,Vacant Land,640.0,6
Big Horn,SUNLIGHT RANCH COMPANY,SUNLIGHT RANCH COMPANY,ATTN: PROPERTY TAX DEPT,PO BOX 30825,,SALT LAKE CITY,UT,Vacant Land,40.0,6
Big Horn,SUNLIGHT RANCH COMPANY,SUNLIGHT RANCH COMPANY,ATTN: PROPERTY TAX DEPT,PO BOX 30825,,SALT LAKE CITY,UT,Vacant Land,640.0,6
Big Horn,SUNLIGHT RANCH COMPANY,SUNLIGHT RANCH COMPANY,ATTN: PROPERTY TAX DEPT,PO BOX 30825,,SALT LAKE CITY,UT,Vacant Land,639.84,6
Big Horn,SUNLIGHT RANCH COMPANY,SUNLIGHT RANCH COMPANY,ATTN: PROPERTY TAX DEPT,PO BOX 30825,,SALT LAKE CITY,UT,Vacant Land,80.0,6
Big Horn,SUNLIGHT RANCH COMPANY,SUNLIGHT RANCH COMPANY,ATTN: PROPERTY TAX DEPT,PO BOX 30825,,SALT LAKE CITY,UT,Vacant Land,640.0,6
Big Horn,SUNLIGHT RANCH COMPANY,SUNLIGHT RANCH COMPANY,ATTN: PROPERTY TAX DEPT,PO BOX 30825,,SALT LAKE CITY,UT,Vacant Land,580.0,6
Big Horn,SUNLIGHT RANCH COMPANY,SUNLIGHT RANCH COMPANY,ATTN: PROPERTY TAX DEPT,PO BOX 30825,,SALT LAKE CITY,UT,Improved Property,480.0,6
Big Horn,SUNLIGHT RANCH COMPANY,SUNLIGHT RANCH COMPANY,ATTN: PROPERTY TAX DEPT,PO BOX 30825,,SALT LAKE CITY,UT,Improved Property,469.96,6
Big Horn,SUNLIGHT RANCH COMPANY,SUNLIGHT RANCH COMPANY,ATTN: PROPERTY TAX DEPT,PO BOX 30825,,SALT LAKE CITY,UT,Vacant Land,640.0,6
Big Horn,SUNLIGHT RANCH COMPANY,SUNLIGHT RANCH COMPANY,ATTN: PROPERTY TAX DEPT,PO BOX 30825,,SALT LAKE CITY,UT,Vacant Land,640.8,6
Big Horn,SUNLIGHT RANCH COMPANY,SUNLIGHT RANCH COMPANY,ATTN: PROPERTY TAX DEPT,PO BOX 30825,,SALT LAKE CITY,UT,Improved Property,268.6,6
Big Horn,SUNLIGHT RANCH COMPANY,SUNLIGHT RANCH COMPANY,ATTN: PROPERTY TAX DEPT,PO BOX 30825,,SALT LAKE CITY,UT,Vacant Land,66.47,6
Big Horn,SUNLIGHT RANCH COMPANY,SUNLIGHT RANCH COMPANY,ATTN: PROPERTY TAX DEPT,PO BOX 30825,,SALT LAKE CITY,UT,Vacant Land,638.48,6
Big Horn,SUNLIGHT RANCH COMPANY,SUNLIGHT RANCH COMPANY,ATTN: PROPERTY TAX DEPT,PO BOX 30825,,SALT LAKE CITY,UT,Vacant Land,628.66,6
Big Horn,SUNLIGHT RANCH COMPANY,SUNLIGHT RANCH COMPANY,ATTN: PROPERTY TAX DEPT,PO BOX 30825,,SALT LAKE CITY,UT,Vacant Land,160.0,6
Big Horn,SUNLIGHT RANCH COMPANY,SUNLIGHT RANCH COMPANY,ATTN: PROPERTY TAX DEPT,PO BOX 30825,,SALT LAKE CITY,UT,Vacant Land,360.0,6
Big Horn,SUNLIGHT RANCH COMPANY,SUNLIGHT RANCH COMPANY,ATTN: PROPERTY TAX DEPT,PO BOX 30825,,SALT LAKE CITY,UT,Vacant Land,640.0,6
Big Horn,SUNLIGHT RANCH COMPANY,SUNLIGHT RANCH COMPANY,ATTN: PROPERTY TAX DEPT,PO BOX 30825,,SALT LAKE CITY,UT,Vacant Land,80.0,6
Big Horn,SUNLIGHT RANCH COMPANY,SUNLIGHT RANCH COMPANY,ATTN: PROPERTY TAX DEPT,PO BOX 30825,,SALT LAKE CITY,UT,Vacant Land,159.25,6
Big Horn,SUNLIGHT RANCH COMPANY,SUNLIGHT RANCH COMPANY,ATTN: PROPERTY TAX DEPT,PO BOX 30825,,SALT LAKE CITY,UT,Vacant Land,40.0,6
Big Horn,SUNLIGHT RANCH COMPANY,SUNLIGHT RANCH COMPANY,ATTN: PROPERTY TAX DEPT,PO BOX 30825,,SALT LAKE CITY,UT,Vacant Land,640.0,6
Big Horn,SUNLIGHT RANCH COMPANY,SUNLIGHT RANCH COMPANY,ATTN: PROPERTY TAX DEPT,PO BOX 30825,,SALT LAKE CITY,UT,Vacant Land,635.54,6
Big Horn,SUNLIGHT RANCH COMPANY,SUNLIGHT RANCH COMPANY,ATTN: PROPERTY TAX DEPT,PO BOX 30825,,SALT LAKE CITY,UT,Vacant Land,639.4,6
Big Horn,SUNLIGHT RANCH COMPANY,SUNLIGHT RANCH COMPANY,ATTN: PROPERTY TAX DEPT,PO BOX 30825,,SALT LAKE CITY,UT,Vacant Land,479.88,6
Big Horn,SUNLIGHT RANCH COMPANY,SUNLIGHT RANCH COMPANY,ATTN: PROPERTY TAX DEPT,PO BOX 30825,,SALT LAKE CITY,UT,Vacant Land,637.84,6
Big Horn,SUNLIGHT RANCH COMPANY,SUNLIGHT RANCH COMPANY,ATTN: PROPERTY TAX DEPT,PO BOX 30825,,SALT LAKE CITY,UT,Vacant Land,80.0,6
Big Horn,SUNLIGHT RANCH COMPANY,SUNLIGHT RANCH COMPANY,ATTN: PROPERTY TAX DEPT,PO BOX 30825,,SALT LAKE CITY,UT,Vacant Land,640.0,6
Big Horn,SUNLIGHT RANCH COMPANY,SUNLIGHT RANCH COMPANY,ATTN: PROPERTY TAX DEPT,PO BOX 30825,,SALT LAKE CITY,UT,Vacant Land,203.56,6
Big Horn,SUNLIGHT RANCH COMPANY,SUNLIGHT RANCH COMPANY,ATTN: PROPERTY TAX DEPT,PO BOX 30825,,SALT LAKE CITY,UT,Vacant Land,80.0,6
Big Horn,SUNLIGHT RANCH COMPANY,SUNLIGHT RANCH COMPANY,ATTN: PROPERTY TAX DEPT,PO BOX 30825,,SALT LAKE CITY,UT,Vacant Land,160.0,6
Big Horn,SUNLIGHT RANCH COMPANY,SUNLIGHT RANCH COMPANY,ATTN: PROPERTY TAX DEPT,PO BOX 30825,,SALT LAKE CITY,UT,Vacant Land,640.0,6
Big Horn,SUNLIGHT RANCH COMPANY,SUNLIGHT RANCH COMPANY,ATTN: PROPERTY TAX DEPT,PO BOX 30825,,SALT LAKE CITY,UT,Vacant Land,640.0,6
Big Horn,SUNLIGHT RANCH COMPANY,SUNLIGHT RANCH COMPANY,ATTN: PROPERTY TAX DEPT,PO BOX 30825,,SALT LAKE CITY,UT,Vacant Land,40.0,6
Big Horn,SUNLIGHT RANCH COMPANY,SUNLIGHT RANCH COMPANY,ATTN: PROPERTY TAX DEPT,PO BOX 30825,,SALT LAKE CITY,UT,Vacant Land,320.0,6
Big Horn,SUNLIGHT RANCH COMPANY,SUNLIGHT RANCH COMPANY,ATTN: PROPERTY TAX DEPT,PO BOX 30825,,SALT LAKE CITY,UT,Vacant Land,160.0,6
Big Horn,SUNLIGHT RANCH COMPANY,SUNLIGHT RANCH LLC,710 ROAD 8VE,,,POWELL,WY,Vacant Land,97.02,6
Big Horn,SUNLIGHT RANCH COMPANY,SUNLIGHT RANCH COMPANY,ATTN: PROPERTY TAX DEPT,PO BOX 30825,,SALT LAKE CITY,UT,Vacant Land,40.0,6
Big Horn,SUNLIGHT RANCH COMPANY,SUNLIGHT RANCH COMPANY,ATTN: PROPERTY TAX DEPT,PO BOX 30825,,SALT LAKE CITY,UT,Vacant Land,638.76,6
Big Horn,SUNLIGHT RANCH COMPANY,SUNLIGHT RANCH COMPANY,ATTN: PROPERTY TAX DEPT,PO BOX 30825,,SALT LAKE CITY,UT,Vacant Land,661.5,6
Big Horn,SUNLIGHT RANCH COMPANY,SUNLIGHT RANCH COMPANY,ATTN: PROPERTY TAX DEPT,PO BOX 30825,,SALT LAKE CITY,UT,Vacant Land,661.2,6
Big Horn,SUNLIGHT RANCH COMPANY,SUNLIGHT RANCH COMPANY,ATTN: PROPERTY TAX DEPT,PO BOX 30825,,SALT LAKE CITY,UT,Vacant Land,659.92,6
Big Horn,SUNLIGHT RANCH COMPANY,SUNLIGHT RANCH COMPANY,ATTN: PROPERTY TAX DEPT,PO BOX 30825,,SALT LAKE CITY,UT,Vacant Land,640.96,6
Big Horn,SUNLIGHT RANCH COMPANY,SUNLIGHT RANCH COMPANY,ATTN: PROPERTY TAX DEPT,PO BOX 30825,,SALT LAKE CITY,UT,Vacant Land,641.6,6
Big Horn,SUNLIGHT RANCH COMPANY,SUNLIGHT RANCH COMPANY,ATTN: PROPERTY TAX DEPT,PO BOX 30825,,SALT LAKE CITY,UT,Vacant Land,640.0,6
Big Horn,SUNLIGHT RANCH COMPANY,SUNLIGHT RANCH COMPANY,ATTN: PROPERTY TAX DEPT,PO BOX 30825,,SALT LAKE CITY,UT,Vacant Land,80.0,6
Big Horn,SUNLIGHT RANCH COMPANY,SUNLIGHT RANCH COMPANY,ATTN: PROPERTY TAX DEPT,PO BOX 30825,,SALT LAKE CITY,UT,Vacant Land,40.0,6
Big Horn,SUNLIGHT RANCH COMPANY,SUNLIGHT RANCH COMPANY INC,ATTN: PROPERTY TAX DEPT,PO BOX 30825,,SALT LAKE CITY,UT,Vacant Land,80.0,6
Big Horn,SUNLIGHT RANCH COMPANY,SUNLIGHT RANCH COMPANY,ATTN: PROPERTY TAX DEPT,PO BOX 30825,,SALT LAKE CITY,UT,Vacant Land,640.0,6
Big Horn,SUNLIGHT RANCH COMPANY,SUNLIGHT RANCH COMPANY,ATTN: PROPERTY TAX DEPT,PO BOX 30825,,SALT LAKE CITY,UT,Vacant Land,640.0,6
Big Horn,SUNLIGHT RANCH COMPANY,SUNLIGHT RANCH COMPANY,ATTN: PROPERTY TAX DEPT,PO BOX 30825,,SALT LAKE CITY,UT,Vacant Land,560.0,6
Big Horn,SUNLIGHT RANCH COMPANY,SUNLIGHT RANCH COMPANY,ATTN: PROPERTY TAX DEPT,PO BOX 30825,,SALT LAKE CITY,UT,Vacant Land,560.0,6
Big Horn,SUNLIGHT RANCH COMPANY,SUNLIGHT RANCH COMPANY,ATTN: PROPERTY TAX DEPT,PO BOX 30825,,SALT LAKE CITY,UT,Vacant Land,639.0,6
Big Horn,SUNLIGHT RANCH COMPANY,SUNLIGHT RANCH COMPANY,ATTN: PROPERTY TAX DEPT,PO BOX 30825,,SALT LAKE CITY,UT,Vacant Land,643.48,6
Big Horn,SUNLIGHT RANCH COMPANY,SUNLIGHT RANCH COMPANY,ATTN: PROPERTY TAX DEPT,PO BOX 30825,,SALT LAKE CITY,UT,Vacant Land,640.0,6
Big Horn,SUNLIGHT RANCH COMPANY,SUNLIGHT RANCH COMPANY,ATTN: PROPERTY TAX DEPT,PO BOX 30825,,SALT LAKE CITY,UT,Vacant Land,80.0,6
Big Horn,SUNLIGHT RANCH COMPANY,SUNLIGHT RANCH COMPANY,ATTN: PROPERTY TAX DEPT,PO BOX 30825,,SALT LAKE CITY,UT,Vacant Land,40.0,6
Big Horn,SUNLIGHT RANCH COMPANY,SUNLIGHT RANCH COMPANY,ATTN: PROPERTY TAX DEPT,PO BOX 30825,,SALT LAKE CITY,UT,Vacant Land,631.56,6
Big Horn,SUNLIGHT RANCH COMPANY,SUNLIGHT RANCH COMPANY,ATTN: PROPERTY TAX DEPT,PO BOX 30825,,SALT LAKE CITY,UT,Vacant Land,80.0,6
Big Horn,SUNLIGHT RANCH COMPANY,SUNLIGHT RANCH COMPANY,ATTN: PROPERTY TAX DEPT,PO BOX 30825,,SALT LAKE CITY,UT,Vacant Land,80.0,6
Big Horn,SUNLIGHT RANCH COMPANY,SUNLIGHT RANCH COMPANY,ATTN: PROPERTY TAX DEPT,PO BOX 30825,,SALT LAKE CITY,UT,Improved Property,640.0,6
Big Horn,SUNLIGHT RANCH COMPANY,SUNLIGHT RANCH COMPANY,ATTN: PROPERTY TAX DEPT,PO BOX 30825,,SALT LAKE CITY,UT,Vacant Land,622.5,6
Big Horn,SUNLIGHT RANCH COMPANY,SUNLIGHT RANCH COMPANY,ATTN: PROPERTY TAX DEPT,PO BOX 30825,,SALT LAKE CITY,UT,Vacant Land,650.15,6
Big Horn,SUNLIGHT RANCH COMPANY,SUNLIGHT RANCH COMPANY,ATTN: PROPERTY TAX DEPT,PO BOX 30825,,SALT LAKE CITY,UT,Improved Property,640.0,6
Big Horn,SUNLIGHT RANCH COMPANY,SUNLIGHT RANCH COMPANY,ATTN: PROPERTY TAX DEPT,PO BOX 30825,,SALT LAKE CITY,UT,Vacant Land,160.0,6
Big Horn,SUNLIGHT RANCH COMPANY,SUNLIGHT RANCH COMPANY,ATTN: PROPERTY TAX DEPT,PO BOX 30825,,SALT LAKE CITY,UT,Vacant Land,80.0,6
Big Horn,SUNLIGHT RANCH COMPANY,SUNLIGHT RANCH COMPANY,ATTN: PROPERTY TAX DEPT,PO BOX 30825,,SALT LAKE CITY,UT,Vacant Land,640.0,6
Big Horn,SUNLIGHT RANCH COMPANY,SUNLIGHT RANCH COMPANY,ATTN: PROPERTY TAX DEPT,PO BOX 30825,,SALT LAKE CITY,UT,Vacant Land,640.0,6
Big Horn,SUNLIGHT RANCH COMPANY,SUNLIGHT RANCH COMPANY,ATTN: PROPERTY TAX DEPT,PO BOX 30825,,SALT LAKE CITY,UT,Vacant Land,250.08,6
Big Horn,SUNLIGHT RANCH COMPANY,SUNLIGHT RANCH COMPANY,ATTN: PROPERTY TAX DEPT,PO BOX 30825,,SALT LAKE CITY,UT,Vacant Land,600.0,6
Big Horn,SUNLIGHT RANCH COMPANY,SUNLIGHT RANCH COMPANY,ATTN: PROPERTY TAX DEPT,PO BOX 30825,,SALT LAKE CITY,UT,Vacant Land,638.6,6
Big Horn,SUNLIGHT RANCH COMPANY,SUNLIGHT RANCH COMPANY,ATTN: PROPERTY TAX DEPT,PO BOX 30825,,SALT LAKE CITY,UT,Vacant Land,89.32,6
Big Horn,SUNLIGHT RANCH COMPANY,SUNLIGHT RANCH COMPANY,ATTN: PROPERTY TAX DEPT,PO BOX 30825,,SALT LAKE CITY,UT,Vacant Land,639.2,6
Big Horn,SUNLIGHT RANCH COMPANY,SUNLIGHT RANCH COMPANY,ATTN: PROPERTY TAX DEPT,PO BOX 30825,,SALT LAKE CITY,UT,Vacant Land,640.0,6
Big Horn,SUNLIGHT RANCH COMPANY,SUNLIGHT RANCH COMPANY,ATTN: PROPERTY TAX DEPT,PO BOX 30825,,SALT LAKE CITY,UT,Improved Property,480.0,6
Big Horn,SUNLIGHT RANCH COMPANY,SUNLIGHT RANCH COMPANY,ATTN: PROPERTY TAX DEPT,PO BOX 30825,,SALT LAKE CITY,UT,Vacant Land,166.48,6
Big Horn,SUNLIGHT RANCH COMPANY,SUNLIGHT RANCH COMPANY,ATTN: PROPERTY TAX DEPT,PO BOX 30825,,SALT LAKE CITY,UT,Gravel Pit,319.6,6
Big Horn,SUNLIGHT RANCH COMPANY,SUNLIGHT RANCH LLC,710 ROAD 8VE,,,POWELL,WY,Vacant Land,160.0,6
Big Horn,SUNLIGHT RANCH COMPANY,SUNLIGHT RANCH COMPANY,ATTN: PROPERTY TAX DEPT,PO BOX 30825,,SALT LAKE CITY,UT,Vacant Land,119.22,6
Big Horn,SUNLIGHT RANCH COMPANY,SUNLIGHT RANCH COMPANY,ATTN: PROPERTY TAX DEPT,PO BOX 30825,,SALT LAKE CITY,UT,Vacant Land,660.6,6
Big Horn,SUNLIGHT RANCH COMPANY,SUNLIGHT RANCH COMPANY,ATTN: PROPERTY TAX DEPT,PO BOX 30825,,SALT LAKE CITY,UT,Improved Property,510.93,6
Big Horn,SUNLIGHT RANCH COMPANY,SUNLIGHT RANCH COMPANY,ATTN: PROPERTY TAX DEPT,PO BOX 30825,,SALT LAKE CITY,UT,Vacant Land,80.0,6
Big Horn,SUNLIGHT RANCH COMPANY,SUNLIGHT RANCH COMPANY,ATTN: PROPERTY TAX DEPT,PO BOX 30825,,SALT LAKE CITY,UT,Vacant Land,320.0,6
Big Horn,SUNLIGHT RANCH COMPANY,SUNLIGHT RANCH COMPANY,ATTN: PROPERTY TAX DEPT,PO BOX 30825,,SALT LAKE CITY,UT,Vacant Land,640.38,6
Big Horn,SUNLIGHT RANCH COMPANY,SUNLIGHT RANCH COMPANY,ATTN: PROPERTY TAX DEPT,PO BOX 30825,,SALT LAKE CITY,UT,Vacant Land,40.0,6
Big Horn,SUNLIGHT RANCH COMPANY,SUNLIGHT RANCH COMPANY,ATTN: PROPERTY TAX DEPT,PO BOX 30825,,SALT LAKE CITY,UT,Improved Property,640.0,6
Big Horn,SUNLIGHT RANCH COMPANY,SUNLIGHT RANCH COMPANY,ATTN: PROPERTY TAX DEPT,PO BOX 30825,,SALT LAKE CITY,UT,Vacant Land,637.08,6
Big Horn,SUNLIGHT RANCH COMPANY,SUNLIGHT RANCH COMPANY,ATTN: PROPERTY TAX DEPT,PO BOX 30825,,SALT LAKE CITY,UT,Vacant Land,240.0,6
Big Horn,SUNLIGHT RANCH COMPANY,SUNLIGHT RANCH COMPANY,ATTN: PROPERTY TAX DEPT,PO BOX 30825,,SALT LAKE CITY,UT,Vacant Land,637.0,6
Big Horn,SUNLIGHT RANCH COMPANY,SUNLIGHT RANCH COMPANY,ATTN: PROPERTY TAX DEPT,PO BOX 30825,,SALT LAKE CITY,UT,Vacant Land,638.19,6
Big Horn,SUNLIGHT RANCH COMPANY,SUNLIGHT RANCH COMPANY,ATTN: PROPERTY TAX DEPT,PO BOX 30825,,SALT LAKE CITY,UT,Vacant Land,659.25,6
Big Horn,SUNLIGHT RANCH COMPANY,SUNLIGHT RANCH COMPANY,ATTN: PROPERTY TAX DEPT,PO BOX 30825,,SALT LAKE CITY,UT,Vacant Land,160.0,6
Big Horn,SUNLIGHT RANCH COMPANY,SUNLIGHT RANCH COMPANY,ATTN: PROPERTY TAX DEPT,PO BOX 30825,,SALT LAKE CITY,UT,Vacant Land,80.0,6
Big Horn,SUNLIGHT RANCH COMPANY,SUNLIGHT RANCH COMPANY,ATTN: PROPERTY TAX DEPT,PO BOX 30825,,SALT LAKE CITY,UT,Vacant Land,20.0,6
Big Horn,SUNLIGHT RANCH COMPANY,SUNLIGHT RANCH COMPANY,ATTN: PROPERTY TAX DEPT,PO BOX 30825,,SALT LAKE CITY,UT,Vacant Land,320.0,6
Big Horn,SUNLIGHT RANCH COMPANY,SUNLIGHT RANCH COMPANY,ATTN: PROPERTY TAX DEPT,PO BOX 30825,,SALT LAKE CITY,UT,Vacant Land,5.06,6
Big Horn,SUNLIGHT RANCH COMPANY,SUNLIGHT RANCH COMPANY,ATTN: PROPERTY TAX DEPT,PO BOX 30825,,SALT LAKE CITY,UT,Vacant Land,634.32,6
Big Horn,SUNLIGHT RANCH COMPANY,SUNLIGHT RANCH COMPANY,ATTN: PROPERTY TAX DEPT,PO BOX 30825,,SALT LAKE CITY,UT,Vacant Land,76.79,6
Big Horn,SUNLIGHT RANCH COMPANY,SUNLIGHT RANCH COMPANY,ATTN: PROPERTY TAX DEPT,PO BOX 30825,,SALT LAKE CITY,UT,Vacant Land,640.0,6
Big Horn,SUNLIGHT RANCH COMPANY,SUNLIGHT RANCH COMPANY,ATTN: PROPERTY TAX DEPT,PO BOX 30825,,SALT LAKE CITY,UT,Vacant Land,640.0,6
Big Horn,SUNLIGHT RANCH COMPANY,SUNLIGHT RANCH COMPANY,ATTN: PROPERTY TAX DEPT,PO BOX 30825,,SALT LAKE CITY,UT,Vacant Land,440.0,6
Big Horn,SUNLIGHT RANCH COMPANY,SUNLIGHT RANCH COMPANY,ATTN: PROPERTY TAX DEPT,PO BOX 30825,,SALT LAKE CITY,UT,Vacant Land,320.0,6
Big Horn,SUNLIGHT RANCH COMPANY,SUNLIGHT RANCH COMPANY,ATTN: PROPERTY TAX DEPT,PO BOX 30825,,SALT LAKE CITY,UT,Vacant Land,640.0,6
Big Horn,SUNLIGHT RANCH COMPANY,SUNLIGHT RANCH COMPANY,ATTN: PROPERTY TAX DEPT,PO BOX 30825,,SALT LAKE CITY,UT,Vacant Land,160.0,6
Big Horn,SUNLIGHT RANCH COMPANY,SUNLIGHT RANCH COMPANY,ATTN: PROPERTY TAX DEPT,PO BOX 30825,,SALT LAKE CITY,UT,Improved Property,295.86,6
Big Horn,SUNLIGHT RANCH COMPANY,SUNLIGHT RANCH COMPANY,ATTN: PROPERTY TAX DEPT,PO BOX 30825,,SALT LAKE CITY,UT,Vacant Land,162.47,6
Big Horn,SUNLIGHT RANCH COMPANY,SUNLIGHT RANCH COMPANY,ATTN: PROPERTY TAX DEPT,PO BOX 30825,,SALT LAKE CITY,UT,Vacant Land,143.96,6
Big Horn,SUNLIGHT RANCH COMPANY,SUNLIGHT RANCH COMPANY,ATTN: PROPERTY TAX DEPT,PO BOX 30825,,SALT LAKE CITY,UT,Vacant Land,80.0,6
Big Horn,SUNLIGHT RANCH COMPANY,SUNLIGHT RANCH COMPANY,ATTN: PROPERTY TAX DEPT,PO BOX 30825,,SALT LAKE CITY,UT,Vacant Land,360.0,6
Big Horn,SUNLIGHT RANCH COMPANY,SUNLIGHT RANCH COMPANY,ATTN: PROPERTY TAX DEPT,PO BOX 30825,,SALT LAKE CITY,UT,Vacant Land,160.0,6
Big Horn,SUNLIGHT RANCH COMPANY,SUNLIGHT RANCH COMPANY,ATTN: PROPERTY TAX DEPT,PO BOX 30825,,SALT LAKE CITY,UT,Vacant Land,160.0,6
Big Horn,SUNLIGHT RANCH COMPANY,SUNLIGHT RANCH COMPANY,ATTN: PROPERTY TAX DEPT,PO BOX 30825,,SALT LAKE CITY,UT,Vacant Land,600.0,6
Big Horn,SUNLIGHT RANCH COMPANY,SUNLIGHT RANCH COMPANY,ATTN: PROPERTY TAX DEPT,PO BOX 30825,,SALT LAKE CITY,UT,Vacant Land,356.77,6
Big Horn,SUNLIGHT RANCH COMPANY,SUNLIGHT RANCH COMPANY,ATTN: PROPERTY TAX DEPT,PO BOX 30825,,SALT LAKE CITY,UT,Vacant Land,640.0,6
Big Horn,SUNLIGHT RANCH COMPANY,SUNLIGHT RANCH COMPANY,ATTN: PROPERTY TAX DEPT,PO BOX 30825,,SALT LAKE CITY,UT,Vacant Land,638.28,6
Big Horn,SUNLIGHT RANCH COMPANY,SUNLIGHT RANCH COMPANY,ATTN: PROPERTY TAX DEPT,PO BOX 30825,,SALT LAKE CITY,UT,Vacant Land,240.0,6
Big Horn,SUNLIGHT RANCH COMPANY,SUNLIGHT RANCH COMPANY,ATTN: PROPERTY TAX DEPT,PO BOX 30825,,SALT LAKE CITY,UT,Vacant Land,640.0,6
Big Horn,SUNLIGHT RANCH COMPANY,SUNLIGHT RANCH COMPANY,ATTN: PROPERTY TAX DEPT,PO BOX 30825,,SALT LAKE CITY,UT,Vacant Land,640.0,6
Big Horn,SUNLIGHT RANCH COMPANY,SUNLIGHT RANCH COMPANY,ATTN: PROPERTY TAX DEPT,PO BOX 30825,,SALT LAKE CITY,UT,Vacant Land,79.8,6
Big Horn,SUNLIGHT RANCH COMPANY,SUNLIGHT RANCH COMPANY,ATTN: PROPERTY TAX DEPT,PO BOX 30825,,SALT LAKE CITY,UT,Vacant Land,640.0,6
Big Horn,SUNLIGHT RANCH COMPANY,SUNLIGHT RANCH COMPANY,ATTN: PROPERTY TAX DEPT,PO BOX 30825,,SALT LAKE CITY,UT,Vacant Land,640.0,6
Big Horn,SUNLIGHT RANCH COMPANY,SUNLIGHT RANCH COMPANY,ATTN: PROPERTY TAX DEPT,PO BOX 30825,,SALT LAKE CITY,UT,Vacant Land,640.0,6
Big Horn,SUNLIGHT RANCH COMPANY,SUNLIGHT RANCH COMPANY,ATTN: PROPERTY TAX DEPT,PO BOX 30825,,SALT LAKE CITY,UT,Vacant Land,80.0,6
Big Horn,SUNLIGHT RANCH COMPANY,SUNLIGHT RANCH COMPANY,ATTN: PROPERTY TAX DEPT,PO BOX 30825,,SALT LAKE CITY,UT,Vacant Land,640.0,6
Big Horn,SUNLIGHT RANCH COMPANY,SUNLIGHT RANCH COMPANY,ATTN: PROPERTY TAX DEPT,PO BOX 30825,,SALT LAKE CITY,UT,Vacant Land,200.0,6
Big Horn,SUNLIGHT RANCH COMPANY,SUNLIGHT RANCH COMPANY,ATTN: PROPERTY TAX DEPT,PO BOX 30825,,SALT LAKE CITY,UT,Vacant Land,640.0,6
Big Horn,SUNLIGHT RANCH COMPANY,SUNLIGHT RANCH COMPANY,ATTN: PROPERTY TAX DEPT,PO BOX 30825,,SALT LAKE CITY,UT,Vacant Land,60.51,6
Big Horn,SUNLIGHT RANCH COMPANY,SUNLIGHT RANCH COMPANY,ATTN: PROPERTY TAX DEPT,PO BOX 30825,,SALT LAKE CITY,UT,Vacant Land,630.0,6
Big Horn,SUNLIGHT RANCH COMPANY,SUNLIGHT RANCH COMPANY,ATTN: PROPERTY TAX DEPT,PO BOX 30825,,SALT LAKE CITY,UT,Vacant Land,160.0,6
Big Horn,SUNLIGHT RANCH COMPANY,SUNLIGHT RANCH COMPANY,ATTN: PROPERTY TAX DEPT,PO BOX 30825,,SALT LAKE CITY,UT,Vacant Land,80.0,6
Big Horn,SUNLIGHT RANCH COMPANY,SUNLIGHT RANCH COMPANY,ATTN: PROPERTY TAX DEPT,PO BOX 30825,,SALT LAKE CITY,UT,Vacant Land,601.16,6
Big Horn,SUNLIGHT RANCH COMPANY,SUNLIGHT RANCH COMPANY,ATTN: PROPERTY TAX DEPT,PO BOX 30825,,SALT LAKE CITY,UT,Vacant Land,638.48,6
Big Horn,SUNLIGHT RANCH COMPANY,SUNLIGHT RANCH COMPANY,ATTN: PROPERTY TAX DEPT,PO BOX 30825,,SALT LAKE CITY,UT,Vacant Land,637.88,6
Big Horn,SUNLIGHT RANCH COMPANY,SUNLIGHT RANCH COMPANY,ATTN: PROPERTY TAX DEPT,PO BOX 30825,,SALT LAKE CITY,UT,Vacant Land,160.0,6
Big Horn,SUNLIGHT RANCH COMPANY,SUNLIGHT RANCH COMPANY,ATTN: PROPERTY TAX DEPT,PO BOX 30825,,SALT LAKE CITY,UT,Vacant Land,8.47,6
Big Horn,SUNLIGHT RANCH COMPANY,SUNLIGHT RANCH COMPANY,ATTN: PROPERTY TAX DEPT,PO BOX 30825,,SALT LAKE CITY,UT,Vacant Land,120.0,6
Big Horn,SUNLIGHT RANCH COMPANY,SUNLIGHT RANCH COMPANY,ATTN: PROPERTY TAX DEPT,PO BOX 30825,,SALT LAKE CITY,UT,Vacant Land,640.0,6
Big Horn,SUNLIGHT RANCH COMPANY,SUNLIGHT RANCH COMPANY,ATTN: PROPERTY TAX DEPT,PO BOX 30825,,SALT LAKE CITY,UT,Vacant Land,40.0,6
Big Horn,SUNLIGHT RANCH COMPANY,SUNLIGHT RANCH COMPANY,ATTN: PROPERTY TAX DEPT,PO BOX 30825,,SALT LAKE CITY,UT,Vacant Land,600.0,6
Big Horn,SUNLIGHT RANCH COMPANY,SUNLIGHT RANCH COMPANY,ATTN: PROPERTY TAX DEPT,PO BOX 30825,,SALT LAKE CITY,UT,Vacant Land,640.0,6
Big Horn,SUNLIGHT RANCH COMPANY,SUNLIGHT RANCH COMPANY,ATTN: PROPERTY TAX DEPT,PO BOX 30825,,SALT LAKE CITY,UT,Vacant Land,320.0,6
Big Horn,SUNLIGHT RANCH COMPANY,SUNLIGHT RANCH COMPANY,ATTN: PROPERTY TAX DEPT,PO BOX 30825,,SALT LAKE CITY,UT,Vacant Land,160.0,6
Big Horn,SUNLIGHT RANCH COMPANY,SUNLIGHT RANCH COMPANY,ATTN: PROPERTY TAX DEPT,PO BOX 30825,,SALT LAKE CITY,UT,Vacant Land,640.0,6
Big Horn,SUNLIGHT RANCH COMPANY,SUNLIGHT RANCH COMPANY,ATTN: PROPERTY TAX DEPT,PO BOX 30825,,SALT LAKE CITY,UT,Vacant Land,80.0,6
Big Horn,SUNLIGHT RANCH COMPANY,SUNLIGHT RANCH COMPANY,ATTN: PROPERTY TAX DEPT,PO BOX 30825,,SALT LAKE CITY,UT,Vacant Land,472.0,6
Big Horn,SUNLIGHT RANCH COMPANY,SUNLIGHT RANCH COMPANY,ATTN: PROPERTY TAX DEPT,PO BOX 30825,,SALT LAKE CITY,UT,Vacant Land,160.0,6
Big Horn,SUNLIGHT RANCH COMPANY,SUNLIGHT RANCH COMPANY,ATTN: PROPERTY TAX DEPT,PO BOX 30825,,SALT LAKE CITY,UT,Improved Property,640.0,6
Big Horn,SUNLIGHT RANCH COMPANY,SUNLIGHT RANCH COMPANY,ATTN: PROPERTY TAX DEPT,PO BOX 30825,,SALT LAKE CITY,UT,Vacant Land,440.0,6
Big Horn,SUNLIGHT RANCH COMPANY,SUNLIGHT RANCH COMPANY,ATTN: PROPERTY TAX DEPT,PO BOX 30825,,SALT LAKE CITY,UT,Vacant Land,360.0,6
Big Horn,SUNLIGHT RANCH COMPANY,SUNLIGHT RANCH LLC,710 ROAD 8VE,,,POWELL,WY,Vacant Land,197.12,6
Big Horn,SUNLIGHT RANCH COMPANY,SUNLIGHT RANCH COMPANY,ATTN: PROPERTY TAX DEPT,PO BOX 30825,,SALT LAKE CITY,UT,Vacant Land,160.0,6
Big Horn,SUNLIGHT RANCH COMPANY,SUNLIGHT RANCH COMPANY,ATTN: PROPERTY TAX DEPT,PO BOX 30825,,SALT LAKE CITY,UT,Vacant Land,320.0,6
Big Horn,SUNLIGHT RANCH COMPANY,SUNLIGHT RANCH COMPANY,ATTN: PROPERTY TAX DEPT,PO BOX 30825,,SALT LAKE CITY,UT,Vacant Land,68.21,6
Big Horn,SUNLIGHT RANCH COMPANY,SUNLIGHT RANCH COMPANY,ATTN: PROPERTY TAX DEPT,PO BOX 30825,,SALT LAKE CITY,UT,Vacant Land,160.0,6
Big Horn,SUNLIGHT RANCH COMPANY,SUNLIGHT RANCH COMPANY,ATTN: PROPERTY TAX DEPT,PO BOX 30825,,SALT LAKE CITY,UT,Vacant Land,80.0,6
Big Horn,SUNLIGHT RANCH COMPANY,SUNLIGHT RANCH COMPANY,ATTN: PROPERTY TAX DEPT,PO BOX 30825,,SALT LAKE CITY,UT,Vacant Land,400.0,6
Big Horn,SUNLIGHT RANCH COMPANY,SUNLIGHT RANCH COMPANY,ATTN: PROPERTY TAX DEPT,PO BOX 30825,,SALT LAKE CITY,UT,Vacant Land,80.0,6
Big Horn,SUNLIGHT RANCH COMPANY,SUNLIGHT RANCH COMPANY,ATTN: PROPERTY TAX DEPT,PO BOX 30825,,SALT LAKE CITY,UT,Vacant Land,320.0,6
Big Horn,SUNLIGHT RANCH COMPANY,SUNLIGHT RANCH COMPANY,ATTN: PROPERTY TAX DEPT,PO BOX 30825,,SALT LAKE CITY,UT,Vacant Land,115.58,6
Big Horn,SUNLIGHT RANCH COMPANY,SUNLIGHT RANCH COMPANY,ATTN: PROPERTY TAX DEPT,PO BOX 30825,,SALT LAKE CITY,UT,Vacant Land,160.0,6
Big Horn,SUNLIGHT RANCH COMPANY,SUNLIGHT RANCH COMPANY,ATTN: PROPERTY TAX DEPT,PO BOX 30825,,SALT LAKE CITY,UT,Vacant Land,160.0,6
Big Horn,SUNLIGHT RANCH COMPANY,SUNLIGHT RANCH COMPANY,ATTN: PROPERTY TAX DEPT,PO BOX 30825,,SALT LAKE CITY,UT,Vacant Land,240.0,6
Big Horn,SUNLIGHT RANCH COMPANY,SUNLIGHT RANCH COMPANY,ATTN: PROPERTY TAX DEPT,PO BOX 30825,,SALT LAKE CITY,UT,Vacant Land,440.0,6
Big Horn,SUNLIGHT RANCH COMPANY,SUNLIGHT RANCH COMPANY,ATTN: PROPERTY TAX DEPT,PO BOX 30825,,SALT LAKE CITY,UT,Vacant Land,200.0,6
Big Horn,SUNLIGHT RANCH COMPANY,SUNLIGHT RANCH COMPANY,ATTN: PROPERTY TAX DEPT,PO BOX 30825,,SALT LAKE CITY,UT,Vacant Land,63.2,6
Big Horn,SUNLIGHT RANCH COMPANY,SUNLIGHT RANCH COMPANY,ATTN: PROPERTY TAX DEPT,PO BOX 30825,,SALT LAKE CITY,UT,Vacant Land,320.0,6
Big Horn,SUNLIGHT RANCH COMPANY,SUNLIGHT RANCH COMPANY,ATTN: PROPERTY TAX DEPT,PO BOX 30825,,SALT LAKE CITY,UT,Vacant Land,42.0,6
Big Horn,SUNLIGHT RANCH COMPANY,SUNLIGHT RANCH COMPANY,ATTN: PROPERTY TAX DEPT,PO BOX 30825,,SALT LAKE CITY,UT,Vacant Land,120.0,6
Big Horn,SUNLIGHT RANCH COMPANY,SUNLIGHT RANCH COMPANY,ATTN: PROPERTY TAX DEPT,PO BOX 30825,,SALT LAKE CITY,UT,Vacant Land,280.0,6
Big Horn,SUNLIGHT RANCH COMPANY,SUNLIGHT RANCH COMPANY,ATTN: PROPERTY TAX DEPT,PO BOX 30825,,SALT LAKE CITY,UT,Improved Property,668.5,6
Big Horn,SUNLIGHT RANCH COMPANY,SUNLIGHT RANCH COMPANY,ATTN: PROPERTY TAX DEPT,PO BOX 30825,,SALT LAKE CITY,UT,Improved Property,337.65,6
Big Horn,SUNLIGHT RANCH COMPANY,SUNLIGHT RANCH COMPANY,ATTN: PROPERTY TAX DEPT,PO BOX 30825,,SALT LAKE CITY,UT,Vacant Land,60.0,6
Big Horn,SUNLIGHT RANCH COMPANY,SUNLIGHT RANCH COMPANY,ATTN: PROPERTY TAX DEPT,PO BOX 30825,,SALT LAKE CITY,UT,Vacant Land,320.06,6
Big Horn,SUNLIGHT RANCH COMPANY,SUNLIGHT RANCH COMPANY,ATTN: PROPERTY TAX DEPT,PO BOX 30825,,SALT LAKE CITY,UT,Vacant Land,160.0,6
Big Horn,SUNLIGHT RANCH COMPANY,SUNLIGHT RANCH COMPANY,ATTN: PROPERTY TAX DEPT,PO BOX 30825,,SALT LAKE CITY,UT,Vacant Land,40.0,6
Big Horn,SUNLIGHT RANCH COMPANY,SUNLIGHT RANCH LLC,710 ROAD 8VE,,,POWELL,WY,Vacant Land,351.82,6
Big Horn,SUNLIGHT RANCH COMPANY,SUNLIGHT RANCH COMPANY,ATTN: PROPERTY TAX DEPT,PO BOX 30825,,SALT LAKE CITY,UT,Vacant Land,160.0,6
Big Horn,SUNLIGHT RANCH COMPANY,SUNLIGHT RANCH COMPANY,ATTN: PROPERTY TAX DEPT,PO BOX 30825,,SALT LAKE CITY,UT,Vacant Land,440.0,6
Big Horn,SUNLIGHT RANCH COMPANY,SUNLIGHT RANCH COMPANY,ATTN: PROPERTY TAX DEPT,PO BOX 30825,,SALT LAKE CITY,UT,Vacant Land,80.0,6
Big Horn,SUNLIGHT RANCH COMPANY,SUNLIGHT RANCH COMPANY,ATTN: PROPERTY TAX DEPT,PO BOX 30825,,SALT LAKE CITY,UT,Vacant Land,180.0,6
Big Horn,SUNLIGHT RANCH COMPANY,SUNLIGHT RANCH COMPANY,ATTN: PROPERTY TAX DEPT,PO BOX 30825,,SALT LAKE CITY,UT,Vacant Land,80.0,6
Big Horn,SUNLIGHT RANCH COMPANY,SUNLIGHT RANCH COMPANY,ATTN: PROPERTY TAX DEPT,PO BOX 30825,,SALT LAKE CITY,UT,Vacant Land,640.0,6
Big Horn,SUNLIGHT RANCH COMPANY,SUNLIGHT RANCH COMPANY,ATTN: PROPERTY TAX DEPT,PO BOX 30825,,SALT LAKE CITY,UT,Vacant Land,160.0,6
Big Horn,SUNLIGHT RANCH COMPANY,SUNLIGHT RANCH COMPANY,ATTN: PROPERTY TAX DEPT,PO BOX 30825,,SALT LAKE CITY,UT,Vacant Land,80.0,6
Big Horn,SUNLIGHT RANCH COMPANY,SUNLIGHT RANCH COMPANY,ATTN: PROPERTY TAX DEPT,PO BOX 30825,,SALT LAKE CITY,UT,Vacant Land,40.0,6
Big Horn,SUNLIGHT RANCH COMPANY,SUNLIGHT RANCH COMPANY,ATTN: PROPERTY TAX DEPT,PO BOX 30825,,SALT LAKE CITY,UT,Vacant Land,400.0,6
Big Horn,SUNLIGHT RANCH COMPANY,SUNLIGHT RANCH LLC,710 ROAD 8VE,,,POWELL,WY,Vacant Land,96.34,6
Big Horn,SUNLIGHT RANCH COMPANY,SUNLIGHT RANCH COMPANY,ATTN: PROPERTY TAX DEPT,PO BOX 30825,,SALT LAKE CITY,UT,Vacant Land,40.0,6
Big Horn,SUNLIGHT RANCH COMPANY,SUNLIGHT RANCH COMPANY,ATTN: PROPERTY TAX DEPT,PO BOX 30825,,SALT LAKE CITY,UT,Vacant Land,485.56,6
Big Horn,SUNLIGHT RANCH COMPANY,SUNLIGHT RANCH COMPANY,ATTN: PROPERTY TAX DEPT,PO BOX 30825,,SALT LAKE CITY,UT,Vacant Land,320.0,6
Big Horn,SUNLIGHT RANCH COMPANY,SUNLIGHT RANCH COMPANY,ATTN: PROPERTY TAX DEPT,PO BOX 30825,,SALT LAKE CITY,UT,Vacant Land,120.0,6
Big Horn,SUNLIGHT RANCH COMPANY,SUNLIGHT RANCH COMPANY,ATTN: PROPERTY TAX DEPT,PO BOX 30825,,SALT LAKE CITY,UT,Vacant Land,40.0,6
Big Horn,SUNLIGHT RANCH COMPANY,SUNLIGHT RANCH COMPANY,ATTN: PROPERTY TAX DEPT,PO BOX 30825,,SALT LAKE CITY,UT,Vacant Land,644.0,6
Big Horn,SUNLIGHT RANCH COMPANY,SUNLIGHT RANCH COMPANY,ATTN: PROPERTY TAX DEPT,PO BOX 30825,,SALT LAKE CITY,UT,Vacant Land,40.0,6
Big Horn,SUNLIGHT RANCH COMPANY,SUNLIGHT RANCH COMPANY,ATTN: PROPERTY TAX DEPT,PO BOX 30825,,SALT LAKE CITY,UT,Vacant Land,240.0,6
Big Horn,SUNLIGHT RANCH COMPANY,SUNLIGHT RANCH COMPANY,ATTN: PROPERTY TAX DEPT,PO BOX 30825,,SALT LAKE CITY,UT,Vacant Land,80.0,6
Big Horn,SUNLIGHT RANCH COMPANY,SUNLIGHT RANCH COMPANY,ATTN: PROPERTY TAX DEPT,PO BOX 30825,,SALT LAKE CITY,UT,Vacant Land,160.0,6
Big Horn,SUNLIGHT RANCH COMPANY,SUNLIGHT RANCH COMPANY,ATTN: PROPERTY TAX DEPT,PO BOX 30825,,SALT LAKE CITY,UT,Vacant Land,320.0,6
Big Horn,SUNLIGHT RANCH COMPANY,SUNLIGHT RANCH COMPANY,ATTN: PROPERTY TAX DEPT,PO BOX 30825,,SALT LAKE CITY,UT,Vacant Land,120.0,6
Big Horn,SUNLIGHT RANCH COMPANY,SUNLIGHT RANCH COMPANY,ATTN: PROPERTY TAX DEPT,PO BOX 30825,,SALT LAKE CITY,UT,Vacant Land,56.7,6
Big Horn,SUNLIGHT RANCH COMPANY,SUNLIGHT RANCH COMPANY,ATTN: PROPERTY TAX DEPT,PO BOX 30825,,SALT LAKE CITY,UT,Vacant Land,386.58,6
Big Horn,SUNLIGHT RANCH COMPANY,SUNLIGHT RANCH COMPANY,ATTN: PROPERTY TAX DEPT,PO BOX 30825,,SALT LAKE CITY,UT,Vacant Land,320.0,6
Big Horn,SUNLIGHT RANCH COMPANY,SUNLIGHT RANCH COMPANY,ATTN: PROPERTY TAX DEPT,PO BOX 30825,,SALT LAKE CITY,UT,Vacant Land,120.0,6
Big Horn,SUNLIGHT RANCH COMPANY,SUNLIGHT RANCH COMPANY,ATTN: PROPERTY TAX DEPT,PO BOX 30825,,SALT LAKE CITY,UT,Vacant Land,200.0,6
Big Horn,SUNLIGHT RANCH COMPANY,SUNLIGHT RANCH COMPANY,ATTN: PROPERTY TAX DEPT,PO BOX 30825,,SALT LAKE CITY,UT,Vacant Land,105.76,6
Big Horn,SUNLIGHT RANCH COMPANY,SUNLIGHT RANCH COMPANY,ATTN: PROPERTY TAX DEPT,PO BOX 30825,,SALT LAKE CITY,UT,Vacant Land,40.0,6
Big Horn,SUNLIGHT RANCH COMPANY,SUNLIGHT RANCH COMPANY,ATTN: PROPERTY TAX DEPT,PO BOX 30825,,SALT LAKE CITY,UT,Vacant Land,40.0,6
Big Horn,SUNLIGHT RANCH COMPANY,SUNLIGHT RANCH COMPANY,ATTN: PROPERTY TAX DEPT,PO BOX 30825,,SALT LAKE CITY,UT,Vacant Land,40.0,6
Big Horn,SUNLIGHT RANCH COMPANY,SUNLIGHT RANCH COMPANY,ATTN: PROPERTY TAX DEPT,PO BOX 30825,,SALT LAKE CITY,UT,Vacant Land,40.0,6
Big Horn,SUNLIGHT RANCH COMPANY,SUNLIGHT RANCH COMPANY,ATTN: PROPERTY TAX DEPT,PO BOX 30825,,SALT LAKE CITY,UT,Vacant Land,280.0,6
Big Horn,SUNLIGHT RANCH COMPANY,SUNLIGHT RANCH COMPANY,ATTN: PROPERTY TAX DEPT,PO BOX 30825,,SALT LAKE CITY,UT,Vacant Land,40.0,6
Big Horn,SUNLIGHT RANCH COMPANY,SUNLIGHT RANCH COMPANY,ATTN: PROPERTY TAX DEPT,PO BOX 30825,,SALT LAKE CITY,UT,Vacant Land,320.0,6
Big Horn,SUNLIGHT RANCH COMPANY,SUNLIGHT RANCH COMPANY,ATTN: PROPERTY TAX DEPT,PO BOX 30825,,SALT LAKE CITY,UT,Vacant Land,238.0,6
Big Horn,SUNLIGHT RANCH COMPANY,SUNLIGHT RANCH COMPANY,ATTN: PROPERTY TAX DEPT,PO BOX 30825,,SALT LAKE CITY,UT,Vacant Land,480.0,6
Big Horn,SUNLIGHT RANCH COMPANY,SUNLIGHT RANCH COMPANY,ATTN: PROPERTY TAX DEPT,PO BOX 30825,,SALT LAKE CITY,UT,Vacant Land,640.0,6
Big Horn,SUNLIGHT RANCH COMPANY,SUNLIGHT RANCH COMPANY,ATTN: PROPERTY TAX DEPT,PO BOX 30825,,SALT LAKE CITY,UT,Vacant Land,240.0,6
Big Horn,SUNLIGHT RANCH COMPANY,SUNLIGHT RANCH COMPANY,ATTN: PROPERTY TAX DEPT,PO BOX 30825,,SALT LAKE CITY,UT,Vacant Land,220.0,6
Big Horn,SUNLIGHT RANCH COMPANY,SUNLIGHT RANCH COMPANY,ATTN: PROPERTY TAX DEPT,PO BOX 30825,,SALT LAKE CITY,UT,Vacant Land,558.92,6
Big Horn,SUNLIGHT RANCH COMPANY,SUNLIGHT RANCH COMPANY,ATTN: PROPERTY TAX DEPT,PO BOX 30825,,SALT LAKE CITY,UT,Vacant Land,160.0,6
Big Horn,SUNLIGHT RANCH COMPANY,SUNLIGHT RANCH COMPANY,ATTN: PROPERTY TAX DEPT,PO BOX 30825,,SALT LAKE CITY,UT,Vacant Land,40.0,6
Big Horn,SUNLIGHT RANCH COMPANY,SUNLIGHT RANCH COMPANY,ATTN: PROPERTY TAX DEPT,PO BOX 30825,,SALT LAKE CITY,UT,Vacant Land,200.0,6
Big Horn,SUNLIGHT RANCH COMPANY,SUNLIGHT RANCH COMPANY,ATTN: PROPERTY TAX DEPT,PO BOX 30825,,SALT LAKE CITY,UT,Vacant Land,321.6,6
Big Horn,SUNLIGHT RANCH COMPANY,SUNLIGHT RANCH COMPANY,ATTN: PROPERTY TAX DEPT,PO BOX 30825,,SALT LAKE CITY,UT,Improved Property,320.0,6
Big Horn,SUNLIGHT RANCH COMPANY,SUNLIGHT RANCH COMPANY,ATTN: PROPERTY TAX DEPT,PO BOX 30825,,SALT LAKE CITY,UT,Vacant Land,647.72,6
Big Horn,SUNLIGHT RANCH COMPANY,SUNLIGHT RANCH COMPANY,ATTN: PROPERTY TAX DEPT,PO BOX 30825,,SALT LAKE CITY,UT,Vacant Land,160.0,6
Big Horn,SUNLIGHT RANCH COMPANY,SUNLIGHT RANCH COMPANY,ATTN: PROPERTY TAX DEPT,PO BOX 30825,,SALT LAKE CITY,UT,Vacant Land,36.36,6
Big Horn,SUNLIGHT RANCH COMPANY,SUNLIGHT RANCH COMPANY,ATTN: PROPERTY TAX DEPT,PO BOX 30825,,SALT LAKE CITY,UT,Vacant Land,160.0,6
Big Horn,SUNLIGHT RANCH COMPANY,SUNLIGHT RANCH COMPANY,ATTN: PROPERTY TAX DEPT,PO BOX 30825,,SALT LAKE CITY,UT,Vacant Land,80.0,6
Big Horn,SUNLIGHT RANCH COMPANY,SUNLIGHT RANCH COMPANY,ATTN: PROPERTY TAX DEPT,PO BOX 30825,,SALT LAKE CITY,UT,Vacant Land,116.81,6
Big Horn,SUNLIGHT RANCH COMPANY,SUNLIGHT RANCH COMPANY,ATTN: PROPERTY TAX DEPT,PO BOX 30825,,SALT LAKE CITY,UT,Vacant Land,320.0,6
Big Horn,SUNLIGHT RANCH COMPANY,SUNLIGHT RANCH COMPANY,ATTN: PROPERTY TAX DEPT,PO BOX 30825,,SALT LAKE CITY,UT,Vacant Land,115.0,6
Big Horn,SUNLIGHT RANCH COMPANY,SUNLIGHT RANCH COMPANY,ATTN: PROPERTY TAX DEPT,PO BOX 30825,,SALT LAKE CITY,UT,Improved Property,440.0,6
Big Horn,SUNLIGHT RANCH COMPANY,SUNLIGHT RANCH COMPANY,ATTN: PROPERTY TAX DEPT,PO BOX 30825,,SALT LAKE CITY,UT,Vacant Land,640.24,6
Big Horn,SUNLIGHT RANCH COMPANY,SUNLIGHT RANCH COMPANY,ATTN: PROPERTY TAX DEPT,PO BOX 30825,,SALT LAKE CITY,UT,Vacant Land,674.25,6
Big Horn,SUNLIGHT RANCH COMPANY,SUNLIGHT RANCH COMPANY,ATTN: PROPERTY TAX DEPT,PO BOX 30825,,SALT LAKE CITY,UT,Vacant Land,360.0,6
Big Horn,SUNLIGHT RANCH COMPANY,SUNLIGHT RANCH COMPANY,ATTN: PROPERTY TAX DEPT,PO BOX 30825,,SALT LAKE CITY,UT,Vacant Land,160.0,6
Big Horn,SUNLIGHT RANCH COMPANY,SUNLIGHT RANCH COMPANY,ATTN: PROPERTY TAX DEPT,PO BOX 30825,,SALT LAKE CITY,UT,Vacant Land,645.4,6
Big Horn,SUNLIGHT RANCH COMPANY,SUNLIGHT RANCH COMPANY,ATTN: PROPERTY TAX DEPT,PO BOX 30825,,SALT LAKE CITY,UT,Vacant Land,560.0,6
Big Horn,SUNLIGHT RANCH COMPANY,SUNLIGHT RANCH COMPANY,ATTN: PROPERTY TAX DEPT,PO BOX 30825,,SALT LAKE CITY,UT,Improved Property,20.0,6
Big Horn,SUNLIGHT RANCH COMPANY,SUNLIGHT RANCH COMPANY,ATTN: PROPERTY TAX DEPT,PO BOX 30825,,SALT LAKE CITY,UT,Vacant Land,360.0,6
Big Horn,SUNLIGHT RANCH COMPANY,SUNLIGHT RANCH COMPANY,ATTN: PROPERTY TAX DEPT,PO BOX 30825,,SALT LAKE CITY,UT,Vacant Land,120.0,6
Big Horn,SUNLIGHT RANCH COMPANY,SUNLIGHT RANCH COMPANY,ATTN: PROPERTY TAX DEPT,PO BOX 30825,,SALT LAKE CITY,UT,Vacant Land,280.0,6
Big Horn,SUNLIGHT RANCH COMPANY,SUNLIGHT RANCH COMPANY,ATTN: PROPERTY TAX DEPT,PO BOX 30825,,SALT LAKE CITY,UT,Vacant Land,80.0,6
Big Horn,SUNLIGHT RANCH COMPANY,SUNLIGHT RANCH COMPANY,ATTN: PROPERTY TAX DEPT,PO BOX 30825,,SALT LAKE CITY,UT,Vacant Land,140.0,6
Big Horn,SUNLIGHT RANCH COMPANY,SUNLIGHT RANCH COMPANY,ATTN: PROPERTY TAX DEPT,PO BOX 30825,,SALT LAKE CITY,UT,Vacant Land,320.0,6
Big Horn,SUNLIGHT RANCH COMPANY,SUNLIGHT RANCH COMPANY,ATTN: PROPERTY TAX DEPT,PO BOX 30825,,SALT LAKE CITY,UT,Vacant Land,480.0,6
Big Horn,SUNLIGHT RANCH COMPANY,SUNLIGHT RANCH COMPANY,ATTN: PROPERTY TAX DEPT,PO BOX 30825,,SALT LAKE CITY,UT,Vacant Land,600.0,6
Big Horn,SUNLIGHT RANCH COMPANY,SUNLIGHT RANCH COMPANY,ATTN: PROPERTY TAX DEPT,PO BOX 30825,,SALT LAKE CITY,UT,Vacant Land,160.0,6
Big Horn,SUNLIGHT RANCH COMPANY,SUNLIGHT RANCH COMPANY,ATTN: PROPERTY TAX DEPT,PO BOX 30825,,SALT LAKE CITY,UT,Vacant Land,320.0,6
Big Horn,SUNLIGHT RANCH COMPANY,SUNLIGHT RANCH COMPANY,ATTN: PROPERTY TAX DEPT,PO BOX 30825,,SALT LAKE CITY,UT,Vacant Land,280.42,6
Big Horn,SUNLIGHT RANCH COMPANY,SUNLIGHT RANCH COMPANY,ATTN: PROPERTY TAX DEPT,PO BOX 30825,,SALT LAKE CITY,UT,Vacant Land,169.37,6
Big Horn,SUNLIGHT RANCH COMPANY,SUNLIGHT RANCH COMPANY,ATTN: PROPERTY TAX DEPT,PO BOX 30825,,SALT LAKE CITY,UT,Vacant Land,640.0,6
Big Horn,SUNLIGHT RANCH COMPANY,SUNLIGHT RANCH COMPANY,ATTN: PROPERTY TAX DEPT,PO BOX 30825,,SALT LAKE CITY,UT,Vacant Land,118.13,6
Big Horn,SUNLIGHT RANCH COMPANY,SUNLIGHT RANCH COMPANY,ATTN: PROPERTY TAX DEPT,PO BOX 30825,,SALT LAKE CITY,UT,Vacant Land,400.0,6
Big Horn,SUNLIGHT RANCH COMPANY,SUNLIGHT RANCH COMPANY,ATTN: PROPERTY TAX DEPT,PO BOX 30825,,SALT LAKE CITY,UT,Improved Property,200.0,6
Big Horn,SUNLIGHT RANCH COMPANY,SUNLIGHT RANCH COMPANY,ATTN: PROPERTY TAX DEPT,PO BOX 30825,,SALT LAKE CITY,UT,Vacant Land,40.0,6
Big Horn,SUNLIGHT RANCH COMPANY,SUNLIGHT RANCH COMPANY,ATTN: PROPERTY TAX DEPT,PO BOX 30825,,SALT LAKE CITY,UT,Vacant Land,120.0,6
Big Horn,SUNLIGHT RANCH COMPANY,SUNLIGHT RANCH COMPANY,ATTN: PROPERTY TAX DEPT,PO BOX 30825,,SALT LAKE CITY,UT,Vacant Land,40.0,6
Big Horn,SUNLIGHT RANCH COMPANY,SUNLIGHT RANCH LLC,710 ROAD 8VE,,,POWELL,WY,Vacant Land,200.0,6
Big Horn,SUNLIGHT RANCH COMPANY,SUNLIGHT RANCH COMPANY,ATTN: PROPERTY TAX DEPT,PO BOX 30825,,SALT LAKE CITY,UT,Vacant Land,440.0,6
Big Horn,SUNLIGHT RANCH COMPANY,SUNLIGHT RANCH COMPANY,ATTN: PROPERTY TAX DEPT,PO BOX 30825,,SALT LAKE CITY,UT,Vacant Land,80.0,6
Big Horn,SUNLIGHT RANCH COMPANY,SUNLIGHT RANCH COMPANY,ATTN: PROPERTY TAX DEPT,PO BOX 30825,,SALT LAKE CITY,UT,Improved Property,440.92,6
Big Horn,SUNLIGHT RANCH COMPANY,SUNLIGHT RANCH COMPANY,ATTN: PROPERTY TAX DEPT,PO BOX 30825,,SALT LAKE CITY,UT,Vacant Land,80.0,6
Big Horn,SUNLIGHT RANCH COMPANY,SUNLIGHT RANCH COMPANY,ATTN: PROPERTY TAX DEPT,PO BOX 30825,,SALT LAKE CITY,UT,Vacant Land,320.0,6
Big Horn,SUNLIGHT RANCH COMPANY,SUNLIGHT RANCH COMPANY,ATTN: PROPERTY TAX DEPT,PO BOX 30825,,SALT LAKE CITY,UT,Vacant Land,400.0,6
Big Horn,SUNLIGHT RANCH COMPANY,SUNLIGHT RANCH COMPANY,ATTN: PROPERTY TAX DEPT,PO BOX 30825,,SALT LAKE CITY,UT,Vacant Land,80.0,6
Big Horn,SUNLIGHT RANCH COMPANY,SUNLIGHT RANCH COMPANY,ATTN: PROPERTY TAX DEPT,PO BOX 30825,,SALT LAKE CITY,UT,Vacant Land,80.0,6
Big Horn,SUNLIGHT RANCH COMPANY,SUNLIGHT RANCH COMPANY,ATTN: PROPERTY TAX DEPT,PO BOX 30825,,SALT LAKE CITY,UT,Vacant Land,80.0,6
Big Horn,SUNLIGHT RANCH COMPANY,SUNLIGHT RANCH COMPANY,ATTN: PROPERTY TAX DEPT,PO BOX 30825,,SALT LAKE CITY,UT,Vacant Land,80.0,6
Big Horn,SUNLIGHT RANCH COMPANY,SUNLIGHT RANCH COMPANY,ATTN: PROPERTY TAX DEPT,PO BOX 30825,,SALT LAKE CITY,UT,Vacant Land,308.38,6
Big Horn,SUNLIGHT RANCH COMPANY,SUNLIGHT RANCH COMPANY,ATTN: PROPERTY TAX DEPT,PO BOX 30825,,SALT LAKE CITY,UT,Vacant Land,320.0,6
Big Horn,SUNLIGHT RANCH COMPANY,SUNLIGHT RANCH COMPANY,ATTN: PROPERTY TAX DEPT,PO BOX 30825,,SALT LAKE CITY,UT,Vacant Land,40.0,6
Big Horn,SUNLIGHT RANCH COMPANY,SUNLIGHT RANCH COMPANY,ATTN: PROPERTY TAX DEPT,PO BOX 30825,,SALT LAKE CITY,UT,Vacant Land,80.0,6
Big Horn,SUNLIGHT RANCH COMPANY,SUNLIGHT RANCH COMPANY,ATTN: PROPERTY TAX DEPT,PO BOX 30825,,SALT LAKE CITY,UT,Vacant Land,120.0,6
Big Horn,SUNLIGHT RANCH COMPANY,SUNLIGHT RANCH COMPANY,ATTN: PROPERTY TAX DEPT,PO BOX 30825,,SALT LAKE CITY,UT,Vacant Land,15.0,6
Big Horn,SUNLIGHT RANCH COMPANY,SUNLIGHT RANCH COMPANY,ATTN: PROPERTY TAX DEPT,PO BOX 30825,,SALT LAKE CITY,UT,Vacant Land,600.0,6
Big Horn,SUNLIGHT RANCH COMPANY,SUNLIGHT RANCH COMPANY,ATTN: PROPERTY TAX DEPT,PO BOX 30825,,SALT LAKE CITY,UT,Vacant Land,440.0,6
Big Horn,SUNLIGHT RANCH COMPANY,SUNLIGHT RANCH COMPANY,ATTN: PROPERTY TAX DEPT,PO BOX 30825,,SALT LAKE CITY,UT,Vacant Land,120.0,6
Big Horn,SUNLIGHT RANCH COMPANY,SUNLIGHT RANCH COMPANY,ATTN: PROPERTY TAX DEPT,PO BOX 30825,,SALT LAKE CITY,UT,Vacant Land,482.37,6
Big Horn,SUNLIGHT RANCH COMPANY,SUNLIGHT RANCH COMPANY,ATTN: PROPERTY TAX DEPT,PO BOX 30825,,SALT LAKE CITY,UT,Vacant Land,640.0,6
Big Horn,SUNLIGHT RANCH COMPANY,SUNLIGHT RANCH COMPANY,ATTN: PROPERTY TAX DEPT,PO BOX 30825,,SALT LAKE CITY,UT,Vacant Land,320.0,6
Big Horn,SUNLIGHT RANCH COMPANY,SUNLIGHT RANCH COMPANY,ATTN: PROPERTY TAX DEPT,PO BOX 30825,,SALT LAKE CITY,UT,Improved Property,120.36,6
Big Horn,SUNLIGHT RANCH COMPANY,SUNLIGHT RANCH COMPANY,ATTN: PROPERTY TAX DEPT,PO BOX 30825,,SALT LAKE CITY,UT,Vacant Land,640.0,6
Big Horn,SUNLIGHT RANCH COMPANY,SUNLIGHT RANCH COMPANY,ATTN: PROPERTY TAX DEPT,PO BOX 30825,,SALT LAKE CITY,UT,Vacant Land,442.92,6
Big Horn,SUNLIGHT RANCH COMPANY,SUNLIGHT RANCH COMPANY,ATTN: PROPERTY TAX DEPT,PO BOX 30825,,SALT LAKE CITY,UT,Vacant Land,76.35,6
Big Horn,SUNLIGHT RANCH COMPANY,SUNLIGHT RANCH COMPANY,ATTN: PROPERTY TAX DEPT,PO BOX 30825,,SALT LAKE CITY,UT,Vacant Land,240.0,6
Big Horn,SUNLIGHT RANCH COMPANY,SUNLIGHT RANCH COMPANY INC,ATTN: PROPERTY TAX DEPT,PO BOX 30825,,SALT LAKE CITY,UT,Vacant Land,160.0,6
Big Horn,SUNLIGHT RANCH COMPANY,SUNLIGHT RANCH COMPANY,ATTN: PROPERTY TAX DEPT,PO BOX 30825,,SALT LAKE CITY,UT,Vacant Land,160.0,6
Big Horn,SUNLIGHT RANCH COMPANY,SUNLIGHT RANCH COMPANY,ATTN: PROPERTY TAX DEPT,PO BOX 30825,,SALT LAKE CITY,UT,Vacant Land,80.0,6
Big Horn,SUNLIGHT RANCH COMPANY,SUNLIGHT RANCH COMPANY,ATTN: PROPERTY TAX DEPT,PO BOX 30825,,SALT LAKE CITY,UT,Vacant Land,340.0,6
Big Horn,SUNLIGHT RANCH COMPANY,SUNLIGHT RANCH COMPANY,ATTN: PROPERTY TAX DEPT,PO BOX 30825,,SALT LAKE CITY,UT,Vacant Land,400.0,6
Big Horn,SUNLIGHT RANCH COMPANY,SUNLIGHT RANCH COMPANY,ATTN: PROPERTY TAX DEPT,PO BOX 30825,,SALT LAKE CITY,UT,Vacant Land,29.0,6
Big Horn,SUNLIGHT RANCH COMPANY,SUNLIGHT RANCH COMPANY,ATTN: PROPERTY TAX DEPT,PO BOX 30825,,SALT LAKE CITY,UT,Vacant Land,520.0,6
Big Horn,SUNLIGHT RANCH COMPANY,SUNLIGHT RANCH COMPANY,ATTN: PROPERTY TAX DEPT,PO BOX 30825,,SALT LAKE CITY,UT,Vacant Land,80.0,6
Big Horn,SUNLIGHT RANCH COMPANY,SUNLIGHT RANCH COMPANY,ATTN: PROPERTY TAX DEPT,PO BOX 30825,,SALT LAKE CITY,UT,Vacant Land,401.08,6
Big Horn,SUNLIGHT RANCH COMPANY,SUNLIGHT RANCH LLC,710 ROAD 8VE,,,POWELL,WY,Vacant Land,400.0,6
Big Horn,SUNLIGHT RANCH COMPANY,SUNLIGHT RANCH COMPANY,ATTN: PROPERTY TAX DEPT,PO BOX 30825,,SALT LAKE CITY,UT,Gravel Pit,352.0,6
Big Horn,SUNLIGHT RANCH COMPANY,SUNLIGHT RANCH COMPANY INC,ATTN: PROPERTY TAX DEPT,PO BOX 30825,,SALT LAKE CITY,UT,Vacant Land,240.0,6
Big Horn,SUNLIGHT RANCH COMPANY,SUNLIGHT RANCH COMPANY,ATTN: PROPERTY TAX DEPT,PO BOX 30825,,SALT LAKE CITY,UT,Vacant Land,40.0,6
Big Horn,SUNLIGHT RANCH COMPANY,SUNLIGHT RANCH COMPANY,ATTN: PROPERTY TAX DEPT,PO BOX 30825,,SALT LAKE CITY,UT,Vacant Land,80.0,6
Big Horn,SUNLIGHT RANCH COMPANY,SUNLIGHT RANCH COMPANY,ATTN: PROPERTY TAX DEPT,PO BOX 30825,,SALT LAKE CITY,UT,Vacant Land,160.0,6
Big Horn,SUNLIGHT RANCH COMPANY,SUNLIGHT RANCH COMPANY,ATTN: PROPERTY TAX DEPT,PO BOX 30825,,SALT LAKE CITY,UT,Vacant Land,317.12,6
Big Horn,SUNLIGHT RANCH COMPANY,SUNLIGHT RANCH COMPANY,ATTN: PROPERTY TAX DEPT,PO BOX 30825,,SALT LAKE CITY,UT,Vacant Land,483.36,6
Big Horn,SUNLIGHT RANCH COMPANY,SUNLIGHT RANCH COMPANY,ATTN: PROPERTY TAX DEPT,PO BOX 30825,,SALT LAKE CITY,UT,Vacant Land,80.0,6
Big Horn,SUNLIGHT RANCH COMPANY,SUNLIGHT RANCH COMPANY,ATTN: PROPERTY TAX DEPT,PO BOX 30825,,SALT LAKE CITY,UT,Vacant Land,40.0,6
Big Horn,SUNLIGHT RANCH COMPANY,SUNLIGHT RANCH COMPANY,ATTN: PROPERTY TAX DEPT,PO BOX 30825,,SALT LAKE CITY,UT,Vacant Land,200.0,6
Big Horn,SUNLIGHT RANCH COMPANY,SUNLIGHT RANCH COMPANY,ATTN: PROPERTY TAX DEPT,PO BOX 30825,,SALT LAKE CITY,UT,Vacant Land,475.95,6
Big Horn,SUNLIGHT RANCH COMPANY,SUNLIGHT RANCH COMPANY,ATTN: PROPERTY TAX DEPT,PO BOX 30825,,SALT LAKE CITY,UT,Vacant Land,320.0,6
Big Horn,SUNLIGHT RANCH COMPANY,SUNLIGHT RANCH COMPANY,ATTN: PROPERTY TAX DEPT,PO BOX 30825,,SALT LAKE CITY,UT,Vacant Land,651.0,6
Big Horn,SUNLIGHT RANCH COMPANY,SUNLIGHT RANCH COMPANY,ATTN: PROPERTY TAX DEPT,PO BOX 30825,,SALT LAKE CITY,UT,Vacant Land,120.0,6
Big Horn,SUNLIGHT RANCH COMPANY,SUNLIGHT RANCH COMPANY,ATTN: PROPERTY TAX DEPT,PO BOX 30825,,SALT LAKE CITY,UT,Vacant Land,349.92,6
Big Horn,SUNLIGHT RANCH COMPANY,SUNLIGHT RANCH COMPANY,ATTN: PROPERTY TAX DEPT,PO BOX 30825,,SALT LAKE CITY,UT,Vacant Land,197.82,6
Big Horn,SUNLIGHT RANCH COMPANY,SUNLIGHT RANCH COMPANY,ATTN: PROPERTY TAX DEPT,PO BOX 30825,,SALT LAKE CITY,UT,Vacant Land,40.0,6
Big Horn,SUNLIGHT RANCH COMPANY,SUNLIGHT RANCH COMPANY,ATTN: PROPERTY TAX DEPT,PO BOX 30825,,SALT LAKE CITY,UT,Vacant Land,400.0,6
Big Horn,SUNLIGHT RANCH COMPANY,SUNLIGHT RANCH LLC,710 ROAD 8VE,,,POWELL,WY,Vacant Land,37.38,6
Big Horn,SUNLIGHT RANCH COMPANY,SUNLIGHT RANCH COMPANY,ATTN: PROPERTY TAX DEPT,PO BOX 30825,,SALT LAKE CITY,UT,Vacant Land,50.01,6
Big Horn,SUNLIGHT RANCH COMPANY,SUNLIGHT RANCH COMPANY,ATTN: PROPERTY TAX DEPT,PO BOX 30825,,SALT LAKE CITY,UT,Vacant Land,403.2,6
Big Horn,SUNLIGHT RANCH COMPANY,SUNLIGHT RANCH COMPANY,ATTN: PROPERTY TAX DEPT,PO BOX 30825,,SALT LAKE CITY,UT,Vacant Land,22.5,6
Big Horn,SUNLIGHT RANCH COMPANY,SUNLIGHT RANCH COMPANY INC,ATTN: PROPERTY TAX DEPT,PO BOX 30825,,SALT LAKE CITY,UT,Vacant Land,80.0,6
Big Horn,SUNLIGHT RANCH COMPANY,SUNLIGHT RANCH COMPANY,ATTN: PROPERTY TAX DEPT,PO BOX 30825,,SALT LAKE CITY,UT,Vacant Land,320.0,6
Big Horn,SUNLIGHT RANCH COMPANY,SUNLIGHT RANCH COMPANY,ATTN: PROPERTY TAX DEPT,PO BOX 30825,,SALT LAKE CITY,UT,Vacant Land,80.0,6
Big Horn,SUNLIGHT RANCH COMPANY,SUNLIGHT RANCH COMPANY,ATTN: PROPERTY TAX DEPT,PO BOX 30825,,SALT LAKE CITY,UT,Vacant Land,160.0,6
Big Horn,SUNLIGHT RANCH COMPANY,SUNLIGHT RANCH COMPANY,ATTN: PROPERTY TAX DEPT,PO BOX 30825,,SALT LAKE CITY,UT,Vacant Land,320.0,6
Big Horn,SUNLIGHT RANCH COMPANY,SUNLIGHT RANCH COMPANY,ATTN: PROPERTY TAX DEPT,PO BOX 30825,,SALT LAKE CITY,UT,Vacant Land,200.0,6
Big Horn,SUNLIGHT RANCH COMPANY,SUNLIGHT RANCH COMPANY,ATTN: PROPERTY TAX DEPT,PO BOX 30825,,SALT LAKE CITY,UT,Vacant Land,180.0,6
Big Horn,SUNLIGHT RANCH COMPANY,SUNLIGHT RANCH COMPANY,ATTN: PROPERTY TAX DEPT,PO BOX 30825,,SALT LAKE CITY,UT,Vacant Land,440.0,6
Big Horn,SUNLIGHT RANCH COMPANY,SUNLIGHT RANCH COMPANY,ATTN: PROPERTY TAX DEPT,PO BOX 30825,,SALT LAKE CITY,UT,Vacant Land,160.0,6
Big Horn,SUNLIGHT RANCH COMPANY,SUNLIGHT RANCH COMPANY,ATTN: PROPERTY TAX DEPT,PO BOX 30825,,SALT LAKE CITY,UT,Vacant Land,80.0,6
Big Horn,SUNLIGHT RANCH COMPANY,SUNLIGHT RANCH COMPANY,ATTN: PROPERTY TAX DEPT,PO BOX 30825,,SALT LAKE CITY,UT,Vacant Land,120.0,6
Big Horn,SUNLIGHT RANCH COMPANY,SUNLIGHT RANCH COMPANY,ATTN: PROPERTY TAX DEPT,PO BOX 30825,,SALT LAKE CITY,UT,Vacant Land,280.0,6
Big Horn,SUNLIGHT RANCH COMPANY,SUNLIGHT RANCH COMPANY,ATTN: PROPERTY TAX DEPT,PO BOX 30825,,SALT LAKE CITY,UT,Vacant Land,440.0,6
Big Horn,SUNLIGHT RANCH COMPANY,SUNLIGHT RANCH COMPANY,ATTN: PROPERTY TAX DEPT,PO BOX 30825,,SALT LAKE CITY,UT,Vacant Land,160.0,6
Big Horn,SUNLIGHT RANCH COMPANY,SUNLIGHT RANCH COMPANY,ATTN: PROPERTY TAX DEPT,PO BOX 30825,,SALT LAKE CITY,UT,Vacant Land,80.0,6
Big Horn,SUNLIGHT RANCH COMPANY,SUNLIGHT RANCH COMPANY,ATTN: PROPERTY TAX DEPT,PO BOX 30825,,SALT LAKE CITY,UT,Vacant Land,360.0,6
Big Horn,SUNLIGHT RANCH COMPANY,SUNLIGHT RANCH COMPANY,ATTN: PROPERTY TAX DEPT,PO BOX 30825,,SALT LAKE CITY,UT,Vacant Land,560.0,6
Big Horn,SUNLIGHT RANCH COMPANY,SUNLIGHT RANCH COMPANY,ATTN: PROPERTY TAX DEPT,PO BOX 30825,,SALT LAKE CITY,UT,Vacant Land,63.55,6
Big Horn,SUNLIGHT RANCH COMPANY,SUNLIGHT RANCH COMPANY,ATTN: PROPERTY TAX DEPT,PO BOX 30825,,SALT LAKE CITY,UT,Vacant Land,602.64,6
Big Horn,SUNLIGHT RANCH COMPANY,SUNLIGHT RANCH COMPANY,ATTN: PROPERTY TAX DEPT,PO BOX 30825,,SALT LAKE CITY,UT,Vacant Land,80.0,6
Big Horn,SUNLIGHT RANCH COMPANY,SUNLIGHT RANCH COMPANY,ATTN: PROPERTY TAX DEPT,PO BOX 30825,,SALT LAKE CITY,UT,Vacant Land,240.0,6
Big Horn,SUNLIGHT RANCH COMPANY,SUNLIGHT RANCH COMPANY,ATTN: PROPERTY TAX DEPT,PO BOX 30825,,SALT LAKE CITY,UT,Vacant Land,120.88,6
Big Horn,SUNLIGHT RANCH COMPANY,SUNLIGHT RANCH COMPANY,ATTN: PROPERTY TAX DEPT,PO BOX 30825,,SALT LAKE CITY,UT,Vacant Land,640.0,6
Big Horn,SUNLIGHT RANCH COMPANY,SUNLIGHT RANCH COMPANY,ATTN: PROPERTY TAX DEPT,PO BOX 30825,,SALT LAKE CITY,UT,Vacant Land,320.0,6
Big Horn,SUNLIGHT RANCH COMPANY,SUNLIGHT RANCH COMPANY,ATTN: PROPERTY TAX DEPT,PO BOX 30825,,SALT LAKE CITY,UT,Vacant Land,80.0,6
Big Horn,SUNLIGHT RANCH COMPANY,SUNLIGHT RANCH COMPANY,ATTN: PROPERTY TAX DEPT,PO BOX 30825,,SALT LAKE CITY,UT,Vacant Land,612.44,6
Big Horn,SUNLIGHT RANCH COMPANY,SUNLIGHT RANCH COMPANY,ATTN: PROPERTY TAX DEPT,PO BOX 30825,,SALT LAKE CITY,UT,Vacant Land,483.39,6
Big Horn,SUNLIGHT RANCH COMPANY,SUNLIGHT RANCH COMPANY,ATTN: PROPERTY TAX DEPT,PO BOX 30825,,SALT LAKE CITY,UT,Vacant Land,480.0,6
Big Horn,SUNLIGHT RANCH COMPANY,SUNLIGHT RANCH COMPANY,ATTN: PROPERTY TAX DEPT,PO BOX 30825,,SALT LAKE CITY,UT,Vacant Land,611.4,6
Big Horn,SUNLIGHT RANCH COMPANY,SUNLIGHT RANCH LLC,710 ROAD 8VE,,,POWELL,WY,Vacant Land,160.0,6
Big Horn,SUNLIGHT RANCH COMPANY,SUNLIGHT RANCH COMPANY,ATTN: PROPERTY TAX DEPT,PO BOX 30825,,SALT LAKE CITY,UT,Vacant Land,220.0,6
Big Horn,SUNLIGHT RANCH COMPANY,SUNLIGHT RANCH LLC,710 ROAD 8VE,,,POWELL,WY,Vacant Land,340.0,6
Big Horn,SUNLIGHT RANCH COMPANY,SUNLIGHT RANCH COMPANY,ATTN: PROPERTY TAX DEPT,PO BOX 30825,,SALT LAKE CITY,UT,Vacant Land,57.13,6
Big Horn,SUNLIGHT RANCH COMPANY,SUNLIGHT RANCH LLC,710 ROAD 8VE,,,POWELL,WY,Vacant Land,160.02,6
Big Horn,SUNLIGHT RANCH COMPANY,SUNLIGHT RANCH LLC,710 ROAD 8VE,,,POWELL,WY,Vacant Land,628.56,6
Big Horn,SUNLIGHT RANCH COMPANY,SUNLIGHT RANCH COMPANY,ATTN: PROPERTY TAX DEPT,PO BOX 30825,,SALT LAKE CITY,UT,Vacant Land,240.0,6
Big Horn,SUNLIGHT RANCH COMPANY,SUNLIGHT RANCH COMPANY,ATTN: PROPERTY TAX DEPT,PO BOX 30825,,SALT LAKE CITY,UT,Improved Property,220.0,6
Big Horn,SUNLIGHT RANCH COMPANY,SUNLIGHT RANCH COMPANY,ATTN: PROPERTY TAX DEPT,PO BOX 30825,,SALT LAKE CITY,UT,Vacant Land,200.0,6
Big Horn,SUNLIGHT RANCH COMPANY,SUNLIGHT RANCH COMPANY,ATTN: PROPERTY TAX DEPT,PO BOX 30825,,SALT LAKE CITY,UT,Vacant Land,358.27,6
Big Horn,SUNLIGHT RANCH COMPANY,SUNLIGHT RANCH COMPANY,ATTN: PROPERTY TAX DEPT,PO BOX 30825,,SALT LAKE CITY,UT,Vacant Land,80.0,6
Big Horn,SUNLIGHT RANCH COMPANY,SUNLIGHT RANCH LLC,710 ROAD 8VE,,,POWELL,WY,Vacant Land,160.0,6
Big Horn,SUNLIGHT RANCH COMPANY,SUNLIGHT RANCH COMPANY,ATTN: PROPERTY TAX DEPT,PO BOX 30825,,SALT LAKE CITY,UT,Vacant Land,120.0,6
Big Horn,SUNLIGHT RANCH COMPANY,SUNLIGHT RANCH COMPANY,ATTN: PROPERTY TAX DEPT,PO BOX 30825,,SALT LAKE CITY,UT,Improved Property,40.0,6
Big Horn,SUNLIGHT RANCH COMPANY,SUNLIGHT RANCH COMPANY,ATTN: PROPERTY TAX DEPT,PO BOX 30825,,SALT LAKE CITY,UT,Improved Property,140.0,6
Big Horn,SUNLIGHT RANCH COMPANY,SUNLIGHT RANCH COMPANY,ATTN: PROPERTY TAX DEPT,PO BOX 30825,,SALT LAKE CITY,UT,Vacant Land,160.0,6
Big Horn,SUNLIGHT RANCH COMPANY,SUNLIGHT RANCH COMPANY,ATTN: PROPERTY TAX DEPT,PO BOX 30825,,SALT LAKE CITY,UT,Vacant Land,40.34,6
Big Horn,SUNLIGHT RANCH COMPANY,SUNLIGHT RANCH LLC,710 ROAD 8VE,,,POWELL,WY,Vacant Land,20.0,6
Big Horn,SUNLIGHT RANCH COMPANY,SUNLIGHT RANCH COMPANY,ATTN: PROPERTY TAX DEPT,PO BOX 30825,,SALT LAKE CITY,UT,Vacant Land,80.0,6
Big Horn,SUNLIGHT RANCH COMPANY,SUNLIGHT RANCH COMPANY,ATTN: PROPERTY TAX DEPT,PO BOX 30825,,SALT LAKE CITY,UT,Vacant Land,240.0,6
Big Horn,SUNLIGHT RANCH COMPANY,SUNLIGHT RANCH COMPANY,ATTN: PROPERTY TAX DEPT,PO BOX 30825,,SALT LAKE CITY,UT,Improved Property,480.0,6
Big Horn,SUNLIGHT RANCH COMPANY,SUNLIGHT RANCH COMPANY,ATTN: PROPERTY TAX DEPT,PO BOX 30825,,SALT LAKE CITY,UT,Vacant Land,173.0,6
Big Horn,SUNLIGHT RANCH COMPANY,SUNLIGHT RANCH COMPANY,ATTN: PROPERTY TAX DEPT,PO BOX 30825,,SALT LAKE CITY,UT,Vacant Land,280.0,6
Big Horn,SUNLIGHT RANCH COMPANY,SUNLIGHT RANCH COMPANY,ATTN: PROPERTY TAX DEPT,PO BOX 30825,,SALT LAKE CITY,UT,Improved Property,625.63,6
Big Horn,SUNLIGHT RANCH COMPANY,SUNLIGHT RANCH COMPANY,ATTN: PROPERTY TAX DEPT,PO BOX 30825,,SALT LAKE CITY,UT,Vacant Land,240.74,6
Big Horn,SUNLIGHT RANCH COMPANY,SUNLIGHT RANCH COMPANY,ATTN: PROPERTY TAX DEPT,PO BOX 30825,,SALT LAKE CITY,UT,Improved Property,617.59,6
Big Horn,SUNLIGHT RANCH COMPANY,SUNLIGHT RANCH COMPANY,ATTN: PROPERTY TAX DEPT,PO BOX 30825,,SALT LAKE CITY,UT,Vacant Land,480.0,6
Big Horn,SUNLIGHT RANCH COMPANY,SUNLIGHT RANCH COMPANY,ATTN: PROPERTY TAX DEPT,PO BOX 30825,,SALT LAKE CITY,UT,Improved Property,320.0,6
Big Horn,SUNLIGHT RANCH COMPANY,SUNLIGHT RANCH COMPANY,ATTN: PROPERTY TAX DEPT,PO BOX 30825,,SALT LAKE CITY,UT,Vacant Land,400.78,6
Big Horn,SUNLIGHT RANCH COMPANY,SUNLIGHT RANCH COMPANY,ATTN: PROPERTY TAX DEPT,PO BOX 30825,,SALT LAKE CITY,UT,Vacant Land,60.0,6
Big Horn,SUNLIGHT RANCH COMPANY,SUNLIGHT RANCH COMPANY,ATTN: PROPERTY TAX DEPT,PO BOX 30825,,SALT LAKE CITY,UT,Vacant Land,38.0,6
Big Horn,SUNLIGHT RANCH COMPANY,SUNLIGHT RANCH COMPANY,ATTN: PROPERTY TAX DEPT,PO BOX 30825,,SALT LAKE CITY,UT,Vacant Land,136.0,6
Big Horn,SUNLIGHT RANCH COMPANY,SUNLIGHT RANCH COMPANY,ATTN: PROPERTY TAX DEPT,PO BOX 30825,,SALT LAKE CITY,UT,Vacant Land,40.0,6
Big Horn,SUNLIGHT RANCH COMPANY,SUNLIGHT RANCH COMPANY,ATTN: PROPERTY TAX DEPT,PO BOX 30825,,SALT LAKE CITY,UT,Vacant Land,40.0,6
Big Horn,SUNLIGHT RANCH COMPANY,SUNLIGHT RANCH COMPANY,ATTN: PROPERTY TAX DEPT,PO BOX 30825,,SALT LAKE CITY,UT,Vacant Land,400.0,6
Big Horn,SUNLIGHT RANCH COMPANY,SUNLIGHT RANCH COMPANY,ATTN: PROPERTY TAX DEPT,PO BOX 30825,,SALT LAKE CITY,UT,Improved Property,578.4,6
Big Horn,SUNLIGHT RANCH COMPANY,SUNLIGHT RANCH COMPANY,ATTN: PROPERTY TAX DEPARTMENT,PO BOX 30825,,SALT LAKE CITY,UT,Vacant Land,110.0,6
Big Horn,SUNLIGHT RANCH COMPANY,SUNLIGHT RANCH COMPANY,ATTN: PROPERTY TAX DEPT,PO BOX 30825,,SALT LAKE CITY,UT,Vacant Land,80.0,6
Big Horn,SUNLIGHT RANCH COMPANY,SUNLIGHT RANCH COMPANY,ATTN: PROPERTY TAX DEPT,PO BOX 30825,,SALT LAKE CITY,UT,Vacant Land,40.0,6
Big Horn,SUNLIGHT RANCH COMPANY,SUNLIGHT RANCH COMPANY,ATTN: PROPERTY TAX DEPT,PO BOX 30825,,SALT LAKE CITY,UT,Vacant Land,80.0,6
Big Horn,SUNLIGHT RANCH COMPANY,SUNLIGHT RANCH COMPANY,ATTN: PROPERTY TAX DEPT,PO BOX 30825,,SALT LAKE CITY,UT,Vacant Land,280.74,6
Big Horn,SUNLIGHT RANCH COMPANY,SUNLIGHT RANCH COMPANY,ATTN: PROPERTY TAX DEPT,PO BOX 30825,,SALT LAKE CITY,UT,Vacant Land,240.0,6
Big Horn,SUNLIGHT RANCH COMPANY,SUNLIGHT RANCH COMPANY,ATTN: PROPERTY TAX DEPARTMENT,PO BOX 30825,,SALT LAKE CITY,UT,Vacant Land,80.0,6
Big Horn,SUNLIGHT RANCH COMPANY,SUNLIGHT RANCH COMPANY,ATTN: PROPERTY TAX DEPT,PO BOX 30825,,SALT LAKE CITY,UT,Vacant Land,80.0,6
Big Horn,SUNLIGHT RANCH COMPANY,SUNLIGHT RANCH COMPANY,ATTN: PROPERTY TAX DEPT,PO BOX 30825,,SALT LAKE CITY,UT,Vacant Land,120.0,6
Big Horn,SUNLIGHT RANCH COMPANY,SUNLIGHT RANCH COMPANY,ATTN: PROPERTY TAX DEPT,PO BOX 30825,,SALT LAKE CITY,UT,Vacant Land,58.0,6
Big Horn,SUNLIGHT RANCH COMPANY,SUNLIGHT RANCH COMPANY,ATTN: PROPERTY TAX DEPT,PO BOX 30825,,SALT LAKE CITY,UT,Vacant Land,160.0,6
Big Horn,SUNLIGHT RANCH COMPANY,SUNLIGHT RANCH LLC,710 ROAD 8VE,,,POWELL,WY,Vacant Land,80.0,6
Big Horn,SUNLIGHT RANCH COMPANY,SUNLIGHT RANCH LLC,710 ROAD 8VE,,,POWELL,WY,Vacant Land,110.0,6
Toole,FARMLAND RESERVE INC,FARMLAND RESERVES INC,PO BOX 3688,,,SALT LAKE CITY,UT,Vacant Land,160.0,3
Toole,FARMLAND RESERVE INC,FARMLAND RESERVES INC,PO BOX 3688,,,SALT LAKE CITY,UT,Vacant Land,40.0,3
Toole,FARMLAND RESERVE INC,FARMLAND RESERVE INC,PO BOX 3688,,,SALT LAKE CITY,UT,Vacant Land,314.24,3
Toole,FARMLAND RESERVE INC,FARMLAND RESERVE INC,PO BOX 3688,,,SALT LAKE CITY,UT,Vacant Land,153.86,3
Valley,AMERICAN PRAIRIE,AMERICAN PRAIRIE FOUNDATION,PO BOX 908,,,BOZEMAN,MT,Vacant Land,360.0,9
Valley,AMERICAN PRAIRIE,AMERICAN PRAIRIE FOUNDATION,PO BOX 908,,,BOZEMAN,MT,Vacant Land,40.0,9
Valley,AMERICAN PRAIRIE,AMERICAN PRAIRIE FOUNDATION,PO BOX 908,,,BOZEMAN,MT,Vacant Land,80.0,9
Valley,AMERICAN PRAIRIE,AMERICAN PRAIRIE FOUNDATION,PO BOX 908,,,BOZEMAN,MT,Improved Property,40.0,9
Valley,AMERICAN PRAIRIE,AMERICAN PRAIRIE FOUNDATION,PO BOX 908,,,BOZEMAN,MT,Vacant Land,40.0,9
Valley,AMERICAN PRAIRIE,AMERICAN PRAIRIE FOUNDATION,PO BOX 908,,,BOZEMAN,MT,Vacant Land,200.0,9
Valley,AMERICAN PRAIRIE,AMERICAN PRAIRIE FOUNDATION,PO BOX 908,,,BOZEMAN,MT,Vacant Land,230.0,9
Valley,AMERICAN PRAIRIE,AMERICAN PRAIRIE FOUNDATION,PO BOX 908,,,BOZEMAN,MT,Vacant Land,258.0,9
Valley,AMERICAN PRAIRIE,AMERICAN PRAIRIE FOUNDATION,PO BOX 908,,,BOZEMAN,MT,Vacant Land,160.0,9
Valley,AMERICAN PRAIRIE,AMERICAN PRAIRIE FOUNDATION,PO BOX 908,,,BOZEMAN,MT,Vacant Land,320.0,9
Valley,AMERICAN PRAIRIE,AMERICAN PRAIRIE FOUNDATION,PO BOX 908,,,BOZEMAN,MT,Vacant Land,160.0,9
Valley,AMERICAN PRAIRIE,AMERICAN PRAIRIE FOUNDATION,PO BOX 908,,,BOZEMAN,MT,Vacant Land,480.0,9
Valley,AMERICAN PRAIRIE,AMERICAN PRAIRIE FOUNDATION,PO BOX 908,,,BOZEMAN,MT,Vacant Land,240.0,9
Valley,AMERICAN PRAIRIE,AMERICAN PRAIRIE FOUNDATION,PO BOX 908,,,BOZEMAN,MT,Vacant Land,393.0,9
Valley,AMERICAN PRAIRIE,AMERICAN PRAIRIE FOUNDATION,PO BOX 908,,,BOZEMAN,MT,Vacant Land,360.0,9
Valley,AMERICAN PRAIRIE,AMERICAN PRAIRIE FOUNDATION,PO BOX 908,,,BOZEMAN,MT,Vacant Land,80.0,9
Valley,AMERICAN PRAIRIE,AMERICAN PRAIRIE FOUNDATION,PO BOX 908,,,BOZEMAN,MT,Vacant Land,600.0,9
Valley,AMERICAN PRAIRIE,AMERICAN PRAIRIE FOUNDATION,PO BOX 908,,,BOZEMAN,MT,Vacant Land,520.0,9
Valley,AMERICAN PRAIRIE,AMERICAN PRAIRIE FOUNDATION,PO BOX 908,,,BOZEMAN,MT,Vacant Land,506.0,9
Valley,AMERICAN PRAIRIE,AMERICAN PRAIRIE FOUNDATION,PO BOX 908,,,BOZEMAN,MT,Vacant Land,400.0,9
Valley,AMERICAN PRAIRIE,AMERICAN PRAIRIE FOUNDATION,PO BOX 908,,,BOZEMAN,MT,Vacant Land,320.0,9
Valley,AMERICAN PRAIRIE,AMERICAN PRAIRIE FOUNDATION,PO BOX 908,,,BOZEMAN,MT,Vacant Land,66.0,9
Valley,AMERICAN PRAIRIE,AMERICAN PRAIRIE FOUNDATION,PO BOX 908,,,BOZEMAN,MT,Vacant Land,160.0,9
Valley,AMERICAN PRAIRIE,AMERICAN PRAIRIE FOUNDATION,PO BOX 908,,,BOZEMAN,MT,Vacant Land,42.0,9
Valley,AMERICAN PRAIRIE,AMERICAN PRAIRIE FOUNDATION,PO BOX 908,,,BOZEMAN,MT,Vacant Land,440.0,9
Valley,AMERICAN PRAIRIE,AMERICAN PRAIRIE FOUNDATION,PO BOX 908,,,BOZEMAN,MT,Vacant Land,520.0,9
Valley,AMERICAN PRAIRIE,AMERICAN PRAIRIE FOUNDATION,PO BOX 908,,,BOZEMAN,MT,Vacant Land,640.0,9
Valley,AMERICAN PRAIRIE,AMERICAN PRAIRIE FOUNDATION,PO BOX 908,,,BOZEMAN,MT,Improved Property,640.0,9
Valley,AMERICAN PRAIRIE,AMERICAN PRAIRIE FOUNDATION,PO BOX 908,,,BOZEMAN,MT,Vacant Land,280.0,9
Valley,AMERICAN PRAIRIE,AMERICAN PRAIRIE FOUNDATION,PO BOX 908,,,BOZEMAN,MT,Vacant Land,453.0,9
Valley,AMERICAN PRAIRIE,AMERICAN PRAIRIE FOUNDATION,PO BOX 908,,,BOZEMAN,MT,Vacant Land,40.0,9
Valley,AMERICAN PRAIRIE,AMERICAN PRAIRIE FOUNDATION,PO BOX 908,,,BOZEMAN,MT,Vacant Land,560.0,9
Valley,AMERICAN PRAIRIE,AMERICAN PRAIRIE FOUNDATION,PO BOX 908,,,BOZEMAN,MT,Vacant Land,320.0,9
Valley,AMERICAN PRAIRIE,AMERICAN PRAIRIE FOUNDATION,PO BOX 908,,,BOZEMAN,MT,Vacant Land,80.0,9
Valley,AMERICAN PRAIRIE,AMERICAN PRAIRIE FOUNDATION,PO BOX 908,,,BOZEMAN,MT,Vacant Land,320.0,9
Valley,AMERICAN PRAIRIE,AMERICAN PRAIRIE FOUNDATION,PO BOX 908,,,BOZEMAN,MT,Vacant Land,480.0,9
Valley,AMERICAN PRAIRIE,AMERICAN PRAIRIE FOUNDATION,PO BOX 908,,,BOZEMAN,MT,Vacant Land,480.0,9
Valley,AMERICAN PRAIRIE,AMERICAN PRAIRIE FOUNDATION,PO BOX 908,,,BOZEMAN,MT,Vacant Land,120.0,9
Valley,AMERICAN PRAIRIE,AMERICAN PRAIRIE FOUNDATION,PO BOX 908,,,BOZEMAN,MT,Vacant Land,296.0,9
Valley,AMERICAN PRAIRIE,AMERICAN PRAIRIE FOUNDATION,PO BOX 908,,,BOZEMAN,MT,Vacant Land,640.0,9
Valley,AMERICAN PRAIRIE,AMERICAN PRAIRIE FOUNDATION,PO BOX 908,,,BOZEMAN,MT,Vacant Land,640.0,9
Valley,AMERICAN PRAIRIE,AMERICAN PRAIRIE FOUNDATION,PO BOX 908,,,BOZEMAN,MT,Vacant Land,160.0,9
Valley,AMERICAN PRAIRIE,AMERICAN PRAIRIE FOUNDATION,PO BOX 908,,,BOZEMAN,MT,Vacant Land,120.0,9
Valley,AMERICAN PRAIRIE,AMERICAN PRAIRIE FOUNDATION,PO BOX 908,,,BOZEMAN,MT,Vacant Land,40.0,9
Valley,AMERICAN PRAIRIE,AMERICAN PRAIRIE FOUNDATION,PO BOX 908,,,BOZEMAN,MT,Vacant Land,40.0,9
Valley,AMERICAN PRAIRIE,AMERICAN PRAIRIE FOUNDATION,PO BOX 908,,,BOZEMAN,MT,Vacant Land,428.0,9
Valley,AMERICAN PRAIRIE,AMERICAN PRAIRIE FOUNDATION,PO BOX 908,,,BOZEMAN,MT,Vacant Land,40.0,9
Valley,AMERICAN PRAIRIE,AMERICAN PRAIRIE FOUNDATION,PO BOX 908,,,BOZEMAN,MT,Vacant Land,120.0,9
Valley,AMERICAN PRAIRIE,AMERICAN PRAIRIE FOUNDATION,PO BOX 908,,,BOZEMAN,MT,Vacant Land,600.0,9
Valley,AMERICAN PRAIRIE,AMERICAN PRAIRIE FOUNDATION,PO BOX 908,,,BOZEMAN,MT,Vacant Land,360.0,9
Valley,AMERICAN PRAIRIE,AMERICAN PRAIRIE FOUNDATION,PO BOX 908,,,BOZEMAN,MT,Vacant Land,560.0,9
Valley,AMERICAN PRAIRIE,AMERICAN PRAIRIE FOUNDATION,PO BOX 908,,,BOZEMAN,MT,Vacant Land,40.0,9
Valley,AMERICAN PRAIRIE,AMERICAN PRAIRIE FOUNDATION,PO BOX 908,,,BOZEMAN,MT,Vacant Land,80.0,9
Valley,AMERICAN PRAIRIE,AMERICAN PRAIRIE FOUNDATION,PO BOX 908,,,BOZEMAN,MT,Improved Property,160.0,9
Valley,AMERICAN PRAIRIE,AMERICAN PRAIRIE FOUNDATION,PO BOX 908,,,BOZEMAN,MT,Vacant Land,280.0,9
Valley,AMERICAN PRAIRIE,AMERICAN PRAIRIE FOUNDATION,PO BOX 908,,,BOZEMAN,MT,Vacant Land,80.0,9
Valley,AMERICAN PRAIRIE,AMERICAN PRAIRIE FOUNDATION,PO BOX 908,,,BOZEMAN,MT,Vacant Land,160.0,9
Valley,AMERICAN PRAIRIE,AMERICAN PRAIRIE FOUNDATION,PO BOX 908,,,BOZEMAN,MT,Vacant Land,80.0,9
Valley,AMERICAN PRAIRIE,AMERICAN PRAIRIE FOUNDATION,PO BOX 908,,,BOZEMAN,MT,Vacant Land,156.0,9
Valley,AMERICAN PRAIRIE,AMERICAN PRAIRIE FOUNDATION,PO BOX 908,,,BOZEMAN,MT,Vacant Land,40.0,9
Valley,AMERICAN PRAIRIE,AMERICAN PRAIRIE FOUNDATION,PO BOX 908,,,BOZEMAN,MT,Vacant Land,40.0,9
Valley,AMERICAN PRAIRIE,AMERICAN PRAIRIE FOUNDATION,PO BOX 908,,,BOZEMAN,MT,Vacant Land,40.0,9
Valley,AMERICAN PRAIRIE,AMERICAN PRAIRIE FOUNDATION,PO BOX 908,,,BOZEMAN,MT,Vacant Land,480.0,9
Valley,AMERICAN PRAIRIE,AMERICAN PRAIRIE FOUNDATION,PO BOX 908,,,BOZEMAN,MT,Vacant Land,80.0,9
Valley,AMERICAN PRAIRIE,AMERICAN PRAIRIE FOUNDATION,PO BOX 908,,,BOZEMAN,MT,Vacant Land,520.0,9
Valley,AMERICAN PRAIRIE,AMERICAN PRAIRIE FOUNDATION,PO BOX 908,,,BOZEMAN,MT,Vacant Land,120.0,9
Valley,AMERICAN PRAIRIE,AMERICAN PRAIRIE FOUNDATION,PO BOX 908,,,BOZEMAN,MT,Vacant Land,157.0,9
Valley,AMERICAN PRAIRIE,AMERICAN PRAIRIE FOUNDATION,PO BOX 908,,,BOZEMAN,MT,Vacant Land,468.0,9
Valley,AMERICAN PRAIRIE,AMERICAN PRAIRIE FOUNDATION,PO BOX 908,,,BOZEMAN,MT,Vacant Land,280.0,9
Valley,AMERICAN PRAIRIE,AMERICAN PRAIRIE FOUNDATION,PO BOX 908,,,BOZEMAN,MT,Vacant Land,160.0,9
Valley,AMERICAN PRAIRIE,AMERICAN PRAIRIE FOUNDATION,PO BOX 908,,,BOZEMAN,MT,Vacant Land,80.0,9
Chouteau,AMERICAN PRAIRIE,AMERICAN PRAIRIE FOUNDATION,PO BOX 908,,,BOZEMAN,MT,Vacant Land,108.6,9
Chouteau,AMERICAN PRAIRIE,AMERICAN PRAIRIE FOUNDATION,PO BOX 908,,,BOZEMAN,MT,Vacant Land,521.75,9
Chouteau,AMERICAN PRAIRIE,AMERICAN PRAIRIE FOUNDATION,PO BOX 908,,,BOZEMAN,MT,Vacant Land,191.0,9
Chouteau,AMERICAN PRAIRIE,AMERICAN PRAIRIE FOUNDATION,PO BOX 908,,,BOZEMAN,MT,Vacant Land,344.0,9
Chouteau,AMERICAN PRAIRIE,AMERICAN PRAIRIE FOUNDATION,PO BOX 908,,,BOZEMAN,MT,Vacant Land,160.0,9
Chouteau,AMERICAN PRAIRIE,AMERICAN PRAIRIE FOUNDATION,PO BOX 908,,,BOZEMAN,MT,Vacant Land,80.0,9
Chouteau,AMERICAN PRAIRIE,AMERICAN PRAIRIE FOUNDATION,PO BOX 908,,,BOZEMAN,MT,Vacant Land,80.0,9
Chouteau,AMERICAN PRAIRIE,AMERICAN PRAIRIE FOUNDATION,PO BOX 908,,,BOZEMAN,MT,Vacant Land,80.0,9
Chouteau,AMERICAN PRAIRIE,AMERICAN PRAIRIE FOUNDATION,PO BOX 908,,,BOZEMAN,MT,Vacant Land,280.0,9
Chouteau,AMERICAN PRAIRIE,AMERICAN PRAIRIE FOUNDATION,PO BOX 908,,,BOZEMAN,MT,Vacant Land,460.0,9
Chouteau,AMERICAN PRAIRIE,AMERICAN PRAIRIE FOUNDATION,PO BOX 908,,,BOZEMAN,MT,Vacant Land,560.0,9
Chouteau,AMERICAN PRAIRIE,AMERICAN PRAIRIE FOUNDATION,PO BOX 908,,,BOZEMAN,MT,Vacant Land,160.0,9
Chouteau,AMERICAN PRAIRIE,AMERICAN PRAIRIE FOUNDATION,PO BOX 908,,,BOZEMAN,MT,Vacant Land,80.0,9
Chouteau,AMERICAN PRAIRIE,AMERICAN PRAIRIE FOUNDATION,PO BOX 908,,,BOZEMAN,MT,Vacant Land,20.0,9
Chouteau,AMERICAN PRAIRIE,AMERICAN PRAIRIE FOUNDATION,PO BOX 908,,,BOZEMAN,MT,Vacant Land,180.0,9
Chouteau,AMERICAN PRAIRIE,AMERICAN PRAIRIE FOUNDATION,PO BOX 908,,,BOZEMAN,MT,Vacant Land,60.0,9
Chouteau,AMERICAN PRAIRIE,AMERICAN PRAIRIE FOUNDATION,PO BOX 908,,,BOZEMAN,MT,Vacant Land,100.0,9
Chouteau,AMERICAN PRAIRIE,AMERICAN PRAIRIE FOUNDATION,PO BOX 908,,,BOZEMAN,MT,Vacant Land,360.0,9
Chouteau,AMERICAN PRAIRIE,AMERICAN PRAIRIE FOUNDATION,PO BOX 908,,,BOZEMAN,MT,Vacant Land,60.0,9
Chouteau,AMERICAN PRAIRIE,AMERICAN PRAIRIE FOUNDATION,PO BOX 908,,,BOZEMAN,MT,Vacant Land,200.0,9
Chouteau,AMERICAN PRAIRIE,AMERICAN PRAIRIE FOUNDATION,PO BOX 908,,,BOZEMAN,MT,Vacant Land,74.0,9
Chouteau,AMERICAN PRAIRIE,AMERICAN PRAIRIE FOUNDATION,PO BOX 908,,,BOZEMAN,MT,Vacant Land,60.0,9
Chouteau,AMERICAN PRAIRIE,AMERICAN PRAIRIE FOUNDATION,PO BOX 908,,,BOZEMAN,MT,Vacant Land,20.0,9
Chouteau,AMERICAN PRAIRIE,AMERICAN PRAIRIE FOUNDATION,PO BOX 908,,,BOZEMAN,MT,Vacant Land,160.0,9
Chouteau,AMERICAN PRAIRIE,AMERICAN PRAIRIE FOUNDATION,PO BOX 908,,,BOZEMAN,MT,Vacant Land,274.0,9
Beaverhead,NATURE CONSERVANCY,NATURE CONSERVANCY THE,32 SOUTH EWING,,,HELENA,MT,Vacant Land,240.0,8
Beaverhead,NATURE CONSERVANCY,NATURE CONSERVANCY,32 S EWING ST STE 215,,,HELENA,MT,Vacant Land,160.0,8
Beaverhead,NATURE CONSERVANCY,NATURE CONSERVANCY,32 S EWING ST STE 215,,,HELENA,MT,Vacant Land,151.28,8
Beaverhead,NATURE CONSERVANCY,NATURE CONSERVANCY THE,32 SOUTH EWING,,,HELENA,MT,Vacant Land,255.62,8
Beaverhead,NATURE CONSERVANCY,NATURE CONSERVANCY THE,32 SOUTH EWING,,,HELENA,MT,Vacant Land,640.0,8
Beaverhead,NATURE CONSERVANCY,NATURE CONSERVANCY THE,32 SOUTH EWING,,,HELENA,MT,Vacant Land,306.4,8
Beaverhead,NATURE CONSERVANCY,NATURE CONSERVANCY THE,32 SOUTH EWING,,,HELENA,MT,Vacant Land,320.0,8
Beaverhead,NATURE CONSERVANCY,NATURE CONSERVANCY THE,32 SOUTH EWING,,,HELENA,MT,Improved Property,245.95,8
Beaverhead,NATURE CONSERVANCY,NATURE CONSERVANCY,32 S EWING ST STE 215,,,HELENA,MT,Vacant Land,80.0,8
Beaverhead,NATURE CONSERVANCY,NATURE CONSERVANCY,32 S EWING ST STE 215,,,HELENA,MT,Vacant Land,320.0,8
Beaverhead,NATURE CONSERVANCY,NATURE CONSERVANCY THE,32 SOUTH EWING,,,HELENA,MT,Improved Property,160.0,8
Beaverhead,NATURE CONSERVANCY,NATURE CONSERVANCY THE,32 SOUTH EWING,,,HELENA,MT,Vacant Land,119.26,8
Beaverhead,NATURE CONSERVANCY,NATURE CONSERVANCY,32 S EWING ST STE 215,,,HELENA,MT,Vacant Land,620.61,8
Beaverhead,NATURE CONSERVANCY,NATURE CONSERVANCY THE,32 SOUTH EWING,,,HELENA,MT,Vacant Land,56.0,8
Beaverhead,NATURE CONSERVANCY,NATURE CONSERVANCY,32 S EWING ST STE 215,,,HELENA,MT,Vacant Land,79.72,8
Beaverhead,NATURE CONSERVANCY,NATURE CONSERVANCY THE,32 SOUTH EWING,,,HELENA,MT,Vacant Land,240.0,8
Beaverhead,NATURE CONSERVANCY,NATURE CONSERVANCY THE,32 SOUTH EWING,,,HELENA,MT,Vacant Land,166.37,8
Beaverhead,NATURE CONSERVANCY,NATURE CONSERVANCY,32 S EWING ST STE 215,,,HELENA,MT,Vacant Land,79.76,8
Dawson,GREAT NORTHERN PROPERTIES,GREAT NORTHERN PROPERTIES,PO BOX 1745,,,MILES CITY,MT,Vacant Land,160.0,10
Dawson,GREAT NORTHERN PROPERTIES,GREAT NORTHERN PROPERTIES,PO BOX 1745,,,MILES CITY,MT,Vacant Land,5.91,10
Dawson,GREAT NORTHERN PROPERTIES,GREAT NORTHERN PROPERTIES LIMITED PARTNERSHIP,2283 MT HIGHWAY 200,,,RICHEY,MT,Vacant Land,640.0,10
Dawson,GREAT NORTHERN PROPERTIES,GREAT NORTHERN PROPERTIES,PO BOX 1745,,,MILES CITY,MT,Vacant Land,640.0,10
Dawson,GREAT NORTHERN PROPERTIES,GREAT NORTHERN PROPERTIES,PO BOX 1745,,,MILES CITY,MT,Vacant Land,640.0,10
Dawson,GREAT NORTHERN PROPERTIES,GREAT NORTHERN PROPERTIES,PO BOX 1745,,,MILES CITY,MT,Vacant Land,363.27,10
Dawson,WILKS BROTHERS,WILKS RANCH MONTANA LTD A TEXAS DOMESTIC LIMITED PARTNERSHIP,PO BOX 111,,,CISCO,TX,Vacant Land,585.52,5
Dawson,WILKS BROTHERS,WILKS RANCH MONTANA LTD A TEXAS DOMESTIC LIMITED PARTNERSHIP,PO BOX 111,,,CISCO,TX,Vacant Land,320.0,5
Dawson,WILKS BROTHERS,WILKS RANCH MONTANA LTD A TEXAS DOMESTIC LIMITED PARTNERSHIP,PO BOX 111,,,CISCO,TX,Vacant Land,640.0,5
Dawson,GREAT NORTHERN PROPERTIES,GREAT NORTHERN PROPERTIES,PO BOX 1745,,,MILES CITY,MT,Vacant Land,271.95,10
Custer,GREAT NORTHERN PROPERTIES,GREAT NTHRN PROP LTD PRTNRSHP,PO BOX 1745,,,MILES CITY,MT,Vacant Land,0.03,10
Custer,GREAT NORTHERN PROPERTIES,GREAT NORTHERN PROPERTIES LP,MAIL TO:  Q LIVESTOCK CO,PO BOX 957,,TERRY,MT,Vacant Land,641.2,10
Custer,GREAT NORTHERN PROPERTIES,GREAT NORTHERN PROPERTIES LP,MAIL TO:  Q LIVESTOCK CO,PO BOX 957,,TERRY,MT,Vacant Land,640.0,10
Custer,GREAT NORTHERN PROPERTIES,GREAT NORTHERN PROPERTIES LP,PO BOX 1745,,,MILES CITY,MT,Vacant Land,640.0,10
Custer,GREAT NORTHERN PROPERTIES,GREAT NORTHERN PROPERTIES LP,PO BOX 1745,,,MILES CITY,MT,Vacant Land,640.0,10
Custer,GREAT NORTHERN PROPERTIES,GREAT NORTHERN PROPERTIES LP,PO BOX 1745,,,MILES CITY,MT,Vacant Land,640.0,10
Custer,GREAT NORTHERN PROPERTIES,GREAT NTHRN PROP LTD PRTNRSHP,MAIL TO: GNP LP,PO BOX 1745,,MILES CITY,MT,Vacant Land,640.0,10
Custer,GREAT NORTHERN PROPERTIES,GREAT NORTHERN PROPERTIES LP,MAIL TO:  Q LIVESTOCK CO,PO BOX 957,,TERRY,MT,Vacant Land,640.0,10
Custer,GREAT NORTHERN PROPERTIES,GREAT NORTHERN PROPERTIES LP,PO BOX 1745,,,MILES CITY,MT,Vacant Land,640.0,10
Custer,GREAT NORTHERN PROPERTIES,GREAT NORTHERN PROPERTIES LP,MAIL TO:  Q LIVESTOCK CO,PO BOX 957,,TERRY,MT,Vacant Land,644.12,10
Custer,GREAT NORTHERN PROPERTIES,GREAT NTHRN PROP LTD PRTNRSHP,MAIL TO: GNP LP,PO BOX 1745,,MILES CITY,MT,Vacant Land,640.0,10
Custer,COFFEE-NEFSY,COFFEE NEFSY LIMITED PARTNERSHIP,MAIL TO:  COFFEE CAREN,PO BOX 575,,MILES CITY,MT,Vacant Land,640.0,7
Custer,COFFEE-NEFSY,COFFEE NEFSY LIMITED PARTNERSHIP,MAIL TO:  COFFEE CAREN,PO BOX 575,,MILES CITY,MT,Vacant Land,175.79,7
Custer,COFFEE-NEFSY,COFFEE NEFSY LIMITED PARTNERSHIP,MAIL TO:  COFFEE CAREN,PO BOX 575,,MILES CITY,MT,Vacant Land,566.8,7
Custer,COFFEE-NEFSY,COFFEE NEFSY LIMITED PARTNERSHIP,MAIL TO:  COFFEE CAREN,PO BOX 575,,MILES CITY,MT,Vacant Land,640.0,7
Custer,COFFEE-NEFSY,COFFEE NEFSY LIMITED PARTNERSHIP,MAIL TO:  COFFEE CAREN,PO BOX 575,,MILES CITY,MT,Vacant Land,613.28,7
Custer,COFFEE-NEFSY,COFFEE NEFSY LIMITED PARTNERSHIP,MAIL TO:  COFFEE CAREN,PO BOX 575,,MILES CITY,MT,Vacant Land,320.0,7
Custer,COFFEE-NEFSY,COFFEE NEFSY LIMITED PARTNERSHIP,MAIL TO:  COFFEE CAREN,PO BOX 575,,MILES CITY,MT,Vacant Land,640.0,7
Custer,COFFEE-NEFSY,COFFEE NEFSY LIMITED PARTNERSHIP,MAIL TO:  COFFEE CAREN,PO BOX 575,,MILES CITY,MT,Vacant Land,320.0,7
Custer,COFFEE-NEFSY,COFFEE NEFSY LIMITED PARTNERSHIP,MAIL TO:  COFFEE CAREN,PO BOX 575,,MILES CITY,MT,Vacant Land,640.0,7
Custer,COFFEE-NEFSY,COFFEE NEFSY LIMITED PARTNERSHIP,MAIL TO:  COFFEE CAREN,PO BOX 575,,MILES CITY,MT,Vacant Land,640.0,7
Custer,COFFEE-NEFSY,COFFEE NEFSY LIMITED PARTNERSHIP,MAIL TO:  COFFEE CAREN,PO BOX 575,,MILES CITY,MT,Vacant Land,320.0,7
Custer,COFFEE-NEFSY,COFFEE NEFSY LIMITED PARTNERSHIP,MAIL TO:  COFFEE CAREN,PO BOX 575,,MILES CITY,MT,Vacant Land,620.32,7
Custer,COFFEE-NEFSY,COFFEE NEFSY LIMITED PARTNERSHIP,MAIL TO:  COFFEE CAREN,PO BOX 575,,MILES CITY,MT,Vacant Land,612.12,7
Custer,COFFEE-NEFSY,COFFEE NEFSY LIMITED PARTNERSHIP,MAIL TO:  COFFEE CAREN,PO BOX 575,,MILES CITY,MT,Vacant Land,577.75,7
Custer,COFFEE-NEFSY,COFFEE NEFSY LIMITED PARTNERSHIP,MAIL TO:  COFFEE CAREN,PO BOX 575,,MILES CITY,MT,Vacant Land,589.53,7
Custer,COFFEE-NEFSY,COFFEE NEFSY LIMITED PARTNERSHIP,MAIL TO:  COFFEE CAREN,PO BOX 575,,MILES CITY,MT,Vacant Land,640.0,7
Custer,COFFEE-NEFSY,COFFEE NEFSY LIMITED PARTNERSHIP,MAIL TO:  COFFEE CAREN,PO BOX 575,,MILES CITY,MT,Vacant Land,609.82,7
Custer,COFFEE-NEFSY,COFFEE NEFSY LIMITED PARTNERSHIP,MAIL TO:  COFFEE CAREN,PO BOX 575,,MILES CITY,MT,Vacant Land,640.0,7
Custer,COFFEE-NEFSY,COFFEE NEFSY LIMITED PARTNERSHIP,MAIL TO:  COFFEE CAREN,PO BOX 575,,MILES CITY,MT,Vacant Land,320.0,7
Custer,COFFEE-NEFSY,COFFEE NEFSY LIMITED PARTNERSHIP,MAIL TO:  COFFEE CAREN,PO BOX 575,,MILES CITY,MT,Vacant Land,160.0,7
Custer,COFFEE-NEFSY,COFFEE NEFSY LIMITED PARTNERSHIP,MAIL TO:  COFFEE CAREN,PO BOX 575,,MILES CITY,MT,Vacant Land,640.0,7
Custer,COFFEE-NEFSY,COFFEE NEFSY LIMITED PARTNERSHIP,MAIL TO:  COFFEE CAREN,PO BOX 575,,MILES CITY,MT,Improved Property,630.0,7
Custer,COFFEE-NEFSY,COFFEE NEFSY LIMITED PARTNERSHIP,MAIL TO:  COFFEE CAREN,PO BOX 575,,MILES CITY,MT,Vacant Land,640.0,7
Custer,COFFEE-NEFSY,COFFEE NEFSY LIMITED PARTNERSHIP,MAIL TO:  COFFEE CAREN,PO BOX 575,,MILES CITY,MT,Vacant Land,570.12,7
Custer,COFFEE-NEFSY,COFFEE NEFSY LIMITED PARTNERSHIP,MAIL TO:  COFFEE CAREN,PO BOX 575,,MILES CITY,MT,Vacant Land,621.16,7
Custer,COFFEE-NEFSY,COFFEE NEFSY LIMITED PARTNERSHIP,MAIL TO:  COFFEE CAREN,PO BOX 575,,MILES CITY,MT,Vacant Land,485.48,7
Custer,COFFEE-NEFSY,COFFEE NEFSY LIMITED PARTNERSHIP,MAIL TO:  COFFEE CAREN,PO BOX 575,,MILES CITY,MT,Vacant Land,618.96,7
Custer,COFFEE-NEFSY,COFFEE NEFSY LIMITED PARTNERSHIP,MAIL TO:  COFFEE CAREN,PO BOX 575,,MILES CITY,MT,Vacant Land,621.76,7
Custer,COFFEE-NEFSY,COFFEE NEFSY LIMITED PARTNERSHIP,MAIL TO:  COFFEE CAREN,PO BOX 575,,MILES CITY,MT,Vacant Land,640.0,7
Custer,COFFEE-NEFSY,COFFEE NEFSY LIMITED PARTNERSHIP,MAIL TO:  COFFEE CAREN,PO BOX 575,,MILES CITY,MT,Vacant Land,320.0,7
Custer,COFFEE-NEFSY,COFFEE NEFSY LIMITED PARTNERSHIP,MAIL TO:  COFFEE CAREN,PO BOX 575,,MILES CITY,MT,Vacant Land,320.0,7
Custer,COFFEE-NEFSY,COFFEE NEFSY LIMITED PARTNERSHIP,MAIL TO:  COFFEE CAREN,PO BOX 575,,MILES CITY,MT,Vacant Land,160.0,7
Custer,COFFEE-NEFSY,COFFEE NEFSY LIMITED PARTNERSHIP,MAIL TO:  COFFEE CAREN,PO BOX 575,,MILES CITY,MT,Vacant Land,572.22,7
Custer,COFFEE-NEFSY,COFFEE NEFSY LIMITED PARTNERSHIP,MAIL TO:  COFFEE CAREN,PO BOX 575,,MILES CITY,MT,Vacant Land,546.4,7
Custer,COFFEE-NEFSY,COFFEE NEFSY LIMITED PARTNERSHIP,MAIL TO:  COFFEE CAREN,PO BOX 575,,MILES CITY,MT,Vacant Land,640.0,7
Custer,COFFEE-NEFSY,COFFEE NEFSY LIMITED PARTNERSHIP,MAIL TO:  COFFEE CAREN,PO BOX 575,,MILES CITY,MT,Vacant Land,625.84,7
Custer,COFFEE-NEFSY,COFFEE NEFSY LIMITED PARTNERSHIP,MAIL TO:  COFFEE CAREN,PO BOX 575,,MILES CITY,MT,Vacant Land,320.0,7
Custer,COFFEE-NEFSY,COFFEE NEFSY LIMITED PARTNERSHIP,MAIL TO:  COFFEE CAREN,PO BOX 575,,MILES CITY,MT,Vacant Land,160.0,7
Custer,COFFEE-NEFSY,COFFEE NEFSY LIMITED PARTNERSHIP,MAIL TO:  COFFEE CAREN,PO BOX 575,,MILES CITY,MT,Vacant Land,616.04,7
Custer,COFFEE-NEFSY,COFFEE NEFSY LIMITED PARTNERSHIP,MAIL TO:  COFFEE CAREN,PO BOX 575,,MILES CITY,MT,Vacant Land,82.24,7
Custer,COFFEE-NEFSY,COFFEE NEFSY LIMITED PARTNERSHIP,MAIL TO:  COFFEE CAREN,PO BOX 575,,MILES CITY,MT,Vacant Land,629.23,7
Custer,COFFEE-NEFSY,COFFEE NEFSY LIMITED PARTNERSHIP,MAIL TO:  COFFEE CAREN,PO BOX 575,,MILES CITY,MT,Vacant Land,627.12,7
Custer,COFFEE-NEFSY,COFFEE NEFSY LIMITED PARTNERSHIP,MAIL TO:  COFFEE CAREN,PO BOX 575,,MILES CITY,MT,Vacant Land,612.96,7
Custer,COFFEE-NEFSY,COFFEE NEFSY LIMITED PARTNERSHIP,MAIL TO:  COFFEE CAREN,PO BOX 575,,MILES CITY,MT,Vacant Land,309.91,7
Custer,COFFEE-NEFSY,COFFEE NEFSY LIMITED PARTNERSHIP,MAIL TO:  COFFEE CAREN,PO BOX 575,,MILES CITY,MT,Vacant Land,629.48,7
Custer,COFFEE-NEFSY,COFFEE NEFSY LIMITED PARTNERSHIP,MAIL TO:  COFFEE CAREN,PO BOX 575,,MILES CITY,MT,Vacant Land,83.56,7
Custer,COFFEE-NEFSY,COFFEE NEFSY LIMITED PARTNERSHIP,MAIL TO:  COFFEE CAREN,PO BOX 575,,MILES CITY,MT,Vacant Land,60.8,7
Custer,COFFEE-NEFSY,COFFEE NEFSY LIMITED PARTNERSHIP,MAIL TO:  COFFEE CAREN,PO BOX 575,,MILES CITY,MT,Vacant Land,309.98,7
Custer,COFFEE-NEFSY,COFFEE NEFSY LIMITED PARTNERSHIP,MAIL TO:  COFFEE CAREN,PO BOX 575,,MILES CITY,MT,Vacant Land,624.92,7
Custer,COFFEE-NEFSY,COFFEE NEFSY LIMITED PARTNERSHIP,MAIL TO:  COFFEE CAREN,PO BOX 575,,MILES CITY,MT,Vacant Land,560.0,7
Custer,COFFEE-NEFSY,COFFEE NEFSY LIMITED PARTNERSHIP,MAIL TO:  COFFEE CAREN,PO BOX 575,,MILES CITY,MT,Vacant Land,320.0,7
Custer,COFFEE-NEFSY,COFFEE NEFSY LIMITED PARTNERSHIP,MAIL TO:  COFFEE CAREN,PO BOX 575,,MILES CITY,MT,Improved Property,640.0,7
Custer,COFFEE-NEFSY,COFFEE NEFSY LIMITED PARTNERSHIP,MAIL TO:  COFFEE CAREN,PO BOX 575,,MILES CITY,MT,Vacant Land,640.0,7
Custer,COFFEE-NEFSY,COFFEE NEFSY LIMITED PARTNERSHIP,MAIL TO:  COFFEE CAREN,PO BOX 575,,MILES CITY,MT,Vacant Land,640.0,7
Custer,COFFEE-NEFSY,COFFEE VIRGINIA NEFSY,PO BOX 575,,,MILES CITY,MT,Improved Property,0.502,7
Custer,FARMLAND RESERVE INC,FARMLAND RESERVE INC,PO BOX 3688,,,SALT LAKE CITY,UT,Vacant Land,640.0,3
Custer,FARMLAND RESERVE INC,FARMLAND RESERVE INC,PO BOX 3688,,,SALT LAKE CITY,UT,Vacant Land,40.0,3
Custer,FARMLAND RESERVE INC,FARMLAND RESERVE INC,PO BOX 3688,,,SALT LAKE CITY,UT,Improved Property,379.88,3
Custer,COFFEE-NEFSY,COFFEE NEFSY LIMITED PARTNERSHIP,MAIL TO:  COFFEE CAREN,PO BOX 575,,MILES CITY,MT,Vacant Land,640.0,7
Custer,FARMLAND RESERVE INC,FARMLAND RESERVE INC,PO BOX 3688,,,SALT LAKE CITY,UT,Vacant Land,640.0,3
Custer,FARMLAND RESERVE INC,FARMLAND RESERVE INC,PO BOX 3688,,,SALT LAKE CITY,UT,Improved Property,599.79,3
Custer,FARMLAND RESERVE INC,FARMLAND RESERVE INC,PO BOX 3688,,,SALT LAKE CITY,UT,Vacant Land,569.64,3
Custer,FARMLAND RESERVE INC,FARMLAND RESERVE INC,PO BOX 3688,,,SALT LAKE CITY,UT,Vacant Land,640.0,3
Custer,FARMLAND RESERVE INC,FARMLAND RESERVE INC,PO BOX 3688,,,SALT LAKE CITY,UT,Vacant Land,639.6,3
Custer,FARMLAND RESERVE INC,FARMLAND RESERVE INC,PO BOX 3688,,,SALT LAKE CITY,UT,Improved Property,640.0,3
Custer,FARMLAND RESERVE INC,FARMLAND RESERVE INC,PO BOX 3688,,,SALT LAKE CITY,UT,Vacant Land,640.0,3
Custer,FARMLAND RESERVE INC,FARMLAND RESERVE INC,PO BOX 3688,,,SALT LAKE CITY,UT,Vacant Land,640.0,3
Custer,COFFEE-NEFSY,COFFEE NEFSY LIMITED PARTNERSHIP,MAIL TO:  COFFEE CAREN,PO BOX 575,,MILES CITY,MT,Vacant Land,440.0,7
Custer,COFFEE-NEFSY,COFFEE NEFSY LIMITED PARTNERSHIP,MAIL TO:  COFFEE CAREN,PO BOX 575,,MILES CITY,MT,Vacant Land,640.0,7
Custer,COFFEE-NEFSY,COFFEE NEFSY LIMITED PARTNERSHIP,MAIL TO:  COFFEE CAREN,PO BOX 575,,MILES CITY,MT,Improved Property,506.46,7
Custer,FARMLAND RESERVE INC,FARMLAND RESERVE INC,PO BOX 3688,,,SALT LAKE CITY,UT,Vacant Land,640.0,3
Custer,FARMLAND RESERVE INC,FARMLAND RESERVE INC,PO BOX 3688,,,SALT LAKE CITY,UT,Vacant Land,480.0,3
Custer,FARMLAND RESERVE INC,FARMLAND RESERVE INC,PO BOX 3688,,,SALT LAKE CITY,UT,Improved Property,1048.04,3
Custer,FARMLAND RESERVE INC,FARMLAND RESERVE INC,PO BOX 3688,,,SALT LAKE CITY,UT,Vacant Land,640.0,3
Custer,FARMLAND RESERVE INC,FARMLAND RESERVE INC,PO BOX 3688,,,SALT LAKE CITY,UT,Vacant Land,640.0,3
Custer,FARMLAND RESERVE INC,FARMLAND RESERVE INC,PO BOX 3688,,,SALT LAKE CITY,UT,Vacant Land,70.84,3
Custer,COFFEE-NEFSY,COFFEE NEFSY LIMITED PARTNERSHIP,MAIL TO:  COFFEE CAREN,PO BOX 575,,MILES CITY,MT,Vacant Land,120.0,7
Custer,FARMLAND RESERVE INC,FARMLAND RESERVE INC,PO BOX 3688,,,SALT LAKE CITY,UT,Vacant Land,104.54,3
Custer,COFFEE-NEFSY,COFFEE NEFSY LIMITED PARTNERSHIP,MAIL TO:  COFFEE CAREN,PO BOX 575,,MILES CITY,MT,Vacant Land,80.0,7
Custer,FARMLAND RESERVE INC,FARMLAND RESERVE INC,PO BOX 3688,,,SALT LAKE CITY,UT,Vacant Land,640.0,3
Custer,FARMLAND RESERVE INC,FARMLAND RESERVE INC,PO BOX 3688,,,SALT LAKE CITY,UT,Vacant Land,640.0,3
Custer,FARMLAND RESERVE INC,FARMLAND RESERVE INC,PO BOX 3688,,,SALT LAKE CITY,UT,Vacant Land,280.0,3
Custer,FARMLAND RESERVE INC,FARMLAND RESERVE INC,PO BOX 3688,,,SALT LAKE CITY,UT,Vacant Land,640.0,3
Custer,FARMLAND RESERVE INC,FARMLAND RESERVE INC,PO BOX 3688,,,SALT LAKE CITY,UT,Vacant Land,640.0,3
Custer,FARMLAND RESERVE INC,FARMLAND RESERVE INC,PO BOX 3688,,,SALT LAKE CITY,UT,Vacant Land,640.0,3
Custer,COFFEE-NEFSY,COFFEE NEFSY LIMITED PARTNERSHIP,MAIL TO:  COFFEE CAREN,PO BOX 575,,MILES CITY,MT,Vacant Land,640.0,7
Custer,FARMLAND RESERVE INC,FARMLAND RESERVE INC,PO BOX 3688,,,SALT LAKE CITY,UT,Vacant Land,640.0,3
Custer,COFFEE-NEFSY,COFFEE NEFSY LIMITED PARTNERSHIP,MAIL TO:  COFFEE CAREN,PO BOX 575,,MILES CITY,MT,Vacant Land,640.0,7
Custer,COFFEE-NEFSY,COFFEE NEFSY LIMITED PARTNERSHIP,MAIL TO:  COFFEE CAREN,PO BOX 575,,MILES CITY,MT,Vacant Land,630.68,7
Custer,COFFEE-NEFSY,COFFEE NEFSY LIMITED PARTNERSHIP,MAIL TO:  COFFEE CAREN,PO BOX 575,,MILES CITY,MT,Vacant Land,54.9,7
Custer,FARMLAND RESERVE INC,FARMLAND RESERVE INC,PO BOX 3688,,,SALT LAKE CITY,UT,Vacant Land,640.0,3
Custer,COFFEE-NEFSY,COFFEE NEFSY LIMITED PARTNERSHIP,MAIL TO:  COFFEE CAREN,PO BOX 575,,MILES CITY,MT,Vacant Land,61.35,7
Custer,FARMLAND RESERVE INC,FARMLAND RESERVE INC,PO BOX 3688,,,SALT LAKE CITY,UT,Vacant Land,640.0,3
Custer,FARMLAND RESERVE INC,FARMLAND RESERVE INC,PO BOX 3688,,,SALT LAKE CITY,UT,Vacant Land,640.0,3
Custer,FARMLAND RESERVE INC,FARMLAND RESERVE INC,PO BOX 3688,,,SALT LAKE CITY,UT,Vacant Land,695.92,3
Custer,FARMLAND RESERVE INC,FARMLAND RESERVE INC,PO BOX 3688,,,SALT LAKE CITY,UT,Vacant Land,695.52,3
Custer,FARMLAND RESERVE INC,FARMLAND RESERVE INC,PO BOX 3688,,,SALT LAKE CITY,UT,Vacant Land,692.8,3
Custer,FARMLAND RESERVE INC,FARMLAND RESERVE INC,PO BOX 3688,,,SALT LAKE CITY,UT,Vacant Land,640.0,3
Custer,FARMLAND RESERVE INC,FARMLAND RESERVE INC,PO BOX 3688,,,SALT LAKE CITY,UT,Vacant Land,640.0,3
Custer,FARMLAND RESERVE INC,FARMLAND RESERVE INC,PO BOX 3688,,,SALT LAKE CITY,UT,Vacant Land,541.12,3
Custer,FARMLAND RESERVE INC,FARMLAND RESERVE INC,PO BOX 3688,,,SALT LAKE CITY,UT,Vacant Land,587.62,3
Custer,FARMLAND RESERVE INC,FARMLAND RESERVE INC,PO BOX 3688,,,SALT LAKE CITY,UT,Vacant Land,310.24,3
Custer,FARMLAND RESERVE INC,FARMLAND RESERVE INC,PO BOX 3688,,,SALT LAKE CITY,UT,Vacant Land,40.0,3
Custer,FARMLAND RESERVE INC,FARMLAND RESERVE INC,PO BOX 3688,,,SALT LAKE CITY,UT,Vacant Land,640.0,3
Custer,FARMLAND RESERVE INC,FARMLAND RESERVE INC,PO BOX 3688,,,SALT LAKE CITY,UT,Vacant Land,640.0,3
Custer,FARMLAND RESERVE INC,FARMLAND RESERVE INC,PO BOX 3688,,,SALT LAKE CITY,UT,Vacant Land,640.0,3
Custer,FARMLAND RESERVE INC,FARMLAND RESERVE INC,PO BOX 3688,,,SALT LAKE CITY,UT,Vacant Land,640.0,3
Custer,FARMLAND RESERVE INC,FARMLAND RESERVE INC,PO BOX 3688,,,SALT LAKE CITY,UT,Improved Property,640.0,3
Custer,FARMLAND RESERVE INC,FARMLAND RESERVE INC,PO BOX 3688,,,SALT LAKE CITY,UT,Vacant Land,640.0,3
Custer,FARMLAND RESERVE INC,FARMLAND RESERVE INC,PO BOX 3688,,,SALT LAKE CITY,UT,Vacant Land,640.0,3
Custer,GREAT NORTHERN PROPERTIES,GREAT NORTHERN PROPERTIES LP,PO BOX 1745,,,MILES CITY,MT,Vacant Land,640.0,10
Custer,FARMLAND RESERVE INC,FARMLAND RESERVE INC,PO BOX 3688,,,SALT LAKE CITY,UT,Vacant Land,153.74,3
Custer,COFFEE-NEFSY,COFFEE NEFSY LIMITED PARTNERSHIP,MAIL TO:  COFFEE CAREN,PO BOX 575,,MILES CITY,MT,Improved Property,505.3,7
Custer,FARMLAND RESERVE INC,FARMLAND RESERVE INC,PO BOX 3688,,,SALT LAKE CITY,UT,Vacant Land,640.0,3
Custer,FARMLAND RESERVE INC,FARMLAND RESERVE INC,PO BOX 3688,,,SALT LAKE CITY,UT,Vacant Land,640.0,3
Custer,COFFEE-NEFSY,COFFEE NEFSY LIMITED PARTNERSHIP,MAIL TO:  COFFEE CAREN,PO BOX 575,,MILES CITY,MT,Vacant Land,298.7,7
Custer,FARMLAND RESERVE INC,FARMLAND RESERVE INC,PO BOX 3688,,,SALT LAKE CITY,UT,Vacant Land,320.0,3
Custer,FARMLAND RESERVE INC,FARMLAND RESERVE INC,PO BOX 3688,,,SALT LAKE CITY,UT,Vacant Land,609.76,3
Custer,FARMLAND RESERVE INC,FARMLAND RESERVE INC,PO BOX 3688,,,SALT LAKE CITY,UT,Vacant Land,149.3,3
Custer,FARMLAND RESERVE INC,FARMLAND RESERVE INC,PO BOX 3688,,,SALT LAKE CITY,UT,Vacant Land,640.0,3
Custer,COFFEE-NEFSY,COFFEE NEFSY LIMITED PARTNERSHIP,MAIL TO:  COFFEE CAREN,PO BOX 575,,MILES CITY,MT,Vacant Land,640.0,7
Custer,COFFEE-NEFSY,COFFEE NEFSY LIMITED PARTNERSHIP,MAIL TO:  COFFEE CAREN,PO BOX 575,,MILES CITY,MT,Vacant Land,640.0,7
Custer,COFFEE-NEFSY,COFFEE NEFSY LIMITED PARTNERSHIP,MAIL TO:  COFFEE CAREN,PO BOX 575,,MILES CITY,MT,Vacant Land,411.1,7
Custer,FARMLAND RESERVE INC,FARMLAND RESERVE INC,PO BOX 3688,,,SALT LAKE CITY,UT,Vacant Land,320.0,3
Custer,FARMLAND RESERVE INC,FARMLAND RESERVE INC,PO BOX 3688,,,SALT LAKE CITY,UT,Vacant Land,640.88,3
Custer,FARMLAND RESERVE INC,FARMLAND RESERVE INC,PO BOX 3688,,,SALT LAKE CITY,UT,Vacant Land,640.32,3
Custer,FARMLAND RESERVE INC,FARMLAND RESERVE INC,PO BOX 3688,,,SALT LAKE CITY,UT,Vacant Land,600.08,3
Custer,FARMLAND RESERVE INC,FARMLAND RESERVE INC,PO BOX 3688,,,SALT LAKE CITY,UT,Vacant Land,628.0,3
Custer,FARMLAND RESERVE INC,FARMLAND RESERVE INC,PO BOX 3688,,,SALT LAKE CITY,UT,Vacant Land,640.0,3
Custer,COFFEE-NEFSY,COFFEE NEFSY LIMITED PARTNERSHIP,MAIL TO:  COFFEE CAREN,PO BOX 575,,MILES CITY,MT,Improved Property,652.48,7
Custer,COFFEE-NEFSY,COFFEE NEFSY LIMITED PARTNERSHIP,MAIL TO:  COFFEE CAREN,PO BOX 575,,MILES CITY,MT,Vacant Land,40.0,7
Custer,COFFEE-NEFSY,COFFEE NEFSY LIMITED PARTNERSHIP,MAIL TO:  COFFEE CAREN,PO BOX 575,,MILES CITY,MT,Vacant Land,640.0,7
Custer,FARMLAND RESERVE INC,FARMLAND RESERVE INC,PO BOX 3688,,,SALT LAKE CITY,UT,Vacant Land,640.0,3
Custer,FARMLAND RESERVE INC,FARMLAND RESERVE INC,PO BOX 3688,,,SALT LAKE CITY,UT,Vacant Land,314.21,3
Custer,COFFEE-NEFSY,COFFEE NEFSY LIMITED PARTNERSHIP,MAIL TO:  COFFEE CAREN,PO BOX 575,,MILES CITY,MT,Vacant Land,638.48,7
Custer,COFFEE-NEFSY,COFFEE NEFSY LIMITED PARTNERSHIP,MAIL TO:  COFFEE CAREN,PO BOX 575,,MILES CITY,MT,Vacant Land,639.4,7
Custer,COFFEE-NEFSY,COFFEE NEFSY LIMITED PARTNERSHIP,MAIL TO:  COFFEE CAREN,PO BOX 575,,MILES CITY,MT,Vacant Land,320.0,7
Custer,FARMLAND RESERVE INC,FARMLAND RESERVE INC,PO BOX 3688,,,SALT LAKE CITY,UT,Vacant Land,776.52,3
Custer,FARMLAND RESERVE INC,FARMLAND RESERVE INC,PO BOX 3688,,,SALT LAKE CITY,UT,Vacant Land,774.96,3
Custer,FARMLAND RESERVE INC,FARMLAND RESERVE INC,PO BOX 3688,,,SALT LAKE CITY,UT,Vacant Land,145.83,3
Custer,FARMLAND RESERVE INC,FARMLAND RESERVE INC,PO BOX 3688,,,SALT LAKE CITY,UT,Vacant Land,640.0,3
Custer,FARMLAND RESERVE INC,FARMLAND RESERVE INC,PO BOX 3688,,,SALT LAKE CITY,UT,Vacant Land,641.44,3
Custer,FARMLAND RESERVE INC,FARMLAND RESERVE INC,PO BOX 3688,,,SALT LAKE CITY,UT,Vacant Land,647.08,3
Custer,FARMLAND RESERVE INC,FARMLAND RESERVE INC,PO BOX 3688,,,SALT LAKE CITY,UT,Vacant Land,641.0,3
Custer,FARMLAND RESERVE INC,FARMLAND RESERVE INC,PO BOX 3688,,,SALT LAKE CITY,UT,Vacant Land,639.64,3
Custer,FARMLAND RESERVE INC,FARMLAND RESERVE INC,PO BOX 3688,,,SALT LAKE CITY,UT,Vacant Land,636.48,3
Custer,FARMLAND RESERVE INC,FARMLAND RESERVE INC,PO BOX 3688,,,SALT LAKE CITY,UT,Vacant Land,640.0,3
Custer,FARMLAND RESERVE INC,FARMLAND RESERVE INC,PO BOX 3688,,,SALT LAKE CITY,UT,Vacant Land,600.0,3
Custer,GREAT NORTHERN PROPERTIES,GREAT NORTHERN PROPERTIES LP,PO BOX 1745,,,MILES CITY,MT,Improved Property,624.8,10
Custer,FARMLAND RESERVE INC,FARMLAND RESERVE INC,PO BOX 3688,,,SALT LAKE CITY,UT,Vacant Land,625.44,3
Custer,FARMLAND RESERVE INC,FARMLAND RESERVE INC,PO BOX 3688,,,SALT LAKE CITY,UT,Vacant Land,538.98,3
Custer,FARMLAND RESERVE INC,FARMLAND RESERVE INC,PO BOX 3688,,,SALT LAKE CITY,UT,Vacant Land,72.74,3
Custer,FARMLAND RESERVE INC,FARMLAND RESERVE INC,PO BOX 3688,,,SALT LAKE CITY,UT,Vacant Land,640.0,3
Custer,FARMLAND RESERVE INC,FARMLAND RESERVE INC,PO BOX 3688,,,SALT LAKE CITY,UT,Vacant Land,640.0,3
Custer,FARMLAND RESERVE INC,FARMLAND RESERVE INC,PO BOX 3688,,,SALT LAKE CITY,UT,Vacant Land,640.0,3
Custer,COFFEE-NEFSY,COFFEE NEFSY LIMITED PARTNERSHIP,MAIL TO:  COFFEE CAREN,PO BOX 575,,MILES CITY,MT,Vacant Land,626.6,7
Custer,FARMLAND RESERVE INC,FARMLAND RESERVE INC,PO BOX 3688,,,SALT LAKE CITY,UT,Vacant Land,668.26,3
Custer,COFFEE-NEFSY,COFFEE-NEFSY LIMITED PARTNERSHIP,PO BOX 80850,,,BILLINGS,MT,Vacant Land,640.0,7
Custer,COFFEE-NEFSY,COFFEE NEFSY LIMITED PARTNERSHIP,MAIL TO:  COFFEE CAREN,PO BOX 575,,MILES CITY,MT,Vacant Land,80.0,7
Custer,FARMLAND RESERVE INC,FARMLAND RESERVE INC,PO BOX 3688,,,SALT LAKE CITY,UT,Vacant Land,320.0,3
Custer,COFFEE-NEFSY,COFFEE NEFSY LIMITED PARTNERSHIP,MAIL TO:  COFFEE CAREN,PO BOX 575,,MILES CITY,MT,Vacant Land,640.0,7
Custer,COFFEE-NEFSY,COFFEE NEFSY LIMITED PARTNERSHIP,MAIL TO:  COFFEE CAREN,PO BOX 575,,MILES CITY,MT,Vacant Land,626.84,7
Custer,FARMLAND RESERVE INC,FARMLAND RESERVE INC,PO BOX 3688,,,SALT LAKE CITY,UT,Vacant Land,320.0,3
Custer,FARMLAND RESERVE INC,FARMLAND RESERVE INC,PO BOX 3688,,,SALT LAKE CITY,UT,Vacant Land,573.24,3
Custer,FARMLAND RESERVE INC,FARMLAND RESERVE INC,PO BOX 3688,,,SALT LAKE CITY,UT,Vacant Land,629.48,3
Custer,COFFEE-NEFSY,COFFEE NEFSY LIMITED PARTNERSHIP,MAIL TO:  COFFEE CAREN,PO BOX 575,,MILES CITY,MT,Vacant Land,273.54,7
Custer,FARMLAND RESERVE INC,FARMLAND RESERVE INC,PO BOX 3688,,,SALT LAKE CITY,UT,Vacant Land,640.92,3
Custer,FARMLAND RESERVE INC,FARMLAND RESERVE INC,PO BOX 3688,,,SALT LAKE CITY,UT,Vacant Land,627.67,3
Custer,FARMLAND RESERVE INC,FARMLAND RESERVE INC,PO BOX 3688,,,SALT LAKE CITY,UT,Vacant Land,648.48,3
Custer,COFFEE-NEFSY,COFFEE NEFSY LIMITED PARTNERSHIP,MAIL TO:  COFFEE CAREN,PO BOX 575,,MILES CITY,MT,Vacant Land,640.0,7
Custer,COFFEE-NEFSY,COFFEE NEFSY LIMITED PARTNERSHIP,MAIL TO:  COFFEE CAREN,PO BOX 575,,MILES CITY,MT,Vacant Land,640.0,7
Custer,COFFEE-NEFSY,COFFEE NEFSY LIMITED PARTNERSHIP,MAIL TO:  COFFEE CAREN,PO BOX 575,,MILES CITY,MT,Improved Property,358.2,7
Custer,COFFEE-NEFSY,COFFEE NEFSY LIMITED PARTNERSHIP,MAIL TO:  COFFEE CAREN,PO BOX 575,,MILES CITY,MT,Vacant Land,320.0,7
Custer,FARMLAND RESERVE INC,FARMLAND RESERVE INC,PO BOX 3688,,,SALT LAKE CITY,UT,Vacant Land,600.0,3
Custer,COFFEE-NEFSY,COFFEE NEFSY LIMITED PARTNERSHIP,MAIL TO:  COFFEE CAREN,PO BOX 575,,MILES CITY,MT,Vacant Land,649.32,7
Custer,COFFEE-NEFSY,COFFEE NEFSY LIMITED PARTNERSHIP,MAIL TO:  COFFEE CAREN,PO BOX 575,,MILES CITY,MT,Vacant Land,622.92,7
Custer,COFFEE-NEFSY,COFFEE NEFSY LIMITED PARTNERSHIP,MAIL TO:  COFFEE CAREN,PO BOX 575,,MILES CITY,MT,Vacant Land,622.28,7
Custer,COFFEE-NEFSY,COFFEE NEFSY LIMITED PARTNERSHIP,MAIL TO:  COFFEE CAREN,PO BOX 575,,MILES CITY,MT,Vacant Land,316.02,7
Custer,FARMLAND RESERVE INC,FARMLAND RESERVE INC,PO BOX 3688,,,SALT LAKE CITY,UT,Vacant Land,640.0,3
Custer,COFFEE-NEFSY,COFFEE NEFSY LIMITED PARTNERSHIP,MAIL TO:  COFFEE CAREN,PO BOX 575,,MILES CITY,MT,Vacant Land,640.0,7
Custer,COFFEE-NEFSY,COFFEE NEFSY LIMITED PARTNERSHIP,MAIL TO:  COFFEE CAREN,PO BOX 575,,MILES CITY,MT,Vacant Land,440.0,7
Custer,COFFEE-NEFSY,COFFEE NEFSY LIMITED PARTNERSHIP,MAIL TO:  COFFEE CAREN,PO BOX 575,,MILES CITY,MT,Vacant Land,640.0,7
Custer,COFFEE-NEFSY,COFFEE NEFSY LIMITED PARTNERSHIP,MAIL TO:  COFFEE CAREN,PO BOX 575,,MILES CITY,MT,Vacant Land,640.0,7
Custer,COFFEE-NEFSY,COFFEE NEFSY LIMITED PARTNERSHIP,MAIL TO:  COFFEE CAREN,PO BOX 575,,MILES CITY,MT,Vacant Land,640.0,7
Custer,FARMLAND RESERVE INC,FARMLAND RESERVE INC,PO BOX 3688,,,SALT LAKE CITY,UT,Vacant Land,640.0,3
Custer,COFFEE-NEFSY,COFFEE NEFSY LIMITED PARTNERSHIP,MAIL TO:  COFFEE CAREN,PO BOX 575,,MILES CITY,MT,Vacant Land,120.0,7
Custer,FARMLAND RESERVE INC,FARMLAND RESERVE INC,PO BOX 3688,,,SALT LAKE CITY,UT,Vacant Land,440.0,3
Custer,COFFEE-NEFSY,COFFEE NEFSY LIMITED PARTNERSHIP,MAIL TO:  COFFEE CAREN,PO BOX 575,,MILES CITY,MT,Vacant Land,640.0,7
Custer,FARMLAND RESERVE INC,FARMLAND RESERVE INC,PO BOX 3688,,,SALT LAKE CITY,UT,Vacant Land,640.0,3
Custer,FARMLAND RESERVE INC,FARMLAND RESERVE INC,PO BOX 3688,,,SALT LAKE CITY,UT,Vacant Land,314.74,3
Custer,FARMLAND RESERVE INC,FARMLAND RESERVE INC,PO BOX 3688,,,SALT LAKE CITY,UT,Vacant Land,493.4,3
Custer,FARMLAND RESERVE INC,FARMLAND RESERVE INC,PO BOX 3688,,,SALT LAKE CITY,UT,Vacant Land,309.6,3
Custer,FARMLAND RESERVE INC,FARMLAND RESERVE INC,PO BOX 3688,,,SALT LAKE CITY,UT,Vacant Land,80.0,3
Custer,FARMLAND RESERVE INC,FARMLAND RESERVE INC,PO BOX 3688,,,SALT LAKE CITY,UT,Vacant Land,200.0,3
Custer,FARMLAND RESERVE INC,FARMLAND RESERVE INC,PO BOX 3688,,,SALT LAKE CITY,UT,Vacant Land,320.0,3
Custer,FARMLAND RESERVE INC,FARMLAND RESERVE INC,PO BOX 3688,,,SALT LAKE CITY,UT,Vacant Land,319.2,3
Custer,FARMLAND RESERVE INC,FARMLAND RESERVE INC,PO BOX 3688,,,SALT LAKE CITY,UT,Vacant Land,318.92,3
Custer,FARMLAND RESERVE INC,FARMLAND RESERVE INC,PO BOX 3688,,,SALT LAKE CITY,UT,Vacant Land,640.0,3
Custer,FARMLAND RESERVE INC,FARMLAND RESERVE INC,PO BOX 3688,,,SALT LAKE CITY,UT,Vacant Land,640.0,3
Custer,FARMLAND RESERVE INC,FARMLAND RESERVE INC,PO BOX 3688,,,SALT LAKE CITY,UT,Vacant Land,640.0,3
Custer,GREAT NORTHERN PROPERTIES,GREAT NORTHERN PROPERTIES LP,PO BOX 1745,,,MILES CITY,MT,Vacant Land,640.0,10
Custer,COFFEE-NEFSY,COFFEE NEFSY LIMITED PARTNERSHIP,MAIL TO:  COFFEE CAREN,PO BOX 575,,MILES CITY,MT,Vacant Land,516.3,7
Custer,FARMLAND RESERVE INC,FARMLAND RESERVE INC,PO BOX 3688,,,SALT LAKE CITY,UT,Vacant Land,640.0,3
Custer,FARMLAND RESERVE INC,FARMLAND RESERVE INC,PO BOX 3688,,,SALT LAKE CITY,UT,Vacant Land,640.0,3
Custer,FARMLAND RESERVE INC,FARMLAND RESERVE INC,PO BOX 3688,,,SALT LAKE CITY,UT,Vacant Land,438.73,3
Custer,FARMLAND RESERVE INC,FARMLAND RESERVE INC,PO BOX 3688,,,SALT LAKE CITY,UT,Vacant Land,320.0,3
Custer,FARMLAND RESERVE INC,FARMLAND RESERVE INC,PO BOX 3688,,,SALT LAKE CITY,UT,Vacant Land,640.0,3
Custer,COFFEE-NEFSY,COFFEE NEFSY LIMITED PARTNERSHIP,MAIL TO:  COFFEE CAREN,PO BOX 575,,MILES CITY,MT,Vacant Land,170.03,7
Custer,FARMLAND RESERVE INC,FARMLAND RESERVE INC,PO BOX 3688,,,SALT LAKE CITY,UT,Vacant Land,397.93,3
Custer,COFFEE-NEFSY,COFFEE NEFSY LIMITED PARTNERSHIP,MAIL TO:  COFFEE CAREN,PO BOX 575,,MILES CITY,MT,Vacant Land,549.3,7
Custer,COFFEE-NEFSY,COFFEE NEFSY LIMITED PARTNERSHIP,MAIL TO:  COFFEE CAREN,PO BOX 575,,MILES CITY,MT,Vacant Land,640.0,7
Custer,FARMLAND RESERVE INC,FARMLAND RESERVE INC,PO BOX 3688,,,SALT LAKE CITY,UT,Vacant Land,640.0,3
Custer,FARMLAND RESERVE INC,FARMLAND RESERVE INC,PO BOX 3688,,,SALT LAKE CITY,UT,Vacant Land,571.16,3
Custer,COFFEE-NEFSY,COFFEE NEFSY LIMITED PARTNERSHIP,MAIL TO:  COFFEE CAREN,PO BOX 575,,MILES CITY,MT,Vacant Land,640.0,7
Custer,FARMLAND RESERVE INC,FARMLAND RESERVE INC,PO BOX 3688,,,SALT LAKE CITY,UT,Vacant Land,641.72,3
Custer,COFFEE-NEFSY,COFFEE NEFSY LIMITED PARTNERSHIP,MAIL TO:  COFFEE CAREN,PO BOX 575,,MILES CITY,MT,Vacant Land,320.0,7
Custer,COFFEE-NEFSY,COFFEE NEFSY LIMITED PARTNERSHIP,MAIL TO:  COFFEE CAREN,PO BOX 575,,MILES CITY,MT,Vacant Land,640.0,7
Custer,COFFEE-NEFSY,COFFEE NEFSY LIMITED PARTNERSHIP,MAIL TO:  COFFEE CAREN,PO BOX 575,,MILES CITY,MT,Vacant Land,620.0,7
Custer,COFFEE-NEFSY,COFFEE NEFSY LIMITED PARTNERSHIP,MAIL TO:  COFFEE CAREN,PO BOX 575,,MILES CITY,MT,Vacant Land,154.62,7
Custer,FARMLAND RESERVE INC,FARMLAND RESERVE INC,PO BOX 3688,,,SALT LAKE CITY,UT,Vacant Land,605.54,3
Custer,COFFEE-NEFSY,COFFEE NEFSY LIMITED PARTNERSHIP,MAIL TO:  COFFEE CAREN,PO BOX 575,,MILES CITY,MT,Vacant Land,640.0,7
Custer,FARMLAND RESERVE INC,FARMLAND RESERVE INC,PO BOX 3688,,,SALT LAKE CITY,UT,Vacant Land,200.16,3
Custer,COFFEE-NEFSY,COFFEE NEFSY LIMITED PARTNERSHIP,MAIL TO:  COFFEE CAREN,PO BOX 575,,MILES CITY,MT,Vacant Land,640.0,7
Custer,COFFEE-NEFSY,COFFEE NEFSY LIMITED PARTNERSHIP,MAIL TO:  COFFEE CAREN,PO BOX 575,,MILES CITY,MT,Vacant Land,629.84,7
Custer,COFFEE-NEFSY,COFFEE NEFSY LIMITED PARTNERSHIP,MAIL TO:  COFFEE CAREN,PO BOX 575,,MILES CITY,MT,Vacant Land,651.2,7
Custer,FARMLAND RESERVE INC,FARMLAND RESERVE INC,PO BOX 3688,,,SALT LAKE CITY,UT,Vacant Land,520.0,3
Custer,COFFEE-NEFSY,COFFEE NEFSY LIMITED PARTNERSHIP,MAIL TO:  COFFEE CAREN,PO BOX 575,,MILES CITY,MT,Vacant Land,649.32,7
Custer,COFFEE-NEFSY,COFFEE NEFSY LIMITED PARTNERSHIP,MAIL TO:  COFFEE CAREN,PO BOX 575,,MILES CITY,MT,Improved Property,207.85,7
Custer,COFFEE-NEFSY,COFFEE NEFSY LIMITED PARTNERSHIP,MAIL TO:  COFFEE CAREN,PO BOX 575,,MILES CITY,MT,Vacant Land,86.12,7
Custer,COFFEE-NEFSY,COFFEE NEFSY LIMITED PARTNERSHIP,MAIL TO:  COFFEE CAREN,PO BOX 575,,MILES CITY,MT,Vacant Land,660.52,7
Custer,COFFEE-NEFSY,COFFEE NEFSY LIMITED PARTNERSHIP,MAIL TO:  COFFEE CAREN,PO BOX 575,,MILES CITY,MT,Vacant Land,48.19,7
Custer,FARMLAND RESERVE INC,FARMLAND RESERVE INC,PO BOX 3688,,,SALT LAKE CITY,UT,Vacant Land,640.0,3
Custer,COFFEE-NEFSY,COFFEE NEFSY LIMITED PARTNERSHIP,MAIL TO:  COFFEE CAREN,PO BOX 575,,MILES CITY,MT,Vacant Land,640.0,7
Custer,COFFEE-NEFSY,COFFEE NEFSY LIMITED PARTNERSHIP,MAIL TO:  COFFEE CAREN,PO BOX 575,,MILES CITY,MT,Vacant Land,40.0,7
Custer,COFFEE-NEFSY,COFFEE NEFSY LIMITED PARTNERSHIP,MAIL TO:  COFFEE CAREN,PO BOX 575,,MILES CITY,MT,Vacant Land,640.0,7
Custer,COFFEE-NEFSY,COFFEE NEFSY LIMITED PARTNERSHIP,MAIL TO:  COFFEE CAREN,PO BOX 575,,MILES CITY,MT,Vacant Land,650.6,7
Custer,COFFEE-NEFSY,COFFEE NEFSY LIMITED PARTNERSHIP,MAIL TO:  COFFEE CAREN,PO BOX 575,,MILES CITY,MT,Vacant Land,278.2,7
Custer,COFFEE-NEFSY,COFFEE NEFSY LIMITED PARTNERSHIP,MAIL TO:  COFFEE CAREN,PO BOX 575,,MILES CITY,MT,Vacant Land,149.51,7
Custer,COFFEE-NEFSY,COFFEE NEFSY LIMITED PARTNERSHIP,MAIL TO:  COFFEE CAREN,PO BOX 575,,MILES CITY,MT,Vacant Land,640.0,7
Custer,FARMLAND RESERVE INC,FARMLAND RESERVE INC,PO BOX 3688,,,SALT LAKE CITY,UT,Vacant Land,628.52,3
Custer,COFFEE-NEFSY,COFFEE NEFSY LIMITED PARTNERSHIP,MAIL TO:  COFFEE CAREN,PO BOX 575,,MILES CITY,MT,Vacant Land,640.0,7
Custer,FARMLAND RESERVE INC,FARMLAND RESERVE INC,PO BOX 3688,,,SALT LAKE CITY,UT,Vacant Land,640.0,3
Custer,FARMLAND RESERVE INC,FARMLAND RESERVE INC,PO BOX 3688,,,SALT LAKE CITY,UT,Vacant Land,695.28,3
Custer,FARMLAND RESERVE INC,FARMLAND RESERVE INC,PO BOX 3688,,,SALT LAKE CITY,UT,Vacant Land,694.16,3
Custer,FARMLAND RESERVE INC,FARMLAND RESERVE INC,PO BOX 3688,,,SALT LAKE CITY,UT,Improved Property,776.76,3
Custer,FARMLAND RESERVE INC,FARMLAND RESERVE INC,PO BOX 3688,,,SALT LAKE CITY,UT,Vacant Land,640.0,3
Custer,FARMLAND RESERVE INC,FARMLAND RESERVE INC,PO BOX 3688,,,SALT LAKE CITY,UT,Vacant Land,639.56,3
Custer,FARMLAND RESERVE INC,FARMLAND RESERVE INC,PO BOX 3688,,,SALT LAKE CITY,UT,Vacant Land,0.057,3
Custer,FARMLAND RESERVE INC,FARMLAND RESERVE INC,PO BOX 3688,,,SALT LAKE CITY,UT,Vacant Land,160.0,3
Custer,FARMLAND RESERVE INC,FARMLAND RESERVE INC,PO BOX 3688,,,SALT LAKE CITY,UT,Vacant Land,322.34,3
Custer,FARMLAND RESERVE INC,FARMLAND RESERVE INC,PO BOX 3688,,,SALT LAKE CITY,UT,Vacant Land,339.29,3
Custer,FARMLAND RESERVE INC,FARMLAND RESERVE INC,PO BOX 3688,,,SALT LAKE CITY,UT,Vacant Land,326.96,3
Custer,COFFEE-NEFSY,COFFEE NEFSY LIMITED PARTNERSHIP,MAIL TO:  COFFEE CAREN,PO BOX 575,,MILES CITY,MT,Vacant Land,373.14,7
Custer,FARMLAND RESERVE INC,FARMLAND RESERVE INC,PO BOX 3688,,,SALT LAKE CITY,UT,Vacant Land,640.0,3
Custer,FARMLAND RESERVE INC,FARMLAND RESERVE INC,PO BOX 3688,,,SALT LAKE CITY,UT,Vacant Land,522.78,3
Custer,FARMLAND RESERVE INC,FARMLAND RESERVE INC,PO BOX 3688,,,SALT LAKE CITY,UT,Improved Property,263.78,3
Custer,FARMLAND RESERVE INC,FARMLAND RESERVE INC,PO BOX 3688,,,SALT LAKE CITY,UT,Vacant Land,628.0,3
Custer,FARMLAND RESERVE INC,FARMLAND RESERVE INC,PO BOX 3688,,,SALT LAKE CITY,UT,Vacant Land,560.0,3
Custer,COFFEE-NEFSY,COFFEE NEFSY LIMITED PARTNERSHIP,MAIL TO:  COFFEE CAREN,PO BOX 575,,MILES CITY,MT,Vacant Land,640.0,7
Custer,FARMLAND RESERVE INC,FARMLAND RESERVE INC,PO BOX 3688,,,SALT LAKE CITY,UT,Vacant Land,640.0,3
Custer,COFFEE-NEFSY,COFFEE NEFSY LIMITED PARTNERSHIP,MAIL TO:  COFFEE CAREN,PO BOX 575,,MILES CITY,MT,Vacant Land,21.6,7
Custer,COFFEE-NEFSY,COFFEE NEFSY LIMITED PARTNERSHIP,MAIL TO:  COFFEE CAREN,PO BOX 575,,MILES CITY,MT,Improved Property,640.0,7
Custer,COFFEE-NEFSY,COFFEE NEFSY LIMITED PARTNERSHIP,MAIL TO:  COFFEE CAREN,PO BOX 575,,MILES CITY,MT,Vacant Land,640.0,7
Custer,FARMLAND RESERVE INC,FARMLAND RESERVE INC,PO BOX 3688,,,SALT LAKE CITY,UT,Vacant Land,532.0,3
Custer,FARMLAND RESERVE INC,FARMLAND RESERVE INC,PO BOX 3688,,,SALT LAKE CITY,UT,Vacant Land,321.12,3
Custer,COFFEE-NEFSY,COFFEE NEFSY LIMITED PARTNERSHIP,MAIL TO:  COFFEE CAREN,PO BOX 575,,MILES CITY,MT,Vacant Land,640.0,7
Custer,COFFEE-NEFSY,COFFEE NEFSY LIMITED PARTNERSHIP,MAIL TO:  COFFEE CAREN,PO BOX 575,,MILES CITY,MT,Vacant Land,200.0,7
Custer,FARMLAND RESERVE INC,FARMLAND RESERVE INC,PO BOX 3688,,,SALT LAKE CITY,UT,Vacant Land,640.84,3
Custer,FARMLAND RESERVE INC,FARMLAND RESERVE INC,PO BOX 3688,,,SALT LAKE CITY,UT,Vacant Land,641.4,3
Custer,FARMLAND RESERVE INC,FARMLAND RESERVE INC,PO BOX 3688,,,SALT LAKE CITY,UT,Vacant Land,640.24,3
Custer,FARMLAND RESERVE INC,FARMLAND RESERVE INC,PO BOX 3688,,,SALT LAKE CITY,UT,Vacant Land,320.0,3
Custer,FARMLAND RESERVE INC,FARMLAND RESERVE INC,PO BOX 3688,,,SALT LAKE CITY,UT,Vacant Land,640.24,3
Custer,COFFEE-NEFSY,COFFEE NEFSY LIMITED PARTNERSHIP,MAIL TO:  COFFEE CAREN,PO BOX 575,,MILES CITY,MT,Vacant Land,320.0,7
Custer,COFFEE-NEFSY,COFFEE NEFSY LIMITED PARTNERSHIP,MAIL TO:  COFFEE CAREN,PO BOX 575,,MILES CITY,MT,Vacant Land,640.0,7
Custer,FARMLAND RESERVE INC,FARMLAND RESERVE INC,PO BOX 3688,,,SALT LAKE CITY,UT,Vacant Land,629.36,3
Custer,COFFEE-NEFSY,COFFEE NEFSY LIMITED PARTNERSHIP,MAIL TO:  COFFEE CAREN,PO BOX 575,,MILES CITY,MT,Vacant Land,640.0,7
Custer,FARMLAND RESERVE INC,FARMLAND RESERVE INC,PO BOX 3688,,,SALT LAKE CITY,UT,Vacant Land,26.64,3
Custer,FARMLAND RESERVE INC,FARMLAND RESERVE INC,PO BOX 3688,,,SALT LAKE CITY,UT,Vacant Land,640.0,3
Custer,FARMLAND RESERVE INC,FARMLAND RESERVE INC,PO BOX 3688,,,SALT LAKE CITY,UT,Vacant Land,628.68,3
Custer,FARMLAND RESERVE INC,FARMLAND RESERVE INC,PO BOX 3688,,,SALT LAKE CITY,UT,Vacant Land,624.25,3
Custer,COFFEE-NEFSY,COFFEE NEFSY LIMITED PARTNERSHIP,MAIL TO:  COFFEE CAREN,PO BOX 575,,MILES CITY,MT,Vacant Land,42.42,7
Custer,COFFEE-NEFSY,COFFEE NEFSY LIMITED PARTNERSHIP,MAIL TO:  COFFEE CAREN,PO BOX 575,,MILES CITY,MT,Vacant Land,607.46,7
Custer,COFFEE-NEFSY,COFFEE NEFSY LIMITED PARTNERSHIP,MAIL TO:  COFFEE CAREN,PO BOX 575,,MILES CITY,MT,Vacant Land,662.72,7
Custer,COFFEE-NEFSY,COFFEE NEFSY LIMITED PARTNERSHIP,MAIL TO:  COFFEE CAREN,PO BOX 575,,MILES CITY,MT,Vacant Land,202.0,7
Custer,COFFEE-NEFSY,COFFEE NEFSY LIMITED PARTNERSHIP,MAIL TO:  COFFEE CAREN,PO BOX 575,,MILES CITY,MT,Vacant Land,40.0,7
Custer,COFFEE-NEFSY,COFFEE NEFSY LIMITED PARTNERSHIP,MAIL TO:  COFFEE CAREN,PO BOX 575,,MILES CITY,MT,Vacant Land,80.0,7
Custer,COFFEE-NEFSY,COFFEE NEFSY LIMITED PARTNERSHIP,MAIL TO:  COFFEE CAREN,PO BOX 575,,MILES CITY,MT,Vacant Land,640.0,7
Custer,FARMLAND RESERVE INC,FARMLAND RESERVE INC,PO BOX 3688,,,SALT LAKE CITY,UT,Vacant Land,630.32,3
Custer,COFFEE-NEFSY,COFFEE NEFSY LIMITED PARTNERSHIP,MAIL TO:  COFFEE CAREN,PO BOX 575,,MILES CITY,MT,Vacant Land,640.0,7
Custer,FARMLAND RESERVE INC,FARMLAND RESERVE INC,PO BOX 3688,,,SALT LAKE CITY,UT,Vacant Land,640.0,3
Custer,COFFEE-NEFSY,COFFEE NEFSY LIMITED PARTNERSHIP,MAIL TO:  COFFEE CAREN,PO BOX 575,,MILES CITY,MT,Vacant Land,138.9,7
Custer,COFFEE-NEFSY,COFFEE NEFSY LIMITED PARTNERSHIP,MAIL TO:  COFFEE CAREN,PO BOX 575,,MILES CITY,MT,Improved Property,640.0,7
Custer,FARMLAND RESERVE INC,FARMLAND RESERVE INC,PO BOX 3688,,,SALT LAKE CITY,UT,Vacant Land,639.2,3
Custer,FARMLAND RESERVE INC,FARMLAND RESERVE INC,PO BOX 3688,,,SALT LAKE CITY,UT,Vacant Land,640.0,3
Custer,COFFEE-NEFSY,COFFEE RANCH LLC,MAIL TO:  COFFEE CAREN,PO BOX 575,,MILES CITY,MT,Vacant Land,640.0,7
Custer,COFFEE-NEFSY,COFFEE RANCH LLC,MAIL TO:  COFFEE CAREN,PO BOX 575,,MILES CITY,MT,Vacant Land,480.0,7
Custer,COFFEE-NEFSY,COFFEE RANCH LLC,MAIL TO:  COFFEE CAREN,PO BOX 575,,MILES CITY,MT,Vacant Land,320.0,7
Custer,FARMLAND RESERVE INC,FARMLAND RESERVE INC,PO BOX 3688,,,SALT LAKE CITY,UT,Vacant Land,640.0,3
Custer,COFFEE-NEFSY,COFFEE RANCH LLC,MAIL TO:  COFFEE CAREN,PO BOX 575,,MILES CITY,MT,Vacant Land,632.88,7
Custer,FARMLAND RESERVE INC,FARMLAND RESERVE INC,PO BOX 3688,,,SALT LAKE CITY,UT,Vacant Land,320.0,3
Custer,COFFEE-NEFSY,COFFEE RANCH LLC,MAIL TO:  COFFEE CAREN,PO BOX 575,,MILES CITY,MT,Vacant Land,40.0,7
Custer,COFFEE-NEFSY,COFFEE RANCH LLC,MAIL TO:  COFFEE CAREN,PO BOX 575,,MILES CITY,MT,Vacant Land,640.0,7
Custer,FARMLAND RESERVE INC,FARMLAND RESERVE INC,PO BOX 3688,,,SALT LAKE CITY,UT,Vacant Land,640.0,3
Custer,COFFEE-NEFSY,COFFEE RANCH LLC,MAIL TO:  COFFEE CAREN,PO BOX 575,,MILES CITY,MT,Vacant Land,640.0,7
Custer,COFFEE-NEFSY,COFFEE RANCH LLC,MAIL TO:  COFFEE CAREN,PO BOX 575,,MILES CITY,MT,Vacant Land,640.0,7
Custer,COFFEE-NEFSY,COFFEE RANCH LLC,MAIL TO:  COFFEE CAREN,PO BOX 575,,MILES CITY,MT,Vacant Land,48.52,7
Custer,COFFEE-NEFSY,COFFEE RANCH LLC,MAIL TO:  COFFEE CAREN,PO BOX 575,,MILES CITY,MT,Vacant Land,640.0,7
Custer,FARMLAND RESERVE INC,FARMLAND RESERVE INC,PO BOX 3688,,,SALT LAKE CITY,UT,Improved Property,666.16,3
Custer,FARMLAND RESERVE INC,FARMLAND RESERVE INC,PO BOX 3688,,,SALT LAKE CITY,UT,Improved Property,640.0,3
Custer,GREAT NORTHERN PROPERTIES,GREAT NORTHERN PROPERTIES LP,PO BOX 1745,,,MILES CITY,MT,Vacant Land,667.84,10
Custer,COFFEE-NEFSY,COFFEE NEFSY LIMITED PARTNERSHIP,MAIL TO:  COFFEE CAREN,PO BOX 575,,MILES CITY,MT,Vacant Land,19.42,7
Custer,COFFEE-NEFSY,COFFEE NEFSY LIMITED PARTNERSHIP,MAIL TO:  COFFEE CAREN,PO BOX 575,,MILES CITY,MT,Vacant Land,2.14,7
Custer,COFFEE-NEFSY,COFFEE NEFSY LIMITED PARTNERSHIP,MAIL TO:  COFFEE CAREN,PO BOX 575,,MILES CITY,MT,Vacant Land,636.11,7
Custer,FARMLAND RESERVE INC,FARMLAND RESERVE INC,PO BOX 3688,,,SALT LAKE CITY,UT,Vacant Land,640.0,3
Custer,FARMLAND RESERVE INC,FARMLAND RESERVE INC,PO BOX 3688,,,SALT LAKE CITY,UT,Vacant Land,306.55,3
Custer,FARMLAND RESERVE INC,FARMLAND RESERVE INC,PO BOX 3688,,,SALT LAKE CITY,UT,Vacant Land,240.0,3
Custer,COFFEE-NEFSY,COFFEE NEFSY LIMITED PARTNERSHIP,MAIL TO:  COFFEE CAREN,PO BOX 575,,MILES CITY,MT,Vacant Land,640.0,7
Custer,FARMLAND RESERVE INC,FARMLAND RESERVE INC,PO BOX 3688,,,SALT LAKE CITY,UT,Vacant Land,320.0,3
Custer,FARMLAND RESERVE INC,FARMLAND RESERVE INC,PO BOX 3688,,,SALT LAKE CITY,UT,Improved Property,640.0,3
Custer,FARMLAND RESERVE INC,FARMLAND RESERVE INC,PO BOX 3688,,,SALT LAKE CITY,UT,Vacant Land,640.0,3
Custer,FARMLAND RESERVE INC,FARMLAND RESERVE INC,PO BOX 3688,,,SALT LAKE CITY,UT,Vacant Land,640.0,3
Custer,FARMLAND RESERVE INC,FARMLAND RESERVE INC,PO BOX 3688,,,SALT LAKE CITY,UT,Vacant Land,470.26,3
Custer,FARMLAND RESERVE INC,FARMLAND RESERVE INC,PO BOX 3688,,,SALT LAKE CITY,UT,Vacant Land,640.0,3
Custer,FARMLAND RESERVE INC,FARMLAND RESERVE INC,PO BOX 3688,,,SALT LAKE CITY,UT,Vacant Land,640.0,3
Custer,COFFEE-NEFSY,COFFEE RANCH LLC,MAIL TO:  COFFEE CAREN,PO BOX 575,,MILES CITY,MT,Vacant Land,642.32,7
Custer,FARMLAND RESERVE INC,FARMLAND RESERVE INC,PO BOX 3688,,,SALT LAKE CITY,UT,Vacant Land,640.0,3
Custer,COFFEE-NEFSY,COFFEE RANCH LLC,MAIL TO:  COFFEE CAREN,PO BOX 575,,MILES CITY,MT,Vacant Land,640.0,7
Custer,COFFEE-NEFSY,COFFEE RANCH LLC,MAIL TO:  COFFEE CAREN,PO BOX 575,,MILES CITY,MT,Vacant Land,640.0,7
Custer,COFFEE-NEFSY,COFFEE RANCH LLC,MAIL TO:  COFFEE CAREN,PO BOX 575,,MILES CITY,MT,Vacant Land,640.0,7
Custer,FARMLAND RESERVE INC,FARMLAND RESERVE INC,PO BOX 3688,,,SALT LAKE CITY,UT,Vacant Land,640.0,3
Custer,COFFEE-NEFSY,COFFEE RANCH LLC,MAIL TO:  COFFEE CAREN,PO BOX 575,,MILES CITY,MT,Vacant Land,640.0,7
Custer,COFFEE-NEFSY,COFFEE RANCH LLC,MAIL TO:  COFFEE CAREN,PO BOX 575,,MILES CITY,MT,Vacant Land,40.0,7
Custer,COFFEE-NEFSY,COFFEE RANCH LLC,MAIL TO:  COFFEE CAREN,PO BOX 575,,MILES CITY,MT,Vacant Land,640.0,7
Custer,COFFEE-NEFSY,COFFEE RANCH LLC,MAIL TO:  COFFEE CAREN,PO BOX 575,,MILES CITY,MT,Improved Property,480.0,7
Custer,COFFEE-NEFSY,COFFEE RANCH LLC,MAIL TO:  COFFEE CAREN,PO BOX 575,,MILES CITY,MT,Vacant Land,645.88,7
Custer,COFFEE-NEFSY,COFFEE RANCH LLC,MAIL TO:  COFFEE CAREN,PO BOX 575,,MILES CITY,MT,Vacant Land,640.0,7
Custer,COFFEE-NEFSY,COFFEE RANCH LLC,PO BOX 80850,,,BILLINGS,MT,Vacant Land,640.0,7
Custer,FARMLAND RESERVE INC,FARMLAND RESERVE INC,PO BOX 3688,,,SALT LAKE CITY,UT,Vacant Land,640.0,3
Custer,COFFEE-NEFSY,COFFEE RANCH LLC,MAIL TO:  COFFEE CAREN,PO BOX 575,,MILES CITY,MT,Vacant Land,120.0,7
Custer,COFFEE-NEFSY,COFFEE RANCH LLC,MAIL TO:  COFFEE CAREN,PO BOX 575,,MILES CITY,MT,Vacant Land,632.84,7
Custer,COFFEE-NEFSY,COFFEE RANCH LLC,MAIL TO:  COFFEE CAREN,PO BOX 575,,MILES CITY,MT,Vacant Land,640.0,7
Custer,COFFEE-NEFSY,COFFEE RANCH LLC,MAIL TO:  COFFEE CAREN,PO BOX 575,,MILES CITY,MT,Vacant Land,675.68,7
Custer,FARMLAND RESERVE INC,FARMLAND RESERVE INC,PO BOX 3688,,,SALT LAKE CITY,UT,Vacant Land,636.1,3
Custer,GREAT NORTHERN PROPERTIES,GREAT NORTHERN PROPERTIES LP,PO BOX 1745,,,MILES CITY,MT,Vacant Land,640.0,10
Custer,FARMLAND RESERVE INC,FARMLAND RESERVE INC,PO BOX 3688,,,SALT LAKE CITY,UT,Vacant Land,640.0,3
Custer,COFFEE-NEFSY,COFFEE NEFSY LIMITED PARTNERSHIP,MAIL TO:  COFFEE CAREN,PO BOX 575,,MILES CITY,MT,Vacant Land,127.08,7
Custer,FARMLAND RESERVE INC,FARMLAND RESERVE INC,PO BOX 3688,,,SALT LAKE CITY,UT,Vacant Land,639.8,3
Custer,COFFEE-NEFSY,COFFEE NEFSY LIMITED PARTNERSHIP,MAIL TO:  COFFEE CAREN,PO BOX 575,,MILES CITY,MT,Vacant Land,630.08,7
Custer,FARMLAND RESERVE INC,FARMLAND RESERVE INC,PO BOX 3688,,,SALT LAKE CITY,UT,Vacant Land,634.96,3
Custer,FARMLAND RESERVE INC,FARMLAND RESERVE INC,PO BOX 3688,,,SALT LAKE CITY,UT,Vacant Land,358.96,3
Custer,FARMLAND RESERVE INC,FARMLAND RESERVE INC,PO BOX 3688,,,SALT LAKE CITY,UT,Vacant Land,520.4,3
Custer,FARMLAND RESERVE INC,FARMLAND RESERVE INC,PO BOX 3688,,,SALT LAKE CITY,UT,Vacant Land,640.0,3
Custer,FARMLAND RESERVE INC,FARMLAND RESERVE INC,PO BOX 3688,,,SALT LAKE CITY,UT,Vacant Land,640.0,3
Custer,FARMLAND RESERVE INC,FARMLAND RESERVE INC,PO BOX 3688,,,SALT LAKE CITY,UT,Vacant Land,640.0,3
Custer,COFFEE-NEFSY,COFFEE-NEFSY LIMITED PARTNERSHIP,PO BOX 80850,,,BILLINGS,MT,Vacant Land,640.0,7
Custer,COFFEE-NEFSY,COFFEE NEFSY LIMITED PARTNERSHIP,MAIL TO:  COFFEE CAREN,PO BOX 575,,MILES CITY,MT,Vacant Land,629.48,7
Custer,FARMLAND RESERVE INC,FARMLAND RESERVE INC,PO BOX 3688,,,SALT LAKE CITY,UT,Vacant Land,640.0,3
Custer,FARMLAND RESERVE INC,FARMLAND RESERVE INC,PO BOX 3688,,,SALT LAKE CITY,UT,Vacant Land,563.76,3
Custer,COFFEE-NEFSY,COFFEE NEFSY LIMITED PARTNERSHIP,MAIL TO:  COFFEE CAREN,PO BOX 575,,MILES CITY,MT,Vacant Land,473.67,7
Custer,FARMLAND RESERVE INC,FARMLAND RESERVE INC,PO BOX 3688,,,SALT LAKE CITY,UT,Vacant Land,640.0,3
Custer,COFFEE-NEFSY,COFFEE NEFSY LIMITED PARTNERSHIP,MAIL TO:  COFFEE CAREN,PO BOX 575,,MILES CITY,MT,Vacant Land,634.68,7
Custer,COFFEE-NEFSY,COFFEE NEFSY LIMITED PARTNERSHIP,MAIL TO:  COFFEE CAREN,PO BOX 575,,MILES CITY,MT,Vacant Land,380.35,7
Custer,FARMLAND RESERVE INC,FARMLAND RESERVE INC,PO BOX 3688,,,SALT LAKE CITY,UT,Vacant Land,640.0,3
Custer,COFFEE-NEFSY,COFFEE NEFSY LIMITED PARTNERSHIP,MAIL TO:  COFFEE CAREN,PO BOX 575,,MILES CITY,MT,Vacant Land,160.0,7
Custer,FARMLAND RESERVE INC,FARMLAND RESERVE INC,PO BOX 3688,,,SALT LAKE CITY,UT,Vacant Land,640.0,3
Custer,COFFEE-NEFSY,COFFEE RANCH LLC,MAIL TO:  COFFEE CAREN,PO BOX 575,,MILES CITY,MT,Vacant Land,320.0,7
Custer,COFFEE-NEFSY,COFFEE RANCH LLC,MAIL TO:  COFFEE CAREN,PO BOX 575,,MILES CITY,MT,Vacant Land,629.24,7
Custer,COFFEE-NEFSY,COFFEE RANCH LLC,MAIL TO:  COFFEE CAREN,PO BOX 575,,MILES CITY,MT,Vacant Land,40.0,7
Custer,COFFEE-NEFSY,COFFEE RANCH LLC,MAIL TO:  COFFEE CAREN,PO BOX 575,,MILES CITY,MT,Vacant Land,633.2,7
Custer,COFFEE-NEFSY,COFFEE RANCH LLC,MAIL TO:  COFFEE CAREN,PO BOX 575,,MILES CITY,MT,Vacant Land,668.28,7
Custer,COFFEE-NEFSY,COFFEE RANCH LLC,MAIL TO:  COFFEE CAREN,PO BOX 575,,MILES CITY,MT,Vacant Land,646.2,7
Custer,FARMLAND RESERVE INC,FARMLAND RESERVE INC,PO BOX 3688,,,SALT LAKE CITY,UT,Vacant Land,640.0,3
Custer,COFFEE-NEFSY,COFFEE RANCH LLC,MAIL TO:  COFFEE CAREN,PO BOX 575,,MILES CITY,MT,Vacant Land,40.0,7
Custer,COFFEE-NEFSY,COFFEE RANCH LLC,MAIL TO:  COFFEE CAREN,PO BOX 575,,MILES CITY,MT,Vacant Land,640.0,7
Custer,COFFEE-NEFSY,COFFEE RANCH LLC,MAIL TO:  COFFEE CAREN,PO BOX 575,,MILES CITY,MT,Vacant Land,640.0,7
Custer,COFFEE-NEFSY,COFFEE RANCH LLC,MAIL TO:  COFFEE CAREN,PO BOX 575,,MILES CITY,MT,Vacant Land,671.44,7
Custer,COFFEE-NEFSY,COFFEE RANCH LLC,MAIL TO:  COFFEE CAREN,PO BOX 575,,MILES CITY,MT,Vacant Land,640.0,7
Custer,COFFEE-NEFSY,COFFEE RANCH LLC,MAIL TO:  COFFEE CAREN,PO BOX 575,,MILES CITY,MT,Vacant Land,640.0,7
Custer,COFFEE-NEFSY,COFFEE RANCH LLC,MAIL TO:  COFFEE CAREN,PO BOX 575,,MILES CITY,MT,Vacant Land,480.0,7
Custer,COFFEE-NEFSY,COFFEE RANCH LLC,MAIL TO:  COFFEE CAREN,PO BOX 575,,MILES CITY,MT,Vacant Land,640.0,7
Custer,FARMLAND RESERVE INC,FARMLAND RESERVE INC,PO BOX 3688,,,SALT LAKE CITY,UT,Vacant Land,600.0,3
Custer,FARMLAND RESERVE INC,FARMLAND RESERVE INC,PO BOX 3688,,,SALT LAKE CITY,UT,Vacant Land,640.0,3
Custer,FARMLAND RESERVE INC,FARMLAND RESERVE INC,PO BOX 3688,,,SALT LAKE CITY,UT,Vacant Land,640.0,3
Custer,FARMLAND RESERVE INC,FARMLAND RESERVE INC,PO BOX 3688,,,SALT LAKE CITY,UT,Vacant Land,638.52,3
Custer,GREAT NORTHERN PROPERTIES,GREAT NORTHERN PROPERTIES LP,PO BOX 1745,,,MILES CITY,MT,Vacant Land,102.557,10
Custer,FARMLAND RESERVE INC,FARMLAND RESERVE INC,PO BOX 3688,,,SALT LAKE CITY,UT,Vacant Land,640.0,3
Custer,FARMLAND RESERVE INC,FARMLAND RESERVE INC,PO BOX 3688,,,SALT LAKE CITY,UT,Vacant Land,640.0,3
Custer,FARMLAND RESERVE INC,FARMLAND RESERVE INC,PO BOX 3688,,,SALT LAKE CITY,UT,Vacant Land,324.2,3
Custer,FARMLAND RESERVE INC,FARMLAND RESERVE INC,PO BOX 3688,,,SALT LAKE CITY,UT,Vacant Land,630.6,3
Custer,FARMLAND RESERVE INC,FARMLAND RESERVE INC,PO BOX 3688,,,SALT LAKE CITY,UT,Vacant Land,511.4,3
Custer,GREAT NORTHERN PROPERTIES,GREAT NORTHERN PROPERTIES LP,PO BOX 1745,,,MILES CITY,MT,Vacant Land,640.0,10
Custer,FARMLAND RESERVE INC,FARMLAND RESERVE INC,PO BOX 3688,,,SALT LAKE CITY,UT,Vacant Land,640.0,3
Custer,FARMLAND RESERVE INC,FARMLAND RESERVE INC,PO BOX 3688,,,SALT LAKE CITY,UT,Vacant Land,640.0,3
Custer,COFFEE-NEFSY,COFFEE NEFSY LIMITED PARTNERSHIP,MAIL TO:  COFFEE CAREN,PO BOX 575,,MILES CITY,MT,Vacant Land,480.0,7
Custer,COFFEE-NEFSY,COFFEE NEFSY LIMITED PARTNERSHIP,MAIL TO:  COFFEE CAREN,PO BOX 575,,MILES CITY,MT,Vacant Land,160.0,7
Custer,FARMLAND RESERVE INC,FARMLAND RESERVE INC,PO BOX 3688,,,SALT LAKE CITY,UT,Vacant Land,480.0,3
Custer,GREAT NORTHERN PROPERTIES,GREAT NORTHERN PROPERTIES LP,PO BOX 1745,,,MILES CITY,MT,Vacant Land,666.8,10
Custer,FARMLAND RESERVE INC,FARMLAND RESERVE INC,PO BOX 3688,,,SALT LAKE CITY,UT,Vacant Land,600.0,3
Custer,COFFEE-NEFSY,COFFEE NEFSY LIMITED PARTNERSHIP,MAIL TO:  COFFEE CAREN,PO BOX 575,,MILES CITY,MT,Vacant Land,637.6,7
Custer,FARMLAND RESERVE INC,FARMLAND RESERVE INC,PO BOX 3688,,,SALT LAKE CITY,UT,Improved Property,572.17,3
Custer,COFFEE-NEFSY,COFFEE NEFSY LIMITED PARTNERSHIP,MAIL TO:  COFFEE CAREN,PO BOX 575,,MILES CITY,MT,Vacant Land,182.89,7
Custer,COFFEE-NEFSY,COFFEE RANCH LLC,MAIL TO:  COFFEE CAREN,PO BOX 575,,MILES CITY,MT,Vacant Land,636.44,7
Custer,COFFEE-NEFSY,COFFEE RANCH LLC,MAIL TO:  COFFEE CAREN,PO BOX 575,,MILES CITY,MT,Vacant Land,640.0,7
Custer,COFFEE-NEFSY,COFFEE RANCH LLC,MAIL TO:  COFFEE CAREN,PO BOX 575,,MILES CITY,MT,Vacant Land,320.0,7
Custer,COFFEE-NEFSY,COFFEE RANCH LLC,MAIL TO:  COFFEE CAREN,PO BOX 575,,MILES CITY,MT,Vacant Land,640.0,7
Custer,COFFEE-NEFSY,COFFEE RANCH LLC,MAIL TO:  COFFEE CAREN,PO BOX 575,,MILES CITY,MT,Vacant Land,320.0,7
Custer,FARMLAND RESERVE INC,FARMLAND RESERVE INC,PO BOX 3688,,,SALT LAKE CITY,UT,Vacant Land,560.0,3
Custer,COFFEE-NEFSY,COFFEE RANCH LLC,MAIL TO:  COFFEE CAREN,PO BOX 575,,MILES CITY,MT,Vacant Land,646.8,7
Custer,COFFEE-NEFSY,COFFEE RANCH LLC,MAIL TO:  COFFEE CAREN,PO BOX 575,,MILES CITY,MT,Vacant Land,40.0,7
Custer,COFFEE-NEFSY,COFFEE RANCH LLC,MAIL TO:  COFFEE CAREN,PO BOX 575,,MILES CITY,MT,Vacant Land,320.0,7
Custer,COFFEE-NEFSY,COFFEE RANCH LLC,MAIL TO:  COFFEE CAREN,PO BOX 575,,MILES CITY,MT,Vacant Land,640.0,7
Custer,COFFEE-NEFSY,COFFEE RANCH LLC,MAIL TO:  COFFEE CAREN,PO BOX 575,,MILES CITY,MT,Vacant Land,183.55,7
Custer,COFFEE-NEFSY,COFFEE RANCH LLC,MAIL TO:  COFFEE CAREN,PO BOX 575,,MILES CITY,MT,Vacant Land,640.0,7
Custer,COFFEE-NEFSY,COFFEE RANCH LLC,MAIL TO:  COFFEE CAREN,PO BOX 575,,MILES CITY,MT,Vacant Land,40.0,7
Custer,COFFEE-NEFSY,COFFEE RANCH LLC,MAIL TO:  COFFEE CAREN,PO BOX 575,,MILES CITY,MT,Improved Property,520.0,7
Custer,COFFEE-NEFSY,COFFEE RANCH LLC,MAIL TO:  COFFEE CAREN,PO BOX 575,,MILES CITY,MT,Vacant Land,640.0,7
Custer,COFFEE-NEFSY,COFFEE RANCH LLC,MAIL TO:  COFFEE CAREN,PO BOX 575,,MILES CITY,MT,Vacant Land,640.0,7
Custer,COFFEE-NEFSY,COFFEE RANCH LLC,MAIL TO:  COFFEE CAREN,PO BOX 575,,MILES CITY,MT,Vacant Land,644.72,7
Custer,COFFEE-NEFSY,COFFEE RANCH LLC,MAIL TO:  COFFEE CAREN,PO BOX 575,,MILES CITY,MT,Vacant Land,320.0,7
Custer,FARMLAND RESERVE INC,FARMLAND RESERVE INC,PO BOX 3688,,,SALT LAKE CITY,UT,Vacant Land,640.0,3
Custer,FARMLAND RESERVE INC,FARMLAND RESERVE INC,PO BOX 3688,,,SALT LAKE CITY,UT,Vacant Land,640.0,3
Custer,FARMLAND RESERVE INC,FARMLAND RESERVE INC,PO BOX 3688,,,SALT LAKE CITY,UT,Vacant Land,160.0,3
Custer,FARMLAND RESERVE INC,FARMLAND RESERVE INC,PO BOX 3688,,,SALT LAKE CITY,UT,Vacant Land,640.0,3
Custer,FARMLAND RESERVE INC,FARMLAND RESERVE INC,PO BOX 3688,,,SALT LAKE CITY,UT,Vacant Land,640.0,3
Custer,FARMLAND RESERVE INC,FARMLAND RESERVE INC,PO BOX 3688,,,SALT LAKE CITY,UT,Vacant Land,240.0,3
Custer,COFFEE-NEFSY,COFFEE NEFSY LIMITED PARTNERSHIP,MAIL TO:  COFFEE CAREN,PO BOX 575,,MILES CITY,MT,Vacant Land,127.02,7
Custer,FARMLAND RESERVE INC,FARMLAND RESERVE INC,PO BOX 3688,,,SALT LAKE CITY,UT,Vacant Land,440.0,3
Custer,FARMLAND RESERVE INC,FARMLAND RESERVE INC,PO BOX 3688,,,SALT LAKE CITY,UT,Vacant Land,670.8,3
Custer,GREAT NORTHERN PROPERTIES,GREAT NORTHERN PROPERTIES LP,PO BOX 1745,,,MILES CITY,MT,Vacant Land,640.0,10
Custer,COFFEE-NEFSY,COFFEE NEFSY LIMITED PARTNERSHIP,MAIL TO:  COFFEE CAREN,PO BOX 575,,MILES CITY,MT,Vacant Land,593.07,7
Custer,FARMLAND RESERVE INC,FARMLAND RESERVE INC,PO BOX 3688,,,SALT LAKE CITY,UT,Vacant Land,640.0,3
Custer,COFFEE-NEFSY,COFFEE NEFSY LIMITED PARTNERSHIP,MAIL TO:  COFFEE CAREN,PO BOX 575,,MILES CITY,MT,Improved Property,304.24,7
Custer,FARMLAND RESERVE INC,FARMLAND RESERVE INC,PO BOX 3688,,,SALT LAKE CITY,UT,Vacant Land,175.24,3
Custer,FARMLAND RESERVE INC,FARMLAND RESERVE INC,PO BOX 3688,,,SALT LAKE CITY,UT,Vacant Land,640.0,3
Custer,FARMLAND RESERVE INC,FARMLAND RESERVE INC,PO BOX 3688,,,SALT LAKE CITY,UT,Vacant Land,615.2,3
Custer,FARMLAND RESERVE INC,FARMLAND RESERVE INC,PO BOX 3688,,,SALT LAKE CITY,UT,Vacant Land,320.0,3
Custer,FARMLAND RESERVE INC,FARMLAND RESERVE INC,PO BOX 3688,,,SALT LAKE CITY,UT,Improved Property,320.0,3
Custer,FARMLAND RESERVE INC,FARMLAND RESERVE INC,PO BOX 3688,,,SALT LAKE CITY,UT,Vacant Land,640.0,3
Custer,COFFEE-NEFSY,COFFEE NEFSY LIMITED PARTNERSHIP,MAIL TO:  COFFEE CAREN,PO BOX 575,,MILES CITY,MT,Vacant Land,636.8,7
Custer,COFFEE-NEFSY,COFFEE NEFSY LIMITED PARTNERSHIP,MAIL TO:  COFFEE CAREN,PO BOX 575,,MILES CITY,MT,Vacant Land,637.2,7
Custer,FARMLAND RESERVE INC,FARMLAND RESERVE INC,PO BOX 3688,,,SALT LAKE CITY,UT,Vacant Land,640.0,3
Custer,COFFEE-NEFSY,COFFEE NEFSY LIMITED PARTNERSHIP,MAIL TO:  COFFEE CAREN,PO BOX 575,,MILES CITY,MT,Vacant Land,41.76,7
Custer,COFFEE-NEFSY,COFFEE RANCH LLC,MAIL TO:  COFFEE CAREN,PO BOX 575,,MILES CITY,MT,Vacant Land,132.16,7
Custer,COFFEE-NEFSY,COFFEE RANCH LLC,MAIL TO:  COFFEE CAREN,PO BOX 575,,MILES CITY,MT,Vacant Land,320.0,7
Custer,COFFEE-NEFSY,COFFEE RANCH LLC,MAIL TO:  COFFEE CAREN,PO BOX 575,,MILES CITY,MT,Vacant Land,49.32,7
Custer,COFFEE-NEFSY,COFFEE RANCH LLC,MAIL TO:  COFFEE CAREN,PO BOX 575,,MILES CITY,MT,Vacant Land,640.0,7
Custer,COFFEE-NEFSY,COFFEE NEFSY LIMITED PARTNERSHIP,MAIL TO:  COFFEE CAREN,PO BOX 575,,MILES CITY,MT,Vacant Land,320.0,7
Custer,COFFEE-NEFSY,COFFEE NEFSY LIMITED PARTNERSHIP,MAIL TO:  COFFEE CAREN,PO BOX 575,,MILES CITY,MT,Vacant Land,640.0,7
Custer,FARMLAND RESERVE INC,FARMLAND RESERVE INC,PO BOX 3688,,,SALT LAKE CITY,UT,Vacant Land,631.8,3
Custer,COFFEE-NEFSY,COFFEE NEFSY LIMITED PARTNERSHIP,MAIL TO:  COFFEE CAREN,PO BOX 575,,MILES CITY,MT,Vacant Land,640.0,7
Custer,COFFEE-NEFSY,COFFEE NEFSY LIMITED PARTNERSHIP,MAIL TO:  COFFEE CAREN,PO BOX 575,,MILES CITY,MT,Vacant Land,641.4,7
Custer,COFFEE-NEFSY,COFFEE NEFSY LIMITED PARTNERSHIP,MAIL TO:  COFFEE CAREN,PO BOX 575,,MILES CITY,MT,Vacant Land,640.0,7
Custer,COFFEE-NEFSY,COFFEE NEFSY LIMITED PARTNERSHIP,MAIL TO:  COFFEE CAREN,PO BOX 575,,MILES CITY,MT,Vacant Land,640.0,7
Custer,COFFEE-NEFSY,COFFEE NEFSY LIMITED PARTNERSHIP,MAIL TO:  COFFEE CAREN,PO BOX 575,,MILES CITY,MT,Vacant Land,40.0,7
Custer,COFFEE-NEFSY,COFFEE NEFSY LIMITED PARTNERSHIP,MAIL TO:  COFFEE CAREN,PO BOX 575,,MILES CITY,MT,Vacant Land,640.0,7
Custer,FARMLAND RESERVE INC,FARMLAND RESERVE INC,PO BOX 3688,,,SALT LAKE CITY,UT,Vacant Land,640.0,3
Custer,COFFEE-NEFSY,COFFEE RANCH LLC,MAIL TO:  COFFEE CAREN,PO BOX 575,,MILES CITY,MT,Vacant Land,640.0,7
Custer,COFFEE-NEFSY,COFFEE NEFSY LIMITED PARTNERSHIP,MAIL TO:  COFFEE CAREN,PO BOX 575,,MILES CITY,MT,Vacant Land,640.0,7
Custer,FARMLAND RESERVE INC,FARMLAND RESERVE INC,PO BOX 3688,,,SALT LAKE CITY,UT,Vacant Land,640.44,3
Custer,COFFEE-NEFSY,COFFEE RANCH LLC,MAIL TO:  COFFEE CAREN,PO BOX 575,,MILES CITY,MT,Vacant Land,400.0,7
Custer,COFFEE-NEFSY,COFFEE RANCH LLC,MAIL TO:  COFFEE CAREN,PO BOX 575,,MILES CITY,MT,Vacant Land,640.0,7
Custer,COFFEE-NEFSY,COFFEE RANCH LLC,PO BOX 80850,,,BILLINGS,MT,Vacant Land,640.0,7
Custer,FARMLAND RESERVE INC,FARMLAND RESERVE INC,PO BOX 3688,,,SALT LAKE CITY,UT,Vacant Land,560.0,3
Custer,COFFEE-NEFSY,COFFEE RANCH LLC,MAIL TO:  COFFEE CAREN,PO BOX 575,,MILES CITY,MT,Vacant Land,662.8,7
Custer,COFFEE-NEFSY,COFFEE RANCH LLC,MAIL TO:  COFFEE CAREN,PO BOX 575,,MILES CITY,MT,Vacant Land,193.9,7
Custer,COFFEE-NEFSY,COFFEE RANCH LLC,MAIL TO:  COFFEE CAREN,PO BOX 575,,MILES CITY,MT,Vacant Land,320.0,7
Custer,COFFEE-NEFSY,COFFEE-NEFSY LIMITED PARTNERSHIP,PO BOX 80850,,,BILLINGS,MT,Vacant Land,640.0,7
Custer,COFFEE-NEFSY,COFFEE NEFSY LIMITED PARTNERSHIP,MAIL TO:  COFFEE CAREN,PO BOX 575,,MILES CITY,MT,Vacant Land,337.88,7
Custer,FARMLAND RESERVE INC,FARMLAND RESERVE INC,PO BOX 3688,,,SALT LAKE CITY,UT,Vacant Land,640.0,3
Custer,FARMLAND RESERVE INC,FARMLAND RESERVE INC,PO BOX 3688,,,SALT LAKE CITY,UT,Vacant Land,640.0,3
Custer,COFFEE-NEFSY,COFFEE NEFSY LIMITED PARTNERSHIP,MAIL TO:  COFFEE CAREN,PO BOX 575,,MILES CITY,MT,Vacant Land,640.0,7
Custer,COFFEE-NEFSY,COFFEE NEFSY LIMITED PARTNERSHIP,MAIL TO:  COFFEE CAREN,PO BOX 575,,MILES CITY,MT,Vacant Land,640.0,7
Custer,FARMLAND RESERVE INC,FARMLAND RESERVE INC,PO BOX 3688,,,SALT LAKE CITY,UT,Vacant Land,640.0,3
Custer,COFFEE-NEFSY,COFFEE NEFSY LIMITED PARTNERSHIP,MAIL TO:  COFFEE CAREN,PO BOX 575,,MILES CITY,MT,Vacant Land,640.0,7
Custer,COFFEE-NEFSY,COFFEE NEFSY LIMITED PARTNERSHIP,MAIL TO:  COFFEE CAREN,PO BOX 575,,MILES CITY,MT,Vacant Land,658.0,7
Custer,COFFEE-NEFSY,COFFEE NEFSY LIMITED PARTNERSHIP,MAIL TO:  COFFEE CAREN,PO BOX 575,,MILES CITY,MT,Vacant Land,640.0,7
Custer,COFFEE-NEFSY,COFFEE NEFSY LIMITED PARTNERSHIP,MAIL TO:  COFFEE CAREN,PO BOX 575,,MILES CITY,MT,Vacant Land,640.0,7
Custer,FARMLAND RESERVE INC,FARMLAND RESERVE INC,PO BOX 3688,,,SALT LAKE CITY,UT,Vacant Land,316.92,3
Custer,FARMLAND RESERVE INC,FARMLAND RESERVE INC,PO BOX 3688,,,SALT LAKE CITY,UT,Vacant Land,640.4,3
Custer,COFFEE-NEFSY,COFFEE RANCH LLC,MAIL TO:  COFFEE CAREN,PO BOX 575,,MILES CITY,MT,Vacant Land,640.0,7
Custer,COFFEE-NEFSY,COFFEE RANCH LLC,MAIL TO:  COFFEE CAREN,PO BOX 575,,MILES CITY,MT,Vacant Land,200.0,7
Custer,COFFEE-NEFSY,COFFEE RANCH LLC,MAIL TO:  COFFEE CAREN,PO BOX 575,,MILES CITY,MT,Vacant Land,640.0,7
Custer,COFFEE-NEFSY,COFFEE RANCH LLC,MAIL TO:  COFFEE CAREN,PO BOX 575,,MILES CITY,MT,Vacant Land,640.0,7
Custer,COFFEE-NEFSY,COFFEE RANCH LLC,MAIL TO:  COFFEE CAREN,PO BOX 575,,MILES CITY,MT,Vacant Land,560.0,7
Custer,FARMLAND RESERVE INC,FARMLAND RESERVE INC,PO BOX 3688,,,SALT LAKE CITY,UT,Vacant Land,640.0,3
Custer,COFFEE-NEFSY,COFFEE RANCH LLC,MAIL TO:  COFFEE CAREN,PO BOX 575,,MILES CITY,MT,Vacant Land,80.0,7
Custer,COFFEE-NEFSY,COFFEE RANCH LLC,MAIL TO:  COFFEE CAREN,PO BOX 575,,MILES CITY,MT,Vacant Land,661.96,7
Custer,COFFEE-NEFSY,COFFEE RANCH LLC,MAIL TO:  COFFEE CAREN,PO BOX 575,,MILES CITY,MT,Vacant Land,344.8,7
Custer,COFFEE-NEFSY,COFFEE RANCH LLC,MAIL TO:  COFFEE CAREN,PO BOX 575,,MILES CITY,MT,Vacant Land,617.93,7
Custer,COFFEE-NEFSY,COFFEE RANCH LLC,MAIL TO:  COFFEE CAREN,PO BOX 575,,MILES CITY,MT,Vacant Land,440.43,7
Custer,FARMLAND RESERVE INC,FARMLAND RESERVE INC,PO BOX 3688,,,SALT LAKE CITY,UT,Vacant Land,160.0,3
Custer,FARMLAND RESERVE INC,FARMLAND RESERVE INC,PO BOX 3688,,,SALT LAKE CITY,UT,Vacant Land,80.0,3
Custer,COFFEE-NEFSY,COFFEE NEFSY LIMITED PARTNERSHIP,MAIL TO:  COFFEE CAREN,PO BOX 575,,MILES CITY,MT,Vacant Land,24.36,7
Custer,FARMLAND RESERVE INC,FARMLAND RESERVE INC,PO BOX 3688,,,SALT LAKE CITY,UT,Vacant Land,640.0,3
Custer,COFFEE-NEFSY,COFFEE NEFSY LIMITED PARTNERSHIP,MAIL TO:  COFFEE CAREN,PO BOX 575,,MILES CITY,MT,Vacant Land,640.0,7
Custer,COFFEE-NEFSY,COFFEE NEFSY LIMITED PARTNERSHIP,MAIL TO:  COFFEE CAREN,PO BOX 575,,MILES CITY,MT,Vacant Land,607.12,7
Custer,FARMLAND RESERVE INC,FARMLAND RESERVE INC,PO BOX 3688,,,SALT LAKE CITY,UT,Vacant Land,640.0,3
Custer,COFFEE-NEFSY,COFFEE NEFSY LIMITED PARTNERSHIP,MAIL TO:  COFFEE CAREN,PO BOX 575,,MILES CITY,MT,Vacant Land,640.0,7
Custer,FARMLAND RESERVE INC,FARMLAND RESERVE INC,PO BOX 3688,,,SALT LAKE CITY,UT,Vacant Land,632.36,3
Custer,COFFEE-NEFSY,COFFEE NEFSY LIMITED PARTNERSHIP,MAIL TO:  COFFEE CAREN,PO BOX 575,,MILES CITY,MT,Vacant Land,120.0,7
Custer,COFFEE-NEFSY,COFFEE NEFSY LIMITED PARTNERSHIP,MAIL TO:  COFFEE CAREN,PO BOX 575,,MILES CITY,MT,Vacant Land,644.32,7
Custer,COFFEE-NEFSY,COFFEE NEFSY LIMITED PARTNERSHIP,MAIL TO:  COFFEE CAREN,PO BOX 575,,MILES CITY,MT,Vacant Land,640.0,7
Custer,FARMLAND RESERVE INC,FARMLAND RESERVE INC,PO BOX 3688,,,SALT LAKE CITY,UT,Vacant Land,640.52,3
Custer,COFFEE-NEFSY,COFFEE RANCH LLC,MAIL TO:  COFFEE CAREN,PO BOX 575,,MILES CITY,MT,Vacant Land,640.0,7
Custer,COFFEE-NEFSY,COFFEE RANCH LLC,MAIL TO:  COFFEE CAREN,PO BOX 575,,MILES CITY,MT,Vacant Land,646.2,7
Custer,COFFEE-NEFSY,COFFEE RANCH LLC,MAIL TO:  COFFEE CAREN,PO BOX 575,,MILES CITY,MT,Vacant Land,640.0,7
Custer,COFFEE-NEFSY,COFFEE RANCH LLC,MAIL TO:  COFFEE CAREN,PO BOX 575,,MILES CITY,MT,Vacant Land,640.0,7
Custer,COFFEE-NEFSY,COFFEE RANCH LLC,MAIL TO:  COFFEE CAREN,PO BOX 575,,MILES CITY,MT,Vacant Land,40.0,7
Custer,COFFEE-NEFSY,COFFEE RANCH LLC,MAIL TO:  COFFEE CAREN,PO BOX 575,,MILES CITY,MT,Vacant Land,46.87,7
Custer,COFFEE-NEFSY,COFFEE RANCH LLC,MAIL TO:  COFFEE CAREN,PO BOX 575,,MILES CITY,MT,Vacant Land,628.23,7
Custer,COFFEE-NEFSY,COFFEE RANCH LLC,MAIL TO:  COFFEE CAREN,PO BOX 575,,MILES CITY,MT,Vacant Land,653.33,7
Custer,COFFEE-NEFSY,COFFEE RANCH LLC,MAIL TO:  COFFEE CAREN,PO BOX 575,,MILES CITY,MT,Vacant Land,668.4,7
Custer,COFFEE-NEFSY,COFFEE RANCH LLC,MAIL TO:  COFFEE CAREN,PO BOX 575,,MILES CITY,MT,Vacant Land,339.41,7
Custer,COFFEE-NEFSY,COFFEE RANCH LLC,MAIL TO:  COFFEE CAREN,PO BOX 575,,MILES CITY,MT,Vacant Land,641.2,7
Custer,COFFEE-NEFSY,COFFEE NEFSY LIMITED PARTNERSHIP,MAIL TO:  COFFEE CAREN,PO BOX 575,,MILES CITY,MT,Vacant Land,320.0,7
Custer,COFFEE-NEFSY,COFFEE NEFSY LIMITED PARTNERSHIP,MAIL TO:  COFFEE CAREN,PO BOX 575,,MILES CITY,MT,Vacant Land,640.0,7
Custer,COFFEE-NEFSY,COFFEE NEFSY LIMITED PARTNERSHIP,MAIL TO:  COFFEE CAREN,PO BOX 575,,MILES CITY,MT,Vacant Land,103.6,7
Custer,COFFEE-NEFSY,COFFEE NEFSY LIMITED PARTNERSHIP,MAIL TO:  COFFEE CAREN,PO BOX 575,,MILES CITY,MT,Vacant Land,640.0,7
Custer,COFFEE-NEFSY,COFFEE NEFSY LIMITED PARTNERSHIP,MAIL TO:  COFFEE CAREN,PO BOX 575,,MILES CITY,MT,Vacant Land,640.0,7
Custer,COFFEE-NEFSY,COFFEE NEFSY LIMITED PARTNERSHIP,MAIL TO:  COFFEE CAREN,PO BOX 575,,MILES CITY,MT,Vacant Land,656.7,7
Custer,COFFEE-NEFSY,COFFEE RANCH LLC,MAIL TO:  COFFEE CAREN,PO BOX 575,,MILES CITY,MT,Vacant Land,640.0,7
Custer,COFFEE-NEFSY,COFFEE RANCH LLC,MAIL TO:  COFFEE CAREN,PO BOX 575,,MILES CITY,MT,Vacant Land,640.0,7
Custer,COFFEE-NEFSY,COFFEE NEFSY LIMITED PARTNERSHIP,MAIL TO:  COFFEE CAREN,PO BOX 575,,MILES CITY,MT,Improved Property,640.0,7
Custer,COFFEE-NEFSY,COFFEE NEFSY LIMITED PARTNERSHIP,MAIL TO:  COFFEE CAREN,PO BOX 575,,MILES CITY,MT,Vacant Land,640.0,7
Custer,COFFEE-NEFSY,COFFEE NEFSY LIMITED PARTNERSHIP,MAIL TO:  COFFEE CAREN,PO BOX 575,,MILES CITY,MT,Vacant Land,640.0,7
Custer,FARMLAND RESERVE INC,FARMLAND RESERVE INC,PO BOX 3688,,,SALT LAKE CITY,UT,Vacant Land,640.72,3
Custer,COFFEE-NEFSY,COFFEE RANCH LLC,MAIL TO:  COFFEE CAREN,PO BOX 575,,MILES CITY,MT,Vacant Land,640.0,7
Custer,COFFEE-NEFSY,COFFEE RANCH LLC,MAIL TO:  COFFEE CAREN,PO BOX 575,,MILES CITY,MT,Vacant Land,640.0,7
Custer,COFFEE-NEFSY,COFFEE RANCH LLC,MAIL TO:  COFFEE CAREN,PO BOX 575,,MILES CITY,MT,Vacant Land,657.88,7
Custer,COFFEE-NEFSY,COFFEE RANCH LLC,MAIL TO:  COFFEE CAREN,PO BOX 575,,MILES CITY,MT,Vacant Land,640.0,7
Custer,FARMLAND RESERVE INC,FARMLAND RESERVE INC,PO BOX 3688,,,SALT LAKE CITY,UT,Vacant Land,320.0,3
Custer,FARMLAND RESERVE INC,FARMLAND RESERVE INC,PO BOX 3688,,,SALT LAKE CITY,UT,Vacant Land,160.0,3
Custer,COFFEE-NEFSY,COFFEE NEFSY LIMITED PARTNERSHIP,MAIL TO:  COFFEE CAREN,PO BOX 575,,MILES CITY,MT,Vacant Land,33.92,7
Custer,COFFEE-NEFSY,COFFEE RANCH LLC,MAIL TO:  COFFEE CAREN,PO BOX 575,,MILES CITY,MT,Vacant Land,640.56,7
Custer,COFFEE-NEFSY,COFFEE RANCH LLC,MAIL TO:  COFFEE CAREN,PO BOX 575,,MILES CITY,MT,Vacant Land,321.0,7
Custer,COFFEE-NEFSY,COFFEE RANCH LLC,MAIL TO:  COFFEE CAREN,PO BOX 575,,MILES CITY,MT,Vacant Land,40.0,7
Custer,FARMLAND RESERVE INC,FARMLAND RESERVE INC,PO BOX 3688,,,SALT LAKE CITY,UT,Vacant Land,640.0,3
Custer,FARMLAND RESERVE INC,FARMLAND RESERVE INC,PO BOX 3688,,,SALT LAKE CITY,UT,Improved Property,40.0,3
Custer,FARMLAND RESERVE INC,FARMLAND RESERVE INC,PO BOX 3688,,,SALT LAKE CITY,UT,Vacant Land,320.0,3
Custer,COFFEE-NEFSY,COFFEE NEFSY LIMITED PARTNERSHIP,MAIL TO:  COFFEE CAREN,PO BOX 575,,MILES CITY,MT,Vacant Land,138.108,7
Custer,FARMLAND RESERVE INC,FARMLAND RESERVE INC,PO BOX 3688,,,SALT LAKE CITY,UT,Improved Property,40.0,3
Custer,COFFEE-NEFSY,COFFEE NEFSY LIMITED PARTNERSHIP,MAIL TO:  COFFEE CAREN,PO BOX 575,,MILES CITY,MT,Vacant Land,655.66,7
Custer,FARMLAND RESERVE INC,FARMLAND RESERVE INC,PO BOX 3688,,,SALT LAKE CITY,UT,Vacant Land,120.0,3
Phillips,NATURE CONSERVANCY,THE NATURE CONSERVANCY,32 S EWING ST,,,HELENA,MT,Vacant Land,40.0,8
Phillips,NATURE CONSERVANCY,THE NATURE CONSERVANCY,32 S EWING ST,,,HELENA,MT,Vacant Land,640.0,8
Phillips,NATURE CONSERVANCY,THE NATURE CONSERVANCY,32 S EWING ST,,,HELENA,MT,Vacant Land,640.0,8
Phillips,NATURE CONSERVANCY,THE NATURE CONSERVANCY,32 S EWING ST,,,HELENA,MT,Vacant Land,640.0,8
Phillips,NATURE CONSERVANCY,THE NATURE CONSERVANCY,32 S EWING ST,,,HELENA,MT,Vacant Land,320.0,8
Phillips,AMERICAN PRAIRIE,AMERICAN PRAIRIE FOUNDATION,PO BOX 908,,,BOZEMAN,MT,Vacant Land,320.0,9
Phillips,NATURE CONSERVANCY,THE NATURE CONSERVANCY,32 S EWING ST,,,HELENA,MT,Vacant Land,640.0,8
Phillips,NATURE CONSERVANCY,THE NATURE CONSERVANCY,32 S EWING ST,,,HELENA,MT,Improved Property,640.0,8
Phillips,NATURE CONSERVANCY,THE NATURE CONSERVANCY,32 S EWING ST,,,HELENA,MT,Vacant Land,253.51,8
Phillips,AMERICAN PRAIRIE,AMERICAN PRAIRIE FOUNDATION,PO BOX 908,,,BOZEMAN,MT,Vacant Land,194.05,9
Phillips,AMERICAN PRAIRIE,AMERICAN PRAIRIE FOUNDATION,PO BOX 908,,,BOZEMAN,MT,Vacant Land,400.0,9
Phillips,NATURE CONSERVANCY,THE NATURE CONSERVANCY,32 S EWING ST,,,HELENA,MT,Vacant Land,320.0,8
Phillips,NATURE CONSERVANCY,THE NATURE CONSERVANCY,32 S EWING ST,,,HELENA,MT,Vacant Land,40.0,8
Phillips,NATURE CONSERVANCY,THE NATURE CONSERVANCY,32 S EWING ST,,,HELENA,MT,Vacant Land,240.0,8
Phillips,NATURE CONSERVANCY,THE NATURE CONSERVANCY,32 S EWING ST,,,HELENA,MT,Vacant Land,320.0,8
Phillips,NATURE CONSERVANCY,THE NATURE CONSERVANCY,32 S EWING ST,,,HELENA,MT,Improved Property,320.0,8
Phillips,AMERICAN PRAIRIE,AMERICAN PRAIRIE FOUNDATION,PO BOX 908,,,BOZEMAN,MT,Vacant Land,80.0,9
Phillips,AMERICAN PRAIRIE,AMERICAN PRAIRIE FOUNDATION,PO BOX 908,,,BOZEMAN,MT,Vacant Land,80.0,9
Phillips,AMERICAN PRAIRIE,AMERICAN PRAIRIE FOUNDATION,PO BOX 908,,,BOZEMAN,MT,Vacant Land,159.7,9
Phillips,AMERICAN PRAIRIE,AMERICAN PRAIRIE FOUNDATION,PO BOX 908,,,BOZEMAN,MT,Vacant Land,475.32,9
Phillips,NATURE CONSERVANCY,THE NATURE CONSERVANCY,32 S EWING ST,,,HELENA,MT,Vacant Land,502.78,8
Phillips,AMERICAN PRAIRIE,AMERICAN PRAIRIE FOUNDATION,PO BOX 908,,,BOZEMAN,MT,Vacant Land,507.76,9
Phillips,NATURE CONSERVANCY,THE NATURE CONSERVANCY,32 S EWING ST,,,HELENA,MT,Vacant Land,694.2,8
Phillips,NATURE CONSERVANCY,THE NATURE CONSERVANCY,32 S EWING ST,,,HELENA,MT,Vacant Land,113.08,8
Phillips,NATURE CONSERVANCY,THE NATURE CONSERVANCY,32 S EWING ST,,,HELENA,MT,Vacant Land,543.52,8
Phillips,NATURE CONSERVANCY,THE NATURE CONSERVANCY,32 S EWING ST,,,HELENA,MT,Vacant Land,120.38,8
Phillips,AMERICAN PRAIRIE,AMERICAN PRAIRIE FOUNDATION,PO BOX 908,,,BOZEMAN,MT,Vacant Land,240.0,9
Phillips,AMERICAN PRAIRIE,AMERICAN PRAIRIE FOUNDATION,PO BOX 908,,,BOZEMAN,MT,Vacant Land,240.0,9
Phillips,AMERICAN PRAIRIE,AMERICAN PRAIRIE FOUNDATION,PO BOX 908,,,BOZEMAN,MT,Vacant Land,640.0,9
Phillips,AMERICAN PRAIRIE,AMERICAN PRAIRIE FOUNDATION,PO BOX 908,,,BOZEMAN,MT,Vacant Land,640.0,9
Phillips,AMERICAN PRAIRIE,AMERICAN PRAIRIE FOUNDATION,PO BOX 908,,,BOZEMAN,MT,Vacant Land,515.17,9
Phillips,AMERICAN PRAIRIE,AMERICAN PRAIRIE FOUNDATION,PO BOX 908,,,BOZEMAN,MT,Improved Property,640.0,9
Phillips,AMERICAN PRAIRIE,AMERICAN PRAIRIE FOUNDATION,PO BOX 908,,,BOZEMAN,MT,Vacant Land,200.0,9
Phillips,NATURE CONSERVANCY,THE NATURE CONSERVANCY,32 S EWING ST,,,HELENA,MT,Vacant Land,640.0,8
Phillips,NATURE CONSERVANCY,THE NATURE CONSERVANCY,32 S EWING ST,,,HELENA,MT,Vacant Land,387.8,8
Phillips,NATURE CONSERVANCY,THE NATURE CONSERVANCY,32 S EWING ST,,,HELENA,MT,Vacant Land,640.0,8
Phillips,NATURE CONSERVANCY,THE NATURE CONSERVANCY,32 S EWING ST,,,HELENA,MT,Vacant Land,480.44,8
Phillips,NATURE CONSERVANCY,THE NATURE CONSERVANCY,32 S EWING ST,,,HELENA,MT,Vacant Land,240.0,8
Phillips,NATURE CONSERVANCY,THE NATURE CONSERVANCY,32 S EWING ST,,,HELENA,MT,Vacant Land,393.76,8
Phillips,AMERICAN PRAIRIE,AMERICAN PRAIRIE FOUNDATION,PO BOX 908,,,BOZEMAN,MT,Improved Property,560.0,9
Phillips,AMERICAN PRAIRIE,AMERICAN PRAIRIE FOUNDATION,PO BOX 908,,,BOZEMAN,MT,Vacant Land,479.74,9
Phillips,AMERICAN PRAIRIE,AMERICAN PRAIRIE FOUNDATION,PO BOX 908,,,BOZEMAN,MT,Vacant Land,159.54,9
Phillips,AMERICAN PRAIRIE,AMERICAN PRAIRIE FOUNDATION,PO BOX 908,,,BOZEMAN,MT,Vacant Land,560.0,9
Phillips,AMERICAN PRAIRIE,AMERICAN PRAIRIE FOUNDATION,PO BOX 908,,,BOZEMAN,MT,Vacant Land,80.0,9
Phillips,NATURE CONSERVANCY,THE NATURE CONSERVANCY,32 S EWING ST,,,HELENA,MT,Vacant Land,40.0,8
Phillips,AMERICAN PRAIRIE,AMERICAN PRAIRIE FOUNDATION,PO BOX 908,,,BOZEMAN,MT,Vacant Land,400.0,9
Phillips,NATURE CONSERVANCY,THE NATURE CONSERVANCY,32 S EWING ST,,,HELENA,MT,Vacant Land,40.0,8
Phillips,NATURE CONSERVANCY,THE NATURE CONSERVANCY,32 S EWING ST,,,HELENA,MT,Vacant Land,200.0,8
Phillips,AMERICAN PRAIRIE,AMERICAN PRAIRIE FOUNDATION,PO BOX 908,,,BOZEMAN,MT,Vacant Land,240.0,9
Phillips,NATURE CONSERVANCY,THE NATURE CONSERVANCY,32 S EWING ST,,,HELENA,MT,Vacant Land,400.0,8
Phillips,NATURE CONSERVANCY,THE NATURE CONSERVANCY,32 S EWING ST,,,HELENA,MT,Vacant Land,40.0,8
Phillips,AMERICAN PRAIRIE,AMERICAN PRAIRIE FOUNDATION,PO BOX 908,,,BOZEMAN,MT,Vacant Land,279.91,9
Phillips,AMERICAN PRAIRIE,AMERICAN PRAIRIE FOUNDATION,PO BOX 908,,,BOZEMAN,MT,Vacant Land,211.72,9
Phillips,AMERICAN PRAIRIE,AMERICAN PRAIRIE FOUNDATION,PO BOX 908,,,BOZEMAN,MT,Vacant Land,400.0,9
Phillips,AMERICAN PRAIRIE,AMERICAN PRAIRIE FOUNDATION,PO BOX 908,,,BOZEMAN,MT,Vacant Land,311.88,9
Phillips,AMERICAN PRAIRIE,AMERICAN PRAIRIE FOUNDATION,PO BOX 908,,,BOZEMAN,MT,Improved Property,320.0,9
Phillips,AMERICAN PRAIRIE,AMERICAN PRAIRIE FOUNDATION,PO BOX 908,,,BOZEMAN,MT,Vacant Land,602.48,9
Phillips,AMERICAN PRAIRIE,AMERICAN PRAIRIE FOUNDATION,PO BOX 908,,,BOZEMAN,MT,Vacant Land,160.0,9
Phillips,AMERICAN PRAIRIE,AMERICAN PRAIRIE FOUNDATION,PO BOX 908,,,BOZEMAN,MT,Vacant Land,120.0,9
Phillips,AMERICAN PRAIRIE,AMERICAN PRAIRIE FOUNDATION,PO BOX 908,,,BOZEMAN,MT,Vacant Land,160.0,9
Phillips,AMERICAN PRAIRIE,AMERICAN PRAIRIE FOUNDATION,PO BOX 908,,,BOZEMAN,MT,Vacant Land,440.0,9
Phillips,AMERICAN PRAIRIE,AMERICAN PRAIRIE FOUNDATION,PO BOX 908,,,BOZEMAN,MT,Vacant Land,80.0,9
Phillips,AMERICAN PRAIRIE,AMERICAN PRAIRIE FOUNDATION,PO BOX 908,,,BOZEMAN,MT,Vacant Land,40.0,9
Phillips,AMERICAN PRAIRIE,AMERICAN PRAIRIE FOUNDATION,PO BOX 908,,,BOZEMAN,MT,Vacant Land,320.0,9
Phillips,NATURE CONSERVANCY,THE NATURE CONSERVANCY,32 S EWING ST,,,HELENA,MT,Vacant Land,306.66,8
Phillips,AMERICAN PRAIRIE,AMERICAN PRAIRIE FOUNDATION,PO BOX 908,,,BOZEMAN,MT,Vacant Land,80.28,9
Phillips,AMERICAN PRAIRIE,AMERICAN PRAIRIE FOUNDATION,PO BOX 908,,,BOZEMAN,MT,Vacant Land,79.94,9
Phillips,AMERICAN PRAIRIE,AMERICAN PRAIRIE FOUNDATION,PO BOX 908,,,BOZEMAN,MT,Vacant Land,556.54,9
Phillips,AMERICAN PRAIRIE,AMERICAN PRAIRIE FOUNDATION,PO BOX 908,,,BOZEMAN,MT,Vacant Land,320.0,9
Phillips,NATURE CONSERVANCY,THE NATURE CONSERVANCY,32 S EWING ST,,,HELENA,MT,Vacant Land,160.0,8
Phillips,AMERICAN PRAIRIE,AMERICAN PRAIRIE FOUNDATION,PO BOX 908,,,BOZEMAN,MT,Vacant Land,80.0,9
Phillips,AMERICAN PRAIRIE,AMERICAN PRAIRIE FOUNDATION,PO BOX 908,,,BOZEMAN,MT,Vacant Land,320.0,9
Phillips,AMERICAN PRAIRIE,AMERICAN PRAIRIE FOUNDATION,PO BOX 908,,,BOZEMAN,MT,Vacant Land,80.0,9
Phillips,AMERICAN PRAIRIE,AMERICAN PRAIRIE FOUNDATION,PO BOX 908,,,BOZEMAN,MT,Vacant Land,80.0,9
Phillips,AMERICAN PRAIRIE,AMERICAN PRAIRIE FOUNDATION,PO BOX 908,,,BOZEMAN,MT,Vacant Land,320.0,9
Phillips,AMERICAN PRAIRIE,AMERICAN PRAIRIE FOUNDATION,PO BOX 908,,,BOZEMAN,MT,Vacant Land,40.0,9
Phillips,NATURE CONSERVANCY,THE NATURE CONSERVANCY,32 S EWING ST,,,HELENA,MT,Vacant Land,40.0,8
Phillips,NATURE CONSERVANCY,THE NATURE CONSERVANCY,32 S EWING ST,,,HELENA,MT,Vacant Land,3.17,8
Phillips,AMERICAN PRAIRIE,AMERICAN PRAIRIE FOUNDATION,PO BOX 908,,,BOZEMAN,MT,Vacant Land,120.0,9
Phillips,AMERICAN PRAIRIE,AMERICAN PRAIRIE FOUNDATION,PO BOX 908,,,BOZEMAN,MT,Vacant Land,355.8,9
Phillips,NATURE CONSERVANCY,THE NATURE CONSERVANCY,32 S EWING ST,,,HELENA,MT,Vacant Land,320.0,8
Phillips,NATURE CONSERVANCY,THE NATURE CONSERVANCY,32 S EWING ST,,,HELENA,MT,Vacant Land,320.0,8
Phillips,AMERICAN PRAIRIE,AMERICAN PRAIRIE FOUNDATION,PO BOX 908,,,BOZEMAN,MT,Vacant Land,160.0,9
Phillips,AMERICAN PRAIRIE,AMERICAN PRAIRIE FOUNDATION,PO BOX 908,,,BOZEMAN,MT,Vacant Land,560.0,9
Phillips,AMERICAN PRAIRIE,AMERICAN PRAIRIE FOUNDATION,PO BOX 908,,,BOZEMAN,MT,Vacant Land,594.03,9
Phillips,AMERICAN PRAIRIE,AMERICAN PRAIRIE FOUNDATION,PO BOX 908,,,BOZEMAN,MT,Vacant Land,560.0,9
Phillips,AMERICAN PRAIRIE,AMERICAN PRAIRIE FOUNDATION,PO BOX 908,,,BOZEMAN,MT,Vacant Land,640.0,9
Phillips,AMERICAN PRAIRIE,AMERICAN PRAIRIE FOUNDATION,PO BOX 908,,,BOZEMAN,MT,Vacant Land,320.0,9
Phillips,AMERICAN PRAIRIE,AMERICAN PRAIRIE FOUNDATION,PO BOX 908,,,BOZEMAN,MT,Vacant Land,80.0,9
Phillips,AMERICAN PRAIRIE,AMERICAN PRAIRIE FOUNDATION,PO BOX 908,,,BOZEMAN,MT,Vacant Land,155.3,9
Phillips,AMERICAN PRAIRIE,AMERICAN PRAIRIE FOUNDATION,PO BOX 908,,,BOZEMAN,MT,Improved Property,640.0,9
Phillips,AMERICAN PRAIRIE,AMERICAN PRAIRIE FOUNDATION,PO BOX 908,,,BOZEMAN,MT,Vacant Land,560.0,9
Phillips,AMERICAN PRAIRIE,AMERICAN PRAIRIE FOUNDATION,PO BOX 908,,,BOZEMAN,MT,Vacant Land,320.0,9
Phillips,AMERICAN PRAIRIE,AMERICAN PRAIRIE FOUNDATION,PO BOX 908,,,BOZEMAN,MT,Improved Property,261.51,9
Phillips,AMERICAN PRAIRIE,AMERICAN PRAIRIE FOUNDATION,PO BOX 908,,,BOZEMAN,MT,Vacant Land,160.0,9
Phillips,AMERICAN PRAIRIE,AMERICAN PRAIRIE FOUNDATION,PO BOX 908,,,BOZEMAN,MT,Vacant Land,160.0,9
Phillips,NATURE CONSERVANCY,THE NATURE CONSERVANCY,32 S EWING ST,,,HELENA,MT,Vacant Land,390.68,8
Phillips,NATURE CONSERVANCY,THE NATURE CONSERVANCY,32 S EWING ST,,,HELENA,MT,Vacant Land,640.0,8
Phillips,NATURE CONSERVANCY,THE NATURE CONSERVANCY,32 S EWING ST,,,HELENA,MT,Vacant Land,80.0,8
Phillips,AMERICAN PRAIRIE,AMERICAN PRAIRIE FOUNDATION,PO BOX 908,,,BOZEMAN,MT,Vacant Land,273.2,9
Phillips,AMERICAN PRAIRIE,AMERICAN PRAIRIE FOUNDATION,PO BOX 908,,,BOZEMAN,MT,Vacant Land,160.0,9
Phillips,AMERICAN PRAIRIE,AMERICAN PRAIRIE FOUNDATION,PO BOX 908,,,BOZEMAN,MT,Vacant Land,200.0,9
Phillips,AMERICAN PRAIRIE,AMERICAN PRAIRIE FOUNDATION,PO BOX 908,,,BOZEMAN,MT,Vacant Land,80.0,9
Phillips,AMERICAN PRAIRIE,AMERICAN PRAIRIE FOUNDATION,PO BOX 908,,,BOZEMAN,MT,Vacant Land,315.03,9
Phillips,AMERICAN PRAIRIE,AMERICAN PRAIRIE FOUNDATION,PO BOX 908,,,BOZEMAN,MT,Vacant Land,40.0,9
Phillips,AMERICAN PRAIRIE,AMERICAN PRAIRIE FOUNDATION,PO BOX 908,,,BOZEMAN,MT,Vacant Land,640.0,9
Phillips,AMERICAN PRAIRIE,AMERICAN PRAIRIE FOUNDATION,PO BOX 908,,,BOZEMAN,MT,Vacant Land,400.0,9
Phillips,AMERICAN PRAIRIE,AMERICAN PRAIRIE FOUNDATION,PO BOX 908,,,BOZEMAN,MT,Vacant Land,280.0,9
Phillips,AMERICAN PRAIRIE,AMERICAN PRAIRIE FOUNDATION,PO BOX 908,,,BOZEMAN,MT,Vacant Land,516.93,9
Phillips,AMERICAN PRAIRIE,AMERICAN PRAIRIE FOUNDATION,PO BOX 908,,,BOZEMAN,MT,Vacant Land,531.95,9
Phillips,AMERICAN PRAIRIE,AMERICAN PRAIRIE FOUNDATION,PO BOX 908,,,BOZEMAN,MT,Vacant Land,154.81,9
Phillips,AMERICAN PRAIRIE,AMERICAN PRAIRIE FOUNDATION,PO BOX 908,,,BOZEMAN,MT,Vacant Land,160.0,9
Phillips,AMERICAN PRAIRIE,AMERICAN PRAIRIE FOUNDATION,PO BOX 908,,,BOZEMAN,MT,Vacant Land,160.0,9
Phillips,NATURE CONSERVANCY,THE NATURE CONSERVANCY,32 S EWING ST,,,HELENA,MT,Vacant Land,632.4,8
Phillips,NATURE CONSERVANCY,THE NATURE CONSERVANCY,32 S EWING ST,,,HELENA,MT,Vacant Land,640.0,8
Phillips,NATURE CONSERVANCY,THE NATURE CONSERVANCY,32 S EWING ST,,,HELENA,MT,Vacant Land,520.0,8
Phillips,NATURE CONSERVANCY,THE NATURE CONSERVANCY,32 S EWING ST,,,HELENA,MT,Vacant Land,120.0,8
Phillips,NATURE CONSERVANCY,THE NATURE CONSERVANCY,32 S EWING ST,,,HELENA,MT,Vacant Land,39.06,8
Phillips,AMERICAN PRAIRIE,AMERICAN PRAIRIE FOUNDATION,PO BOX 908,,,BOZEMAN,MT,Vacant Land,120.0,9
Phillips,AMERICAN PRAIRIE,AMERICAN PRAIRIE FOUNDATION,PO BOX 908,,,BOZEMAN,MT,Vacant Land,502.12,9
Phillips,AMERICAN PRAIRIE,AMERICAN PRAIRIE FOUNDATION,PO BOX 908,,,BOZEMAN,MT,Vacant Land,320.0,9
Phillips,AMERICAN PRAIRIE,AMERICAN PRAIRIE FOUNDATION,PO BOX 908,,,BOZEMAN,MT,Vacant Land,160.0,9
Phillips,AMERICAN PRAIRIE,AMERICAN PRAIRIE FOUNDATION,PO BOX 908,,,BOZEMAN,MT,Vacant Land,480.0,9
Phillips,AMERICAN PRAIRIE,AMERICAN PRAIRIE FOUNDATION,PO BOX 908,,,BOZEMAN,MT,Vacant Land,638.0,9
Phillips,AMERICAN PRAIRIE,AMERICAN PRAIRIE FOUNDATION,PO BOX 908,,,BOZEMAN,MT,Vacant Land,315.96,9
Phillips,NATURE CONSERVANCY,THE NATURE CONSERVANCY,32 S EWING ST,,,HELENA,MT,Vacant Land,200.0,8
Phillips,NATURE CONSERVANCY,THE NATURE CONSERVANCY,32 S EWING ST,,,HELENA,MT,Vacant Land,520.0,8
Phillips,NATURE CONSERVANCY,THE NATURE CONSERVANCY,32 S EWING ST,,,HELENA,MT,Vacant Land,320.0,8
Phillips,NATURE CONSERVANCY,THE NATURE CONSERVANCY,32 S EWING ST,,,HELENA,MT,Vacant Land,320.0,8
Phillips,AMERICAN PRAIRIE,AMERICAN PRAIRIE FOUNDATION,PO BOX 908,,,BOZEMAN,MT,Vacant Land,160.0,9
Phillips,AMERICAN PRAIRIE,AMERICAN PRAIRIE FOUNDATION,PO BOX 908,,,BOZEMAN,MT,Vacant Land,266.97,9
Phillips,AMERICAN PRAIRIE,AMERICAN PRAIRIE FOUNDATION,PO BOX 908,,,BOZEMAN,MT,Improved Property,440.0,9
Phillips,AMERICAN PRAIRIE,AMERICAN PRAIRIE FOUNDATION,PO BOX 908,,,BOZEMAN,MT,Vacant Land,600.0,9
Phillips,AMERICAN PRAIRIE,AMERICAN PRAIRIE FOUNDATION,PO BOX 908,,,BOZEMAN,MT,Vacant Land,120.0,9
Phillips,AMERICAN PRAIRIE,AMERICAN PRAIRIE FOUNDATION,PO BOX 908,,,BOZEMAN,MT,Vacant Land,199.93,9
Phillips,AMERICAN PRAIRIE,AMERICAN PRAIRIE FOUNDATION,PO BOX 908,,,BOZEMAN,MT,Vacant Land,440.0,9
Phillips,AMERICAN PRAIRIE,AMERICAN PRAIRIE FOUNDATION,PO BOX 908,,,BOZEMAN,MT,Vacant Land,40.0,9
Phillips,AMERICAN PRAIRIE,AMERICAN PRAIRIE FOUNDATION,PO BOX 908,,,BOZEMAN,MT,Vacant Land,80.0,9
Phillips,AMERICAN PRAIRIE,AMERICAN PRAIRIE FOUNDATION,PO BOX 908,,,BOZEMAN,MT,Improved Property,560.0,9
Phillips,AMERICAN PRAIRIE,AMERICAN PRAIRIE FOUNDATION,PO BOX 908,,,BOZEMAN,MT,Vacant Land,320.0,9
Phillips,AMERICAN PRAIRIE,AMERICAN PRAIRIE FOUNDATION,PO BOX 908,,,BOZEMAN,MT,Vacant Land,320.0,9
Phillips,AMERICAN PRAIRIE,AMERICAN PRAIRIE FOUNDATION,PO BOX 908,,,BOZEMAN,MT,Vacant Land,320.0,9
Phillips,NATURE CONSERVANCY,THE NATURE CONSERVANCY,32 S EWING ST,,,HELENA,MT,Vacant Land,480.0,8
Phillips,AMERICAN PRAIRIE,AMERICAN PRAIRIE FOUNDATION,PO BOX 908,,,BOZEMAN,MT,Vacant Land,640.0,9
Phillips,AMERICAN PRAIRIE,AMERICAN PRAIRIE FOUNDATION,PO BOX 908,,,BOZEMAN,MT,Vacant Land,640.0,9
Phillips,AMERICAN PRAIRIE,AMERICAN PRAIRIE FOUNDATION,PO BOX 908,,,BOZEMAN,MT,Improved Property,480.0,9
Phillips,AMERICAN PRAIRIE,AMERICAN PRAIRIE FOUNDATION,PO BOX 908,,,BOZEMAN,MT,Vacant Land,346.02,9
Phillips,AMERICAN PRAIRIE,AMERICAN PRAIRIE FOUNDATION,PO BOX 908,,,BOZEMAN,MT,Vacant Land,311.6,9
Phillips,AMERICAN PRAIRIE,AMERICAN PRAIRIE FOUNDATION,PO BOX 908,,,BOZEMAN,MT,Vacant Land,120.0,9
Phillips,AMERICAN PRAIRIE,AMERICAN PRAIRIE FOUNDATION,PO BOX 908,,,BOZEMAN,MT,Vacant Land,80.0,9
Phillips,AMERICAN PRAIRIE,AMERICAN PRAIRIE FOUNDATION,PO BOX 908,,,BOZEMAN,MT,Improved Property,318.64,9
Phillips,AMERICAN PRAIRIE,AMERICAN PRAIRIE FOUNDATION,PO BOX 908,,,BOZEMAN,MT,Vacant Land,259.61,9
Phillips,AMERICAN PRAIRIE,AMERICAN PRAIRIE FOUNDATION,PO BOX 908,,,BOZEMAN,MT,Vacant Land,520.0,9
Phillips,NATURE CONSERVANCY,THE NATURE CONSERVANCY,32 S EWING ST,,,HELENA,MT,Vacant Land,430.75,8
Phillips,AMERICAN PRAIRIE,AMERICAN PRAIRIE FOUNDATION,PO BOX 908,,,BOZEMAN,MT,Vacant Land,160.0,9
Phillips,AMERICAN PRAIRIE,AMERICAN PRAIRIE FOUNDATION,PO BOX 908,,,BOZEMAN,MT,Vacant Land,268.06,9
Phillips,AMERICAN PRAIRIE,AMERICAN PRAIRIE FOUNDATION,PO BOX 908,,,BOZEMAN,MT,Vacant Land,40.0,9
Phillips,AMERICAN PRAIRIE,AMERICAN PRAIRIE FOUNDATION,PO BOX 908,,,BOZEMAN,MT,Vacant Land,40.0,9
Phillips,NATURE CONSERVANCY,THE NATURE CONSERVANCY,32 S EWING ST,,,HELENA,MT,Vacant Land,320.0,8
Phillips,NATURE CONSERVANCY,THE NATURE CONSERVANCY,32 S EWING ST,,,HELENA,MT,Vacant Land,318.4,8
Phillips,NATURE CONSERVANCY,THE NATURE CONSERVANCY,32 S EWING ST,,,HELENA,MT,Vacant Land,520.0,8
Phillips,AMERICAN PRAIRIE,AMERICAN PRAIRIE FOUNDATION,PO BOX 908,,,BOZEMAN,MT,Vacant Land,157.77,9
Phillips,AMERICAN PRAIRIE,AMERICAN PRAIRIE FOUNDATION,PO BOX 908,,,BOZEMAN,MT,Vacant Land,320.0,9
Phillips,AMERICAN PRAIRIE,AMERICAN PRAIRIE FOUNDATION,PO BOX 908,,,BOZEMAN,MT,Vacant Land,115.48,9
Phillips,AMERICAN PRAIRIE,AMERICAN PRAIRIE FOUNDATION,PO BOX 908,,,BOZEMAN,MT,Vacant Land,117.68,9
Phillips,AMERICAN PRAIRIE,AMERICAN PRAIRIE FOUNDATION,PO BOX 908,,,BOZEMAN,MT,Vacant Land,40.0,9
Phillips,AMERICAN PRAIRIE,AMERICAN PRAIRIE FOUNDATION,PO BOX 908,,,BOZEMAN,MT,Vacant Land,80.0,9
Phillips,AMERICAN PRAIRIE,AMERICAN PRAIRIE FOUNDATION,PO BOX 908,,,BOZEMAN,MT,Vacant Land,120.0,9
Phillips,NATURE CONSERVANCY,THE NATURE CONSERVANCY,32 S EWING ST,,,HELENA,MT,Vacant Land,80.0,8
Phillips,NATURE CONSERVANCY,THE NATURE CONSERVANCY,32 S EWING ST,,,HELENA,MT,Vacant Land,636.16,8
Phillips,AMERICAN PRAIRIE,AMERICAN PRAIRIE FOUNDATION,PO BOX 908,,,BOZEMAN,MT,Vacant Land,480.0,9
Phillips,AMERICAN PRAIRIE,AMERICAN PRAIRIE FOUNDATION,PO BOX 908,,,BOZEMAN,MT,Vacant Land,120.0,9
Phillips,AMERICAN PRAIRIE,AMERICAN PRAIRIE FOUNDATION,PO BOX 908,,,BOZEMAN,MT,Vacant Land,84.36,9
Phillips,AMERICAN PRAIRIE,AMERICAN PRAIRIE FOUNDATION,PO BOX 908,,,BOZEMAN,MT,Vacant Land,73.56,9
Phillips,AMERICAN PRAIRIE,AMERICAN PRAIRIE FOUNDATION,PO BOX 908,,,BOZEMAN,MT,Vacant Land,69.89,9
Phillips,AMERICAN PRAIRIE,AMERICAN PRAIRIE FOUNDATION,PO BOX 908,,,BOZEMAN,MT,Vacant Land,280.6,9
Phillips,AMERICAN PRAIRIE,AMERICAN PRAIRIE FOUNDATION,PO BOX 908,,,BOZEMAN,MT,Vacant Land,60.3,9
Phillips,AMERICAN PRAIRIE,AMERICAN PRAIRIE FOUNDATION,PO BOX 908,,,BOZEMAN,MT,Vacant Land,30.52,9
Phillips,AMERICAN PRAIRIE,AMERICAN PRAIRIE FOUNDATION,PO BOX 908,,,BOZEMAN,MT,Vacant Land,61.34,9
Phillips,AMERICAN PRAIRIE,AMERICAN PRAIRIE FOUNDATION,PO BOX 908,,,BOZEMAN,MT,Vacant Land,58.05,9
Phillips,AMERICAN PRAIRIE,AMERICAN PRAIRIE FOUNDATION,PO BOX 908,,,BOZEMAN,MT,Vacant Land,640.0,9
Phillips,NATURE CONSERVANCY,THE NATURE CONSERVANCY,32 S EWING ST,,,HELENA,MT,Vacant Land,211.4,8
Phillips,AMERICAN PRAIRIE,AMERICAN PRAIRIE FOUNDATION,PO BOX 908,,,BOZEMAN,MT,Vacant Land,320.0,9
Phillips,AMERICAN PRAIRIE,AMERICAN PRAIRIE FOUNDATION,PO BOX 908,,,BOZEMAN,MT,Vacant Land,560.0,9
Phillips,AMERICAN PRAIRIE,AMERICAN PRAIRIE FOUNDATION,PO BOX 908,,,BOZEMAN,MT,Vacant Land,440.0,9
Phillips,AMERICAN PRAIRIE,AMERICAN PRAIRIE FOUNDATION,PO BOX 908,,,BOZEMAN,MT,Vacant Land,320.0,9
Phillips,AMERICAN PRAIRIE,AMERICAN PRAIRIE FOUNDATION,PO BOX 908,,,BOZEMAN,MT,Vacant Land,42.995,9
Phillips,AMERICAN PRAIRIE,AMERICAN PRAIRIE FOUNDATION,PO BOX 908,,,BOZEMAN,MT,Mobile/RV Parks,160.0,9
Phillips,AMERICAN PRAIRIE,AMERICAN PRAIRIE FOUNDATION,PO BOX 908,,,BOZEMAN,MT,Vacant Land,637.72,9
Phillips,AMERICAN PRAIRIE,AMERICAN PRAIRIE FOUNDATION,PO BOX 908,,,BOZEMAN,MT,Vacant Land,205.77,9
Phillips,NATURE CONSERVANCY,THE NATURE CONSERVANCY,32 S EWING ST,,,HELENA,MT,Vacant Land,479.94,8
Phillips,NATURE CONSERVANCY,THE NATURE CONSERVANCY,32 S EWING ST,,,HELENA,MT,Improved Property,409.62,8
Phillips,NATURE CONSERVANCY,THE NATURE CONSERVANCY,32 S EWING ST,,,HELENA,MT,Vacant Land,480.0,8
Phillips,NATURE CONSERVANCY,THE NATURE CONSERVANCY,32 S EWING ST,,,HELENA,MT,Vacant Land,480.0,8
Phillips,NATURE CONSERVANCY,THE NATURE CONSERVANCY,32 S EWING ST,,,HELENA,MT,Vacant Land,56.88,8
Phillips,AMERICAN PRAIRIE,AMERICAN PRAIRIE FOUNDATION,PO BOX 908,,,BOZEMAN,MT,Vacant Land,240.0,9
Phillips,AMERICAN PRAIRIE,AMERICAN PRAIRIE FOUNDATION,PO BOX 908,,,BOZEMAN,MT,Vacant Land,160.0,9
Phillips,AMERICAN PRAIRIE,AMERICAN PRAIRIE FOUNDATION,PO BOX 908,,,BOZEMAN,MT,Vacant Land,480.0,9
Phillips,AMERICAN PRAIRIE,AMERICAN PRAIRIE FOUNDATION,PO BOX 908,,,BOZEMAN,MT,Vacant Land,80.0,9
Phillips,AMERICAN PRAIRIE,AMERICAN PRAIRIE FOUNDATION,PO BOX 908,,,BOZEMAN,MT,Vacant Land,392.6,9
Phillips,AMERICAN PRAIRIE,AMERICAN PRAIRIE FOUNDATION,PO BOX 908,,,BOZEMAN,MT,Vacant Land,320.0,9
Phillips,AMERICAN PRAIRIE,AMERICAN PRAIRIE FOUNDATION,PO BOX 908,,,BOZEMAN,MT,Vacant Land,80.0,9
Phillips,AMERICAN PRAIRIE,AMERICAN PRAIRIE FOUNDATION,PO BOX 908,,,BOZEMAN,MT,Vacant Land,39.431,9
Phillips,AMERICAN PRAIRIE,AMERICAN PRAIRIE FOUNDATION,PO BOX 908,,,BOZEMAN,MT,Vacant Land,360.0,9
Phillips,NATURE CONSERVANCY,THE NATURE CONSERVANCY,32 S EWING ST,,,HELENA,MT,Vacant Land,320.0,8
Phillips,AMERICAN PRAIRIE,AMERICAN PRAIRIE FOUNDATION,PO BOX 908,,,BOZEMAN,MT,Vacant Land,400.0,9
Phillips,AMERICAN PRAIRIE,AMERICAN PRAIRIE FOUNDATION,PO BOX 908,,,BOZEMAN,MT,Vacant Land,320.0,9
Phillips,AMERICAN PRAIRIE,AMERICAN PRAIRIE FOUNDATION,PO BOX 908,,,BOZEMAN,MT,Vacant Land,160.0,9
Phillips,AMERICAN PRAIRIE,AMERICAN PRAIRIE FOUNDATION,PO BOX 908,,,BOZEMAN,MT,Vacant Land,40.0,9
Phillips,AMERICAN PRAIRIE,AMERICAN PRAIRIE FOUNDATION,PO BOX 908,,,BOZEMAN,MT,Vacant Land,240.0,9
Phillips,AMERICAN PRAIRIE,AMERICAN PRAIRIE FOUNDATION,PO BOX 908,,,BOZEMAN,MT,Vacant Land,320.0,9
Phillips,NATURE CONSERVANCY,THE NATURE CONSERVANCY,32 S EWING ST,,,HELENA,MT,Vacant Land,80.0,8
Phillips,NATURE CONSERVANCY,THE NATURE CONSERVANCY,32 S EWING ST,,,HELENA,MT,Vacant Land,320.0,8
Phillips,AMERICAN PRAIRIE,AMERICAN PRAIRIE FOUNDATION,PO BOX 908,,,BOZEMAN,MT,Vacant Land,295.64,9
Phillips,AMERICAN PRAIRIE,AMERICAN PRAIRIE FOUNDATION,PO BOX 908,,,BOZEMAN,MT,Vacant Land,520.34,9
Phillips,AMERICAN PRAIRIE,AMERICAN PRAIRIE FOUNDATION,PO BOX 908,,,BOZEMAN,MT,Vacant Land,280.58,9
Phillips,AMERICAN PRAIRIE,AMERICAN PRAIRIE FOUNDATION,PO BOX 908,,,BOZEMAN,MT,Vacant Land,561.0,9
Phillips,NATURE CONSERVANCY,THE NATURE CONSERVANCY,32 S EWING ST,,,HELENA,MT,Vacant Land,600.0,8
Phillips,NATURE CONSERVANCY,THE NATURE CONSERVANCY,32 S EWING ST,,,HELENA,MT,Improved Property,640.0,8
Phillips,NATURE CONSERVANCY,THE NATURE CONSERVANCY,32 S EWING ST,,,HELENA,MT,Vacant Land,640.0,8
Phillips,NATURE CONSERVANCY,THE NATURE CONSERVANCY,32 S EWING ST,,,HELENA,MT,Vacant Land,634.32,8
Phillips,AMERICAN PRAIRIE,AMERICAN PRAIRIE FOUNDATION,PO BOX 908,,,BOZEMAN,MT,Improved Property,360.0,9
Phillips,AMERICAN PRAIRIE,AMERICAN PRAIRIE FOUNDATION,PO BOX 908,,,BOZEMAN,MT,Vacant Land,320.0,9
Phillips,AMERICAN PRAIRIE,AMERICAN PRAIRIE FOUNDATION,PO BOX 908,,,BOZEMAN,MT,Vacant Land,40.0,9
Phillips,AMERICAN PRAIRIE,AMERICAN PRAIRIE FOUNDATION,PO BOX 908,,,BOZEMAN,MT,Vacant Land,80.0,9
Phillips,NATURE CONSERVANCY,THE NATURE CONSERVANCY,32 S EWING ST,,,HELENA,MT,Vacant Land,338.72,8
Phillips,AMERICAN PRAIRIE,AMERICAN PRAIRIE FOUNDATION,PO BOX 908,,,BOZEMAN,MT,Vacant Land,604.36,9
Phillips,AMERICAN PRAIRIE,AMERICAN PRAIRIE FOUNDATION,PO BOX 908,,,BOZEMAN,MT,Vacant Land,261.43,9
Phillips,AMERICAN PRAIRIE,AMERICAN PRAIRIE FOUNDATION,PO BOX 908,,,BOZEMAN,MT,Vacant Land,240.0,9
Phillips,AMERICAN PRAIRIE,AMERICAN PRAIRIE FOUNDATION,PO BOX 908,,,BOZEMAN,MT,Vacant Land,436.48,9
Phillips,AMERICAN PRAIRIE,AMERICAN PRAIRIE FOUNDATION,PO BOX 908,,,BOZEMAN,MT,Vacant Land,320.0,9
Phillips,AMERICAN PRAIRIE,AMERICAN PRAIRIE FOUNDATION,PO BOX 908,,,BOZEMAN,MT,Vacant Land,80.0,9
Phillips,AMERICAN PRAIRIE,AMERICAN PRAIRIE FOUNDATION,PO BOX 908,,,BOZEMAN,MT,Vacant Land,40.0,9
Phillips,AMERICAN PRAIRIE,AMERICAN PRAIRIE FOUNDATION,PO BOX 908,,,BOZEMAN,MT,Vacant Land,160.0,9
Phillips,AMERICAN PRAIRIE,AMERICAN PRAIRIE FOUNDATION,PO BOX 908,,,BOZEMAN,MT,Vacant Land,40.0,9
Phillips,AMERICAN PRAIRIE,AMERICAN PRAIRIE FOUNDATION,PO BOX 908,,,BOZEMAN,MT,Vacant Land,438.33,9
Phillips,AMERICAN PRAIRIE,AMERICAN PRAIRIE FOUNDATION,PO BOX 908,,,BOZEMAN,MT,Vacant Land,200.0,9
Phillips,AMERICAN PRAIRIE,AMERICAN PRAIRIE FOUNDATION,PO BOX 908,,,BOZEMAN,MT,Vacant Land,560.0,9
Phillips,AMERICAN PRAIRIE,AMERICAN PRAIRIE FOUNDATION,PO BOX 908,,,BOZEMAN,MT,Vacant Land,160.0,9
Phillips,AMERICAN PRAIRIE,AMERICAN PRAIRIE FOUNDATION,PO BOX 908,,,BOZEMAN,MT,Vacant Land,640.0,9
Phillips,AMERICAN PRAIRIE,AMERICAN PRAIRIE FOUNDATION,PO BOX 908,,,BOZEMAN,MT,Vacant Land,480.0,9
Phillips,AMERICAN PRAIRIE,AMERICAN PRAIRIE FOUNDATION,PO BOX 908,,,BOZEMAN,MT,Vacant Land,160.0,9
Phillips,AMERICAN PRAIRIE,AMERICAN PRAIRIE FOUNDATION,PO BOX 908,,,BOZEMAN,MT,Vacant Land,320.0,9
Phillips,AMERICAN PRAIRIE,AMERICAN PRAIRIE FOUNDATION,PO BOX 908,,,BOZEMAN,MT,Vacant Land,154.76,9
Phillips,AMERICAN PRAIRIE,AMERICAN PRAIRIE FOUNDATION,PO BOX 908,,,BOZEMAN,MT,Vacant Land,237.73,9
Phillips,NATURE CONSERVANCY,THE NATURE CONSERVANCY,32 S EWING ST,,,HELENA,MT,Vacant Land,440.0,8
Phillips,NATURE CONSERVANCY,THE NATURE CONSERVANCY,32 S EWING ST,,,HELENA,MT,Improved Property,360.0,8
Phillips,NATURE CONSERVANCY,THE NATURE CONSERVANCY,32 S EWING ST,,,HELENA,MT,Vacant Land,472.07,8
Phillips,AMERICAN PRAIRIE,AMERICAN PRAIRIE FOUNDATION,PO BOX 908,,,BOZEMAN,MT,Vacant Land,160.0,9
Phillips,AMERICAN PRAIRIE,AMERICAN PRAIRIE FOUNDATION,PO BOX 908,,,BOZEMAN,MT,Vacant Land,40.0,9
Phillips,AMERICAN PRAIRIE,AMERICAN PRAIRIE FOUNDATION,PO BOX 908,,,BOZEMAN,MT,Vacant Land,40.0,9
Phillips,NATURE CONSERVANCY,THE NATURE CONSERVANCY,32 S EWING ST,,,HELENA,MT,Vacant Land,320.0,8
Phillips,NATURE CONSERVANCY,THE NATURE CONSERVANCY,32 S EWING ST,,,HELENA,MT,Vacant Land,447.31,8
Phillips,NATURE CONSERVANCY,THE NATURE CONSERVANCY,32 S EWING ST,,,HELENA,MT,Vacant Land,318.64,8
Phillips,NATURE CONSERVANCY,THE NATURE CONSERVANCY,32 S EWING ST,,,HELENA,MT,Vacant Land,640.0,8
Phillips,NATURE CONSERVANCY,THE NATURE CONSERVANCY,32 S EWING ST,,,HELENA,MT,Vacant Land,640.0,8
Phillips,NATURE CONSERVANCY,THE NATURE CONSERVANCY,32 S EWING ST,,,HELENA,MT,Vacant Land,127.76,8
Phillips,AMERICAN PRAIRIE,AMERICAN PRAIRIE FOUNDATION,PO BOX 908,,,BOZEMAN,MT,Vacant Land,156.36,9
Phillips,AMERICAN PRAIRIE,AMERICAN PRAIRIE FOUNDATION,PO BOX 908,,,BOZEMAN,MT,Vacant Land,319.41,9
Phillips,AMERICAN PRAIRIE,AMERICAN PRAIRIE FOUNDATION,PO BOX 908,,,BOZEMAN,MT,Vacant Land,158.79,9
Phillips,AMERICAN PRAIRIE,AMERICAN PRAIRIE FOUNDATION,PO BOX 908,,,BOZEMAN,MT,Vacant Land,73.37,9
Phillips,AMERICAN PRAIRIE,AMERICAN PRAIRIE FOUNDATION,PO BOX 908,,,BOZEMAN,MT,Vacant Land,40.53,9
Phillips,AMERICAN PRAIRIE,AMERICAN PRAIRIE FOUNDATION,PO BOX 908,,,BOZEMAN,MT,Vacant Land,40.0,9
Phillips,AMERICAN PRAIRIE,AMERICAN PRAIRIE FOUNDATION,PO BOX 908,,,BOZEMAN,MT,Vacant Land,40.0,9
Phillips,AMERICAN PRAIRIE,AMERICAN PRAIRIE FOUNDATION,PO BOX 908,,,BOZEMAN,MT,Vacant Land,160.0,9
Phillips,AMERICAN PRAIRIE,AMERICAN PRAIRIE FOUNDATION,PO BOX 908,,,BOZEMAN,MT,Improved Property,80.569,9
Phillips,AMERICAN PRAIRIE,AMERICAN PRAIRIE FOUNDATION,PO BOX 908,,,BOZEMAN,MT,Vacant Land,149.26,9
Phillips,AMERICAN PRAIRIE,AMERICAN PRAIRIE FOUNDATION,PO BOX 908,,,BOZEMAN,MT,Vacant Land,160.0,9
Phillips,AMERICAN PRAIRIE,AMERICAN PRAIRIE FOUNDATION,PO BOX 908,,,BOZEMAN,MT,Vacant Land,511.69,9
Phillips,AMERICAN PRAIRIE,AMERICAN PRAIRIE FOUNDATION,PO BOX 908,,,BOZEMAN,MT,Vacant Land,152.95,9
Phillips,AMERICAN PRAIRIE,AMERICAN PRAIRIE FOUNDATION,PO BOX 908,,,BOZEMAN,MT,Mobile/RV Parks,80.0,9
Phillips,AMERICAN PRAIRIE,AMERICAN PRAIRIE FOUNDATION,PO BOX 908,,,BOZEMAN,MT,Vacant Land,40.0,9
Phillips,AMERICAN PRAIRIE,AMERICAN PRAIRIE FOUNDATION,PO BOX 908,,,BOZEMAN,MT,Vacant Land,40.0,9
Phillips,AMERICAN PRAIRIE,AMERICAN PRAIRIE FOUNDATION,PO BOX 908,,,BOZEMAN,MT,Vacant Land,80.0,9
Phillips,AMERICAN PRAIRIE,AMERICAN PRAIRIE FOUNDATION,PO BOX 908,,,BOZEMAN,MT,Vacant Land,280.0,9
Phillips,AMERICAN PRAIRIE,AMERICAN PRAIRIE FOUNDATION,PO BOX 908,,,BOZEMAN,MT,Vacant Land,160.0,9
Phillips,AMERICAN PRAIRIE,AMERICAN PRAIRIE FOUNDATION,PO BOX 908,,,BOZEMAN,MT,Vacant Land,147.52,9
Phillips,AMERICAN PRAIRIE,AMERICAN PRAIRIE FOUNDATION,PO BOX 908,,,BOZEMAN,MT,Vacant Land,200.0,9
Phillips,AMERICAN PRAIRIE,AMERICAN PRAIRIE FOUNDATION,PO BOX 908,,,BOZEMAN,MT,Vacant Land,80.0,9
Phillips,AMERICAN PRAIRIE,AMERICAN PRAIRIE FOUNDATION,PO BOX 908,,,BOZEMAN,MT,Vacant Land,240.0,9
Phillips,AMERICAN PRAIRIE,AMERICAN PRAIRIE FOUNDATION,PO BOX 908,,,BOZEMAN,MT,Vacant Land,480.26,9
Phillips,AMERICAN PRAIRIE,AMERICAN PRAIRIE FOUNDATION,PO BOX 908,,,BOZEMAN,MT,Vacant Land,617.94,9
Phillips,AMERICAN PRAIRIE,AMERICAN PRAIRIE FOUNDATION,PO BOX 908,,,BOZEMAN,MT,Vacant Land,188.92,9
Phillips,AMERICAN PRAIRIE,AMERICAN PRAIRIE FOUNDATION,PO BOX 908,,,BOZEMAN,MT,Vacant Land,320.0,9
Phillips,AMERICAN PRAIRIE,AMERICAN PRAIRIE FOUNDATION,PO BOX 908,,,BOZEMAN,MT,Vacant Land,320.0,9
Phillips,AMERICAN PRAIRIE,AMERICAN PRAIRIE FOUNDATION,PO BOX 908,,,BOZEMAN,MT,Improved Property,480.0,9
Phillips,AMERICAN PRAIRIE,AMERICAN PRAIRIE FOUNDATION,PO BOX 908,,,BOZEMAN,MT,Vacant Land,617.92,9
Phillips,AMERICAN PRAIRIE,AMERICAN PRAIRIE FOUNDATION,PO BOX 908,,,BOZEMAN,MT,Vacant Land,120.57,9
Phillips,NATURE CONSERVANCY,THE NATURE CONSERVANCY,32 S EWING ST,,,HELENA,MT,Vacant Land,480.0,8
Phillips,NATURE CONSERVANCY,THE NATURE CONSERVANCY,32 S EWING ST,,,HELENA,MT,Vacant Land,320.0,8
Phillips,AMERICAN PRAIRIE,AMERICAN PRAIRIE FOUNDATION,PO BOX 908,,,BOZEMAN,MT,Vacant Land,2.0,9
Phillips,NATURE CONSERVANCY,THE NATURE CONSERVANCY,32 S EWING ST,,,HELENA,MT,Vacant Land,560.0,8
Phillips,AMERICAN PRAIRIE,AMERICAN PRAIRIE FOUNDATION,PO BOX 908,,,BOZEMAN,MT,Vacant Land,320.0,9
Phillips,AMERICAN PRAIRIE,AMERICAN PRAIRIE FOUNDATION,PO BOX 908,,,BOZEMAN,MT,Vacant Land,560.0,9
Phillips,AMERICAN PRAIRIE,AMERICAN PRAIRIE FOUNDATION,PO BOX 908,,,BOZEMAN,MT,Vacant Land,320.0,9
Phillips,AMERICAN PRAIRIE,AMERICAN PRAIRIE FOUNDATION,PO BOX 908,,,BOZEMAN,MT,Vacant Land,330.04,9
Phillips,AMERICAN PRAIRIE,AMERICAN PRAIRIE FOUNDATION,PO BOX 908,,,BOZEMAN,MT,Vacant Land,80.0,9
Phillips,AMERICAN PRAIRIE,AMERICAN PRAIRIE FOUNDATION,PO BOX 908,,,BOZEMAN,MT,Vacant Land,80.0,9
Phillips,AMERICAN PRAIRIE,AMERICAN PRAIRIE FOUNDATION,PO BOX 908,,,BOZEMAN,MT,Vacant Land,240.0,9
Phillips,AMERICAN PRAIRIE,AMERICAN PRAIRIE FOUNDATION,PO BOX 908,,,BOZEMAN,MT,Vacant Land,70.2,9
Phillips,AMERICAN PRAIRIE,AMERICAN PRAIRIE FOUNDATION,PO BOX 908,,,BOZEMAN,MT,Vacant Land,260.0,9
Phillips,NATURE CONSERVANCY,THE NATURE CONSERVANCY,32 S EWING ST,,,HELENA,MT,Vacant Land,398.98,8
Phillips,AMERICAN PRAIRIE,AMERICAN PRAIRIE FOUNDATION,PO BOX 908,,,BOZEMAN,MT,Vacant Land,280.0,9
Phillips,AMERICAN PRAIRIE,AMERICAN PRAIRIE FOUNDATION,PO BOX 908,,,BOZEMAN,MT,Vacant Land,320.0,9
Phillips,AMERICAN PRAIRIE,AMERICAN PRAIRIE FOUNDATION,PO BOX 908,,,BOZEMAN,MT,Vacant Land,320.0,9
Phillips,NATURE CONSERVANCY,THE NATURE CONSERVANCY,32 S EWING ST,,,HELENA,MT,Vacant Land,640.0,8
Phillips,NATURE CONSERVANCY,THE NATURE CONSERVANCY,32 S EWING ST,,,HELENA,MT,Vacant Land,640.0,8
Phillips,NATURE CONSERVANCY,THE NATURE CONSERVANCY,32 S EWING ST,,,HELENA,MT,Vacant Land,637.12,8
Phillips,NATURE CONSERVANCY,THE NATURE CONSERVANCY,32 S EWING ST,,,HELENA,MT,Vacant Land,480.0,8
Phillips,NATURE CONSERVANCY,THE NATURE CONSERVANCY,32 S EWING ST,,,HELENA,MT,Vacant Land,640.0,8
Phillips,NATURE CONSERVANCY,THE NATURE CONSERVANCY,32 S EWING ST,,,HELENA,MT,Vacant Land,324.12,8
Phillips,AMERICAN PRAIRIE,AMERICAN PRAIRIE FOUNDATION,PO BOX 908,,,BOZEMAN,MT,Vacant Land,319.26,9
Phillips,AMERICAN PRAIRIE,AMERICAN PRAIRIE FOUNDATION,PO BOX 908,,,BOZEMAN,MT,Vacant Land,80.0,9
Phillips,AMERICAN PRAIRIE,AMERICAN PRAIRIE FOUNDATION,PO BOX 908,,,BOZEMAN,MT,Vacant Land,240.0,9
Phillips,AMERICAN PRAIRIE,AMERICAN PRAIRIE FOUNDATION,PO BOX 908,,,BOZEMAN,MT,Vacant Land,320.0,9
Phillips,AMERICAN PRAIRIE,AMERICAN PRAIRIE FOUNDATION,PO BOX 908,,,BOZEMAN,MT,Improved Property,640.0,9
Phillips,AMERICAN PRAIRIE,AMERICAN PRAIRIE FOUNDATION,PO BOX 908,,,BOZEMAN,MT,Vacant Land,640.0,9
Phillips,AMERICAN PRAIRIE,AMERICAN PRAIRIE FOUNDATION,PO BOX 908,,,BOZEMAN,MT,Vacant Land,280.0,9
Phillips,AMERICAN PRAIRIE,AMERICAN PRAIRIE FOUNDATION,PO BOX 908,,,BOZEMAN,MT,Vacant Land,40.0,9
Phillips,AMERICAN PRAIRIE,AMERICAN PRAIRIE FOUNDATION,PO BOX 908,,,BOZEMAN,MT,Vacant Land,279.082,9
Phillips,AMERICAN PRAIRIE,AMERICAN PRAIRIE FOUNDATION,PO BOX 908,,,BOZEMAN,MT,Vacant Land,40.0,9
Phillips,AMERICAN PRAIRIE,AMERICAN PRAIRIE FOUNDATION,PO BOX 908,,,BOZEMAN,MT,Vacant Land,476.98,9
Phillips,AMERICAN PRAIRIE,AMERICAN PRAIRIE FOUNDATION,PO BOX 908,,,BOZEMAN,MT,Vacant Land,80.0,9
Phillips,AMERICAN PRAIRIE,AMERICAN PRAIRIE FOUNDATION,PO BOX 908,,,BOZEMAN,MT,Vacant Land,171.64,9
Phillips,AMERICAN PRAIRIE,AMERICAN PRAIRIE FOUNDATION,PO BOX 908,,,BOZEMAN,MT,Vacant Land,160.0,9
Phillips,AMERICAN PRAIRIE,AMERICAN PRAIRIE FOUNDATION,PO BOX 908,,,BOZEMAN,MT,Vacant Land,152.04,9
Phillips,AMERICAN PRAIRIE,AMERICAN PRAIRIE FOUNDATION,PO BOX 908,,,BOZEMAN,MT,Vacant Land,384.9,9
Phillips,AMERICAN PRAIRIE,AMERICAN PRAIRIE FOUNDATION,PO BOX 908,,,BOZEMAN,MT,Vacant Land,160.0,9
Phillips,AMERICAN PRAIRIE,AMERICAN PRAIRIE FOUNDATION,PO BOX 908,,,BOZEMAN,MT,Improved Property,80.0,9
Phillips,AMERICAN PRAIRIE,AMERICAN PRAIRIE FOUNDATION,PO BOX 908,,,BOZEMAN,MT,Vacant Land,560.0,9
Phillips,AMERICAN PRAIRIE,AMERICAN PRAIRIE FOUNDATION,PO BOX 908,,,BOZEMAN,MT,Improved Property,360.0,9
Phillips,AMERICAN PRAIRIE,AMERICAN PRAIRIE FOUNDATION,PO BOX 908,,,BOZEMAN,MT,Vacant Land,80.0,9
Phillips,AMERICAN PRAIRIE,AMERICAN PRAIRIE FOUNDATION,PO BOX 908,,,BOZEMAN,MT,Vacant Land,180.0,9
Phillips,AMERICAN PRAIRIE,AMERICAN PRAIRIE FOUNDATION,PO BOX 908,,,BOZEMAN,MT,Vacant Land,160.0,9
Phillips,NATURE CONSERVANCY,THE NATURE CONSERVANCY,32 S EWING ST,,,HELENA,MT,Vacant Land,322.419,8
Phillips,NATURE CONSERVANCY,THE NATURE CONSERVANCY,32 S EWING ST,,,HELENA,MT,Vacant Land,8.271,8
Phillips,AMERICAN PRAIRIE,AMERICAN PRAIRIE FOUNDATION,PO BOX 908,,,BOZEMAN,MT,Vacant Land,421.5,9
Phillips,AMERICAN PRAIRIE,AMERICAN PRAIRIE FOUNDATION,PO BOX 908,,,BOZEMAN,MT,Vacant Land,137.63,9
Phillips,AMERICAN PRAIRIE,AMERICAN PRAIRIE FOUNDATION,PO BOX 908,,,BOZEMAN,MT,Vacant Land,310.26,9
Phillips,AMERICAN PRAIRIE,AMERICAN PRAIRIE FOUNDATION,PO BOX 908,,,BOZEMAN,MT,Vacant Land,497.61,9
Phillips,AMERICAN PRAIRIE,AMERICAN PRAIRIE FOUNDATION,PO BOX 908,,,BOZEMAN,MT,Vacant Land,348.24,9
Phillips,AMERICAN PRAIRIE,AMERICAN PRAIRIE FOUNDATION,PO BOX 908,,,BOZEMAN,MT,Vacant Land,152.66,9
Phillips,AMERICAN PRAIRIE,AMERICAN PRAIRIE FOUNDATION,PO BOX 908,,,BOZEMAN,MT,Vacant Land,40.0,9
Phillips,AMERICAN PRAIRIE,AMERICAN PRAIRIE FOUNDATION,PO BOX 908,,,BOZEMAN,MT,Vacant Land,40.0,9
Phillips,AMERICAN PRAIRIE,AMERICAN PRAIRIE FOUNDATION,PO BOX 908,,,BOZEMAN,MT,Vacant Land,80.0,9
Phillips,AMERICAN PRAIRIE,AMERICAN PRAIRIE FOUNDATION,PO BOX 908,,,BOZEMAN,MT,Vacant Land,40.0,9
Phillips,AMERICAN PRAIRIE,AMERICAN PRAIRIE FOUNDATION,PO BOX 908,,,BOZEMAN,MT,Vacant Land,40.0,9
Phillips,AMERICAN PRAIRIE,AMERICAN PRAIRIE FOUNDATION,PO BOX 908,,,BOZEMAN,MT,Vacant Land,280.0,9
Phillips,AMERICAN PRAIRIE,AMERICAN PRAIRIE FOUNDATION,PO BOX 908,,,BOZEMAN,MT,Vacant Land,160.0,9
Phillips,AMERICAN PRAIRIE,AMERICAN PRAIRIE FOUNDATION,PO BOX 908,,,BOZEMAN,MT,Vacant Land,320.0,9
Phillips,AMERICAN PRAIRIE,AMERICAN PRAIRIE FOUNDATION,PO BOX 908,,,BOZEMAN,MT,Vacant Land,80.0,9
Phillips,AMERICAN PRAIRIE,AMERICAN PRAIRIE FOUNDATION,PO BOX 908,,,BOZEMAN,MT,Vacant Land,560.0,9
Phillips,AMERICAN PRAIRIE,AMERICAN PRAIRIE FOUNDATION,PO BOX 908,,,BOZEMAN,MT,Vacant Land,636.98,9
Phillips,AMERICAN PRAIRIE,AMERICAN PRAIRIE FOUNDATION,PO BOX 908,,,BOZEMAN,MT,Improved Property,117.005,9
Phillips,AMERICAN PRAIRIE,AMERICAN PRAIRIE FOUNDATION,PO BOX 908,,,BOZEMAN,MT,Vacant Land,38.49,9
Phillips,AMERICAN PRAIRIE,AMERICAN PRAIRIE FOUNDATION,PO BOX 908,,,BOZEMAN,MT,Vacant Land,640.0,9
Phillips,AMERICAN PRAIRIE,AMERICAN PRAIRIE FOUNDATION,PO BOX 908,,,BOZEMAN,MT,Vacant Land,400.0,9
Phillips,AMERICAN PRAIRIE,AMERICAN PRAIRIE FOUNDATION,PO BOX 908,,,BOZEMAN,MT,Vacant Land,640.0,9
Phillips,AMERICAN PRAIRIE,AMERICAN PRAIRIE FOUNDATION,PO BOX 908,,,BOZEMAN,MT,Vacant Land,429.87,9
Phillips,AMERICAN PRAIRIE,AMERICAN PRAIRIE FOUNDATION,PO BOX 908,,,BOZEMAN,MT,Vacant Land,240.0,9
Phillips,AMERICAN PRAIRIE,AMERICAN PRAIRIE FOUNDATION,PO BOX 908,,,BOZEMAN,MT,Vacant Land,80.0,9
Phillips,AMERICAN PRAIRIE,AMERICAN PRAIRIE FOUNDATION,PO BOX 908,,,BOZEMAN,MT,Vacant Land,440.0,9
Phillips,AMERICAN PRAIRIE,AMERICAN PRAIRIE FOUNDATION,PO BOX 908,,,BOZEMAN,MT,Vacant Land,337.96,9
Phillips,AMERICAN PRAIRIE,AMERICAN PRAIRIE FOUNDATION,PO BOX 908,,,BOZEMAN,MT,Vacant Land,640.0,9
Phillips,AMERICAN PRAIRIE,AMERICAN PRAIRIE FOUNDATION,PO BOX 908,,,BOZEMAN,MT,Vacant Land,640.0,9
Phillips,AMERICAN PRAIRIE,AMERICAN PRAIRIE FOUNDATION,PO BOX 908,,,BOZEMAN,MT,Vacant Land,240.0,9
Phillips,AMERICAN PRAIRIE,AMERICAN PRAIRIE FOUNDATION,PO BOX 908,,,BOZEMAN,MT,Vacant Land,640.4,9
Phillips,AMERICAN PRAIRIE,AMERICAN PRAIRIE FOUNDATION,PO BOX 908,,,BOZEMAN,MT,Vacant Land,400.0,9
Phillips,AMERICAN PRAIRIE,AMERICAN PRAIRIE FOUNDATION,PO BOX 908,,,BOZEMAN,MT,Vacant Land,160.0,9
Phillips,AMERICAN PRAIRIE,AMERICAN PRAIRIE FOUNDATION,PO BOX 908,,,BOZEMAN,MT,Vacant Land,80.0,9
Phillips,AMERICAN PRAIRIE,AMERICAN PRAIRIE FOUNDATION,PO BOX 908,,,BOZEMAN,MT,Vacant Land,320.0,9
Phillips,AMERICAN PRAIRIE,AMERICAN PRAIRIE FOUNDATION,PO BOX 908,,,BOZEMAN,MT,Vacant Land,258.36,9
Phillips,AMERICAN PRAIRIE,AMERICAN PRAIRIE FOUNDATION,PO BOX 908,,,BOZEMAN,MT,Vacant Land,35.27,9
Phillips,AMERICAN PRAIRIE,AMERICAN PRAIRIE FOUNDATION,PO BOX 908,,,BOZEMAN,MT,Vacant Land,40.0,9
Phillips,AMERICAN PRAIRIE,AMERICAN PRAIRIE FOUNDATION,PO BOX 908,,,BOZEMAN,MT,Vacant Land,560.0,9
Phillips,AMERICAN PRAIRIE,AMERICAN PRAIRIE FOUNDATION,PO BOX 908,,,BOZEMAN,MT,Vacant Land,168.27,9
Phillips,AMERICAN PRAIRIE,AMERICAN PRAIRIE FOUNDATION,PO BOX 908,,,BOZEMAN,MT,Improved Property,160.0,9
Phillips,AMERICAN PRAIRIE,AMERICAN PRAIRIE FOUNDATION,PO BOX 908,,,BOZEMAN,MT,Vacant Land,80.0,9
Phillips,AMERICAN PRAIRIE,AMERICAN PRAIRIE FOUNDATION,PO BOX 908,,,BOZEMAN,MT,Vacant Land,320.0,9
Phillips,AMERICAN PRAIRIE,AMERICAN PRAIRIE FOUNDATION,PO BOX 908,,,BOZEMAN,MT,Vacant Land,160.0,9
Phillips,AMERICAN PRAIRIE,AMERICAN PRAIRIE FOUNDATION,PO BOX 908,,,BOZEMAN,MT,Vacant Land,40.0,9
Phillips,AMERICAN PRAIRIE,AMERICAN PRAIRIE FOUNDATION,PO BOX 908,,,BOZEMAN,MT,Vacant Land,283.2,9
Phillips,AMERICAN PRAIRIE,AMERICAN PRAIRIE FOUNDATION,PO BOX 908,,,BOZEMAN,MT,Vacant Land,79.43,9
Phillips,AMERICAN PRAIRIE,AMERICAN PRAIRIE FOUNDATION,PO BOX 908,,,BOZEMAN,MT,Vacant Land,433.049,9
Phillips,AMERICAN PRAIRIE,AMERICAN PRAIRIE FOUNDATION,PO BOX 908,,,BOZEMAN,MT,Vacant Land,120.0,9
Carbon,SUNLIGHT RANCH COMPANY,SUNLIGHT RANCH COMPANY,ATTN: PROPERTY TAX DEPT,PO BOX 30825,,SALT LAKE CITY,UT,Vacant Land,280.0,6
Carbon,SUNLIGHT RANCH COMPANY,SUNLIGHT RANCH COMPANY,ATTN: PROPERTY TAX DEPT,PO BOX 30825,,SALT LAKE CITY,UT,Vacant Land,480.0,6
Carbon,SUNLIGHT RANCH COMPANY,SUNLIGHT RANCH COMPANY,ATTN: PROPERTY TAX DEPT,PO BOX 30825,,SALT LAKE CITY,UT,Vacant Land,320.0,6
Carbon,SUNLIGHT RANCH COMPANY,SUNLIGHT RANCH COMPANY,ATTN: PROPERTY TAX DEPT,PO BOX 30825,,SALT LAKE CITY,UT,Vacant Land,63.0,6
Carbon,SUNLIGHT RANCH COMPANY,SUNLIGHT RANCH COMPANY,ATTN: PROPERTY TAX DEPT,PO BOX 30825,,SALT LAKE CITY,UT,Vacant Land,640.0,6
Carbon,SUNLIGHT RANCH COMPANY,SUNLIGHT RANCH COMPANY,ATTN: PROPERTY TAX DEPT,PO BOX 30825,,SALT LAKE CITY,UT,Vacant Land,640.0,6
Carbon,SUNLIGHT RANCH COMPANY,SUNLIGHT RANCH COMPANY,ATTN: PROPERTY TAX DEPT,PO BOX 30825,,SALT LAKE CITY,UT,Vacant Land,400.0,6
Carbon,SUNLIGHT RANCH COMPANY,SUNLIGHT RANCH COMPANY,ATTN: PROPERTY TAX DEPT,PO BOX 30825,,SALT LAKE CITY,UT,Vacant Land,149.5,6
Carbon,SUNLIGHT RANCH COMPANY,SUNLIGHT RANCH COMPANY,ATTN: PROPERTY TAX DEPT,PO BOX 30825,,SALT LAKE CITY,UT,Vacant Land,40.0,6
Carbon,SUNLIGHT RANCH COMPANY,SUNLIGHT RANCH COMPANY,ATTN: PROPERTY TAX DEPT,PO BOX 30825,,SALT LAKE CITY,UT,Vacant Land,40.06,6
Carbon,SUNLIGHT RANCH COMPANY,SUNLIGHT RANCH COMPANY,ATTN: PROPERTY TAX DEPT,PO BOX 30825,,SALT LAKE CITY,UT,Vacant Land,108.62,6
Carbon,SUNLIGHT RANCH COMPANY,SUNLIGHT RANCH COMPANY,ATTN: PROPERTY TAX DEPT,PO BOX 30825,,SALT LAKE CITY,UT,Vacant Land,451.42,6
Carbon,SUNLIGHT RANCH COMPANY,SUNLIGHT RANCH COMPANY,ATTN: PROPERTY TAX DEPT,PO BOX 30825,,SALT LAKE CITY,UT,Vacant Land,240.53,6
Carbon,SUNLIGHT RANCH COMPANY,SUNLIGHT RANCH COMPANY,ATTN: PROPERTY TAX DEPT,PO BOX 30825,,SALT LAKE CITY,UT,Vacant Land,640.0,6
Carbon,SUNLIGHT RANCH COMPANY,SUNLIGHT RANCH COMPANY,ATTN: PROPERTY TAX DEPT,PO BOX 30825,,SALT LAKE CITY,UT,Vacant Land,65.0,6
Carbon,SUNLIGHT RANCH COMPANY,SUNLIGHT RANCH COMPANY,ATTN: PROPERTY TAX DEPT,PO BOX 30825,,SALT LAKE CITY,UT,Vacant Land,640.0,6
Carbon,SUNLIGHT RANCH COMPANY,SUNLIGHT RANCH COMPANY,ATTN: PROPERTY TAX DEPT,PO BOX 30825,,SALT LAKE CITY,UT,Vacant Land,145.18,6
Carbon,SUNLIGHT RANCH COMPANY,SUNLIGHT RANCH COMPANY,ATTN: PROPERTY TAX DEPT,PO BOX 30825,,SALT LAKE CITY,UT,Vacant Land,600.0,6
Carbon,SUNLIGHT RANCH COMPANY,SUNLIGHT RANCH COMPANY,ATTN: PROPERTY TAX DEPT,PO BOX 30825,,SALT LAKE CITY,UT,Vacant Land,640.0,6
Carbon,SUNLIGHT RANCH COMPANY,SUNLIGHT RANCH COMPANY,ATTN: PROPERTY TAX DEPT,PO BOX 30825,,SALT LAKE CITY,UT,Vacant Land,40.09,6
Carbon,SUNLIGHT RANCH COMPANY,SUNLIGHT RANCH COMPANY,ATTN: PROPERTY TAX DEPT,PO BOX 30825,,SALT LAKE CITY,UT,Vacant Land,40.0,6
Carbon,SUNLIGHT RANCH COMPANY,SUNLIGHT RANCH COMPANY,ATTN: PROPERTY TAX DEPT,PO BOX 30825,,SALT LAKE CITY,UT,Vacant Land,320.0,6
Carbon,SUNLIGHT RANCH COMPANY,SUNLIGHT RANCH COMPANY,ATTN: PROPERTY TAX DEPT,PO BOX 30825,,SALT LAKE CITY,UT,Vacant Land,40.0,6
Carbon,SUNLIGHT RANCH COMPANY,SUNLIGHT RANCH COMPANY,ATTN: PROPERTY TAX DEPT,PO BOX 30825,,SALT LAKE CITY,UT,Vacant Land,80.0,6
Carbon,SUNLIGHT RANCH COMPANY,SUNLIGHT RANCH COMPANY,ATTN: PROPERTY DEPT,PO BOX 30825,,SALT LAKE CITY,UT,Improved Property,20.0,6
Carbon,SUNLIGHT RANCH COMPANY,SUNLIGHT RANCH COMPANY,ATTN: PROPERTY TAX DEPT,PO BOX 30825,,SALT LAKE CITY,UT,Vacant Land,488.51,6
Carbon,SUNLIGHT RANCH COMPANY,SUNLIGHT RANCH COMPANY,ATTN: PROPERTY TAX DEPT,PO BOX 30825,,SALT LAKE CITY,UT,Vacant Land,640.76,6
Carbon,SUNLIGHT RANCH COMPANY,SUNLIGHT RANCH COMPANY,ATTN: PROPERTY TAX DEPT,PO BOX 30825,,SALT LAKE CITY,UT,Vacant Land,480.0,6
Carbon,SUNLIGHT RANCH COMPANY,SUNLIGHT RANCH COMPANY,ATTN: PROPERTY TAX DEPT,PO BOX 30825,,SALT LAKE CITY,UT,Vacant Land,320.0,6
Carbon,SUNLIGHT RANCH COMPANY,SUNLIGHT RANCH COMPANY,ATTN: PROPERTY TAX DEPT,PO BOX 30825,,SALT LAKE CITY,UT,Vacant Land,640.0,6
Carbon,SUNLIGHT RANCH COMPANY,SUNLIGHT RANCH COMPANY,ATTN: PROPERTY TAX DEPT,PO BOX 30825,,SALT LAKE CITY,UT,Vacant Land,388.91,6
Carbon,SUNLIGHT RANCH COMPANY,SUNLIGHT RANCH COMPANY,ATTN: PROPERTY TAX DEPT,PO BOX 30825,,SALT LAKE CITY,UT,Vacant Land,164.88,6
Carbon,SUNLIGHT RANCH COMPANY,SUNLIGHT RANCH COMPANY,ATTN: PROPERTY TAX DEPT,PO BOX 30825,,SALT LAKE CITY,UT,Vacant Land,112.03,6
Carbon,SUNLIGHT RANCH COMPANY,SUNLIGHT RANCH COMPANY,ATTN: PROPERTY TAX DEPT,PO BOX 30825,,SALT LAKE CITY,UT,Vacant Land,40.0,6
Carbon,SUNLIGHT RANCH COMPANY,SUNLIGHT RANCH COMPANY,ATTN: PROPERTY TAX DEPT,PO BOX 30825,,SALT LAKE CITY,UT,Vacant Land,192.91,6
Carbon,SUNLIGHT RANCH COMPANY,SUNLIGHT RANCH COMPANY,ATTN: PROPERTY TAX DEPT,PO BOX 30825,,SALT LAKE CITY,UT,Vacant Land,395.07,6
Carbon,SUNLIGHT RANCH COMPANY,SUNLIGHT RANCH COMPANY,ATTN: PROPERTY TAX DEPT,PO BOX 30825,,SALT LAKE CITY,UT,Vacant Land,331.88,6
Carbon,SUNLIGHT RANCH COMPANY,SUNLIGHT RANCH COMPANY,ATTN: PROPERTY TAX DEPT,PO BOX 30825,,SALT LAKE CITY,UT,Vacant Land,20.52,6
Carbon,SUNLIGHT RANCH COMPANY,SUNLIGHT RANCH COMPANY,ATTN: PROPERTY TAX DEPT,PO BOX 30825,,SALT LAKE CITY,UT,Improved Property,178.11,6
Carbon,SUNLIGHT RANCH COMPANY,SUNLIGHT RANCH COMPANY,ATTN: PROPERTY TAX DEPT,PO BOX 30825,,SALT LAKE CITY,UT,Vacant Land,243.85,6
Carbon,SUNLIGHT RANCH COMPANY,SUNLIGHT RANCH COMPANY,ATTN: PROPERTY TAX DEPT,PO BOX 30825,,SALT LAKE CITY,UT,Vacant Land,640.0,6
Carbon,SUNLIGHT RANCH COMPANY,SUNLIGHT RANCH COMPANY,ATTN: PROPERTY TAX DEPT,PO BOX 30825,,SALT LAKE CITY,UT,Vacant Land,299.2,6
Carbon,SUNLIGHT RANCH COMPANY,SUNLIGHT RANCH COMPANY,ATTN: PROPERTY TAX DEPT,PO BOX 30825,,SALT LAKE CITY,UT,Vacant Land,40.0,6
Carbon,SUNLIGHT RANCH COMPANY,SUNLIGHT RANCH COMPANY,ATTN: PROPERTY TAX DEPT,PO BOX 30825,,SALT LAKE CITY,UT,Vacant Land,40.0,6
Carbon,SUNLIGHT RANCH COMPANY,SUNLIGHT RANCH COMPANY,ATTN: PROPERTY TAX DEPT,PO BOX 30825,,SALT LAKE CITY,UT,Vacant Land,40.18,6
Carbon,SUNLIGHT RANCH COMPANY,SUNLIGHT RANCH COMPANY,ATTN: PROPERTY TAX DEPT,PO BOX 30825,,SALT LAKE CITY,UT,Improved Property,640.48,6
Carbon,SUNLIGHT RANCH COMPANY,SUNLIGHT RANCH COMPANY,ATTN: PROPERTY TAX DEPT,PO BOX 30825,,SALT LAKE CITY,UT,Vacant Land,108.75,6
Carbon,SUNLIGHT RANCH COMPANY,SUNLIGHT RANCH COMPANY,ATTN: PROPERTY TAX DEPT,PO BOX 30825,,SALT LAKE CITY,UT,Vacant Land,40.0,6
Carbon,SUNLIGHT RANCH COMPANY,SUNLIGHT RANCH COMPANY,ATTN: PROPERTY DEPT,PO BOX 30825,,SALT LAKE CITY,UT,Vacant Land,40.0,6
Carbon,SUNLIGHT RANCH COMPANY,SUNLIGHT RANCH COMPANY,ATTN: PROPERTY TAX DEPT,PO BOX 30825,,SALT LAKE CITY,UT,Improved Property,160.0,6
Carbon,SUNLIGHT RANCH COMPANY,SUNLIGHT RANCH COMPANY,ATTN: PROPERTY TAX DEPT,PO BOX 30825,,SALT LAKE CITY,UT,Vacant Land,440.0,6
Carbon,SUNLIGHT RANCH COMPANY,SUNLIGHT RANCH COMPANY,ATTN: PROPERTY TAX DEPT,PO BOX 30825,,SALT LAKE CITY,UT,Vacant Land,280.0,6
Carbon,SUNLIGHT RANCH COMPANY,SUNLIGHT RANCH COMPANY,ATTN: PROPERTY TAX DEPT,PO BOX 30825,,SALT LAKE CITY,UT,Vacant Land,80.0,6
Carbon,SUNLIGHT RANCH COMPANY,SUNLIGHT RANCH COMPANY,ATTN: PROPERTY TAX DEPT,PO BOX 30825,,SALT LAKE CITY,UT,Vacant Land,76.21,6
Carbon,SUNLIGHT RANCH COMPANY,SUNLIGHT RANCH COMPANY,ATTN: PROPERTY TAX DEPT,PO BOX 30825,,SALT LAKE CITY,UT,Vacant Land,298.22,6
Carbon,SUNLIGHT RANCH COMPANY,SUNLIGHT RANCH COMPANY INC,ATTN: PROPERTY TAX DEPT,PO BOX 30825,,SALT LAKE CITY,UT,Vacant Land,80.0,6
Carbon,SUNLIGHT RANCH COMPANY,SUNLIGHT RANCH COMPANY,ATTN: PROPERTY TAX DEPT,PO BOX 30825,,SALT LAKE CITY,UT,Vacant Land,400.0,6
Carbon,SUNLIGHT RANCH COMPANY,SUNLIGHT RANCH COMPANY,ATTN: PROPERTY TAX DEPT,PO BOX 30825,,SALT LAKE CITY,UT,Vacant Land,79.9,6
Carbon,SUNLIGHT RANCH COMPANY,SUNLIGHT RANCH COMPANY,ATTN: PROPERTY TAX DEPT,PO BOX 30825,,SALT LAKE CITY,UT,Vacant Land,80.0,6
Carbon,SUNLIGHT RANCH COMPANY,SUNLIGHT RANCH COMPANY,ATTN: PROPERTY TAX DEPARTMENT,PO BOX 30825,,SALT LAKE CITY,UT,Improved Property,49.47,6
Carbon,SUNLIGHT RANCH COMPANY,SUNLIGHT RANCH COMPANY,ATTN: PROPERTY TAX DEPT,PO BOX 30825,,SALT LAKE CITY,UT,Vacant Land,228.458,6
Carbon,SUNLIGHT RANCH COMPANY,SUNLIGHT RANCH COMPANY,ATTN: PROPERTY TAX DEPT,PO BOX 30825,,SALT LAKE CITY,UT,Vacant Land,300.0,6
Carbon,SUNLIGHT RANCH COMPANY,SUNLIGHT RANCH COMPANY,ATTN: PROPERTY TAX DEPT,PO BOX 30825,,SALT LAKE CITY,UT,Vacant Land,20.0,6
Carbon,SUNLIGHT RANCH COMPANY,SUNLIGHT RANCH COMPANY,ATTN: PROPERTY TAX DEPT,PO BOX 30825,,SALT LAKE CITY,UT,Vacant Land,160.0,6
Carbon,SUNLIGHT RANCH COMPANY,SUNLIGHT RANCH COMPANY,ATTN: PROPERTY TAX DEPT,PO BOX 30825,,SALT LAKE CITY,UT,Vacant Land,116.92,6
Carbon,SUNLIGHT RANCH COMPANY,SUNLIGHT RANCH COMPANY,ATTN: PROPERTY TAX DEPT,PO BOX 30825,,SALT LAKE CITY,UT,Vacant Land,299.11,6
Carbon,SUNLIGHT RANCH COMPANY,SUNLIGHT RANCH COMPANY,ATTN: PROPERTY TAX DEPT,PO BOX 30825,,SALT LAKE CITY,UT,Vacant Land,78.06,6
Carbon,SUNLIGHT RANCH COMPANY,SUNLIGHT RANCH COMPANY,ATTN: PROPERTY TAX DEPT,PO BOX 30825,,SALT LAKE CITY,UT,Vacant Land,137.0,6
Carbon,SUNLIGHT RANCH COMPANY,SUNLIGHT RANCH COMPANY,ATTN: PROPERTY TAX DEPT,PO BOX 30825,,SALT LAKE CITY,UT,Vacant Land,107.0,6
Carbon,SUNLIGHT RANCH COMPANY,SUNLIGHT RANCH LLC,550 E SOUTH TEMPLE,,,SALT LAKE CITY,UT,Vacant Land,77.0,6
Carbon,COFFEE-NEFSY,COFFEE VIRGINIA N,PO BOX 575,,,MILES CITY,MT,Vacant Land,0.481,7
Carbon,SUNLIGHT RANCH COMPANY,SUNLIGHT RANCH COMPANY,ATTN: PROPERTY TAX DEPT,PO BOX 30825,,SALT LAKE CITY,UT,Vacant Land,270.69,6
Carbon,SUNLIGHT RANCH COMPANY,SUNLIGHT RANCH COMPANY,ATTN: PROPERTY TAX DEPT,PO BOX 30825,,SALT LAKE CITY,UT,Vacant Land,310.18,6
Carbon,SUNLIGHT RANCH COMPANY,SUNLIGHT RANCH COMPANY,ATTN: PROPERTY TAX DEPT,PO BOX 30825,,SALT LAKE CITY,UT,Vacant Land,480.0,6
Carbon,SUNLIGHT RANCH COMPANY,SUNLIGHT RANCH COMPANY,ATTN: PROPERTY TAX DEPT,PO BOX 30825,,SALT LAKE CITY,UT,Vacant Land,259.43,6
Carbon,SUNLIGHT RANCH COMPANY,SUNLIGHT RANCH COMPANY,ATTN: PROPERTY TAX DEPT,PO BOX 30825,,SALT LAKE CITY,UT,Vacant Land,40.19,6
Carbon,SUNLIGHT RANCH COMPANY,SUNLIGHT RANCH COMPANY,ATTN: PROPERTY TAX DEPT,PO BOX 30825,,SALT LAKE CITY,UT,Vacant Land,140.29,6
Carbon,SUNLIGHT RANCH COMPANY,SUNLIGHT RANCH COMPANY,ATTN: PROPERTY TAX DEPT,PO BOX 30825,,SALT LAKE CITY,UT,Vacant Land,311.49,6
Carbon,COFFEE-NEFSY,COFFEE VIRGINIA A,PO BOX 575,,,MILES CITY,MT,Improved Property,0.597,7
Carbon,SUNLIGHT RANCH COMPANY,SUNLIGHT RANCH COMPANY,ATTN: PROPERTY TAX DEPT,PO BOX 30825,,SALT LAKE CITY,UT,Vacant Land,320.0,6
Carbon,SUNLIGHT RANCH COMPANY,SUNLIGHT RANCH COMPANY,ATTN: PROPERTY TAX DEPT,PO BOX 30825,,SALT LAKE CITY,UT,Vacant Land,640.0,6
Carbon,SUNLIGHT RANCH COMPANY,SUNLIGHT RANCH COMPANY,ATTN: PROPERTY TAX DEPT,PO BOX 30825,,SALT LAKE CITY,UT,Vacant Land,214.94,6
Carbon,SUNLIGHT RANCH COMPANY,SUNLIGHT RANCH COMPANY,ATTN: PROPERTY TAX DEPT,PO BOX 30825,,SALT LAKE CITY,UT,Vacant Land,312.0,6
Carbon,SUNLIGHT RANCH COMPANY,SUNLIGHT RANCH COMPANY,ATTN: PROPERTY TAX DEPT,PO BOX 30825,,SALT LAKE CITY,UT,Improved Property,291.88,6
Carbon,SUNLIGHT RANCH COMPANY,SUNLIGHT RANCH COMPANY,ATTN: PROPERTY TAX DEPT,PO BOX 30825,,SALT LAKE CITY,UT,Vacant Land,640.0,6
Carbon,SUNLIGHT RANCH COMPANY,SUNLIGHT RANCH COMPANY,ATTN: PROPERTY TAX DEPT,PO BOX 30825,,SALT LAKE CITY,UT,Improved Property,440.35,6
Carbon,SUNLIGHT RANCH COMPANY,SUNLIGHT RANCH COMPANY,ATTN: PROPERTY TAX DEPT,PO BOX 30825,,SALT LAKE CITY,UT,Vacant Land,640.0,6
Carbon,SUNLIGHT RANCH COMPANY,SUNLIGHT RANCH COMPANY,ATTN: PROPERTY TAX DEPT,PO BOX 30825,,SALT LAKE CITY,UT,Vacant Land,80.0,6
Carbon,SUNLIGHT RANCH COMPANY,SUNLIGHT RANCH COMPANY,ATTN: PROPERTY DEPT,PO BOX 30825,,SALT LAKE CITY,UT,Vacant Land,48.26,6
Carbon,SUNLIGHT RANCH COMPANY,SUNLIGHT RANCH COMPANY,ATTN: PROPERTY TAX DEPT,PO BOX 30825,,SALT LAKE CITY,UT,Vacant Land,120.3,6
Carbon,SUNLIGHT RANCH COMPANY,SUNLIGHT RANCH COMPANY INC,ATTN: PROPERTY TAX DEPT,PO BOX 30825,,SALT LAKE CITY,UT,Vacant Land,80.0,6
Carbon,SUNLIGHT RANCH COMPANY,SUNLIGHT RANCH COMPANY,ATTN: PROPERTY TAX DEPT,PO BOX 30825,,SALT LAKE CITY,UT,Vacant Land,1.172,6
Carbon,SUNLIGHT RANCH COMPANY,SUNLIGHT RANCH COMPANY,ATTN: PROPERTY TAX DEPT,PO BOX 30825,,SALT LAKE CITY,UT,Vacant Land,240.0,6
Carbon,SUNLIGHT RANCH COMPANY,SUNLIGHT RANCH COMPANY,ATTN: PROPERTY TAX DEPT,PO BOX 30825,,SALT LAKE CITY,UT,Vacant Land,560.0,6
Carbon,SUNLIGHT RANCH COMPANY,SUNLIGHT RANCH COMPANY,ATTN: PROPERTY TAX DEPT,PO BOX 30825,,SALT LAKE CITY,UT,Vacant Land,320.0,6
Carbon,SUNLIGHT RANCH COMPANY,SUNLIGHT RANCH COMPANY,ATTN: PROPERTY TAX DEPT,PO BOX 30825,,SALT LAKE CITY,UT,Vacant Land,320.47,6
Carbon,SUNLIGHT RANCH COMPANY,SUNLIGHT RANCH COMPANY,ATTN: PROPERTY TAX DEPT,PO BOX 30825,,SALT LAKE CITY,UT,Vacant Land,228.7,6
Carbon,SUNLIGHT RANCH COMPANY,SUNLIGHT RANCH COMPANY,ATTN: PROPERTY TAX DEPT,PO BOX 30825,,SALT LAKE CITY,UT,Vacant Land,360.0,6
Carbon,SUNLIGHT RANCH COMPANY,SUNLIGHT RANCH COMPANY,ATTN: PROPERTY TAX DEPT,PO BOX 30825,,SALT LAKE CITY,UT,Vacant Land,438.61,6
Carbon,SUNLIGHT RANCH COMPANY,SUNLIGHT RANCH COMPANY,ATTN: PROPERTY TAX DEPT,PO BOX 30825,,SALT LAKE CITY,UT,Vacant Land,240.0,6
Carbon,SUNLIGHT RANCH COMPANY,SUNLIGHT RANCH COMPANY,ATTN: PROPERTY TAX DEPT,PO BOX 30825,,SALT LAKE CITY,UT,Vacant Land,640.0,6
Carbon,SUNLIGHT RANCH COMPANY,SUNLIGHT RANCH COMPANY,ATTN: PROPERTY TAX DEPT,PO BOX 30825,,SALT LAKE CITY,UT,Vacant Land,197.66,6
Carbon,SUNLIGHT RANCH COMPANY,SUNLIGHT RANCH COMPANY,ATTN: PROPERTY TAX DEPT,PO BOX 30825,,SALT LAKE CITY,UT,Improved Property,20.0,6
Carbon,SUNLIGHT RANCH COMPANY,SUNLIGHT RANCH COMPANY,ATTN: PROPERTY TAX DEPT,PO BOX 30825,,SALT LAKE CITY,UT,Improved Property,160.0,6
Carbon,SUNLIGHT RANCH COMPANY,SUNLIGHT RANCH COMPANY,ATTN: PROPERTY TAX DEPT,PO BOX 30825,,SALT LAKE CITY,UT,Vacant Land,10.79,6
Carbon,SUNLIGHT RANCH COMPANY,SUNLIGHT RANCH COMPANY,ATTN: PROPERTY TAX DEPT,PO BOX 30825,,SALT LAKE CITY,UT,Vacant Land,117.58,6
Carbon,SUNLIGHT RANCH COMPANY,SUNLIGHT RANCH COMPANY,ATTN: PROPERTY TAX DEPT,PO BOX 30825,,SALT LAKE CITY,UT,Improved Property,9.759,6
Carbon,SUNLIGHT RANCH COMPANY,SUNLIGHT RANCH COMPANY,ATTN: PROPERTY TAX DEPT,PO BOX 30825,,SALT LAKE CITY,UT,Vacant Land,640.0,6
Carbon,SUNLIGHT RANCH COMPANY,SUNLIGHT RANCH COMPANY,ATTN: PROPERTY TAX DEPT,PO BOX 30825,,SALT LAKE CITY,UT,Vacant Land,240.0,6
Carbon,SUNLIGHT RANCH COMPANY,SUNLIGHT RANCH COMPANY,ATTN: PROPERTY TAX DEPT,PO BOX 30825,,SALT LAKE CITY,UT,Vacant Land,539.85,6
Carbon,SUNLIGHT RANCH COMPANY,SUNLIGHT RANCH COMPANY,ATTN: PROPERTY TAX DEPT,PO BOX 30825,,SALT LAKE CITY,UT,Improved Property,140.8,6
Carbon,SUNLIGHT RANCH COMPANY,SUNLIGHT RANCH COMPANY,ATTN: PROPERTY TAX DEPT,PO BOX 30825,,SALT LAKE CITY,UT,Vacant Land,262.79,6
Carbon,SUNLIGHT RANCH COMPANY,SUNLIGHT RANCH COMPANY,ATTN: PROPERTY TAX DEPT,PO BOX 30825,,SALT LAKE CITY,UT,Improved Property,196.17,6
Carbon,SUNLIGHT RANCH COMPANY,SUNLIGHT RANCH COMPANY,ATTN: PROPERTY TAX DEPT,PO BOX 30825,,SALT LAKE CITY,UT,Vacant Land,554.29,6
Carbon,SUNLIGHT RANCH COMPANY,SUNLIGHT RANCH COMPANY,ATTN: PROPERTY TAX DEPT,PO BOX 30825,,SALT LAKE CITY,UT,Improved Property,42.27,6
Carbon,SUNLIGHT RANCH COMPANY,SUNLIGHT RANCH COMPANY,ATTN: PROPERTY TAX DEPT,PO BOX 30825,,SALT LAKE CITY,UT,Vacant Land,300.2,6
Carbon,SUNLIGHT RANCH COMPANY,SUNLIGHT RANCH COMPANY,ATTN: PROPERTY TAX DEPT,PO BOX 30825,,SALT LAKE CITY,UT,Vacant Land,640.0,6
Carbon,SUNLIGHT RANCH COMPANY,SUNLIGHT RANCH COMPANY,ATTN: PROPERTY TAX DEPT,PO BOX 30825,,SALT LAKE CITY,UT,Vacant Land,480.0,6
Carbon,SUNLIGHT RANCH COMPANY,SUNLIGHT RANCH COMPANY,ATTN: PROPERTY TAX DEPT,PO BOX 30825,,SALT LAKE CITY,UT,Vacant Land,119.0,6
Carbon,SUNLIGHT RANCH COMPANY,SUNLIGHT RANCH COMPANY,ATTN: PROPERTY TAX DEPARTMENT,PO BOX 30825,,SALT LAKE CITY,UT,Vacant Land,38.25,6
Carbon,SUNLIGHT RANCH COMPANY,SUNLIGHT RANCH COMPANY,ATTN: PROPERTY TAX DEPT,PO BOX 30825,,SALT LAKE CITY,UT,Vacant Land,33.0,6
Carbon,SUNLIGHT RANCH COMPANY,SUNLIGHT RANCH COMPANY,ATTN: PROPERTY TAX DEPT,PO BOX 30825,,SALT LAKE CITY,UT,Vacant Land,480.0,6
Carbon,SUNLIGHT RANCH COMPANY,SUNLIGHT RANCH COMPANY,ATTN: TAX DEPARTMENT,PO BOX 30825,,SALT LAKE CITY,UT,Vacant Land,9.294,6
Carbon,SUNLIGHT RANCH COMPANY,SUNLIGHT RANCH COMPANY,ATTN: PROPERTY TAX DEPT,PO BOX 30825,,SALT LAKE CITY,UT,Vacant Land,151.28,6
Powder River,GREAT NORTHERN PROPERTIES,GREAT NORTHERN PROPERTIES,PO BOX 1745,,,MILES CITY,MT,Vacant Land,627.32,10
Powder River,GREAT NORTHERN PROPERTIES,GREAT NORTHERN PROPERTIES,PO BOX 1745,,,MILES CITY,MT,Vacant Land,320.0,10
Powder River,GREAT NORTHERN PROPERTIES,GREAT NORTHERN PROPERTIES,PO BOX 1745,,,MILES CITY,MT,Vacant Land,400.0,10
Powder River,GREAT NORTHERN PROPERTIES,GREAT NORTHERN PROPERTIES,PO BOX 1745,,,MILES CITY,MT,Vacant Land,597.01,10
Powder River,GREAT NORTHERN PROPERTIES,GREAT NORTHERN PROPERTIES,PO BOX 1745,,,MILES CITY,MT,Vacant Land,120.0,10
Powder River,GREAT NORTHERN PROPERTIES,GREAT NORTHERN PROPERTIES,PO BOX 1745,,,MILES CITY,MT,Vacant Land,40.0,10
Powder River,GREAT NORTHERN PROPERTIES,GREAT NORTHERN PROPERTIES,PO BOX 1745,,,MILES CITY,MT,Vacant Land,60.1,10
Powder River,GREAT NORTHERN PROPERTIES,GREAT NORTHERN PROPERTIES,PO BOX 1745,,,MILES CITY,MT,Vacant Land,320.0,10
Powder River,GREAT NORTHERN PROPERTIES,GREAT NORTHERN PROPERTIES,PO BOX 1745,,,MILES CITY,MT,Vacant Land,321.12,10
Powder River,GREAT NORTHERN PROPERTIES,GREAT NORTHERN PROPERTIES,PO BOX 1745,,,MILES CITY,MT,Vacant Land,641.68,10
Fergus,AMERICAN PRAIRIE,AMERICAN PRAIRIE FOUNDATION,PO BOX 908,,,BOZEMAN,MT,Vacant Land,443.0,9
Fergus,AMERICAN PRAIRIE,AMERICAN PRAIRIE FOUNDATION,PO BOX 908,,,BOZEMAN,MT,Improved Property,115.47,9
Fergus,AMERICAN PRAIRIE,AMERICAN PRAIRIE FOUNDATION,PO BOX 908,,,BOZEMAN,MT,Vacant Land,406.6,9
Fergus,AMERICAN PRAIRIE,AMERICAN PRAIRIE FOUNDATION,PO BOX 908,,,BOZEMAN,MT,Vacant Land,169.82,9
Fergus,AMERICAN PRAIRIE,AMERICAN PRAIRIE FOUNDATION,PO BOX 908,,,BOZEMAN,MT,Vacant Land,30.09,9
Fergus,AMERICAN PRAIRIE,AMERICAN PRAIRIE FOUNDATION,PO BOX 908,,,BOZEMAN,MT,Vacant Land,220.44,9
Fergus,AMERICAN PRAIRIE,AMERICAN PRAIRIE FOUNDATION,PO BOX 908,,,BOZEMAN,MT,Improved Property,478.18,9
Fergus,AMERICAN PRAIRIE,AMERICAN PRAIRIE FOUNDATION,PO BOX 908,,,BOZEMAN,MT,Vacant Land,300.08,9
Fergus,AMERICAN PRAIRIE,AMERICAN PRAIRIE FOUNDATION,PO BOX 908,,,BOZEMAN,MT,Vacant Land,240.0,9
Fergus,AMERICAN PRAIRIE,AMERICAN PRAIRIE FOUNDATION,PO BOX 908,,,BOZEMAN,MT,Vacant Land,275.61,9
Fergus,AMERICAN PRAIRIE,AMERICAN PRAIRIE FOUNDATION,PO BOX 908,,,BOZEMAN,MT,Vacant Land,30.13,9
Fergus,AMERICAN PRAIRIE,AMERICAN PRAIRIE FOUNDATION,PO BOX 908,,,BOZEMAN,MT,Vacant Land,40.0,9
Fergus,AMERICAN PRAIRIE,AMERICAN PRAIRIE FOUNDATION,PO BOX 908,,,BOZEMAN,MT,Vacant Land,50.33,9
Fergus,AMERICAN PRAIRIE,AMERICAN PRAIRIE FOUNDATION,PO BOX 908,,,BOZEMAN,MT,Vacant Land,280.82,9
Fergus,AMERICAN PRAIRIE,AMERICAN PRAIRIE FOUNDATION,PO BOX 908,,,BOZEMAN,MT,Vacant Land,46.52,9
Fergus,AMERICAN PRAIRIE,AMERICAN PRAIRIE FOUNDATION,PO BOX 908,,,BOZEMAN,MT,Vacant Land,213.32,9
Fergus,AMERICAN PRAIRIE,AMERICAN PRAIRIE FOUNDATION,PO BOX 908,,,BOZEMAN,MT,Vacant Land,165.32,9
Fergus,AMERICAN PRAIRIE,AMERICAN PRAIRIE FOUNDATION,PO BOX 908,,,BOZEMAN,MT,Vacant Land,493.48,9
Fergus,AMERICAN PRAIRIE,AMERICAN PRAIRIE FOUNDATION,PO BOX 908,,,BOZEMAN,MT,Vacant Land,480.94,9
Fergus,AMERICAN PRAIRIE,AMERICAN PRAIRIE FOUNDATION,PO BOX 908,,,BOZEMAN,MT,Vacant Land,75.74,9
Fergus,AMERICAN PRAIRIE,AMERICAN PRAIRIE FOUNDATION,PO BOX 908,,,BOZEMAN,MT,Vacant Land,24.6,9
Fergus,AMERICAN PRAIRIE,AMERICAN PRAIRIE FOUNDATION,PO BOX 908,,,BOZEMAN,MT,Vacant Land,120.0,9
Fergus,AMERICAN PRAIRIE,AMERICAN PRAIRIE FOUNDATION,PO BOX 908,,,BOZEMAN,MT,Vacant Land,40.0,9
Fergus,AMERICAN PRAIRIE,AMERICAN PRAIRIE FOUNDATION,PO BOX 908,,,BOZEMAN,MT,Vacant Land,40.0,9
Fergus,AMERICAN PRAIRIE,AMERICAN PRAIRIE FOUNDATION,PO BOX 908,,,BOZEMAN,MT,Vacant Land,40.0,9
Fergus,AMERICAN PRAIRIE,AMERICAN PRAIRIE FOUNDATION,PO BOX 908,,,BOZEMAN,MT,Vacant Land,23.0,9
Fergus,AMERICAN PRAIRIE,AMERICAN PRAIRIE FOUNDATION,PO BOX 908,,,BOZEMAN,MT,Improved Property,638.28,9
Fergus,AMERICAN PRAIRIE,AMERICAN PRAIRIE FOUNDATION,PO BOX 908,,,BOZEMAN,MT,Vacant Land,640.0,9
Fergus,AMERICAN PRAIRIE,AMERICAN PRAIRIE FOUNDATION,PO BOX 908,,,BOZEMAN,MT,Vacant Land,360.0,9
Fergus,AMERICAN PRAIRIE,AMERICAN PRAIRIE FOUNDATION,PO BOX 908,,,BOZEMAN,MT,Vacant Land,40.0,9
Fergus,AMERICAN PRAIRIE,AMERICAN PRAIRIE FOUNDATION,PO BOX 908,,,BOZEMAN,MT,Vacant Land,40.0,9
Fergus,AMERICAN PRAIRIE,AMERICAN PRAIRIE FOUNDATION,PO BOX 908,,,BOZEMAN,MT,Vacant Land,640.0,9
Fergus,AMERICAN PRAIRIE,AMERICAN PRAIRIE FOUNDATION,PO BOX 908,,,BOZEMAN,MT,Vacant Land,200.0,9
Fergus,AMERICAN PRAIRIE,AMERICAN PRAIRIE FOUNDATION,PO BOX 908,,,BOZEMAN,MT,Vacant Land,240.0,9
Fergus,AMERICAN PRAIRIE,AMERICAN PRAIRIE FOUNDATION,PO BOX 908,,,BOZEMAN,MT,Vacant Land,40.0,9
Fergus,AMERICAN PRAIRIE,AMERICAN PRAIRIE FOUNDATION,PO BOX 908,,,BOZEMAN,MT,Vacant Land,240.0,9
Fergus,AMERICAN PRAIRIE,AMERICAN PRAIRIE FOUNDATION,PO BOX 908,,,BOZEMAN,MT,Vacant Land,160.0,9
Fergus,AMERICAN PRAIRIE,AMERICAN PRAIRIE FOUNDATION,PO BOX 908,,,BOZEMAN,MT,Vacant Land,40.0,9
Fergus,AMERICAN PRAIRIE,AMERICAN PRAIRIE FOUNDATION,PO BOX 908,,,BOZEMAN,MT,Vacant Land,156.5,9
Fergus,AMERICAN PRAIRIE,AMERICAN PRAIRIE FOUNDATION,PO BOX 908,,,BOZEMAN,MT,Vacant Land,160.0,9
Fergus,AMERICAN PRAIRIE,AMERICAN PRAIRIE FOUNDATION,PO BOX 908,,,BOZEMAN,MT,Vacant Land,320.0,9
Fergus,AMERICAN PRAIRIE,AMERICAN PRAIRIE FOUNDATION,PO BOX 908,,,BOZEMAN,MT,Vacant Land,440.0,9
Fergus,AMERICAN PRAIRIE,AMERICAN PRAIRIE FOUNDATION,PO BOX 908,,,BOZEMAN,MT,Vacant Land,640.0,9
Fergus,AMERICAN PRAIRIE,AMERICAN PRAIRIE FOUNDATION,PO BOX 908,,,BOZEMAN,MT,Improved Property,360.0,9
Fergus,AMERICAN PRAIRIE,AMERICAN PRAIRIE FOUNDATION,PO BOX 908,,,BOZEMAN,MT,Vacant Land,80.0,9
Fergus,AMERICAN PRAIRIE,AMERICAN PRAIRIE FOUNDATION,PO BOX 908,,,BOZEMAN,MT,Vacant Land,40.0,9
Fergus,AMERICAN PRAIRIE,AMERICAN PRAIRIE FOUNDATION,PO BOX 908,,,BOZEMAN,MT,Vacant Land,440.0,9
Fergus,AMERICAN PRAIRIE,AMERICAN PRAIRIE FOUNDATION,PO BOX 908,,,BOZEMAN,MT,Vacant Land,40.0,9
Fergus,AMERICAN PRAIRIE,AMERICAN PRAIRIE FOUNDATION,PO BOX 908,,,BOZEMAN,MT,Vacant Land,40.0,9
Fergus,AMERICAN PRAIRIE,AMERICAN PRAIRIE FOUNDATION,PO BOX 908,,,BOZEMAN,MT,Vacant Land,118.33,9
Fergus,AMERICAN PRAIRIE,AMERICAN PRAIRIE FOUNDATION,PO BOX 908,,,BOZEMAN,MT,Vacant Land,198.37,9
Fergus,AMERICAN PRAIRIE,AMERICAN PRAIRIE FOUNDATION,PO BOX 908,,,BOZEMAN,MT,Vacant Land,40.0,9
Fergus,AMERICAN PRAIRIE,AMERICAN PRAIRIE FOUNDATION,PO BOX 908,,,BOZEMAN,MT,Vacant Land,120.0,9
Fergus,AMERICAN PRAIRIE,AMERICAN PRAIRIE FOUNDATION,PO BOX 908,,,BOZEMAN,MT,Vacant Land,40.0,9
Fergus,AMERICAN PRAIRIE,AMERICAN PRAIRIE FOUNDATION,PO BOX 908,,,BOZEMAN,MT,Vacant Land,80.0,9
Fergus,AMERICAN PRAIRIE,AMERICAN PRAIRIE FOUNDATION,PO BOX 908,,,BOZEMAN,MT,Vacant Land,394.86,9
Fergus,AMERICAN PRAIRIE,AMERICAN PRAIRIE FOUNDATION,PO BOX 908,,,BOZEMAN,MT,Vacant Land,160.0,9
Fergus,AMERICAN PRAIRIE,AMERICAN PRAIRIE FOUNDATION,PO BOX 908,,,BOZEMAN,MT,Vacant Land,40.0,9
Fergus,AMERICAN PRAIRIE,AMERICAN PRAIRIE FOUNDATION,PO BOX 908,,,BOZEMAN,MT,Vacant Land,360.0,9
Fergus,AMERICAN PRAIRIE,AMERICAN PRAIRIE FOUNDATION,PO BOX 908,,,BOZEMAN,MT,Vacant Land,320.0,9
Fergus,AMERICAN PRAIRIE,AMERICAN PRAIRIE FOUNDATION,PO BOX 908,,,BOZEMAN,MT,Vacant Land,480.0,9
Fergus,AMERICAN PRAIRIE,AMERICAN PRAIRIE FOUNDATION,PO BOX 908,,,BOZEMAN,MT,Vacant Land,160.0,9
Fergus,AMERICAN PRAIRIE,AMERICAN PRAIRIE FOUNDATION,PO BOX 908,,,BOZEMAN,MT,Vacant Land,240.0,9
Fergus,AMERICAN PRAIRIE,AMERICAN PRAIRIE FOUNDATION,PO BOX 908,,,BOZEMAN,MT,Vacant Land,160.0,9
Fergus,AMERICAN PRAIRIE,AMERICAN PRAIRIE FOUNDATION,PO BOX 908,,,BOZEMAN,MT,Vacant Land,40.0,9
Fergus,AMERICAN PRAIRIE,AMERICAN PRAIRIE FOUNDATION,PO BOX 908,,,BOZEMAN,MT,Vacant Land,280.0,9
Fergus,AMERICAN PRAIRIE,AMERICAN PRAIRIE FOUNDATION,PO BOX 908,,,BOZEMAN,MT,Vacant Land,314.59,9
Fergus,AMERICAN PRAIRIE,AMERICAN PRAIRIE FOUNDATION,PO BOX 908,,,BOZEMAN,MT,Vacant Land,80.0,9
Fergus,AMERICAN PRAIRIE,AMERICAN PRAIRIE FOUNDATION,PO BOX 908,,,BOZEMAN,MT,Vacant Land,320.0,9
Fergus,AMERICAN PRAIRIE,AMERICAN PRAIRIE FOUNDATION,PO BOX 908,,,BOZEMAN,MT,Vacant Land,160.0,9
Fergus,AMERICAN PRAIRIE,AMERICAN PRAIRIE FOUNDATION,PO BOX 908,,,BOZEMAN,MT,Vacant Land,160.0,9
Fergus,AMERICAN PRAIRIE,AMERICAN PRAIRIE FOUNDATION,PO BOX 908,,,BOZEMAN,MT,Vacant Land,80.0,9
Fergus,AMERICAN PRAIRIE,AMERICAN PRAIRIE FOUNDATION,PO BOX 908,,,BOZEMAN,MT,Vacant Land,80.0,9
Fergus,AMERICAN PRAIRIE,AMERICAN PRAIRIE FOUNDATION,PO BOX 908,,,BOZEMAN,MT,Vacant Land,280.0,9
Fergus,AMERICAN PRAIRIE,AMERICAN PRAIRIE FOUNDATION,PO BOX 908,,,BOZEMAN,MT,Improved Property,0.333,9
Fergus,WILKS BROTHERS,WILKS RANCH MONTANA LTD,PO BOX 1032,,,CISCO,TX,Vacant Land,80.0,5
Fergus,WILKS BROTHERS,WILKS RANCH MONTANA LTD,PO BOX 1032,,,CISCO,TX,Improved Property,280.0,5
Fergus,WILKS BROTHERS,WILKS RANCH MONTANA LTD,PO BOX 1032,,,CISCO,TX,Vacant Land,80.0,5
Fergus,WILKS BROTHERS,WILKS RANCH MONTANA LTD,PO BOX 1032,,,CISCO,TX,Vacant Land,80.0,5
Fergus,WILKS BROTHERS,WILKS RANCH MONTANA LTD,PO BOX 1032,,,CISCO,TX,Vacant Land,40.0,5
Fergus,WILKS BROTHERS,WILKS RANCH MONTANA LTD,PO BOX 1032,,,CISCO,TX,Vacant Land,40.0,5
Fergus,WILKS BROTHERS,WILKS RANCH MONTANA LTD,PO BOX 1032,,,CISCO,TX,Vacant Land,40.0,5
Fergus,WILKS BROTHERS,WILKS RANCH MONTANA LTD,PO BOX 1032,,,CISCO,TX,Vacant Land,400.0,5
Fergus,WILKS BROTHERS,WILKS RANCH MONTANA LTD,PO BOX 1032,,,CISCO,TX,Vacant Land,360.0,5
Fergus,WILKS BROTHERS,WILKS RANCH MONTANA LTD,PO BOX 1032,,,CISCO,TX,Vacant Land,280.0,5
Fergus,WILKS BROTHERS,WILKS RANCH MONTANA LTD,PO BOX 1032,,,CISCO,TX,Vacant Land,80.0,5
Fergus,WILKS BROTHERS,WILKS RANCH MONTANA LTD,PO BOX 1032,,,CISCO,TX,Vacant Land,400.0,5
Fergus,WILKS BROTHERS,WILKS RANCH MONTANA LTD,PO BOX 1032,,,CISCO,TX,Vacant Land,80.0,5
Fergus,WILKS BROTHERS,WILKS RANCH MONTANA LTD,PO BOX 1032,,,CISCO,TX,Vacant Land,520.0,5
Fergus,WILKS BROTHERS,WILKS RANCH MONTANA LTD,PO BOX 1032,,,CISCO,TX,Vacant Land,40.333,5
Fergus,WILKS BROTHERS,WILKS RANCH MONTANA LTD,PO BOX 1032,,,CISCO,TX,Vacant Land,320.0,5
Fergus,WILKS BROTHERS,WILKS RANCH MONTANA LTD,PO BOX 1032,,,CISCO,TX,Vacant Land,520.0,5
Fergus,WILKS BROTHERS,WILKS RANCH MONTANA LTD,PO BOX 1032,,,CISCO,TX,Vacant Land,360.0,5
Fergus,WILKS BROTHERS,WILKS RANCH MONTANA LTD,PO BOX 1032,,,CISCO,TX,Vacant Land,120.0,5
Fergus,WILKS BROTHERS,WILKS RANCH MONTANA LTD,PO BOX 1032,,,CISCO,TX,Vacant Land,120.0,5
Fergus,WILKS BROTHERS,WILKS RANCH MONTANA LTD,PO BOX 1032,,,CISCO,TX,Vacant Land,240.0,5
Fergus,WILKS BROTHERS,WILKS RANCH MONTANA LTD,PO BOX 1032,,,CISCO,TX,Vacant Land,120.0,5
Fergus,WILKS BROTHERS,WILKS RANCH MONTANA LTD,PO BOX 1032,,,CISCO,TX,Improved Property,160.0,5
Fergus,WILKS BROTHERS,WILKS RANCH MONTANA LTD,PO BOX 1032,,,CISCO,TX,Vacant Land,80.0,5
Fergus,WILKS BROTHERS,WILKS RANCH MONTANA LTD,PO BOX 1032,,,CISCO,TX,Vacant Land,65.0,5
Fergus,WILKS BROTHERS,WILKS RANCH MONTANA LTD,PO BOX 1032,,,CISCO,TX,Vacant Land,95.0,5
Fergus,WILKS BROTHERS,WILKS RANCH MONTANA LTD,PO BOX 1032,,,CISCO,TX,Vacant Land,40.0,5
Fergus,WILKS BROTHERS,WILKS RANCH MONTANA LTD,PO BOX 1032,,,CISCO,TX,Vacant Land,84.88,5
Fergus,WILKS BROTHERS,WILKS RANCH MONTANA LTD,PO BOX 1032,,,CISCO,TX,Improved Property,122.02,5
Fergus,WILKS BROTHERS,WILKS RANCH MONTANA LTD,PO BOX 1032,,,CISCO,TX,Vacant Land,41.74,5
Fergus,WILKS BROTHERS,WILKS RANCH MONTANA LTD,PO BOX 1032,,,CISCO,TX,Vacant Land,399.1,5
Fergus,WILKS BROTHERS,WILKS RANCH MONTANA LTD,PO BOX 1032,,,CISCO,TX,Vacant Land,159.37,5
Fergus,WILKS BROTHERS,WILKS RANCH MONTANA LTD,PO BOX 1032,,,CISCO,TX,Vacant Land,476.79,5
Fergus,WILKS BROTHERS,WILKS RANCH MONTANA LTD,PO BOX 1032,,,CISCO,TX,Vacant Land,556.49,5
Fergus,WILKS BROTHERS,WILKS RANCH MONTANA LTD,PO BOX 1032,,,CISCO,TX,Vacant Land,78.89,5
Fergus,WILKS BROTHERS,WILKS RANCH MONTANA LTD,PO BOX 1032,,,CISCO,TX,Vacant Land,250.57,5
Fergus,WILKS BROTHERS,WILKS RANCH MONTANA LTD,PO BOX 1032,,,CISCO,TX,Vacant Land,306.5,5
Fergus,WILKS BROTHERS,WILKS RANCH MONTANA LTD,PO BOX 1032,,,CISCO,TX,Vacant Land,565.8,5
Fergus,WILKS BROTHERS,WILKS RANCH MONTANA LTD,PO BOX 1032,,,CISCO,TX,Vacant Land,160.43,5
Fergus,WILKS BROTHERS,WILKS RANCH MONTANA LTD,PO BOX 1032,,,CISCO,TX,Vacant Land,481.69,5
Fergus,WILKS BROTHERS,WILKS RANCH MONTANA LTD,PO BOX 1032,,,CISCO,TX,Vacant Land,400.6,5
Fergus,WILKS BROTHERS,WILKS RANCH MONTANA LTD,PO BOX 1032,,,CISCO,TX,Improved Property,80.0,5
Fergus,WILKS BROTHERS,WILKS RANCH MONTANA LTD,PO BOX 1032,,,CISCO,TX,Vacant Land,160.0,5
Fergus,WILKS BROTHERS,WILKS RANCH MONTANA LTD,PO BOX 1032,,,CISCO,TX,Vacant Land,80.0,5
Fergus,WILKS BROTHERS,WILKS RANCH MONTANA LTD,PO BOX 1032,,,CISCO,TX,Vacant Land,640.0,5
Fergus,WILKS BROTHERS,WILKS RANCH MONTANA LTD,PO BOX 1032,,,CISCO,TX,Vacant Land,300.0,5
Fergus,WILKS BROTHERS,WILKS RANCH MONTANA LTD,PO BOX 1032,,,CISCO,TX,Vacant Land,340.0,5
Fergus,WILKS BROTHERS,WILKS RANCH MONTANA LTD,PO BOX 1032,,,CISCO,TX,Vacant Land,600.0,5
Fergus,WILKS BROTHERS,WILKS RANCH MONTANA LTD,PO BOX 1032,,,CISCO,TX,Vacant Land,400.0,5
Fergus,WILKS BROTHERS,WILKS RANCH MONTANA LTD,PO BOX 1032,,,CISCO,TX,Vacant Land,80.0,5
Fergus,WILKS BROTHERS,WILKS RANCH MONTANA LTD,PO BOX 1032,,,CISCO,TX,Vacant Land,646.72,5
Fergus,WILKS BROTHERS,WILKS RANCH MONTANA LTD,PO BOX 1032,,,CISCO,TX,Vacant Land,320.0,5
Fergus,WILKS BROTHERS,WILKS RANCH MONTANA LTD,PO BOX 1032,,,CISCO,TX,Vacant Land,320.0,5
Fergus,WILKS BROTHERS,WILKS RANCH MONTANA LTD,PO BOX 1032,,,CISCO,TX,Vacant Land,320.0,5
Fergus,WILKS BROTHERS,WILKS RANCH MONTANA LTD,PO BOX 1032,,,CISCO,TX,Vacant Land,40.0,5
Fergus,WILKS BROTHERS,WILKS RANCH MONTANA LTD,PO BOX 1032,,,CISCO,TX,Vacant Land,40.0,5
Fergus,WILKS BROTHERS,WILKS RANCH MONTANA LTD,PO BOX 1032,,,CISCO,TX,Vacant Land,40.0,5
Fergus,WILKS BROTHERS,WILKS RANCH MONTANA LTD,PO BOX 1032,,,CISCO,TX,Vacant Land,640.0,5
Fergus,WILKS BROTHERS,WILKS RANCH MONTANA LTD,PO BOX 1032,,,CISCO,TX,Vacant Land,640.0,5
Fergus,WILKS BROTHERS,WILKS RANCH MONTANA LTD,PO BOX 1032,,,CISCO,TX,Vacant Land,120.0,5
Fergus,WILKS BROTHERS,WILKS RANCH MONTANA LTD,PO BOX 1032,,,CISCO,TX,Vacant Land,282.01,5
Fergus,WILKS BROTHERS,WILKS RANCH MONTANA LTD,PO BOX 1032,,,CISCO,TX,Vacant Land,634.0,5
Fergus,WILKS BROTHERS,WILKS RANCH MONTANA LTD,PO BOX 1032,,,CISCO,TX,Vacant Land,239.0,5
Fergus,WILKS BROTHERS,WILKS RANCH MONTANA LTD,PO BOX 1032,,,CISCO,TX,Vacant Land,360.0,5
Fergus,WILKS BROTHERS,WILKS RANCH MONTANA LTD,PO BOX 1032,,,CISCO,TX,Vacant Land,366.55,5
Fergus,WILKS BROTHERS,WILKS RANCH MONTANA LTD,PO BOX 1032,,,CISCO,TX,Vacant Land,200.0,5
Fergus,WILKS BROTHERS,WILKS RANCH MONTANA LTD,PO BOX 1032,,,CISCO,TX,Vacant Land,648.72,5
Fergus,WILKS BROTHERS,WILKS RANCH MONTANA LTD,PO BOX 1032,,,CISCO,TX,Vacant Land,646.72,5
Fergus,WILKS BROTHERS,WILKS RANCH MONTANA LTD,PO BOX 1032,,,CISCO,TX,Vacant Land,641.82,5
Fergus,WILKS BROTHERS,WILKS RANCH MONTANA LTD,PO BOX 1032,,,CISCO,TX,Vacant Land,444.26,5
Fergus,WILKS BROTHERS,WILKS RANCH MONTANA LTD,PO BOX 1032,,,CISCO,TX,Vacant Land,155.0,5
Fergus,WILKS BROTHERS,WILKS JOANN,PO BOX 1032,,,CISCO,TX,Vacant Land,360.0,5
Fergus,WILKS BROTHERS,WILKS RANCH MONTANA LTD,PO BOX 1032,,,CISCO,TX,Improved Property,93.978,5
Fergus,WILKS BROTHERS,WILKS JOANN,PO BOX 1032,,,CISCO,TX,Vacant Land,80.0,5
Fergus,WILKS BROTHERS,WILKS JOANN,PO BOX 1032,,,CISCO,TX,Vacant Land,280.0,5
Fergus,WILKS BROTHERS,WILKS RANCH MONTANA LTD,PO BOX 1032,,,CISCO,TX,Vacant Land,600.0,5
Fergus,WILKS BROTHERS,WILKS RANCH MONTANA LTD,PO BOX 1032,,,CISCO,TX,Improved Property,640.0,5
Fergus,WILKS BROTHERS,WILKS RANCH MONTANA LTD,PO BOX 1032,,,CISCO,TX,Vacant Land,385.892,5
Fergus,WILKS BROTHERS,WILKS RANCH MONTANA LTD,PO BOX 1032,,,CISCO,TX,Vacant Land,640.0,5
Fergus,WILKS BROTHERS,WILKS RANCH MONTANA LTD,PO BOX 1032,,,CISCO,TX,Improved Property,80.0,5
Fergus,WILKS BROTHERS,WILKS RANCH MONTANA LTD,PO BOX 1032,,,CISCO,TX,Vacant Land,160.39,5
Fergus,WILKS BROTHERS,WILKS RANCH MONTANA LTD,PO BOX 1032,,,CISCO,TX,Vacant Land,28.0,5
Fergus,WILKS BROTHERS,WILKS STACI,PO BOX 1032,,,CISCO,TX,Vacant Land,80.0,5
Fergus,WILKS BROTHERS,WILKS STACI,PO BOX 1032,,,CISCO,TX,Improved Property,200.0,5
Fergus,WILKS BROTHERS,WILKS RANCH MONTANA LTD,PO BOX 1032,,,CISCO,TX,Vacant Land,120.0,5
Fergus,WILKS BROTHERS,WILKS RANCH MONTANA LTD,PO BOX 1032,,,CISCO,TX,Vacant Land,80.0,5
Fergus,WILKS BROTHERS,WILKS RANCH MONTANA LTD,PO BOX 1032,,,CISCO,TX,Vacant Land,640.0,5
Fergus,WILKS BROTHERS,WILKS RANCH MONTANA LTD,PO BOX 1032,,,CISCO,TX,Vacant Land,640.0,5
Fergus,WILKS BROTHERS,WILKS RANCH MONTANA LTD,PO BOX 1032,,,CISCO,TX,Improved Property,640.0,5
Fergus,WILKS BROTHERS,WILKS RANCH MONTANA LTD,PO BOX 1032,,,CISCO,TX,Improved Property,639.4,5
Fergus,WILKS BROTHERS,WILKS RANCH MONTANA LTD,PO BOX 1032,,,CISCO,TX,Vacant Land,640.0,5
Fergus,WILKS BROTHERS,WILKS RANCH MONTANA LTD,PO BOX 1032,,,CISCO,TX,Improved Property,520.0,5
Fergus,WILKS BROTHERS,WILKS RANCH MONTANA LTD,PO BOX 1032,,,CISCO,TX,Vacant Land,400.0,5
Fergus,WILKS BROTHERS,WILKS STACI,PO BOX 1032,,,CISCO,TX,Vacant Land,400.0,5
Fergus,WILKS BROTHERS,WILKS STACI,PO BOX 1032,,,CISCO,TX,Vacant Land,80.0,5
Fergus,WILKS BROTHERS,WILKS RANCH MONTANA LTD,PO BOX 1032,,,CISCO,TX,Vacant Land,400.0,5
Fergus,WILKS BROTHERS,WILKS RANCH MONTANA LTD,PO BOX 1032,,,CISCO,TX,Vacant Land,120.0,5
Fergus,WILKS BROTHERS,WILKS RANCH MONTANA LTD,PO BOX 1032,,,CISCO,TX,Vacant Land,40.0,5
Fergus,WILKS BROTHERS,WILKS RANCH MONTANA LTD,PO BOX 1032,,,CISCO,TX,Vacant Land,625.63,5
Fergus,WILKS BROTHERS,WILKS RANCH MONTANA LTD,PO BOX 1032,,,CISCO,TX,Vacant Land,638.84,5
Fergus,WILKS BROTHERS,WILKS RANCH MONTANA LTD,PO BOX 1032,,,CISCO,TX,Vacant Land,641.68,5
Fergus,WILKS BROTHERS,WILKS RANCH MONTANA LTD,PO BOX 1032,,,CISCO,TX,Vacant Land,602.57,5
Fergus,WILKS BROTHERS,WILKS RANCH MONTANA LTD,PO BOX 1032,,,CISCO,TX,Vacant Land,644.6,5
Fergus,WILKS BROTHERS,WILKS RANCH MONTANA LTD,PO BOX 1032,,,CISCO,TX,Vacant Land,643.76,5
Fergus,WILKS BROTHERS,WILKS RANCH MONTANA LTD,PO BOX 1032,,,CISCO,TX,Improved Property,644.59,5
Fergus,WILKS BROTHERS,WILKS RANCH MONTANA LTD,PO BOX 1032,,,CISCO,TX,Vacant Land,655.89,5
Fergus,WILKS BROTHERS,WILKS RANCH MONTANA LTD,PO BOX 1032,,,CISCO,TX,Vacant Land,640.82,5
Fergus,WILKS BROTHERS,WILKS RANCH MONTANA LTD,PO BOX 1032,,,CISCO,TX,Improved Property,643.36,5
Fergus,WILKS BROTHERS,WILKS RANCH MONTANA LTD,PO BOX 1032,,,CISCO,TX,Vacant Land,641.78,5
Fergus,WILKS BROTHERS,WILKS RANCH MONTANA LTD,PO BOX 1032,,,CISCO,TX,Improved Property,200.4,5
Fergus,WILKS BROTHERS,WILKS RANCH MONTANA LTD,PO BOX 1032,,,CISCO,TX,Improved Property,21.714,5
Fergus,WILKS BROTHERS,WILKS RANCH MONTANA LTD,PO BOX 1032,,,CISCO,TX,Vacant Land,199.04,5
Fergus,WILKS BROTHERS,WILKS RANCH MONTANA LTD,PO BOX 1032,,,CISCO,TX,Vacant Land,275.6,5
Fergus,WILKS BROTHERS,WILKS RANCH MONTANA LTD,PO BOX 1032,,,CISCO,TX,Vacant Land,28.37,5
Fergus,WILKS BROTHERS,WILKS RANCH MONTANA LTD,PO BOX 1032,,,CISCO,TX,Vacant Land,324.47,5
Fergus,WILKS BROTHERS,WILKS FARRIS,PO BOX 1032,,,CISCO,TX,Vacant Land,286.24,5
Fergus,WILKS BROTHERS,WILKS DAN,PO BOX 1032,,,CISCO,TX,Vacant Land,429.35,5
Fergus,WILKS BROTHERS,WILKS RANCH MONTANA LTD,PO BOX 1032,,,CISCO,TX,Vacant Land,80.0,5
Fergus,WILKS BROTHERS,WILKS DAN,PO BOX 1032,,,CISCO,TX,Vacant Land,320.0,5
Fergus,WILKS BROTHERS,WILKS RANCH MONTANA LTD,PO BOX 1032,,,CISCO,TX,Vacant Land,20.07,5
Fergus,WILKS BROTHERS,WILKS RANCH MONTANA LTD,PO BOX 1032,,,CISCO,TX,Vacant Land,43.828,5
Fergus,WILKS BROTHERS,WILKS RANCH MONTANA LTD,PO BOX 1032,,,CISCO,TX,Vacant Land,280.0,5
Fergus,WILKS BROTHERS,WILKS FARRIS,PO BOX 1032,,,CISCO,TX,Vacant Land,240.0,5
Fergus,WILKS BROTHERS,WILKS FARRIS,PO BOX 1032,,,CISCO,TX,Vacant Land,240.0,5
Fergus,WILKS BROTHERS,WILKS RANCH MONTANA LTD,PO BOX 1032,,,CISCO,TX,Vacant Land,43.602,5
Fergus,WILKS BROTHERS,WILKS RANCH MONTANA LTD,PO BOX 1032,,,CISCO,TX,Vacant Land,19.959,5
Fergus,WILKS BROTHERS,WILKS RANCH MONTANA LTD,PO BOX 1032,,,CISCO,TX,Vacant Land,122.33,5
Fergus,WILKS BROTHERS,WILKS RANCH MONTANA LTD,PO BOX 1032,,,CISCO,TX,Improved Property,120.0,5
Fergus,WILKS BROTHERS,WILKS RANCH MONTANA LTD,PO BOX 1032,,,CISCO,TX,Vacant Land,80.0,5
Fergus,WILKS BROTHERS,WILKS RANCH MONTANA LTD,PO BOX 1032,,,CISCO,TX,Vacant Land,43.204,5
Fergus,WILKS BROTHERS,WILKS RANCH MONTANA LTD,PO BOX 1032,,,CISCO,TX,Vacant Land,39.891,5
Fergus,WILKS BROTHERS,WILKS RANCH MONTANA LTD,PO BOX 1032,,,CISCO,TX,Vacant Land,451.4,5
Fergus,WILKS BROTHERS,WILKS RANCH MONTANA LTD,PO BOX 1032,,,CISCO,TX,Vacant Land,640.0,5
Fergus,WILKS BROTHERS,WILKS RANCH MONTANA LTD,PO BOX 1032,,,CISCO,TX,Vacant Land,617.99,5
Fergus,WILKS BROTHERS,WILKS RANCH MONTANA LTD,PO BOX 1032,,,CISCO,TX,Vacant Land,40.0,5
Fergus,WILKS BROTHERS,WILKS RANCH MONTANA LTD,PO BOX 1032,,,CISCO,TX,Vacant Land,400.0,5
Fergus,WILKS BROTHERS,WILKS RANCH MONTANA LTD,PO BOX 1032,,,CISCO,TX,Vacant Land,80.0,5
Fergus,WILKS BROTHERS,WILKS RANCH MONTANA LTD,PO BOX 1032,,,CISCO,TX,Vacant Land,400.0,5
Fergus,WILKS BROTHERS,WILKS RANCH MONTANA LTD,PO BOX 1032,,,CISCO,TX,Vacant Land,640.0,5
Fergus,WILKS BROTHERS,WILKS RANCH MONTANA LTD,PO BOX 1032,,,CISCO,TX,Vacant Land,640.0,5
Fergus,WILKS BROTHERS,WILKS RANCH MONTANA LTD,PO BOX 1032,,,CISCO,TX,Vacant Land,640.0,5
Fergus,WILKS BROTHERS,WILKS RANCH MONTANA LTD,PO BOX 1032,,,CISCO,TX,Vacant Land,400.0,5
Fergus,WILKS BROTHERS,WILKS RANCH MONTANA LTD,PO BOX 1032,,,CISCO,TX,Vacant Land,638.4,5
Fergus,WILKS BROTHERS,WILKS RANCH MONTANA LTD,PO BOX 1032,,,CISCO,TX,Improved Property,160.0,5
Fergus,WILKS BROTHERS,WILKS RANCH MONTANA LTD,PO BOX 1032,,,CISCO,TX,Vacant Land,480.0,5
Fergus,WILKS BROTHERS,WILKS RANCH MONTANA LTD,PO BOX 1032,,,CISCO,TX,Vacant Land,653.75,5
Fergus,WILKS BROTHERS,WILKS RANCH MONTANA LTD,PO BOX 1032,,,CISCO,TX,Vacant Land,640.0,5
Fergus,WILKS BROTHERS,WILKS RANCH MONTANA LTD,PO BOX 1032,,,CISCO,TX,Vacant Land,640.0,5
Fergus,WILKS BROTHERS,WILKS RANCH MONTANA LTD,PO BOX 1032,,,CISCO,TX,Vacant Land,640.0,5
Fergus,WILKS BROTHERS,WILKS RANCH MONTANA LTD,PO BOX 1032,,,CISCO,TX,Vacant Land,40.0,5
Fergus,WILKS BROTHERS,WILKS RANCH MONTANA LTD,PO BOX 1032,,,CISCO,TX,Vacant Land,240.0,5
Fergus,WILKS BROTHERS,WILKS RANCH MONTANA LTD,PO BOX 1032,,,CISCO,TX,Improved Property,544.47,5
Fergus,WILKS BROTHERS,WILKS RANCH MONTANA LTD,PO BOX 1032,,,CISCO,TX,Vacant Land,200.0,5
Fergus,WILKS BROTHERS,WILKS RANCH MONTANA LTD,PO BOX 1032,,,CISCO,TX,Improved Property,240.0,5
Fergus,WILKS BROTHERS,WILKS RANCH MONTANA LTD,PO BOX 1032,,,CISCO,TX,Vacant Land,120.0,5
Fergus,WILKS BROTHERS,WILKS RANCH MONTANA LTD,PO BOX 1032,,,CISCO,TX,Vacant Land,40.0,5
Fergus,WILKS BROTHERS,WILKS RANCH MONTANA LTD,PO BOX 1032,,,CISCO,TX,Vacant Land,80.0,5
Fergus,WILKS BROTHERS,WILKS RANCH MONTANA LTD,PO BOX 1032,,,CISCO,TX,Vacant Land,640.0,5
Fergus,WILKS BROTHERS,WILKS RANCH MONTANA LTD,PO BOX 1032,,,CISCO,TX,Vacant Land,640.0,5
Fergus,WILKS BROTHERS,WILKS RANCH MONTANA LTD,PO BOX 1032,,,CISCO,TX,Vacant Land,154.82,5
Fergus,WILKS BROTHERS,WILKS RANCH MONTANA LTD,PO BOX 1032,,,CISCO,TX,Vacant Land,420.0,5
Fergus,WILKS BROTHERS,WILKS RANCH MONTANA LTD,PO BOX 1032,,,CISCO,TX,Vacant Land,400.0,5
Fergus,WILKS BROTHERS,WILKS RANCH MONTANA LTD,PO BOX 1032,,,CISCO,TX,Vacant Land,636.4,5
Fergus,WILKS BROTHERS,WILKS RANCH MONTANA LTD,PO BOX 1032,,,CISCO,TX,Vacant Land,520.0,5
Fergus,WILKS BROTHERS,WILKS RANCH MONTANA LTD,PO BOX 1032,,,CISCO,TX,Vacant Land,640.0,5
Fergus,WILKS BROTHERS,WILKS RANCH MONTANA LTD,PO BOX 1032,,,CISCO,TX,Vacant Land,120.0,5
Fergus,WILKS BROTHERS,WILKS RANCH MONTANA LTD,PO BOX 1032,,,CISCO,TX,Vacant Land,160.0,5
Fergus,WILKS BROTHERS,WILKS RANCH MONTANA LTD,PO BOX 1032,,,CISCO,TX,Vacant Land,260.64,5
Fergus,WILKS BROTHERS,WILKS RANCH MONTANA LTD,PO BOX 1032,,,CISCO,TX,Vacant Land,160.0,5
Fergus,WILKS BROTHERS,WILKS RANCH MONTANA LTD,PO BOX 1032,,,CISCO,TX,Vacant Land,440.0,5
Fergus,WILKS BROTHERS,WILKS RANCH MONTANA LTD,PO BOX 1032,,,CISCO,TX,Vacant Land,280.0,5
Fergus,WILKS BROTHERS,WILKS RANCH MONTANA LTD,PO BOX 1032,,,CISCO,TX,Vacant Land,527.06,5
Fergus,WILKS BROTHERS,WILKS RANCH MONTANA LTD,PO BOX 1032,,,CISCO,TX,Vacant Land,304.77,5
Fergus,WILKS BROTHERS,WILKS RANCH MONTANA LTD,PO BOX 1032,,,CISCO,TX,Improved Property,220.0,5
Fergus,WILKS BROTHERS,WILKS RANCH MONTANA LTD,PO BOX 1032,,,CISCO,TX,Vacant Land,400.0,5
Fergus,WILKS BROTHERS,WILKS RANCH MONTANA LTD,PO BOX 1032,,,CISCO,TX,Vacant Land,200.0,5
Fergus,WILKS BROTHERS,WILKS RANCH MONTANA LTD,PO BOX 1032,,,CISCO,TX,Vacant Land,120.0,5
Fergus,WILKS BROTHERS,WILKS RANCH MONTANA LTD,PO BOX 1032,,,CISCO,TX,Vacant Land,240.0,5
Fergus,WILKS BROTHERS,WILKS RANCH MONTANA LTD,PO BOX 1032,,,CISCO,TX,Vacant Land,160.0,5
Fergus,WILKS BROTHERS,WILKS RANCH MONTANA LTD,PO BOX 1032,,,CISCO,TX,Vacant Land,80.0,5
Fergus,WILKS BROTHERS,WILKS RANCH MONTANA LTD,PO BOX 1032,,,CISCO,TX,Vacant Land,40.0,5
Fergus,WILKS BROTHERS,WILKS RANCH MONTANA LTD,PO BOX 1032,,,CISCO,TX,Vacant Land,80.0,5
Fergus,WILKS BROTHERS,WILKS RANCH MONTANA LTD,PO BOX 1032,,,CISCO,TX,Vacant Land,40.0,5
Fergus,WILKS BROTHERS,WILKS RANCH MONTANA LTD,PO BOX 1032,,,CISCO,TX,Vacant Land,80.0,5
Fergus,WILKS BROTHERS,WILKS RANCH MONTANA LTD,PO BOX 1032,,,CISCO,TX,Vacant Land,80.0,5
Fergus,WILKS BROTHERS,WILKS RANCH MONTANA LTD,PO BOX 1032,,,CISCO,TX,Vacant Land,160.0,5
Fergus,WILKS BROTHERS,WILKS RANCH MONTANA LTD,PO BOX 1032,,,CISCO,TX,Vacant Land,640.0,5
Fergus,WILKS BROTHERS,WILKS RANCH MONTANA LTD,PO BOX 1032,,,CISCO,TX,Improved Property,480.0,5
Fergus,WILKS BROTHERS,WILKS RANCH MONTANA LTD,PO BOX 1032,,,CISCO,TX,Vacant Land,397.72,5
Fergus,WILKS BROTHERS,WILKS RANCH MONTANA LTD,PO BOX 1032,,,CISCO,TX,Vacant Land,330.0,5
Fergus,WILKS BROTHERS,WILKS RANCH MONTANA LTD,PO BOX 1032,,,CISCO,TX,Vacant Land,140.0,5
Fergus,WILKS BROTHERS,WILKS RANCH MONTANA LTD,PO BOX 1032,,,CISCO,TX,Vacant Land,340.0,5
Fergus,WILKS BROTHERS,WILKS RANCH MONTANA LTD,PO BOX 1032,,,CISCO,TX,Vacant Land,160.0,5
Fergus,WILKS BROTHERS,WILKS RANCH MONTANA LTD,PO BOX 1032,,,CISCO,TX,Improved Property,620.8,5
Fergus,WILKS BROTHERS,WILKS RANCH MONTANA LTD,PO BOX 1032,,,CISCO,TX,Vacant Land,640.0,5
Fergus,WILKS BROTHERS,WILKS RANCH MONTANA LTD,PO BOX 1032,,,CISCO,TX,Vacant Land,240.0,5
Fergus,WILKS BROTHERS,WILKS RANCH MONTANA LTD,PO BOX 1032,,,CISCO,TX,Vacant Land,640.0,5
Fergus,WILKS BROTHERS,WILKS RANCH MONTANA LTD,PO BOX 1032,,,CISCO,TX,Vacant Land,640.0,5
Fergus,WILKS BROTHERS,WILKS RANCH MONTANA LTD,PO BOX 1032,,,CISCO,TX,Vacant Land,320.0,5
Fergus,WILKS BROTHERS,WILKS RANCH MONTANA LTD,PO BOX 1032,,,CISCO,TX,Vacant Land,320.0,5
Fergus,WILKS BROTHERS,WILKS RANCH MONTANA LTD,PO BOX 1032,,,CISCO,TX,Vacant Land,46.5,5
Fergus,WILKS BROTHERS,WILKS RANCH MONTANA LTD,PO BOX 1032,,,CISCO,TX,Vacant Land,600.0,5
Fergus,WILKS BROTHERS,WILKS RANCH MONTANA LTD,PO BOX 1032,,,CISCO,TX,Vacant Land,360.0,5
Fergus,WILKS BROTHERS,WILKS RANCH MONTANA LTD,PO BOX 1032,,,CISCO,TX,Vacant Land,240.0,5
Fergus,WILKS BROTHERS,WILKS RANCH MONTANA LTD,PO BOX 1032,,,CISCO,TX,Vacant Land,600.0,5
Fergus,WILKS BROTHERS,WILKS RANCH MONTANA LTD,PO BOX 1032,,,CISCO,TX,Vacant Land,80.0,5
Fergus,WILKS BROTHERS,WILKS RANCH MONTANA LTD,PO BOX 1032,,,CISCO,TX,Vacant Land,360.0,5
Fergus,WILKS BROTHERS,WILKS RANCH MONTANA LTD,PO BOX 1032,,,CISCO,TX,Vacant Land,400.0,5
Fergus,WILKS BROTHERS,WILKS RANCH MONTANA LTD,PO BOX 1032,,,CISCO,TX,Vacant Land,167.57,5
Fergus,WILKS BROTHERS,WILKS RANCH MONTANA LTD,PO BOX 1032,,,CISCO,TX,Vacant Land,80.0,5
Fergus,WILKS BROTHERS,WILKS RANCH MONTANA LTD,PO BOX 1032,,,CISCO,TX,Vacant Land,400.0,5
Fergus,WILKS BROTHERS,WILKS RANCH MONTANA LTD,PO BOX 1032,,,CISCO,TX,Vacant Land,40.0,5
Fergus,WILKS BROTHERS,WILKS RANCH MONTANA LTD,PO BOX 1032,,,CISCO,TX,Vacant Land,80.0,5
Fergus,WILKS BROTHERS,WILKS RANCH MONTANA LTD,PO BOX 1032,,,CISCO,TX,Vacant Land,80.0,5
Fergus,WILKS BROTHERS,WILKS RANCH MONTANA LTD,PO BOX 1032,,,CISCO,TX,Vacant Land,120.0,5
Fergus,WILKS BROTHERS,WILKS RANCH MONTANA LTD,PO BOX 1032,,,CISCO,TX,Vacant Land,320.0,5
Fergus,WILKS BROTHERS,WILKS RANCH MONTANA LTD,PO BOX 1032,,,CISCO,TX,Vacant Land,320.0,5
Fergus,WILKS BROTHERS,WILKS RANCH MONTANA LTD,PO BOX 1032,,,CISCO,TX,Vacant Land,120.0,5
Fergus,WILKS BROTHERS,WILKS RANCH MONTANA LTD,PO BOX 1032,,,CISCO,TX,Vacant Land,200.0,5
Fergus,WILKS BROTHERS,WILKS RANCH MONTANA LTD,PO BOX 1032,,,CISCO,TX,Vacant Land,80.0,5
Fergus,WILKS BROTHERS,WILKS RANCH MONTANA LTD,PO BOX 1032,,,CISCO,TX,Vacant Land,12.5,5
Fergus,WILKS BROTHERS,WILKS RANCH MONTANA LTD,PO BOX 1032,,,CISCO,TX,Vacant Land,80.0,5
Fergus,WILKS BROTHERS,WILKS RANCH MONTANA LTD,PO BOX 1032,,,CISCO,TX,Vacant Land,160.0,5
Fergus,WILKS BROTHERS,WILKS RANCH MONTANA LTD,PO BOX 1032,,,CISCO,TX,Vacant Land,40.0,5
Fergus,WILKS BROTHERS,WILKS RANCH MONTANA LTD,PO BOX 1032,,,CISCO,TX,Vacant Land,40.0,5
Fergus,WILKS BROTHERS,WILKS RANCH MONTANA LTD,PO BOX 1032,,,CISCO,TX,Vacant Land,640.0,5
Fergus,WILKS BROTHERS,WILKS RANCH MONTANA LTD,PO BOX 1032,,,CISCO,TX,Improved Property,90.0,5
Fergus,WILKS BROTHERS,WILKS RANCH MONTANA LTD,PO BOX 1032,,,CISCO,TX,Vacant Land,280.0,5
Fergus,WILKS BROTHERS,WILKS RANCH MONTANA LTD,PO BOX 1032,,,CISCO,TX,Vacant Land,80.0,5
Fergus,WILKS BROTHERS,WILKS RANCH MONTANA LTD,PO BOX 1032,,,CISCO,TX,Vacant Land,560.0,5
Fergus,WILKS BROTHERS,WILKS RANCH MONTANA LTD,PO BOX 1032,,,CISCO,TX,Vacant Land,640.0,5
Fergus,WILKS BROTHERS,WILKS RANCH MONTANA LTD,PO BOX 1032,,,CISCO,TX,Vacant Land,311.2,5
Fergus,WILKS BROTHERS,WILKS RANCH MONTANA LTD,PO BOX 1032,,,CISCO,TX,Vacant Land,40.0,5
Fergus,WILKS BROTHERS,WILKS RANCH MONTANA LTD,PO BOX 1032,,,CISCO,TX,Vacant Land,60.0,5
Fergus,WILKS BROTHERS,WILKS RANCH MONTANA LTD,PO BOX 1032,,,CISCO,TX,Vacant Land,40.0,5
Fergus,WILKS BROTHERS,WILKS RANCH MONTANA LTD,PO BOX 1032,,,CISCO,TX,Vacant Land,600.0,5
Fergus,WILKS BROTHERS,WILKS RANCH MONTANA LTD,PO BOX 1032,,,CISCO,TX,Vacant Land,320.0,5
Fergus,WILKS BROTHERS,WILKS RANCH MONTANA LTD,PO BOX 1032,,,CISCO,TX,Vacant Land,362.46,5
Fergus,WILKS BROTHERS,WILKS RANCH MONTANA LTD,PO BOX 1032,,,CISCO,TX,Vacant Land,640.0,5
Fergus,WILKS BROTHERS,WILKS RANCH MONTANA LTD,PO BOX 1032,,,CISCO,TX,Vacant Land,640.0,5
Fergus,WILKS BROTHERS,WILKS RANCH MONTANA LTD,PO BOX 1032,,,CISCO,TX,Vacant Land,560.0,5
Fergus,WILKS BROTHERS,WILKS RANCH MONTANA LTD,PO BOX 1032,,,CISCO,TX,Vacant Land,480.0,5
Fergus,WILKS BROTHERS,WILKS RANCH MONTANA LTD,PO BOX 1032,,,CISCO,TX,Vacant Land,640.0,5
Fergus,WILKS BROTHERS,WILKS RANCH MONTANA LTD,PO BOX 1032,,,CISCO,TX,Vacant Land,640.0,5
Fergus,WILKS BROTHERS,WILKS RANCH MONTANA LTD,PO BOX 1032,,,CISCO,TX,Vacant Land,40.0,5
Fergus,WILKS BROTHERS,WILKS RANCH MONTANA LTD,PO BOX 1032,,,CISCO,TX,Vacant Land,280.0,5
Fergus,WILKS BROTHERS,WILKS RANCH MONTANA LTD,PO BOX 1032,,,CISCO,TX,Vacant Land,520.0,5
Fergus,WILKS BROTHERS,WILKS RANCH MONTANA LTD,PO BOX 1032,,,CISCO,TX,Vacant Land,357.75,5
Fergus,WILKS BROTHERS,WILKS RANCH MONTANA LTD,PO BOX 1032,,,CISCO,TX,Vacant Land,320.0,5
Fergus,WILKS BROTHERS,WILKS RANCH MONTANA LTD,PO BOX 1032,,,CISCO,TX,Vacant Land,38.05,5
Fergus,WILKS BROTHERS,WILKS RANCH MONTANA LTD,PO BOX 1032,,,CISCO,TX,Vacant Land,33.33,5
Fergus,WILKS BROTHERS,WILKS RANCH MONTANA LTD,PO BOX 1032,,,CISCO,TX,Vacant Land,80.0,5
Fergus,WILKS BROTHERS,WILKS RANCH MONTANA LTD,PO BOX 1032,,,CISCO,TX,Vacant Land,40.0,5
Fergus,WILKS BROTHERS,WILKS RANCH MONTANA LTD,PO BOX 1032,,,CISCO,TX,Improved Property,38.35,5
Fergus,WILKS BROTHERS,WILKS RANCH MONTANA LTD,PO BOX 1032,,,CISCO,TX,Vacant Land,120.0,5
Fergus,WILKS BROTHERS,WILKS RANCH MONTANA LTD,PO BOX 1032,,,CISCO,TX,Vacant Land,40.0,5
Fergus,WILKS BROTHERS,WILKS RANCH MONTANA LTD,PO BOX 1032,,,CISCO,TX,Vacant Land,40.0,5
Fergus,WILKS BROTHERS,WILKS RANCH MONTANA LTD,PO BOX 1032,,,CISCO,TX,Vacant Land,78.65,5
Fergus,WILKS BROTHERS,WILKS RANCH MONTANA LTD,PO BOX 1032,,,CISCO,TX,Vacant Land,480.0,5
Fergus,WILKS BROTHERS,WILKS RANCH MONTANA LTD,PO BOX 1032,,,CISCO,TX,Vacant Land,400.0,5
Fergus,WILKS BROTHERS,WILKS RANCH MONTANA LTD,PO BOX 1032,,,CISCO,TX,Vacant Land,640.0,5
Fergus,WILKS BROTHERS,WILKS RANCH MONTANA LTD,PO BOX 1032,,,CISCO,TX,Vacant Land,640.0,5
Fergus,WILKS BROTHERS,WILKS RANCH MONTANA LTD,PO BOX 1032,,,CISCO,TX,Vacant Land,200.0,5
Fergus,WILKS BROTHERS,WILKS RANCH MONTANA LTD,PO BOX 1032,,,CISCO,TX,Vacant Land,160.0,5
Fergus,WILKS BROTHERS,WILKS RANCH MONTANA LTD,PO BOX 1032,,,CISCO,TX,Vacant Land,560.0,5
Fergus,WILKS BROTHERS,WILKS RANCH MONTANA LTD,PO BOX 1032,,,CISCO,TX,Vacant Land,320.0,5
Fergus,WILKS BROTHERS,WILKS RANCH MONTANA LTD,PO BOX 1032,,,CISCO,TX,Vacant Land,40.0,5
Fergus,WILKS BROTHERS,WILKS RANCH MONTANA LTD,PO BOX 1032,,,CISCO,TX,Vacant Land,435.16,5
Fergus,WILKS BROTHERS,WILKS RANCH MONTANA LTD,PO BOX 1032,,,CISCO,TX,Vacant Land,120.0,5
Fergus,WILKS BROTHERS,WILKS RANCH MONTANA LTD,PO BOX 1032,,,CISCO,TX,Vacant Land,315.72,5
Fergus,WILKS BROTHERS,WILKS RANCH MONTANA LTD,PO BOX 1032,,,CISCO,TX,Vacant Land,360.0,5
Fergus,WILKS BROTHERS,WILKS RANCH MONTANA LTD,PO BOX 1032,,,CISCO,TX,Vacant Land,470.24,5
Fergus,WILKS BROTHERS,WILKS RANCH MONTANA LTD,PO BOX 1032,,,CISCO,TX,Vacant Land,117.45,5
Fergus,WILKS BROTHERS,WILKS RANCH MONTANA LTD,PO BOX 1032,,,CISCO,TX,Vacant Land,54.211,5
Fergus,WILKS BROTHERS,WILKS RANCH MONTANA LTD,PO BOX 1032,,,CISCO,TX,Vacant Land,299.7,5
Fergus,WILKS BROTHERS,WILKS RANCH MONTANA LTD,PO BOX 1032,,,CISCO,TX,Vacant Land,146.4,5
Fergus,WILKS BROTHERS,WILKS RANCH MONTANA LTD,PO BOX 1032,,,CISCO,TX,Vacant Land,147.32,5
Fergus,WILKS BROTHERS,WILKS RANCH MONTANA LTD,PO BOX 1032,,,CISCO,TX,Vacant Land,66.58,5
Fergus,WILKS BROTHERS,WILKS RANCH MONTANA LTD,PO BOX 1032,,,CISCO,TX,Vacant Land,39.28,5
Fergus,WILKS BROTHERS,WILKS RANCH MONTANA LTD,PO BOX 1032,,,CISCO,TX,Vacant Land,21.533,5
Fergus,WILKS BROTHERS,WILKS RANCH MONTANA LTD,PO BOX 1032,,,CISCO,TX,Vacant Land,25.201,5
Fergus,WILKS BROTHERS,WILKS RANCH MONTANA LTD,PO BOX 1032,,,CISCO,TX,Vacant Land,46.097,5
Fergus,WILKS BROTHERS,WILKS RANCH MONTANA LTD,PO BOX 1032,,,CISCO,TX,Vacant Land,20.018,5
Fergus,WILKS BROTHERS,WILKS RANCH MONTANA LTD,PO BOX 1032,,,CISCO,TX,Improved Property,61.684,5
Fergus,WILKS BROTHERS,WILKS RANCH MONTANA LTD,PO BOX 1032,,,CISCO,TX,Vacant Land,638.17,5
Fergus,WILKS BROTHERS,WILKS RANCH MONTANA LTD,PO BOX 1032,,,CISCO,TX,Vacant Land,638.0,5
Fergus,WILKS BROTHERS,WILKS RANCH MONTANA LTD,PO BOX 1032,,,CISCO,TX,Vacant Land,60.0,5
Fergus,WILKS BROTHERS,WILKS RANCH MONTANA LTD,PO BOX 1032,,,CISCO,TX,Improved Property,521.2,5
Fergus,WILKS BROTHERS,WILKS RANCH MONTANA LTD,PO BOX 1032,,,CISCO,TX,Vacant Land,408.0,5
Fergus,AMERICAN PRAIRIE,AMERICAN PRAIRIE FOUNDATION,PO BOX 908,,,BOZEMAN,MT,Vacant Land,160.0,9
Fergus,AMERICAN PRAIRIE,AMERICAN PRAIRIE FOUNDATION,PO BOX 908,,,BOZEMAN,MT,Vacant Land,480.0,9
Fergus,AMERICAN PRAIRIE,AMERICAN PRAIRIE FOUNDATION,PO BOX 908,,,BOZEMAN,MT,Vacant Land,21.26,9
Fergus,AMERICAN PRAIRIE,AMERICAN PRAIRIE FOUNDATION,PO BOX 908,,,BOZEMAN,MT,Vacant Land,358.7,9
Flathead,GREEN DIAMOND MONTANA TIMBERLANDS LLC,GREEN DIAMOND MONTANA TIMBERLANDS LLC,ORBIS INC,8809 LENOX POINTE DR UNIT B,,CHARLOTTE,NC,Vacant Land,638.16,4
Flathead,GREEN DIAMOND MONTANA TIMBERLANDS LLC,GREEN DIAMOND MONTANA TIMBERLANDS LLC,ORBIS INC,8809 LENOX POINTE DR UNIT B,,CHARLOTTE,NC,Vacant Land,556.72,4
Flathead,GREEN DIAMOND MONTANA TIMBERLANDS LLC,GREEN DIAMOND MONTANA TIMBERLANDS LLC,ORBIS INC,8809 LENOX POINTE DR UNIT B,,CHARLOTTE,NC,Vacant Land,80.0,4
Flathead,GREEN DIAMOND MONTANA TIMBERLANDS LLC,GREEN DIAMOND MONTANA TIMBERLANDS LLC,ORBIS INC,8809 LENOX POINTE DR UNIT B,,CHARLOTTE,NC,Vacant Land,551.99,4
Flathead,GREEN DIAMOND MONTANA TIMBERLANDS LLC,GREEN DIAMOND MONTANA TIMBERLANDS LLC,ORBIS INC,8809 LENOX POINTE DR UNIT B,,CHARLOTTE,NC,Vacant Land,557.6,4
Flathead,GREEN DIAMOND MONTANA TIMBERLANDS LLC,GREEN DIAMOND MONTANA TIMBERLANDS LLC,ORBIS INC,8809 LENOX POINTE DR UNIT B,,CHARLOTTE,NC,Vacant Land,397.38,4
Flathead,GREEN DIAMOND MONTANA TIMBERLANDS LLC,GREEN DIAMOND MONTANA TIMBERLANDS LLC,ORBIS INC,8809 LENOX POINTE DR UNIT B,,CHARLOTTE,NC,Vacant Land,160.0,4
Flathead,GREEN DIAMOND MONTANA TIMBERLANDS LLC,GREEN DIAMOND MONTANA TIMBERLANDS LLC,ORBIS INC,8809 LENOX POINTE DR UNIT B,,CHARLOTTE,NC,Vacant Land,640.0,4
Flathead,GREEN DIAMOND MONTANA TIMBERLANDS LLC,GREEN DIAMOND MONTANA TIMBERLANDS LLC,ORBIS INC,8809 LENOX POINTE DR UNIT B,,CHARLOTTE,NC,Vacant Land,640.0,4
Flathead,GREEN DIAMOND MONTANA TIMBERLANDS LLC,GREEN DIAMOND MONTANA TIMBERLANDS LLC,ORBIS INC,8809 LENOX POINTE DR UNIT B,,CHARLOTTE,NC,Vacant Land,640.0,4
Flathead,GREEN DIAMOND MONTANA TIMBERLANDS LLC,GREEN DIAMOND MONTANA TIMBERLANDS LLC,ORBIS INC,8809 LENOX POINTE DR UNIT B,,CHARLOTTE,NC,Vacant Land,80.0,4
Flathead,GREEN DIAMOND MONTANA TIMBERLANDS LLC,GREEN DIAMOND MONTANA TIMBERLANDS LLC,ORBIS INC,8809 LENOX POINTE DR UNIT B,,CHARLOTTE,NC,Vacant Land,160.0,4
Flathead,GREEN DIAMOND MONTANA TIMBERLANDS LLC,GREEN DIAMOND MONTANA TIMBERLANDS LLC,ORBIS INC,8809 LENOX POINTE DR UNIT B,,CHARLOTTE,NC,Vacant Land,480.0,4
Flathead,GREEN DIAMOND MONTANA TIMBERLANDS LLC,GREEN DIAMOND MONTANA TIMBERLANDS LLC,ORBIS INC,8809 LENOX POINTE DR UNIT B,,CHARLOTTE,NC,Vacant Land,640.0,4
Flathead,GREEN DIAMOND MONTANA TIMBERLANDS LLC,GREEN DIAMOND MONTANA TIMBERLANDS LLC,ORBIS INC,8809 LENOX POINTE DR UNIT B,,CHARLOTTE,NC,Vacant Land,640.0,4
Flathead,GREEN DIAMOND MONTANA TIMBERLANDS LLC,GREEN DIAMOND MONTANA TIMBERLANDS LLC,ORBIS INC,8809 LENOX POINTE DR UNIT B,,CHARLOTTE,NC,Vacant Land,640.0,4
Flathead,GREEN DIAMOND MONTANA TIMBERLANDS LLC,GREEN DIAMOND MONTANA TIMBERLANDS LLC,ORBIS INC,8809 LENOX POINTE DR UNIT B,,CHARLOTTE,NC,Vacant Land,80.0,4
Flathead,GREEN DIAMOND MONTANA TIMBERLANDS LLC,GREEN DIAMOND MONTANA TIMBERLANDS LLC,ORBIS INC,8809 LENOX POINTE DR UNIT B,,CHARLOTTE,NC,Vacant Land,120.0,4
Flathead,GREEN DIAMOND MONTANA TIMBERLANDS LLC,GREEN DIAMOND MONTANA TIMBERLANDS LLC,ORBIS INC,8809 LENOX POINTE DR UNIT B,,CHARLOTTE,NC,Vacant Land,560.0,4
Flathead,GREEN DIAMOND MONTANA TIMBERLANDS LLC,GREEN DIAMOND MONTANA TIMBERLANDS LLC,ORBIS INC,8809 LENOX POINTE DR UNIT B,,CHARLOTTE,NC,Vacant Land,80.0,4
Flathead,GREEN DIAMOND MONTANA TIMBERLANDS LLC,GREEN DIAMOND MONTANA TIMBERLANDS LLC,ORBIS INC,8809 LENOX POINTE DR UNIT B,,CHARLOTTE,NC,Vacant Land,640.0,4
Flathead,GREEN DIAMOND MONTANA TIMBERLANDS LLC,GREEN DIAMOND MONTANA TIMBERLANDS LLC,ORBIS INC,8809 LENOX POINTE DR UNIT B,,CHARLOTTE,NC,Vacant Land,640.0,4
Flathead,GREEN DIAMOND MONTANA TIMBERLANDS LLC,GREEN DIAMOND MONTANA TIMBERLANDS LLC,ORBIS INC,8809 LENOX POINTE DR UNIT B,,CHARLOTTE,NC,Vacant Land,640.0,4
Flathead,GREEN DIAMOND MONTANA TIMBERLANDS LLC,GREEN DIAMOND MONTANA TIMBERLANDS LLC,ORBIS INC,8809 LENOX POINTE DR UNIT B,,CHARLOTTE,NC,Vacant Land,720.0,4
Flathead,GREEN DIAMOND MONTANA TIMBERLANDS LLC,GREEN DIAMOND MONTANA TIMBERLANDS LLC,ORBIS INC,8809 LENOX POINTE DR UNIT B,,CHARLOTTE,NC,Vacant Land,719.76,4
Flathead,GREEN DIAMOND MONTANA TIMBERLANDS LLC,GREEN DIAMOND MONTANA TIMBERLANDS LLC,ORBIS INC,8809 LENOX POINTE DR UNIT B,,CHARLOTTE,NC,Vacant Land,820.44,4
Flathead,GREEN DIAMOND MONTANA TIMBERLANDS LLC,GREEN DIAMOND MONTANA TIMBERLANDS LLC,ORBIS INC,8809 LENOX POINTE DR UNIT B,,CHARLOTTE,NC,Vacant Land,160.0,4
Flathead,GREEN DIAMOND MONTANA TIMBERLANDS LLC,GREEN DIAMOND MONTANA TIMBERLANDS LLC,ORBIS INC,8809 LENOX POINTE DR UNIT B,,CHARLOTTE,NC,Vacant Land,219.76,4
Flathead,GREEN DIAMOND MONTANA TIMBERLANDS LLC,GREEN DIAMOND MONTANA TIMBERLANDS LLC,ORBIS INC,8809 LENOX POINTE DR UNIT B,,CHARLOTTE,NC,Vacant Land,640.32,4
Flathead,GREEN DIAMOND MONTANA TIMBERLANDS LLC,GREEN DIAMOND MONTANA TIMBERLANDS LLC,ORBIS INC,8809 LENOX POINTE DR UNIT B,,CHARLOTTE,NC,Vacant Land,280.48,4
Flathead,GREEN DIAMOND MONTANA TIMBERLANDS LLC,GREEN DIAMOND MONTANA TIMBERLANDS LLC,ORBIS INC,8809 LENOX POINTE DR UNIT B,,CHARLOTTE,NC,Vacant Land,353.0,4
Flathead,GREEN DIAMOND MONTANA TIMBERLANDS LLC,GREEN DIAMOND MONTANA TIMBERLANDS LLC,ORBIS INC,8809 LENOX POINTE DR UNIT B,,CHARLOTTE,NC,Vacant Land,627.13,4
Flathead,GREEN DIAMOND MONTANA TIMBERLANDS LLC,GREEN DIAMOND MONTANA TIMBERLANDS LLC,ORBIS INC,8809 LENOX POINTE DR UNIT B,,CHARLOTTE,NC,Vacant Land,115.54,4
Flathead,GREEN DIAMOND MONTANA TIMBERLANDS LLC,GREEN DIAMOND MONTANA TIMBERLANDS LLC,ORBIS INC,8809 LENOX POINTE DR UNIT B,,CHARLOTTE,NC,Vacant Land,370.7,4
Flathead,GREEN DIAMOND MONTANA TIMBERLANDS LLC,GREEN DIAMOND MONTANA TIMBERLANDS LLC,ORBIS INC,8809 LENOX POINTE DR UNIT B,,CHARLOTTE,NC,Vacant Land,120.0,4
Flathead,GREEN DIAMOND MONTANA TIMBERLANDS LLC,GREEN DIAMOND MONTANA TIMBERLANDS LLC,ORBIS INC,8809 LENOX POINTE DR UNIT B,,CHARLOTTE,NC,Vacant Land,640.0,4
Flathead,GREEN DIAMOND MONTANA TIMBERLANDS LLC,GREEN DIAMOND MONTANA TIMBERLANDS LLC,ORBIS INC,8809 LENOX POINTE DR UNIT B,,CHARLOTTE,NC,Vacant Land,640.0,4
Flathead,GREEN DIAMOND MONTANA TIMBERLANDS LLC,GREEN DIAMOND MONTANA TIMBERLANDS LLC,ORBIS INC,8809 LENOX POINTE DR UNIT B,,CHARLOTTE,NC,Vacant Land,584.95,4
Flathead,GREEN DIAMOND MONTANA TIMBERLANDS LLC,GREEN DIAMOND MONTANA TIMBERLANDS LLC,ORBIS INC,8809 LENOX POINTE DR UNIT B,,CHARLOTTE,NC,Vacant Land,640.0,4
Flathead,GREEN DIAMOND MONTANA TIMBERLANDS LLC,GREEN DIAMOND MONTANA TIMBERLANDS LLC,ORBIS INC,8809 LENOX POINTE DR UNIT B,,CHARLOTTE,NC,Vacant Land,640.0,4
Flathead,GREEN DIAMOND MONTANA TIMBERLANDS LLC,GREEN DIAMOND MONTANA TIMBERLANDS LLC,ORBIS INC,8809 LENOX POINTE DR UNIT B,,CHARLOTTE,NC,Vacant Land,360.0,4
Flathead,GREEN DIAMOND MONTANA TIMBERLANDS LLC,GREEN DIAMOND MONTANA TIMBERLANDS LLC,ORBIS INC,8809 LENOX POINTE DR UNIT B,,CHARLOTTE,NC,Vacant Land,40.0,4
Flathead,GREEN DIAMOND MONTANA TIMBERLANDS LLC,GREEN DIAMOND MONTANA TIMBERLANDS LLC,ORBIS INC,8809 LENOX POINTE DR UNIT B,,CHARLOTTE,NC,Vacant Land,240.0,4
Flathead,GREEN DIAMOND MONTANA TIMBERLANDS LLC,GREEN DIAMOND MONTANA TIMBERLANDS LLC,ORBIS INC,8809 LENOX POINTE DR UNIT B,,CHARLOTTE,NC,Vacant Land,640.0,4
Flathead,GREEN DIAMOND MONTANA TIMBERLANDS LLC,GREEN DIAMOND MONTANA TIMBERLANDS LLC,ORBIS INC,8809 LENOX POINTE DR UNIT B,,CHARLOTTE,NC,Vacant Land,320.0,4
Flathead,GREEN DIAMOND MONTANA TIMBERLANDS LLC,GREEN DIAMOND MONTANA TIMBERLANDS LLC,ORBIS INC,8809 LENOX POINTE DR UNIT B,,CHARLOTTE,NC,Vacant Land,40.0,4
Flathead,GREEN DIAMOND MONTANA TIMBERLANDS LLC,GREEN DIAMOND MONTANA TIMBERLANDS LLC,ORBIS INC,8809 LENOX POINTE DR UNIT B,,CHARLOTTE,NC,Vacant Land,320.0,4
Flathead,GREEN DIAMOND MONTANA TIMBERLANDS LLC,GREEN DIAMOND MONTANA TIMBERLANDS LLC,ORBIS INC,8809 LENOX POINTE DR UNIT B,,CHARLOTTE,NC,Vacant Land,320.0,4
Flathead,GREEN DIAMOND MONTANA TIMBERLANDS LLC,GREEN DIAMOND MONTANA TIMBERLANDS LLC,ORBIS INC,8809 LENOX POINTE DR UNIT B,,CHARLOTTE,NC,Vacant Land,640.0,4
Flathead,GREEN DIAMOND MONTANA TIMBERLANDS LLC,GREEN DIAMOND MONTANA TIMBERLANDS LLC,ORBIS INC,8809 LENOX POINTE DR UNIT B,,CHARLOTTE,NC,Vacant Land,640.0,4
Flathead,GREEN DIAMOND MONTANA TIMBERLANDS LLC,GREEN DIAMOND MONTANA TIMBERLANDS LLC,ORBIS INC,8809 LENOX POINTE DR UNIT B,,CHARLOTTE,NC,Vacant Land,320.0,4
Flathead,GREEN DIAMOND MONTANA TIMBERLANDS LLC,GREEN DIAMOND MONTANA TIMBERLANDS LLC,ORBIS INC,8809 LENOX POINTE DR UNIT B,,CHARLOTTE,NC,Vacant Land,640.0,4
Flathead,GREEN DIAMOND MONTANA TIMBERLANDS LLC,GREEN DIAMOND MONTANA TIMBERLANDS LLC,ORBIS INC,8809 LENOX POINTE DR UNIT B,,CHARLOTTE,NC,Vacant Land,360.0,4
Flathead,GREEN DIAMOND MONTANA TIMBERLANDS LLC,GREEN DIAMOND MONTANA TIMBERLANDS LLC,ORBIS INC,8809 LENOX POINTE DR UNIT B,,CHARLOTTE,NC,Vacant Land,280.0,4
Flathead,GREEN DIAMOND MONTANA TIMBERLANDS LLC,GREEN DIAMOND MONTANA TIMBERLANDS LLC,ORBIS INC,8809 LENOX POINTE DR UNIT B,,CHARLOTTE,NC,Vacant Land,454.24,4
Flathead,GREEN DIAMOND MONTANA TIMBERLANDS LLC,GREEN DIAMOND MONTANA TIMBERLANDS LLC,ORBIS INC,8809 LENOX POINTE DR UNIT B,,CHARLOTTE,NC,Vacant Land,80.0,4
Flathead,GREEN DIAMOND MONTANA TIMBERLANDS LLC,GREEN DIAMOND MONTANA TIMBERLANDS LLC,ORBIS INC,8809 LENOX POINTE DR UNIT B,,CHARLOTTE,NC,Vacant Land,480.0,4
Flathead,GREEN DIAMOND MONTANA TIMBERLANDS LLC,GREEN DIAMOND MONTANA TIMBERLANDS LLC,ORBIS INC,8809 LENOX POINTE DR UNIT B,,CHARLOTTE,NC,Vacant Land,360.0,4
Flathead,GREEN DIAMOND MONTANA TIMBERLANDS LLC,GREEN DIAMOND MONTANA TIMBERLANDS LLC,ORBIS INC,8809 LENOX POINTE DR UNIT B,,CHARLOTTE,NC,Vacant Land,160.0,4
Flathead,GREEN DIAMOND MONTANA TIMBERLANDS LLC,GREEN DIAMOND MONTANA TIMBERLANDS LLC,ORBIS INC,8809 LENOX POINTE DR UNIT B,,CHARLOTTE,NC,Vacant Land,560.0,4
Flathead,GREEN DIAMOND MONTANA TIMBERLANDS LLC,GREEN DIAMOND MONTANA TIMBERLANDS LLC,ORBIS INC,8809 LENOX POINTE DR UNIT B,,CHARLOTTE,NC,Vacant Land,360.0,4
Flathead,GREEN DIAMOND MONTANA TIMBERLANDS LLC,GREEN DIAMOND MONTANA TIMBERLANDS LLC,ORBIS INC,8809 LENOX POINTE DR UNIT B,,CHARLOTTE,NC,Vacant Land,280.0,4
Flathead,GREEN DIAMOND MONTANA TIMBERLANDS LLC,GREEN DIAMOND MONTANA TIMBERLANDS LLC,ORBIS INC,8809 LENOX POINTE DR UNIT B,,CHARLOTTE,NC,Vacant Land,400.0,4
Flathead,GREEN DIAMOND MONTANA TIMBERLANDS LLC,GREEN DIAMOND MONTANA TIMBERLANDS LLC,ORBIS INC,8809 LENOX POINTE DR UNIT B,,CHARLOTTE,NC,Vacant Land,240.0,4
Flathead,GREEN DIAMOND MONTANA TIMBERLANDS LLC,GREEN DIAMOND MONTANA TIMBERLANDS LLC,ORBIS INC,8809 LENOX POINTE DR UNIT B,,CHARLOTTE,NC,Vacant Land,713.41,4
Flathead,GREEN DIAMOND MONTANA TIMBERLANDS LLC,GREEN DIAMOND MONTANA TIMBERLANDS LLC,ORBIS INC,8809 LENOX POINTE DR UNIT B,,CHARLOTTE,NC,Vacant Land,716.2,4
Flathead,GREEN DIAMOND MONTANA TIMBERLANDS LLC,GREEN DIAMOND MONTANA TIMBERLANDS LLC,ORBIS INC,8809 LENOX POINTE DR UNIT B,,CHARLOTTE,NC,Vacant Land,860.26,4
Flathead,GREEN DIAMOND MONTANA TIMBERLANDS LLC,GREEN DIAMOND MONTANA TIMBERLANDS LLC,ORBIS INC,8809 LENOX POINTE DR UNIT B,,CHARLOTTE,NC,Vacant Land,466.88,4
Flathead,GREEN DIAMOND MONTANA TIMBERLANDS LLC,GREEN DIAMOND MONTANA TIMBERLANDS LLC,ORBIS INC,8809 LENOX POINTE DR UNIT B,,CHARLOTTE,NC,Vacant Land,119.51,4
Flathead,GREEN DIAMOND MONTANA TIMBERLANDS LLC,GREEN DIAMOND MONTANA TIMBERLANDS LLC,ORBIS INC,8809 LENOX POINTE DR UNIT B,,CHARLOTTE,NC,Vacant Land,314.59,4
Flathead,GREEN DIAMOND MONTANA TIMBERLANDS LLC,GREEN DIAMOND MONTANA TIMBERLANDS LLC,ORBIS INC,8809 LENOX POINTE DR UNIT B,,CHARLOTTE,NC,Vacant Land,160.0,4
Flathead,GREEN DIAMOND MONTANA TIMBERLANDS LLC,GREEN DIAMOND MONTANA TIMBERLANDS LLC,ORBIS INC,8809 LENOX POINTE DR UNIT B,,CHARLOTTE,NC,Vacant Land,884.21,4
Flathead,GREEN DIAMOND MONTANA TIMBERLANDS LLC,GREEN DIAMOND MONTANA TIMBERLANDS LLC,ORBIS INC,8809 LENOX POINTE DR UNIT B,,CHARLOTTE,NC,Vacant Land,553.44,4
Flathead,GREEN DIAMOND MONTANA TIMBERLANDS LLC,GREEN DIAMOND MONTANA TIMBERLANDS LLC,ORBIS INC,8809 LENOX POINTE DR UNIT B,,CHARLOTTE,NC,Vacant Land,360.0,4
Flathead,GREEN DIAMOND MONTANA TIMBERLANDS LLC,GREEN DIAMOND MONTANA TIMBERLANDS LLC,ORBIS INC,8809 LENOX POINTE DR UNIT B,,CHARLOTTE,NC,Vacant Land,235.62,4
Flathead,GREEN DIAMOND MONTANA TIMBERLANDS LLC,GREEN DIAMOND MONTANA TIMBERLANDS LLC,ORBIS INC,8809 LENOX POINTE DR UNIT B,,CHARLOTTE,NC,Vacant Land,640.0,4
Flathead,GREEN DIAMOND MONTANA TIMBERLANDS LLC,GREEN DIAMOND MONTANA TIMBERLANDS LLC,ORBIS INC,8809 LENOX POINTE DR UNIT B,,CHARLOTTE,NC,Vacant Land,640.0,4
Flathead,GREEN DIAMOND MONTANA TIMBERLANDS LLC,GREEN DIAMOND MONTANA TIMBERLANDS LLC,ORBIS INC,8809 LENOX POINTE DR UNIT B,,CHARLOTTE,NC,Vacant Land,240.0,4
Flathead,GREEN DIAMOND MONTANA TIMBERLANDS LLC,GREEN DIAMOND MONTANA TIMBERLANDS LLC,ORBIS INC,8809 LENOX POINTE DR UNIT B,,CHARLOTTE,NC,Vacant Land,200.0,4
Flathead,GREEN DIAMOND MONTANA TIMBERLANDS LLC,GREEN DIAMOND MONTANA TIMBERLANDS LLC,ORBIS INC,8809 LENOX POINTE DR UNIT B,,CHARLOTTE,NC,Vacant Land,640.0,4
Flathead,GREEN DIAMOND MONTANA TIMBERLANDS LLC,GREEN DIAMOND MONTANA TIMBERLANDS LLC,ORBIS INC,8809 LENOX POINTE DR UNIT B,,CHARLOTTE,NC,Vacant Land,40.0,4
Flathead,GREEN DIAMOND MONTANA TIMBERLANDS LLC,GREEN DIAMOND MONTANA TIMBERLANDS LLC,ORBIS INC,8809 LENOX POINTE DR UNIT B,,CHARLOTTE,NC,Vacant Land,640.0,4
Flathead,GREEN DIAMOND MONTANA TIMBERLANDS LLC,GREEN DIAMOND MONTANA TIMBERLANDS LLC,ORBIS INC,8809 LENOX POINTE DR UNIT B,,CHARLOTTE,NC,Vacant Land,240.0,4
Flathead,GREEN DIAMOND MONTANA TIMBERLANDS LLC,GREEN DIAMOND MONTANA TIMBERLANDS LLC,ORBIS INC,8809 LENOX POINTE DR UNIT B,,CHARLOTTE,NC,Vacant Land,400.0,4
Flathead,GREEN DIAMOND MONTANA TIMBERLANDS LLC,GREEN DIAMOND MONTANA TIMBERLANDS LLC,ORBIS INC,8809 LENOX POINTE DR UNIT B,,CHARLOTTE,NC,Vacant Land,611.17,4
Flathead,GREEN DIAMOND MONTANA TIMBERLANDS LLC,GREEN DIAMOND MONTANA TIMBERLANDS LLC,ORBIS INC,8809 LENOX POINTE DR UNIT B,,CHARLOTTE,NC,Vacant Land,616.16,4
Flathead,GREEN DIAMOND MONTANA TIMBERLANDS LLC,GREEN DIAMOND MONTANA TIMBERLANDS LLC,ORBIS INC,8809 LENOX POINTE DR UNIT B,,CHARLOTTE,NC,Vacant Land,480.0,4
Flathead,GREEN DIAMOND MONTANA TIMBERLANDS LLC,GREEN DIAMOND MONTANA TIMBERLANDS LLC,ORBIS INC,8809 LENOX POINTE DR UNIT B,,CHARLOTTE,NC,Vacant Land,160.0,4
Flathead,GREEN DIAMOND MONTANA TIMBERLANDS LLC,GREEN DIAMOND MONTANA TIMBERLANDS LLC,ORBIS INC,8809 LENOX POINTE DR UNIT B,,CHARLOTTE,NC,Vacant Land,480.0,4
Flathead,GREEN DIAMOND MONTANA TIMBERLANDS LLC,GREEN DIAMOND MONTANA TIMBERLANDS LLC,ORBIS INC,8809 LENOX POINTE DR UNIT B,,CHARLOTTE,NC,Vacant Land,640.0,4
Flathead,GREEN DIAMOND MONTANA TIMBERLANDS LLC,GREEN DIAMOND MONTANA TIMBERLANDS LLC,ORBIS INC,8809 LENOX POINTE DR UNIT B,,CHARLOTTE,NC,Vacant Land,640.0,4
Flathead,GREEN DIAMOND MONTANA TIMBERLANDS LLC,GREEN DIAMOND MONTANA TIMBERLANDS LLC,ORBIS INC,8809 LENOX POINTE DR UNIT B,,CHARLOTTE,NC,Vacant Land,400.0,4
Flathead,GREEN DIAMOND MONTANA TIMBERLANDS LLC,GREEN DIAMOND MONTANA TIMBERLANDS LLC,ORBIS INC,8809 LENOX POINTE DR UNIT B,,CHARLOTTE,NC,Vacant Land,80.0,4
Flathead,GREEN DIAMOND MONTANA TIMBERLANDS LLC,GREEN DIAMOND MONTANA TIMBERLANDS LLC,ORBIS INC,8809 LENOX POINTE DR UNIT B,,CHARLOTTE,NC,Vacant Land,640.0,4
Flathead,GREEN DIAMOND MONTANA TIMBERLANDS LLC,GREEN DIAMOND MONTANA TIMBERLANDS LLC,ORBIS INC,8809 LENOX POINTE DR UNIT B,,CHARLOTTE,NC,Vacant Land,617.81,4
Flathead,GREEN DIAMOND MONTANA TIMBERLANDS LLC,GREEN DIAMOND MONTANA TIMBERLANDS LLC,ORBIS INC,8809 LENOX POINTE DR UNIT B,,CHARLOTTE,NC,Vacant Land,637.6,4
Flathead,GREEN DIAMOND MONTANA TIMBERLANDS LLC,GREEN DIAMOND MONTANA TIMBERLANDS LLC,ORBIS INC,8809 LENOX POINTE DR UNIT B,,CHARLOTTE,NC,Vacant Land,560.0,4
Flathead,GREEN DIAMOND MONTANA TIMBERLANDS LLC,GREEN DIAMOND MONTANA TIMBERLANDS LLC,ORBIS INC,8809 LENOX POINTE DR UNIT B,,CHARLOTTE,NC,Vacant Land,80.0,4
Flathead,GREEN DIAMOND MONTANA TIMBERLANDS LLC,GREEN DIAMOND MONTANA TIMBERLANDS LLC,ORBIS INC,8809 LENOX POINTE DR UNIT B,,CHARLOTTE,NC,Vacant Land,786.92,4
Flathead,GREEN DIAMOND MONTANA TIMBERLANDS LLC,GREEN DIAMOND MONTANA TIMBERLANDS LLC,ORBIS INC,8809 LENOX POINTE DR UNIT B,,CHARLOTTE,NC,Vacant Land,787.4,4
Flathead,GREEN DIAMOND MONTANA TIMBERLANDS LLC,GREEN DIAMOND MONTANA TIMBERLANDS LLC,ORBIS INC,8809 LENOX POINTE DR UNIT B,,CHARLOTTE,NC,Vacant Land,788.2,4
Flathead,GREEN DIAMOND MONTANA TIMBERLANDS LLC,GREEN DIAMOND MONTANA TIMBERLANDS LLC,ORBIS INC,8809 LENOX POINTE DR UNIT B,,CHARLOTTE,NC,Vacant Land,789.2,4
Flathead,GREEN DIAMOND MONTANA TIMBERLANDS LLC,GREEN DIAMOND MONTANA TIMBERLANDS LLC,ORBIS INC,8809 LENOX POINTE DR UNIT B,,CHARLOTTE,NC,Vacant Land,788.92,4
Flathead,GREEN DIAMOND MONTANA TIMBERLANDS LLC,GREEN DIAMOND MONTANA TIMBERLANDS LLC,ORBIS INC,8809 LENOX POINTE DR UNIT B,,CHARLOTTE,NC,Vacant Land,866.09,4
Flathead,GREEN DIAMOND MONTANA TIMBERLANDS LLC,GREEN DIAMOND MONTANA TIMBERLANDS LLC,ORBIS INC,8809 LENOX POINTE DR UNIT B,,CHARLOTTE,NC,Vacant Land,351.22,4
Flathead,GREEN DIAMOND MONTANA TIMBERLANDS LLC,GREEN DIAMOND MONTANA TIMBERLANDS LLC,ORBIS INC,8809 LENOX POINTE DR UNIT B,,CHARLOTTE,NC,Vacant Land,261.27,4
Flathead,GREEN DIAMOND MONTANA TIMBERLANDS LLC,GREEN DIAMOND MONTANA TIMBERLANDS LLC,ORBIS INC,8809 LENOX POINTE DR UNIT B,,CHARLOTTE,NC,Vacant Land,587.28,4
Flathead,GREEN DIAMOND MONTANA TIMBERLANDS LLC,GREEN DIAMOND MONTANA TIMBERLANDS LLC,ORBIS INC,8809 LENOX POINTE DR UNIT B,,CHARLOTTE,NC,Vacant Land,440.0,4
Flathead,GREEN DIAMOND MONTANA TIMBERLANDS LLC,GREEN DIAMOND MONTANA TIMBERLANDS LLC,ORBIS INC,8809 LENOX POINTE DR UNIT B,,CHARLOTTE,NC,Vacant Land,640.0,4
Flathead,GREEN DIAMOND MONTANA TIMBERLANDS LLC,GREEN DIAMOND MONTANA TIMBERLANDS LLC,ORBIS INC,8809 LENOX POINTE DR UNIT B,,CHARLOTTE,NC,Vacant Land,240.0,4
Flathead,GREEN DIAMOND MONTANA TIMBERLANDS LLC,GREEN DIAMOND MONTANA TIMBERLANDS LLC,ORBIS INC,8809 LENOX POINTE DR UNIT B,,CHARLOTTE,NC,Vacant Land,320.0,4
Flathead,GREEN DIAMOND MONTANA TIMBERLANDS LLC,GREEN DIAMOND MONTANA TIMBERLANDS LLC,ORBIS INC,8809 LENOX POINTE DR UNIT B,,CHARLOTTE,NC,Vacant Land,77.47,4
Flathead,GREEN DIAMOND MONTANA TIMBERLANDS LLC,GREEN DIAMOND MONTANA TIMBERLANDS LLC,ORBIS INC,8809 LENOX POINTE DR UNIT B,,CHARLOTTE,NC,Vacant Land,37.27,4
Flathead,GREEN DIAMOND MONTANA TIMBERLANDS LLC,GREEN DIAMOND MONTANA TIMBERLANDS LLC,ORBIS INC,8809 LENOX POINTE DR UNIT B,,CHARLOTTE,NC,Vacant Land,590.12,4
Flathead,GREEN DIAMOND MONTANA TIMBERLANDS LLC,GREEN DIAMOND MONTANA TIMBERLANDS LLC,ORBIS INC,8809 LENOX POINTE DR UNIT B,,CHARLOTTE,NC,Vacant Land,280.0,4
Flathead,GREEN DIAMOND MONTANA TIMBERLANDS LLC,GREEN DIAMOND MONTANA TIMBERLANDS LLC,ORBIS INC,8809 LENOX POINTE DR UNIT B,,CHARLOTTE,NC,Vacant Land,257.0,4
Flathead,GREEN DIAMOND MONTANA TIMBERLANDS LLC,GREEN DIAMOND MONTANA TIMBERLANDS LLC,ORBIS INC,8809 LENOX POINTE DR UNIT B,,CHARLOTTE,NC,Vacant Land,480.0,4
Flathead,GREEN DIAMOND MONTANA TIMBERLANDS LLC,GREEN DIAMOND MONTANA TIMBERLANDS LLC,ORBIS INC,8809 LENOX POINTE DR UNIT B,,CHARLOTTE,NC,Vacant Land,480.0,4
Flathead,GREEN DIAMOND MONTANA TIMBERLANDS LLC,GREEN DIAMOND MONTANA TIMBERLANDS LLC,ORBIS INC,8809 LENOX POINTE DR UNIT B,,CHARLOTTE,NC,Vacant Land,80.0,4
Flathead,GREEN DIAMOND MONTANA TIMBERLANDS LLC,GREEN DIAMOND MONTANA TIMBERLANDS LLC,ORBIS INC,8809 LENOX POINTE DR UNIT B,,CHARLOTTE,NC,Vacant Land,200.0,4
Flathead,GREEN DIAMOND MONTANA TIMBERLANDS LLC,GREEN DIAMOND MONTANA TIMBERLANDS LLC,ORBIS INC,8809 LENOX POINTE DR UNIT B,,CHARLOTTE,NC,Vacant Land,160.0,4
Flathead,GREEN DIAMOND MONTANA TIMBERLANDS LLC,GREEN DIAMOND MONTANA TIMBERLANDS LLC,ORBIS INC,8809 LENOX POINTE DR UNIT B,,CHARLOTTE,NC,Vacant Land,391.92,4
Flathead,GREEN DIAMOND MONTANA TIMBERLANDS LLC,GREEN DIAMOND MONTANA TIMBERLANDS LLC,ORBIS INC,8809 LENOX POINTE DR UNIT B,,CHARLOTTE,NC,Vacant Land,14.87,4
Flathead,GREEN DIAMOND MONTANA TIMBERLANDS LLC,GREEN DIAMOND MONTANA TIMBERLANDS LLC,ORBIS INC,8809 LENOX POINTE DR UNIT B,,CHARLOTTE,NC,Vacant Land,441.04,4
Flathead,GREEN DIAMOND MONTANA TIMBERLANDS LLC,GREEN DIAMOND MONTANA TIMBERLANDS LLC,ORBIS INC,8809 LENOX POINTE DR UNIT B,,CHARLOTTE,NC,Vacant Land,540.34,4
Flathead,GREEN DIAMOND MONTANA TIMBERLANDS LLC,GREEN DIAMOND MONTANA TIMBERLANDS LLC,ORBIS INC,8809 LENOX POINTE DR UNIT B,,CHARLOTTE,NC,Vacant Land,10.61,4
Flathead,GREEN DIAMOND MONTANA TIMBERLANDS LLC,GREEN DIAMOND MONTANA TIMBERLANDS LLC,ORBIS INC,8809 LENOX POINTE DR UNIT B,,CHARLOTTE,NC,Vacant Land,634.59,4
Flathead,GREEN DIAMOND MONTANA TIMBERLANDS LLC,GREEN DIAMOND MONTANA TIMBERLANDS LLC,ORBIS INC,8809 LENOX POINTE DR UNIT B,,CHARLOTTE,NC,Vacant Land,640.0,4
Flathead,GREEN DIAMOND MONTANA TIMBERLANDS LLC,GREEN DIAMOND MONTANA TIMBERLANDS LLC,ORBIS INC,8809 LENOX POINTE DR UNIT B,,CHARLOTTE,NC,Vacant Land,640.0,4
Flathead,GREEN DIAMOND MONTANA TIMBERLANDS LLC,GREEN DIAMOND MONTANA TIMBERLANDS LLC,ORBIS INC,8809 LENOX POINTE DR UNIT B,,CHARLOTTE,NC,Vacant Land,606.0,4
Flathead,GREEN DIAMOND MONTANA TIMBERLANDS LLC,GREEN DIAMOND MONTANA TIMBERLANDS LLC,ORBIS INC,8809 LENOX POINTE DR UNIT B,,CHARLOTTE,NC,Vacant Land,500.92,4
Flathead,GREEN DIAMOND MONTANA TIMBERLANDS LLC,GREEN DIAMOND MONTANA TIMBERLANDS LLC,ORBIS INC,8809 LENOX POINTE DR UNIT B,,CHARLOTTE,NC,Vacant Land,640.0,4
Flathead,GREEN DIAMOND MONTANA TIMBERLANDS LLC,GREEN DIAMOND MONTANA TIMBERLANDS LLC,ORBIS INC,8809 LENOX POINTE DR UNIT B,,CHARLOTTE,NC,Vacant Land,640.0,4
Flathead,GREEN DIAMOND MONTANA TIMBERLANDS LLC,GREEN DIAMOND MONTANA TIMBERLANDS LLC,ORBIS INC,8809 LENOX POINTE DR UNIT B,,CHARLOTTE,NC,Vacant Land,640.0,4
Flathead,GREEN DIAMOND MONTANA TIMBERLANDS LLC,GREEN DIAMOND MONTANA TIMBERLANDS LLC,ORBIS INC,8809 LENOX POINTE DR UNIT B,,CHARLOTTE,NC,Vacant Land,640.0,4
Flathead,GREEN DIAMOND MONTANA TIMBERLANDS LLC,GREEN DIAMOND MONTANA TIMBERLANDS LLC,ORBIS INC,8809 LENOX POINTE DR UNIT B,,CHARLOTTE,NC,Vacant Land,640.0,4
Flathead,GREEN DIAMOND MONTANA TIMBERLANDS LLC,GREEN DIAMOND MONTANA TIMBERLANDS LLC,ORBIS INC,8809 LENOX POINTE DR UNIT B,,CHARLOTTE,NC,Vacant Land,0.53,4
Flathead,GREEN DIAMOND MONTANA TIMBERLANDS LLC,GREEN DIAMOND MONTANA TIMBERLANDS LLC,ORBIS INC,8809 LENOX POINTE DR UNIT B,,CHARLOTTE,NC,Vacant Land,3.92,4
Flathead,GREEN DIAMOND MONTANA TIMBERLANDS LLC,GREEN DIAMOND MONTANA TIMBERLANDS LLC,ORBIS INC,8809 LENOX POINTE DR UNIT B,,CHARLOTTE,NC,Vacant Land,64.66,4
Flathead,GREEN DIAMOND MONTANA TIMBERLANDS LLC,GREEN DIAMOND MONTANA TIMBERLANDS LLC,ORBIS INC,8809 LENOX POINTE DR UNIT B,,CHARLOTTE,NC,Vacant Land,141.69,4
Flathead,GREEN DIAMOND MONTANA TIMBERLANDS LLC,GREEN DIAMOND MONTANA TIMBERLANDS LLC,ORBIS INC,8809 LENOX POINTE DR UNIT B,,CHARLOTTE,NC,Vacant Land,615.0,4
Flathead,GREEN DIAMOND MONTANA TIMBERLANDS LLC,GREEN DIAMOND MONTANA TIMBERLANDS LLC,ORBIS INC,8809 LENOX POINTE DR UNIT B,,CHARLOTTE,NC,Vacant Land,34.0,4
Flathead,GREEN DIAMOND MONTANA TIMBERLANDS LLC,GREEN DIAMOND MONTANA TIMBERLANDS LLC,ORBIS INC,8809 LENOX POINTE DR UNIT B,,CHARLOTTE,NC,Vacant Land,220.0,4
Flathead,NATURE CONSERVANCY,NATURE CONSERVANCY,32 S EWING ST,,,HELENA,MT,Vacant Land,52.37,8
Gallatin,NATURE CONSERVANCY,NATURE CONSERVANCY THE,32 S EWING ST,,,HELENA,MT,Vacant Land,15.152,8
Gallatin,NATURE CONSERVANCY,NATURE CONSERVANCY THE,32 S EWING ST,,,HELENA,MT,Vacant Land,15.18,8
Gallatin,NATURE CONSERVANCY,NATURE CONSERVANCY THE,32 S EWING ST,,,HELENA,MT,Vacant Land,10.163,8
Gallatin,NATURE CONSERVANCY,NATURE CONSERVANCY,32 S EWING ST,,,HELENA,MT,Vacant Land,10.1,8
Gallatin,NATURE CONSERVANCY,NATURE CONSERVANCY THE,32 S EWING ST,,,HELENA,MT,Vacant Land,10.123,8
Gallatin,NATURE CONSERVANCY,NATURE CONSERVANCY THE,32 S EWING ST,,,HELENA,MT,Vacant Land,10.13,8
Gallatin,NATURE CONSERVANCY,NATURE CONSERVANCY THE,32 S EWING ST,,,HELENA,MT,Vacant Land,10.125,8
Lewis and Clark,KROENKE GROUP,BROKEN O LAND & LIVESTOCK LLC,PO BOX 11350,,,BOZEMAN,MT,Vacant Land,20.04,2
Lewis and Clark,KROENKE GROUP,BROKEN O LAND & LIVESTOCK LLC,PO BOX 11350,,,BOZEMAN,MT,Vacant Land,25.22,2
Lewis and Clark,KROENKE GROUP,BROKEN O LAND & LIVESTOCK LLC,PO BOX 11350,,,BOZEMAN,MT,Vacant Land,20.203,2
Lewis and Clark,KROENKE GROUP,BROKEN O LAND & LIVESTOCK LLC,PO BOX 11350,,,BOZEMAN,MT,Vacant Land,640.0,2
Lewis and Clark,KROENKE GROUP,BROKEN O LAND & LIVESTOCK LLC,PO BOX 11350,,,BOZEMAN,MT,Vacant Land,640.0,2
Lewis and Clark,KROENKE GROUP,BROKEN O LAND & LIVESTOCK LLC,PO BOX 11350,,,BOZEMAN,MT,Vacant Land,603.8,2
Lewis and Clark,KROENKE GROUP,BROKEN O LAND & LIVESTOCK LLC,PO BOX 11350,,,BOZEMAN,MT,Vacant Land,320.0,2
Lewis and Clark,KROENKE GROUP,BROKEN O LAND & LIVESTOCK LLC,PO BOX 11350,,,BOZEMAN,MT,Vacant Land,320.0,2
Lewis and Clark,KROENKE GROUP,BROKEN O LAND & LIVESTOCK LLC,PO BOX 11350,,,BOZEMAN,MT,Vacant Land,120.0,2
Lewis and Clark,GALT RANCH,GALT RANCH LP,543 BIRCH CREEK RD,,,WHT SPHR SPGS,MT,Vacant Land,640.0,1
Lewis and Clark,KROENKE GROUP,BROKEN O LAND & LIVESTOCK LLC,PO BOX 11350,,,BOZEMAN,MT,Vacant Land,14.0,2
Lewis and Clark,KROENKE GROUP,BROKEN O LAND & LIVESTOCK LLC,PO BOX 11350,,,BOZEMAN,MT,Vacant Land,17.0,2
Lewis and Clark,KROENKE GROUP,BROKEN O LAND & LIVESTOCK LLC,PO BOX 11350,,,BOZEMAN,MT,Vacant Land,343.98,2
Lewis and Clark,KROENKE GROUP,BROKEN O LAND & LIVESTOCK LLC,PO BOX 11350,,,BOZEMAN,MT,Vacant Land,59.0,2
Lewis and Clark,KROENKE GROUP,BROKEN O LAND & LIVESTOCK LLC,PO BOX 11350,,,BOZEMAN,MT,Vacant Land,2.0,2
Lewis and Clark,KROENKE GROUP,BROKEN O LAND & LIVESTOCK LLC,PO BOX 11350,,,BOZEMAN,MT,Vacant Land,20.06,2
Lewis and Clark,KROENKE GROUP,BROKEN O LAND & LIVESTOCK LLC,PO BOX 11350,,,BOZEMAN,MT,Vacant Land,302.88,2
Lewis and Clark,KROENKE GROUP,BROKEN O LAND & LIVESTOCK LLC,PO BOX 11350,,,BOZEMAN,MT,Vacant Land,597.0,2
Lewis and Clark,KROENKE GROUP,BROKEN O LAND & LIVESTOCK LLC,PO BOX 11350,,,BOZEMAN,MT,Vacant Land,640.0,2
Lewis and Clark,KROENKE GROUP,BROKEN O LAND & LIVESTOCK LLC,PO BOX 11350,,,BOZEMAN,MT,Vacant Land,80.0,2
Lewis and Clark,KROENKE GROUP,BROKEN O LAND & LIVESTOCK LLC,PO BOX 11350,,,BOZEMAN,MT,Vacant Land,293.0,2
Lewis and Clark,KROENKE GROUP,BROKEN O LAND & LIVESTOCK LLC,PO BOX 11350,,,BOZEMAN,MT,Vacant Land,79.1,2
Lewis and Clark,KROENKE GROUP,BROKEN O LAND & LIVESTOCK LLC,PO BOX 11350,,,BOZEMAN,MT,Vacant Land,640.0,2
Lewis and Clark,KROENKE GROUP,BROKEN O LAND & LIVESTOCK LLC,PO BOX 11350,,,BOZEMAN,MT,Vacant Land,20.01,2
Lewis and Clark,KROENKE GROUP,BROKEN O LAND & LIVESTOCK LLC,PO BOX 11350,,,BOZEMAN,MT,Vacant Land,20.06,2
Lewis and Clark,KROENKE GROUP,BROKEN O LAND & LIVESTOCK LLC,PO BOX 11350,,,BOZEMAN,MT,Vacant Land,20.13,2
Lewis and Clark,KROENKE GROUP,BROKEN O LAND & LIVESTOCK LLC,PO BOX 11350,,,BOZEMAN,MT,Improved Property,175.0,2
Lewis and Clark,KROENKE GROUP,BROKEN O LAND & LIVESTOCK LLC,PO BOX 11350,,,BOZEMAN,MT,Vacant Land,554.5,2
Lewis and Clark,KROENKE GROUP,BROKEN O LAND & LIVESTOCK LLC,PO BOX 11350,,,BOZEMAN,MT,Vacant Land,160.0,2
Lewis and Clark,KROENKE GROUP,BROKEN O LAND & LIVESTOCK LLC,PO BOX 11350,,,BOZEMAN,MT,Vacant Land,320.0,2
Lewis and Clark,KROENKE GROUP,BROKEN O LAND & LIVESTOCK LLC,PO BOX 11350,,,BOZEMAN,MT,Vacant Land,234.0,2
Lewis and Clark,KROENKE GROUP,BROKEN O LAND & LIVESTOCK LLC,PO BOX 11350,,,BOZEMAN,MT,Vacant Land,640.0,2
Lewis and Clark,KROENKE GROUP,BROKEN O LAND & LIVESTOCK LLC,PO BOX 11350,,,BOZEMAN,MT,Vacant Land,40.0,2
Lewis and Clark,KROENKE GROUP,BROKEN O LAND & LIVESTOCK LLC,PO BOX 11350,,,BOZEMAN,MT,Vacant Land,626.11,2
Lewis and Clark,KROENKE GROUP,BROKEN O LAND & LIVESTOCK LLC,PO BOX 11350,,,BOZEMAN,MT,Vacant Land,240.0,2
Lewis and Clark,KROENKE GROUP,BROKEN O LAND & LIVESTOCK LLC,PO BOX 11350,,,BOZEMAN,MT,Improved Property,581.0,2
Lewis and Clark,KROENKE GROUP,BROKEN O LAND & LIVESTOCK LLC,PO BOX 11350,,,BOZEMAN,MT,Vacant Land,19.0,2
Lewis and Clark,KROENKE GROUP,BROKEN O LAND & LIVESTOCK LLC,PO BOX 11350,,,BOZEMAN,MT,Improved Property,640.0,2
Lewis and Clark,KROENKE GROUP,BROKEN O LAND & LIVESTOCK LLC,PO BOX 11350,,,BOZEMAN,MT,Vacant Land,320.0,2
Lewis and Clark,KROENKE GROUP,BROKEN O LAND & LIVESTOCK LLC,PO BOX 11350,,,BOZEMAN,MT,Vacant Land,15.45,2
Lewis and Clark,KROENKE GROUP,BROKEN O LAND & LIVESTOCK LLC,PO BOX 11350,,,BOZEMAN,MT,Vacant Land,86.0,2
Lewis and Clark,KROENKE GROUP,BROKEN O LAND & LIVESTOCK LLC,PO BOX 11350,,,BOZEMAN,MT,Vacant Land,455.0,2
Lewis and Clark,KROENKE GROUP,BROKEN O LAND & LIVESTOCK LLC,PO BOX 11350,,,BOZEMAN,MT,Vacant Land,15.0,2
Lewis and Clark,KROENKE GROUP,BROKEN O LAND & LIVESTOCK LLC,PO BOX 11350,,,BOZEMAN,MT,Vacant Land,78.0,2
Lewis and Clark,KROENKE GROUP,BROKEN O LAND & LIVESTOCK LLC,PO BOX 11350,,,BOZEMAN,MT,Vacant Land,120.0,2
Lewis and Clark,KROENKE GROUP,BROKEN O LAND & LIVESTOCK LLC,PO BOX 11350,,,BOZEMAN,MT,Vacant Land,240.0,2
Lewis and Clark,KROENKE GROUP,BROKEN O LAND & LIVESTOCK LLC,PO BOX 11350,,,BOZEMAN,MT,Vacant Land,49.0,2
Lewis and Clark,KROENKE GROUP,BROKEN O LAND & LIVESTOCK LLC,PO BOX 11350,,,BOZEMAN,MT,Vacant Land,320.0,2
Lewis and Clark,KROENKE GROUP,BROKEN O LAND & LIVESTOCK LLC,PO BOX 11350,,,BOZEMAN,MT,Vacant Land,640.0,2
Lewis and Clark,KROENKE GROUP,BROKEN O LAND & LIVESTOCK LLC,PO BOX 11350,,,BOZEMAN,MT,Vacant Land,480.0,2
Lewis and Clark,KROENKE GROUP,BROKEN O LAND & LIVESTOCK LLC,PO BOX 11350,,,BOZEMAN,MT,Vacant Land,20.26,2
Lewis and Clark,KROENKE GROUP,BROKEN O LAND & LIVESTOCK LLC,PO BOX 11350,,,BOZEMAN,MT,Vacant Land,20.25,2
Lewis and Clark,KROENKE GROUP,BROKEN O LAND & LIVESTOCK LLC,PO BOX 11350,,,BOZEMAN,MT,Vacant Land,15.88,2
Lewis and Clark,KROENKE GROUP,BROKEN O LAND & LIVESTOCK LLC,PO BOX 11350,,,BOZEMAN,MT,Vacant Land,438.52,2
Lewis and Clark,KROENKE GROUP,BROKEN O LAND & LIVESTOCK LLC,PO BOX 11350,,,BOZEMAN,MT,Vacant Land,480.0,2
Lewis and Clark,KROENKE GROUP,BROKEN O LAND & LIVESTOCK LLC,PO BOX 11350,,,BOZEMAN,MT,Vacant Land,160.0,2
Lewis and Clark,GALT RANCH,71 RANCH LP,40 71 RANCH LN,,,MARTINSDALE,MT,Vacant Land,320.0,1
Lewis and Clark,KROENKE GROUP,BROKEN O LAND & LIVESTOCK LLC,PO BOX 11350,,,BOZEMAN,MT,Vacant Land,120.0,2
Lewis and Clark,KROENKE GROUP,BROKEN O LAND & LIVESTOCK LLC,PO BOX 11350,,,BOZEMAN,MT,Vacant Land,441.0,2
Lewis and Clark,KROENKE GROUP,BROKEN O LAND & LIVESTOCK LLC,PO BOX 11350,,,BOZEMAN,MT,Vacant Land,153.0,2
Lewis and Clark,KROENKE GROUP,BROKEN O LAND & LIVESTOCK LLC,PO BOX 11350,,,BOZEMAN,MT,Vacant Land,600.0,2
Lewis and Clark,KROENKE GROUP,BROKEN O LAND & LIVESTOCK LLC,PO BOX 11350,,,BOZEMAN,MT,Vacant Land,640.0,2
Lewis and Clark,KROENKE GROUP,BROKEN O LAND & LIVESTOCK LLC,PO BOX 11350,,,BOZEMAN,MT,Vacant Land,382.19,2
Lewis and Clark,KROENKE GROUP,BROKEN O LAND & LIVESTOCK LLC,PO BOX 11350,,,BOZEMAN,MT,Vacant Land,83.0,2
Lewis and Clark,KROENKE GROUP,BROKEN O LAND & LIVESTOCK LLC,PO BOX 11350,,,BOZEMAN,MT,Vacant Land,79.0,2
Lewis and Clark,KROENKE GROUP,BROKEN O LAND & LIVESTOCK LLC,PO BOX 11350,,,BOZEMAN,MT,Vacant Land,222.0,2
Lewis and Clark,KROENKE GROUP,BROKEN O LAND & LIVESTOCK LLC,PO BOX 11350,,,BOZEMAN,MT,Vacant Land,640.0,2
Lewis and Clark,KROENKE GROUP,BROKEN O LAND & LIVESTOCK LLC,PO BOX 11350,,,BOZEMAN,MT,Vacant Land,55.0,2
Lewis and Clark,KROENKE GROUP,BROKEN O LAND & LIVESTOCK LLC,PO BOX 11350,,,BOZEMAN,MT,Vacant Land,2.0,2
Lewis and Clark,KROENKE GROUP,BROKEN O LAND & LIVESTOCK LLC,PO BOX 11350,,,BOZEMAN,MT,Vacant Land,15.14,2
Lewis and Clark,KROENKE GROUP,BROKEN O LAND & LIVESTOCK LLC,PO BOX 11350,,,BOZEMAN,MT,Vacant Land,21.39,2
Lewis and Clark,NATURE CONSERVANCY,THE NATURE CONSERVANCY,32 S EWING ST,,,HELENA,MT,Vacant Land,323.0,8
Lewis and Clark,KROENKE GROUP,BROKEN O LAND & LIVESTOCK LLC,PO BOX 11350,,,BOZEMAN,MT,Improved Property,320.0,2
Lewis and Clark,KROENKE GROUP,BROKEN O LAND & LIVESTOCK LLC,PO BOX 11350,,,BOZEMAN,MT,Vacant Land,345.0,2
Lewis and Clark,KROENKE GROUP,BROKEN O LAND & LIVESTOCK LLC,PO BOX 11350,,,BOZEMAN,MT,Vacant Land,640.0,2
Lewis and Clark,NATURE CONSERVANCY,THE NATURE CONSERVANCY,32 S EWING ST,,,HELENA,MT,Vacant Land,384.47,8
Lewis and Clark,GALT RANCH,GALT RANCH LP,543 BIRCH CREEK RD,,,WHT SPHR SPGS,MT,Vacant Land,618.08,1
Lewis and Clark,GALT RANCH,GALT RANCH LP,543 BIRCH CREEK RD,,,WHT SPHR SPGS,MT,Vacant Land,160.0,1
Lewis and Clark,KROENKE GROUP,BROKEN O LAND & LIVESTOCK LLC,PO BOX 11350,,,BOZEMAN,MT,Vacant Land,280.0,2
Lewis and Clark,KROENKE GROUP,BROKEN O LAND & LIVESTOCK LLC,PO BOX 11350,,,BOZEMAN,MT,Vacant Land,640.0,2
Lewis and Clark,KROENKE GROUP,BROKEN O LAND & LIVESTOCK LLC,PO BOX 11350,,,BOZEMAN,MT,Vacant Land,618.84,2
Lewis and Clark,KROENKE GROUP,BROKEN O LAND & LIVESTOCK LLC,PO BOX 11350,,,BOZEMAN,MT,Vacant Land,171.0,2
Lewis and Clark,KROENKE GROUP,BROKEN O LAND & LIVESTOCK LLC,PO BOX 11350,,,BOZEMAN,MT,Improved Property,5.38,2
Lewis and Clark,KROENKE GROUP,BROKEN O LAND & LIVESTOCK LLC,PO BOX 11350,,,BOZEMAN,MT,Gravel Pit,564.18,2
Lewis and Clark,NATURE CONSERVANCY,THE NATURE CONSERVANCY,32 S EWING ST,,,HELENA,MT,Vacant Land,160.0,8
Lewis and Clark,KROENKE GROUP,BROKEN O LAND & LIVESTOCK LLC,PO BOX 11350,,,BOZEMAN,MT,Vacant Land,40.0,2
Lewis and Clark,KROENKE GROUP,BROKEN O LAND & LIVESTOCK LLC,PO BOX 11350,,,BOZEMAN,MT,Vacant Land,80.0,2
Lewis and Clark,KROENKE GROUP,BROKEN O LAND & LIVESTOCK LLC,PO BOX 11350,,,BOZEMAN,MT,Vacant Land,560.0,2
Lewis and Clark,KROENKE GROUP,BROKEN O LAND & LIVESTOCK LLC,PO BOX 11350,,,BOZEMAN,MT,Vacant Land,320.0,2
Lewis and Clark,KROENKE GROUP,BROKEN O LAND & LIVESTOCK LLC,PO BOX 11350,,,BOZEMAN,MT,Vacant Land,301.0,2
Lewis and Clark,KROENKE GROUP,BROKEN O LAND & LIVESTOCK LLC,PO BOX 11350,,,BOZEMAN,MT,Improved Property,20.06,2
Lewis and Clark,KROENKE GROUP,BROKEN O LAND & LIVESTOCK LLC,PO BOX 11350,,,BOZEMAN,MT,Vacant Land,20.2,2
Lewis and Clark,KROENKE GROUP,BROKEN O LAND & LIVESTOCK LLC,PO BOX 11350,,,BOZEMAN,MT,Vacant Land,129.39,2
Lewis and Clark,KROENKE GROUP,BROKEN O LAND & LIVESTOCK LLC,PO BOX 11350,,,BOZEMAN,MT,Vacant Land,583.84,2
Lewis and Clark,KROENKE GROUP,BROKEN O LAND & LIVESTOCK LLC,PO BOX 11350,,,BOZEMAN,MT,Vacant Land,610.72,2
Lewis and Clark,KROENKE GROUP,BROKEN O LAND & LIVESTOCK LLC,PO BOX 11350,,,BOZEMAN,MT,Vacant Land,473.04,2
Lewis and Clark,KROENKE GROUP,BROKEN O LAND & LIVESTOCK LLC,PO BOX 11350,,,BOZEMAN,MT,Vacant Land,280.0,2
Lewis and Clark,KROENKE GROUP,BROKEN O LAND & LIVESTOCK LLC,PO BOX 11350,,,BOZEMAN,MT,Vacant Land,440.0,2
Lewis and Clark,KROENKE GROUP,BROKEN O LAND & LIVESTOCK LLC,PO BOX 11350,,,BOZEMAN,MT,Vacant Land,549.85,2
Lewis and Clark,KROENKE GROUP,BROKEN O LAND & LIVESTOCK LLC,PO BOX 11350,,,BOZEMAN,MT,Improved Property,640.0,2
Lewis and Clark,KROENKE GROUP,BROKEN O LAND & LIVESTOCK LLC,PO BOX 11350,,,BOZEMAN,MT,Vacant Land,320.0,2
Lewis and Clark,KROENKE GROUP,BROKEN O LAND & LIVESTOCK LLC,PO BOX 11350,,,BOZEMAN,MT,Vacant Land,40.0,2
Lewis and Clark,KROENKE GROUP,BROKEN O LAND & LIVESTOCK LLC,PO BOX 11350,,,BOZEMAN,MT,Vacant Land,640.0,2
Lewis and Clark,KROENKE GROUP,BROKEN O LAND & LIVESTOCK LLC,PO BOX 11350,,,BOZEMAN,MT,Vacant Land,640.0,2
Lewis and Clark,KROENKE GROUP,BROKEN O LAND & LIVESTOCK LLC,PO BOX 11350,,,BOZEMAN,MT,Vacant Land,156.0,2
Lewis and Clark,KROENKE GROUP,BROKEN O LAND & LIVESTOCK LLC,PO BOX 11350,,,BOZEMAN,MT,Vacant Land,160.0,2
Lewis and Clark,KROENKE GROUP,BROKEN O LAND & LIVESTOCK LLC,PO BOX 11350,,,BOZEMAN,MT,Vacant Land,20.03,2
Lewis and Clark,KROENKE GROUP,BROKEN O LAND & LIVESTOCK LLC,PO BOX 11350,,,BOZEMAN,MT,Vacant Land,20.863,2
Lewis and Clark,KROENKE GROUP,BROKEN O LAND & LIVESTOCK LLC,PO BOX 11350,,,BOZEMAN,MT,Vacant Land,480.0,2
Lewis and Clark,KROENKE GROUP,BROKEN O LAND & LIVESTOCK LLC,PO BOX 11350,,,BOZEMAN,MT,Vacant Land,20.02,2
Lewis and Clark,KROENKE GROUP,BROKEN O LAND & LIVESTOCK LLC,PO BOX 11350,,,BOZEMAN,MT,Vacant Land,20.71,2
Lewis and Clark,KROENKE GROUP,BROKEN O LAND & LIVESTOCK LLC,PO BOX 11350,,,BOZEMAN,MT,Vacant Land,20.98,2
Lewis and Clark,KROENKE GROUP,BROKEN O LAND & LIVESTOCK LLC,PO BOX 11350,,,BOZEMAN,MT,Vacant Land,20.43,2
Lewis and Clark,KROENKE GROUP,BROKEN O LAND & LIVESTOCK LLC,PO BOX 11350,,,BOZEMAN,MT,Vacant Land,280.0,2
Lewis and Clark,GALT RANCH,GALT RANCH LP,543 BIRCH CREEK RD,,,WHT SPHR SPGS,MT,Vacant Land,129.0,1
Lewis and Clark,KROENKE GROUP,BROKEN O LAND & LIVESTOCK LLC,PO BOX 11350,,,BOZEMAN,MT,Improved Property,77.0,2
Lewis and Clark,KROENKE GROUP,BROKEN O LAND & LIVESTOCK LLC,PO BOX 11350,,,BOZEMAN,MT,Vacant Land,160.0,2
Lewis and Clark,KROENKE GROUP,BROKEN O LAND & LIVESTOCK LLC,PO BOX 11350,,,BOZEMAN,MT,Vacant Land,80.0,2
Lewis and Clark,KROENKE GROUP,BROKEN O LAND & LIVESTOCK LLC,PO BOX 11350,,,BOZEMAN,MT,Vacant Land,21.53,2
Lewis and Clark,KROENKE GROUP,BROKEN O LAND & LIVESTOCK LLC,PO BOX 11350,,,BOZEMAN,MT,Vacant Land,20.04,2
Lewis and Clark,KROENKE GROUP,BROKEN O LAND & LIVESTOCK LLC,PO BOX 11350,,,BOZEMAN,MT,Vacant Land,20.05,2
Lewis and Clark,KROENKE GROUP,BROKEN O LAND & LIVESTOCK LLC,PO BOX 11350,,,BOZEMAN,MT,Vacant Land,160.0,2
Lewis and Clark,KROENKE GROUP,BROKEN O LAND & LIVESTOCK LLC,PO BOX 11350,,,BOZEMAN,MT,Vacant Land,240.0,2
Lewis and Clark,KROENKE GROUP,BROKEN O LAND & LIVESTOCK LLC,PO BOX 11350,,,BOZEMAN,MT,Vacant Land,160.0,2
Lewis and Clark,KROENKE GROUP,BROKEN O LAND & LIVESTOCK LLC,PO BOX 11350,,,BOZEMAN,MT,Vacant Land,160.0,2
Lewis and Clark,KROENKE GROUP,BROKEN O LAND & LIVESTOCK LLC,PO BOX 11350,,,BOZEMAN,MT,Vacant Land,346.0,2
Lewis and Clark,KROENKE GROUP,BROKEN O LAND & LIVESTOCK LLC,PO BOX 11350,,,BOZEMAN,MT,Vacant Land,540.89,2
Lewis and Clark,KROENKE GROUP,BROKEN O LAND & LIVESTOCK LLC,PO BOX 11350,,,BOZEMAN,MT,Vacant Land,14.04,2
Lewis and Clark,KROENKE GROUP,BROKEN O LAND & LIVESTOCK LLC,PO BOX 11350,,,BOZEMAN,MT,Vacant Land,20.15,2
Lewis and Clark,KROENKE GROUP,BROKEN O LAND & LIVESTOCK LLC,PO BOX 11350,,,BOZEMAN,MT,Vacant Land,21.41,2
Lewis and Clark,KROENKE GROUP,BROKEN O LAND & LIVESTOCK LLC,PO BOX 11350,,,BOZEMAN,MT,Vacant Land,49.24,2
Lewis and Clark,KROENKE GROUP,BROKEN O LAND & LIVESTOCK LLC,PO BOX 11350,,,BOZEMAN,MT,Vacant Land,640.0,2
Lewis and Clark,KROENKE GROUP,BROKEN O LAND & LIVESTOCK LLC,PO BOX 11350,,,BOZEMAN,MT,Vacant Land,640.0,2
Lewis and Clark,KROENKE GROUP,BROKEN O LAND & LIVESTOCK LLC,PO BOX 11350,,,BOZEMAN,MT,Vacant Land,419.73,2
Lewis and Clark,KROENKE GROUP,BROKEN O LAND & LIVESTOCK LLC,PO BOX 11350,,,BOZEMAN,MT,Vacant Land,74.0,2
Lewis and Clark,KROENKE GROUP,BROKEN O LAND & LIVESTOCK LLC,PO BOX 11350,,,BOZEMAN,MT,Vacant Land,80.0,2
Lewis and Clark,KROENKE GROUP,BROKEN O LAND & LIVESTOCK LLC,PO BOX 11350,,,BOZEMAN,MT,Vacant Land,80.0,2
Lewis and Clark,KROENKE GROUP,BROKEN O LAND & LIVESTOCK LLC,PO BOX 11350,,,BOZEMAN,MT,Improved Property,331.0,2
Lewis and Clark,KROENKE GROUP,BROKEN O LAND & LIVESTOCK LLC,PO BOX 11350,,,BOZEMAN,MT,Vacant Land,602.76,2
Lewis and Clark,KROENKE GROUP,BROKEN O LAND & LIVESTOCK LLC,PO BOX 11350,,,BOZEMAN,MT,Vacant Land,21.11,2
Lewis and Clark,KROENKE GROUP,BROKEN O LAND & LIVESTOCK LLC,PO BOX 11350,,,BOZEMAN,MT,Vacant Land,20.82,2
Lewis and Clark,KROENKE GROUP,BROKEN O LAND & LIVESTOCK LLC,PO BOX 11350,,,BOZEMAN,MT,Vacant Land,20.67,2
Lewis and Clark,KROENKE GROUP,BROKEN O LAND & LIVESTOCK LLC,PO BOX 11350,,,BOZEMAN,MT,Vacant Land,20.51,2
Lewis and Clark,KROENKE GROUP,BROKEN O LAND & LIVESTOCK LLC,PO BOX 11350,,,BOZEMAN,MT,Vacant Land,20.22,2
Lewis and Clark,KROENKE GROUP,BROKEN O LAND & LIVESTOCK LLC,PO BOX 11350,,,BOZEMAN,MT,Vacant Land,80.0,2
Lewis and Clark,KROENKE GROUP,BROKEN O LAND & LIVESTOCK LLC,PO BOX 11350,,,BOZEMAN,MT,Vacant Land,35.18,2
Lewis and Clark,KROENKE GROUP,BROKEN O LAND & LIVESTOCK LLC,200 S 23RD AVE STE D9,,,BOZEMAN,MT,Vacant Land,76.19,2
Lewis and Clark,KROENKE GROUP,BROKEN O LAND & LIVESTOCK LLC,PO BOX 11350,,,BOZEMAN,MT,Vacant Land,597.28,2
Lewis and Clark,KROENKE GROUP,BROKEN O LAND & LIVESTOCK LLC,PO BOX 11350,,,BOZEMAN,MT,Vacant Land,320.0,2
Lewis and Clark,KROENKE GROUP,BROKEN O LAND & LIVESTOCK LLC,PO BOX 11350,,,BOZEMAN,MT,Vacant Land,80.0,2
Lewis and Clark,KROENKE GROUP,BROKEN O LAND & LIVESTOCK LLC,PO BOX 11350,,,BOZEMAN,MT,Vacant Land,160.0,2
Lewis and Clark,KROENKE GROUP,BROKEN O LAND & LIVESTOCK LLC,PO BOX 11350,,,BOZEMAN,MT,Vacant Land,120.0,2
Lewis and Clark,KROENKE GROUP,BROKEN O LAND & LIVESTOCK LLC,PO BOX 11350,,,BOZEMAN,MT,Vacant Land,640.0,2
Lewis and Clark,KROENKE GROUP,BROKEN O LAND & LIVESTOCK LLC,PO BOX 11350,,,BOZEMAN,MT,Vacant Land,443.8,2
Lewis and Clark,KROENKE GROUP,BROKEN O LAND & LIVESTOCK LLC,PO BOX 11350,,,BOZEMAN,MT,Vacant Land,33.0,2
Lewis and Clark,KROENKE GROUP,BROKEN O LAND & LIVESTOCK LLC,PO BOX 11350,,,BOZEMAN,MT,Vacant Land,480.0,2
Lewis and Clark,KROENKE GROUP,BROKEN O LAND & LIVESTOCK LLC,PO BOX 11350,,,BOZEMAN,MT,Improved Property,461.55,2
Lewis and Clark,KROENKE GROUP,BROKEN O LAND & LIVESTOCK LLC,PO BOX 11350,,,BOZEMAN,MT,Vacant Land,40.0,2
Lewis and Clark,KROENKE GROUP,BROKEN O LAND & LIVESTOCK LLC,PO BOX 11350,,,BOZEMAN,MT,Vacant Land,400.0,2
Lewis and Clark,KROENKE GROUP,BROKEN O LAND & LIVESTOCK LLC,PO BOX 11350,,,BOZEMAN,MT,Vacant Land,40.0,2
Lewis and Clark,KROENKE GROUP,BROKEN O LAND & LIVESTOCK LLC,PO BOX 11350,,,BOZEMAN,MT,Vacant Land,400.0,2
Lewis and Clark,KROENKE GROUP,BROKEN O LAND & LIVESTOCK LLC,PO BOX 11350,,,BOZEMAN,MT,Vacant Land,210.0,2
Lewis and Clark,KROENKE GROUP,BROKEN O LAND & LIVESTOCK LLC,PO BOX 11350,,,BOZEMAN,MT,Vacant Land,476.0,2
Lewis and Clark,KROENKE GROUP,BROKEN O LAND & LIVESTOCK LLC,PO BOX 11350,,,BOZEMAN,MT,Vacant Land,360.0,2
Lewis and Clark,KROENKE GROUP,BROKEN O LAND & LIVESTOCK LLC,PO BOX 11350,,,BOZEMAN,MT,Vacant Land,640.0,2
Lewis and Clark,KROENKE GROUP,BROKEN O LAND & LIVESTOCK LLC,PO BOX 11350,,,BOZEMAN,MT,Vacant Land,640.0,2
Lewis and Clark,KROENKE GROUP,BROKEN O LAND & LIVESTOCK LLC,PO BOX 11350,,,BOZEMAN,MT,Vacant Land,160.0,2
Lewis and Clark,KROENKE GROUP,BROKEN O LAND & LIVESTOCK LLC,PO BOX 11350,,,BOZEMAN,MT,Vacant Land,117.0,2
Lewis and Clark,KROENKE GROUP,BROKEN O LAND & LIVESTOCK LLC,PO BOX 11350,,,BOZEMAN,MT,Vacant Land,129.0,2
Lewis and Clark,KROENKE GROUP,BROKEN O LAND & LIVESTOCK LLC,PO BOX 11350,,,BOZEMAN,MT,Vacant Land,51.0,2
Lewis and Clark,KROENKE GROUP,BROKEN O LAND & LIVESTOCK LLC,PO BOX 11350,,,BOZEMAN,MT,Vacant Land,26.0,2
Lewis and Clark,GALT RANCH,GALT RANCH LP,543 BIRCH CREEK RD,,,WHT SPHR SPGS,MT,Vacant Land,191.0,1
Lewis and Clark,KROENKE GROUP,BROKEN O LAND & LIVESTOCK LLC,PO BOX 11350,,,BOZEMAN,MT,Vacant Land,20.863,2
Lewis and Clark,KROENKE GROUP,BROKEN O LAND & LIVESTOCK LLC,PO BOX 11350,,,BOZEMAN,MT,Vacant Land,640.0,2
Lewis and Clark,KROENKE GROUP,BROKEN O LAND & LIVESTOCK LLC,PO BOX 11350,,,BOZEMAN,MT,Vacant Land,640.0,2
Lewis and Clark,KROENKE GROUP,BROKEN O LAND & LIVESTOCK LLC,PO BOX 11350,,,BOZEMAN,MT,Vacant Land,69.0,2
Lewis and Clark,KROENKE GROUP,BROKEN O LAND & LIVESTOCK LLC,PO BOX 11350,,,BOZEMAN,MT,Vacant Land,302.0,2
Lewis and Clark,KROENKE GROUP,BROKEN O LAND & LIVESTOCK LLC,PO BOX 11350,,,BOZEMAN,MT,Improved Property,520.0,2
Lewis and Clark,KROENKE GROUP,BROKEN O LAND & LIVESTOCK LLC,PO BOX 11350,,,BOZEMAN,MT,Vacant Land,9.9,2
Lewis and Clark,KROENKE GROUP,BROKEN O LAND & LIVESTOCK LLC,PO BOX 11350,,,BOZEMAN,MT,Vacant Land,320.0,2
Lewis and Clark,KROENKE GROUP,BROKEN O LAND & LIVESTOCK LLC,PO BOX 11350,,,BOZEMAN,MT,Vacant Land,640.0,2
Lewis and Clark,KROENKE GROUP,BROKEN O LAND & LIVESTOCK LLC,PO BOX 11350,,,BOZEMAN,MT,Vacant Land,643.97,2
Lewis and Clark,KROENKE GROUP,BROKEN O LAND & LIVESTOCK LLC,PO BOX 11350,,,BOZEMAN,MT,Vacant Land,640.0,2
Lewis and Clark,KROENKE GROUP,BROKEN O LAND & LIVESTOCK LLC,PO BOX 11350,,,BOZEMAN,MT,Vacant Land,636.0,2
Lewis and Clark,KROENKE GROUP,BROKEN O LAND & LIVESTOCK LLC,PO BOX 11350,,,BOZEMAN,MT,Vacant Land,120.0,2
Lewis and Clark,KROENKE GROUP,BROKEN O LAND & LIVESTOCK LLC,PO BOX 11350,,,BOZEMAN,MT,Improved Property,5.0,2
Lewis and Clark,KROENKE GROUP,BROKEN O LAND & LIVESTOCK LLC,PO BOX 11350,,,BOZEMAN,MT,Vacant Land,607.31,2
Lewis and Clark,KROENKE GROUP,BROKEN O LAND & LIVESTOCK LLC,PO BOX 11350,,,BOZEMAN,MT,Vacant Land,21.29,2
Lewis and Clark,KROENKE GROUP,BROKEN O LAND & LIVESTOCK LLC,PO BOX 11350,,,BOZEMAN,MT,Vacant Land,20.1,2
Lewis and Clark,KROENKE GROUP,BROKEN O LAND & LIVESTOCK LLC,PO BOX 11350,,,BOZEMAN,MT,Vacant Land,160.0,2
Lewis and Clark,KROENKE GROUP,BROKEN O LAND & LIVESTOCK LLC,PO BOX 11350,,,BOZEMAN,MT,Vacant Land,320.0,2
Lewis and Clark,KROENKE GROUP,BROKEN O LAND & LIVESTOCK LLC,PO BOX 11350,,,BOZEMAN,MT,Vacant Land,80.0,2
Lewis and Clark,KROENKE GROUP,BROKEN O LAND & LIVESTOCK LLC,PO BOX 11350,,,BOZEMAN,MT,Vacant Land,320.0,2
Lewis and Clark,KROENKE GROUP,BROKEN O LAND & LIVESTOCK LLC,PO BOX 11350,,,BOZEMAN,MT,Vacant Land,221.93,2
Lewis and Clark,KROENKE GROUP,BROKEN O LAND & LIVESTOCK LLC,PO BOX 11350,,,BOZEMAN,MT,Vacant Land,240.0,2
Lewis and Clark,KROENKE GROUP,BROKEN O LAND & LIVESTOCK LLC,PO BOX 11350,,,BOZEMAN,MT,Vacant Land,40.0,2
Lewis and Clark,KROENKE GROUP,BROKEN O LAND & LIVESTOCK LLC,PO BOX 11350,,,BOZEMAN,MT,Vacant Land,640.0,2
Lewis and Clark,KROENKE GROUP,BROKEN O LAND & LIVESTOCK LLC,PO BOX 11350,,,BOZEMAN,MT,Vacant Land,640.0,2
Lewis and Clark,KROENKE GROUP,BROKEN O LAND & LIVESTOCK LLC,PO BOX 11350,,,BOZEMAN,MT,Vacant Land,320.0,2
Lewis and Clark,KROENKE GROUP,BROKEN O LAND & LIVESTOCK LLC,PO BOX 11350,,,BOZEMAN,MT,Vacant Land,82.0,2
Lewis and Clark,KROENKE GROUP,BROKEN O LAND & LIVESTOCK LLC,PO BOX 11350,,,BOZEMAN,MT,Vacant Land,65.0,2
Lewis and Clark,KROENKE GROUP,BROKEN O LAND & LIVESTOCK LLC,PO BOX 11350,,,BOZEMAN,MT,Vacant Land,40.0,2
Lewis and Clark,KROENKE GROUP,BROKEN O LAND & LIVESTOCK LLC,PO BOX 11350,,,BOZEMAN,MT,Improved Property,480.0,2
Lewis and Clark,KROENKE GROUP,BROKEN O LAND & LIVESTOCK LLC,PO BOX 11350,,,BOZEMAN,MT,Improved Property,640.0,2
Lewis and Clark,GALT RANCH,GALT RANCH LP,543 BIRCH CREEK RD,,,WHITE SULPHUR SPRINGS,MT,Vacant Land,54.0,1
Lewis and Clark,KROENKE GROUP,BROKEN O LAND & LIVESTOCK LLC,PO BOX 11350,,,BOZEMAN,MT,Vacant Land,316.1,2
Lewis and Clark,KROENKE GROUP,BROKEN O LAND & LIVESTOCK LLC,PO BOX 11350,,,BOZEMAN,MT,Improved Property,405.0,2
Lewis and Clark,GALT RANCH,GALT RANCH LP,543 BIRCH CREEK RD,,,WHT SPHR SPGS,MT,Vacant Land,362.33,1
Lewis and Clark,GALT RANCH,GALT RANCH LP,543 BIRCH CREEK RD,,,WHT SPHR SPGS,MT,Improved Property,474.0,1
Lewis and Clark,GALT RANCH,71 RANCH LP,106 71 RANCH RD,,,MARTINSDALE,MT,Vacant Land,80.0,1
Lewis and Clark,NATURE CONSERVANCY,THE NATURE CONSERVANCY,32 S EWING ST STE 215,,,HELENA,MT,Vacant Land,60.0,8
Lewis and Clark,KROENKE GROUP,BROKEN O LAND & LIVESTOCK LLC,PO BOX 11350,,,BOZEMAN,MT,Vacant Land,43.0,2
Lewis and Clark,KROENKE GROUP,BROKEN O LAND & LIVESTOCK LLC,PO BOX 11350,,,BOZEMAN,MT,Vacant Land,36.28,2
Lewis and Clark,GALT RANCH,71 RANCH LP,40 71 RANCH LN,,,MARTINSDALE,MT,Vacant Land,199.1,1
Lewis and Clark,KROENKE GROUP,BROKEN O LAND & LIVESTOCK LLC,PO BOX 11350,,,BOZEMAN,MT,Improved Property,424.62,2
Lewis and Clark,KROENKE GROUP,BROKEN O LAND & LIVESTOCK LLC,200 S 23RD AVE STE D9,,,BOZEMAN,MT,Vacant Land,76.2,2
Lewis and Clark,KROENKE GROUP,BROKEN O LAND & LIVESTOCK LLC,200 S 23RD AVE STE D9,,,BOZEMAN,MT,Improved Property,71.77,2
Lewis and Clark,KROENKE GROUP,BROKEN O LAND & LIVESTOCK LLC,PO BOX 11350,,,BOZEMAN,MT,Vacant Land,40.0,2
Lewis and Clark,KROENKE GROUP,BROKEN O LAND & LIVESTOCK LLC,PO BOX 11350,,,BOZEMAN,MT,Vacant Land,280.0,2
Lewis and Clark,KROENKE GROUP,BROKEN O LAND & LIVESTOCK LLC,PO BOX 11350,,,BOZEMAN,MT,Vacant Land,200.0,2
Missoula,NATURE CONSERVANCY,MONTANA CHECKERBOARD LLC,32 S EWING ST STE 215,,,HELENA,MT,Vacant Land,360.0,8
Missoula,NATURE CONSERVANCY,MONTANA CHECKERBOARD LLC,32 S EWING ST STE 215,,,HELENA,MT,Vacant Land,159.99,8
Missoula,NATURE CONSERVANCY,MONTANA CHECKERBOARD LLC,32 S EWING ST STE 215,,,HELENA,MT,Vacant Land,591.033,8
Missoula,NATURE CONSERVANCY,MONTANA CHECKERBOARD LLC,32 S EWING ST STE 215,,,HELENA,MT,Vacant Land,160.0,8
Missoula,NATURE CONSERVANCY,MONTANA CHECKERBOARD LLC,32 S EWING ST STE 215,,,HELENA,MT,Vacant Land,51.5,8
Missoula,NATURE CONSERVANCY,MONTANA CHECKERBOARD LLC,32 S EWING ST STE 215,,,HELENA,MT,Vacant Land,160.0,8
Missoula,NATURE CONSERVANCY,MONTANA CHECKERBOARD LLC,32 S EWING ST STE 215,,,HELENA,MT,Vacant Land,329.92,8
Missoula,NATURE CONSERVANCY,MONTANA CHECKERBOARD LLC,32 S EWING ST STE 215,,,HELENA,MT,Vacant Land,165.0,8
Missoula,NATURE CONSERVANCY,MONTANA CHECKERBOARD LLC,32 S EWING ST STE 215,,,HELENA,MT,Vacant Land,480.0,8
Missoula,NATURE CONSERVANCY,MONTANA CHECKERBOARD LLC,32 S EWING ST STE 215,,,HELENA,MT,Vacant Land,251.35,8
Missoula,NATURE CONSERVANCY,MONTANA CHECKERBOARD LLC,32 S EWING ST STE 215,,,HELENA,MT,Vacant Land,560.0,8
Missoula,NATURE CONSERVANCY,MONTANA CHECKERBOARD LLC,32 S EWING ST STE 215,,,HELENA,MT,Vacant Land,51.5,8
Missoula,NATURE CONSERVANCY,MONTANA CHECKERBOARD LLC,32 S EWING ST STE 215,,,HELENA,MT,Vacant Land,309.4,8
Missoula,NATURE CONSERVANCY,MONTANA CHECKERBOARD LLC,32 S EWING ST STE 215,,,HELENA,MT,Vacant Land,640.0,8
Missoula,NATURE CONSERVANCY,MONTANA CHECKERBOARD LLC,32 S EWING ST STE 215,,,HELENA,MT,Vacant Land,240.12,8
Missoula,NATURE CONSERVANCY,MONTANA CHECKERBOARD LLC,32 S EWING ST STE 215,,,HELENA,MT,Vacant Land,480.0,8
Missoula,NATURE CONSERVANCY,MONTANA CHECKERBOARD LLC,32 S EWING ST STE 215,,,HELENA,MT,Vacant Land,482.36,8
Missoula,NATURE CONSERVANCY,MONTANA CHECKERBOARD LLC,32 S EWING ST STE 215,,,HELENA,MT,Vacant Land,640.0,8
Missoula,NATURE CONSERVANCY,MONTANA CHECKERBOARD LLC,32 S EWING ST STE 215,,,HELENA,MT,Vacant Land,640.0,8
Missoula,NATURE CONSERVANCY,MONTANA CHECKERBOARD LLC,32 S EWING ST STE 215,,,HELENA,MT,Vacant Land,320.0,8
Missoula,NATURE CONSERVANCY,MONTANA CHECKERBOARD LLC,32 S EWING ST STE 215,,,HELENA,MT,Vacant Land,520.08,8
Missoula,NATURE CONSERVANCY,MONTANA CHECKERBOARD LLC,32 S EWING ST STE 215,,,HELENA,MT,Vacant Land,640.0,8
Missoula,NATURE CONSERVANCY,MONTANA CHECKERBOARD LLC,32 S EWING ST STE 215,,,HELENA,MT,Vacant Land,506.96,8
Missoula,NATURE CONSERVANCY,MONTANA CHECKERBOARD LLC,32 S EWING ST STE 215,,,HELENA,MT,Vacant Land,640.0,8
Missoula,NATURE CONSERVANCY,MONTANA CHECKERBOARD LLC,32 S EWING ST STE 215,,,HELENA,MT,Vacant Land,640.0,8
Missoula,NATURE CONSERVANCY,NATURE CONSERVANCY (THE),32 S EWING ST,,,HELENA,MT,Vacant Land,160.0,8
Missoula,NATURE CONSERVANCY,NATURE CONSERVANCY (THE),32 S EWING ST,,,HELENA,MT,Vacant Land,480.0,8
Missoula,NATURE CONSERVANCY,NATURE CONSERVANCY (THE),32 S EWING ST,,,HELENA,MT,Vacant Land,560.0,8
Missoula,NATURE CONSERVANCY,NATURE CONSERVANCY (THE),32 S EWING ST,,,HELENA,MT,Vacant Land,640.0,8
Missoula,NATURE CONSERVANCY,MONTANA CHECKERBOARD LLC,32 S EWING ST STE 215,,,HELENA,MT,Vacant Land,354.76,8
Missoula,NATURE CONSERVANCY,MONTANA CHECKERBOARD LLC,32 S EWING ST STE 215,,,HELENA,MT,Vacant Land,640.0,8
Missoula,NATURE CONSERVANCY,MONTANA CHECKERBOARD LLC,32 S EWING ST STE 215,,,HELENA,MT,Vacant Land,640.0,8
Missoula,NATURE CONSERVANCY,MONTANA CHECKERBOARD LLC,32 S EWING ST STE 215,,,HELENA,MT,Vacant Land,640.0,8
Missoula,NATURE CONSERVANCY,MONTANA CHECKERBOARD LLC,32 S EWING ST STE 215,,,HELENA,MT,Vacant Land,640.0,8
Missoula,NATURE CONSERVANCY,NATURE CONSERVANCY (THE),32 S EWING ST,,,HELENA,MT,Vacant Land,640.0,8
Missoula,NATURE CONSERVANCY,MONTANA CHECKERBOARD LLC,32 S EWING ST STE 215,,,HELENA,MT,Vacant Land,640.0,8
Missoula,NATURE CONSERVANCY,NATURE CONSERVANCY (THE),32 S EWING ST STE 215,,,HELENA,MT,Vacant Land,320.0,8
Missoula,NATURE CONSERVANCY,NATURE CONSERVANCY (THE),32 S EWING ST,,,HELENA,MT,Vacant Land,640.0,8
Missoula,NATURE CONSERVANCY,MONTANA CHECKERBOARD LLC,32 S EWING ST STE 215,,,HELENA,MT,Vacant Land,320.0,8
Missoula,NATURE CONSERVANCY,MONTANA CHECKERBOARD LLC,32 S EWING ST STE 215,,,HELENA,MT,Vacant Land,480.0,8
Missoula,NATURE CONSERVANCY,MONTANA CHECKERBOARD LLC,32 S EWING ST STE 215,,,HELENA,MT,Vacant Land,640.0,8
Missoula,NATURE CONSERVANCY,MONTANA CHECKERBOARD LLC,32 S EWING ST STE 215,,,HELENA,MT,Vacant Land,673.92,8
Missoula,NATURE CONSERVANCY,MONTANA CHECKERBOARD LLC,32 S EWING ST STE 215,,,HELENA,MT,Vacant Land,640.0,8
Missoula,NATURE CONSERVANCY,MONTANA CHECKERBOARD LLC,32 S EWING ST STE 215,,,HELENA,MT,Vacant Land,160.0,8
Missoula,NATURE CONSERVANCY,MONTANA CHECKERBOARD LLC,32 S EWING ST STE 215,,,HELENA,MT,Vacant Land,360.0,8
Missoula,NATURE CONSERVANCY,MONTANA CHECKERBOARD LLC,32 S EWING ST STE 215,,,HELENA,MT,Vacant Land,654.28,8
Missoula,NATURE CONSERVANCY,MONTANA CHECKERBOARD LLC,32 S EWING ST STE 215,,,HELENA,MT,Vacant Land,640.0,8
Missoula,NATURE CONSERVANCY,MONTANA CHECKERBOARD LLC,32 S EWING ST STE 215,,,HELENA,MT,Vacant Land,640.0,8
Missoula,NATURE CONSERVANCY,MONTANA CHECKERBOARD LLC,32 S EWING ST STE 215,,,HELENA,MT,Vacant Land,640.0,8
Missoula,NATURE CONSERVANCY,MONTANA CHECKERBOARD LLC,32 S EWING ST STE 215,,,HELENA,MT,Vacant Land,630.82,8
Missoula,NATURE CONSERVANCY,MONTANA CHECKERBOARD LLC,32 S EWING ST STE 215,,,HELENA,MT,Vacant Land,360.0,8
Missoula,NATURE CONSERVANCY,MONTANA CHECKERBOARD LLC,32 S EWING ST STE 215,,,HELENA,MT,Vacant Land,640.0,8
Missoula,NATURE CONSERVANCY,MONTANA CHECKERBOARD LLC,32 S EWING ST STE 215,,,HELENA,MT,Vacant Land,376.28,8
Missoula,NATURE CONSERVANCY,MONTANA CHECKERBOARD LLC,32 S EWING ST STE 215,,,HELENA,MT,Vacant Land,160.0,8
Missoula,NATURE CONSERVANCY,MONTANA CHECKERBOARD LLC,32 S EWING ST STE 215,,,HELENA,MT,Vacant Land,640.0,8
Missoula,NATURE CONSERVANCY,MONTANA CHECKERBOARD LLC,32 S EWING ST STE 215,,,HELENA,MT,Vacant Land,640.0,8
Missoula,NATURE CONSERVANCY,MONTANA CHECKERBOARD LLC,32 S EWING ST STE 215,,,HELENA,MT,Vacant Land,640.0,8
Missoula,NATURE CONSERVANCY,MONTANA CHECKERBOARD LLC,32 S EWING ST STE 215,,,HELENA,MT,Vacant Land,480.0,8
Missoula,NATURE CONSERVANCY,MONTANA CHECKERBOARD LLC,32 S EWING ST STE 215,,,HELENA,MT,Vacant Land,640.0,8
Missoula,NATURE CONSERVANCY,MONTANA CHECKERBOARD LLC,32 S EWING ST STE 215,,,HELENA,MT,Vacant Land,160.0,8
Missoula,NATURE CONSERVANCY,MONTANA CHECKERBOARD LLC,32 S EWING ST STE 215,,,HELENA,MT,Vacant Land,640.0,8
Missoula,NATURE CONSERVANCY,MONTANA CHECKERBOARD LLC,32 S EWING ST STE 215,,,HELENA,MT,Vacant Land,640.0,8
Missoula,NATURE CONSERVANCY,MONTANA CHECKERBOARD LLC,32 S EWING ST STE 215,,,HELENA,MT,Vacant Land,640.0,8
Missoula,NATURE CONSERVANCY,MONTANA CHECKERBOARD LLC,32 S EWING ST STE 215,,,HELENA,MT,Vacant Land,651.04,8
Missoula,NATURE CONSERVANCY,MONTANA CHECKERBOARD LLC,32 S EWING ST STE 215,,,HELENA,MT,Vacant Land,640.0,8
Missoula,NATURE CONSERVANCY,MONTANA CHECKERBOARD LLC,32 S EWING ST STE 215,,,HELENA,MT,Vacant Land,629.08,8
Missoula,NATURE CONSERVANCY,MONTANA CHECKERBOARD LLC,32 S EWING ST STE 215,,,HELENA,MT,Vacant Land,280.0,8
Missoula,NATURE CONSERVANCY,MONTANA CHECKERBOARD LLC,32 S EWING ST STE 215,,,HELENA,MT,Vacant Land,640.0,8
Missoula,NATURE CONSERVANCY,MONTANA CHECKERBOARD LLC,32 S EWING ST STE 215,,,HELENA,MT,Vacant Land,511.14,8
Missoula,NATURE CONSERVANCY,MONTANA CHECKERBOARD LLC,32 S EWING ST STE 215,,,HELENA,MT,Vacant Land,160.0,8
Missoula,NATURE CONSERVANCY,MONTANA CHECKERBOARD LLC,32 S EWING ST STE 215,,,HELENA,MT,Vacant Land,130.35,8
Missoula,NATURE CONSERVANCY,MONTANA CHECKERBOARD LLC,32 S EWING ST STE 215,,,HELENA,MT,Vacant Land,517.28,8
Missoula,NATURE CONSERVANCY,MONTANA CHECKERBOARD LLC,32 S EWING ST STE 215,,,HELENA,MT,Vacant Land,393.77,8
Missoula,NATURE CONSERVANCY,MONTANA CHECKERBOARD LLC,32 S EWING ST STE 215,,,HELENA,MT,Vacant Land,437.21,8
Missoula,NATURE CONSERVANCY,MONTANA CHECKERBOARD LLC,32 S EWING ST STE 215,,,HELENA,MT,Vacant Land,406.69,8
Missoula,NATURE CONSERVANCY,MONTANA CHECKERBOARD LLC,32 S EWING ST STE 215,,,HELENA,MT,Vacant Land,653.4,8
Missoula,NATURE CONSERVANCY,MONTANA CHECKERBOARD LLC,32 S EWING ST STE 215,,,HELENA,MT,Vacant Land,80.0,8
Missoula,NATURE CONSERVANCY,MONTANA CHECKERBOARD LLC,32 S EWING ST STE 215,,,HELENA,MT,Vacant Land,508.76,8
Missoula,NATURE CONSERVANCY,MONTANA CHECKERBOARD LLC,32 S EWING ST STE 215,,,HELENA,MT,Vacant Land,634.6,8
Missoula,NATURE CONSERVANCY,MONTANA CHECKERBOARD LLC,32 S EWING ST STE 215,,,HELENA,MT,Vacant Land,640.0,8
Missoula,NATURE CONSERVANCY,MONTANA CHECKERBOARD LLC,32 S EWING ST STE 215,,,HELENA,MT,Vacant Land,639.55,8
Missoula,NATURE CONSERVANCY,MONTANA CHECKERBOARD LLC,32 S EWING ST STE 215,,,HELENA,MT,Vacant Land,80.11,8
Missoula,NATURE CONSERVANCY,MONTANA CHECKERBOARD LLC,32 S EWING ST STE 215,,,HELENA,MT,Vacant Land,608.4,8
Missoula,NATURE CONSERVANCY,MONTANA CHECKERBOARD LLC,32 S EWING ST STE 215,,,HELENA,MT,Vacant Land,640.0,8
Missoula,NATURE CONSERVANCY,MONTANA CHECKERBOARD LLC,32 S EWING ST STE 215,,,HELENA,MT,Vacant Land,268.2,8
Missoula,NATURE CONSERVANCY,MONTANA CHECKERBOARD LLC,32 S EWING ST STE 215,,,HELENA,MT,Vacant Land,637.03,8
Missoula,NATURE CONSERVANCY,MONTANA CHECKERBOARD LLC,32 S EWING ST STE 215,,,HELENA,MT,Vacant Land,84.73,8
Missoula,NATURE CONSERVANCY,MONTANA CHECKERBOARD LLC,32 S EWING ST STE 215,,,HELENA,MT,Vacant Land,292.36,8
Missoula,NATURE CONSERVANCY,MONTANA CHECKERBOARD LLC,32 S EWING ST STE 215,,,HELENA,MT,Vacant Land,465.6,8
Missoula,NATURE CONSERVANCY,MONTANA CHECKERBOARD LLC,32 S EWING ST STE 215,,,HELENA,MT,Vacant Land,218.93,8
Missoula,NATURE CONSERVANCY,MONTANA CHECKERBOARD LLC,32 S EWING ST STE 215,,,HELENA,MT,Vacant Land,246.28,8
Missoula,NATURE CONSERVANCY,MONTANA CHECKERBOARD LLC,32 S EWING ST STE 215,,,HELENA,MT,Vacant Land,373.94,8
Missoula,NATURE CONSERVANCY,MONTANA CHECKERBOARD LLC,32 S EWING ST STE 215,,,HELENA,MT,Vacant Land,335.74,8
Missoula,NATURE CONSERVANCY,MONTANA CHECKERBOARD LLC,32 S EWING ST STE 215,,,HELENA,MT,Vacant Land,653.76,8
Missoula,NATURE CONSERVANCY,MONTANA CHECKERBOARD LLC,32 S EWING ST STE 215,,,HELENA,MT,Vacant Land,623.66,8
Missoula,NATURE CONSERVANCY,MONTANA CHECKERBOARD LLC,32 S EWING ST STE 215,,,HELENA,MT,Vacant Land,700.19,8
Missoula,NATURE CONSERVANCY,MONTANA CHECKERBOARD LLC,32 S EWING ST STE 215,,,HELENA,MT,Vacant Land,640.05,8
Missoula,NATURE CONSERVANCY,MONTANA CHECKERBOARD LLC,32 S EWING ST STE 215,,,HELENA,MT,Vacant Land,320.0,8
Missoula,NATURE CONSERVANCY,MONTANA CHECKERBOARD LLC,32 S EWING ST STE 215,,,HELENA,MT,Vacant Land,427.27,8
Missoula,NATURE CONSERVANCY,MONTANA CHECKERBOARD LLC,32 S EWING ST STE 215,,,HELENA,MT,Vacant Land,621.64,8
Missoula,NATURE CONSERVANCY,MONTANA CHECKERBOARD LLC,32 S EWING ST STE 215,,,HELENA,MT,Vacant Land,160.0,8
Missoula,NATURE CONSERVANCY,MONTANA CHECKERBOARD LLC,32 S EWING ST STE 215,,,HELENA,MT,Vacant Land,640.0,8
Missoula,NATURE CONSERVANCY,MONTANA CHECKERBOARD LLC,32 S EWING ST STE 215,,,HELENA,MT,Vacant Land,440.0,8
Missoula,NATURE CONSERVANCY,MONTANA CHECKERBOARD LLC,32 S EWING ST STE 215,,,HELENA,MT,Vacant Land,280.0,8
Missoula,NATURE CONSERVANCY,MONTANA CHECKERBOARD LLC,32 S EWING ST STE 215,,,HELENA,MT,Vacant Land,200.0,8
Missoula,NATURE CONSERVANCY,MONTANA CHECKERBOARD LLC,32 S EWING ST STE 215,,,HELENA,MT,Vacant Land,640.0,8
Missoula,NATURE CONSERVANCY,MONTANA CHECKERBOARD LLC,32 S EWING ST STE 215,,,HELENA,MT,Vacant Land,640.0,8
Missoula,NATURE CONSERVANCY,MONTANA CHECKERBOARD LLC,32 S EWING ST STE 215,,,HELENA,MT,Vacant Land,640.0,8
Missoula,NATURE CONSERVANCY,MONTANA CHECKERBOARD LLC,32 S EWING ST STE 215,,,HELENA,MT,Vacant Land,640.0,8
Missoula,NATURE CONSERVANCY,MONTANA CHECKERBOARD LLC,32 S EWING ST STE 215,,,HELENA,MT,Vacant Land,480.0,8
Missoula,NATURE CONSERVANCY,MONTANA CHECKERBOARD LLC,32 S EWING ST STE 215,,,HELENA,MT,Vacant Land,160.0,8
Missoula,NATURE CONSERVANCY,MONTANA CHECKERBOARD LLC,32 S EWING ST STE 215,,,HELENA,MT,Vacant Land,640.0,8
Missoula,NATURE CONSERVANCY,MONTANA CHECKERBOARD LLC,32 S EWING ST STE 215,,,HELENA,MT,Vacant Land,651.2,8
Missoula,NATURE CONSERVANCY,MONTANA CHECKERBOARD LLC,32 S EWING ST STE 215,,,HELENA,MT,Vacant Land,40.0,8
Missoula,NATURE CONSERVANCY,MONTANA CHECKERBOARD LLC,32 S EWING ST STE 215,,,HELENA,MT,Vacant Land,698.96,8
Missoula,NATURE CONSERVANCY,MONTANA CHECKERBOARD LLC,32 S EWING ST STE 215,,,HELENA,MT,Vacant Land,626.12,8
Missoula,NATURE CONSERVANCY,MONTANA CHECKERBOARD LLC,32 S EWING ST STE 215,,,HELENA,MT,Vacant Land,640.0,8
Missoula,NATURE CONSERVANCY,MONTANA CHECKERBOARD LLC,32 S EWING ST STE 215,,,HELENA,MT,Vacant Land,640.0,8
Missoula,NATURE CONSERVANCY,MONTANA CHECKERBOARD LLC,32 S EWING ST STE 215,,,HELENA,MT,Vacant Land,600.0,8
Missoula,NATURE CONSERVANCY,MONTANA CHECKERBOARD LLC,32 S EWING ST STE 215,,,HELENA,MT,Vacant Land,80.0,8
Missoula,NATURE CONSERVANCY,MONTANA CHECKERBOARD LLC,32 S EWING ST STE 215,,,HELENA,MT,Vacant Land,510.0,8
Missoula,NATURE CONSERVANCY,MONTANA CHECKERBOARD LLC,32 S EWING ST STE 215,,,HELENA,MT,Vacant Land,10.4,8
Missoula,NATURE CONSERVANCY,MONTANA CHECKERBOARD LLC,32 S EWING ST STE 215,,,HELENA,MT,Vacant Land,454.81,8
Missoula,NATURE CONSERVANCY,MONTANA CHECKERBOARD LLC,32 S EWING ST STE 215,,,HELENA,MT,Vacant Land,640.0,8
Missoula,NATURE CONSERVANCY,MONTANA CHECKERBOARD LLC,32 S EWING ST STE 215,,,HELENA,MT,Vacant Land,640.0,8
Missoula,NATURE CONSERVANCY,MONTANA CHECKERBOARD LLC,32 S EWING ST STE 215,,,HELENA,MT,Vacant Land,624.81,8
Missoula,NATURE CONSERVANCY,MONTANA CHECKERBOARD LLC,32 S EWING ST STE 215,,,HELENA,MT,Vacant Land,228.74,8
Missoula,NATURE CONSERVANCY,MONTANA CHECKERBOARD LLC,32 S EWING ST STE 215,,,HELENA,MT,Vacant Land,640.0,8
Missoula,NATURE CONSERVANCY,MONTANA CHECKERBOARD LLC,32 S EWING ST STE 215,,,HELENA,MT,Vacant Land,280.0,8
Missoula,NATURE CONSERVANCY,MONTANA CHECKERBOARD LLC,32 S EWING ST STE 215,,,HELENA,MT,Vacant Land,640.0,8
Missoula,NATURE CONSERVANCY,NATURE CONSERVANCY (THE),32 S EWING ST,,,HELENA,MT,Vacant Land,39.73,8
Missoula,NATURE CONSERVANCY,MONTANA CHECKERBOARD LLC,32 S EWING ST STE 215,,,HELENA,MT,Vacant Land,550.4,8
Missoula,NATURE CONSERVANCY,MONTANA CHECKERBOARD LLC,32 S EWING ST STE 215,,,HELENA,MT,Vacant Land,81.64,8
Missoula,NATURE CONSERVANCY,MONTANA CHECKERBOARD LLC,32 S EWING ST STE 215,,,HELENA,MT,Vacant Land,518.84,8
Missoula,NATURE CONSERVANCY,MONTANA CHECKERBOARD LLC,32 S EWING ST STE 215,,,HELENA,MT,Vacant Land,742.76,8
Missoula,NATURE CONSERVANCY,MONTANA CHECKERBOARD LLC,32 S EWING ST STE 215,,,HELENA,MT,Vacant Land,523.96,8
Missoula,NATURE CONSERVANCY,MONTANA CHECKERBOARD LLC,32 S EWING ST STE 215,,,HELENA,MT,Vacant Land,487.2,8
Missoula,NATURE CONSERVANCY,MONTANA CHECKERBOARD LLC,32 S EWING ST STE 215,,,HELENA,MT,Vacant Land,4.321,8
Missoula,NATURE CONSERVANCY,MONTANA CHECKERBOARD LLC,32 S EWING ST STE 215,,,HELENA,MT,Vacant Land,566.42,8
Missoula,NATURE CONSERVANCY,MONTANA CHECKERBOARD LLC,32 S EWING ST STE 215,,,HELENA,MT,Vacant Land,320.0,8
Missoula,NATURE CONSERVANCY,MONTANA CHECKERBOARD LLC,32 S EWING ST STE 215,,,HELENA,MT,Vacant Land,640.0,8
Missoula,NATURE CONSERVANCY,MONTANA CHECKERBOARD LLC,32 S EWING ST STE 215,,,HELENA,MT,Vacant Land,54.08,8
Missoula,NATURE CONSERVANCY,MONTANA CHECKERBOARD LLC,32 S EWING ST STE 215,,,HELENA,MT,Vacant Land,686.56,8
Missoula,NATURE CONSERVANCY,MONTANA CHECKERBOARD LLC,32 S EWING ST STE 215,,,HELENA,MT,Vacant Land,640.0,8
Missoula,NATURE CONSERVANCY,MONTANA CHECKERBOARD LLC,32 S EWING ST STE 215,,,HELENA,MT,Vacant Land,250.76,8
Missoula,NATURE CONSERVANCY,MONTANA CHECKERBOARD LLC,32 S EWING ST STE 215,,,HELENA,MT,Vacant Land,591.41,8
Missoula,NATURE CONSERVANCY,NATURE CONSERVANCY (THE),32 S EWING ST,,,HELENA,MT,Vacant Land,6.44,8
Missoula,NATURE CONSERVANCY,MONTANA CHECKERBOARD LLC,32 S EWING ST STE 215,,,HELENA,MT,Vacant Land,109.43,8
Missoula,NATURE CONSERVANCY,MONTANA CHECKERBOARD LLC,32 S EWING ST STE 215,,,HELENA,MT,Vacant Land,320.0,8
Missoula,NATURE CONSERVANCY,MONTANA CHECKERBOARD LLC,32 S EWING ST STE 215,,,HELENA,MT,Vacant Land,640.0,8
Missoula,NATURE CONSERVANCY,MONTANA CHECKERBOARD LLC,32 S EWING ST STE 215,,,HELENA,MT,Vacant Land,560.27,8
Missoula,NATURE CONSERVANCY,MONTANA CHECKERBOARD LLC,32 S EWING ST STE 215,,,HELENA,MT,Vacant Land,54.22,8
Missoula,NATURE CONSERVANCY,MONTANA CHECKERBOARD LLC,32 S EWING ST STE 215,,,HELENA,MT,Vacant Land,414.0,8
Missoula,NATURE CONSERVANCY,MONTANA CHECKERBOARD LLC,32 S EWING ST STE 215,,,HELENA,MT,Vacant Land,240.0,8
Missoula,NATURE CONSERVANCY,MONTANA CHECKERBOARD LLC,32 S EWING ST STE 215,,,HELENA,MT,Vacant Land,622.64,8
Missoula,NATURE CONSERVANCY,MONTANA CHECKERBOARD LLC,32 S EWING ST STE 215,,,HELENA,MT,Vacant Land,400.421,8
Missoula,NATURE CONSERVANCY,MONTANA CHECKERBOARD LLC,32 S EWING ST STE 215,,,HELENA,MT,Vacant Land,160.0,8
Missoula,NATURE CONSERVANCY,MONTANA CHECKERBOARD LLC,32 S EWING ST STE 215,,,HELENA,MT,Vacant Land,80.0,8
Missoula,NATURE CONSERVANCY,MONTANA CHECKERBOARD LLC,32 S EWING ST STE 215,,,HELENA,MT,Vacant Land,554.36,8
Missoula,NATURE CONSERVANCY,MONTANA CHECKERBOARD LLC,32 S EWING ST STE 215,,,HELENA,MT,Vacant Land,745.69,8
Missoula,NATURE CONSERVANCY,MONTANA CHECKERBOARD LLC,32 S EWING ST STE 215,,,HELENA,MT,Vacant Land,440.0,8
Missoula,NATURE CONSERVANCY,MONTANA CHECKERBOARD LLC,32 S EWING ST STE 215,,,HELENA,MT,Vacant Land,479.63,8
Missoula,NATURE CONSERVANCY,MONTANA CHECKERBOARD LLC,32 S EWING ST STE 215,,,HELENA,MT,Vacant Land,34.06,8
Missoula,NATURE CONSERVANCY,MONTANA CHECKERBOARD LLC,32 S EWING ST STE 215,,,HELENA,MT,Vacant Land,240.0,8
Missoula,NATURE CONSERVANCY,MONTANA CHECKERBOARD LLC,32 S EWING ST STE 215,,,HELENA,MT,Vacant Land,639.66,8
Missoula,NATURE CONSERVANCY,MONTANA CHECKERBOARD LLC,32 S EWING ST STE 215,,,HELENA,MT,Vacant Land,240.0,8
Missoula,NATURE CONSERVANCY,MONTANA CHECKERBOARD LLC,32 S EWING ST STE 215,,,HELENA,MT,Vacant Land,614.4,8
Missoula,NATURE CONSERVANCY,MONTANA CHECKERBOARD LLC,32 S EWING ST STE 215,,,HELENA,MT,Vacant Land,560.0,8
Missoula,NATURE CONSERVANCY,MONTANA CHECKERBOARD LLC,32 S EWING ST STE 215,,,HELENA,MT,Vacant Land,603.68,8
Missoula,NATURE CONSERVANCY,MONTANA CHECKERBOARD LLC,32 S EWING ST STE 215,,,HELENA,MT,Vacant Land,608.36,8
Missoula,NATURE CONSERVANCY,MONTANA CHECKERBOARD LLC,32 S EWING ST STE 215,,,HELENA,MT,Vacant Land,534.74,8
Missoula,NATURE CONSERVANCY,MONTANA CHECKERBOARD LLC,32 S EWING ST STE 215,,,HELENA,MT,Vacant Land,480.0,8
Missoula,NATURE CONSERVANCY,MONTANA CHECKERBOARD LLC,32 S EWING ST STE 215,,,HELENA,MT,Vacant Land,135.08,8
Missoula,NATURE CONSERVANCY,MONTANA CHECKERBOARD LLC,32 S EWING ST STE 215,,,HELENA,MT,Vacant Land,640.0,8
Missoula,NATURE CONSERVANCY,MONTANA CHECKERBOARD LLC,32 S EWING ST STE 215,,,HELENA,MT,Vacant Land,120.0,8
Missoula,NATURE CONSERVANCY,MONTANA CHECKERBOARD LLC,32 S EWING ST STE 215,,,HELENA,MT,Vacant Land,642.22,8
Missoula,NATURE CONSERVANCY,MONTANA CHECKERBOARD LLC,32 S EWING ST STE 215,,,HELENA,MT,Vacant Land,320.0,8
Missoula,NATURE CONSERVANCY,MONTANA CHECKERBOARD LLC,32 S EWING ST STE 215,,,HELENA,MT,Vacant Land,629.28,8
Missoula,NATURE CONSERVANCY,MONTANA CHECKERBOARD LLC,32 S EWING ST STE 215,,,HELENA,MT,Vacant Land,597.71,8
Missoula,NATURE CONSERVANCY,MONTANA CHECKERBOARD LLC,32 S EWING ST STE 215,,,HELENA,MT,Vacant Land,290.68,8
Missoula,NATURE CONSERVANCY,MONTANA CHECKERBOARD LLC,32 S EWING ST STE 215,,,HELENA,MT,Vacant Land,640.0,8
Missoula,NATURE CONSERVANCY,MONTANA CHECKERBOARD LLC,32 S EWING ST STE 215,,,HELENA,MT,Vacant Land,6.793,8
Missoula,NATURE CONSERVANCY,MONTANA CHECKERBOARD LLC,32 S EWING ST STE 215,,,HELENA,MT,Vacant Land,480.0,8
Missoula,NATURE CONSERVANCY,MONTANA CHECKERBOARD LLC,32 S EWING ST STE 215,,,HELENA,MT,Vacant Land,187.9,8
Missoula,NATURE CONSERVANCY,MONTANA CHECKERBOARD LLC,32 S EWING ST STE 215,,,HELENA,MT,Vacant Land,409.76,8
Missoula,NATURE CONSERVANCY,MONTANA CHECKERBOARD LLC,32 S EWING ST STE 215,,,HELENA,MT,Vacant Land,183.09,8
Missoula,NATURE CONSERVANCY,MONTANA CHECKERBOARD LLC,32 S EWING ST STE 215,,,HELENA,MT,Vacant Land,280.0,8
Missoula,NATURE CONSERVANCY,MONTANA CHECKERBOARD LLC,32 S EWING ST STE 215,,,HELENA,MT,Vacant Land,373.79,8
Missoula,NATURE CONSERVANCY,MONTANA CHECKERBOARD LLC,32 S EWING ST STE 215,,,HELENA,MT,Vacant Land,565.34,8
Yellowstone,COFFEE-NEFSY,"COFFEE, VIRGINIA A & CAREN L",PO BOX 575,,,MILES CITY,MT,Condominium,0.0,7
Yellowstone,GALT RANCH,71 RANCH LP,40 71 RANCH LN,,,MARTINSDALE,MT,Vacant Land,80.0,1
Yellowstone,GALT RANCH,SUN COULEE LLC,40 71 RANCH LN,,,MARTINSDALE,MT,Vacant Land,390.0,1
Yellowstone,GALT RANCH,SUN COULEE LLC,40 71 RANCH LN,,,MARTINSDALE,MT,Improved Property,434.281,1
Yellowstone,FARMLAND RESERVE INC,FARMLAND RESERVE INC,PO BOX 3688,,,SALT LAKE CITY,UT,Vacant Land,640.0,3
Yellowstone,FARMLAND RESERVE INC,FARMLAND RESERVE INC,PO BOX 3688,,,SALT LAKE CITY,UT,Vacant Land,319.53,3
Yellowstone,FARMLAND RESERVE INC,FARMLAND RESERVE INC,PO BOX 3688,,,SALT LAKE CITY,UT,Vacant Land,160.0,3
Yellowstone,FARMLAND RESERVE INC,FARMLAND RESERVE INC,PO BOX 3688,,,SALT LAKE CITY,UT,Vacant Land,160.0,3
Yellowstone,FARMLAND RESERVE INC,FARMLAND RESERVE INC,PO BOX 3688,,,SALT LAKE CITY,UT,Vacant Land,640.0,3
Yellowstone,FARMLAND RESERVE INC,FARMLAND RESERVE INC,PO BOX 3688,,,SALT LAKE CITY,UT,Vacant Land,160.0,3
Yellowstone,FARMLAND RESERVE INC,FARMLAND RESERVE INC,PO BOX 3688,,,SALT LAKE CITY,UT,Vacant Land,320.0,3
Yellowstone,FARMLAND RESERVE INC,FARMLAND RESERVE INC,PO BOX 3688,,,SALT LAKE CITY,UT,Vacant Land,640.0,3
Yellowstone,FARMLAND RESERVE INC,FARMLAND RESERVE INC,PO BOX 3688,,,SALT LAKE CITY,UT,Vacant Land,160.0,3
Yellowstone,FARMLAND RESERVE INC,FARMLAND RESERVE INC,PO BOX 3688,,,SALT LAKE CITY,UT,Vacant Land,640.0,3
Yellowstone,FARMLAND RESERVE INC,FARMLAND RESERVE INC,PO BOX 3688,,,SALT LAKE CITY,UT,Vacant Land,240.0,3
Yellowstone,FARMLAND RESERVE INC,FARMLAND RESERVE INC,PO BOX 3688,,,SALT LAKE CITY,UT,Vacant Land,320.0,3
Yellowstone,FARMLAND RESERVE INC,FARMLAND RESERVE INC,PO BOX 3688,,,SALT LAKE CITY,UT,Vacant Land,640.0,3
Yellowstone,FARMLAND RESERVE INC,FARMLAND RESERVE INC,PO BOX 3688,,,SALT LAKE CITY,UT,Vacant Land,320.0,3
Yellowstone,FARMLAND RESERVE INC,FARMLAND RESERVE INC,PO BOX 3688,,,SALT LAKE CITY,UT,Vacant Land,640.0,3
Yellowstone,FARMLAND RESERVE INC,FARMLAND RESERVE INC,PO BOX 3688,,,SALT LAKE CITY,UT,Vacant Land,640.0,3
Yellowstone,FARMLAND RESERVE INC,FARMLAND RESERVE INC,PO BOX 3688,,,SALT LAKE CITY,UT,Vacant Land,640.0,3
Yellowstone,FARMLAND RESERVE INC,FARMLAND RESERVE INC,PO BOX 3688,,,SALT LAKE CITY,UT,Vacant Land,640.0,3
Yellowstone,FARMLAND RESERVE INC,FARMLAND RESERVE INC,PO BOX 3688,,,SALT LAKE CITY,UT,Vacant Land,320.0,3
Yellowstone,FARMLAND RESERVE INC,FARMLAND RESERVE INC,PO BOX 3688,,,SALT LAKE CITY,UT,Vacant Land,320.0,3
Yellowstone,FARMLAND RESERVE INC,FARMLAND RESERVE INC,PO BOX 3688,,,SALT LAKE CITY,UT,Vacant Land,480.0,3
Yellowstone,FARMLAND RESERVE INC,FARMLAND RESERVE INC,PO BOX 3688,,,SALT LAKE CITY,UT,Vacant Land,640.0,3
Yellowstone,FARMLAND RESERVE INC,FARMLAND RESERVE INC,PO BOX 3688,,,SALT LAKE CITY,UT,Vacant Land,645.12,3
Yellowstone,FARMLAND RESERVE INC,FARMLAND RESERVE INC,PO BOX 3688,,,SALT LAKE CITY,UT,Vacant Land,600.0,3
Yellowstone,FARMLAND RESERVE INC,FARMLAND RESERVE INC,PO BOX 3688,,,SALT LAKE CITY,UT,Vacant Land,640.0,3
Yellowstone,FARMLAND RESERVE INC,FARMLAND RESERVE INC,PO BOX 3688,,,SALT LAKE CITY,UT,Vacant Land,640.0,3
Yellowstone,FARMLAND RESERVE INC,FARMLAND RESERVE INC,PO BOX 3688,,,SALT LAKE CITY,UT,Vacant Land,640.0,3
Yellowstone,FARMLAND RESERVE INC,FARMLAND RESERVE INC,PO BOX 3688,,,SALT LAKE CITY,UT,Vacant Land,640.0,3
Yellowstone,FARMLAND RESERVE INC,FARMLAND RESERVE INC,PO BOX 3688,,,SALT LAKE CITY,UT,Vacant Land,160.0,3
Yellowstone,FARMLAND RESERVE INC,FARMLAND RESERVE INC,PO BOX 3688,,,SALT LAKE CITY,UT,Vacant Land,255.812,3
Yellowstone,FARMLAND RESERVE INC,FARMLAND RESERVE INC,PO BOX 3688,,,SALT LAKE CITY,UT,Vacant Land,244.7,3
Yellowstone,FARMLAND RESERVE INC,FARMLAND RESERVE INC,PO BOX 3688,,,SALT LAKE CITY,UT,Vacant Land,640.0,3
Yellowstone,FARMLAND RESERVE INC,FARMLAND RESERVE INC,PO BOX 3688,,,SALT LAKE CITY,UT,Vacant Land,640.0,3
Yellowstone,FARMLAND RESERVE INC,FARMLAND RESERVE INC,PO BOX 3688,,,SALT LAKE CITY,UT,Vacant Land,310.0,3
Yellowstone,FARMLAND RESERVE INC,FARMLAND RESERVE INC,PO BOX 3688,,,SALT LAKE CITY,UT,Vacant Land,640.0,3
Yellowstone,FARMLAND RESERVE INC,FARMLAND RESERVE INC,PO BOX 3688,,,SALT LAKE CITY,UT,Vacant Land,646.24,3
Yellowstone,FARMLAND RESERVE INC,FARMLAND RESERVE INC,PO BOX 3688,,,SALT LAKE CITY,UT,Vacant Land,648.48,3
Yellowstone,FARMLAND RESERVE INC,FARMLAND RESERVE INC,PO BOX 3688,,,SALT LAKE CITY,UT,Vacant Land,640.0,3
Yellowstone,FARMLAND RESERVE INC,FARMLAND RESERVE INC,PO BOX 3688,,,SALT LAKE CITY,UT,Vacant Land,640.0,3
Yellowstone,FARMLAND RESERVE INC,FARMLAND RESERVE INC,PO BOX 3688,,,SALT LAKE CITY,UT,Vacant Land,160.0,3
Yellowstone,FARMLAND RESERVE INC,FARMLAND RESERVE INC,PO BOX 3688,,,SALT LAKE CITY,UT,Vacant Land,278.799,3
Yellowstone,FARMLAND RESERVE INC,FARMLAND RESERVE INC,PO BOX 3688,,,SALT LAKE CITY,UT,Vacant Land,200.98,3
Yellowstone,FARMLAND RESERVE INC,FARMLAND RESERVE INC,PO BOX 3688,,,SALT LAKE CITY,UT,Vacant Land,225.469,3
Yellowstone,FARMLAND RESERVE INC,FARMLAND RESERVE INC,PO BOX 3688,,,SALT LAKE CITY,UT,Vacant Land,160.0,3
Yellowstone,FARMLAND RESERVE INC,FARMLAND RESERVE INC,PO BOX 3688,,,SALT LAKE CITY,UT,Vacant Land,235.682,3
Yellowstone,FARMLAND RESERVE INC,FARMLAND RESERVE INC,PO BOX 3688,,,SALT LAKE CITY,UT,Vacant Land,640.0,3
Yellowstone,FARMLAND RESERVE INC,FARMLAND RESERVE INC,PO BOX 3688,,,SALT LAKE CITY,UT,Vacant Land,640.0,3
Yellowstone,FARMLAND RESERVE INC,FARMLAND RESERVE INC,PO BOX 3688,,,SALT LAKE CITY,UT,Vacant Land,213.503,3
Yellowstone,FARMLAND RESERVE INC,FARMLAND RESERVE INC,PO BOX 3688,,,SALT LAKE CITY,UT,Vacant Land,160.0,3
Yellowstone,FARMLAND RESERVE INC,FARMLAND RESERVE INC,PO BOX 3688,,,SALT LAKE CITY,UT,Vacant Land,232.012,3
Yellowstone,FARMLAND RESERVE INC,FARMLAND RESERVE INC,PO BOX 3688,,,SALT LAKE CITY,UT,Improved Property,320.0,3
Yellowstone,FARMLAND RESERVE INC,FARMLAND RESERVE INC,PO BOX 3688,,,SALT LAKE CITY,UT,Vacant Land,175.814,3
Yellowstone,FARMLAND RESERVE INC,FARMLAND RESERVE INC,PO BOX 3688,,,SALT LAKE CITY,UT,Vacant Land,62.44,3
Yellowstone,FARMLAND RESERVE INC,FARMLAND RESERVE INC,PO BOX 3688,,,SALT LAKE CITY,UT,Vacant Land,640.0,3
Yellowstone,FARMLAND RESERVE INC,FARMLAND RESERVE INC,PO BOX 3688,,,SALT LAKE CITY,UT,Vacant Land,650.28,3
Yellowstone,FARMLAND RESERVE INC,FARMLAND RESERVE INC,PO BOX 3688,,,SALT LAKE CITY,UT,Vacant Land,355.68,3
Yellowstone,FARMLAND RESERVE INC,FARMLAND RESERVE INC,PO BOX 3688,,,SALT LAKE CITY,UT,Vacant Land,80.0,3
Yellowstone,FARMLAND RESERVE INC,FARMLAND RESERVE INC,PO BOX 3688,,,SALT LAKE CITY,UT,Vacant Land,232.482,3
Yellowstone,FARMLAND RESERVE INC,FARMLAND RESERVE INC,PO BOX 3688,,,SALT LAKE CITY,UT,Vacant Land,228.293,3
Yellowstone,FARMLAND RESERVE INC,FARMLAND RESERVE INC,PO BOX 3688,,,SALT LAKE CITY,UT,Vacant Land,166.256,3
Yellowstone,FARMLAND RESERVE INC,FARMLAND RESERVE INC,PO BOX 3688,,,SALT LAKE CITY,UT,Vacant Land,259.44,3
Yellowstone,FARMLAND RESERVE INC,FARMLAND RESERVE INC,PO BOX 3688,,,SALT LAKE CITY,UT,Vacant Land,256.691,3
Yellowstone,FARMLAND RESERVE INC,FARMLAND RESERVE INC,PO BOX 3688,,,SALT LAKE CITY,UT,Vacant Land,17.706,3
Yellowstone,FARMLAND RESERVE INC,FARMLAND RESERVE INC,PO BOX 3688,,,SALT LAKE CITY,UT,Vacant Land,160.0,3
Yellowstone,FARMLAND RESERVE INC,FARMLAND RESERVE INC,PO BOX 3688,,,SALT LAKE CITY,UT,Vacant Land,160.0,3
Yellowstone,FARMLAND RESERVE INC,FARMLAND RESERVE INC,PO BOX 3688,,,SALT LAKE CITY,UT,Vacant Land,640.0,3
Yellowstone,FARMLAND RESERVE INC,FARMLAND RESERVE INC,PO BOX 3688,,,SALT LAKE CITY,UT,Vacant Land,640.0,3
Yellowstone,FARMLAND RESERVE INC,FARMLAND RESERVE INC,PO BOX 3688,,,SALT LAKE CITY,UT,Vacant Land,379.974,3
Yellowstone,FARMLAND RESERVE INC,FARMLAND RESERVE INC,PO BOX 3688,,,SALT LAKE CITY,UT,Vacant Land,260.439,3
Yellowstone,FARMLAND RESERVE INC,FARMLAND RESERVE INC,PO BOX 3688,,,SALT LAKE CITY,UT,Vacant Land,641.0,3
Yellowstone,FARMLAND RESERVE INC,FARMLAND RESERVE INC,PO BOX 3688,,,SALT LAKE CITY,UT,Vacant Land,642.4,3
Yellowstone,FARMLAND RESERVE INC,FARMLAND RESERVE INC,PO BOX 3688,,,SALT LAKE CITY,UT,Vacant Land,642.32,3
Yellowstone,FARMLAND RESERVE INC,FARMLAND RESERVE INC,PO BOX 3688,,,SALT LAKE CITY,UT,Vacant Land,641.8,3
Yellowstone,FARMLAND RESERVE INC,FARMLAND RESERVE INC,PO BOX 3688,,,SALT LAKE CITY,UT,Vacant Land,640.0,3
Yellowstone,FARMLAND RESERVE INC,FARMLAND RESERVE INC,PO BOX 3688,,,SALT LAKE CITY,UT,Vacant Land,638.77,3
Yellowstone,FARMLAND RESERVE INC,FARMLAND RESERVE INC,PO BOX 3688,,,SALT LAKE CITY,UT,Vacant Land,159.06,3
Yellowstone,FARMLAND RESERVE INC,FARMLAND RESERVE INC,PO BOX 3688,,,SALT LAKE CITY,UT,Vacant Land,159.62,3
Yellowstone,FARMLAND RESERVE INC,FARMLAND RESERVE INC,PO BOX 3688,,,SALT LAKE CITY,UT,Vacant Land,313.76,3
Yellowstone,FARMLAND RESERVE INC,FARMLAND RESERVE INC,PO BOX 3688,,,SALT LAKE CITY,UT,Vacant Land,635.16,3
Yellowstone,FARMLAND RESERVE INC,FARMLAND RESERVE INC,PO BOX 3688,,,SALT LAKE CITY,UT,Vacant Land,320.0,3
Yellowstone,FARMLAND RESERVE INC,FARMLAND RESERVE INC,PO BOX 3688,,,SALT LAKE CITY,UT,Vacant Land,160.0,3
Yellowstone,FARMLAND RESERVE INC,FARMLAND RESERVE INC,PO BOX 3688,,,SALT LAKE CITY,UT,Vacant Land,315.85,3
Yellowstone,FARMLAND RESERVE INC,FARMLAND RESERVE INC,PO BOX 3688,,,SALT LAKE CITY,UT,Vacant Land,636.44,3
Yellowstone,FARMLAND RESERVE INC,FARMLAND RESERVE INC,PO BOX 3688,,,SALT LAKE CITY,UT,Vacant Land,638.16,3
Yellowstone,FARMLAND RESERVE INC,FARMLAND RESERVE INC,PO BOX 3688,,,SALT LAKE CITY,UT,Vacant Land,529.275,3
Yellowstone,FARMLAND RESERVE INC,FARMLAND RESERVE INC,PO BOX 3688,,,SALT LAKE CITY,UT,Vacant Land,110.325,3
Yellowstone,FARMLAND RESERVE INC,FARMLAND RESERVE INC,PO BOX 3688,,,SALT LAKE CITY,UT,Vacant Land,631.03,3
Yellowstone,FARMLAND RESERVE INC,FARMLAND RESERVE INC,PO BOX 3688,,,SALT LAKE CITY,UT,Vacant Land,317.05,3
Yellowstone,FARMLAND RESERVE INC,FARMLAND RESERVE INC,PO BOX 3688,,,SALT LAKE CITY,UT,Vacant Land,160.0,3
Yellowstone,GREAT NORTHERN PROPERTIES,GREAT NORTHERN PROPERTIES LIMITED PARTNERSHIP,PO BOX 1745,,,MILES CITY,MT,Vacant Land,638.24,10
Yellowstone,GREAT NORTHERN PROPERTIES,GREAT NORTHERN PROPERTIES LIMITED PARTNERSHIP,PO BOX 1745,,,MILES CITY,MT,Improved Property,640.0,10
Yellowstone,GREAT NORTHERN PROPERTIES,GREAT NORTHERN PROPERTIES LIMITED PARTNERSHIP,PO BOX 1745,,,MILES CITY,MT,Vacant Land,640.0,10
Yellowstone,KROENKE GROUP,PV RANCH COMPANY LLC,PO BOX 11350,,,BOZEMAN,MT,Vacant Land,640.0,2
Yellowstone,KROENKE GROUP,PV RANCH COMPANY LLC,PO BOX 11350,,,BOZEMAN,MT,Vacant Land,320.0,2
Yellowstone,KROENKE GROUP,PV RANCH COMPANY LLC,PO BOX 11350,,,BOZEMAN,MT,Vacant Land,320.0,2
Yellowstone,KROENKE GROUP,PV RANCH COMPANY LLC,PO BOX 11350,,,BOZEMAN,MT,Vacant Land,640.0,2
Yellowstone,KROENKE GROUP,PV RANCH COMPANY LLC,PO BOX 11350,,,BOZEMAN,MT,Vacant Land,642.24,2
Yellowstone,FARMLAND RESERVE INC,FARMLAND RESERVE INC,PO BOX 3688,,,SALT LAKE CITY,UT,Vacant Land,643.68,3
Yellowstone,FARMLAND RESERVE INC,FARMLAND RESERVE INC,PO BOX 3688,,,SALT LAKE CITY,UT,Vacant Land,560.0,3
Yellowstone,FARMLAND RESERVE INC,FARMLAND RESERVE INC,PO BOX 3688,,,SALT LAKE CITY,UT,Vacant Land,640.0,3
Yellowstone,FARMLAND RESERVE INC,FARMLAND RESERVE INC,PO BOX 3688,,,SALT LAKE CITY,UT,Vacant Land,640.0,3
Yellowstone,KROENKE GROUP,FORT PEASE COMMUNITY PASTURE INC,PO BOX 11350,,,BOZEMAN,MT,Vacant Land,640.0,2
Yellowstone,FARMLAND RESERVE INC,FARMLAND RESERVE INC,PO BOX 3688,,,SALT LAKE CITY,UT,Vacant Land,640.0,3
Yellowstone,FARMLAND RESERVE INC,FARMLAND RESERVE INC,PO BOX 3688,,,SALT LAKE CITY,UT,Improved Property,319.97,3
Yellowstone,FARMLAND RESERVE INC,FARMLAND RESERVE INC,PO BOX 3688,,,SALT LAKE CITY,UT,Vacant Land,316.15,3
Yellowstone,FARMLAND RESERVE INC,FARMLAND RESERVE INC,PO BOX 3688,,,SALT LAKE CITY,UT,Vacant Land,636.08,3
Yellowstone,FARMLAND RESERVE INC,FARMLAND RESERVE INC,PO BOX 3688,,,SALT LAKE CITY,UT,Vacant Land,640.0,3
Yellowstone,FARMLAND RESERVE INC,FARMLAND RESERVE INC,PO BOX 3688,,,SALT LAKE CITY,UT,Vacant Land,640.0,3
Yellowstone,KROENKE GROUP,FORT PEASE COMMUNITY PASTURE INC,PO BOX 11350,,,BOZEMAN,MT,Vacant Land,640.0,2
Yellowstone,KROENKE GROUP,"FORT PEASE COMMUNITY PASTURE, INC",PO BOX 11350,,,BOZEMAN,MT,Vacant Land,640.0,2
Yellowstone,FARMLAND RESERVE INC,FARMLAND RESERVE INC,PO BOX 3688,,,SALT LAKE CITY,UT,Vacant Land,640.0,3
Yellowstone,FARMLAND RESERVE INC,FARMLAND RESERVE INC,PO BOX 3688,,,SALT LAKE CITY,UT,Vacant Land,320.0,3
Yellowstone,FARMLAND RESERVE INC,FARMLAND RESERVE INC,PO BOX 3688,,,SALT LAKE CITY,UT,Vacant Land,320.0,3
Yellowstone,FARMLAND RESERVE INC,FARMLAND RESERVE INC,PO BOX 3688,,,SALT LAKE CITY,UT,Vacant Land,640.0,3
Yellowstone,FARMLAND RESERVE INC,FARMLAND RESERVE INC,PO BOX 3688,,,SALT LAKE CITY,UT,Vacant Land,320.0,3
Yellowstone,FARMLAND RESERVE INC,FARMLAND RESERVE INC,PO BOX 3688,,,SALT LAKE CITY,UT,Vacant Land,320.0,3
Yellowstone,FARMLAND RESERVE INC,FARMLAND RESERVE INC,PO BOX 3688,,,SALT LAKE CITY,UT,Vacant Land,640.0,3
Yellowstone,FARMLAND RESERVE INC,FARMLAND RESERVE INC,PO BOX 3688,,,SALT LAKE CITY,UT,Improved Property,320.0,3
Yellowstone,FARMLAND RESERVE INC,FARMLAND RESERVE INC,PO BOX 3688,,,SALT LAKE CITY,UT,Vacant Land,320.0,3
Yellowstone,FARMLAND RESERVE INC,FARMLAND RESERVE INC,PO BOX 3688,,,SALT LAKE CITY,UT,Vacant Land,640.0,3
Yellowstone,KROENKE GROUP,PV RANCH COMPANY LLC,PO BOX 11350,,,BOZEMAN,MT,Vacant Land,641.0,2
Yellowstone,KROENKE GROUP,PV RANCH COMPANY LLC,PO BOX 11350,,,BOZEMAN,MT,Vacant Land,321.35,2
Yellowstone,KROENKE GROUP,PV RANCH COMPANY LLC,PO BOX 11350,,,BOZEMAN,MT,Vacant Land,640.0,2
Yellowstone,KROENKE GROUP,PV RANCH COMPANY LLC,PO BOX 11350,,,BOZEMAN,MT,Vacant Land,636.04,2
Yellowstone,KROENKE GROUP,PV RANCH COMPANY LLC,PO BOX 11350,,,BOZEMAN,MT,Vacant Land,636.48,2
Yellowstone,KROENKE GROUP,PV RANCH COMPANY LLC,PO BOX 11350,,,BOZEMAN,MT,Vacant Land,640.0,2
Yellowstone,KROENKE GROUP,PV RANCH COMPANY LLC,PO BOX 11350,,,BOZEMAN,MT,Vacant Land,640.0,2
Yellowstone,KROENKE GROUP,PV RANCH COMPANY LLC,PO BOX 11350,,,BOZEMAN,MT,Vacant Land,636.84,2
Yellowstone,KROENKE GROUP,PV RANCH COMPANY LLC,PO BOX 11350,,,BOZEMAN,MT,Vacant Land,636.96,2
Yellowstone,KROENKE GROUP,PV RANCH COMPANY LLC,PO BOX 11350,,,BOZEMAN,MT,Vacant Land,640.0,2
Yellowstone,KROENKE GROUP,PV RANCH COMPANY LLC,PO BOX 11350,,,BOZEMAN,MT,Vacant Land,640.0,2
Yellowstone,KROENKE GROUP,PV RANCH COMPANY LLC,PO BOX 11350,,,BOZEMAN,MT,Vacant Land,640.0,2
Yellowstone,KROENKE GROUP,PV RANCH COMPANY LLC,PO BOX 11350,,,BOZEMAN,MT,Vacant Land,640.0,2
Yellowstone,KROENKE GROUP,PV RANCH COMPANY LLC,PO BOX 11350,,,BOZEMAN,MT,Vacant Land,320.0,2
Yellowstone,KROENKE GROUP,PV RANCH COMPANY LLC,PO BOX 11350,,,BOZEMAN,MT,Vacant Land,640.0,2
Cascade,NATURE CONSERVANCY,NATURE CONSERVANCY,32 S EWING ST FL 2,,,HELENA,MT,Vacant Land,376.6,8
Cascade,KROENKE GROUP,BROKEN O LAND & LIVESTOCK LLC,PO BOX 11350,,,BOZEMAN,MT,Vacant Land,557.03,2
Cascade,KROENKE GROUP,BROKEN O LAND & LIVESTOCK LLC,PO BOX 11350,,,BOZEMAN,MT,Vacant Land,319.92,2
Cascade,KROENKE GROUP,BROKEN O LAND & LIVESTOCK LLC,PO BOX 11350,,,BOZEMAN,MT,Vacant Land,506.26,2
Cascade,KROENKE GROUP,BROKEN O LAND & LIVESTOCK LLC,PO BOX 11350,,,BOZEMAN,MT,Vacant Land,514.94,2
Cascade,KROENKE GROUP,BROKEN O LAND & LIVESTOCK LLC,PO BOX 11350,,,BOZEMAN,MT,Vacant Land,0.07,2
Cascade,KROENKE GROUP,BROKEN O LAND & LIVESTOCK LLC,PO BOX 11350,,,BOZEMAN,MT,Improved Property,226.61,2
Cascade,KROENKE GROUP,BROKEN O LAND & LIVESTOCK LLC,PO BOX 11350,,,BOZEMAN,MT,Vacant Land,35.0,2
Cascade,KROENKE GROUP,BROKEN O LAND & LIVESTOCK LLC,PO BOX 11350,,,BOZEMAN,MT,Vacant Land,213.45,2
Cascade,KROENKE GROUP,BROKEN O LAND & LIVESTOCK LLC,PO BOX 11350,,,BOZEMAN,MT,Vacant Land,540.2,2
Cascade,KROENKE GROUP,BROKEN O LAND & LIVESTOCK LLC,PO BOX 11350,,,BOZEMAN,MT,Vacant Land,191.58,2
Cascade,KROENKE GROUP,BROKEN O LAND & LIVESTOCK LLC,PO BOX 11350,,,BOZEMAN,MT,Vacant Land,530.81,2
Cascade,KROENKE GROUP,BROKEN O LAND & LIVESTOCK LLC,PO BOX 11350,,,BOZEMAN,MT,Vacant Land,531.18,2
Cascade,KROENKE GROUP,BROKEN O LAND & LIVESTOCK LLC,PO BOX 11350,,,BOZEMAN,MT,Vacant Land,480.0,2
Cascade,KROENKE GROUP,BROKEN O LAND & LIVESTOCK LLC,PO BOX 11350,,,BOZEMAN,MT,Vacant Land,160.0,2
Cascade,KROENKE GROUP,BROKEN O LAND & LIVESTOCK LLC,PO BOX 11350,,,BOZEMAN,MT,Vacant Land,160.0,2
Cascade,KROENKE GROUP,BROKEN O LAND & LIVESTOCK LLC,PO BOX 11350,,,BOZEMAN,MT,Vacant Land,320.0,2
Cascade,KROENKE GROUP,BROKEN O LAND & LIVESTOCK LLC,PO BOX 11350,,,BOZEMAN,MT,Vacant Land,80.0,2
Cascade,KROENKE GROUP,BROKEN O LAND & LIVESTOCK LLC,PO BOX 11350,,,BOZEMAN,MT,Vacant Land,171.25,2
Cascade,KROENKE GROUP,BROKEN O LAND & LIVESTOCK LLC,PO BOX 11350,,,BOZEMAN,MT,Vacant Land,159.0,2
Cascade,KROENKE GROUP,BROKEN O LAND & LIVESTOCK LLC,PO BOX 11350,,,BOZEMAN,MT,Vacant Land,361.36,2
Cascade,KROENKE GROUP,BROKEN O LAND & LIVESTOCK LLC,PO BOX 11350,,,BOZEMAN,MT,Vacant Land,636.37,2
Cascade,KROENKE GROUP,BROKEN O LAND & LIVESTOCK LLC,PO BOX 11350,,,BOZEMAN,MT,Vacant Land,587.15,2
Cascade,KROENKE GROUP,BROKEN O LAND & LIVESTOCK LLC,PO BOX 11350,,,BOZEMAN,MT,Vacant Land,120.0,2
